datetime,session,thr_used,prob_cal,trade,direction,setup_grade,score,primary_score,total_confluence,hour,dow,atr
2024-01-02 10:00:00,London,0.7,0.6978785968370901,0,LONG,A+,1.0,1.0,5.0,10.0,1.0,3.8155714285714697
2024-01-02 13:00:00,London,0.7,0.7021896005259017,1,LONG,A+,1.0,1.0,4.0,13.0,1.0,4.474571428571478
2024-01-05 16:00:00,London,0.7,0.6899117780208445,0,SHORT,A+,1.0,1.0,4.0,16.0,4.0,6.395785714285727
2024-01-05 18:00:00,NY,0.7,0.6211232105875587,0,SHORT,A,1.0,1.0,3.0,18.0,4.0,7.074642857142878
2024-01-08 01:00:00,Off,0.7,0.6410901927627851,0,SHORT,B,1.0,1.0,2.0,1.0,0.0,6.885071428571417
2024-01-08 04:00:00,Off,0.7,0.6516818517012447,0,SHORT,B,1.0,1.0,2.0,4.0,0.0,5.99292857142856
2024-01-08 10:00:00,London,0.7,0.6841047850250921,0,SHORT,B,1.0,1.0,2.0,10.0,0.0,3.894785714285717
2024-01-09 14:00:00,London,0.7,0.6639718180668278,0,SHORT,A+,1.0,1.0,5.0,14.0,1.0,4.33764285714288
2024-01-09 15:00:00,London,0.7,0.6916340054888771,0,SHORT,A+,1.0,1.0,5.0,15.0,1.0,4.510285714285715
2024-01-10 13:00:00,London,0.7,0.722328130623331,1,SHORT,A+,1.0,1.0,4.0,13.0,2.0,3.946071428571437
2024-01-10 15:00:00,London,0.7,0.7194397523679702,1,SHORT,A+,1.0,1.0,4.0,15.0,2.0,4.3362857142857205
2024-01-10 16:00:00,London,0.7,0.6974069654506213,0,SHORT,A+,1.0,1.0,4.0,16.0,2.0,4.431571428571423
2024-01-10 17:00:00,NY,0.7,0.6606181417933409,0,SHORT,A+,1.0,1.0,4.0,17.0,2.0,4.558928571428559
2024-01-10 18:00:00,NY,0.7,0.655447621102574,0,SHORT,A+,1.0,1.0,4.0,18.0,2.0,4.623357142857133
2024-01-11 14:00:00,London,0.7,0.708949221758228,1,SHORT,A+,1.0,1.0,4.0,14.0,3.0,4.741428571428595
2024-01-11 15:00:00,London,0.7,0.6877116102522712,0,SHORT,A+,1.0,1.0,4.0,15.0,3.0,5.063642857142895
2024-01-12 17:00:00,NY,0.7,0.6416355290165129,0,LONG,A+,1.0,1.0,4.0,17.0,4.0,5.909928571428574
2024-01-12 19:00:00,NY,0.7,0.6223530391804107,0,LONG,B,1.0,1.0,2.0,19.0,4.0,6.131642857142879
2024-01-12 20:00:00,NY,0.7,0.6315358904675676,0,LONG,B,1.0,1.0,2.0,20.0,4.0,6.116142857142871
2024-01-15 00:00:00,Off,0.7,0.6022146564598598,0,LONG,A,1.0,1.0,3.0,0.0,0.0,5.937500000000033
2024-01-15 05:00:00,Off,0.7,0.6421172930931318,0,LONG,A,1.0,1.0,3.0,5.0,0.0,4.397857142857155
2024-01-15 06:00:00,Off,0.7,0.6482375870421575,0,LONG,A+,1.0,1.0,4.0,6.0,0.0,3.95985714285715
2024-01-15 07:00:00,London,0.7,0.6341010309864418,0,LONG,A+,1.0,1.0,4.0,7.0,0.0,3.658285714285707
2024-01-15 08:00:00,London,0.7,0.6040757640813815,0,LONG,A+,1.0,1.0,4.0,8.0,0.0,3.4925714285714093
2024-01-15 11:00:00,London,0.7,0.6773838109252621,0,LONG,B,1.0,1.0,2.0,11.0,0.0,3.425785714285699
2024-01-15 12:00:00,London,0.7,0.6853692834135394,0,LONG,B,1.0,1.0,2.0,12.0,0.0,3.425357142857105
2024-01-15 14:00:00,London,0.7,0.6907369214683501,0,LONG,B,1.0,1.0,2.0,14.0,0.0,3.398499999999948
2024-01-15 17:00:00,NY,0.7,0.6600545159241981,0,LONG,B,1.0,1.0,2.0,17.0,0.0,3.123785714285662
2024-01-16 01:00:00,Off,0.7,0.6550836592099561,0,LONG,A+,1.0,1.0,6.0,1.0,1.0,2.6684285714284863
2024-01-16 02:00:00,Off,0.7,0.5929918350832213,0,LONG,A+,1.0,1.0,6.0,2.0,1.0,2.498714285714186
2024-01-16 03:00:00,Off,0.7,0.5975301756924579,0,LONG,A+,1.0,1.0,6.0,3.0,1.0,2.506928571428489
2024-01-16 05:00:00,Off,0.7,0.6139643857314304,0,LONG,A+,1.0,1.0,6.0,5.0,1.0,2.390499999999958
2024-01-16 06:00:00,Off,0.7,0.6505642036317713,0,LONG,A+,1.0,1.0,6.0,6.0,1.0,2.459857142857101
2024-01-16 07:00:00,London,0.7,0.6212658827901529,0,LONG,A+,1.0,1.0,6.0,7.0,1.0,2.461857142857119
2024-01-16 08:00:00,London,0.7,0.6411792411590727,0,LONG,A+,1.0,1.0,5.0,8.0,1.0,2.700357142857132
2024-01-16 09:00:00,London,0.7,0.6388565705863317,0,LONG,A+,1.0,1.0,4.0,9.0,1.0,2.948285714285703
2024-01-16 11:00:00,London,0.7,0.6256773442653434,0,LONG,A+,1.0,1.0,4.0,11.0,1.0,3.11128571428573
2024-01-16 12:00:00,London,0.7,0.6626783595859969,0,LONG,A+,1.0,1.0,4.0,12.0,1.0,3.38107142857148
2024-01-16 13:00:00,London,0.7,0.7185205801773281,1,LONG,A+,1.0,1.0,4.0,13.0,1.0,4.21278571428575
2024-01-16 17:00:00,NY,0.7,0.6277910372624245,0,SHORT,A,1.0,1.0,3.0,17.0,1.0,5.369428571428638
2024-01-19 14:00:00,London,0.7,0.7154894212000728,1,SHORT,A+,1.0,1.0,5.0,14.0,4.0,3.814000000000013
2024-01-19 15:00:00,London,0.7,0.7114466398473114,1,SHORT,A+,1.0,1.0,5.0,15.0,4.0,4.211928571428595
2024-01-19 17:00:00,NY,0.7,0.6811368267203749,0,SHORT,A+,1.0,1.0,5.0,17.0,4.0,4.656857142857153
2024-01-22 00:00:00,Off,0.7,0.6299825657391883,0,LONG,A,1.0,1.0,3.0,0.0,0.0,4.282214285714271
2024-01-22 01:00:00,Off,0.7,0.6118592304774263,0,LONG,A+,1.0,1.0,4.0,1.0,0.0,4.375714285714285
2024-01-22 03:00:00,Off,0.7,0.6604438790879452,0,LONG,A,1.0,1.0,3.0,3.0,0.0,4.291071428571415
2024-01-22 04:00:00,Off,0.7,0.6814841988115848,0,LONG,A,1.0,1.0,3.0,4.0,0.0,3.998285714285706
2024-01-22 05:00:00,Off,0.7,0.667000729711635,0,LONG,A+,1.0,1.0,5.0,5.0,0.0,3.594999999999995
2024-01-22 06:00:00,Off,0.7,0.6315286516287544,0,LONG,A+,1.0,1.0,5.0,6.0,0.0,3.266999999999988
2024-01-23 09:00:00,London,0.7,0.7003430992202815,1,LONG,A+,1.0,1.0,4.0,9.0,1.0,3.792999999999974
2024-01-23 13:00:00,London,0.7,0.6854517300644727,0,LONG,A,1.0,1.0,3.0,13.0,1.0,4.585285714285695
2024-01-23 14:00:00,London,0.7,0.6604420377988653,0,LONG,A+,1.0,1.0,4.0,14.0,1.0,4.743214285714251
2024-01-23 15:00:00,London,0.7,0.7242145947973481,1,SHORT,A+,1.0,1.0,4.0,15.0,1.0,4.778142857142825
2024-01-23 16:00:00,London,0.7,0.6960186209598074,0,SHORT,A+,1.0,1.0,4.0,16.0,1.0,4.859071428571399
2024-01-23 17:00:00,NY,0.7,0.6689615176823267,0,SHORT,B,1.0,1.0,2.0,17.0,1.0,4.664785714285683
2024-01-23 19:00:00,NY,0.7,0.6713977643534011,0,LONG,B,1.0,1.0,2.0,19.0,1.0,4.8785714285714095
2024-01-23 23:00:00,Off,0.7,0.7136506407902882,0,LONG,B,1.0,1.0,2.0,23.0,1.0,3.799857142857133
2024-01-24 00:00:00,Off,0.7,0.6561070353026919,0,LONG,A,1.0,1.0,3.0,0.0,2.0,3.716285714285716
2024-01-24 01:00:00,Off,0.7,0.696562269543305,0,LONG,A+,1.0,1.0,4.0,1.0,2.0,3.6129285714285646
2024-01-24 02:00:00,Off,0.7,0.6394769146588302,0,LONG,A,1.0,1.0,3.0,2.0,2.0,3.60564285714286
2024-01-24 07:00:00,London,0.7,0.7024819156322012,1,LONG,A+,1.0,1.0,5.0,7.0,2.0,3.093928571428592
2024-01-24 08:00:00,London,0.7,0.70419871483632,1,LONG,A+,1.0,1.0,5.0,8.0,2.0,3.136785714285728
2024-01-24 09:00:00,London,0.7,0.6863878058399822,0,LONG,A+,1.0,1.0,4.0,9.0,2.0,3.242857142857149
2024-01-24 10:00:00,London,0.7,0.6135988548348839,0,LONG,A,1.0,1.0,3.0,10.0,2.0,3.0797142857142847
2024-01-24 11:00:00,London,0.7,0.6784831704603539,0,LONG,A+,1.0,1.0,4.0,11.0,2.0,3.171785714285712
2024-01-24 12:00:00,London,0.7,0.6668744544760958,0,LONG,A+,1.0,1.0,4.0,12.0,2.0,3.262285714285716
2024-01-24 15:00:00,London,0.7,0.6418073659317911,0,LONG,A+,1.0,1.0,4.0,15.0,2.0,4.696285714285717
2024-01-24 16:00:00,London,0.7,0.6929816885074404,0,LONG,A+,1.0,1.0,4.0,16.0,2.0,4.757785714285709
2024-01-24 18:00:00,NY,0.7,0.6447283974479643,0,SHORT,A+,1.0,1.0,4.0,18.0,2.0,5.278714285714273
2024-01-26 14:00:00,London,0.7,0.6137218273800396,0,SHORT,A+,1.0,1.0,4.0,14.0,4.0,3.3388571428571203
2024-01-29 01:00:00,Off,0.7,0.6951741440485705,0,SHORT,A+,1.0,1.0,5.0,1.0,0.0,4.082642857142868
2024-01-29 05:00:00,Off,0.7,0.670090640861579,0,LONG,A+,1.0,1.0,4.0,5.0,0.0,3.274785714285713
2024-01-29 09:00:00,London,0.7,0.6541048007600013,0,LONG,A,1.0,1.0,3.0,9.0,0.0,3.53492857142859
2024-01-29 11:00:00,London,0.7,0.6879241297156025,0,LONG,A,1.0,1.0,3.0,11.0,0.0,3.634428571428592
2024-01-29 12:00:00,London,0.7,0.6934533583603174,0,LONG,A,1.0,1.0,3.0,12.0,0.0,3.709000000000011
2024-01-29 15:00:00,London,0.7,0.6003831281196376,0,LONG,A+,1.0,1.0,4.0,15.0,0.0,4.703571428571438
2024-01-29 20:00:00,NY,0.7,0.6609697035595209,0,LONG,A+,1.0,1.0,4.0,20.0,0.0,5.400714285714295
2024-01-30 00:00:00,Off,0.7,0.6137010197253853,0,LONG,A,1.0,1.0,3.0,0.0,1.0,5.219928571428552
2024-01-30 03:00:00,Off,0.7,0.6638322503698005,0,LONG,A,1.0,1.0,3.0,3.0,1.0,5.160357142857118
2024-01-30 04:00:00,Off,0.7,0.6517624196626852,0,LONG,A,1.0,1.0,3.0,4.0,1.0,4.589571428571405
2024-01-30 05:00:00,Off,0.7,0.6850299538511776,0,LONG,A+,1.0,1.0,4.0,5.0,1.0,3.605714285714271
2024-01-30 08:00:00,London,0.7,0.6424295837296551,0,LONG,A+,1.0,1.0,5.0,8.0,1.0,3.498928571428548
2024-01-30 09:00:00,London,0.7,0.616024510273719,0,LONG,A+,1.0,1.0,4.0,9.0,1.0,3.422785714285689
2024-01-30 10:00:00,London,0.7,0.681182319916719,0,LONG,A+,1.0,1.0,4.0,10.0,1.0,3.385999999999951
2024-01-30 12:00:00,London,0.7,0.7078874931734698,1,LONG,A+,1.0,1.0,5.0,12.0,1.0,3.2220714285713905
2024-01-30 13:00:00,London,0.7,0.6461160333041576,0,LONG,A+,1.0,1.0,4.0,13.0,1.0,3.261785714285696
2024-01-30 15:00:00,London,0.7,0.6315699152278669,0,LONG,A+,1.0,1.0,4.0,15.0,1.0,4.960642857142846
2024-01-30 19:00:00,NY,0.7,0.6449369006025008,0,LONG,B,1.0,1.0,2.0,19.0,1.0,5.478857142857139
2024-01-30 20:00:00,NY,0.7,0.6512646510781014,0,LONG,B,1.0,1.0,2.0,20.0,1.0,5.296
2024-01-30 21:00:00,NY,0.7,0.6998335748254321,0,LONG,B,1.0,1.0,2.0,21.0,1.0,4.909714285714277
2024-01-31 00:00:00,Off,0.7,0.635291783509893,0,LONG,A,1.0,1.0,3.0,0.0,2.0,4.797928571428575
2024-01-31 02:00:00,Off,0.7,0.5810398494623652,0,LONG,A,1.0,1.0,3.0,2.0,2.0,4.609285714285728
2024-01-31 05:00:00,Off,0.7,0.6998565454238926,0,LONG,A+,1.0,1.0,4.0,5.0,2.0,3.6020714285714512
2024-01-31 06:00:00,Off,0.7,0.7030112360713254,0,LONG,A+,1.0,1.0,4.0,6.0,2.0,2.3817142857143057
2024-01-31 07:00:00,London,0.7,0.654877628141951,0,LONG,A+,1.0,1.0,4.0,7.0,2.0,2.40171428571432
2024-01-31 11:00:00,London,0.7,0.623913966482228,0,LONG,A,1.0,1.0,3.0,11.0,2.0,2.303500000000018
2024-01-31 16:00:00,London,0.7,0.7156063673326011,1,LONG,A+,1.0,1.0,6.0,16.0,2.0,4.139000000000043
2024-01-31 19:00:00,NY,0.7,0.6351074231951941,0,LONG,A+,1.0,1.0,5.0,19.0,2.0,5.040142857142882
2024-02-01 19:00:00,NY,0.7,0.6512288400848407,0,LONG,B,1.0,1.0,2.0,19.0,3.0,7.267500000000057
2024-02-01 20:00:00,NY,0.7,0.6149240108384095,0,LONG,B,1.0,1.0,2.0,20.0,3.0,7.250714285714333
2024-02-01 21:00:00,NY,0.7,0.6661456319265415,0,LONG,B,1.0,1.0,2.0,21.0,3.0,7.155500000000059
2024-02-01 23:00:00,Off,0.7,0.6764715927497806,0,LONG,B,1.0,1.0,2.0,23.0,3.0,7.009714285714332
2024-02-02 00:00:00,Off,0.7,0.7105152442491182,0,LONG,A,1.0,1.0,3.0,0.0,4.0,7.004142857142889
2024-02-02 01:00:00,Off,0.7,0.6600890014671994,0,LONG,A,1.0,1.0,3.0,1.0,4.0,6.4935714285714665
2024-02-02 02:00:00,Off,0.7,0.6180417747673398,0,LONG,A,1.0,1.0,3.0,2.0,4.0,6.421571428571464
2024-02-02 07:00:00,London,0.7,0.6735929073590611,0,LONG,A+,1.0,1.0,4.0,7.0,4.0,3.3548571428571643
2024-02-02 08:00:00,London,0.7,0.6565058437624707,0,LONG,A+,1.0,1.0,4.0,8.0,4.0,2.788000000000044
2024-02-02 10:00:00,London,0.7,0.6442445212654677,0,LONG,A,1.0,1.0,3.0,10.0,4.0,2.3901428571428887
2024-02-06 19:00:00,NY,0.7,0.6600616360108719,0,SHORT,B,1.0,1.0,2.0,19.0,1.0,4.1936428571428905
2024-02-06 20:00:00,NY,0.7,0.6909677280944108,0,SHORT,B,1.0,1.0,2.0,20.0,1.0,4.0729285714286005
2024-02-06 21:00:00,NY,0.7,0.7089121543210258,1,SHORT,B,1.0,1.0,2.0,21.0,1.0,3.9573571428571768
2024-02-06 23:00:00,Off,0.7,0.7078861668645994,0,SHORT,B,1.0,1.0,2.0,23.0,1.0,3.8476428571429033
2024-02-07 00:00:00,Off,0.7,0.6798061460062987,0,SHORT,A,1.0,1.0,3.0,0.0,2.0,3.789000000000036
2024-02-07 01:00:00,Off,0.7,0.6510870309194032,0,SHORT,A,1.0,1.0,3.0,1.0,2.0,3.690928571428604
2024-02-07 02:00:00,Off,0.7,0.6273639440403082,0,SHORT,A,1.0,1.0,3.0,2.0,2.0,3.469428571428596
2024-02-07 03:00:00,Off,0.7,0.6701724384368187,0,SHORT,A,1.0,1.0,3.0,3.0,2.0,3.3217857142857383
2024-02-07 05:00:00,Off,0.7,0.6989808608505446,0,SHORT,A+,1.0,1.0,4.0,5.0,2.0,2.8037857142857256
2024-02-07 06:00:00,Off,0.7,0.6609434465296008,0,SHORT,A+,1.0,1.0,4.0,6.0,2.0,2.3240714285714312
2024-02-07 07:00:00,London,0.7,0.6164315466473723,0,SHORT,A,1.0,1.0,3.0,7.0,2.0,2.26935714285714
2024-02-07 08:00:00,London,0.7,0.6804320897243549,0,SHORT,A+,1.0,1.0,4.0,8.0,2.0,2.112000000000015
2024-02-07 11:00:00,London,0.7,0.689319875320372,0,SHORT,A,1.0,1.0,3.0,11.0,2.0,2.054000000000006
2024-02-07 12:00:00,London,0.7,0.6835347753382577,0,SHORT,A+,1.0,1.0,5.0,12.0,2.0,2.234785714285717
2024-02-07 16:00:00,London,0.7,0.6929846162434452,0,LONG,A+,1.0,1.0,5.0,16.0,2.0,3.734999999999981
2024-02-07 17:00:00,NY,0.7,0.6621050068520042,0,LONG,A+,1.0,1.0,5.0,17.0,2.0,3.956142857142839
2024-02-07 18:00:00,NY,0.7,0.7286440680965207,1,LONG,A+,1.0,1.0,5.0,18.0,2.0,4.091357142857127
2024-02-07 21:00:00,NY,0.7,0.7016352364069581,1,LONG,B,1.0,1.0,2.0,21.0,2.0,3.901928571428568
2024-02-08 01:00:00,Off,0.7,0.6622914482979755,0,LONG,A+,1.0,1.0,4.0,1.0,3.0,3.635428571428585
2024-02-08 02:00:00,Off,0.7,0.6117819779433369,0,LONG,A+,1.0,1.0,4.0,2.0,3.0,3.628642857142869
2024-02-08 03:00:00,Off,0.7,0.6102753590723917,0,LONG,A,1.0,1.0,3.0,3.0,3.0,3.7051428571428624
2024-02-08 04:00:00,Off,0.7,0.608996620529666,0,LONG,A,1.0,1.0,3.0,4.0,3.0,3.561928571428585
2024-02-08 08:00:00,London,0.7,0.6682653688975946,0,LONG,A+,1.0,1.0,5.0,8.0,3.0,2.470642857142853
2024-02-08 09:00:00,London,0.7,0.6721710747359405,0,LONG,A+,1.0,1.0,5.0,9.0,3.0,2.6852142857142747
2024-02-08 12:00:00,London,0.7,0.6713725079127916,0,SHORT,A+,1.0,1.0,4.0,12.0,3.0,3.649071428571411
2024-02-08 13:00:00,London,0.7,0.6565025886940515,0,SHORT,A+,1.0,1.0,4.0,13.0,3.0,3.924071428571405
2024-02-09 14:00:00,London,0.7,0.651642342124415,0,SHORT,A+,1.0,1.0,4.0,14.0,4.0,3.324357142857155
2024-02-09 15:00:00,London,0.7,0.6112323361632848,0,SHORT,A,1.0,1.0,3.0,15.0,4.0,3.4912142857142987
2024-02-09 17:00:00,NY,0.7,0.6732648055729513,0,SHORT,A+,1.0,1.0,4.0,17.0,4.0,3.793357142857157
2024-02-09 19:00:00,NY,0.7,0.6569289071437167,0,SHORT,B,1.0,1.0,2.0,19.0,4.0,4.007928571428563
2024-02-09 21:00:00,NY,0.7,0.6900078573228166,0,SHORT,B,1.0,1.0,2.0,21.0,4.0,3.999785714285703
2024-02-11 23:00:00,Off,0.7,0.6968871009251769,0,SHORT,B,1.0,1.0,2.0,23.0,6.0,3.919714285714268
2024-02-12 00:00:00,Off,0.7,0.6896269736788117,0,SHORT,A,1.0,1.0,3.0,0.0,0.0,3.817999999999984
2024-02-12 02:00:00,Off,0.7,0.6209585109916557,0,SHORT,B,1.0,1.0,2.0,2.0,0.0,3.862857142857121
2024-02-12 04:00:00,Off,0.7,0.6510540033819797,0,SHORT,B,1.0,1.0,2.0,4.0,0.0,2.973999999999997
2024-02-12 08:00:00,London,0.7,0.5935445336562594,0,SHORT,A+,1.0,1.0,5.0,8.0,0.0,2.20671428571427
2024-02-12 09:00:00,London,0.7,0.5586910398551148,0,SHORT,A+,1.0,1.0,4.0,9.0,0.0,2.207499999999982
2024-02-12 11:00:00,London,0.7,0.5790037281294499,0,SHORT,A+,1.0,1.0,5.0,11.0,0.0,2.095785714285707
2024-02-12 12:00:00,London,0.7,0.5738185966101975,0,SHORT,A+,1.0,1.0,5.0,12.0,0.0,2.1050714285714127
2024-02-12 14:00:00,London,0.7,0.6545144686751736,0,SHORT,A+,1.0,1.0,5.0,14.0,0.0,3.013357142857152
2024-02-12 15:00:00,London,0.7,0.7012732904619122,1,SHORT,A+,1.0,1.0,5.0,15.0,0.0,3.1424285714285816
2024-02-14 20:00:00,NY,0.7,0.5764365020843801,0,SHORT,B,1.0,1.0,2.0,20.0,2.0,4.070642857142892
2024-02-14 21:00:00,NY,0.7,0.640299652509666,0,SHORT,B,1.0,1.0,2.0,21.0,2.0,3.985571428571461
2024-02-14 23:00:00,Off,0.7,0.6757770023115166,0,SHORT,B,1.0,1.0,2.0,23.0,2.0,3.8720714285714655
2024-02-15 02:00:00,Off,0.7,0.6437525242286839,0,SHORT,A,1.0,1.0,3.0,2.0,3.0,3.580214285714289
2024-02-15 03:00:00,Off,0.7,0.6129871584830245,0,SHORT,A,1.0,1.0,3.0,3.0,3.0,3.540571428571428
2024-02-15 07:00:00,London,0.7,0.6902522836940583,0,SHORT,A+,1.0,1.0,4.0,7.0,3.0,2.5006428571428256
2024-02-15 08:00:00,London,0.7,0.7095535710832792,1,SHORT,A+,1.0,1.0,5.0,8.0,3.0,2.3614999999999617
2024-02-15 09:00:00,London,0.7,0.6697385172773318,0,SHORT,A+,1.0,1.0,4.0,9.0,3.0,2.2200714285713894
2024-02-15 12:00:00,London,0.7,0.6687504324635885,0,SHORT,A+,1.0,1.0,6.0,12.0,3.0,2.228999999999961
2024-02-15 13:00:00,London,0.7,0.6381403691019936,0,SHORT,A+,1.0,1.0,5.0,13.0,3.0,2.6334285714285506
2024-02-15 17:00:00,NY,0.7,0.7206125082316699,1,SHORT,A+,1.0,1.0,5.0,17.0,3.0,3.658714285714301
2024-02-15 20:00:00,NY,0.7,0.578542547353571,0,SHORT,A,1.0,1.0,3.0,20.0,3.0,3.794571428571414
2024-02-15 21:00:00,NY,0.7,0.6268262794429094,0,SHORT,B,1.0,1.0,2.0,21.0,3.0,3.672785714285705
2024-02-16 00:00:00,Off,0.7,0.6246187095652331,0,SHORT,A,1.0,1.0,3.0,0.0,4.0,3.469357142857153
2024-02-16 01:00:00,Off,0.7,0.6041707300183045,0,SHORT,A,1.0,1.0,3.0,1.0,4.0,3.5403571428571468
2024-02-16 03:00:00,Off,0.7,0.6721880447025625,0,SHORT,A,1.0,1.0,3.0,3.0,4.0,3.397428571428577
2024-02-16 05:00:00,Off,0.7,0.6407819415828591,0,SHORT,A,1.0,1.0,3.0,5.0,4.0,2.473785714285717
2024-02-16 07:00:00,London,0.7,0.6866637586054399,0,SHORT,A+,1.0,1.0,4.0,7.0,4.0,2.025285714285733
2024-02-16 09:00:00,London,0.7,0.6953917728446768,0,SHORT,A+,1.0,1.0,4.0,9.0,4.0,1.8355714285714515
2024-02-16 10:00:00,London,0.7,0.6927553075758555,0,SHORT,A,1.0,1.0,3.0,10.0,4.0,1.837214285714302
2024-02-19 08:00:00,London,0.7,0.6168714249477874,0,LONG,A+,1.0,1.0,4.0,8.0,0.0,4.836285714285672
2024-02-19 14:00:00,London,0.7,0.667182165835534,0,LONG,A+,1.0,1.0,5.0,14.0,0.0,2.64721428571428
2024-02-19 16:00:00,London,0.7,0.6143353592168038,0,LONG,B,1.0,1.0,2.0,16.0,0.0,2.4747142857142825
2024-02-20 06:00:00,Off,0.7,0.6140143131155027,0,LONG,A+,1.0,1.0,4.0,6.0,1.0,2.1650000000000285
2024-02-20 07:00:00,London,0.7,0.5583138025973399,0,LONG,A+,1.0,1.0,4.0,7.0,1.0,2.3185000000000207
2024-02-20 08:00:00,London,0.7,0.5583545113602766,0,LONG,A+,1.0,1.0,4.0,8.0,1.0,2.2681428571428666
2024-02-20 09:00:00,London,0.7,0.5832364564314544,0,LONG,A+,1.0,1.0,4.0,9.0,1.0,2.215928571428581
2024-02-20 10:00:00,London,0.7,0.6239802068245246,0,LONG,A+,1.0,1.0,4.0,10.0,1.0,2.3301428571428624
2024-02-20 11:00:00,London,0.7,0.6476573673844985,0,LONG,A+,1.0,1.0,4.0,11.0,1.0,2.3662142857142823
2024-02-20 12:00:00,London,0.7,0.6613591206467612,0,LONG,A+,1.0,1.0,4.0,12.0,1.0,2.4595
2024-02-20 17:00:00,NY,0.7,0.6065806532590651,0,LONG,A,1.0,1.0,3.0,17.0,1.0,3.064142857142851
2024-02-21 00:00:00,Off,0.7,0.6624842209155153,0,LONG,A,1.0,1.0,3.0,0.0,2.0,2.716071428571435
2024-02-21 01:00:00,Off,0.7,0.7187154783080416,0,LONG,A,1.0,1.0,3.0,1.0,2.0,2.6188571428571583
2024-02-21 02:00:00,Off,0.7,0.6355921053483832,0,LONG,A+,1.0,1.0,4.0,2.0,2.0,2.742928571428576
2024-02-21 03:00:00,Off,0.7,0.6218526556356857,0,LONG,A,1.0,1.0,3.0,3.0,2.0,2.8397857142857186
2024-02-21 04:00:00,Off,0.7,0.6202802061787568,0,LONG,A,1.0,1.0,3.0,4.0,2.0,2.586214285714277
2024-02-21 09:00:00,London,0.7,0.6538936914244999,0,LONG,A+,1.0,1.0,5.0,9.0,2.0,2.282071428571417
2024-02-21 10:00:00,London,0.7,0.6358720702716258,0,LONG,A+,1.0,1.0,4.0,10.0,2.0,2.234571428571404
2024-02-21 12:00:00,London,0.7,0.6794963453179356,0,LONG,A+,1.0,1.0,5.0,12.0,2.0,2.3774285714285464
2024-02-21 13:00:00,London,0.7,0.6712221323208349,0,LONG,A+,1.0,1.0,5.0,13.0,2.0,2.581071428571412
2024-02-21 15:00:00,London,0.7,0.7198957359931433,1,LONG,A+,1.0,1.0,5.0,15.0,2.0,2.973571428571404
2024-02-21 17:00:00,NY,0.7,0.7023597764630702,1,LONG,A+,1.0,1.0,5.0,17.0,2.0,2.8794285714285643
2024-02-22 09:00:00,London,0.7,0.6952870979417515,0,LONG,A+,1.0,1.0,5.0,9.0,3.0,2.8437857142857217
2024-02-22 14:00:00,London,0.7,0.6894612397209927,0,LONG,A+,1.0,1.0,4.0,14.0,3.0,3.0249285714285667
2024-02-22 16:00:00,London,0.7,0.6263931791704765,0,LONG,A+,1.0,1.0,4.0,16.0,3.0,3.4255714285714345
2024-02-23 19:00:00,NY,0.7,0.6108357306412844,0,LONG,A,1.0,1.0,3.0,19.0,4.0,4.579642857142842
2024-02-26 02:00:00,Off,0.7,0.6976728128870231,0,LONG,A,1.0,1.0,3.0,2.0,0.0,3.9457142857142538
2024-02-26 04:00:00,Off,0.7,0.6770623262992991,0,LONG,A,1.0,1.0,3.0,4.0,0.0,3.3826428571427902
2024-02-26 05:00:00,Off,0.7,0.6282383846800514,0,LONG,A+,1.0,1.0,4.0,5.0,0.0,3.214214285714222
2024-02-26 10:00:00,London,0.7,0.6560098281258824,0,LONG,A+,1.0,1.0,4.0,10.0,0.0,2.464571428571357
2024-02-26 14:00:00,London,0.7,0.6691547521474106,0,LONG,A+,1.0,1.0,4.0,14.0,0.0,2.8764999999999645
2024-02-27 09:00:00,London,0.7,0.5959868607975091,0,LONG,A+,1.0,1.0,5.0,9.0,1.0,2.150071428571388
2024-02-27 13:00:00,London,0.7,0.6760462814297505,0,LONG,A+,1.0,1.0,4.0,13.0,1.0,2.341571428571407
2024-02-27 15:00:00,London,0.7,0.6655470373851963,0,LONG,A,1.0,1.0,3.0,15.0,1.0,2.5584999999999973
2024-02-27 17:00:00,NY,0.7,0.6329107774122416,0,LONG,B,1.0,1.0,2.0,17.0,1.0,2.7605714285714384
2024-02-27 18:00:00,NY,0.7,0.6597723082161364,0,LONG,A,1.0,1.0,3.0,18.0,1.0,2.971500000000024
2024-02-27 19:00:00,NY,0.7,0.6176259780153752,0,LONG,A+,2.0,2.0,2.0,19.0,1.0,3.109071428571448
2024-02-28 00:00:00,Off,0.7,0.619100361694633,0,LONG,A,1.0,1.0,3.0,0.0,2.0,2.640000000000051
2024-02-28 01:00:00,Off,0.7,0.6310637941691436,0,LONG,A+,1.0,1.0,4.0,1.0,2.0,2.7747142857143348
2024-02-28 02:00:00,Off,0.7,0.6037154615014146,0,LONG,A,1.0,1.0,3.0,2.0,2.0,2.7649285714286083
2024-02-28 04:00:00,Off,0.7,0.6202802061787568,0,LONG,A,1.0,1.0,3.0,4.0,2.0,2.6115714285714864
2024-02-28 05:00:00,Off,0.7,0.6188796159225848,0,LONG,A,1.0,1.0,3.0,5.0,2.0,2.4810000000000594
2024-02-28 07:00:00,London,0.7,0.6604907176790085,0,LONG,A+,1.0,1.0,4.0,7.0,2.0,2.3575000000000403
2024-02-28 08:00:00,London,0.7,0.6511672891492212,0,LONG,A+,1.0,1.0,5.0,8.0,2.0,2.299785714285755
2024-02-28 09:00:00,London,0.7,0.6421573581714994,0,LONG,A+,1.0,1.0,4.0,9.0,2.0,2.1864285714285967
2024-02-28 15:00:00,London,0.7,0.7009701550514594,1,LONG,A+,1.0,1.0,5.0,15.0,2.0,3.0709285714285506
2024-02-28 17:00:00,NY,0.7,0.6808937253015165,0,LONG,A+,1.0,1.0,4.0,17.0,2.0,3.104857142857132
2024-02-28 21:00:00,NY,0.7,0.6858674477958888,0,LONG,A,1.0,1.0,3.0,21.0,2.0,3.238642857142833
2024-02-28 23:00:00,Off,0.7,0.710689060730844,0,LONG,B,1.0,1.0,2.0,23.0,2.0,3.1627142857142547
2024-02-29 03:00:00,Off,0.7,0.6311066778447069,0,LONG,A,1.0,1.0,3.0,3.0,3.0,2.930500000000003
2024-02-29 04:00:00,Off,0.7,0.5907349875325993,0,LONG,A,1.0,1.0,3.0,4.0,3.0,2.539142857142857
2024-02-29 06:00:00,Off,0.7,0.6389806426361093,0,LONG,A+,1.0,1.0,4.0,6.0,3.0,2.0094999999999863
2024-02-29 08:00:00,London,0.7,0.655662853368793,0,LONG,A+,1.0,1.0,4.0,8.0,3.0,1.893857142857103
2024-02-29 10:00:00,London,0.7,0.6234159115375252,0,LONG,A+,1.0,1.0,4.0,10.0,3.0,2.0994999999999697
2024-02-29 11:00:00,London,0.7,0.6421754113257955,0,LONG,A+,1.0,1.0,4.0,11.0,3.0,2.160857142857123
2024-02-29 16:00:00,London,0.7,0.6659815218092177,0,LONG,A+,1.0,1.0,4.0,16.0,3.0,3.939857142857071
2024-02-29 17:00:00,NY,0.7,0.693798593986449,0,LONG,A+,1.0,1.0,4.0,17.0,3.0,4.021071428571353
2024-02-29 19:00:00,NY,0.7,0.5916387408291367,0,LONG,B,1.0,1.0,2.0,19.0,3.0,4.133285714285648
2024-02-29 20:00:00,NY,0.7,0.6860343294923741,0,LONG,B,1.0,1.0,2.0,20.0,3.0,4.141071428571373
2024-02-29 23:00:00,Off,0.7,0.6697068023209543,0,LONG,B,1.0,1.0,2.0,23.0,3.0,4.05799999999996
2024-03-01 00:00:00,Off,0.7,0.6844511274690429,0,LONG,A,1.0,1.0,3.0,0.0,4.0,3.9156428571428057
2024-03-01 01:00:00,Off,0.7,0.713279512628714,0,LONG,A,1.0,1.0,3.0,1.0,4.0,3.726571428571365
2024-03-01 07:00:00,London,0.7,0.6062378794474573,0,LONG,A+,1.0,1.0,4.0,7.0,4.0,2.048214285714234
2024-03-01 19:00:00,NY,0.7,0.580071558008424,0,LONG,B,1.0,1.0,2.0,19.0,4.0,7.559071428571461
2024-03-03 23:00:00,Off,0.7,0.664542676711021,0,LONG,B,1.0,1.0,2.0,23.0,6.0,7.110000000000047
2024-03-04 01:00:00,Off,0.7,0.5956940424027282,0,LONG,A,1.0,1.0,3.0,1.0,0.0,6.275214285714339
2024-03-04 02:00:00,Off,0.7,0.6005450039771112,0,LONG,B,1.0,1.0,2.0,2.0,0.0,6.274928571428599
2024-03-04 03:00:00,Off,0.7,0.6132428282443659,0,LONG,B,1.0,1.0,2.0,3.0,0.0,6.051714285714346
2024-03-04 05:00:00,Off,0.7,0.6190568595041079,0,LONG,B,1.0,1.0,2.0,5.0,0.0,5.165071428571439
2024-03-04 10:00:00,London,0.7,0.6123287412393751,0,LONG,A+,1.0,1.0,4.0,10.0,0.0,2.7986428571428275
2024-03-04 12:00:00,London,0.7,0.6905874819249905,0,LONG,A+,1.0,1.0,4.0,12.0,0.0,2.853857142857123
2024-03-04 14:00:00,London,0.7,0.6950518707097318,0,LONG,A+,1.0,1.0,6.0,14.0,0.0,4.086071428571423
2024-03-04 15:00:00,London,0.7,0.606189185998034,0,LONG,A+,1.0,1.0,4.0,15.0,0.0,4.681714285714277
2024-03-04 20:00:00,NY,0.7,0.6116596012939529,0,LONG,B,1.0,1.0,2.0,20.0,0.0,6.0091428571429
2024-03-04 21:00:00,NY,0.7,0.6726682302208886,0,LONG,B,1.0,1.0,2.0,21.0,0.0,5.876928571428607
2024-03-05 03:00:00,Off,0.7,0.6197662136763396,0,LONG,A,1.0,1.0,3.0,3.0,1.0,5.913285714285784
2024-03-05 05:00:00,Off,0.7,0.626135326942329,0,LONG,A+,1.0,1.0,4.0,5.0,1.0,4.81842857142861
2024-03-05 06:00:00,Off,0.7,0.6350655748873637,0,LONG,A+,1.0,1.0,4.0,6.0,1.0,4.276071428571446
2024-03-05 09:00:00,London,0.7,0.6632292408286851,0,LONG,A+,1.0,1.0,4.0,9.0,1.0,4.025142857142815
2024-03-05 10:00:00,London,0.7,0.7024500517159913,1,LONG,A,1.0,1.0,3.0,10.0,1.0,4.027285714285654
2024-03-05 11:00:00,London,0.7,0.6697022108832377,0,LONG,A+,1.0,1.0,4.0,11.0,1.0,4.133285714285648
2024-03-05 14:00:00,London,0.7,0.6609786469798669,0,LONG,A+,1.0,1.0,4.0,14.0,1.0,5.981142857142751
2024-03-05 15:00:00,London,0.7,0.6434404929569488,0,LONG,A+,1.0,1.0,4.0,15.0,1.0,6.653714285714159
2024-03-05 16:00:00,London,0.7,0.6667497739839315,0,LONG,A+,1.0,1.0,4.0,16.0,1.0,6.882357142857018
2024-03-05 18:00:00,NY,0.7,0.6556808986257164,0,LONG,A,1.0,1.0,3.0,18.0,1.0,6.977499999999899
2024-03-05 19:00:00,NY,0.7,0.6751375114404607,0,LONG,B,1.0,1.0,2.0,19.0,1.0,7.040714285714167
2024-03-05 20:00:00,NY,0.7,0.6576890687875123,0,LONG,B,1.0,1.0,2.0,20.0,1.0,6.917857142857072
2024-03-06 00:00:00,Off,0.7,0.6820150258255127,0,LONG,B,1.0,1.0,2.0,0.0,2.0,6.03707142857138
2024-03-06 02:00:00,Off,0.7,0.6526892454184774,0,LONG,B,1.0,1.0,2.0,2.0,2.0,5.834428571428524
2024-03-06 05:00:00,Off,0.7,0.7141882263704118,0,LONG,A+,1.0,1.0,4.0,5.0,2.0,4.024142857142806
2024-03-06 06:00:00,Off,0.7,0.6053518486259817,0,LONG,A+,1.0,1.0,4.0,6.0,2.0,3.08428571428567
2024-03-06 07:00:00,London,0.7,0.6727786080397654,0,LONG,A+,1.0,1.0,4.0,7.0,2.0,3.037642857142828
2024-03-06 09:00:00,London,0.7,0.6364674517205701,0,LONG,A,1.0,1.0,3.0,9.0,2.0,3.220642857142788
2024-03-06 11:00:00,London,0.7,0.6370676819653315,0,LONG,B,1.0,1.0,2.0,11.0,2.0,3.462714285714193
2024-03-06 13:00:00,London,0.7,0.6846964710526591,0,LONG,A+,1.0,1.0,4.0,13.0,2.0,4.01407142857134
2024-03-06 19:00:00,NY,0.7,0.6175843715726009,0,LONG,A+,1.0,1.0,4.0,19.0,2.0,7.294142857142821
2024-03-06 23:00:00,Off,0.7,0.6108071312641117,0,LONG,B,1.0,1.0,2.0,23.0,2.0,7.439642857142807
2024-03-07 00:00:00,Off,0.7,0.6515027508226292,0,LONG,A+,1.0,1.0,4.0,0.0,3.0,7.269642857142831
2024-03-07 01:00:00,Off,0.7,0.6618597355956204,0,LONG,A,1.0,1.0,3.0,1.0,3.0,7.31935714285711
2024-03-07 03:00:00,Off,0.7,0.6410554630125702,0,LONG,B,1.0,1.0,2.0,3.0,3.0,7.181785714285654
2024-03-07 07:00:00,London,0.7,0.6604875779867234,0,LONG,A,1.0,1.0,3.0,7.0,3.0,5.775357142857144
2024-03-07 08:00:00,London,0.7,0.7035333626478706,1,LONG,A,1.0,1.0,3.0,8.0,3.0,5.582642857142868
2024-03-07 15:00:00,London,0.7,0.6313323206276752,0,LONG,A+,1.0,1.0,4.0,15.0,3.0,5.80378571428579
2024-03-07 16:00:00,London,0.7,0.6529423907388331,0,LONG,A+,1.0,1.0,4.0,16.0,3.0,6.011285714285805
2024-03-08 00:00:00,Off,0.7,0.6550265103319478,0,LONG,A,1.0,1.0,3.0,0.0,4.0,4.94521428571433
2024-03-08 03:00:00,Off,0.7,0.6472614383231198,0,LONG,A,1.0,1.0,3.0,3.0,4.0,4.949642857142862
2024-03-08 04:00:00,Off,0.7,0.6332103645073053,0,LONG,A,1.0,1.0,3.0,4.0,4.0,4.628285714285734
2024-03-08 05:00:00,Off,0.7,0.7031940354485398,0,LONG,A+,1.0,1.0,4.0,5.0,4.0,3.919714285714333
2024-03-08 06:00:00,Off,0.7,0.7266364025603735,0,LONG,A+,1.0,1.0,4.0,6.0,4.0,3.890214285714332
2024-03-08 09:00:00,London,0.7,0.6857895130732824,0,LONG,A+,1.0,1.0,4.0,9.0,4.0,3.961357142857196
2024-03-08 10:00:00,London,0.7,0.6879713724258673,0,LONG,A,1.0,1.0,3.0,10.0,4.0,3.898000000000041
2024-03-08 14:00:00,London,0.7,0.6724723264652143,0,LONG,A+,1.0,1.0,4.0,14.0,4.0,6.483785714285724
2024-03-08 15:00:00,London,0.7,0.724874488719023,1,LONG,A+,1.0,1.0,4.0,15.0,4.0,6.87385714285717
2024-03-08 19:00:00,NY,0.7,0.6757772685685893,0,LONG,A,1.0,1.0,3.0,19.0,4.0,9.070285714285742
2024-03-10 22:00:00,Off,0.7,0.6889721909980954,0,LONG,B,1.0,1.0,2.0,22.0,6.0,8.536428571428619
2024-03-10 23:00:00,Off,0.7,0.6870480999542734,0,LONG,A,1.0,1.0,3.0,23.0,6.0,8.548428571428628
2024-03-11 00:00:00,Off,0.7,0.6811488854406843,0,LONG,A+,1.0,1.0,4.0,0.0,0.0,8.953857142857194
2024-03-11 01:00:00,Off,0.7,0.6844074907192614,0,LONG,A+,1.0,1.0,4.0,1.0,0.0,9.272714285714333
2024-03-11 08:00:00,London,0.7,0.6387349408073569,0,LONG,A,1.0,1.0,3.0,8.0,0.0,5.0075714285714445
2024-03-11 12:00:00,London,0.7,0.6537704815511843,0,LONG,A,1.0,1.0,3.0,12.0,0.0,4.922214285714355
2024-03-11 15:00:00,London,0.7,0.6402848930155781,0,LONG,A+,1.0,1.0,4.0,15.0,0.0,4.904000000000094
2024-03-11 16:00:00,London,0.7,0.6243913881639653,0,LONG,A+,1.0,1.0,4.0,16.0,0.0,5.088642857142953
2024-03-11 18:00:00,NY,0.7,0.6059534416107579,0,LONG,B,1.0,1.0,2.0,18.0,0.0,5.401714285714401
2024-03-11 19:00:00,NY,0.7,0.587877401354641,0,LONG,B,1.0,1.0,2.0,19.0,0.0,5.313071428571545
2024-03-11 22:00:00,Off,0.7,0.6605444652852368,0,LONG,B,1.0,1.0,2.0,22.0,0.0,5.201428571428616
2024-03-12 01:00:00,Off,0.7,0.6190850301671612,0,LONG,A+,1.0,1.0,4.0,1.0,1.0,4.754071428571511
2024-03-12 02:00:00,Off,0.7,0.6489266629428891,0,LONG,A+,1.0,1.0,4.0,2.0,1.0,4.844000000000084
2024-03-12 03:00:00,Off,0.7,0.609685285861368,0,LONG,A+,1.0,1.0,4.0,3.0,1.0,4.701571428571502
2024-03-12 06:00:00,Off,0.7,0.6445342318034539,0,LONG,A+,1.0,1.0,4.0,6.0,1.0,3.747571428571486
2024-03-12 07:00:00,London,0.7,0.7027809135770539,1,LONG,A+,1.0,1.0,4.0,7.0,1.0,3.50085714285722
2024-03-12 10:00:00,London,0.7,0.5985068335543874,0,LONG,A,1.0,1.0,3.0,10.0,1.0,3.083000000000019
2024-03-12 11:00:00,London,0.7,0.654062263998526,0,LONG,A+,1.0,1.0,4.0,11.0,1.0,3.377785714285762
2024-03-12 14:00:00,London,0.7,0.6542512106156676,0,LONG,A+,1.0,1.0,4.0,14.0,1.0,6.079714285714317
2024-03-12 18:00:00,NY,0.7,0.6218358976897735,0,LONG,A,1.0,1.0,3.0,18.0,1.0,7.181142857142861
2024-03-14 00:00:00,Off,0.7,0.6898845539182715,0,LONG,B,1.0,1.0,2.0,0.0,3.0,4.442714285714244
2024-03-14 06:00:00,Off,0.7,0.6262511283761671,0,LONG,A,1.0,1.0,3.0,6.0,3.0,3.150499999999965
2024-03-14 07:00:00,London,0.7,0.6496475498725853,0,LONG,A,1.0,1.0,3.0,7.0,3.0,2.892357142857138
2024-03-14 08:00:00,London,0.7,0.6292825872760821,0,LONG,A,1.0,1.0,3.0,8.0,3.0,2.553928571428579
2024-03-14 09:00:00,London,0.7,0.65231857188093,0,LONG,A,1.0,1.0,3.0,9.0,3.0,2.6830714285714032
2024-03-14 10:00:00,London,0.7,0.6541107003989695,0,LONG,B,1.0,1.0,2.0,10.0,3.0,2.6103571428571155
2024-03-14 11:00:00,London,0.7,0.6788961284413477,0,LONG,B,1.0,1.0,2.0,11.0,3.0,2.6628571428571246
2024-03-14 12:00:00,London,0.7,0.6385242209825501,0,LONG,A,1.0,1.0,3.0,12.0,3.0,3.2549285714285685
2024-03-14 13:00:00,London,0.7,0.6899274024488351,0,LONG,A,1.0,1.0,3.0,13.0,3.0,3.749857142857146
2024-03-14 14:00:00,London,0.7,0.6947766911616956,0,LONG,A,1.0,1.0,3.0,14.0,3.0,4.002928571428583
2024-03-14 15:00:00,London,0.7,0.6739177851334508,0,LONG,A+,1.0,1.0,4.0,15.0,3.0,4.418214285714287
2024-03-14 17:00:00,NY,0.7,0.6415020833156747,0,LONG,A+,1.0,1.0,4.0,17.0,3.0,4.758428571428567
2024-03-15 03:00:00,Off,0.7,0.6539502250240051,0,LONG,B,1.0,1.0,2.0,3.0,4.0,3.940071428571368
2024-03-15 04:00:00,Off,0.7,0.670630307597622,0,LONG,B,1.0,1.0,2.0,4.0,4.0,3.4348571428570915
2024-03-15 05:00:00,Off,0.7,0.626489278499455,0,LONG,A,1.0,1.0,3.0,5.0,4.0,3.404071428571407
2024-03-15 14:00:00,London,0.7,0.6947414364564644,0,LONG,A,1.0,1.0,3.0,14.0,4.0,4.462499999999993
2024-03-15 15:00:00,London,0.7,0.6375049523927928,0,LONG,A,1.0,1.0,3.0,15.0,4.0,4.648500000000013
2024-03-15 17:00:00,NY,0.7,0.6294654942843207,0,SHORT,A,1.0,1.0,3.0,17.0,4.0,5.118000000000036
2024-03-18 00:00:00,Off,0.7,0.6202207184284824,0,SHORT,A,1.0,1.0,3.0,0.0,0.0,4.757642857142888
2024-03-18 02:00:00,Off,0.7,0.5806484881072539,0,SHORT,A,1.0,1.0,3.0,2.0,0.0,5.196785714285754
2024-03-20 05:00:00,Off,0.7,0.630564609453054,0,SHORT,A+,1.0,1.0,4.0,5.0,2.0,2.492428571428523
2024-03-20 06:00:00,Off,0.7,0.6033370640775355,0,SHORT,A+,1.0,1.0,4.0,6.0,2.0,2.2724999999999715
2024-03-20 07:00:00,London,0.7,0.6398510426288018,0,SHORT,A+,1.0,1.0,5.0,7.0,2.0,2.2578571428571195
2024-03-20 08:00:00,London,0.7,0.5834869140427347,0,SHORT,A+,1.0,1.0,4.0,8.0,2.0,2.317500000000012
2024-03-20 11:00:00,London,0.7,0.6687367990386389,0,SHORT,A+,1.0,1.0,4.0,11.0,2.0,2.5507142857142884
2024-03-21 07:00:00,London,0.7,0.703017266724388,1,LONG,A+,1.0,1.0,4.0,7.0,3.0,9.07207142857143
2024-03-21 11:00:00,London,0.7,0.642128196889303,0,LONG,B,1.0,1.0,2.0,11.0,3.0,7.791857142857192
2024-03-21 12:00:00,London,0.7,0.6547575928515303,0,LONG,A,1.0,1.0,3.0,12.0,3.0,6.401500000000072
2024-03-21 13:00:00,London,0.7,0.6818968374669566,0,LONG,A,1.0,1.0,3.0,13.0,3.0,6.871500000000034
2024-03-21 15:00:00,London,0.7,0.6820758605072238,0,LONG,A+,1.0,1.0,4.0,15.0,3.0,6.924142857142897
2024-03-21 16:00:00,London,0.7,0.7067838267996202,1,LONG,A,1.0,1.0,3.0,16.0,3.0,7.186428571428613
2024-03-21 22:00:00,Off,0.7,0.6871994361251408,0,LONG,B,1.0,1.0,2.0,22.0,3.0,7.047142857142879
2024-03-22 00:00:00,Off,0.7,0.6383153123185034,0,LONG,A,1.0,1.0,3.0,0.0,4.0,6.328928571428572
2024-03-22 01:00:00,Off,0.7,0.6974163234252404,0,LONG,A+,1.0,1.0,4.0,1.0,4.0,6.803714285714283
2024-03-22 02:00:00,Off,0.7,0.7212228558644421,0,LONG,A+,1.0,1.0,4.0,2.0,4.0,6.934785714285714
2024-03-22 03:00:00,Off,0.7,0.6943310042330744,0,LONG,A+,1.0,1.0,4.0,3.0,4.0,6.819642857142851
2024-03-22 05:00:00,Off,0.7,0.6936982961892808,0,LONG,A+,1.0,1.0,4.0,5.0,4.0,4.8278571428571535
2024-03-22 06:00:00,Off,0.7,0.657080250526516,0,LONG,A+,1.0,1.0,4.0,6.0,4.0,4.531214285714278
2024-03-25 14:00:00,London,0.7,0.6195174393002479,0,SHORT,A+,1.0,1.0,4.0,14.0,0.0,5.524928571428551
2024-03-25 15:00:00,London,0.7,0.6397496137333506,0,SHORT,A+,1.0,1.0,4.0,15.0,0.0,4.810428571428572
2024-03-25 17:00:00,NY,0.7,0.6396847176915198,0,LONG,B,1.0,1.0,2.0,17.0,0.0,4.499500000000028
2024-03-25 20:00:00,NY,0.7,0.6587452097661779,0,LONG,A,1.0,1.0,3.0,20.0,0.0,4.096571428571484
2024-03-25 22:00:00,Off,0.7,0.6961143983427203,0,LONG,B,1.0,1.0,2.0,22.0,0.0,3.884928571428613
2024-03-26 01:00:00,Off,0.7,0.6711878749564172,0,LONG,A+,1.0,1.0,5.0,1.0,1.0,3.7270714285714672
2024-03-26 03:00:00,Off,0.7,0.6382966800416093,0,LONG,A+,1.0,1.0,4.0,3.0,1.0,3.329857142857171
2024-03-26 04:00:00,Off,0.7,0.710791184728692,0,LONG,A,1.0,1.0,3.0,4.0,1.0,2.924571428571458
2024-03-26 07:00:00,London,0.7,0.6846729704454788,0,LONG,A+,1.0,1.0,4.0,7.0,1.0,2.862000000000015
2024-03-26 08:00:00,London,0.7,0.6838924699893073,0,LONG,A+,1.0,1.0,5.0,8.0,1.0,3.2353571428571803
2024-03-26 15:00:00,London,0.7,0.6861631325500526,0,LONG,A+,1.0,1.0,5.0,15.0,1.0,7.036142857142944
2024-03-26 17:00:00,NY,0.7,0.6275730672122427,0,LONG,B,1.0,1.0,2.0,17.0,1.0,7.198857142857248
2024-03-26 18:00:00,NY,0.7,0.6093806656349546,0,LONG,B,1.0,1.0,2.0,18.0,1.0,7.199428571428663
2024-03-26 22:00:00,Off,0.7,0.671470251966328,0,LONG,B,1.0,1.0,2.0,22.0,1.0,7.0460714285715245
2024-03-27 00:00:00,Off,0.7,0.6793165186252916,0,LONG,A,1.0,1.0,3.0,0.0,2.0,5.680357142857214
2024-03-27 01:00:00,Off,0.7,0.6852009206724267,0,LONG,A+,1.0,1.0,5.0,1.0,2.0,5.52550000000003
2024-03-27 02:00:00,Off,0.7,0.6745560126756233,0,LONG,A+,1.0,1.0,4.0,2.0,2.0,5.441357142857149
2024-03-27 03:00:00,Off,0.7,0.6678249371706175,0,LONG,A+,1.0,1.0,4.0,3.0,2.0,5.109499999999993
2024-03-27 04:00:00,Off,0.7,0.6869893334609797,0,LONG,A,1.0,1.0,3.0,4.0,2.0,4.268285714285704
2024-03-27 06:00:00,Off,0.7,0.6472651446844474,0,LONG,A+,1.0,1.0,4.0,6.0,2.0,3.4987857142856944
2024-03-27 08:00:00,London,0.7,0.6478244537391695,0,LONG,B,1.0,1.0,2.0,8.0,2.0,3.68578571428569
2024-03-27 09:00:00,London,0.7,0.6503890532709203,0,LONG,A,1.0,1.0,3.0,9.0,2.0,4.7373571428571335
2024-03-27 10:00:00,London,0.7,0.6637460266071216,0,LONG,A,1.0,1.0,3.0,10.0,2.0,5.038928571428544
2024-03-27 13:00:00,London,0.7,0.7197860964301945,1,LONG,A+,1.0,1.0,4.0,13.0,2.0,6.249714285714195
2024-03-27 14:00:00,London,0.7,0.6579331940224242,0,LONG,A+,1.0,1.0,4.0,14.0,2.0,6.382714285714201
2024-03-27 18:00:00,NY,0.7,0.7197057759142501,1,LONG,B,1.0,1.0,2.0,18.0,2.0,6.248999999999926
2024-03-27 20:00:00,NY,0.7,0.6575851558660334,0,LONG,B,1.0,1.0,2.0,20.0,2.0,6.207999999999921
2024-03-27 22:00:00,Off,0.7,0.6931420368560322,0,LONG,B,1.0,1.0,2.0,22.0,2.0,6.286428571428489
2024-03-28 00:00:00,Off,0.7,0.6511179529156171,0,LONG,A+,1.0,1.0,4.0,0.0,3.0,4.987214285714215
2024-03-28 01:00:00,Off,0.7,0.6842580804486392,0,LONG,A+,1.0,1.0,4.0,1.0,3.0,4.784285714285651
2024-03-28 02:00:00,Off,0.7,0.6012685794572716,0,LONG,A+,1.0,1.0,4.0,2.0,3.0,4.540857142857119
2024-03-28 05:00:00,Off,0.7,0.70003964619159,0,LONG,A+,1.0,1.0,4.0,5.0,3.0,3.884785714285759
2024-03-28 06:00:00,Off,0.7,0.7030034922396272,0,LONG,A+,1.0,1.0,5.0,6.0,3.0,3.74914285714291
2024-03-28 07:00:00,London,0.7,0.7224535815101796,1,LONG,A+,1.0,1.0,5.0,7.0,3.0,3.979000000000074
2024-03-28 08:00:00,London,0.7,0.7168681163267863,1,LONG,A+,1.0,1.0,5.0,8.0,3.0,4.07864285714293
2024-03-28 09:00:00,London,0.7,0.6636573198972661,0,LONG,A,1.0,1.0,3.0,9.0,3.0,4.224142857142916
2024-03-28 10:00:00,London,0.7,0.6686643438368619,0,LONG,A,1.0,1.0,3.0,10.0,3.0,5.171357142857199
2024-03-28 13:00:00,London,0.7,0.6571983057174454,0,LONG,A,1.0,1.0,3.0,13.0,3.0,6.839785714285816
2024-03-28 14:00:00,London,0.7,0.5981962166114845,0,LONG,A,1.0,1.0,3.0,14.0,3.0,7.34171428571439
2024-03-28 15:00:00,London,0.7,0.6047931982578477,0,LONG,A,1.0,1.0,3.0,15.0,3.0,7.470857142857247
2024-03-28 17:00:00,NY,0.7,0.6527138598136845,0,LONG,B,1.0,1.0,2.0,17.0,3.0,8.139785714285804
2024-03-31 23:00:00,Off,0.7,0.7188060462834714,0,LONG,A+,2.0,2.0,2.0,23.0,6.0,9.722500000000082
2024-04-01 00:00:00,Off,0.7,0.6792188269370019,0,LONG,A,1.0,1.0,3.0,0.0,0.0,10.226642857142938
2024-04-01 03:00:00,Off,0.7,0.6246489247102767,0,LONG,B,1.0,1.0,2.0,3.0,0.0,9.322785714285828
2024-04-01 04:00:00,Off,0.7,0.6516576348151154,0,LONG,A+,2.0,2.0,2.0,4.0,0.0,8.803285714285787
2024-04-01 08:00:00,London,0.7,0.6546359184343965,0,LONG,A,1.0,1.0,3.0,8.0,0.0,7.780928571428603
2024-04-01 11:00:00,London,0.7,0.6009362270315686,0,LONG,A,1.0,1.0,3.0,11.0,0.0,7.518214285714293
2024-04-01 12:00:00,London,0.7,0.5986120935175554,0,LONG,A+,1.0,1.0,4.0,12.0,0.0,7.412857142857157
2024-04-01 13:00:00,London,0.7,0.6324317195375202,0,LONG,A+,1.0,1.0,4.0,13.0,0.0,7.902214285714275
2024-04-01 14:00:00,London,0.7,0.6875931456715642,0,LONG,A+,1.0,1.0,5.0,14.0,0.0,8.290428571428558
2024-04-01 16:00:00,London,0.7,0.6787360074372313,0,LONG,A,1.0,1.0,3.0,16.0,0.0,8.323428571428524
2024-04-01 17:00:00,NY,0.7,0.6352430000097039,0,LONG,B,1.0,1.0,2.0,17.0,0.0,8.03528571428566
2024-04-01 18:00:00,NY,0.7,0.6080825439904775,0,LONG,B,1.0,1.0,2.0,18.0,0.0,7.716428571428553
2024-04-01 22:00:00,Off,0.7,0.6773221517389798,0,LONG,B,1.0,1.0,2.0,22.0,0.0,8.0760714285714
2024-04-01 23:00:00,Off,0.7,0.6853707330863874,0,LONG,A+,1.0,1.0,4.0,23.0,0.0,8.110285714285705
2024-04-02 00:00:00,Off,0.7,0.7190578013462124,0,LONG,A+,1.0,1.0,5.0,0.0,1.0,7.879857142857157
2024-04-02 02:00:00,Off,0.7,0.6797620773820123,0,LONG,A+,1.0,1.0,4.0,2.0,1.0,7.7780714285714305
2024-04-02 08:00:00,London,0.7,0.6619884480033069,0,LONG,A+,1.0,1.0,4.0,8.0,1.0,5.626928571428542
2024-04-02 10:00:00,London,0.7,0.6303512486196081,0,LONG,A+,1.0,1.0,4.0,10.0,1.0,6.193142857142805
2024-04-02 11:00:00,London,0.7,0.6738456472741029,0,LONG,A+,1.0,1.0,4.0,11.0,1.0,6.08785714285708
2024-04-02 14:00:00,London,0.7,0.6870719084499338,0,LONG,A,1.0,1.0,3.0,14.0,1.0,7.690999999999966
2024-04-02 15:00:00,London,0.7,0.6806760177193528,0,LONG,A+,1.0,1.0,4.0,15.0,1.0,8.163857142857134
2024-04-02 16:00:00,London,0.7,0.6839228324078617,0,LONG,A,1.0,1.0,3.0,16.0,1.0,8.161428571428555
2024-04-03 00:00:00,Off,0.7,0.6850444068828272,0,LONG,A+,1.0,1.0,4.0,0.0,2.0,8.813500000000074
2024-04-03 02:00:00,Off,0.7,0.6856543226765519,0,LONG,A,1.0,1.0,3.0,2.0,2.0,8.387642857142964
2024-04-03 04:00:00,Off,0.7,0.6872632816171828,0,LONG,A,1.0,1.0,3.0,4.0,2.0,7.508928571428636
2024-04-03 06:00:00,Off,0.7,0.6666617594326868,0,LONG,A+,1.0,1.0,4.0,6.0,2.0,6.08371428571432
2024-04-03 11:00:00,London,0.7,0.6660689682882082,0,LONG,A,1.0,1.0,3.0,11.0,2.0,5.9991428571429095
2024-04-03 13:00:00,London,0.7,0.6658904538030281,0,LONG,A+,1.0,1.0,4.0,13.0,2.0,6.1670714285714245
2024-04-03 15:00:00,London,0.7,0.6606339064760368,0,LONG,A+,1.0,1.0,4.0,15.0,2.0,6.585928571428537
2024-04-03 16:00:00,London,0.7,0.6072648710428734,0,LONG,A+,1.0,1.0,4.0,16.0,2.0,7.396571428571373
2024-04-03 18:00:00,NY,0.7,0.6394679602035368,0,LONG,B,1.0,1.0,2.0,18.0,2.0,7.58142857142853
2024-04-03 20:00:00,NY,0.7,0.5923638820902264,0,LONG,B,1.0,1.0,2.0,20.0,2.0,7.453571428571389
2024-04-03 22:00:00,Off,0.7,0.6816255994719721,0,LONG,B,1.0,1.0,2.0,22.0,2.0,6.876999999999986
2024-04-03 23:00:00,Off,0.7,0.6595562477949497,0,LONG,B,1.0,1.0,2.0,23.0,2.0,6.653642857142846
2024-04-04 00:00:00,Off,0.7,0.6420087559954251,0,LONG,A,1.0,1.0,3.0,0.0,3.0,6.657714285714259
2024-04-04 03:00:00,Off,0.7,0.7072245288943202,0,LONG,A+,1.0,1.0,5.0,3.0,3.0,6.344714285714255
2024-04-04 04:00:00,Off,0.7,0.6891774665940673,0,LONG,A+,1.0,1.0,4.0,4.0,3.0,5.962571428571404
2024-04-04 07:00:00,London,0.7,0.6294016011499368,0,LONG,A+,1.0,1.0,4.0,7.0,3.0,4.621214285714326
2024-04-04 09:00:00,London,0.7,0.7196275769970867,1,LONG,A+,1.0,1.0,4.0,9.0,3.0,4.3404285714286415
2024-04-04 11:00:00,London,0.7,0.6879282820529421,0,LONG,A,1.0,1.0,3.0,11.0,3.0,4.382642857142953
2024-04-04 12:00:00,London,0.7,0.6875262865065169,0,LONG,A+,1.0,1.0,5.0,12.0,3.0,4.645785714285759
2024-04-04 13:00:00,London,0.7,0.7061777659520941,1,LONG,A+,1.0,1.0,5.0,13.0,3.0,4.713857142857218
2024-04-04 14:00:00,London,0.7,0.6388463686004519,0,LONG,A+,1.0,1.0,4.0,14.0,3.0,5.218285714285782
2024-04-04 17:00:00,NY,0.7,0.7101343354364565,1,LONG,A,1.0,1.0,3.0,17.0,3.0,5.568142857142935
2024-04-04 19:00:00,NY,0.7,0.641100775840893,0,LONG,A+,1.0,1.0,4.0,19.0,3.0,7.70050000000005
2024-04-04 23:00:00,Off,0.7,0.7119624617325544,0,LONG,A,1.0,1.0,3.0,23.0,3.0,7.847857142857167
2024-04-05 00:00:00,Off,0.7,0.6947796904894148,0,LONG,A+,1.0,1.0,4.0,0.0,4.0,8.144071428571417
2024-04-05 20:00:00,NY,0.7,0.6574912278459306,0,LONG,B,1.0,1.0,2.0,20.0,4.0,10.04221428571418
2024-04-08 07:00:00,London,0.7,0.6206053679226403,0,LONG,B,1.0,1.0,2.0,7.0,0.0,11.290357142857117
2024-04-08 09:00:00,London,0.7,0.6380131132972132,0,LONG,B,1.0,1.0,2.0,9.0,0.0,11.374642857142884
2024-04-08 11:00:00,London,0.7,0.6384649980284093,0,LONG,B,1.0,1.0,2.0,11.0,0.0,11.559357142857152
2024-04-08 16:00:00,London,0.7,0.6396508515209758,0,LONG,B,1.0,1.0,2.0,16.0,0.0,8.159357142857127
2024-04-08 20:00:00,NY,0.7,0.68867391926332,0,LONG,B,1.0,1.0,2.0,20.0,0.0,7.12214285714286
2024-04-08 23:00:00,Off,0.7,0.6532343357719183,0,LONG,A,1.0,1.0,3.0,23.0,0.0,6.532642857142816
2024-04-09 04:00:00,Off,0.7,0.6330560009617157,0,LONG,A,1.0,1.0,3.0,4.0,1.0,5.384214285714246
2024-04-09 08:00:00,London,0.7,0.6436642910221426,0,LONG,A,1.0,1.0,3.0,8.0,1.0,5.0891428571428605
2024-04-09 10:00:00,London,0.7,0.6710724103963105,0,LONG,A+,1.0,1.0,4.0,10.0,1.0,5.658500000000004
2024-04-09 13:00:00,London,0.7,0.5912645601664103,0,LONG,A,1.0,1.0,3.0,13.0,1.0,7.461500000000017
2024-04-09 14:00:00,London,0.7,0.688689622624926,0,LONG,A,1.0,1.0,3.0,14.0,1.0,8.607714285714305
2024-04-09 15:00:00,London,0.7,0.6799230362399625,0,LONG,A+,1.0,1.0,4.0,15.0,1.0,8.943642857142907
2024-04-09 19:00:00,NY,0.7,0.6679319995319478,0,LONG,A,1.0,1.0,3.0,19.0,1.0,9.488214285714289
2024-04-09 22:00:00,Off,0.7,0.6986339842190125,0,LONG,B,1.0,1.0,2.0,22.0,1.0,8.861071428571417
2024-04-09 23:00:00,Off,0.7,0.6852121300194072,0,LONG,A,1.0,1.0,3.0,23.0,1.0,8.560357142857129
2024-04-10 00:00:00,Off,0.7,0.7070367199593361,0,LONG,A,1.0,1.0,3.0,0.0,2.0,8.307785714285696
2024-04-10 01:00:00,Off,0.7,0.7072522485861015,0,LONG,A+,1.0,1.0,5.0,1.0,2.0,8.225571428571422
2024-04-10 04:00:00,Off,0.7,0.6683044854893713,0,LONG,A,1.0,1.0,3.0,4.0,2.0,6.983142857142833
2024-04-10 06:00:00,Off,0.7,0.6628925968976533,0,LONG,A+,1.0,1.0,4.0,6.0,2.0,5.254071428571414
2024-04-10 09:00:00,London,0.7,0.6682312101379797,0,LONG,A,1.0,1.0,3.0,9.0,2.0,5.20842857142858
2024-04-10 10:00:00,London,0.7,0.6683575913424262,0,LONG,A,1.0,1.0,3.0,10.0,2.0,5.107071428571446
2024-04-10 11:00:00,London,0.7,0.6711480750780079,0,LONG,B,1.0,1.0,2.0,11.0,2.0,5.152857142857166
2024-04-12 18:00:00,NY,0.7,0.6825091168637615,0,LONG,A,1.0,1.0,3.0,18.0,4.0,16.496214285714327
2024-04-15 06:00:00,Off,0.7,0.5979333713269431,0,LONG,A+,1.0,1.0,4.0,6.0,0.0,14.40492857142866
2024-04-15 08:00:00,London,0.7,0.6469413355151991,0,LONG,A+,1.0,1.0,4.0,8.0,0.0,11.26550000000004
2024-04-15 10:00:00,London,0.7,0.7046238032819216,1,LONG,B,1.0,1.0,2.0,10.0,0.0,9.985142857142916
2024-04-15 11:00:00,London,0.7,0.6634391267741258,0,LONG,A,1.0,1.0,3.0,11.0,0.0,10.14192857142861
2024-04-16 17:00:00,NY,0.7,0.679426732883144,0,LONG,A+,1.0,1.0,4.0,17.0,1.0,11.05514285714282
2024-04-17 01:00:00,Off,0.7,0.7102836021348947,0,LONG,A+,1.0,1.0,4.0,1.0,2.0,10.240500000000011
2024-04-17 02:00:00,Off,0.7,0.7055994817649386,0,LONG,A,1.0,1.0,3.0,2.0,2.0,10.126928571428577
2024-04-17 04:00:00,Off,0.7,0.708027437587437,0,LONG,A,1.0,1.0,3.0,4.0,2.0,8.838142857142852
2024-04-17 06:00:00,Off,0.7,0.5897612074513156,0,LONG,A+,1.0,1.0,4.0,6.0,2.0,7.529428571428558
2024-04-17 07:00:00,London,0.7,0.6783789224490564,0,LONG,A+,1.0,1.0,4.0,7.0,2.0,6.99714285714286
2024-04-17 12:00:00,London,0.7,0.6741777688298985,0,LONG,A+,1.0,1.0,4.0,12.0,2.0,5.9410714285714095
2024-04-17 13:00:00,London,0.7,0.6522954045136383,0,LONG,A+,1.0,1.0,4.0,13.0,2.0,6.518214285714261
2024-04-17 14:00:00,London,0.7,0.6725002882399976,0,LONG,A+,1.0,1.0,4.0,14.0,2.0,6.910714285714254
2024-04-17 17:00:00,NY,0.7,0.670884325494613,0,LONG,A+,1.0,1.0,4.0,17.0,2.0,9.184
2024-04-17 18:00:00,NY,0.7,0.6541080913067799,0,LONG,B,1.0,1.0,2.0,18.0,2.0,9.502428571428611
2024-04-19 10:00:00,London,0.7,0.694938236873056,0,LONG,B,1.0,1.0,2.0,10.0,4.0,10.779071428571504
2024-04-24 17:00:00,NY,0.7,0.6721561073557225,0,SHORT,A+,1.0,1.0,4.0,17.0,2.0,7.756000000000021
2024-04-24 20:00:00,NY,0.7,0.6493372618712109,0,SHORT,B,1.0,1.0,2.0,20.0,2.0,7.704214285714345
2024-04-25 00:00:00,Off,0.7,0.7267083628305041,0,SHORT,A,1.0,1.0,3.0,0.0,3.0,7.028714285714321
2024-04-25 01:00:00,Off,0.7,0.6993434117691235,0,SHORT,A+,1.0,1.0,4.0,1.0,3.0,7.060571428571458
2024-04-25 02:00:00,Off,0.7,0.7002007315835252,0,SHORT,A+,1.0,1.0,4.0,2.0,3.0,7.015857142857191
2024-04-25 17:00:00,NY,0.7,0.7185273955901769,1,SHORT,A,1.0,1.0,3.0,17.0,3.0,8.610071428571375
2024-04-25 19:00:00,NY,0.7,0.6527253006463237,0,SHORT,B,1.0,1.0,2.0,19.0,3.0,8.56464285714284
2024-04-25 23:00:00,Off,0.7,0.6806661098823821,0,SHORT,A,1.0,1.0,3.0,23.0,3.0,7.96285714285708
2024-04-26 03:00:00,Off,0.7,0.6536985909796844,0,SHORT,A+,1.0,1.0,4.0,3.0,4.0,7.549785714285657
2024-04-26 04:00:00,Off,0.7,0.6878173679628119,0,SHORT,A+,1.0,1.0,4.0,4.0,4.0,6.578714285714211
2024-04-26 07:00:00,London,0.7,0.6191006143506601,0,SHORT,A+,1.0,1.0,4.0,7.0,4.0,4.618142857142824
2024-04-26 12:00:00,London,0.7,0.6908790065942096,0,LONG,A+,1.0,1.0,4.0,12.0,4.0,5.558642857142884
2024-04-26 14:00:00,London,0.7,0.6218252398317259,0,LONG,A+,1.0,1.0,4.0,14.0,4.0,7.332142857142896
2024-04-26 17:00:00,NY,0.7,0.643488286452664,0,LONG,B,1.0,1.0,2.0,17.0,4.0,7.704071428571459
2024-04-29 17:00:00,NY,0.7,0.607166589061686,0,LONG,A,1.0,1.0,3.0,17.0,0.0,7.198928571428561
2024-04-29 18:00:00,NY,0.7,0.597196063060921,0,LONG,B,1.0,1.0,2.0,18.0,0.0,7.234214285714286
2024-04-29 20:00:00,NY,0.7,0.6629645603604717,0,LONG,B,1.0,1.0,2.0,20.0,0.0,7.021714285714292
2024-04-29 22:00:00,Off,0.7,0.6694513569374453,0,LONG,B,1.0,1.0,2.0,22.0,0.0,6.555857142857121
2024-04-30 01:00:00,Off,0.7,0.6499321692395073,0,LONG,A+,1.0,1.0,4.0,1.0,1.0,5.992499999999966
2024-04-30 02:00:00,Off,0.7,0.6486146384435103,0,LONG,A+,1.0,1.0,4.0,2.0,1.0,5.998999999999959
2024-04-30 04:00:00,Off,0.7,0.6363495897997701,0,SHORT,A,1.0,1.0,3.0,4.0,1.0,5.101928571428516
2024-04-30 05:00:00,Off,0.7,0.637608463924547,0,SHORT,A+,1.0,1.0,4.0,5.0,1.0,5.077785714285645
2024-04-30 07:00:00,London,0.7,0.6390666878579224,0,SHORT,A+,1.0,1.0,4.0,7.0,1.0,4.832071428571355
2024-04-30 08:00:00,London,0.7,0.6555889219104848,0,SHORT,A,1.0,1.0,3.0,8.0,1.0,4.899142857142773
2024-04-30 10:00:00,London,0.7,0.6824509367323556,0,SHORT,B,1.0,1.0,2.0,10.0,1.0,4.492714285714198
2024-04-30 12:00:00,London,0.7,0.6411509923355381,0,SHORT,A,1.0,1.0,3.0,12.0,1.0,5.24664285714279
2024-04-30 13:00:00,London,0.7,0.6602674446687825,0,SHORT,A,1.0,1.0,3.0,13.0,1.0,5.829142857142837
2024-04-30 14:00:00,London,0.7,0.6627711787501908,0,SHORT,A,1.0,1.0,3.0,14.0,1.0,6.86057142857138
2024-04-30 17:00:00,NY,0.7,0.6394174594731513,0,SHORT,A,1.0,1.0,3.0,17.0,1.0,7.107785714285748
2024-05-06 14:00:00,London,0.7,0.6584468751099806,0,LONG,A+,1.0,1.0,4.0,14.0,0.0,7.761000000000065
2024-05-06 17:00:00,NY,0.7,0.584983973103721,0,LONG,A,1.0,1.0,3.0,17.0,0.0,7.482642857142894
2024-05-06 20:00:00,NY,0.7,0.5946227890889271,0,LONG,B,1.0,1.0,2.0,20.0,0.0,7.421785714285761
2024-05-07 00:00:00,Off,0.7,0.6372675837434063,0,LONG,A,1.0,1.0,3.0,0.0,1.0,6.5230000000000405
2024-05-07 03:00:00,Off,0.7,0.6185180963378004,0,LONG,A,1.0,1.0,3.0,3.0,1.0,5.849214285714327
2024-05-07 11:00:00,London,0.7,0.6766788234153838,0,LONG,A+,2.0,2.0,2.0,11.0,1.0,4.482785714285748
2024-05-07 14:00:00,London,0.7,0.6575166101610892,0,LONG,A+,1.0,1.0,4.0,14.0,1.0,5.520785714285727
2024-05-07 15:00:00,London,0.7,0.6136766357256251,0,LONG,A+,1.0,1.0,4.0,15.0,1.0,5.442142857142861
2024-05-07 17:00:00,NY,0.7,0.6315864529676123,0,LONG,A,1.0,1.0,3.0,17.0,1.0,5.549428571428572
2024-05-07 18:00:00,NY,0.7,0.6188154918890493,0,LONG,B,1.0,1.0,2.0,18.0,1.0,5.45164285714288
2024-05-07 19:00:00,NY,0.7,0.6042036394039836,0,LONG,B,1.0,1.0,2.0,19.0,1.0,5.507428571428591
2024-05-07 20:00:00,NY,0.7,0.6496952151197586,0,LONG,B,1.0,1.0,2.0,20.0,1.0,5.481714285714296
2024-05-07 23:00:00,Off,0.7,0.6451946144204753,0,LONG,A,1.0,1.0,3.0,23.0,1.0,4.935071428571421
2024-05-08 00:00:00,Off,0.7,0.6871599603634333,0,LONG,A+,1.0,1.0,4.0,0.0,2.0,4.790928571428594
2024-05-10 11:00:00,London,0.7,0.7133833029500876,1,LONG,A,1.0,1.0,3.0,11.0,4.0,5.505785714285691
2024-05-10 15:00:00,London,0.7,0.7010196092959643,1,LONG,A+,1.0,1.0,4.0,15.0,4.0,7.987571428571463
2024-05-10 18:00:00,NY,0.7,0.6561513983631204,0,LONG,B,1.0,1.0,2.0,18.0,4.0,8.195571428571416
2024-05-12 22:00:00,Off,0.7,0.6234715954635881,0,LONG,B,1.0,1.0,2.0,22.0,6.0,7.47371428571429
2024-05-13 01:00:00,Off,0.7,0.6078723936388074,0,LONG,A+,1.0,1.0,4.0,1.0,0.0,7.307571428571497
2024-05-13 02:00:00,Off,0.7,0.6376553260055302,0,LONG,A,1.0,1.0,3.0,2.0,0.0,7.135928571428622
2024-05-13 03:00:00,Off,0.7,0.615045886825141,0,LONG,A+,1.0,1.0,4.0,3.0,0.0,6.348500000000058
2024-05-13 04:00:00,Off,0.7,0.6155480068124234,0,LONG,A,1.0,1.0,3.0,4.0,0.0,5.713428571428624
2024-05-13 05:00:00,Off,0.7,0.6182503771961942,0,LONG,A+,1.0,1.0,4.0,5.0,0.0,4.899714285714351
2024-05-13 06:00:00,Off,0.7,0.6632594331177705,0,LONG,A+,1.0,1.0,5.0,6.0,0.0,4.700285714285753
2024-05-13 07:00:00,London,0.7,0.6857770631455041,0,LONG,A+,1.0,1.0,5.0,7.0,0.0,4.455000000000025
2024-05-13 08:00:00,London,0.7,0.6178321953601866,0,LONG,A,1.0,1.0,3.0,8.0,0.0,4.846071428571479
2024-05-13 09:00:00,London,0.7,0.6266453031618461,0,LONG,A,1.0,1.0,3.0,9.0,0.0,4.91350000000008
2024-05-13 13:00:00,London,0.7,0.6228396981467825,0,LONG,A,1.0,1.0,3.0,13.0,0.0,5.755285714285817
2024-05-13 14:00:00,London,0.7,0.6040080656532446,0,LONG,A,1.0,1.0,3.0,14.0,0.0,5.79835714285725
2024-05-16 03:00:00,Off,0.7,0.714198040235169,0,LONG,A+,1.0,1.0,4.0,3.0,3.0,8.196714285714345
2024-05-16 05:00:00,Off,0.7,0.7048283052832284,0,LONG,A+,1.0,1.0,4.0,5.0,3.0,5.756642857142879
2024-05-16 08:00:00,London,0.7,0.673456353683733,0,LONG,A,1.0,1.0,3.0,8.0,3.0,4.853999999999977
2024-05-16 11:00:00,London,0.7,0.6611435563877569,0,LONG,B,1.0,1.0,2.0,11.0,3.0,4.98949999999994
2024-05-16 13:00:00,London,0.7,0.6528412579879318,0,LONG,A,1.0,1.0,3.0,13.0,3.0,5.8204999999999405
2024-05-16 15:00:00,London,0.7,0.7212596270204271,1,LONG,A+,1.0,1.0,4.0,15.0,3.0,6.156499999999953
2024-05-16 16:00:00,London,0.7,0.6485705971154405,0,LONG,A,1.0,1.0,3.0,16.0,3.0,6.109928571428489
2024-05-16 17:00:00,NY,0.7,0.6522282966786008,0,LONG,B,1.0,1.0,2.0,17.0,3.0,6.001785714285624
2024-05-16 22:00:00,Off,0.7,0.662043463978228,0,LONG,B,1.0,1.0,2.0,22.0,3.0,5.479785714285721
2024-05-16 23:00:00,Off,0.7,0.6801722353039857,0,LONG,B,1.0,1.0,2.0,23.0,3.0,5.187642857142854
2024-05-17 00:00:00,Off,0.7,0.6910857469527055,0,LONG,B,1.0,1.0,2.0,0.0,4.0,5.046571428571432
2024-05-17 01:00:00,Off,0.7,0.685987629825833,0,LONG,A,1.0,1.0,3.0,1.0,4.0,4.894928571428571
2024-05-17 06:00:00,Off,0.7,0.6069286562832801,0,LONG,A,1.0,1.0,3.0,6.0,4.0,3.5470714285714684
2024-05-17 08:00:00,London,0.7,0.657821284485487,0,LONG,B,1.0,1.0,2.0,8.0,4.0,3.694000000000057
2024-05-17 10:00:00,London,0.7,0.6671413926969687,0,LONG,A+,2.0,2.0,2.0,10.0,4.0,3.9129285714286
2024-05-17 11:00:00,London,0.7,0.698340754963549,0,LONG,A,1.0,1.0,3.0,11.0,4.0,4.043857142857178
2024-05-17 12:00:00,London,0.7,0.6672418769041839,0,LONG,A,1.0,1.0,3.0,12.0,4.0,4.373928571428613
2024-05-17 13:00:00,London,0.7,0.6872874842173622,0,LONG,A+,1.0,1.0,4.0,13.0,4.0,5.087214285714318
2024-05-17 14:00:00,London,0.7,0.6783551413887052,0,LONG,A,1.0,1.0,3.0,14.0,4.0,6.125928571428598
2024-05-20 00:00:00,Off,0.7,0.6290048759378504,0,LONG,B,1.0,1.0,2.0,0.0,0.0,8.792928571428645
2024-05-20 02:00:00,Off,0.7,0.6727052324735354,0,LONG,A,1.0,1.0,3.0,2.0,0.0,9.756428571428646
2024-05-20 04:00:00,Off,0.7,0.6399831176817145,0,LONG,A+,2.0,2.0,2.0,4.0,0.0,9.28571428571435
2024-05-20 09:00:00,London,0.7,0.6127873736179152,0,LONG,B,1.0,1.0,2.0,9.0,0.0,9.369785714285788
2024-05-20 12:00:00,London,0.7,0.6684504557737154,0,LONG,A+,1.0,1.0,4.0,12.0,0.0,10.420142857142894
2024-05-20 14:00:00,London,0.7,0.6569598099585788,0,LONG,A+,1.0,1.0,4.0,14.0,0.0,10.973642857142847
2024-05-20 22:00:00,Off,0.7,0.6733513696039426,0,LONG,B,1.0,1.0,2.0,22.0,0.0,9.076642857142849
2024-05-21 01:00:00,Off,0.7,0.7122177143690381,0,LONG,A+,1.0,1.0,5.0,1.0,1.0,8.994214285714309
2024-05-27 05:00:00,Off,0.7,0.5865864547999866,0,SHORT,A,1.0,1.0,3.0,5.0,0.0,4.702071428571409
2024-05-27 06:00:00,Off,0.7,0.6120386323563833,0,SHORT,A+,1.0,1.0,4.0,6.0,0.0,4.378357142857112
2024-05-27 07:00:00,London,0.7,0.6153934823541027,0,SHORT,A,1.0,1.0,3.0,7.0,0.0,4.326214285714253
2024-05-27 08:00:00,London,0.7,0.6187691775379758,0,SHORT,A+,1.0,1.0,4.0,8.0,0.0,4.708499999999958
2024-05-27 09:00:00,London,0.7,0.6445391865553954,0,SHORT,B,1.0,1.0,2.0,9.0,0.0,4.605357142857104
2024-05-27 12:00:00,London,0.7,0.6245439810080603,0,SHORT,A+,1.0,1.0,4.0,12.0,0.0,4.54099999999994
2024-05-27 13:00:00,London,0.7,0.6387279836994212,0,SHORT,A+,1.0,1.0,4.0,13.0,0.0,5.129571428571386
2024-05-27 16:00:00,London,0.7,0.636869541779686,0,SHORT,B,1.0,1.0,2.0,16.0,0.0,4.842142857142854
2024-05-27 22:00:00,Off,0.7,0.6729766259840188,0,SHORT,B,1.0,1.0,2.0,22.0,0.0,4.499285714285667
2024-05-28 00:00:00,Off,0.7,0.6433853585607894,0,SHORT,A,1.0,1.0,3.0,0.0,1.0,4.274357142857103
2024-05-28 02:00:00,Off,0.7,0.698357474659703,0,SHORT,A+,1.0,1.0,5.0,2.0,1.0,4.275785714285705
2024-05-28 04:00:00,Off,0.7,0.6722475021403788,0,SHORT,A+,1.0,1.0,4.0,4.0,1.0,4.261928571428565
2024-05-28 05:00:00,Off,0.7,0.6338188870725283,0,SHORT,A+,1.0,1.0,5.0,5.0,1.0,4.350500000000011
2024-05-28 10:00:00,London,0.7,0.676649143305009,0,SHORT,B,1.0,1.0,2.0,10.0,1.0,3.7895714285714015
2024-05-28 17:00:00,NY,0.7,0.6657715094874266,0,SHORT,A+,1.0,1.0,4.0,17.0,1.0,6.345785714285739
2024-05-28 20:00:00,NY,0.7,0.6445128475110443,0,SHORT,B,1.0,1.0,2.0,20.0,1.0,6.209285714285703
2024-05-28 22:00:00,Off,0.7,0.6823873440032798,0,SHORT,B,1.0,1.0,2.0,22.0,1.0,6.292428571428543
2024-05-29 00:00:00,Off,0.7,0.6614403013334159,0,SHORT,A,1.0,1.0,3.0,0.0,2.0,6.199571428571419
2024-05-29 03:00:00,Off,0.7,0.632412142550664,0,SHORT,A+,1.0,1.0,4.0,3.0,2.0,5.846857142857126
2024-05-29 04:00:00,Off,0.7,0.6635570822357334,0,SHORT,A,1.0,1.0,3.0,4.0,2.0,5.1487857142857205
2024-05-29 08:00:00,London,0.7,0.6222763090873921,0,SHORT,A+,1.0,1.0,4.0,8.0,2.0,4.553714285714283
2024-05-30 15:00:00,London,0.7,0.6559468923653043,0,SHORT,A+,1.0,1.0,4.0,15.0,3.0,7.620928571428554
2024-05-30 19:00:00,NY,0.7,0.6138090989230339,0,SHORT,B,1.0,1.0,2.0,19.0,3.0,6.796928571428582
2024-05-30 20:00:00,NY,0.7,0.6457104508770065,0,SHORT,B,1.0,1.0,2.0,20.0,3.0,6.294000000000032
2024-05-30 22:00:00,Off,0.7,0.6752125377282212,0,SHORT,B,1.0,1.0,2.0,22.0,3.0,6.100357142857157
2024-05-30 23:00:00,Off,0.7,0.6696713086058406,0,SHORT,A,1.0,1.0,3.0,23.0,3.0,6.053357142857164
2024-05-31 00:00:00,Off,0.7,0.7241570830738638,0,SHORT,A,1.0,1.0,3.0,0.0,4.0,5.9528571428571535
2024-05-31 01:00:00,Off,0.7,0.7071636489644856,0,SHORT,A+,1.0,1.0,5.0,1.0,4.0,5.535428571428546
2024-05-31 02:00:00,Off,0.7,0.6264123812901132,0,SHORT,A+,1.0,1.0,4.0,2.0,4.0,5.537499999999974
2024-05-31 14:00:00,London,0.7,0.6443926788761649,0,SHORT,A+,1.0,1.0,4.0,14.0,4.0,6.7296428571429
2024-05-31 15:00:00,London,0.7,0.6856487246982078,0,SHORT,A+,1.0,1.0,4.0,15.0,4.0,7.007785714285774
2024-05-31 18:00:00,NY,0.7,0.5859561192384445,0,SHORT,B,1.0,1.0,2.0,18.0,4.0,7.371428571428656
2024-06-03 18:00:00,NY,0.7,0.6073745488423943,0,SHORT,B,1.0,1.0,2.0,18.0,0.0,7.085428571428598
2024-06-03 23:00:00,Off,0.7,0.6436517429597642,0,SHORT,A+,1.0,1.0,4.0,23.0,0.0,6.003000000000027
2024-06-04 02:00:00,Off,0.7,0.6467244187276531,0,LONG,A+,1.0,1.0,4.0,2.0,1.0,6.0619285714285525
2024-06-04 04:00:00,Off,0.7,0.695126176459517,0,LONG,A+,1.0,1.0,5.0,4.0,1.0,5.4930714285714135
2024-06-04 11:00:00,London,0.7,0.6680436494632115,0,SHORT,A+,1.0,1.0,4.0,11.0,1.0,4.87950000000004
2024-06-04 12:00:00,London,0.7,0.6641622642508448,0,SHORT,A+,1.0,1.0,4.0,12.0,1.0,5.411571428571473
2024-06-05 18:00:00,NY,0.7,0.6566869224380517,0,LONG,B,1.0,1.0,2.0,18.0,2.0,6.569428571428522
2024-06-05 19:00:00,NY,0.7,0.6370448674374145,0,LONG,B,1.0,1.0,2.0,19.0,2.0,6.508428571428534
2024-06-05 20:00:00,NY,0.7,0.6422589560904582,0,LONG,B,1.0,1.0,2.0,20.0,2.0,5.948571428571411
2024-06-05 22:00:00,Off,0.7,0.6789426031247605,0,LONG,B,1.0,1.0,2.0,22.0,2.0,5.762071428571419
2024-06-05 23:00:00,Off,0.7,0.6889150710415832,0,LONG,B,1.0,1.0,2.0,23.0,2.0,5.667785714285726
2024-06-06 00:00:00,Off,0.7,0.6665649843382343,0,LONG,B,1.0,1.0,2.0,0.0,3.0,5.563071428571448
2024-06-06 02:00:00,Off,0.7,0.6343867839514673,0,LONG,A+,1.0,1.0,4.0,2.0,3.0,6.759214285714312
2024-06-06 05:00:00,Off,0.7,0.660098358512495,0,LONG,A,1.0,1.0,3.0,5.0,3.0,5.345642857142853
2024-06-06 17:00:00,NY,0.7,0.6649706297737674,0,LONG,A,1.0,1.0,3.0,17.0,3.0,6.428785714285725
2024-06-06 18:00:00,NY,0.7,0.6532211980892261,0,LONG,B,1.0,1.0,2.0,18.0,3.0,6.498714285714284
2024-06-06 19:00:00,NY,0.7,0.6456378152667064,0,LONG,B,1.0,1.0,2.0,19.0,3.0,6.440857142857177
2024-06-06 20:00:00,NY,0.7,0.6598602130336352,0,LONG,B,1.0,1.0,2.0,20.0,3.0,6.370642857142847
2024-06-07 00:00:00,Off,0.7,0.6578825040381848,0,LONG,A,1.0,1.0,3.0,0.0,4.0,5.771285714285731
2024-06-07 03:00:00,Off,0.7,0.644338364589464,0,LONG,A+,1.0,1.0,4.0,3.0,4.0,6.500714285714333
2024-06-07 04:00:00,Off,0.7,0.6571333994560729,0,LONG,A+,1.0,1.0,4.0,4.0,4.0,6.117000000000027
2024-06-07 06:00:00,Off,0.7,0.7099655122336397,0,LONG,A+,1.0,1.0,5.0,6.0,4.0,5.775642857142917
2024-06-07 07:00:00,London,0.7,0.7052171474795763,1,LONG,A,1.0,1.0,3.0,7.0,4.0,5.76900000000007
2024-06-07 09:00:00,London,0.7,0.6946039629713926,0,LONG,A,1.0,1.0,3.0,9.0,4.0,8.192500000000077
2024-06-07 10:00:00,London,0.7,0.6970300471854031,0,LONG,A,1.0,1.0,3.0,10.0,4.0,8.411785714285802
2024-06-07 12:00:00,London,0.7,0.6764616892068851,0,LONG,A,1.0,1.0,3.0,12.0,4.0,10.494857142857263
2024-06-07 14:00:00,London,0.7,0.6863673331939345,0,SHORT,A,1.0,1.0,3.0,14.0,4.0,12.7472142857144
2024-06-07 15:00:00,London,0.7,0.6798807946738433,0,SHORT,A,1.0,1.0,3.0,15.0,4.0,12.834714285714394
2024-06-07 18:00:00,NY,0.7,0.650639510008416,0,SHORT,B,1.0,1.0,2.0,18.0,4.0,13.0842857142858
2024-06-10 17:00:00,NY,0.7,0.6253285307071996,0,SHORT,B,1.0,1.0,2.0,17.0,0.0,5.9086428571428575
2024-06-10 18:00:00,NY,0.7,0.6235401853087391,0,SHORT,B,1.0,1.0,2.0,18.0,0.0,5.839000000000007
2024-06-10 20:00:00,NY,0.7,0.6216796509797038,0,SHORT,B,1.0,1.0,2.0,20.0,0.0,5.27550000000003
2024-06-10 23:00:00,Off,0.7,0.6599749317743316,0,SHORT,B,1.0,1.0,2.0,23.0,0.0,4.731071428571438
2024-06-11 00:00:00,Off,0.7,0.5912210704319768,0,SHORT,A,1.0,1.0,3.0,0.0,1.0,4.534714285714309
2024-06-11 01:00:00,Off,0.7,0.6750418604395659,0,SHORT,A+,1.0,1.0,5.0,1.0,1.0,4.946928571428608
2024-06-11 03:00:00,Off,0.7,0.5825555017323623,0,SHORT,A+,1.0,1.0,4.0,3.0,1.0,4.626142857142862
2024-06-11 05:00:00,Off,0.7,0.6772610873632233,0,SHORT,A+,1.0,1.0,5.0,5.0,1.0,4.364214285714264
2024-06-11 14:00:00,London,0.7,0.6596238032164258,0,SHORT,A+,1.0,1.0,4.0,14.0,1.0,5.847428571428542
2024-06-11 17:00:00,NY,0.7,0.7155830587500247,1,SHORT,A,1.0,1.0,3.0,17.0,1.0,5.874142857142845
2024-06-11 18:00:00,NY,0.7,0.6411566948440167,0,SHORT,B,1.0,1.0,2.0,18.0,1.0,5.9552142857142565
2024-06-11 20:00:00,NY,0.7,0.6560089653750034,0,SHORT,B,1.0,1.0,2.0,20.0,1.0,5.429857142857112
2024-06-11 23:00:00,Off,0.7,0.6547148581791075,0,SHORT,B,1.0,1.0,2.0,23.0,1.0,5.271071428571369
2024-06-12 03:00:00,Off,0.7,0.606449740074943,0,SHORT,A,1.0,1.0,3.0,3.0,2.0,4.548499999999941
2024-06-12 04:00:00,Off,0.7,0.6746396786631154,0,SHORT,B,1.0,1.0,2.0,4.0,2.0,3.9503571428571314
2024-06-12 08:00:00,London,0.7,0.6639142157498181,0,SHORT,A,1.0,1.0,3.0,8.0,2.0,3.423500000000072
2024-06-12 12:00:00,London,0.7,0.6633999457736546,0,SHORT,A+,1.0,1.0,4.0,12.0,2.0,5.063285714285745
2024-06-12 15:00:00,London,0.7,0.7143759611161319,1,SHORT,A+,1.0,1.0,4.0,15.0,2.0,7.123785714285759
2024-06-12 17:00:00,NY,0.7,0.5949231924452748,0,LONG,A,1.0,1.0,3.0,17.0,2.0,7.393571428571444
2024-06-13 00:00:00,Off,0.7,0.7003549730797577,0,LONG,B,1.0,1.0,2.0,0.0,3.0,8.761928571428532
2024-06-14 12:00:00,London,0.7,0.6725565330692989,0,SHORT,A+,1.0,1.0,4.0,12.0,4.0,5.769499999999978
2024-06-14 13:00:00,London,0.7,0.6744896067611259,0,LONG,A+,1.0,1.0,4.0,13.0,4.0,6.282142857142844
2024-06-14 14:00:00,London,0.7,0.6753660593396899,0,LONG,A,1.0,1.0,3.0,14.0,4.0,6.517571428571403
2024-06-14 17:00:00,NY,0.7,0.5949341129735838,0,LONG,A+,2.0,2.0,2.0,17.0,4.0,7.318499999999956
2024-06-14 20:00:00,NY,0.7,0.6544084638011589,0,LONG,B,1.0,1.0,2.0,20.0,4.0,6.904428571428525
2024-06-16 23:00:00,Off,0.7,0.6841700704416475,0,LONG,B,1.0,1.0,2.0,23.0,6.0,6.419928571428533
2024-06-17 00:00:00,Off,0.7,0.6587501677007945,0,LONG,B,1.0,1.0,2.0,0.0,0.0,6.149214285714249
2024-06-17 01:00:00,Off,0.7,0.6045878531905194,0,LONG,A+,1.0,1.0,4.0,1.0,0.0,5.755214285714276
2024-06-17 08:00:00,London,0.7,0.660515262485745,0,LONG,A,1.0,1.0,3.0,8.0,0.0,4.128214285714323
2024-06-17 13:00:00,London,0.7,0.6239571784941925,0,LONG,A+,1.0,1.0,4.0,13.0,0.0,4.61700000000006
2024-06-17 14:00:00,London,0.7,0.6377113622566286,0,LONG,A+,1.0,1.0,4.0,14.0,0.0,5.0195000000000425
2024-06-18 20:00:00,NY,0.7,0.6657780529006263,0,LONG,B,1.0,1.0,2.0,20.0,1.0,6.2430714285713815
2024-06-18 22:00:00,Off,0.7,0.678477826217346,0,LONG,B,1.0,1.0,2.0,22.0,1.0,6.062785714285675
2024-06-19 00:00:00,Off,0.7,0.7255306233494182,0,LONG,A,1.0,1.0,3.0,0.0,2.0,5.72599999999995
2024-06-19 03:00:00,Off,0.7,0.6382299388052963,0,LONG,A+,1.0,1.0,4.0,3.0,2.0,4.609285714285663
2024-06-19 05:00:00,Off,0.7,0.7147643931260772,0,LONG,A,1.0,1.0,3.0,5.0,2.0,3.567785714285687
2024-06-19 06:00:00,Off,0.7,0.6700340487604267,0,LONG,A,1.0,1.0,3.0,6.0,2.0,2.9435714285713988
2024-06-19 07:00:00,London,0.7,0.6635039263321632,0,LONG,A+,1.0,1.0,4.0,7.0,2.0,2.8456428571428205
2024-06-19 09:00:00,London,0.7,0.6235717186563653,0,LONG,A+,1.0,1.0,4.0,9.0,2.0,2.8016428571428214
2024-06-19 10:00:00,London,0.7,0.643411641022528,0,LONG,A+,1.0,1.0,4.0,10.0,2.0,2.788642857142804
2024-06-19 11:00:00,London,0.7,0.7134999540096496,1,LONG,A+,1.0,1.0,5.0,11.0,2.0,3.0465714285713994
2024-06-20 07:00:00,London,0.7,0.6990102111255372,0,LONG,A+,1.0,1.0,4.0,7.0,3.0,4.199785714285651
2024-06-20 09:00:00,London,0.7,0.6536078852203298,0,LONG,A,1.0,1.0,3.0,9.0,3.0,4.262999999999953
2024-06-20 11:00:00,London,0.7,0.6891909485595984,0,LONG,A,1.0,1.0,3.0,11.0,3.0,4.7438571428571255
2024-06-20 12:00:00,London,0.7,0.6558400931920662,0,LONG,A+,1.0,1.0,4.0,12.0,3.0,5.265785714285714
2024-06-20 14:00:00,London,0.7,0.6773475998732781,0,LONG,A,1.0,1.0,3.0,14.0,3.0,7.061571428571402
2024-06-20 17:00:00,NY,0.7,0.5766824466913175,0,LONG,B,1.0,1.0,2.0,17.0,3.0,7.467214285714265
2024-06-20 18:00:00,NY,0.7,0.6122988072308756,0,LONG,B,1.0,1.0,2.0,18.0,3.0,7.221500000000008
2024-06-20 23:00:00,Off,0.7,0.6527457144224704,0,LONG,B,1.0,1.0,2.0,23.0,3.0,6.185642857142836
2024-06-21 00:00:00,Off,0.7,0.6550105224401198,0,LONG,A,1.0,1.0,3.0,0.0,4.0,6.180499999999971
2024-06-21 02:00:00,Off,0.7,0.6783866939379806,0,LONG,A+,1.0,1.0,4.0,2.0,4.0,6.162785714285682
2024-06-21 05:00:00,Off,0.7,0.6746100256968273,0,LONG,A+,1.0,1.0,4.0,5.0,4.0,4.106357142857113
2024-06-21 12:00:00,London,0.7,0.7049736975173024,1,LONG,A+,1.0,1.0,4.0,12.0,4.0,4.8316428571428265
2024-06-21 14:00:00,London,0.7,0.6153209372031447,0,LONG,A,1.0,1.0,3.0,14.0,4.0,7.3092142857142335
2024-06-21 16:00:00,London,0.7,0.6929022194339922,0,LONG,A,1.0,1.0,3.0,16.0,4.0,7.780428571428501
2024-06-25 11:00:00,London,0.7,0.6781824244760352,0,SHORT,A+,1.0,1.0,4.0,11.0,1.0,4.7591428571429
2024-06-25 12:00:00,London,0.7,0.6616316906796145,0,SHORT,A+,1.0,1.0,4.0,12.0,1.0,5.025928571428592
2024-06-25 14:00:00,London,0.7,0.6505013027183334,0,SHORT,A+,1.0,1.0,4.0,14.0,1.0,5.845428571428556
2024-06-25 15:00:00,London,0.7,0.669874578756361,0,SHORT,A+,1.0,1.0,4.0,15.0,1.0,6.160000000000017
2024-06-27 17:00:00,NY,0.7,0.6169279803023116,0,SHORT,B,1.0,1.0,2.0,17.0,3.0,5.291999999999981
2024-06-28 00:00:00,Off,0.7,0.6433115185819273,0,SHORT,B,1.0,1.0,2.0,0.0,4.0,4.650714285714295
2024-06-28 02:00:00,Off,0.7,0.640128566392723,0,LONG,A,1.0,1.0,3.0,2.0,4.0,4.792714285714283
2024-06-28 05:00:00,Off,0.7,0.6857855334240952,0,LONG,A,1.0,1.0,3.0,5.0,4.0,3.99685714285712
2024-06-28 07:00:00,London,0.7,0.7029495324018801,1,LONG,A,1.0,1.0,3.0,7.0,4.0,3.7765714285714176
2024-06-28 09:00:00,London,0.7,0.6802881128986933,0,LONG,A,1.0,1.0,3.0,9.0,4.0,3.8309285714285903
2024-06-28 10:00:00,London,0.7,0.6878701915533273,0,LONG,A+,1.0,1.0,4.0,10.0,4.0,4.208571428571466
2024-06-28 11:00:00,London,0.7,0.6872427857715167,0,LONG,A,1.0,1.0,3.0,11.0,4.0,4.260571428571471
2024-06-28 14:00:00,London,0.7,0.6850499025448102,0,LONG,A+,1.0,1.0,4.0,14.0,4.0,5.82664285714288
2024-06-28 16:00:00,London,0.7,0.6816111108694771,0,LONG,A+,1.0,1.0,4.0,16.0,4.0,5.912285714285742
2024-06-28 17:00:00,NY,0.7,0.6638212347895044,0,LONG,B,1.0,1.0,2.0,17.0,4.0,6.0629285714286265
2024-06-28 20:00:00,NY,0.7,0.6205306850028196,0,LONG,B,1.0,1.0,2.0,20.0,4.0,5.998142857142933
2024-06-30 23:00:00,Off,0.7,0.6400028501786541,0,LONG,B,1.0,1.0,2.0,23.0,6.0,5.80628571428578
2024-07-01 01:00:00,Off,0.7,0.6184731634737778,0,LONG,A,1.0,1.0,3.0,1.0,0.0,5.642142857142907
2024-07-01 03:00:00,Off,0.7,0.5944876258450852,0,LONG,A,1.0,1.0,3.0,3.0,0.0,5.241928571428681
2024-07-01 04:00:00,Off,0.7,0.5910776890243912,0,LONG,A+,1.0,1.0,4.0,4.0,0.0,4.631785714285797
2024-07-02 14:00:00,London,0.7,0.6584473969233628,0,LONG,A+,1.0,1.0,4.0,14.0,1.0,6.218642857142901
2024-07-02 15:00:00,London,0.7,0.685530921844743,0,LONG,A+,1.0,1.0,4.0,15.0,1.0,6.445357142857184
2024-07-03 01:00:00,Off,0.7,0.6583997205811962,0,LONG,A+,1.0,1.0,4.0,1.0,2.0,5.085714285714305
2024-07-03 03:00:00,Off,0.7,0.5828660952325762,0,LONG,A,1.0,1.0,3.0,3.0,2.0,4.60864285714287
2024-07-03 04:00:00,Off,0.7,0.6626368794119497,0,LONG,A+,1.0,1.0,4.0,4.0,2.0,4.104857142857132
2024-07-03 05:00:00,Off,0.7,0.6060395594131771,0,LONG,A+,1.0,1.0,4.0,5.0,2.0,3.45985714285715
2024-07-03 07:00:00,London,0.7,0.703264739071854,1,LONG,A+,1.0,1.0,5.0,7.0,2.0,3.9117857142857377
2024-07-03 08:00:00,London,0.7,0.7112243320269869,1,LONG,A+,1.0,1.0,5.0,8.0,2.0,4.0088571428571935
2024-07-03 10:00:00,London,0.7,0.7110461229950996,1,LONG,A+,1.0,1.0,5.0,10.0,2.0,4.125071428571475
2024-07-03 12:00:00,London,0.7,0.7267280042710046,1,LONG,A+,1.0,1.0,5.0,12.0,2.0,4.962214285714318
2024-07-03 13:00:00,London,0.7,0.6866824557422766,0,LONG,A,1.0,1.0,3.0,13.0,2.0,5.638642857142876
2024-07-03 15:00:00,London,0.7,0.6623134694227841,0,LONG,A+,1.0,1.0,4.0,15.0,2.0,6.239571428571447
2024-07-03 17:00:00,NY,0.7,0.6381361054426369,0,LONG,B,1.0,1.0,2.0,17.0,2.0,6.692571428571455
2024-07-03 18:00:00,NY,0.7,0.6515523170877193,0,LONG,B,1.0,1.0,2.0,18.0,2.0,6.632000000000062
2024-07-03 19:00:00,NY,0.7,0.6436275873826547,0,LONG,B,1.0,1.0,2.0,19.0,2.0,6.573571428571476
2024-07-03 23:00:00,Off,0.7,0.6512414395181193,0,LONG,B,1.0,1.0,2.0,23.0,2.0,5.5765714285714365
2024-07-04 05:00:00,Off,0.7,0.6557157840231738,0,LONG,A+,1.0,1.0,4.0,5.0,3.0,3.742142857142881
2024-07-08 01:00:00,Off,0.7,0.6846388685077905,0,LONG,A+,1.0,1.0,4.0,1.0,0.0,7.904357142857147
2024-07-08 03:00:00,Off,0.7,0.6008434931619225,0,LONG,A,1.0,1.0,3.0,3.0,0.0,6.245928571428554
2024-07-08 05:00:00,Off,0.7,0.6192990355976425,0,LONG,A,1.0,1.0,3.0,5.0,0.0,5.083428571428548
2024-07-08 07:00:00,London,0.7,0.6029773111089521,0,LONG,A,1.0,1.0,3.0,7.0,0.0,4.97335714285714
2024-07-08 08:00:00,London,0.7,0.6157206452276739,0,LONG,A,1.0,1.0,3.0,8.0,0.0,5.088357142857116
2024-07-08 09:00:00,London,0.7,0.6221275189606608,0,LONG,A,1.0,1.0,3.0,9.0,0.0,4.947499999999958
2024-07-08 10:00:00,London,0.7,0.6423636375662237,0,LONG,B,1.0,1.0,2.0,10.0,0.0,4.93235714285707
2024-07-08 13:00:00,London,0.7,0.6268055068770633,0,LONG,A+,1.0,1.0,4.0,13.0,0.0,5.290357142857049
2024-07-10 14:00:00,London,0.7,0.6579272265473567,0,LONG,A,1.0,1.0,3.0,14.0,2.0,4.931928571428476
2024-07-10 18:00:00,NY,0.7,0.6579421075809309,0,LONG,B,1.0,1.0,2.0,18.0,2.0,5.473357142857042
2024-07-10 22:00:00,Off,0.7,0.7257508830208467,0,LONG,B,1.0,1.0,2.0,22.0,2.0,4.980642857142747
2024-07-11 06:00:00,Off,0.7,0.6692612627270073,0,LONG,A+,1.0,1.0,5.0,6.0,3.0,3.2911428571428587
2024-07-11 08:00:00,London,0.7,0.7167945468978137,1,LONG,A+,1.0,1.0,5.0,8.0,3.0,2.9257857142856665
2024-07-11 09:00:00,London,0.7,0.6313294199329692,0,LONG,A+,1.0,1.0,4.0,9.0,3.0,2.891999999999988
2024-07-11 13:00:00,London,0.7,0.6599951109354892,0,LONG,A,1.0,1.0,3.0,13.0,3.0,6.51749999999996
2024-07-11 14:00:00,London,0.7,0.6424195768841723,0,LONG,A,1.0,1.0,3.0,14.0,3.0,7.270071428571392
2024-07-11 17:00:00,NY,0.7,0.6785136394416275,0,LONG,A,1.0,1.0,3.0,17.0,3.0,8.438499999999976
2024-07-11 20:00:00,NY,0.7,0.6561567959096243,0,LONG,B,1.0,1.0,2.0,20.0,3.0,8.42985714285708
2024-07-11 23:00:00,Off,0.7,0.6554523792920351,0,LONG,B,1.0,1.0,2.0,23.0,3.0,8.435642857142836
2024-07-12 00:00:00,Off,0.7,0.6887746775236481,0,LONG,A,1.0,1.0,3.0,0.0,4.0,8.580214285714224
2024-07-12 04:00:00,Off,0.7,0.6880282614238328,0,LONG,B,1.0,1.0,2.0,4.0,4.0,5.590642857142841
2024-07-12 05:00:00,Off,0.7,0.6818815789965204,0,LONG,A+,1.0,1.0,4.0,5.0,4.0,4.959285714285703
2024-07-12 07:00:00,London,0.7,0.6688650438217686,0,LONG,A+,1.0,1.0,4.0,7.0,4.0,4.355999999999962
2024-07-12 11:00:00,London,0.7,0.6662861182344321,0,LONG,A+,1.0,1.0,4.0,11.0,4.0,4.555714285714235
2024-07-12 13:00:00,London,0.7,0.7257031848304881,1,LONG,A+,1.0,1.0,4.0,13.0,4.0,5.563214285714269
2024-07-12 18:00:00,NY,0.7,0.6521268019604627,0,LONG,B,1.0,1.0,2.0,18.0,4.0,5.971714285714272
2024-07-14 23:00:00,Off,0.7,0.6484233824733042,0,LONG,A,1.0,1.0,3.0,23.0,6.0,5.405071428571448
2024-07-15 01:00:00,Off,0.7,0.5966491227196824,0,LONG,A+,1.0,1.0,4.0,1.0,0.0,5.199785714285748
2024-07-15 03:00:00,Off,0.7,0.617819367158137,0,LONG,A,1.0,1.0,3.0,3.0,0.0,4.399000000000017
2024-07-15 04:00:00,Off,0.7,0.6554728381533996,0,LONG,A,1.0,1.0,3.0,4.0,0.0,3.954357142857134
2024-07-15 07:00:00,London,0.7,0.6660682701356433,0,LONG,A+,1.0,1.0,4.0,7.0,0.0,4.014714285714296
2024-07-15 11:00:00,London,0.7,0.6239735978273526,0,LONG,A+,1.0,1.0,4.0,11.0,0.0,4.66150000000003
2024-07-15 14:00:00,London,0.7,0.6812448187341441,0,LONG,A+,1.0,1.0,5.0,14.0,0.0,5.953285714285747
2024-07-15 15:00:00,London,0.7,0.6246897722156219,0,LONG,A,1.0,1.0,3.0,15.0,0.0,5.999500000000028
2024-07-15 23:00:00,Off,0.7,0.6293176636814412,0,LONG,B,1.0,1.0,2.0,23.0,0.0,6.004642857142926
2024-07-16 01:00:00,Off,0.7,0.7235483249455601,0,LONG,A+,1.0,1.0,5.0,1.0,1.0,5.966071428571468
2024-07-16 04:00:00,Off,0.7,0.6584850226393644,0,LONG,A+,1.0,1.0,4.0,4.0,1.0,5.435357142857161
2024-07-16 06:00:00,Off,0.7,0.63121740582108,0,LONG,A,1.0,1.0,3.0,6.0,1.0,4.752571428571433
2024-07-16 07:00:00,London,0.7,0.6070242675375113,0,LONG,A+,1.0,1.0,4.0,7.0,1.0,4.511785714285679
2024-07-16 09:00:00,London,0.7,0.6543229179945319,0,LONG,A+,1.0,1.0,4.0,9.0,1.0,4.402285714285687
2024-07-16 12:00:00,London,0.7,0.7028000574967648,1,LONG,A+,1.0,1.0,5.0,12.0,1.0,5.589714285714308
2024-07-16 13:00:00,London,0.7,0.6617484503392637,0,LONG,A+,1.0,1.0,5.0,13.0,1.0,6.679142857142876
2024-07-16 14:00:00,London,0.7,0.5920618131221616,0,LONG,A+,1.0,1.0,4.0,14.0,1.0,7.429785714285766
2024-07-16 15:00:00,London,0.7,0.679889889618275,0,LONG,A+,1.0,1.0,4.0,15.0,1.0,7.9234285714285955
2024-07-16 18:00:00,NY,0.7,0.6524360216879335,0,LONG,B,1.0,1.0,2.0,18.0,1.0,8.226928571428646
2024-07-16 19:00:00,NY,0.7,0.6323933958799492,0,LONG,B,1.0,1.0,2.0,19.0,1.0,8.287142857142953
2024-07-16 23:00:00,Off,0.7,0.6482381903580702,0,LONG,A+,2.0,2.0,2.0,23.0,1.0,7.681357142857223
2024-07-17 00:00:00,Off,0.7,0.663802682095658,0,LONG,B,1.0,1.0,2.0,0.0,2.0,7.599500000000067
2024-07-17 01:00:00,Off,0.7,0.6845410523338307,0,LONG,A,1.0,1.0,3.0,1.0,2.0,8.24264285714295
2024-07-17 06:00:00,Off,0.7,0.625058199632783,0,LONG,A+,1.0,1.0,4.0,6.0,2.0,6.593642857142901
2024-07-17 08:00:00,London,0.7,0.6816946992657026,0,LONG,A+,1.0,1.0,4.0,8.0,2.0,6.870285714285761
2024-07-17 10:00:00,London,0.7,0.6581855666491174,0,LONG,B,1.0,1.0,2.0,10.0,2.0,7.281714285714282
2024-07-17 13:00:00,London,0.7,0.6797663679385209,0,LONG,A+,1.0,1.0,4.0,13.0,2.0,8.414285714285695
2024-07-17 15:00:00,London,0.7,0.675590892941947,0,LONG,A+,1.0,1.0,4.0,15.0,2.0,9.178357142857132
2024-07-17 16:00:00,London,0.7,0.6824914072506453,0,LONG,A+,1.0,1.0,4.0,16.0,2.0,9.138571428571463
2024-07-17 17:00:00,NY,0.7,0.666452855062255,0,LONG,B,1.0,1.0,2.0,17.0,2.0,8.91114285714288
2024-07-23 12:00:00,London,0.7,0.6537006242674027,0,SHORT,A+,1.0,1.0,4.0,12.0,1.0,5.495714285714387
2024-07-23 14:00:00,London,0.7,0.6651308434024437,0,SHORT,A+,1.0,1.0,4.0,14.0,1.0,6.1845714285714815
2024-07-23 16:00:00,London,0.7,0.6508270707088064,0,SHORT,B,1.0,1.0,2.0,16.0,1.0,6.033357142857183
2024-07-23 17:00:00,NY,0.7,0.6468498779982688,0,SHORT,B,1.0,1.0,2.0,17.0,1.0,6.109642857142847
2024-07-23 18:00:00,NY,0.7,0.6111270523969778,0,SHORT,B,1.0,1.0,2.0,18.0,1.0,6.007214285714261
2024-07-23 20:00:00,NY,0.7,0.6175486965218459,0,SHORT,B,1.0,1.0,2.0,20.0,1.0,5.772428571428561
2024-07-23 22:00:00,Off,0.7,0.667354245873955,0,SHORT,B,1.0,1.0,2.0,22.0,1.0,5.230642857142844
2024-07-24 03:00:00,Off,0.7,0.6306174491072589,0,SHORT,A+,1.0,1.0,4.0,3.0,2.0,4.828214285714304
2024-07-24 04:00:00,Off,0.7,0.6483033290789214,0,SHORT,A+,1.0,1.0,4.0,4.0,2.0,4.478428571428594
2024-07-24 07:00:00,London,0.7,0.6822662124900641,0,SHORT,A+,1.0,1.0,5.0,7.0,2.0,4.441142857142885
2024-07-24 09:00:00,London,0.7,0.6457852224054085,0,SHORT,B,1.0,1.0,2.0,9.0,2.0,4.544928571428597
2024-07-24 10:00:00,London,0.7,0.6544503244480788,0,SHORT,B,1.0,1.0,2.0,10.0,2.0,4.5961428571428575
2024-07-24 11:00:00,London,0.7,0.6716621562097562,0,SHORT,A,1.0,1.0,3.0,11.0,2.0,4.779785714285708
2024-07-24 12:00:00,London,0.7,0.6633999457736546,0,SHORT,A+,1.0,1.0,4.0,12.0,2.0,5.081000000000001
2024-07-24 13:00:00,London,0.7,0.662129666458589,0,SHORT,A+,1.0,1.0,4.0,13.0,2.0,5.90414285714285
2024-07-24 18:00:00,NY,0.7,0.6469016548447727,0,LONG,A+,1.0,1.0,4.0,18.0,2.0,7.162857142857125
2024-07-24 19:00:00,NY,0.7,0.584499757764988,0,SHORT,A,1.0,1.0,3.0,19.0,2.0,7.55657142857139
2024-07-25 00:00:00,Off,0.7,0.6667061436922423,0,SHORT,B,1.0,1.0,2.0,0.0,3.0,7.220000000000027
2024-07-25 02:00:00,Off,0.7,0.6706990772686147,0,SHORT,A,1.0,1.0,3.0,2.0,3.0,9.26992857142857
2024-07-25 03:00:00,Off,0.7,0.7007648220618081,0,SHORT,A,1.0,1.0,3.0,3.0,3.0,9.482571428571418
2024-07-25 08:00:00,London,0.7,0.6614409411823958,0,SHORT,B,1.0,1.0,2.0,8.0,3.0,8.538071428571389
2024-07-25 14:00:00,London,0.7,0.6729024585155686,0,SHORT,A,1.0,1.0,3.0,14.0,3.0,11.32950000000002
2024-07-25 15:00:00,London,0.7,0.6600402908931858,0,SHORT,A,1.0,1.0,3.0,15.0,3.0,9.671714285714286
2024-07-25 16:00:00,London,0.7,0.634708953998069,0,SHORT,B,1.0,1.0,2.0,16.0,3.0,9.405714285714309
2024-07-26 16:00:00,London,0.7,0.6662600199490484,0,SHORT,A,1.0,1.0,3.0,16.0,4.0,6.239500000000005
2024-07-26 18:00:00,NY,0.7,0.6557187325318489,0,SHORT,B,1.0,1.0,2.0,18.0,4.0,6.354785714285721
2024-07-29 00:00:00,Off,0.7,0.619088139367056,0,SHORT,A,1.0,1.0,3.0,0.0,0.0,6.677499999999976
2024-07-29 01:00:00,Off,0.7,0.6119753439112542,0,SHORT,A,1.0,1.0,3.0,1.0,0.0,7.47171428571424
2024-07-29 05:00:00,Off,0.7,0.5992840859042712,0,SHORT,B,1.0,1.0,2.0,5.0,0.0,6.2127142857142905
2024-07-29 07:00:00,London,0.7,0.6166667745955875,0,SHORT,A,1.0,1.0,3.0,7.0,0.0,5.993428571428597
2024-07-29 13:00:00,London,0.7,0.6465975044512706,0,SHORT,A,1.0,1.0,3.0,13.0,0.0,5.635857142857178
2024-07-29 14:00:00,London,0.7,0.6373719452361944,0,SHORT,A,1.0,1.0,3.0,14.0,0.0,6.3054285714285925
2024-07-29 15:00:00,London,0.7,0.6534013778200795,0,SHORT,A+,1.0,1.0,4.0,15.0,0.0,6.280357142857189
2024-07-29 16:00:00,London,0.7,0.6302467259065792,0,SHORT,B,1.0,1.0,2.0,16.0,0.0,6.332857142857165
2024-07-29 20:00:00,NY,0.7,0.6178833538993035,0,SHORT,B,1.0,1.0,2.0,20.0,0.0,6.580714285714261
2024-07-29 23:00:00,Off,0.7,0.6796969935292039,0,SHORT,A,1.0,1.0,3.0,23.0,0.0,6.258214285714238
2024-07-30 01:00:00,Off,0.7,0.6453489977615885,0,SHORT,A+,1.0,1.0,5.0,1.0,1.0,6.441214285714263
2024-07-30 04:00:00,Off,0.7,0.6635628351361609,0,SHORT,A+,1.0,1.0,4.0,4.0,1.0,5.720785714285674
2024-07-30 07:00:00,London,0.7,0.6632741329490851,0,SHORT,A+,1.0,1.0,4.0,7.0,1.0,4.164428571428516
2024-07-30 10:00:00,London,0.7,0.677642666662769,0,SHORT,B,1.0,1.0,2.0,10.0,1.0,3.6522857142856537
2024-07-30 11:00:00,London,0.7,0.6456009398775366,0,SHORT,B,1.0,1.0,2.0,11.0,1.0,3.791857142857095
2024-07-30 15:00:00,London,0.7,0.6333099732494968,0,SHORT,A,1.0,1.0,3.0,15.0,1.0,4.965857142857105
2024-07-30 22:00:00,Off,0.7,0.6916494204291287,0,LONG,B,1.0,1.0,2.0,22.0,1.0,6.522285714285674
2024-07-30 23:00:00,Off,0.7,0.66209084473209,0,LONG,B,1.0,1.0,2.0,23.0,1.0,6.435071428571389
2024-07-31 00:00:00,Off,0.7,0.6768323667885919,0,LONG,B,1.0,1.0,2.0,0.0,2.0,6.428571428571396
2024-07-31 01:00:00,Off,0.7,0.6640528849530778,0,LONG,A+,1.0,1.0,4.0,1.0,2.0,6.698928571428561
2024-07-31 04:00:00,Off,0.7,0.6728311008571563,0,LONG,A,1.0,1.0,3.0,4.0,2.0,7.010142857142845
2024-07-31 07:00:00,London,0.7,0.6655938198777757,0,LONG,A,1.0,1.0,3.0,7.0,2.0,6.094000000000018
2024-07-31 08:00:00,London,0.7,0.656835641248755,0,LONG,A,1.0,1.0,3.0,8.0,2.0,5.7347857142857
2024-07-31 11:00:00,London,0.7,0.6590808583013644,0,LONG,B,1.0,1.0,2.0,11.0,2.0,5.7807857142857495
2024-07-31 13:00:00,London,0.7,0.6522754885318021,0,LONG,A,1.0,1.0,3.0,13.0,2.0,6.545285714285748
2024-07-31 19:00:00,NY,0.7,0.6367557885526264,0,LONG,A+,1.0,1.0,4.0,19.0,2.0,7.723357142857172
2024-08-01 00:00:00,Off,0.7,0.6536595846600556,0,LONG,B,1.0,1.0,2.0,0.0,3.0,6.969000000000018
2024-08-01 04:00:00,Off,0.7,0.6884923786022238,0,LONG,B,1.0,1.0,2.0,4.0,3.0,7.698928571428594
2024-08-02 10:00:00,London,0.7,0.6729559198177367,0,LONG,B,1.0,1.0,2.0,10.0,4.0,6.693857142857204
2024-08-02 14:00:00,London,0.7,0.6940045236583436,0,LONG,A+,1.0,1.0,4.0,14.0,4.0,11.930714285714332
2024-08-09 06:00:00,Off,0.7,0.6501822250341223,0,LONG,A,1.0,1.0,3.0,6.0,4.0,5.18999999999999
2024-08-09 07:00:00,London,0.7,0.6795628088190465,0,LONG,A,1.0,1.0,3.0,7.0,4.0,5.164285714285695
2024-08-09 08:00:00,London,0.7,0.7016343790607138,1,LONG,A,1.0,1.0,3.0,8.0,4.0,4.832999999999986
2024-08-09 10:00:00,London,0.7,0.686427428358014,0,LONG,A,1.0,1.0,3.0,10.0,4.0,5.120285714285728
2024-08-09 12:00:00,London,0.7,0.7035350083006318,1,LONG,A+,1.0,1.0,4.0,12.0,4.0,5.527285714285654
2024-08-09 13:00:00,London,0.7,0.6860203143903427,0,LONG,A+,1.0,1.0,4.0,13.0,4.0,6.141214285714243
2024-08-09 14:00:00,London,0.7,0.665877331289034,0,LONG,A+,1.0,1.0,4.0,14.0,4.0,6.701714285714226
2024-08-09 16:00:00,London,0.7,0.6714212147432579,0,LONG,A,1.0,1.0,3.0,16.0,4.0,6.646142857142747
2024-08-09 20:00:00,NY,0.7,0.7253533895200526,1,LONG,B,1.0,1.0,2.0,20.0,4.0,6.280357142857058
2024-08-12 06:00:00,Off,0.7,0.6140826330622189,0,LONG,A,1.0,1.0,3.0,6.0,0.0,4.421357142857167
2024-08-12 07:00:00,London,0.7,0.6204067918688261,0,LONG,A,1.0,1.0,3.0,7.0,0.0,4.434142857142888
2024-08-12 09:00:00,London,0.7,0.6213517402076182,0,LONG,A,1.0,1.0,3.0,9.0,0.0,4.323928571428594
2024-08-12 10:00:00,London,0.7,0.6360003445627608,0,LONG,B,1.0,1.0,2.0,10.0,0.0,4.365428571428603
2024-08-12 11:00:00,London,0.7,0.6265829858389786,0,LONG,A+,1.0,1.0,4.0,11.0,0.0,4.539785714285764
2024-08-12 13:00:00,London,0.7,0.6668489276919839,0,LONG,A+,1.0,1.0,5.0,13.0,0.0,5.2652142857143
2024-08-12 16:00:00,London,0.7,0.6528029973238487,0,LONG,A+,1.0,1.0,4.0,16.0,0.0,6.2920714285714565
2024-08-12 17:00:00,NY,0.7,0.6443877827144626,0,LONG,A+,1.0,1.0,4.0,17.0,0.0,6.51700000000002
2024-08-12 18:00:00,NY,0.7,0.6408592730374231,0,LONG,B,1.0,1.0,2.0,18.0,0.0,6.465785714285728
2024-08-12 20:00:00,NY,0.7,0.6311092405167167,0,LONG,B,1.0,1.0,2.0,20.0,0.0,6.161428571428554
2024-08-12 22:00:00,Off,0.7,0.6495940070093256,0,LONG,B,1.0,1.0,2.0,22.0,0.0,5.913571428571426
2024-08-12 23:00:00,Off,0.7,0.6346624979303477,0,LONG,B,1.0,1.0,2.0,23.0,0.0,5.84414285714284
2024-08-13 08:00:00,London,0.7,0.6466580210565557,0,LONG,A,1.0,1.0,3.0,8.0,1.0,5.234285714285696
2024-08-13 09:00:00,London,0.7,0.6551935951588891,0,LONG,B,1.0,1.0,2.0,9.0,1.0,5.137000000000008
2024-08-13 12:00:00,London,0.7,0.6602245569055193,0,LONG,A+,1.0,1.0,4.0,12.0,1.0,5.711785714285725
2024-08-13 17:00:00,NY,0.7,0.6700429613325434,0,LONG,B,1.0,1.0,2.0,17.0,1.0,6.281071428571424
2024-08-13 18:00:00,NY,0.7,0.6556118514049951,0,LONG,B,1.0,1.0,2.0,18.0,1.0,6.116428571428579
2024-08-14 01:00:00,Off,0.7,0.6169123452535166,0,LONG,A+,1.0,1.0,4.0,1.0,2.0,6.069857142857082
2024-08-14 14:00:00,London,0.7,0.696905233860586,0,LONG,A+,1.0,1.0,5.0,14.0,2.0,8.138571428571368
2024-08-14 15:00:00,London,0.7,0.6850732143820701,0,LONG,A+,1.0,1.0,4.0,15.0,2.0,8.300499999999927
2024-08-18 23:00:00,Off,0.7,0.6690571549474821,0,LONG,B,1.0,1.0,2.0,23.0,6.0,8.537571428571352
2024-08-19 00:00:00,Off,0.7,0.6831221953320796,0,LONG,A,1.0,1.0,3.0,0.0,0.0,8.772071428571378
2024-08-19 01:00:00,Off,0.7,0.6993518152780994,0,LONG,A+,1.0,1.0,5.0,1.0,0.0,9.185357142857097
2024-08-19 02:00:00,Off,0.7,0.6730258524584841,0,LONG,A,1.0,1.0,3.0,2.0,0.0,9.194142857142811
2024-08-19 03:00:00,Off,0.7,0.673697710469971,0,LONG,A,1.0,1.0,3.0,3.0,0.0,8.064857142857136
2024-08-19 05:00:00,Off,0.7,0.6117012829609032,0,LONG,A+,1.0,1.0,4.0,5.0,0.0,6.266785714285724
2024-08-19 08:00:00,London,0.7,0.6431217139126215,0,LONG,B,1.0,1.0,2.0,8.0,0.0,5.955428571428586
2024-08-19 09:00:00,London,0.7,0.6144096952257634,0,LONG,A,1.0,1.0,3.0,9.0,0.0,5.750214285714297
2024-08-19 17:00:00,NY,0.7,0.6238019474282406,0,LONG,B,1.0,1.0,2.0,17.0,0.0,6.679571428571437
2024-08-19 18:00:00,NY,0.7,0.6408592730374231,0,LONG,B,1.0,1.0,2.0,18.0,0.0,6.4310714285714505
2024-08-19 19:00:00,NY,0.7,0.6266298154455856,0,LONG,B,1.0,1.0,2.0,19.0,0.0,6.393500000000033
2024-08-19 22:00:00,Off,0.7,0.6507392010843147,0,LONG,B,1.0,1.0,2.0,22.0,0.0,5.970571428571475
2024-08-20 00:00:00,Off,0.7,0.6629801124035699,0,LONG,A,1.0,1.0,3.0,0.0,1.0,5.710785714285748
2024-08-20 05:00:00,Off,0.7,0.681856324040923,0,LONG,A+,1.0,1.0,4.0,5.0,1.0,3.886214285714297
2024-08-20 07:00:00,London,0.7,0.6155465451245441,0,LONG,A+,1.0,1.0,4.0,7.0,1.0,4.679214285714287
2024-08-20 08:00:00,London,0.7,0.6463000269806807,0,LONG,A+,1.0,1.0,4.0,8.0,1.0,4.9361428571428405
2024-08-20 11:00:00,London,0.7,0.652669989113992,0,LONG,A+,1.0,1.0,4.0,11.0,1.0,5.383571428571356
2024-08-20 14:00:00,London,0.7,0.6712893791308067,0,LONG,A+,1.0,1.0,4.0,14.0,1.0,6.896642857142784
2024-08-20 16:00:00,London,0.7,0.6804741461202488,0,LONG,A+,1.0,1.0,4.0,16.0,1.0,8.122714285714242
2024-08-20 19:00:00,NY,0.7,0.6429353452797321,0,LONG,B,1.0,1.0,2.0,19.0,1.0,8.564071428571392
2024-08-20 20:00:00,NY,0.7,0.6922865066672924,0,LONG,B,1.0,1.0,2.0,20.0,1.0,8.176357142857082
2024-08-20 23:00:00,Off,0.7,0.6817978510250601,0,LONG,A,1.0,1.0,3.0,23.0,1.0,6.953499999999979
2024-08-21 00:00:00,Off,0.7,0.688259287488348,0,LONG,A,1.0,1.0,3.0,0.0,2.0,6.813714285714274
2024-08-21 01:00:00,Off,0.7,0.6964107930937262,0,LONG,A+,1.0,1.0,5.0,1.0,2.0,7.023285714285684
2024-08-21 02:00:00,Off,0.7,0.6712315849930541,0,LONG,A+,1.0,1.0,4.0,2.0,2.0,6.955142857142846
2024-08-21 05:00:00,Off,0.7,0.7055776985623956,0,LONG,A+,1.0,1.0,4.0,5.0,2.0,5.85542857142858
2024-08-21 06:00:00,Off,0.7,0.6554126000166204,0,LONG,A+,1.0,1.0,4.0,6.0,2.0,5.119428571428573
2024-08-21 10:00:00,London,0.7,0.6739238163905613,0,LONG,B,1.0,1.0,2.0,10.0,2.0,4.947071428571462
2024-08-26 17:00:00,NY,0.7,0.6599249898334196,0,LONG,B,1.0,1.0,2.0,17.0,0.0,5.6545000000000005
2024-08-26 19:00:00,NY,0.7,0.6011383301911629,0,LONG,B,1.0,1.0,2.0,19.0,0.0,5.911571428571441
2024-08-26 20:00:00,NY,0.7,0.6116207086983025,0,LONG,B,1.0,1.0,2.0,20.0,0.0,5.630214285714276
2024-08-26 22:00:00,Off,0.7,0.6392445902024886,0,LONG,B,1.0,1.0,2.0,22.0,0.0,5.169357142857117
2024-08-27 01:00:00,Off,0.7,0.6494612453603502,0,LONG,A+,1.0,1.0,5.0,1.0,1.0,5.208928571428585
2024-08-27 02:00:00,Off,0.7,0.6225611637247002,0,LONG,A+,1.0,1.0,4.0,2.0,1.0,5.102714285714326
2024-08-27 03:00:00,Off,0.7,0.6292513152785648,0,LONG,A+,1.0,1.0,4.0,3.0,1.0,5.02292857142863
2024-08-27 05:00:00,Off,0.7,0.6529606779525238,0,LONG,A+,1.0,1.0,4.0,5.0,1.0,4.381071428571464
2024-08-27 06:00:00,Off,0.7,0.708568353801083,0,LONG,A+,1.0,1.0,5.0,6.0,1.0,4.283642857142922
2024-08-27 10:00:00,London,0.7,0.6435389338156278,0,LONG,A+,1.0,1.0,4.0,10.0,1.0,4.94485714285718
2024-08-28 05:00:00,Off,0.7,0.6366901368177471,0,LONG,A+,1.0,1.0,4.0,5.0,2.0,4.950642857142839
2024-08-28 09:00:00,London,0.7,0.6560629712942145,0,LONG,B,1.0,1.0,2.0,9.0,2.0,4.236571428571389
2024-08-28 11:00:00,London,0.7,0.6637560521072042,0,LONG,A+,1.0,1.0,4.0,11.0,2.0,4.794785714285679
2024-09-02 11:00:00,London,0.7,0.6315258395729282,0,SHORT,A,1.0,1.0,3.0,11.0,0.0,5.041357142857188
2024-09-02 14:00:00,London,0.7,0.6799007259152848,0,SHORT,A+,1.0,1.0,5.0,14.0,0.0,5.399714285714318
2024-09-02 17:00:00,NY,0.7,0.6795538957181517,0,SHORT,A,1.0,1.0,3.0,17.0,0.0,4.405857142857128
2024-09-04 19:00:00,NY,0.7,0.6147653972460649,0,SHORT,B,1.0,1.0,2.0,19.0,2.0,7.252785714285859
2024-09-04 20:00:00,NY,0.7,0.645579335275745,0,SHORT,B,1.0,1.0,2.0,20.0,2.0,6.851357142857296
2024-09-04 22:00:00,Off,0.7,0.6941002781973797,0,SHORT,B,1.0,1.0,2.0,22.0,2.0,6.5042857142858725
2024-09-04 23:00:00,Off,0.7,0.6799309294233348,0,SHORT,A,1.0,1.0,3.0,23.0,2.0,5.865357142857322
2024-09-05 01:00:00,Off,0.7,0.6265581833120548,0,SHORT,A+,1.0,1.0,4.0,1.0,3.0,4.906571428571591
2024-09-05 02:00:00,Off,0.7,0.6722066935591663,0,SHORT,A+,1.0,1.0,5.0,2.0,3.0,4.783714285714463
2024-09-05 03:00:00,Off,0.7,0.632012821512191,0,SHORT,A+,1.0,1.0,4.0,3.0,3.0,4.667214285714473
2024-09-05 04:00:00,Off,0.7,0.6445818661185744,0,SHORT,A,1.0,1.0,3.0,4.0,3.0,4.1930714285716215
2024-09-05 06:00:00,Off,0.7,0.6989352231592321,0,SHORT,A+,1.0,1.0,5.0,6.0,3.0,3.752000000000148
2024-09-05 07:00:00,London,0.7,0.655180284107078,0,SHORT,A+,1.0,1.0,4.0,7.0,3.0,3.737142857142999
2024-09-05 08:00:00,London,0.7,0.6402701549091893,0,SHORT,A+,1.0,1.0,4.0,8.0,3.0,4.23014285714297
2024-09-05 13:00:00,London,0.7,0.6752313059266015,0,LONG,A+,1.0,1.0,4.0,13.0,3.0,5.199357142857187
2024-09-05 15:00:00,London,0.7,0.6700887630417588,0,LONG,A+,1.0,1.0,4.0,15.0,3.0,6.146857142857178
2024-09-05 16:00:00,London,0.7,0.7217192118764367,1,LONG,B,1.0,1.0,2.0,16.0,3.0,6.343000000000042
2024-09-05 18:00:00,NY,0.7,0.6517848894167214,0,LONG,B,1.0,1.0,2.0,18.0,3.0,6.54578571428572
2024-09-05 23:00:00,Off,0.7,0.6616470747404648,0,LONG,B,1.0,1.0,2.0,23.0,3.0,4.962214285714286
2024-09-06 00:00:00,Off,0.7,0.6788332680206762,0,LONG,B,1.0,1.0,2.0,0.0,4.0,4.926285714285704
2024-09-06 03:00:00,Off,0.7,0.6692767676170586,0,LONG,A,1.0,1.0,3.0,3.0,4.0,4.343928571428511
2024-09-06 04:00:00,Off,0.7,0.7007132851502318,0,LONG,B,1.0,1.0,2.0,4.0,4.0,3.974285714285673
2024-09-06 13:00:00,London,0.7,0.6974476745620906,0,LONG,A+,1.0,1.0,4.0,13.0,4.0,5.940428571428583
2024-09-10 00:00:00,Off,0.7,0.6322982766244772,0,SHORT,A,1.0,1.0,3.0,0.0,1.0,5.031500000000018
2024-09-10 03:00:00,Off,0.7,0.6436641000497559,0,SHORT,A,1.0,1.0,3.0,3.0,1.0,4.303857142857104
2024-09-10 05:00:00,Off,0.7,0.649255875454919,0,SHORT,A,1.0,1.0,3.0,5.0,1.0,3.746357142857148
2024-09-10 06:00:00,Off,0.7,0.6174550693790206,0,SHORT,A+,1.0,1.0,4.0,6.0,1.0,3.5397142857142887
2024-09-10 07:00:00,London,0.7,0.608772438740098,0,SHORT,A+,1.0,1.0,4.0,7.0,1.0,3.5082142857143026
2024-09-10 08:00:00,London,0.7,0.6923586119838542,0,SHORT,A+,1.0,1.0,5.0,8.0,1.0,3.2162857142856995
2024-09-10 11:00:00,London,0.7,0.6943642296897429,0,LONG,A+,1.0,1.0,4.0,11.0,1.0,3.353071428571444
2024-09-10 14:00:00,London,0.7,0.6212016251113998,0,LONG,A+,1.0,1.0,4.0,14.0,1.0,4.858357142857163
2024-09-10 20:00:00,NY,0.7,0.6421133789365298,0,LONG,B,1.0,1.0,2.0,20.0,1.0,5.488214285714321
2024-09-10 22:00:00,Off,0.7,0.6791083488664611,0,LONG,B,1.0,1.0,2.0,22.0,1.0,5.140857142857191
2024-09-10 23:00:00,Off,0.7,0.6596032945874332,0,LONG,B,1.0,1.0,2.0,23.0,1.0,5.101571428571496
2024-09-11 00:00:00,Off,0.7,0.6734923886496148,0,LONG,B,1.0,1.0,2.0,0.0,2.0,4.889214285714323
2024-09-11 01:00:00,Off,0.7,0.6725372783791813,0,LONG,A+,1.0,1.0,4.0,1.0,2.0,5.114428571428594
2024-09-11 02:00:00,Off,0.7,0.6572619028683306,0,LONG,A,1.0,1.0,3.0,2.0,2.0,5.102428571428585
2024-09-11 05:00:00,Off,0.7,0.6462264406324381,0,LONG,A,1.0,1.0,3.0,5.0,2.0,3.7386428571428496
2024-09-11 14:00:00,London,0.7,0.6529092397531469,0,LONG,A+,1.0,1.0,4.0,14.0,2.0,6.510857142857113
2024-09-11 15:00:00,London,0.7,0.7214888440679865,1,LONG,A+,1.0,1.0,4.0,15.0,2.0,6.41485714285711
2024-09-11 17:00:00,NY,0.7,0.6371789266008744,0,LONG,A,1.0,1.0,3.0,17.0,2.0,6.759785714285694
2024-09-11 22:00:00,Off,0.7,0.6937879263536255,0,LONG,B,1.0,1.0,2.0,22.0,2.0,6.286214285714258
2024-09-12 00:00:00,Off,0.7,0.6776082530660787,0,LONG,A,1.0,1.0,3.0,0.0,3.0,5.820571428571384
2024-09-12 01:00:00,Off,0.7,0.671425347196555,0,LONG,A+,1.0,1.0,4.0,1.0,3.0,5.81728571428565
2024-09-12 02:00:00,Off,0.7,0.6195213243995059,0,LONG,A+,1.0,1.0,4.0,2.0,3.0,5.788571428571361
2024-09-12 03:00:00,Off,0.7,0.7071835373896384,0,LONG,A,1.0,1.0,3.0,3.0,3.0,4.527285714285654
2024-09-12 08:00:00,London,0.7,0.6040330462501209,0,LONG,A+,1.0,1.0,4.0,8.0,3.0,3.218071428571388
2024-09-12 14:00:00,London,0.7,0.6589620497262971,0,LONG,A,1.0,1.0,3.0,14.0,3.0,7.569142857142879
2024-09-12 23:00:00,Off,0.7,0.7174650226443078,0,LONG,A+,2.0,2.0,2.0,23.0,3.0,8.300785714285764
2024-09-13 01:00:00,Off,0.7,0.7148010398025377,0,LONG,A,1.0,1.0,3.0,1.0,4.0,8.540500000000034
2024-09-13 02:00:00,Off,0.7,0.6423221163672774,0,LONG,B,1.0,1.0,2.0,2.0,4.0,8.303499999999985
2024-09-13 03:00:00,Off,0.7,0.5957561770201104,0,LONG,B,1.0,1.0,2.0,3.0,4.0,7.515928571428536
2024-09-13 07:00:00,London,0.7,0.6477096854453809,0,LONG,B,1.0,1.0,2.0,7.0,4.0,4.894285714285713
2024-09-13 08:00:00,London,0.7,0.6588321427965484,0,LONG,B,1.0,1.0,2.0,8.0,4.0,4.941357142857116
2024-09-13 09:00:00,London,0.7,0.678928121277342,0,LONG,B,1.0,1.0,2.0,9.0,4.0,4.885642857142784
2024-09-13 11:00:00,London,0.7,0.6845208932527935,0,LONG,B,1.0,1.0,2.0,11.0,4.0,4.925642857142813
2024-09-13 12:00:00,London,0.7,0.7012637614087012,1,LONG,A,1.0,1.0,3.0,12.0,4.0,5.465714285714252
2024-09-13 14:00:00,London,0.7,0.6798783685305944,0,LONG,A,1.0,1.0,3.0,14.0,4.0,6.121714285714298
2024-09-13 15:00:00,London,0.7,0.6796393024656753,0,LONG,A,1.0,1.0,3.0,15.0,4.0,6.16657142857142
2024-09-13 16:00:00,London,0.7,0.6857238007702882,0,LONG,A,1.0,1.0,3.0,16.0,4.0,6.243642857142861
2024-09-15 22:00:00,Off,0.7,0.6585114381791073,0,LONG,B,1.0,1.0,2.0,22.0,6.0,5.80542857142856
2024-09-16 00:00:00,Off,0.7,0.7026963334699334,0,LONG,B,1.0,1.0,2.0,0.0,0.0,5.3871428571428295
2024-09-16 01:00:00,Off,0.7,0.6006544218454773,0,LONG,A+,1.0,1.0,4.0,1.0,0.0,5.334714285714232
2024-09-16 02:00:00,Off,0.7,0.5867247061764498,0,LONG,A,1.0,1.0,3.0,2.0,0.0,5.321142857142799
2024-09-16 03:00:00,Off,0.7,0.6216187116967589,0,LONG,A+,1.0,1.0,4.0,3.0,0.0,4.986285714285649
2024-09-16 04:00:00,Off,0.7,0.6165979680714442,0,LONG,A,1.0,1.0,3.0,4.0,0.0,4.408499999999939
2024-09-16 05:00:00,Off,0.7,0.6368403125140404,0,LONG,A+,1.0,1.0,4.0,5.0,0.0,4.19199999999991
2024-09-18 14:00:00,London,0.7,0.6028123292179826,0,LONG,A+,1.0,1.0,4.0,14.0,2.0,5.299714285714247
2024-09-18 15:00:00,London,0.7,0.6605807404549273,0,LONG,A+,1.0,1.0,4.0,15.0,2.0,5.418214285714222
2024-09-20 17:00:00,NY,0.7,0.6651981117524023,0,LONG,B,1.0,1.0,2.0,17.0,4.0,7.808357142857176
2024-09-20 19:00:00,NY,0.7,0.6905181805098135,0,LONG,B,1.0,1.0,2.0,19.0,4.0,7.881928571428618
2024-09-22 22:00:00,Off,0.7,0.6945116825989761,0,LONG,B,1.0,1.0,2.0,22.0,6.0,7.007500000000034
2024-09-23 01:00:00,Off,0.7,0.6108316726825026,0,LONG,A+,1.0,1.0,4.0,1.0,0.0,6.014071428571469
2024-09-23 02:00:00,Off,0.7,0.6010177393941764,0,LONG,A+,1.0,1.0,4.0,2.0,0.0,6.205285714285765
2024-09-23 03:00:00,Off,0.7,0.610350747144474,0,LONG,A+,1.0,1.0,4.0,3.0,0.0,6.227357142857207
2024-09-23 06:00:00,Off,0.7,0.6056275376410676,0,LONG,A+,1.0,1.0,4.0,6.0,0.0,4.447000000000019
2024-09-23 17:00:00,NY,0.7,0.5969608877862281,0,LONG,B,1.0,1.0,2.0,17.0,0.0,5.818285714285691
2024-09-23 20:00:00,NY,0.7,0.6891035663852544,0,LONG,B,1.0,1.0,2.0,20.0,0.0,5.402214285714275
2024-09-23 22:00:00,Off,0.7,0.6290331259881805,0,LONG,A,1.0,1.0,3.0,22.0,0.0,4.697214285714316
2024-09-23 23:00:00,Off,0.7,0.6650706722236212,0,LONG,B,1.0,1.0,2.0,23.0,0.0,4.4547857142857605
2024-09-24 00:00:00,Off,0.7,0.6749882006592982,0,LONG,A+,1.0,1.0,4.0,0.0,1.0,4.179214285714352
2024-09-24 04:00:00,Off,0.7,0.6386758702955087,0,LONG,A+,1.0,1.0,4.0,4.0,1.0,3.946928571428608
2024-09-24 22:00:00,Off,0.7,0.6664156262435157,0,LONG,B,1.0,1.0,2.0,22.0,1.0,7.243857142857029
2024-09-24 23:00:00,Off,0.7,0.6637869441787968,0,LONG,B,1.0,1.0,2.0,23.0,1.0,7.172285714285603
2024-09-25 01:00:00,Off,0.7,0.6619094134006172,0,LONG,A+,1.0,1.0,4.0,1.0,2.0,7.343714285714181
2024-09-25 09:00:00,London,0.7,0.6720635746993949,0,LONG,A,1.0,1.0,3.0,9.0,2.0,6.126000000000009
2024-09-25 10:00:00,London,0.7,0.6826827634603041,0,LONG,A,1.0,1.0,3.0,10.0,2.0,5.827642857142856
2024-09-25 11:00:00,London,0.7,0.7258342080327012,1,LONG,A,1.0,1.0,3.0,11.0,2.0,5.602571428571439
2024-09-27 14:00:00,London,0.7,0.6949185938241613,0,LONG,A+,1.0,1.0,4.0,14.0,4.0,6.978857142857156
2024-09-27 15:00:00,London,0.7,0.6445899380957838,0,LONG,A+,1.0,1.0,4.0,15.0,4.0,7.221285714285743
2024-10-01 17:00:00,NY,0.7,0.6823858136719597,0,LONG,A,1.0,1.0,3.0,17.0,1.0,7.854357142857127
2024-10-01 23:00:00,Off,0.7,0.6813656021451262,0,LONG,B,1.0,1.0,2.0,23.0,1.0,8.071285714285588
2024-10-02 05:00:00,Off,0.7,0.6318877736409592,0,LONG,A+,1.0,1.0,4.0,5.0,2.0,6.62471428571426
2024-10-02 09:00:00,London,0.7,0.6605120690944775,0,LONG,A,1.0,1.0,3.0,9.0,2.0,5.168499999999962
2024-10-02 10:00:00,London,0.7,0.6892851924677224,0,LONG,A,1.0,1.0,3.0,10.0,2.0,5.125999999999976
2024-10-02 11:00:00,London,0.7,0.680984226254683,0,LONG,A+,1.0,1.0,4.0,11.0,2.0,5.021642857142849
2024-10-02 12:00:00,London,0.7,0.7019326019670813,1,LONG,A+,1.0,1.0,5.0,12.0,2.0,5.513285714285693
2024-10-02 13:00:00,London,0.7,0.6608822247043169,0,LONG,A+,1.0,1.0,4.0,13.0,2.0,6.192642857142833
2024-10-04 08:00:00,London,0.7,0.6537600377821092,0,LONG,A,1.0,1.0,3.0,8.0,4.0,3.691928571428466
2024-10-04 10:00:00,London,0.7,0.6848648300579582,0,LONG,A,1.0,1.0,3.0,10.0,4.0,3.697142857142776
2024-10-04 19:00:00,NY,0.7,0.7173782276319955,1,LONG,B,1.0,1.0,2.0,19.0,4.0,10.449214285714268
2024-10-06 22:00:00,Off,0.7,0.6859664519705394,0,LONG,A,1.0,1.0,3.0,22.0,6.0,10.122571428571389
2024-10-06 23:00:00,Off,0.7,0.7151283593528531,0,SHORT,A,1.0,1.0,3.0,23.0,6.0,10.115357142857096
2024-10-07 02:00:00,Off,0.7,0.6857717770842472,0,SHORT,A,1.0,1.0,3.0,2.0,0.0,10.306142857142763
2024-10-07 03:00:00,Off,0.7,0.6744275777287287,0,SHORT,A,1.0,1.0,3.0,3.0,0.0,8.454571428571333
2024-10-07 04:00:00,Off,0.7,0.6338298330181074,0,SHORT,B,1.0,1.0,2.0,4.0,0.0,7.350142857142763
2024-10-07 06:00:00,Off,0.7,0.6267118281142705,0,SHORT,A,1.0,1.0,3.0,6.0,0.0,5.496857142857087
2024-10-07 10:00:00,London,0.7,0.6706810836178871,0,SHORT,A,1.0,1.0,3.0,10.0,0.0,4.873428571428446
2024-10-08 14:00:00,London,0.7,0.6734626618617859,0,SHORT,A+,1.0,1.0,4.0,14.0,1.0,9.838214285714328
2024-10-11 08:00:00,London,0.7,0.6794811999646582,0,LONG,A,1.0,1.0,3.0,8.0,4.0,5.269857142857161
2024-10-11 09:00:00,London,0.7,0.6729246031450514,0,LONG,A,1.0,1.0,3.0,9.0,4.0,5.248714285714316
2024-10-11 10:00:00,London,0.7,0.67942755272247,0,LONG,B,1.0,1.0,2.0,10.0,4.0,5.237928571428613
2024-10-11 11:00:00,London,0.7,0.7026701655750713,1,LONG,A,1.0,1.0,3.0,11.0,4.0,5.483857142857199
2024-10-11 14:00:00,London,0.7,0.6652435544566573,0,LONG,A+,1.0,1.0,4.0,14.0,4.0,6.723499999999993
2024-10-11 15:00:00,London,0.7,0.6769077318503997,0,LONG,A+,1.0,1.0,4.0,15.0,4.0,6.811285714285726
2024-10-11 17:00:00,NY,0.7,0.6777518577795364,0,LONG,B,1.0,1.0,2.0,17.0,4.0,6.403571428571435
2024-10-11 18:00:00,NY,0.7,0.6626017146638079,0,LONG,B,1.0,1.0,2.0,18.0,4.0,6.4873571428571335
2024-10-11 20:00:00,NY,0.7,0.6390063811592104,0,LONG,B,1.0,1.0,2.0,20.0,4.0,6.067571428571455
2024-10-13 22:00:00,Off,0.7,0.6883287021669294,0,LONG,A,1.0,1.0,3.0,22.0,6.0,6.262500000000013
2024-10-13 23:00:00,Off,0.7,0.6714533985596775,0,LONG,B,1.0,1.0,2.0,23.0,6.0,5.966428571428586
2024-10-14 01:00:00,Off,0.7,0.6027347564078464,0,LONG,A+,1.0,1.0,4.0,1.0,0.0,5.774357142857135
2024-10-14 03:00:00,Off,0.7,0.5878871576449574,0,LONG,A,1.0,1.0,3.0,3.0,0.0,5.8027142857142735
2024-10-14 04:00:00,Off,0.7,0.6325319748400919,0,LONG,B,1.0,1.0,2.0,4.0,0.0,5.403142857142841
2024-10-14 13:00:00,London,0.7,0.6846105316670087,0,LONG,A+,1.0,1.0,5.0,13.0,0.0,6.3172142857143045
2024-10-14 14:00:00,London,0.7,0.6779284036660628,0,LONG,A+,1.0,1.0,5.0,14.0,0.0,6.96578571428576
2024-10-14 17:00:00,NY,0.7,0.6407532014405135,0,LONG,A+,1.0,1.0,4.0,17.0,0.0,6.307071428571492
2024-10-14 18:00:00,NY,0.7,0.6413510366773132,0,LONG,A,1.0,1.0,3.0,18.0,0.0,6.119571428571492
2024-10-15 01:00:00,Off,0.7,0.6940634695849531,0,LONG,A+,1.0,1.0,5.0,1.0,1.0,5.409714285714277
2024-10-15 04:00:00,Off,0.7,0.613186840581264,0,LONG,A+,1.0,1.0,4.0,4.0,1.0,4.695285714285709
2024-10-15 18:00:00,NY,0.7,0.6186969725280776,0,LONG,B,1.0,1.0,2.0,18.0,1.0,7.214214285714271
2024-10-15 22:00:00,Off,0.7,0.6585701742868281,0,LONG,A,1.0,1.0,3.0,22.0,1.0,6.793285714285763
2024-10-15 23:00:00,Off,0.7,0.6785796835809016,0,LONG,A,1.0,1.0,3.0,23.0,1.0,6.519285714285745
2024-10-16 00:00:00,Off,0.7,0.6336143569522664,0,LONG,A+,1.0,1.0,4.0,0.0,2.0,6.21514285714287
2024-10-16 04:00:00,Off,0.7,0.6624483729232453,0,LONG,A+,1.0,1.0,4.0,4.0,2.0,5.588142857142851
2024-10-16 06:00:00,Off,0.7,0.6355470268685477,0,LONG,A+,1.0,1.0,4.0,6.0,2.0,4.9776428571428495
2024-10-16 07:00:00,London,0.7,0.6253797052978883,0,LONG,A,1.0,1.0,3.0,7.0,2.0,4.715857142857138
2024-10-16 09:00:00,London,0.7,0.6238558447438711,0,LONG,A,1.0,1.0,3.0,9.0,2.0,4.585642857142863
2024-10-16 10:00:00,London,0.7,0.6567748242635268,0,LONG,A+,1.0,1.0,4.0,10.0,2.0,4.645428571428544
2024-10-16 12:00:00,London,0.7,0.6517992210767573,0,LONG,A+,1.0,1.0,4.0,12.0,2.0,5.282499999999962
2024-10-16 14:00:00,London,0.7,0.6690411147039363,0,LONG,A+,1.0,1.0,4.0,14.0,2.0,6.745999999999965
2024-10-16 23:00:00,Off,0.7,0.6593122301358308,0,LONG,B,1.0,1.0,2.0,23.0,2.0,5.609071428571399
2024-10-17 01:00:00,Off,0.7,0.6944798905110481,0,LONG,A+,1.0,1.0,5.0,1.0,3.0,5.455999999999968
2024-10-17 02:00:00,Off,0.7,0.6747636951390162,0,LONG,A+,1.0,1.0,5.0,2.0,3.0,5.339357142857125
2024-10-17 05:00:00,Off,0.7,0.7031459000657315,0,LONG,A+,1.0,1.0,5.0,5.0,3.0,4.4375
2024-10-17 07:00:00,London,0.7,0.7135450031895169,1,LONG,A+,1.0,1.0,5.0,7.0,3.0,4.074714285714273
2024-10-17 12:00:00,London,0.7,0.6527468181949769,0,LONG,A,1.0,1.0,3.0,12.0,3.0,5.820500000000005
2024-10-17 14:00:00,London,0.7,0.6553610311684724,0,LONG,A,1.0,1.0,3.0,14.0,3.0,7.181000000000007
2024-10-17 17:00:00,NY,0.7,0.5783691774906243,0,LONG,A,1.0,1.0,3.0,17.0,3.0,7.341285714285765
2024-10-17 22:00:00,Off,0.7,0.6866637767343755,0,LONG,B,1.0,1.0,2.0,22.0,3.0,6.593928571428608
2024-10-17 23:00:00,Off,0.7,0.6683977087237688,0,LONG,B,1.0,1.0,2.0,23.0,3.0,6.465571428571463
2024-10-18 02:00:00,Off,0.7,0.6904827097718775,0,LONG,A+,1.0,1.0,5.0,2.0,4.0,6.635071428571466
2024-10-18 03:00:00,Off,0.7,0.6389105391206596,0,LONG,A+,1.0,1.0,4.0,3.0,4.0,6.26414285714288
2024-10-18 06:00:00,Off,0.7,0.7012884322362084,0,LONG,A+,1.0,1.0,5.0,6.0,4.0,4.990428571428571
2024-10-18 08:00:00,London,0.7,0.6875060679206295,0,LONG,A,1.0,1.0,3.0,8.0,4.0,4.867785714285707
2024-10-18 09:00:00,London,0.7,0.6779161908702027,0,LONG,A,1.0,1.0,3.0,9.0,4.0,5.151714285714239
2024-10-18 11:00:00,London,0.7,0.69763779841626,0,LONG,A+,1.0,1.0,4.0,11.0,4.0,5.484571428571404
2024-10-18 14:00:00,London,0.7,0.6949185938241613,0,LONG,A+,1.0,1.0,4.0,14.0,4.0,6.962999999999998
2024-10-18 16:00:00,London,0.7,0.6609837433166856,0,LONG,B,1.0,1.0,2.0,16.0,4.0,6.100999999999983
2024-10-18 19:00:00,NY,0.7,0.6456735957432612,0,LONG,B,1.0,1.0,2.0,19.0,4.0,6.389857142857181
2024-10-21 02:00:00,Off,0.7,0.6019228861920891,0,LONG,A+,1.0,1.0,4.0,2.0,0.0,5.771999999999999
2024-10-21 03:00:00,Off,0.7,0.6042604176819801,0,LONG,B,1.0,1.0,2.0,3.0,0.0,5.4536428571428655
2024-10-21 04:00:00,Off,0.7,0.6201841277176585,0,LONG,A+,2.0,2.0,2.0,4.0,0.0,4.850285714285714
2024-10-21 06:00:00,Off,0.7,0.5975169530062834,0,LONG,A,1.0,1.0,3.0,6.0,0.0,4.804214285714254
2024-10-21 09:00:00,London,0.7,0.6170573449945352,0,LONG,A,1.0,1.0,3.0,9.0,0.0,4.843142857142831
2024-10-21 10:00:00,London,0.7,0.6144031225803616,0,LONG,A+,1.0,1.0,4.0,10.0,0.0,5.181785714285687
2024-10-21 12:00:00,London,0.7,0.6502321838884779,0,LONG,A+,1.0,1.0,4.0,12.0,0.0,5.551428571428589
2024-10-21 14:00:00,London,0.7,0.6301702558353285,0,LONG,A,1.0,1.0,3.0,14.0,0.0,6.765785714285779
2024-10-21 19:00:00,NY,0.7,0.5792365619478983,0,LONG,B,1.0,1.0,2.0,19.0,0.0,7.345642857142918
2024-10-21 20:00:00,NY,0.7,0.6327173256496731,0,LONG,B,1.0,1.0,2.0,20.0,0.0,6.997214285714335
2024-10-22 02:00:00,Off,0.7,0.6312110323683033,0,LONG,A,1.0,1.0,3.0,2.0,1.0,6.264285714285767
2024-10-22 05:00:00,Off,0.7,0.6480818168511581,0,LONG,A+,1.0,1.0,4.0,5.0,1.0,5.140714285714337
2024-10-22 06:00:00,Off,0.7,0.6297911789964443,0,LONG,A+,1.0,1.0,4.0,6.0,1.0,4.946642857142933
2024-10-22 11:00:00,London,0.7,0.6728818145317244,0,LONG,A+,1.0,1.0,4.0,11.0,1.0,5.585714285714338
2024-10-22 12:00:00,London,0.7,0.6531482463606324,0,LONG,A+,1.0,1.0,4.0,12.0,1.0,5.832500000000047
2024-10-22 18:00:00,NY,0.7,0.6384292444939232,0,LONG,A+,2.0,2.0,2.0,18.0,1.0,6.855428571428612
2024-10-22 20:00:00,NY,0.7,0.6393917199586291,0,LONG,A,1.0,1.0,3.0,20.0,1.0,6.392285714285696
2024-10-22 23:00:00,Off,0.7,0.6432194808385178,0,LONG,B,1.0,1.0,2.0,23.0,1.0,5.8949285714285065
2024-10-23 00:00:00,Off,0.7,0.6782922695331032,0,LONG,B,1.0,1.0,2.0,0.0,2.0,5.610214285714229
2024-10-23 03:00:00,Off,0.7,0.609296192696356,0,LONG,A,1.0,1.0,3.0,3.0,2.0,5.33564285714283
2024-10-23 04:00:00,Off,0.7,0.6240918979721162,0,LONG,A+,1.0,1.0,4.0,4.0,2.0,5.246214285714229
2024-10-23 05:00:00,Off,0.7,0.6372852250883456,0,LONG,A+,1.0,1.0,4.0,5.0,2.0,4.888499999999957
2024-10-23 06:00:00,Off,0.7,0.6208207285965867,0,LONG,A+,1.0,1.0,4.0,6.0,2.0,4.721357142857089
2024-10-23 09:00:00,London,0.7,0.7161229512239972,1,LONG,A+,1.0,1.0,5.0,9.0,2.0,4.8395714285713565
2024-10-23 10:00:00,London,0.7,0.6599363419886267,0,LONG,A,1.0,1.0,3.0,10.0,2.0,4.679785714285637
2024-10-23 11:00:00,London,0.7,0.7059092539485925,1,LONG,A+,1.0,1.0,5.0,11.0,2.0,4.798999999999945
2024-10-23 14:00:00,London,0.7,0.5972841268044292,0,LONG,A,1.0,1.0,3.0,14.0,2.0,7.545571428571391
2024-10-27 23:00:00,Off,0.7,0.664542676711021,0,LONG,B,1.0,1.0,2.0,23.0,6.0,7.147714285714236
2024-10-28 00:00:00,Off,0.7,0.620150160900665,0,LONG,A,1.0,1.0,3.0,0.0,0.0,7.124928571428525
2024-10-28 01:00:00,Off,0.7,0.6206533161064414,0,LONG,A+,1.0,1.0,4.0,1.0,0.0,7.326857142857112
2024-10-28 02:00:00,Off,0.7,0.6485719756301991,0,LONG,A,1.0,1.0,3.0,2.0,0.0,7.090642857142809
2024-10-28 03:00:00,Off,0.7,0.6285544753804011,0,LONG,B,1.0,1.0,2.0,3.0,0.0,6.787714285714238
2024-10-28 15:00:00,London,0.7,0.6564690645345357,0,LONG,A+,1.0,1.0,4.0,15.0,0.0,6.231714285714328
2024-10-28 19:00:00,NY,0.7,0.5904531742689941,0,LONG,B,1.0,1.0,2.0,19.0,0.0,5.806714285714309
2024-10-28 23:00:00,Off,0.7,0.6299775981487667,0,LONG,B,1.0,1.0,2.0,23.0,0.0,4.597428571428639
2024-10-29 00:00:00,Off,0.7,0.6320653178996513,0,LONG,A,1.0,1.0,3.0,0.0,1.0,4.452428571428625
2024-10-29 01:00:00,Off,0.7,0.6495403952373054,0,LONG,A+,1.0,1.0,6.0,1.0,1.0,4.552714285714338
2024-10-29 03:00:00,Off,0.7,0.6987599262406833,0,LONG,A+,1.0,1.0,5.0,3.0,1.0,4.92278571428577
2024-10-29 05:00:00,Off,0.7,0.7055477662175772,0,LONG,A+,1.0,1.0,6.0,5.0,1.0,4.453142857142926
2024-10-29 09:00:00,London,0.7,0.6990474242441914,0,LONG,A+,1.0,1.0,5.0,9.0,1.0,5.130714285714346
2024-10-29 12:00:00,London,0.7,0.6983193870709511,0,LONG,A+,1.0,1.0,5.0,12.0,1.0,5.868571428571483
2024-10-29 14:00:00,London,0.7,0.6333774169250347,0,LONG,A+,1.0,1.0,4.0,14.0,1.0,7.292714285714347
2024-10-29 16:00:00,London,0.7,0.5995802910298307,0,LONG,A+,1.0,1.0,4.0,16.0,1.0,7.412857142857222
2024-10-29 18:00:00,NY,0.7,0.6284635613982862,0,LONG,B,1.0,1.0,2.0,18.0,1.0,7.616785714285795
2024-10-29 19:00:00,NY,0.7,0.5687894935581422,0,LONG,B,1.0,1.0,2.0,19.0,1.0,7.375214285714362
2024-10-29 22:00:00,Off,0.7,0.6734180065607306,0,LONG,B,1.0,1.0,2.0,22.0,1.0,6.899857142857205
2024-10-30 00:00:00,Off,0.7,0.6208044492762096,0,LONG,B,1.0,1.0,2.0,0.0,2.0,6.241928571428616
2024-10-30 01:00:00,Off,0.7,0.6087227598400267,0,LONG,A+,1.0,1.0,4.0,1.0,2.0,6.200500000000018
2024-10-30 02:00:00,Off,0.7,0.6124442259740084,0,LONG,A,1.0,1.0,3.0,2.0,2.0,6.104142857142863
2024-10-30 03:00:00,Off,0.7,0.6230881733542253,0,LONG,A,1.0,1.0,3.0,3.0,2.0,6.046571428571432
2024-10-30 04:00:00,Off,0.7,0.6552219425382935,0,LONG,B,1.0,1.0,2.0,4.0,2.0,5.170500000000012
2024-10-30 05:00:00,Off,0.7,0.6373976488731911,0,LONG,A,1.0,1.0,3.0,5.0,2.0,4.894071428571449
2024-10-30 07:00:00,London,0.7,0.6821139285204655,0,LONG,A+,1.0,1.0,4.0,7.0,2.0,4.92507142857143
2024-10-30 08:00:00,London,0.7,0.6749657045416309,0,LONG,A+,1.0,1.0,4.0,8.0,2.0,4.832428571428571
2024-10-30 09:00:00,London,0.7,0.6607245067893011,0,LONG,B,1.0,1.0,2.0,9.0,2.0,4.7640714285714045
2024-10-30 12:00:00,London,0.7,0.6759927632158099,0,LONG,A,1.0,1.0,3.0,12.0,2.0,5.543642857142816
2024-10-30 15:00:00,London,0.7,0.5858547387508266,0,LONG,A+,1.0,1.0,4.0,15.0,2.0,7.394499999999978
2024-10-30 17:00:00,NY,0.7,0.5989241640720827,0,LONG,B,1.0,1.0,2.0,17.0,2.0,7.419571428571381
2024-10-30 19:00:00,NY,0.7,0.6256902074843591,0,LONG,B,1.0,1.0,2.0,19.0,2.0,7.121642857142758
2024-10-30 20:00:00,NY,0.7,0.6232981092778926,0,LONG,B,1.0,1.0,2.0,20.0,2.0,6.740857142857034
2024-10-31 02:00:00,Off,0.7,0.6273127325949787,0,LONG,A+,1.0,1.0,4.0,2.0,3.0,6.186785714285634
2024-10-31 03:00:00,Off,0.7,0.664386748261995,0,LONG,A+,1.0,1.0,4.0,3.0,3.0,5.77964285714279
2024-10-31 04:00:00,Off,0.7,0.6780025093085248,0,LONG,A+,1.0,1.0,4.0,4.0,3.0,4.827642857142791
2024-10-31 05:00:00,Off,0.7,0.5993460645466805,0,LONG,A+,1.0,1.0,4.0,5.0,3.0,4.638428571428514
2024-10-31 06:00:00,Off,0.7,0.7059992771405889,0,LONG,A+,1.0,1.0,4.0,6.0,3.0,4.09114285714278
2024-10-31 08:00:00,London,0.7,0.6451880200067855,0,LONG,A,1.0,1.0,3.0,8.0,3.0,4.2417857142856645
2024-10-31 10:00:00,London,0.7,0.63071655664086,0,LONG,A+,1.0,1.0,4.0,10.0,3.0,4.574071428571415
2024-10-31 12:00:00,London,0.7,0.6693816882626548,0,LONG,A,1.0,1.0,3.0,12.0,3.0,5.341142857142846
2024-10-31 13:00:00,London,0.7,0.6624861167855314,0,LONG,A,1.0,1.0,3.0,13.0,3.0,6.520928571428548
2024-10-31 14:00:00,London,0.7,0.6748379263624781,0,LONG,A,1.0,1.0,3.0,14.0,3.0,7.861642857142864
2024-11-01 14:00:00,London,0.7,0.6822911417455797,0,SHORT,A,1.0,1.0,3.0,14.0,4.0,7.037928571428536
2024-11-01 16:00:00,London,0.7,0.6478265938895152,0,SHORT,A,1.0,1.0,3.0,16.0,4.0,7.264499999999933
2024-11-01 17:00:00,NY,0.7,0.6099164320592229,0,SHORT,B,1.0,1.0,2.0,17.0,4.0,7.583785714285633
2024-11-01 18:00:00,NY,0.7,0.6216129960416396,0,SHORT,A+,2.0,2.0,2.0,18.0,4.0,7.744357142857033
2024-11-01 20:00:00,NY,0.7,0.6085378398114809,0,SHORT,A+,2.0,2.0,2.0,20.0,4.0,7.562357142857048
2024-11-03 23:00:00,Off,0.7,0.6434198218467798,0,SHORT,B,1.0,1.0,2.0,23.0,6.0,7.683214285714192
2024-11-04 02:00:00,Off,0.7,0.6133842990016307,0,SHORT,A,1.0,1.0,3.0,2.0,0.0,7.187214285714227
2024-11-04 04:00:00,Off,0.7,0.6178298099006969,0,SHORT,B,1.0,1.0,2.0,4.0,0.0,6.5359999999999605
2024-11-04 05:00:00,Off,0.7,0.6181761060735493,0,SHORT,A,1.0,1.0,3.0,5.0,0.0,6.244571428571395
2024-11-04 07:00:00,London,0.7,0.6296616296149429,0,SHORT,A,1.0,1.0,3.0,7.0,0.0,5.43692857142852
2024-11-05 20:00:00,NY,0.7,0.7140189151670481,1,SHORT,B,1.0,1.0,2.0,20.0,1.0,6.909571428571488
2024-11-06 02:00:00,Off,0.7,0.7048179358209731,0,SHORT,A+,1.0,1.0,5.0,2.0,2.0,7.787071428571478
2024-11-06 03:00:00,Off,0.7,0.7064079443749217,0,SHORT,A+,1.0,1.0,5.0,3.0,2.0,8.308928571428623
2024-11-06 09:00:00,London,0.7,0.7009579637257475,1,SHORT,A,1.0,1.0,3.0,9.0,2.0,12.33700000000002
2024-11-06 10:00:00,London,0.7,0.6793620980969146,0,SHORT,B,1.0,1.0,2.0,10.0,2.0,12.745642857142846
2024-11-06 11:00:00,London,0.7,0.6818542962755902,0,SHORT,A+,1.0,1.0,4.0,11.0,2.0,14.381428571428582
2024-11-13 15:00:00,London,0.7,0.6420793807576346,0,SHORT,A+,1.0,1.0,4.0,15.0,2.0,7.081071428571314
2024-11-13 18:00:00,NY,0.7,0.6722373839217799,0,SHORT,A+,1.0,1.0,4.0,18.0,2.0,8.216499999999867
2024-11-13 21:00:00,NY,0.7,0.707681051671192,1,SHORT,A+,2.0,2.0,2.0,21.0,2.0,8.661499999999933
2024-11-14 00:00:00,Off,0.7,0.6832620092046638,0,SHORT,A+,2.0,2.0,2.0,0.0,3.0,8.89507142857136
2024-11-14 02:00:00,Off,0.7,0.6278734905562351,0,SHORT,B,1.0,1.0,2.0,2.0,3.0,9.453357142857126
2024-11-14 06:00:00,Off,0.7,0.6047157654307419,0,SHORT,B,1.0,1.0,2.0,6.0,3.0,8.42035714285719
2024-11-14 07:00:00,London,0.7,0.5779212029682796,0,SHORT,B,1.0,1.0,2.0,7.0,3.0,7.513142857142936
2024-11-18 05:00:00,Off,0.7,0.6742516129148856,0,SHORT,A+,1.0,1.0,4.0,5.0,0.0,8.042214285714408
2024-11-18 06:00:00,Off,0.7,0.6271605979268604,0,SHORT,A+,1.0,1.0,4.0,6.0,0.0,7.77635714285725
2024-11-18 07:00:00,London,0.7,0.5826716925002713,0,SHORT,A+,1.0,1.0,4.0,7.0,0.0,7.360928571428693
2024-11-18 08:00:00,London,0.7,0.6333466914782798,0,SHORT,A+,1.0,1.0,4.0,8.0,0.0,7.604928571428705
2024-11-18 09:00:00,London,0.7,0.6694952047481461,0,SHORT,A+,1.0,1.0,4.0,9.0,0.0,7.97228571428585
2024-11-18 10:00:00,London,0.7,0.6728959603873395,0,SHORT,A+,1.0,1.0,4.0,10.0,0.0,8.105642857143007
2024-11-18 11:00:00,London,0.7,0.6703371324817323,0,SHORT,A+,1.0,1.0,4.0,11.0,0.0,8.168000000000152
2024-11-18 13:00:00,London,0.7,0.6825409193173724,0,SHORT,A+,1.0,1.0,5.0,13.0,0.0,8.44171428571443
2024-11-18 14:00:00,London,0.7,0.6651727581736511,0,SHORT,A+,1.0,1.0,4.0,14.0,0.0,8.460285714285874
2024-11-18 15:00:00,London,0.7,0.591557446829991,0,SHORT,A,1.0,1.0,3.0,15.0,0.0,7.498285714285852
2024-11-18 23:00:00,Off,0.7,0.6540693493416118,0,LONG,B,1.0,1.0,2.0,23.0,0.0,6.239071428571476
2024-11-19 01:00:00,Off,0.7,0.6241980182442219,0,LONG,A+,1.0,1.0,4.0,1.0,1.0,5.398285714285716
2024-11-19 02:00:00,Off,0.7,0.6559760882445144,0,LONG,A+,1.0,1.0,4.0,2.0,1.0,5.65271428571428
2024-11-19 03:00:00,Off,0.7,0.6367546784710981,0,LONG,A,1.0,1.0,3.0,3.0,1.0,5.470142857142848
2024-11-19 04:00:00,Off,0.7,0.6483541963668985,0,LONG,B,1.0,1.0,2.0,4.0,1.0,4.861642857142832
2024-11-19 05:00:00,Off,0.7,0.6214883998200199,0,LONG,A,1.0,1.0,3.0,5.0,1.0,4.508857142857096
2024-11-19 07:00:00,London,0.7,0.6646607211837442,0,LONG,A+,1.0,1.0,4.0,7.0,1.0,4.484642857142815
2024-11-19 10:00:00,London,0.7,0.6359383214367954,0,LONG,A,1.0,1.0,3.0,10.0,1.0,5.264357142857177
2024-11-19 11:00:00,London,0.7,0.6809327490238412,0,LONG,A,1.0,1.0,3.0,11.0,1.0,5.528714285714289
2024-11-19 12:00:00,London,0.7,0.6422349206550462,0,LONG,A,1.0,1.0,3.0,12.0,1.0,6.108857142857135
2024-11-19 17:00:00,NY,0.7,0.6467850131077322,0,LONG,B,1.0,1.0,2.0,17.0,1.0,7.633928571428571
2024-11-19 23:00:00,Off,0.7,0.7208156103209461,0,LONG,B,1.0,1.0,2.0,23.0,1.0,6.946714285714312
2024-11-20 00:00:00,Off,0.7,0.6437404192259394,0,LONG,A,1.0,1.0,3.0,0.0,2.0,6.604857142857132
2024-11-20 01:00:00,Off,0.7,0.6231913347804536,0,LONG,A+,1.0,1.0,4.0,1.0,2.0,6.539428571428549
2024-11-20 05:00:00,Off,0.7,0.6713977066712806,0,LONG,A+,1.0,1.0,4.0,5.0,2.0,4.495428571428549
2024-11-20 06:00:00,Off,0.7,0.6693131643614456,0,LONG,A+,1.0,1.0,5.0,6.0,2.0,4.549857142857101
2024-11-20 07:00:00,London,0.7,0.6930527059489656,0,LONG,A+,1.0,1.0,5.0,7.0,2.0,4.74971428571426
2024-11-21 00:00:00,Off,0.7,0.6409655901362631,0,LONG,B,1.0,1.0,2.0,0.0,3.0,6.22735714285711
2024-11-21 03:00:00,Off,0.7,0.6228144043201944,0,LONG,B,1.0,1.0,2.0,3.0,3.0,6.502785714285762
2024-11-21 04:00:00,Off,0.7,0.6346858053456216,0,LONG,B,1.0,1.0,2.0,4.0,3.0,5.993785714285748
2024-11-21 07:00:00,London,0.7,0.6136483502071368,0,LONG,B,1.0,1.0,2.0,7.0,3.0,5.1885714285715165
2024-11-21 08:00:00,London,0.7,0.6554427170766381,0,LONG,A,1.0,1.0,3.0,8.0,3.0,5.335285714285809
2024-11-21 12:00:00,London,0.7,0.6758583434986312,0,LONG,A+,1.0,1.0,4.0,12.0,3.0,6.029714285714396
2024-11-21 13:00:00,London,0.7,0.6965243008755181,0,LONG,A+,1.0,1.0,5.0,13.0,3.0,6.270785714285823
2024-11-21 14:00:00,London,0.7,0.6933262338754569,0,LONG,A+,1.0,1.0,5.0,14.0,3.0,6.493714285714369
2024-11-21 16:00:00,London,0.7,0.7072185937253123,1,LONG,A+,1.0,1.0,5.0,16.0,3.0,6.512928571428672
2024-11-21 18:00:00,NY,0.7,0.6648128286784061,0,LONG,A,1.0,1.0,3.0,18.0,3.0,6.944571428571537
2024-11-21 20:00:00,NY,0.7,0.6633166615866077,0,LONG,A,1.0,1.0,3.0,20.0,3.0,6.926714285714395
2024-11-22 01:00:00,Off,0.7,0.626937441489779,0,LONG,A+,1.0,1.0,4.0,1.0,4.0,6.236071428571482
2024-11-22 02:00:00,Off,0.7,0.6359268740433306,0,LONG,A,1.0,1.0,3.0,2.0,4.0,6.516428571428638
2024-11-22 03:00:00,Off,0.7,0.6719558764554914,0,LONG,A,1.0,1.0,3.0,3.0,4.0,6.529785714285773
2024-11-22 04:00:00,Off,0.7,0.6418568763277241,0,LONG,A,1.0,1.0,3.0,4.0,4.0,6.677857142857192
2024-11-22 07:00:00,London,0.7,0.6282151379547267,0,LONG,B,1.0,1.0,2.0,7.0,4.0,6.472071428571423
2024-11-22 10:00:00,London,0.7,0.6711568228237794,0,LONG,A,1.0,1.0,3.0,10.0,4.0,6.813142857142858
2024-11-22 17:00:00,NY,0.7,0.6737188363912516,0,LONG,B,1.0,1.0,2.0,17.0,4.0,8.936285714285727
2024-11-22 18:00:00,NY,0.7,0.665559910557656,0,LONG,B,1.0,1.0,2.0,18.0,4.0,8.602285714285731
2024-11-22 19:00:00,NY,0.7,0.6466838277101928,0,LONG,B,1.0,1.0,2.0,19.0,4.0,8.492928571428592
2024-11-25 00:00:00,Off,0.7,0.6457788934100535,0,LONG,A,1.0,1.0,3.0,0.0,0.0,8.442571428571455
2024-11-25 04:00:00,Off,0.7,0.66889454078532,0,LONG,A,1.0,1.0,3.0,4.0,0.0,11.124285714285763
2024-11-26 19:00:00,NY,0.7,0.6233386541171163,0,SHORT,B,1.0,1.0,2.0,19.0,1.0,8.914357142857105
2024-11-26 23:00:00,Off,0.7,0.6924386822064907,0,SHORT,B,1.0,1.0,2.0,23.0,1.0,8.114785714285679
2024-11-27 03:00:00,Off,0.7,0.6535064609911158,0,SHORT,A+,1.0,1.0,4.0,3.0,2.0,7.480714285714255
2024-11-27 04:00:00,Off,0.7,0.6342593566487128,0,SHORT,A,1.0,1.0,3.0,4.0,2.0,6.484285714285696
2024-11-27 05:00:00,Off,0.7,0.628201215965001,0,SHORT,A,1.0,1.0,3.0,5.0,2.0,5.8015
2024-11-27 06:00:00,Off,0.7,0.6635958899963084,0,SHORT,A+,1.0,1.0,4.0,6.0,2.0,5.55257142857142
2024-11-27 07:00:00,London,0.7,0.636155672226654,0,SHORT,A,1.0,1.0,3.0,7.0,2.0,5.376857142857132
2024-11-27 10:00:00,London,0.7,0.687404483122788,0,SHORT,A,1.0,1.0,3.0,10.0,2.0,5.4824285714285645
2024-11-28 00:00:00,Off,0.7,0.6668506476784622,0,SHORT,A+,2.0,2.0,2.0,0.0,3.0,6.460785714285813
2024-11-28 01:00:00,Off,0.7,0.6103803509142637,0,SHORT,A+,1.0,1.0,4.0,1.0,3.0,7.404785714285806
2024-11-28 02:00:00,Off,0.7,0.6900375063812185,0,SHORT,A,1.0,1.0,3.0,2.0,3.0,7.075714285714379
2024-11-28 03:00:00,Off,0.7,0.6416358341379199,0,SHORT,A,1.0,1.0,3.0,3.0,3.0,7.145071428571522
2024-11-28 07:00:00,London,0.7,0.6874659577396225,0,SHORT,A,1.0,1.0,3.0,7.0,3.0,5.623214285714312
2024-11-28 14:00:00,London,0.7,0.6711624068511064,0,SHORT,A+,1.0,1.0,4.0,14.0,3.0,6.36121428571427
2024-11-28 16:00:00,London,0.7,0.6370031318850353,0,SHORT,B,1.0,1.0,2.0,16.0,3.0,5.774857142857139
2024-11-28 23:00:00,Off,0.7,0.6221876193474098,0,SHORT,A,1.0,1.0,3.0,23.0,3.0,5.232500000000008
2024-11-29 03:00:00,Off,0.7,0.6953135108885748,0,LONG,A+,1.0,1.0,5.0,3.0,4.0,6.1179285714285925
2024-11-29 04:00:00,Off,0.7,0.6814844676595481,0,LONG,A+,1.0,1.0,4.0,4.0,4.0,6.195500000000038
2024-11-29 07:00:00,London,0.7,0.6924181016538001,0,LONG,A+,1.0,1.0,4.0,7.0,4.0,6.3947857142856845
2024-11-29 08:00:00,London,0.7,0.667782334912363,0,LONG,A+,1.0,1.0,4.0,8.0,4.0,6.457214285714274
2024-11-29 10:00:00,London,0.7,0.6764812003631571,0,LONG,A,1.0,1.0,3.0,10.0,4.0,6.57321428571426
2024-11-29 13:00:00,London,0.7,0.6258888599689142,0,LONG,A+,1.0,1.0,4.0,13.0,4.0,7.309928571428535
2024-11-29 15:00:00,London,0.7,0.691107750935345,0,LONG,A+,1.0,1.0,4.0,15.0,4.0,7.486357142857124
2024-12-02 02:00:00,Off,0.7,0.6733458632753665,0,LONG,A,1.0,1.0,3.0,2.0,0.0,8.872285714285681
2024-12-03 15:00:00,London,0.7,0.6535455737504925,0,SHORT,A+,1.0,1.0,4.0,15.0,1.0,6.540642857142822
2024-12-03 20:00:00,NY,0.7,0.627494990147891,0,SHORT,B,1.0,1.0,2.0,20.0,1.0,6.786785714285737
2024-12-04 04:00:00,Off,0.7,0.6433140557488913,0,LONG,A,1.0,1.0,3.0,4.0,2.0,5.944785714285737
2024-12-04 09:00:00,London,0.7,0.6764883284550044,0,LONG,A,1.0,1.0,3.0,9.0,2.0,4.7385000000000606
2024-12-04 10:00:00,London,0.7,0.7123573036033766,1,LONG,A,1.0,1.0,3.0,10.0,2.0,4.610714285714331
2024-12-04 18:00:00,NY,0.7,0.6599713188048573,0,LONG,A,1.0,1.0,3.0,18.0,2.0,6.894928571428603
2024-12-04 21:00:00,NY,0.7,0.6546879091115922,0,LONG,A,1.0,1.0,3.0,21.0,2.0,6.764785714285771
2024-12-04 23:00:00,Off,0.7,0.6571721210238083,0,LONG,A,1.0,1.0,3.0,23.0,2.0,6.569714285714326
2024-12-05 00:00:00,Off,0.7,0.6747825914687737,0,LONG,B,1.0,1.0,2.0,0.0,3.0,6.473071428571465
2024-12-05 01:00:00,Off,0.7,0.6983209845846299,0,LONG,A+,1.0,1.0,4.0,1.0,3.0,6.489357142857183
2024-12-05 02:00:00,Off,0.7,0.6702957696938306,0,LONG,A+,1.0,1.0,4.0,2.0,3.0,6.501142857142928
2024-12-05 03:00:00,Off,0.7,0.6380781236713731,0,LONG,A+,1.0,1.0,4.0,3.0,3.0,6.10100000000008
2024-12-05 08:00:00,London,0.7,0.6836436702283019,0,LONG,A+,1.0,1.0,4.0,8.0,3.0,5.267000000000086
2024-12-05 14:00:00,London,0.7,0.6599134338353637,0,LONG,A,1.0,1.0,3.0,14.0,3.0,6.459785714285739
2024-12-05 16:00:00,London,0.7,0.6506038430808323,0,LONG,A,1.0,1.0,3.0,16.0,3.0,7.295571428571423
2024-12-09 02:00:00,Off,0.7,0.6787232024733432,0,SHORT,A+,1.0,1.0,4.0,2.0,0.0,9.002214285714283
2024-12-09 07:00:00,London,0.7,0.6827567214147525,0,SHORT,A+,1.0,1.0,5.0,7.0,0.0,7.952071428571409
2024-12-09 08:00:00,London,0.7,0.6640777157869868,0,SHORT,A+,1.0,1.0,4.0,8.0,0.0,7.848285714285664
2024-12-09 10:00:00,London,0.7,0.6518353684758705,0,LONG,B,1.0,1.0,2.0,10.0,0.0,8.162857142857124
2024-12-09 12:00:00,London,0.7,0.6639790870222041,0,LONG,A,1.0,1.0,3.0,12.0,0.0,8.47699999999996
2024-12-09 14:00:00,London,0.7,0.6607844276834356,0,LONG,A,1.0,1.0,3.0,14.0,0.0,8.190071428571368
2024-12-09 16:00:00,London,0.7,0.6120985963099069,0,LONG,A+,1.0,1.0,4.0,16.0,0.0,7.2881428571428
2024-12-09 20:00:00,NY,0.7,0.5940984178676147,0,LONG,A,1.0,1.0,3.0,20.0,0.0,6.7619999999999765
2024-12-10 00:00:00,Off,0.7,0.7164427384240429,0,LONG,A,1.0,1.0,3.0,0.0,1.0,6.106785714285674
2024-12-10 01:00:00,Off,0.7,0.6795085767445393,0,LONG,A+,1.0,1.0,5.0,1.0,1.0,6.3338571428570765
2024-12-10 02:00:00,Off,0.7,0.686848521764281,0,LONG,A+,1.0,1.0,5.0,2.0,1.0,6.207999999999954
2024-12-10 04:00:00,Off,0.7,0.6201246813122037,0,LONG,A+,1.0,1.0,4.0,4.0,1.0,5.778785714285699
2024-12-10 05:00:00,Off,0.7,0.6483194790432699,0,LONG,A+,1.0,1.0,4.0,5.0,1.0,5.120999999999997
2024-12-10 06:00:00,Off,0.7,0.63121740582108,0,LONG,A,1.0,1.0,3.0,6.0,1.0,4.799499999999982
2024-12-10 07:00:00,London,0.7,0.6422638080109833,0,LONG,A,1.0,1.0,3.0,7.0,1.0,4.958357142857137
2024-12-10 08:00:00,London,0.7,0.644378365396013,0,LONG,A+,1.0,1.0,4.0,8.0,1.0,4.868785714285683
2024-12-10 09:00:00,London,0.7,0.6399521809252852,0,LONG,A,1.0,1.0,3.0,9.0,1.0,5.036714285714295
2024-12-10 10:00:00,London,0.7,0.6684502321654371,0,LONG,A+,1.0,1.0,4.0,10.0,1.0,5.603428571428561
2024-12-10 11:00:00,London,0.7,0.6641264050603777,0,LONG,A+,1.0,1.0,4.0,11.0,1.0,5.758714285714275
2024-12-10 14:00:00,London,0.7,0.6641119118399467,0,LONG,A+,1.0,1.0,4.0,14.0,1.0,6.897285714285674
2024-12-10 18:00:00,NY,0.7,0.6124927294744728,0,LONG,B,1.0,1.0,2.0,18.0,1.0,6.792071428571392
2024-12-10 23:00:00,Off,0.7,0.6612145491527848,0,LONG,B,1.0,1.0,2.0,23.0,1.0,6.286214285714258
2024-12-11 00:00:00,Off,0.7,0.6415290947933111,0,LONG,A+,1.0,1.0,4.0,0.0,2.0,6.509714285714218
2024-12-11 01:00:00,Off,0.7,0.6735759462951326,0,LONG,A+,1.0,1.0,5.0,1.0,2.0,6.139428571428523
2024-12-11 05:00:00,Off,0.7,0.6989023748527905,0,LONG,A+,1.0,1.0,5.0,5.0,2.0,7.071642857142836
2024-12-11 14:00:00,London,0.7,0.6753557182661404,0,LONG,A,1.0,1.0,3.0,14.0,2.0,9.203571428571488
2024-12-11 15:00:00,London,0.7,0.6809418666693631,0,LONG,A,1.0,1.0,3.0,15.0,2.0,9.45050000000005
2024-12-11 16:00:00,London,0.7,0.6807406501785858,0,LONG,A,1.0,1.0,3.0,16.0,2.0,9.54535714285719
2024-12-11 17:00:00,NY,0.7,0.664442234878529,0,LONG,B,1.0,1.0,2.0,17.0,2.0,9.238785714285768
2024-12-11 19:00:00,NY,0.7,0.6428919464237673,0,LONG,B,1.0,1.0,2.0,19.0,2.0,7.958928571428617
2024-12-11 20:00:00,NY,0.7,0.5923638820902264,0,LONG,B,1.0,1.0,2.0,20.0,2.0,7.406500000000051
2024-12-11 21:00:00,NY,0.7,0.6873087750105236,0,LONG,B,1.0,1.0,2.0,21.0,2.0,7.002500000000022
2024-12-11 23:00:00,Off,0.7,0.6436912071507251,0,LONG,A,1.0,1.0,3.0,23.0,2.0,6.816285714285706
2024-12-12 00:00:00,Off,0.7,0.6454818802881329,0,LONG,B,1.0,1.0,2.0,0.0,3.0,6.501714285714278
2024-12-12 07:00:00,London,0.7,0.6504941419888166,0,LONG,A+,1.0,1.0,4.0,7.0,3.0,7.083571428571466
2024-12-12 09:00:00,London,0.7,0.6755213673496754,0,LONG,A+,1.0,1.0,4.0,9.0,3.0,6.822571428571434
2024-12-12 11:00:00,London,0.7,0.68736906001335,0,LONG,A+,1.0,1.0,4.0,11.0,3.0,6.951499999999994
2024-12-12 13:00:00,London,0.7,0.6812652103225216,0,LONG,A+,1.0,1.0,4.0,13.0,3.0,7.970285714285735
2024-12-16 13:00:00,London,0.7,0.6239170140039212,0,SHORT,A+,1.0,1.0,4.0,13.0,0.0,5.340642857142809
2024-12-16 14:00:00,London,0.7,0.6199146574973945,0,SHORT,A+,1.0,1.0,4.0,14.0,0.0,5.386285714285642
2024-12-16 15:00:00,London,0.7,0.583104001736028,0,SHORT,A+,1.0,1.0,4.0,15.0,0.0,5.192999999999919
2024-12-16 16:00:00,London,0.7,0.6286734420975021,0,SHORT,A+,1.0,1.0,4.0,16.0,0.0,5.409285714285651
2024-12-16 18:00:00,NY,0.7,0.6249446447522979,0,SHORT,B,1.0,1.0,2.0,18.0,0.0,5.524571428571368
2024-12-16 23:00:00,Off,0.7,0.6151265671396982,0,SHORT,A,1.0,1.0,3.0,23.0,0.0,4.662214285714201
2024-12-17 00:00:00,Off,0.7,0.6933495890374938,0,SHORT,A,1.0,1.0,3.0,0.0,1.0,4.663714285714215
2024-12-17 01:00:00,Off,0.7,0.6612673369392927,0,SHORT,A+,1.0,1.0,5.0,1.0,1.0,4.742928571428495
2024-12-17 02:00:00,Off,0.7,0.6081588727678865,0,SHORT,A+,1.0,1.0,4.0,2.0,1.0,4.615357142857063
2024-12-17 04:00:00,Off,0.7,0.6594099702949239,0,SHORT,B,1.0,1.0,2.0,4.0,1.0,4.3928571428570775
2024-12-17 05:00:00,Off,0.7,0.6990264761798949,0,SHORT,A+,1.0,1.0,5.0,5.0,1.0,4.173785714285649
2024-12-17 09:00:00,London,0.7,0.6839236019271404,0,SHORT,A+,1.0,1.0,5.0,9.0,1.0,5.326499999999994
2024-12-17 11:00:00,London,0.7,0.7233345217908502,1,SHORT,A+,1.0,1.0,5.0,11.0,1.0,5.757500000000001
2024-12-17 12:00:00,London,0.7,0.6916372300966612,0,SHORT,A+,1.0,1.0,5.0,12.0,1.0,5.985857142857152
2024-12-20 17:00:00,NY,0.7,0.6673006606967724,0,SHORT,A+,1.0,1.0,4.0,17.0,4.0,6.613857142857212
2024-12-20 20:00:00,NY,0.7,0.6814602028332479,0,SHORT,A,1.0,1.0,3.0,20.0,4.0,6.5622857142857685
2024-12-20 21:00:00,NY,0.7,0.6900074521730638,0,SHORT,A,1.0,1.0,3.0,21.0,4.0,6.537714285714336
2024-12-23 05:00:00,Off,0.7,0.6235918263473463,0,SHORT,A,1.0,1.0,3.0,5.0,0.0,6.00057142857148
2024-12-23 06:00:00,Off,0.7,0.6276320508710649,0,SHORT,A,1.0,1.0,3.0,6.0,0.0,5.549357142857194
2024-12-23 13:00:00,London,0.7,0.6317693687869292,0,SHORT,A+,1.0,1.0,4.0,13.0,0.0,5.745571428571436
2024-12-23 14:00:00,London,0.7,0.6524863710173816,0,SHORT,A+,1.0,1.0,4.0,14.0,0.0,5.643142857142883
2024-12-23 15:00:00,London,0.7,0.6280329198349349,0,SHORT,A+,1.0,1.0,4.0,15.0,0.0,5.762500000000013
2024-12-26 18:00:00,NY,0.7,0.6775072503439526,0,LONG,A+,1.0,1.0,5.0,18.0,3.0,5.006714285714224
2024-12-26 19:00:00,NY,0.7,0.6054190541430294,0,LONG,A,1.0,1.0,3.0,19.0,3.0,5.058999999999936
2024-12-26 20:00:00,NY,0.7,0.623244642973764,0,LONG,A+,1.0,1.0,4.0,20.0,3.0,5.037999999999913
2024-12-26 23:00:00,Off,0.7,0.6757738752230529,0,LONG,B,1.0,1.0,2.0,23.0,3.0,5.131214285714187
2024-12-27 01:00:00,Off,0.7,0.681171659286769,0,LONG,A+,1.0,1.0,4.0,1.0,4.0,5.192857142857098
2024-12-27 06:00:00,Off,0.7,0.6783371587073538,0,LONG,A+,1.0,1.0,4.0,6.0,4.0,4.196428571428539
2024-12-27 09:00:00,London,0.7,0.6675648953731633,0,LONG,B,1.0,1.0,2.0,9.0,4.0,4.219285714285661
2024-12-27 10:00:00,London,0.7,0.6793368914189489,0,LONG,B,1.0,1.0,2.0,10.0,4.0,4.327428571428494
2024-12-27 13:00:00,London,0.7,0.6733059421723063,0,LONG,A+,1.0,1.0,4.0,13.0,4.0,4.694857142857115
2024-12-31 12:00:00,London,0.7,0.6724703624724231,0,SHORT,A+,1.0,1.0,4.0,12.0,1.0,4.354928571428478
2024-12-31 13:00:00,London,0.7,0.6583204665338322,0,SHORT,A+,1.0,1.0,4.0,13.0,1.0,4.888142857142774
2024-12-31 14:00:00,London,0.7,0.6107877376226342,0,SHORT,A+,1.0,1.0,4.0,14.0,1.0,5.09499999999993
2024-12-31 15:00:00,London,0.7,0.658689613285143,0,SHORT,A+,1.0,1.0,4.0,15.0,1.0,5.757142857142786
2025-01-02 01:00:00,Off,0.7,0.6349666203066353,0,LONG,A+,1.0,1.0,4.0,1.0,3.0,5.916571428571452
2025-01-02 03:00:00,Off,0.7,0.6354784837190874,0,LONG,A,1.0,1.0,3.0,3.0,3.0,5.871071428571407
2025-01-02 04:00:00,Off,0.7,0.6434380383166658,0,LONG,B,1.0,1.0,2.0,4.0,3.0,5.316285714285706
2025-01-02 07:00:00,London,0.7,0.6362154428694532,0,LONG,A+,1.0,1.0,4.0,7.0,3.0,4.236428571428568
2025-01-02 09:00:00,London,0.7,0.6887830746741136,0,LONG,A+,1.0,1.0,5.0,9.0,3.0,4.372428571428535
2025-01-02 12:00:00,London,0.7,0.7111109225610851,1,LONG,A+,1.0,1.0,5.0,12.0,3.0,5.442214285714239
2025-01-02 13:00:00,London,0.7,0.7007161011549458,1,LONG,A+,1.0,1.0,5.0,13.0,3.0,5.94792857142852
2025-01-02 15:00:00,London,0.7,0.6745089104519526,0,LONG,A+,1.0,1.0,4.0,15.0,3.0,6.350071428571384
2025-01-02 16:00:00,London,0.7,0.6544913589314065,0,LONG,A,1.0,1.0,3.0,16.0,3.0,6.79099999999994
2025-01-03 02:00:00,Off,0.7,0.6347697452207092,0,LONG,A,1.0,1.0,3.0,2.0,4.0,6.745214285714285
2025-01-03 04:00:00,Off,0.7,0.638095001683798,0,LONG,A+,2.0,2.0,2.0,4.0,4.0,5.983357142857163
2025-01-03 05:00:00,Off,0.7,0.6802349173084833,0,LONG,B,1.0,1.0,2.0,5.0,4.0,5.717571428571481
2025-01-03 06:00:00,Off,0.7,0.6511817906316609,0,LONG,B,1.0,1.0,2.0,6.0,4.0,5.207857142857165
2025-01-03 07:00:00,London,0.7,0.655202375735077,0,LONG,B,1.0,1.0,2.0,7.0,4.0,5.013571428571465
2025-01-03 09:00:00,London,0.7,0.6809157993318061,0,LONG,B,1.0,1.0,2.0,9.0,4.0,4.736785714285783
2025-01-03 15:00:00,London,0.7,0.6742470220064459,0,LONG,A+,1.0,1.0,4.0,15.0,4.0,5.784785714285785
2025-01-03 16:00:00,London,0.7,0.6729320538686758,0,LONG,A+,1.0,1.0,4.0,16.0,4.0,5.810928571428641
2025-01-03 17:00:00,NY,0.7,0.6707981818950112,0,LONG,A+,1.0,1.0,4.0,17.0,4.0,5.779428571428623
2025-01-03 20:00:00,NY,0.7,0.6672819047409634,0,LONG,B,1.0,1.0,2.0,20.0,4.0,5.521071428571466
2025-01-06 04:00:00,Off,0.7,0.5991190006893301,0,LONG,A+,1.0,1.0,4.0,4.0,0.0,5.23114285714288
2025-01-06 05:00:00,Off,0.7,0.6767435745817997,0,LONG,A+,1.0,1.0,5.0,5.0,0.0,5.032357142857173
2025-01-06 06:00:00,Off,0.7,0.6167134346708598,0,LONG,A+,1.0,1.0,4.0,6.0,0.0,4.875071428571475
2025-01-06 12:00:00,London,0.7,0.6366369390230429,0,LONG,A+,1.0,1.0,4.0,12.0,0.0,6.390857142857191
2025-01-06 13:00:00,London,0.7,0.6637276875655429,0,LONG,A+,1.0,1.0,4.0,13.0,0.0,8.140285714285742
2025-01-07 17:00:00,NY,0.7,0.636507951889364,0,LONG,A+,1.0,1.0,4.0,17.0,1.0,7.1342857142856895
2025-01-07 19:00:00,NY,0.7,0.6418480583008095,0,LONG,A+,1.0,1.0,4.0,19.0,1.0,6.965857142857105
2025-01-07 20:00:00,NY,0.7,0.6104881303817041,0,LONG,B,1.0,1.0,2.0,20.0,1.0,6.777499999999951
2025-01-07 21:00:00,NY,0.7,0.6755103552805891,0,LONG,B,1.0,1.0,2.0,21.0,1.0,6.673714285714238
2025-01-07 23:00:00,Off,0.7,0.6704559998011008,0,LONG,B,1.0,1.0,2.0,23.0,1.0,6.461571428571395
2025-01-08 01:00:00,Off,0.7,0.6483256062982782,0,LONG,A,1.0,1.0,3.0,1.0,2.0,6.396714285714227
2025-01-08 02:00:00,Off,0.7,0.6431078890234805,0,LONG,A,1.0,1.0,3.0,2.0,2.0,6.241928571428518
2025-01-08 03:00:00,Off,0.7,0.6626810532000069,0,LONG,B,1.0,1.0,2.0,3.0,2.0,6.098428571428518
2025-01-08 07:00:00,London,0.7,0.6820260117004028,0,LONG,A+,1.0,1.0,4.0,7.0,2.0,3.76049999999993
2025-01-08 08:00:00,London,0.7,0.6671508813846251,0,LONG,A+,1.0,1.0,4.0,8.0,2.0,3.6437142857142
2025-01-08 09:00:00,London,0.7,0.6153899286703471,0,LONG,A+,1.0,1.0,4.0,9.0,2.0,3.496142857142786
2025-01-08 13:00:00,London,0.7,0.6814770207559108,0,LONG,A,1.0,1.0,3.0,13.0,2.0,4.301499999999903
2025-01-08 14:00:00,London,0.7,0.612402727885125,0,LONG,A,1.0,1.0,3.0,14.0,2.0,4.643714285714201
2025-01-08 15:00:00,London,0.7,0.6287280212669336,0,LONG,A,1.0,1.0,3.0,15.0,2.0,4.973785714285635
2025-01-08 17:00:00,NY,0.7,0.6721364299982566,0,LONG,A+,1.0,1.0,4.0,17.0,2.0,6.405499999999912
2025-01-08 19:00:00,NY,0.7,0.7165539790930429,1,LONG,A,1.0,1.0,3.0,19.0,2.0,7.018857142857087
2025-01-08 23:00:00,Off,0.7,0.6781401131623329,0,LONG,B,1.0,1.0,2.0,23.0,2.0,6.973499999999993
2025-01-09 00:00:00,Off,0.7,0.7020035117771795,0,LONG,B,1.0,1.0,2.0,0.0,3.0,6.979428571428571
2025-01-09 02:00:00,Off,0.7,0.6939528800838975,0,LONG,B,1.0,1.0,2.0,2.0,3.0,6.962500000000026
2025-01-09 03:00:00,Off,0.7,0.6647162130528353,0,LONG,B,1.0,1.0,2.0,3.0,3.0,6.744142857142898
2025-01-09 04:00:00,Off,0.7,0.6347044364619774,0,LONG,B,1.0,1.0,2.0,4.0,3.0,6.43064285714289
2025-01-09 06:00:00,Off,0.7,0.6420595219314945,0,LONG,A,1.0,1.0,3.0,6.0,3.0,6.150928571428624
2025-01-09 09:00:00,London,0.7,0.6704820951393395,0,LONG,A,1.0,1.0,3.0,9.0,3.0,4.71035714285722
2025-01-09 10:00:00,London,0.7,0.6461138094614001,0,LONG,A,1.0,1.0,3.0,10.0,3.0,4.374285714285796
2025-01-09 11:00:00,London,0.7,0.655202818847269,0,LONG,A+,1.0,1.0,4.0,11.0,3.0,4.538928571428642
2025-01-09 12:00:00,London,0.7,0.6637597457299449,0,LONG,A+,1.0,1.0,4.0,12.0,3.0,4.725500000000076
2025-01-09 14:00:00,London,0.7,0.6298737905082297,0,LONG,A+,1.0,1.0,4.0,14.0,3.0,5.433571428571505
2025-01-09 17:00:00,NY,0.7,0.6634497001837896,0,LONG,A+,1.0,1.0,4.0,17.0,3.0,5.899428571428676
2025-01-09 18:00:00,NY,0.7,0.6511440880259468,0,LONG,A,1.0,1.0,3.0,18.0,3.0,6.122071428571546
2025-01-10 03:00:00,Off,0.7,0.6925914080776667,0,LONG,A+,1.0,1.0,4.0,3.0,4.0,4.422928571428656
2025-01-10 06:00:00,Off,0.7,0.6334817851687868,0,LONG,A+,1.0,1.0,4.0,6.0,4.0,3.609500000000058
2025-01-10 07:00:00,London,0.7,0.6964269108533409,0,LONG,A+,1.0,1.0,5.0,7.0,4.0,3.644714285714372
2025-01-10 08:00:00,London,0.7,0.6797702430575913,0,LONG,A+,1.0,1.0,5.0,8.0,4.0,3.558428571428619
2025-01-10 11:00:00,London,0.7,0.6418271874208055,0,LONG,A+,1.0,1.0,4.0,11.0,4.0,3.544857142857154
2025-01-10 21:00:00,NY,0.7,0.7155783865145303,1,LONG,B,1.0,1.0,2.0,21.0,4.0,8.147142857142853
2025-01-12 23:00:00,Off,0.7,0.6718811275355311,0,LONG,B,1.0,1.0,2.0,23.0,6.0,8.078857142857162
2025-01-13 00:00:00,Off,0.7,0.6630571704353687,0,LONG,B,1.0,1.0,2.0,0.0,0.0,8.110357142857149
2025-01-13 01:00:00,Off,0.7,0.6803125547008427,0,LONG,A+,1.0,1.0,4.0,1.0,0.0,8.558357142857176
2025-01-13 05:00:00,Off,0.7,0.6559331422187442,0,LONG,A,1.0,1.0,3.0,5.0,0.0,6.949357142857123
2025-01-13 06:00:00,Off,0.7,0.6376054964407605,0,LONG,B,1.0,1.0,2.0,6.0,0.0,6.149071428571427
2025-01-13 09:00:00,London,0.7,0.6208716072506802,0,LONG,A,1.0,1.0,3.0,9.0,0.0,5.371857142857119
2025-01-13 11:00:00,London,0.7,0.644274397991434,0,LONG,A,1.0,1.0,3.0,11.0,0.0,5.612357142857101
2025-01-13 14:00:00,London,0.7,0.6473659661159362,0,LONG,A+,1.0,1.0,4.0,14.0,0.0,6.883357142857092
2025-01-13 16:00:00,London,0.7,0.6645506956930288,0,LONG,A+,1.0,1.0,4.0,16.0,0.0,7.075428571428509
2025-01-13 18:00:00,NY,0.7,0.6419361466726003,0,LONG,B,1.0,1.0,2.0,18.0,0.0,7.075357142857066
2025-01-15 03:00:00,Off,0.7,0.6279950967022446,0,LONG,B,1.0,1.0,2.0,3.0,2.0,5.345214285714259
2025-01-15 04:00:00,Off,0.7,0.6085164642194494,0,LONG,A,1.0,1.0,3.0,4.0,2.0,4.539571428571402
2025-01-15 06:00:00,Off,0.7,0.6515361195424529,0,LONG,A+,1.0,1.0,4.0,6.0,2.0,4.190142857142844
2025-01-15 08:00:00,London,0.7,0.7053364887927336,1,LONG,A+,1.0,1.0,5.0,8.0,2.0,4.189857142857136
2025-01-15 09:00:00,London,0.7,0.6667107203278331,0,LONG,A+,1.0,1.0,4.0,9.0,2.0,4.174357142857128
2025-01-15 10:00:00,London,0.7,0.7081842995501247,1,LONG,A+,1.0,1.0,5.0,10.0,2.0,4.165857142857119
2025-01-15 11:00:00,London,0.7,0.7145475207562944,1,LONG,A+,1.0,1.0,5.0,11.0,2.0,4.102714285714261
2025-01-15 13:00:00,London,0.7,0.6629899815798211,0,LONG,A+,1.0,1.0,4.0,13.0,2.0,4.76921428571427
2025-01-15 15:00:00,London,0.7,0.6603305456756299,0,LONG,A+,1.0,1.0,4.0,15.0,2.0,5.933642857142851
2025-01-15 16:00:00,London,0.7,0.722601947731878,1,LONG,A+,1.0,1.0,4.0,16.0,2.0,6.461714285714249
2025-01-15 17:00:00,NY,0.7,0.6688903728927157,0,LONG,A+,1.0,1.0,4.0,17.0,2.0,6.497642857142831
2025-01-15 18:00:00,NY,0.7,0.651260714616336,0,LONG,A,1.0,1.0,3.0,18.0,2.0,6.5992857142856725
2025-01-15 20:00:00,NY,0.7,0.6601200798129091,0,LONG,B,1.0,1.0,2.0,20.0,2.0,6.372214285714238
2025-01-16 03:00:00,Off,0.7,0.6550113461284784,0,LONG,B,1.0,1.0,2.0,3.0,3.0,6.42357142857132
2025-01-16 04:00:00,Off,0.7,0.6757857251244176,0,LONG,B,1.0,1.0,2.0,4.0,3.0,5.650928571428461
2025-01-16 05:00:00,Off,0.7,0.6280633443162097,0,LONG,A,1.0,1.0,3.0,5.0,3.0,4.642071428571334
2025-01-16 06:00:00,Off,0.7,0.5890818085275172,0,LONG,A,1.0,1.0,3.0,6.0,3.0,4.585285714285614
2025-01-16 09:00:00,London,0.7,0.6298923726853165,0,LONG,A,1.0,1.0,3.0,9.0,3.0,4.574714285714241
2025-01-16 10:00:00,London,0.7,0.6451119454079445,0,LONG,A,1.0,1.0,3.0,10.0,3.0,4.670499999999947
2025-01-16 11:00:00,London,0.7,0.7124126793086262,1,LONG,A,1.0,1.0,3.0,11.0,3.0,4.784928571428542
2025-01-16 14:00:00,London,0.7,0.6604141893087722,0,LONG,A+,1.0,1.0,4.0,14.0,3.0,6.0738571428571175
2025-01-16 15:00:00,London,0.7,0.6586100348684446,0,LONG,A+,1.0,1.0,4.0,15.0,3.0,6.029285714285671
2025-01-16 18:00:00,NY,0.7,0.6510609385016255,0,LONG,B,1.0,1.0,2.0,18.0,3.0,6.922428571428587
2025-01-16 19:00:00,NY,0.7,0.6108112287886953,0,LONG,B,1.0,1.0,2.0,19.0,3.0,6.835000000000004
2025-01-16 23:00:00,Off,0.7,0.6810854380338285,0,LONG,B,1.0,1.0,2.0,23.0,3.0,6.163285714285751
2025-01-17 00:00:00,Off,0.7,0.6998085048632012,0,LONG,B,1.0,1.0,2.0,0.0,4.0,5.711071428571456
2025-01-17 01:00:00,Off,0.7,0.6306200821005543,0,LONG,A+,1.0,1.0,4.0,1.0,4.0,5.788285714285751
2025-01-17 03:00:00,Off,0.7,0.6380344051250215,0,LONG,A,1.0,1.0,3.0,3.0,4.0,5.33907142857145
2025-01-17 07:00:00,London,0.7,0.7056113379740351,1,LONG,A+,1.0,1.0,4.0,7.0,4.0,3.853857142857221
2025-01-17 09:00:00,London,0.7,0.6590195240864393,0,LONG,A+,1.0,1.0,4.0,9.0,4.0,3.698642857142886
2025-01-17 10:00:00,London,0.7,0.6855707175708685,0,LONG,A,1.0,1.0,3.0,10.0,4.0,3.761928571428598
2025-01-17 11:00:00,London,0.7,0.7274784983289683,1,LONG,A,1.0,1.0,3.0,11.0,4.0,3.938285714285744
2025-01-21 08:00:00,London,0.7,0.6564323456352171,0,LONG,A+,1.0,1.0,4.0,8.0,1.0,6.935142857142929
2025-01-21 10:00:00,London,0.7,0.6734645087354435,0,LONG,A,1.0,1.0,3.0,10.0,1.0,6.82528571428572
2025-01-21 13:00:00,London,0.7,0.6398967469647207,0,LONG,A+,1.0,1.0,4.0,13.0,1.0,7.236642857142864
2025-01-21 16:00:00,London,0.7,0.6413108013629678,0,LONG,A+,1.0,1.0,4.0,16.0,1.0,6.770999999999991
2025-01-21 19:00:00,NY,0.7,0.6244193414265052,0,LONG,B,1.0,1.0,2.0,19.0,1.0,6.878428571428556
2025-01-21 20:00:00,NY,0.7,0.6174249107941561,0,LONG,B,1.0,1.0,2.0,20.0,1.0,6.699714285714273
2025-01-21 21:00:00,NY,0.7,0.6784115091651384,0,LONG,B,1.0,1.0,2.0,21.0,1.0,6.25428571428571
2025-01-21 23:00:00,Off,0.7,0.6459590779765709,0,LONG,A,1.0,1.0,3.0,23.0,1.0,5.8623571428571335
2025-01-22 00:00:00,Off,0.7,0.6541653473140712,0,LONG,A+,1.0,1.0,4.0,0.0,2.0,5.861785714285718
2025-01-22 03:00:00,Off,0.7,0.6144938197102999,0,LONG,A+,1.0,1.0,4.0,3.0,2.0,5.261928571428565
2025-01-22 04:00:00,Off,0.7,0.6404029815171436,0,LONG,A+,1.0,1.0,4.0,4.0,2.0,5.136857142857155
2025-01-22 05:00:00,Off,0.7,0.6286643486410709,0,LONG,A,1.0,1.0,3.0,5.0,2.0,4.803642857142871
2025-01-22 06:00:00,Off,0.7,0.6222646399834659,0,LONG,A,1.0,1.0,3.0,6.0,2.0,5.294428571428592
2025-01-22 07:00:00,London,0.7,0.6433671183216972,0,LONG,A+,1.0,1.0,4.0,7.0,2.0,5.323928571428594
2025-01-22 09:00:00,London,0.7,0.6781319780420271,0,LONG,A,1.0,1.0,3.0,9.0,2.0,5.666428571428567
2025-01-22 11:00:00,London,0.7,0.6724000393596566,0,LONG,B,1.0,1.0,2.0,11.0,2.0,5.830357142857143
2025-01-22 12:00:00,London,0.7,0.6527988579363304,0,LONG,A+,1.0,1.0,4.0,12.0,2.0,6.0503571428571705
2025-01-22 13:00:00,London,0.7,0.6512547338315111,0,LONG,A+,1.0,1.0,4.0,13.0,2.0,6.593285714285782
2025-01-22 14:00:00,London,0.7,0.6317576183215763,0,LONG,A+,1.0,1.0,4.0,14.0,2.0,6.703214285714369
2025-01-22 23:00:00,Off,0.7,0.6369703916563534,0,LONG,A,1.0,1.0,3.0,23.0,2.0,5.434928571428633
2025-01-29 07:00:00,London,0.7,0.6645158222546336,0,LONG,B,1.0,1.0,2.0,7.0,2.0,2.7332857142857523
2025-01-29 09:00:00,London,0.7,0.6296989021808622,0,LONG,A,1.0,1.0,3.0,9.0,2.0,3.0337857142857763
2025-01-29 13:00:00,London,0.7,0.6745750873823874,0,LONG,A,1.0,1.0,3.0,13.0,2.0,3.764214285714291
2025-01-29 15:00:00,London,0.7,0.6199400042183051,0,LONG,A,1.0,1.0,3.0,15.0,2.0,4.536214285714323
2025-01-29 16:00:00,London,0.7,0.6180986154146235,0,LONG,A+,1.0,1.0,4.0,16.0,2.0,4.94771428571432
2025-01-29 18:00:00,NY,0.7,0.6295106395036677,0,LONG,B,1.0,1.0,2.0,18.0,2.0,5.196714285714312
2025-01-29 20:00:00,NY,0.7,0.6646863081682496,0,LONG,A+,1.0,1.0,4.0,20.0,2.0,6.168000000000022
2025-01-29 21:00:00,NY,0.7,0.6781263199084232,0,LONG,B,1.0,1.0,2.0,21.0,2.0,6.337142857142908
2025-01-30 00:00:00,Off,0.7,0.6562309867456283,0,LONG,A,1.0,1.0,3.0,0.0,3.0,5.982357142857154
2025-01-30 02:00:00,Off,0.7,0.6798783482895546,0,LONG,A+,1.0,1.0,4.0,2.0,3.0,5.748785714285726
2025-01-30 06:00:00,Off,0.7,0.6421122004462482,0,LONG,A,1.0,1.0,3.0,6.0,3.0,4.939428571428672
2025-01-30 07:00:00,London,0.7,0.6291437669155866,0,LONG,A,1.0,1.0,3.0,7.0,3.0,4.691285714285804
2025-01-30 08:00:00,London,0.7,0.6658059314822363,0,LONG,A,1.0,1.0,3.0,8.0,3.0,5.035000000000049
2025-01-30 09:00:00,London,0.7,0.6476120319416571,0,LONG,B,1.0,1.0,2.0,9.0,3.0,5.024857142857205
2025-01-30 13:00:00,London,0.7,0.6726651574476971,0,LONG,A,1.0,1.0,3.0,13.0,3.0,4.500642857142923
2025-01-30 15:00:00,London,0.7,0.6279326153764446,0,LONG,A,1.0,1.0,3.0,15.0,3.0,5.386571428571448
2025-01-30 17:00:00,NY,0.7,0.653682528978083,0,LONG,A,1.0,1.0,3.0,17.0,3.0,6.069928571428558
2025-01-30 23:00:00,Off,0.7,0.6582537894860336,0,LONG,A+,2.0,2.0,2.0,23.0,3.0,6.244571428571395
2025-01-31 04:00:00,Off,0.7,0.6748096366726476,0,LONG,A+,2.0,2.0,2.0,4.0,4.0,5.543928571428523
2025-01-31 07:00:00,London,0.7,0.646439423762772,0,LONG,A,1.0,1.0,3.0,7.0,4.0,4.672785714285737
2025-01-31 11:00:00,London,0.7,0.7168900718934769,1,LONG,A+,1.0,1.0,5.0,11.0,4.0,4.774571428571464
2025-01-31 12:00:00,London,0.7,0.6857999546308017,0,LONG,A+,1.0,1.0,4.0,12.0,4.0,4.786642857142884
2025-01-31 13:00:00,London,0.7,0.6852725567946266,0,LONG,A+,1.0,1.0,4.0,13.0,4.0,4.856500000000032
2025-01-31 14:00:00,London,0.7,0.6628693138063972,0,LONG,A+,1.0,1.0,4.0,14.0,4.0,5.055000000000031
2025-01-31 17:00:00,NY,0.7,0.6737379787805879,0,LONG,A+,1.0,1.0,4.0,17.0,4.0,6.448785714285772
2025-01-31 18:00:00,NY,0.7,0.6372523146704389,0,LONG,A+,1.0,1.0,5.0,18.0,4.0,7.286928571428624
2025-01-31 19:00:00,NY,0.7,0.6829448605969092,0,LONG,A+,1.0,1.0,4.0,19.0,4.0,7.634714285714316
2025-02-03 16:00:00,London,0.7,0.6755092241265056,0,LONG,A+,1.0,1.0,4.0,16.0,0.0,9.140714285714305
2025-02-03 17:00:00,NY,0.7,0.6632381409860341,0,LONG,A,1.0,1.0,3.0,17.0,0.0,9.272
2025-02-03 23:00:00,Off,0.7,0.6633104050465013,0,LONG,B,1.0,1.0,2.0,23.0,0.0,8.256500000000026
2025-02-04 02:00:00,Off,0.7,0.6805812264318097,0,LONG,A,1.0,1.0,3.0,2.0,1.0,8.37714285714284
2025-02-04 03:00:00,Off,0.7,0.7020833556540828,0,LONG,A,1.0,1.0,3.0,3.0,1.0,8.131857142857111
2025-02-04 04:00:00,Off,0.7,0.6835517464976639,0,LONG,A+,1.0,1.0,4.0,4.0,1.0,8.069857142857115
2025-02-04 16:00:00,London,0.7,0.6784865820490776,0,LONG,A+,1.0,1.0,4.0,16.0,1.0,8.258357142857124
2025-02-04 17:00:00,NY,0.7,0.659632261439881,0,LONG,B,1.0,1.0,2.0,17.0,1.0,8.14242857142855
2025-02-04 18:00:00,NY,0.7,0.6524360216879335,0,LONG,B,1.0,1.0,2.0,18.0,1.0,8.075428571428542
2025-02-04 19:00:00,NY,0.7,0.627489363941757,0,LONG,B,1.0,1.0,2.0,19.0,1.0,7.803571428571396
2025-02-04 23:00:00,Off,0.7,0.6798400603087549,0,LONG,B,1.0,1.0,2.0,23.0,1.0,6.974357142857083
2025-02-05 00:00:00,Off,0.7,0.6872512420181965,0,LONG,B,1.0,1.0,2.0,0.0,2.0,6.961214285714244
2025-02-05 03:00:00,Off,0.7,0.6456708559049935,0,LONG,A,1.0,1.0,3.0,3.0,2.0,7.244000000000012
2025-02-05 04:00:00,Off,0.7,0.6437431678493221,0,LONG,B,1.0,1.0,2.0,4.0,2.0,6.568214285714313
2025-02-05 05:00:00,Off,0.7,0.6372237159619288,0,LONG,A,1.0,1.0,3.0,5.0,2.0,6.184071428571444
2025-02-05 08:00:00,London,0.7,0.6762325239275401,0,LONG,A,1.0,1.0,3.0,8.0,2.0,5.703499999999979
2025-02-05 09:00:00,London,0.7,0.6422817912448797,0,LONG,A,1.0,1.0,3.0,9.0,2.0,6.023071428571419
2025-02-05 10:00:00,London,0.7,0.6825902934989638,0,LONG,A,1.0,1.0,3.0,10.0,2.0,6.649428571428546
2025-02-05 11:00:00,London,0.7,0.6589957334540125,0,LONG,A+,1.0,1.0,4.0,11.0,2.0,6.7710714285714015
2025-02-05 14:00:00,London,0.7,0.718281450672415,1,LONG,A,1.0,1.0,3.0,14.0,2.0,7.804499999999962
2025-02-05 19:00:00,NY,0.7,0.6927651502757403,0,LONG,A+,1.0,1.0,4.0,19.0,2.0,8.823642857142788
2025-02-05 20:00:00,NY,0.7,0.6749425590689277,0,LONG,A,1.0,1.0,3.0,20.0,2.0,8.932428571428513
2025-02-05 21:00:00,NY,0.7,0.6785672441368051,0,LONG,B,1.0,1.0,2.0,21.0,2.0,8.701571428571404
2025-02-06 00:00:00,Off,0.7,0.6930306422936041,0,LONG,B,1.0,1.0,2.0,0.0,3.0,8.297357142857143
2025-02-06 01:00:00,Off,0.7,0.7126403201805825,0,LONG,A+,1.0,1.0,4.0,1.0,3.0,8.098499999999992
2025-02-06 02:00:00,Off,0.7,0.6694075913765192,0,LONG,B,1.0,1.0,2.0,2.0,3.0,8.044857142857186
2025-02-06 04:00:00,Off,0.7,0.7088872108124156,0,LONG,B,1.0,1.0,2.0,4.0,3.0,7.65021428571429
2025-02-06 05:00:00,Off,0.7,0.6808739830590247,0,LONG,A,1.0,1.0,3.0,5.0,3.0,7.119214285714309
2025-02-06 06:00:00,Off,0.7,0.6375686743013735,0,LONG,A+,1.0,1.0,4.0,6.0,3.0,7.249071428571402
2025-02-06 07:00:00,London,0.7,0.6435469641901461,0,LONG,A,1.0,1.0,3.0,7.0,3.0,6.440214285714286
2025-02-07 07:00:00,London,0.7,0.6216748417276928,0,LONG,A+,1.0,1.0,4.0,7.0,4.0,4.584928571428561
2025-02-07 09:00:00,London,0.7,0.650464346730603,0,LONG,A+,1.0,1.0,4.0,9.0,4.0,4.597928571428546
2025-02-07 10:00:00,London,0.7,0.6828693337631282,0,LONG,A+,1.0,1.0,4.0,10.0,4.0,4.74799999999995
2025-02-07 11:00:00,London,0.7,0.6841815802109907,0,LONG,B,1.0,1.0,2.0,11.0,4.0,4.716428571428488
2025-02-07 12:00:00,London,0.7,0.7092860415935235,1,LONG,A+,1.0,1.0,4.0,12.0,4.0,4.879785714285617
2025-02-07 16:00:00,London,0.7,0.697142707679371,0,LONG,A+,1.0,1.0,4.0,16.0,4.0,8.821999999999987
2025-02-07 17:00:00,NY,0.7,0.6783587169304091,0,LONG,A+,1.0,1.0,4.0,17.0,4.0,9.159285714285716
2025-02-07 18:00:00,NY,0.7,0.6491246154309859,0,LONG,B,1.0,1.0,2.0,18.0,4.0,9.3099285714286
2025-02-07 19:00:00,NY,0.7,0.6883204878725918,0,LONG,B,1.0,1.0,2.0,19.0,4.0,9.250071428571411
2025-02-10 00:00:00,Off,0.7,0.6591753168534303,0,LONG,B,1.0,1.0,2.0,0.0,0.0,9.235928571428564
2025-02-10 03:00:00,Off,0.7,0.6540807863280685,0,LONG,B,1.0,1.0,2.0,3.0,0.0,9.597785714285724
2025-02-10 05:00:00,Off,0.7,0.6030730024693448,0,LONG,A,1.0,1.0,3.0,5.0,0.0,7.353000000000001
2025-02-10 06:00:00,Off,0.7,0.583930492746683,0,LONG,A,1.0,1.0,3.0,6.0,0.0,7.368428571428597
2025-02-10 07:00:00,London,0.7,0.6156960319258244,0,LONG,A,1.0,1.0,3.0,7.0,0.0,6.560857142857133
2025-02-10 08:00:00,London,0.7,0.6300960483971775,0,LONG,A+,1.0,1.0,4.0,8.0,0.0,6.368999999999947
2025-02-10 09:00:00,London,0.7,0.6027897793317304,0,LONG,B,1.0,1.0,2.0,9.0,0.0,6.473714285714193
2025-02-10 11:00:00,London,0.7,0.6292660611299267,0,LONG,A+,2.0,2.0,2.0,11.0,0.0,6.971499999999943
2025-02-10 13:00:00,London,0.7,0.6537909483371853,0,LONG,A+,1.0,1.0,4.0,13.0,0.0,7.136428571428529
2025-02-10 16:00:00,London,0.7,0.6436214923990117,0,LONG,B,1.0,1.0,2.0,16.0,0.0,8.145285714285658
2025-02-10 20:00:00,NY,0.7,0.6979637437872763,0,LONG,B,1.0,1.0,2.0,20.0,0.0,7.846928571428537
2025-02-10 23:00:00,Off,0.7,0.6684082445936486,0,LONG,A,1.0,1.0,3.0,23.0,0.0,7.857499999999975
2025-02-11 00:00:00,Off,0.7,0.6724297870652469,0,LONG,B,1.0,1.0,2.0,0.0,1.0,7.977714285714293
2025-02-11 01:00:00,Off,0.7,0.6859963567211168,0,LONG,A+,1.0,1.0,4.0,1.0,1.0,8.585357142857154
2025-02-11 03:00:00,Off,0.7,0.7044651520534677,0,LONG,A+,1.0,1.0,4.0,3.0,1.0,11.408857142857087
2025-02-11 04:00:00,Off,0.7,0.6923128331818864,0,LONG,A,1.0,1.0,3.0,4.0,1.0,11.007785714285676
2025-02-11 05:00:00,Off,0.7,0.6763757356214962,0,LONG,A,1.0,1.0,3.0,5.0,1.0,10.687071428571404
2025-02-11 13:00:00,London,0.7,0.6704894779085108,0,LONG,A+,1.0,1.0,4.0,13.0,1.0,12.72314285714281
2025-02-11 17:00:00,NY,0.7,0.6505093626313555,0,LONG,B,1.0,1.0,2.0,17.0,1.0,10.055642857142823
2025-02-11 18:00:00,NY,0.7,0.6579536313380266,0,LONG,B,1.0,1.0,2.0,18.0,1.0,9.921142857142838
2025-02-11 19:00:00,NY,0.7,0.6496406456506431,0,LONG,A,1.0,1.0,3.0,19.0,1.0,9.811999999999996
2025-02-11 23:00:00,Off,0.7,0.704899949229505,0,LONG,A,1.0,1.0,3.0,23.0,1.0,8.320357142857087
2025-02-12 00:00:00,Off,0.7,0.6924508172624069,0,LONG,B,1.0,1.0,2.0,0.0,2.0,8.337857142857112
2025-02-12 01:00:00,Off,0.7,0.7111997016176709,0,LONG,A+,1.0,1.0,4.0,1.0,2.0,8.956214285714266
2025-02-12 02:00:00,Off,0.7,0.7191954203516945,0,LONG,A,1.0,1.0,3.0,2.0,2.0,9.060642857142868
2025-02-12 04:00:00,Off,0.7,0.6227543472969878,0,LONG,A,1.0,1.0,3.0,4.0,2.0,7.54071428571433
2025-02-12 07:00:00,London,0.7,0.6541810547912552,0,LONG,A,1.0,1.0,3.0,7.0,2.0,6.635071428571466
2025-02-12 08:00:00,London,0.7,0.6672937126750283,0,LONG,A,1.0,1.0,3.0,8.0,2.0,6.515714285714304
2025-02-12 10:00:00,London,0.7,0.675682103474614,0,LONG,A,1.0,1.0,3.0,10.0,2.0,6.997999999999983
2025-02-12 18:00:00,NY,0.7,0.6766532733308424,0,LONG,A,1.0,1.0,3.0,18.0,2.0,9.0051428571428
2025-02-12 23:00:00,Off,0.7,0.6713828951657718,0,LONG,B,1.0,1.0,2.0,23.0,2.0,8.966285714285666
2025-02-13 00:00:00,Off,0.7,0.6888811534678749,0,LONG,A,1.0,1.0,3.0,0.0,3.0,8.787857142857092
2025-02-13 01:00:00,Off,0.7,0.6892324770620842,0,LONG,A+,1.0,1.0,4.0,1.0,3.0,8.455214285714224
2025-02-13 03:00:00,Off,0.7,0.6889413103959292,0,LONG,A+,1.0,1.0,4.0,3.0,3.0,8.539357142857073
2025-02-13 04:00:00,Off,0.7,0.6379587287719124,0,LONG,B,1.0,1.0,2.0,4.0,3.0,7.216785714285639
2025-02-13 09:00:00,London,0.7,0.7205730158155206,1,LONG,A+,1.0,1.0,4.0,9.0,3.0,6.439928571428449
2025-02-13 13:00:00,London,0.7,0.694276205219614,0,LONG,A+,1.0,1.0,5.0,13.0,3.0,6.582857142857002
2025-02-13 15:00:00,London,0.7,0.6852049812024715,0,LONG,A+,1.0,1.0,4.0,15.0,3.0,7.075428571428412
2025-02-13 16:00:00,London,0.7,0.5970566896473052,0,LONG,B,1.0,1.0,2.0,16.0,3.0,7.368357142856992
2025-02-13 17:00:00,NY,0.7,0.668214446016509,0,LONG,B,1.0,1.0,2.0,17.0,3.0,7.00428571428558
2025-02-13 18:00:00,NY,0.7,0.6578913102048365,0,LONG,A+,1.0,1.0,4.0,18.0,3.0,7.583214285714154
2025-02-13 19:00:00,NY,0.7,0.5741863867494026,0,LONG,B,1.0,1.0,2.0,19.0,3.0,7.397071428571313
2025-02-13 20:00:00,NY,0.7,0.6276642274146182,0,LONG,B,1.0,1.0,2.0,20.0,3.0,7.239142857142757
2025-02-13 21:00:00,NY,0.7,0.6559987988267916,0,LONG,B,1.0,1.0,2.0,21.0,3.0,6.793999999999902
2025-02-13 23:00:00,Off,0.7,0.6661051728709159,0,LONG,B,1.0,1.0,2.0,23.0,3.0,6.542714285714185
2025-02-14 02:00:00,Off,0.7,0.6711626784518646,0,LONG,A,1.0,1.0,3.0,2.0,4.0,6.378499999999933
2025-02-14 03:00:00,Off,0.7,0.6291754237870979,0,LONG,A,1.0,1.0,3.0,3.0,4.0,6.484571428571338
2025-02-14 04:00:00,Off,0.7,0.6332791329974929,0,LONG,B,1.0,1.0,2.0,4.0,4.0,6.0093571428571
2025-02-14 05:00:00,Off,0.7,0.6942598836966648,0,LONG,A,1.0,1.0,3.0,5.0,4.0,5.640428571428531
2025-02-14 06:00:00,Off,0.7,0.6964495828537673,0,LONG,A+,1.0,1.0,4.0,6.0,4.0,5.677214285714269
2025-02-14 11:00:00,London,0.7,0.7077047178319537,1,LONG,B,1.0,1.0,2.0,11.0,4.0,5.58171428571427
2025-02-14 12:00:00,London,0.7,0.6834240708218283,0,LONG,A+,1.0,1.0,4.0,12.0,4.0,5.864
2025-02-14 14:00:00,London,0.7,0.6028094583741573,0,LONG,A+,1.0,1.0,4.0,14.0,4.0,7.359928571428619
2025-02-14 15:00:00,London,0.7,0.6851250144364015,0,LONG,A+,1.0,1.0,5.0,15.0,4.0,8.994571428571492
2025-02-14 17:00:00,NY,0.7,0.6908889868821918,0,LONG,A,1.0,1.0,3.0,17.0,4.0,10.119785714285756
2025-02-14 18:00:00,NY,0.7,0.632719513960532,0,LONG,B,1.0,1.0,2.0,18.0,4.0,10.141571428571426
2025-02-18 07:00:00,London,0.7,0.6304952571639887,0,LONG,A+,1.0,1.0,4.0,7.0,1.0,4.806714285714179
2025-02-18 12:00:00,London,0.7,0.6743635901411553,0,LONG,A+,1.0,1.0,4.0,12.0,1.0,5.576142857142778
2025-02-18 14:00:00,London,0.7,0.6404185850886682,0,LONG,A+,1.0,1.0,4.0,14.0,1.0,6.62307142857136
2025-02-18 15:00:00,London,0.7,0.6533559477196196,0,LONG,A+,1.0,1.0,4.0,15.0,1.0,6.48528571428564
2025-02-18 17:00:00,NY,0.7,0.6578083941782806,0,LONG,A+,1.0,1.0,4.0,17.0,1.0,6.175714285714256
2025-02-18 19:00:00,NY,0.7,0.6222318008595293,0,LONG,B,1.0,1.0,2.0,19.0,1.0,6.233642857142805
2025-02-18 20:00:00,NY,0.7,0.6401743001379807,0,LONG,B,1.0,1.0,2.0,20.0,1.0,6.2360714285713845
2025-02-18 21:00:00,NY,0.7,0.6558785376563174,0,LONG,A,1.0,1.0,3.0,21.0,1.0,5.979428571428506
2025-02-18 23:00:00,Off,0.7,0.627343734141537,0,LONG,B,1.0,1.0,2.0,23.0,1.0,5.80092857142852
2025-02-19 03:00:00,Off,0.7,0.7003761900429525,0,LONG,A+,1.0,1.0,4.0,3.0,2.0,7.008357142857092
2025-02-19 04:00:00,Off,0.7,0.65312565145733,0,LONG,A,1.0,1.0,3.0,4.0,2.0,6.645428571428511
2025-02-19 06:00:00,Off,0.7,0.6942947954741607,0,LONG,A,1.0,1.0,3.0,6.0,2.0,6.259999999999958
2025-02-19 07:00:00,London,0.7,0.696409799802118,0,LONG,A+,1.0,1.0,5.0,7.0,2.0,5.9649285714285725
2025-02-19 08:00:00,London,0.7,0.6936779557155163,0,LONG,A+,1.0,1.0,5.0,8.0,2.0,6.127642857142844
2025-02-19 09:00:00,London,0.7,0.6942213236239226,0,LONG,A+,1.0,1.0,5.0,9.0,2.0,6.35150000000002
2025-02-19 13:00:00,London,0.7,0.6362794783861889,0,LONG,A+,1.0,1.0,5.0,13.0,2.0,7.486857142857161
2025-02-19 15:00:00,London,0.7,0.7009098342505012,1,LONG,A+,1.0,1.0,5.0,15.0,2.0,7.95921428571426
2025-02-20 10:00:00,London,0.7,0.6954393500802105,0,LONG,A+,1.0,1.0,4.0,10.0,3.0,5.65050000000003
2025-02-20 11:00:00,London,0.7,0.7087186559374722,1,LONG,A+,1.0,1.0,4.0,11.0,3.0,5.678357142857164
2025-02-20 17:00:00,NY,0.7,0.6962604879378875,0,LONG,A+,1.0,1.0,4.0,17.0,3.0,8.046214285714216
2025-02-20 18:00:00,NY,0.7,0.6744074657142558,0,LONG,A,1.0,1.0,3.0,18.0,3.0,8.169142857142788
2025-02-20 19:00:00,NY,0.7,0.6407122475060426,0,LONG,B,1.0,1.0,2.0,19.0,3.0,8.230142857142807
2025-02-20 20:00:00,NY,0.7,0.6703455079809724,0,LONG,B,1.0,1.0,2.0,20.0,3.0,8.103499999999908
2025-02-20 21:00:00,NY,0.7,0.6506138380773588,0,LONG,B,1.0,1.0,2.0,21.0,3.0,7.747642857142799
2025-02-21 01:00:00,Off,0.7,0.7119324023134791,0,LONG,A+,1.0,1.0,5.0,1.0,4.0,8.937357142857113
2025-02-21 04:00:00,Off,0.7,0.69112432856908,0,LONG,A,1.0,1.0,3.0,4.0,4.0,9.044071428571442
2025-02-21 06:00:00,Off,0.7,0.6928853158145615,0,LONG,A+,1.0,1.0,4.0,6.0,4.0,8.46664285714285
2025-02-24 15:00:00,London,0.7,0.6708951307000485,0,LONG,A+,1.0,1.0,4.0,15.0,0.0,9.153357142857171
2025-02-24 16:00:00,London,0.7,0.672431711210742,0,LONG,A+,1.0,1.0,4.0,16.0,0.0,8.527000000000044
2025-02-24 17:00:00,NY,0.7,0.6626873557838522,0,LONG,A,1.0,1.0,3.0,17.0,0.0,8.442500000000077
2025-02-24 18:00:00,NY,0.7,0.6994524596667367,0,LONG,B,1.0,1.0,2.0,18.0,0.0,8.435285714285815
2025-02-24 20:00:00,NY,0.7,0.6595334893849628,0,LONG,A,1.0,1.0,3.0,20.0,0.0,8.02200000000013
2025-02-24 21:00:00,NY,0.7,0.6454919698477232,0,LONG,B,1.0,1.0,2.0,21.0,0.0,7.748500000000116
2025-02-25 00:00:00,Off,0.7,0.6545761170294324,0,LONG,A+,1.0,1.0,4.0,0.0,1.0,7.314642857142969
2025-02-25 01:00:00,Off,0.7,0.6970335668332008,0,LONG,A+,1.0,1.0,6.0,1.0,1.0,7.129785714285812
2025-02-25 05:00:00,Off,0.7,0.650748966002713,0,LONG,A+,1.0,1.0,4.0,5.0,1.0,5.728285714285773
2025-02-25 06:00:00,Off,0.7,0.6345541733979131,0,LONG,A+,1.0,1.0,4.0,6.0,1.0,5.385714285714324
2025-02-25 07:00:00,London,0.7,0.6990801753149909,0,LONG,A+,1.0,1.0,5.0,7.0,1.0,5.584142857142881
2025-02-25 10:00:00,London,0.7,0.6798000812187339,0,LONG,A,1.0,1.0,3.0,10.0,1.0,6.302142857142826
2025-02-25 11:00:00,London,0.7,0.6599317490588186,0,LONG,B,1.0,1.0,2.0,11.0,1.0,6.228214285714232
2025-02-25 12:00:00,London,0.7,0.6426124569474173,0,LONG,A+,1.0,1.0,4.0,12.0,1.0,7.257285714285672
2025-03-04 01:00:00,Off,0.7,0.6987988735041829,0,SHORT,A+,1.0,1.0,5.0,1.0,1.0,7.86814285714289
2025-03-04 03:00:00,Off,0.7,0.6818917675662546,0,SHORT,A,1.0,1.0,3.0,3.0,1.0,8.222357142857131
2025-03-04 04:00:00,Off,0.7,0.686575361094381,0,SHORT,A,1.0,1.0,3.0,4.0,1.0,8.117285714285702
2025-03-04 05:00:00,Off,0.7,0.6978232659855412,0,SHORT,A+,1.0,1.0,4.0,5.0,1.0,7.700785714285693
2025-03-04 09:00:00,London,0.7,0.6259796148789923,0,LONG,B,1.0,1.0,2.0,9.0,1.0,8.814999999999989
2025-03-04 11:00:00,London,0.7,0.7097254677415309,1,LONG,A+,2.0,2.0,2.0,11.0,1.0,8.103357142857151
2025-03-04 12:00:00,London,0.7,0.6756562476682612,0,LONG,A,1.0,1.0,3.0,12.0,1.0,8.238000000000024
2025-03-04 15:00:00,London,0.7,0.6781530730619828,0,LONG,A+,1.0,1.0,4.0,15.0,1.0,9.8031428571429
2025-03-04 18:00:00,NY,0.7,0.6579536313380266,0,LONG,B,1.0,1.0,2.0,18.0,1.0,10.20900000000006
2025-03-04 19:00:00,NY,0.7,0.7105366178284349,1,LONG,B,1.0,1.0,2.0,19.0,1.0,10.165785714285771
2025-03-04 20:00:00,NY,0.7,0.6529287329818929,0,LONG,B,1.0,1.0,2.0,20.0,1.0,10.209142857142949
2025-03-04 23:00:00,Off,0.7,0.7001787347549238,0,LONG,A,1.0,1.0,3.0,23.0,1.0,8.25785714285725
2025-03-05 00:00:00,Off,0.7,0.7111949438062377,0,LONG,A,1.0,1.0,3.0,0.0,2.0,7.980500000000087
2025-03-05 03:00:00,Off,0.7,0.6835293284517643,0,LONG,A+,1.0,1.0,4.0,3.0,2.0,8.87971428571437
2025-03-05 11:00:00,London,0.7,0.6600238466812148,0,LONG,B,1.0,1.0,2.0,11.0,2.0,7.578214285714304
2025-03-05 17:00:00,NY,0.7,0.6755427533185246,0,LONG,A+,1.0,1.0,4.0,17.0,2.0,10.628928571428528
2025-03-05 21:00:00,NY,0.7,0.6899774143586019,0,LONG,B,1.0,1.0,2.0,21.0,2.0,10.27728571428572
2025-03-05 23:00:00,Off,0.7,0.6834733823812692,0,LONG,B,1.0,1.0,2.0,23.0,2.0,10.0625
2025-03-06 00:00:00,Off,0.7,0.6898377767114753,0,LONG,B,1.0,1.0,2.0,0.0,3.0,9.66799999999999
2025-03-06 01:00:00,Off,0.7,0.7258410145777716,0,LONG,A,1.0,1.0,3.0,1.0,3.0,9.639142857142849
2025-03-06 02:00:00,Off,0.7,0.6665852743217248,0,LONG,B,1.0,1.0,2.0,2.0,3.0,9.526999999999946
2025-03-06 03:00:00,Off,0.7,0.6898575672849302,0,LONG,B,1.0,1.0,2.0,3.0,3.0,9.422285714285636
2025-03-06 06:00:00,Off,0.7,0.6769304231276208,0,LONG,A+,1.0,1.0,4.0,6.0,3.0,6.374714285714195
2025-03-06 07:00:00,London,0.7,0.7105546637164776,1,LONG,A+,1.0,1.0,5.0,7.0,3.0,6.224428571428494
2025-03-07 18:00:00,NY,0.7,0.6874491433960522,0,LONG,A+,1.0,1.0,4.0,18.0,4.0,9.576785714285734
2025-03-07 19:00:00,NY,0.7,0.6883204878725918,0,LONG,B,1.0,1.0,2.0,19.0,4.0,9.495928571428587
2025-03-07 20:00:00,NY,0.7,0.6436295041336823,0,LONG,B,1.0,1.0,2.0,20.0,4.0,9.45128571428573
2025-03-09 22:00:00,Off,0.7,0.6923355043215139,0,LONG,B,1.0,1.0,2.0,22.0,6.0,9.187571428571411
2025-03-10 02:00:00,Off,0.7,0.6822397341964758,0,LONG,A+,1.0,1.0,4.0,2.0,0.0,9.514928571428529
2025-03-10 03:00:00,Off,0.7,0.6824018977872878,0,LONG,A+,1.0,1.0,4.0,3.0,0.0,8.747428571428502
2025-03-10 04:00:00,Off,0.7,0.6349985641555805,0,LONG,A,1.0,1.0,3.0,4.0,0.0,7.115785714285656
2025-03-10 05:00:00,Off,0.7,0.6364718916720948,0,LONG,A+,1.0,1.0,4.0,5.0,0.0,5.903142857142809
2025-03-10 06:00:00,Off,0.7,0.6201144646257567,0,LONG,A+,1.0,1.0,4.0,6.0,0.0,5.721285714285679
2025-03-10 07:00:00,London,0.7,0.6173722967940065,0,LONG,A+,1.0,1.0,4.0,7.0,0.0,5.717142857142822
2025-03-10 08:00:00,London,0.7,0.6811438819277515,0,LONG,A+,1.0,1.0,5.0,8.0,0.0,6.160714285714254
2025-03-11 16:00:00,London,0.7,0.6657997093433975,0,LONG,B,1.0,1.0,2.0,16.0,1.0,6.441142857142852
2025-03-11 17:00:00,NY,0.7,0.6615744517210695,0,LONG,A,1.0,1.0,3.0,17.0,1.0,6.607714285714272
2025-03-11 23:00:00,Off,0.7,0.6713059113600934,0,LONG,B,1.0,1.0,2.0,23.0,1.0,5.553785714285693
2025-03-12 03:00:00,Off,0.7,0.7133268757634025,0,LONG,A+,1.0,1.0,4.0,3.0,2.0,5.675571428571435
2025-03-12 04:00:00,Off,0.7,0.6716761034305369,0,LONG,A+,1.0,1.0,4.0,4.0,2.0,4.825857142857136
2025-03-12 05:00:00,Off,0.7,0.6522261297712239,0,LONG,A+,1.0,1.0,4.0,5.0,2.0,4.486928571428572
2025-03-12 06:00:00,Off,0.7,0.7120606728398035,0,LONG,A+,1.0,1.0,5.0,6.0,2.0,4.760357142857141
2025-03-12 10:00:00,London,0.7,0.6900963471974402,0,LONG,A+,1.0,1.0,4.0,10.0,2.0,5.701642857142913
2025-03-12 11:00:00,London,0.7,0.665961328638951,0,LONG,B,1.0,1.0,2.0,11.0,2.0,5.712285714285762
2025-03-12 22:00:00,Off,0.7,0.6593381452361685,0,LONG,B,1.0,1.0,2.0,22.0,2.0,7.299000000000076
2025-03-13 04:00:00,Off,0.7,0.6630789667032903,0,LONG,A+,1.0,1.0,4.0,4.0,3.0,5.474500000000035
2025-03-13 07:00:00,London,0.7,0.6253460194707318,0,LONG,A+,1.0,1.0,4.0,7.0,3.0,4.712785714285701
2025-03-13 08:00:00,London,0.7,0.6608505324954786,0,LONG,A+,1.0,1.0,4.0,8.0,3.0,5.09985714285712
2025-03-13 09:00:00,London,0.7,0.6700634249071391,0,LONG,B,1.0,1.0,2.0,9.0,3.0,5.388499999999989
2025-03-13 11:00:00,London,0.7,0.6913665201825087,0,LONG,A,1.0,1.0,3.0,11.0,3.0,5.587857142857112
2025-03-13 12:00:00,London,0.7,0.6707952937296027,0,LONG,A+,1.0,1.0,4.0,12.0,3.0,5.77321428571424
2025-03-13 14:00:00,London,0.7,0.6774698735787381,0,LONG,A+,1.0,1.0,4.0,14.0,3.0,7.806571428571358
2025-03-13 15:00:00,London,0.7,0.684118690730684,0,LONG,A,1.0,1.0,3.0,15.0,3.0,8.309571428571351
2025-03-13 16:00:00,London,0.7,0.6812769046345257,0,LONG,A,1.0,1.0,3.0,16.0,3.0,8.32657142857134
2025-03-13 17:00:00,NY,0.7,0.6742711536646616,0,LONG,A,1.0,1.0,3.0,17.0,3.0,8.459571428571346
2025-03-13 18:00:00,NY,0.7,0.6440175641238327,0,LONG,A+,2.0,2.0,2.0,18.0,3.0,8.651785714285618
2025-03-13 19:00:00,NY,0.7,0.6382462889489818,0,LONG,A+,2.0,2.0,2.0,19.0,3.0,8.500428571428497
2025-03-14 03:00:00,Off,0.7,0.6897931672799922,0,LONG,A,1.0,1.0,3.0,3.0,4.0,8.327500000000002
2025-03-14 05:00:00,Off,0.7,0.7069295167125683,0,LONG,A,1.0,1.0,3.0,5.0,4.0,6.854642857142868
2025-03-14 08:00:00,London,0.7,0.6683371607602121,0,LONG,A,1.0,1.0,3.0,8.0,4.0,6.42957142857147
2025-03-14 09:00:00,London,0.7,0.6665720578741546,0,LONG,B,1.0,1.0,2.0,9.0,4.0,6.540071428571472
2025-03-14 13:00:00,London,0.7,0.6956690664729558,0,LONG,A+,1.0,1.0,4.0,13.0,4.0,7.981071428571438
2025-03-14 14:00:00,London,0.7,0.6898475208532656,0,LONG,A+,1.0,1.0,4.0,14.0,4.0,8.517785714285699
2025-03-17 14:00:00,London,0.7,0.6801642274995253,0,LONG,A+,1.0,1.0,5.0,14.0,0.0,6.436857142857174
2025-03-17 15:00:00,London,0.7,0.6386442049795988,0,LONG,A+,1.0,1.0,4.0,15.0,0.0,6.580928571428623
2025-03-17 18:00:00,NY,0.7,0.6303575574577422,0,LONG,A,1.0,1.0,3.0,18.0,0.0,6.517500000000057
2025-03-17 20:00:00,NY,0.7,0.6285240696798845,0,LONG,A,1.0,1.0,3.0,20.0,0.0,6.210142857142922
2025-03-17 23:00:00,Off,0.7,0.6299997719322722,0,LONG,A+,1.0,1.0,4.0,23.0,0.0,5.771071428571498
2025-03-18 01:00:00,Off,0.7,0.6950393455681821,0,LONG,A+,1.0,1.0,5.0,1.0,1.0,5.684500000000071
2025-03-18 02:00:00,Off,0.7,0.6630041984289258,0,LONG,A+,1.0,1.0,5.0,2.0,1.0,6.019714285714372
2025-03-18 04:00:00,Off,0.7,0.6568676133284055,0,LONG,B,1.0,1.0,2.0,4.0,1.0,5.493000000000068
2025-03-18 08:00:00,London,0.7,0.6707699904759232,0,LONG,A,1.0,1.0,3.0,8.0,1.0,5.640071428571479
2025-03-18 11:00:00,London,0.7,0.6231385678381428,0,LONG,B,1.0,1.0,2.0,11.0,1.0,6.717500000000006
2025-03-18 12:00:00,London,0.7,0.6389222699170567,0,LONG,A,1.0,1.0,3.0,12.0,1.0,7.225071428571417
2025-03-18 16:00:00,London,0.7,0.6748008695078632,0,LONG,A,1.0,1.0,3.0,16.0,1.0,7.868071428571381
2025-03-18 19:00:00,NY,0.7,0.5618864294221555,0,LONG,A+,2.0,2.0,2.0,19.0,1.0,7.375928571428501
2025-03-18 22:00:00,Off,0.7,0.66606560833947,0,LONG,A+,2.0,2.0,2.0,22.0,1.0,6.88578571428567
2025-03-19 01:00:00,Off,0.7,0.6025466493141713,0,LONG,A,1.0,1.0,3.0,1.0,2.0,5.807071428571395
2025-03-19 02:00:00,Off,0.7,0.660774864939661,0,LONG,A+,1.0,1.0,4.0,2.0,2.0,5.640785714285714
2025-03-19 03:00:00,Off,0.7,0.645521685018323,0,LONG,A+,1.0,1.0,4.0,3.0,2.0,5.474357142857149
2025-03-19 06:00:00,Off,0.7,0.6923497304432368,0,LONG,A+,1.0,1.0,5.0,6.0,2.0,5.081357142857184
2025-03-19 08:00:00,London,0.7,0.7067157489320864,1,LONG,A+,1.0,1.0,5.0,8.0,2.0,5.555928571428597
2025-03-20 05:00:00,Off,0.7,0.7075575118872284,0,LONG,A+,1.0,1.0,5.0,5.0,3.0,7.167357142857197
2025-03-20 07:00:00,London,0.7,0.6435859757563281,0,LONG,A,1.0,1.0,3.0,7.0,3.0,7.1567142857142825
2025-03-20 08:00:00,London,0.7,0.626047955305641,0,LONG,B,1.0,1.0,2.0,8.0,3.0,7.18971428571425
2025-03-20 10:00:00,London,0.7,0.6563321805483775,0,LONG,A+,1.0,1.0,4.0,10.0,3.0,6.614499999999907
2025-03-20 13:00:00,London,0.7,0.6574570580958149,0,LONG,A+,1.0,1.0,4.0,13.0,3.0,7.749714285714162
2025-03-20 15:00:00,London,0.7,0.6773758919854791,0,LONG,A,1.0,1.0,3.0,15.0,3.0,7.916642857142766
2025-03-20 16:00:00,London,0.7,0.6589452734789815,0,LONG,B,1.0,1.0,2.0,16.0,3.0,8.071714285714181
2025-03-20 17:00:00,NY,0.7,0.71825172374501,1,LONG,B,1.0,1.0,2.0,17.0,3.0,8.21799999999988
2025-03-20 20:00:00,NY,0.7,0.6440070724995861,0,LONG,B,1.0,1.0,2.0,20.0,3.0,7.151071428571315
2025-03-20 22:00:00,Off,0.7,0.6479446321790215,0,LONG,A,1.0,1.0,3.0,22.0,3.0,6.807214285714183
2025-03-20 23:00:00,Off,0.7,0.6691985275785582,0,LONG,A,1.0,1.0,3.0,23.0,3.0,6.583214285714218
2025-03-21 04:00:00,Off,0.7,0.6586743765503597,0,LONG,A+,1.0,1.0,4.0,4.0,4.0,5.045214285714272
2025-03-24 12:00:00,London,0.7,0.6111820627339396,0,LONG,A+,1.0,1.0,4.0,12.0,0.0,6.731928571428625
2025-03-24 14:00:00,London,0.7,0.6413540371774801,0,LONG,A+,1.0,1.0,4.0,14.0,0.0,7.717357142857184
2025-03-24 15:00:00,London,0.7,0.6620360069056634,0,LONG,A+,1.0,1.0,4.0,15.0,0.0,7.877928571428583
2025-03-24 17:00:00,NY,0.7,0.6451394251962403,0,SHORT,A,1.0,1.0,3.0,17.0,0.0,7.654857142857119
2025-03-25 16:00:00,London,0.7,0.6770499619047025,0,SHORT,A,1.0,1.0,3.0,16.0,1.0,6.982428571428533
2025-03-26 02:00:00,Off,0.7,0.6912756969207778,0,LONG,A+,1.0,1.0,4.0,2.0,2.0,5.671785714285696
2025-03-26 12:00:00,London,0.7,0.696282940809233,0,LONG,A+,1.0,1.0,5.0,12.0,2.0,6.161714285714262
2025-03-26 13:00:00,London,0.7,0.6943443309593701,0,LONG,A+,1.0,1.0,5.0,13.0,2.0,6.897785714285679
2025-03-27 17:00:00,NY,0.7,0.6522675712935928,0,LONG,B,1.0,1.0,2.0,17.0,3.0,9.120500000000025
2025-03-27 18:00:00,NY,0.7,0.6554026457843894,0,LONG,B,1.0,1.0,2.0,18.0,3.0,8.976714285714284
2025-03-27 19:00:00,NY,0.7,0.6389361789521524,0,LONG,B,1.0,1.0,2.0,19.0,3.0,8.718071428571388
2025-03-27 20:00:00,NY,0.7,0.6581266701050451,0,LONG,B,1.0,1.0,2.0,20.0,3.0,8.424928571428543
2025-03-27 22:00:00,Off,0.7,0.7151444936128033,0,LONG,A,1.0,1.0,3.0,22.0,3.0,8.110357142857115
2025-03-27 23:00:00,Off,0.7,0.690450739743912,0,LONG,A,1.0,1.0,3.0,23.0,3.0,7.950714285714249
2025-03-28 00:00:00,Off,0.7,0.6947796904894148,0,LONG,A+,1.0,1.0,4.0,0.0,4.0,8.099714285714267
2025-03-28 01:00:00,Off,0.7,0.7128172074428595,0,LONG,A+,1.0,1.0,5.0,1.0,4.0,7.827428571428527
2025-03-28 02:00:00,Off,0.7,0.7235470133949073,0,LONG,A+,1.0,1.0,4.0,2.0,4.0,7.880928571428577
2025-03-28 04:00:00,Off,0.7,0.6493854277808753,0,LONG,A,1.0,1.0,3.0,4.0,4.0,6.618428571428565
2025-03-28 06:00:00,Off,0.7,0.666600706236024,0,LONG,A,1.0,1.0,3.0,6.0,4.0,5.956285714285741
2025-03-28 08:00:00,London,0.7,0.6591060515550043,0,LONG,A,1.0,1.0,3.0,8.0,4.0,6.772357142857183
2025-03-28 09:00:00,London,0.7,0.6954736932071739,0,LONG,B,1.0,1.0,2.0,9.0,4.0,6.897357142857183
2025-03-28 10:00:00,London,0.7,0.6785314711499931,0,LONG,A,1.0,1.0,3.0,10.0,4.0,7.207785714285786
2025-03-28 11:00:00,London,0.7,0.6384816922983266,0,LONG,A,1.0,1.0,3.0,11.0,4.0,7.454714285714382
2025-03-28 12:00:00,London,0.7,0.6940993104056342,0,LONG,A+,1.0,1.0,4.0,12.0,4.0,7.899285714285822
2025-03-28 13:00:00,London,0.7,0.6970083209236337,0,LONG,A+,1.0,1.0,4.0,13.0,4.0,8.711571428571526
2025-03-28 18:00:00,NY,0.7,0.6473635754151108,0,LONG,B,1.0,1.0,2.0,18.0,4.0,10.290285714285831
2025-03-28 20:00:00,NY,0.7,0.6819905988287163,0,LONG,A,1.0,1.0,3.0,20.0,4.0,9.55907142857151
2025-03-30 22:00:00,Off,0.7,0.7172523403809179,0,LONG,A,1.0,1.0,3.0,22.0,6.0,9.89107142857152
2025-03-31 02:00:00,Off,0.7,0.6973489812518014,0,LONG,A+,1.0,1.0,5.0,2.0,0.0,10.785214285714314
2025-03-31 04:00:00,Off,0.7,0.6698594406519289,0,LONG,A,1.0,1.0,3.0,4.0,0.0,10.344928571428584
2025-03-31 05:00:00,Off,0.7,0.6224071814165394,0,LONG,B,1.0,1.0,2.0,5.0,0.0,9.9019285714286
2025-03-31 07:00:00,London,0.7,0.648601821756114,0,LONG,A+,1.0,1.0,4.0,7.0,0.0,9.67364285714286
2025-03-31 11:00:00,London,0.7,0.6347331161261676,0,LONG,B,1.0,1.0,2.0,11.0,0.0,10.49442857142854
2025-03-31 12:00:00,London,0.7,0.6638925379172154,0,LONG,A+,1.0,1.0,4.0,12.0,0.0,10.193642857142844
2025-03-31 13:00:00,London,0.7,0.6654434750053985,0,LONG,A+,1.0,1.0,4.0,13.0,0.0,11.75742857142856
2025-03-31 15:00:00,London,0.7,0.6708951307000485,0,LONG,A+,1.0,1.0,4.0,15.0,0.0,11.49149999999999
2025-03-31 17:00:00,NY,0.7,0.6364112166226508,0,LONG,B,1.0,1.0,2.0,17.0,0.0,11.028357142857136
2025-03-31 19:00:00,NY,0.7,0.6224241596631835,0,LONG,B,1.0,1.0,2.0,19.0,0.0,10.119499999999984
2025-03-31 23:00:00,Off,0.7,0.6967726900608705,0,LONG,A,1.0,1.0,3.0,23.0,0.0,9.02914285714285
2025-04-01 01:00:00,Off,0.7,0.7035356427943249,0,LONG,A+,1.0,1.0,5.0,1.0,1.0,8.753071428571436
2025-04-01 02:00:00,Off,0.7,0.7023724372325544,0,LONG,A+,1.0,1.0,5.0,2.0,1.0,9.209571428571442
2025-04-01 03:00:00,Off,0.7,0.6852934146723267,0,LONG,A+,1.0,1.0,4.0,3.0,1.0,8.93642857142858
2025-04-01 07:00:00,London,0.7,0.685080885611978,0,LONG,A+,1.0,1.0,5.0,7.0,1.0,8.05878571428577
2025-04-01 11:00:00,London,0.7,0.6935760051558099,0,LONG,B,1.0,1.0,2.0,11.0,1.0,8.953571428571422
2025-04-01 12:00:00,London,0.7,0.7150413023851804,1,LONG,A+,1.0,1.0,4.0,12.0,1.0,9.14342857142859
2025-04-01 13:00:00,London,0.7,0.6832230805568825,0,LONG,A+,1.0,1.0,4.0,13.0,1.0,9.321928571428575
2025-04-01 14:00:00,London,0.7,0.6756244620493556,0,LONG,A+,1.0,1.0,4.0,14.0,1.0,9.60578571428573
2025-04-01 15:00:00,London,0.7,0.6773435302171159,0,LONG,A+,1.0,1.0,4.0,15.0,1.0,10.170999999999983
2025-04-03 01:00:00,Off,0.7,0.7118898851798021,0,LONG,A+,1.0,1.0,4.0,1.0,3.0,14.937357142857111
2025-04-03 02:00:00,Off,0.7,0.7055182237426479,0,LONG,A,1.0,1.0,3.0,2.0,3.0,15.189999999999957
2025-04-03 04:00:00,Off,0.7,0.6846596706041943,0,LONG,B,1.0,1.0,2.0,4.0,3.0,14.63321428571427
2025-04-03 07:00:00,London,0.7,0.6612638619247571,0,LONG,B,1.0,1.0,2.0,7.0,3.0,16.00535714285713
2025-04-03 08:00:00,London,0.7,0.6836427363729551,0,LONG,B,1.0,1.0,2.0,8.0,3.0,15.672714285714262
2025-04-04 12:00:00,London,0.7,0.6806172077850895,0,SHORT,A,1.0,1.0,3.0,12.0,4.0,16.67907142857137
2025-04-10 06:00:00,Off,0.7,0.6331170736679456,0,LONG,B,1.0,1.0,2.0,6.0,3.0,20.47142857142863
2025-04-10 08:00:00,London,0.7,0.684611142762938,0,LONG,B,1.0,1.0,2.0,8.0,3.0,18.182357142857136
2025-04-10 12:00:00,London,0.7,0.6783486839787681,0,LONG,A+,1.0,1.0,4.0,12.0,3.0,15.112071428571394
2025-04-10 13:00:00,London,0.7,0.6992781753392051,0,LONG,A+,1.0,1.0,4.0,13.0,3.0,15.909071428571384
2025-04-10 15:00:00,London,0.7,0.6789780891928269,0,LONG,A,1.0,1.0,3.0,15.0,3.0,17.07085714285709
2025-04-10 16:00:00,London,0.7,0.674541619255981,0,LONG,A,1.0,1.0,3.0,16.0,3.0,16.13578571428564
2025-04-10 17:00:00,NY,0.7,0.6184900577868666,0,LONG,B,1.0,1.0,2.0,17.0,3.0,15.954928571428516
2025-04-10 20:00:00,NY,0.7,0.6390448716047564,0,LONG,A+,2.0,2.0,2.0,20.0,3.0,15.851785714285665
2025-04-10 23:00:00,Off,0.7,0.6672139166905029,0,LONG,A+,2.0,2.0,2.0,23.0,3.0,15.48442857142855
2025-04-11 01:00:00,Off,0.7,0.7090818459088447,0,LONG,A,1.0,1.0,3.0,1.0,4.0,17.51064285714288
2025-04-11 02:00:00,Off,0.7,0.6390979647815411,0,LONG,B,1.0,1.0,2.0,2.0,4.0,17.614785714285745
2025-04-11 06:00:00,Off,0.7,0.690447727749319,0,LONG,A,1.0,1.0,3.0,6.0,4.0,15.492357142857111
2025-04-11 12:00:00,London,0.7,0.6946941044967169,0,LONG,A,1.0,1.0,3.0,12.0,4.0,18.65464285714289
2025-04-13 23:00:00,Off,0.7,0.669117850166252,0,LONG,B,1.0,1.0,2.0,23.0,6.0,16.260999999999903
2025-04-14 01:00:00,Off,0.7,0.6783169233020985,0,LONG,A+,1.0,1.0,4.0,1.0,0.0,15.570285714285578
2025-04-14 03:00:00,Off,0.7,0.6560635651584387,0,LONG,B,1.0,1.0,2.0,3.0,0.0,14.699071428571315
2025-04-14 04:00:00,Off,0.7,0.6568030441669,0,LONG,B,1.0,1.0,2.0,4.0,0.0,13.636071428571343
2025-04-14 05:00:00,Off,0.7,0.6718638832031858,0,LONG,A,1.0,1.0,3.0,5.0,0.0,13.61628571428566
2025-04-14 09:00:00,London,0.7,0.6747733579877492,0,LONG,A,1.0,1.0,3.0,9.0,0.0,12.515642857142891
2025-04-14 12:00:00,London,0.7,0.6326161029776877,0,LONG,A+,1.0,1.0,4.0,12.0,0.0,13.74021428571434
2025-04-16 10:00:00,London,0.7,0.6988124911566509,0,LONG,A,1.0,1.0,3.0,10.0,2.0,13.201999999999869
2025-04-16 11:00:00,London,0.7,0.6877916415553933,0,LONG,A+,1.0,1.0,4.0,11.0,2.0,14.157285714285567
2025-04-16 12:00:00,London,0.7,0.6785888274058637,0,LONG,A+,1.0,1.0,4.0,12.0,2.0,14.05899999999984
2025-04-16 14:00:00,London,0.7,0.7025329155823334,1,LONG,A+,1.0,1.0,4.0,14.0,2.0,14.284857142857
2025-04-16 17:00:00,NY,0.7,0.647189491712775,0,LONG,A+,2.0,2.0,2.0,17.0,2.0,14.264642857142755
2025-04-16 20:00:00,NY,0.7,0.7138671903910355,1,LONG,A+,2.0,2.0,2.0,20.0,2.0,13.812928571428529
2025-04-17 01:00:00,Off,0.7,0.6843592846892289,0,LONG,A+,1.0,1.0,4.0,1.0,3.0,14.537857142857124
2025-04-17 06:00:00,Off,0.7,0.6788239453143985,0,LONG,A+,1.0,1.0,4.0,6.0,3.0,12.446071428571486
2025-04-17 09:00:00,London,0.7,0.675643978509938,0,LONG,B,1.0,1.0,2.0,9.0,3.0,12.444285714285732
2025-04-17 11:00:00,London,0.7,0.674351651747329,0,LONG,B,1.0,1.0,2.0,11.0,3.0,13.046357142857136
2025-04-22 10:00:00,London,0.7,0.6973978811759199,0,LONG,B,1.0,1.0,2.0,10.0,1.0,20.349928571428563
2025-04-22 12:00:00,London,0.7,0.6771117213975274,0,LONG,A+,1.0,1.0,4.0,12.0,1.0,22.78621428571429
2025-04-22 15:00:00,London,0.7,0.6815740515151691,0,LONG,A+,1.0,1.0,4.0,15.0,1.0,23.729999999999983
2025-04-25 02:00:00,Off,0.7,0.7172222306442937,0,LONG,A+,1.0,1.0,4.0,2.0,4.0,14.80528571428574
2025-04-25 04:00:00,Off,0.7,0.7091068373169145,0,SHORT,A+,1.0,1.0,4.0,4.0,4.0,15.522571428571414
2025-04-28 20:00:00,NY,0.7,0.6398311798078465,0,SHORT,B,1.0,1.0,2.0,20.0,0.0,14.585071428571448
2025-04-28 23:00:00,Off,0.7,0.6628580954911848,0,SHORT,B,1.0,1.0,2.0,23.0,0.0,14.678357142857164
2025-04-29 10:00:00,London,0.7,0.6535025489409212,0,SHORT,B,1.0,1.0,2.0,10.0,1.0,12.219071428571429
2025-04-29 12:00:00,London,0.7,0.6789631507928827,0,SHORT,A+,1.0,1.0,4.0,12.0,1.0,11.93185714285713
2025-04-29 19:00:00,NY,0.7,0.6561153558360694,0,SHORT,B,1.0,1.0,2.0,19.0,1.0,12.526714285714238
2025-04-29 22:00:00,Off,0.7,0.6994856003087093,0,SHORT,B,1.0,1.0,2.0,22.0,1.0,11.674357142857096
2025-04-29 23:00:00,Off,0.7,0.6810898072568652,0,SHORT,B,1.0,1.0,2.0,23.0,1.0,11.334928571428527
2025-04-30 01:00:00,Off,0.7,0.7211425281963963,0,SHORT,A+,1.0,1.0,4.0,1.0,2.0,12.39028571428571
2025-04-30 03:00:00,Off,0.7,0.7170636617983848,0,SHORT,A,1.0,1.0,3.0,3.0,2.0,11.910357142857135
2025-04-30 04:00:00,Off,0.7,0.7265907266686679,0,SHORT,B,1.0,1.0,2.0,4.0,2.0,10.914642857142846
2025-04-30 05:00:00,Off,0.7,0.7053324675590854,0,SHORT,A+,1.0,1.0,4.0,5.0,2.0,10.124571428571404
2025-04-30 06:00:00,Off,0.7,0.6790853806570428,0,SHORT,A+,1.0,1.0,4.0,6.0,2.0,9.834357142857112
2025-04-30 09:00:00,London,0.7,0.6791562575395316,0,SHORT,A+,1.0,1.0,4.0,9.0,2.0,10.598999999999998
2025-04-30 10:00:00,London,0.7,0.6807855349509186,0,SHORT,A,1.0,1.0,3.0,10.0,2.0,10.736714285714276
2025-04-30 15:00:00,London,0.7,0.67810662901486,0,SHORT,A+,1.0,1.0,4.0,15.0,2.0,14.835571428571418
2025-04-30 17:00:00,NY,0.7,0.6551884980240158,0,SHORT,B,1.0,1.0,2.0,17.0,2.0,14.844357142857104
2025-04-30 23:00:00,Off,0.7,0.6990858294559931,0,SHORT,A,1.0,1.0,3.0,23.0,2.0,15.476214285714248
2025-05-01 01:00:00,Off,0.7,0.6720548131474355,0,SHORT,A,1.0,1.0,3.0,1.0,3.0,17.71464285714283
2025-05-01 05:00:00,Off,0.7,0.6223276533821869,0,SHORT,B,1.0,1.0,2.0,5.0,3.0,14.912785714285748
2025-05-01 09:00:00,London,0.7,0.6661334172650257,0,SHORT,A+,2.0,2.0,2.0,9.0,3.0,15.521857142857144
2025-05-05 08:00:00,London,0.7,0.6638703504472422,0,SHORT,A,1.0,1.0,3.0,8.0,0.0,11.411000000000058
2025-05-05 09:00:00,London,0.7,0.664152100018478,0,SHORT,A,1.0,1.0,3.0,9.0,0.0,12.740500000000043
2025-05-05 14:00:00,London,0.7,0.6745356641453272,0,LONG,A,1.0,1.0,3.0,14.0,0.0,13.542642857142935
2025-05-05 15:00:00,London,0.7,0.6599660502277191,0,LONG,A,1.0,1.0,3.0,15.0,0.0,12.424928571428676
2025-05-05 16:00:00,London,0.7,0.6536943267693207,0,LONG,B,1.0,1.0,2.0,16.0,0.0,12.085000000000068
2025-05-05 17:00:00,NY,0.7,0.7006361049577001,1,LONG,B,1.0,1.0,2.0,17.0,0.0,11.43121428571437
2025-05-05 19:00:00,NY,0.7,0.6093332500430514,0,LONG,B,1.0,1.0,2.0,19.0,0.0,12.196785714285786
2025-05-06 00:00:00,Off,0.7,0.6947971439809152,0,LONG,A,1.0,1.0,3.0,0.0,1.0,10.023357142857256
2025-05-06 01:00:00,Off,0.7,0.6811617551188082,0,LONG,A,1.0,1.0,3.0,1.0,1.0,13.033642857142954
2025-05-06 03:00:00,Off,0.7,0.7044651520534677,0,LONG,A+,1.0,1.0,4.0,3.0,1.0,15.408571428571513
2025-05-06 06:00:00,Off,0.7,0.6451770952644362,0,LONG,A,1.0,1.0,3.0,6.0,1.0,15.141642857142902
2025-05-06 09:00:00,London,0.7,0.656566863833816,0,LONG,B,1.0,1.0,2.0,9.0,1.0,16.184142857142888
2025-05-06 10:00:00,London,0.7,0.6602988700399285,0,LONG,B,1.0,1.0,2.0,10.0,1.0,15.630928571428578
2025-05-06 13:00:00,London,0.7,0.6864257355643195,0,LONG,A,1.0,1.0,3.0,13.0,1.0,16.87449999999993
2025-05-06 15:00:00,London,0.7,0.6434567909650711,0,LONG,A+,2.0,2.0,2.0,15.0,1.0,14.799428571428509
2025-05-06 16:00:00,London,0.7,0.6287980315763847,0,LONG,B,1.0,1.0,2.0,16.0,1.0,13.82621428571422
2025-05-06 17:00:00,NY,0.7,0.6280922064298576,0,LONG,B,1.0,1.0,2.0,17.0,1.0,13.141714285714215
2025-05-06 19:00:00,NY,0.7,0.6291333838311071,0,LONG,B,1.0,1.0,2.0,19.0,1.0,12.768071428571345
2025-05-07 00:00:00,Off,0.7,0.706519839574685,0,LONG,A+,1.0,1.0,4.0,0.0,2.0,18.761785714285647
2025-05-07 01:00:00,Off,0.7,0.705743688996914,0,LONG,A+,1.0,1.0,5.0,1.0,2.0,20.046142857142804
2025-05-07 07:00:00,London,0.7,0.6461695791510285,0,LONG,B,1.0,1.0,2.0,7.0,2.0,19.93621428571425
2025-05-07 14:00:00,London,0.7,0.654170558273813,0,LONG,A+,1.0,1.0,4.0,14.0,2.0,15.656857142857072
2025-05-07 15:00:00,London,0.7,0.679689400060746,0,LONG,A,1.0,1.0,3.0,15.0,2.0,14.40642857142851
2025-05-07 16:00:00,London,0.7,0.6570062547505663,0,LONG,B,1.0,1.0,2.0,16.0,2.0,13.615928571428542
2025-05-07 17:00:00,NY,0.7,0.6931298721239596,0,LONG,B,1.0,1.0,2.0,17.0,2.0,12.436357142857135
2025-05-07 18:00:00,NY,0.7,0.6645496493860557,0,LONG,A+,1.0,1.0,4.0,18.0,2.0,13.11007142857144
2025-05-08 05:00:00,Off,0.7,0.6842618080897449,0,LONG,A+,1.0,1.0,4.0,5.0,3.0,15.28407142857142
2025-05-13 10:00:00,London,0.7,0.6805831967743795,0,SHORT,B,1.0,1.0,2.0,10.0,1.0,12.086857142857102
2025-05-13 11:00:00,London,0.7,0.7019135295306146,1,SHORT,A+,1.0,1.0,4.0,11.0,1.0,12.367357142857111
2025-05-13 19:00:00,NY,0.7,0.6816762216572958,0,SHORT,A,1.0,1.0,3.0,19.0,1.0,11.450214285714342
2025-05-14 01:00:00,Off,0.7,0.7211425281963963,0,SHORT,A+,1.0,1.0,4.0,1.0,2.0,11.068857142857173
2025-05-14 03:00:00,Off,0.7,0.6802452053694565,0,SHORT,A,1.0,1.0,3.0,3.0,2.0,10.883428571428569
2025-05-14 04:00:00,Off,0.7,0.6806633181829856,0,SHORT,A,1.0,1.0,3.0,4.0,2.0,10.043571428571406
2025-05-15 23:00:00,Off,0.7,0.6571567587519876,0,SHORT,B,1.0,1.0,2.0,23.0,3.0,12.137928571428542
2025-05-16 01:00:00,Off,0.7,0.7048020238921912,0,SHORT,A+,1.0,1.0,4.0,1.0,4.0,13.168499999999929
2025-05-16 05:00:00,Off,0.7,0.6793563827872793,0,SHORT,B,1.0,1.0,2.0,5.0,4.0,12.83671428571425
2025-05-16 06:00:00,Off,0.7,0.7078141201474741,0,SHORT,A,1.0,1.0,3.0,6.0,4.0,13.050857142857078
2025-05-16 10:00:00,London,0.7,0.697391332544756,0,SHORT,A,1.0,1.0,3.0,10.0,4.0,16.01471428571423
2025-05-16 11:00:00,London,0.7,0.6890559668759468,0,SHORT,A+,1.0,1.0,4.0,11.0,4.0,17.11171428571421
2025-05-16 12:00:00,London,0.7,0.722716281817287,1,SHORT,A+,1.0,1.0,4.0,12.0,4.0,17.971571428571355
2025-05-16 14:00:00,London,0.7,0.6805225864699509,0,SHORT,A+,1.0,1.0,4.0,14.0,4.0,18.91378571428569
2025-05-16 15:00:00,London,0.7,0.7221033161325107,1,SHORT,B,1.0,1.0,2.0,15.0,4.0,17.683071428571434
2025-05-16 17:00:00,NY,0.7,0.6643620114055376,0,SHORT,B,1.0,1.0,2.0,17.0,4.0,17.149142857142838
2025-05-16 18:00:00,NY,0.7,0.6437793183787991,0,SHORT,B,1.0,1.0,2.0,18.0,4.0,16.836857142857166
2025-05-19 03:00:00,Off,0.7,0.675362074926868,0,SHORT,A,1.0,1.0,3.0,3.0,0.0,16.969999999999995
2025-05-19 06:00:00,Off,0.7,0.6350481791437274,0,SHORT,A,1.0,1.0,3.0,6.0,0.0,15.551571428571378
2025-05-19 10:00:00,London,0.7,0.645119614935941,0,SHORT,B,1.0,1.0,2.0,10.0,0.0,16.819499999999966
2025-05-19 11:00:00,London,0.7,0.6501462832956927,0,LONG,B,1.0,1.0,2.0,11.0,0.0,16.723071428571398
2025-05-19 13:00:00,London,0.7,0.6575714122977616,0,LONG,A+,1.0,1.0,4.0,13.0,0.0,14.970642857142852
2025-05-19 15:00:00,London,0.7,0.6763679834268147,0,LONG,A,1.0,1.0,3.0,15.0,0.0,13.584142857142911
2025-05-19 16:00:00,London,0.7,0.6364112166226508,0,LONG,B,1.0,1.0,2.0,16.0,0.0,13.0978571428572
2025-05-19 19:00:00,NY,0.7,0.6305500298418061,0,LONG,B,1.0,1.0,2.0,19.0,0.0,11.55321428571431
2025-05-20 01:00:00,Off,0.7,0.6984214634085896,0,LONG,A+,1.0,1.0,4.0,1.0,1.0,10.141285714285718
2025-05-20 02:00:00,Off,0.7,0.6836418507766228,0,LONG,A+,1.0,1.0,4.0,2.0,1.0,10.65514285714286
2025-05-21 07:00:00,London,0.7,0.65146836539565,0,LONG,A,1.0,1.0,3.0,7.0,2.0,12.421928571428614
2025-05-21 11:00:00,London,0.7,0.6899662570961809,0,LONG,A,1.0,1.0,3.0,11.0,2.0,12.77800000000002
2025-05-21 12:00:00,London,0.7,0.6764270673593616,0,LONG,A+,1.0,1.0,4.0,12.0,2.0,13.33635714285713
2025-05-21 13:00:00,London,0.7,0.6778198568002713,0,LONG,A+,1.0,1.0,4.0,13.0,2.0,13.744857142857134
2025-05-21 14:00:00,London,0.7,0.6778212761637722,0,LONG,A+,1.0,1.0,4.0,14.0,2.0,13.548357142857151
2025-05-21 16:00:00,London,0.7,0.6585467077083148,0,LONG,B,1.0,1.0,2.0,16.0,2.0,12.000285714285772
2025-05-21 17:00:00,NY,0.7,0.6805706567788528,0,LONG,A+,1.0,1.0,4.0,17.0,2.0,12.211500000000049
2025-05-21 19:00:00,NY,0.7,0.668600864852847,0,LONG,A,1.0,1.0,3.0,19.0,2.0,11.262714285714342
2025-05-22 00:00:00,Off,0.7,0.6821504046704535,0,LONG,A,1.0,1.0,3.0,0.0,3.0,10.475071428571416
2025-05-22 01:00:00,Off,0.7,0.6869889213609833,0,LONG,A+,1.0,1.0,4.0,1.0,3.0,11.38999999999997
2025-05-22 02:00:00,Off,0.7,0.6869889213609833,0,LONG,A+,1.0,1.0,4.0,2.0,3.0,11.263785714285664
2025-05-22 05:00:00,Off,0.7,0.7038913588535066,0,LONG,A,1.0,1.0,3.0,5.0,3.0,9.962285714285697
2025-05-22 07:00:00,London,0.7,0.6813763656661865,0,LONG,A+,1.0,1.0,4.0,7.0,3.0,9.621714285714264
2025-05-22 08:00:00,London,0.7,0.6925572595555128,0,LONG,A+,1.0,1.0,4.0,8.0,3.0,10.063214285714269
2025-05-22 10:00:00,London,0.7,0.6819754715268691,0,LONG,A,1.0,1.0,3.0,10.0,3.0,11.040999999999972
2025-05-22 11:00:00,London,0.7,0.6756565677434803,0,LONG,A,1.0,1.0,3.0,11.0,3.0,12.830357142857142
2025-05-22 13:00:00,London,0.7,0.6770811729008455,0,LONG,A,1.0,1.0,3.0,13.0,3.0,14.975071428571416
2025-05-23 18:00:00,NY,0.7,0.6626532112473911,0,LONG,B,1.0,1.0,2.0,18.0,4.0,12.724071428571408
2025-05-26 01:00:00,Off,0.7,0.6827577232965709,0,LONG,A+,1.0,1.0,4.0,1.0,0.0,13.420857142857196
2025-05-26 02:00:00,Off,0.7,0.6775894495261683,0,LONG,A,1.0,1.0,3.0,2.0,0.0,12.589071428571485
2025-05-26 03:00:00,Off,0.7,0.6709801829704707,0,LONG,A,1.0,1.0,3.0,3.0,0.0,11.88442857142864
2025-05-26 05:00:00,Off,0.7,0.6409770804870003,0,LONG,A,1.0,1.0,3.0,5.0,0.0,9.168428571428615
2025-05-26 07:00:00,London,0.7,0.6403884164157762,0,LONG,A,1.0,1.0,3.0,7.0,0.0,9.117071428571505
2025-05-26 08:00:00,London,0.7,0.6619373402839378,0,LONG,A,1.0,1.0,3.0,8.0,0.0,9.055785714285744
2025-05-28 10:00:00,London,0.7,0.6787393701241552,0,SHORT,B,1.0,1.0,2.0,10.0,2.0,10.150071428571437
2025-05-28 12:00:00,London,0.7,0.681023036460917,0,SHORT,A+,1.0,1.0,4.0,12.0,2.0,10.571428571428603
2025-05-28 13:00:00,London,0.7,0.6582439357316778,0,SHORT,A+,1.0,1.0,4.0,13.0,2.0,10.97935714285716
2025-05-28 15:00:00,London,0.7,0.684291461597076,0,SHORT,A+,1.0,1.0,4.0,15.0,2.0,10.904071428571472
2025-05-28 16:00:00,London,0.7,0.6678251213554401,0,SHORT,B,1.0,1.0,2.0,16.0,2.0,10.70657142857148
2025-05-28 17:00:00,NY,0.7,0.7194645306537597,1,SHORT,B,1.0,1.0,2.0,17.0,2.0,10.378714285714327
2025-05-28 22:00:00,Off,0.7,0.7024513768492209,0,SHORT,A,1.0,1.0,3.0,22.0,2.0,10.696142857142863
2025-05-29 17:00:00,NY,0.7,0.6520599785062368,0,SHORT,B,1.0,1.0,2.0,17.0,3.0,11.425642857142876
2025-05-29 18:00:00,NY,0.7,0.6488906624869616,0,SHORT,B,1.0,1.0,2.0,18.0,3.0,11.562857142857183
2025-05-29 22:00:00,Off,0.7,0.6839295473463818,0,LONG,B,1.0,1.0,2.0,22.0,3.0,10.55535714285718
2025-05-30 00:00:00,Off,0.7,0.6630615327509263,0,LONG,B,1.0,1.0,2.0,0.0,4.0,10.24985714285718
2025-05-30 08:00:00,London,0.7,0.6659133616339531,0,SHORT,B,1.0,1.0,2.0,8.0,4.0,9.83414285714288
2025-05-30 14:00:00,London,0.7,0.6809544983491574,0,SHORT,A+,1.0,1.0,4.0,14.0,4.0,13.954142857142935
2025-05-30 18:00:00,NY,0.7,0.7175311947159941,1,SHORT,B,1.0,1.0,2.0,18.0,4.0,13.225928571428636
2025-05-30 19:00:00,NY,0.7,0.6354137138160553,0,SHORT,B,1.0,1.0,2.0,19.0,4.0,12.42028571428578
2025-05-30 20:00:00,NY,0.7,0.6550433586082377,0,SHORT,B,1.0,1.0,2.0,20.0,4.0,11.948071428571504
2025-06-02 00:00:00,Off,0.7,0.6719465117347954,0,SHORT,A,1.0,1.0,3.0,0.0,0.0,13.0800714285715
2025-06-02 01:00:00,Off,0.7,0.6741941009112503,0,SHORT,A,1.0,1.0,3.0,1.0,0.0,13.384714285714349
2025-06-02 03:00:00,Off,0.7,0.6523990240088418,0,SHORT,B,1.0,1.0,2.0,3.0,0.0,12.037714285714337
2025-06-02 04:00:00,Off,0.7,0.657401758930922,0,SHORT,B,1.0,1.0,2.0,4.0,0.0,10.355928571428583
2025-06-02 05:00:00,Off,0.7,0.6698812769694094,0,LONG,A,1.0,1.0,3.0,5.0,0.0,10.073857142857118
2025-06-02 06:00:00,Off,0.7,0.6374222173738283,0,LONG,A,1.0,1.0,3.0,6.0,0.0,10.425642857142812
2025-06-02 08:00:00,London,0.7,0.6079813586882375,0,LONG,B,1.0,1.0,2.0,8.0,0.0,10.815285714285697
2025-06-02 10:00:00,London,0.7,0.6598400676853077,0,LONG,A,1.0,1.0,3.0,10.0,0.0,11.343214285714271
2025-06-02 11:00:00,London,0.7,0.6614828715561105,0,LONG,A,1.0,1.0,3.0,11.0,0.0,11.832499999999982
2025-06-02 13:00:00,London,0.7,0.7024753348716262,1,LONG,A+,1.0,1.0,4.0,13.0,0.0,12.01864285714279
2025-06-02 14:00:00,London,0.7,0.6607856357107228,0,LONG,A+,1.0,1.0,4.0,14.0,0.0,11.996714285714232
2025-06-02 15:00:00,London,0.7,0.6644300141011041,0,LONG,A+,1.0,1.0,4.0,15.0,0.0,11.757571428571412
2025-06-02 16:00:00,London,0.7,0.659617541764673,0,LONG,B,1.0,1.0,2.0,16.0,0.0,11.874999999999968
2025-06-02 18:00:00,NY,0.7,0.6366749584614162,0,LONG,B,1.0,1.0,2.0,18.0,0.0,11.80292857142857
2025-06-02 19:00:00,NY,0.7,0.6224241596631835,0,LONG,B,1.0,1.0,2.0,19.0,0.0,11.273000000000009
2025-06-03 06:00:00,Off,0.7,0.6787103648027693,0,LONG,A+,1.0,1.0,5.0,6.0,1.0,9.787214285714231
2025-06-03 08:00:00,London,0.7,0.692997894296273,0,LONG,A,1.0,1.0,3.0,8.0,1.0,9.739999999999943
2025-06-03 09:00:00,London,0.7,0.6678231349723706,0,LONG,A,1.0,1.0,3.0,9.0,1.0,9.622142857142794
2025-06-03 11:00:00,London,0.7,0.7181523974092837,1,LONG,A,1.0,1.0,3.0,11.0,1.0,9.757714285714266
2025-06-03 12:00:00,London,0.7,0.6961339466624368,0,LONG,A+,1.0,1.0,5.0,12.0,1.0,10.074214285714236
2025-06-04 20:00:00,NY,0.7,0.6701070714323493,0,LONG,B,1.0,1.0,2.0,20.0,2.0,11.122714285714403
2025-06-04 22:00:00,Off,0.7,0.7032023244310786,0,LONG,A,1.0,1.0,3.0,22.0,2.0,10.558785714285866
2025-06-04 23:00:00,Off,0.7,0.7256265414300084,0,LONG,A,1.0,1.0,3.0,23.0,2.0,10.130357142857292
2025-06-05 03:00:00,Off,0.7,0.7206613685463765,0,LONG,A+,1.0,1.0,4.0,3.0,3.0,9.49328571428584
2025-06-05 04:00:00,Off,0.7,0.7080180380582282,0,LONG,A+,1.0,1.0,4.0,4.0,3.0,9.25428571428584
2025-06-05 05:00:00,Off,0.7,0.6226345707675872,0,LONG,A+,1.0,1.0,4.0,5.0,3.0,7.47764285714298
2025-06-05 06:00:00,Off,0.7,0.6624141680269426,0,LONG,A+,1.0,1.0,4.0,6.0,3.0,7.262857142857261
2025-06-05 09:00:00,London,0.7,0.6835329756484073,0,LONG,A+,1.0,1.0,4.0,9.0,3.0,8.21214285714294
2025-06-05 10:00:00,London,0.7,0.7054878960149864,1,LONG,A+,1.0,1.0,5.0,10.0,3.0,8.775142857142912
2025-06-09 20:00:00,NY,0.7,0.6641198731185688,0,SHORT,B,1.0,1.0,2.0,20.0,0.0,8.025071428571405
2025-06-10 00:00:00,Off,0.7,0.7128669590839825,0,SHORT,A+,1.0,1.0,5.0,0.0,1.0,8.181714285714277
2025-06-10 01:00:00,Off,0.7,0.7022723832840643,0,SHORT,A+,1.0,1.0,5.0,1.0,1.0,8.849714285714299
2025-06-10 14:00:00,London,0.7,0.6585874789718805,0,SHORT,A+,1.0,1.0,4.0,14.0,1.0,10.637285714285715
2025-06-11 02:00:00,Off,0.7,0.6737145381003066,0,SHORT,A,1.0,1.0,3.0,2.0,2.0,10.073785714285709
2025-06-11 07:00:00,London,0.7,0.6628633952275554,0,SHORT,A,1.0,1.0,3.0,7.0,2.0,8.791857142857127
2025-06-11 08:00:00,London,0.7,0.667457122187364,0,SHORT,B,1.0,1.0,2.0,8.0,2.0,8.707357142857129
2025-06-11 11:00:00,London,0.7,0.6789201611946297,0,SHORT,A,1.0,1.0,3.0,11.0,2.0,9.073357142857114
2025-06-11 13:00:00,London,0.7,0.6768174493199756,0,SHORT,A+,1.0,1.0,4.0,13.0,2.0,11.269642857142864
2025-06-11 14:00:00,London,0.7,0.676591448298565,0,SHORT,A+,1.0,1.0,4.0,14.0,2.0,11.452214285714264
2025-06-12 03:00:00,Off,0.7,0.66589937909871,0,LONG,B,1.0,1.0,2.0,3.0,3.0,12.033499999999972
2025-06-12 06:00:00,Off,0.7,0.650900210529698,0,LONG,A,1.0,1.0,3.0,6.0,3.0,10.617857142857147
2025-06-12 07:00:00,London,0.7,0.6621077435725027,0,LONG,A+,1.0,1.0,4.0,7.0,3.0,12.777000000000012
2025-06-12 10:00:00,London,0.7,0.6841021834092456,0,LONG,A+,1.0,1.0,4.0,10.0,3.0,13.371642857142888
2025-06-12 14:00:00,London,0.7,0.675399553429858,0,LONG,A+,1.0,1.0,4.0,14.0,3.0,14.140071428571446
2025-06-12 16:00:00,London,0.7,0.6559146967174198,0,LONG,B,1.0,1.0,2.0,16.0,3.0,14.109928571428586
2025-06-12 18:00:00,NY,0.7,0.7147721275044863,1,LONG,B,1.0,1.0,2.0,18.0,3.0,14.254428571428596
2025-06-12 20:00:00,NY,0.7,0.662153299191227,0,LONG,B,1.0,1.0,2.0,20.0,3.0,13.5819285714286
2025-06-13 00:00:00,Off,0.7,0.6880949767637503,0,LONG,A,1.0,1.0,3.0,0.0,4.0,12.44300000000005
2025-06-13 02:00:00,Off,0.7,0.6878669366308844,0,LONG,A,1.0,1.0,3.0,2.0,4.0,12.449857142857192
2025-06-13 04:00:00,Off,0.7,0.7060570254031244,0,LONG,A,1.0,1.0,3.0,4.0,4.0,12.062428571428654
2025-06-13 05:00:00,Off,0.7,0.6819661058868648,0,LONG,B,1.0,1.0,2.0,5.0,4.0,12.10485714285723
2025-06-13 06:00:00,Off,0.7,0.6936762414952421,0,LONG,A,1.0,1.0,3.0,6.0,4.0,12.663214285714371
2025-06-13 08:00:00,London,0.7,0.6664078753157494,0,LONG,B,1.0,1.0,2.0,8.0,4.0,13.061142857142906
2025-06-13 09:00:00,London,0.7,0.6940317317094382,0,LONG,B,1.0,1.0,2.0,9.0,4.0,13.26771428571432
2025-06-13 14:00:00,London,0.7,0.670889864388247,0,LONG,A+,1.0,1.0,4.0,14.0,4.0,14.326999999999998
2025-06-13 16:00:00,London,0.7,0.6656029936910702,0,LONG,B,1.0,1.0,2.0,16.0,4.0,13.07850000000001
2025-06-13 17:00:00,NY,0.7,0.6671626681015242,0,LONG,B,1.0,1.0,2.0,17.0,4.0,12.043571428571406
2025-06-16 02:00:00,Off,0.7,0.6875582320811916,0,LONG,A,1.0,1.0,3.0,2.0,0.0,11.41842857142852
2025-06-16 08:00:00,London,0.7,0.6436888875308042,0,LONG,B,1.0,1.0,2.0,8.0,0.0,10.300357142857106
2025-06-16 11:00:00,London,0.7,0.6501462832956927,0,LONG,B,1.0,1.0,2.0,11.0,0.0,10.804214285714254
2025-06-16 12:00:00,London,0.7,0.6607422853840115,0,LONG,A+,1.0,1.0,4.0,12.0,0.0,10.013285714285692
2025-06-18 05:00:00,Off,0.7,0.7000245853132132,0,SHORT,A,1.0,1.0,3.0,5.0,2.0,9.154000000000028
2025-06-18 11:00:00,London,0.7,0.6945013224771907,0,SHORT,A+,1.0,1.0,4.0,11.0,2.0,8.544999999999975
2025-06-18 13:00:00,London,0.7,0.6779484534278594,0,SHORT,A+,1.0,1.0,4.0,13.0,2.0,9.02999999999994
2025-06-18 18:00:00,NY,0.7,0.6969333894194992,0,SHORT,A+,1.0,1.0,4.0,18.0,2.0,9.867214285714194
2025-06-18 19:00:00,NY,0.7,0.6616407386204928,0,SHORT,A+,1.0,1.0,4.0,19.0,2.0,10.216285714285602
2025-06-20 16:00:00,London,0.7,0.6634529731337404,0,SHORT,B,1.0,1.0,2.0,16.0,4.0,9.89542857142851
2025-06-20 17:00:00,NY,0.7,0.6599216599309967,0,SHORT,B,1.0,1.0,2.0,17.0,4.0,9.431071428571386
2025-06-20 19:00:00,NY,0.7,0.687582484132562,0,SHORT,B,1.0,1.0,2.0,19.0,4.0,8.831999999999946
2025-06-20 20:00:00,NY,0.7,0.6354913323555145,0,SHORT,B,1.0,1.0,2.0,20.0,4.0,8.564785714285629
2025-06-23 03:00:00,Off,0.7,0.6746883098876364,0,SHORT,A,1.0,1.0,3.0,3.0,0.0,10.588285714285671
2025-06-23 04:00:00,Off,0.7,0.6574098497853061,0,SHORT,B,1.0,1.0,2.0,4.0,0.0,8.974357142857084
2025-06-23 05:00:00,Off,0.7,0.6720176328319545,0,SHORT,A,1.0,1.0,3.0,5.0,0.0,9.290142857142785
2025-06-23 06:00:00,Off,0.7,0.6350481791437274,0,SHORT,A,1.0,1.0,3.0,6.0,0.0,9.382999999999972
2025-06-23 10:00:00,London,0.7,0.6426174489032169,0,SHORT,B,1.0,1.0,2.0,10.0,0.0,9.63128571428576
2025-06-23 12:00:00,London,0.7,0.6624397485164566,0,SHORT,A+,1.0,1.0,4.0,12.0,0.0,10.659785714285752
2025-06-23 15:00:00,London,0.7,0.6629647004183068,0,SHORT,A,1.0,1.0,3.0,15.0,0.0,11.335214285714368
2025-06-23 17:00:00,NY,0.7,0.6615341006186574,0,SHORT,A+,1.0,1.0,4.0,17.0,0.0,12.25150000000011
2025-06-23 19:00:00,NY,0.7,0.6559022357931575,0,LONG,B,1.0,1.0,2.0,19.0,0.0,11.92085714285726
2025-06-23 23:00:00,Off,0.7,0.6761737560228234,0,SHORT,A+,1.0,1.0,4.0,23.0,0.0,13.693642857142938
2025-06-24 00:00:00,Off,0.7,0.7130473413279247,0,SHORT,A+,1.0,1.0,5.0,0.0,1.0,14.7413571428572
2025-06-24 02:00:00,Off,0.7,0.6577107544203227,0,SHORT,B,1.0,1.0,2.0,2.0,1.0,14.795428571428602
2025-06-24 04:00:00,Off,0.7,0.6772244197289121,0,SHORT,B,1.0,1.0,2.0,4.0,1.0,11.907214285714288
2025-06-26 11:00:00,London,0.7,0.6749692562757266,0,SHORT,A+,1.0,1.0,4.0,11.0,3.0,7.704071428571524
2025-06-26 12:00:00,London,0.7,0.6808641969072371,0,SHORT,A+,1.0,1.0,4.0,12.0,3.0,8.998785714285825
2025-06-30 08:00:00,London,0.7,0.6446185853658679,0,SHORT,B,1.0,1.0,2.0,8.0,0.0,9.493571428571386
2025-06-30 11:00:00,London,0.7,0.6669551754932288,0,SHORT,A,1.0,1.0,3.0,11.0,0.0,9.920285714285717
2025-06-30 12:00:00,London,0.7,0.6660492963517511,0,SHORT,A+,1.0,1.0,4.0,12.0,0.0,8.804000000000022
2025-06-30 14:00:00,London,0.7,0.6562902032261706,0,SHORT,A+,1.0,1.0,4.0,14.0,0.0,9.106214285714325
2025-06-30 15:00:00,London,0.7,0.6612383964166175,0,SHORT,A,1.0,1.0,3.0,15.0,0.0,8.437285714285768
2025-06-30 16:00:00,London,0.7,0.6464070679449938,0,SHORT,B,1.0,1.0,2.0,16.0,0.0,8.348857142857241
2025-06-30 17:00:00,NY,0.7,0.6464070679449938,0,SHORT,B,1.0,1.0,2.0,17.0,0.0,8.463000000000095
2025-06-30 19:00:00,NY,0.7,0.6511016264329882,0,SHORT,A,1.0,1.0,3.0,19.0,0.0,8.631857142857209
2025-07-01 00:00:00,Off,0.7,0.6837658142629831,0,SHORT,A,1.0,1.0,3.0,0.0,1.0,8.2179285714286
2025-07-01 01:00:00,Off,0.7,0.6846716611667838,0,SHORT,A+,1.0,1.0,4.0,1.0,1.0,8.270928571428612
2025-07-01 02:00:00,Off,0.7,0.6834955341908953,0,SHORT,A+,1.0,1.0,4.0,2.0,1.0,7.96435714285719
2025-07-01 05:00:00,Off,0.7,0.6406234037668258,0,SHORT,A,1.0,1.0,3.0,5.0,1.0,7.256357142857139
2025-07-01 06:00:00,Off,0.7,0.5902285694507851,0,SHORT,A,1.0,1.0,3.0,6.0,1.0,7.425357142857138
2025-07-01 07:00:00,London,0.7,0.5880726979227695,0,LONG,A,1.0,1.0,3.0,7.0,1.0,7.480857142857109
2025-07-01 09:00:00,London,0.7,0.6523872387164593,0,LONG,A,1.0,1.0,3.0,9.0,1.0,7.623928571428548
2025-07-01 10:00:00,London,0.7,0.636390924184513,0,LONG,B,1.0,1.0,2.0,10.0,1.0,7.189214285714278
2025-07-02 01:00:00,Off,0.7,0.6554230459572475,0,LONG,A,1.0,1.0,3.0,1.0,2.0,7.3539285714285665
2025-07-02 05:00:00,Off,0.7,0.6437900561178259,0,LONG,B,1.0,1.0,2.0,5.0,2.0,6.577928571428596
2025-07-02 06:00:00,Off,0.7,0.6062055560215693,0,LONG,B,1.0,1.0,2.0,6.0,2.0,6.562142857142882
2025-07-02 08:00:00,London,0.7,0.6922666214308754,0,LONG,B,1.0,1.0,2.0,8.0,2.0,6.790714285714265
2025-07-02 09:00:00,London,0.7,0.6378311340604317,0,LONG,A,1.0,1.0,3.0,9.0,2.0,7.230357142857136
2025-07-02 17:00:00,NY,0.7,0.6679874575074348,0,LONG,A,1.0,1.0,3.0,17.0,2.0,7.70728571428562
2025-07-02 18:00:00,NY,0.7,0.6622544751096238,0,LONG,B,1.0,1.0,2.0,18.0,2.0,7.999928571428492
2025-07-02 19:00:00,NY,0.7,0.6380399553056395,0,LONG,B,1.0,1.0,2.0,19.0,2.0,7.82128571428562
2025-07-02 20:00:00,NY,0.7,0.5923638820902264,0,LONG,B,1.0,1.0,2.0,20.0,2.0,7.474999999999909
2025-07-02 23:00:00,Off,0.7,0.7066829546291091,0,LONG,A+,1.0,1.0,5.0,23.0,2.0,8.012142857142797
2025-07-03 01:00:00,Off,0.7,0.6866905321298846,0,LONG,A+,1.0,1.0,4.0,1.0,3.0,7.891785714285659
2025-07-08 00:00:00,Off,0.7,0.7065651841249178,0,SHORT,A+,1.0,1.0,4.0,0.0,1.0,8.120642857142943
2025-07-08 01:00:00,Off,0.7,0.6640624350475526,0,SHORT,A+,1.0,1.0,4.0,1.0,1.0,7.610142857142916
2025-07-08 02:00:00,Off,0.7,0.6289396233806113,0,SHORT,A,1.0,1.0,3.0,2.0,1.0,7.42257142857144
2025-07-08 05:00:00,Off,0.7,0.6220240291961264,0,SHORT,A,1.0,1.0,3.0,5.0,1.0,6.510285714285764
2025-07-08 06:00:00,Off,0.7,0.6396997976762998,0,LONG,A,1.0,1.0,3.0,6.0,1.0,6.457928571428608
2025-07-08 09:00:00,London,0.7,0.6761064302385161,0,SHORT,A,1.0,1.0,3.0,9.0,1.0,6.568642857142842
2025-07-08 11:00:00,London,0.7,0.6555300406111172,0,SHORT,B,1.0,1.0,2.0,11.0,1.0,6.957357142857128
2025-07-08 14:00:00,London,0.7,0.6751014394173627,0,SHORT,A,1.0,1.0,3.0,14.0,1.0,8.315142857142812
2025-07-13 22:00:00,Off,0.7,0.692443443811024,0,LONG,A,1.0,1.0,3.0,22.0,6.0,8.965714285714219
2025-07-14 00:00:00,Off,0.7,0.676262751856958,0,LONG,A,1.0,1.0,3.0,0.0,0.0,8.812285714285638
2025-07-14 06:00:00,Off,0.7,0.6381207216629202,0,LONG,A,1.0,1.0,3.0,6.0,0.0,7.834785714285772
2025-07-14 08:00:00,London,0.7,0.6452701904714296,0,LONG,B,1.0,1.0,2.0,8.0,0.0,8.113928571428621
2025-07-14 09:00:00,London,0.7,0.6479487272903841,0,LONG,B,1.0,1.0,2.0,9.0,0.0,8.192857142857195
2025-07-14 10:00:00,London,0.7,0.6518353684758705,0,LONG,B,1.0,1.0,2.0,10.0,0.0,8.237071428571458
2025-07-14 11:00:00,London,0.7,0.6659232293691704,0,LONG,A,1.0,1.0,3.0,11.0,0.0,8.505571428571491
2025-07-14 12:00:00,London,0.7,0.6831449488393453,0,LONG,A+,1.0,1.0,5.0,12.0,0.0,8.593857142857198
2025-07-16 20:00:00,NY,0.7,0.6701070714323493,0,LONG,B,1.0,1.0,2.0,20.0,2.0,11.38771428571431
2025-07-16 22:00:00,Off,0.7,0.7032023244310786,0,LONG,A,1.0,1.0,3.0,22.0,2.0,11.51135714285715
2025-07-17 05:00:00,Off,0.7,0.6820299889273771,0,LONG,A,1.0,1.0,3.0,5.0,3.0,9.6385714285714
2025-07-17 09:00:00,London,0.7,0.6881634125436416,0,SHORT,B,1.0,1.0,2.0,9.0,3.0,6.939285714285721
