prob_win_cal,datetime,sl_price,entry_price,low,session,lot,high,comment,atr,prob_win,tp_price,symbol,side,tf
0.5,2024-01-09 01:30:00,2030.3297142857143,2031.856,2031.139,Off,0.25,2032.781,ML,1.526285714285726,0.5,2034.9085714285713,XAUUSD,buy,M15
0.5,2024-01-10 06:30:00,2023.571857142857,2025.34,2025.007,Off,0.22,2026.163,ML,1.7681428571428828,0.5,2028.8762857142856,XAUUSD,buy,M15
0.5,2024-01-19 14:00:00,2031.1779999999999,2033.444,2033.035,London,0.18,2035.666,ML,2.265999999999979,0.5,2037.9759999999999,XAUUSD,buy,M15
0.5,2024-01-23 07:15:00,2027.0372857142856,2029.434,2027.676,London,0.17,2034.152,ML,2.396714285714227,0.5,2034.2274285714284,XAUUSD,buy,M15
0.5,2024-01-24 03:15:00,2023.193142857143,2024.644,2023.715,Off,0.26,2025.047,ML,1.4508571428571682,0.5,2027.5457142857144,XAUUSD,buy,M15
0.5,2024-01-29 01:15:00,2020.6085714285714,2023.191,2023.157,Off,0.16,2025.453,ML,2.582428571428572,0.5,2028.355857142857,XAUUSD,buy,M15
0.5,2024-01-29 21:30:00,2029.6337857142858,2031.562,2031.111,NY,0.21,2031.979,ML,1.9282142857142617,0.5,2035.4184285714284,XAUUSD,buy,M15
0.5,2024-01-29 23:15:00,2028.6039285714285,2030.668,2028.968,Off,0.2,2033.177,ML,2.0640714285714075,0.5,2034.7961428571427,XAUUSD,buy,M15
0.5,2024-01-29 23:30:00,2028.792357142857,2030.724,2029.968,Off,0.21,2030.925,ML,1.931642857142817,0.5,2034.5872857142856,XAUUSD,buy,M15
0.5,2024-02-02 00:00:00,2054.2200000000003,2055.51,2054.638,Off,0.28,2055.921,ML,1.290000000000061,0.5,2058.09,XAUUSD,buy,M15
0.5,2024-02-05 20:30:00,2024.1481428571428,2025.732,2025.039,NY,0.24,2026.141,ML,1.5838571428571413,0.5,2028.8997142857143,XAUUSD,buy,M15
0.5,2024-02-05 21:00:00,2023.5257857142856,2024.924,2024.261,NY,0.26,2025.113,ML,1.3982142857143052,0.5,2027.7204285714286,XAUUSD,buy,M15
0.5,2024-02-05 21:30:00,2023.4827857142857,2024.786,2024.152,NY,0.28,2024.86,ML,1.3032142857143103,0.5,2027.3924285714286,XAUUSD,buy,M15
0.5,2024-02-05 21:45:00,2023.432357142857,2024.667,2024.529,NY,0.29,2024.991,ML,1.2346428571428791,0.5,2027.1362857142856,XAUUSD,buy,M15
0.5,2024-02-05 23:15:00,2022.8357857142857,2024.035,2023.675,Off,0.29,2024.998,ML,1.199214285714301,0.5,2026.4334285714287,XAUUSD,buy,M15
0.5,2024-02-06 17:15:00,2031.343142857143,2034.332,2032.066,NY,0.14,2036.507,ML,2.9888571428571304,0.5,2040.3097142857143,XAUUSD,buy,M15
0.5,2024-02-06 19:00:00,2032.9503571428572,2035.14,2034.932,NY,0.19,2036.895,ML,2.1896428571428714,0.5,2039.5192857142858,XAUUSD,buy,M15
0.5,2024-02-06 20:30:00,2033.9095714285713,2035.636,2035.139,NY,0.22,2036.04,ML,1.7264285714285763,0.5,2039.088857142857,XAUUSD,buy,M15
0.5,2024-02-06 23:00:00,2034.693,2035.693,2035.085,Off,0.33,2036.073,ML,0.8889285714285506,0.5,2037.693,XAUUSD,buy,M15
0.5,2024-02-08 19:30:00,2030.1802142857143,2032.005,2031.42,NY,0.22,2032.9,ML,1.8247857142857324,0.5,2035.6545714285717,XAUUSD,buy,M15
0.5,2024-02-15 23:30:00,2002.556,2003.556,2003.556,Off,0.33,2004.075,ML,0.913571428571426,0.5,2005.556,XAUUSD,buy,M15
0.5,2024-03-04 19:00:00,2109.794857142857,2113.928,2113.291,NY,0.11,2115.383,ML,4.133142857142892,0.5,2122.194285714286,XAUUSD,buy,M15
0.5,2024-03-05 15:00:00,2129.2894285714287,2135.034,2128.224,London,0.08,2139.533,ML,5.744571428571395,0.5,2146.523142857143,XAUUSD,buy,M15
0.5,2024-03-05 21:15:00,2127.0610714285713,2129.158,2128.823,NY,0.19,2129.509,ML,2.0969285714286343,0.5,2133.351857142857,XAUUSD,buy,M15
0.5,2024-03-07 06:45:00,2152.309928571429,2155.353,2152.659,Off,0.14,2156.513,ML,3.0430714285714333,0.5,2161.439142857143,XAUUSD,buy,M15
0.5,2024-03-11 22:45:00,2179.4689285714285,2181.201,2180.563,Off,0.22,2181.734,ML,1.7320714285713816,0.5,2184.6651428571427,XAUUSD,buy,M15
0.5,2024-03-13 14:15:00,2163.785857142857,2166.85,2164.516,London,0.14,2169.087,ML,3.064142857142867,0.5,2172.9782857142854,XAUUSD,buy,M15
0.5,2024-03-18 23:30:00,2160.252,2161.252,2160.684,Off,0.33,2161.252,ML,0.9185000000000272,0.5,2163.252,XAUUSD,buy,M15
0.5,2024-03-19 23:15:00,2156.809,2157.809,2157.602,Off,0.33,2157.962,ML,0.9120714285714452,0.5,2159.809,XAUUSD,buy,M15
0.5,2024-03-19 23:30:00,2156.439,2157.439,2157.135,Off,0.33,2157.934,ML,0.8849285714285803,0.5,2159.439,XAUUSD,buy,M15
0.5,2024-03-20 15:30:00,2151.793857142857,2155.455,2154.643,London,0.12,2157.164,ML,3.661142857142847,0.5,2162.7772857142854,XAUUSD,buy,M15
0.5,2024-03-21 00:45:00,2192.0480714285713,2198.931,2193.556,Off,0.07,2199.583,ML,6.88292857142866,0.5,2212.6968571428574,XAUUSD,buy,M15
0.5,2024-03-26 13:30:00,2176.3735714285713,2180.796,2178.312,London,0.1,2189.957,ML,4.422428571428619,0.5,2189.640857142857,XAUUSD,buy,M15
0.5,2024-03-27 05:30:00,2174.971285714286,2176.895,2175.655,Off,0.21,2177.977,ML,1.923714285714303,0.5,2180.7424285714287,XAUUSD,buy,M15
0.5,2024-03-27 13:00:00,2182.365142857143,2186.088,2183.412,London,0.12,2186.743,ML,3.7228571428571033,0.5,2193.5337142857143,XAUUSD,buy,M15
0.5,2024-03-27 13:30:00,2186.5660714285714,2190.384,2185.393,London,0.12,2193.173,ML,3.817928571428573,0.5,2198.0198571428573,XAUUSD,buy,M15
0.5,2024-03-27 18:30:00,2188.864857142857,2190.835,2190.039,NY,0.2,2191.255,ML,1.970142857142784,0.5,2194.7752857142855,XAUUSD,buy,M15
0.5,2024-03-28 13:45:00,2201.0469999999996,2206.6,2202.211,London,0.08,2210.821,ML,5.553000000000111,0.5,2217.706,XAUUSD,buy,M15
0.5,2024-04-02 10:45:00,2258.732785714286,2262.101,2261.902,London,0.13,2264.673,ML,3.3682142857142674,0.5,2268.8374285714285,XAUUSD,buy,M15
0.5,2024-04-02 23:45:00,2277.036285714286,2280.206,2277.828,Off,0.14,2280.682,ML,3.1697142857143,0.5,2286.5454285714286,XAUUSD,buy,M15
0.5,2024-04-03 05:00:00,2279.4309285714285,2281.787,2280.842,Off,0.18,2283.947,ML,2.3560714285714703,0.5,2286.499142857143,XAUUSD,buy,M15
0.5,2024-04-05 12:30:00,2284.9927857142857,2289.106,2280.192,London,0.11,2295.997,ML,4.113214285714321,0.5,2297.332428571429,XAUUSD,buy,M15
0.5,2024-04-05 13:45:00,2294.3665714285717,2299.753,2293.955,London,0.08,2303.64,ML,5.386428571428529,0.5,2310.525857142857,XAUUSD,buy,M15
0.5,2024-04-05 19:00:00,2318.7645714285713,2321.95,2320.637,NY,0.14,2325.337,ML,3.1854285714284742,0.5,2328.3208571428568,XAUUSD,buy,M15
0.5,2024-04-05 19:45:00,2320.254142857143,2323.12,2321.751,NY,0.15,2323.642,ML,2.865857142857002,0.5,2328.851714285714,XAUUSD,buy,M15
0.5,2024-04-08 06:00:00,2327.3830714285714,2332.374,2331.76,Off,0.09,2335.259,ML,4.990928571428542,0.5,2342.355857142857,XAUUSD,buy,M15
0.5,2024-04-09 03:00:00,2340.950714285714,2344.5,2343.178,Off,0.12,2346.56,ML,3.549285714285783,0.5,2351.5985714285716,XAUUSD,buy,M15
0.5,2024-04-10 13:00:00,2316.52,2322.192,2321.913,London,0.08,2339.606,ML,5.671999999999993,0.5,2333.536,XAUUSD,buy,M15
0.5,2024-04-10 15:00:00,2321.739285714286,2332.16,2330.06,London,0.05,2347.63,ML,10.420714285714212,0.5,2353.0014285714283,XAUUSD,buy,M15
0.5,2024-04-11 07:00:00,2335.814714285714,2338.749,2335.176,London,0.15,2338.915,ML,2.9342857142858065,0.5,2344.6175714285714,XAUUSD,buy,M15
0.5,2024-04-15 20:30:00,2376.9230000000002,2382.452,2380.038,NY,0.08,2383.171,ML,5.528999999999996,0.5,2393.51,XAUUSD,buy,M15
0.5,2024-04-16 17:45:00,2377.1113571428573,2384.702,2379.712,NY,0.06,2389.326,ML,7.590642857142841,0.5,2399.883285714286,XAUUSD,buy,M15
0.5,2024-04-17 11:45:00,2383.9737857142854,2387.298,2386.57,London,0.13,2389.685,ML,3.3242142857142687,0.5,2393.9464285714284,XAUUSD,buy,M15
0.5,2024-04-19 03:15:00,2375.949142857143,2385.818,2382.831,Off,0.05,2393.603,ML,9.868857142857124,0.5,2405.5557142857147,XAUUSD,buy,M15
0.5,2024-04-23 14:45:00,2313.7738571428567,2320.35,2314.413,London,0.07,2321.725,ML,6.576142857142973,0.5,2333.502285714286,XAUUSD,buy,M15
0.5,2024-05-01 14:45:00,2299.7205,2304.382,2297.343,London,0.1,2304.916,ML,4.6614999999999975,0.5,2313.705,XAUUSD,buy,M15
0.5,2024-05-01 20:00:00,2306.2731428571424,2314.122,2306.996,NY,0.06,2314.525,ML,7.848857142857241,0.5,2329.8197142857143,XAUUSD,buy,M15
0.5,2024-05-01 23:00:00,2316.007642857143,2321.491,2320.598,Off,0.08,2321.85,ML,5.483357142857195,0.5,2332.4577142857142,XAUUSD,buy,M15
0.5,2024-05-01 23:45:00,2319.842642857143,2323.809,2321.815,Off,0.11,2324.833,ML,3.966357142857175,0.5,2331.7417142857144,XAUUSD,buy,M15
0.5,2024-05-06 14:30:00,2315.7971428571427,2321.258,2318.912,London,0.08,2327.055,ML,5.460857142857192,0.5,2332.179714285714,XAUUSD,buy,M15
0.5,2024-05-09 13:00:00,2310.533,2314.832,2312.06,London,0.1,2326.692,ML,4.298999999999978,0.5,2323.43,XAUUSD,buy,M15
0.5,2024-05-14 16:30:00,2347.772,2352.092,2347.833,London,0.1,2353.247,ML,4.320000000000001,0.5,2360.732,XAUUSD,buy,M15
0.5,2024-05-15 13:30:00,2356.743785714286,2361.817,2361.244,London,0.09,2370.411,ML,5.07321428571426,0.5,2371.9634285714287,XAUUSD,buy,M15
0.5,2024-05-17 19:00:00,2410.6257142857144,2414.364,2411.48,NY,0.12,2417.39,ML,3.738285714285699,0.5,2421.8405714285714,XAUUSD,buy,M15
0.5,2024-05-20 02:45:00,2428.6649285714284,2434.011,2428.755,Off,0.09,2434.643,ML,5.346071428571512,0.5,2444.703142857143,XAUUSD,buy,M15
0.5,2024-05-20 06:30:00,2430.891071428571,2435.551,2431.796,Off,0.1,2442.399,ML,4.659928571428607,0.5,2444.870857142857,XAUUSD,buy,M15
0.5,2024-06-05 17:00:00,2348.479714285714,2353.766,2351.67,NY,0.09,2354.366,ML,5.286285714285701,0.5,2364.3385714285714,XAUUSD,buy,M15
0.5,2024-06-06 04:15:00,2364.9027142857144,2368.873,2367.2,Off,0.11,2368.944,ML,3.970285714285768,0.5,2376.813571428572,XAUUSD,buy,M15
0.5,2024-07-03 11:15:00,2342.009,2344.639,2342.424,London,0.16,2345.831,ML,2.629999999999979,0.5,2349.899,XAUUSD,buy,M15
0.5,2024-07-11 13:45:00,2399.852785714286,2406.613,2395.796,London,0.07,2407.437,ML,6.760214285714191,0.5,2420.1334285714283,XAUUSD,buy,M15
0.5,2024-07-15 13:00:00,2409.3129285714285,2412.465,2411.509,London,0.14,2415.382,ML,3.1520714285714866,0.5,2418.769142857143,XAUUSD,buy,M15
0.5,2024-07-23 12:45:00,2402.3242142857143,2405.453,2405.408,London,0.14,2409.281,ML,3.128785714285673,0.5,2411.7105714285713,XAUUSD,buy,M15
0.5,2024-07-23 14:30:00,2401.9432857142856,2405.81,2403.865,London,0.11,2407.394,ML,3.8667142857142216,0.5,2413.543428571428,XAUUSD,buy,M15
0.5,2024-07-26 06:15:00,2364.4546428571425,2367.711,2365.238,Off,0.13,2370.942,ML,3.256357142857106,0.5,2374.223714285714,XAUUSD,buy,M15
0.5,2024-07-26 16:00:00,2381.4012142857146,2386.353,2384.606,London,0.09,2386.514,ML,4.951785714285669,0.5,2396.2565714285715,XAUUSD,buy,M15
0.5,2024-07-31 15:30:00,2418.898357142857,2422.816,2420.441,London,0.11,2424.246,ML,3.91764285714284,0.5,2430.6512857142857,XAUUSD,buy,M15
0.5,2024-07-31 18:00:00,2419.3933571428574,2422.356,2421.537,NY,0.14,2427.467,ML,2.962642857142945,0.5,2428.2812857142862,XAUUSD,buy,M15
0.5,2024-08-02 08:00:00,2459.129357142857,2462.91,2460.949,London,0.12,2463.712,ML,3.780642857142766,0.5,2470.4712857142854,XAUUSD,buy,M15
0.5,2024-08-05 06:15:00,2422.0167142857144,2428.069,2422.064,Off,0.08,2432.813,ML,6.05228571428568,0.5,2440.1735714285714,XAUUSD,buy,M15
0.5,2024-08-05 07:30:00,2429.4578571428574,2436.755,2435.586,London,0.06,2445.624,ML,7.297142857142879,0.5,2451.349285714286,XAUUSD,buy,M15
0.5,2024-08-07 13:45:00,2396.1164285714285,2400.04,2396.933,London,0.11,2400.565,ML,3.923571428571417,0.5,2407.887142857143,XAUUSD,buy,M15
0.5,2024-08-11 22:15:00,2430.5047142857143,2432.53,2428.975,Off,0.2,2433.242,ML,2.025285714285831,0.5,2436.580571428572,XAUUSD,buy,M15
0.5,2024-08-12 14:30:00,2448.0020000000004,2451.702,2447.867,London,0.12,2452.246,ML,3.700000000000013,0.5,2459.1020000000003,XAUUSD,buy,M15
0.5,2024-08-14 13:15:00,2445.821357142857,2450.928,2449.429,London,0.09,2465.79,ML,5.106642857142853,0.5,2461.1412857142855,XAUUSD,buy,M15
0.5,2024-08-16 00:00:00,2456.340857142857,2457.867,2457.231,Off,0.25,2458.448,ML,1.5261428571427589,0.5,2460.9192857142857,XAUUSD,buy,M15
0.5,2024-08-16 14:15:00,2474.409642857143,2481.651,2477.462,London,0.06,2490.181,ML,7.241357142857136,0.5,2496.133714285714,XAUUSD,buy,M15
0.5,2024-08-18 22:15:00,2501.037,2504.241,2502.271,Off,0.13,2505.392,ML,3.204000000000048,0.5,2510.649,XAUUSD,buy,M15
0.5,2024-08-21 20:45:00,2509.104142857143,2512.061,2510.699,NY,0.14,2512.12,ML,2.956857142857092,0.5,2517.9747142857145,XAUUSD,buy,M15
0.5,2024-08-21 22:45:00,2511.5678571428575,2513.869,2513.087,Off,0.18,2513.991,ML,2.301142857142817,0.5,2518.471285714286,XAUUSD,buy,M15
0.5,2024-08-23 16:45:00,2502.5087857142858,2510.244,2503.369,London,0.06,2510.437,ML,7.735214285714327,0.5,2525.714428571429,XAUUSD,buy,M15
0.5,2024-09-04 18:00:00,2491.114857142857,2493.559,2492.316,NY,0.17,2494.253,ML,2.444142857143009,0.5,2498.4472857142864,XAUUSD,buy,M15
0.5,2024-09-11 08:45:00,2521.0775,2524.299,2523.622,London,0.13,2527.212,ML,3.2215000000000407,0.5,2530.742,XAUUSD,buy,M15
0.5,2024-09-16 04:30:00,2583.155714285714,2585.071,2584.865,Off,0.21,2585.997,ML,1.9152857142857689,0.5,2588.9015714285715,XAUUSD,buy,M15
0.5,2024-09-18 12:45:00,2573.541,2576.215,2574.091,London,0.16,2576.913,ML,2.6740000000000106,0.5,2581.563,XAUUSD,buy,M15
0.5,2024-09-18 13:30:00,2570.2957142857144,2573.328,2571.853,London,0.14,2578.564,ML,3.032285714285698,0.5,2579.3925714285715,XAUUSD,buy,M15
0.5,2024-09-25 14:45:00,2654.5060714285714,2658.952,2654.178,London,0.1,2662.055,ML,4.4459285714286,0.5,2667.8438571428574,XAUUSD,buy,M15
0.5,2024-09-30 02:15:00,2649.940857142857,2653.321,2650.234,Off,0.13,2654.345,ML,3.380142857142833,0.5,2660.0812857142855,XAUUSD,buy,M15
0.5,2024-10-01 13:00:00,2647.130571428572,2650.088,2648.01,London,0.14,2652.041,ML,2.957428571428572,0.5,2656.0028571428575,XAUUSD,buy,M15
0.5,2024-10-29 15:30:00,2758.523571428572,2763.684,2760.778,London,0.09,2765.195,ML,5.160428571428546,0.5,2774.0048571428574,XAUUSD,buy,M15
0.5,2024-10-30 08:45:00,2779.064214285714,2781.982,2779.541,London,0.15,2781.982,ML,2.917785714285725,0.5,2787.8175714285712,XAUUSD,buy,M15
0.5,2024-11-05 11:00:00,2736.8166428571426,2739.935,2737.952,London,0.14,2740.549,ML,3.118357142857186,0.5,2746.171714285714,XAUUSD,buy,M15
0.5,2024-11-07 16:15:00,2686.1672142857146,2691.909,2690.567,London,0.08,2697.426,ML,5.741785714285633,0.5,2703.3925714285715,XAUUSD,buy,M15
0.5,2024-11-08 02:00:00,2695.304785714286,2698.402,2695.096,Off,0.14,2699.973,ML,3.097214285714212,0.5,2704.5964285714285,XAUUSD,buy,M15
0.5,2024-11-12 15:30:00,2594.862357142857,2601.187,2597.387,London,0.07,2604.477,ML,6.3246428571428295,0.5,2613.8362857142856,XAUUSD,buy,M15
0.5,2024-11-12 16:30:00,2594.150642857143,2600.42,2598.345,London,0.07,2601.53,ML,6.269357142857156,0.5,2612.9587142857144,XAUUSD,buy,M15
0.5,2024-11-13 05:30:00,2601.831642857143,2605.05,2603.49,Off,0.13,2606.668,ML,3.2183571428571605,0.5,2611.4867142857147,XAUUSD,buy,M15
0.5,2024-11-15 12:15:00,2564.7825714285714,2568.232,2565.437,London,0.13,2568.238,ML,3.449428571428565,0.5,2575.130857142857,XAUUSD,buy,M15
0.5,2024-11-15 12:45:00,2565.698357142857,2569.086,2565.812,London,0.13,2569.652,ML,3.387642857142867,0.5,2575.8612857142857,XAUUSD,buy,M15
0.5,2024-11-18 12:00:00,2588.6992857142855,2592.475,2590.358,London,0.12,2594.517,ML,3.775714285714327,0.5,2600.0264285714284,XAUUSD,buy,M15
0.5,2024-11-19 12:00:00,2627.6927142857144,2631.241,2628.679,London,0.12,2631.584,ML,3.5482857142856443,0.5,2638.337571428571,XAUUSD,buy,M15
0.5,2024-11-20 18:15:00,2644.1051428571427,2648.076,2645.357,NY,0.11,2649.16,ML,3.9708571428571497,0.5,2656.017714285714,XAUUSD,buy,M15
0.5,2024-11-20 18:45:00,2645.033142857143,2648.57,2646.93,NY,0.12,2649.325,ML,3.5368571428571483,0.5,2655.6437142857144,XAUUSD,buy,M15
0.5,2024-11-20 20:45:00,2646.2768571428574,2648.907,2647.326,NY,0.16,2649.729,ML,2.630142857142833,0.5,2654.1672857142858,XAUUSD,buy,M15
0.5,2024-11-20 21:45:00,2647.7822142857144,2649.955,2649.327,NY,0.19,2650.534,ML,2.172785714285705,0.5,2654.3005714285714,XAUUSD,buy,M15
0.5,2024-11-22 03:45:00,2682.599142857143,2686.153,2681.413,Off,0.12,2686.655,ML,3.553857142857136,0.5,2693.260714285714,XAUUSD,buy,M15
0.5,2024-11-26 14:30:00,2616.7007142857146,2622.387,2616.664,London,0.08,2629.043,ML,5.6862857142856615,0.5,2633.7595714285717,XAUUSD,buy,M15
0.5,2024-11-26 18:45:00,2619.8745,2623.412,2620.492,NY,0.12,2624.538,ML,3.537500000000039,0.5,2630.487,XAUUSD,buy,M15
0.5,2024-11-26 19:30:00,2623.5327857142856,2626.855,2624.999,NY,0.13,2627.601,ML,3.322214285714316,0.5,2633.499428571429,XAUUSD,buy,M15
0.5,2024-11-29 03:15:00,2654.2588571428573,2658.69,2656.071,Off,0.1,2660.235,ML,4.431142857142894,0.5,2667.552285714286,XAUUSD,buy,M15
0.5,2024-12-02 13:00:00,2636.2110714285714,2640.299,2637.048,London,0.11,2641.433,ML,4.08792857142849,0.5,2648.4748571428568,XAUUSD,buy,M15
0.5,2024-12-04 17:00:00,2646.5609285714286,2650.921,2648.467,NY,0.1,2651.07,ML,4.36007142857144,0.5,2659.6411428571428,XAUUSD,buy,M15
0.5,2024-12-09 04:45:00,2631.991285714286,2635.92,2634.553,Off,0.11,2637.436,ML,3.9287142857142814,0.5,2643.7774285714286,XAUUSD,buy,M15
0.5,2024-12-09 06:45:00,2640.8072857142856,2643.819,2642.036,Off,0.14,2644.566,ML,3.0117142857142687,0.5,2649.8424285714286,XAUUSD,buy,M15
0.5,2024-12-10 13:15:00,2670.886357142857,2674.779,2672.308,London,0.11,2676.541,ML,3.892642857142911,0.5,2682.5642857142857,XAUUSD,buy,M15
0.5,2024-12-11 10:45:00,2690.677642857143,2694.506,2692.348,London,0.12,2695.752,ML,3.828357142857125,0.5,2702.162714285714,XAUUSD,buy,M15
0.5,2024-12-11 19:00:00,2712.3725000000004,2715.887,2713.339,NY,0.12,2715.954,ML,3.514499999999998,0.5,2722.916,XAUUSD,buy,M15
0.5,2025-01-15 13:30:00,2683.6639999999998,2686.798,2683.893,London,0.14,2693.455,ML,3.1339999999999497,0.5,2693.066,XAUUSD,buy,M15
0.5,2025-01-20 11:30:00,2704.675,2707.771,2704.835,London,0.14,2708.792,ML,3.096000000000036,0.5,2713.963,XAUUSD,buy,M15
0.5,2025-01-22 18:00:00,2752.7597142857144,2755.868,2754.885,NY,0.14,2757.151,ML,3.1082857142856875,0.5,2762.0845714285715,XAUUSD,buy,M15
0.5,2025-01-24 14:30:00,2774.86,2778.326,2773.723,London,0.13,2778.814,ML,3.4660000000000246,0.5,2785.2580000000003,XAUUSD,buy,M15
0.5,2025-02-03 15:30:00,2811.021357142857,2816.749,2813.568,London,0.08,2821.985,ML,5.7276428571428175,0.5,2828.2042857142856,XAUUSD,buy,M15
0.5,2025-02-05 07:00:00,2853.8645,2856.906,2854.795,London,0.14,2859.198,ML,3.0415000000000094,0.5,2862.989,XAUUSD,buy,M15
0.5,2025-02-05 11:15:00,2865.7174285714286,2869.532,2865.906,London,0.12,2869.995,ML,3.814571428571331,0.5,2877.1611428571427,XAUUSD,buy,M15
0.5,2025-02-05 12:45:00,2866.813785714286,2870.255,2866.959,London,0.13,2870.866,ML,3.4412142857142305,0.5,2877.1374285714287,XAUUSD,buy,M15
0.5,2025-02-10 01:45:00,2868.178142857143,2871.866,2866.748,Off,0.12,2871.962,ML,3.6878571428571183,0.5,2879.2417142857144,XAUUSD,buy,M15
0.5,2025-02-10 10:30:00,2897.6770714285717,2901.402,2898.21,London,0.12,2902.348,ML,3.724928571428466,0.5,2908.851857142857,XAUUSD,buy,M15
0.5,2025-02-11 02:30:00,2909.3800714285712,2917.124,2905.454,Off,0.06,2941.591,ML,7.743928571428602,0.5,2932.611857142857,XAUUSD,buy,M15
0.5,2025-02-11 06:00:00,2921.5490714285716,2926.491,2922.911,Off,0.09,2929.446,ML,4.941928571428564,0.5,2936.3748571428573,XAUUSD,buy,M15
0.5,2025-02-12 19:15:00,2890.9242857142854,2895.066,2893.511,NY,0.11,2898.424,ML,4.141714285714345,0.5,2903.3494285714287,XAUUSD,buy,M15
0.5,2025-02-13 06:30:00,2910.6800714285714,2914.073,2912.531,Off,0.13,2916.097,ML,3.3929285714286186,0.5,2920.8588571428572,XAUUSD,buy,M15
0.5,2025-02-17 08:30:00,2893.576142857143,2898.119,2895.044,London,0.1,2900.335,ML,4.5428571428571365,0.5,2907.2047142857145,XAUUSD,buy,M15
0.5,2025-02-17 11:00:00,2895.6180714285715,2899.378,2899.062,London,0.12,2903.972,ML,3.759928571428613,0.5,2906.8978571428574,XAUUSD,buy,M15
0.5,2025-02-19 12:30:00,2932.298357142857,2936.075,2932.892,London,0.12,2936.617,ML,3.776642857142796,0.5,2943.6282857142855,XAUUSD,buy,M15
0.5,2025-02-21 12:00:00,2927.785142857143,2931.09,2927.523,London,0.13,2931.423,ML,3.3048571428571125,0.5,2937.6997142857144,XAUUSD,buy,M15
0.5,2025-02-25 20:15:00,2908.9920714285713,2912.687,2910.881,NY,0.12,2913.367,ML,3.694928571428461,0.5,2920.0768571428566,XAUUSD,buy,M15
0.5,2025-02-26 02:00:00,2912.703571428571,2916.752,2914.799,Off,0.11,2920.057,ML,4.048428571428531,0.5,2924.848857142857,XAUUSD,buy,M15
0.5,2025-03-03 18:30:00,2883.2745,2887.447,2886.628,NY,0.11,2891.502,ML,4.172499999999998,0.5,2895.792,XAUUSD,buy,M15
0.5,2025-03-04 21:15:00,2912.0505714285714,2915.207,2913.269,NY,0.14,2915.724,ML,3.156428571428608,0.5,2921.5198571428573,XAUUSD,buy,M15
0.5,2025-03-05 21:30:00,2915.792857142857,2918.279,2918.279,NY,0.17,2919.76,ML,2.48614285714286,0.5,2923.2512857142856,XAUUSD,buy,M15
0.5,2025-03-05 23:00:00,2915.493857142857,2917.602,2917.433,Off,0.19,2918.966,ML,2.108142857142866,0.5,2921.8182857142856,XAUUSD,buy,M15
0.5,2025-03-05 23:15:00,2915.4838571428572,2917.444,2916.711,Off,0.2,2917.957,ML,1.9601428571428576,0.5,2921.364285714286,XAUUSD,buy,M15
0.5,2025-03-12 11:15:00,2910.1347142857144,2913.32,2913.045,London,0.14,2915.825,ML,3.1852857142856528,0.5,2919.6905714285713,XAUUSD,buy,M15
0.5,2025-03-12 11:30:00,2911.8373571428574,2915.065,2912.638,London,0.13,2916.314,ML,3.227642857142817,0.5,2921.520285714286,XAUUSD,buy,M15
0.5,2025-03-12 12:30:00,2915.7545,2918.962,2914.605,London,0.13,2923.103,ML,3.2074999999999494,0.5,2925.377,XAUUSD,buy,M15
0.5,2025-03-14 10:45:00,2988.7123571428574,2993.213,2986.578,London,0.1,2994.75,ML,4.500642857142858,0.5,3002.214285714286,XAUUSD,buy,M15
0.5,2025-03-18 05:15:00,3004.3592857142858,3007.472,3006.066,Off,0.14,3012.096,ML,3.112714285714316,0.5,3013.6974285714286,XAUUSD,buy,M15
0.5,2025-03-18 14:15:00,3023.6752142857144,3029.139,3024.72,London,0.08,3029.75,ML,5.463785714285677,0.5,3040.0665714285715,XAUUSD,buy,M15
0.5,2025-03-19 06:15:00,3033.3475714285714,3036.779,3034.506,Off,0.13,3040.976,ML,3.4314285714286337,0.5,3043.641857142857,XAUUSD,buy,M15
0.5,2025-03-19 06:30:00,3036.3527142857147,3039.952,3034.602,Off,0.12,3040.258,ML,3.59928571428577,0.5,3047.1505714285718,XAUUSD,buy,M15
0.5,2025-03-25 12:30:00,3015.7877142857146,3018.809,3016.713,London,0.14,3020.139,ML,3.021285714285731,0.5,3024.851571428572,XAUUSD,buy,M15
0.5,2025-03-26 12:45:00,3023.894285714286,3027.139,3026.518,London,0.13,3029.958,ML,3.2447142857142484,0.5,3033.6284285714287,XAUUSD,buy,M15
0.5,2025-03-27 07:30:00,3029.9269999999997,3033.473,3029.598,London,0.12,3033.699,ML,3.546000000000049,0.5,3040.565,XAUUSD,buy,M15
0.5,2025-04-02 05:30:00,3112.201857142857,3116.402,3108.623,Off,0.11,3117.239,ML,4.2001428571428665,0.5,3124.802285714286,XAUUSD,buy,M15
0.5,2025-04-02 07:00:00,3109.2022857142856,3113.612,3112.176,London,0.1,3117.231,ML,4.409714285714309,0.5,3122.4314285714286,XAUUSD,buy,M15
0.5,2025-04-02 07:15:00,3112.1851428571426,3116.701,3113.47,London,0.1,3118.34,ML,4.515857142857191,0.5,3125.7327142857143,XAUUSD,buy,M15
0.5,2025-04-03 23:00:00,3106.66,3111.238,3109.757,Off,0.1,3115.443,ML,4.577999999999975,0.5,3120.394,XAUUSD,buy,M15
0.5,2025-04-03 23:45:00,3108.774214285714,3112.884,3112.722,Off,0.11,3116.249,ML,4.109785714285668,0.5,3121.1035714285713,XAUUSD,buy,M15
0.5,2025-04-07 06:30:00,3017.4243571428574,3027.811,3018.595,Off,0.05,3031.829,ML,10.386642857142729,0.5,3048.5842857142857,XAUUSD,buy,M15
0.5,2025-04-07 13:00:00,3018.9129285714284,3027.529,3024.425,London,0.05,3034.198,ML,8.616071428571363,0.5,3044.7611428571427,XAUUSD,buy,M15
0.5,2025-04-08 12:45:00,2996.338142857143,3002.581,3002.358,London,0.07,3008.686,ML,6.242857142857149,0.5,3015.0667142857146,XAUUSD,buy,M15
0.5,2025-04-09 06:00:00,3013.472214285714,3020.433,3014.649,Off,0.07,3025.276,ML,6.960785714285781,0.5,3034.3545714285715,XAUUSD,buy,M15
0.5,2025-04-09 07:30:00,3037.574357142857,3046.143,3041.247,London,0.06,3048.499,ML,8.568642857142907,0.5,3063.280285714286,XAUUSD,buy,M15
0.5,2025-04-09 12:45:00,3038.026642857143,3047.418,3042.626,London,0.05,3051.312,ML,9.391357142857064,0.5,3066.200714285714,XAUUSD,buy,M15
0.5,2025-04-10 03:45:00,3115.2906428571428,3125.406,3121.55,Off,0.05,3126.878,ML,10.11535714285716,0.5,3145.6367142857143,XAUUSD,buy,M15
0.5,2025-04-11 05:45:00,3188.2965000000004,3195.822,3187.153,Off,0.06,3196.221,ML,7.525499999999965,0.5,3210.873,XAUUSD,buy,M15
0.5,2025-04-11 13:45:00,3213.971857142857,3224.124,3219.568,London,0.05,3240.676,ML,10.152142857142865,0.5,3244.4282857142857,XAUUSD,buy,M15
0.5,2025-04-14 04:00:00,3227.3320714285715,3234.542,3232.045,Off,0.06,3235.8,ML,7.209928571428626,0.5,3248.9618571428573,XAUUSD,buy,M15
0.5,2025-04-14 18:30:00,3199.280214285714,3204.361,3201.425,NY,0.09,3211.249,ML,5.080785714285704,0.5,3214.522571428571,XAUUSD,buy,M15
0.5,2025-04-16 01:30:00,3258.9714285714285,3265.761,3256.014,Off,0.07,3266.899,ML,6.789571428571337,0.5,3279.340142857143,XAUUSD,buy,M15
0.5,2025-04-16 08:30:00,3285.4854285714287,3292.344,3288.588,London,0.07,3301.235,ML,6.858571428571395,0.5,3306.061142857143,XAUUSD,buy,M15
0.5,2025-04-16 10:15:00,3295.7658571428574,3303.964,3299.598,London,0.06,3304.522,ML,8.198142857142784,0.5,3320.3602857142855,XAUUSD,buy,M15
0.5,2025-04-16 11:15:00,3286.6825000000003,3295.083,3293.164,London,0.06,3300.523,ML,8.400499999999933,0.5,3311.884,XAUUSD,buy,M15
0.5,2025-04-16 11:30:00,3294.630785714286,3302.909,3295.044,London,0.06,3303.684,ML,8.278214285714252,0.5,3319.4654285714287,XAUUSD,buy,M15
0.5,2025-04-16 13:30:00,3291.596857142857,3298.835,3296.838,London,0.06,3306.586,ML,7.238142857142845,0.5,3313.3112857142855,XAUUSD,buy,M15
0.5,2025-04-16 23:15:00,3346.523857142857,3351.103,3349.465,Off,0.1,3352.137,ML,4.579142857142967,0.5,3360.261285714286,XAUUSD,buy,M15
0.5,2025-04-17 13:30:00,3321.4995714285715,3329.596,3320.084,London,0.06,3331.978,ML,8.096428571428564,0.5,3345.788857142857,XAUUSD,buy,M15
0.5,2025-04-21 07:45:00,3380.0604285714285,3385.082,3381.842,London,0.09,3391.761,ML,5.021571428571568,0.5,3395.125142857143,XAUUSD,buy,M15
0.5,2025-04-21 11:00:00,3383.911785714286,3388.86,3386.401,London,0.09,3394.945,ML,4.948214285714228,0.5,3398.7564285714284,XAUUSD,buy,M15
0.5,2025-04-21 15:00:00,3402.4010714285714,3412.049,3407.934,London,0.05,3418.612,ML,9.6479285714285,0.5,3431.344857142857,XAUUSD,buy,M15
0.5,2025-04-21 15:15:00,3410.7494285714283,3420.812,3411.182,London,0.05,3421.106,ML,10.062571428571378,0.5,3440.9371428571426,XAUUSD,buy,M15
0.5,2025-04-22 05:30:00,3479.251357142857,3488.101,3473.467,Off,0.05,3488.254,ML,8.849642857142888,0.5,3505.800285714286,XAUUSD,buy,M15
0.5,2025-04-23 18:45:00,3274.2605714285714,3282.766,3280.095,NY,0.06,3283.885,ML,8.505428571428638,0.5,3299.7768571428574,XAUUSD,buy,M15
0.5,2025-04-24 05:30:00,3322.6862857142855,3331.082,3320.445,Off,0.06,3335.608,ML,8.395714285714316,0.5,3347.8734285714286,XAUUSD,buy,M15
0.5,2025-04-27 23:45:00,3294.6782857142857,3302.739,3298.606,Off,0.06,3306.591,ML,8.060714285714214,0.5,3318.8604285714287,XAUUSD,buy,M15
0.5,2025-04-29 18:00:00,3312.002,3318.23,3313.243,NY,0.07,3319.413,ML,6.227999999999903,0.5,3330.6859999999997,XAUUSD,buy,M15
0.5,2025-04-29 19:00:00,3317.4514285714286,3322.935,3319.897,NY,0.08,3324.963,ML,5.483571428571362,0.5,3333.9021428571427,XAUUSD,buy,M15
0.5,2025-04-30 14:30:00,3283.1022857142857,3294.265,3292.815,London,0.04,3305.382,ML,11.162714285714337,0.5,3316.5904285714287,XAUUSD,buy,M15
0.5,2025-05-05 03:30:00,3248.1890714285714,3255.289,3253.107,Off,0.07,3259.652,ML,7.099928571428661,0.5,3269.4888571428573,XAUUSD,buy,M15
0.5,2025-05-05 07:30:00,3259.3905714285715,3264.275,3260.286,London,0.09,3266.005,ML,4.884428571428608,0.5,3274.043857142857,XAUUSD,buy,M15
0.5,2025-05-05 11:45:00,3306.154857142857,3312.919,3311.323,London,0.07,3314.872,ML,6.76414285714288,0.5,3326.4472857142855,XAUUSD,buy,M15
0.5,2025-05-05 23:00:00,3326.5305000000003,3331.78,3329.454,Off,0.09,3335.023,ML,5.249499999999963,0.5,3342.279,XAUUSD,buy,M15
0.5,2025-05-06 03:00:00,3345.2605714285714,3356.92,3352.407,Off,0.04,3361.807,ML,11.659428571428602,0.5,3380.2388571428573,XAUUSD,buy,M15
0.5,2025-05-06 04:30:00,3350.2262142857144,3360.606,3356.066,Off,0.05,3361.881,ML,10.379785714285749,0.5,3381.365571428572,XAUUSD,buy,M15
0.5,2025-05-06 04:45:00,3353.0057857142856,3363.248,3359.762,Off,0.05,3366.213,ML,10.242214285714324,0.5,3383.7324285714285,XAUUSD,buy,M15
0.5,2025-05-06 12:15:00,3370.944285714286,3376.384,3373.128,London,0.08,3378.693,ML,5.439714285714184,0.5,3387.2634285714284,XAUUSD,buy,M15
0.5,2025-05-06 14:45:00,3378.1004285714284,3386.29,3379.16,London,0.06,3386.596,ML,8.189571428571428,0.5,3402.669142857143,XAUUSD,buy,M15
0.5,2025-05-12 22:45:00,3229.4954285714284,3233.906,3229.864,Off,0.1,3235.984,ML,4.410571428571367,0.5,3242.7271428571426,XAUUSD,buy,M15
0.5,2025-05-13 11:15:00,3251.5197857142857,3255.841,3250.31,London,0.1,3258.576,ML,4.321214285714307,0.5,3264.4834285714287,XAUUSD,buy,M15
0.5,2025-05-14 01:30:00,3239.5451428571428,3244.872,3242.683,Off,0.09,3251.807,ML,5.326857142857112,0.5,3255.525714285714,XAUUSD,buy,M15
0.5,2025-05-14 10:45:00,3230.1992142857143,3235.753,3229.611,London,0.08,3236.571,ML,5.553785714285725,0.5,3246.860571428572,XAUUSD,buy,M15
0.5,2025-05-14 12:45:00,3176.9524285714283,3184.754,3184.11,London,0.06,3201.885,ML,7.801571428571476,0.5,3200.3571428571427,XAUUSD,buy,M15
0.5,2025-05-14 13:00:00,3171.152714285714,3179.424,3175.435,London,0.06,3188.811,ML,8.271285714285796,0.5,3195.9665714285716,XAUUSD,buy,M15
0.5,2025-05-19 14:00:00,3215.2871428571425,3222.872,3217.216,London,0.06,3231.361,ML,7.5848571428571825,0.5,3238.041714285714,XAUUSD,buy,M15
0.5,2025-05-19 14:45:00,3225.4551428571426,3233.939,3229.741,London,0.06,3236.022,ML,8.483857142857167,0.5,3250.9067142857143,XAUUSD,buy,M15
0.5,2025-05-19 16:30:00,3224.4015714285715,3231.867,3228.638,London,0.06,3234.152,ML,7.465428571428577,0.5,3246.7978571428575,XAUUSD,buy,M15
0.5,2025-05-19 18:00:00,3223.249142857143,3228.199,3225.166,NY,0.09,3229.613,ML,4.949857142857127,0.5,3238.0987142857143,XAUUSD,buy,M15
0.5,2025-05-19 19:15:00,3230.196,3234.219,3232.41,NY,0.11,3235.866,ML,4.022999999999944,0.5,3242.265,XAUUSD,buy,M15
0.5,2025-05-20 13:00:00,3231.2680714285716,3236.46,3232.837,London,0.09,3242.749,ML,5.191928571428629,0.5,3246.8438571428574,XAUUSD,buy,M15
0.5,2025-05-20 23:30:00,3287.246357142857,3292.037,3288.505,Off,0.09,3293.07,ML,4.790642857142919,0.5,3301.618285714286,XAUUSD,buy,M15
0.5,2025-05-21 00:00:00,3289.6247857142857,3294.661,3288.959,Off,0.09,3296.313,ML,5.036214285714356,0.5,3304.7334285714287,XAUUSD,buy,M15
0.5,2025-05-21 08:00:00,3298.8636428571426,3305.237,3303.946,London,0.07,3311.14,ML,6.37335714285723,0.5,3317.9837142857145,XAUUSD,buy,M15
0.5,2025-05-21 10:30:00,3305.6972857142855,3311.147,3311.048,London,0.08,3318.322,ML,5.4497142857143706,0.5,3322.046428571429,XAUUSD,buy,M15
0.5,2025-05-23 14:00:00,3333.3377142857144,3343.888,3336.556,London,0.05,3348.536,ML,10.550285714285726,0.5,3364.9885714285715,XAUUSD,buy,M15
0.5,2025-05-29 14:30:00,3300.427357142857,3308.047,3304.814,London,0.06,3312.55,ML,7.61964285714287,0.5,3323.286285714286,XAUUSD,buy,M15
0.5,2025-05-30 01:00:00,3312.3997142857143,3316.109,3311.592,Off,0.12,3318.464,ML,3.709285714285704,0.5,3323.5275714285713,XAUUSD,buy,M15
0.5,2025-06-02 10:45:00,3343.8307142857143,3348.629,3344.546,London,0.09,3351.442,ML,4.798285714285742,0.5,3358.2255714285716,XAUUSD,buy,M15
0.5,2025-06-04 07:00:00,3354.9024285714286,3359.77,3355.63,London,0.09,3362.948,ML,4.867571428571442,0.5,3369.505142857143,XAUUSD,buy,M15
0.5,2025-06-04 08:00:00,3350.5766428571433,3355.751,3351.703,London,0.09,3357.228,ML,5.174357142857128,0.5,3366.0997142857145,XAUUSD,buy,M15
0.5,2025-06-11 02:00:00,3327.1104285714287,3332.251,3327.142,Off,0.09,3332.516,ML,5.140571428571515,0.5,3342.5321428571433,XAUUSD,buy,M15
0.5,2025-06-11 06:15:00,3329.7225,3333.348,3332.496,Off,0.12,3338.745,ML,3.625499999999972,0.5,3340.5989999999997,XAUUSD,buy,M15
0.5,2025-06-11 23:45:00,3360.4020714285716,3365.376,3357.635,Off,0.09,3366.452,ML,4.973928571428554,0.5,3375.3238571428574,XAUUSD,buy,M15
0.5,2025-06-12 01:00:00,3361.275285714286,3367.237,3362.427,Off,0.08,3370.773,ML,5.961714285714314,0.5,3379.160428571429,XAUUSD,buy,M15
0.5,2025-06-12 11:30:00,3370.2365714285716,3376.788,3373.212,London,0.07,3383.339,ML,6.551428571428557,0.5,3389.890857142857,XAUUSD,buy,M15
0.5,2025-06-12 15:15:00,3379.2995714285717,3388.253,3377.787,London,0.05,3389.738,ML,8.953428571428535,0.5,3406.159857142857,XAUUSD,buy,M15
0.5,2025-06-17 12:15:00,3382.7362857142857,3388.253,3383.473,London,0.08,3388.292,ML,5.51671428571428,0.5,3399.2864285714286,XAUUSD,buy,M15
0.5,2025-06-19 13:30:00,3363.018714285714,3367.707,3361.705,London,0.1,3369.177,ML,4.68828571428581,0.5,3377.0835714285713,XAUUSD,buy,M15
0.5,2025-06-23 12:30:00,3354.5132857142858,3359.922,3355.868,London,0.08,3363.246,ML,5.408714285714268,0.5,3370.7394285714286,XAUUSD,buy,M15
0.5,2025-06-23 17:15:00,3372.733357142857,3379.403,3375.573,NY,0.07,3387.553,ML,6.66964285714289,0.5,3392.7422857142856,XAUUSD,buy,M15
0.5,2025-06-23 18:15:00,3378.900642857143,3384.733,3383.348,NY,0.08,3387.719,ML,5.832357142857226,0.5,3396.3977142857148,XAUUSD,buy,M15
0.5,2025-06-23 18:30:00,3372.8485,3378.98,3376.81,NY,0.08,3385.016,ML,6.13150000000009,0.5,3391.2430000000004,XAUUSD,buy,M15
0.5,2025-06-25 17:30:00,3323.6956428571425,3327.49,3324.784,NY,0.12,3330.193,ML,3.7943571428571823,0.5,3335.0787142857143,XAUUSD,buy,M15
0.5,2025-06-26 05:30:00,3332.2980000000002,3335.523,3332.421,Off,0.13,3338.298,ML,3.225000000000039,0.5,3341.9730000000004,XAUUSD,buy,M15
0.5,2025-06-26 12:15:00,3338.3113571428576,3342.818,3334.292,London,0.1,3344.056,ML,4.506642857142879,0.5,3351.831285714286,XAUUSD,buy,M15
0.5,2025-07-01 13:45:00,3346.5815000000002,3351.512,3344.518,London,0.09,3352.645,ML,4.930499999999971,0.5,3361.373,XAUUSD,buy,M15
0.5,2025-07-02 13:45:00,3332.312142857143,3337.44,3334.9,London,0.09,3344.082,ML,5.127857142857108,0.5,3347.695714285714,XAUUSD,buy,M15
0.5,2025-07-15 19:30:00,3326.319,3329.494,3326.762,NY,0.14,3329.606,ML,3.175000000000052,0.5,3335.844,XAUUSD,buy,M15
0.5,2025-07-16 17:00:00,3338.754785714286,3351.268,3348.744,NY,0.04,3353.652,ML,12.513214285714314,0.5,3376.294428571429,XAUUSD,buy,M15
0.5,2024-01-02 13:00:00,2061.7974285714286,2066.272,2064.8,London,0.1,2071.008,ML,4.474571428571478,0.5,2075.2211428571427,XAUUSD,buy,H1
0.5,2024-01-10 13:00:00,2026.2509285714284,2030.197,2029.922,London,0.11,2034.018,ML,3.946071428571437,0.5,2038.0891428571429,XAUUSD,buy,H1
0.5,2024-01-10 15:00:00,2023.4757142857143,2027.812,2024.774,London,0.1,2029.764,ML,4.3362857142857205,0.5,2036.4845714285714,XAUUSD,buy,H1
0.5,2024-01-11 14:00:00,2024.9475714285716,2029.689,2024.849,London,0.1,2034.885,ML,4.741428571428595,0.5,2039.1718571428573,XAUUSD,buy,H1
0.5,2024-01-16 13:00:00,2033.4192142857144,2037.632,2031.244,London,0.11,2045.088,ML,4.21278571428575,0.5,2046.0575714285715,XAUUSD,buy,H1
0.5,2024-01-19 14:00:00,2025.8319999999999,2029.646,2026.314,London,0.12,2035.666,ML,3.814000000000013,0.5,2037.274,XAUUSD,buy,H1
0.5,2024-01-19 15:00:00,2023.4490714285714,2027.661,2023.126,London,0.11,2032.161,ML,4.211928571428595,0.5,2036.0848571428573,XAUUSD,buy,H1
0.5,2024-01-23 09:00:00,2024.8770000000002,2028.67,2027.005,London,0.12,2030.552,ML,3.792999999999974,0.5,2036.256,XAUUSD,buy,H1
0.5,2024-01-23 15:00:00,2020.3298571428572,2025.108,2022.927,London,0.09,2026.743,ML,4.778142857142825,0.5,2034.6642857142856,XAUUSD,buy,H1
0.5,2024-01-23 23:00:00,2025.337142857143,2029.137,2027.09,Off,0.12,2029.388,ML,3.799857142857133,0.5,2036.7367142857142,XAUUSD,buy,H1
0.5,2024-01-24 07:00:00,2026.4340714285713,2029.528,2025.762,London,0.14,2031.586,ML,3.093928571428592,0.5,2035.7158571428572,XAUUSD,buy,H1
0.5,2024-01-24 08:00:00,2027.7622142857142,2030.899,2028.173,London,0.14,2032.215,ML,3.136785714285728,0.5,2037.1725714285712,XAUUSD,buy,H1
0.5,2024-01-30 12:00:00,2032.6619285714287,2035.884,2033.602,London,0.13,2036.333,ML,3.2220714285713905,0.5,2042.328142857143,XAUUSD,buy,H1
0.5,2024-01-31 06:00:00,2031.8902857142857,2034.272,2033.609,Off,0.17,2035.781,ML,2.3817142857143057,0.5,2039.0354285714286,XAUUSD,buy,H1
0.5,2024-01-31 16:00:00,2045.8229999999999,2049.962,2047.435,London,0.11,2053.58,ML,4.139000000000043,0.5,2058.2400000000002,XAUUSD,buy,H1
0.5,2024-02-02 00:00:00,2047.983857142857,2054.988,2054.531,Off,0.07,2056.91,ML,7.004142857142889,0.5,2068.9962857142855,XAUUSD,buy,H1
0.5,2024-02-06 21:00:00,2031.8626428571429,2035.82,2034.944,NY,0.11,2036.114,ML,3.9573571428571768,0.5,2043.7347142857143,XAUUSD,buy,H1
0.5,2024-02-06 23:00:00,2031.221357142857,2035.069,2034.287,Off,0.12,2036.073,ML,3.8476428571429033,0.5,2042.7642857142857,XAUUSD,buy,H1
0.5,2024-02-07 18:00:00,2030.668642857143,2034.76,2033.951,NY,0.11,2037.169,ML,4.091357142857127,0.5,2042.9427142857141,XAUUSD,buy,H1
0.5,2024-02-07 21:00:00,2031.0410714285715,2034.943,2033.686,NY,0.11,2034.944,ML,3.901928571428568,0.5,2042.7468571428572,XAUUSD,buy,H1
0.5,2024-02-12 15:00:00,2009.9895714285715,2013.132,2012.039,London,0.14,2016.96,ML,3.1424285714285816,0.5,2019.4168571428572,XAUUSD,buy,H1
0.5,2024-02-15 08:00:00,1992.8395,1995.201,1993.43,London,0.17,1996.021,ML,2.3614999999999617,0.5,1999.924,XAUUSD,buy,H1
0.5,2024-02-15 17:00:00,1999.9462857142858,2003.605,2000.013,NY,0.12,2004.549,ML,3.658714285714301,0.5,2010.9224285714286,XAUUSD,buy,H1
0.5,2024-02-21 01:00:00,2022.7361428571428,2025.355,2023.297,Off,0.16,2026.053,ML,2.6188571428571583,0.5,2030.5927142857142,XAUUSD,buy,H1
0.5,2024-02-21 15:00:00,2021.1754285714285,2024.149,2024.012,London,0.14,2030.27,ML,2.973571428571404,0.5,2030.0961428571427,XAUUSD,buy,H1
0.5,2024-02-21 17:00:00,2021.2355714285713,2024.115,2021.435,NY,0.15,2024.479,ML,2.8794285714285643,0.5,2029.873857142857,XAUUSD,buy,H1
0.5,2024-02-28 15:00:00,2028.7160714285715,2031.787,2030.384,London,0.14,2034.017,ML,3.0709285714285506,0.5,2037.9288571428572,XAUUSD,buy,H1
0.5,2024-02-28 23:00:00,2031.140285714286,2034.303,2034.3,Off,0.14,2035.415,ML,3.1627142857142547,0.5,2040.6284285714287,XAUUSD,buy,H1
0.5,2024-03-01 01:00:00,2040.5624285714287,2044.289,2043.011,Off,0.12,2044.694,ML,3.726571428571365,0.5,2051.742142857143,XAUUSD,buy,H1
0.5,2024-03-05 10:00:00,2119.697714285714,2123.725,2123.284,London,0.11,2127.325,ML,4.027285714285654,0.5,2131.779571428571,XAUUSD,buy,H1
0.5,2024-03-06 05:00:00,2121.219857142857,2125.244,2125.178,Off,0.11,2127.966,ML,4.024142857142806,0.5,2133.2922857142858,XAUUSD,buy,H1
0.5,2024-03-07 08:00:00,2149.6873571428573,2155.27,2154.403,London,0.08,2159.83,ML,5.582642857142868,0.5,2166.435285714286,XAUUSD,buy,H1
0.5,2024-03-08 05:00:00,2153.761285714286,2157.681,2156.37,Off,0.11,2158.338,ML,3.919714285714333,0.5,2165.5204285714285,XAUUSD,buy,H1
0.5,2024-03-08 06:00:00,2157.277785714286,2161.168,2156.396,Off,0.11,2162.032,ML,3.890214285714332,0.5,2168.948428571429,XAUUSD,buy,H1
0.5,2024-03-08 15:00:00,2170.290142857143,2177.164,2167.778,London,0.07,2177.338,ML,6.87385714285717,0.5,2190.9117142857144,XAUUSD,buy,H1
0.5,2024-03-12 07:00:00,2173.423142857143,2176.924,2174.682,London,0.12,2177.334,ML,3.50085714285722,0.5,2183.9257142857145,XAUUSD,buy,H1
0.5,2024-03-21 07:00:00,2197.499928571429,2206.572,2206.394,London,0.05,2210.158,ML,9.07207142857143,0.5,2224.716142857143,XAUUSD,buy,H1
0.5,2024-03-21 16:00:00,2172.678571428571,2179.865,2172.954,London,0.07,2180.31,ML,7.186428571428613,0.5,2194.237857142857,XAUUSD,buy,H1
0.5,2024-03-22 02:00:00,2165.6442142857145,2172.579,2171.805,Off,0.07,2177.067,ML,6.934785714285714,0.5,2186.4485714285715,XAUUSD,buy,H1
0.5,2024-03-26 04:00:00,2169.3384285714283,2172.263,2170.089,Off,0.15,2172.728,ML,2.924571428571458,0.5,2178.1121428571428,XAUUSD,buy,H1
0.5,2024-03-27 13:00:00,2187.052285714286,2193.302,2183.412,London,0.07,2193.428,ML,6.249714285714195,0.5,2205.8014285714285,XAUUSD,buy,H1
0.5,2024-03-27 18:00:00,2186.1400000000003,2192.389,2188.991,NY,0.07,2192.389,ML,6.248999999999926,0.5,2204.887,XAUUSD,buy,H1
0.5,2024-03-28 05:00:00,2193.318214285714,2197.203,2194.399,Off,0.11,2200.634,ML,3.884785714285759,0.5,2204.9725714285714,XAUUSD,buy,H1
0.5,2024-03-28 06:00:00,2194.916857142857,2198.666,2195.112,Off,0.12,2198.928,ML,3.74914285714291,0.5,2206.164285714286,XAUUSD,buy,H1
0.5,2024-03-28 07:00:00,2189.74,2193.719,2192.629,London,0.11,2198.793,ML,3.979000000000074,0.5,2201.677,XAUUSD,buy,H1
0.5,2024-03-28 08:00:00,2190.650357142857,2194.729,2190.828,London,0.11,2197.281,ML,4.07864285714293,0.5,2202.886285714286,XAUUSD,buy,H1
0.5,2024-03-31 23:00:00,2235.2055,2244.928,2235.573,Off,0.05,2247.34,ML,9.722500000000082,0.5,2264.373,XAUUSD,buy,H1
0.5,2024-04-02 00:00:00,2242.492142857143,2250.372,2247.817,Off,0.06,2253.621,ML,7.879857142857157,0.5,2266.131714285714,XAUUSD,buy,H1
0.5,2024-04-04 03:00:00,2292.8302857142858,2299.175,2297.584,Off,0.07,2300.645,ML,6.344714285714255,0.5,2311.8644285714286,XAUUSD,buy,H1
0.5,2024-04-04 09:00:00,2288.8695714285714,2293.21,2290.774,London,0.1,2294.061,ML,4.3404285714286415,0.5,2301.8908571428574,XAUUSD,buy,H1
0.5,2024-04-04 13:00:00,2282.789142857143,2287.503,2284.749,London,0.1,2291.052,ML,4.713857142857218,0.5,2296.9307142857147,XAUUSD,buy,H1
0.5,2024-04-04 17:00:00,2288.400857142857,2293.969,2286.323,NY,0.08,2294.022,ML,5.568142857142935,0.5,2305.105285714286,XAUUSD,buy,H1
0.5,2024-04-04 23:00:00,2281.043142857143,2288.891,2288.77,Off,0.06,2291.221,ML,7.847857142857167,0.5,2304.5867142857146,XAUUSD,buy,H1
0.5,2024-04-10 00:00:00,2343.3222142857144,2351.63,2350.955,Off,0.06,2355.576,ML,8.307785714285696,0.5,2368.2455714285716,XAUUSD,buy,H1
0.5,2024-04-10 01:00:00,2341.0934285714284,2349.319,2344.697,Off,0.06,2351.936,ML,8.225571428571422,0.5,2365.7701428571427,XAUUSD,buy,H1
0.5,2024-04-15 10:00:00,2346.759857142857,2356.745,2349.187,London,0.05,2356.981,ML,9.985142857142916,0.5,2376.7152857142855,XAUUSD,buy,H1
0.5,2024-04-17 01:00:00,2374.3555,2384.596,2381.283,Off,0.05,2385.542,ML,10.240500000000011,0.5,2405.077,XAUUSD,buy,H1
0.5,2024-04-17 02:00:00,2372.211071428572,2382.338,2382.26,Off,0.05,2386.254,ML,10.126928571428577,0.5,2402.5918571428574,XAUUSD,buy,H1
0.5,2024-04-17 04:00:00,2373.080857142857,2381.919,2380.237,Off,0.05,2383.015,ML,8.838142857142852,0.5,2399.5952857142856,XAUUSD,buy,H1
0.5,2024-04-25 00:00:00,2312.0822857142857,2319.111,2315.39,Off,0.07,2319.413,ML,7.028714285714321,0.5,2333.1684285714286,XAUUSD,buy,H1
0.5,2024-04-25 02:00:00,2312.8391428571426,2319.855,2318.85,Off,0.07,2322.041,ML,7.015857142857191,0.5,2333.8867142857143,XAUUSD,buy,H1
0.5,2024-04-25 17:00:00,2323.5899285714286,2332.2,2326.193,NY,0.05,2332.212,ML,8.610071428571375,0.5,2349.4201428571428,XAUUSD,buy,H1
0.5,2024-05-10 11:00:00,2366.6202142857146,2372.126,2371.053,London,0.08,2375.693,ML,5.505785714285691,0.5,2383.1375714285714,XAUUSD,buy,H1
0.5,2024-05-10 15:00:00,2356.816428571429,2364.804,2356.533,London,0.06,2366.385,ML,7.987571428571463,0.5,2380.779142857143,XAUUSD,buy,H1
0.5,2024-05-16 03:00:00,2380.440285714286,2388.637,2386.582,Off,0.06,2390.727,ML,8.196714285714345,0.5,2405.0304285714287,XAUUSD,buy,H1
0.5,2024-05-16 05:00:00,2384.403357142857,2390.16,2390.112,Off,0.08,2394.499,ML,5.756642857142879,0.5,2401.6732857142856,XAUUSD,buy,H1
0.5,2024-05-16 15:00:00,2375.3495,2381.506,2373.095,London,0.08,2382.332,ML,6.156499999999953,0.5,2393.819,XAUUSD,buy,H1
0.5,2024-05-21 01:00:00,2411.4717857142855,2420.466,2419.563,Off,0.05,2433.081,ML,8.994214285714309,0.5,2438.4544285714287,XAUUSD,buy,H1
0.5,2024-05-31 00:00:00,2340.3661428571427,2346.319,2342.525,Off,0.08,2347.511,ML,5.9528571428571535,0.5,2358.224714285714,XAUUSD,buy,H1
0.5,2024-05-31 01:00:00,2341.0115714285716,2346.547,2343.106,Off,0.08,2347.643,ML,5.535428571428546,0.5,2357.6178571428572,XAUUSD,buy,H1
0.5,2024-06-07 06:00:00,2369.628357142857,2375.404,2372.846,Off,0.08,2377.754,ML,5.775642857142917,0.5,2386.9552857142858,XAUUSD,buy,H1
0.5,2024-06-07 07:00:00,2367.8149999999996,2373.584,2372.749,London,0.08,2379.288,ML,5.76900000000007,0.5,2385.122,XAUUSD,buy,H1
0.5,2024-06-11 17:00:00,2306.8278571428573,2312.702,2307.821,NY,0.08,2313.432,ML,5.874142857142845,0.5,2324.450285714286,XAUUSD,buy,H1
0.5,2024-06-12 15:00:00,2328.4182142857144,2335.542,2324.651,London,0.07,2337.139,ML,7.123785714285759,0.5,2349.7895714285714,XAUUSD,buy,H1
0.5,2024-06-13 00:00:00,2311.9660714285715,2320.728,2317.564,Off,0.05,2322.956,ML,8.761928571428532,0.5,2338.2518571428573,XAUUSD,buy,H1
0.5,2024-06-19 00:00:00,2323.721,2329.447,2328.012,Off,0.08,2329.96,ML,5.72599999999995,0.5,2340.899,XAUUSD,buy,H1
0.5,2024-06-19 05:00:00,2325.7322142857147,2329.3,2326.796,Off,0.12,2330.026,ML,3.567785714285687,0.5,2336.4355714285716,XAUUSD,buy,H1
0.5,2024-06-19 11:00:00,2327.3604285714287,2330.407,2325.756,London,0.14,2331.056,ML,3.0465714285713994,0.5,2336.500142857143,XAUUSD,buy,H1
0.5,2024-06-21 12:00:00,2355.818357142857,2360.65,2360.368,London,0.09,2368.084,ML,4.8316428571428265,0.5,2370.313285714286,XAUUSD,buy,H1
0.5,2024-06-28 07:00:00,2323.3694285714287,2327.146,2324.794,London,0.12,2328.85,ML,3.7765714285714176,0.5,2334.699142857143,XAUUSD,buy,H1
0.5,2024-07-03 07:00:00,2341.3922142857145,2345.304,2338.868,London,0.11,2347.201,ML,3.9117857142857377,0.5,2353.1275714285716,XAUUSD,buy,H1
0.5,2024-07-03 08:00:00,2340.581142857143,2344.59,2343.049,London,0.11,2347.552,ML,4.0088571428571935,0.5,2352.6077142857143,XAUUSD,buy,H1
0.5,2024-07-03 10:00:00,2342.8629285714283,2346.988,2344.529,London,0.11,2349.482,ML,4.125071428571475,0.5,2355.238142857143,XAUUSD,buy,H1
0.5,2024-07-03 12:00:00,2345.509785714286,2350.472,2344.871,London,0.09,2356.154,ML,4.962214285714318,0.5,2360.3964285714287,XAUUSD,buy,H1
0.5,2024-07-10 22:00:00,2367.8593571428573,2372.84,2371.194,Off,0.09,2372.881,ML,4.980642857142747,0.5,2382.8012857142858,XAUUSD,buy,H1
0.5,2024-07-11 08:00:00,2378.4022142857143,2381.328,2379.541,London,0.15,2384.028,ML,2.9257857142856665,0.5,2387.1795714285713,XAUUSD,buy,H1
0.5,2024-07-12 13:00:00,2398.1547857142855,2403.718,2396.759,London,0.08,2405.702,ML,5.563214285714269,0.5,2414.8444285714286,XAUUSD,buy,H1
0.5,2024-07-16 01:00:00,2421.2559285714287,2427.222,2421.171,Off,0.08,2427.688,ML,5.966071428571468,0.5,2439.154142857143,XAUUSD,buy,H1
0.5,2024-07-16 12:00:00,2426.9632857142856,2432.553,2429.334,London,0.08,2444.023,ML,5.589714285714308,0.5,2443.7324285714285,XAUUSD,buy,H1
0.5,2024-07-25 03:00:00,2365.2414285714285,2374.724,2366.737,Off,0.05,2375.567,ML,9.482571428571418,0.5,2393.689142857143,XAUUSD,buy,H1
0.5,2024-08-09 08:00:00,2419.644,2424.477,2422.205,London,0.09,2426.752,ML,4.832999999999986,0.5,2434.143,XAUUSD,buy,H1
0.5,2024-08-09 12:00:00,2424.0827142857142,2429.61,2423.657,London,0.08,2429.834,ML,5.527285714285654,0.5,2440.6645714285714,XAUUSD,buy,H1
0.5,2024-08-09 20:00:00,2424.5246428571427,2430.805,2429.118,NY,0.07,2431.172,ML,6.280357142857058,0.5,2443.365714285714,XAUUSD,buy,H1
0.5,2024-08-21 05:00:00,2509.3355714285713,2515.191,2514.89,Off,0.08,2518.412,ML,5.85542857142858,0.5,2526.901857142857,XAUUSD,buy,H1
0.5,2024-08-27 06:00:00,2510.5663571428568,2514.85,2512.778,Off,0.1,2517.48,ML,4.283642857142922,0.5,2523.4172857142858,XAUUSD,buy,H1
0.5,2024-09-05 16:00:00,2504.041,2510.384,2506.08,London,0.07,2511.61,ML,6.343000000000042,0.5,2523.07,XAUUSD,buy,H1
0.5,2024-09-06 04:00:00,2514.4207142857144,2518.395,2517.694,Off,0.11,2519.561,ML,3.974285714285673,0.5,2526.3435714285715,XAUUSD,buy,H1
0.5,2024-09-11 15:00:00,2508.3281428571427,2514.743,2508.634,London,0.07,2514.959,ML,6.41485714285711,0.5,2527.572714285714,XAUUSD,buy,H1
0.5,2024-09-12 03:00:00,2511.3167142857146,2515.844,2512.105,Off,0.1,2516.156,ML,4.527285714285654,0.5,2524.8985714285714,XAUUSD,buy,H1
0.5,2024-09-12 23:00:00,2550.1212142857144,2558.422,2556.742,Off,0.06,2558.652,ML,8.300785714285764,0.5,2575.0235714285714,XAUUSD,buy,H1
0.5,2024-09-13 01:00:00,2554.6455,2563.186,2559.882,Off,0.06,2568.027,ML,8.540500000000034,0.5,2580.2670000000003,XAUUSD,buy,H1
0.5,2024-09-13 12:00:00,2570.302285714286,2575.768,2566.033,London,0.08,2575.953,ML,5.465714285714252,0.5,2586.6994285714286,XAUUSD,buy,H1
0.5,2024-09-16 00:00:00,2575.973857142857,2581.361,2578.887,Off,0.08,2582.341,ML,5.3871428571428295,0.5,2592.1352857142856,XAUUSD,buy,H1
0.5,2024-09-25 11:00:00,2651.8284285714285,2657.431,2653.842,London,0.08,2658.021,ML,5.602571428571439,0.5,2668.636142857143,XAUUSD,buy,H1
0.5,2024-10-02 12:00:00,2644.0837142857144,2649.597,2643.693,London,0.08,2652.979,ML,5.513285714285693,0.5,2660.6235714285717,XAUUSD,buy,H1
0.5,2024-10-04 19:00:00,2641.1747857142855,2651.624,2642.763,NY,0.05,2652.076,ML,10.449214285714268,0.5,2672.5224285714285,XAUUSD,buy,H1
0.5,2024-10-06 23:00:00,2640.012642857143,2650.128,2649.675,Off,0.05,2652.397,ML,10.115357142857096,0.5,2670.3587142857145,XAUUSD,buy,H1
0.5,2024-10-11 11:00:00,2639.151142857143,2644.635,2638.658,London,0.08,2644.782,ML,5.483857142857199,0.5,2655.6027142857147,XAUUSD,buy,H1
0.5,2024-10-17 05:00:00,2679.0695,2683.507,2678.048,Off,0.1,2684.294,ML,4.4375,0.5,2692.382,XAUUSD,buy,H1
0.5,2024-10-17 07:00:00,2677.8782857142855,2681.953,2678.854,London,0.11,2683.761,ML,4.074714285714273,0.5,2690.1024285714284,XAUUSD,buy,H1
0.5,2024-10-18 06:00:00,2702.357571428571,2707.348,2702.643,Off,0.09,2711.598,ML,4.990428571428571,0.5,2717.328857142857,XAUUSD,buy,H1
0.5,2024-10-23 09:00:00,2745.7824285714287,2750.622,2749.83,London,0.09,2757.578,ML,4.8395714285713565,0.5,2760.3011428571426,XAUUSD,buy,H1
0.5,2024-10-23 11:00:00,2745.168,2749.967,2749.134,London,0.09,2752.911,ML,4.798999999999945,0.5,2759.565,XAUUSD,buy,H1
0.5,2024-10-29 05:00:00,2745.5548571428567,2750.008,2749.732,Off,0.1,2756.866,ML,4.453142857142926,0.5,2758.9142857142856,XAUUSD,buy,H1
0.5,2024-10-31 06:00:00,2775.7718571428572,2779.863,2779.688,Off,0.11,2786.006,ML,4.09114285714278,0.5,2788.0452857142855,XAUUSD,buy,H1
0.5,2024-11-05 20:00:00,2736.0904285714287,2743.0,2739.61,NY,0.07,2743.471,ML,6.909571428571488,0.5,2756.819142857143,XAUUSD,buy,H1
0.5,2024-11-06 02:00:00,2729.6979285714287,2737.485,2736.778,Off,0.06,2748.413,ML,7.787071428571478,0.5,2753.059142857143,XAUUSD,buy,H1
0.5,2024-11-06 03:00:00,2725.7710714285713,2734.08,2730.607,Off,0.06,2743.536,ML,8.308928571428623,0.5,2750.697857142857,XAUUSD,buy,H1
0.5,2024-11-06 09:00:00,2712.222,2724.559,2716.426,London,0.04,2728.552,ML,12.33700000000002,0.5,2749.233,XAUUSD,buy,H1
0.5,2024-11-13 21:00:00,2564.4025,2573.064,2572.604,NY,0.05,2577.085,ML,8.661499999999933,0.5,2590.3869999999997,XAUUSD,buy,H1
0.5,2024-11-19 23:00:00,2628.219285714286,2635.166,2632.009,Off,0.07,2635.553,ML,6.946714285714312,0.5,2649.0594285714287,XAUUSD,buy,H1
0.5,2024-11-21 16:00:00,2658.1750714285713,2664.688,2661.298,London,0.07,2669.771,ML,6.512928571428672,0.5,2677.7138571428573,XAUUSD,buy,H1
0.5,2024-12-04 10:00:00,2639.7492857142856,2644.36,2640.207,London,0.1,2644.529,ML,4.610714285714331,0.5,2653.5814285714287,XAUUSD,buy,H1
0.5,2024-12-10 00:00:00,2658.854214285714,2664.961,2657.958,Off,0.08,2665.473,ML,6.106785714285674,0.5,2677.174571428571,XAUUSD,buy,H1
0.5,2024-12-17 11:00:00,2636.4294999999997,2642.187,2636.207,London,0.08,2642.528,ML,5.757500000000001,0.5,2653.7019999999998,XAUUSD,buy,H1
0.5,2025-01-02 12:00:00,2638.0037857142856,2643.446,2640.305,London,0.08,2646.436,ML,5.442214285714239,0.5,2654.3304285714285,XAUUSD,buy,H1
0.5,2025-01-02 13:00:00,2637.0580714285716,2643.006,2636.069,London,0.08,2647.341,ML,5.94792857142852,0.5,2654.901857142857,XAUUSD,buy,H1
0.5,2025-01-08 19:00:00,2651.282142857143,2658.301,2653.373,NY,0.07,2660.59,ML,7.018857142857087,0.5,2672.338714285714,XAUUSD,buy,H1
0.5,2025-01-09 00:00:00,2652.9805714285712,2659.96,2659.494,Off,0.07,2662.849,ML,6.979428571428571,0.5,2673.918857142857,XAUUSD,buy,H1
0.5,2025-01-10 21:00:00,2681.4038571428573,2689.551,2689.005,NY,0.06,2693.773,ML,8.147142857142853,0.5,2705.8452857142856,XAUUSD,buy,H1
0.5,2025-01-15 08:00:00,2679.719142857143,2683.909,2681.151,London,0.11,2685.327,ML,4.189857142857136,0.5,2692.2887142857144,XAUUSD,buy,H1
0.5,2025-01-15 10:00:00,2684.177142857143,2688.343,2684.743,London,0.11,2689.064,ML,4.165857142857119,0.5,2696.674714285714,XAUUSD,buy,H1
0.5,2025-01-15 11:00:00,2682.6762857142858,2686.779,2685.198,London,0.11,2689.002,ML,4.102714285714261,0.5,2694.9844285714285,XAUUSD,buy,H1
0.5,2025-01-15 16:00:00,2682.8432857142857,2689.305,2676.925,London,0.07,2689.97,ML,6.461714285714249,0.5,2702.228428571428,XAUUSD,buy,H1
0.5,2025-01-16 11:00:00,2701.627071428571,2706.412,2706.169,London,0.09,2711.137,ML,4.784928571428542,0.5,2715.981857142857,XAUUSD,buy,H1
0.5,2025-01-17 07:00:00,2706.6741428571427,2710.528,2708.585,London,0.11,2714.639,ML,3.853857142857221,0.5,2718.235714285714,XAUUSD,buy,H1
0.5,2025-01-17 11:00:00,2704.1027142857142,2708.041,2703.656,London,0.11,2708.814,ML,3.938285714285744,0.5,2715.9175714285716,XAUUSD,buy,H1
0.5,2025-01-31 11:00:00,2795.4204285714286,2800.195,2792.336,London,0.09,2800.867,ML,4.774571428571464,0.5,2809.7441428571433,XAUUSD,buy,H1
0.5,2025-02-04 03:00:00,2813.271142857143,2821.403,2817.381,Off,0.06,2824.37,ML,8.131857142857111,0.5,2837.666714285714,XAUUSD,buy,H1
0.5,2025-02-05 14:00:00,2863.1035,2870.908,2860.616,London,0.06,2872.622,ML,7.804499999999962,0.5,2886.517,XAUUSD,buy,H1
0.5,2025-02-06 01:00:00,2863.4605,2871.559,2863.675,Off,0.06,2871.91,ML,8.098499999999992,0.5,2887.7560000000003,XAUUSD,buy,H1
0.5,2025-02-06 04:00:00,2860.8497857142856,2868.5,2868.292,Off,0.06,2872.366,ML,7.65021428571429,0.5,2883.8004285714287,XAUUSD,buy,H1
0.5,2025-02-07 12:00:00,2858.7122142857143,2863.592,2863.541,London,0.09,2868.102,ML,4.879785714285617,0.5,2873.3515714285713,XAUUSD,buy,H1
0.5,2025-02-11 03:00:00,2908.307142857143,2919.716,2911.592,Off,0.04,2925.735,ML,11.408857142857087,0.5,2942.5337142857143,XAUUSD,buy,H1
0.5,2025-02-11 23:00:00,2890.215642857143,2898.536,2897.001,Off,0.06,2900.906,ML,8.320357142857087,0.5,2915.1767142857143,XAUUSD,buy,H1
0.5,2025-02-12 01:00:00,2884.3627857142856,2893.319,2883.76,Off,0.05,2897.731,ML,8.956214285714266,0.5,2911.2314285714283,XAUUSD,buy,H1
0.5,2025-02-12 02:00:00,2883.383357142857,2892.444,2891.752,Off,0.05,2897.773,ML,9.060642857142868,0.5,2910.565285714286,XAUUSD,buy,H1
0.5,2025-02-13 09:00:00,2908.9610714285714,2915.401,2909.744,London,0.07,2918.296,ML,6.439928571428449,0.5,2928.280857142857,XAUUSD,buy,H1
0.5,2025-02-14 11:00:00,2925.5992857142855,2931.181,2929.246,London,0.08,2937.598,ML,5.58171428571427,0.5,2942.3444285714286,XAUUSD,buy,H1
0.5,2025-02-19 03:00:00,2921.8166428571426,2928.825,2924.907,Off,0.07,2930.482,ML,7.008357142857092,0.5,2942.841714285714,XAUUSD,buy,H1
0.5,2025-02-19 15:00:00,2917.761785714286,2925.721,2925.498,London,0.06,2939.168,ML,7.95921428571426,0.5,2941.6394285714287,XAUUSD,buy,H1
0.5,2025-02-20 11:00:00,2943.0896428571427,2948.768,2947.163,London,0.08,2952.903,ML,5.678357142857164,0.5,2960.124714285714,XAUUSD,buy,H1
0.5,2025-02-21 01:00:00,2919.8836428571426,2928.821,2926.847,Off,0.05,2949.759,ML,8.937357142857113,0.5,2946.695714285714,XAUUSD,buy,H1
0.5,2025-03-04 11:00:00,2911.8286428571428,2919.932,2913.069,London,0.06,2921.773,ML,8.103357142857151,0.5,2936.1387142857143,XAUUSD,buy,H1
0.5,2025-03-04 19:00:00,2905.921214285714,2916.087,2911.106,NY,0.05,2916.501,ML,10.165785714285771,0.5,2936.4185714285713,XAUUSD,buy,H1
0.5,2025-03-04 23:00:00,2906.1051428571427,2914.363,2914.267,Off,0.06,2918.216,ML,8.25785714285725,0.5,2930.8787142857145,XAUUSD,buy,H1
0.5,2025-03-05 00:00:00,2906.1524999999997,2914.133,2912.193,Off,0.06,2917.157,ML,7.980500000000087,0.5,2930.094,XAUUSD,buy,H1
0.5,2025-03-06 01:00:00,2914.9668571428574,2924.606,2915.899,Off,0.05,2925.68,ML,9.639142857142849,0.5,2943.884285714286,XAUUSD,buy,H1
0.5,2025-03-06 07:00:00,2903.9225714285712,2910.147,2909.757,London,0.07,2922.558,ML,6.224428571428494,0.5,2922.595857142857,XAUUSD,buy,H1
0.5,2025-03-12 03:00:00,2909.2654285714284,2914.941,2914.862,Off,0.08,2920.02,ML,5.675571428571435,0.5,2926.2921428571426,XAUUSD,buy,H1
0.5,2025-03-12 06:00:00,2907.190642857143,2911.951,2911.334,Off,0.1,2921.121,ML,4.760357142857141,0.5,2921.4717142857144,XAUUSD,buy,H1
0.5,2025-03-14 05:00:00,2979.5393571428567,2986.394,2981.863,Off,0.07,2986.594,ML,6.854642857142868,0.5,3000.1032857142854,XAUUSD,buy,H1
0.5,2025-03-19 08:00:00,3019.6000714285715,3025.156,3024.695,London,0.08,3037.049,ML,5.555928571428597,0.5,3036.2678571428573,XAUUSD,buy,H1
0.5,2025-03-20 05:00:00,3039.6266428571425,3046.794,3044.873,Off,0.07,3053.604,ML,7.167357142857197,0.5,3061.128714285714,XAUUSD,buy,H1
0.5,2025-03-20 17:00:00,3033.436,3041.654,3034.82,NY,0.06,3041.875,ML,8.21799999999988,0.5,3058.0899999999997,XAUUSD,buy,H1
0.5,2025-03-27 22:00:00,3046.9176428571427,3055.028,3054.487,Off,0.06,3057.637,ML,8.110357142857115,0.5,3071.248714285714,XAUUSD,buy,H1
0.5,2025-03-28 01:00:00,3066.0525714285714,3073.88,3061.78,Off,0.06,3074.058,ML,7.827428571428527,0.5,3089.534857142857,XAUUSD,buy,H1
0.5,2025-03-28 02:00:00,3064.036071428571,3071.917,3070.015,Off,0.06,3077.57,ML,7.880928571428577,0.5,3087.678857142857,XAUUSD,buy,H1
0.5,2025-03-30 22:00:00,3080.1119285714285,3090.003,3088.571,Off,0.05,3097.884,ML,9.89107142857152,0.5,3109.785142857143,XAUUSD,buy,H1
0.5,2025-04-01 01:00:00,3126.6889285714287,3135.442,3126.515,Off,0.05,3138.257,ML,8.753071428571436,0.5,3152.948142857143,XAUUSD,buy,H1
0.5,2025-04-01 02:00:00,3135.9214285714284,3145.131,3132.952,Off,0.05,3145.704,ML,9.209571428571442,0.5,3163.550142857143,XAUUSD,buy,H1
0.5,2025-04-01 12:00:00,3124.0915714285716,3133.235,3127.689,London,0.05,3134.596,ML,9.14342857142859,0.5,3151.5218571428572,XAUUSD,buy,H1
0.5,2025-04-03 01:00:00,3138.4596428571426,3153.397,3147.902,Off,0.03,3163.014,ML,14.937357142857111,0.5,3183.271714285714,XAUUSD,buy,H1
0.5,2025-04-03 02:00:00,3130.002,3145.192,3142.241,Off,0.03,3155.337,ML,15.189999999999957,0.5,3175.572,XAUUSD,buy,H1
0.5,2025-04-11 01:00:00,3189.657357142857,3207.168,3200.993,Off,0.03,3219.465,ML,17.51064285714288,0.5,3242.1892857142857,XAUUSD,buy,H1
0.5,2025-04-16 14:00:00,3294.140142857143,3308.425,3306.152,London,0.03,3319.601,ML,14.284857142857,0.5,3336.994714285714,XAUUSD,buy,H1
0.5,2025-04-16 20:00:00,3328.3850714285713,3342.198,3334.437,NY,0.03,3342.659,ML,13.812928571428529,0.5,3369.823857142857,XAUUSD,buy,H1
0.5,2025-04-25 02:00:00,3333.932714285714,3348.738,3344.552,Off,0.03,3353.375,ML,14.80528571428574,0.5,3378.348571428571,XAUUSD,buy,H1
0.5,2025-04-25 04:00:00,3309.2384285714284,3324.761,3316.342,Off,0.03,3327.821,ML,15.522571428571414,0.5,3355.8061428571427,XAUUSD,buy,H1
0.5,2025-04-30 01:00:00,3295.8427142857145,3308.233,3307.787,Off,0.04,3322.721,ML,12.39028571428571,0.5,3333.0135714285716,XAUUSD,buy,H1
0.5,2025-04-30 03:00:00,3292.842642857143,3304.753,3303.782,Off,0.04,3311.302,ML,11.910357142857135,0.5,3328.5737142857142,XAUUSD,buy,H1
0.5,2025-04-30 04:00:00,3297.129357142857,3308.044,3301.313,Off,0.04,3308.905,ML,10.914642857142846,0.5,3329.8732857142854,XAUUSD,buy,H1
0.5,2025-04-30 05:00:00,3299.3754285714285,3309.5,3307.623,Off,0.05,3314.658,ML,10.124571428571404,0.5,3329.749142857143,XAUUSD,buy,H1
0.5,2025-05-05 17:00:00,3305.6977857142856,3317.129,3309.14,NY,0.04,3318.199,ML,11.43121428571437,0.5,3339.9914285714285,XAUUSD,buy,H1
0.5,2025-05-06 03:00:00,3344.9924285714283,3360.401,3352.407,Off,0.03,3372.425,ML,15.408571428571513,0.5,3391.218142857143,XAUUSD,buy,H1
0.5,2025-05-07 00:00:00,3360.8032142857146,3379.565,3360.747,Off,0.03,3401.666,ML,18.761785714285647,0.5,3417.0885714285714,XAUUSD,buy,H1
0.5,2025-05-07 01:00:00,3354.690857142857,3374.737,3360.068,Off,0.02,3385.199,ML,20.046142857142804,0.5,3414.8292857142856,XAUUSD,buy,H1
0.5,2025-05-13 11:00:00,3236.7996428571428,3249.167,3248.781,London,0.04,3258.576,ML,12.367357142857111,0.5,3273.901714285714,XAUUSD,buy,H1
0.5,2025-05-14 01:00:00,3227.8731428571427,3238.942,3237.202,Off,0.04,3251.807,ML,11.068857142857173,0.5,3261.0797142857145,XAUUSD,buy,H1
0.5,2025-05-16 01:00:00,3209.0875,3222.256,3214.907,Off,0.04,3244.615,ML,13.168499999999929,0.5,3248.593,XAUUSD,buy,H1
0.5,2025-05-16 06:00:00,3201.8261428571427,3214.877,3212.835,Off,0.04,3231.343,ML,13.050857142857078,0.5,3240.978714285714,XAUUSD,buy,H1
0.5,2025-05-16 12:00:00,3159.459428571429,3177.431,3154.853,London,0.03,3182.061,ML,17.971571428571355,0.5,3213.374142857143,XAUUSD,buy,H1
0.5,2025-05-16 15:00:00,3165.7959285714282,3183.479,3172.703,London,0.03,3185.181,ML,17.683071428571434,0.5,3218.8451428571425,XAUUSD,buy,H1
0.5,2025-05-22 05:00:00,3322.3467142857144,3332.309,3326.198,Off,0.05,3339.533,ML,9.962285714285697,0.5,3352.2335714285714,XAUUSD,buy,H1
0.5,2025-05-28 17:00:00,3286.3872857142856,3296.766,3291.311,NY,0.05,3299.122,ML,10.378714285714327,0.5,3317.5234285714287,XAUUSD,buy,H1
0.5,2025-05-28 22:00:00,3275.885857142857,3286.582,3282.092,Off,0.04,3294.982,ML,10.696142857142863,0.5,3307.9742857142855,XAUUSD,buy,H1
0.5,2025-05-30 18:00:00,3280.5970714285713,3293.823,3291.044,NY,0.04,3295.042,ML,13.225928571428636,0.5,3320.274857142857,XAUUSD,buy,H1
0.5,2025-06-02 13:00:00,3359.088357142857,3371.107,3350.32,London,0.04,3376.267,ML,12.01864285714279,0.5,3395.1442857142856,XAUUSD,buy,H1
0.5,2025-06-03 11:00:00,3349.5362857142854,3359.294,3353.305,London,0.05,3360.474,ML,9.757714285714266,0.5,3378.8094285714283,XAUUSD,buy,H1
0.5,2025-06-04 22:00:00,3362.975214285714,3373.534,3372.316,Off,0.05,3376.05,ML,10.558785714285866,0.5,3394.651571428572,XAUUSD,buy,H1
0.5,2025-06-04 23:00:00,3367.9116428571424,3378.042,3372.459,Off,0.05,3379.08,ML,10.130357142857292,0.5,3398.3027142857145,XAUUSD,buy,H1
0.5,2025-06-05 03:00:00,3360.180714285714,3369.674,3369.277,Off,0.05,3377.463,ML,9.49328571428584,0.5,3388.6605714285715,XAUUSD,buy,H1
0.5,2025-06-05 04:00:00,3359.2327142857143,3368.487,3363.902,Off,0.05,3372.505,ML,9.25428571428584,0.5,3386.9955714285716,XAUUSD,buy,H1
0.5,2025-06-05 10:00:00,3391.1738571428573,3399.949,3388.194,London,0.05,3400.457,ML,8.775142857142912,0.5,3417.499285714286,XAUUSD,buy,H1
0.5,2025-06-10 00:00:00,3308.3962857142856,3316.578,3314.554,Off,0.06,3326.851,ML,8.181714285714277,0.5,3332.9414285714283,XAUUSD,buy,H1
0.5,2025-06-10 01:00:00,3297.414285714286,3306.264,3302.957,Off,0.05,3319.964,ML,8.849714285714299,0.5,3323.9634285714287,XAUUSD,buy,H1
0.5,2025-06-12 18:00:00,3371.6495714285716,3385.904,3381.881,NY,0.03,3386.311,ML,14.254428571428596,0.5,3414.4128571428573,XAUUSD,buy,H1
0.5,2025-06-13 04:00:00,3413.242571428571,3425.305,3422.611,Off,0.04,3430.31,ML,12.062428571428654,0.5,3449.429857142857,XAUUSD,buy,H1
0.5,2025-06-18 05:00:00,3377.253,3386.407,3384.238,Off,0.05,3395.707,ML,9.154000000000028,0.5,3404.715,XAUUSD,buy,H1
0.5,2025-06-24 00:00:00,3336.3226428571425,3351.064,3333.143,Off,0.03,3355.22,ML,14.7413571428572,0.5,3380.546714285714,XAUUSD,buy,H1
0.5,2025-07-02 23:00:00,3341.382857142857,3349.395,3348.754,Off,0.06,3362.315,ML,8.012142857142797,0.5,3365.4192857142857,XAUUSD,buy,H1
0.5,2025-07-08 00:00:00,3326.140357142857,3334.261,3331.148,Off,0.06,3337.3,ML,8.120642857142943,0.5,3350.502285714286,XAUUSD,buy,H1
0.5,2025-07-16 22:00:00,3338.083642857143,3349.595,3346.27,Off,0.04,3352.247,ML,11.51135714285715,0.5,3372.617714285714,XAUUSD,buy,H1
0.5,2024-01-01 20:00:00,2056.0549285714287,2063.543,2062.645,NY,0.06,2066.095,ML,7.488071428571369,0.5,2078.519142857143,XAUUSD,buy,H4
0.5,2024-01-02 12:00:00,2050.9902857142856,2059.305,2056.097,London,0.06,2071.008,ML,8.314714285714217,0.5,2075.9344285714283,XAUUSD,buy,H4
0.5,2024-01-02 20:00:00,2051.8095000000003,2059.476,2057.837,NY,0.06,2061.577,ML,7.666499999999944,0.5,2074.809,XAUUSD,buy,H4
0.5,2024-01-03 04:00:00,2055.1314285714284,2062.915,2060.838,Off,0.06,2065.982,ML,7.783571428571382,0.5,2078.4821428571427,XAUUSD,buy,H4
0.5,2024-01-03 20:00:00,2033.5607142857143,2042.666,2036.405,NY,0.05,2043.669,ML,9.10528571428571,0.5,2060.8765714285714,XAUUSD,buy,H4
0.5,2024-01-04 00:00:00,2035.4375,2044.684,2040.044,Off,0.05,2046.96,ML,9.2465,0.5,2063.177,XAUUSD,buy,H4
0.5,2024-01-04 04:00:00,2038.0817142857143,2047.599,2042.311,Off,0.05,2049.552,ML,9.517285714285745,0.5,2066.6335714285715,XAUUSD,buy,H4
0.5,2024-01-04 08:00:00,2035.7642142857142,2045.136,2044.83,London,0.05,2050.958,ML,9.371785714285725,0.5,2063.8795714285716,XAUUSD,buy,H4
0.5,2024-01-04 16:00:00,2035.0026428571427,2044.3,2040.825,London,0.05,2046.685,ML,9.29735714285716,0.5,2062.894714285714,XAUUSD,buy,H4
0.5,2024-01-04 20:00:00,2035.4685714285713,2043.865,2042.485,NY,0.06,2044.783,ML,8.396428571428617,0.5,2060.657857142857,XAUUSD,buy,H4
0.5,2024-01-05 16:00:00,2034.9572857142857,2045.682,2040.37,London,0.04,2056.205,ML,10.724714285714333,0.5,2067.131428571429,XAUUSD,buy,H4
0.5,2024-01-07 20:00:00,2035.1101428571428,2044.208,2042.902,NY,0.05,2045.575,ML,9.097857142857183,0.5,2062.4037142857146,XAUUSD,buy,H4
0.5,2024-01-08 00:00:00,2026.692357142857,2036.098,2035.017,Off,0.05,2046.59,ML,9.40564285714288,0.5,2054.909285714286,XAUUSD,buy,H4
0.5,2024-01-08 04:00:00,2021.7242142857142,2031.393,2026.943,Off,0.05,2037.543,ML,9.668785714285734,0.5,2050.7305714285717,XAUUSD,buy,H4
0.5,2024-01-12 16:00:00,2036.8646428571428,2047.283,2041.397,London,0.05,2055.521,ML,10.418357142857158,0.5,2068.119714285714,XAUUSD,buy,H4
0.5,2024-01-12 20:00:00,2039.1618571428573,2049.032,2046.008,NY,0.05,2049.223,ML,9.870142857142858,0.5,2068.7722857142858,XAUUSD,buy,H4
0.5,2024-01-14 20:00:00,2038.1289285714286,2047.612,2046.293,NY,0.05,2048.705,ML,9.483071428571456,0.5,2066.578142857143,XAUUSD,buy,H4
0.5,2024-01-15 00:00:00,2047.4398571428574,2057.376,2045.764,Off,0.05,2058.033,ML,9.936142857142888,0.5,2077.248285714286,XAUUSD,buy,H4
0.5,2024-01-15 04:00:00,2044.244,2054.114,2052.866,Off,0.05,2057.551,ML,9.87000000000002,0.5,2073.8540000000003,XAUUSD,buy,H4
0.5,2024-01-15 08:00:00,2043.2216428571428,2053.257,2051.451,London,0.05,2058.626,ML,10.035357142857167,0.5,2073.3277142857146,XAUUSD,buy,H4
0.5,2024-01-15 20:00:00,2046.1642142857143,2053.841,2053.124,NY,0.06,2055.324,ML,7.676785714285708,0.5,2069.194571428571,XAUUSD,buy,H4
0.5,2024-01-16 00:00:00,2042.1763571428573,2049.436,2048.344,Off,0.06,2054.508,ML,7.259642857142841,0.5,2063.9552857142858,XAUUSD,buy,H4
0.5,2024-01-16 08:00:00,2032.3842142857143,2039.874,2038.139,London,0.06,2050.024,ML,7.489785714285729,0.5,2054.8535714285713,XAUUSD,buy,H4
0.5,2024-01-16 20:00:00,2020.867642857143,2027.826,2025.584,NY,0.07,2029.754,ML,6.958357142857137,0.5,2041.7427142857143,XAUUSD,buy,H4
0.5,2024-02-01 20:00:00,2044.5490714285713,2054.627,2053.414,NY,0.05,2056.102,ML,10.077928571428597,0.5,2074.782857142857,XAUUSD,buy,H4
0.5,2024-02-02 16:00:00,2026.2212857142856,2038.052,2033.056,London,0.04,2038.735,ML,11.83071428571431,0.5,2061.7134285714287,XAUUSD,buy,H4
0.5,2024-02-02 20:00:00,2028.9312857142857,2039.607,2035.967,NY,0.04,2039.785,ML,10.675714285714305,0.5,2060.9584285714286,XAUUSD,buy,H4
0.5,2024-02-04 20:00:00,2029.8299285714284,2039.716,2039.07,NY,0.05,2042.217,ML,9.88607142857146,0.5,2059.488142857143,XAUUSD,buy,H4
0.5,2024-02-05 00:00:00,2022.7289285714285,2032.222,2030.232,Off,0.05,2039.822,ML,9.493071428571444,0.5,2051.208142857143,XAUUSD,buy,H4
0.5,2024-02-05 08:00:00,2018.1975714285713,2027.577,2020.588,London,0.05,2028.353,ML,9.37942857142858,0.5,2046.335857142857,XAUUSD,buy,H4
0.5,2024-02-05 16:00:00,2017.4785714285715,2025.928,2017.742,London,0.06,2027.475,ML,8.449428571428582,0.5,2042.8268571428573,XAUUSD,buy,H4
0.5,2024-02-05 20:00:00,2017.2142142857142,2024.859,2023.445,NY,0.06,2026.377,ML,7.644785714285717,0.5,2040.1485714285714,XAUUSD,buy,H4
0.5,2024-02-06 08:00:00,2018.6605,2026.696,2022.831,London,0.06,2027.472,ML,8.035500000000038,0.5,2042.767,XAUUSD,buy,H4
0.5,2024-02-06 12:00:00,2027.5682142857142,2036.285,2024.462,London,0.05,2038.108,ML,8.716785714285736,0.5,2053.7185714285715,XAUUSD,buy,H4
0.5,2024-02-06 20:00:00,2028.2152142857142,2035.069,2034.287,NY,0.07,2036.952,ML,6.853785714285745,0.5,2048.7765714285715,XAUUSD,buy,H4
0.5,2024-02-07 00:00:00,2027.7134285714285,2034.442,2034.03,Off,0.07,2036.095,ML,6.728571428571464,0.5,2047.899142857143,XAUUSD,buy,H4
0.5,2024-02-07 04:00:00,2028.3514285714286,2035.124,2032.409,Off,0.07,2036.172,ML,6.772571428571447,0.5,2048.669142857143,XAUUSD,buy,H4
0.5,2024-02-07 16:00:00,2028.6285714285714,2035.511,2033.951,London,0.07,2040.882,ML,6.882428571428607,0.5,2049.275857142857,XAUUSD,buy,H4
0.5,2024-02-08 00:00:00,2026.8215714285716,2032.755,2031.757,Off,0.08,2038.726,ML,5.933428571428619,0.5,2044.6218571428574,XAUUSD,buy,H4
0.5,2024-02-08 20:00:00,2027.7855,2034.123,2032.491,NY,0.07,2034.631,ML,6.337500000000026,0.5,2046.798,XAUUSD,buy,H4
0.5,2024-02-09 00:00:00,2027.4702142857143,2033.548,2031.935,Off,0.08,2035.113,ML,6.077785714285743,0.5,2045.7035714285714,XAUUSD,buy,H4
0.5,2024-02-09 16:00:00,2017.6069285714286,2024.749,2020.193,London,0.07,2026.298,ML,7.142071428571447,0.5,2039.0331428571428,XAUUSD,buy,H4
0.5,2024-02-11 20:00:00,2019.2739285714285,2025.266,2024.402,NY,0.08,2026.705,ML,5.992071428571437,0.5,2037.250142857143,XAUUSD,buy,H4
0.5,2024-02-12 04:00:00,2019.5809285714286,2025.501,2022.502,Off,0.08,2026.403,ML,5.920071428571434,0.5,2037.3411428571428,XAUUSD,buy,H4
0.5,2024-02-12 16:00:00,2012.9469285714285,2019.158,2011.873,London,0.07,2021.562,ML,6.211071428571439,0.5,2031.5801428571428,XAUUSD,buy,H4
0.5,2024-02-13 08:00:00,2021.236357142857,2027.666,2024.415,London,0.07,2029.293,ML,6.429642857142848,0.5,2040.5252857142857,XAUUSD,buy,H4
0.5,2024-02-13 20:00:00,1982.8425714285713,1991.193,1990.459,NY,0.06,1993.611,ML,8.350428571428584,0.5,2007.893857142857,XAUUSD,buy,H4
0.5,2024-02-14 04:00:00,1980.8074285714285,1989.439,1989.276,Off,0.05,1993.297,ML,8.631571428571435,0.5,2006.702142857143,XAUUSD,buy,H4
0.5,2024-02-14 08:00:00,1983.3797857142858,1992.2,1985.962,London,0.05,1993.348,ML,8.820214285714282,0.5,2009.8404285714287,XAUUSD,buy,H4
0.5,2024-02-22 12:00:00,2017.7099285714285,2023.306,2020.195,London,0.08,2029.844,ML,5.596071428571463,0.5,2034.498142857143,XAUUSD,buy,H4
0.5,2024-02-22 20:00:00,2019.358357142857,2024.677,2022.503,NY,0.09,2025.786,ML,5.3186428571429065,0.5,2035.3142857142857,XAUUSD,buy,H4
0.5,2024-02-23 00:00:00,2020.3357857142857,2025.688,2022.722,Off,0.09,2027.342,ML,5.3522142857143375,0.5,2036.3924285714288,XAUUSD,buy,H4
0.5,2024-02-23 04:00:00,2015.9746428571427,2021.801,2018.148,Off,0.08,2026.438,ML,5.826357142857205,0.5,2033.4537142857143,XAUUSD,buy,H4
0.5,2024-02-23 12:00:00,2023.9117857142858,2030.038,2023.014,London,0.08,2031.128,ML,6.1262142857143385,0.5,2042.2904285714287,XAUUSD,buy,H4
0.5,2024-02-23 20:00:00,2029.2530714285713,2035.524,2035.093,NY,0.07,2037.474,ML,6.2709285714286125,0.5,2048.065857142857,XAUUSD,buy,H4
0.5,2024-02-25 20:00:00,2028.2471428571428,2034.224,2033.179,NY,0.08,2034.94,ML,5.97685714285717,0.5,2046.1777142857143,XAUUSD,buy,H4
0.5,2024-02-26 00:00:00,2026.3724285714286,2032.442,2029.876,Off,0.08,2034.105,ML,6.069571428571456,0.5,2044.5811428571428,XAUUSD,buy,H4
0.5,2024-02-26 12:00:00,2022.9252857142858,2029.104,2025.015,London,0.07,2034.416,ML,6.178714285714299,0.5,2041.4614285714285,XAUUSD,buy,H4
0.5,2024-02-27 00:00:00,2027.678142857143,2033.372,2030.986,Off,0.08,2034.55,ML,5.693857142857122,0.5,2044.7597142857144,XAUUSD,buy,H4
0.5,2024-02-27 04:00:00,2029.7787857142857,2035.386,2032.773,Off,0.08,2036.18,ML,5.607214285714268,0.5,2046.6004285714284,XAUUSD,buy,H4
0.5,2024-02-28 20:00:00,2029.5112857142858,2034.303,2032.053,NY,0.09,2035.415,ML,4.791714285714257,0.5,2043.8864285714287,XAUUSD,buy,H4
0.5,2024-02-29 20:00:00,2037.7670714285714,2043.981,2042.763,NY,0.07,2045.419,ML,6.213928571428547,0.5,2056.408857142857,XAUUSD,buy,H4
0.5,2024-03-01 00:00:00,2040.4941428571428,2046.518,2042.769,Off,0.08,2046.792,ML,6.023857142857098,0.5,2058.5657142857144,XAUUSD,buy,H4
0.5,2024-03-03 20:00:00,2074.3427142857145,2083.44,2082.522,NY,0.05,2086.145,ML,9.097285714285704,0.5,2101.6345714285717,XAUUSD,buy,H4
0.5,2024-03-04 04:00:00,2077.7741428571426,2087.334,2080.244,Off,0.05,2088.248,ML,9.559857142857124,0.5,2106.453714285714,XAUUSD,buy,H4
0.5,2024-03-04 08:00:00,2072.3967142857146,2082.112,2081.798,London,0.05,2087.438,ML,9.715285714285724,0.5,2101.5425714285716,XAUUSD,buy,H4
0.5,2024-03-04 16:00:00,2105.862428571428,2116.24,2107.591,London,0.05,2119.885,ML,10.377571428571498,0.5,2136.9951428571426,XAUUSD,buy,H4
0.5,2024-03-04 20:00:00,2104.0989285714286,2114.48,2113.392,NY,0.05,2118.521,ML,10.381071428571529,0.5,2135.242142857143,XAUUSD,buy,H4
0.5,2024-03-05 00:00:00,2102.309142857143,2112.96,2110.41,Off,0.04,2116.843,ML,10.65085714285723,0.5,2134.2617142857143,XAUUSD,buy,H4
0.5,2024-03-05 12:00:00,2115.045357142857,2126.618,2121.087,London,0.04,2141.881,ML,11.572642857142926,0.5,2149.7632857142858,XAUUSD,buy,H4
0.5,2024-03-05 20:00:00,2118.667857142857,2128.162,2126.656,NY,0.05,2130.963,ML,9.494142857142933,0.5,2147.1502857142855,XAUUSD,buy,H4
0.5,2024-03-06 00:00:00,2115.057357142857,2124.697,2123.603,Off,0.05,2128.105,ML,9.639642857142915,0.5,2143.976285714286,XAUUSD,buy,H4
0.5,2024-03-06 04:00:00,2118.613714285714,2128.478,2124.715,Off,0.05,2131.465,ML,9.864285714285772,0.5,2148.206571428572,XAUUSD,buy,H4
0.5,2024-03-06 08:00:00,2122.3692142857144,2132.474,2124.299,London,0.05,2132.601,ML,10.104785714285786,0.5,2152.6835714285717,XAUUSD,buy,H4
0.5,2024-03-06 12:00:00,2130.087428571428,2140.923,2130.95,London,0.04,2149.185,ML,10.835571428571516,0.5,2162.5941428571427,XAUUSD,buy,H4
0.5,2024-03-06 20:00:00,2137.2949285714285,2147.192,2143.114,NY,0.05,2151.006,ML,9.897071428571442,0.5,2166.986142857143,XAUUSD,buy,H4
0.5,2024-03-07 04:00:00,2145.984785714286,2155.951,2151.506,Off,0.05,2161.588,ML,9.966214285714289,0.5,2175.883428571429,XAUUSD,buy,H4
0.5,2024-03-07 12:00:00,2143.020857142857,2153.701,2147.866,London,0.04,2164.753,ML,10.680142857142885,0.5,2175.061285714286,XAUUSD,buy,H4
0.5,2024-03-07 20:00:00,2152.106642857143,2161.467,2157.949,NY,0.05,2161.467,ML,9.360357142857213,0.5,2180.1877142857147,XAUUSD,buy,H4
0.5,2024-03-08 12:00:00,2165.821428571429,2177.164,2156.305,London,0.04,2185.413,ML,11.34257142857148,0.5,2199.8491428571433,XAUUSD,buy,H4
0.5,2024-03-10 20:00:00,2170.3965,2181.567,2177.113,NY,0.04,2183.825,ML,11.170500000000043,0.5,2203.908,XAUUSD,buy,H4
0.5,2024-03-11 04:00:00,2170.8942857142856,2182.2,2176.798,Off,0.04,2182.742,ML,11.305714285714364,0.5,2204.8114285714287,XAUUSD,buy,H4
0.5,2024-03-11 12:00:00,2172.846,2184.27,2174.633,London,0.04,2185.655,ML,11.424000000000076,0.5,2207.118,XAUUSD,buy,H4
0.5,2024-03-11 16:00:00,2170.5320714285717,2181.291,2177.073,London,0.04,2184.649,ML,10.758928571428635,0.5,2202.8088571428575,XAUUSD,buy,H4
0.5,2024-03-11 20:00:00,2173.335642857143,2183.552,2180.563,NY,0.05,2184.651,ML,10.216357142857175,0.5,2203.9847142857143,XAUUSD,buy,H4
0.5,2024-03-12 08:00:00,2161.5265,2171.956,2170.566,London,0.05,2179.048,ML,10.429500000000028,0.5,2192.815,XAUUSD,buy,H4
0.5,2024-03-12 12:00:00,2151.1995714285713,2163.015,2152.55,London,0.04,2181.981,ML,11.815428571428615,0.5,2186.645857142857,XAUUSD,buy,H4
0.5,2024-03-13 04:00:00,2150.359142857143,2159.648,2157.223,Off,0.05,2161.491,ML,9.288857142857198,0.5,2178.2257142857147,XAUUSD,buy,H4
0.5,2024-03-13 08:00:00,2155.027642857143,2163.925,2157.508,London,0.05,2164.177,ML,8.897357142857215,0.5,2181.7197142857144,XAUUSD,buy,H4
0.5,2024-03-13 12:00:00,2162.3465,2171.759,2161.367,London,0.05,2174.523,ML,9.41250000000004,0.5,2190.5840000000003,XAUUSD,buy,H4
0.5,2024-03-13 20:00:00,2166.2425,2175.361,2172.274,NY,0.05,2176.209,ML,9.118500000000008,0.5,2193.598,XAUUSD,buy,H4
0.5,2024-03-14 00:00:00,2163.2670714285714,2172.264,2171.097,Off,0.05,2176.971,ML,8.996928571428564,0.5,2190.257857142857,XAUUSD,buy,H4
0.5,2024-03-14 16:00:00,2153.730785714286,2163.449,2156.663,London,0.05,2164.997,ML,9.718214285714309,0.5,2182.8854285714287,XAUUSD,buy,H4
0.5,2024-03-14 20:00:00,2153.787357142857,2161.62,2160.825,NY,0.06,2163.858,ML,7.832642857142899,0.5,2177.2852857142857,XAUUSD,buy,H4
0.5,2024-03-15 20:00:00,2148.509,2155.697,2155.395,NY,0.07,2158.257,ML,7.188000000000004,0.5,2170.0730000000003,XAUUSD,buy,H4
0.5,2024-03-17 20:00:00,2149.8143571428573,2156.516,2153.081,NY,0.07,2156.533,ML,6.701642857142848,0.5,2169.9192857142857,XAUUSD,buy,H4
0.5,2024-03-21 12:00:00,2160.0489285714284,2174.68,2166.296,London,0.03,2208.811,ML,14.6310714285714,0.5,2203.9421428571427,XAUUSD,buy,H4
0.5,2024-03-21 16:00:00,2166.6894285714284,2181.426,2172.954,London,0.03,2183.946,ML,14.73657142857139,0.5,2210.8991428571426,XAUUSD,buy,H4
0.5,2024-03-21 20:00:00,2167.3447857142855,2181.491,2180.381,NY,0.03,2182.42,ML,14.146214285714256,0.5,2209.7834285714284,XAUUSD,buy,H4
0.5,2024-03-22 12:00:00,2149.6815714285713,2166.095,2165.404,London,0.03,2180.06,ML,16.41342857142857,0.5,2198.921857142857,XAUUSD,buy,H4
0.5,2024-03-22 20:00:00,2149.4435000000003,2165.338,2163.567,NY,0.03,2167.186,ML,15.89450000000001,0.5,2197.1270000000004,XAUUSD,buy,H4
0.5,2024-03-24 20:00:00,2154.5508571428572,2168.337,2165.06,NY,0.03,2168.894,ML,13.78614285714288,0.5,2195.909285714286,XAUUSD,buy,H4
0.5,2024-03-25 00:00:00,2157.8020714285713,2170.602,2163.904,Off,0.04,2178.321,ML,12.799928571428577,0.5,2196.201857142857,XAUUSD,buy,H4
0.5,2024-03-25 08:00:00,2158.4815000000003,2170.398,2163.81,London,0.04,2171.834,ML,11.91650000000001,0.5,2194.231,XAUUSD,buy,H4
0.5,2024-03-25 12:00:00,2163.777214285714,2175.412,2170.261,London,0.04,2181.26,ML,11.634785714285726,0.5,2198.6815714285713,XAUUSD,buy,H4
0.5,2024-03-25 16:00:00,2161.8376428571432,2170.945,2170.665,London,0.05,2177.796,ML,9.107357142857122,0.5,2189.1597142857145,XAUUSD,buy,H4
0.5,2024-03-25 20:00:00,2164.3722857142857,2172.878,2170.739,NY,0.06,2173.308,ML,8.50571428571428,0.5,2189.8894285714287,XAUUSD,buy,H4
0.5,2024-03-26 12:00:00,2163.5659285714287,2174.245,2171.679,London,0.04,2197.326,ML,10.6790714285714,0.5,2195.6031428571428,XAUUSD,buy,H4
0.5,2024-03-26 16:00:00,2167.8887142857147,2177.876,2174.242,London,0.05,2179.213,ML,9.98728571428569,0.5,2197.8505714285716,XAUUSD,buy,H4
0.5,2024-03-27 00:00:00,2167.7500714285716,2177.725,2173.105,Off,0.05,2181.699,ML,9.974928571428563,0.5,2197.674857142857,XAUUSD,buy,H4
0.5,2024-03-27 08:00:00,2177.8543571428568,2188.403,2176.434,London,0.05,2197.586,ML,10.548642857142829,0.5,2209.5002857142854,XAUUSD,buy,H4
0.5,2024-03-27 12:00:00,2179.6877142857143,2190.495,2183.412,London,0.04,2195.223,ML,10.807285714285692,0.5,2212.109571428571,XAUUSD,buy,H4
0.5,2024-03-27 16:00:00,2182.6769285714286,2193.284,2188.991,London,0.05,2194.212,ML,10.607071428571414,0.5,2214.4981428571427,XAUUSD,buy,H4
0.5,2024-03-27 20:00:00,2180.7560714285714,2190.969,2189.729,NY,0.05,2195.21,ML,10.212928571428554,0.5,2211.3948571428573,XAUUSD,buy,H4
0.5,2024-03-28 00:00:00,2184.4180714285712,2194.774,2187.305,Off,0.05,2196.438,ML,10.355928571428583,0.5,2215.485857142857,XAUUSD,buy,H4
0.5,2024-03-28 04:00:00,2182.9747857142856,2193.719,2192.629,Off,0.04,2200.634,ML,10.744214285714309,0.5,2215.207428571429,XAUUSD,buy,H4
0.5,2024-03-28 16:00:00,2210.1760714285715,2221.638,2213.458,London,0.04,2225.576,ML,11.461928571428611,0.5,2244.561857142857,XAUUSD,buy,H4
0.5,2024-03-28 20:00:00,2221.764714285714,2232.587,2219.601,NY,0.04,2236.293,ML,10.822285714285758,0.5,2254.2315714285714,XAUUSD,buy,H4
0.5,2024-03-31 20:00:00,2233.4069999999997,2244.928,2235.573,NY,0.04,2247.34,ML,11.521000000000056,0.5,2267.97,XAUUSD,buy,H4
0.5,2024-04-01 04:00:00,2244.8561428571425,2257.535,2256.868,Off,0.04,2265.678,ML,12.6788571428572,0.5,2282.892714285714,XAUUSD,buy,H4
0.5,2024-04-01 08:00:00,2233.4953571428573,2246.851,2245.581,London,0.04,2260.187,ML,13.355642857142907,0.5,2273.5622857142857,XAUUSD,buy,H4
0.5,2024-04-01 12:00:00,2225.6910714285714,2239.638,2228.473,London,0.03,2257.903,ML,13.94692857142864,0.5,2267.531857142857,XAUUSD,buy,H4
0.5,2024-04-01 16:00:00,2230.847357142857,2244.669,2234.665,London,0.03,2244.722,ML,13.821642857142932,0.5,2272.3122857142857,XAUUSD,buy,H4
0.5,2024-04-01 20:00:00,2234.5775714285714,2248.935,2242.987,NY,0.03,2255.709,ML,14.35742857142863,0.5,2277.6498571428574,XAUUSD,buy,H4
0.5,2024-04-02 00:00:00,2236.9503571428572,2251.531,2246.656,Off,0.03,2255.262,ML,14.580642857142916,0.5,2280.692285714286,XAUUSD,buy,H4
0.5,2024-04-02 04:00:00,2241.7705,2256.373,2250.418,Off,0.03,2259.857,ML,14.60250000000003,0.5,2285.578,XAUUSD,buy,H4
0.5,2024-04-02 08:00:00,2245.656571428571,2260.526,2255.04,London,0.03,2266.782,ML,14.869428571428603,0.5,2290.264857142857,XAUUSD,buy,H4
0.5,2024-04-02 20:00:00,2264.3419285714285,2280.206,2275.647,NY,0.03,2288.148,ML,15.864071428571476,0.5,2311.934142857143,XAUUSD,buy,H4
0.5,2024-04-03 04:00:00,2255.5759285714284,2271.188,2270.337,Off,0.03,2287.046,ML,15.612071428571458,0.5,2302.412142857143,XAUUSD,buy,H4
0.5,2024-04-03 08:00:00,2259.0909285714283,2273.785,2267.627,London,0.03,2276.104,ML,14.694071428571435,0.5,2303.173142857143,XAUUSD,buy,H4
0.5,2024-04-03 20:00:00,2283.1449285714284,2297.448,2296.245,NY,0.03,2302.445,ML,14.303071428571457,0.5,2326.054142857143,XAUUSD,buy,H4
0.5,2024-04-04 04:00:00,2279.0995000000003,2292.952,2291.837,Off,0.03,2300.666,ML,13.85250000000006,0.5,2320.657,XAUUSD,buy,H4
0.5,2024-04-04 08:00:00,2275.5640714285714,2289.261,2288.752,London,0.04,2295.18,ML,13.696928571428607,0.5,2316.654857142857,XAUUSD,buy,H4
0.5,2024-04-04 12:00:00,2277.8674285714287,2292.081,2282.702,London,0.03,2299.374,ML,14.213571428571443,0.5,2320.508142857143,XAUUSD,buy,H4
0.5,2024-04-04 20:00:00,2274.9434285714287,2288.891,2284.755,NY,0.03,2293.233,ML,13.947571428571402,0.5,2316.7861428571427,XAUUSD,buy,H4
0.5,2024-04-05 08:00:00,2277.2635714285716,2291.132,2284.859,London,0.03,2296.142,ML,13.868428571428469,0.5,2318.868857142857,XAUUSD,buy,H4
0.5,2024-04-07 20:00:00,2296.041,2311.647,2303.998,NY,0.03,2328.564,ML,15.605999999999929,0.5,2342.859,XAUUSD,buy,H4
0.5,2024-04-08 04:00:00,2318.493785714286,2337.761,2331.76,Off,0.03,2345.574,ML,19.26721428571416,0.5,2376.295428571428,XAUUSD,buy,H4
0.5,2024-04-08 12:00:00,2307.541142857143,2327.835,2318.646,London,0.02,2338.004,ML,20.293857142856982,0.5,2368.422714285714,XAUUSD,buy,H4
0.5,2024-04-09 00:00:00,2325.1007857142863,2343.943,2337.771,Off,0.03,2348.497,ML,18.84221428571413,0.5,2381.6274285714285,XAUUSD,buy,H4
0.5,2024-04-09 12:00:00,2320.877214285714,2340.29,2338.236,London,0.03,2364.281,ML,19.41278571428565,0.5,2379.1155714285715,XAUUSD,buy,H4
0.5,2024-04-09 16:00:00,2334.330214285714,2351.118,2340.014,London,0.03,2351.52,ML,16.78778571428565,0.5,2384.6935714285714,XAUUSD,buy,H4
0.5,2024-04-09 20:00:00,2338.3402857142855,2354.776,2350.279,NY,0.03,2355.239,ML,16.435714285714248,0.5,2387.6474285714285,XAUUSD,buy,H4
0.5,2024-04-10 00:00:00,2334.5492142857142,2351.249,2344.697,Off,0.03,2355.576,ML,16.69978571428565,0.5,2384.648571428571,XAUUSD,buy,H4
0.5,2024-04-10 04:00:00,2337.5228571428574,2353.072,2350.831,Off,0.03,2360.079,ML,15.5491428571428,0.5,2384.170285714286,XAUUSD,buy,H4
0.5,2024-04-10 16:00:00,2314.9120000000003,2329.635,2325.717,London,0.03,2345.243,ML,14.722999999999988,0.5,2359.081,XAUUSD,buy,H4
0.5,2024-04-10 20:00:00,2321.539,2335.429,2329.509,NY,0.03,2337.205,ML,13.890000000000002,0.5,2363.2090000000003,XAUUSD,buy,H4
0.5,2024-04-11 00:00:00,2330.246,2343.967,2333.319,Off,0.04,2346.92,ML,13.721000000000004,0.5,2371.409,XAUUSD,buy,H4
0.5,2024-04-11 04:00:00,2322.078785714286,2336.396,2333.881,Off,0.03,2346.082,ML,14.317214285714304,0.5,2365.0304285714287,XAUUSD,buy,H4
0.5,2024-04-11 08:00:00,2322.695857142857,2337.253,2325.593,London,0.03,2339.678,ML,14.557142857142903,0.5,2366.367285714286,XAUUSD,buy,H4
0.5,2024-04-11 12:00:00,2329.9294999999997,2344.618,2331.604,London,0.03,2347.431,ML,14.688500000000042,0.5,2373.995,XAUUSD,buy,H4
0.5,2024-04-11 20:00:00,2362.4376428571427,2377.0,2371.268,NY,0.03,2379.358,ML,14.56235714285718,0.5,2406.124714285714,XAUUSD,buy,H4
0.5,2024-04-12 00:00:00,2369.0108571428573,2384.242,2374.586,Off,0.03,2395.455,ML,15.231142857142911,0.5,2414.704285714286,XAUUSD,buy,H4
0.5,2024-04-12 16:00:00,2320.6849285714284,2343.263,2333.794,London,0.02,2395.508,ML,22.578071428571416,0.5,2388.4191428571426,XAUUSD,buy,H4
0.5,2024-04-12 20:00:00,2323.9222142857143,2344.382,2341.691,NY,0.02,2345.169,ML,20.459785714285708,0.5,2385.3015714285716,XAUUSD,buy,H4
0.5,2024-04-14 20:00:00,2343.4539285714286,2364.486,2346.754,NY,0.02,2371.92,ML,21.032071428571435,0.5,2406.550142857143,XAUUSD,buy,H4
0.5,2024-04-15 00:00:00,2336.772571428571,2358.508,2348.403,Off,0.02,2365.946,ML,21.735428571428592,0.5,2401.978857142857,XAUUSD,buy,H4
0.5,2024-04-15 04:00:00,2331.389142857143,2353.047,2349.952,Off,0.02,2362.467,ML,21.657857142857143,0.5,2396.3627142857144,XAUUSD,buy,H4
0.5,2024-04-15 08:00:00,2335.9843571428573,2357.947,2344.71,London,0.02,2361.178,ML,21.962642857142846,0.5,2401.8722857142857,XAUUSD,buy,H4
0.5,2024-04-15 16:00:00,2360.8462142857143,2386.284,2346.114,London,0.02,2387.637,ML,25.43778571428568,0.5,2437.1595714285713,XAUUSD,buy,H4
0.5,2024-04-15 20:00:00,2357.8277857142857,2381.833,2380.038,NY,0.02,2391.957,ML,24.00521428571424,0.5,2429.8434285714284,XAUUSD,buy,H4
0.5,2024-04-16 00:00:00,2363.719642857143,2387.87,2379.208,Off,0.02,2389.33,ML,24.15035714285708,0.5,2436.170714285714,XAUUSD,buy,H4
0.5,2024-04-16 08:00:00,2349.958428571429,2373.952,2365.107,London,0.02,2375.37,ML,23.99357142857136,0.5,2421.939142857143,XAUUSD,buy,H4
0.5,2024-04-16 12:00:00,2360.5687857142857,2385.939,2363.466,London,0.02,2393.017,ML,25.37021428571422,0.5,2436.679428571428,XAUUSD,buy,H4
0.5,2024-04-17 04:00:00,2363.9470714285717,2382.496,2372.647,Off,0.03,2383.255,ML,18.5489285714285,0.5,2419.593857142857,XAUUSD,buy,H4
0.5,2024-04-17 08:00:00,2369.157357142857,2387.298,2382.46,London,0.03,2394.287,ML,18.14064285714276,0.5,2423.579285714285,XAUUSD,buy,H4
0.5,2024-04-17 16:00:00,2353.6772142857144,2372.657,2360.979,London,0.03,2384.453,ML,18.97978571428565,0.5,2410.6165714285717,XAUUSD,buy,H4
0.5,2024-04-18 04:00:00,2362.580142857143,2377.808,2373.132,Off,0.03,2381.017,ML,15.22785714285708,0.5,2408.2637142857143,XAUUSD,buy,H4
0.5,2024-04-18 08:00:00,2365.8305714285716,2380.92,2377.176,London,0.03,2385.36,ML,15.089428571428536,0.5,2411.098857142857,XAUUSD,buy,H4
0.5,2024-04-18 12:00:00,2369.211642857143,2384.106,2369.478,London,0.03,2392.804,ML,14.894357142857125,0.5,2413.8947142857146,XAUUSD,buy,H4
0.5,2024-04-19 04:00:00,2370.1681428571433,2385.425,2378.6,Off,0.03,2393.889,ML,15.256857142857111,0.5,2415.9387142857145,XAUUSD,buy,H4
0.5,2024-04-19 12:00:00,2378.0515,2394.756,2373.074,London,0.03,2396.018,ML,16.704499999999957,0.5,2428.165,XAUUSD,buy,H4
0.5,2024-04-19 20:00:00,2374.621857142857,2390.677,2386.637,NY,0.03,2391.252,ML,16.05514285714282,0.5,2422.7872857142856,XAUUSD,buy,H4
0.5,2024-04-21 20:00:00,2371.4763571428575,2386.483,2381.882,NY,0.03,2388.595,ML,15.006642857142811,0.5,2416.496285714286,XAUUSD,buy,H4
0.5,2024-04-22 04:00:00,2344.807285714286,2360.983,2351.294,Off,0.03,2372.898,ML,16.175714285714257,0.5,2393.334428571429,XAUUSD,buy,H4
0.5,2024-04-22 08:00:00,2324.714642857143,2342.059,2339.396,London,0.03,2363.642,ML,17.344357142857103,0.5,2376.747714285714,XAUUSD,buy,H4
0.5,2024-04-22 12:00:00,2316.6552142857145,2334.797,2331.034,London,0.03,2350.382,ML,18.141785714285657,0.5,2371.080571428571,XAUUSD,buy,H4
0.5,2024-04-22 16:00:00,2312.0060714285714,2329.332,2324.55,London,0.03,2336.454,ML,17.325928571428513,0.5,2363.983857142857,XAUUSD,buy,H4
0.5,2024-04-22 20:00:00,2316.602,2333.738,2325.319,NY,0.03,2333.93,ML,17.135999999999935,0.5,2368.0099999999998,XAUUSD,buy,H4
0.5,2024-04-23 00:00:00,2283.0189285714287,2302.602,2295.5,Off,0.02,2334.376,ML,19.5830714285714,0.5,2341.7681428571427,XAUUSD,buy,H4
0.5,2024-04-23 04:00:00,2291.487642857143,2309.051,2298.859,Off,0.03,2314.765,ML,17.56335714285712,0.5,2344.177714285714,XAUUSD,buy,H4
0.5,2024-05-06 20:00:00,2313.2739285714288,2325.943,2322.182,NY,0.04,2328.819,ML,12.669071428571442,0.5,2351.281142857143,XAUUSD,buy,H4
0.5,2024-05-07 04:00:00,2306.135357142857,2319.253,2317.68,Off,0.04,2325.076,ML,13.117642857142885,0.5,2345.488285714286,XAUUSD,buy,H4
0.5,2024-05-07 08:00:00,2299.4347857142857,2312.348,2311.639,London,0.04,2319.841,ML,12.913214285714307,0.5,2338.1744285714285,XAUUSD,buy,H4
0.5,2024-05-07 12:00:00,2301.3009285714284,2314.703,2309.915,London,0.04,2323.722,ML,13.402071428571457,0.5,2341.5071428571428,XAUUSD,buy,H4
0.5,2024-05-08 04:00:00,2294.3592857142853,2305.691,2305.294,Off,0.04,2321.336,ML,11.331714285714302,0.5,2328.3544285714283,XAUUSD,buy,H4
0.5,2024-05-08 12:00:00,2309.8780714285713,2320.391,2306.721,London,0.05,2320.391,ML,10.512928571428606,0.5,2341.416857142857,XAUUSD,buy,H4
0.5,2024-05-09 00:00:00,2302.7281428571428,2312.274,2307.765,Off,0.05,2312.996,ML,9.545857142857228,0.5,2331.365714285714,XAUUSD,buy,H4
0.5,2024-05-09 12:00:00,2319.0622857142857,2330.397,2312.06,London,0.04,2338.93,ML,11.33471428571436,0.5,2353.066428571429,XAUUSD,buy,H4
0.5,2024-05-09 20:00:00,2335.3167857142857,2346.516,2343.115,NY,0.04,2348.325,ML,11.199214285714366,0.5,2368.9144285714287,XAUUSD,buy,H4
0.5,2024-05-10 04:00:00,2354.1602857142852,2366.7,2351.17,Off,0.04,2370.364,ML,12.539714285714354,0.5,2391.7794285714285,XAUUSD,buy,H4
0.5,2024-05-10 16:00:00,2350.8314285714287,2363.315,2361.663,London,0.04,2370.961,ML,12.48357142857146,0.5,2388.282142857143,XAUUSD,buy,H4
0.5,2024-05-10 20:00:00,2348.5595714285714,2360.449,2359.695,NY,0.04,2365.047,ML,11.889428571428589,0.5,2384.2278571428574,XAUUSD,buy,H4
0.5,2024-05-13 00:00:00,2345.3982142857144,2357.07,2354.778,Off,0.04,2364.489,ML,11.671785714285727,0.5,2380.4135714285717,XAUUSD,buy,H4
0.5,2024-05-13 04:00:00,2336.5107857142857,2348.569,2346.429,Off,0.04,2357.043,ML,12.058214285714287,0.5,2372.6854285714285,XAUUSD,buy,H4
0.5,2024-05-13 08:00:00,2332.5112142857142,2344.544,2338.364,London,0.04,2350.337,ML,12.032785714285705,0.5,2368.609571428571,XAUUSD,buy,H4
0.5,2024-05-13 16:00:00,2326.3909285714285,2337.334,2334.424,London,0.04,2338.49,ML,10.943071428571397,0.5,2359.2201428571425,XAUUSD,buy,H4
0.5,2024-05-14 00:00:00,2332.5690714285715,2343.059,2334.734,Off,0.05,2344.423,ML,10.489928571428534,0.5,2364.038857142857,XAUUSD,buy,H4
0.5,2024-05-14 04:00:00,2328.6644285714283,2339.151,2336.082,Off,0.05,2345.924,ML,10.486571428571422,0.5,2360.1241428571425,XAUUSD,buy,H4
0.5,2024-05-14 12:00:00,2337.4982142857143,2347.925,2336.553,London,0.05,2357.068,ML,10.426785714285709,0.5,2368.7785714285715,XAUUSD,buy,H4
0.5,2024-05-14 16:00:00,2346.4832142857144,2356.487,2346.291,London,0.05,2359.592,ML,10.003785714285709,0.5,2376.4945714285714,XAUUSD,buy,H4
0.5,2024-05-15 04:00:00,2352.322714285714,2362.401,2355.649,Off,0.05,2365.2,ML,10.078285714285746,0.5,2382.5575714285715,XAUUSD,buy,H4
0.5,2024-05-15 08:00:00,2352.4764285714286,2362.742,2361.98,London,0.05,2374.313,ML,10.26557142857145,0.5,2383.2731428571433,XAUUSD,buy,H4
0.5,2024-05-15 12:00:00,2365.6186428571427,2377.551,2351.748,London,0.04,2385.724,ML,11.932357142857168,0.5,2401.4157142857143,XAUUSD,buy,H4
0.5,2024-05-15 16:00:00,2374.291,2386.313,2377.067,London,0.04,2390.295,ML,12.022000000000032,0.5,2410.357,XAUUSD,buy,H4
0.5,2024-05-15 20:00:00,2380.5411428571424,2391.769,2385.281,NY,0.04,2391.911,ML,11.22785714285718,0.5,2414.224714285714,XAUUSD,buy,H4
0.5,2024-05-16 12:00:00,2368.9182857142855,2381.506,2370.885,London,0.04,2386.349,ML,12.587714285714323,0.5,2406.6814285714286,XAUUSD,buy,H4
0.5,2024-05-16 16:00:00,2365.8355,2378.106,2377.704,London,0.04,2383.746,ML,12.270500000000052,0.5,2402.6470000000004,XAUUSD,buy,H4
0.5,2024-05-17 04:00:00,2372.6020714285714,2383.814,2376.582,Off,0.04,2387.762,ML,11.211928571428643,0.5,2406.237857142857,XAUUSD,buy,H4
0.5,2024-05-17 12:00:00,2394.6750714285713,2407.708,2386.798,London,0.04,2419.17,ML,13.032928571428686,0.5,2433.7738571428577,XAUUSD,buy,H4
0.5,2024-05-19 20:00:00,2408.9829285714286,2420.194,2416.732,NY,0.04,2425.201,ML,11.21107142857152,0.5,2442.616142857143,XAUUSD,buy,H4
0.5,2024-05-20 12:00:00,2410.2149285714286,2424.838,2407.273,London,0.03,2430.898,ML,14.623071428571524,0.5,2454.0841428571434,XAUUSD,buy,H4
0.5,2024-05-20 16:00:00,2412.1489285714283,2426.734,2422.441,London,0.03,2437.373,ML,14.585071428571544,0.5,2455.904142857143,XAUUSD,buy,H4
0.5,2024-05-20 20:00:00,2411.474571428571,2426.133,2423.277,NY,0.03,2430.346,ML,14.65842857142869,0.5,2455.449857142857,XAUUSD,buy,H4
0.5,2024-05-21 04:00:00,2402.436428571428,2419.209,2408.502,Off,0.03,2422.206,ML,16.772571428571545,0.5,2452.754142857143,XAUUSD,buy,H4
0.5,2024-05-21 20:00:00,2406.9825,2421.654,2420.319,NY,0.03,2423.457,ML,14.671500000000083,0.5,2450.9970000000003,XAUUSD,buy,H4
0.5,2024-05-22 00:00:00,2399.1565714285716,2414.163,2412.539,Off,0.03,2426.542,ML,15.006428571428614,0.5,2444.1758571428572,XAUUSD,buy,H4
0.5,2024-05-22 04:00:00,2402.5215,2417.232,2411.399,Off,0.03,2418.524,ML,14.71050000000004,0.5,2446.6530000000002,XAUUSD,buy,H4
0.5,2024-05-22 12:00:00,2376.884857142857,2391.965,2382.135,London,0.03,2415.039,ML,15.080142857142878,0.5,2422.125285714286,XAUUSD,buy,H4
0.5,2024-05-22 16:00:00,2364.192928571428,2379.305,2374.935,London,0.03,2394.995,ML,15.112071428571458,0.5,2409.5291428571427,XAUUSD,buy,H4
0.5,2024-05-22 20:00:00,2368.3137857142856,2382.124,2377.308,NY,0.03,2382.707,ML,13.810214285714308,0.5,2409.744428571428,XAUUSD,buy,H4
0.5,2024-05-23 08:00:00,2354.1388571428574,2368.041,2355.087,London,0.03,2369.427,ML,13.902142857142833,0.5,2395.8452857142856,XAUUSD,buy,H4
0.5,2024-05-23 16:00:00,2316.002571428571,2331.58,2330.91,London,0.03,2350.143,ML,15.57742857142856,0.5,2362.734857142857,XAUUSD,buy,H4
0.5,2024-05-23 20:00:00,2316.9492142857143,2332.012,2326.867,NY,0.03,2333.62,ML,15.062785714285676,0.5,2362.1375714285714,XAUUSD,buy,H4
0.5,2024-06-07 08:00:00,2322.2521428571426,2336.496,2330.875,London,0.03,2373.933,ML,14.243857142857223,0.5,2364.9837142857145,XAUUSD,buy,H4
0.5,2024-06-24 04:00:00,2318.4089285714285,2330.705,2321.325,Off,0.04,2331.793,ML,12.296071428571397,0.5,2355.2971428571427,XAUUSD,buy,H4
0.5,2024-06-24 08:00:00,2313.893,2326.191,2320.767,London,0.04,2332.768,ML,12.298000000000002,0.5,2350.787,XAUUSD,buy,H4
0.5,2024-06-24 12:00:00,2315.275642857143,2327.626,2323.281,London,0.04,2333.833,ML,12.350357142857124,0.5,2352.3267142857144,XAUUSD,buy,H4
0.5,2024-06-24 16:00:00,2320.8911428571428,2331.64,2326.822,London,0.04,2334.629,ML,10.748857142857135,0.5,2353.137714285714,XAUUSD,buy,H4
0.5,2024-06-25 00:00:00,2313.3430714285714,2324.146,2323.15,Off,0.04,2330.924,ML,10.80292857142857,0.5,2345.7518571428573,XAUUSD,buy,H4
0.5,2024-06-25 16:00:00,2310.722214285714,2319.776,2315.436,London,0.05,2324.985,ML,9.053785714285723,0.5,2337.8835714285715,XAUUSD,buy,H4
0.5,2024-06-26 04:00:00,2306.5852142857143,2316.085,2309.682,Off,0.05,2318.129,ML,9.499785714285704,0.5,2335.0845714285715,XAUUSD,buy,H4
0.5,2024-06-26 08:00:00,2303.1285000000003,2313.005,2304.378,London,0.05,2318.435,ML,9.87649999999998,0.5,2332.7580000000003,XAUUSD,buy,H4
0.5,2024-06-28 16:00:00,2315.0859285714287,2325.004,2322.926,London,0.05,2332.713,ML,9.918071428571466,0.5,2344.840142857143,XAUUSD,buy,H4
0.5,2024-06-30 20:00:00,2316.633142857143,2324.933,2322.837,NY,0.06,2326.157,ML,8.299857142857165,0.5,2341.5327142857145,XAUUSD,buy,H4
0.5,2024-07-01 12:00:00,2317.6993571428575,2327.713,2319.173,London,0.05,2338.478,ML,10.013642857142909,0.5,2347.740285714286,XAUUSD,buy,H4
0.5,2024-07-01 16:00:00,2321.570285714286,2330.9,2326.603,London,0.05,2331.871,ML,9.329714285714315,0.5,2349.5594285714287,XAUUSD,buy,H4
0.5,2024-07-01 20:00:00,2323.1932142857145,2332.222,2330.862,NY,0.05,2332.553,ML,9.028785714285732,0.5,2350.2795714285717,XAUUSD,buy,H4
0.5,2024-07-02 00:00:00,2316.6149285714287,2326.033,2325.702,Off,0.05,2334.305,ML,9.418071428571434,0.5,2344.869142857143,XAUUSD,buy,H4
0.5,2024-07-02 04:00:00,2321.3165,2330.679,2323.282,Off,0.05,2331.779,ML,9.362499999999986,0.5,2349.404,XAUUSD,buy,H4
0.5,2024-07-02 20:00:00,2321.0370714285714,2330.18,2328.61,NY,0.05,2331.443,ML,9.142928571428554,0.5,2348.4658571428567,XAUUSD,buy,H4
0.5,2024-07-03 16:00:00,2343.916571428572,2354.28,2353.613,London,0.05,2363.147,ML,10.36342857142852,0.5,2375.0068571428574,XAUUSD,buy,H4
0.5,2024-07-03 20:00:00,2349.3320000000003,2358.699,2354.223,NY,0.05,2359.578,ML,9.36699999999993,0.5,2377.433,XAUUSD,buy,H4
0.5,2024-07-04 04:00:00,2347.4894285714286,2357.455,2350.33,Off,0.05,2359.572,ML,9.965571428571366,0.5,2377.3861428571427,XAUUSD,buy,H4
0.5,2024-07-04 20:00:00,2348.9545,2356.721,2354.213,NY,0.06,2357.715,ML,7.766499999999951,0.5,2372.254,XAUUSD,buy,H4
0.5,2024-07-08 00:00:00,2374.1572142857144,2382.88,2380.666,Off,0.05,2391.088,ML,8.722785714285724,0.5,2400.3255714285715,XAUUSD,buy,H4
0.5,2024-07-08 04:00:00,2368.814714285714,2377.828,2376.597,Off,0.05,2386.761,ML,9.013285714285724,0.5,2395.8545714285715,XAUUSD,buy,H4
0.5,2024-07-08 08:00:00,2366.1758571428572,2375.284,2368.253,London,0.05,2378.823,ML,9.108142857142834,0.5,2393.500285714286,XAUUSD,buy,H4
0.5,2024-07-08 12:00:00,2344.6367857142855,2355.459,2350.975,London,0.04,2379.516,ML,10.822214285714283,0.5,2377.1034285714286,XAUUSD,buy,H4
0.5,2024-07-08 16:00:00,2348.1339285714284,2359.132,2350.991,London,0.04,2359.838,ML,10.99807142857146,0.5,2381.128142857143,XAUUSD,buy,H4
0.5,2024-07-08 20:00:00,2350.5827142857142,2361.711,2357.986,NY,0.04,2362.004,ML,11.128285714285736,0.5,2383.9675714285713,XAUUSD,buy,H4
0.5,2024-07-09 00:00:00,2356.2102142857143,2367.625,2360.436,Off,0.04,2367.949,ML,11.414785714285731,0.5,2390.4545714285714,XAUUSD,buy,H4
0.5,2024-07-09 04:00:00,2347.2729285714286,2358.933,2358.279,Off,0.04,2368.791,ML,11.660071428571428,0.5,2382.253142857143,XAUUSD,buy,H4
0.5,2024-07-09 16:00:00,2352.830214285714,2363.496,2356.507,London,0.04,2365.588,ML,10.665785714285708,0.5,2384.8275714285714,XAUUSD,buy,H4
0.5,2024-07-09 20:00:00,2354.7475,2364.966,2363.281,NY,0.05,2366.037,ML,10.21849999999998,0.5,2385.403,XAUUSD,buy,H4
0.5,2024-07-10 00:00:00,2357.6746428571428,2368.144,2363.304,Off,0.05,2370.258,ML,10.469357142857104,0.5,2389.082714285714,XAUUSD,buy,H4
0.5,2024-07-10 04:00:00,2362.021928571429,2372.606,2366.536,Off,0.05,2374.932,ML,10.584071428571374,0.5,2393.774142857143,XAUUSD,buy,H4
0.5,2024-07-10 08:00:00,2368.009642857143,2378.346,2371.425,London,0.05,2378.379,ML,10.336357142857066,0.5,2399.018714285714,XAUUSD,buy,H4
0.5,2024-07-10 20:00:00,2364.1572857142855,2372.852,2370.86,NY,0.05,2372.911,ML,8.694714285714229,0.5,2390.2414285714285,XAUUSD,buy,H4
0.5,2024-07-11 16:00:00,2402.833142857143,2414.082,2409.988,London,0.04,2419.238,ML,11.24885714285704,0.5,2436.579714285714,XAUUSD,buy,H4
0.5,2024-07-12 04:00:00,2393.625142857143,2404.174,2400.289,Off,0.05,2410.088,ML,10.548857142857027,0.5,2425.271714285714,XAUUSD,buy,H4
0.5,2024-07-12 08:00:00,2390.9468571428574,2401.715,2398.288,London,0.04,2408.312,ML,10.768142857142752,0.5,2423.2512857142856,XAUUSD,buy,H4
0.5,2024-07-14 20:00:00,2398.072,2408.657,2405.677,NY,0.05,2412.243,ML,10.584999999999908,0.5,2429.8269999999998,XAUUSD,buy,H4
0.5,2024-07-15 00:00:00,2400.6100714285712,2411.555,2404.881,Off,0.04,2411.971,ML,10.944928571428491,0.5,2433.444857142857,XAUUSD,buy,H4
0.5,2024-07-15 12:00:00,2419.978,2433.281,2411.509,London,0.04,2437.493,ML,13.30299999999995,0.5,2459.8869999999997,XAUUSD,buy,H4
0.5,2024-07-15 16:00:00,2409.6737857142857,2421.091,2419.715,London,0.04,2439.76,ML,11.417214285714246,0.5,2443.9254285714283,XAUUSD,buy,H4
0.5,2024-07-15 20:00:00,2411.5867142857146,2422.496,2420.587,NY,0.04,2422.726,ML,10.909285714285684,0.5,2444.3145714285715,XAUUSD,buy,H4
0.5,2024-07-16 00:00:00,2417.1929285714286,2428.577,2419.914,Off,0.04,2431.449,ML,11.384071428571392,0.5,2451.345142857143,XAUUSD,buy,H4
0.5,2024-07-16 08:00:00,2427.7950714285716,2439.521,2433.607,London,0.04,2443.41,ML,11.72592857142854,0.5,2462.9728571428573,XAUUSD,buy,H4
0.5,2024-07-17 16:00:00,2442.4782142857143,2457.986,2451.407,London,0.03,2465.106,ML,15.507785714285708,0.5,2489.0015714285714,XAUUSD,buy,H4
0.5,2024-07-17 20:00:00,2447.314214285714,2461.296,2457.212,NY,0.03,2461.832,ML,13.981785714285706,0.5,2489.2595714285712,XAUUSD,buy,H4
0.5,2024-07-18 00:00:00,2454.6332142857145,2468.009,2457.29,Off,0.04,2468.851,ML,13.375785714285712,0.5,2494.7605714285714,XAUUSD,buy,H4
0.5,2024-07-18 04:00:00,2457.9630714285713,2471.93,2464.551,Off,0.03,2474.966,ML,13.966928571428555,0.5,2499.863857142857,XAUUSD,buy,H4
0.5,2024-07-18 08:00:00,2450.4531428571427,2464.468,2461.488,London,0.03,2473.694,ML,14.01485714285715,0.5,2492.497714285714,XAUUSD,buy,H4
0.5,2024-07-18 12:00:00,2447.353357142857,2461.226,2457.522,London,0.03,2469.919,ML,13.872642857142864,0.5,2488.971285714286,XAUUSD,buy,H4
0.5,2024-07-18 16:00:00,2428.1832142857143,2442.916,2440.226,London,0.03,2462.071,ML,14.732785714285717,0.5,2472.3815714285715,XAUUSD,buy,H4
0.5,2024-07-18 20:00:00,2428.771142857143,2441.25,2441.169,NY,0.04,2445.563,ML,12.478857142857157,0.5,2466.2077142857142,XAUUSD,buy,H4
0.5,2024-07-19 00:00:00,2415.504857142857,2428.7,2420.424,Off,0.04,2441.343,ML,13.195142857142889,0.5,2455.0902857142855,XAUUSD,buy,H4
0.5,2024-07-19 04:00:00,2404.017857142857,2418.127,2412.803,Off,0.03,2429.321,ML,14.109142857142874,0.5,2446.3452857142856,XAUUSD,buy,H4
0.5,2024-07-19 12:00:00,2391.360857142857,2405.38,2393.727,London,0.03,2410.228,ML,14.019142857142892,0.5,2433.418285714286,XAUUSD,buy,H4
0.5,2024-07-19 16:00:00,2384.8255714285715,2398.712,2395.64,London,0.03,2406.003,ML,13.886428571428626,0.5,2426.4848571428574,XAUUSD,buy,H4
0.5,2024-07-19 20:00:00,2388.2056428571427,2400.451,2397.783,NY,0.04,2400.55,ML,12.245357142857204,0.5,2424.9417142857146,XAUUSD,buy,H4
0.5,2024-07-21 20:00:00,2399.4411428571425,2411.528,2402.487,NY,0.04,2411.931,ML,12.0868571428572,0.5,2435.7017142857144,XAUUSD,buy,H4
0.5,2024-07-22 00:00:00,2394.3355,2406.732,2403.233,Off,0.04,2412.188,ML,12.39650000000006,0.5,2431.525,XAUUSD,buy,H4
0.5,2024-07-22 04:00:00,2390.3371428571427,2402.513,2398.881,Off,0.04,2407.353,ML,12.175857142857208,0.5,2426.8647142857144,XAUUSD,buy,H4
0.5,2024-07-22 08:00:00,2385.883357142857,2398.056,2397.982,London,0.04,2408.352,ML,12.172642857142916,0.5,2422.4012857142857,XAUUSD,buy,H4
0.5,2024-07-22 20:00:00,2384.421857142857,2395.783,2394.705,NY,0.04,2399.487,ML,11.361142857142925,0.5,2418.505285714286,XAUUSD,buy,H4
0.5,2024-07-23 04:00:00,2386.8100714285715,2397.788,2388.225,Off,0.04,2399.643,ML,10.977928571428654,0.5,2419.7438571428575,XAUUSD,buy,H4
0.5,2024-07-23 12:00:00,2394.8082857142854,2405.479,2399.515,London,0.04,2409.281,ML,10.670714285714372,0.5,2426.8204285714287,XAUUSD,buy,H4
0.5,2024-07-23 16:00:00,2397.5995,2407.545,2402.626,London,0.05,2408.974,ML,9.94550000000007,0.5,2427.436,XAUUSD,buy,H4
0.5,2024-07-23 20:00:00,2398.971571428571,2408.513,2405.307,NY,0.05,2410.013,ML,9.54142857142863,0.5,2427.5958571428573,XAUUSD,buy,H4
0.5,2024-07-24 00:00:00,2406.1012857142855,2416.406,2404.866,Off,0.05,2418.319,ML,10.304714285714324,0.5,2437.0154285714284,XAUUSD,buy,H4
0.5,2024-07-24 04:00:00,2404.542857142857,2414.574,2411.549,Off,0.05,2419.199,ML,10.0311428571429,0.5,2434.636285714286,XAUUSD,buy,H4
0.5,2024-07-24 08:00:00,2407.4669999999996,2417.432,2409.78,London,0.05,2417.809,ML,9.965000000000048,0.5,2437.362,XAUUSD,buy,H4
0.5,2024-07-25 12:00:00,2348.9391428571425,2363.151,2357.919,London,0.03,2377.31,ML,14.211857142857168,0.5,2391.574714285714,XAUUSD,buy,H4
0.5,2024-08-02 20:00:00,2423.504,2441.892,2435.539,NY,0.03,2442.477,ML,18.388000000000016,0.5,2478.6679999999997,XAUUSD,buy,H4
0.5,2024-08-14 20:00:00,2437.0684285714287,2449.408,2446.433,NY,0.04,2449.482,ML,12.33957142857139,0.5,2474.0871428571427,XAUUSD,buy,H4
0.5,2024-08-15 00:00:00,2441.8490714285717,2453.681,2448.2,Off,0.04,2454.357,ML,11.831928571428534,0.5,2477.344857142857,XAUUSD,buy,H4
0.5,2024-08-15 04:00:00,2443.6912857142856,2455.71,2450.28,Off,0.04,2458.777,ML,12.018714285714234,0.5,2479.7474285714284,XAUUSD,buy,H4
0.5,2024-08-15 08:00:00,2451.908214285714,2463.533,2453.519,London,0.04,2464.147,ML,11.62478571428567,0.5,2486.7825714285714,XAUUSD,buy,H4
0.5,2024-08-15 16:00:00,2441.7419285714286,2455.566,2453.4,London,0.03,2461.631,ML,13.824071428571347,0.5,2483.2141428571426,XAUUSD,buy,H4
0.5,2024-08-15 20:00:00,2444.3939285714287,2457.298,2454.397,NY,0.04,2458.257,ML,12.904071428571342,0.5,2483.1061428571425,XAUUSD,buy,H4
0.5,2024-08-16 08:00:00,2458.849142857143,2472.113,2459.109,London,0.04,2472.314,ML,13.263857142857075,0.5,2498.640714285714,XAUUSD,buy,H4
0.5,2024-08-16 12:00:00,2477.239642857143,2491.691,2471.251,London,0.03,2500.52,ML,14.451357142857075,0.5,2520.5937142857138,XAUUSD,buy,H4
0.5,2024-08-18 20:00:00,2494.2103571428574,2506.414,2502.271,NY,0.04,2506.778,ML,12.2036428571428,0.5,2530.8212857142858,XAUUSD,buy,H4
0.5,2024-08-19 00:00:00,2490.388571428571,2503.22,2494.933,Off,0.04,2506.771,ML,12.83142857142853,0.5,2528.8828571428567,XAUUSD,buy,H4
0.5,2024-08-19 08:00:00,2480.668642857143,2494.391,2486.483,London,0.04,2507.181,ML,13.722357142857096,0.5,2521.8357142857144,XAUUSD,buy,H4
0.5,2024-08-19 16:00:00,2493.2459285714285,2505.436,2500.634,London,0.04,2507.482,ML,12.1900714285714,0.5,2529.816142857143,XAUUSD,buy,H4
0.5,2024-08-20 00:00:00,2489.5030714285713,2501.778,2498.632,Off,0.04,2508.316,ML,12.27492857142855,0.5,2526.327857142857,XAUUSD,buy,H4
0.5,2024-08-20 16:00:00,2502.236785714286,2514.951,2500.829,London,0.04,2515.521,ML,12.714214285714304,0.5,2540.3794285714284,XAUUSD,buy,H4
0.5,2024-08-20 20:00:00,2501.19,2512.964,2512.724,NY,0.04,2516.937,ML,11.773999999999983,0.5,2536.5119999999997,XAUUSD,buy,H4
0.5,2024-08-21 00:00:00,2505.2588571428573,2517.386,2510.771,Off,0.04,2519.942,ML,12.12714285714284,0.5,2541.6402857142857,XAUUSD,buy,H4
0.5,2024-08-21 04:00:00,2497.193928571429,2509.751,2508.059,Off,0.04,2519.627,ML,12.557071428571394,0.5,2534.865142857143,XAUUSD,buy,H4
0.5,2024-08-21 08:00:00,2499.475571428571,2511.823,2504.418,London,0.04,2513.321,ML,12.347428571428509,0.5,2536.517857142857,XAUUSD,buy,H4
0.5,2024-08-21 12:00:00,2495.045857142857,2508.369,2493.644,London,0.04,2513.733,ML,13.323142857142816,0.5,2535.0152857142857,XAUUSD,buy,H4
0.5,2024-08-21 16:00:00,2498.5631428571432,2511.559,2503.051,London,0.04,2519.167,ML,12.99585714285711,0.5,2537.5507142857145,XAUUSD,buy,H4
0.5,2024-08-21 20:00:00,2500.906,2512.783,2509.759,NY,0.04,2514.424,ML,11.876999999999953,0.5,2536.537,XAUUSD,buy,H4
0.5,2024-08-22 00:00:00,2489.8805,2502.329,2499.852,Off,0.04,2514.701,ML,12.448499999999967,0.5,2527.226,XAUUSD,buy,H4
0.5,2024-08-22 04:00:00,2494.094,2507.102,2499.184,Off,0.04,2510.612,ML,13.00799999999994,0.5,2533.118,XAUUSD,buy,H4
0.5,2024-08-22 16:00:00,2469.1582142857146,2482.983,2478.491,London,0.03,2485.965,ML,13.824785714285683,0.5,2510.6325714285717,XAUUSD,buy,H4
0.5,2024-08-22 20:00:00,2475.218785714286,2487.564,2482.369,NY,0.04,2487.571,ML,12.345214285714226,0.5,2512.2544285714284,XAUUSD,buy,H4
0.5,2024-08-23 00:00:00,2481.3520000000003,2493.17,2486.442,Off,0.04,2493.753,ML,11.817999999999952,0.5,2516.806,XAUUSD,buy,H4
0.5,2024-08-23 08:00:00,2489.6572142857144,2501.571,2492.991,London,0.04,2502.502,ML,11.91378571428569,0.5,2525.3985714285714,XAUUSD,buy,H4
0.5,2024-08-23 12:00:00,2497.0505714285714,2509.845,2494.453,London,0.04,2518.35,ML,12.79442857142856,0.5,2535.433857142857,XAUUSD,buy,H4
0.5,2024-08-23 20:00:00,2500.6035714285713,2512.357,2509.532,NY,0.04,2512.455,ML,11.753428571428556,0.5,2535.863857142857,XAUUSD,buy,H4
0.5,2024-08-25 20:00:00,2504.9140714285713,2515.917,2511.074,NY,0.04,2516.683,ML,11.002928571428551,0.5,2537.922857142857,XAUUSD,buy,H4
0.5,2024-08-26 00:00:00,2498.551357142857,2509.769,2509.33,Off,0.04,2517.001,ML,11.21764285714286,0.5,2532.2042857142856,XAUUSD,buy,H4
0.5,2024-08-27 00:00:00,2499.409071428571,2508.973,2505.816,Off,0.05,2516.709,ML,9.563928571428573,0.5,2528.100857142857,XAUUSD,buy,H4
0.5,2024-08-28 04:00:00,2498.9105,2509.984,2503.219,Off,0.04,2516.138,ML,11.0735,0.5,2532.131,XAUUSD,buy,H4
0.5,2024-08-28 08:00:00,2490.192142857143,2501.485,2500.69,London,0.04,2511.432,ML,11.292857142857104,0.5,2524.0707142857145,XAUUSD,buy,H4
0.5,2024-08-28 16:00:00,2495.5271428571427,2507.607,2496.376,London,0.04,2509.588,ML,12.079857142857106,0.5,2531.766714285714,XAUUSD,buy,H4
0.5,2024-08-28 20:00:00,2496.779285714286,2508.11,2502.76,NY,0.04,2508.703,ML,11.330714285714228,0.5,2530.7714285714287,XAUUSD,buy,H4
0.5,2024-08-29 00:00:00,2505.289285714286,2516.543,2507.976,Off,0.04,2516.771,ML,11.25371428571423,0.5,2539.0504285714287,XAUUSD,buy,H4
0.5,2024-08-29 04:00:00,2507.575214285714,2519.091,2513.806,Off,0.04,2521.164,ML,11.515785714285682,0.5,2542.122571428571,XAUUSD,buy,H4
0.5,2024-08-29 12:00:00,2510.4725,2522.535,2503.558,London,0.04,2525.692,ML,12.062499999999934,0.5,2546.66,XAUUSD,buy,H4
0.5,2024-08-29 20:00:00,2508.443857142857,2519.615,2518.882,NY,0.04,2522.313,ML,11.171142857142806,0.5,2541.9572857142853,XAUUSD,buy,H4
0.5,2024-08-30 00:00:00,2502.977142857143,2513.556,2512.292,Off,0.05,2520.108,ML,10.578857142857098,0.5,2534.713714285714,XAUUSD,buy,H4
0.5,2024-08-30 04:00:00,2508.3114285714287,2519.369,2512.14,Off,0.04,2524.103,ML,11.057571428571398,0.5,2541.484142857143,XAUUSD,buy,H4
0.5,2024-09-01 20:00:00,2492.9029285714287,2502.98,2501.942,NY,0.05,2504.76,ML,10.077071428571506,0.5,2523.134142857143,XAUUSD,buy,H4
0.5,2024-09-02 04:00:00,2487.6140714285716,2498.157,2495.2,Off,0.05,2501.457,ML,10.542928571428677,0.5,2519.2428571428577,XAUUSD,buy,H4
0.5,2024-09-02 12:00:00,2491.0116428571428,2501.485,2497.672,London,0.05,2503.231,ML,10.47335714285727,0.5,2522.431714285715,XAUUSD,buy,H4
0.5,2024-09-02 16:00:00,2490.957,2500.085,2498.603,London,0.05,2501.902,ML,9.128000000000124,0.5,2518.3410000000003,XAUUSD,buy,H4
0.5,2024-09-02 20:00:00,2488.6622857142856,2497.242,2496.5,NY,0.06,2499.708,ML,8.579714285714415,0.5,2514.401428571429,XAUUSD,buy,H4
0.5,2024-09-03 00:00:00,2485.808,2494.717,2489.66,Off,0.05,2497.701,ML,8.909000000000137,0.5,2512.5350000000003,XAUUSD,buy,H4
0.5,2024-09-03 04:00:00,2491.826714285714,2500.843,2492.733,Off,0.05,2502.051,ML,9.016285714285816,0.5,2518.8755714285717,XAUUSD,buy,H4
0.5,2024-09-03 20:00:00,2483.9058571428573,2493.223,2491.318,NY,0.05,2494.764,ML,9.317142857142894,0.5,2511.857285714286,XAUUSD,buy,H4
0.5,2024-09-04 00:00:00,2485.4192142857146,2495.016,2491.291,Off,0.05,2496.95,ML,9.596785714285716,0.5,2514.2095714285715,XAUUSD,buy,H4
0.5,2024-09-06 20:00:00,2487.1742142857142,2497.54,2494.738,NY,0.05,2497.827,ML,10.365785714285789,0.5,2518.2715714285714,XAUUSD,buy,H4
0.5,2024-09-09 00:00:00,2489.0634285714286,2499.28,2494.711,Off,0.05,2500.54,ML,10.216571428571472,0.5,2519.7131428571433,XAUUSD,buy,H4
0.5,2024-09-09 04:00:00,2483.414642857143,2494.286,2485.503,Off,0.04,2499.542,ML,10.87135714285718,0.5,2516.0287142857146,XAUUSD,buy,H4
0.5,2024-09-09 08:00:00,2486.704,2497.242,2489.94,London,0.05,2499.137,ML,10.538000000000045,0.5,2518.318,XAUUSD,buy,H4
0.5,2024-09-09 12:00:00,2488.5720714285717,2499.081,2493.231,London,0.05,2505.292,ML,10.508928571428603,0.5,2520.0988571428575,XAUUSD,buy,H4
0.5,2024-09-09 16:00:00,2496.328285714286,2505.96,2499.111,London,0.05,2506.577,ML,9.631714285714322,0.5,2525.2234285714285,XAUUSD,buy,H4
0.5,2024-09-09 20:00:00,2497.7737142857145,2506.813,2505.221,NY,0.05,2507.701,ML,9.03928571428576,0.5,2524.8915714285718,XAUUSD,buy,H4
0.5,2024-09-10 08:00:00,2494.9595714285715,2504.607,2500.052,London,0.05,2509.661,ML,9.647428571428623,0.5,2523.9018571428574,XAUUSD,buy,H4
0.5,2024-09-10 12:00:00,2502.1019285714287,2512.597,2500.854,London,0.05,2518.416,ML,10.495071428571496,0.5,2533.587142857143,XAUUSD,buy,H4
0.5,2024-09-10 16:00:00,2508.331357142857,2517.255,2510.693,London,0.05,2517.515,ML,8.923642857142893,0.5,2535.1022857142857,XAUUSD,buy,H4
0.5,2024-09-10 20:00:00,2511.020642857143,2518.678,2515.75,NY,0.06,2518.849,ML,7.657357142857173,0.5,2533.992714285714,XAUUSD,buy,H4
0.5,2024-09-11 16:00:00,2503.558642857143,2512.93,2509.773,London,0.05,2520.033,ML,9.371357142857116,0.5,2531.672714285714,XAUUSD,buy,H4
0.5,2024-09-11 20:00:00,2503.203857142857,2511.901,2511.27,NY,0.05,2513.892,ML,8.69714285714284,0.5,2529.2952857142855,XAUUSD,buy,H4
0.5,2024-09-12 00:00:00,2507.3120714285715,2515.844,2510.973,Off,0.06,2516.156,ML,8.531928571428548,0.5,2532.907857142857,XAUUSD,buy,H4
0.5,2024-09-12 04:00:00,2507.028,2515.941,2514.445,Off,0.05,2522.26,ML,8.912999999999979,0.5,2533.767,XAUUSD,buy,H4
0.5,2024-09-12 20:00:00,2547.9584285714286,2558.422,2556.742,NY,0.05,2560.091,ML,10.46357142857138,0.5,2579.349142857143,XAUUSD,buy,H4
0.5,2024-09-13 20:00:00,2568.4379285714285,2579.067,2577.704,NY,0.04,2582.912,ML,10.629071428571349,0.5,2600.3251428571425,XAUUSD,buy,H4
0.5,2024-09-15 20:00:00,2569.060142857143,2579.163,2577.561,NY,0.05,2580.454,ML,10.10285714285708,0.5,2599.3687142857143,XAUUSD,buy,H4
0.5,2024-09-16 00:00:00,2575.6541428571427,2586.294,2578.887,Off,0.04,2589.027,ML,10.639857142857084,0.5,2607.5737142857142,XAUUSD,buy,H4
0.5,2024-09-16 12:00:00,2568.0907142857145,2579.847,2576.057,London,0.04,2589.298,ML,11.756285714285598,0.5,2603.3595714285716,XAUUSD,buy,H4
0.5,2024-09-16 20:00:00,2575.0392142857145,2583.659,2581.809,NY,0.05,2583.855,ML,8.619785714285594,0.5,2600.8985714285714,XAUUSD,buy,H4
0.5,2024-09-17 00:00:00,2568.120071428572,2577.184,2576.771,Off,0.05,2586.338,ML,9.063928571428471,0.5,2595.311857142857,XAUUSD,buy,H4
0.5,2024-09-17 08:00:00,2570.3675000000003,2579.824,2569.707,London,0.05,2584.151,ML,9.45649999999994,0.5,2598.737,XAUUSD,buy,H4
0.5,2024-09-17 12:00:00,2555.413642857143,2565.668,2561.739,London,0.05,2582.274,ML,10.254357142857089,0.5,2586.1767142857143,XAUUSD,buy,H4
0.5,2024-09-17 16:00:00,2558.8224285714286,2568.615,2560.661,London,0.05,2571.643,ML,9.792571428571364,0.5,2588.2001428571425,XAUUSD,buy,H4
0.5,2024-09-17 20:00:00,2564.359928571429,2574.05,2568.282,NY,0.05,2574.367,ML,9.690071428571368,0.5,2593.430142857143,XAUUSD,buy,H4
0.5,2024-09-18 04:00:00,2561.219714285714,2571.566,2565.681,Off,0.05,2576.511,ML,10.34628571428568,0.5,2592.258571428571,XAUUSD,buy,H4
0.5,2024-09-18 08:00:00,2566.8720000000003,2577.407,2567.958,London,0.05,2580.74,ML,10.534999999999952,0.5,2598.477,XAUUSD,buy,H4
0.5,2024-09-18 20:00:00,2545.785,2559.239,2548.301,NY,0.04,2561.596,ML,13.453999999999985,0.5,2586.147,XAUUSD,buy,H4
0.5,2024-09-19 04:00:00,2568.4479285714287,2584.344,2559.564,Off,0.03,2584.633,ML,15.896071428571434,0.5,2616.136142857143,XAUUSD,buy,H4
0.5,2024-09-19 08:00:00,2573.2484285714286,2589.435,2581.329,London,0.03,2594.963,ML,16.186571428571433,0.5,2621.8081428571427,XAUUSD,buy,H4
0.5,2024-09-19 12:00:00,2572.1912857142856,2589.022,2569.753,London,0.03,2591.203,ML,16.83071428571426,0.5,2622.6834285714285,XAUUSD,buy,H4
0.5,2024-09-19 20:00:00,2572.192142857143,2587.282,2585.876,NY,0.03,2589.803,ML,15.089857142857127,0.5,2617.4617142857146,XAUUSD,buy,H4
0.5,2024-09-22 20:00:00,2607.7501428571427,2620.234,2619.618,NY,0.04,2622.12,ML,12.4838571428572,0.5,2645.2017142857144,XAUUSD,buy,H4
0.5,2024-09-23 08:00:00,2612.3120714285715,2624.063,2614.564,London,0.04,2625.786,ML,11.75092857142863,0.5,2647.5648571428574,XAUUSD,buy,H4
0.5,2024-09-23 12:00:00,2617.4032857142856,2629.242,2620.018,London,0.04,2634.881,ML,11.838714285714332,0.5,2652.919428571429,XAUUSD,buy,H4
0.5,2024-09-23 16:00:00,2615.5579999999995,2626.24,2625.665,London,0.04,2630.921,ML,10.682000000000048,0.5,2647.604,XAUUSD,buy,H4
0.5,2024-09-23 20:00:00,2615.9032142857145,2626.3,2625.814,NY,0.05,2628.501,ML,10.396785714285768,0.5,2647.0935714285715,XAUUSD,buy,H4
0.5,2024-09-24 04:00:00,2617.3805714285713,2628.996,2622.524,Off,0.04,2640.092,ML,11.615428571428668,0.5,2652.2268571428576,XAUUSD,buy,H4
0.5,2024-09-24 08:00:00,2615.149142857143,2626.367,2623.339,London,0.04,2636.312,ML,11.217857142857222,0.5,2648.8027142857145,XAUUSD,buy,H4
0.5,2024-09-24 20:00:00,2646.064928571429,2658.204,2656.417,NY,0.04,2663.747,ML,12.139071428571436,0.5,2682.482142857143,XAUUSD,buy,H4
0.5,2024-09-25 08:00:00,2644.5455,2657.431,2652.698,London,0.04,2658.581,ML,12.885499999999997,0.5,2683.202,XAUUSD,buy,H4
0.5,2024-09-25 16:00:00,2647.0207857142855,2659.754,2649.646,London,0.04,2663.062,ML,12.733214285714244,0.5,2685.2204285714283,XAUUSD,buy,H4
0.5,2024-09-25 20:00:00,2644.2898571428573,2656.256,2656.174,NY,0.04,2660.298,ML,11.966142857142811,0.5,2680.1882857142855,XAUUSD,buy,H4
0.5,2024-09-26 00:00:00,2650.407,2662.516,2655.281,Off,0.04,2662.537,ML,12.108999999999956,0.5,2686.734,XAUUSD,buy,H4
0.5,2024-09-26 04:00:00,2652.1245000000004,2664.684,2657.93,Off,0.04,2666.924,ML,12.55949999999994,0.5,2689.803,XAUUSD,buy,H4
0.5,2024-09-26 12:00:00,2657.3286428571428,2671.357,2654.717,London,0.03,2684.253,ML,14.028357142857072,0.5,2699.413714285714,XAUUSD,buy,H4
0.5,2024-09-26 16:00:00,2659.502428571429,2673.675,2662.946,London,0.03,2677.938,ML,14.172571428571375,0.5,2702.020142857143,XAUUSD,buy,H4
0.5,2024-09-26 20:00:00,2659.985142857143,2672.601,2670.83,NY,0.04,2674.077,ML,12.615857142857132,0.5,2697.8327142857142,XAUUSD,buy,H4
0.5,2024-09-27 12:00:00,2636.7262142857144,2649.799,2644.705,London,0.04,2674.266,ML,13.072785714285764,0.5,2675.9445714285716,XAUUSD,buy,H4
0.5,2024-09-27 16:00:00,2638.474285714286,2652.079,2642.994,London,0.04,2656.324,ML,13.60471428571431,0.5,2679.288428571429,XAUUSD,buy,H4
0.5,2024-09-27 20:00:00,2644.694214285714,2657.983,2651.126,NY,0.04,2659.973,ML,13.288785714285725,0.5,2684.5605714285716,XAUUSD,buy,H4
0.5,2024-09-29 20:00:00,2650.7037142857143,2663.543,2659.762,NY,0.04,2665.106,ML,12.839285714285747,0.5,2689.2215714285717,XAUUSD,buy,H4
0.5,2024-09-30 08:00:00,2626.5181428571427,2641.542,2634.41,London,0.03,2656.598,ML,15.023857142857196,0.5,2671.5897142857143,XAUUSD,buy,H4
0.5,2024-09-30 12:00:00,2619.236357142857,2633.868,2628.658,London,0.03,2644.174,ML,14.63164285714291,0.5,2663.1312857142857,XAUUSD,buy,H4
0.5,2024-10-01 00:00:00,2624.6425,2637.922,2633.926,Off,0.04,2640.008,ML,13.2795,0.5,2664.481,XAUUSD,buy,H4
0.5,2024-10-01 04:00:00,2632.117642857143,2645.559,2637.406,Off,0.04,2647.458,ML,13.441357142857148,0.5,2672.4417142857146,XAUUSD,buy,H4
0.5,2024-10-01 08:00:00,2637.033357142857,2650.229,2642.437,London,0.04,2652.051,ML,13.19564285714286,0.5,2676.6202857142857,XAUUSD,buy,H4
0.5,2024-10-01 12:00:00,2649.214428571429,2663.338,2648.01,London,0.03,2671.894,ML,14.123571428571395,0.5,2691.585142857143,XAUUSD,buy,H4
0.5,2024-10-02 04:00:00,2642.580357142857,2655.423,2644.495,Off,0.04,2656.576,ML,12.84264285714286,0.5,2681.1082857142856,XAUUSD,buy,H4
0.5,2024-10-02 16:00:00,2646.4305714285715,2658.64,2647.117,London,0.04,2658.986,ML,12.209428571428557,0.5,2683.058857142857,XAUUSD,buy,H4
0.5,2024-10-02 20:00:00,2649.014642857143,2660.328,2658.265,NY,0.04,2661.236,ML,11.313357142857123,0.5,2682.954714285714,XAUUSD,buy,H4
0.5,2024-10-03 04:00:00,2633.8070714285714,2645.187,2643.491,Off,0.04,2657.491,ML,11.379928571428536,0.5,2667.946857142857,XAUUSD,buy,H4
0.5,2024-10-03 08:00:00,2636.4935714285716,2648.018,2640.958,London,0.04,2649.063,ML,11.524428571428546,0.5,2671.0668571428573,XAUUSD,buy,H4
0.5,2024-10-03 16:00:00,2645.6925714285717,2657.974,2648.49,London,0.04,2662.161,ML,12.281428571428544,0.5,2682.536857142857,XAUUSD,buy,H4
0.5,2024-10-03 20:00:00,2644.965,2655.804,2654.319,NY,0.04,2658.009,ML,10.839000000000008,0.5,2677.482,XAUUSD,buy,H4
0.5,2024-10-04 16:00:00,2639.0397857142857,2651.624,2641.813,London,0.04,2653.853,ML,12.584214285714229,0.5,2676.7924285714284,XAUUSD,buy,H4
0.5,2024-10-04 20:00:00,2642.2319285714284,2653.519,2649.831,NY,0.04,2653.995,ML,11.287071428571348,0.5,2676.0931428571425,XAUUSD,buy,H4
0.5,2024-10-07 00:00:00,2636.3389285714284,2647.421,2643.792,Off,0.04,2651.918,ML,11.082071428571355,0.5,2669.5851428571427,XAUUSD,buy,H4
0.5,2024-10-07 08:00:00,2645.9333571428574,2656.913,2650.597,London,0.04,2659.613,ML,10.97964285714277,0.5,2678.8722857142857,XAUUSD,buy,H4
0.5,2024-10-07 16:00:00,2631.8646428571433,2643.26,2639.686,London,0.04,2648.726,ML,11.395357142857067,0.5,2666.0507142857145,XAUUSD,buy,H4
0.5,2024-10-07 20:00:00,2631.9927142857146,2642.944,2641.766,NY,0.04,2649.22,ML,10.9512857142856,0.5,2664.846571428571,XAUUSD,buy,H4
0.5,2024-10-08 08:00:00,2637.484857142857,2650.745,2628.487,London,0.04,2651.897,ML,13.260142857142748,0.5,2677.2652857142853,XAUUSD,buy,H4
0.5,2024-10-23 16:00:00,2703.390928571429,2716.202,2711.933,London,0.04,2723.25,ML,12.811071428571363,0.5,2741.8241428571428,XAUUSD,buy,H4
0.5,2024-10-23 20:00:00,2709.588142857143,2721.258,2714.143,NY,0.04,2721.885,ML,11.669857142857088,0.5,2744.597714285714,XAUUSD,buy,H4
0.5,2024-10-24 00:00:00,2711.384357142857,2722.877,2717.752,Off,0.04,2726.698,ML,11.49264285714282,0.5,2745.8622857142855,XAUUSD,buy,H4
0.5,2024-10-24 04:00:00,2721.3047142857145,2733.54,2722.803,Off,0.04,2737.085,ML,12.235285714285672,0.5,2758.0105714285714,XAUUSD,buy,H4
0.5,2024-10-24 08:00:00,2726.698428571429,2738.556,2732.489,London,0.04,2739.683,ML,11.857571428571386,0.5,2762.271142857143,XAUUSD,buy,H4
0.5,2024-10-24 12:00:00,2718.333,2731.099,2722.364,London,0.04,2743.208,ML,12.765999999999948,0.5,2756.631,XAUUSD,buy,H4
0.5,2024-10-24 16:00:00,2724.135642857143,2737.049,2725.731,London,0.04,2737.736,ML,12.913357142857064,0.5,2762.875714285714,XAUUSD,buy,H4
0.5,2024-10-24 20:00:00,2721.5867857142857,2733.844,2733.628,NY,0.04,2737.147,ML,12.257214285714197,0.5,2758.3584285714282,XAUUSD,buy,H4
0.5,2024-10-25 00:00:00,2713.854142857143,2726.042,2724.372,Off,0.04,2735.192,ML,12.187857142857084,0.5,2750.4177142857143,XAUUSD,buy,H4
0.5,2024-10-25 16:00:00,2728.9727857142857,2742.519,2733.858,London,0.04,2745.022,ML,13.546214285714248,0.5,2769.6114285714284,XAUUSD,buy,H4
0.5,2024-10-27 20:00:00,2724.496142857143,2735.815,2730.34,NY,0.04,2740.176,ML,11.318857142857109,0.5,2758.452714285714,XAUUSD,buy,H4
0.5,2024-10-28 00:00:00,2718.102928571429,2729.702,2724.631,Off,0.04,2736.296,ML,11.599071428571376,0.5,2752.900142857143,XAUUSD,buy,H4
0.5,2024-10-28 08:00:00,2720.3415714285716,2732.319,2727.802,London,0.04,2740.91,ML,11.97742857142852,0.5,2756.273857142857,XAUUSD,buy,H4
0.5,2024-10-28 16:00:00,2731.1130000000003,2742.498,2739.985,London,0.04,2744.983,ML,11.38499999999996,0.5,2765.268,XAUUSD,buy,H4
0.5,2024-10-29 00:00:00,2740.0385714285712,2751.687,2743.203,Off,0.04,2757.762,ML,11.6484285714286,0.5,2774.9838571428572,XAUUSD,buy,H4
0.5,2024-10-29 20:00:00,2763.6739285714284,2774.915,2771.819,NY,0.04,2775.399,ML,11.24107142857146,0.5,2797.397142857143,XAUUSD,buy,H4
0.5,2024-10-30 04:00:00,2771.138142857143,2782.222,2777.406,Off,0.04,2789.821,ML,11.083857142857209,0.5,2804.3897142857145,XAUUSD,buy,H4
0.5,2024-10-30 08:00:00,2767.7375714285713,2778.58,2778.213,London,0.04,2786.498,ML,10.842428571428629,0.5,2800.264857142857,XAUUSD,buy,H4
0.5,2024-10-30 20:00:00,2775.8019999999997,2785.49,2784.777,NY,0.05,2788.104,ML,9.688000000000004,0.5,2804.866,XAUUSD,buy,H4
0.5,2024-10-31 00:00:00,2774.750785714286,2784.547,2783.554,Off,0.05,2790.067,ML,9.796214285714282,0.5,2804.1394285714287,XAUUSD,buy,H4
0.5,2024-10-31 04:00:00,2771.9724285714283,2782.048,2777.999,Off,0.05,2786.563,ML,10.075571428571427,0.5,2802.1991428571428,XAUUSD,buy,H4
0.5,2024-10-31 16:00:00,2733.573214285714,2746.442,2738.004,London,0.04,2749.747,ML,12.868785714285682,0.5,2772.1795714285713,XAUUSD,buy,H4
0.5,2024-11-01 00:00:00,2740.4927857142857,2751.77,2744.815,Off,0.04,2751.878,ML,11.277214285714276,0.5,2774.3244285714286,XAUUSD,buy,H4
0.5,2024-11-01 04:00:00,2737.861857142857,2749.642,2747.039,Off,0.04,2757.66,ML,11.780142857142826,0.5,2773.2022857142856,XAUUSD,buy,H4
0.5,2024-11-01 20:00:00,2724.541857142857,2736.69,2733.267,NY,0.04,2736.82,ML,12.14814285714283,0.5,2760.9862857142857,XAUUSD,buy,H4
0.5,2024-11-03 20:00:00,2726.1565,2738.352,2732.568,NY,0.04,2740.334,ML,12.195499999999972,0.5,2762.743,XAUUSD,buy,H4
0.5,2024-11-04 00:00:00,2728.527,2740.989,2735.343,Off,0.04,2742.401,ML,12.461999999999987,0.5,2765.913,XAUUSD,buy,H4
0.5,2024-11-04 04:00:00,2723.145285714286,2735.837,2735.052,Off,0.04,2744.781,ML,12.691714285714268,0.5,2761.2204285714283,XAUUSD,buy,H4
0.5,2024-11-04 08:00:00,2727.5649285714285,2740.609,2731.807,London,0.04,2745.304,ML,13.04407142857141,0.5,2766.697142857143,XAUUSD,buy,H4
0.5,2024-11-04 16:00:00,2728.2500714285716,2738.309,2731.742,London,0.05,2739.706,ML,10.058928571428591,0.5,2758.4268571428574,XAUUSD,buy,H4
0.5,2024-11-04 20:00:00,2726.5994285714287,2736.003,2736.003,NY,0.05,2738.571,ML,9.403571428571436,0.5,2754.810142857143,XAUUSD,buy,H4
0.5,2024-11-05 00:00:00,2725.3844285714285,2735.294,2724.694,Off,0.05,2736.677,ML,9.909571428571423,0.5,2755.1131428571425,XAUUSD,buy,H4
0.5,2024-11-05 04:00:00,2726.4317142857144,2736.532,2731.651,Off,0.05,2741.384,ML,10.100285714285716,0.5,2756.7325714285716,XAUUSD,buy,H4
0.5,2024-11-05 20:00:00,2736.4582142857143,2745.707,2739.61,NY,0.05,2746.441,ML,9.24878571428576,0.5,2764.2045714285714,XAUUSD,buy,H4
0.5,2024-11-06 04:00:00,2713.0905,2725.921,2701.319,Off,0.04,2743.708,ML,12.83050000000006,0.5,2751.582,XAUUSD,buy,H4
0.5,2024-11-06 12:00:00,2657.4032142857145,2675.715,2652.335,London,0.03,2708.066,ML,18.311785714285765,0.5,2712.338571428572,XAUUSD,buy,H4
0.5,2024-11-06 16:00:00,2648.5402857142853,2667.084,2661.553,London,0.03,2678.297,ML,18.543714285714323,0.5,2704.1714285714284,XAUUSD,buy,H4
0.5,2024-11-06 20:00:00,2645.6345714285712,2664.048,2658.958,NY,0.03,2667.716,ML,18.41342857142857,0.5,2700.874857142857,XAUUSD,buy,H4
0.5,2024-11-25 04:00:00,2650.968714285714,2667.774,2658.192,Off,0.03,2676.375,ML,16.805285714285706,0.5,2701.3845714285712,XAUUSD,buy,H4
0.5,2024-11-25 08:00:00,2669.1451428571427,2686.776,2667.098,London,0.03,2688.768,ML,17.630857142857135,0.5,2722.037714285714,XAUUSD,buy,H4
0.5,2024-11-25 20:00:00,2587.5480000000002,2610.46,2605.112,NY,0.02,2628.739,ML,22.91199999999997,0.5,2656.284,XAUUSD,buy,H4
0.5,2024-11-26 00:00:00,2606.042214285714,2630.375,2608.477,Off,0.02,2632.216,ML,24.332785714285688,0.5,2679.040571428571,XAUUSD,buy,H4
0.5,2024-11-26 04:00:00,2589.7788571428573,2614.036,2610.831,Off,0.02,2631.447,ML,24.25714285714285,0.5,2662.5502857142856,XAUUSD,buy,H4
0.5,2024-11-26 08:00:00,2608.611428571429,2633.213,2612.417,London,0.02,2633.226,ML,24.60157142857143,0.5,2682.416142857143,XAUUSD,buy,H4
0.5,2024-11-26 12:00:00,2604.2850000000003,2629.512,2616.664,London,0.02,2641.993,ML,25.227,0.5,2679.9660000000003,XAUUSD,buy,H4
0.5,2024-11-26 16:00:00,2603.418142857143,2628.025,2619.498,London,0.02,2631.485,ML,24.606857142857148,0.5,2677.238714285714,XAUUSD,buy,H4
0.5,2024-11-27 00:00:00,2613.189928571429,2637.722,2627.017,Off,0.02,2640.487,ML,24.532071428571435,0.5,2686.786142857143,XAUUSD,buy,H4
0.5,2024-11-27 04:00:00,2622.003,2646.625,2636.555,Off,0.02,2648.503,ML,24.62200000000004,0.5,2695.869,XAUUSD,buy,H4
0.5,2024-11-27 08:00:00,2630.0819285714288,2651.103,2643.187,London,0.02,2653.92,ML,21.021071428571467,0.5,2693.145142857143,XAUUSD,buy,H4
0.5,2024-11-27 16:00:00,2614.1530714285714,2634.703,2633.693,London,0.02,2644.288,ML,20.54992857142861,0.5,2675.802857142857,XAUUSD,buy,H4
0.5,2024-11-27 20:00:00,2620.6747142857143,2637.168,2634.221,NY,0.03,2639.03,ML,16.493285714285776,0.5,2670.1545714285717,XAUUSD,buy,H4
0.5,2024-11-28 08:00:00,2632.4883571428572,2646.884,2635.668,London,0.03,2649.674,ML,14.395642857142873,0.5,2675.6752857142856,XAUUSD,buy,H4
0.5,2024-11-28 12:00:00,2624.3409285714283,2638.104,2636.215,London,0.04,2647.975,ML,13.763071428571427,0.5,2665.630142857143,XAUUSD,buy,H4
0.5,2024-11-28 16:00:00,2627.964642857143,2640.597,2637.479,London,0.04,2642.458,ML,12.632357142857147,0.5,2665.8617142857147,XAUUSD,buy,H4
0.5,2024-11-29 16:00:00,2643.0907857142856,2655.23,2655.23,London,0.04,2662.278,ML,12.13921428571429,0.5,2679.508428571429,XAUUSD,buy,H4
0.5,2024-12-01 20:00:00,2634.2687142857144,2645.659,2643.053,NY,0.04,2650.324,ML,11.39028571428571,0.5,2668.4395714285715,XAUUSD,buy,H4
0.5,2024-12-02 00:00:00,2616.868857142857,2629.272,2622.897,Off,0.04,2647.672,ML,12.403142857142871,0.5,2654.078285714286,XAUUSD,buy,H4
0.5,2024-12-02 08:00:00,2628.819785714286,2641.885,2626.514,London,0.04,2646.37,ML,13.065214285714289,0.5,2668.015428571429,XAUUSD,buy,H4
0.5,2024-12-02 20:00:00,2629.2554999999998,2642.211,2635.267,NY,0.04,2644.203,ML,12.95550000000006,0.5,2668.122,XAUUSD,buy,H4
0.5,2024-12-03 00:00:00,2627.0205714285717,2640.427,2634.033,Off,0.04,2645.325,ML,13.406428571428608,0.5,2667.2398571428575,XAUUSD,buy,H4
0.5,2024-12-03 04:00:00,2630.534642857143,2644.622,2637.08,Off,0.03,2650.066,ML,14.08735714285714,0.5,2672.796714285714,XAUUSD,buy,H4
0.5,2024-12-03 12:00:00,2626.8839285714284,2640.435,2635.166,London,0.04,2655.665,ML,13.551071428571406,0.5,2667.537142857143,XAUUSD,buy,H4
0.5,2024-12-03 16:00:00,2627.5268571428574,2640.998,2638.837,London,0.04,2649.164,ML,13.471142857142857,0.5,2667.940285714286,XAUUSD,buy,H4
0.5,2024-12-03 20:00:00,2630.0235714285714,2642.721,2640.626,NY,0.04,2644.226,ML,12.697428571428548,0.5,2668.1158571428573,XAUUSD,buy,H4
0.5,2024-12-04 00:00:00,2631.557642857143,2644.501,2637.602,Off,0.04,2648.093,ML,12.943357142857137,0.5,2670.3877142857145,XAUUSD,buy,H4
0.5,2024-12-04 16:00:00,2639.6765,2651.7,2646.83,London,0.04,2655.581,ML,12.02349999999998,0.5,2675.747,XAUUSD,buy,H4
0.5,2024-12-04 20:00:00,2639.1485,2650.397,2648.066,NY,0.04,2651.962,ML,11.248499999999988,0.5,2672.894,XAUUSD,buy,H4
0.5,2024-12-05 00:00:00,2637.9680714285714,2648.882,2644.575,Off,0.04,2650.717,ML,10.913928571428576,0.5,2670.7098571428573,XAUUSD,buy,H4
0.5,2024-12-05 16:00:00,2617.3375714285717,2629.8,2623.444,London,0.04,2643.395,ML,12.462428571428584,0.5,2654.724857142857,XAUUSD,buy,H4
0.5,2024-12-05 20:00:00,2622.295785714286,2633.713,2627.966,NY,0.04,2633.832,ML,11.41721428571431,0.5,2656.547428571429,XAUUSD,buy,H4
0.5,2024-12-12 04:00:00,2701.608,2716.047,2709.689,Off,0.03,2720.389,ML,14.439000000000012,0.5,2744.925,XAUUSD,buy,H4
0.5,2024-12-12 08:00:00,2696.6168571428575,2710.934,2707.31,London,0.03,2719.428,ML,14.31714285714286,0.5,2739.568285714286,XAUUSD,buy,H4
0.5,2024-12-12 12:00:00,2663.5320714285713,2679.785,2675.078,London,0.03,2712.392,ML,16.25292857142855,0.5,2712.290857142857,XAUUSD,buy,H4
0.5,2024-12-12 16:00:00,2667.306857142857,2683.133,2677.298,London,0.03,2687.039,ML,15.826142857142877,0.5,2714.7852857142857,XAUUSD,buy,H4
0.5,2024-12-12 20:00:00,2665.893,2680.623,2679.454,NY,0.03,2683.577,ML,14.730000000000018,0.5,2710.083,XAUUSD,buy,H4
0.5,2024-12-13 20:00:00,2634.3804999999998,2648.392,2646.046,NY,0.03,2653.53,ML,14.011500000000035,0.5,2676.415,XAUUSD,buy,H4
0.5,2024-12-15 20:00:00,2637.8344285714284,2651.479,2648.793,NY,0.04,2653.127,ML,13.644571428571483,0.5,2678.7681428571427,XAUUSD,buy,H4
0.5,2024-12-16 12:00:00,2641.488642857143,2654.472,2650.833,London,0.04,2664.447,ML,12.983357142857196,0.5,2680.4387142857145,XAUUSD,buy,H4
0.5,2024-12-16 16:00:00,2642.4605,2653.299,2648.505,London,0.04,2655.791,ML,10.838500000000067,0.5,2674.976,XAUUSD,buy,H4
0.5,2024-12-16 20:00:00,2641.446,2651.744,2651.46,NY,0.05,2653.634,ML,10.298000000000034,0.5,2672.34,XAUUSD,buy,H4
0.5,2024-12-17 12:00:00,2629.7730714285717,2640.206,2632.966,London,0.05,2646.968,ML,10.432928571428617,0.5,2661.0718571428574,XAUUSD,buy,H4
0.5,2024-12-17 20:00:00,2637.923142857143,2647.378,2643.083,NY,0.05,2647.681,ML,9.454857142857204,0.5,2666.2877142857146,XAUUSD,buy,H4
0.5,2024-12-18 04:00:00,2635.0712857142858,2644.61,2642.687,Off,0.05,2649.551,ML,9.538714285714311,0.5,2663.687428571429,XAUUSD,buy,H4
0.5,2024-12-26 16:00:00,2626.824357142857,2634.95,2627.885,London,0.06,2636.838,ML,8.125642857142793,0.5,2651.2012857142854,XAUUSD,buy,H4
0.5,2024-12-26 20:00:00,2624.4998571428573,2632.684,2624.659,NY,0.06,2636.162,ML,8.184142857142758,0.5,2649.0522857142855,XAUUSD,buy,H4
0.5,2024-12-27 00:00:00,2625.6493571428573,2633.698,2628.886,Off,0.06,2635.512,ML,8.048642857142795,0.5,2649.7952857142855,XAUUSD,buy,H4
0.5,2024-12-27 12:00:00,2608.8115000000003,2618.134,2611.579,London,0.05,2631.55,ML,9.322499999999923,0.5,2636.779,XAUUSD,buy,H4
0.5,2024-12-29 20:00:00,2614.8126428571427,2624.035,2621.632,NY,0.05,2626.159,ML,9.222357142857064,0.5,2642.479714285714,XAUUSD,buy,H4
0.5,2024-12-30 00:00:00,2617.220357142857,2626.579,2621.486,Off,0.05,2628.138,ML,9.358642857142806,0.5,2645.2962857142857,XAUUSD,buy,H4
0.5,2025-01-03 04:00:00,2643.761285714286,2654.195,2651.924,Off,0.05,2664.409,ML,10.43371428571436,0.5,2675.062428571429,XAUUSD,buy,H4
0.5,2025-01-03 16:00:00,2629.417857142857,2639.433,2638.954,London,0.05,2647.264,ML,10.01514285714292,0.5,2659.463285714286,XAUUSD,buy,H4
0.5,2025-01-05 20:00:00,2631.1435,2641.063,2639.644,NY,0.05,2642.379,ML,9.919500000000037,0.5,2660.902,XAUUSD,buy,H4
0.5,2025-01-06 00:00:00,2629.937142857143,2640.19,2638.575,Off,0.05,2647.434,ML,10.252857142857206,0.5,2660.6957142857145,XAUUSD,buy,H4
0.5,2025-01-06 04:00:00,2616.5451428571428,2626.937,2625.058,Off,0.05,2640.824,ML,10.3918571428572,0.5,2647.720714285714,XAUUSD,buy,H4
0.5,2025-01-07 00:00:00,2627.607,2639.563,2632.927,Off,0.04,2641.146,ML,11.956,0.5,2663.475,XAUUSD,buy,H4
0.5,2025-01-07 08:00:00,2636.664,2648.389,2640.031,London,0.04,2648.689,ML,11.724999999999977,0.5,2671.839,XAUUSD,buy,H4
0.5,2025-01-08 08:00:00,2638.5756428571426,2650.89,2647.565,London,0.04,2655.158,ML,12.3143571428571,0.5,2675.518714285714,XAUUSD,buy,H4
0.5,2025-01-08 16:00:00,2645.757071428571,2658.301,2649.388,London,0.04,2670.053,ML,12.543928571428555,0.5,2683.388857142857,XAUUSD,buy,H4
0.5,2025-01-08 20:00:00,2652.008,2662.507,2658.276,NY,0.05,2664.059,ML,10.499000000000024,0.5,2683.505,XAUUSD,buy,H4
0.5,2025-01-09 00:00:00,2649.034285714286,2659.369,2656.267,Off,0.05,2662.849,ML,10.334714285714329,0.5,2680.038428571429,XAUUSD,buy,H4
0.5,2025-01-09 04:00:00,2651.572357142857,2662.45,2655.437,Off,0.04,2666.973,ML,10.877642857142908,0.5,2684.2052857142858,XAUUSD,buy,H4
0.5,2025-01-09 16:00:00,2658.7955,2670.19,2662.644,London,0.04,2672.51,ML,11.394500000000107,0.5,2692.9790000000003,XAUUSD,buy,H4
0.5,2025-01-09 20:00:00,2659.9527857142857,2669.952,2668.492,NY,0.05,2671.337,ML,9.999214285714386,0.5,2689.950428571429,XAUUSD,buy,H4
0.5,2025-01-10 16:00:00,2673.6341428571427,2685.855,2684.586,London,0.04,2697.965,ML,12.220857142857312,0.5,2710.2967142857146,XAUUSD,buy,H4
0.5,2025-01-10 20:00:00,2678.2412142857142,2689.551,2684.5,NY,0.04,2693.773,ML,11.309785714285876,0.5,2712.1705714285717,XAUUSD,buy,H4
0.5,2025-01-12 20:00:00,2680.999857142857,2691.105,2687.575,NY,0.05,2691.375,ML,10.105142857143036,0.5,2711.315285714286,XAUUSD,buy,H4
0.5,2025-01-13 04:00:00,2674.3006428571425,2685.102,2683.273,Off,0.04,2691.323,ML,10.801357142857276,0.5,2706.7047142857145,XAUUSD,buy,H4
0.5,2025-01-13 08:00:00,2664.9517142857144,2675.952,2675.449,London,0.04,2689.77,ML,11.000285714285836,0.5,2697.952571428572,XAUUSD,buy,H4
0.5,2025-01-13 12:00:00,2650.6305714285713,2661.867,2661.081,London,0.04,2677.218,ML,11.236428571428664,0.5,2684.3398571428575,XAUUSD,buy,H4
0.5,2025-01-14 00:00:00,2658.2595714285717,2669.78,2666.397,Off,0.04,2672.324,ML,11.52042857142864,0.5,2692.8208571428577,XAUUSD,buy,H4
0.5,2025-01-14 12:00:00,2659.3678571428572,2671.779,2659.773,London,0.04,2674.462,ML,12.41114285714288,0.5,2696.601285714286,XAUUSD,buy,H4
0.5,2025-01-14 20:00:00,2665.4195,2675.589,2671.836,NY,0.05,2678.294,ML,10.169500000000005,0.5,2695.928,XAUUSD,buy,H4
0.5,2025-01-15 00:00:00,2666.0869285714284,2676.091,2669.382,Off,0.05,2676.339,ML,10.004071428571413,0.5,2696.099142857143,XAUUSD,buy,H4
0.5,2025-01-15 04:00:00,2670.8767857142857,2681.313,2674.183,Off,0.05,2684.033,ML,10.436214285714252,0.5,2702.1854285714285,XAUUSD,buy,H4
0.5,2025-01-15 08:00:00,2676.782,2686.779,2681.151,London,0.05,2689.064,ML,9.99699999999994,0.5,2706.7729999999997,XAUUSD,buy,H4
0.5,2025-01-15 12:00:00,2667.666142857143,2678.475,2676.64,London,0.04,2696.056,ML,10.808857142857116,0.5,2700.092714285714,XAUUSD,buy,H4
0.5,2025-01-16 08:00:00,2695.7415,2706.412,2697.129,London,0.04,2711.137,ML,10.670499999999947,0.5,2727.7529999999997,XAUUSD,buy,H4
0.5,2025-01-16 20:00:00,2703.794,2714.578,2712.401,NY,0.04,2717.078,ML,10.783999999999976,0.5,2736.1459999999997,XAUUSD,buy,H4
0.5,2025-01-17 20:00:00,2692.3024285714287,2702.879,2699.242,NY,0.05,2704.088,ML,10.576571428571404,0.5,2724.032142857143,XAUUSD,buy,H4
0.5,2025-01-19 20:00:00,2686.323785714286,2696.424,2691.55,NY,0.05,2703.083,ML,10.100214285714271,0.5,2716.6244285714283,XAUUSD,buy,H4
0.5,2025-01-20 04:00:00,2692.636,2703.592,2702.279,Off,0.04,2713.77,ML,10.956,0.5,2725.504,XAUUSD,buy,H4
0.5,2025-01-20 08:00:00,2697.420285714286,2708.333,2703.003,London,0.04,2712.478,ML,10.912714285714303,0.5,2730.158428571429,XAUUSD,buy,H4
0.5,2025-01-20 12:00:00,2696.4365000000003,2707.065,2701.915,London,0.04,2711.944,ML,10.6285,0.5,2728.322,XAUUSD,buy,H4
0.5,2025-01-20 20:00:00,2701.052785714286,2710.445,2706.593,NY,0.05,2711.012,ML,9.392214285714315,0.5,2729.229428571429,XAUUSD,buy,H4
0.5,2025-01-21 08:00:00,2712.6292857142857,2723.998,2716.499,London,0.04,2730.056,ML,11.368714285714336,0.5,2746.7354285714287,XAUUSD,buy,H4
0.5,2025-01-21 16:00:00,2731.1910714285714,2742.838,2737.837,London,0.04,2745.963,ML,11.64692857142862,0.5,2766.1318571428574,XAUUSD,buy,H4
0.5,2025-01-21 20:00:00,2733.226714285714,2744.259,2740.084,NY,0.04,2745.863,ML,11.032285714285765,0.5,2766.3235714285715,XAUUSD,buy,H4
0.5,2025-01-23 00:00:00,2739.2927142857143,2749.972,2749.474,Off,0.04,2756.3,ML,10.67928571428573,0.5,2771.3305714285716,XAUUSD,buy,H4
0.5,2025-01-23 04:00:00,2741.9037857142857,2752.683,2749.757,Off,0.04,2755.575,ML,10.77921428571426,0.5,2774.2414285714285,XAUUSD,buy,H4
0.5,2025-01-23 08:00:00,2741.875,2751.924,2740.871,London,0.05,2754.789,ML,10.048999999999978,0.5,2772.022,XAUUSD,buy,H4
0.5,2025-01-24 00:00:00,2761.5674285714285,2772.308,2754.338,Off,0.04,2777.446,ML,10.74057142857136,0.5,2793.789142857143,XAUUSD,buy,H4
0.5,2025-01-26 20:00:00,2757.708,2767.553,2765.185,NY,0.05,2769.721,ML,9.844999999999995,0.5,2787.243,XAUUSD,buy,H4
0.5,2025-01-27 04:00:00,2738.021928571429,2749.478,2747.189,Off,0.04,2761.075,ML,11.456071428571445,0.5,2772.390142857143,XAUUSD,buy,H4
0.5,2025-02-05 20:00:00,2854.9657857142856,2869.279,2859.882,NY,0.03,2870.985,ML,14.313214285714205,0.5,2897.9054285714283,XAUUSD,buy,H4
0.5,2025-02-06 04:00:00,2841.035785714286,2855.837,2855.002,Off,0.03,2872.366,ML,14.801214285714227,0.5,2885.4394285714284,XAUUSD,buy,H4
0.5,2025-02-06 08:00:00,2850.7163571428573,2865.972,2848.904,London,0.03,2867.342,ML,15.255642857142805,0.5,2896.483285714286,XAUUSD,buy,H4
0.5,2025-02-06 16:00:00,2837.2810714285715,2853.746,2848.038,London,0.03,2854.755,ML,16.46492857142854,0.5,2886.6758571428572,XAUUSD,buy,H4
0.5,2025-02-06 20:00:00,2843.3818571428574,2858.0,2853.575,NY,0.03,2858.779,ML,14.618142857142857,0.5,2887.2362857142857,XAUUSD,buy,H4
0.5,2025-02-07 00:00:00,2852.5452142857143,2867.193,2857.713,Off,0.03,2870.645,ML,14.647785714285712,0.5,2896.4885714285715,XAUUSD,buy,H4
0.5,2025-02-07 12:00:00,2864.169428571429,2880.315,2852.393,London,0.03,2886.747,ML,16.145571428571397,0.5,2912.606142857143,XAUUSD,buy,H4
0.5,2025-02-09 20:00:00,2852.264857142857,2867.495,2860.092,NY,0.03,2870.59,ML,15.230142857142871,0.5,2897.9552857142858,XAUUSD,buy,H4
0.5,2025-02-10 00:00:00,2860.3672142857145,2875.572,2865.83,Off,0.03,2876.578,ML,15.204785714285729,0.5,2905.9815714285714,XAUUSD,buy,H4
0.5,2025-02-10 04:00:00,2879.3997142857143,2895.506,2874.327,Off,0.03,2896.593,ML,16.1062857142857,0.5,2927.718571428571,XAUUSD,buy,H4
0.5,2025-02-11 08:00:00,2885.8925000000004,2903.981,2901.864,London,0.03,2915.322,ML,18.08849999999997,0.5,2940.1580000000004,XAUUSD,buy,H4
0.5,2025-02-11 12:00:00,2885.462857142857,2904.794,2881.733,London,0.03,2906.574,ML,19.331142857142822,0.5,2943.4562857142855,XAUUSD,buy,H4
0.5,2025-02-11 20:00:00,2882.5304285714287,2898.536,2894.018,NY,0.03,2900.906,ML,16.005571428571393,0.5,2930.5471428571427,XAUUSD,buy,H4
0.5,2025-02-12 00:00:00,2872.2333571428576,2889.001,2883.76,Off,0.03,2898.84,ML,16.767642857142814,0.5,2922.536285714286,XAUUSD,buy,H4
0.5,2025-02-12 04:00:00,2875.883428571429,2892.773,2883.668,Off,0.03,2895.873,ML,16.889571428571376,0.5,2926.552142857143,XAUUSD,buy,H4
0.5,2025-02-12 20:00:00,2887.8975714285716,2905.781,2895.517,NY,0.03,2906.403,ML,17.883428571428503,0.5,2941.547857142857,XAUUSD,buy,H4
0.5,2025-02-13 00:00:00,2898.3444285714286,2916.446,2901.454,Off,0.03,2918.169,ML,18.101571428571333,0.5,2952.6491428571426,XAUUSD,buy,H4
0.5,2025-02-13 04:00:00,2897.076357142857,2914.569,2912.531,Off,0.03,2922.801,ML,17.492642857142755,0.5,2949.5542857142855,XAUUSD,buy,H4
0.5,2025-02-13 16:00:00,2911.6659285714286,2926.812,2912.887,London,0.03,2927.402,ML,15.146071428571336,0.5,2957.1041428571425,XAUUSD,buy,H4
0.5,2025-02-13 20:00:00,2917.3020714285717,2931.217,2924.879,NY,0.03,2932.484,ML,13.914928571428488,0.5,2959.046857142857,XAUUSD,buy,H4
0.5,2025-02-14 00:00:00,2910.300142857143,2924.33,2923.164,Off,0.03,2933.879,ML,14.029857142857022,0.5,2952.389714285714,XAUUSD,buy,H4
0.5,2025-02-14 12:00:00,2885.752214285714,2901.939,2892.899,London,0.03,2933.366,ML,16.186785714285634,0.5,2934.312571428571,XAUUSD,buy,H4
0.5,2025-02-14 16:00:00,2863.569571428571,2880.499,2878.691,London,0.03,2903.915,ML,16.92942857142852,0.5,2914.357857142857,XAUUSD,buy,H4
0.5,2025-02-17 00:00:00,2887.513,2903.603,2879.254,Off,0.03,2904.607,ML,16.089999999999982,0.5,2935.783,XAUUSD,buy,H4
0.5,2025-02-17 04:00:00,2886.3656428571426,2902.49,2888.211,Off,0.03,2905.407,ML,16.124357142857175,0.5,2934.738714285714,XAUUSD,buy,H4
0.5,2025-02-17 08:00:00,2884.783785714286,2900.992,2895.044,London,0.03,2906.488,ML,16.208214285714316,0.5,2933.408428571429,XAUUSD,buy,H4
0.5,2025-02-17 12:00:00,2883.1185,2899.232,2895.45,London,0.03,2904.162,ML,16.113500000000027,0.5,2931.459,XAUUSD,buy,H4
0.5,2025-02-17 16:00:00,2882.0504285714283,2897.392,2896.544,London,0.03,2901.34,ML,15.341571428571472,0.5,2928.075142857143,XAUUSD,buy,H4
0.5,2025-02-18 00:00:00,2893.7377857142856,2909.016,2892.003,Off,0.03,2910.863,ML,15.278214285714316,0.5,2939.5724285714286,XAUUSD,buy,H4
0.5,2025-02-18 04:00:00,2896.384142857143,2911.501,2907.173,Off,0.03,2915.629,ML,15.116857142857205,0.5,2941.7347142857147,XAUUSD,buy,H4
0.5,2025-02-18 12:00:00,2911.797,2927.02,2912.054,London,0.03,2929.609,ML,15.223000000000022,0.5,2957.466,XAUUSD,buy,H4
0.5,2025-02-18 20:00:00,2922.301428571429,2934.061,2932.393,NY,0.04,2936.788,ML,11.75957142857143,0.5,2957.580142857143,XAUUSD,buy,H4
0.5,2025-02-19 00:00:00,2916.611571428571,2928.825,2924.081,Off,0.04,2939.653,ML,12.21342857142856,0.5,2953.251857142857,XAUUSD,buy,H4
0.5,2025-02-19 08:00:00,2924.170142857143,2935.079,2933.718,London,0.04,2947.041,ML,10.908857142857157,0.5,2956.8967142857146,XAUUSD,buy,H4
0.5,2025-02-19 12:00:00,2914.8862142857142,2925.721,2925.498,London,0.04,2941.657,ML,10.834785714285706,0.5,2947.3905714285715,XAUUSD,buy,H4
0.5,2025-02-19 16:00:00,2920.7547142857143,2931.754,2918.591,London,0.04,2932.338,ML,10.999285714285731,0.5,2953.752571428571,XAUUSD,buy,H4
0.5,2025-02-19 20:00:00,2924.566357142857,2935.384,2931.292,NY,0.04,2937.461,ML,10.817642857142866,0.5,2957.0192857142856,XAUUSD,buy,H4
0.5,2025-02-20 00:00:00,2930.708071428571,2941.913,2933.852,Off,0.04,2944.07,ML,11.204928571428582,0.5,2964.322857142857,XAUUSD,buy,H4
0.5,2025-02-20 04:00:00,2936.821785714286,2948.925,2939.267,Off,0.04,2954.216,ML,12.103214285714298,0.5,2973.131428571429,XAUUSD,buy,H4
0.5,2025-02-20 12:00:00,2925.927642857143,2938.545,2924.123,London,0.04,2950.825,ML,12.617357142857143,0.5,2963.7797142857144,XAUUSD,buy,H4
0.5,2025-02-20 20:00:00,2929.199,2941.53,2935.521,NY,0.04,2943.433,ML,12.331000000000031,0.5,2966.1920000000005,XAUUSD,buy,H4
0.5,2025-02-21 04:00:00,2916.5867142857146,2930.07,2924.186,Off,0.04,2934.048,ML,13.48328571428572,0.5,2957.0365714285717,XAUUSD,buy,H4
0.5,2025-02-21 20:00:00,2922.68,2936.453,2932.144,NY,0.04,2938.227,ML,13.773000000000009,0.5,2963.999,XAUUSD,buy,H4
0.5,2025-02-23 20:00:00,2923.781142857143,2936.867,2936.426,NY,0.04,2940.553,ML,13.085857142857126,0.5,2963.0387142857144,XAUUSD,buy,H4
0.5,2025-02-25 04:00:00,2918.0979285714284,2931.736,2930.471,Off,0.04,2940.964,ML,13.63807142857146,0.5,2959.012142857143,XAUUSD,buy,H4
0.5,2025-02-25 08:00:00,2924.7678571428573,2938.626,2929.488,London,0.03,2942.431,ML,13.858142857142932,0.5,2966.342285714286,XAUUSD,buy,H4
0.5,2025-03-07 16:00:00,2889.618,2905.229,2901.86,London,0.03,2919.423,ML,15.610999999999974,0.5,2936.4509999999996,XAUUSD,buy,H4
0.5,2025-03-07 20:00:00,2897.1876428571427,2911.256,2904.716,NY,0.03,2912.633,ML,14.0683571428571,0.5,2939.392714285714,XAUUSD,buy,H4
0.5,2025-03-09 20:00:00,2902.9322857142856,2916.187,2909.626,NY,0.04,2917.051,ML,13.25471428571424,0.5,2942.6964285714284,XAUUSD,buy,H4
0.5,2025-03-10 04:00:00,2894.8919285714287,2908.444,2904.333,Off,0.04,2915.429,ML,13.55207142857135,0.5,2935.5481428571425,XAUUSD,buy,H4
0.5,2025-03-10 08:00:00,2890.0070714285716,2904.027,2895.606,London,0.03,2915.472,ML,14.019928571428506,0.5,2932.066857142857,XAUUSD,buy,H4
0.5,2025-03-14 20:00:00,2972.275642857143,2986.37,2981.705,NY,0.03,2988.812,ML,14.094357142857136,0.5,3014.5587142857144,XAUUSD,buy,H4
0.5,2025-03-16 20:00:00,2976.296642857143,2990.061,2986.054,NY,0.04,2994.118,ML,13.764357142857111,0.5,3017.5897142857143,XAUUSD,buy,H4
0.5,2025-03-17 00:00:00,2973.1991428571428,2986.917,2985.22,Off,0.04,2993.091,ML,13.717857142857124,0.5,3014.3527142857142,XAUUSD,buy,H4
0.5,2025-03-17 04:00:00,2971.966785714286,2985.538,2982.158,Off,0.04,2990.745,ML,13.571214285714277,0.5,3012.6804285714284,XAUUSD,buy,H4
0.5,2025-03-17 12:00:00,2983.073214285714,2997.115,2984.718,London,0.03,3000.512,ML,14.04178571428575,0.5,3025.198571428571,XAUUSD,buy,H4
0.5,2025-03-17 16:00:00,2988.398357142857,3000.173,2993.027,London,0.04,3000.838,ML,11.774642857142908,0.5,3023.7222857142856,XAUUSD,buy,H4
0.5,2025-03-17 20:00:00,2988.479714285714,2999.831,2999.583,NY,0.04,3002.8,ML,11.351285714285757,0.5,3022.5335714285716,XAUUSD,buy,H4
0.5,2025-03-18 12:00:00,3020.2296428571426,3031.758,3024.72,London,0.04,3038.334,ML,11.528357142857203,0.5,3054.814714285714,XAUUSD,buy,H4
0.5,2025-03-18 20:00:00,3021.4517857142855,3031.774,3031.512,NY,0.05,3035.971,ML,10.322214285714349,0.5,3052.4184285714286,XAUUSD,buy,H4
0.5,2025-03-19 00:00:00,3025.674071428571,3036.325,3027.32,Off,0.04,3039.029,ML,10.650928571428624,0.5,3057.6268571428573,XAUUSD,buy,H4
0.5,2025-03-19 04:00:00,3025.028428571429,3035.896,3034.256,Off,0.04,3045.353,ML,10.867571428571509,0.5,3057.631142857143,XAUUSD,buy,H4
0.5,2025-03-20 08:00:00,3021.2284285714286,3034.433,3025.619,London,0.04,3046.258,ML,13.20457142857143,0.5,3060.842142857143,XAUUSD,buy,H4
0.5,2025-03-20 12:00:00,3027.592071428571,3040.765,3029.883,London,0.04,3042.329,ML,13.17292857142859,0.5,3067.110857142857,XAUUSD,buy,H4
0.5,2025-03-20 16:00:00,3031.500642857143,3044.602,3033.884,London,0.04,3046.094,ML,13.101357142857166,0.5,3070.804714285714,XAUUSD,buy,H4
0.5,2025-03-20 20:00:00,3034.0595,3046.409,3043.518,NY,0.04,3046.606,ML,12.349500000000036,0.5,3071.108,XAUUSD,buy,H4
0.5,2025-03-21 00:00:00,3017.571,3030.585,3029.974,Off,0.04,3047.435,ML,13.014000000000026,0.5,3056.6130000000003,XAUUSD,buy,H4
0.5,2025-03-21 04:00:00,3018.346785714286,3031.927,3021.553,Off,0.04,3033.939,ML,13.58021428571432,0.5,3059.087428571429,XAUUSD,buy,H4
0.5,2025-03-21 16:00:00,3004.9467142857143,3020.001,3010.66,London,0.03,3022.022,ML,15.054285714285763,0.5,3050.1095714285716,XAUUSD,buy,H4
0.5,2025-03-21 20:00:00,3009.2251428571426,3023.493,3019.974,NY,0.03,3024.274,ML,14.267857142857142,0.5,3052.028714285714,XAUUSD,buy,H4
0.5,2025-03-23 20:00:00,3011.769357142857,3024.721,3022.143,NY,0.04,3026.293,ML,12.951642857142849,0.5,3050.6242857142856,XAUUSD,buy,H4
0.5,2025-03-24 00:00:00,3003.659357142857,3016.959,3013.646,Off,0.04,3025.648,ML,13.299642857142835,0.5,3043.5582857142854,XAUUSD,buy,H4
0.5,2025-03-24 04:00:00,3008.973857142857,3022.361,3016.524,Off,0.04,3028.904,ML,13.387142857142862,0.5,3049.1352857142856,XAUUSD,buy,H4
0.5,2025-03-24 20:00:00,2996.842857142857,3009.91,3005.559,NY,0.04,3014.58,ML,13.067142857142828,0.5,3036.0442857142857,XAUUSD,buy,H4
0.5,2025-03-25 00:00:00,3001.777857142857,3015.248,3007.492,Off,0.04,3016.222,ML,13.470142857142816,0.5,3042.1882857142855,XAUUSD,buy,H4
0.5,2025-03-25 04:00:00,2998.157928571429,3011.13,3010.521,Off,0.04,3021.009,ML,12.972071428571391,0.5,3037.0741428571428,XAUUSD,buy,H4
0.5,2025-03-25 20:00:00,3009.784785714286,3021.041,3018.832,NY,0.04,3022.462,ML,11.25621428571422,0.5,3043.5534285714284,XAUUSD,buy,H4
0.5,2025-03-26 08:00:00,3014.6851428571426,3027.584,3016.886,London,0.04,3032.042,ML,12.898857142857098,0.5,3053.381714285714,XAUUSD,buy,H4
0.5,2025-03-26 12:00:00,3002.6039285714287,3015.878,3012.325,London,0.04,3029.958,ML,13.274071428571396,0.5,3042.426142857143,XAUUSD,buy,H4
0.5,2025-03-26 20:00:00,3010.054,3021.623,3017.155,NY,0.04,3021.855,ML,11.56899999999996,0.5,3044.761,XAUUSD,buy,H4
0.5,2025-03-27 12:00:00,3038.3680714285715,3052.206,3033.403,London,0.03,3059.819,ML,13.83792857142862,0.5,3079.8818571428574,XAUUSD,buy,H4
0.5,2025-03-27 20:00:00,3043.588357142857,3055.71,3054.163,NY,0.04,3057.637,ML,12.121642857142888,0.5,3079.953285714286,XAUUSD,buy,H4
0.5,2025-03-28 04:00:00,3065.4627857142855,3079.348,3072.446,Off,0.03,3086.017,ML,13.88521428571432,0.5,3107.1184285714285,XAUUSD,buy,H4
0.5,2025-03-28 08:00:00,3062.1727142857144,3076.369,3066.167,London,0.03,3081.245,ML,14.19628571428575,0.5,3104.7615714285716,XAUUSD,buy,H4
0.5,2025-03-28 16:00:00,3066.5322857142855,3080.734,3073.488,London,0.03,3086.742,ML,14.201714285714322,0.5,3109.1374285714287,XAUUSD,buy,H4
0.5,2025-03-28 20:00:00,3071.686857142857,3085.002,3080.762,NY,0.04,3085.955,ML,13.315142857142876,0.5,3111.632285714286,XAUUSD,buy,H4
0.5,2025-03-30 20:00:00,3075.385071428572,3089.213,3087.793,NY,0.03,3097.884,ML,13.827928571428597,0.5,3116.8688571428575,XAUUSD,buy,H4
0.5,2025-03-31 08:00:00,3102.5769285714287,3119.48,3111.82,London,0.03,3127.156,ML,16.90307142857143,0.5,3153.2861428571427,XAUUSD,buy,H4
0.5,2025-03-31 12:00:00,3096.522214285714,3113.807,3099.753,London,0.03,3127.236,ML,17.284785714285686,0.5,3148.376571428571,XAUUSD,buy,H4
0.5,2025-03-31 16:00:00,3108.0352142857146,3124.36,3111.637,London,0.03,3124.613,ML,16.32478571428565,0.5,3157.0095714285712,XAUUSD,buy,H4
0.5,2025-03-31 20:00:00,3104.518142857143,3120.581,3120.051,NY,0.03,3126.447,ML,16.06285714285712,0.5,3152.7067142857145,XAUUSD,buy,H4
0.5,2025-04-01 20:00:00,3096.799642857143,3115.168,3107.742,NY,0.03,3120.847,ML,18.36835714285712,0.5,3151.9047142857144,XAUUSD,buy,H4
0.5,2025-04-02 04:00:00,3105.3180714285713,3125.314,3108.623,Off,0.02,3126.779,ML,19.99592857142856,0.5,3165.305857142857,XAUUSD,buy,H4
0.5,2025-04-02 08:00:00,3102.0237142857145,3121.23,3110.096,London,0.03,3133.878,ML,19.20628571428571,0.5,3159.6425714285715,XAUUSD,buy,H4
0.5,2025-04-02 12:00:00,3107.151,3125.883,3116.597,London,0.03,3132.209,ML,18.73199999999997,0.5,3163.3469999999998,XAUUSD,buy,H4
0.5,2025-04-03 00:00:00,3125.971714285714,3148.066,3140.717,Off,0.02,3164.812,ML,22.094285714285725,0.5,3192.254571428571,XAUUSD,buy,H4
0.5,2025-04-03 04:00:00,3104.9412857142856,3128.957,3116.392,Off,0.02,3149.688,ML,24.015714285714303,0.5,3176.9884285714284,XAUUSD,buy,H4
0.5,2025-04-03 08:00:00,3067.7612142857142,3093.188,3085.091,London,0.02,3132.019,ML,25.426785714285707,0.5,3144.0415714285714,XAUUSD,buy,H4
0.5,2025-04-03 12:00:00,3081.0524285714287,3110.521,3054.052,London,0.02,3135.594,ML,29.46857142857139,0.5,3169.458142857143,XAUUSD,buy,H4
0.5,2025-04-03 16:00:00,3078.0009999999997,3107.593,3099.949,London,0.02,3114.282,ML,29.591999999999967,0.5,3166.7769999999996,XAUUSD,buy,H4
0.5,2025-04-03 20:00:00,3084.072,3112.884,3107.2,NY,0.02,3119.962,ML,28.812,0.5,3170.508,XAUUSD,buy,H4
0.5,2025-04-04 16:00:00,2998.3719285714287,3036.427,3015.556,London,0.01,3040.922,ML,38.05507142857141,0.5,3112.537142857143,XAUUSD,buy,H4
0.5,2025-04-04 20:00:00,3001.0596428571425,3038.506,3033.824,NY,0.01,3040.914,ML,37.44635714285716,0.5,3113.398714285714,XAUUSD,buy,H4
0.5,2025-04-06 20:00:00,2959.2277142857142,2999.944,2977.024,NY,0.01,3032.445,ML,40.71628571428573,0.5,3081.3765714285714,XAUUSD,buy,H4
0.5,2025-04-07 00:00:00,2976.631,3018.922,2970.689,Off,0.01,3055.804,ML,42.29100000000004,0.5,3103.504,XAUUSD,buy,H4
0.5,2025-04-07 04:00:00,2975.7541428571426,3018.569,3013.2,Off,0.01,3044.629,ML,42.8148571428572,0.5,3104.1987142857142,XAUUSD,buy,H4
0.5,2025-04-14 04:00:00,3200.154071428571,3228.013,3221.386,Off,0.02,3238.126,ML,27.85892857142861,0.5,3283.730857142857,XAUUSD,buy,H4
0.5,2025-04-14 08:00:00,3195.5374285714283,3223.359,3206.325,London,0.02,3231.749,ML,27.821571428571456,0.5,3279.0021428571426,XAUUSD,buy,H4
0.5,2025-04-14 16:00:00,3186.9050714285713,3212.699,3197.671,London,0.02,3216.602,ML,25.793928571428587,0.5,3264.286857142857,XAUUSD,buy,H4
0.5,2025-04-15 04:00:00,3202.794,3225.671,3217.388,Off,0.02,3232.704,ML,22.87700000000005,0.5,3271.4249999999997,XAUUSD,buy,H4
0.5,2025-04-15 08:00:00,3198.479285714286,3220.164,3216.776,London,0.02,3232.171,ML,21.68471428571433,0.5,3263.533428571429,XAUUSD,buy,H4
0.5,2025-04-15 16:00:00,3210.596,3229.793,3219.487,London,0.03,3231.877,ML,19.19700000000002,0.5,3268.1870000000004,XAUUSD,buy,H4
0.5,2025-04-16 08:00:00,3285.663857142857,3306.842,3288.588,London,0.02,3317.821,ML,21.178142857142834,0.5,3349.1982857142857,XAUUSD,buy,H4
0.5,2025-04-16 16:00:00,3314.7892142857145,3336.694,3321.409,London,0.02,3342.456,ML,21.90478571428568,0.5,3380.5035714285714,XAUUSD,buy,H4
0.5,2025-04-17 00:00:00,3322.214857142857,3344.529,3320.801,Off,0.02,3356.281,ML,22.31414285714284,0.5,3389.1572857142855,XAUUSD,buy,H4
0.5,2025-04-17 04:00:00,3299.350214285714,3323.323,3314.279,Off,0.02,3345.398,ML,23.97278571428569,0.5,3371.2685714285712,XAUUSD,buy,H4
0.5,2025-04-17 08:00:00,3303.217785714286,3327.371,3312.657,London,0.02,3334.172,ML,24.15321428571425,0.5,3375.6774285714287,XAUUSD,buy,H4
0.5,2025-04-17 16:00:00,3292.6325714285717,3320.746,3294.904,London,0.02,3322.519,ML,28.11342857142849,0.5,3376.9728571428573,XAUUSD,buy,H4
0.5,2025-04-17 20:00:00,3299.8674285714287,3327.671,3317.983,NY,0.02,3328.879,ML,27.80357142857133,0.5,3383.2781428571425,XAUUSD,buy,H4
0.5,2025-04-20 20:00:00,3319.3429285714287,3348.078,3331.315,NY,0.02,3353.102,ML,28.73507142857134,0.5,3405.5481428571425,XAUUSD,buy,H4
0.5,2025-04-21 12:00:00,3394.010214285714,3422.941,3398.008,London,0.02,3430.24,ML,28.930785714285644,0.5,3480.802571428571,XAUUSD,buy,H4
0.5,2025-04-21 20:00:00,3405.843214285714,3434.548,3419.628,NY,0.02,3444.267,ML,28.70478571428563,0.5,3491.957571428571,XAUUSD,buy,H4
0.5,2025-04-22 00:00:00,3454.840142857143,3487.777,3412.18,Off,0.01,3494.771,ML,32.93685714285708,0.5,3553.650714285714,XAUUSD,buy,H4
0.5,2025-04-22 08:00:00,3423.6095714285716,3456.705,3443.128,London,0.01,3472.714,ML,33.09542857142849,0.5,3522.895857142857,XAUUSD,buy,H4
0.5,2025-04-22 12:00:00,3382.147214285714,3417.721,3408.591,London,0.01,3464.803,ML,35.57378571428564,0.5,3488.868571428571,XAUUSD,buy,H4
0.5,2025-04-22 16:00:00,3339.514571428572,3374.789,3366.727,London,0.01,3421.075,ML,35.27442857142852,0.5,3445.337857142857,XAUUSD,buy,H4
0.5,2025-04-22 20:00:00,3298.4805714285717,3336.561,3315.828,NY,0.01,3382.727,ML,38.08042857142852,0.5,3412.721857142857,XAUUSD,buy,H4
0.5,2025-04-23 00:00:00,3297.4717142857144,3338.878,3329.203,Off,0.01,3386.661,ML,41.40628571428569,0.5,3421.6905714285717,XAUUSD,buy,H4
0.5,2025-04-23 08:00:00,3281.0785714285716,3324.594,3305.439,London,0.01,3340.587,ML,43.51542857142853,0.5,3411.6248571428573,XAUUSD,buy,H4
0.5,2025-05-07 00:00:00,3343.793857142857,3375.541,3360.068,Off,0.02,3401.666,ML,31.747142857142894,0.5,3439.035285714286,XAUUSD,buy,H4
0.5,2025-05-07 04:00:00,3355.7219285714286,3388.016,3374.962,Off,0.02,3397.425,ML,32.29407142857148,0.5,3452.604142857143,XAUUSD,buy,H4
0.5,2025-05-07 16:00:00,3341.0644285714284,3371.904,3363.751,London,0.02,3398.001,ML,30.839571428571453,0.5,3433.583142857143,XAUUSD,buy,H4
0.5,2025-05-07 20:00:00,3346.1041428571425,3376.488,3363.733,NY,0.02,3377.185,ML,30.383857142857128,0.5,3437.255714285714,XAUUSD,buy,H4
0.5,2025-05-08 00:00:00,3365.840714285714,3396.864,3373.803,Off,0.02,3414.851,ML,31.02328571428575,0.5,3458.9105714285715,XAUUSD,buy,H4
0.5,2025-05-08 04:00:00,3306.962642857143,3342.884,3320.199,Off,0.01,3399.39,ML,35.92135714285717,0.5,3414.7267142857145,XAUUSD,buy,H4
0.5,2025-05-08 08:00:00,3311.8584285714282,3344.381,3330.39,London,0.02,3346.695,ML,32.522571428571446,0.5,3409.4261428571426,XAUUSD,buy,H4
0.5,2025-05-08 16:00:00,3271.1020714285714,3306.384,3288.697,London,0.01,3330.47,ML,35.28192857142858,0.5,3376.947857142857,XAUUSD,buy,H4
0.5,2025-05-08 20:00:00,3281.5979285714284,3316.412,3303.857,NY,0.01,3324.049,ML,34.81407142857146,0.5,3386.0401428571427,XAUUSD,buy,H4
0.5,2025-05-09 00:00:00,3271.9318571428576,3308.106,3274.676,Off,0.01,3323.138,ML,36.17414285714286,0.5,3380.454285714286,XAUUSD,buy,H4
0.5,2025-05-09 12:00:00,3312.7651428571426,3345.064,3320.298,London,0.02,3346.044,ML,32.29885714285712,0.5,3409.661714285714,XAUUSD,buy,H4
0.5,2025-05-09 20:00:00,3295.8934999999997,3326.805,3325.142,NY,0.02,3330.295,ML,30.9115,0.5,3388.6279999999997,XAUUSD,buy,H4
0.5,2025-05-11 20:00:00,3254.714785714286,3287.534,3265.847,NY,0.02,3292.619,ML,32.81921428571426,0.5,3353.1724285714286,XAUUSD,buy,H4
0.5,2025-05-12 00:00:00,3249.1597142857145,3283.25,3258.751,Off,0.01,3289.998,ML,34.09028571428569,0.5,3351.4305714285715,XAUUSD,buy,H4
0.5,2025-05-12 04:00:00,3186.663,3222.647,3216.102,Off,0.01,3283.662,ML,35.98399999999996,0.5,3294.615,XAUUSD,buy,H4
0.5,2025-05-12 12:00:00,3206.1633571428574,3239.262,3220.31,London,0.01,3248.642,ML,33.098642857142785,0.5,3305.4592857142857,XAUUSD,buy,H4
0.5,2025-05-12 16:00:00,3203.9368571428568,3235.394,3220.295,London,0.02,3240.112,ML,31.4571428571428,0.5,3298.3082857142854,XAUUSD,buy,H4
0.5,2025-05-12 20:00:00,3207.5563571428575,3236.88,3229.864,NY,0.02,3241.807,ML,29.32364285714279,0.5,3295.527285714286,XAUUSD,buy,H4
0.5,2025-05-13 04:00:00,3230.514857142857,3259.098,3234.925,Off,0.02,3265.659,ML,28.58314285714277,0.5,3316.2642857142855,XAUUSD,buy,H4
0.5,2025-05-13 08:00:00,3221.416857142857,3249.167,3248.781,London,0.02,3261.284,ML,27.750142857142787,0.5,3304.6672857142853,XAUUSD,buy,H4
0.5,2025-05-13 16:00:00,3221.4019285714285,3249.324,3242.016,London,0.02,3257.818,ML,27.92207142857137,0.5,3305.168142857143,XAUUSD,buy,H4
0.5,2025-05-13 20:00:00,3227.42,3254.414,3248.043,NY,0.02,3257.165,ML,26.993999999999915,0.5,3308.402,XAUUSD,buy,H4
0.5,2025-05-14 00:00:00,3199.7090714285714,3228.366,3226.212,Off,0.02,3254.646,ML,28.656928571428484,0.5,3285.679857142857,XAUUSD,buy,H4
0.5,2025-05-14 04:00:00,3212.5462142857145,3238.085,3221.57,Off,0.02,3238.874,ML,25.538785714285627,0.5,3289.1625714285715,XAUUSD,buy,H4
0.5,2025-05-14 12:00:00,3159.0424285714284,3182.674,3174.875,London,0.02,3222.52,ML,23.631571428571338,0.5,3229.9371428571426,XAUUSD,buy,H4
0.5,2025-05-14 20:00:00,3164.0580714285716,3186.128,3177.012,NY,0.02,3187.296,ML,22.06992857142849,0.5,3230.2678571428573,XAUUSD,buy,H4
0.5,2025-05-22 04:00:00,3304.4515714285717,3327.621,3322.607,Off,0.02,3339.533,ML,23.16942857142853,0.5,3373.9598571428573,XAUUSD,buy,H4
0.5,2025-05-22 08:00:00,3289.9630714285713,3314.466,3282.977,London,0.02,3329.903,ML,24.50292857142855,0.5,3363.471857142857,XAUUSD,buy,H4
0.5,2025-05-23 20:00:00,3333.9556428571427,3356.306,3356.103,NY,0.02,3361.733,ML,22.350357142857224,0.5,3401.0067142857147,XAUUSD,buy,H4
0.5,2025-05-25 20:00:00,3320.875857142857,3342.713,3341.363,NY,0.02,3352.48,ML,21.83714285714294,0.5,3386.387285714286,XAUUSD,buy,H4
0.5,2025-05-26 00:00:00,3324.768857142857,3347.636,3331.39,Off,0.02,3356.859,ML,22.867142857142944,0.5,3393.3702857142857,XAUUSD,buy,H4
0.5,2025-05-26 08:00:00,3310.766357142857,3333.13,3323.511,London,0.02,3339.689,ML,22.363642857142946,0.5,3377.857285714286,XAUUSD,buy,H4
0.5,2025-05-26 16:00:00,3323.6232857142854,3341.558,3337.521,London,0.03,3343.666,ML,17.934714285714367,0.5,3377.4274285714287,XAUUSD,buy,H4
0.5,2025-05-27 00:00:00,3323.478,3341.217,3331.73,Off,0.03,3350.029,ML,17.739000000000065,0.5,3376.695,XAUUSD,buy,H4
0.5,2025-05-27 04:00:00,3276.5772857142856,3296.244,3292.561,Off,0.02,3341.485,ML,19.66671428571437,0.5,3335.5774285714288,XAUUSD,buy,H4
0.5,2025-05-27 16:00:00,3286.881642857143,3304.38,3292.969,London,0.03,3308.008,ML,17.498357142857166,0.5,3339.3767142857146,XAUUSD,buy,H4
0.5,2025-05-27 20:00:00,3291.6435714285717,3309.411,3297.621,NY,0.03,3310.934,ML,17.76742857142858,0.5,3344.945857142857,XAUUSD,buy,H4
0.5,2025-05-28 08:00:00,3291.651714285714,3311.143,3307.461,London,0.03,3325.507,ML,19.491285714285727,0.5,3350.1255714285717,XAUUSD,buy,H4
0.5,2025-05-28 12:00:00,3276.3109285714286,3296.094,3292.571,London,0.02,3316.438,ML,19.783071428571443,0.5,3335.660142857143,XAUUSD,buy,H4
0.5,2025-06-03 16:00:00,3332.695785714286,3352.657,3344.633,London,0.02,3355.515,ML,19.961214285714245,0.5,3392.5794285714287,XAUUSD,buy,H4
0.5,2025-06-03 20:00:00,3340.2228571428573,3359.996,3352.469,NY,0.02,3361.657,ML,19.77314285714283,0.5,3399.5422857142858,XAUUSD,buy,H4
0.5,2025-06-04 04:00:00,3334.2924285714284,3354.721,3347.996,Off,0.02,3365.268,ML,20.428571428571395,0.5,3395.5781428571427,XAUUSD,buy,H4
0.5,2025-06-04 08:00:00,3325.5960000000005,3346.577,3343.732,London,0.02,3364.973,ML,20.980999999999995,0.5,3388.539,XAUUSD,buy,H4
0.5,2025-06-04 20:00:00,3359.5310714285715,3378.042,3370.508,NY,0.03,3379.08,ML,18.51092857142862,0.5,3415.063857142857,XAUUSD,buy,H4
0.5,2025-06-05 04:00:00,3352.617642857143,3371.304,3361.149,Off,0.03,3374.559,ML,18.6863571428572,0.5,3408.6767142857143,XAUUSD,buy,H4
0.5,2025-06-05 16:00:00,3333.996857142857,3356.909,3339.835,London,0.02,3361.404,ML,22.91214285714292,0.5,3402.733285714286,XAUUSD,buy,H4
0.5,2025-06-05 20:00:00,3340.2179285714283,3361.81,3351.988,NY,0.02,3363.549,ML,21.592071428571508,0.5,3404.994142857143,XAUUSD,buy,H4
0.5,2025-06-06 00:00:00,3347.812357142857,3369.747,3356.133,Off,0.02,3371.811,ML,21.93464285714296,0.5,3413.616285714286,XAUUSD,buy,H4
0.5,2025-06-06 12:00:00,3307.9012857142857,3332.228,3316.269,London,0.02,3364.421,ML,24.326714285714388,0.5,3380.881428571429,XAUUSD,buy,H4
0.5,2025-06-16 04:00:00,3388.401785714286,3412.619,3409.459,Off,0.02,3433.284,ML,24.217214285714267,0.5,3461.053428571429,XAUUSD,buy,H4
0.5,2025-06-16 08:00:00,3392.5198571428573,3415.0,3409.773,London,0.02,3422.667,ML,22.48014285714284,0.5,3459.960285714286,XAUUSD,buy,H4
0.5,2025-06-16 16:00:00,3362.1527142857144,3384.094,3382.79,London,0.02,3404.992,ML,21.941285714285705,0.5,3427.9765714285713,XAUUSD,buy,H4
0.5,2025-06-16 20:00:00,3380.3682857142853,3402.769,3383.294,NY,0.02,3402.977,ML,22.40071428571429,0.5,3447.5704285714282,XAUUSD,buy,H4
0.5,2025-06-17 00:00:00,3364.247142857143,3387.583,3373.463,Off,0.02,3403.269,ML,23.33585714285713,0.5,3434.2547142857143,XAUUSD,buy,H4
0.5,2025-06-17 16:00:00,3364.519928571429,3385.71,3376.651,London,0.02,3392.499,ML,21.19007142857137,0.5,3428.090142857143,XAUUSD,buy,H4
0.5,2025-06-17 20:00:00,3366.725785714286,3387.369,3383.634,NY,0.02,3396.234,ML,20.64321428571423,0.5,3428.6554285714287,XAUUSD,buy,H4
0.5,2025-06-18 00:00:00,3369.2442142857144,3390.96,3370.655,Off,0.02,3391.524,ML,21.71578571428563,0.5,3434.3915714285713,XAUUSD,buy,H4
0.5,2025-06-18 08:00:00,3360.6065,3382.048,3375.433,London,0.02,3388.415,ML,21.441499999999937,0.5,3424.9309999999996,XAUUSD,buy,H4
0.5,2025-06-18 20:00:00,3353.486142857143,3375.023,3362.474,NY,0.02,3379.862,ML,21.53685714285705,0.5,3418.0967142857144,XAUUSD,buy,H4
0.5,2025-06-19 04:00:00,3344.1562857142862,3365.992,3347.503,Off,0.02,3375.315,ML,21.835714285714143,0.5,3409.6634285714285,XAUUSD,buy,H4
0.5,2025-06-19 08:00:00,3351.0600000000004,3371.967,3362.246,London,0.02,3379.05,ML,20.906999999999893,0.5,3413.781,XAUUSD,buy,H4
0.5,2025-06-19 12:00:00,3348.620785714286,3369.26,3361.497,London,0.02,3372.963,ML,20.6392142857142,0.5,3410.5384285714285,XAUUSD,buy,H4
0.5,2025-06-19 16:00:00,3353.9910714285716,3373.455,3366.108,London,0.03,3374.14,ML,19.463928571428465,0.5,3412.3828571428567,XAUUSD,buy,H4
0.5,2025-06-19 20:00:00,3350.6997142857144,3368.739,3361.943,NY,0.03,3370.411,ML,18.0392857142856,0.5,3404.8175714285712,XAUUSD,buy,H4
0.5,2025-06-20 00:00:00,3336.7655714285715,3355.507,3344.672,Off,0.03,3370.35,ML,18.74142857142845,0.5,3392.989857142857,XAUUSD,buy,H4
0.5,2025-06-20 12:00:00,3350.674142857143,3369.856,3341.887,London,0.03,3374.477,ML,19.18185714285704,0.5,3408.2197142857144,XAUUSD,buy,H4
0.5,2025-06-20 20:00:00,3350.979714285714,3368.546,3364.69,NY,0.03,3369.314,ML,17.566285714285577,0.5,3403.678571428571,XAUUSD,buy,H4
0.5,2025-06-22 20:00:00,3356.0867857142857,3372.755,3371.197,NY,0.03,3388.96,ML,16.66821428571419,0.5,3406.0914285714284,XAUUSD,buy,H4
0.5,2025-06-23 00:00:00,3346.399,3363.372,3351.896,Off,0.03,3373.551,ML,16.972999999999892,0.5,3397.3179999999998,XAUUSD,buy,H4
0.5,2025-06-23 04:00:00,3340.6659285714286,3357.627,3346.971,Off,0.03,3365.061,ML,16.96107142857136,0.5,3391.5491428571427,XAUUSD,buy,H4
0.5,2025-06-24 00:00:00,3331.1345,3352.476,3333.143,Off,0.02,3357.912,ML,21.341499999999964,0.5,3395.159,XAUUSD,buy,H4
0.5,2025-06-24 08:00:00,3299.2357857142856,3321.214,3317.829,London,0.02,3332.32,ML,21.978214285714262,0.5,3365.1704285714286,XAUUSD,buy,H4
0.5,2025-07-03 00:00:00,3332.700642857143,3347.509,3341.88,Off,0.03,3351.476,ML,14.808357142857046,0.5,3377.125714285714,XAUUSD,buy,H4
0.5,2025-07-04 00:00:00,3322.611142857143,3338.35,3325.869,Off,0.03,3338.948,ML,15.738857142857114,0.5,3369.827714285714,XAUUSD,buy,H4
0.5,2025-07-04 04:00:00,3327.089642857143,3342.947,3336.384,Off,0.03,3345.098,ML,15.857357142857122,0.5,3374.6617142857144,XAUUSD,buy,H4
0.5,2025-07-04 12:00:00,3317.4522142857145,3332.393,3330.831,London,0.03,3338.059,ML,14.9407857142857,0.5,3362.2745714285716,XAUUSD,buy,H4
0.5,2025-07-07 16:00:00,3321.5275714285713,3336.988,3320.082,London,0.03,3340.438,ML,15.460428571428595,0.5,3367.908857142857,XAUUSD,buy,H4
0.5,2025-07-08 00:00:00,3318.123285714286,3331.469,3329.595,Off,0.04,3338.035,ML,13.345714285714296,0.5,3358.160428571429,XAUUSD,buy,H4
0.5,2025-07-08 04:00:00,3320.2992142857142,3333.915,3327.305,Off,0.04,3339.5,ML,13.61578571428572,0.5,3361.1465714285714,XAUUSD,buy,H4
0.5,2025-07-08 12:00:00,3282.1268571428573,3298.241,3287.069,London,0.03,3329.864,ML,16.114142857142888,0.5,3330.469285714286,XAUUSD,buy,H4
0.5,2025-07-08 16:00:00,3286.7559285714287,3302.992,3295.938,London,0.03,3310.426,ML,16.23607142857145,0.5,3335.464142857143,XAUUSD,buy,H4
0.5,2025-07-08 20:00:00,3286.066142857143,3302.277,3297.199,NY,0.03,3304.074,ML,16.210857142857158,0.5,3334.6987142857142,XAUUSD,buy,H4
0.5,2025-07-09 00:00:00,3275.6814999999997,3293.276,3284.909,Off,0.03,3308.003,ML,17.59450000000002,0.5,3328.4649999999997,XAUUSD,buy,H4
0.5,2025-07-14 08:00:00,3349.5150714285714,3364.169,3363.917,London,0.03,3374.647,ML,14.653928571428551,0.5,3393.476857142857,XAUUSD,buy,H4
0.5,2025-07-14 12:00:00,3329.476285714286,3345.105,3340.954,London,0.03,3366.607,ML,15.628714285714263,0.5,3376.3624285714286,XAUUSD,buy,H4
0.5,2025-07-14 16:00:00,3329.2685714285717,3344.125,3343.082,London,0.03,3351.678,ML,14.856428571428523,0.5,3373.837857142857,XAUUSD,buy,H4
0.5,2025-07-14 20:00:00,3331.0850714285716,3345.337,3341.217,NY,0.03,3346.556,ML,14.25192857142854,0.5,3373.840857142857,XAUUSD,buy,H4
0.5,2025-07-15 00:00:00,3342.9505,3357.841,3344.758,Off,0.03,3358.334,ML,14.890499999999976,0.5,3387.622,XAUUSD,buy,H4
0.5,2025-07-15 04:00:00,3349.782571428572,3364.347,3357.47,Off,0.03,3365.422,ML,14.564428571428577,0.5,3393.4758571428574,XAUUSD,buy,H4
0.5,2025-07-15 12:00:00,3313.325714285714,3328.996,3325.341,London,0.03,3360.367,ML,15.670285714285717,0.5,3360.3365714285715,XAUUSD,buy,H4
0.5,2025-07-15 16:00:00,3315.690071428571,3330.455,3320.218,London,0.03,3331.936,ML,14.764928571428625,0.5,3359.984857142857,XAUUSD,buy,H4
0.5,2025-07-15 20:00:00,3316.5502857142856,3331.056,3324.788,NY,0.03,3331.776,ML,14.505714285714314,0.5,3360.0674285714285,XAUUSD,buy,H4
0.5,2025-07-16 00:00:00,3319.4995714285715,3334.338,3325.061,Off,0.03,3335.084,ML,14.838428571428592,0.5,3364.014857142857,XAUUSD,buy,H4
0.5,2025-07-16 04:00:00,3323.666357142857,3337.808,3332.818,Off,0.03,3342.002,ML,14.14164285714287,0.5,3366.0912857142857,XAUUSD,buy,H4
0.5,2025-07-16 08:00:00,3325.8388571428573,3339.259,3333.72,London,0.04,3343.072,ML,13.420142857142862,0.5,3366.0992857142855,XAUUSD,buy,H4
0.5,2025-07-16 16:00:00,3330.4832857142856,3347.08,3338.886,London,0.03,3357.41,ML,16.596714285714306,0.5,3380.2734285714287,XAUUSD,buy,H4
0.5,2025-07-16 20:00:00,3331.2629285714283,3346.526,3345.265,NY,0.03,3352.247,ML,15.26307142857146,0.5,3377.052142857143,XAUUSD,buy,H4
0.5,2025-07-17 00:00:00,3326.0395,3341.486,3336.241,Off,0.03,3347.405,ML,15.446500000000048,0.5,3372.379,XAUUSD,buy,H4
0.5,2025-07-17 04:00:00,3309.4267857142854,3325.886,3325.209,Off,0.03,3344.726,ML,16.459214285714356,0.5,3358.8044285714286,XAUUSD,buy,H4
0.5,2025-07-17 16:00:00,3322.5544285714286,3339.763,3335.378,London,0.03,3341.098,ML,17.2085714285715,0.5,3374.180142857143,XAUUSD,buy,H4
0.5,2025-07-18 20:00:00,3338.1435714285712,3350.395,3347.804,NY,0.04,3352.079,ML,12.251428571428573,0.5,3374.897857142857,XAUUSD,buy,H4
0.5,2025-07-20 20:00:00,3337.8090714285713,3349.122,3345.01,NY,0.04,3350.115,ML,11.31292857142856,0.5,3371.747857142857,XAUUSD,buy,H4
