datetime,is_win,close,high,low,atr,score,num_confs,pattern_code,bias_bull,hour,dow,primary_score,secondary_score,total_confluence,regime_trend,conf_sr_zone,conf_bos_or_choch,conf_psych_level,conf_fib_zone,conf_volume,conf_liquidity,conf_spread,prob_win
2024-01-01 20:00:00,1,2063.543,2066.095,2062.645,7.488071428571369,0.0,0.0,0.0,1.0,20.0,0.0,0.0,0.0,0.0,1.0,0.0,0.0,0.0,1.0,0.0,0.0,0.0,0.8730612945133618
2024-01-02 04:00:00,0,2073.065,2076.651,2068.823,7.732285714285646,0.0,0.0,0.0,1.0,4.0,1.0,0.0,0.0,0.0,1.0,0.0,0.0,0.0,0.0,0.0,0.0,0.0,0.7782626329881516
2024-01-02 12:00:00,1,2059.305,2071.008,2056.097,8.314714285714217,0.0,3.0,0.0,1.0,12.0,1.0,0.0,3.0,3.0,1.0,0.0,0.0,0.0,1.0,1.0,1.0,1.0,0.8929063974284353
2024-01-02 20:00:00,1,2059.476,2061.577,2057.837,7.666499999999944,0.0,1.0,0.0,1.0,20.0,1.0,0.0,1.0,1.0,1.0,0.0,0.0,0.0,1.0,0.0,0.0,1.0,0.935248029037101
2024-01-03 04:00:00,0,2062.915,2065.982,2060.838,7.783571428571382,0.0,1.0,0.0,1.0,4.0,2.0,0.0,1.0,1.0,1.0,0.0,0.0,0.0,1.0,0.0,0.0,1.0,0.8898509644074529
2024-01-03 20:00:00,1,2042.666,2043.669,2036.405,9.10528571428571,0.0,1.0,0.0,1.0,20.0,2.0,0.0,1.0,1.0,1.0,0.0,0.0,0.0,1.0,0.0,0.0,0.0,0.7155500184951354
2024-01-04 00:00:00,1,2044.684,2046.96,2040.044,9.2465,0.0,2.0,0.0,1.0,0.0,3.0,0.0,2.0,2.0,1.0,0.0,0.0,0.0,1.0,0.0,1.0,0.0,0.5896232255851369
2024-01-04 04:00:00,1,2047.599,2049.552,2042.311,9.517285714285745,0.0,2.0,0.0,1.0,4.0,3.0,0.0,2.0,2.0,1.0,0.0,0.0,0.0,1.0,0.0,1.0,0.0,0.6775896881926012
2024-01-04 08:00:00,1,2045.136,2050.958,2044.83,9.371785714285725,0.0,3.0,0.0,1.0,8.0,3.0,0.0,3.0,3.0,1.0,0.0,0.0,0.0,1.0,1.0,1.0,0.0,0.6794356488993134
2024-01-04 16:00:00,0,2044.3,2046.685,2040.825,9.29735714285716,0.0,3.0,0.0,1.0,16.0,3.0,0.0,3.0,3.0,1.0,0.0,0.0,0.0,1.0,1.0,1.0,0.0,0.8001547738855179
2024-01-04 20:00:00,0,2043.865,2044.783,2042.485,8.396428571428617,0.0,1.0,0.0,1.0,20.0,3.0,0.0,1.0,1.0,1.0,0.0,0.0,0.0,1.0,0.0,0.0,0.0,0.72256920018543
2024-01-05 08:00:00,1,2039.152,2044.382,2037.017,8.395571428571477,0.0,2.0,0.0,1.0,8.0,4.0,0.0,2.0,2.0,1.0,0.0,0.0,0.0,1.0,0.0,1.0,0.0,0.400311708942871
2024-01-05 16:00:00,0,2045.682,2056.205,2040.37,10.724714285714333,0.0,3.0,0.0,1.0,16.0,4.0,0.0,3.0,3.0,1.0,0.0,0.0,0.0,1.0,1.0,1.0,0.0,0.7850971258729802
2024-01-05 20:00:00,0,2045.479,2046.177,2042.787,9.746642857142904,0.0,1.0,0.0,1.0,20.0,4.0,0.0,1.0,1.0,1.0,0.0,0.0,0.0,1.0,0.0,0.0,0.0,0.46028839753069933
2024-01-07 20:00:00,1,2044.208,2045.575,2042.902,9.097857142857183,0.0,1.0,0.0,1.0,20.0,6.0,0.0,1.0,1.0,1.0,0.0,0.0,0.0,1.0,0.0,0.0,0.0,0.77792113510242
2024-01-08 00:00:00,1,2036.098,2046.59,2035.017,9.40564285714288,0.0,2.0,0.0,1.0,0.0,0.0,0.0,2.0,2.0,1.0,0.0,0.0,0.0,1.0,0.0,1.0,0.0,0.9549449477057902
2024-01-08 04:00:00,1,2031.393,2037.543,2026.943,9.668785714285734,0.0,3.0,0.0,1.0,4.0,0.0,0.0,3.0,3.0,1.0,0.0,0.0,0.0,1.0,1.0,1.0,0.0,0.8896958868173654
2024-01-12 16:00:00,1,2047.283,2055.521,2041.397,10.418357142857158,0.0,3.0,0.0,1.0,16.0,4.0,0.0,3.0,3.0,1.0,0.0,0.0,0.0,1.0,1.0,1.0,0.0,0.8373031952283001
2024-01-12 20:00:00,0,2049.032,2049.223,2046.008,9.870142857142858,0.0,2.0,0.0,1.0,20.0,4.0,0.0,2.0,2.0,1.0,0.0,0.0,1.0,1.0,0.0,0.0,0.0,0.5814569355875565
2024-01-14 20:00:00,1,2047.612,2048.705,2046.293,9.483071428571456,0.0,1.0,0.0,1.0,20.0,6.0,0.0,1.0,1.0,1.0,0.0,0.0,0.0,1.0,0.0,0.0,0.0,0.7511745156758303
2024-01-15 00:00:00,0,2057.376,2058.033,2045.764,9.936142857142888,0.0,3.0,0.0,1.0,0.0,0.0,0.0,3.0,3.0,1.0,0.0,0.0,0.0,1.0,0.0,1.0,1.0,0.9740648431461306
2024-01-15 04:00:00,1,2054.114,2057.551,2052.866,9.87000000000002,0.0,2.0,0.0,1.0,4.0,0.0,0.0,2.0,2.0,1.0,0.0,0.0,0.0,1.0,0.0,0.0,1.0,0.9728668237596164
2024-01-15 08:00:00,1,2053.257,2058.626,2051.451,10.035357142857167,0.0,3.0,0.0,1.0,8.0,0.0,0.0,3.0,3.0,1.0,0.0,0.0,0.0,1.0,0.0,1.0,1.0,0.925970919211207
2024-01-15 20:00:00,0,2053.841,2055.324,2053.124,7.676785714285708,0.0,1.0,0.0,1.0,20.0,0.0,0.0,1.0,1.0,1.0,0.0,0.0,0.0,1.0,0.0,0.0,0.0,0.9519533745759573
2024-01-16 00:00:00,0,2049.436,2054.508,2048.344,7.259642857142841,0.0,4.0,0.0,1.0,0.0,1.0,0.0,4.0,4.0,1.0,0.0,0.0,1.0,1.0,0.0,1.0,1.0,0.9172232245304328
2024-01-16 08:00:00,0,2039.874,2050.024,2038.139,7.489785714285729,0.0,4.0,0.0,1.0,8.0,1.0,0.0,4.0,4.0,1.0,0.0,0.0,0.0,1.0,1.0,1.0,1.0,0.9414224553555492
2024-01-16 20:00:00,0,2027.826,2029.754,2025.584,6.958357142857137,0.0,2.0,0.0,1.0,20.0,1.0,0.0,2.0,2.0,1.0,0.0,0.0,0.0,1.0,0.0,0.0,1.0,0.8942435608672529
2024-02-01 20:00:00,1,2054.627,2056.102,2053.414,10.077928571428597,1.0,1.0,5.0,1.0,20.0,3.0,1.0,0.0,1.0,1.0,0.0,0.0,0.0,1.0,0.0,0.0,0.0,0.9613882516075286
2024-02-02 00:00:00,1,2054.559,2056.91,2051.894,10.033000000000031,1.0,1.0,5.0,1.0,0.0,4.0,1.0,0.0,1.0,1.0,0.0,0.0,0.0,1.0,0.0,0.0,0.0,0.7212264248178311
2024-02-02 04:00:00,0,2055.042,2056.931,2054.06,10.106214285714325,1.0,1.0,7.0,1.0,4.0,4.0,1.0,0.0,1.0,1.0,0.0,0.0,0.0,1.0,0.0,0.0,0.0,0.728055929398973
2024-02-02 16:00:00,1,2038.052,2038.735,2033.056,11.83071428571431,0.0,1.0,0.0,1.0,16.0,4.0,0.0,1.0,1.0,1.0,0.0,0.0,0.0,1.0,0.0,1.0,0.0,0.7940459955049949
2024-02-02 20:00:00,1,2039.607,2039.785,2035.967,10.675714285714305,0.0,0.0,0.0,1.0,20.0,4.0,0.0,0.0,0.0,1.0,0.0,0.0,0.0,1.0,0.0,0.0,0.0,0.6974623040335429
2024-02-04 20:00:00,0,2039.716,2042.217,2039.07,9.88607142857146,0.0,0.0,0.0,1.0,20.0,6.0,0.0,0.0,0.0,1.0,0.0,0.0,0.0,1.0,0.0,0.0,0.0,0.7515822394804014
2024-02-05 00:00:00,0,2032.222,2039.822,2030.232,9.493071428571444,0.0,1.0,0.0,1.0,0.0,0.0,0.0,1.0,1.0,1.0,0.0,0.0,0.0,1.0,0.0,1.0,0.0,0.9072159775239669
2024-02-05 08:00:00,0,2027.577,2028.353,2020.588,9.37942857142858,0.0,1.0,0.0,1.0,8.0,0.0,0.0,1.0,1.0,1.0,0.0,0.0,0.0,1.0,0.0,1.0,0.0,0.9357273144658621
2024-02-05 16:00:00,0,2025.928,2027.475,2017.742,8.449428571428582,0.0,2.0,0.0,1.0,16.0,0.0,0.0,2.0,2.0,1.0,0.0,0.0,0.0,1.0,0.0,1.0,0.0,0.9223958201799425
2024-02-05 20:00:00,1,2024.859,2026.377,2023.445,7.644785714285717,0.0,1.0,0.0,1.0,20.0,0.0,0.0,1.0,1.0,1.0,0.0,0.0,0.0,1.0,0.0,0.0,0.0,0.927792817847243
2024-02-06 08:00:00,1,2026.696,2027.472,2022.831,8.035500000000038,0.0,2.0,0.0,1.0,8.0,1.0,0.0,2.0,2.0,1.0,0.0,0.0,0.0,1.0,0.0,1.0,0.0,0.9351161572371949
2024-02-06 12:00:00,0,2036.285,2038.108,2024.462,8.716785714285736,0.0,3.0,0.0,1.0,12.0,1.0,0.0,3.0,3.0,1.0,0.0,0.0,0.0,1.0,1.0,1.0,0.0,0.7101997578582413
2024-02-06 20:00:00,1,2035.069,2036.952,2034.287,6.853785714285745,0.0,1.0,0.0,1.0,20.0,1.0,0.0,1.0,1.0,1.0,0.0,0.0,0.0,1.0,0.0,0.0,0.0,0.9130632561222887
2024-02-07 00:00:00,1,2034.442,2036.095,2034.03,6.728571428571464,0.0,0.0,0.0,1.0,0.0,2.0,0.0,0.0,0.0,1.0,0.0,0.0,0.0,1.0,0.0,0.0,0.0,0.927677720623469
2024-02-07 04:00:00,1,2035.124,2036.172,2032.409,6.772571428571447,1.0,1.0,1.0,1.0,4.0,2.0,1.0,0.0,1.0,1.0,0.0,0.0,0.0,1.0,0.0,0.0,0.0,0.9418268781086613
2024-02-07 16:00:00,1,2035.511,2040.882,2033.951,6.882428571428607,0.0,3.0,0.0,1.0,16.0,2.0,0.0,3.0,3.0,1.0,0.0,0.0,0.0,1.0,1.0,1.0,0.0,0.8342445287426081
2024-02-08 00:00:00,1,2032.755,2038.726,2031.757,5.933428571428619,0.0,2.0,0.0,1.0,0.0,3.0,0.0,2.0,2.0,1.0,0.0,0.0,0.0,1.0,0.0,1.0,0.0,0.9349905312435073
2024-02-08 20:00:00,0,2034.123,2034.631,2032.491,6.337500000000026,0.0,1.0,0.0,1.0,20.0,3.0,0.0,1.0,1.0,1.0,0.0,0.0,0.0,1.0,0.0,0.0,0.0,0.9524094141915688
2024-02-09 00:00:00,0,2033.548,2035.113,2031.935,6.077785714285743,0.0,1.0,0.0,1.0,0.0,4.0,0.0,1.0,1.0,1.0,0.0,0.0,0.0,1.0,0.0,0.0,0.0,0.9748627236980986
2024-02-09 08:00:00,0,2031.516,2034.076,2030.49,6.199357142857171,0.0,3.0,0.0,1.0,8.0,4.0,0.0,3.0,3.0,1.0,0.0,0.0,0.0,1.0,1.0,1.0,0.0,0.3964419061857828
2024-02-09 16:00:00,1,2024.749,2026.298,2020.193,7.142071428571447,0.0,3.0,0.0,1.0,16.0,4.0,0.0,3.0,3.0,1.0,0.0,0.0,0.0,1.0,1.0,1.0,0.0,0.5165022232322594
2024-02-11 20:00:00,1,2025.266,2026.705,2024.402,5.992071428571437,0.0,1.0,0.0,1.0,20.0,6.0,0.0,1.0,1.0,1.0,0.0,0.0,0.0,1.0,0.0,0.0,0.0,0.9570369823516798
2024-02-12 04:00:00,0,2025.501,2026.403,2022.502,5.920071428571434,0.0,2.0,0.0,1.0,4.0,0.0,0.0,2.0,2.0,1.0,0.0,0.0,0.0,1.0,0.0,0.0,1.0,0.9613282774016624
2024-02-12 16:00:00,1,2019.158,2021.562,2011.873,6.211071428571439,0.0,4.0,0.0,0.0,16.0,0.0,0.0,4.0,4.0,0.0,0.0,0.0,0.0,1.0,1.0,1.0,1.0,0.7152679267751264
2024-02-13 08:00:00,0,2027.666,2029.293,2024.415,6.429642857142848,0.0,3.0,0.0,0.0,8.0,1.0,0.0,3.0,3.0,0.0,0.0,0.0,0.0,1.0,1.0,1.0,1.0,0.9132952569332575
2024-02-13 20:00:00,1,1991.193,1993.611,1990.459,8.350428571428584,1.0,1.0,0.0,0.0,20.0,1.0,1.0,0.0,1.0,0.0,1.0,0.0,0.0,0.0,0.0,0.0,0.0,0.6409112446665758
2024-02-14 04:00:00,1,1989.439,1993.297,1989.276,8.631571428571435,1.0,1.0,0.0,0.0,4.0,2.0,1.0,0.0,1.0,0.0,1.0,0.0,0.0,0.0,0.0,0.0,0.0,0.6489947087861807
2024-02-14 08:00:00,1,1992.2,1993.348,1985.962,8.820214285714282,0.0,2.0,0.0,0.0,8.0,2.0,0.0,2.0,2.0,0.0,0.0,0.0,0.0,0.0,1.0,1.0,0.0,0.7984231878159714
2024-02-22 12:00:00,1,2023.306,2029.844,2020.195,5.596071428571463,0.0,2.0,0.0,0.0,12.0,3.0,0.0,2.0,2.0,0.0,0.0,0.0,0.0,1.0,1.0,1.0,0.0,0.6021116337526636
2024-02-22 20:00:00,1,2024.677,2025.786,2022.503,5.3186428571429065,1.0,1.0,7.0,0.0,20.0,3.0,1.0,0.0,1.0,0.0,0.0,0.0,0.0,1.0,0.0,0.0,0.0,0.8869124134846944
2024-02-23 00:00:00,0,2025.688,2027.342,2022.722,5.3522142857143375,0.0,0.0,0.0,0.0,0.0,4.0,0.0,0.0,0.0,0.0,0.0,0.0,0.0,1.0,0.0,0.0,0.0,0.930151036106627
2024-02-23 04:00:00,1,2021.801,2026.438,2018.148,5.826357142857205,0.0,0.0,0.0,0.0,4.0,4.0,0.0,0.0,0.0,0.0,0.0,0.0,0.0,1.0,0.0,0.0,0.0,0.8674451548837822
2024-02-23 12:00:00,1,2030.038,2031.128,2023.014,6.1262142857143385,0.0,3.0,0.0,0.0,12.0,4.0,0.0,3.0,3.0,0.0,0.0,0.0,0.0,1.0,1.0,1.0,0.0,0.6215872000627507
2024-02-23 20:00:00,0,2035.524,2037.474,2035.093,6.2709285714286125,0.0,1.0,0.0,0.0,20.0,4.0,0.0,1.0,1.0,0.0,0.0,0.0,0.0,1.0,0.0,0.0,0.0,0.8710328584301574
2024-02-25 20:00:00,0,2034.224,2034.94,2033.179,5.97685714285717,0.0,1.0,0.0,0.0,20.0,6.0,0.0,1.0,1.0,0.0,0.0,0.0,0.0,1.0,0.0,0.0,0.0,0.9623801451555893
2024-02-26 00:00:00,1,2032.442,2034.105,2029.876,6.069571428571456,0.0,3.0,0.0,0.0,0.0,0.0,0.0,3.0,3.0,0.0,0.0,0.0,0.0,1.0,0.0,1.0,1.0,0.9841945537381499
2024-02-26 12:00:00,1,2029.104,2034.416,2025.015,6.178714285714299,0.0,4.0,0.0,0.0,12.0,0.0,0.0,4.0,4.0,0.0,0.0,0.0,0.0,1.0,1.0,1.0,1.0,0.737537367705345
2024-02-27 00:00:00,1,2033.372,2034.55,2030.986,5.693857142857122,0.0,2.0,0.0,0.0,0.0,1.0,0.0,2.0,2.0,0.0,0.0,0.0,0.0,1.0,0.0,0.0,1.0,0.9657047759658253
2024-02-27 04:00:00,0,2035.386,2036.18,2032.773,5.607214285714268,0.0,2.0,0.0,1.0,4.0,1.0,0.0,2.0,2.0,1.0,0.0,0.0,0.0,1.0,0.0,0.0,1.0,0.8746919780659744
2024-02-27 16:00:00,1,2030.214,2036.025,2029.341,5.130857142857118,0.0,3.0,0.0,1.0,16.0,1.0,0.0,3.0,3.0,1.0,0.0,0.0,0.0,1.0,1.0,1.0,0.0,0.40646899039356443
2024-02-28 16:00:00,1,2032.089,2035.522,2030.834,5.2230714285714,0.0,3.0,0.0,1.0,16.0,2.0,0.0,3.0,3.0,1.0,0.0,0.0,0.0,1.0,1.0,1.0,0.0,0.5814574724244485
2024-02-28 20:00:00,1,2034.303,2035.415,2032.053,4.791714285714257,0.0,1.0,0.0,1.0,20.0,2.0,0.0,1.0,1.0,1.0,0.0,0.0,0.0,1.0,0.0,0.0,0.0,0.6812228198428063
2024-02-29 08:00:00,1,2030.236,2037.454,2028.799,5.0759285714285625,0.0,3.0,0.0,1.0,8.0,3.0,0.0,3.0,3.0,1.0,0.0,0.0,0.0,1.0,1.0,1.0,0.0,0.25078437042978535
2024-02-29 16:00:00,0,2044.477,2048.352,2043.272,6.460357142857106,0.0,3.0,0.0,1.0,16.0,3.0,0.0,3.0,3.0,1.0,0.0,0.0,0.0,1.0,1.0,1.0,0.0,0.3429108398645736
2024-02-29 20:00:00,1,2043.981,2045.419,2042.763,6.213928571428547,0.0,1.0,0.0,1.0,20.0,3.0,0.0,1.0,1.0,1.0,0.0,0.0,0.0,1.0,0.0,0.0,0.0,0.5280511511524472
2024-03-01 00:00:00,1,2046.518,2046.792,2042.769,6.023857142857098,0.0,1.0,0.0,1.0,0.0,4.0,0.0,1.0,1.0,1.0,0.0,0.0,0.0,0.0,0.0,0.0,0.0,0.7815962938475498
2024-03-01 04:00:00,1,2045.396,2048.758,2043.409,6.259285714285641,0.0,2.0,0.0,1.0,4.0,4.0,0.0,2.0,2.0,1.0,0.0,0.0,0.0,0.0,0.0,1.0,0.0,0.32248917910795494
2024-03-01 20:00:00,1,2083.315,2085.344,2082.822,9.17335714285712,0.0,0.0,0.0,1.0,20.0,4.0,0.0,0.0,0.0,1.0,0.0,0.0,0.0,0.0,0.0,0.0,0.0,0.7902548517211948
2024-03-03 20:00:00,1,2083.44,2086.145,2082.522,9.097285714285704,1.0,1.0,4.0,1.0,20.0,6.0,1.0,0.0,1.0,1.0,0.0,0.0,0.0,0.0,0.0,0.0,0.0,0.9390166360938098
2024-03-04 04:00:00,0,2087.334,2088.248,2080.244,9.559857142857124,1.0,1.0,0.0,1.0,4.0,0.0,1.0,0.0,1.0,1.0,1.0,0.0,0.0,0.0,0.0,0.0,0.0,0.8736841871459383
2024-03-04 08:00:00,1,2082.112,2087.438,2081.798,9.715285714285724,0.0,2.0,0.0,1.0,8.0,0.0,0.0,2.0,2.0,1.0,0.0,0.0,0.0,0.0,1.0,1.0,0.0,0.8331292055763084
2024-03-04 16:00:00,1,2116.24,2119.885,2107.591,10.377571428571498,0.0,2.0,0.0,1.0,16.0,0.0,0.0,2.0,2.0,1.0,0.0,0.0,0.0,0.0,1.0,1.0,0.0,0.9170627725168227
2024-03-04 20:00:00,1,2114.48,2118.521,2113.392,10.381071428571529,0.0,0.0,0.0,1.0,20.0,0.0,0.0,0.0,0.0,1.0,0.0,0.0,0.0,0.0,0.0,0.0,0.0,0.9671838103928521
2024-03-05 00:00:00,1,2112.96,2116.843,2110.41,10.65085714285723,0.0,1.0,0.0,1.0,0.0,1.0,0.0,1.0,1.0,1.0,0.0,0.0,0.0,0.0,0.0,1.0,0.0,0.8897338242956883
2024-03-05 12:00:00,1,2126.618,2141.881,2121.087,11.572642857142926,0.0,2.0,0.0,1.0,12.0,1.0,0.0,2.0,2.0,1.0,0.0,0.0,0.0,0.0,1.0,1.0,0.0,0.7288915969888518
2024-03-05 20:00:00,0,2128.162,2130.963,2126.656,9.494142857142933,0.0,0.0,0.0,1.0,20.0,1.0,0.0,0.0,0.0,1.0,0.0,0.0,0.0,0.0,0.0,0.0,0.0,0.9305246744127865
2024-03-06 00:00:00,1,2124.697,2128.105,2123.603,9.639642857142915,0.0,0.0,0.0,1.0,0.0,2.0,0.0,0.0,0.0,1.0,0.0,0.0,0.0,0.0,0.0,0.0,0.0,0.8716166784499625
2024-03-06 04:00:00,1,2128.478,2131.465,2124.715,9.864285714285772,1.0,1.0,7.0,1.0,4.0,2.0,1.0,0.0,1.0,1.0,0.0,0.0,0.0,0.0,0.0,0.0,0.0,0.8178248602844435
2024-03-06 08:00:00,1,2132.474,2132.601,2124.299,10.104785714285786,0.0,1.0,0.0,1.0,8.0,2.0,0.0,1.0,1.0,1.0,0.0,0.0,0.0,0.0,0.0,1.0,0.0,0.844927319423742
2024-03-06 12:00:00,1,2140.923,2149.185,2130.95,10.835571428571516,0.0,2.0,0.0,1.0,12.0,2.0,0.0,2.0,2.0,1.0,0.0,0.0,0.0,0.0,1.0,1.0,0.0,0.8599020700318569
2024-03-06 20:00:00,1,2147.192,2151.006,2143.114,9.897071428571442,0.0,0.0,0.0,1.0,20.0,2.0,0.0,0.0,0.0,1.0,0.0,0.0,0.0,0.0,0.0,0.0,0.0,0.9412281562246166
2024-03-07 04:00:00,1,2155.951,2161.588,2151.506,9.966214285714289,0.0,2.0,0.0,1.0,4.0,3.0,0.0,2.0,2.0,1.0,0.0,0.0,0.0,0.0,1.0,1.0,0.0,0.9367628931632359
2024-03-07 12:00:00,1,2153.701,2164.753,2147.866,10.680142857142885,0.0,2.0,0.0,1.0,12.0,3.0,0.0,2.0,2.0,1.0,0.0,0.0,0.0,0.0,1.0,1.0,0.0,0.9280954822094689
2024-03-07 20:00:00,1,2161.467,2161.467,2157.949,9.360357142857213,0.0,0.0,0.0,1.0,20.0,3.0,0.0,0.0,0.0,1.0,0.0,0.0,0.0,0.0,0.0,0.0,0.0,0.9463972160826677
2024-03-08 00:00:00,1,2157.578,2163.567,2153.952,9.255785714285755,1.0,1.0,2.0,1.0,0.0,4.0,1.0,0.0,1.0,1.0,0.0,0.0,0.0,0.0,0.0,0.0,0.0,0.7998053159681343
2024-03-08 04:00:00,1,2161.345,2162.032,2156.319,9.356214285714325,0.0,0.0,0.0,1.0,4.0,4.0,0.0,0.0,0.0,1.0,0.0,0.0,0.0,0.0,0.0,0.0,0.0,0.8322030017309011
2024-03-08 12:00:00,1,2177.164,2185.413,2156.305,11.34257142857148,0.0,2.0,0.0,1.0,12.0,4.0,0.0,2.0,2.0,1.0,0.0,0.0,0.0,0.0,1.0,1.0,0.0,0.6295987616900208
2024-03-08 20:00:00,1,2178.502,2179.047,2175.648,11.608857142857168,1.0,1.0,7.0,1.0,20.0,4.0,1.0,0.0,1.0,1.0,0.0,0.0,0.0,0.0,0.0,0.0,0.0,0.7149722321682732
2024-03-10 20:00:00,1,2181.567,2183.825,2177.113,11.170500000000043,0.0,0.0,0.0,1.0,20.0,6.0,0.0,0.0,0.0,1.0,0.0,0.0,0.0,0.0,0.0,0.0,0.0,0.9535209739928713
2024-03-11 04:00:00,1,2182.2,2182.742,2176.798,11.305714285714364,0.0,0.0,0.0,1.0,4.0,0.0,0.0,0.0,0.0,1.0,0.0,0.0,0.0,0.0,0.0,0.0,0.0,0.9528445066155256
2024-03-11 12:00:00,0,2184.27,2185.655,2174.633,11.424000000000076,0.0,2.0,0.0,1.0,12.0,0.0,0.0,2.0,2.0,1.0,0.0,0.0,0.0,0.0,1.0,1.0,0.0,0.7976975452252132
2024-03-11 16:00:00,1,2181.291,2184.649,2177.073,10.758928571428635,0.0,1.0,0.0,1.0,16.0,0.0,0.0,1.0,1.0,1.0,0.0,0.0,0.0,0.0,0.0,1.0,0.0,0.8254940526166873
2024-03-11 20:00:00,0,2183.552,2184.651,2180.563,10.216357142857175,0.0,0.0,0.0,1.0,20.0,0.0,0.0,0.0,0.0,1.0,0.0,0.0,0.0,0.0,0.0,0.0,0.0,0.9396983876422779
2024-03-12 00:00:00,1,2177.469,2184.483,2176.751,10.51735714285717,1.0,1.0,8.0,1.0,0.0,1.0,1.0,0.0,1.0,1.0,0.0,0.0,0.0,0.0,0.0,0.0,0.0,0.7428292264075094
2024-03-12 08:00:00,1,2171.956,2179.048,2170.566,10.429500000000028,0.0,1.0,0.0,1.0,8.0,1.0,0.0,1.0,1.0,1.0,0.0,0.0,0.0,0.0,0.0,1.0,0.0,0.8340974121818181
2024-03-12 12:00:00,0,2163.015,2181.981,2152.55,11.815428571428615,0.0,2.0,0.0,1.0,12.0,1.0,0.0,2.0,2.0,1.0,0.0,0.0,0.0,0.0,1.0,1.0,0.0,0.931928701756564
2024-03-13 04:00:00,1,2159.648,2161.491,2157.223,9.288857142857198,0.0,1.0,0.0,1.0,4.0,2.0,0.0,1.0,1.0,1.0,0.0,0.0,0.0,0.0,0.0,0.0,0.0,0.8625727223576273
2024-03-13 08:00:00,1,2163.925,2164.177,2157.508,8.897357142857215,0.0,2.0,0.0,1.0,8.0,2.0,0.0,2.0,2.0,1.0,0.0,0.0,0.0,0.0,0.0,1.0,0.0,0.7571615906633488
2024-03-13 12:00:00,1,2171.759,2174.523,2161.367,9.41250000000004,0.0,3.0,0.0,1.0,12.0,2.0,0.0,3.0,3.0,1.0,0.0,0.0,0.0,0.0,1.0,1.0,0.0,0.8799742329214874
2024-03-13 20:00:00,1,2175.361,2176.209,2172.274,9.118500000000008,0.0,1.0,0.0,1.0,20.0,2.0,0.0,1.0,1.0,1.0,0.0,0.0,0.0,0.0,0.0,0.0,0.0,0.9242650489258232
2024-03-14 00:00:00,0,2172.264,2176.971,2171.097,8.996928571428564,1.0,1.0,2.0,1.0,0.0,3.0,1.0,0.0,1.0,1.0,0.0,0.0,0.0,0.0,0.0,0.0,0.0,0.8657332591785343
2024-03-14 04:00:00,0,2168.634,2172.513,2167.419,9.068785714285728,0.0,0.0,0.0,1.0,4.0,3.0,0.0,0.0,0.0,1.0,0.0,0.0,0.0,0.0,0.0,0.0,0.0,0.8526913142705149
2024-03-14 16:00:00,0,2163.449,2164.997,2156.663,9.718214285714309,0.0,1.0,0.0,1.0,16.0,3.0,0.0,1.0,1.0,1.0,0.0,0.0,0.0,0.0,0.0,1.0,0.0,0.8642816491935128
2024-03-14 20:00:00,1,2161.62,2163.858,2160.825,7.832642857142899,0.0,0.0,0.0,1.0,20.0,3.0,0.0,0.0,0.0,1.0,0.0,0.0,0.0,0.0,0.0,0.0,0.0,0.9677197356203641
2024-03-15 00:00:00,1,2164.53,2165.901,2160.588,7.0672142857143045,1.0,1.0,7.0,1.0,0.0,4.0,1.0,0.0,1.0,1.0,0.0,0.0,0.0,0.0,0.0,0.0,0.0,0.4830320084321194
2024-03-15 04:00:00,0,2167.016,2170.15,2163.475,7.155142857142891,0.0,1.0,0.0,1.0,4.0,4.0,0.0,1.0,1.0,1.0,0.0,0.0,0.0,0.0,0.0,1.0,0.0,0.7384208059144586
2024-03-15 12:00:00,1,2159.99,2167.293,2156.437,7.802857142857159,0.0,3.0,0.0,1.0,12.0,4.0,0.0,3.0,3.0,1.0,0.0,0.0,0.0,0.0,1.0,1.0,0.0,0.48324580234964437
2024-03-15 16:00:00,1,2156.917,2163.447,2155.092,7.92328571428571,0.0,2.0,0.0,1.0,16.0,4.0,0.0,2.0,2.0,1.0,0.0,0.0,0.0,0.0,0.0,1.0,0.0,0.49716024120288455
2024-03-15 20:00:00,0,2155.697,2158.257,2155.395,7.188000000000004,0.0,1.0,0.0,1.0,20.0,4.0,0.0,1.0,1.0,1.0,0.0,0.0,0.0,0.0,0.0,0.0,0.0,0.772296291370379
2024-03-17 20:00:00,0,2156.516,2156.533,2153.081,6.701642857142848,0.0,1.0,0.0,1.0,20.0,6.0,0.0,1.0,1.0,1.0,0.0,0.0,0.0,0.0,0.0,0.0,0.0,0.9445891714655001
2024-03-21 12:00:00,1,2174.68,2208.811,2166.296,14.6310714285714,0.0,2.0,0.0,1.0,12.0,3.0,0.0,2.0,2.0,1.0,0.0,0.0,0.0,1.0,1.0,1.0,0.0,0.9774075976576763
2024-03-21 16:00:00,0,2181.426,2183.946,2172.954,14.73657142857139,0.0,0.0,0.0,1.0,16.0,3.0,0.0,0.0,0.0,1.0,0.0,0.0,0.0,1.0,0.0,0.0,0.0,0.9835758013919815
2024-03-21 20:00:00,0,2181.491,2182.42,2180.381,14.146214285714256,1.0,1.0,5.0,1.0,20.0,3.0,1.0,0.0,1.0,1.0,0.0,0.0,0.0,1.0,0.0,0.0,0.0,0.9869606528733477
2024-03-22 04:00:00,1,2168.401,2176.303,2162.584,15.617428571428588,0.0,0.0,0.0,1.0,4.0,4.0,0.0,0.0,0.0,1.0,0.0,0.0,0.0,1.0,0.0,0.0,0.0,0.9026222954625527
2024-03-22 08:00:00,1,2166.016,2170.033,2164.871,15.641285714285718,0.0,0.0,0.0,1.0,8.0,4.0,0.0,0.0,0.0,1.0,0.0,0.0,0.0,1.0,0.0,0.0,0.0,0.7022558275093675
2024-03-22 12:00:00,1,2166.095,2180.06,2165.404,16.41342857142857,0.0,2.0,0.0,1.0,12.0,4.0,0.0,2.0,2.0,1.0,0.0,0.0,0.0,1.0,1.0,1.0,0.0,0.8801516524348479
2024-03-22 20:00:00,1,2165.338,2167.186,2163.567,15.89450000000001,0.0,1.0,0.0,1.0,20.0,4.0,0.0,1.0,1.0,1.0,0.0,0.0,0.0,1.0,0.0,0.0,0.0,0.8974093070098405
2024-03-24 20:00:00,1,2168.337,2168.894,2165.06,13.78614285714288,0.0,1.0,0.0,1.0,20.0,6.0,0.0,1.0,1.0,1.0,0.0,0.0,0.0,1.0,0.0,0.0,0.0,0.9807081664469529
2024-03-25 00:00:00,1,2170.602,2178.321,2163.904,12.799928571428577,0.0,3.0,0.0,1.0,0.0,0.0,0.0,3.0,3.0,1.0,0.0,0.0,0.0,1.0,1.0,1.0,0.0,0.9622079935147395
2024-03-25 08:00:00,1,2170.398,2171.834,2163.81,11.91650000000001,0.0,2.0,0.0,1.0,8.0,0.0,0.0,2.0,2.0,1.0,0.0,0.0,0.0,1.0,0.0,1.0,0.0,0.9435860158471086
2024-03-25 12:00:00,1,2175.412,2181.26,2170.261,11.634785714285726,0.0,3.0,0.0,1.0,12.0,0.0,0.0,3.0,3.0,1.0,0.0,0.0,0.0,1.0,1.0,1.0,0.0,0.8732196841072106
2024-03-25 16:00:00,1,2170.945,2177.796,2170.665,9.107357142857122,0.0,1.0,0.0,1.0,16.0,0.0,0.0,1.0,1.0,1.0,0.0,0.0,0.0,1.0,0.0,0.0,0.0,0.941817437628925
2024-03-25 20:00:00,1,2172.878,2173.308,2170.739,8.50571428571428,0.0,1.0,0.0,1.0,20.0,0.0,0.0,1.0,1.0,1.0,0.0,0.0,0.0,1.0,0.0,0.0,0.0,0.9428553950917651
2024-03-26 12:00:00,1,2174.245,2197.326,2171.679,10.6790714285714,0.0,3.0,0.0,1.0,12.0,1.0,0.0,3.0,3.0,1.0,0.0,0.0,0.0,1.0,1.0,1.0,0.0,0.9514493050597579
2024-03-26 16:00:00,1,2177.876,2179.213,2174.242,9.98728571428569,0.0,2.0,0.0,1.0,16.0,1.0,0.0,2.0,2.0,1.0,0.0,0.0,0.0,1.0,0.0,1.0,0.0,0.9289775362285844
2024-03-27 00:00:00,1,2177.725,2181.699,2173.105,9.974928571428563,0.0,2.0,0.0,1.0,0.0,2.0,0.0,2.0,2.0,1.0,0.0,0.0,0.0,1.0,0.0,1.0,0.0,0.9679335414930011
2024-03-27 08:00:00,1,2188.403,2197.586,2176.434,10.548642857142829,0.0,3.0,0.0,1.0,8.0,2.0,0.0,3.0,3.0,1.0,0.0,0.0,0.0,1.0,1.0,1.0,0.0,0.9642777642805614
2024-03-27 12:00:00,1,2190.495,2195.223,2183.412,10.807285714285692,0.0,3.0,0.0,1.0,12.0,2.0,0.0,3.0,3.0,1.0,0.0,0.0,0.0,1.0,1.0,1.0,0.0,0.943888389649331
2024-03-27 16:00:00,1,2193.284,2194.212,2188.991,10.607071428571414,0.0,2.0,0.0,1.0,16.0,2.0,0.0,2.0,2.0,1.0,0.0,0.0,0.0,1.0,0.0,1.0,0.0,0.936934220255237
2024-03-27 20:00:00,1,2190.969,2195.21,2189.729,10.212928571428554,0.0,1.0,0.0,1.0,20.0,2.0,0.0,1.0,1.0,1.0,0.0,0.0,0.0,1.0,0.0,0.0,0.0,0.9347562855179092
2024-03-28 00:00:00,1,2194.774,2196.438,2187.305,10.355928571428583,1.0,1.0,1.0,1.0,0.0,3.0,1.0,0.0,1.0,1.0,0.0,0.0,0.0,1.0,0.0,0.0,0.0,0.943011421872844
2024-03-28 04:00:00,1,2193.719,2200.634,2192.629,10.744214285714309,0.0,0.0,0.0,1.0,4.0,3.0,0.0,0.0,0.0,1.0,0.0,0.0,0.0,1.0,0.0,0.0,0.0,0.9679969203862645
2024-03-28 16:00:00,1,2221.638,2225.576,2213.458,11.461928571428611,0.0,2.0,0.0,1.0,16.0,3.0,0.0,2.0,2.0,1.0,0.0,0.0,0.0,0.0,1.0,1.0,0.0,0.8692677862994268
2024-03-28 20:00:00,1,2232.587,2236.293,2219.601,10.822285714285758,0.0,0.0,0.0,1.0,20.0,3.0,0.0,0.0,0.0,1.0,0.0,0.0,0.0,0.0,0.0,0.0,0.0,0.9732979139110057
2024-03-31 20:00:00,1,2244.928,2247.34,2235.573,11.521000000000056,1.0,1.0,0.0,1.0,20.0,6.0,1.0,0.0,1.0,1.0,1.0,0.0,0.0,0.0,0.0,0.0,0.0,0.7571703440733404
2024-04-01 04:00:00,1,2257.535,2265.678,2256.868,12.6788571428572,0.0,1.0,0.0,1.0,4.0,0.0,0.0,1.0,1.0,1.0,0.0,0.0,0.0,0.0,0.0,0.0,1.0,0.9544944954464147
2024-04-01 08:00:00,1,2246.851,2260.187,2245.581,13.355642857142907,0.0,2.0,0.0,1.0,8.0,0.0,0.0,2.0,2.0,1.0,0.0,0.0,0.0,0.0,0.0,1.0,1.0,0.8136498410480189
2024-04-01 12:00:00,1,2239.638,2257.903,2228.473,13.94692857142864,0.0,3.0,0.0,1.0,12.0,0.0,0.0,3.0,3.0,1.0,0.0,0.0,0.0,1.0,1.0,1.0,1.0,0.9613087258371585
2024-04-01 16:00:00,1,2244.669,2244.722,2234.665,13.821642857142932,0.0,2.0,0.0,1.0,16.0,0.0,0.0,2.0,2.0,1.0,0.0,0.0,0.0,0.0,0.0,1.0,1.0,0.9248593340386497
2024-04-01 20:00:00,1,2248.935,2255.709,2242.987,14.35742857142863,0.0,2.0,0.0,1.0,20.0,0.0,0.0,2.0,2.0,1.0,0.0,0.0,1.0,0.0,0.0,0.0,1.0,0.9778779449880339
2024-04-02 00:00:00,1,2251.531,2255.262,2246.656,14.580642857142916,0.0,4.0,0.0,1.0,0.0,1.0,0.0,4.0,4.0,1.0,0.0,0.0,1.0,0.0,1.0,1.0,1.0,0.945273243404549
2024-04-02 04:00:00,1,2256.373,2259.857,2250.418,14.60250000000003,0.0,2.0,0.0,1.0,4.0,1.0,0.0,2.0,2.0,1.0,0.0,0.0,0.0,0.0,0.0,1.0,1.0,0.9357716645224079
2024-04-02 08:00:00,1,2260.526,2266.782,2255.04,14.869428571428603,0.0,3.0,0.0,1.0,8.0,1.0,0.0,3.0,3.0,1.0,0.0,0.0,0.0,0.0,1.0,1.0,1.0,0.9000957234920552
2024-04-02 20:00:00,1,2280.206,2288.148,2275.647,15.864071428571476,1.0,1.0,4.0,1.0,20.0,1.0,1.0,0.0,1.0,1.0,0.0,0.0,0.0,0.0,0.0,0.0,0.0,0.9688368926270505
2024-04-03 04:00:00,1,2271.188,2287.046,2270.337,15.612071428571458,1.0,1.0,2.0,1.0,4.0,2.0,1.0,0.0,1.0,1.0,0.0,0.0,0.0,0.0,0.0,0.0,0.0,0.8953671951719046
2024-04-03 08:00:00,1,2273.785,2276.104,2267.627,14.694071428571435,0.0,2.0,0.0,1.0,8.0,2.0,0.0,2.0,2.0,1.0,0.0,0.0,0.0,0.0,1.0,1.0,0.0,0.9216083621184359
2024-04-03 20:00:00,1,2297.448,2302.445,2296.245,14.303071428571457,0.0,0.0,0.0,1.0,20.0,2.0,0.0,0.0,0.0,1.0,0.0,0.0,0.0,0.0,0.0,0.0,0.0,0.9766972156358711
2024-04-04 04:00:00,1,2292.952,2300.666,2291.837,13.85250000000006,1.0,1.0,8.0,1.0,4.0,3.0,1.0,0.0,1.0,1.0,0.0,0.0,0.0,0.0,0.0,0.0,0.0,0.9317890257747493
2024-04-04 08:00:00,1,2289.261,2295.18,2288.752,13.696928571428607,0.0,1.0,0.0,1.0,8.0,3.0,0.0,1.0,1.0,1.0,0.0,0.0,0.0,0.0,0.0,1.0,0.0,0.9099377286935073
2024-04-04 12:00:00,1,2292.081,2299.374,2282.702,14.213571428571443,0.0,2.0,0.0,1.0,12.0,3.0,0.0,2.0,2.0,1.0,0.0,0.0,0.0,0.0,1.0,1.0,0.0,0.9542619954449583
2024-04-04 20:00:00,1,2288.891,2293.233,2284.755,13.947571428571402,0.0,0.0,0.0,1.0,20.0,3.0,0.0,0.0,0.0,1.0,0.0,0.0,0.0,0.0,0.0,0.0,0.0,0.9858402894993658
2024-04-05 08:00:00,1,2291.132,2296.142,2284.859,13.868428571428469,0.0,0.0,0.0,1.0,8.0,4.0,0.0,0.0,0.0,1.0,0.0,0.0,0.0,0.0,0.0,0.0,0.0,0.7795862245889059
2024-04-05 16:00:00,1,2323.12,2330.526,2320.637,16.22264285714274,0.0,1.0,0.0,1.0,16.0,4.0,0.0,1.0,1.0,1.0,0.0,0.0,0.0,0.0,0.0,1.0,0.0,0.7880831958514187
2024-04-05 20:00:00,0,2329.355,2329.994,2322.812,15.092428571428496,1.0,1.0,0.0,1.0,20.0,4.0,1.0,0.0,1.0,1.0,1.0,0.0,0.0,0.0,0.0,0.0,0.0,0.8376391658100285
2024-04-07 20:00:00,1,2311.647,2328.564,2303.998,15.605999999999929,0.0,1.0,0.0,1.0,20.0,6.0,0.0,1.0,1.0,1.0,0.0,0.0,0.0,0.0,0.0,0.0,1.0,0.9682990538328133
2024-04-08 04:00:00,0,2337.761,2345.574,2331.76,19.26721428571416,0.0,3.0,0.0,1.0,4.0,0.0,0.0,3.0,3.0,1.0,0.0,0.0,0.0,0.0,1.0,1.0,1.0,0.811590966325365
2024-04-08 12:00:00,1,2327.835,2338.004,2318.646,20.293857142856982,0.0,3.0,0.0,1.0,12.0,0.0,0.0,3.0,3.0,1.0,0.0,0.0,0.0,0.0,1.0,1.0,1.0,0.8375676622234768
2024-04-09 00:00:00,1,2343.943,2348.497,2337.771,18.84221428571413,0.0,1.0,0.0,1.0,0.0,1.0,0.0,1.0,1.0,1.0,0.0,0.0,0.0,0.0,0.0,0.0,1.0,0.8778305530398454
2024-04-09 12:00:00,1,2340.29,2364.281,2338.236,19.41278571428565,0.0,3.0,0.0,1.0,12.0,1.0,0.0,3.0,3.0,1.0,0.0,0.0,0.0,0.0,1.0,1.0,0.0,0.8692953405419731
2024-04-09 16:00:00,1,2351.118,2351.52,2340.014,16.78778571428565,0.0,3.0,0.0,1.0,16.0,1.0,0.0,3.0,3.0,1.0,0.0,0.0,1.0,0.0,0.0,1.0,0.0,0.9045437837180392
2024-04-09 20:00:00,0,2354.776,2355.239,2350.279,16.435714285714248,0.0,0.0,0.0,1.0,20.0,1.0,0.0,0.0,0.0,1.0,0.0,0.0,0.0,0.0,0.0,0.0,0.0,0.9717095874567765
2024-04-10 00:00:00,1,2351.249,2355.576,2344.697,16.69978571428565,0.0,2.0,0.0,1.0,0.0,2.0,0.0,2.0,2.0,1.0,0.0,0.0,1.0,0.0,0.0,0.0,0.0,0.9262221391783728
2024-04-10 04:00:00,0,2353.072,2360.079,2350.831,15.5491428571428,1.0,1.0,4.0,1.0,4.0,2.0,1.0,0.0,1.0,1.0,0.0,0.0,0.0,0.0,0.0,0.0,0.0,0.8843622916724542
2024-04-10 16:00:00,1,2329.635,2345.243,2325.717,14.722999999999988,0.0,3.0,0.0,1.0,16.0,2.0,0.0,3.0,3.0,1.0,0.0,0.0,0.0,0.0,1.0,1.0,0.0,0.9639557186064555
2024-04-10 20:00:00,1,2335.429,2337.205,2329.509,13.890000000000002,0.0,1.0,0.0,1.0,20.0,2.0,0.0,1.0,1.0,1.0,0.0,0.0,0.0,0.0,0.0,0.0,0.0,0.9659280742394473
2024-04-11 00:00:00,1,2343.967,2346.92,2333.319,13.721000000000004,0.0,2.0,0.0,1.0,0.0,3.0,0.0,2.0,2.0,1.0,0.0,0.0,0.0,0.0,0.0,1.0,0.0,0.9663491493914648
2024-04-11 04:00:00,1,2336.396,2346.082,2333.881,14.317214285714304,0.0,2.0,0.0,1.0,4.0,3.0,0.0,2.0,2.0,1.0,0.0,0.0,0.0,0.0,0.0,1.0,0.0,0.9618549076942549
2024-04-11 08:00:00,1,2337.253,2339.678,2325.593,14.557142857142903,0.0,2.0,0.0,1.0,8.0,3.0,0.0,2.0,2.0,1.0,0.0,0.0,0.0,0.0,0.0,1.0,0.0,0.922551828569088
2024-04-11 12:00:00,1,2344.618,2347.431,2331.604,14.688500000000042,0.0,3.0,0.0,1.0,12.0,3.0,0.0,3.0,3.0,1.0,0.0,0.0,0.0,0.0,1.0,1.0,0.0,0.9510857943503486
2024-04-11 20:00:00,1,2377.0,2379.358,2371.268,14.56235714285718,1.0,1.0,0.0,1.0,20.0,3.0,1.0,0.0,1.0,1.0,1.0,0.0,0.0,0.0,0.0,0.0,0.0,0.9685672231647035
2024-04-12 00:00:00,1,2384.242,2395.455,2374.586,15.231142857142911,0.0,2.0,0.0,1.0,0.0,4.0,0.0,2.0,2.0,1.0,0.0,0.0,0.0,0.0,1.0,1.0,0.0,0.8529808716947922
2024-04-12 08:00:00,0,2395.362,2400.638,2390.36,16.09435714285717,0.0,1.0,0.0,1.0,8.0,4.0,0.0,1.0,1.0,1.0,0.0,0.0,0.0,0.0,0.0,1.0,0.0,0.5140078232052877
2024-04-12 16:00:00,1,2343.263,2395.508,2333.794,22.578071428571416,0.0,3.0,0.0,1.0,16.0,4.0,0.0,3.0,3.0,1.0,0.0,0.0,0.0,0.0,1.0,1.0,0.0,0.8398945448788365
2024-04-12 20:00:00,1,2344.382,2345.169,2341.691,20.459785714285708,0.0,1.0,0.0,1.0,20.0,4.0,0.0,1.0,1.0,1.0,0.0,0.0,0.0,0.0,0.0,0.0,0.0,0.8431789684687894
2024-04-14 20:00:00,1,2364.486,2371.92,2346.754,21.032071428571435,0.0,1.0,0.0,1.0,20.0,6.0,0.0,1.0,1.0,1.0,0.0,0.0,0.0,0.0,0.0,0.0,0.0,0.9664904690597937
2024-04-15 00:00:00,1,2358.508,2365.946,2348.403,21.735428571428592,0.0,3.0,0.0,1.0,0.0,0.0,0.0,3.0,3.0,1.0,0.0,0.0,0.0,0.0,1.0,1.0,0.0,0.8436733332554577
2024-04-15 04:00:00,1,2353.047,2362.467,2349.952,21.657857142857143,0.0,2.0,0.0,1.0,4.0,0.0,0.0,2.0,2.0,1.0,0.0,0.0,0.0,0.0,0.0,1.0,0.0,0.7766336905923008
2024-04-15 08:00:00,1,2357.947,2361.178,2344.71,21.962642857142846,0.0,1.0,0.0,1.0,8.0,0.0,0.0,1.0,1.0,1.0,0.0,0.0,0.0,0.0,0.0,0.0,0.0,0.742551470377525
2024-04-15 16:00:00,1,2386.284,2387.637,2346.114,25.43778571428568,0.0,3.0,0.0,1.0,16.0,0.0,0.0,3.0,3.0,1.0,0.0,0.0,0.0,0.0,1.0,1.0,0.0,0.902268882710339
2024-04-15 20:00:00,1,2381.833,2391.957,2380.038,24.00521428571424,0.0,1.0,0.0,1.0,20.0,0.0,0.0,1.0,1.0,1.0,0.0,0.0,0.0,0.0,0.0,0.0,0.0,0.949415448055832
2024-04-16 00:00:00,0,2387.87,2389.33,2379.208,24.15035714285708,0.0,1.0,0.0,1.0,0.0,1.0,0.0,1.0,1.0,1.0,0.0,0.0,0.0,0.0,0.0,0.0,0.0,0.8687297795493412
2024-04-16 08:00:00,1,2373.952,2375.37,2365.107,23.99357142857136,0.0,1.0,0.0,1.0,8.0,1.0,0.0,1.0,1.0,1.0,0.0,0.0,0.0,0.0,0.0,0.0,0.0,0.6854785403299775
2024-04-16 12:00:00,0,2385.939,2393.017,2363.466,25.37021428571422,0.0,3.0,0.0,1.0,12.0,1.0,0.0,3.0,3.0,1.0,0.0,0.0,0.0,0.0,1.0,1.0,0.0,0.8692953405419731
2024-04-17 04:00:00,1,2382.496,2383.255,2372.647,18.5489285714285,0.0,1.0,0.0,1.0,4.0,2.0,0.0,1.0,1.0,1.0,0.0,0.0,0.0,0.0,0.0,0.0,0.0,0.8564144092251684
2024-04-17 08:00:00,0,2387.298,2394.287,2382.46,18.14064285714276,0.0,2.0,0.0,1.0,8.0,2.0,0.0,2.0,2.0,1.0,0.0,0.0,0.0,0.0,0.0,1.0,0.0,0.6278746591530504
2024-04-17 16:00:00,1,2372.657,2384.453,2360.979,18.97978571428565,0.0,3.0,0.0,1.0,16.0,2.0,0.0,3.0,3.0,1.0,0.0,0.0,0.0,0.0,1.0,1.0,0.0,0.9223923348197237
2024-04-18 04:00:00,1,2377.808,2381.017,2373.132,15.22785714285708,0.0,1.0,0.0,1.0,4.0,3.0,0.0,1.0,1.0,1.0,0.0,0.0,0.0,0.0,0.0,0.0,0.0,0.9292711285364251
2024-04-18 08:00:00,1,2380.92,2385.36,2377.176,15.089428571428536,0.0,1.0,0.0,1.0,8.0,3.0,0.0,1.0,1.0,1.0,0.0,0.0,0.0,0.0,0.0,0.0,0.0,0.8586396160932225
2024-04-18 12:00:00,1,2384.106,2392.804,2369.478,14.894357142857125,0.0,3.0,0.0,1.0,12.0,3.0,0.0,3.0,3.0,1.0,0.0,0.0,0.0,0.0,1.0,1.0,0.0,0.9510857943503486
2024-04-19 04:00:00,0,2385.425,2393.889,2378.6,15.256857142857111,0.0,3.0,0.0,1.0,4.0,4.0,0.0,3.0,3.0,1.0,0.0,0.0,0.0,0.0,1.0,1.0,0.0,0.8424747265171978
2024-04-19 08:00:00,1,2376.813,2386.298,2372.761,15.823357142857114,0.0,2.0,0.0,1.0,8.0,4.0,0.0,2.0,2.0,1.0,0.0,0.0,0.0,0.0,0.0,1.0,0.0,0.551626703788895
2024-04-19 12:00:00,1,2394.756,2396.018,2373.074,16.704499999999957,0.0,3.0,0.0,1.0,12.0,4.0,0.0,3.0,3.0,1.0,0.0,0.0,0.0,0.0,1.0,1.0,0.0,0.7976938589902617
2024-04-19 16:00:00,1,2387.606,2401.969,2386.591,16.95814285714284,0.0,1.0,0.0,1.0,16.0,4.0,0.0,1.0,1.0,1.0,0.0,0.0,0.0,0.0,0.0,0.0,0.0,0.8076304724271082
2024-04-19 20:00:00,0,2390.677,2391.252,2386.637,16.05514285714282,0.0,1.0,0.0,1.0,20.0,4.0,0.0,1.0,1.0,1.0,0.0,0.0,0.0,0.0,0.0,0.0,0.0,0.8310894938280682
2024-04-21 20:00:00,0,2386.483,2388.595,2381.882,15.006642857142811,0.0,1.0,0.0,1.0,20.0,6.0,0.0,1.0,1.0,1.0,0.0,0.0,0.0,0.0,0.0,0.0,0.0,0.9694938261905043
2024-04-22 04:00:00,1,2360.983,2372.898,2351.294,16.175714285714257,0.0,3.0,0.0,1.0,4.0,0.0,0.0,3.0,3.0,1.0,0.0,0.0,0.0,1.0,1.0,1.0,0.0,0.9465620299848684
2024-04-22 08:00:00,1,2342.059,2363.642,2339.396,17.344357142857103,1.0,1.0,0.0,1.0,8.0,0.0,1.0,0.0,1.0,1.0,1.0,0.0,0.0,1.0,0.0,0.0,0.0,0.8222401371137453
2024-04-22 12:00:00,1,2334.797,2350.382,2331.034,18.141785714285657,0.0,2.0,0.0,1.0,12.0,0.0,0.0,2.0,2.0,1.0,0.0,0.0,0.0,1.0,1.0,1.0,0.0,0.9256126036411331
2024-04-22 16:00:00,1,2329.332,2336.454,2324.55,17.325928571428513,0.0,0.0,0.0,1.0,16.0,0.0,0.0,0.0,0.0,1.0,0.0,0.0,0.0,1.0,0.0,0.0,0.0,0.93746389146369
2024-04-22 20:00:00,0,2333.738,2333.93,2325.319,17.135999999999935,0.0,0.0,0.0,1.0,20.0,0.0,0.0,0.0,0.0,1.0,0.0,0.0,0.0,1.0,0.0,0.0,0.0,0.9647058602799371
2024-04-23 00:00:00,1,2302.602,2334.376,2295.5,19.5830714285714,0.0,2.0,0.0,1.0,0.0,1.0,0.0,2.0,2.0,1.0,0.0,0.0,0.0,0.0,1.0,1.0,0.0,0.8314455069590945
2024-04-23 04:00:00,1,2309.051,2314.765,2298.859,17.56335714285712,0.0,1.0,0.0,1.0,4.0,1.0,0.0,1.0,1.0,1.0,0.0,0.0,0.0,1.0,0.0,1.0,0.0,0.8779219981569131
2024-05-06 20:00:00,0,2325.943,2328.819,2322.182,12.669071428571442,0.0,1.0,0.0,1.0,20.0,0.0,0.0,1.0,1.0,1.0,0.0,0.0,0.0,1.0,0.0,0.0,0.0,0.9749966720017614
2024-05-07 04:00:00,0,2319.253,2325.076,2317.68,13.117642857142885,0.0,1.0,0.0,1.0,4.0,1.0,0.0,1.0,1.0,1.0,0.0,0.0,0.0,1.0,0.0,0.0,0.0,0.9657862470021235
2024-05-07 08:00:00,1,2312.348,2319.841,2311.639,12.913214285714307,0.0,1.0,0.0,1.0,8.0,1.0,0.0,1.0,1.0,1.0,0.0,0.0,0.0,1.0,0.0,0.0,0.0,0.8838682164403221
2024-05-07 12:00:00,1,2314.703,2323.722,2309.915,13.402071428571457,0.0,3.0,0.0,1.0,12.0,1.0,0.0,3.0,3.0,1.0,0.0,0.0,0.0,1.0,1.0,1.0,0.0,0.9585640424353024
2024-05-08 04:00:00,1,2305.691,2321.336,2305.294,11.331714285714302,0.0,1.0,0.0,1.0,4.0,2.0,0.0,1.0,1.0,1.0,0.0,0.0,0.0,0.0,0.0,0.0,0.0,0.934892467821008
2024-05-08 12:00:00,0,2320.391,2320.391,2306.721,10.512928571428606,0.0,3.0,0.0,1.0,12.0,2.0,0.0,3.0,3.0,1.0,0.0,0.0,0.0,1.0,1.0,1.0,0.0,0.9603863779256637
2024-05-09 00:00:00,1,2312.274,2312.996,2307.765,9.545857142857228,0.0,1.0,0.0,1.0,0.0,3.0,0.0,1.0,1.0,1.0,0.0,0.0,0.0,1.0,0.0,0.0,0.0,0.9082324433738903
2024-05-09 12:00:00,1,2330.397,2338.93,2312.06,11.33471428571436,0.0,3.0,0.0,1.0,12.0,3.0,0.0,3.0,3.0,1.0,0.0,0.0,0.0,1.0,1.0,1.0,0.0,0.9641418464516119
2024-05-09 20:00:00,1,2346.516,2348.325,2343.115,11.199214285714366,1.0,1.0,0.0,1.0,20.0,3.0,1.0,0.0,1.0,1.0,1.0,0.0,0.0,1.0,0.0,0.0,0.0,0.9650445689646971
2024-05-10 04:00:00,1,2366.7,2370.364,2351.17,12.539714285714354,0.0,2.0,0.0,1.0,4.0,4.0,0.0,2.0,2.0,1.0,0.0,0.0,0.0,1.0,1.0,1.0,0.0,0.9577127937241044
2024-05-10 16:00:00,1,2363.315,2370.961,2361.663,12.48357142857146,0.0,1.0,0.0,1.0,16.0,4.0,0.0,1.0,1.0,1.0,0.0,0.0,0.0,0.0,0.0,0.0,0.0,0.7539455270242473
2024-05-10 20:00:00,1,2360.449,2365.047,2359.695,11.889428571428589,0.0,1.0,0.0,1.0,20.0,4.0,0.0,1.0,1.0,1.0,0.0,0.0,0.0,1.0,0.0,0.0,0.0,0.9455000343655254
2024-05-13 00:00:00,0,2357.07,2364.489,2354.778,11.671785714285727,0.0,1.0,0.0,1.0,0.0,0.0,0.0,1.0,1.0,1.0,0.0,0.0,0.0,1.0,0.0,0.0,0.0,0.963991539475645
2024-05-13 04:00:00,1,2348.569,2357.043,2346.429,12.058214285714287,0.0,2.0,0.0,1.0,4.0,0.0,0.0,2.0,2.0,1.0,0.0,0.0,1.0,1.0,0.0,0.0,0.0,0.9888797607765168
2024-05-13 08:00:00,0,2344.544,2350.337,2338.364,12.032785714285705,0.0,3.0,0.0,1.0,8.0,0.0,0.0,3.0,3.0,1.0,0.0,0.0,0.0,1.0,1.0,1.0,0.0,0.9623739418756819
2024-05-13 16:00:00,1,2337.334,2338.49,2334.424,10.943071428571397,0.0,1.0,0.0,1.0,16.0,0.0,0.0,1.0,1.0,1.0,0.0,0.0,0.0,1.0,0.0,0.0,0.0,0.9440517614147353
2024-05-14 00:00:00,1,2343.059,2344.423,2334.734,10.489928571428534,0.0,1.0,0.0,1.0,0.0,1.0,0.0,1.0,1.0,1.0,0.0,0.0,0.0,1.0,0.0,0.0,0.0,0.9674805763769498
2024-05-14 04:00:00,1,2339.151,2345.924,2336.082,10.486571428571422,0.0,2.0,0.0,1.0,4.0,1.0,0.0,2.0,2.0,1.0,0.0,0.0,0.0,1.0,0.0,1.0,0.0,0.9530007534654381
2024-05-14 12:00:00,1,2347.925,2357.068,2336.553,10.426785714285709,0.0,3.0,0.0,1.0,12.0,1.0,0.0,3.0,3.0,1.0,0.0,0.0,0.0,1.0,1.0,1.0,0.0,0.9589772981521416
2024-05-14 16:00:00,1,2356.487,2359.592,2346.291,10.003785714285709,0.0,2.0,0.0,1.0,16.0,1.0,0.0,2.0,2.0,1.0,0.0,0.0,0.0,1.0,0.0,1.0,0.0,0.9289775362285844
2024-05-15 04:00:00,1,2362.401,2365.2,2355.649,10.078285714285746,0.0,2.0,0.0,1.0,4.0,2.0,0.0,2.0,2.0,1.0,0.0,0.0,0.0,0.0,0.0,1.0,0.0,0.9442412335744165
2024-05-15 08:00:00,1,2362.742,2374.313,2361.98,10.26557142857145,0.0,3.0,0.0,1.0,8.0,2.0,0.0,3.0,3.0,1.0,0.0,0.0,0.0,1.0,1.0,1.0,0.0,0.951616942064906
2024-05-15 12:00:00,1,2377.551,2385.724,2351.748,11.932357142857168,0.0,3.0,0.0,1.0,12.0,2.0,0.0,3.0,3.0,1.0,0.0,0.0,0.0,0.0,1.0,1.0,0.0,0.9388097557097916
2024-05-15 16:00:00,1,2386.313,2390.295,2377.067,12.022000000000032,0.0,2.0,0.0,1.0,16.0,2.0,0.0,2.0,2.0,1.0,0.0,0.0,0.0,0.0,1.0,1.0,0.0,0.9533153168958731
2024-05-15 20:00:00,0,2391.769,2391.911,2385.281,11.22785714285718,1.0,1.0,0.0,1.0,20.0,2.0,1.0,0.0,1.0,1.0,1.0,0.0,0.0,0.0,0.0,0.0,0.0,0.9037031030521976
2024-05-16 12:00:00,1,2381.506,2386.349,2370.885,12.587714285714323,0.0,3.0,0.0,1.0,12.0,3.0,0.0,3.0,3.0,1.0,0.0,0.0,0.0,0.0,1.0,1.0,0.0,0.8470364315455411
2024-05-16 16:00:00,1,2378.106,2383.746,2377.704,12.270500000000052,0.0,1.0,0.0,1.0,16.0,3.0,0.0,1.0,1.0,1.0,0.0,0.0,0.0,0.0,0.0,0.0,0.0,0.9689267109182363
2024-05-17 00:00:00,1,2377.803,2381.233,2373.908,10.651500000000071,1.0,1.0,5.0,1.0,0.0,4.0,1.0,0.0,1.0,1.0,0.0,0.0,0.0,0.0,0.0,0.0,0.0,0.6611555280984137
2024-05-17 04:00:00,1,2383.814,2387.762,2376.582,11.211928571428643,0.0,0.0,0.0,1.0,4.0,4.0,0.0,0.0,0.0,1.0,0.0,0.0,0.0,0.0,0.0,0.0,0.0,0.9042914444138883
2024-05-17 08:00:00,1,2389.682,2390.135,2381.299,11.402857142857233,0.0,1.0,0.0,1.0,8.0,4.0,0.0,1.0,1.0,1.0,0.0,0.0,0.0,0.0,0.0,1.0,0.0,0.40090101314881166
2024-05-17 12:00:00,1,2407.708,2419.17,2386.798,13.032928571428686,0.0,2.0,0.0,1.0,12.0,4.0,0.0,2.0,2.0,1.0,0.0,0.0,0.0,0.0,1.0,1.0,0.0,0.5659662938753762
2024-05-17 20:00:00,1,2413.933,2422.733,2413.419,11.351071428571524,1.0,1.0,6.0,1.0,20.0,4.0,1.0,0.0,1.0,1.0,0.0,0.0,0.0,0.0,0.0,0.0,0.0,0.8119310948227202
2024-05-19 20:00:00,1,2420.194,2425.201,2416.732,11.21107142857152,0.0,0.0,0.0,1.0,20.0,6.0,0.0,0.0,0.0,1.0,0.0,0.0,0.0,0.0,0.0,0.0,0.0,0.9535209739928713
2024-05-20 12:00:00,1,2424.838,2430.898,2407.273,14.623071428571524,0.0,2.0,0.0,1.0,12.0,0.0,0.0,2.0,2.0,1.0,0.0,0.0,0.0,0.0,1.0,1.0,0.0,0.9351262475406315
2024-05-20 16:00:00,1,2426.734,2437.373,2422.441,14.585071428571544,0.0,0.0,0.0,1.0,16.0,0.0,0.0,0.0,0.0,1.0,0.0,0.0,0.0,0.0,0.0,0.0,0.0,0.9644397667042802
2024-05-20 20:00:00,0,2426.133,2430.346,2423.277,14.65842857142869,1.0,1.0,5.0,1.0,20.0,0.0,1.0,0.0,1.0,1.0,0.0,0.0,0.0,0.0,0.0,0.0,0.0,0.9811130575222674
2024-05-21 04:00:00,1,2419.209,2422.206,2408.502,16.772571428571545,0.0,2.0,0.0,1.0,4.0,1.0,0.0,2.0,2.0,1.0,0.0,0.0,0.0,0.0,1.0,0.0,0.0,0.9160472550929485
2024-05-21 20:00:00,1,2421.654,2423.457,2420.319,14.671500000000083,0.0,1.0,0.0,1.0,20.0,1.0,0.0,1.0,1.0,1.0,0.0,0.0,0.0,0.0,0.0,0.0,0.0,0.9694470551088662
2024-05-22 00:00:00,1,2414.163,2426.542,2412.539,15.006428571428614,0.0,1.0,0.0,1.0,0.0,2.0,0.0,1.0,1.0,1.0,0.0,0.0,0.0,0.0,0.0,0.0,0.0,0.967249274469479
2024-05-22 04:00:00,0,2417.232,2418.524,2411.399,14.71050000000004,0.0,1.0,0.0,1.0,4.0,2.0,0.0,1.0,1.0,1.0,0.0,0.0,0.0,0.0,0.0,0.0,0.0,0.9638620712274062
2024-05-22 12:00:00,1,2391.965,2415.039,2382.135,15.080142857142878,0.0,2.0,0.0,1.0,12.0,2.0,0.0,2.0,2.0,1.0,0.0,0.0,0.0,1.0,1.0,1.0,0.0,0.9647113812687401
2024-05-22 16:00:00,1,2379.305,2394.995,2374.935,15.112071428571458,0.0,2.0,0.0,1.0,16.0,2.0,0.0,2.0,2.0,1.0,0.0,0.0,0.0,1.0,1.0,1.0,0.0,0.9753394839082125
2024-05-22 20:00:00,0,2382.124,2382.707,2377.308,13.810214285714308,0.0,0.0,0.0,1.0,20.0,2.0,0.0,0.0,0.0,1.0,0.0,0.0,0.0,1.0,0.0,0.0,0.0,0.9776247863631149
2024-05-23 08:00:00,0,2368.041,2369.427,2355.087,13.902142857142833,0.0,0.0,0.0,1.0,8.0,3.0,0.0,0.0,0.0,1.0,0.0,0.0,0.0,1.0,0.0,0.0,0.0,0.9700766677293425
2024-05-23 16:00:00,1,2331.58,2350.143,2330.91,15.57742857142856,1.0,1.0,0.0,1.0,16.0,3.0,1.0,0.0,1.0,1.0,1.0,0.0,0.0,1.0,0.0,0.0,0.0,0.958188839306522
2024-05-23 20:00:00,1,2332.012,2333.62,2326.867,15.062785714285676,1.0,1.0,5.0,1.0,20.0,3.0,1.0,0.0,1.0,1.0,0.0,0.0,0.0,1.0,0.0,0.0,0.0,0.9838492610423837
2024-06-07 08:00:00,0,2336.496,2373.933,2330.875,14.243857142857223,0.0,3.0,0.0,1.0,8.0,4.0,0.0,3.0,3.0,1.0,0.0,0.0,0.0,0.0,1.0,1.0,0.0,0.7411672923558751
2024-06-21 20:00:00,1,2321.503,2322.653,2320.76,11.71049999999991,0.0,1.0,0.0,0.0,20.0,4.0,0.0,1.0,1.0,0.0,0.0,0.0,0.0,1.0,0.0,0.0,0.0,0.7858465813047252
2024-06-24 04:00:00,1,2330.705,2331.793,2321.325,12.296071428571397,0.0,1.0,0.0,0.0,4.0,0.0,0.0,1.0,1.0,0.0,0.0,0.0,0.0,1.0,0.0,0.0,0.0,0.9921742344573626
2024-06-24 08:00:00,1,2326.191,2332.768,2320.767,12.298000000000002,0.0,3.0,0.0,0.0,8.0,0.0,0.0,3.0,3.0,0.0,0.0,0.0,0.0,1.0,1.0,1.0,0.0,0.9809271646451514
2024-06-24 12:00:00,1,2327.626,2333.833,2323.281,12.350357142857124,0.0,3.0,0.0,0.0,12.0,0.0,0.0,3.0,3.0,0.0,0.0,0.0,0.0,1.0,1.0,1.0,0.0,0.9814417787727476
2024-06-24 16:00:00,0,2331.64,2334.629,2326.822,10.748857142857135,0.0,1.0,0.0,0.0,16.0,0.0,0.0,1.0,1.0,0.0,0.0,0.0,0.0,1.0,0.0,0.0,0.0,0.9591546745060983
2024-06-25 00:00:00,0,2324.146,2330.924,2323.15,10.80292857142857,0.0,2.0,0.0,0.0,0.0,1.0,0.0,2.0,2.0,0.0,0.0,0.0,0.0,1.0,0.0,1.0,0.0,0.9546308369033453
2024-06-25 16:00:00,0,2319.776,2324.985,2315.436,9.053785714285723,0.0,2.0,0.0,0.0,16.0,1.0,0.0,2.0,2.0,0.0,0.0,0.0,0.0,1.0,0.0,1.0,0.0,0.9159296685730368
2024-06-26 04:00:00,1,2316.085,2318.129,2309.682,9.499785714285704,0.0,2.0,0.0,0.0,4.0,2.0,0.0,2.0,2.0,0.0,0.0,0.0,0.0,1.0,0.0,1.0,0.0,0.941657004673478
2024-06-26 08:00:00,0,2313.005,2318.435,2304.378,9.87649999999998,0.0,2.0,0.0,0.0,8.0,2.0,0.0,2.0,2.0,0.0,0.0,0.0,0.0,1.0,1.0,1.0,0.0,0.964797029495418
2024-06-28 16:00:00,1,2325.004,2332.713,2322.926,9.918071428571466,0.0,2.0,0.0,0.0,16.0,4.0,0.0,2.0,2.0,0.0,0.0,0.0,0.0,1.0,0.0,1.0,0.0,0.876831556107807
2024-06-28 20:00:00,0,2326.638,2326.815,2322.841,8.465714285714316,0.0,1.0,0.0,0.0,20.0,4.0,0.0,1.0,1.0,0.0,0.0,0.0,0.0,1.0,0.0,0.0,0.0,0.8549549326995274
2024-06-30 20:00:00,1,2324.933,2326.157,2322.837,8.299857142857165,0.0,1.0,0.0,0.0,20.0,6.0,0.0,1.0,1.0,0.0,0.0,0.0,0.0,1.0,0.0,0.0,0.0,0.954145046768789
2024-07-01 12:00:00,1,2327.713,2338.478,2319.173,10.013642857142909,0.0,3.0,0.0,0.0,12.0,0.0,0.0,3.0,3.0,0.0,0.0,0.0,0.0,1.0,1.0,1.0,0.0,0.9731910260108178
2024-07-01 16:00:00,1,2330.9,2331.871,2326.603,9.329714285714315,0.0,2.0,0.0,0.0,16.0,0.0,0.0,2.0,2.0,0.0,0.0,0.0,0.0,1.0,0.0,1.0,0.0,0.9306945925381354
2024-07-01 20:00:00,1,2332.222,2332.553,2330.862,9.028785714285732,0.0,1.0,0.0,0.0,20.0,0.0,0.0,1.0,1.0,0.0,0.0,0.0,0.0,1.0,0.0,0.0,0.0,0.9697406317301229
2024-07-02 00:00:00,1,2326.033,2334.305,2325.702,9.418071428571434,0.0,1.0,0.0,0.0,0.0,1.0,0.0,1.0,1.0,0.0,0.0,0.0,0.0,1.0,0.0,0.0,0.0,0.9411984070980536
2024-07-02 04:00:00,0,2330.679,2331.779,2323.282,9.362499999999986,0.0,1.0,0.0,0.0,4.0,1.0,0.0,1.0,1.0,0.0,0.0,0.0,0.0,1.0,0.0,0.0,0.0,0.9380142726347358
2024-07-02 16:00:00,0,2330.76,2331.298,2320.921,9.639642857142851,0.0,1.0,0.0,0.0,16.0,1.0,0.0,1.0,1.0,0.0,0.0,0.0,0.0,1.0,0.0,0.0,0.0,0.9372780692588416
2024-07-02 20:00:00,1,2330.18,2331.443,2328.61,9.142928571428554,0.0,1.0,0.0,0.0,20.0,1.0,0.0,1.0,1.0,0.0,0.0,0.0,0.0,1.0,0.0,0.0,0.0,0.9559259913198946
2024-07-03 16:00:00,1,2354.28,2363.147,2353.613,10.36342857142852,0.0,2.0,0.0,0.0,16.0,2.0,0.0,2.0,2.0,0.0,0.0,0.0,0.0,1.0,0.0,1.0,0.0,0.9556026857756144
2024-07-03 20:00:00,0,2358.699,2359.578,2354.223,9.36699999999993,0.0,1.0,0.0,1.0,20.0,2.0,0.0,1.0,1.0,1.0,0.0,0.0,0.0,1.0,0.0,0.0,0.0,0.9488462398776144
2024-07-04 04:00:00,1,2357.455,2359.572,2350.33,9.965571428571366,0.0,1.0,0.0,1.0,4.0,3.0,0.0,1.0,1.0,1.0,0.0,0.0,0.0,1.0,0.0,0.0,0.0,0.962875292805071
2024-07-04 08:00:00,0,2358.389,2359.987,2355.443,9.675642857142812,0.0,1.0,0.0,1.0,8.0,3.0,0.0,1.0,1.0,1.0,0.0,0.0,0.0,1.0,0.0,0.0,0.0,0.8721298329344305
2024-07-04 16:00:00,0,2357.23,2359.098,2356.903,8.78599999999996,0.0,1.0,0.0,1.0,16.0,3.0,0.0,1.0,1.0,1.0,0.0,0.0,0.0,1.0,0.0,0.0,0.0,0.9182983650539323
2024-07-04 20:00:00,1,2356.721,2357.715,2354.213,7.766499999999951,0.0,1.0,0.0,1.0,20.0,3.0,0.0,1.0,1.0,1.0,0.0,0.0,0.0,1.0,0.0,0.0,0.0,0.9750928441051228
2024-07-05 20:00:00,0,2391.557,2391.636,2388.194,8.556857142857163,1.0,1.0,0.0,1.0,20.0,4.0,1.0,0.0,1.0,1.0,1.0,0.0,0.0,0.0,0.0,0.0,0.0,0.644602890721698
2024-07-08 00:00:00,1,2382.88,2391.088,2380.666,8.722785714285724,0.0,3.0,0.0,1.0,0.0,0.0,0.0,3.0,3.0,1.0,0.0,0.0,0.0,0.0,1.0,1.0,0.0,0.8043102658634017
2024-07-08 04:00:00,0,2377.828,2386.761,2376.597,9.013285714285724,0.0,3.0,0.0,1.0,4.0,0.0,0.0,3.0,3.0,1.0,0.0,0.0,0.0,1.0,1.0,1.0,0.0,0.9377339385082051
2024-07-08 08:00:00,1,2375.284,2378.823,2368.253,9.108142857142834,0.0,3.0,0.0,1.0,8.0,0.0,0.0,3.0,3.0,1.0,0.0,0.0,0.0,1.0,1.0,1.0,0.0,0.9202942535567549
2024-07-08 12:00:00,1,2355.459,2379.516,2350.975,10.822214285714283,0.0,3.0,0.0,1.0,12.0,0.0,0.0,3.0,3.0,1.0,0.0,0.0,0.0,1.0,1.0,1.0,0.0,0.9384074413895099
2024-07-08 16:00:00,1,2359.132,2359.838,2350.991,10.99807142857146,0.0,3.0,0.0,1.0,16.0,0.0,0.0,3.0,3.0,1.0,0.0,0.0,0.0,1.0,1.0,1.0,0.0,0.9425435215951178
2024-07-08 20:00:00,1,2361.711,2362.004,2357.986,11.128285714285736,0.0,1.0,0.0,1.0,20.0,0.0,0.0,1.0,1.0,1.0,0.0,0.0,0.0,1.0,0.0,0.0,0.0,0.975601634377069
2024-07-09 00:00:00,1,2367.625,2367.949,2360.436,11.414785714285731,0.0,2.0,0.0,1.0,0.0,1.0,0.0,2.0,2.0,1.0,0.0,0.0,0.0,1.0,1.0,0.0,0.0,0.9616285811917532
2024-07-09 04:00:00,1,2358.933,2368.791,2358.279,11.660071428571428,0.0,1.0,0.0,1.0,4.0,1.0,0.0,1.0,1.0,1.0,0.0,0.0,0.0,1.0,0.0,0.0,0.0,0.9511646756368487
2024-07-09 16:00:00,1,2363.496,2365.588,2356.507,10.665785714285708,0.0,3.0,0.0,1.0,16.0,1.0,0.0,3.0,3.0,1.0,0.0,0.0,0.0,1.0,1.0,1.0,0.0,0.9447583767893387
2024-07-09 20:00:00,1,2364.966,2366.037,2363.281,10.21849999999998,0.0,1.0,0.0,1.0,20.0,1.0,0.0,1.0,1.0,1.0,0.0,0.0,0.0,1.0,0.0,0.0,0.0,0.938997430979611
2024-07-10 00:00:00,1,2368.144,2370.258,2363.304,10.469357142857104,0.0,1.0,0.0,1.0,0.0,2.0,0.0,1.0,1.0,1.0,0.0,0.0,0.0,1.0,0.0,0.0,0.0,0.97015328131624
2024-07-10 04:00:00,1,2372.606,2374.932,2366.536,10.584071428571374,0.0,1.0,0.0,1.0,4.0,2.0,0.0,1.0,1.0,1.0,0.0,0.0,0.0,1.0,0.0,0.0,0.0,0.9668305624546868
2024-07-10 08:00:00,0,2378.346,2378.379,2371.425,10.336357142857066,0.0,1.0,0.0,1.0,8.0,2.0,0.0,1.0,1.0,1.0,0.0,0.0,0.0,1.0,0.0,0.0,0.0,0.94155547300111
2024-07-10 20:00:00,1,2372.852,2372.911,2370.86,8.694714285714229,0.0,1.0,0.0,1.0,20.0,2.0,0.0,1.0,1.0,1.0,0.0,0.0,0.0,1.0,0.0,0.0,0.0,0.932769487089872
2024-07-11 00:00:00,1,2378.741,2380.254,2371.418,8.693928571428485,0.0,0.0,0.0,1.0,0.0,3.0,0.0,0.0,0.0,1.0,0.0,0.0,0.0,1.0,0.0,0.0,0.0,0.8201429106397712
2024-07-11 08:00:00,1,2380.792,2384.527,2379.001,8.603357142857053,0.0,1.0,0.0,1.0,8.0,3.0,0.0,1.0,1.0,1.0,0.0,0.0,0.0,0.0,0.0,1.0,0.0,0.5088270683423877
2024-07-11 16:00:00,0,2414.082,2419.238,2409.988,11.24885714285704,0.0,3.0,0.0,1.0,16.0,3.0,0.0,3.0,3.0,1.0,0.0,0.0,0.0,0.0,1.0,1.0,0.0,0.940814619579102
2024-07-12 04:00:00,1,2404.174,2410.088,2400.289,10.548857142857027,0.0,2.0,0.0,1.0,4.0,4.0,0.0,2.0,2.0,1.0,0.0,0.0,0.0,0.0,0.0,1.0,0.0,0.8878328016639043
2024-07-12 08:00:00,1,2401.715,2408.312,2398.288,10.768142857142752,0.0,3.0,0.0,1.0,8.0,4.0,0.0,3.0,3.0,1.0,0.0,0.0,1.0,0.0,0.0,1.0,0.0,0.6594274128386938
2024-07-14 20:00:00,1,2408.657,2412.243,2405.677,10.584999999999908,0.0,1.0,0.0,1.0,20.0,6.0,0.0,1.0,1.0,1.0,0.0,0.0,0.0,0.0,0.0,0.0,1.0,0.9650867436204319
2024-07-15 00:00:00,1,2411.555,2411.971,2404.881,10.944928571428491,0.0,2.0,0.0,1.0,0.0,0.0,0.0,2.0,2.0,1.0,0.0,0.0,0.0,0.0,0.0,1.0,1.0,0.8711920253270635
2024-07-15 12:00:00,1,2433.281,2437.493,2411.509,13.30299999999995,0.0,3.0,0.0,1.0,12.0,0.0,0.0,3.0,3.0,1.0,0.0,0.0,0.0,0.0,1.0,1.0,1.0,0.9026217751282642
2024-07-15 16:00:00,1,2421.091,2439.76,2419.715,11.417214285714246,0.0,3.0,0.0,1.0,16.0,0.0,0.0,3.0,3.0,1.0,0.0,0.0,0.0,0.0,1.0,1.0,1.0,0.8086648378429587
2024-07-15 20:00:00,1,2422.496,2422.726,2420.587,10.909285714285684,0.0,1.0,0.0,1.0,20.0,0.0,0.0,1.0,1.0,1.0,0.0,0.0,0.0,0.0,0.0,0.0,1.0,0.953115416547689
2024-07-16 00:00:00,1,2428.577,2431.449,2419.914,11.384071428571392,0.0,2.0,0.0,1.0,0.0,1.0,0.0,2.0,2.0,1.0,0.0,0.0,0.0,0.0,0.0,1.0,1.0,0.8612872507715621
2024-07-16 08:00:00,1,2439.521,2443.41,2433.607,11.72592857142854,0.0,2.0,0.0,1.0,8.0,1.0,0.0,2.0,2.0,1.0,0.0,0.0,0.0,0.0,1.0,1.0,0.0,0.9169974997366224
2024-07-17 16:00:00,1,2457.986,2465.106,2451.407,15.507785714285708,0.0,2.0,0.0,1.0,16.0,2.0,0.0,2.0,2.0,1.0,0.0,0.0,0.0,0.0,1.0,1.0,0.0,0.9514239300725641
2024-07-17 20:00:00,1,2461.296,2461.832,2457.212,13.981785714285706,0.0,0.0,0.0,1.0,20.0,2.0,0.0,0.0,0.0,1.0,0.0,0.0,0.0,0.0,0.0,0.0,0.0,0.9766972156358711
2024-07-18 00:00:00,1,2468.009,2468.851,2457.29,13.375785714285712,0.0,0.0,0.0,1.0,0.0,3.0,0.0,0.0,0.0,1.0,0.0,0.0,0.0,0.0,0.0,0.0,0.0,0.9761277958137113
2024-07-18 04:00:00,1,2471.93,2474.966,2464.551,13.966928571428555,0.0,0.0,0.0,1.0,4.0,3.0,0.0,0.0,0.0,1.0,0.0,0.0,0.0,0.0,0.0,0.0,0.0,0.9820992086988601
2024-07-18 08:00:00,1,2464.468,2473.694,2461.488,14.01485714285715,1.0,1.0,2.0,1.0,8.0,3.0,1.0,0.0,1.0,1.0,0.0,0.0,0.0,0.0,0.0,0.0,0.0,0.9636804031872213
2024-07-18 12:00:00,0,2461.226,2469.919,2457.522,13.872642857142864,0.0,2.0,0.0,1.0,12.0,3.0,0.0,2.0,2.0,1.0,0.0,0.0,0.0,0.0,1.0,1.0,0.0,0.9542619954449583
2024-07-18 16:00:00,1,2442.916,2462.071,2440.226,14.732785714285717,0.0,2.0,0.0,1.0,16.0,3.0,0.0,2.0,2.0,1.0,0.0,0.0,0.0,0.0,1.0,1.0,0.0,0.9731200111895543
2024-07-18 20:00:00,0,2441.25,2445.563,2441.169,12.478857142857157,0.0,0.0,0.0,1.0,20.0,3.0,0.0,0.0,0.0,1.0,0.0,0.0,0.0,0.0,0.0,0.0,0.0,0.9790475387361235
2024-07-19 00:00:00,0,2428.7,2441.343,2420.424,13.195142857142889,0.0,2.0,0.0,1.0,0.0,4.0,0.0,2.0,2.0,1.0,0.0,0.0,0.0,1.0,1.0,1.0,0.0,0.9400467205396688
2024-07-19 04:00:00,1,2418.127,2429.321,2412.803,14.109142857142874,0.0,2.0,0.0,1.0,4.0,4.0,0.0,2.0,2.0,1.0,0.0,0.0,0.0,1.0,1.0,1.0,0.0,0.9612529656248212
2024-07-19 08:00:00,0,2410.053,2421.641,2408.411,13.735928571428596,1.0,1.0,0.0,1.0,8.0,4.0,1.0,0.0,1.0,1.0,1.0,0.0,0.0,1.0,0.0,0.0,0.0,0.8557242399825932
2024-07-19 12:00:00,0,2405.38,2410.228,2393.727,14.019142857142892,0.0,2.0,0.0,1.0,12.0,4.0,0.0,2.0,2.0,1.0,0.0,0.0,0.0,1.0,1.0,1.0,0.0,0.898594804780373
2024-07-19 16:00:00,1,2398.712,2406.003,2395.64,13.886428571428626,0.0,1.0,0.0,1.0,16.0,4.0,0.0,1.0,1.0,1.0,0.0,0.0,1.0,1.0,0.0,0.0,0.0,0.9021372124041337
2024-07-19 20:00:00,1,2400.451,2400.55,2397.783,12.245357142857204,0.0,1.0,0.0,1.0,20.0,4.0,0.0,1.0,1.0,1.0,0.0,0.0,1.0,1.0,0.0,0.0,0.0,0.9487481027731975
2024-07-21 20:00:00,0,2411.528,2411.931,2402.487,12.0868571428572,0.0,0.0,0.0,1.0,20.0,6.0,0.0,0.0,0.0,1.0,0.0,0.0,0.0,1.0,0.0,0.0,0.0,0.9845449836087418
2024-07-22 00:00:00,0,2406.732,2412.188,2403.233,12.39650000000006,0.0,1.0,0.0,1.0,0.0,0.0,0.0,1.0,1.0,1.0,0.0,0.0,0.0,1.0,0.0,1.0,0.0,0.9826265724855291
2024-07-22 04:00:00,1,2402.513,2407.353,2398.881,12.175857142857208,0.0,1.0,0.0,1.0,4.0,0.0,0.0,1.0,1.0,1.0,0.0,0.0,0.0,1.0,0.0,1.0,0.0,0.9819180207105388
2024-07-22 08:00:00,1,2398.056,2408.352,2397.982,12.172642857142916,0.0,2.0,0.0,1.0,8.0,0.0,0.0,2.0,2.0,1.0,0.0,0.0,1.0,1.0,0.0,1.0,0.0,0.9389531631889563
2024-07-22 20:00:00,1,2395.783,2399.487,2394.705,11.361142857142925,0.0,0.0,0.0,1.0,20.0,0.0,0.0,0.0,0.0,1.0,0.0,0.0,0.0,1.0,0.0,0.0,0.0,0.9602633528708231
2024-07-23 04:00:00,1,2397.788,2399.643,2388.225,10.977928571428654,0.0,1.0,0.0,1.0,4.0,1.0,0.0,1.0,1.0,1.0,0.0,0.0,0.0,1.0,0.0,1.0,0.0,0.9346556825107586
2024-07-23 08:00:00,1,2407.614,2411.984,2396.303,10.91814285714294,0.0,1.0,0.0,1.0,8.0,1.0,0.0,1.0,1.0,1.0,0.0,0.0,0.0,1.0,0.0,1.0,0.0,0.8755708670415305
2024-07-23 12:00:00,1,2405.479,2409.281,2399.515,10.670714285714372,0.0,2.0,0.0,1.0,12.0,1.0,0.0,2.0,2.0,1.0,0.0,0.0,0.0,1.0,1.0,1.0,0.0,0.9385776019048971
2024-07-23 16:00:00,1,2407.545,2408.974,2402.626,9.94550000000007,0.0,0.0,0.0,1.0,16.0,1.0,0.0,0.0,0.0,1.0,0.0,0.0,0.0,1.0,0.0,0.0,0.0,0.9343725536826687
2024-07-23 20:00:00,1,2408.513,2410.013,2405.307,9.54142857142863,0.0,0.0,0.0,1.0,20.0,1.0,0.0,0.0,0.0,1.0,0.0,0.0,0.0,1.0,0.0,0.0,0.0,0.9340139642671648
2024-07-24 00:00:00,1,2416.406,2418.319,2404.866,10.304714285714324,0.0,1.0,0.0,1.0,0.0,2.0,0.0,1.0,1.0,1.0,0.0,0.0,0.0,1.0,0.0,1.0,0.0,0.9593905033400564
2024-07-24 04:00:00,1,2414.574,2419.199,2411.549,10.0311428571429,0.0,0.0,0.0,1.0,4.0,2.0,0.0,0.0,0.0,1.0,0.0,0.0,0.0,1.0,0.0,0.0,0.0,0.9584681434444488
2024-07-24 08:00:00,0,2417.432,2417.809,2409.78,9.965000000000048,1.0,1.0,1.0,1.0,8.0,2.0,1.0,0.0,1.0,1.0,0.0,0.0,0.0,1.0,0.0,0.0,0.0,0.924335790838904
2024-07-25 12:00:00,1,2363.151,2377.31,2357.919,14.211857142857168,0.0,2.0,0.0,1.0,12.0,3.0,0.0,2.0,2.0,1.0,0.0,0.0,0.0,0.0,1.0,1.0,0.0,0.9542619954449583
2024-08-02 20:00:00,1,2441.892,2442.477,2435.539,18.388000000000016,0.0,0.0,0.0,1.0,20.0,4.0,0.0,0.0,0.0,1.0,0.0,0.0,0.0,1.0,0.0,0.0,0.0,0.8781393505497722
2024-08-04 20:00:00,0,2440.952,2446.337,2437.89,16.89978571428573,1.0,1.0,5.0,1.0,20.0,6.0,1.0,0.0,1.0,1.0,0.0,0.0,0.0,1.0,0.0,0.0,0.0,0.9686217322727664
2024-08-14 20:00:00,1,2449.408,2449.482,2446.433,12.33957142857139,0.0,1.0,0.0,1.0,20.0,2.0,0.0,1.0,1.0,1.0,0.0,0.0,1.0,1.0,0.0,0.0,0.0,0.983663810533422
2024-08-15 00:00:00,1,2453.681,2454.357,2448.2,11.831928571428534,0.0,1.0,0.0,1.0,0.0,3.0,0.0,1.0,1.0,1.0,0.0,0.0,0.0,1.0,1.0,0.0,0.0,0.989354171966194
2024-08-15 04:00:00,1,2455.71,2458.777,2450.28,12.018714285714234,0.0,0.0,0.0,1.0,4.0,3.0,0.0,0.0,0.0,1.0,0.0,0.0,0.0,1.0,0.0,0.0,0.0,0.989982444455238
2024-08-15 08:00:00,0,2463.533,2464.147,2453.519,11.62478571428567,0.0,0.0,0.0,1.0,8.0,3.0,0.0,0.0,0.0,1.0,0.0,0.0,0.0,1.0,0.0,0.0,0.0,0.8782691214894045
2024-08-15 16:00:00,1,2455.566,2461.631,2453.4,13.824071428571347,0.0,1.0,0.0,1.0,16.0,3.0,0.0,1.0,1.0,1.0,0.0,0.0,0.0,1.0,0.0,0.0,0.0,0.9866142209305451
2024-08-15 20:00:00,1,2457.298,2458.257,2454.397,12.904071428571342,0.0,1.0,0.0,1.0,20.0,3.0,0.0,1.0,1.0,1.0,0.0,0.0,0.0,1.0,0.0,0.0,0.0,0.9805365397131589
2024-08-16 08:00:00,1,2472.113,2472.314,2459.109,13.263857142857075,0.0,2.0,0.0,1.0,8.0,4.0,0.0,2.0,2.0,1.0,0.0,0.0,0.0,0.0,0.0,1.0,0.0,0.6857835747722091
2024-08-16 12:00:00,1,2491.691,2500.52,2471.251,14.451357142857075,0.0,2.0,0.0,1.0,12.0,4.0,0.0,2.0,2.0,1.0,0.0,0.0,0.0,0.0,1.0,1.0,0.0,0.8164665568868877
2024-08-18 20:00:00,0,2506.414,2506.778,2502.271,12.2036428571428,1.0,1.0,0.0,1.0,20.0,6.0,1.0,0.0,1.0,1.0,1.0,0.0,0.0,0.0,0.0,0.0,0.0,0.9542750259672783
2024-08-19 00:00:00,1,2503.22,2506.771,2494.933,12.83142857142853,0.0,3.0,0.0,1.0,0.0,0.0,0.0,3.0,3.0,1.0,0.0,0.0,0.0,0.0,1.0,1.0,0.0,0.9188198803338399
2024-08-19 08:00:00,1,2494.391,2507.181,2486.483,13.722357142857096,0.0,2.0,0.0,1.0,8.0,0.0,0.0,2.0,2.0,1.0,0.0,0.0,0.0,0.0,0.0,1.0,0.0,0.8591692687452827
2024-08-19 16:00:00,1,2505.436,2507.482,2500.634,12.1900714285714,0.0,0.0,0.0,1.0,16.0,0.0,0.0,0.0,0.0,1.0,0.0,0.0,0.0,0.0,0.0,0.0,0.0,0.966141590774761
2024-08-20 00:00:00,1,2501.778,2508.316,2498.632,12.27492857142855,0.0,2.0,0.0,1.0,0.0,1.0,0.0,2.0,2.0,1.0,0.0,0.0,1.0,0.0,0.0,0.0,0.0,0.9769038854361061
2024-08-20 16:00:00,1,2514.951,2515.521,2500.829,12.714214285714304,0.0,3.0,0.0,1.0,16.0,1.0,0.0,3.0,3.0,1.0,0.0,0.0,0.0,0.0,1.0,1.0,0.0,0.8769013516759168
2024-08-20 20:00:00,1,2512.964,2516.937,2512.724,11.773999999999983,0.0,0.0,0.0,1.0,20.0,1.0,0.0,0.0,0.0,1.0,0.0,0.0,0.0,0.0,0.0,0.0,0.0,0.982973920433187
2024-08-21 00:00:00,1,2517.386,2519.942,2510.771,12.12714285714284,0.0,1.0,0.0,1.0,0.0,2.0,0.0,1.0,1.0,1.0,0.0,0.0,0.0,0.0,0.0,1.0,0.0,0.9581146527982211
2024-08-21 04:00:00,1,2509.751,2519.627,2508.059,12.557071428571394,1.0,1.0,2.0,1.0,4.0,2.0,1.0,0.0,1.0,1.0,0.0,0.0,0.0,0.0,0.0,0.0,0.0,0.94956241528308
2024-08-21 08:00:00,1,2511.823,2513.321,2504.418,12.347428571428509,1.0,1.0,3.0,1.0,8.0,2.0,1.0,0.0,1.0,1.0,0.0,0.0,0.0,0.0,0.0,0.0,0.0,0.9452585231235405
2024-08-21 12:00:00,1,2508.369,2513.733,2493.644,13.323142857142816,0.0,2.0,0.0,1.0,12.0,2.0,0.0,2.0,2.0,1.0,0.0,0.0,0.0,0.0,1.0,1.0,0.0,0.9327689174465673
2024-08-21 16:00:00,1,2511.559,2519.167,2503.051,12.99585714285711,0.0,2.0,0.0,1.0,16.0,2.0,0.0,2.0,2.0,1.0,0.0,0.0,0.0,0.0,1.0,1.0,0.0,0.8669008637794126
2024-08-21 20:00:00,1,2512.783,2514.424,2509.759,11.876999999999953,0.0,0.0,0.0,1.0,20.0,2.0,0.0,0.0,0.0,1.0,0.0,0.0,0.0,0.0,0.0,0.0,0.0,0.9809823535588438
2024-08-22 00:00:00,1,2502.329,2514.701,2499.852,12.448499999999967,0.0,2.0,0.0,1.0,0.0,3.0,0.0,2.0,2.0,1.0,0.0,0.0,1.0,0.0,0.0,1.0,0.0,0.9470167983496858
2024-08-22 04:00:00,0,2507.102,2510.612,2499.184,13.00799999999994,0.0,1.0,0.0,1.0,4.0,3.0,0.0,1.0,1.0,1.0,0.0,0.0,0.0,0.0,0.0,1.0,0.0,0.9074815013233984
2024-08-22 16:00:00,1,2482.983,2485.965,2478.491,13.824785714285683,0.0,2.0,0.0,1.0,16.0,3.0,0.0,2.0,2.0,1.0,0.0,0.0,0.0,1.0,0.0,1.0,0.0,0.9880149472655839
2024-08-22 20:00:00,1,2487.564,2487.571,2482.369,12.345214285714226,0.0,1.0,0.0,1.0,20.0,3.0,0.0,1.0,1.0,1.0,0.0,0.0,0.0,1.0,0.0,0.0,0.0,0.9934873994995871
2024-08-23 00:00:00,1,2493.17,2493.753,2486.442,11.817999999999952,0.0,1.0,0.0,1.0,0.0,4.0,0.0,1.0,1.0,1.0,0.0,0.0,0.0,0.0,0.0,0.0,0.0,0.9661699703866018
2024-08-23 08:00:00,1,2501.571,2502.502,2492.991,11.91378571428569,0.0,2.0,0.0,1.0,8.0,4.0,0.0,2.0,2.0,1.0,0.0,0.0,1.0,0.0,0.0,0.0,0.0,0.8417711075706208
2024-08-23 12:00:00,1,2509.845,2518.35,2494.453,12.79442857142856,0.0,3.0,0.0,1.0,12.0,4.0,0.0,3.0,3.0,1.0,0.0,0.0,0.0,0.0,1.0,1.0,0.0,0.5606748526503582
2024-08-23 20:00:00,1,2512.357,2512.455,2509.532,11.753428571428556,0.0,1.0,0.0,1.0,20.0,4.0,0.0,1.0,1.0,1.0,0.0,0.0,0.0,0.0,0.0,0.0,0.0,0.9070484488796207
2024-08-25 20:00:00,1,2515.917,2516.683,2511.074,11.002928571428551,0.0,1.0,0.0,1.0,20.0,6.0,0.0,1.0,1.0,1.0,0.0,0.0,0.0,0.0,0.0,0.0,1.0,0.9616354046671212
2024-08-26 00:00:00,1,2509.769,2517.001,2509.33,11.21764285714286,0.0,2.0,0.0,1.0,0.0,0.0,0.0,2.0,2.0,1.0,0.0,0.0,0.0,0.0,0.0,1.0,1.0,0.8985072926654443
2024-08-27 00:00:00,1,2508.973,2516.709,2505.816,9.563928571428573,0.0,2.0,0.0,1.0,0.0,1.0,0.0,2.0,2.0,1.0,0.0,0.0,0.0,0.0,0.0,0.0,1.0,0.89737059668886
2024-08-28 00:00:00,0,2515.854,2525.813,2513.168,10.551357142857146,1.0,1.0,8.0,1.0,0.0,2.0,1.0,0.0,1.0,1.0,0.0,0.0,0.0,0.0,0.0,0.0,0.0,0.7446144190451403
2024-08-28 04:00:00,1,2509.984,2516.138,2503.219,11.0735,0.0,2.0,0.0,1.0,4.0,2.0,0.0,2.0,2.0,1.0,0.0,0.0,0.0,0.0,1.0,1.0,0.0,0.9262083350128772
2024-08-28 08:00:00,1,2501.485,2511.432,2500.69,11.292857142857104,0.0,2.0,0.0,1.0,8.0,2.0,0.0,2.0,2.0,1.0,0.0,0.0,1.0,0.0,0.0,1.0,0.0,0.765906901469505
2024-08-28 16:00:00,1,2507.607,2509.588,2496.376,12.079857142857106,0.0,2.0,0.0,1.0,16.0,2.0,0.0,2.0,2.0,1.0,0.0,0.0,0.0,0.0,0.0,1.0,0.0,0.9208370532395157
2024-08-28 20:00:00,1,2508.11,2508.703,2502.76,11.330714285714228,0.0,1.0,0.0,1.0,20.0,2.0,0.0,1.0,1.0,1.0,0.0,0.0,0.0,1.0,0.0,0.0,0.0,0.9603041250906034
2024-08-29 00:00:00,1,2516.543,2516.771,2507.976,11.25371428571423,0.0,1.0,0.0,1.0,0.0,3.0,0.0,1.0,1.0,1.0,0.0,0.0,0.0,0.0,0.0,0.0,0.0,0.9575299496210845
2024-08-29 04:00:00,1,2519.091,2521.164,2513.806,11.515785714285682,0.0,1.0,0.0,1.0,4.0,3.0,0.0,1.0,1.0,1.0,0.0,0.0,0.0,0.0,0.0,0.0,0.0,0.9203142409977616
2024-08-29 12:00:00,0,2522.535,2525.692,2503.558,12.062499999999934,0.0,3.0,0.0,1.0,12.0,3.0,0.0,3.0,3.0,1.0,0.0,0.0,0.0,0.0,1.0,1.0,0.0,0.9387900979303293
2024-08-29 20:00:00,0,2519.615,2522.313,2518.882,11.171142857142806,0.0,1.0,0.0,1.0,20.0,3.0,0.0,1.0,1.0,1.0,0.0,0.0,0.0,0.0,0.0,0.0,0.0,0.974627005476935
2024-08-30 00:00:00,1,2513.556,2520.108,2512.292,10.578857142857098,0.0,1.0,0.0,1.0,0.0,4.0,0.0,1.0,1.0,1.0,0.0,0.0,0.0,0.0,0.0,0.0,0.0,0.9107677255096008
2024-08-30 04:00:00,0,2519.369,2524.103,2512.14,11.057571428571398,0.0,2.0,0.0,1.0,4.0,4.0,0.0,2.0,2.0,1.0,0.0,0.0,0.0,0.0,0.0,1.0,0.0,0.8801626544762406
2024-09-01 20:00:00,0,2502.98,2504.76,2501.942,10.077071428571506,0.0,1.0,0.0,1.0,20.0,6.0,0.0,1.0,1.0,1.0,0.0,0.0,0.0,1.0,0.0,0.0,0.0,0.9722618480509418
2024-09-02 04:00:00,1,2498.157,2501.457,2495.2,10.542928571428677,0.0,2.0,0.0,1.0,4.0,0.0,0.0,2.0,2.0,1.0,0.0,0.0,1.0,1.0,0.0,0.0,0.0,0.9624223295772184
2024-09-02 12:00:00,0,2501.485,2503.231,2497.672,10.47335714285727,0.0,3.0,0.0,1.0,12.0,0.0,0.0,3.0,3.0,1.0,0.0,0.0,1.0,1.0,0.0,1.0,0.0,0.9349706234539329
2024-09-02 16:00:00,0,2500.085,2501.902,2498.603,9.128000000000124,0.0,2.0,0.0,1.0,16.0,0.0,0.0,2.0,2.0,1.0,0.0,0.0,1.0,1.0,0.0,0.0,0.0,0.9366521341081292
2024-09-02 20:00:00,0,2497.242,2499.708,2496.5,8.579714285714415,0.0,0.0,0.0,1.0,20.0,0.0,0.0,0.0,0.0,1.0,0.0,0.0,0.0,1.0,0.0,0.0,0.0,0.9277788343840376
2024-09-03 00:00:00,1,2494.717,2497.701,2489.66,8.909000000000137,0.0,3.0,0.0,1.0,0.0,1.0,0.0,3.0,3.0,1.0,0.0,0.0,0.0,1.0,1.0,1.0,1.0,0.936909148219063
2024-09-03 04:00:00,0,2500.843,2502.051,2492.733,9.016285714285816,0.0,4.0,0.0,1.0,4.0,1.0,0.0,4.0,4.0,1.0,0.0,0.0,1.0,1.0,1.0,1.0,1.0,0.917297029388526
2024-09-03 20:00:00,1,2493.223,2494.764,2491.318,9.317142857142894,0.0,1.0,0.0,1.0,20.0,1.0,0.0,1.0,1.0,1.0,0.0,0.0,0.0,1.0,0.0,0.0,1.0,0.9591174903059092
2024-09-04 00:00:00,1,2495.016,2496.95,2491.291,9.596785714285716,0.0,1.0,0.0,1.0,0.0,2.0,0.0,1.0,1.0,1.0,0.0,0.0,0.0,1.0,0.0,0.0,1.0,0.9419310277873676
2024-09-06 20:00:00,1,2497.54,2497.827,2494.738,10.365785714285789,0.0,2.0,0.0,1.0,20.0,4.0,0.0,2.0,2.0,1.0,0.0,0.0,1.0,1.0,0.0,0.0,0.0,0.9086928949178132
2024-09-09 00:00:00,0,2499.28,2500.54,2494.711,10.216571428571472,0.0,4.0,0.0,1.0,0.0,0.0,0.0,4.0,4.0,1.0,0.0,0.0,1.0,1.0,0.0,1.0,1.0,0.9455274857825454
2024-09-09 04:00:00,1,2494.286,2499.542,2485.503,10.87135714285718,0.0,4.0,0.0,1.0,4.0,0.0,0.0,4.0,4.0,1.0,0.0,0.0,0.0,1.0,1.0,1.0,1.0,0.9615090153122156
2024-09-09 08:00:00,1,2497.242,2499.137,2489.94,10.538000000000045,0.0,3.0,0.0,1.0,8.0,0.0,0.0,3.0,3.0,1.0,0.0,0.0,0.0,1.0,0.0,1.0,1.0,0.9264271580729784
2024-09-09 12:00:00,1,2499.081,2505.292,2493.231,10.508928571428603,0.0,5.0,0.0,1.0,12.0,0.0,0.0,5.0,5.0,1.0,0.0,0.0,1.0,1.0,1.0,1.0,1.0,0.9239115101597719
2024-09-09 16:00:00,1,2505.96,2506.577,2499.111,9.631714285714322,0.0,2.0,0.0,1.0,16.0,0.0,0.0,2.0,2.0,1.0,0.0,0.0,0.0,1.0,0.0,0.0,1.0,0.9433602674994452
2024-09-09 20:00:00,1,2506.813,2507.701,2505.221,9.03928571428576,0.0,2.0,0.0,1.0,20.0,0.0,0.0,2.0,2.0,1.0,0.0,0.0,0.0,1.0,0.0,0.0,1.0,0.9785471702319287
2024-09-10 08:00:00,1,2504.607,2509.661,2500.052,9.647428571428623,0.0,2.0,0.0,1.0,8.0,1.0,0.0,2.0,2.0,1.0,0.0,0.0,0.0,1.0,0.0,1.0,0.0,0.8944447201167621
2024-09-10 12:00:00,1,2512.597,2518.416,2500.854,10.495071428571496,0.0,3.0,0.0,1.0,12.0,1.0,0.0,3.0,3.0,1.0,0.0,0.0,0.0,1.0,1.0,1.0,0.0,0.9533754158550184
2024-09-10 16:00:00,1,2517.255,2517.515,2510.693,8.923642857142893,0.0,2.0,0.0,1.0,16.0,1.0,0.0,2.0,2.0,1.0,0.0,0.0,0.0,1.0,0.0,1.0,0.0,0.8929901826326856
2024-09-10 20:00:00,1,2518.678,2518.849,2515.75,7.657357142857173,0.0,1.0,0.0,1.0,20.0,1.0,0.0,1.0,1.0,1.0,0.0,0.0,0.0,1.0,0.0,0.0,0.0,0.8953641303447513
2024-09-11 16:00:00,0,2512.93,2520.033,2509.773,9.371357142857116,0.0,2.0,0.0,1.0,16.0,2.0,0.0,2.0,2.0,1.0,0.0,0.0,0.0,1.0,0.0,1.0,0.0,0.911020069568352
2024-09-11 20:00:00,1,2511.901,2513.892,2511.27,8.69714285714284,0.0,1.0,0.0,1.0,20.0,2.0,0.0,1.0,1.0,1.0,0.0,0.0,0.0,1.0,0.0,0.0,0.0,0.932769487089872
2024-09-12 00:00:00,1,2515.844,2516.156,2510.973,8.531928571428548,1.0,1.0,1.0,1.0,0.0,3.0,1.0,0.0,1.0,1.0,0.0,0.0,0.0,1.0,0.0,0.0,0.0,0.863687546654729
2024-09-12 04:00:00,1,2515.941,2522.26,2514.445,8.912999999999979,0.0,0.0,0.0,1.0,4.0,3.0,0.0,0.0,0.0,1.0,0.0,0.0,0.0,1.0,0.0,0.0,0.0,0.8900950079819103
2024-09-12 08:00:00,1,2519.444,2521.014,2512.961,9.053142857142868,0.0,1.0,0.0,1.0,8.0,3.0,0.0,1.0,1.0,1.0,0.0,0.0,0.0,1.0,0.0,1.0,0.0,0.8244749660366981
2024-09-12 20:00:00,1,2558.422,2560.091,2556.742,10.46357142857138,1.0,1.0,0.0,1.0,20.0,3.0,1.0,0.0,1.0,1.0,1.0,0.0,0.0,0.0,0.0,0.0,0.0,0.937785698020295
2024-09-13 08:00:00,1,2567.288,2573.019,2563.654,11.40321428571422,0.0,0.0,0.0,1.0,8.0,4.0,0.0,0.0,0.0,1.0,0.0,0.0,0.0,0.0,0.0,0.0,0.0,0.510076698361811
2024-09-13 20:00:00,1,2579.067,2582.912,2577.704,10.629071428571349,0.0,0.0,0.0,1.0,20.0,4.0,0.0,0.0,0.0,1.0,0.0,0.0,0.0,0.0,0.0,0.0,0.0,0.8489071087146155
2024-09-15 20:00:00,1,2579.163,2580.454,2577.561,10.10285714285708,0.0,0.0,0.0,1.0,20.0,6.0,0.0,0.0,0.0,1.0,0.0,0.0,0.0,0.0,0.0,0.0,0.0,0.9543002927938217
2024-09-16 00:00:00,1,2586.294,2589.027,2578.887,10.639857142857084,1.0,1.0,0.0,1.0,0.0,0.0,1.0,0.0,1.0,1.0,1.0,0.0,0.0,0.0,0.0,0.0,0.0,0.8783232061751755
2024-09-16 12:00:00,1,2579.847,2589.298,2576.057,11.756285714285598,0.0,2.0,0.0,1.0,12.0,0.0,0.0,2.0,2.0,1.0,0.0,0.0,0.0,0.0,1.0,1.0,0.0,0.928332567452102
2024-09-16 16:00:00,1,2582.494,2584.172,2579.524,9.49064285714277,0.0,1.0,0.0,1.0,16.0,0.0,0.0,1.0,1.0,1.0,0.0,0.0,0.0,0.0,0.0,1.0,0.0,0.8132871927116826
2024-09-16 20:00:00,1,2583.659,2583.855,2581.809,8.619785714285594,0.0,0.0,0.0,1.0,20.0,0.0,0.0,0.0,0.0,1.0,0.0,0.0,0.0,0.0,0.0,0.0,0.0,0.920102485117991
2024-09-17 00:00:00,1,2577.184,2586.338,2576.771,9.063928571428471,1.0,1.0,2.0,1.0,0.0,1.0,1.0,0.0,1.0,1.0,0.0,0.0,0.0,0.0,0.0,0.0,0.0,0.8734540718985793
2024-09-17 08:00:00,1,2579.824,2584.151,2569.707,9.45649999999994,0.0,2.0,0.0,1.0,8.0,1.0,0.0,2.0,2.0,1.0,0.0,0.0,0.0,0.0,1.0,1.0,0.0,0.8515755596580612
2024-09-17 12:00:00,1,2565.668,2582.274,2561.739,10.254357142857089,0.0,2.0,0.0,1.0,12.0,1.0,0.0,2.0,2.0,1.0,0.0,0.0,0.0,1.0,1.0,1.0,0.0,0.9262087148735052
2024-09-17 16:00:00,1,2568.615,2571.643,2560.661,9.792571428571364,0.0,2.0,0.0,1.0,16.0,1.0,0.0,2.0,2.0,1.0,0.0,0.0,0.0,1.0,1.0,1.0,0.0,0.9199524901820655
2024-09-17 20:00:00,1,2574.05,2574.367,2568.282,9.690071428571368,0.0,0.0,0.0,1.0,20.0,1.0,0.0,0.0,0.0,1.0,0.0,0.0,0.0,1.0,0.0,0.0,0.0,0.9335150604252827
2024-09-18 04:00:00,1,2571.566,2576.511,2565.681,10.34628571428568,1.0,1.0,2.0,1.0,4.0,2.0,1.0,0.0,1.0,1.0,0.0,0.0,0.0,1.0,0.0,0.0,0.0,0.9283070486772376
2024-09-18 08:00:00,0,2577.407,2580.74,2567.958,10.534999999999952,0.0,0.0,0.0,1.0,8.0,2.0,0.0,0.0,0.0,1.0,0.0,0.0,0.0,0.0,0.0,0.0,0.0,0.888337339211072
2024-09-18 20:00:00,1,2559.239,2561.596,2548.301,13.453999999999985,0.0,1.0,0.0,1.0,20.0,2.0,0.0,1.0,1.0,1.0,0.0,0.0,0.0,1.0,0.0,0.0,0.0,0.9742997094232013
2024-09-19 04:00:00,1,2584.344,2584.633,2559.564,15.896071428571434,0.0,3.0,0.0,1.0,4.0,3.0,0.0,3.0,3.0,1.0,0.0,0.0,0.0,0.0,1.0,1.0,0.0,0.9045514450621182
2024-09-19 08:00:00,1,2589.435,2594.963,2581.329,16.186571428571433,0.0,3.0,0.0,1.0,8.0,3.0,0.0,3.0,3.0,1.0,0.0,0.0,0.0,0.0,1.0,1.0,0.0,0.8431988701014934
2024-09-19 12:00:00,0,2589.022,2591.203,2569.753,16.83071428571426,0.0,3.0,0.0,1.0,12.0,3.0,0.0,3.0,3.0,1.0,0.0,0.0,0.0,0.0,1.0,1.0,0.0,0.9397892616092627
2024-09-19 20:00:00,1,2587.282,2589.803,2585.876,15.089857142857127,0.0,1.0,0.0,1.0,20.0,3.0,0.0,1.0,1.0,1.0,0.0,0.0,0.0,0.0,0.0,0.0,0.0,0.9778497659302982
2024-09-20 16:00:00,1,2621.087,2625.754,2617.863,16.651071428571477,0.0,1.0,0.0,1.0,16.0,4.0,0.0,1.0,1.0,1.0,0.0,0.0,0.0,0.0,0.0,1.0,0.0,0.7938806406065186
2024-09-22 20:00:00,1,2620.234,2622.12,2619.618,12.4838571428572,0.0,0.0,0.0,1.0,20.0,6.0,0.0,0.0,0.0,1.0,0.0,0.0,0.0,0.0,0.0,0.0,0.0,0.9696443608815332
2024-09-23 08:00:00,1,2624.063,2625.786,2614.564,11.75092857142863,0.0,1.0,0.0,1.0,8.0,0.0,0.0,1.0,1.0,1.0,0.0,0.0,0.0,0.0,0.0,1.0,0.0,0.8767531203446035
2024-09-23 12:00:00,1,2629.242,2634.881,2620.018,11.838714285714332,0.0,2.0,0.0,1.0,12.0,0.0,0.0,2.0,2.0,1.0,0.0,0.0,0.0,0.0,1.0,1.0,0.0,0.9297315413436829
2024-09-23 16:00:00,1,2626.24,2630.921,2625.665,10.682000000000048,0.0,0.0,0.0,1.0,16.0,0.0,0.0,0.0,0.0,1.0,0.0,0.0,0.0,0.0,0.0,0.0,0.0,0.9322247036002245
2024-09-23 20:00:00,1,2626.3,2628.501,2625.814,10.396785714285768,0.0,0.0,0.0,1.0,20.0,0.0,0.0,0.0,0.0,1.0,0.0,0.0,0.0,0.0,0.0,0.0,0.0,0.9671838103928521
2024-09-24 04:00:00,1,2628.996,2640.092,2622.524,11.615428571428668,0.0,2.0,0.0,1.0,4.0,1.0,0.0,2.0,2.0,1.0,0.0,0.0,0.0,0.0,1.0,1.0,0.0,0.8588238269394842
2024-09-24 08:00:00,1,2626.367,2636.312,2623.339,11.217857142857222,0.0,2.0,0.0,1.0,8.0,1.0,0.0,2.0,2.0,1.0,0.0,0.0,0.0,0.0,1.0,1.0,0.0,0.8639588522214392
2024-09-24 20:00:00,0,2658.204,2663.747,2656.417,12.139071428571436,0.0,0.0,0.0,1.0,20.0,1.0,0.0,0.0,0.0,1.0,0.0,0.0,0.0,0.0,0.0,0.0,0.0,0.982973920433187
2024-09-25 08:00:00,1,2657.431,2658.581,2652.698,12.885499999999997,0.0,0.0,0.0,1.0,8.0,2.0,0.0,0.0,0.0,1.0,0.0,0.0,0.0,0.0,0.0,0.0,0.0,0.8264864371488969
2024-09-25 16:00:00,0,2659.754,2663.062,2649.646,12.733214285714244,0.0,0.0,0.0,1.0,16.0,2.0,0.0,0.0,0.0,1.0,0.0,0.0,0.0,0.0,0.0,0.0,0.0,0.8979495971839992
2024-09-25 20:00:00,1,2656.256,2660.298,2656.174,11.966142857142811,1.0,1.0,2.0,1.0,20.0,2.0,1.0,0.0,1.0,1.0,0.0,0.0,0.0,0.0,0.0,0.0,0.0,0.9815910548576429
2024-09-26 00:00:00,1,2662.516,2662.537,2655.281,12.108999999999956,1.0,1.0,7.0,1.0,0.0,3.0,1.0,0.0,1.0,1.0,0.0,0.0,0.0,0.0,0.0,0.0,0.0,0.9450025849208878
2024-09-26 04:00:00,1,2664.684,2666.924,2657.93,12.55949999999994,0.0,0.0,0.0,1.0,4.0,3.0,0.0,0.0,0.0,1.0,0.0,0.0,0.0,0.0,0.0,0.0,0.0,0.9760668228107744
2024-09-26 12:00:00,1,2671.357,2684.253,2654.717,14.028357142857072,0.0,2.0,0.0,1.0,12.0,3.0,0.0,2.0,2.0,1.0,0.0,0.0,0.0,0.0,1.0,1.0,0.0,0.9542619954449583
2024-09-26 16:00:00,0,2673.675,2677.938,2662.946,14.172571428571375,0.0,1.0,0.0,1.0,16.0,3.0,0.0,1.0,1.0,1.0,0.0,0.0,0.0,0.0,0.0,1.0,0.0,0.9660491952574053
2024-09-26 20:00:00,0,2672.601,2674.077,2670.83,12.615857142857132,0.0,0.0,0.0,1.0,20.0,3.0,0.0,0.0,0.0,1.0,0.0,0.0,0.0,0.0,0.0,0.0,0.0,0.9706729805024191
2024-09-27 08:00:00,1,2666.159,2669.177,2658.284,11.704285714285756,0.0,0.0,0.0,1.0,8.0,4.0,0.0,0.0,0.0,1.0,0.0,0.0,0.0,0.0,0.0,0.0,0.0,0.45608768749697326
2024-09-27 12:00:00,1,2649.799,2674.266,2644.705,13.072785714285764,0.0,3.0,0.0,1.0,12.0,4.0,0.0,3.0,3.0,1.0,0.0,0.0,1.0,0.0,1.0,1.0,0.0,0.5678944762983432
2024-09-27 16:00:00,1,2652.079,2656.324,2642.994,13.60471428571431,0.0,1.0,0.0,1.0,16.0,4.0,0.0,1.0,1.0,1.0,0.0,0.0,0.0,0.0,0.0,1.0,0.0,0.8183324125189448
2024-09-27 20:00:00,1,2657.983,2659.973,2651.126,13.288785714285725,0.0,0.0,0.0,1.0,20.0,4.0,0.0,0.0,0.0,1.0,0.0,0.0,0.0,0.0,0.0,0.0,0.0,0.8346033140450978
2024-09-29 20:00:00,0,2663.543,2665.106,2659.762,12.839285714285747,0.0,0.0,0.0,1.0,20.0,6.0,0.0,0.0,0.0,1.0,0.0,0.0,0.0,0.0,0.0,0.0,0.0,0.950692719563854
2024-09-30 08:00:00,1,2641.542,2656.598,2634.41,15.023857142857196,0.0,2.0,0.0,1.0,8.0,0.0,0.0,2.0,2.0,1.0,0.0,0.0,0.0,0.0,1.0,1.0,0.0,0.7899265810144805
2024-09-30 12:00:00,1,2633.868,2644.174,2628.658,14.63164285714291,0.0,2.0,0.0,1.0,12.0,0.0,0.0,2.0,2.0,1.0,0.0,0.0,0.0,1.0,1.0,1.0,0.0,0.9665405967947474
2024-10-01 00:00:00,1,2637.922,2640.008,2633.926,13.2795,0.0,1.0,0.0,1.0,0.0,1.0,0.0,1.0,1.0,1.0,0.0,0.0,0.0,1.0,0.0,0.0,0.0,0.9811228453624159
2024-10-01 04:00:00,1,2645.559,2647.458,2637.406,13.441357142857148,0.0,1.0,0.0,1.0,4.0,1.0,0.0,1.0,1.0,1.0,0.0,0.0,0.0,0.0,0.0,0.0,0.0,0.9571487605633604
2024-10-01 08:00:00,1,2650.229,2652.051,2642.437,13.19564285714286,0.0,3.0,0.0,1.0,8.0,1.0,0.0,3.0,3.0,1.0,0.0,0.0,1.0,0.0,0.0,1.0,0.0,0.6898817604532607
2024-10-01 12:00:00,0,2663.338,2671.894,2648.01,14.123571428571395,0.0,3.0,0.0,1.0,12.0,1.0,0.0,3.0,3.0,1.0,0.0,0.0,0.0,0.0,1.0,1.0,0.0,0.9391728801560083
2024-10-02 04:00:00,1,2655.423,2656.576,2644.495,12.84264285714286,0.0,2.0,0.0,1.0,4.0,2.0,0.0,2.0,2.0,1.0,0.0,0.0,0.0,0.0,0.0,1.0,0.0,0.8902087156927496
2024-10-02 16:00:00,1,2658.64,2658.986,2647.117,12.209428571428557,0.0,1.0,0.0,1.0,16.0,2.0,0.0,1.0,1.0,1.0,0.0,0.0,0.0,0.0,0.0,0.0,0.0,0.9432422271340027
2024-10-02 20:00:00,0,2660.328,2661.236,2658.265,11.313357142857123,0.0,1.0,0.0,1.0,20.0,2.0,0.0,1.0,1.0,1.0,0.0,0.0,0.0,0.0,0.0,0.0,0.0,0.9269207618077034
2024-10-03 04:00:00,1,2645.187,2657.491,2643.491,11.379928571428536,0.0,2.0,0.0,1.0,4.0,3.0,0.0,2.0,2.0,1.0,0.0,0.0,0.0,1.0,0.0,1.0,0.0,0.9609500272477387
2024-10-03 08:00:00,1,2648.018,2649.063,2640.958,11.524428571428546,0.0,2.0,0.0,1.0,8.0,3.0,0.0,2.0,2.0,1.0,0.0,0.0,0.0,1.0,0.0,1.0,0.0,0.8602098183677775
2024-10-03 16:00:00,0,2657.974,2662.161,2648.49,12.281428571428544,0.0,2.0,0.0,1.0,16.0,3.0,0.0,2.0,2.0,1.0,0.0,0.0,0.0,1.0,0.0,1.0,0.0,0.9842479762479736
2024-10-03 20:00:00,1,2655.804,2658.009,2654.319,10.839000000000008,0.0,1.0,0.0,1.0,20.0,3.0,0.0,1.0,1.0,1.0,0.0,0.0,0.0,1.0,0.0,0.0,0.0,0.9865399047960222
2024-10-04 04:00:00,1,2661.08,2667.861,2658.703,10.514142857142817,1.0,1.0,5.0,1.0,4.0,4.0,1.0,0.0,1.0,1.0,0.0,0.0,0.0,0.0,0.0,0.0,0.0,0.6694934744518953
2024-10-04 08:00:00,0,2661.342,2662.561,2656.783,10.426714285714263,1.0,1.0,1.0,1.0,8.0,4.0,1.0,0.0,1.0,1.0,0.0,0.0,0.0,0.0,0.0,0.0,0.0,0.6775429746927005
2024-10-04 16:00:00,1,2651.624,2653.853,2641.813,12.584214285714229,0.0,2.0,0.0,1.0,16.0,4.0,0.0,2.0,2.0,1.0,0.0,0.0,0.0,1.0,0.0,1.0,0.0,0.8364979935446656
2024-10-04 20:00:00,0,2653.519,2653.995,2649.831,11.287071428571348,0.0,1.0,0.0,1.0,20.0,4.0,0.0,1.0,1.0,1.0,0.0,0.0,0.0,1.0,0.0,0.0,0.0,0.8690385586296245
2024-10-07 00:00:00,1,2647.421,2651.918,2643.792,11.082071428571355,0.0,2.0,0.0,1.0,0.0,0.0,0.0,2.0,2.0,1.0,0.0,0.0,0.0,1.0,0.0,1.0,0.0,0.9548627121457207
2024-10-07 08:00:00,0,2656.913,2659.613,2650.597,10.97964285714277,0.0,2.0,0.0,1.0,8.0,0.0,0.0,2.0,2.0,1.0,0.0,0.0,0.0,1.0,0.0,1.0,0.0,0.8768407399133075
2024-10-07 16:00:00,1,2643.26,2648.726,2639.686,11.395357142857067,0.0,2.0,0.0,1.0,16.0,0.0,0.0,2.0,2.0,1.0,0.0,0.0,0.0,1.0,0.0,1.0,0.0,0.8971368538139672
2024-10-07 20:00:00,1,2642.944,2649.22,2641.766,10.9512857142856,0.0,1.0,0.0,1.0,20.0,0.0,0.0,1.0,1.0,1.0,0.0,0.0,0.0,1.0,0.0,0.0,0.0,0.9709744380288913
2024-10-08 08:00:00,0,2650.745,2651.897,2628.487,13.260142857142748,0.0,4.0,0.0,1.0,8.0,1.0,0.0,4.0,4.0,1.0,0.0,0.0,1.0,1.0,1.0,1.0,0.0,0.9252795148995955
2024-10-23 16:00:00,1,2716.202,2723.25,2711.933,12.811071428571363,0.0,3.0,0.0,1.0,16.0,2.0,0.0,3.0,3.0,1.0,0.0,0.0,0.0,1.0,1.0,1.0,0.0,0.9276746991026208
2024-10-23 20:00:00,1,2721.258,2721.885,2714.143,11.669857142857088,0.0,1.0,0.0,1.0,20.0,2.0,0.0,1.0,1.0,1.0,0.0,0.0,0.0,0.0,0.0,0.0,0.0,0.880867280822082
2024-10-24 00:00:00,1,2722.877,2726.698,2717.752,11.49264285714282,0.0,2.0,0.0,1.0,0.0,3.0,0.0,2.0,2.0,1.0,0.0,0.0,0.0,0.0,0.0,1.0,0.0,0.8693138395241967
2024-10-24 04:00:00,1,2733.54,2737.085,2722.803,12.235285714285672,0.0,1.0,0.0,1.0,4.0,3.0,0.0,1.0,1.0,1.0,0.0,0.0,0.0,0.0,0.0,0.0,0.0,0.9802611768316686
2024-10-24 08:00:00,1,2738.556,2739.683,2732.489,11.857571428571386,0.0,1.0,0.0,1.0,8.0,3.0,0.0,1.0,1.0,1.0,0.0,0.0,0.0,0.0,0.0,0.0,0.0,0.9415841018953096
2024-10-24 12:00:00,1,2731.099,2743.208,2722.364,12.765999999999948,0.0,3.0,0.0,1.0,12.0,3.0,0.0,3.0,3.0,1.0,0.0,0.0,0.0,0.0,1.0,1.0,0.0,0.8251388906562894
2024-10-24 16:00:00,0,2737.049,2737.736,2725.731,12.913357142857064,0.0,2.0,0.0,1.0,16.0,3.0,0.0,2.0,2.0,1.0,0.0,0.0,0.0,0.0,0.0,1.0,0.0,0.8959260177671169
2024-10-24 20:00:00,1,2733.844,2737.147,2733.628,12.257214285714197,0.0,1.0,0.0,1.0,20.0,3.0,0.0,1.0,1.0,1.0,0.0,0.0,0.0,0.0,0.0,0.0,0.0,0.9864525654215359
2024-10-25 00:00:00,1,2726.042,2735.192,2724.372,12.187857142857084,0.0,1.0,0.0,1.0,0.0,4.0,0.0,1.0,1.0,1.0,0.0,0.0,0.0,0.0,0.0,0.0,0.0,0.9661699703866018
2024-10-25 16:00:00,0,2742.519,2745.022,2733.858,13.546214285714248,0.0,1.0,0.0,1.0,16.0,4.0,0.0,1.0,1.0,1.0,0.0,0.0,0.0,0.0,0.0,0.0,0.0,0.7706110534085536
2024-10-27 20:00:00,0,2735.815,2740.176,2730.34,11.318857142857109,0.0,1.0,0.0,1.0,20.0,6.0,0.0,1.0,1.0,1.0,0.0,0.0,0.0,0.0,0.0,0.0,0.0,0.9510043043454997
2024-10-28 00:00:00,1,2729.702,2736.296,2724.631,11.599071428571376,0.0,3.0,0.0,1.0,0.0,0.0,0.0,3.0,3.0,1.0,0.0,0.0,0.0,0.0,1.0,1.0,0.0,0.9120745553299989
2024-10-28 08:00:00,1,2732.319,2740.91,2727.802,11.97742857142852,0.0,2.0,0.0,1.0,8.0,0.0,0.0,2.0,2.0,1.0,0.0,0.0,0.0,0.0,0.0,1.0,0.0,0.8762838493959827
2024-10-28 16:00:00,1,2742.498,2744.983,2739.985,11.38499999999996,0.0,1.0,0.0,1.0,16.0,0.0,0.0,1.0,1.0,1.0,0.0,0.0,0.0,0.0,0.0,0.0,0.0,0.8648015332133272
2024-10-29 00:00:00,1,2751.687,2757.762,2743.203,11.6484285714286,0.0,4.0,0.0,1.0,0.0,1.0,0.0,4.0,4.0,1.0,0.0,0.0,1.0,0.0,1.0,1.0,0.0,0.8924016416599541
2024-10-29 20:00:00,1,2774.915,2775.399,2771.819,11.24107142857146,1.0,1.0,0.0,1.0,20.0,1.0,1.0,0.0,1.0,1.0,1.0,0.0,0.0,0.0,0.0,0.0,0.0,0.9037031030521976
2024-10-30 04:00:00,1,2782.222,2789.821,2777.406,11.083857142857209,1.0,1.0,4.0,1.0,4.0,2.0,1.0,0.0,1.0,1.0,0.0,0.0,0.0,0.0,0.0,0.0,0.0,0.8978506628164077
2024-10-30 08:00:00,1,2778.58,2786.498,2778.213,10.842428571428629,1.0,1.0,2.0,1.0,8.0,2.0,1.0,0.0,1.0,1.0,0.0,0.0,0.0,0.0,0.0,0.0,0.0,0.8636025140825412
2024-10-30 20:00:00,1,2785.49,2788.104,2784.777,9.688000000000004,0.0,0.0,0.0,1.0,20.0,2.0,0.0,0.0,0.0,1.0,0.0,0.0,0.0,0.0,0.0,0.0,0.0,0.9189499843447414
2024-10-31 00:00:00,1,2784.547,2790.067,2783.554,9.796214285714282,0.0,0.0,0.0,1.0,0.0,3.0,0.0,0.0,0.0,1.0,0.0,0.0,0.0,0.0,0.0,0.0,0.0,0.9246481825370193
2024-10-31 04:00:00,1,2782.048,2786.563,2777.999,10.075571428571427,0.0,1.0,0.0,1.0,4.0,3.0,0.0,1.0,1.0,1.0,0.0,0.0,0.0,0.0,0.0,1.0,0.0,0.9224181703829183
2024-10-31 08:00:00,0,2779.413,2783.153,2773.241,9.743642857142827,0.0,1.0,0.0,1.0,8.0,3.0,0.0,1.0,1.0,1.0,0.0,0.0,0.0,0.0,0.0,1.0,0.0,0.7342780949314984
2024-10-31 16:00:00,1,2746.442,2749.747,2738.004,12.868785714285682,0.0,3.0,0.0,1.0,16.0,3.0,0.0,3.0,3.0,1.0,0.0,0.0,0.0,1.0,1.0,1.0,0.0,0.949230270763955
2024-11-01 00:00:00,1,2751.77,2751.878,2744.815,11.277214285714276,0.0,3.0,0.0,1.0,0.0,4.0,0.0,3.0,3.0,1.0,0.0,0.0,1.0,0.0,0.0,1.0,0.0,0.8809653024862657
2024-11-01 04:00:00,0,2749.642,2757.66,2747.039,11.780142857142826,0.0,2.0,0.0,1.0,4.0,4.0,0.0,2.0,2.0,1.0,0.0,0.0,1.0,1.0,0.0,0.0,0.0,0.983402946256386
2024-11-01 20:00:00,1,2736.69,2736.82,2733.267,12.14814285714283,0.0,1.0,0.0,1.0,20.0,4.0,0.0,1.0,1.0,1.0,0.0,0.0,0.0,1.0,0.0,0.0,0.0,0.9455000343655254
2024-11-03 20:00:00,1,2738.352,2740.334,2732.568,12.195499999999972,0.0,1.0,0.0,1.0,20.0,6.0,0.0,1.0,1.0,1.0,0.0,0.0,0.0,1.0,0.0,0.0,0.0,0.9892611467463842
2024-11-04 00:00:00,1,2740.989,2742.401,2735.343,12.461999999999987,0.0,2.0,0.0,1.0,0.0,0.0,0.0,2.0,2.0,1.0,0.0,0.0,0.0,1.0,0.0,1.0,0.0,0.9671451271957956
2024-11-04 04:00:00,1,2735.837,2744.781,2735.052,12.691714285714268,0.0,1.0,0.0,1.0,4.0,0.0,0.0,1.0,1.0,1.0,0.0,0.0,0.0,1.0,0.0,0.0,0.0,0.9751226481897752
2024-11-04 08:00:00,0,2740.609,2745.304,2731.807,13.04407142857141,0.0,2.0,0.0,1.0,8.0,0.0,0.0,2.0,2.0,1.0,0.0,0.0,0.0,1.0,0.0,1.0,0.0,0.846050335388212
2024-11-04 16:00:00,0,2738.309,2739.706,2731.742,10.058928571428591,0.0,2.0,0.0,1.0,16.0,0.0,0.0,2.0,2.0,1.0,0.0,0.0,0.0,1.0,0.0,1.0,0.0,0.9387093952209468
2024-11-04 20:00:00,0,2736.003,2738.571,2736.003,9.403571428571436,0.0,1.0,0.0,1.0,20.0,0.0,0.0,1.0,1.0,1.0,0.0,0.0,0.0,1.0,0.0,0.0,0.0,0.9678663809930814
2024-11-05 00:00:00,1,2735.294,2736.677,2724.694,9.909571428571423,0.0,1.0,0.0,1.0,0.0,1.0,0.0,1.0,1.0,1.0,0.0,0.0,0.0,1.0,0.0,1.0,0.0,0.9611676093732671
2024-11-05 04:00:00,1,2736.532,2741.384,2731.651,10.100285714285716,1.0,1.0,1.0,1.0,4.0,1.0,1.0,0.0,1.0,1.0,0.0,0.0,0.0,1.0,0.0,0.0,0.0,0.9492445593492712
2024-11-05 08:00:00,1,2741.6,2745.034,2732.09,10.266214285714309,0.0,0.0,0.0,1.0,8.0,1.0,0.0,0.0,0.0,1.0,0.0,0.0,0.0,1.0,0.0,0.0,0.0,0.8715136577463543
2024-11-05 20:00:00,0,2745.707,2746.441,2739.61,9.24878571428576,0.0,0.0,0.0,1.0,20.0,1.0,0.0,0.0,0.0,1.0,0.0,0.0,0.0,1.0,0.0,0.0,0.0,0.9425944622559235
2024-11-06 04:00:00,0,2725.921,2743.708,2701.319,12.83050000000006,0.0,2.0,0.0,1.0,4.0,2.0,0.0,2.0,2.0,1.0,0.0,0.0,0.0,1.0,1.0,1.0,0.0,0.9560126784839198
2024-11-06 12:00:00,1,2675.715,2708.066,2652.335,18.311785714285765,0.0,2.0,0.0,1.0,12.0,2.0,0.0,2.0,2.0,1.0,0.0,0.0,0.0,0.0,1.0,1.0,0.0,0.8888086275914728
2024-11-06 16:00:00,0,2667.084,2678.297,2661.553,18.543714285714323,0.0,1.0,0.0,1.0,16.0,2.0,0.0,1.0,1.0,1.0,0.0,0.0,0.0,0.0,1.0,0.0,0.0,0.9009902834018029
2024-11-06 20:00:00,1,2664.048,2667.716,2658.958,18.41342857142857,0.0,0.0,0.0,1.0,20.0,2.0,0.0,0.0,0.0,1.0,0.0,0.0,0.0,0.0,0.0,0.0,0.0,0.9473271000616424
2024-11-25 04:00:00,1,2667.774,2676.375,2658.192,16.805285714285706,0.0,2.0,0.0,0.0,4.0,0.0,0.0,2.0,2.0,0.0,0.0,0.0,0.0,1.0,1.0,1.0,0.0,0.9559249568863726
2024-11-25 08:00:00,0,2686.776,2688.768,2667.098,17.630857142857135,0.0,2.0,0.0,0.0,8.0,0.0,0.0,2.0,2.0,0.0,0.0,0.0,0.0,1.0,1.0,1.0,0.0,0.907843743559573
2024-11-25 20:00:00,1,2610.46,2628.739,2605.112,22.91199999999997,1.0,1.0,0.0,0.0,20.0,0.0,1.0,0.0,1.0,0.0,0.0,0.0,0.0,1.0,0.0,0.0,0.0,0.9710587185384456
2024-11-26 00:00:00,1,2630.375,2632.216,2608.477,24.332785714285688,0.0,3.0,0.0,0.0,0.0,1.0,0.0,3.0,3.0,0.0,0.0,0.0,0.0,1.0,1.0,1.0,0.0,0.9443704892133133
2024-11-26 04:00:00,1,2614.036,2631.447,2610.831,24.25714285714285,0.0,0.0,0.0,0.0,4.0,1.0,0.0,0.0,0.0,0.0,0.0,0.0,0.0,1.0,0.0,0.0,0.0,0.9261528778185352
2024-11-26 08:00:00,1,2633.213,2633.226,2612.417,24.60157142857143,0.0,2.0,0.0,0.0,8.0,1.0,0.0,2.0,2.0,0.0,0.0,0.0,0.0,1.0,0.0,1.0,0.0,0.8617667521292767
2024-11-26 12:00:00,1,2629.512,2641.993,2616.664,25.227,0.0,3.0,0.0,0.0,12.0,1.0,0.0,3.0,3.0,0.0,0.0,0.0,0.0,1.0,1.0,1.0,0.0,0.9621394283178218
2024-11-26 16:00:00,1,2628.025,2631.485,2619.498,24.606857142857148,0.0,1.0,0.0,0.0,16.0,1.0,0.0,1.0,1.0,0.0,0.0,0.0,0.0,1.0,0.0,0.0,0.0,0.9556616192319987
2024-11-27 00:00:00,1,2637.722,2640.487,2627.017,24.532071428571435,0.0,1.0,0.0,0.0,0.0,2.0,0.0,1.0,1.0,0.0,0.0,0.0,0.0,1.0,0.0,0.0,0.0,0.9432065070770302
2024-11-27 04:00:00,1,2646.625,2648.503,2636.555,24.62200000000004,0.0,1.0,0.0,0.0,4.0,2.0,0.0,1.0,1.0,0.0,0.0,0.0,0.0,1.0,0.0,0.0,0.0,0.935638231668075
2024-11-27 08:00:00,0,2651.103,2653.92,2643.187,21.021071428571467,0.0,3.0,0.0,0.0,8.0,2.0,0.0,3.0,3.0,0.0,0.0,0.0,1.0,1.0,0.0,1.0,0.0,0.8898207052770901
2024-11-27 16:00:00,1,2634.703,2644.288,2633.693,20.54992857142861,0.0,2.0,0.0,0.0,16.0,2.0,0.0,2.0,2.0,0.0,0.0,0.0,0.0,1.0,0.0,1.0,0.0,0.9572307068087699
2024-11-27 20:00:00,1,2637.168,2639.03,2634.221,16.493285714285776,0.0,1.0,0.0,0.0,20.0,2.0,0.0,1.0,1.0,0.0,0.0,0.0,0.0,1.0,0.0,0.0,0.0,0.9782013532624347
2024-11-28 08:00:00,1,2646.884,2649.674,2635.668,14.395642857142873,0.0,1.0,0.0,0.0,8.0,3.0,0.0,1.0,1.0,0.0,0.0,0.0,0.0,1.0,0.0,0.0,0.0,0.9804588197009997
2024-11-28 12:00:00,1,2638.104,2647.975,2636.215,13.763071428571427,0.0,2.0,0.0,0.0,12.0,3.0,0.0,2.0,2.0,0.0,0.0,0.0,0.0,1.0,0.0,1.0,0.0,0.9862179832867248
2024-11-28 16:00:00,1,2640.597,2642.458,2637.479,12.632357142857147,0.0,1.0,0.0,0.0,16.0,3.0,0.0,1.0,1.0,0.0,0.0,0.0,0.0,1.0,0.0,0.0,0.0,0.9766864177145341
2024-11-29 16:00:00,0,2655.23,2662.278,2655.23,12.13921428571429,0.0,1.0,0.0,0.0,16.0,4.0,0.0,1.0,1.0,0.0,0.0,0.0,0.0,1.0,0.0,0.0,0.0,0.9404102467587448
2024-12-01 20:00:00,1,2645.659,2650.324,2643.053,11.39028571428571,0.0,1.0,0.0,0.0,20.0,6.0,0.0,1.0,1.0,0.0,0.0,0.0,0.0,1.0,0.0,0.0,0.0,0.9485714172792071
2024-12-02 00:00:00,1,2629.272,2647.672,2622.897,12.403142857142871,0.0,3.0,0.0,0.0,0.0,0.0,0.0,3.0,3.0,0.0,0.0,0.0,0.0,1.0,1.0,1.0,0.0,0.990605781869868
2024-12-02 08:00:00,1,2641.885,2646.37,2626.514,13.065214285714289,0.0,3.0,0.0,0.0,8.0,0.0,0.0,3.0,3.0,0.0,0.0,0.0,0.0,1.0,1.0,1.0,0.0,0.9417763669586932
2024-12-02 20:00:00,1,2642.211,2644.203,2635.267,12.95550000000006,0.0,1.0,0.0,0.0,20.0,0.0,0.0,1.0,1.0,0.0,0.0,0.0,0.0,1.0,0.0,0.0,0.0,0.9757135557723364
2024-12-03 00:00:00,1,2640.427,2645.325,2634.033,13.406428571428608,0.0,2.0,0.0,0.0,0.0,1.0,0.0,2.0,2.0,0.0,0.0,0.0,0.0,1.0,1.0,0.0,0.0,0.9854721884482159
2024-12-03 04:00:00,1,2644.622,2650.066,2637.08,14.08735714285714,0.0,1.0,0.0,0.0,4.0,1.0,0.0,1.0,1.0,0.0,0.0,0.0,0.0,1.0,0.0,0.0,0.0,0.9844606607434797
2024-12-03 12:00:00,1,2640.435,2655.665,2635.166,13.551071428571406,0.0,3.0,0.0,0.0,12.0,1.0,0.0,3.0,3.0,0.0,0.0,0.0,0.0,1.0,1.0,1.0,0.0,0.9775750021779659
2024-12-03 16:00:00,1,2640.998,2649.164,2638.837,13.471142857142857,0.0,3.0,0.0,0.0,16.0,1.0,0.0,3.0,3.0,0.0,0.0,0.0,0.0,1.0,1.0,1.0,0.0,0.9799432063028971
2024-12-03 20:00:00,1,2642.721,2644.226,2640.626,12.697428571428548,0.0,1.0,0.0,0.0,20.0,1.0,0.0,1.0,1.0,0.0,0.0,0.0,0.0,1.0,0.0,0.0,0.0,0.9703852871528273
2024-12-04 00:00:00,1,2644.501,2648.093,2637.602,12.943357142857137,0.0,1.0,0.0,0.0,0.0,2.0,0.0,1.0,1.0,0.0,0.0,0.0,0.0,1.0,0.0,0.0,0.0,0.9731635651466597
2024-12-04 16:00:00,0,2651.7,2655.581,2646.83,12.02349999999998,0.0,3.0,0.0,0.0,16.0,2.0,0.0,3.0,3.0,0.0,0.0,0.0,0.0,1.0,1.0,1.0,0.0,0.9841245441809365
2024-12-04 20:00:00,0,2650.397,2651.962,2648.066,11.248499999999988,0.0,2.0,0.0,0.0,20.0,2.0,0.0,2.0,2.0,0.0,0.0,0.0,1.0,1.0,0.0,0.0,0.0,0.9626938801205738
2024-12-05 00:00:00,0,2648.882,2650.717,2644.575,10.913928571428576,0.0,2.0,0.0,0.0,0.0,3.0,0.0,2.0,2.0,0.0,0.0,0.0,1.0,1.0,0.0,0.0,0.0,0.9715112514087252
2024-12-05 16:00:00,1,2629.8,2643.395,2623.444,12.462428571428584,0.0,2.0,0.0,0.0,16.0,3.0,0.0,2.0,2.0,0.0,0.0,0.0,0.0,1.0,1.0,1.0,0.0,0.9789141940743181
2024-12-05 20:00:00,1,2633.713,2633.832,2627.966,11.41721428571431,0.0,0.0,0.0,0.0,20.0,3.0,0.0,0.0,0.0,0.0,0.0,0.0,0.0,1.0,0.0,0.0,0.0,0.9751845917579618
2024-12-12 04:00:00,1,2716.047,2720.389,2709.689,14.439000000000012,0.0,1.0,0.0,1.0,4.0,3.0,0.0,1.0,1.0,1.0,0.0,0.0,0.0,0.0,0.0,0.0,1.0,0.9719873620179142
2024-12-12 08:00:00,1,2710.934,2719.428,2707.31,14.31714285714286,0.0,2.0,0.0,1.0,8.0,3.0,0.0,2.0,2.0,1.0,0.0,0.0,0.0,0.0,0.0,1.0,1.0,0.9146888158072211
2024-12-12 12:00:00,1,2679.785,2712.392,2675.078,16.25292857142855,0.0,2.0,0.0,1.0,12.0,3.0,0.0,2.0,2.0,1.0,0.0,0.0,0.0,1.0,0.0,1.0,1.0,0.9674110442071275
2024-12-12 16:00:00,0,2683.133,2687.039,2677.298,15.826142857142877,0.0,2.0,0.0,1.0,16.0,3.0,0.0,2.0,2.0,1.0,0.0,0.0,0.0,1.0,0.0,1.0,1.0,0.9829501314813012
2024-12-12 20:00:00,1,2680.623,2683.577,2679.454,14.730000000000018,0.0,1.0,0.0,1.0,20.0,3.0,0.0,1.0,1.0,1.0,0.0,0.0,0.0,1.0,0.0,0.0,1.0,0.9920394895688038
2024-12-13 04:00:00,1,2683.202,2690.527,2681.111,15.07985714285717,0.0,1.0,0.0,1.0,4.0,4.0,0.0,1.0,1.0,1.0,0.0,0.0,0.0,1.0,0.0,0.0,1.0,0.9319899277015224
2024-12-13 08:00:00,1,2664.993,2684.782,2664.39,15.674357142857192,0.0,1.0,0.0,1.0,8.0,4.0,0.0,1.0,1.0,1.0,0.0,0.0,0.0,1.0,0.0,1.0,0.0,0.703974653217868
2024-12-13 12:00:00,1,2659.888,2672.88,2654.559,15.363285714285732,0.0,1.0,0.0,1.0,12.0,4.0,0.0,1.0,1.0,1.0,0.0,0.0,0.0,1.0,0.0,1.0,0.0,0.8484633082564882
2024-12-13 16:00:00,0,2653.041,2664.566,2652.134,15.28342857142856,1.0,1.0,0.0,1.0,16.0,4.0,1.0,0.0,1.0,1.0,1.0,0.0,0.0,1.0,0.0,0.0,0.0,0.8552273248569469
2024-12-13 20:00:00,1,2648.392,2653.53,2646.046,14.011500000000035,1.0,1.0,0.0,1.0,20.0,4.0,1.0,0.0,1.0,1.0,1.0,0.0,0.0,1.0,0.0,0.0,0.0,0.8798288635341524
2024-12-15 20:00:00,1,2651.479,2653.127,2648.793,13.644571428571483,0.0,1.0,0.0,1.0,20.0,6.0,0.0,1.0,1.0,1.0,0.0,0.0,1.0,1.0,0.0,0.0,0.0,0.9814508543252098
2024-12-16 12:00:00,1,2654.472,2664.447,2650.833,12.983357142857196,0.0,3.0,0.0,1.0,12.0,0.0,0.0,3.0,3.0,1.0,0.0,0.0,0.0,1.0,1.0,1.0,0.0,0.8930227231940289
2024-12-16 16:00:00,0,2653.299,2655.791,2648.505,10.838500000000067,0.0,3.0,0.0,1.0,16.0,0.0,0.0,3.0,3.0,1.0,0.0,0.0,0.0,1.0,1.0,1.0,0.0,0.9333427693779095
2024-12-16 20:00:00,0,2651.744,2653.634,2651.46,10.298000000000034,0.0,1.0,0.0,1.0,20.0,0.0,0.0,1.0,1.0,1.0,0.0,0.0,0.0,1.0,0.0,0.0,0.0,0.9701293124701766
2024-12-17 12:00:00,1,2640.206,2646.968,2632.966,10.432928571428617,0.0,2.0,0.0,1.0,12.0,1.0,0.0,2.0,2.0,1.0,0.0,0.0,0.0,1.0,1.0,1.0,0.0,0.9479923134749882
2024-12-17 20:00:00,1,2647.378,2647.681,2643.083,9.454857142857204,0.0,0.0,0.0,1.0,20.0,1.0,0.0,0.0,0.0,1.0,0.0,0.0,0.0,1.0,0.0,0.0,0.0,0.9328073679772391
2024-12-18 04:00:00,0,2644.61,2649.551,2642.687,9.538714285714311,0.0,1.0,0.0,1.0,4.0,2.0,0.0,1.0,1.0,1.0,0.0,0.0,0.0,1.0,1.0,0.0,0.0,0.922662666257474
2024-12-26 16:00:00,1,2634.95,2636.838,2627.885,8.125642857142793,0.0,4.0,0.0,0.0,16.0,3.0,0.0,4.0,4.0,0.0,0.0,0.0,0.0,1.0,1.0,1.0,1.0,0.9115050121636433
2024-12-26 20:00:00,1,2632.684,2636.162,2624.659,8.184142857142758,0.0,2.0,0.0,0.0,20.0,3.0,0.0,2.0,2.0,0.0,0.0,0.0,0.0,1.0,0.0,0.0,1.0,0.9829316366439551
2024-12-27 00:00:00,0,2633.698,2635.512,2628.886,8.048642857142795,0.0,4.0,0.0,0.0,0.0,4.0,0.0,4.0,4.0,0.0,0.0,0.0,0.0,1.0,1.0,1.0,1.0,0.8672904236289696
2024-12-27 08:00:00,1,2628.642,2633.599,2623.452,8.256714285714224,0.0,4.0,0.0,0.0,8.0,4.0,0.0,4.0,4.0,0.0,0.0,0.0,0.0,1.0,1.0,1.0,1.0,0.7289397622839321
2024-12-27 12:00:00,1,2618.134,2631.55,2611.579,9.322499999999923,0.0,3.0,0.0,0.0,12.0,4.0,0.0,3.0,3.0,0.0,0.0,0.0,0.0,1.0,1.0,1.0,0.0,0.8032230222964147
2024-12-27 16:00:00,1,2620.685,2621.394,2614.089,9.315142857142778,0.0,3.0,0.0,0.0,16.0,4.0,0.0,3.0,3.0,0.0,0.0,0.0,0.0,1.0,1.0,1.0,0.0,0.7566381817668045
2024-12-27 20:00:00,1,2621.623,2621.98,2612.713,9.458571428571336,0.0,1.0,0.0,0.0,20.0,4.0,0.0,1.0,1.0,0.0,0.0,0.0,0.0,1.0,0.0,0.0,0.0,0.8284799354819709
2024-12-29 20:00:00,1,2624.035,2626.159,2621.632,9.222357142857064,0.0,1.0,0.0,0.0,20.0,6.0,0.0,1.0,1.0,0.0,0.0,0.0,0.0,1.0,0.0,0.0,0.0,0.9434312779452911
2024-12-30 00:00:00,0,2626.579,2628.138,2621.486,9.358642857142806,0.0,2.0,0.0,0.0,0.0,0.0,0.0,2.0,2.0,0.0,0.0,0.0,0.0,1.0,1.0,1.0,0.0,0.9427596363540434
2025-01-03 04:00:00,1,2654.195,2664.409,2651.924,10.43371428571436,0.0,1.0,0.0,0.0,4.0,4.0,0.0,1.0,1.0,0.0,0.0,0.0,0.0,1.0,0.0,0.0,0.0,0.9484716595242976
2025-01-03 08:00:00,0,2658.361,2659.258,2649.89,10.277714285714344,0.0,1.0,0.0,0.0,8.0,4.0,0.0,1.0,1.0,0.0,0.0,0.0,0.0,1.0,0.0,0.0,0.0,0.8003582126340585
2025-01-03 16:00:00,1,2639.433,2647.264,2638.954,10.01514285714292,0.0,3.0,0.0,0.0,16.0,4.0,0.0,3.0,3.0,0.0,0.0,0.0,0.0,1.0,1.0,1.0,0.0,0.8620376598126789
2025-01-05 20:00:00,1,2641.063,2642.379,2639.644,9.919500000000037,0.0,0.0,0.0,0.0,20.0,6.0,0.0,0.0,0.0,0.0,0.0,0.0,0.0,1.0,0.0,0.0,0.0,0.9552428944483876
2025-01-06 00:00:00,0,2640.19,2647.434,2638.575,10.252857142857206,0.0,3.0,0.0,0.0,0.0,0.0,0.0,3.0,3.0,0.0,0.0,0.0,0.0,1.0,1.0,1.0,1.0,0.9773320078998804
2025-01-06 04:00:00,1,2626.937,2640.824,2625.058,10.3918571428572,0.0,3.0,0.0,0.0,4.0,0.0,0.0,3.0,3.0,0.0,0.0,0.0,0.0,1.0,1.0,1.0,1.0,0.9814727519913601
2025-01-07 00:00:00,1,2639.563,2641.146,2632.927,11.956,0.0,2.0,0.0,0.0,0.0,1.0,0.0,2.0,2.0,0.0,0.0,0.0,0.0,1.0,0.0,0.0,1.0,0.9931915588076077
2025-01-07 08:00:00,1,2648.389,2648.689,2640.031,11.724999999999977,0.0,3.0,0.0,0.0,8.0,1.0,0.0,3.0,3.0,0.0,0.0,0.0,0.0,1.0,0.0,1.0,1.0,0.9031853167996469
2025-01-08 08:00:00,1,2650.89,2655.158,2647.565,12.3143571428571,0.0,2.0,0.0,0.0,8.0,2.0,0.0,2.0,2.0,0.0,0.0,0.0,1.0,1.0,0.0,1.0,0.0,0.9683671175862666
2025-01-08 16:00:00,1,2658.301,2670.053,2649.388,12.543928571428555,0.0,2.0,0.0,0.0,16.0,2.0,0.0,2.0,2.0,0.0,0.0,0.0,0.0,1.0,1.0,1.0,0.0,0.9706805111613197
2025-01-08 20:00:00,0,2662.507,2664.059,2658.276,10.499000000000024,0.0,0.0,0.0,0.0,20.0,2.0,0.0,0.0,0.0,0.0,0.0,0.0,0.0,1.0,0.0,0.0,0.0,0.9609136590134536
2025-01-09 00:00:00,1,2659.369,2662.849,2656.267,10.334714285714329,0.0,0.0,0.0,0.0,0.0,3.0,0.0,0.0,0.0,0.0,0.0,0.0,0.0,1.0,0.0,0.0,0.0,0.9588643819654988
2025-01-09 04:00:00,1,2662.45,2666.973,2655.437,10.877642857142908,0.0,1.0,0.0,0.0,4.0,3.0,0.0,1.0,1.0,0.0,0.0,0.0,0.0,1.0,0.0,1.0,0.0,0.9641633779253606
2025-01-09 16:00:00,1,2670.19,2672.51,2662.644,11.394500000000107,0.0,1.0,0.0,1.0,16.0,3.0,0.0,1.0,1.0,1.0,0.0,0.0,0.0,0.0,0.0,1.0,0.0,0.9054549929588563
2025-01-09 20:00:00,1,2669.952,2671.337,2668.492,9.999214285714386,1.0,1.0,5.0,1.0,20.0,3.0,1.0,0.0,1.0,1.0,0.0,0.0,0.0,0.0,0.0,0.0,0.0,0.9492151402214137
2025-01-10 00:00:00,1,2673.658,2674.771,2668.953,9.72414285714295,1.0,1.0,7.0,1.0,0.0,4.0,1.0,0.0,1.0,1.0,0.0,0.0,0.0,0.0,0.0,0.0,0.0,0.6122178784091511
2025-01-10 16:00:00,1,2685.855,2697.965,2684.586,12.220857142857312,0.0,2.0,0.0,1.0,16.0,4.0,0.0,2.0,2.0,1.0,0.0,0.0,0.0,0.0,1.0,1.0,0.0,0.8391606918427583
2025-01-10 20:00:00,1,2689.551,2693.773,2684.5,11.309785714285876,0.0,0.0,0.0,1.0,20.0,4.0,0.0,0.0,0.0,1.0,0.0,0.0,0.0,0.0,0.0,0.0,0.0,0.7943439894377797
2025-01-12 20:00:00,0,2691.105,2691.375,2687.575,10.105142857143036,0.0,0.0,0.0,1.0,20.0,6.0,0.0,0.0,0.0,1.0,0.0,0.0,0.0,0.0,0.0,0.0,0.0,0.9543002927938217
2025-01-13 04:00:00,1,2685.102,2691.323,2683.273,10.801357142857276,0.0,2.0,0.0,1.0,4.0,0.0,0.0,2.0,2.0,1.0,0.0,0.0,0.0,0.0,1.0,1.0,0.0,0.8944607874438573
2025-01-13 08:00:00,1,2675.952,2689.77,2675.449,11.000285714285836,0.0,2.0,0.0,1.0,8.0,0.0,0.0,2.0,2.0,1.0,0.0,0.0,0.0,1.0,1.0,1.0,0.0,0.9269653302621148
2025-01-13 12:00:00,1,2661.867,2677.218,2661.081,11.236428571428664,0.0,2.0,0.0,1.0,12.0,0.0,0.0,2.0,2.0,1.0,0.0,0.0,0.0,1.0,1.0,1.0,0.0,0.9312399563252646
2025-01-14 00:00:00,1,2669.78,2672.324,2666.397,11.52042857142864,0.0,1.0,0.0,1.0,0.0,1.0,0.0,1.0,1.0,1.0,0.0,0.0,0.0,1.0,0.0,0.0,0.0,0.9552369627544871
2025-01-14 12:00:00,1,2671.779,2674.462,2659.773,12.41114285714288,0.0,3.0,0.0,1.0,12.0,1.0,0.0,3.0,3.0,1.0,0.0,0.0,0.0,1.0,1.0,1.0,0.0,0.9659484218394739
2025-01-14 20:00:00,0,2675.589,2678.294,2671.836,10.169500000000005,0.0,1.0,0.0,1.0,20.0,1.0,0.0,1.0,1.0,1.0,0.0,0.0,0.0,1.0,0.0,0.0,0.0,0.938997430979611
2025-01-15 00:00:00,1,2676.091,2676.339,2669.382,10.004071428571413,0.0,1.0,0.0,1.0,0.0,2.0,0.0,1.0,1.0,1.0,0.0,0.0,0.0,1.0,0.0,0.0,0.0,0.9737116247802353
2025-01-15 04:00:00,1,2681.313,2684.033,2674.183,10.436214285714252,0.0,1.0,0.0,1.0,4.0,2.0,0.0,1.0,1.0,1.0,0.0,0.0,0.0,1.0,0.0,0.0,0.0,0.9682158565130222
2025-01-15 08:00:00,1,2686.779,2689.064,2681.151,9.99699999999994,0.0,2.0,0.0,1.0,8.0,2.0,0.0,2.0,2.0,1.0,0.0,0.0,0.0,1.0,0.0,1.0,0.0,0.9329959019661843
2025-01-15 12:00:00,1,2678.475,2696.056,2676.64,10.808857142857116,0.0,3.0,0.0,1.0,12.0,2.0,0.0,3.0,3.0,1.0,0.0,0.0,0.0,1.0,1.0,1.0,0.0,0.943888389649331
2025-01-15 20:00:00,1,2694.965,2697.97,2693.239,10.27135714285711,1.0,1.0,0.0,1.0,20.0,2.0,1.0,0.0,1.0,1.0,1.0,0.0,0.0,0.0,0.0,0.0,0.0,0.8390134500409081
2025-01-16 08:00:00,1,2706.412,2711.137,2697.129,10.670499999999947,0.0,1.0,0.0,1.0,8.0,3.0,0.0,1.0,1.0,1.0,0.0,0.0,0.0,0.0,0.0,1.0,0.0,0.8736987544714742
2025-01-16 20:00:00,0,2714.578,2717.078,2712.401,10.783999999999976,0.0,1.0,0.0,1.0,20.0,3.0,0.0,1.0,1.0,1.0,0.0,0.0,0.0,0.0,0.0,0.0,0.0,0.9704208596847416
2025-01-17 08:00:00,1,2708.041,2712.991,2702.803,10.973214285714253,0.0,1.0,0.0,1.0,8.0,4.0,0.0,1.0,1.0,1.0,0.0,0.0,0.0,0.0,0.0,1.0,0.0,0.551791626020789
2025-01-17 16:00:00,0,2703.175,2717.264,2702.88,11.617285714285702,1.0,1.0,2.0,1.0,16.0,4.0,1.0,0.0,1.0,1.0,0.0,0.0,0.0,1.0,0.0,0.0,0.0,0.6105432854410888
2025-01-17 20:00:00,0,2702.879,2704.088,2699.242,10.576571428571404,0.0,0.0,0.0,1.0,20.0,4.0,0.0,0.0,0.0,1.0,0.0,0.0,0.0,1.0,0.0,0.0,0.0,0.854451711680876
2025-01-19 20:00:00,1,2696.424,2703.083,2691.55,10.100214285714271,0.0,0.0,0.0,1.0,20.0,6.0,0.0,0.0,0.0,1.0,0.0,0.0,0.0,1.0,0.0,0.0,0.0,0.9595326545954762
2025-01-20 04:00:00,1,2703.592,2713.77,2702.279,10.956,0.0,1.0,0.0,1.0,4.0,0.0,0.0,1.0,1.0,1.0,0.0,0.0,0.0,0.0,0.0,0.0,0.0,0.9308851491930322
2025-01-20 08:00:00,1,2708.333,2712.478,2703.003,10.912714285714303,0.0,2.0,0.0,1.0,8.0,0.0,0.0,2.0,2.0,1.0,0.0,0.0,0.0,0.0,0.0,1.0,0.0,0.7387202113484997
2025-01-20 12:00:00,1,2707.065,2711.944,2701.915,10.6285,0.0,3.0,0.0,1.0,12.0,0.0,0.0,3.0,3.0,1.0,0.0,0.0,0.0,0.0,1.0,1.0,0.0,0.9000245595951092
2025-01-20 20:00:00,1,2710.445,2711.012,2706.593,9.392214285714315,0.0,1.0,0.0,1.0,20.0,0.0,0.0,1.0,1.0,1.0,0.0,0.0,0.0,0.0,0.0,0.0,0.0,0.9372739925437148
2025-01-21 08:00:00,1,2723.998,2730.056,2716.499,11.368714285714336,0.0,3.0,0.0,1.0,8.0,1.0,0.0,3.0,3.0,1.0,0.0,0.0,0.0,0.0,1.0,1.0,0.0,0.8556284518405772
2025-01-21 16:00:00,1,2742.838,2745.963,2737.837,11.64692857142862,1.0,1.0,0.0,1.0,16.0,1.0,1.0,0.0,1.0,1.0,1.0,0.0,0.0,0.0,0.0,0.0,0.0,0.7558588384042062
2025-01-21 20:00:00,1,2744.259,2745.863,2740.084,11.032285714285765,1.0,1.0,0.0,1.0,20.0,1.0,1.0,0.0,1.0,1.0,1.0,0.0,0.0,0.0,0.0,0.0,0.0,0.9037031030521976
2025-01-23 00:00:00,1,2749.972,2756.3,2749.474,10.67928571428573,0.0,3.0,0.0,1.0,0.0,3.0,0.0,3.0,3.0,1.0,0.0,0.0,1.0,0.0,1.0,0.0,0.0,0.9617232591268026
2025-01-23 04:00:00,1,2752.683,2755.575,2749.757,10.77921428571426,0.0,2.0,0.0,1.0,4.0,3.0,0.0,2.0,2.0,1.0,0.0,0.0,0.0,0.0,1.0,0.0,0.0,0.9339939141525921
2025-01-23 08:00:00,1,2751.924,2754.789,2740.871,10.048999999999978,0.0,4.0,0.0,1.0,8.0,3.0,0.0,4.0,4.0,1.0,0.0,0.0,1.0,0.0,1.0,1.0,0.0,0.840958240743726
2025-01-24 00:00:00,1,2772.308,2777.446,2754.338,10.74057142857136,0.0,3.0,0.0,1.0,0.0,4.0,0.0,3.0,3.0,1.0,0.0,0.0,0.0,0.0,1.0,1.0,0.0,0.897881935954987
2025-01-24 16:00:00,0,2774.628,2777.564,2769.894,10.302357142857122,0.0,1.0,0.0,1.0,16.0,4.0,0.0,1.0,1.0,1.0,0.0,0.0,0.0,0.0,0.0,0.0,0.0,0.7507694790925611
2025-01-24 20:00:00,0,2771.079,2774.798,2770.448,9.807571428571398,0.0,1.0,0.0,1.0,20.0,4.0,0.0,1.0,1.0,1.0,0.0,0.0,0.0,0.0,0.0,0.0,0.0,0.7850041196706824
2025-01-26 20:00:00,0,2767.553,2769.721,2765.185,9.844999999999995,0.0,1.0,0.0,1.0,20.0,6.0,0.0,1.0,1.0,1.0,0.0,0.0,0.0,0.0,0.0,0.0,0.0,0.9432244116626273
2025-01-27 04:00:00,0,2749.478,2761.075,2747.189,11.456071428571445,0.0,4.0,0.0,1.0,4.0,0.0,0.0,4.0,4.0,1.0,0.0,0.0,1.0,0.0,1.0,1.0,0.0,0.8584761915245785
2025-02-05 20:00:00,1,2869.279,2870.985,2859.882,14.313214285714205,0.0,0.0,0.0,1.0,20.0,2.0,0.0,0.0,0.0,1.0,0.0,0.0,0.0,0.0,0.0,0.0,0.0,0.9766972156358711
2025-02-06 04:00:00,1,2855.837,2872.366,2855.002,14.801214285714227,0.0,2.0,0.0,1.0,4.0,3.0,0.0,2.0,2.0,1.0,0.0,0.0,0.0,0.0,0.0,1.0,0.0,0.9618549076942549
2025-02-06 08:00:00,0,2865.972,2867.342,2848.904,15.255642857142805,0.0,3.0,0.0,1.0,8.0,3.0,0.0,3.0,3.0,1.0,0.0,0.0,0.0,0.0,1.0,1.0,0.0,0.8431988701014934
2025-02-06 16:00:00,1,2853.746,2854.755,2848.038,16.46492857142854,0.0,2.0,0.0,1.0,16.0,3.0,0.0,2.0,2.0,1.0,0.0,0.0,0.0,0.0,0.0,1.0,0.0,0.965125702518741
2025-02-06 20:00:00,1,2858.0,2858.779,2853.575,14.618142857142857,0.0,1.0,0.0,1.0,20.0,3.0,0.0,1.0,1.0,1.0,0.0,0.0,0.0,0.0,0.0,0.0,0.0,0.9820959096780593
2025-02-07 00:00:00,1,2867.193,2870.645,2857.713,14.647785714285712,0.0,1.0,0.0,1.0,0.0,4.0,0.0,1.0,1.0,1.0,0.0,0.0,0.0,0.0,0.0,0.0,0.0,0.937332749819031
2025-02-07 04:00:00,1,2864.214,2869.615,2858.947,15.086142857142834,0.0,1.0,0.0,1.0,4.0,4.0,0.0,1.0,1.0,1.0,0.0,0.0,0.0,0.0,0.0,0.0,0.0,0.8568941054989199
2025-02-07 12:00:00,0,2880.315,2886.747,2852.393,16.145571428571397,0.0,3.0,0.0,1.0,12.0,4.0,0.0,3.0,3.0,1.0,0.0,0.0,0.0,0.0,1.0,1.0,0.0,0.7769828200572244
2025-02-09 20:00:00,1,2867.495,2870.59,2860.092,15.230142857142871,0.0,1.0,0.0,1.0,20.0,6.0,0.0,1.0,1.0,1.0,0.0,0.0,0.0,0.0,0.0,0.0,0.0,0.9634956304168363
2025-02-10 00:00:00,1,2875.572,2876.578,2865.83,15.204785714285729,0.0,2.0,0.0,1.0,0.0,0.0,0.0,2.0,2.0,1.0,0.0,0.0,0.0,0.0,0.0,1.0,0.0,0.8674026135295391
2025-02-10 04:00:00,1,2895.506,2896.593,2874.327,16.1062857142857,1.0,1.0,0.0,1.0,4.0,0.0,1.0,0.0,1.0,1.0,1.0,0.0,0.0,0.0,0.0,0.0,0.0,0.8813000382670113
2025-02-11 08:00:00,1,2903.981,2915.322,2901.864,18.08849999999997,0.0,3.0,0.0,1.0,8.0,1.0,0.0,3.0,3.0,1.0,0.0,0.0,0.0,0.0,1.0,1.0,0.0,0.704122557495506
2025-02-11 12:00:00,0,2904.794,2906.574,2881.733,19.331142857142822,0.0,3.0,0.0,1.0,12.0,1.0,0.0,3.0,3.0,1.0,0.0,0.0,0.0,0.0,1.0,1.0,0.0,0.8692953405419731
2025-02-11 20:00:00,0,2898.536,2900.906,2894.018,16.005571428571393,0.0,1.0,0.0,1.0,20.0,1.0,0.0,1.0,1.0,1.0,0.0,0.0,1.0,0.0,0.0,0.0,0.0,0.9555392855696379
2025-02-12 00:00:00,1,2889.001,2898.84,2883.76,16.767642857142814,0.0,0.0,0.0,1.0,0.0,2.0,0.0,0.0,0.0,1.0,0.0,0.0,0.0,0.0,0.0,0.0,0.0,0.9306213149790943
2025-02-12 04:00:00,1,2892.773,2895.873,2883.668,16.889571428571376,0.0,0.0,0.0,1.0,4.0,2.0,0.0,0.0,0.0,1.0,0.0,0.0,0.0,0.0,0.0,0.0,0.0,0.935251357365367
2025-02-12 08:00:00,1,2879.802,2894.144,2879.317,17.1809285714285,1.0,1.0,2.0,1.0,8.0,2.0,1.0,0.0,1.0,1.0,0.0,0.0,0.0,0.0,0.0,0.0,0.0,0.7854477324031871
2025-02-12 20:00:00,1,2905.781,2906.403,2895.517,17.883428571428503,0.0,1.0,0.0,1.0,20.0,2.0,0.0,1.0,1.0,1.0,0.0,0.0,0.0,0.0,0.0,0.0,0.0,0.9240404672910854
2025-02-13 00:00:00,1,2916.446,2918.169,2901.454,18.101571428571333,0.0,1.0,0.0,1.0,0.0,3.0,0.0,1.0,1.0,1.0,0.0,0.0,0.0,0.0,0.0,0.0,0.0,0.9115736777609005
2025-02-13 04:00:00,1,2914.569,2922.801,2912.531,17.492642857142755,0.0,1.0,0.0,1.0,4.0,3.0,0.0,1.0,1.0,1.0,0.0,0.0,0.0,0.0,0.0,0.0,0.0,0.8965355885180156
2025-02-13 16:00:00,1,2926.812,2927.402,2912.887,15.146071428571336,0.0,2.0,0.0,1.0,16.0,3.0,0.0,2.0,2.0,1.0,0.0,0.0,0.0,0.0,0.0,1.0,0.0,0.9651306099602933
2025-02-13 20:00:00,1,2931.217,2932.484,2924.879,13.914928571428488,0.0,1.0,0.0,1.0,20.0,3.0,0.0,1.0,1.0,1.0,0.0,0.0,0.0,0.0,0.0,0.0,0.0,0.9820959096780593
2025-02-14 00:00:00,1,2924.33,2933.879,2923.164,14.029857142857022,0.0,1.0,0.0,1.0,0.0,4.0,0.0,1.0,1.0,1.0,0.0,0.0,0.0,0.0,0.0,0.0,0.0,0.937332749819031
2025-02-14 12:00:00,1,2901.939,2933.366,2892.899,16.186785714285634,0.0,4.0,0.0,1.0,12.0,4.0,0.0,4.0,4.0,1.0,0.0,0.0,1.0,0.0,1.0,1.0,0.0,0.7277796529063201
2025-02-14 16:00:00,1,2880.499,2903.915,2878.691,16.92942857142852,0.0,3.0,0.0,1.0,16.0,4.0,0.0,3.0,3.0,1.0,0.0,0.0,0.0,1.0,1.0,1.0,0.0,0.9104343825477462
2025-02-17 00:00:00,1,2903.603,2904.607,2879.254,16.089999999999982,0.0,2.0,0.0,1.0,0.0,0.0,0.0,2.0,2.0,1.0,0.0,0.0,0.0,0.0,0.0,1.0,0.0,0.8618800916080548
2025-02-17 04:00:00,1,2902.49,2905.407,2888.211,16.124357142857175,0.0,1.0,0.0,1.0,4.0,0.0,0.0,1.0,1.0,1.0,0.0,0.0,0.0,0.0,0.0,0.0,0.0,0.9237419788926556
2025-02-17 08:00:00,1,2900.992,2906.488,2895.044,16.208214285714316,0.0,3.0,0.0,1.0,8.0,0.0,0.0,3.0,3.0,1.0,0.0,0.0,1.0,0.0,0.0,1.0,0.0,0.7212971919601568
2025-02-17 12:00:00,1,2899.232,2904.162,2895.45,16.113500000000027,0.0,4.0,0.0,1.0,12.0,0.0,0.0,4.0,4.0,1.0,0.0,0.0,1.0,0.0,1.0,1.0,0.0,0.8852830070218233
2025-02-17 16:00:00,1,2897.392,2901.34,2896.544,15.341571428571472,0.0,1.0,0.0,1.0,16.0,0.0,0.0,1.0,1.0,1.0,0.0,0.0,0.0,0.0,0.0,0.0,0.0,0.9351237708490251
2025-02-18 00:00:00,1,2909.016,2910.863,2892.003,15.278214285714316,0.0,1.0,0.0,1.0,0.0,1.0,0.0,1.0,1.0,1.0,0.0,0.0,0.0,0.0,0.0,0.0,0.0,0.9216539606347045
2025-02-18 04:00:00,1,2911.501,2915.629,2907.173,15.116857142857205,0.0,1.0,0.0,1.0,4.0,1.0,0.0,1.0,1.0,1.0,0.0,0.0,0.0,0.0,0.0,0.0,0.0,0.9142833663487898
2025-02-18 12:00:00,1,2927.02,2929.609,2912.054,15.223000000000022,0.0,3.0,0.0,1.0,12.0,1.0,0.0,3.0,3.0,1.0,0.0,0.0,0.0,0.0,1.0,1.0,0.0,0.9163698807090204
2025-02-18 20:00:00,1,2934.061,2936.788,2932.393,11.75957142857143,0.0,1.0,0.0,1.0,20.0,1.0,0.0,1.0,1.0,1.0,0.0,0.0,0.0,0.0,0.0,0.0,0.0,0.9763253769641212
2025-02-19 00:00:00,1,2928.825,2939.653,2924.081,12.21342857142856,0.0,2.0,0.0,1.0,0.0,2.0,0.0,2.0,2.0,1.0,0.0,0.0,0.0,0.0,0.0,1.0,0.0,0.9630245200794519
2025-02-19 08:00:00,1,2935.079,2947.041,2933.718,10.908857142857157,0.0,2.0,0.0,1.0,8.0,2.0,0.0,2.0,2.0,1.0,0.0,0.0,0.0,0.0,0.0,1.0,0.0,0.7660796142633813
2025-02-19 12:00:00,1,2925.721,2941.657,2925.498,10.834785714285706,0.0,3.0,0.0,1.0,12.0,2.0,0.0,3.0,3.0,1.0,0.0,0.0,0.0,0.0,1.0,1.0,0.0,0.8872810015024734
2025-02-19 16:00:00,1,2931.754,2932.338,2918.591,10.999285714285731,0.0,2.0,0.0,1.0,16.0,2.0,0.0,2.0,2.0,1.0,0.0,0.0,0.0,0.0,1.0,1.0,0.0,0.8999945792720639
2025-02-19 20:00:00,1,2935.384,2937.461,2931.292,10.817642857142866,0.0,0.0,0.0,1.0,20.0,2.0,0.0,0.0,0.0,1.0,0.0,0.0,0.0,0.0,0.0,0.0,0.0,0.9442154153604082
2025-02-20 00:00:00,1,2941.913,2944.07,2933.852,11.204928571428582,0.0,1.0,0.0,1.0,0.0,3.0,0.0,1.0,1.0,1.0,0.0,0.0,0.0,0.0,0.0,1.0,0.0,0.9354038463988256
2025-02-20 04:00:00,1,2948.925,2954.216,2939.267,12.103214285714298,0.0,1.0,0.0,1.0,4.0,3.0,0.0,1.0,1.0,1.0,0.0,0.0,1.0,0.0,0.0,0.0,0.0,0.9778746554833734
2025-02-20 12:00:00,1,2938.545,2950.825,2924.123,12.617357142857143,0.0,2.0,0.0,1.0,12.0,3.0,0.0,2.0,2.0,1.0,0.0,0.0,0.0,0.0,1.0,1.0,0.0,0.8559456488770136
2025-02-20 20:00:00,0,2941.53,2943.433,2935.521,12.331000000000031,0.0,0.0,0.0,1.0,20.0,3.0,0.0,0.0,0.0,1.0,0.0,0.0,0.0,0.0,0.0,0.0,0.0,0.9887024540927503
2025-02-21 04:00:00,1,2930.07,2934.048,2924.186,13.48328571428572,0.0,1.0,0.0,1.0,4.0,4.0,0.0,1.0,1.0,1.0,0.0,0.0,0.0,0.0,0.0,1.0,0.0,0.8880613785657028
2025-02-21 20:00:00,1,2936.453,2938.227,2932.144,13.773000000000009,0.0,1.0,0.0,1.0,20.0,4.0,0.0,1.0,1.0,1.0,0.0,0.0,0.0,0.0,0.0,0.0,0.0,0.8563191482881157
2025-02-23 20:00:00,1,2936.867,2940.553,2936.426,13.085857142857126,0.0,1.0,0.0,1.0,20.0,6.0,0.0,1.0,1.0,1.0,0.0,0.0,0.0,0.0,0.0,0.0,0.0,0.9488763005235443
2025-02-25 04:00:00,1,2931.736,2940.964,2930.471,13.63807142857146,0.0,1.0,0.0,1.0,4.0,1.0,0.0,1.0,1.0,1.0,0.0,0.0,0.0,1.0,0.0,0.0,0.0,0.9833420221163365
2025-02-25 08:00:00,0,2938.626,2942.431,2929.488,13.858142857142932,0.0,1.0,0.0,1.0,8.0,1.0,0.0,1.0,1.0,1.0,0.0,0.0,0.0,1.0,0.0,0.0,0.0,0.9519578179344775
2025-03-07 16:00:00,1,2905.229,2919.423,2901.86,15.610999999999974,0.0,3.0,0.0,1.0,16.0,4.0,0.0,3.0,3.0,1.0,0.0,0.0,0.0,1.0,1.0,1.0,0.0,0.8998155633184003
2025-03-07 20:00:00,1,2911.256,2912.633,2904.716,14.0683571428571,0.0,1.0,0.0,1.0,20.0,4.0,0.0,1.0,1.0,1.0,0.0,0.0,0.0,1.0,0.0,0.0,0.0,0.9137608788855889
2025-03-09 20:00:00,0,2916.187,2917.051,2909.626,13.25471428571424,0.0,1.0,0.0,1.0,20.0,6.0,0.0,1.0,1.0,1.0,0.0,0.0,0.0,1.0,0.0,0.0,0.0,0.976778757118172
2025-03-10 04:00:00,1,2908.444,2915.429,2904.333,13.55207142857135,0.0,1.0,0.0,1.0,4.0,0.0,0.0,1.0,1.0,1.0,0.0,0.0,0.0,1.0,0.0,0.0,0.0,0.9830174649570906
2025-03-10 08:00:00,0,2904.027,2915.472,2895.606,14.019928571428506,0.0,3.0,0.0,1.0,8.0,0.0,0.0,3.0,3.0,1.0,0.0,0.0,0.0,1.0,1.0,1.0,0.0,0.9553904440010355
2025-03-14 16:00:00,1,2984.006,2990.43,2982.165,15.263428571428578,1.0,1.0,5.0,1.0,16.0,4.0,1.0,0.0,1.0,1.0,0.0,0.0,0.0,0.0,0.0,0.0,0.0,0.8470056940305106
2025-03-14 20:00:00,1,2986.37,2988.812,2981.705,14.094357142857136,1.0,1.0,1.0,1.0,20.0,4.0,1.0,0.0,1.0,1.0,0.0,0.0,0.0,0.0,0.0,0.0,0.0,0.8701148439143466
2025-03-16 20:00:00,1,2990.061,2994.118,2986.054,13.764357142857111,0.0,0.0,0.0,1.0,20.0,6.0,0.0,0.0,0.0,1.0,0.0,0.0,0.0,0.0,0.0,0.0,0.0,0.9712847999906553
2025-03-17 00:00:00,1,2986.917,2993.091,2985.22,13.717857142857124,1.0,1.0,8.0,1.0,0.0,0.0,1.0,0.0,1.0,1.0,0.0,0.0,0.0,0.0,0.0,0.0,0.0,0.9011852540941994
2025-03-17 04:00:00,1,2985.538,2990.745,2982.158,13.571214285714277,0.0,0.0,0.0,1.0,4.0,0.0,0.0,0.0,0.0,1.0,0.0,0.0,0.0,0.0,0.0,0.0,0.0,0.9726026462058435
2025-03-17 12:00:00,1,2997.115,3000.512,2984.718,14.04178571428575,0.0,2.0,0.0,1.0,12.0,0.0,0.0,2.0,2.0,1.0,0.0,0.0,0.0,0.0,1.0,1.0,0.0,0.9351262475406315
2025-03-17 16:00:00,1,3000.173,3000.838,2993.027,11.774642857142908,0.0,2.0,0.0,1.0,16.0,0.0,0.0,2.0,2.0,1.0,0.0,0.0,1.0,0.0,0.0,1.0,0.0,0.9124510023279567
2025-03-17 20:00:00,1,2999.831,3002.8,2999.583,11.351285714285757,0.0,1.0,0.0,1.0,20.0,0.0,0.0,1.0,1.0,1.0,0.0,0.0,1.0,0.0,0.0,0.0,0.0,0.9463650852983425
2025-03-18 12:00:00,1,3031.758,3038.334,3024.72,11.528357142857203,0.0,2.0,0.0,1.0,12.0,1.0,0.0,2.0,2.0,1.0,0.0,0.0,0.0,0.0,1.0,1.0,0.0,0.7288915969888518
2025-03-18 16:00:00,0,3035.615,3037.935,3029.777,10.594071428571494,1.0,1.0,0.0,1.0,16.0,1.0,1.0,0.0,1.0,1.0,1.0,0.0,0.0,0.0,0.0,0.0,0.0,0.8420836270767939
2025-03-18 20:00:00,1,3031.774,3035.971,3031.512,10.322214285714349,0.0,0.0,0.0,1.0,20.0,1.0,0.0,0.0,0.0,1.0,0.0,0.0,0.0,0.0,0.0,0.0,0.0,0.9474428167224948
2025-03-19 00:00:00,1,3036.325,3039.029,3027.32,10.650928571428624,1.0,1.0,0.0,1.0,0.0,2.0,1.0,0.0,1.0,1.0,1.0,0.0,0.0,0.0,0.0,0.0,0.0,0.8712917526334683
2025-03-19 04:00:00,1,3035.896,3045.353,3034.256,10.867571428571509,0.0,2.0,0.0,1.0,4.0,2.0,0.0,2.0,2.0,1.0,0.0,0.0,0.0,0.0,1.0,1.0,0.0,0.9055648232048177
2025-03-20 08:00:00,1,3034.433,3046.258,3025.619,13.20457142857143,0.0,2.0,0.0,1.0,8.0,3.0,0.0,2.0,2.0,1.0,0.0,0.0,0.0,0.0,1.0,1.0,0.0,0.8063971128305388
2025-03-20 12:00:00,1,3040.765,3042.329,3029.883,13.17292857142859,0.0,2.0,0.0,1.0,12.0,3.0,0.0,2.0,2.0,1.0,0.0,0.0,0.0,0.0,1.0,1.0,0.0,0.8439264443839711
2025-03-20 16:00:00,1,3044.602,3046.094,3033.884,13.101357142857166,1.0,1.0,3.0,1.0,16.0,3.0,1.0,0.0,1.0,1.0,0.0,0.0,0.0,0.0,0.0,0.0,0.0,0.9360776618041067
2025-03-20 20:00:00,1,3046.409,3046.606,3043.518,12.349500000000036,0.0,0.0,0.0,1.0,20.0,3.0,0.0,0.0,0.0,1.0,0.0,0.0,0.0,0.0,0.0,0.0,0.0,0.9887024540927503
2025-03-21 00:00:00,1,3030.585,3047.435,3029.974,13.014000000000026,0.0,0.0,0.0,1.0,0.0,4.0,0.0,0.0,0.0,1.0,0.0,0.0,0.0,0.0,0.0,0.0,0.0,0.8918239831410019
2025-03-21 04:00:00,1,3031.927,3033.939,3021.553,13.58021428571432,0.0,0.0,0.0,1.0,4.0,4.0,0.0,0.0,0.0,1.0,0.0,0.0,0.0,0.0,0.0,0.0,0.0,0.9245362641639386
2025-03-21 08:00:00,0,3034.332,3037.659,3027.084,13.499214285714354,0.0,1.0,0.0,1.0,8.0,4.0,0.0,1.0,1.0,1.0,0.0,0.0,0.0,0.0,0.0,1.0,0.0,0.6523263286809852
2025-03-21 16:00:00,1,3020.001,3022.022,3010.66,15.054285714285763,0.0,2.0,0.0,1.0,16.0,4.0,0.0,2.0,2.0,1.0,0.0,0.0,0.0,0.0,0.0,1.0,0.0,0.821224674284897
2025-03-21 20:00:00,1,3023.493,3024.274,3019.974,14.267857142857142,0.0,1.0,0.0,1.0,20.0,4.0,0.0,1.0,1.0,1.0,0.0,0.0,0.0,0.0,0.0,0.0,0.0,0.8563191482881157
2025-03-23 20:00:00,0,3024.721,3026.293,3022.143,12.951642857142849,0.0,2.0,0.0,1.0,20.0,6.0,0.0,2.0,2.0,1.0,0.0,0.0,0.0,0.0,0.0,0.0,1.0,0.9565587446461343
2025-03-24 00:00:00,1,3016.959,3025.648,3013.646,13.299642857142835,0.0,4.0,0.0,1.0,0.0,0.0,0.0,4.0,4.0,1.0,0.0,0.0,0.0,1.0,1.0,1.0,1.0,0.973643533939572
2025-03-24 04:00:00,0,3022.361,3028.904,3016.524,13.387142857142862,0.0,2.0,0.0,1.0,4.0,0.0,0.0,2.0,2.0,1.0,0.0,0.0,0.0,0.0,0.0,0.0,1.0,0.9679421305270455
2025-03-24 20:00:00,1,3009.91,3014.58,3005.559,13.067142857142828,0.0,2.0,0.0,1.0,20.0,0.0,0.0,2.0,2.0,1.0,0.0,0.0,0.0,1.0,0.0,0.0,1.0,0.9746544864384205
2025-03-25 00:00:00,1,3015.248,3016.222,3007.492,13.470142857142816,0.0,2.0,0.0,1.0,0.0,1.0,0.0,2.0,2.0,1.0,0.0,0.0,0.0,1.0,0.0,0.0,1.0,0.983786583246249
2025-03-25 04:00:00,1,3011.13,3021.009,3010.521,12.972071428571391,0.0,2.0,0.0,1.0,4.0,1.0,0.0,2.0,2.0,1.0,0.0,0.0,0.0,1.0,0.0,0.0,1.0,0.9693088099734296
2025-03-25 20:00:00,1,3021.041,3022.462,3018.832,11.25621428571422,0.0,1.0,0.0,1.0,20.0,1.0,0.0,1.0,1.0,1.0,0.0,0.0,0.0,0.0,0.0,0.0,0.0,0.9341939899377306
2025-03-26 08:00:00,1,3027.584,3032.042,3016.886,12.898857142857098,0.0,2.0,0.0,1.0,8.0,2.0,0.0,2.0,2.0,1.0,0.0,0.0,0.0,0.0,0.0,1.0,0.0,0.6903859668898363
2025-03-26 12:00:00,1,3015.878,3029.958,3012.325,13.274071428571396,0.0,3.0,0.0,1.0,12.0,2.0,0.0,3.0,3.0,1.0,0.0,0.0,0.0,1.0,1.0,1.0,0.0,0.9663838731546086
2025-03-26 20:00:00,1,3021.623,3021.855,3017.155,11.56899999999996,0.0,1.0,0.0,1.0,20.0,2.0,0.0,1.0,1.0,1.0,0.0,0.0,0.0,0.0,0.0,0.0,0.0,0.880867280822082
2025-03-27 12:00:00,1,3052.206,3059.819,3033.403,13.83792857142862,0.0,3.0,0.0,1.0,12.0,3.0,0.0,3.0,3.0,1.0,0.0,0.0,0.0,0.0,1.0,1.0,0.0,0.9510857943503486
2025-03-27 20:00:00,1,3055.71,3057.637,3054.163,12.121642857142888,1.0,1.0,0.0,1.0,20.0,3.0,1.0,0.0,1.0,1.0,1.0,0.0,0.0,0.0,0.0,0.0,0.0,0.9805346721360974
2025-03-28 04:00:00,1,3079.348,3086.017,3072.446,13.88521428571432,0.0,1.0,0.0,1.0,4.0,4.0,0.0,1.0,1.0,1.0,0.0,0.0,0.0,0.0,1.0,0.0,0.0,0.9280217552112358
2025-03-28 08:00:00,1,3076.369,3081.245,3066.167,14.19628571428575,0.0,1.0,0.0,1.0,8.0,4.0,0.0,1.0,1.0,1.0,0.0,0.0,0.0,0.0,1.0,0.0,0.0,0.7423253859067456
2025-03-28 16:00:00,1,3080.734,3086.742,3073.488,14.201714285714322,0.0,2.0,0.0,1.0,16.0,4.0,0.0,2.0,2.0,1.0,0.0,0.0,0.0,0.0,1.0,1.0,0.0,0.8515564973725818
2025-03-28 20:00:00,1,3085.002,3085.955,3080.762,13.315142857142876,1.0,1.0,0.0,1.0,20.0,4.0,1.0,0.0,1.0,1.0,1.0,0.0,0.0,0.0,0.0,0.0,0.0,0.8448177508085548
2025-03-30 20:00:00,1,3089.213,3097.884,3087.793,13.827928571428597,0.0,0.0,0.0,1.0,20.0,6.0,0.0,0.0,0.0,1.0,0.0,0.0,0.0,0.0,0.0,0.0,0.0,0.9712847999906553
2025-03-31 08:00:00,1,3119.48,3127.156,3111.82,16.90307142857143,0.0,2.0,0.0,1.0,8.0,0.0,0.0,2.0,2.0,1.0,0.0,0.0,0.0,0.0,1.0,1.0,0.0,0.7946411579617331
2025-03-31 12:00:00,1,3113.807,3127.236,3099.753,17.284785714285686,0.0,2.0,0.0,1.0,12.0,0.0,0.0,2.0,2.0,1.0,0.0,0.0,0.0,0.0,1.0,1.0,0.0,0.8612865851361177
2025-03-31 16:00:00,1,3124.36,3124.613,3111.637,16.32478571428565,1.0,1.0,0.0,1.0,16.0,0.0,1.0,0.0,1.0,1.0,1.0,0.0,0.0,0.0,0.0,0.0,0.0,0.92450556328346
2025-03-31 20:00:00,1,3120.581,3126.447,3120.051,16.06285714285712,0.0,0.0,0.0,1.0,20.0,0.0,0.0,0.0,0.0,1.0,0.0,0.0,0.0,0.0,0.0,0.0,0.0,0.9778375590701963
2025-04-01 08:00:00,0,3130.319,3138.997,3126.392,17.857000000000003,1.0,1.0,4.0,1.0,8.0,1.0,1.0,0.0,1.0,1.0,0.0,0.0,0.0,0.0,0.0,0.0,0.0,0.7530057286107359
2025-04-01 20:00:00,1,3115.168,3120.847,3107.742,18.36835714285712,0.0,0.0,0.0,1.0,20.0,1.0,0.0,0.0,0.0,1.0,0.0,0.0,0.0,0.0,0.0,0.0,0.0,0.9526730791015793
2025-04-02 04:00:00,1,3125.314,3126.779,3108.623,19.99592857142856,0.0,0.0,0.0,1.0,4.0,2.0,0.0,0.0,0.0,1.0,0.0,0.0,0.0,0.0,0.0,0.0,0.0,0.8915977716558872
2025-04-02 08:00:00,1,3121.23,3133.878,3110.096,19.20628571428571,0.0,1.0,0.0,1.0,8.0,2.0,0.0,1.0,1.0,1.0,0.0,0.0,0.0,0.0,0.0,1.0,0.0,0.5967884015342227
2025-04-02 12:00:00,1,3125.883,3132.209,3116.597,18.73199999999997,0.0,2.0,0.0,1.0,12.0,2.0,0.0,2.0,2.0,1.0,0.0,0.0,0.0,0.0,1.0,1.0,0.0,0.8888086275914728
2025-04-02 16:00:00,1,3124.383,3134.369,3118.666,18.75821428571427,1.0,1.0,5.0,1.0,16.0,2.0,1.0,0.0,1.0,1.0,0.0,0.0,0.0,0.0,0.0,0.0,0.0,0.8989724252345553
2025-04-03 00:00:00,1,3148.066,3164.812,3140.717,22.094285714285725,0.0,2.0,0.0,1.0,0.0,3.0,0.0,2.0,2.0,1.0,0.0,0.0,0.0,0.0,1.0,1.0,0.0,0.8760437638085408
2025-04-03 04:00:00,1,3128.957,3149.688,3116.392,24.015714285714303,0.0,2.0,0.0,1.0,4.0,3.0,0.0,2.0,2.0,1.0,0.0,0.0,0.0,0.0,1.0,1.0,0.0,0.8559183744170099
2025-04-03 08:00:00,1,3093.188,3132.019,3085.091,25.426785714285707,0.0,2.0,0.0,1.0,8.0,3.0,0.0,2.0,2.0,1.0,0.0,0.0,0.0,1.0,1.0,1.0,0.0,0.8961595310531766
2025-04-03 12:00:00,1,3110.521,3135.594,3054.052,29.46857142857139,0.0,2.0,0.0,1.0,12.0,3.0,0.0,2.0,2.0,1.0,0.0,0.0,0.0,1.0,1.0,1.0,0.0,0.9586497110666338
2025-04-03 16:00:00,1,3107.593,3114.282,3099.949,29.591999999999967,0.0,0.0,0.0,1.0,16.0,3.0,0.0,0.0,0.0,1.0,0.0,0.0,0.0,1.0,0.0,0.0,0.0,0.970682751911798
2025-04-03 20:00:00,0,3112.884,3119.962,3107.2,28.812,1.0,1.0,1.0,1.0,20.0,3.0,1.0,0.0,1.0,1.0,0.0,0.0,0.0,1.0,0.0,0.0,0.0,0.9803253178090764
2025-04-04 04:00:00,1,3092.85,3109.96,3091.993,29.91385714285713,1.0,1.0,6.0,1.0,4.0,4.0,1.0,0.0,1.0,1.0,0.0,0.0,0.0,1.0,0.0,0.0,0.0,0.7450047775508333
2025-04-04 08:00:00,0,3110.242,3136.756,3078.42,32.456928571428534,0.0,2.0,0.0,1.0,8.0,4.0,0.0,2.0,2.0,1.0,0.0,0.0,0.0,1.0,1.0,1.0,0.0,0.758863757300305
2025-04-04 16:00:00,1,3036.427,3040.922,3015.556,38.05507142857141,0.0,2.0,0.0,1.0,16.0,4.0,0.0,2.0,2.0,1.0,0.0,0.0,0.0,1.0,1.0,1.0,0.0,0.9121730475233126
2025-04-04 20:00:00,0,3038.506,3040.914,3033.824,37.44635714285716,0.0,0.0,0.0,1.0,20.0,4.0,0.0,0.0,0.0,1.0,0.0,0.0,0.0,1.0,0.0,0.0,0.0,0.8781393505497722
2025-04-06 20:00:00,1,2999.944,3032.445,2977.024,40.71628571428573,0.0,1.0,0.0,1.0,20.0,6.0,0.0,1.0,1.0,1.0,0.0,0.0,1.0,0.0,0.0,0.0,0.0,0.9677625109549506
2025-04-07 00:00:00,1,3018.922,3055.804,2970.689,42.29100000000004,0.0,2.0,0.0,1.0,0.0,0.0,0.0,2.0,2.0,1.0,0.0,0.0,0.0,1.0,1.0,1.0,0.0,0.9159389021412978
2025-04-07 04:00:00,0,3018.569,3044.629,3013.2,42.8148571428572,0.0,2.0,0.0,1.0,4.0,0.0,0.0,2.0,2.0,1.0,0.0,0.0,0.0,1.0,1.0,1.0,0.0,0.903620989786149
2025-04-14 04:00:00,1,3228.013,3238.126,3221.386,27.85892857142861,0.0,0.0,0.0,1.0,4.0,0.0,0.0,0.0,0.0,1.0,0.0,0.0,0.0,0.0,0.0,0.0,0.0,0.907843622020555
2025-04-14 08:00:00,0,3223.359,3231.749,3206.325,27.821571428571456,0.0,1.0,0.0,1.0,8.0,0.0,0.0,1.0,1.0,1.0,0.0,0.0,0.0,0.0,0.0,1.0,0.0,0.6016072825624975
2025-04-14 16:00:00,1,3212.699,3216.602,3197.671,25.793928571428587,0.0,1.0,0.0,1.0,16.0,0.0,0.0,1.0,1.0,1.0,0.0,0.0,0.0,0.0,0.0,0.0,0.0,0.8974239511120427
2025-04-15 04:00:00,1,3225.671,3232.704,3217.388,22.87700000000005,0.0,1.0,0.0,1.0,4.0,1.0,0.0,1.0,1.0,1.0,0.0,0.0,0.0,0.0,0.0,0.0,0.0,0.8527858059566449
2025-04-15 08:00:00,1,3220.164,3232.171,3216.776,21.68471428571433,0.0,1.0,0.0,1.0,8.0,1.0,0.0,1.0,1.0,1.0,0.0,0.0,0.0,0.0,0.0,0.0,0.0,0.6854785403299775
2025-04-15 16:00:00,1,3229.793,3231.877,3219.487,19.19700000000002,0.0,1.0,0.0,1.0,16.0,1.0,0.0,1.0,1.0,1.0,0.0,0.0,0.0,0.0,0.0,0.0,0.0,0.8686091095198811
2025-04-16 08:00:00,1,3306.842,3317.821,3288.588,21.178142857142834,0.0,2.0,0.0,1.0,8.0,2.0,0.0,2.0,2.0,1.0,0.0,0.0,0.0,0.0,1.0,1.0,0.0,0.7393528123172858
2025-04-16 16:00:00,1,3336.694,3342.456,3321.409,21.90478571428568,0.0,1.0,0.0,1.0,16.0,2.0,0.0,1.0,1.0,1.0,0.0,0.0,0.0,0.0,1.0,0.0,0.0,0.9009902834018029
2025-04-17 00:00:00,0,3344.529,3356.281,3320.801,22.31414285714284,0.0,2.0,0.0,1.0,0.0,3.0,0.0,2.0,2.0,1.0,0.0,0.0,0.0,0.0,1.0,1.0,0.0,0.8760437638085408
2025-04-17 04:00:00,1,3323.323,3345.398,3314.279,23.97278571428569,0.0,3.0,0.0,1.0,4.0,3.0,0.0,3.0,3.0,1.0,0.0,0.0,0.0,0.0,1.0,1.0,0.0,0.8675889903822376
2025-04-17 08:00:00,0,3327.371,3334.172,3312.657,24.15321428571425,0.0,1.0,0.0,1.0,8.0,3.0,0.0,1.0,1.0,1.0,0.0,0.0,0.0,0.0,0.0,0.0,0.0,0.8066789199751484
2025-04-17 16:00:00,1,3320.746,3322.519,3294.904,28.11342857142849,0.0,1.0,0.0,1.0,16.0,3.0,0.0,1.0,1.0,1.0,0.0,0.0,0.0,0.0,0.0,0.0,0.0,0.9422075466295773
2025-04-17 20:00:00,1,3327.671,3328.879,3317.983,27.80357142857133,0.0,1.0,0.0,1.0,20.0,3.0,0.0,1.0,1.0,1.0,0.0,0.0,0.0,0.0,0.0,0.0,0.0,0.9669772006958316
2025-04-20 20:00:00,1,3348.078,3353.102,3331.315,28.73507142857134,0.0,1.0,0.0,1.0,20.0,6.0,0.0,1.0,1.0,1.0,0.0,0.0,0.0,0.0,0.0,0.0,0.0,0.9664904690597937
2025-04-21 12:00:00,1,3422.941,3430.24,3398.008,28.930785714285644,0.0,2.0,0.0,1.0,12.0,0.0,0.0,2.0,2.0,1.0,0.0,0.0,0.0,0.0,1.0,1.0,0.0,0.8612865851361177
2025-04-21 20:00:00,1,3434.548,3444.267,3419.628,28.70478571428563,0.0,0.0,0.0,1.0,20.0,0.0,0.0,0.0,0.0,1.0,0.0,0.0,0.0,0.0,0.0,0.0,0.0,0.9627665372559252
2025-04-22 00:00:00,0,3487.777,3494.771,3412.18,32.93685714285708,0.0,2.0,0.0,1.0,0.0,1.0,0.0,2.0,2.0,1.0,0.0,0.0,0.0,0.0,1.0,1.0,0.0,0.8314455069590945
2025-04-22 08:00:00,1,3456.705,3472.714,3443.128,33.09542857142849,0.0,2.0,0.0,1.0,8.0,1.0,0.0,2.0,2.0,1.0,0.0,0.0,0.0,0.0,1.0,1.0,0.0,0.6953686148159945
2025-04-22 12:00:00,1,3417.721,3464.803,3408.591,35.57378571428564,0.0,3.0,0.0,1.0,12.0,1.0,0.0,3.0,3.0,1.0,0.0,0.0,0.0,0.0,1.0,1.0,0.0,0.8692953405419731
2025-04-22 16:00:00,1,3374.789,3421.075,3366.727,35.27442857142852,0.0,3.0,0.0,1.0,16.0,1.0,0.0,3.0,3.0,1.0,0.0,0.0,0.0,0.0,1.0,1.0,0.0,0.9053415021819136
2025-04-22 20:00:00,1,3336.561,3382.727,3315.828,38.08042857142852,0.0,1.0,0.0,1.0,20.0,1.0,0.0,1.0,1.0,1.0,0.0,0.0,0.0,0.0,0.0,0.0,0.0,0.931579197401528
2025-04-23 00:00:00,1,3338.878,3386.661,3329.203,41.40628571428569,0.0,3.0,0.0,1.0,0.0,2.0,0.0,3.0,3.0,1.0,0.0,0.0,0.0,0.0,1.0,1.0,0.0,0.8658835764743006
2025-04-23 08:00:00,0,3324.594,3340.587,3305.439,43.51542857142853,0.0,0.0,0.0,1.0,8.0,2.0,0.0,0.0,0.0,1.0,0.0,0.0,0.0,1.0,0.0,0.0,0.0,0.8261992244940343
2025-05-07 00:00:00,1,3375.541,3401.666,3360.068,31.747142857142894,0.0,2.0,0.0,1.0,0.0,2.0,0.0,2.0,2.0,1.0,0.0,0.0,0.0,1.0,1.0,1.0,0.0,0.9257157041613807
2025-05-07 04:00:00,1,3388.016,3397.425,3374.962,32.29407142857148,0.0,0.0,0.0,1.0,4.0,2.0,0.0,0.0,0.0,1.0,0.0,0.0,0.0,1.0,0.0,0.0,0.0,0.90593124299178
2025-05-07 08:00:00,1,3387.083,3393.375,3369.161,31.791714285714303,1.0,1.0,5.0,1.0,8.0,2.0,1.0,0.0,1.0,1.0,0.0,0.0,0.0,1.0,0.0,0.0,0.0,0.7310677466608206
2025-05-07 16:00:00,1,3371.904,3398.001,3363.751,30.839571428571453,0.0,2.0,0.0,1.0,16.0,2.0,0.0,2.0,2.0,1.0,0.0,0.0,0.0,1.0,1.0,1.0,0.0,0.9586357762974269
2025-05-07 20:00:00,1,3376.488,3377.185,3363.733,30.383857142857128,1.0,1.0,3.0,1.0,20.0,2.0,1.0,0.0,1.0,1.0,0.0,0.0,0.0,1.0,0.0,0.0,0.0,0.9482887959135125
2025-05-08 00:00:00,1,3396.864,3414.851,3373.803,31.02328571428575,0.0,2.0,0.0,1.0,0.0,3.0,0.0,2.0,2.0,1.0,0.0,0.0,0.0,1.0,1.0,1.0,0.0,0.9408218146969523
2025-05-08 04:00:00,1,3342.884,3399.39,3320.199,35.92135714285717,0.0,2.0,0.0,1.0,4.0,3.0,0.0,2.0,2.0,1.0,0.0,0.0,0.0,1.0,1.0,1.0,0.0,0.9303778696891695
2025-05-08 08:00:00,0,3344.381,3346.695,3330.39,32.522571428571446,0.0,0.0,0.0,1.0,8.0,3.0,0.0,0.0,0.0,1.0,0.0,0.0,0.0,1.0,0.0,0.0,0.0,0.9123745362666235
2025-05-08 16:00:00,1,3306.384,3330.47,3288.697,35.28192857142858,0.0,2.0,0.0,1.0,16.0,3.0,0.0,2.0,2.0,1.0,0.0,0.0,0.0,1.0,1.0,1.0,0.0,0.9785885370376949
2025-05-08 20:00:00,1,3316.412,3324.049,3303.857,34.81407142857146,0.0,0.0,0.0,1.0,20.0,3.0,0.0,0.0,0.0,1.0,0.0,0.0,0.0,1.0,0.0,0.0,0.0,0.9795673914430937
2025-05-09 00:00:00,1,3308.106,3323.138,3274.676,36.17414285714286,0.0,2.0,0.0,1.0,0.0,4.0,0.0,2.0,2.0,1.0,0.0,0.0,0.0,1.0,1.0,1.0,0.0,0.9293012537645914
2025-05-09 04:00:00,1,3327.101,3332.264,3308.099,33.744785714285726,1.0,1.0,1.0,1.0,4.0,4.0,1.0,0.0,1.0,1.0,0.0,0.0,0.0,1.0,0.0,0.0,0.0,0.870324258691441
2025-05-09 08:00:00,1,3332.964,3338.323,3320.251,32.06435714285713,0.0,0.0,0.0,1.0,8.0,4.0,0.0,0.0,0.0,1.0,0.0,0.0,0.0,1.0,0.0,0.0,0.0,0.7274724632768179
2025-05-09 12:00:00,1,3345.064,3346.044,3320.298,32.29885714285712,0.0,2.0,0.0,1.0,12.0,4.0,0.0,2.0,2.0,1.0,0.0,0.0,0.0,1.0,1.0,1.0,0.0,0.8891977529048068
2025-05-09 16:00:00,1,3328.802,3347.556,3325.441,32.14892857142858,1.0,1.0,2.0,1.0,16.0,4.0,1.0,0.0,1.0,1.0,0.0,0.0,0.0,1.0,0.0,0.0,0.0,0.8747261202120237
2025-05-09 20:00:00,0,3326.805,3330.295,3325.142,30.9115,0.0,0.0,0.0,1.0,20.0,4.0,0.0,0.0,0.0,1.0,0.0,0.0,0.0,1.0,0.0,0.0,0.0,0.8781393505497722
2025-05-11 20:00:00,1,3287.534,3292.619,3265.847,32.81921428571426,1.0,1.0,3.0,1.0,20.0,6.0,1.0,0.0,1.0,1.0,0.0,0.0,0.0,1.0,0.0,0.0,0.0,0.9702983384315439
2025-05-12 00:00:00,0,3283.25,3289.998,3258.751,34.09028571428569,0.0,2.0,0.0,1.0,0.0,0.0,0.0,2.0,2.0,1.0,0.0,0.0,0.0,1.0,1.0,1.0,0.0,0.9159389021412978
2025-05-12 04:00:00,1,3222.647,3283.662,3216.102,35.98399999999996,0.0,2.0,0.0,1.0,4.0,0.0,0.0,2.0,2.0,1.0,0.0,0.0,0.0,0.0,1.0,1.0,0.0,0.8064971728383136
2025-05-12 12:00:00,0,3239.262,3248.642,3220.31,33.098642857142785,0.0,2.0,0.0,1.0,12.0,0.0,0.0,2.0,2.0,1.0,0.0,0.0,0.0,0.0,1.0,1.0,0.0,0.8612865851361177
2025-05-12 16:00:00,1,3235.394,3240.112,3220.295,31.4571428571428,0.0,0.0,0.0,1.0,16.0,0.0,0.0,0.0,0.0,1.0,0.0,0.0,0.0,0.0,0.0,0.0,0.0,0.9233901886083361
2025-05-12 20:00:00,1,3236.88,3241.807,3229.864,29.32364285714279,0.0,0.0,0.0,1.0,20.0,0.0,0.0,0.0,0.0,1.0,0.0,0.0,0.0,0.0,0.0,0.0,0.0,0.9627665372559252
2025-05-13 04:00:00,1,3259.098,3265.659,3234.925,28.58314285714277,1.0,1.0,1.0,1.0,4.0,1.0,1.0,0.0,1.0,1.0,0.0,0.0,0.0,1.0,0.0,0.0,0.0,0.8736734957890181
2025-05-13 08:00:00,1,3249.167,3261.284,3248.781,27.750142857142787,0.0,1.0,0.0,1.0,8.0,1.0,0.0,1.0,1.0,1.0,0.0,0.0,1.0,0.0,0.0,0.0,0.0,0.6818827011200905
2025-05-13 16:00:00,1,3249.324,3257.818,3242.016,27.92207142857137,0.0,1.0,0.0,1.0,16.0,1.0,0.0,1.0,1.0,1.0,0.0,0.0,1.0,0.0,0.0,0.0,0.0,0.8594634298135523
2025-05-13 20:00:00,0,3254.414,3257.165,3248.043,26.993999999999915,0.0,0.0,0.0,1.0,20.0,1.0,0.0,0.0,0.0,1.0,0.0,0.0,0.0,0.0,0.0,0.0,0.0,0.9526730791015793
2025-05-14 00:00:00,1,3228.366,3254.646,3226.212,28.656928571428484,0.0,2.0,0.0,1.0,0.0,2.0,0.0,2.0,2.0,1.0,0.0,0.0,0.0,0.0,1.0,1.0,0.0,0.8528231327992781
2025-05-14 04:00:00,0,3238.085,3238.874,3221.57,25.538785714285627,0.0,1.0,0.0,1.0,4.0,2.0,0.0,1.0,1.0,1.0,0.0,0.0,0.0,0.0,0.0,1.0,0.0,0.7800526429248736
2025-05-14 12:00:00,1,3182.674,3222.52,3174.875,23.631571428571338,0.0,2.0,0.0,1.0,12.0,2.0,0.0,2.0,2.0,1.0,0.0,0.0,0.0,0.0,1.0,1.0,0.0,0.8888086275914728
2025-05-14 20:00:00,1,3186.128,3187.296,3177.012,22.06992857142849,0.0,0.0,0.0,1.0,20.0,2.0,0.0,0.0,0.0,1.0,0.0,0.0,0.0,0.0,0.0,0.0,0.0,0.9473271000616424
2025-05-22 04:00:00,1,3327.621,3339.533,3322.607,23.16942857142853,0.0,0.0,0.0,1.0,4.0,3.0,0.0,0.0,0.0,1.0,0.0,0.0,0.0,1.0,0.0,0.0,0.0,0.9511831632149311
2025-05-22 08:00:00,1,3314.466,3329.903,3282.977,24.50292857142855,0.0,3.0,0.0,1.0,8.0,3.0,0.0,3.0,3.0,1.0,0.0,0.0,0.0,1.0,1.0,1.0,0.0,0.8990594437137044
2025-05-23 04:00:00,1,3329.145,3334.496,3301.891,23.783571428571445,0.0,1.0,0.0,1.0,4.0,4.0,0.0,1.0,1.0,1.0,0.0,0.0,0.0,1.0,0.0,1.0,0.0,0.90380068853713
2025-05-23 20:00:00,0,3356.306,3361.733,3356.103,22.350357142857224,0.0,1.0,0.0,1.0,20.0,4.0,0.0,1.0,1.0,1.0,0.0,0.0,0.0,0.0,0.0,0.0,0.0,0.8431789684687894
2025-05-25 20:00:00,1,3342.713,3352.48,3341.363,21.83714285714294,0.0,1.0,0.0,1.0,20.0,6.0,0.0,1.0,1.0,1.0,0.0,0.0,0.0,1.0,0.0,0.0,0.0,0.9787847100566638
2025-05-26 00:00:00,0,3347.636,3356.859,3331.39,22.867142857142944,0.0,3.0,0.0,1.0,0.0,0.0,0.0,3.0,3.0,1.0,0.0,0.0,0.0,1.0,1.0,1.0,0.0,0.9238982609148834
2025-05-26 08:00:00,1,3333.13,3339.689,3323.511,22.363642857142946,0.0,1.0,0.0,1.0,8.0,0.0,0.0,1.0,1.0,1.0,0.0,0.0,0.0,1.0,0.0,0.0,0.0,0.8635216761703957
2025-05-26 16:00:00,1,3341.558,3343.666,3337.521,17.934714285714367,0.0,1.0,0.0,1.0,16.0,0.0,0.0,1.0,1.0,1.0,0.0,0.0,0.0,1.0,0.0,0.0,0.0,0.9491599340502814
2025-05-27 00:00:00,0,3341.217,3350.029,3331.73,17.739000000000065,0.0,2.0,0.0,1.0,0.0,1.0,0.0,2.0,2.0,1.0,0.0,0.0,0.0,0.0,0.0,1.0,0.0,0.7817018270493485
2025-05-27 04:00:00,1,3296.244,3341.485,3292.561,19.66671428571437,0.0,3.0,0.0,1.0,4.0,1.0,0.0,3.0,3.0,1.0,0.0,0.0,0.0,1.0,1.0,1.0,0.0,0.9154126829068591
2025-05-27 16:00:00,1,3304.38,3308.008,3292.969,17.498357142857166,0.0,1.0,0.0,1.0,16.0,1.0,0.0,1.0,1.0,1.0,0.0,0.0,0.0,1.0,0.0,0.0,0.0,0.9338063831288519
2025-05-27 20:00:00,1,3309.411,3310.934,3297.621,17.76742857142858,0.0,1.0,0.0,1.0,20.0,1.0,0.0,1.0,1.0,1.0,0.0,0.0,0.0,1.0,0.0,0.0,0.0,0.9605561332868827
2025-05-28 08:00:00,1,3311.143,3325.507,3307.461,19.491285714285727,0.0,1.0,0.0,1.0,8.0,2.0,0.0,1.0,1.0,1.0,0.0,0.0,0.0,1.0,0.0,0.0,0.0,0.8376356312925061
2025-05-28 12:00:00,0,3296.094,3316.438,3292.571,19.783071428571443,0.0,3.0,0.0,1.0,12.0,2.0,0.0,3.0,3.0,1.0,0.0,0.0,0.0,1.0,1.0,1.0,0.0,0.9430616503598191
2025-06-03 16:00:00,1,3352.657,3355.515,3344.633,19.961214285714245,0.0,1.0,0.0,1.0,16.0,1.0,0.0,1.0,1.0,1.0,0.0,0.0,0.0,0.0,0.0,0.0,0.0,0.8686091095198811
2025-06-03 20:00:00,1,3359.996,3361.657,3352.469,19.77314285714283,0.0,1.0,0.0,1.0,20.0,1.0,0.0,1.0,1.0,1.0,0.0,0.0,0.0,0.0,0.0,0.0,0.0,0.931579197401528
2025-06-04 04:00:00,1,3354.721,3365.268,3347.996,20.428571428571395,0.0,2.0,0.0,1.0,4.0,2.0,0.0,2.0,2.0,1.0,0.0,0.0,0.0,0.0,0.0,1.0,0.0,0.8017045198633239
2025-06-04 08:00:00,1,3346.577,3364.973,3343.732,20.980999999999995,0.0,2.0,0.0,1.0,8.0,2.0,0.0,2.0,2.0,1.0,0.0,0.0,0.0,0.0,0.0,1.0,0.0,0.6278746591530504
2025-06-04 20:00:00,0,3378.042,3379.08,3370.508,18.51092857142862,0.0,1.0,0.0,1.0,20.0,2.0,0.0,1.0,1.0,1.0,0.0,0.0,0.0,0.0,0.0,0.0,0.0,0.9240404672910854
2025-06-05 04:00:00,0,3371.304,3374.559,3361.149,18.6863571428572,0.0,1.0,0.0,1.0,4.0,3.0,0.0,1.0,1.0,1.0,0.0,0.0,0.0,0.0,0.0,0.0,0.0,0.8965355885180156
2025-06-05 16:00:00,1,3356.909,3361.404,3339.835,22.91214285714292,0.0,3.0,0.0,1.0,16.0,3.0,0.0,3.0,3.0,1.0,0.0,0.0,0.0,0.0,1.0,1.0,0.0,0.9491186696641706
2025-06-05 20:00:00,1,3361.81,3363.549,3351.988,21.592071428571508,0.0,1.0,0.0,1.0,20.0,3.0,0.0,1.0,1.0,1.0,0.0,0.0,0.0,0.0,0.0,0.0,0.0,0.9669772006958316
2025-06-06 00:00:00,0,3369.747,3371.811,3356.133,21.93464285714296,0.0,1.0,0.0,1.0,0.0,4.0,0.0,1.0,1.0,1.0,0.0,0.0,0.0,0.0,0.0,0.0,0.0,0.8723413232380414
2025-06-06 12:00:00,0,3332.228,3364.421,3316.269,24.326714285714388,0.0,3.0,0.0,1.0,12.0,4.0,0.0,3.0,3.0,1.0,0.0,0.0,0.0,0.0,1.0,1.0,0.0,0.7976938589902617
2025-06-06 20:00:00,1,3311.702,3312.896,3307.053,21.87514285714295,1.0,1.0,0.0,1.0,20.0,4.0,1.0,0.0,1.0,1.0,1.0,0.0,0.0,1.0,0.0,0.0,0.0,0.8691890001568298
2025-06-08 20:00:00,1,3318.038,3321.217,3309.24,21.91742857142868,1.0,1.0,5.0,1.0,20.0,6.0,1.0,0.0,1.0,1.0,0.0,0.0,0.0,1.0,0.0,0.0,0.0,0.9686217322727664
2025-06-16 04:00:00,1,3412.619,3433.284,3409.459,24.217214285714267,0.0,1.0,0.0,1.0,4.0,0.0,0.0,1.0,1.0,1.0,0.0,0.0,0.0,0.0,0.0,1.0,0.0,0.7810354486159452
2025-06-16 08:00:00,0,3415.0,3422.667,3409.773,22.48014285714284,0.0,0.0,0.0,1.0,8.0,0.0,0.0,0.0,0.0,1.0,0.0,0.0,0.0,0.0,0.0,0.0,0.0,0.8094953301269643
2025-06-16 16:00:00,1,3384.094,3404.992,3382.79,21.941285714285705,0.0,0.0,0.0,1.0,16.0,0.0,0.0,0.0,0.0,1.0,0.0,0.0,0.0,1.0,0.0,0.0,0.0,0.93746389146369
2025-06-16 20:00:00,0,3402.769,3402.977,3383.294,22.40071428571429,0.0,0.0,0.0,1.0,20.0,0.0,0.0,0.0,0.0,1.0,0.0,0.0,0.0,1.0,0.0,0.0,0.0,0.9647058602799371
2025-06-17 00:00:00,1,3387.583,3403.269,3373.463,23.33585714285713,0.0,2.0,0.0,1.0,0.0,1.0,0.0,2.0,2.0,1.0,0.0,0.0,0.0,1.0,1.0,1.0,0.0,0.9173307179867148
2025-06-17 16:00:00,1,3385.71,3392.499,3376.651,21.19007142857137,0.0,1.0,0.0,1.0,16.0,1.0,0.0,1.0,1.0,1.0,0.0,0.0,0.0,1.0,0.0,1.0,0.0,0.9117882903680562
2025-06-17 20:00:00,1,3387.369,3396.234,3383.634,20.64321428571423,0.0,0.0,0.0,1.0,20.0,1.0,0.0,0.0,0.0,1.0,0.0,0.0,0.0,1.0,0.0,0.0,0.0,0.9545123971718421
2025-06-18 00:00:00,0,3390.96,3391.524,3370.655,21.71578571428563,1.0,1.0,3.0,1.0,0.0,2.0,1.0,0.0,1.0,1.0,0.0,0.0,0.0,1.0,0.0,0.0,0.0,0.8748192116551177
2025-06-18 08:00:00,0,3382.048,3388.415,3375.433,21.441499999999937,0.0,0.0,0.0,1.0,8.0,2.0,0.0,0.0,0.0,1.0,0.0,0.0,0.0,1.0,0.0,0.0,0.0,0.8261992244940343
2025-06-18 20:00:00,0,3375.023,3379.862,3362.474,21.53685714285705,0.0,0.0,0.0,1.0,20.0,2.0,0.0,0.0,0.0,1.0,0.0,0.0,0.0,1.0,0.0,0.0,0.0,0.9493631414870973
2025-06-19 04:00:00,1,3365.992,3375.315,3347.503,21.835714285714143,0.0,2.0,0.0,1.0,4.0,3.0,0.0,2.0,2.0,1.0,0.0,0.0,0.0,1.0,1.0,1.0,0.0,0.9303778696891695
2025-06-19 08:00:00,0,3371.967,3379.05,3362.246,20.906999999999893,0.0,0.0,0.0,1.0,8.0,3.0,0.0,0.0,0.0,1.0,0.0,0.0,0.0,1.0,0.0,0.0,0.0,0.9123745362666235
2025-06-19 12:00:00,1,3369.26,3372.963,3361.497,20.6392142857142,0.0,1.0,0.0,1.0,12.0,3.0,0.0,1.0,1.0,1.0,0.0,0.0,0.0,1.0,0.0,1.0,0.0,0.9510213845894048
2025-06-19 16:00:00,0,3373.455,3374.14,3366.108,19.463928571428465,1.0,1.0,1.0,1.0,16.0,3.0,1.0,0.0,1.0,1.0,0.0,0.0,0.0,1.0,0.0,0.0,0.0,0.9723250468396811
2025-06-19 20:00:00,1,3368.739,3370.411,3361.943,18.0392857142856,0.0,0.0,0.0,1.0,20.0,3.0,0.0,0.0,0.0,1.0,0.0,0.0,0.0,1.0,0.0,0.0,0.0,0.9795673914430937
2025-06-20 00:00:00,1,3355.507,3370.35,3344.672,18.74142857142845,0.0,2.0,0.0,1.0,0.0,4.0,0.0,2.0,2.0,1.0,0.0,0.0,0.0,1.0,1.0,1.0,0.0,0.9293012537645914
2025-06-20 08:00:00,1,3347.051,3359.236,3346.537,18.494999999999923,0.0,0.0,0.0,1.0,8.0,4.0,0.0,0.0,0.0,1.0,0.0,0.0,0.0,1.0,0.0,0.0,0.0,0.7274724632768179
2025-06-20 12:00:00,1,3369.856,3374.477,3341.887,19.18185714285704,0.0,2.0,0.0,1.0,12.0,4.0,0.0,2.0,2.0,1.0,0.0,0.0,0.0,1.0,1.0,1.0,0.0,0.8891977529048068
2025-06-20 16:00:00,1,3365.625,3373.365,3364.606,18.880214285714143,0.0,0.0,0.0,1.0,16.0,4.0,0.0,0.0,0.0,1.0,0.0,0.0,0.0,1.0,0.0,0.0,0.0,0.8654242881604016
2025-06-20 20:00:00,1,3368.546,3369.314,3364.69,17.566285714285577,0.0,0.0,0.0,1.0,20.0,4.0,0.0,0.0,0.0,1.0,0.0,0.0,0.0,1.0,0.0,0.0,0.0,0.8781393505497722
2025-06-22 20:00:00,0,3372.755,3388.96,3371.197,16.66821428571419,0.0,0.0,0.0,1.0,20.0,6.0,0.0,0.0,0.0,1.0,0.0,0.0,0.0,1.0,0.0,0.0,0.0,0.9703157434210565
2025-06-23 00:00:00,1,3363.372,3373.551,3351.896,16.972999999999892,0.0,2.0,0.0,1.0,0.0,0.0,0.0,2.0,2.0,1.0,0.0,0.0,0.0,1.0,1.0,1.0,0.0,0.9503363124802712
2025-06-23 04:00:00,0,3357.627,3365.061,3346.971,16.96107142857136,0.0,1.0,0.0,1.0,4.0,0.0,0.0,1.0,1.0,1.0,0.0,0.0,0.0,1.0,0.0,1.0,0.0,0.9340806831963997
2025-06-24 00:00:00,0,3352.476,3357.912,3333.143,21.341499999999964,0.0,3.0,0.0,1.0,0.0,1.0,0.0,3.0,3.0,1.0,0.0,0.0,0.0,1.0,1.0,1.0,0.0,0.9251690587415453
2025-06-24 08:00:00,1,3321.214,3332.32,3317.829,21.978214285714262,0.0,1.0,0.0,1.0,8.0,1.0,0.0,1.0,1.0,1.0,0.0,0.0,0.0,0.0,1.0,0.0,0.0,0.7431644438278581
2025-07-03 00:00:00,0,3347.509,3351.476,3341.88,14.808357142857046,0.0,2.0,0.0,1.0,0.0,3.0,0.0,2.0,2.0,1.0,0.0,0.0,0.0,1.0,0.0,1.0,0.0,0.9835800284694715
2025-07-04 00:00:00,1,3338.35,3338.948,3325.869,15.738857142857114,0.0,1.0,0.0,1.0,0.0,4.0,0.0,1.0,1.0,1.0,0.0,0.0,0.0,1.0,0.0,0.0,0.0,0.9339239991914993
2025-07-04 04:00:00,0,3342.947,3345.098,3336.384,15.857357142857122,0.0,2.0,0.0,1.0,4.0,4.0,0.0,2.0,2.0,1.0,0.0,0.0,0.0,1.0,0.0,1.0,0.0,0.9134351319700067
2025-07-04 12:00:00,1,3332.393,3338.059,3330.831,14.9407857142857,0.0,2.0,0.0,1.0,12.0,4.0,0.0,2.0,2.0,1.0,0.0,0.0,0.0,1.0,0.0,1.0,0.0,0.8929802493454133
2025-07-07 16:00:00,1,3336.988,3340.438,3320.082,15.460428571428595,0.0,2.0,0.0,1.0,16.0,0.0,0.0,2.0,2.0,1.0,0.0,0.0,0.0,1.0,1.0,0.0,0.0,0.9698718858757629
2025-07-08 00:00:00,1,3331.469,3338.035,3329.595,13.345714285714296,0.0,2.0,0.0,1.0,0.0,1.0,0.0,2.0,2.0,1.0,0.0,0.0,0.0,1.0,1.0,0.0,0.0,0.9823775698721606
2025-07-08 04:00:00,0,3333.915,3339.5,3327.305,13.61578571428572,0.0,1.0,0.0,1.0,4.0,1.0,0.0,1.0,1.0,1.0,0.0,0.0,0.0,1.0,0.0,0.0,0.0,0.9833420221163365
2025-07-08 12:00:00,1,3298.241,3329.864,3287.069,16.114142857142888,0.0,4.0,0.0,1.0,12.0,1.0,0.0,4.0,4.0,1.0,0.0,0.0,1.0,1.0,1.0,1.0,0.0,0.9409623450949659
2025-07-08 16:00:00,1,3302.992,3310.426,3295.938,16.23607142857145,0.0,3.0,0.0,1.0,16.0,1.0,0.0,3.0,3.0,1.0,0.0,0.0,0.0,1.0,1.0,1.0,0.0,0.9684722003514626
2025-07-08 20:00:00,1,3302.277,3304.074,3297.199,16.210857142857158,0.0,1.0,0.0,1.0,20.0,1.0,0.0,1.0,1.0,1.0,0.0,0.0,0.0,1.0,0.0,0.0,0.0,0.9765000235515259
2025-07-09 00:00:00,1,3293.276,3308.003,3284.909,17.59450000000002,0.0,2.0,0.0,1.0,0.0,2.0,0.0,2.0,2.0,1.0,0.0,0.0,0.0,1.0,1.0,1.0,0.0,0.9257157041613807
2025-07-14 08:00:00,1,3364.169,3374.647,3363.917,14.653928571428551,0.0,1.0,0.0,1.0,8.0,0.0,0.0,1.0,1.0,1.0,0.0,0.0,0.0,1.0,0.0,0.0,0.0,0.9632667769660269
2025-07-14 12:00:00,1,3345.105,3366.607,3340.954,15.628714285714263,0.0,3.0,0.0,1.0,12.0,0.0,0.0,3.0,3.0,1.0,0.0,0.0,0.0,1.0,1.0,1.0,0.0,0.9549473480081495
2025-07-14 16:00:00,1,3344.125,3351.678,3343.082,14.856428571428523,0.0,0.0,0.0,1.0,16.0,0.0,0.0,0.0,0.0,1.0,0.0,0.0,0.0,1.0,0.0,0.0,0.0,0.9712075443906569
2025-07-14 20:00:00,1,3345.337,3346.556,3341.217,14.25192857142854,1.0,1.0,1.0,1.0,20.0,0.0,1.0,0.0,1.0,1.0,0.0,0.0,0.0,1.0,0.0,0.0,0.0,0.9847732602325227
2025-07-15 00:00:00,1,3357.841,3358.334,3344.758,14.890499999999976,0.0,0.0,0.0,1.0,0.0,1.0,0.0,0.0,0.0,1.0,0.0,0.0,0.0,1.0,0.0,0.0,0.0,0.9772680975456046
2025-07-15 04:00:00,0,3364.347,3365.422,3357.47,14.564428571428577,0.0,1.0,0.0,1.0,4.0,1.0,0.0,1.0,1.0,1.0,0.0,0.0,0.0,0.0,0.0,1.0,0.0,0.9342813718388518
2025-07-15 12:00:00,1,3328.996,3360.367,3325.341,15.670285714285717,0.0,2.0,0.0,1.0,12.0,1.0,0.0,2.0,2.0,1.0,0.0,0.0,0.0,1.0,1.0,1.0,0.0,0.955031709631707
2025-07-15 16:00:00,1,3330.455,3331.936,3320.218,14.764928571428625,0.0,1.0,0.0,1.0,16.0,1.0,0.0,1.0,1.0,1.0,0.0,0.0,0.0,1.0,0.0,1.0,0.0,0.9587769457223821
2025-07-15 20:00:00,1,3331.056,3331.776,3324.788,14.505714285714314,0.0,0.0,0.0,1.0,20.0,1.0,0.0,0.0,0.0,1.0,0.0,0.0,0.0,1.0,0.0,0.0,0.0,0.9799607819367622
2025-07-16 00:00:00,1,3334.338,3335.084,3325.061,14.838428571428592,1.0,1.0,3.0,1.0,0.0,2.0,1.0,0.0,1.0,1.0,0.0,0.0,0.0,1.0,0.0,0.0,0.0,0.9680906664437302
2025-07-16 04:00:00,1,3337.808,3342.002,3332.818,14.14164285714287,0.0,0.0,0.0,1.0,4.0,2.0,0.0,0.0,0.0,1.0,0.0,0.0,0.0,1.0,0.0,0.0,0.0,0.9757563708020931
2025-07-16 08:00:00,1,3339.259,3343.072,3333.72,13.420142857142862,0.0,0.0,0.0,1.0,8.0,2.0,0.0,0.0,0.0,1.0,0.0,0.0,0.0,1.0,0.0,0.0,0.0,0.9360646974897708
2025-07-16 16:00:00,1,3347.08,3357.41,3338.886,16.596714285714306,0.0,2.0,0.0,1.0,16.0,2.0,0.0,2.0,2.0,1.0,0.0,0.0,0.0,1.0,1.0,1.0,0.0,0.9753359765242724
2025-07-16 20:00:00,0,3346.526,3352.247,3345.265,15.26307142857146,0.0,0.0,0.0,1.0,20.0,2.0,0.0,0.0,0.0,1.0,0.0,0.0,0.0,1.0,0.0,0.0,0.0,0.9696886596992303
2025-07-17 00:00:00,1,3341.486,3347.405,3336.241,15.446500000000048,0.0,1.0,0.0,1.0,0.0,3.0,0.0,1.0,1.0,1.0,0.0,0.0,0.0,1.0,0.0,1.0,0.0,0.9567316294769981
2025-07-17 04:00:00,1,3325.886,3344.726,3325.209,16.459214285714356,0.0,1.0,0.0,1.0,4.0,3.0,0.0,1.0,1.0,1.0,0.0,0.0,0.0,1.0,0.0,1.0,0.0,0.9527454476240658
2025-07-17 16:00:00,1,3339.763,3341.098,3335.378,17.2085714285715,0.0,1.0,0.0,1.0,16.0,3.0,0.0,1.0,1.0,1.0,0.0,0.0,0.0,1.0,0.0,0.0,0.0,0.9760482577744383
2025-07-18 08:00:00,1,3354.435,3357.714,3346.237,15.983000000000011,0.0,2.0,0.0,1.0,8.0,4.0,0.0,2.0,2.0,1.0,0.0,0.0,0.0,1.0,0.0,1.0,0.0,0.7344847063397554
2025-07-18 16:00:00,1,3348.325,3357.506,3347.596,16.09042857142858,0.0,1.0,0.0,1.0,16.0,4.0,0.0,1.0,1.0,1.0,0.0,0.0,0.0,1.0,0.0,0.0,0.0,0.8828668275093932
2025-07-18 20:00:00,0,3350.395,3352.079,3347.804,12.251428571428573,0.0,2.0,0.0,1.0,20.0,4.0,0.0,2.0,2.0,1.0,0.0,0.0,1.0,1.0,0.0,0.0,0.0,0.955114029285766
2025-07-20 20:00:00,1,3349.122,3350.115,3345.01,11.31292857142856,0.0,2.0,0.0,1.0,20.0,6.0,0.0,2.0,2.0,1.0,0.0,0.0,1.0,1.0,0.0,0.0,0.0,0.9724721344684283
