datetime,session,is_win,prob_win,prob_cal
2024-01-01 23:15:00,Other,0,0.6538792812377207,0.5554711246200612
2024-01-01 23:45:00,Other,1,0.5122993966945835,0.5365853658536585
2024-01-02 01:30:00,Other,0,0.323538938241001,0.49413298565840924
2024-01-02 02:15:00,Other,1,0.8011083352930688,0.7090909090909091
2024-01-02 02:30:00,Other,1,0.4250904466529532,0.49413298565840924
2024-01-02 03:00:00,Other,1,0.3758883766072174,0.49413298565840924
2024-01-02 03:15:00,Other,1,0.3796219100425936,0.49413298565840924
2024-01-02 04:00:00,Other,0,0.3474256576041298,0.49413298565840924
2024-01-02 04:30:00,Other,1,0.353398334775442,0.49413298565840924
2024-01-02 04:45:00,Other,1,0.2957857408060548,0.49413298565840924
2024-01-02 05:00:00,Other,1,0.2971291100250924,0.49413298565840924
2024-01-02 05:45:00,Other,1,0.3229643502915796,0.49413298565840924
2024-01-02 06:30:00,Other,0,0.3338332465251851,0.49413298565840924
2024-01-02 06:45:00,Other,0,0.3035490326169567,0.49413298565840924
2024-01-02 08:00:00,London,0,0.3274980431486194,0.49413298565840924
2024-01-02 08:15:00,London,1,0.5703768047453701,0.5554711246200612
2024-01-02 09:45:00,London,0,0.2607848964121085,0.4583333333333333
2024-01-02 10:15:00,London,1,0.4313267885846516,0.49413298565840924
2024-01-02 10:30:00,London,0,0.5161868617663644,0.5365853658536585
2024-01-02 11:00:00,London,1,0.4863686109648503,0.5365853658536585
2024-01-02 11:15:00,London,0,0.6060118996528152,0.5554711246200612
2024-01-02 11:45:00,London,0,0.5082689824564366,0.5365853658536585
2024-01-02 12:15:00,London,1,0.5394135936596768,0.5365853658536585
2024-01-02 12:45:00,London,0,0.4772679492167945,0.5365853658536585
2024-01-03 05:45:00,Other,1,0.3122373600640617,0.49413298565840924
2024-01-03 06:15:00,Other,0,0.5883362314254932,0.5554711246200612
2024-01-03 06:30:00,Other,0,0.3356812838558319,0.49413298565840924
2024-01-03 07:15:00,London,1,0.2916873953316864,0.49413298565840924
2024-01-03 07:30:00,London,0,0.4577333605998231,0.5365853658536585
2024-01-03 07:45:00,London,0,0.4703312221316958,0.5365853658536585
2024-01-03 08:15:00,London,0,0.2316093597748548,0.4098360655737705
2024-01-03 08:30:00,London,0,0.2923349389744257,0.49413298565840924
2024-01-03 09:00:00,London,0,0.2328630636722484,0.4098360655737705
2024-01-03 09:45:00,London,0,0.2721485033203303,0.4878048780487805
2024-01-03 10:00:00,London,0,0.3844878776412437,0.49413298565840924
2024-01-03 10:15:00,London,1,0.3711473199601122,0.49413298565840924
2024-01-03 10:30:00,London,1,0.3711473199601122,0.49413298565840924
2024-01-03 10:45:00,London,0,0.2162249046369266,0.4098360655737705
2024-01-03 11:30:00,London,0,0.3997856116912615,0.49413298565840924
2024-01-03 11:45:00,London,0,0.3908919611063743,0.49413298565840924
2024-01-03 12:00:00,London,0,0.4263562328245269,0.49413298565840924
2024-01-03 12:15:00,London,1,0.3523702301622892,0.49413298565840924
2024-01-03 12:30:00,London,0,0.4151091242560088,0.49413298565840924
2024-01-03 13:15:00,London,0,0.5458542205593451,0.5365853658536585
2024-01-03 13:45:00,London,1,0.5280814610958425,0.5365853658536585
2024-01-03 14:00:00,London,0,0.53531517167008,0.5365853658536585
2024-01-03 14:15:00,London,1,0.5095315569418006,0.5365853658536585
2024-01-03 21:00:00,NY,1,0.6562005314309145,0.5554711246200612
2024-01-03 21:30:00,NY,1,0.4890061518223817,0.5365853658536585
2024-01-03 23:15:00,Other,1,0.541622532021379,0.5365853658536585
2024-01-04 00:45:00,Other,1,0.5548835046012486,0.5554711246200612
2024-01-04 02:00:00,Other,0,0.4464902957842554,0.5365853658536585
2024-01-04 02:15:00,Other,0,0.5039539411175351,0.5365853658536585
2024-01-04 02:30:00,Other,1,0.4090868698545301,0.49413298565840924
2024-01-04 03:00:00,Other,1,0.5201722405859562,0.5365853658536585
2024-01-04 03:15:00,Other,0,0.5332950864464712,0.5365853658536585
2024-01-04 03:45:00,Other,0,0.4536082053908749,0.5365853658536585
2024-01-04 04:15:00,Other,1,0.5280729933282274,0.5365853658536585
2024-01-04 04:45:00,Other,1,0.3192163004378062,0.49413298565840924
2024-01-04 05:15:00,Other,1,0.5119832276973822,0.5365853658536585
2024-01-04 08:15:00,London,0,0.2932278901346116,0.49413298565840924
2024-01-04 08:30:00,London,1,0.6265366054701683,0.5554711246200612
2024-01-04 08:45:00,London,1,0.2078539955935795,0.4098360655737705
2024-01-04 09:00:00,London,0,0.2251285766397903,0.4098360655737705
2024-01-04 09:15:00,London,1,0.2508018001863374,0.4583333333333333
2024-01-04 09:45:00,London,0,0.3269949728535196,0.49413298565840924
2024-01-04 10:45:00,London,0,0.3533701322131429,0.49413298565840924
2024-01-04 11:00:00,London,0,0.4281168709507953,0.49413298565840924
2024-01-04 11:30:00,London,0,0.3178753436248609,0.49413298565840924
2024-01-04 11:45:00,London,1,0.350869781089456,0.49413298565840924
2024-01-04 15:45:00,London,1,0.3762492945429633,0.49413298565840924
2024-01-04 16:00:00,London,1,0.3899706463752166,0.49413298565840924
2024-01-04 16:15:00,London,1,0.373370263775638,0.49413298565840924
2024-01-04 16:30:00,London,0,0.3801945112343678,0.49413298565840924
2024-01-04 16:45:00,London,0,0.3547173351949653,0.49413298565840924
2024-01-04 17:30:00,NY,0,0.3750435761837603,0.49413298565840924
2024-01-04 17:45:00,NY,0,0.4348784986526021,0.5365853658536585
2024-01-04 18:15:00,NY,1,0.5016842654390798,0.5365853658536585
2024-01-04 18:30:00,NY,1,0.3698672323079705,0.49413298565840924
2024-01-04 18:45:00,NY,1,0.3110283394374631,0.49413298565840924
2024-01-04 19:00:00,NY,1,0.5556146768383103,0.5554711246200612
2024-01-04 19:30:00,NY,1,0.5934032775772573,0.5554711246200612
2024-01-04 19:45:00,NY,0,0.6014506242906426,0.5554711246200612
2024-01-04 20:45:00,NY,1,0.4977182594478685,0.5365853658536585
2024-01-04 23:00:00,Other,0,0.6454873164071779,0.5554711246200612
2024-01-04 23:45:00,Other,1,0.4917962271666298,0.5365853658536585
2024-01-05 00:30:00,Other,1,0.61034538670314,0.5554711246200612
2024-01-05 01:00:00,Other,0,0.485027071925094,0.5365853658536585
2024-01-05 02:00:00,Other,1,0.5344841543986621,0.5365853658536585
2024-01-05 02:15:00,Other,0,0.506046916112133,0.5365853658536585
2024-01-05 03:00:00,Other,0,0.4679469051809166,0.5365853658536585
2024-01-05 03:15:00,Other,0,0.4532841024823731,0.5365853658536585
2024-01-05 04:00:00,Other,1,0.378962925054532,0.49413298565840924
2024-01-05 04:30:00,Other,0,0.4054879185365413,0.49413298565840924
2024-01-05 04:45:00,Other,0,0.3508638861119287,0.49413298565840924
2024-01-05 05:15:00,Other,1,0.3231163757738416,0.49413298565840924
2024-01-05 05:30:00,Other,0,0.3488431419876987,0.49413298565840924
2024-01-05 05:45:00,Other,0,0.376696015449308,0.49413298565840924
2024-01-05 06:15:00,Other,0,0.3250242197852428,0.49413298565840924
2024-01-05 07:30:00,London,0,0.3237655025070578,0.49413298565840924
2024-01-05 08:45:00,London,1,0.1735592449844046,0.3142857142857143
2024-01-05 09:00:00,London,0,0.1762577977555945,0.3142857142857143
2024-01-05 09:30:00,London,0,0.2085889668578388,0.4098360655737705
2024-01-05 09:45:00,London,0,0.2387979780333313,0.4166666666666667
2024-01-05 10:00:00,London,1,0.3138925956699516,0.49413298565840924
2024-01-05 10:15:00,London,1,0.3120116247062909,0.49413298565840924
2024-01-05 10:30:00,London,1,0.2963917654266076,0.49413298565840924
2024-01-05 10:45:00,London,0,0.3249661115473993,0.49413298565840924
2024-01-05 11:00:00,London,1,0.372536773773146,0.49413298565840924
2024-01-05 15:30:00,London,0,0.6691071522607505,0.5554711246200612
2024-01-05 16:00:00,London,0,0.3519490390216989,0.49413298565840924
2024-01-05 16:15:00,London,0,0.3326289415844683,0.49413298565840924
2024-01-05 17:30:00,NY,1,0.433754040579229,0.5365853658536585
2024-01-05 17:45:00,NY,0,0.2696352599122557,0.4878048780487805
2024-01-05 18:00:00,NY,1,0.2911670886031331,0.49413298565840924
2024-01-05 18:15:00,NY,1,0.602252995589395,0.5554711246200612
2024-01-05 19:15:00,NY,0,0.2983702635409406,0.49413298565840924
2024-01-05 19:30:00,NY,0,0.5813276720794565,0.5554711246200612
2024-01-05 20:30:00,NY,1,0.8462813307095062,0.7101449275362319
2024-01-05 20:45:00,NY,1,0.8764883300623495,0.7352941176470589
2024-01-05 21:00:00,NY,1,0.8306662875874353,0.7101449275362319
2024-01-05 21:45:00,NY,0,0.7928912189671942,0.6214689265536721
2024-01-07 23:00:00,Other,0,0.8123553280714326,0.7090909090909091
2024-01-07 23:15:00,Other,0,0.847205153430684,0.7101449275362319
2024-01-07 23:30:00,Other,1,0.7028006595485594,0.6214689265536721
2024-01-08 00:45:00,Other,0,0.3640971388487183,0.49413298565840924
2024-01-08 01:00:00,Other,0,0.2105658894075047,0.4098360655737705
2024-01-08 01:30:00,Other,0,0.4117915011022585,0.49413298565840924
2024-01-08 02:15:00,Other,0,0.427004729824919,0.49413298565840924
2024-01-08 02:30:00,Other,0,0.427004729824919,0.49413298565840924
2024-01-08 03:00:00,Other,0,0.3481631130137311,0.49413298565840924
2024-01-08 03:15:00,Other,0,0.3481631130137311,0.49413298565840924
2024-01-08 03:30:00,Other,0,0.2420818041430289,0.42105263157894735
2024-01-08 16:15:00,London,0,0.605032369400599,0.5554711246200612
2024-01-08 17:15:00,NY,0,0.4359063265647232,0.5365853658536585
2024-01-08 18:15:00,NY,1,0.5136604189181689,0.5365853658536585
2024-01-08 18:45:00,NY,1,0.877196634739902,0.7352941176470589
2024-01-08 19:15:00,NY,0,0.571357120582015,0.5554711246200612
2024-01-08 19:30:00,NY,0,0.4906783905757528,0.5365853658536585
2024-01-09 01:30:00,Other,1,0.7809541840854277,0.6214689265536721
2024-01-09 02:00:00,Other,0,0.5654492514083503,0.5554711246200612
2024-01-09 03:00:00,Other,1,0.4339304908061585,0.5365853658536585
2024-01-09 03:15:00,Other,0,0.4403998590622248,0.5365853658536585
2024-01-09 03:30:00,Other,0,0.3471866968942823,0.49413298565840924
2024-01-09 03:45:00,Other,0,0.4218289709852142,0.49413298565840924
2024-01-09 04:15:00,Other,0,0.5080896744389122,0.5365853658536585
2024-01-09 05:00:00,Other,0,0.5678098101924965,0.5554711246200612
2024-01-09 05:15:00,Other,1,0.43551376785766,0.5365853658536585
2024-01-09 08:30:00,London,1,0.7334900653801238,0.6214689265536721
2024-01-09 09:15:00,London,1,0.6959367644462565,0.6214689265536721
2024-01-09 09:30:00,London,1,0.5291762761333224,0.5365853658536585
2024-01-09 09:45:00,London,1,0.506052532077698,0.5365853658536585
2024-01-09 10:15:00,London,0,0.4884388356542593,0.5365853658536585
2024-01-09 11:00:00,London,1,0.4465175470695183,0.5365853658536585
2024-01-09 12:00:00,London,0,0.5808873824282362,0.5554711246200612
2024-01-09 12:15:00,London,0,0.5759444961689719,0.5554711246200612
2024-01-09 12:30:00,London,1,0.7237730253205601,0.6214689265536721
2024-01-09 12:45:00,London,1,0.5502242699724229,0.5554711246200612
2024-01-09 14:00:00,London,0,0.7012475925058093,0.6214689265536721
2024-01-09 14:15:00,London,0,0.2727099370716512,0.4878048780487805
2024-01-09 14:30:00,London,0,0.583243583212541,0.5554711246200612
2024-01-09 14:45:00,London,0,0.7792874043416136,0.6214689265536721
2024-01-09 15:00:00,London,0,0.7707028714860625,0.6214689265536721
2024-01-09 15:45:00,London,1,0.696845290769644,0.6214689265536721
2024-01-10 00:15:00,Other,0,0.3659017949636861,0.49413298565840924
2024-01-10 01:00:00,Other,1,0.3614508204476818,0.49413298565840924
2024-01-10 03:00:00,Other,1,0.5797462306009709,0.5554711246200612
2024-01-10 03:15:00,Other,0,0.5813630551686578,0.5554711246200612
2024-01-10 04:00:00,Other,0,0.3539581148596082,0.49413298565840924
2024-01-10 04:15:00,Other,0,0.4121459598929535,0.49413298565840924
2024-01-10 05:00:00,Other,0,0.5153495761810648,0.5365853658536585
2024-01-10 05:15:00,Other,0,0.5432469368995603,0.5365853658536585
2024-01-10 05:45:00,Other,0,0.5429787963532094,0.5365853658536585
2024-01-10 06:00:00,Other,1,0.5767420439268431,0.5554711246200612
2024-01-10 06:15:00,Other,1,0.5038603709944961,0.5365853658536585
2024-01-10 06:30:00,Other,1,0.6554586970905579,0.5554711246200612
2024-01-10 11:00:00,London,0,0.4506818635499192,0.5365853658536585
2024-01-10 12:00:00,London,0,0.7837842936562854,0.6214689265536721
2024-01-10 12:15:00,London,0,0.7112029148209156,0.6214689265536721
2024-01-10 12:30:00,London,0,0.5930599913366719,0.5554711246200612
2024-01-10 12:45:00,London,1,0.7124432559317437,0.6214689265536721
2024-01-10 13:00:00,London,1,0.7121990585964639,0.6214689265536721
2024-01-10 13:15:00,London,0,0.6326693476810159,0.5554711246200612
2024-01-10 13:30:00,London,0,0.7233211115504646,0.6214689265536721
2024-01-10 14:00:00,London,0,0.5189682855741715,0.5365853658536585
2024-01-10 14:45:00,London,0,0.5709060153254102,0.5554711246200612
2024-01-10 15:15:00,London,1,0.5249960086989865,0.5365853658536585
2024-01-10 15:30:00,London,0,0.5812758309120872,0.5554711246200612
2024-01-10 15:45:00,London,0,0.5789665211820959,0.5554711246200612
2024-01-10 16:00:00,London,1,0.566050880421303,0.5554711246200612
2024-01-10 17:00:00,NY,0,0.4499206478453444,0.5365853658536585
2024-01-10 17:30:00,NY,0,0.652753240022927,0.5554711246200612
2024-01-10 17:45:00,NY,0,0.6182794786043357,0.5554711246200612
2024-01-10 18:15:00,NY,0,0.635525710645479,0.5554711246200612
2024-01-10 18:30:00,NY,1,0.598738130397189,0.5554711246200612
2024-01-10 18:45:00,NY,0,0.5959507133996792,0.5554711246200612
2024-01-10 19:00:00,NY,1,0.6286292795134336,0.5554711246200612
2024-01-11 02:45:00,Other,1,0.4244040737614108,0.49413298565840924
2024-01-11 03:30:00,Other,1,0.3894139759928013,0.49413298565840924
2024-01-11 03:45:00,Other,1,0.3892485284547847,0.49413298565840924
2024-01-11 04:00:00,Other,1,0.2781070259392067,0.49413298565840924
2024-01-11 04:15:00,Other,1,0.4572743688098725,0.5365853658536585
2024-01-11 05:30:00,Other,1,0.4645941969491608,0.5365853658536585
2024-01-11 06:30:00,Other,1,0.5218190909636462,0.5365853658536585
2024-01-11 06:45:00,Other,1,0.4595362944757202,0.5365853658536585
2024-01-11 07:30:00,London,0,0.5643728703444342,0.5554711246200612
2024-01-11 07:45:00,London,0,0.5696742657587465,0.5554711246200612
2024-01-11 08:00:00,London,0,0.6007454724786501,0.5554711246200612
2024-01-11 08:45:00,London,1,0.5555581068369497,0.5554711246200612
2024-01-11 09:00:00,London,0,0.5682033830106425,0.5554711246200612
2024-01-11 09:15:00,London,1,0.2490604090296512,0.4583333333333333
2024-01-11 10:00:00,London,1,0.4748257786118434,0.5365853658536585
2024-01-11 10:15:00,London,1,0.3247047083519699,0.49413298565840924
2024-01-11 11:15:00,London,1,0.3459777926665701,0.49413298565840924
2024-01-11 11:45:00,London,1,0.4364617475146283,0.5365853658536585
2024-01-11 13:15:00,London,0,0.5987412289941801,0.5554711246200612
2024-01-12 03:30:00,Other,0,0.2903992836301432,0.49413298565840924
2024-01-12 03:45:00,Other,1,0.2800781403170893,0.49413298565840924
2024-01-12 04:00:00,Other,1,0.3541004411590197,0.49413298565840924
2024-01-12 04:45:00,Other,1,0.4019765164521469,0.49413298565840924
2024-01-12 05:15:00,Other,1,0.3772280753110149,0.49413298565840924
2024-01-12 06:00:00,Other,0,0.4264011455775957,0.49413298565840924
2024-01-12 06:30:00,Other,1,0.3335203369809054,0.49413298565840924
2024-01-12 07:15:00,London,1,0.5749542163027694,0.5554711246200612
2024-01-12 07:30:00,London,1,0.5728428347657938,0.5554711246200612
2024-01-12 07:45:00,London,1,0.532487035964981,0.5365853658536585
2024-01-12 08:00:00,London,1,0.5010977109310415,0.5365853658536585
2024-01-12 09:15:00,London,0,0.3351247190060297,0.49413298565840924
2024-01-12 09:30:00,London,0,0.3351247190060297,0.49413298565840924
2024-01-12 09:45:00,London,1,0.2875902689640692,0.49413298565840924
2024-01-12 10:00:00,London,1,0.3040975822274234,0.49413298565840924
2024-01-12 10:15:00,London,1,0.37132492842091,0.49413298565840924
2024-01-12 10:30:00,London,1,0.3366434470961622,0.49413298565840924
2024-01-12 10:45:00,London,1,0.3020798095672659,0.49413298565840924
2024-01-12 11:15:00,London,1,0.4202799191746599,0.49413298565840924
2024-01-12 12:30:00,London,0,0.6127764688583652,0.5554711246200612
2024-01-12 12:45:00,London,1,0.7232323700408398,0.6214689265536721
2024-01-12 13:30:00,London,1,0.6542377155069615,0.5554711246200612
2024-01-12 13:45:00,London,1,0.6152489438808995,0.5554711246200612
2024-01-12 14:00:00,London,1,0.5910783376586253,0.5554711246200612
2024-01-12 16:15:00,London,0,0.3310046636089998,0.49413298565840924
2024-01-12 16:30:00,London,0,0.1207570171431023,0.3142857142857143
2024-01-12 17:00:00,NY,0,0.3556048251213718,0.49413298565840924
2024-01-12 17:15:00,NY,0,0.4290242697182164,0.49413298565840924
2024-01-12 17:30:00,NY,1,0.4188197339676156,0.49413298565840924
2024-01-14 23:15:00,Other,1,0.475865192658923,0.5365853658536585
2024-01-14 23:45:00,Other,0,0.4222134097430803,0.49413298565840924
2024-01-15 04:00:00,Other,0,0.2441728095590851,0.42105263157894735
2024-01-15 05:00:00,Other,1,0.5987645555974866,0.5554711246200612
2024-01-15 05:30:00,Other,1,0.6686486463737172,0.5554711246200612
2024-01-15 06:00:00,Other,1,0.5982376590318012,0.5554711246200612
2024-01-15 09:00:00,London,0,0.1778276890210783,0.3142857142857143
2024-01-15 09:30:00,London,0,0.154811833640719,0.3142857142857143
2024-01-15 10:15:00,London,1,0.2079038201251615,0.4098360655737705
2024-01-15 10:30:00,London,0,0.233573210816864,0.4098360655737705
2024-01-15 10:45:00,London,1,0.2053416100013399,0.4098360655737705
2024-01-15 11:00:00,London,1,0.2160989318273332,0.4098360655737705
2024-01-15 14:15:00,London,0,0.258293710447731,0.4583333333333333
2024-01-15 15:00:00,London,1,0.3641378670802636,0.49413298565840924
2024-01-15 18:00:00,NY,0,0.2974372340495265,0.49413298565840924
2024-01-15 18:15:00,NY,0,0.2777389221356725,0.49413298565840924
2024-01-15 18:30:00,NY,0,0.2752063823779214,0.49413298565840924
2024-01-15 19:00:00,NY,1,0.4081905418606403,0.49413298565840924
2024-01-15 23:30:00,Other,0,0.4094923531223248,0.49413298565840924
2024-01-15 23:45:00,Other,0,0.4094923531223248,0.49413298565840924
2024-01-16 00:15:00,Other,0,0.305572926710456,0.49413298565840924
2024-01-16 00:30:00,Other,0,0.3199782196136514,0.49413298565840924
2024-01-16 00:45:00,Other,0,0.371942277544664,0.49413298565840924
2024-01-16 02:30:00,Other,0,0.3818102157455923,0.49413298565840924
2024-01-16 03:15:00,Other,0,0.2908728777118629,0.49413298565840924
2024-01-17 02:30:00,Other,0,0.5290968250692123,0.5365853658536585
2024-01-17 03:15:00,Other,0,0.5306556760601039,0.5365853658536585
2024-01-17 03:30:00,Other,0,0.5105176178176027,0.5365853658536585
2024-01-17 03:45:00,Other,1,0.5714642519469822,0.5554711246200612
2024-01-17 04:30:00,Other,1,0.6002798711135999,0.5554711246200612
2024-01-17 04:45:00,Other,0,0.507299498021107,0.5365853658536585
2024-01-17 05:15:00,Other,1,0.4944988442692287,0.5365853658536585
2024-01-17 05:30:00,Other,0,0.5151098147651705,0.5365853658536585
2024-01-17 09:15:00,London,1,0.6004907317258162,0.5554711246200612
2024-01-17 09:45:00,London,1,0.5717675242802333,0.5554711246200612
2024-01-17 10:15:00,London,0,0.6163997348822877,0.5554711246200612
2024-01-17 11:00:00,London,1,0.556832272662179,0.5554711246200612
2024-01-17 11:15:00,London,0,0.6848893592317657,0.6111111111111112
2024-01-17 11:45:00,London,1,0.6103727242912463,0.5554711246200612
2024-01-17 12:15:00,London,0,0.5463772614307048,0.5365853658536585
2024-01-17 12:30:00,London,0,0.4103762936092821,0.49413298565840924
2024-01-17 13:45:00,London,0,0.4376672654607554,0.5365853658536585
2024-01-17 14:15:00,London,1,0.4549779684944386,0.5365853658536585
2024-01-17 14:30:00,London,0,0.5342224380288682,0.5365853658536585
2024-01-17 14:45:00,London,0,0.5727435986851559,0.5554711246200612
2024-01-17 15:15:00,London,1,0.5244499182317323,0.5365853658536585
2024-01-18 02:00:00,Other,0,0.5228717645536588,0.5365853658536585
2024-01-18 02:15:00,Other,0,0.5028036774612306,0.5365853658536585
2024-01-18 02:45:00,Other,0,0.5668291452341873,0.5554711246200612
2024-01-18 03:00:00,Other,1,0.5502045564191071,0.5554711246200612
2024-01-18 03:45:00,Other,1,0.4471942263526218,0.5365853658536585
2024-01-18 04:00:00,Other,0,0.619558950856212,0.5554711246200612
2024-01-18 04:15:00,Other,0,0.4845087093421201,0.5365853658536585
2024-01-18 04:45:00,Other,0,0.4868274377565681,0.5365853658536585
2024-01-18 07:30:00,London,0,0.4193471791211563,0.49413298565840924
2024-01-18 07:45:00,London,0,0.568016813246531,0.5554711246200612
2024-01-18 08:15:00,London,0,0.3874753340900462,0.49413298565840924
2024-01-18 08:30:00,London,0,0.5860754910629717,0.5554711246200612
2024-01-18 09:00:00,London,1,0.8203227155247149,0.7101449275362319
2024-01-18 09:45:00,London,1,0.5708818873252111,0.5554711246200612
2024-01-18 10:00:00,London,1,0.4491331965355601,0.5365853658536585
2024-01-18 10:15:00,London,1,0.5047065980389686,0.5365853658536585
2024-01-18 11:30:00,London,0,0.3987107628659629,0.49413298565840924
2024-01-18 11:45:00,London,1,0.4068629940170098,0.49413298565840924
2024-01-18 12:15:00,London,0,0.4798932752544795,0.5365853658536585
2024-01-18 13:00:00,London,0,0.136717976137789,0.3142857142857143
2024-01-18 17:00:00,NY,1,0.6925597716320876,0.6214689265536721
2024-01-18 17:30:00,NY,1,0.6212259902672371,0.5554711246200612
2024-01-18 17:45:00,NY,1,0.4504714998878837,0.5365853658536585
2024-01-18 18:00:00,NY,1,0.5359145582520608,0.5365853658536585
2024-01-18 18:30:00,NY,1,0.5570298928482497,0.5554711246200612
2024-01-18 19:00:00,NY,1,0.6991946026085876,0.6214689265536721
2024-01-18 19:30:00,NY,1,0.5840338840294742,0.5554711246200612
2024-01-18 20:00:00,NY,1,0.1759559768441919,0.3142857142857143
2024-01-18 20:15:00,NY,1,0.5265599172964671,0.5365853658536585
2024-01-18 20:45:00,NY,1,0.6093786478819632,0.5554711246200612
2024-01-18 21:15:00,NY,1,0.4958327817858832,0.5365853658536585
2024-01-18 21:45:00,NY,0,0.8297112988902264,0.7101449275362319
2024-01-18 23:15:00,Other,1,0.4103328160473205,0.49413298565840924
2024-01-18 23:45:00,Other,1,0.7445469090429687,0.6214689265536721
2024-01-19 00:00:00,Other,1,0.6679125559486434,0.5554711246200612
2024-01-19 00:30:00,Other,1,0.7154253317366451,0.6214689265536721
2024-01-19 01:45:00,Other,0,0.5914245895065743,0.5554711246200612
2024-01-19 02:00:00,Other,1,0.6011623710894631,0.5554711246200612
2024-01-19 02:15:00,Other,1,0.5347439511329156,0.5365853658536585
2024-01-19 02:30:00,Other,0,0.5015653063333793,0.5365853658536585
2024-01-19 02:45:00,Other,0,0.5347439511329156,0.5365853658536585
2024-01-19 03:00:00,Other,0,0.5394446607205052,0.5365853658536585
2024-01-19 03:15:00,Other,0,0.5844884115522846,0.5554711246200612
2024-01-19 04:15:00,Other,1,0.3871488897898806,0.49413298565840924
2024-01-19 04:30:00,Other,1,0.3993691552341085,0.49413298565840924
2024-01-19 04:45:00,Other,1,0.3804613998238799,0.49413298565840924
2024-01-19 05:15:00,Other,1,0.5064651419418393,0.5365853658536585
2024-01-19 09:30:00,London,1,0.5492022992987982,0.5554711246200612
2024-01-19 09:45:00,London,1,0.417552251942773,0.49413298565840924
2024-01-19 10:00:00,London,1,0.2989995354822741,0.49413298565840924
2024-01-19 10:15:00,London,1,0.3011670029203239,0.49413298565840924
2024-01-19 10:45:00,London,1,0.1898145810759746,0.4098360655737705
2024-01-19 11:00:00,London,1,0.378796379389594,0.49413298565840924
2024-01-19 11:30:00,London,1,0.4634143599499671,0.5365853658536585
2024-01-19 11:45:00,London,1,0.3718832663530025,0.49413298565840924
2024-01-19 12:30:00,London,0,0.6280621257507254,0.5554711246200612
2024-01-19 12:45:00,London,1,0.6506739213205786,0.5554711246200612
2024-01-19 13:15:00,London,0,0.6442694702119292,0.5554711246200612
2024-01-19 14:00:00,London,0,0.8591717136288096,0.7101449275362319
2024-01-19 14:30:00,London,0,0.5509948159579892,0.5554711246200612
2024-01-19 20:15:00,NY,1,0.7436562143505893,0.6214689265536721
2024-01-19 20:30:00,NY,1,0.4922402761234745,0.5365853658536585
2024-01-19 21:00:00,NY,0,0.6476118689139911,0.5554711246200612
2024-01-19 21:15:00,NY,0,0.6209425066793823,0.5554711246200612
2024-01-19 21:30:00,NY,0,0.6521169136828405,0.5554711246200612
2024-01-21 23:00:00,Other,1,0.4477067658424365,0.5365853658536585
2024-01-21 23:30:00,Other,1,0.3973100189938132,0.49413298565840924
2024-01-21 23:45:00,Other,1,0.3750024075558455,0.49413298565840924
2024-01-22 01:15:00,Other,0,0.3732059323547625,0.49413298565840924
2024-01-22 01:30:00,Other,0,0.525950683879956,0.5365853658536585
2024-01-22 01:45:00,Other,0,0.4724880816238552,0.5365853658536585
2024-01-22 02:15:00,Other,0,0.4191920918806958,0.49413298565840924
2024-01-22 02:30:00,Other,0,0.510152432003301,0.5365853658536585
2024-01-22 02:45:00,Other,0,0.4850475555693253,0.5365853658536585
2024-01-22 03:00:00,Other,0,0.4454942955079667,0.5365853658536585
2024-01-22 03:15:00,Other,0,0.4650096427791231,0.5365853658536585
2024-01-22 04:00:00,Other,0,0.480980097255888,0.5365853658536585
2024-01-22 04:30:00,Other,0,0.7801151677469023,0.6214689265536721
2024-01-22 04:45:00,Other,0,0.8305631267672249,0.7101449275362319
2024-01-22 05:15:00,Other,0,0.6747914109058767,0.5573770491803278
2024-01-22 06:00:00,Other,1,0.6511432538496389,0.5554711246200612
2024-01-22 06:45:00,Other,1,0.5588927674269782,0.5554711246200612
2024-01-22 08:30:00,London,0,0.1739384264726682,0.3142857142857143
2024-01-22 08:45:00,London,1,0.69231258271398,0.6214689265536721
2024-01-22 09:00:00,London,0,0.6552726031510627,0.5554711246200612
2024-01-22 09:30:00,London,1,0.6315675457510176,0.5554711246200612
2024-01-22 10:15:00,London,1,0.6849939994156943,0.6111111111111112
2024-01-22 11:15:00,London,1,0.6563048597617201,0.5554711246200612
2024-01-22 11:30:00,London,1,0.5155587816059285,0.5365853658536585
2024-01-22 11:45:00,London,1,0.6252820161339232,0.5554711246200612
2024-01-22 12:15:00,London,1,0.5597295770181139,0.5554711246200612
2024-01-22 12:30:00,London,0,0.4988219313229852,0.5365853658536585
2024-01-22 13:00:00,London,0,0.1488191685443903,0.3142857142857143
2024-01-22 13:30:00,London,0,0.4995025585068388,0.5365853658536585
2024-01-22 14:00:00,London,0,0.574006179947904,0.5554711246200612
2024-01-23 07:15:00,London,1,0.9120063055292064,0.8
2024-01-23 07:30:00,London,0,0.588345887560387,0.5554711246200612
2024-01-23 09:45:00,London,0,0.4153985108059165,0.49413298565840924
2024-01-23 10:00:00,London,0,0.5115810454307581,0.5365853658536585
2024-01-23 10:15:00,London,0,0.5406982856208102,0.5365853658536585
2024-01-23 10:30:00,London,0,0.5861911580403896,0.5554711246200612
2024-01-23 10:45:00,London,0,0.5625386063358323,0.5554711246200612
2024-01-23 19:45:00,NY,0,0.7747984807319357,0.6214689265536721
2024-01-23 20:00:00,NY,0,0.7077970520487896,0.6214689265536721
2024-01-23 20:15:00,NY,0,0.8271802789992512,0.7101449275362319
2024-01-23 21:00:00,NY,1,0.6440191220962078,0.5554711246200612
2024-01-23 21:15:00,NY,1,0.6170448734399563,0.5554711246200612
2024-01-23 21:30:00,NY,0,0.6449825132914175,0.5554711246200612
2024-01-23 21:45:00,NY,0,0.7129132726146099,0.6214689265536721
2024-01-23 23:00:00,Other,0,0.6296965969734634,0.5554711246200612
2024-01-23 23:45:00,Other,0,0.6636332576239582,0.5554711246200612
2024-01-24 00:00:00,Other,0,0.2970331483284538,0.49413298565840924
2024-01-24 00:15:00,Other,0,0.3780132874747419,0.49413298565840924
2024-01-24 01:00:00,Other,1,0.3839608752249096,0.49413298565840924
2024-01-24 01:30:00,Other,0,0.3920023221083499,0.49413298565840924
2024-01-24 02:00:00,Other,0,0.5284692158427171,0.5365853658536585
2024-01-24 02:15:00,Other,0,0.7043544158061064,0.6214689265536721
2024-01-24 03:00:00,Other,0,0.7594604758412286,0.6214689265536721
2024-01-24 03:15:00,Other,1,0.8227539134982254,0.7101449275362319
2024-01-24 10:00:00,London,0,0.4069633510496468,0.49413298565840924
2024-01-24 10:15:00,London,1,0.1931753118771075,0.4098360655737705
2024-01-24 10:45:00,London,0,0.4185381333583873,0.49413298565840924
2024-01-24 11:00:00,London,1,0.7979076931104528,0.6214689265536721
2024-01-24 11:30:00,London,1,0.3924318229046994,0.49413298565840924
2024-01-24 12:00:00,London,1,0.616826194936498,0.5554711246200612
2024-01-24 12:15:00,London,1,0.4951869527888554,0.5365853658536585
2024-01-24 12:30:00,London,0,0.661161388934773,0.5554711246200612
2024-01-24 12:45:00,London,1,0.5092633776108785,0.5365853658536585
2024-01-24 13:45:00,London,0,0.7457345943025607,0.6214689265536721
2024-01-24 14:30:00,London,0,0.7912571809226214,0.6214689265536721
2024-01-24 14:45:00,London,0,0.6807422872807631,0.5573770491803278
2024-01-24 15:15:00,London,0,0.6694445833025982,0.5554711246200612
2024-01-24 15:30:00,London,0,0.6460764527398462,0.5554711246200612
2024-01-24 15:45:00,London,0,0.6116211329867506,0.5554711246200612
2024-01-25 07:45:00,London,0,0.5482994860627096,0.5554711246200612
2024-01-25 08:00:00,London,0,0.5197640629483782,0.5365853658536585
2024-01-25 11:30:00,London,0,0.4921372144833759,0.5365853658536585
2024-01-25 11:45:00,London,0,0.3720535085680396,0.49413298565840924
2024-01-25 12:00:00,London,0,0.6205455025464736,0.5554711246200612
2024-01-25 12:15:00,London,1,0.4026682435295248,0.49413298565840924
2024-01-25 12:30:00,London,0,0.4911362140370677,0.5365853658536585
2024-01-25 12:45:00,London,1,0.3534353446759057,0.49413298565840924
2024-01-25 13:00:00,London,1,0.4666999465517268,0.5365853658536585
2024-01-25 13:15:00,London,1,0.457276490968438,0.5365853658536585
2024-01-25 15:30:00,London,0,0.5525449536313516,0.5554711246200612
2024-01-25 15:45:00,London,0,0.5087837916047679,0.5365853658536585
2024-01-25 16:45:00,London,1,0.404873347275573,0.49413298565840924
2024-01-25 18:00:00,NY,1,0.5265526459083206,0.5365853658536585
2024-01-25 18:15:00,NY,0,0.7043551535597613,0.6214689265536721
2024-01-25 18:30:00,NY,0,0.5648438324988242,0.5554711246200612
2024-01-25 18:45:00,NY,1,0.4484446774328232,0.5365853658536585
2024-01-25 19:45:00,NY,1,0.534448030703246,0.5365853658536585
2024-01-25 20:00:00,NY,1,0.3929523097286769,0.49413298565840924
2024-01-25 20:15:00,NY,1,0.4436663783530225,0.5365853658536585
2024-01-25 20:30:00,NY,1,0.4578006630335827,0.5365853658536585
2024-01-25 20:45:00,NY,0,0.3923229332000368,0.49413298565840924
2024-01-25 21:00:00,NY,1,0.5940139362916719,0.5554711246200612
2024-01-25 21:15:00,NY,1,0.438144938142576,0.5365853658536585
2024-01-25 21:30:00,NY,1,0.4049950580494211,0.49413298565840924
2024-01-25 21:45:00,NY,0,0.4996028774646175,0.5365853658536585
2024-01-26 00:15:00,Other,1,0.4582115603730812,0.5365853658536585
2024-01-26 00:45:00,Other,1,0.5240438798021408,0.5365853658536585
2024-01-26 01:00:00,Other,0,0.4367318589003682,0.5365853658536585
2024-01-26 01:30:00,Other,1,0.4514952690713206,0.5365853658536585
2024-01-26 01:45:00,Other,1,0.4509180645456671,0.5365853658536585
2024-01-26 02:00:00,Other,1,0.4671121213780547,0.5365853658536585
2024-01-26 02:15:00,Other,0,0.7188538740141849,0.6214689265536721
2024-01-26 02:30:00,Other,0,0.750654649060544,0.6214689265536721
2024-01-26 02:45:00,Other,0,0.4529811509631856,0.5365853658536585
2024-01-26 03:00:00,Other,0,0.3959905439933733,0.49413298565840924
2024-01-26 03:15:00,Other,0,0.3567246170220792,0.49413298565840924
2024-01-26 03:45:00,Other,1,0.3567246170220792,0.49413298565840924
2024-01-26 04:00:00,Other,1,0.3769664366267383,0.49413298565840924
2024-01-26 04:15:00,Other,0,0.3804613998238799,0.49413298565840924
2024-01-26 05:15:00,Other,1,0.5274658363302261,0.5365853658536585
2024-01-26 06:15:00,Other,0,0.526271161154748,0.5365853658536585
2024-01-26 07:00:00,London,1,0.4898282191658506,0.5365853658536585
2024-01-26 11:45:00,London,1,0.6978358945243736,0.6214689265536721
2024-01-26 12:00:00,London,0,0.6921998712362275,0.6214689265536721
2024-01-26 12:30:00,London,1,0.5783571828368695,0.5554711246200612
2024-01-26 13:00:00,London,1,0.5051555925875061,0.5365853658536585
2024-01-26 13:45:00,London,0,0.6096852817240169,0.5554711246200612
2024-01-26 14:30:00,London,0,0.6597997857584033,0.5554711246200612
2024-01-26 14:45:00,London,0,0.6597997857584033,0.5554711246200612
2024-01-26 15:00:00,London,0,0.6474168822689603,0.5554711246200612
2024-01-26 15:15:00,London,0,0.6131567152945349,0.5554711246200612
2024-01-28 23:30:00,Other,0,0.3744747367284425,0.49413298565840924
2024-01-29 00:15:00,Other,1,0.290314266899164,0.49413298565840924
2024-01-29 00:45:00,Other,1,0.9077250373401204,0.8
2024-01-29 01:15:00,Other,1,0.7646931671522688,0.6214689265536721
2024-01-29 01:45:00,Other,1,0.4531359842380688,0.5365853658536585
2024-01-29 02:15:00,Other,1,0.6630063330784972,0.5554711246200612
2024-01-29 02:45:00,Other,1,0.781620956362086,0.6214689265536721
2024-01-29 04:15:00,Other,0,0.5965281791595389,0.5554711246200612
2024-01-29 05:00:00,Other,1,0.7852658546550585,0.6214689265536721
2024-01-29 05:15:00,Other,1,0.7315282381141439,0.6214689265536721
2024-01-29 06:15:00,Other,1,0.5029608910242368,0.5365853658536585
2024-01-29 06:45:00,Other,1,0.4737091667471432,0.5365853658536585
2024-01-29 07:00:00,London,1,0.5902459825060412,0.5554711246200612
2024-01-29 07:15:00,London,1,0.5902459825060412,0.5554711246200612
2024-01-29 08:30:00,London,0,0.5785372894555562,0.5554711246200612
2024-01-29 09:45:00,London,0,0.5764787315290328,0.5554711246200612
2024-01-29 10:15:00,London,0,0.6451389163045737,0.5554711246200612
2024-01-29 10:30:00,London,1,0.579761138560074,0.5554711246200612
2024-01-29 10:45:00,London,0,0.415580850977842,0.49413298565840924
2024-01-29 11:00:00,London,1,0.6244656990965634,0.5554711246200612
2024-01-29 11:45:00,London,1,0.3907317599212188,0.49413298565840924
2024-01-29 12:45:00,London,1,0.5123074000290648,0.5365853658536585
2024-01-29 13:00:00,London,1,0.5813030345407125,0.5554711246200612
2024-01-29 13:30:00,London,1,0.7202330759378007,0.6214689265536721
2024-01-29 14:00:00,London,0,0.5533560889858653,0.5554711246200612
2024-01-29 14:30:00,London,0,0.6802941815275753,0.5573770491803278
2024-01-29 14:45:00,London,0,0.5606061036284787,0.5554711246200612
2024-01-29 20:45:00,NY,0,0.8253166452509002,0.7101449275362319
2024-01-29 21:30:00,NY,1,0.8267875170565936,0.7101449275362319
2024-01-29 21:45:00,NY,0,0.7217223828045386,0.6214689265536721
2024-01-29 23:00:00,Other,0,0.6748801719897298,0.5573770491803278
2024-01-29 23:15:00,Other,1,0.8947343055237785,0.8
2024-01-29 23:30:00,Other,1,0.8173756427851244,0.7101449275362319
2024-01-30 00:15:00,Other,1,0.4418651353849875,0.5365853658536585
2024-01-30 00:30:00,Other,0,0.5350966707642109,0.5365853658536585
2024-01-30 02:45:00,Other,1,0.4636983551308052,0.5365853658536585
2024-01-30 03:30:00,Other,1,0.34806363289162,0.49413298565840924
2024-01-30 03:45:00,Other,1,0.2211134168590113,0.4098360655737705
2024-01-30 05:15:00,Other,1,0.4458682289149726,0.5365853658536585
2024-01-30 05:45:00,Other,1,0.4739199627579015,0.5365853658536585
2024-01-30 06:45:00,Other,1,0.4674014473184256,0.5365853658536585
2024-01-30 07:00:00,London,1,0.4725528336428802,0.5365853658536585
2024-01-30 07:15:00,London,1,0.4157322599261795,0.49413298565840924
2024-01-30 08:45:00,London,0,0.4066252711010878,0.49413298565840924
2024-01-30 09:45:00,London,1,0.7049669320306888,0.6214689265536721
2024-01-30 10:15:00,London,1,0.5844415808907097,0.5554711246200612
2024-01-30 10:30:00,London,0,0.6628747428053726,0.5554711246200612
2024-01-30 11:00:00,London,0,0.6256516261941669,0.5554711246200612
2024-01-30 14:45:00,London,0,0.3269043031362425,0.49413298565840924
2024-01-30 20:30:00,NY,1,0.6308031456885286,0.5554711246200612
2024-01-30 20:45:00,NY,1,0.6614735615559033,0.5554711246200612
2024-01-30 21:30:00,NY,1,0.6706465078613078,0.5573770491803278
2024-01-30 21:45:00,NY,0,0.6113165820079449,0.5554711246200612
2024-01-30 23:15:00,Other,1,0.6946061651458982,0.6214689265536721
2024-01-31 00:00:00,Other,0,0.4639463534201145,0.5365853658536585
2024-01-31 00:30:00,Other,0,0.2033332297956753,0.4098360655737705
2024-01-31 01:30:00,Other,0,0.3295353405418366,0.49413298565840924
2024-01-31 01:45:00,Other,0,0.357892348505272,0.49413298565840924
2024-01-31 02:00:00,Other,0,0.3986564036906427,0.49413298565840924
2024-01-31 08:45:00,London,0,0.49262890897673,0.5365853658536585
2024-01-31 09:00:00,London,1,0.4001824245506842,0.49413298565840924
2024-01-31 09:45:00,London,0,0.4068705758734143,0.49413298565840924
2024-01-31 10:00:00,London,1,0.4051417119786517,0.49413298565840924
2024-01-31 10:15:00,London,1,0.3195713524724452,0.49413298565840924
2024-01-31 10:30:00,London,1,0.5283618903141504,0.5365853658536585
2024-01-31 12:45:00,London,1,0.3741021801828904,0.49413298565840924
2024-01-31 15:15:00,London,1,0.4411001480202793,0.5365853658536585
2024-01-31 15:30:00,London,1,0.4411001480202793,0.5365853658536585
2024-01-31 15:45:00,London,1,0.5628814924560953,0.5554711246200612
2024-01-31 16:00:00,London,1,0.5879502330622788,0.5554711246200612
2024-01-31 17:00:00,NY,0,0.340626265738819,0.49413298565840924
2024-01-31 17:45:00,NY,0,0.366956768263694,0.49413298565840924
2024-01-31 18:30:00,NY,1,0.1625486439308236,0.3142857142857143
2024-01-31 19:00:00,NY,0,0.5827723639878803,0.5554711246200612
2024-01-31 19:15:00,NY,1,0.6418548803099243,0.5554711246200612
2024-01-31 19:45:00,NY,0,0.6675152892265599,0.5554711246200612
2024-02-01 00:45:00,Other,1,0.461471970321497,0.5365853658536585
2024-02-01 01:00:00,Other,1,0.3442050895447916,0.49413298565840924
2024-02-01 02:30:00,Other,1,0.3519279448521698,0.49413298565840924
2024-02-01 03:00:00,Other,0,0.6267732237113701,0.5554711246200612
2024-02-01 03:15:00,Other,0,0.3473773017234136,0.49413298565840924
2024-02-01 04:30:00,Other,0,0.46511331544473,0.5365853658536585
2024-02-01 05:15:00,Other,0,0.4968866410262906,0.5365853658536585
2024-02-01 05:30:00,Other,0,0.522148073153698,0.5365853658536585
2024-02-01 07:00:00,London,0,0.3010563580024664,0.49413298565840924
2024-02-01 08:00:00,London,1,0.4396405365475834,0.5365853658536585
2024-02-01 08:45:00,London,0,0.2248090817835898,0.4098360655737705
2024-02-01 09:00:00,London,1,0.2102416422953608,0.4098360655737705
2024-02-01 09:15:00,London,0,0.3005362104501884,0.49413298565840924
2024-02-01 10:15:00,London,0,0.2492049909164663,0.4583333333333333
2024-02-01 10:30:00,London,0,0.5316678502389267,0.5365853658536585
2024-02-01 10:45:00,London,1,0.5108745275442068,0.5365853658536585
2024-02-01 17:45:00,NY,1,0.7786028385929642,0.6214689265536721
2024-02-01 18:15:00,NY,1,0.4047675154801141,0.49413298565840924
2024-02-01 18:30:00,NY,0,0.4666772030383044,0.5365853658536585
2024-02-01 19:00:00,NY,0,0.3747792770413945,0.49413298565840924
2024-02-01 19:45:00,NY,0,0.2373075182058386,0.4166666666666667
2024-02-01 20:00:00,NY,1,0.499935104809909,0.5365853658536585
2024-02-01 20:45:00,NY,0,0.6522212244347402,0.5554711246200612
2024-02-01 21:00:00,NY,1,0.3035371019409637,0.49413298565840924
2024-02-01 21:15:00,NY,1,0.4792556573856723,0.5365853658536585
2024-02-01 21:45:00,NY,1,0.7238168006929535,0.6214689265536721
2024-02-02 00:00:00,Other,0,0.6696488350673564,0.5554711246200612
2024-02-02 00:15:00,Other,0,0.5769707281544226,0.5554711246200612
2024-02-02 00:45:00,Other,1,0.59211548587165,0.5554711246200612
2024-02-02 01:00:00,Other,0,0.6517670644094127,0.5554711246200612
2024-02-02 01:15:00,Other,1,0.5133604748865663,0.5365853658536585
2024-02-02 01:30:00,Other,0,0.5086110893485875,0.5365853658536585
2024-02-02 01:45:00,Other,0,0.5133604748865663,0.5365853658536585
2024-02-02 06:15:00,Other,1,0.3266279722626408,0.49413298565840924
2024-02-02 07:00:00,London,0,0.305714664878786,0.49413298565840924
2024-02-02 08:15:00,London,1,0.4222614783134667,0.49413298565840924
2024-02-02 08:30:00,London,0,0.3765049723608127,0.49413298565840924
2024-02-02 09:30:00,London,0,0.2616234113001215,0.4583333333333333
2024-02-02 13:45:00,London,0,0.6775929424543423,0.5573770491803278
2024-02-02 19:00:00,NY,0,0.5445710187861885,0.5365853658536585
2024-02-02 20:00:00,NY,0,0.5186133288957965,0.5365853658536585
2024-02-02 20:15:00,NY,0,0.48290577664032,0.5365853658536585
2024-02-02 20:30:00,NY,1,0.54971566365011,0.5554711246200612
2024-02-02 21:00:00,NY,1,0.6431528860416025,0.5554711246200612
2024-02-02 21:15:00,NY,1,0.6881465247154498,0.6214689265536721
2024-02-02 21:30:00,NY,1,0.7084972621061832,0.6214689265536721
2024-02-02 21:45:00,NY,1,0.7614979935641807,0.6214689265536721
2024-02-04 23:15:00,Other,0,0.5573868952342593,0.5554711246200612
2024-02-04 23:30:00,Other,0,0.6054445282197332,0.5554711246200612
2024-02-04 23:45:00,Other,0,0.5797078179506874,0.5554711246200612
2024-02-05 00:15:00,Other,1,0.3292768055231776,0.49413298565840924
2024-02-05 19:15:00,NY,0,0.5086378250853408,0.5365853658536585
2024-02-05 19:45:00,NY,0,0.7257563093373374,0.6214689265536721
2024-02-05 20:30:00,NY,0,0.6782050208519422,0.5573770491803278
2024-02-05 21:00:00,NY,0,0.8708618405019733,0.7352941176470589
2024-02-05 21:30:00,NY,0,0.8661882999555596,0.7101449275362319
2024-02-05 21:45:00,NY,1,0.8785876893444458,0.7352941176470589
2024-02-05 23:15:00,Other,1,0.84258645257015,0.7101449275362319
2024-02-06 01:15:00,Other,0,0.3468893570371272,0.49413298565840924
2024-02-06 02:15:00,Other,1,0.5311934162604589,0.5365853658536585
2024-02-06 02:30:00,Other,0,0.6430716466134956,0.5554711246200612
2024-02-06 02:45:00,Other,0,0.6058619695858452,0.5554711246200612
2024-02-06 03:00:00,Other,1,0.5213102480918375,0.5365853658536585
2024-02-06 03:15:00,Other,1,0.5718010101187828,0.5554711246200612
2024-02-06 03:30:00,Other,1,0.5720538816273664,0.5554711246200612
2024-02-06 06:15:00,Other,1,0.5326272318355786,0.5365853658536585
2024-02-06 07:00:00,London,0,0.5280021453811762,0.5365853658536585
2024-02-06 08:00:00,London,0,0.7527208659250929,0.6214689265536721
2024-02-06 08:45:00,London,1,0.6528109619208647,0.5554711246200612
2024-02-06 13:30:00,London,1,0.5498695742937966,0.5554711246200612
2024-02-06 13:45:00,London,1,0.72915160583943,0.6214689265536721
2024-02-06 14:15:00,London,1,0.7080029157348969,0.6214689265536721
2024-02-06 15:00:00,London,1,0.8046082430557174,0.7090909090909091
2024-02-06 15:30:00,London,0,0.6998768389599989,0.6214689265536721
2024-02-06 15:45:00,London,1,0.6693700701822536,0.5554711246200612
2024-02-06 16:30:00,London,0,0.444960709967397,0.5365853658536585
2024-02-06 17:15:00,NY,1,0.9078826974053692,0.8
2024-02-06 17:45:00,NY,0,0.4445880480995282,0.5365853658536585
2024-02-06 18:30:00,NY,0,0.7253829991854317,0.6214689265536721
2024-02-06 18:45:00,NY,0,0.7572091394568625,0.6214689265536721
2024-02-06 19:00:00,NY,1,0.9448551460816182,0.8333333333333334
2024-02-06 19:15:00,NY,0,0.7707607874570216,0.6214689265536721
2024-02-06 19:45:00,NY,0,0.7973490324266891,0.6214689265536721
2024-02-06 20:15:00,NY,0,0.9116862020335436,0.8
2024-02-06 20:30:00,NY,0,0.9094022234353498,0.8
2024-02-06 20:45:00,NY,0,0.8824322860856183,0.7352941176470589
2024-02-06 21:00:00,NY,0,0.392281697094896,0.49413298565840924
2024-02-06 21:30:00,NY,0,0.7808467739908718,0.6214689265536721
2024-02-06 23:00:00,Other,0,0.8497307514418199,0.7101449275362319
2024-02-06 23:45:00,Other,0,0.5034112161391869,0.5365853658536585
2024-02-07 00:00:00,Other,0,0.1983736447284552,0.4098360655737705
2024-02-07 00:45:00,Other,0,0.2007623059615756,0.4098360655737705
2024-02-07 01:00:00,Other,0,0.1877106212447639,0.3142857142857143
2024-02-07 07:45:00,London,0,0.2243881155562344,0.4098360655737705
2024-02-07 08:00:00,London,0,0.5749872187415681,0.5554711246200612
2024-02-07 08:15:00,London,1,0.5652272765758201,0.5554711246200612
2024-02-07 11:45:00,London,0,0.4589760076258092,0.5365853658536585
2024-02-07 12:15:00,London,1,0.6195889016826021,0.5554711246200612
2024-02-07 15:00:00,London,1,0.8159838676864367,0.7101449275362319
2024-02-07 15:45:00,London,1,0.7004729204415217,0.6214689265536721
2024-02-07 16:00:00,London,0,0.6486820110932469,0.5554711246200612
2024-02-07 17:00:00,NY,0,0.2086736102998014,0.4098360655737705
2024-02-07 17:30:00,NY,0,0.7003307600198976,0.6214689265536721
2024-02-07 17:45:00,NY,0,0.5646367983974719,0.5554711246200612
2024-02-07 18:30:00,NY,1,0.4422151361481814,0.5365853658536585
2024-02-08 02:30:00,Other,0,0.3107802543228387,0.49413298565840924
2024-02-08 02:45:00,Other,0,0.3154742717358123,0.49413298565840924
2024-02-08 03:00:00,Other,0,0.2555202804601974,0.4583333333333333
2024-02-08 03:15:00,Other,0,0.4688318034933101,0.5365853658536585
2024-02-08 03:30:00,Other,0,0.3956137064361036,0.49413298565840924
2024-02-08 03:45:00,Other,1,0.3374299622175959,0.49413298565840924
2024-02-08 04:00:00,Other,0,0.2306567878255991,0.4098360655737705
2024-02-08 04:15:00,Other,0,0.3653493071469114,0.49413298565840924
2024-02-08 04:45:00,Other,1,0.412036007194943,0.49413298565840924
2024-02-08 10:45:00,London,0,0.3188865402712784,0.49413298565840924
2024-02-08 11:15:00,London,0,0.6497245126636761,0.5554711246200612
2024-02-08 11:30:00,London,0,0.659168528363179,0.5554711246200612
2024-02-08 12:00:00,London,0,0.5644117687358532,0.5554711246200612
2024-02-08 12:15:00,London,0,0.5200317923461499,0.5365853658536585
2024-02-08 12:30:00,London,0,0.5711929141045858,0.5554711246200612
2024-02-08 12:45:00,London,0,0.6181822430022649,0.5554711246200612
2024-02-08 13:00:00,London,1,0.5997432650682436,0.5554711246200612
2024-02-08 13:15:00,London,0,0.5706165583997067,0.5554711246200612
2024-02-08 13:45:00,London,1,0.5698913649449836,0.5554711246200612
2024-02-08 18:15:00,NY,0,0.5179605124701737,0.5365853658536585
2024-02-08 19:30:00,NY,1,0.9031931438170412,0.8
2024-02-08 19:45:00,NY,1,0.5674356341821073,0.5554711246200612
2024-02-08 20:00:00,NY,1,0.5606426810819916,0.5554711246200612
2024-02-08 20:15:00,NY,1,0.5778731566927523,0.5554711246200612
2024-02-08 21:00:00,NY,1,0.6398406065683356,0.5554711246200612
2024-02-08 21:15:00,NY,1,0.6466222631809759,0.5554711246200612
2024-02-08 21:45:00,NY,1,0.6627718869222036,0.5554711246200612
2024-02-08 23:45:00,Other,0,0.3819016684094193,0.49413298565840924
2024-02-09 00:15:00,Other,1,0.3041654926177933,0.49413298565840924
2024-02-09 01:30:00,Other,0,0.5889632782135834,0.5554711246200612
2024-02-09 02:00:00,Other,0,0.4335264190526518,0.49413298565840924
2024-02-09 02:45:00,Other,0,0.1777835325179011,0.3142857142857143
2024-02-09 03:45:00,Other,0,0.2929073144521757,0.49413298565840924
2024-02-09 04:15:00,Other,1,0.2799795901531257,0.49413298565840924
2024-02-09 04:30:00,Other,0,0.5595267989803762,0.5554711246200612
2024-02-09 07:15:00,London,0,0.5110370725090703,0.5365853658536585
2024-02-09 07:30:00,London,0,0.3781993305030882,0.49413298565840924
2024-02-09 08:00:00,London,1,0.5654328011073523,0.5554711246200612
2024-02-09 13:45:00,London,1,0.4972215268193265,0.5365853658536585
2024-02-09 14:00:00,London,0,0.5949344474278554,0.5554711246200612
2024-02-09 14:15:00,London,0,0.5387322535162502,0.5365853658536585
2024-02-09 14:45:00,London,0,0.5786845656180709,0.5554711246200612
2024-02-09 15:15:00,London,0,0.576736111700435,0.5554711246200612
2024-02-11 23:15:00,Other,0,0.745711077247896,0.6214689265536721
2024-02-11 23:30:00,Other,1,0.7376340427160331,0.6214689265536721
2024-02-11 23:45:00,Other,0,0.75430745934531,0.6214689265536721
2024-02-12 00:15:00,Other,0,0.5307729563084828,0.5365853658536585
2024-02-12 00:45:00,Other,0,0.5943749285104067,0.5554711246200612
2024-02-12 01:15:00,Other,0,0.521105946866865,0.5365853658536585
2024-02-12 02:15:00,Other,1,0.6040075225823396,0.5554711246200612
2024-02-12 02:30:00,Other,1,0.5061539199231626,0.5365853658536585
2024-02-12 02:45:00,Other,1,0.5061539199231626,0.5365853658536585
2024-02-12 08:45:00,London,0,0.6633915710781738,0.5554711246200612
2024-02-12 09:00:00,London,0,0.7898129592026613,0.6214689265536721
2024-02-12 09:15:00,London,0,0.7646842279195403,0.6214689265536721
2024-02-12 09:30:00,London,0,0.6011857877542686,0.5554711246200612
2024-02-12 09:45:00,London,1,0.6065642253284075,0.5554711246200612
2024-02-12 10:00:00,London,1,0.593913967718341,0.5554711246200612
2024-02-12 13:30:00,London,0,0.5623760066885033,0.5554711246200612
2024-02-12 13:45:00,London,0,0.441631731005036,0.5365853658536585
2024-02-12 14:15:00,London,1,0.4151627225908655,0.49413298565840924
2024-02-13 01:15:00,Other,0,0.3746738940827203,0.49413298565840924
2024-02-13 01:30:00,Other,0,0.4561476565540068,0.5365853658536585
2024-02-13 01:45:00,Other,0,0.458391760107676,0.5365853658536585
2024-02-13 02:00:00,Other,0,0.425822825990413,0.49413298565840924
2024-02-13 02:15:00,Other,0,0.4272120453531249,0.49413298565840924
2024-02-13 02:30:00,Other,0,0.4537870100914737,0.5365853658536585
2024-02-13 03:00:00,Other,1,0.1330195125778966,0.3142857142857143
2024-02-13 11:45:00,London,1,0.5878503933267698,0.5554711246200612
2024-02-13 12:00:00,London,0,0.6498154101931916,0.5554711246200612
2024-02-13 12:15:00,London,1,0.4370582634047474,0.5365853658536585
2024-02-13 13:15:00,London,0,0.6650208035888263,0.5554711246200612
2024-02-13 13:45:00,London,0,0.5757480317015784,0.5554711246200612
2024-02-13 14:00:00,London,1,0.4500496989756764,0.5365853658536585
2024-02-13 14:15:00,London,0,0.3801235230616926,0.49413298565840924
2024-02-13 14:30:00,London,0,0.5378831582156979,0.5365853658536585
2024-02-14 02:15:00,Other,1,0.4300150916133696,0.49413298565840924
2024-02-14 02:30:00,Other,1,0.4396812730505365,0.5365853658536585
2024-02-14 02:45:00,Other,1,0.4708081050411177,0.5365853658536585
2024-02-14 03:00:00,Other,1,0.4024397213480428,0.49413298565840924
2024-02-14 04:30:00,Other,0,0.3790373397591401,0.49413298565840924
2024-02-14 04:45:00,Other,0,0.3826222797051862,0.49413298565840924
2024-02-14 05:15:00,Other,0,0.2900925623667919,0.49413298565840924
2024-02-14 05:45:00,Other,0,0.2614339938832915,0.4583333333333333
2024-02-14 06:00:00,Other,0,0.2742497094643633,0.4878048780487805
2024-02-14 06:15:00,Other,0,0.2900925623667919,0.49413298565840924
2024-02-14 06:30:00,Other,0,0.3057234741668337,0.49413298565840924
2024-02-14 06:45:00,Other,0,0.3143605458165624,0.49413298565840924
2024-02-14 07:15:00,London,0,0.3209828112642419,0.49413298565840924
2024-02-14 07:45:00,London,1,0.4795768203639852,0.5365853658536585
2024-02-14 08:00:00,London,0,0.4999732507727977,0.5365853658536585
2024-02-14 08:15:00,London,1,0.5495035585631343,0.5554711246200612
2024-02-14 11:15:00,London,1,0.4604059612816208,0.5365853658536585
2024-02-14 11:30:00,London,0,0.5079632872212243,0.5365853658536585
2024-02-14 11:45:00,London,0,0.4627749535429923,0.5365853658536585
2024-02-14 12:15:00,London,1,0.4133089386498034,0.49413298565840924
2024-02-14 13:15:00,London,0,0.4775299006920319,0.5365853658536585
2024-02-14 14:00:00,London,1,0.4446056608788792,0.5365853658536585
2024-02-14 14:15:00,London,0,0.4446056608788792,0.5365853658536585
2024-02-14 18:30:00,NY,0,0.4853282712285197,0.5365853658536585
2024-02-14 19:15:00,NY,1,0.5445456880064374,0.5365853658536585
2024-02-14 20:30:00,NY,1,0.708800581685519,0.6214689265536721
2024-02-14 21:00:00,NY,1,0.2383667819790969,0.4166666666666667
2024-02-14 23:30:00,Other,1,0.4525338888627464,0.5365853658536585
2024-02-14 23:45:00,Other,0,0.5142059053684531,0.5365853658536585
2024-02-15 00:00:00,Other,0,0.5148672992484208,0.5365853658536585
2024-02-15 00:45:00,Other,0,0.6115138954509336,0.5554711246200612
2024-02-15 01:30:00,Other,1,0.6612404500645307,0.5554711246200612
2024-02-15 01:45:00,Other,0,0.6612404500645307,0.5554711246200612
2024-02-15 02:15:00,Other,0,0.4983159055894283,0.5365853658536585
2024-02-15 02:30:00,Other,0,0.5385561060504394,0.5365853658536585
2024-02-15 03:00:00,Other,0,0.383590542105739,0.49413298565840924
2024-02-15 03:15:00,Other,0,0.3532977093479679,0.49413298565840924
2024-02-15 08:30:00,London,1,0.5773355373309479,0.5554711246200612
2024-02-15 08:45:00,London,1,0.5718945960406707,0.5554711246200612
2024-02-15 09:30:00,London,1,0.5248634522685217,0.5365853658536585
2024-02-15 09:45:00,London,1,0.5822758208579285,0.5554711246200612
2024-02-15 10:30:00,London,0,0.6418373149975509,0.5554711246200612
2024-02-15 10:45:00,London,1,0.6709808031254961,0.5573770491803278
2024-02-15 11:00:00,London,1,0.5214532032588243,0.5365853658536585
2024-02-15 11:15:00,London,1,0.6110947521423107,0.5554711246200612
2024-02-15 11:30:00,London,1,0.6932804020152641,0.6214689265536721
2024-02-15 12:00:00,London,1,0.6570523138836479,0.5554711246200612
2024-02-15 12:30:00,London,1,0.6084833967624508,0.5554711246200612
2024-02-15 14:00:00,London,1,0.5474774253914279,0.5365853658536585
2024-02-15 14:15:00,London,1,0.5038644408079747,0.5365853658536585
2024-02-15 15:15:00,London,0,0.5277965723947375,0.5365853658536585
2024-02-15 15:30:00,London,0,0.2660517356916174,0.4878048780487805
2024-02-15 16:00:00,London,0,0.4566042737867595,0.5365853658536585
2024-02-15 16:30:00,London,1,0.4498995638026151,0.5365853658536585
2024-02-15 17:00:00,NY,1,0.5705514852133592,0.5554711246200612
2024-02-15 18:00:00,NY,1,0.4315188204066548,0.49413298565840924
2024-02-15 19:45:00,NY,0,0.4118025932843309,0.49413298565840924
2024-02-15 20:00:00,NY,1,0.8206402990308417,0.7101449275362319
2024-02-15 20:30:00,NY,0,0.5478683841939868,0.5365853658536585
2024-02-15 20:45:00,NY,0,0.6018579110803262,0.5554711246200612
2024-02-15 21:15:00,NY,0,0.5714388781006847,0.5554711246200612
2024-02-15 21:30:00,NY,0,0.6838815152258145,0.6041666666666666
2024-02-15 21:45:00,NY,0,0.687029020551372,0.6111111111111112
2024-02-15 23:15:00,Other,0,0.7077028024626548,0.6214689265536721
2024-02-15 23:30:00,Other,1,0.905390404753012,0.8
2024-02-15 23:45:00,Other,1,0.5409217165319825,0.5365853658536585
2024-02-16 00:15:00,Other,1,0.4354641421414991,0.5365853658536585
2024-02-16 07:45:00,London,1,0.4658707877453339,0.5365853658536585
2024-02-16 08:00:00,London,1,0.7102214568073051,0.6214689265536721
2024-02-16 08:15:00,London,1,0.7102214568073051,0.6214689265536721
2024-02-16 09:00:00,London,1,0.7140800144160885,0.6214689265536721
2024-02-16 09:30:00,London,1,0.473406157090035,0.5365853658536585
2024-02-16 09:45:00,London,1,0.5799683774497366,0.5554711246200612
2024-02-16 10:00:00,London,1,0.6561885908119109,0.5554711246200612
2024-02-16 10:30:00,London,0,0.5716159308910986,0.5554711246200612
2024-02-16 11:00:00,London,0,0.7536283343750402,0.6214689265536721
2024-02-16 11:30:00,London,0,0.6471031982969639,0.5554711246200612
2024-02-16 12:45:00,London,0,0.616558930424121,0.5554711246200612
2024-02-16 13:00:00,London,1,0.5912583896777965,0.5554711246200612
2024-02-16 13:15:00,London,0,0.5814853396893147,0.5554711246200612
2024-02-16 16:00:00,London,1,0.3504039751099653,0.49413298565840924
2024-02-16 16:15:00,London,1,0.4004293744596925,0.49413298565840924
2024-02-16 16:30:00,London,0,0.3685578196144841,0.49413298565840924
2024-02-16 16:45:00,London,1,0.3685578196144841,0.49413298565840924
2024-02-16 17:15:00,NY,1,0.4501877388121548,0.5365853658536585
2024-02-16 17:30:00,NY,1,0.500215402980818,0.5365853658536585
2024-02-16 17:45:00,NY,0,0.6245343704929116,0.5554711246200612
2024-02-16 18:30:00,NY,1,0.4058794899105382,0.49413298565840924
2024-02-16 18:45:00,NY,1,0.6001109592255883,0.5554711246200612
2024-02-16 19:00:00,NY,0,0.6090837715266971,0.5554711246200612
2024-02-16 20:00:00,NY,1,0.8175261568239078,0.7101449275362319
2024-02-16 20:15:00,NY,0,0.4721374861814955,0.5365853658536585
2024-02-16 20:30:00,NY,0,0.4291075527001609,0.49413298565840924
2024-02-16 21:00:00,NY,0,0.5291118980859664,0.5365853658536585
2024-02-19 01:45:00,Other,1,0.493629799749035,0.5365853658536585
2024-02-19 02:30:00,Other,0,0.6486402329788659,0.5554711246200612
2024-02-19 03:00:00,Other,0,0.5568745204484984,0.5554711246200612
2024-02-19 03:15:00,Other,0,0.5018337803147883,0.5365853658536585
2024-02-19 03:30:00,Other,0,0.300830305501764,0.49413298565840924
2024-02-19 03:45:00,Other,0,0.3491948783075997,0.49413298565840924
2024-02-19 04:45:00,Other,1,0.7204728613629972,0.6214689265536721
2024-02-19 05:30:00,Other,1,0.5208046541773351,0.5365853658536585
2024-02-19 06:00:00,Other,1,0.3586846831382786,0.49413298565840924
2024-02-19 06:15:00,Other,0,0.3212198762404091,0.49413298565840924
2024-02-19 06:30:00,Other,0,0.3113988335548862,0.49413298565840924
2024-02-19 07:00:00,London,0,0.3790800197659166,0.49413298565840924
2024-02-19 07:30:00,London,0,0.4136474485234553,0.49413298565840924
2024-02-19 09:00:00,London,0,0.3578691553484195,0.49413298565840924
2024-02-19 09:30:00,London,0,0.4357411035959307,0.5365853658536585
2024-02-19 10:00:00,London,0,0.4220488812123253,0.49413298565840924
2024-02-20 02:30:00,Other,0,0.6025897159475667,0.5554711246200612
2024-02-20 02:45:00,Other,1,0.5836758236835885,0.5554711246200612
2024-02-20 03:00:00,Other,1,0.5026979702087209,0.5365853658536585
2024-02-20 03:30:00,Other,1,0.2773837360475862,0.49413298565840924
2024-02-20 04:15:00,Other,1,0.4347440050633161,0.5365853658536585
2024-02-20 04:30:00,Other,1,0.3819265669983904,0.49413298565840924
2024-02-20 05:00:00,Other,1,0.4116755780901974,0.49413298565840924
2024-02-20 05:15:00,Other,1,0.5188121724869827,0.5365853658536585
2024-02-20 06:15:00,Other,1,0.4573966142530189,0.5365853658536585
2024-02-20 06:30:00,Other,1,0.305495749587255,0.49413298565840924
2024-02-20 06:45:00,Other,1,0.5423370996347489,0.5365853658536585
2024-02-20 07:30:00,London,0,0.478802657002327,0.5365853658536585
2024-02-20 07:45:00,London,1,0.4087097266385366,0.49413298565840924
2024-02-20 08:00:00,London,1,0.5031053518996691,0.5365853658536585
2024-02-20 08:15:00,London,0,0.5161278404336266,0.5365853658536585
2024-02-20 08:30:00,London,1,0.4278137562322925,0.49413298565840924
2024-02-20 09:15:00,London,1,0.696869960925878,0.6214689265536721
2024-02-20 09:30:00,London,0,0.6637315253636459,0.5554711246200612
2024-02-20 09:45:00,London,1,0.6968309445504608,0.6214689265536721
2024-02-20 10:15:00,London,1,0.6820152030581913,0.6041666666666666
2024-02-20 12:15:00,London,1,0.6166258309655087,0.5554711246200612
2024-02-20 12:30:00,London,1,0.4429641032211078,0.5365853658536585
2024-02-20 12:45:00,London,1,0.6547665896742244,0.5554711246200612
2024-02-20 13:30:00,London,1,0.7351466758004919,0.6214689265536721
2024-02-20 13:45:00,London,0,0.5512470287992521,0.5554711246200612
2024-02-21 06:00:00,Other,1,0.4423780512766425,0.5365853658536585
2024-02-21 06:15:00,Other,0,0.4215750100597058,0.49413298565840924
2024-02-21 06:30:00,Other,0,0.4040533609085734,0.49413298565840924
2024-02-21 06:45:00,Other,0,0.5214259984520521,0.5365853658536585
2024-02-21 07:00:00,London,0,0.5347461303306842,0.5365853658536585
2024-02-21 07:15:00,London,0,0.4899132344680303,0.5365853658536585
2024-02-21 07:30:00,London,0,0.5371263856705598,0.5365853658536585
2024-02-21 08:30:00,London,1,0.4527462771386389,0.5365853658536585
2024-02-21 08:45:00,London,1,0.4612542112593859,0.5365853658536585
2024-02-21 13:30:00,London,0,0.6628945290679183,0.5554711246200612
2024-02-21 13:45:00,London,1,0.6160528452958034,0.5554711246200612
2024-02-21 14:15:00,London,0,0.7709439119253276,0.6214689265536721
2024-02-21 15:30:00,London,0,0.4609518685148192,0.5365853658536585
2024-02-21 15:45:00,London,0,0.7947868785586183,0.6214689265536721
2024-02-21 16:00:00,London,0,0.6332542885375312,0.5554711246200612
2024-02-21 16:30:00,London,0,0.6409429552960572,0.5554711246200612
2024-02-21 17:00:00,NY,1,0.5237157224652409,0.5365853658536585
2024-02-22 02:15:00,Other,1,0.4876874470447822,0.5365853658536585
2024-02-22 02:30:00,Other,1,0.3614318332458823,0.49413298565840924
2024-02-22 02:45:00,Other,0,0.3311667323612129,0.49413298565840924
2024-02-22 03:00:00,Other,1,0.2527265078378432,0.4583333333333333
2024-02-22 03:15:00,Other,1,0.2820626812503144,0.49413298565840924
2024-02-22 04:15:00,Other,1,0.3784512241339007,0.49413298565840924
2024-02-22 04:30:00,Other,1,0.44747045242162,0.5365853658536585
2024-02-22 04:45:00,Other,1,0.3172591829964105,0.49413298565840924
2024-02-22 05:00:00,Other,0,0.4229708689675135,0.49413298565840924
2024-02-22 05:15:00,Other,1,0.4693321061856246,0.5365853658536585
2024-02-22 05:30:00,Other,1,0.5207822108054888,0.5365853658536585
2024-02-22 06:00:00,Other,0,0.4587212521157422,0.5365853658536585
2024-02-22 06:15:00,Other,0,0.4407298968327857,0.5365853658536585
2024-02-22 06:30:00,Other,1,0.4587212521157422,0.5365853658536585
2024-02-22 06:45:00,Other,1,0.5294287534088548,0.5365853658536585
2024-02-22 07:00:00,London,1,0.461562650907425,0.5365853658536585
2024-02-22 07:15:00,London,1,0.4038004770603112,0.49413298565840924
2024-02-22 07:45:00,London,1,0.4038004770603112,0.49413298565840924
2024-02-22 08:15:00,London,0,0.5136504867150291,0.5365853658536585
2024-02-22 08:45:00,London,0,0.443697015309467,0.5365853658536585
2024-02-22 09:00:00,London,0,0.6037770636026037,0.5554711246200612
2024-02-22 10:00:00,London,1,0.4933846564777582,0.5365853658536585
2024-02-22 10:30:00,London,0,0.5856164645297549,0.5554711246200612
2024-02-22 10:45:00,London,0,0.4556640164244253,0.5365853658536585
2024-02-23 02:15:00,Other,0,0.6633807228223626,0.5554711246200612
2024-02-23 02:30:00,Other,0,0.6652758194644496,0.5554711246200612
2024-02-23 02:45:00,Other,1,0.6652758194644496,0.5554711246200612
2024-02-23 03:15:00,Other,0,0.7075164633697428,0.6214689265536721
2024-02-23 03:30:00,Other,0,0.6915530282015305,0.6214689265536721
2024-02-23 03:45:00,Other,0,0.6241168902623843,0.5554711246200612
2024-02-23 04:15:00,Other,0,0.7357891930124077,0.6214689265536721
2024-02-23 04:30:00,Other,0,0.7517782536045073,0.6214689265536721
2024-02-23 05:15:00,Other,0,0.8399157302818462,0.7101449275362319
2024-02-23 05:30:00,Other,0,0.757420240484267,0.6214689265536721
2024-02-23 05:45:00,Other,0,0.5035624084574312,0.5365853658536585
2024-02-23 06:00:00,Other,0,0.3812212158619668,0.49413298565840924
2024-02-23 06:15:00,Other,1,0.481053152721645,0.5365853658536585
2024-02-23 13:45:00,London,1,0.7086366024958185,0.6214689265536721
2024-02-23 14:00:00,London,1,0.5101364080310931,0.5365853658536585
2024-02-23 14:15:00,London,1,0.4114884292255074,0.49413298565840924
2024-02-23 14:45:00,London,1,0.761998909719107,0.6214689265536721
2024-02-23 15:00:00,London,1,0.7188101285900819,0.6214689265536721
2024-02-23 15:30:00,London,1,0.3709773069572564,0.49413298565840924
2024-02-23 15:45:00,London,1,0.5741113081486919,0.5554711246200612
2024-02-23 16:00:00,London,1,0.7783061272462815,0.6214689265536721
2024-02-23 16:15:00,London,1,0.7607341268677954,0.6214689265536721
2024-02-23 16:45:00,London,0,0.3853027074761874,0.49413298565840924
2024-02-23 17:30:00,NY,0,0.4053702154164063,0.49413298565840924
2024-02-23 17:45:00,NY,1,0.7029284643067353,0.6214689265536721
2024-02-23 18:00:00,NY,1,0.4722306747991284,0.5365853658536585
2024-02-23 18:30:00,NY,1,0.6789965926060811,0.5573770491803278
2024-02-23 19:00:00,NY,0,0.5700643700485988,0.5554711246200612
2024-02-23 19:15:00,NY,0,0.6692981214784833,0.5554711246200612
2024-02-25 23:15:00,Other,0,0.4746727654083133,0.5365853658536585
2024-02-25 23:30:00,Other,0,0.4900539739963494,0.5365853658536585
2024-02-25 23:45:00,Other,0,0.2990553171613458,0.49413298565840924
2024-02-26 00:15:00,Other,0,0.2767275980692781,0.49413298565840924
2024-02-26 00:30:00,Other,1,0.3653318043118577,0.49413298565840924
2024-02-26 00:45:00,Other,1,0.3455069231976172,0.49413298565840924
2024-02-26 03:00:00,Other,1,0.3633579482316022,0.49413298565840924
2024-02-26 03:30:00,Other,1,0.3640525243317578,0.49413298565840924
2024-02-26 03:45:00,Other,1,0.3386576732182549,0.49413298565840924
2024-02-26 04:30:00,Other,1,0.3563493528066707,0.49413298565840924
2024-02-26 04:45:00,Other,1,0.426341320232006,0.49413298565840924
2024-02-26 05:00:00,Other,1,0.498662011184957,0.5365853658536585
2024-02-26 05:15:00,Other,0,0.2627545187200382,0.46153846153846156
2024-02-26 05:30:00,Other,0,0.2451339591262378,0.42105263157894735
2024-02-26 06:00:00,Other,1,0.2426512710462647,0.42105263157894735
2024-02-26 06:45:00,Other,1,0.6653368631822532,0.5554711246200612
2024-02-26 07:15:00,London,0,0.3272385660643562,0.49413298565840924
2024-02-26 07:30:00,London,0,0.4160043212716012,0.49413298565840924
2024-02-26 09:00:00,London,0,0.4462861991344612,0.5365853658536585
2024-02-26 09:45:00,London,1,0.4462861991344612,0.5365853658536585
2024-02-26 10:30:00,London,0,0.4827772748679673,0.5365853658536585
2024-02-26 10:45:00,London,0,0.5689939547564452,0.5554711246200612
2024-02-26 21:00:00,NY,0,0.7622906388765314,0.6214689265536721
2024-02-26 21:15:00,NY,1,0.7634884210844981,0.6214689265536721
2024-02-26 21:30:00,NY,1,0.72102964953699,0.6214689265536721
2024-02-26 23:30:00,Other,1,0.7064154360195554,0.6214689265536721
2024-02-27 00:30:00,Other,1,0.4876447664484495,0.5365853658536585
2024-02-27 00:45:00,Other,1,0.1749657153177329,0.3142857142857143
2024-02-27 01:00:00,Other,1,0.5014478101091959,0.5365853658536585
2024-02-27 01:15:00,Other,1,0.1911502669870989,0.4098360655737705
2024-02-27 02:00:00,Other,1,0.5250440941637213,0.5365853658536585
2024-02-27 02:15:00,Other,1,0.3948733334251602,0.49413298565840924
2024-02-27 03:30:00,Other,1,0.153076888047692,0.3142857142857143
2024-02-27 04:00:00,Other,0,0.3841696559464218,0.49413298565840924
2024-02-27 05:00:00,Other,1,0.6186997631932295,0.5554711246200612
2024-02-27 05:30:00,Other,1,0.6186997631932295,0.5554711246200612
2024-02-27 06:00:00,Other,1,0.276740769830829,0.49413298565840924
2024-02-27 06:15:00,Other,1,0.2751514262119636,0.49413298565840924
2024-02-27 06:30:00,Other,1,0.3186933954927158,0.49413298565840924
2024-02-27 07:30:00,London,1,0.5092753744791199,0.5365853658536585
2024-02-27 07:45:00,London,1,0.5742614503089789,0.5554711246200612
2024-02-27 08:15:00,London,1,0.4622773579732923,0.5365853658536585
2024-02-27 08:30:00,London,0,0.408433616131424,0.49413298565840924
2024-02-27 09:00:00,London,0,0.4591742913908709,0.5365853658536585
2024-02-27 09:15:00,London,0,0.4048361717559693,0.49413298565840924
2024-02-27 09:30:00,London,1,0.4068899341018118,0.49413298565840924
2024-02-27 10:45:00,London,1,0.6847963676872505,0.6111111111111112
2024-02-27 12:15:00,London,0,0.5308376625699232,0.5365853658536585
2024-02-27 12:30:00,London,1,0.398640718824964,0.49413298565840924
2024-02-27 12:45:00,London,0,0.5080107712093053,0.5365853658536585
2024-02-27 13:15:00,London,0,0.5074161214276541,0.5365853658536585
2024-02-27 14:00:00,London,1,0.6660483832585767,0.5554711246200612
2024-02-27 14:30:00,London,0,0.6645068552305169,0.5554711246200612
2024-02-27 15:30:00,London,0,0.7442527516522817,0.6214689265536721
2024-02-27 16:15:00,London,0,0.641956816604116,0.5554711246200612
2024-02-27 16:30:00,London,0,0.3914744203372955,0.49413298565840924
2024-02-28 15:00:00,London,1,0.6660038808164913,0.5554711246200612
2024-02-28 15:30:00,London,1,0.859118184425635,0.7101449275362319
2024-02-28 15:45:00,London,1,0.5700049924104014,0.5554711246200612
2024-02-28 16:00:00,London,1,0.6467226280432063,0.5554711246200612
2024-02-28 17:45:00,NY,1,0.6675686995866199,0.5554711246200612
2024-02-28 18:00:00,NY,0,0.8196313535428899,0.7101449275362319
2024-02-28 18:30:00,NY,0,0.6768692147960284,0.5573770491803278
2024-02-28 18:45:00,NY,1,0.4780625764361704,0.5365853658536585
2024-02-28 19:15:00,NY,1,0.5621745810685232,0.5554711246200612
2024-02-28 19:30:00,NY,1,0.6020912141712347,0.5554711246200612
2024-02-28 20:00:00,NY,1,0.731341941513392,0.6214689265536721
2024-02-28 20:15:00,NY,1,0.6747963914230686,0.5573770491803278
2024-02-28 20:30:00,NY,1,0.6187681952881035,0.5554711246200612
2024-02-28 20:45:00,NY,1,0.7111418937119487,0.6214689265536721
2024-02-28 21:30:00,NY,0,0.7587075115659726,0.6214689265536721
2024-02-28 21:45:00,NY,1,0.7088649466734558,0.6214689265536721
2024-02-28 23:15:00,Other,1,0.4642365485618875,0.5365853658536585
2024-02-28 23:45:00,Other,1,0.5533168490861265,0.5554711246200612
2024-02-29 00:15:00,Other,1,0.398629211117379,0.49413298565840924
2024-02-29 02:00:00,Other,0,0.449696980965512,0.5365853658536585
2024-02-29 02:30:00,Other,0,0.3107802543228387,0.49413298565840924
2024-02-29 02:45:00,Other,0,0.3107802543228387,0.49413298565840924
2024-02-29 03:15:00,Other,0,0.2555202804601974,0.4583333333333333
2024-02-29 03:45:00,Other,0,0.2143512708960187,0.4098360655737705
2024-02-29 04:00:00,Other,0,0.4404485264783473,0.5365853658536585
2024-02-29 04:15:00,Other,0,0.3329692272456874,0.49413298565840924
2024-02-29 04:45:00,Other,1,0.1893593610539729,0.4098360655737705
2024-02-29 05:00:00,Other,1,0.5206448528975989,0.5365853658536585
2024-02-29 05:15:00,Other,1,0.5157127431629112,0.5365853658536585
2024-02-29 08:15:00,London,0,0.5302797833382532,0.5365853658536585
2024-02-29 08:30:00,London,1,0.4529729910264976,0.5365853658536585
2024-02-29 08:45:00,London,0,0.4227326020422801,0.49413298565840924
2024-02-29 09:15:00,London,0,0.4544444064772089,0.5365853658536585
2024-02-29 09:30:00,London,0,0.3077617008614575,0.49413298565840924
2024-02-29 09:45:00,London,0,0.5174546721169037,0.5365853658536585
2024-02-29 10:00:00,London,0,0.4602234058357474,0.5365853658536585
2024-02-29 10:15:00,London,0,0.5317489717896922,0.5365853658536585
2024-02-29 10:30:00,London,0,0.4568079343325928,0.5365853658536585
2024-02-29 10:45:00,London,0,0.5391933051035872,0.5365853658536585
2024-02-29 11:30:00,London,0,0.6281898602685534,0.5554711246200612
2024-02-29 15:15:00,London,1,0.4448927777609246,0.5365853658536585
2024-02-29 15:30:00,London,0,0.5117833539679209,0.5365853658536585
2024-02-29 16:00:00,London,0,0.3938524451876762,0.49413298565840924
2024-02-29 16:30:00,London,1,0.4586105594282141,0.5365853658536585
2024-02-29 16:45:00,London,1,0.4337752731107618,0.5365853658536585
2024-02-29 17:00:00,NY,0,0.5537658301223405,0.5554711246200612
2024-02-29 17:15:00,NY,0,0.1180027144833038,0.3142857142857143
2024-02-29 17:30:00,NY,1,0.4968724430914487,0.5365853658536585
2024-02-29 17:45:00,NY,0,0.6389876621276877,0.5554711246200612
2024-02-29 18:45:00,NY,0,0.3214401118018503,0.49413298565840924
2024-02-29 19:15:00,NY,0,0.3688659997432394,0.49413298565840924
2024-02-29 20:30:00,NY,0,0.6095776757478473,0.5554711246200612
2024-02-29 21:30:00,NY,1,0.685726443024554,0.6111111111111112
2024-02-29 21:45:00,NY,1,0.5963425873394055,0.5554711246200612
2024-02-29 23:00:00,Other,1,0.5938982234194791,0.5554711246200612
2024-03-01 04:00:00,Other,0,0.275627953811317,0.49413298565840924
2024-03-01 04:15:00,Other,0,0.2815732511915367,0.49413298565840924
2024-03-01 04:45:00,Other,0,0.2815732511915367,0.49413298565840924
2024-03-01 05:00:00,Other,1,0.2680600315185978,0.4878048780487805
2024-03-01 05:45:00,Other,1,0.2898316983483276,0.49413298565840924
2024-03-01 06:00:00,Other,1,0.5864144177045598,0.5554711246200612
2024-03-01 06:15:00,Other,0,0.3650428946247581,0.49413298565840924
2024-03-01 06:30:00,Other,0,0.4106319800530951,0.49413298565840924
2024-03-01 08:00:00,London,0,0.363775558089846,0.49413298565840924
2024-03-01 08:15:00,London,0,0.4305615716752469,0.49413298565840924
2024-03-01 08:30:00,London,1,0.4774627228158493,0.5365853658536585
2024-03-01 11:45:00,London,0,0.502453895270834,0.5365853658536585
2024-03-01 12:30:00,London,0,0.606357394536788,0.5554711246200612
2024-03-01 13:15:00,London,1,0.8036049184569566,0.7090909090909091
2024-03-01 13:30:00,London,1,0.564700531774772,0.5554711246200612
2024-03-01 14:00:00,London,0,0.8565327077957863,0.7101449275362319
2024-03-01 14:30:00,London,1,0.2005168310265169,0.4098360655737705
2024-03-01 19:30:00,NY,0,0.7965268865497906,0.6214689265536721
2024-03-01 21:00:00,NY,1,0.8623076660432435,0.7101449275362319
2024-03-01 21:30:00,NY,1,0.8485137524576718,0.7101449275362319
2024-03-03 23:00:00,Other,0,0.6624445857591439,0.5554711246200612
2024-03-03 23:30:00,Other,0,0.392164754070565,0.49413298565840924
2024-03-04 00:00:00,Other,1,0.4835225330447864,0.5365853658536585
2024-03-04 00:15:00,Other,0,0.4528552048043293,0.5365853658536585
2024-03-04 00:30:00,Other,0,0.4850394501817793,0.5365853658536585
2024-03-04 00:45:00,Other,0,0.5809153271209095,0.5554711246200612
2024-03-04 01:00:00,Other,1,0.380334092926592,0.49413298565840924
2024-03-04 01:15:00,Other,1,0.4777868802080583,0.5365853658536585
2024-03-04 02:15:00,Other,1,0.4008776439545026,0.49413298565840924
2024-03-04 02:30:00,Other,0,0.4414825066515284,0.5365853658536585
2024-03-04 03:00:00,Other,1,0.446042321720902,0.5365853658536585
2024-03-04 03:30:00,Other,1,0.5092278598075246,0.5365853658536585
2024-03-04 04:30:00,Other,1,0.4095610768178536,0.49413298565840924
2024-03-04 05:15:00,Other,1,0.4664071361312468,0.5365853658536585
2024-03-04 05:30:00,Other,1,0.3637846643941881,0.49413298565840924
2024-03-04 05:45:00,Other,1,0.4123237118879316,0.49413298565840924
2024-03-04 06:00:00,Other,0,0.2952144208570457,0.49413298565840924
2024-03-04 06:15:00,Other,1,0.5091143149999399,0.5365853658536585
2024-03-04 07:00:00,London,1,0.3437377741098133,0.49413298565840924
2024-03-04 07:30:00,London,0,0.4068714030491839,0.49413298565840924
2024-03-04 09:00:00,London,1,0.3316739868872132,0.49413298565840924
2024-03-04 09:15:00,London,1,0.7141367320323022,0.6214689265536721
2024-03-04 09:30:00,London,0,0.3315073099152721,0.49413298565840924
2024-03-04 11:00:00,London,0,0.5026143901391991,0.5365853658536585
2024-03-04 11:30:00,London,1,0.3808707094160619,0.49413298565840924
2024-03-04 17:00:00,NY,1,0.7232473040706984,0.6214689265536721
2024-03-04 17:30:00,NY,1,0.7137944507737858,0.6214689265536721
2024-03-04 17:45:00,NY,1,0.6688859471006088,0.5554711246200612
2024-03-04 18:15:00,NY,0,0.666577469306176,0.5554711246200612
2024-03-04 18:45:00,NY,0,0.7700543422296807,0.6214689265536721
2024-03-04 19:00:00,NY,1,0.8699230483183141,0.7352941176470589
2024-03-04 20:00:00,NY,0,0.7566936717561166,0.6214689265536721
2024-03-04 21:45:00,NY,1,0.5538039652583219,0.5554711246200612
2024-03-05 00:15:00,Other,1,0.4959096024806668,0.5365853658536585
2024-03-05 00:45:00,Other,0,0.4894987841474976,0.5365853658536585
2024-03-05 01:15:00,Other,1,0.5702379833872951,0.5554711246200612
2024-03-05 07:15:00,London,1,0.723655017336561,0.6214689265536721
2024-03-05 08:15:00,London,1,0.3372886040854606,0.49413298565840924
2024-03-05 08:30:00,London,0,0.3184160735520864,0.49413298565840924
2024-03-05 08:45:00,London,1,0.3264091555366906,0.49413298565840924
2024-03-05 09:15:00,London,0,0.3337008088822131,0.49413298565840924
2024-03-05 09:30:00,London,1,0.3211848948956239,0.49413298565840924
2024-03-05 10:00:00,London,0,0.4475568288118129,0.5365853658536585
2024-03-05 11:45:00,London,0,0.4791779689056626,0.5365853658536585
2024-03-05 13:45:00,London,1,0.6306294383742911,0.5554711246200612
2024-03-05 14:00:00,London,1,0.6475259442221638,0.5554711246200612
2024-03-05 14:30:00,London,1,0.6841493541297597,0.6041666666666666
2024-03-05 14:45:00,London,1,0.620662942757283,0.5554711246200612
2024-03-05 15:00:00,London,0,0.8961879381895391,0.8
2024-03-05 15:30:00,London,0,0.66988034515596,0.5554711246200612
2024-03-05 16:00:00,London,1,0.7059523442765715,0.6214689265536721
2024-03-05 16:15:00,London,1,0.3309088206882821,0.49413298565840924
2024-03-05 16:45:00,London,1,0.7349171867143552,0.6214689265536721
2024-03-05 17:00:00,NY,1,0.5899393984687369,0.5554711246200612
2024-03-05 17:45:00,NY,1,0.8521595384753068,0.7101449275362319
2024-03-05 18:15:00,NY,0,0.5346903097430807,0.5365853658536585
2024-03-05 18:45:00,NY,1,0.7477102519185499,0.6214689265536721
2024-03-05 19:15:00,NY,0,0.6781601509417511,0.5573770491803278
2024-03-05 19:30:00,NY,0,0.3832087031335056,0.49413298565840924
2024-03-05 20:00:00,NY,0,0.7583628536760938,0.6214689265536721
2024-03-05 21:15:00,NY,0,0.7828986288454877,0.6214689265536721
2024-03-06 00:15:00,Other,0,0.6467762365707181,0.5554711246200612
2024-03-06 00:30:00,Other,0,0.624200138648277,0.5554711246200612
2024-03-06 00:45:00,Other,0,0.5522114492787841,0.5554711246200612
2024-03-06 01:15:00,Other,1,0.4817369023357106,0.5365853658536585
2024-03-06 01:30:00,Other,0,0.5005995444462749,0.5365853658536585
2024-03-06 03:00:00,Other,1,0.483620290938707,0.5365853658536585
2024-03-06 03:15:00,Other,1,0.5443172550198861,0.5365853658536585
2024-03-06 06:15:00,Other,1,0.4539917197564741,0.5365853658536585
2024-03-06 06:45:00,Other,1,0.4451292349892735,0.5365853658536585
2024-03-06 07:00:00,London,0,0.4675572147749505,0.5365853658536585
2024-03-06 08:00:00,London,0,0.4223818520486713,0.49413298565840924
2024-03-06 08:30:00,London,1,0.3711446694245525,0.49413298565840924
2024-03-06 15:15:00,London,0,0.6455159243367243,0.5554711246200612
2024-03-06 15:45:00,London,1,0.7712040499135702,0.6214689265536721
2024-03-06 16:30:00,London,1,0.6699666977077556,0.5554711246200612
2024-03-06 16:45:00,London,0,0.7860886881936638,0.6214689265536721
2024-03-06 17:30:00,NY,1,0.7868761444757463,0.6214689265536721
2024-03-06 17:45:00,NY,1,0.7229922563848994,0.6214689265536721
2024-03-06 18:00:00,NY,1,0.7160695322225793,0.6214689265536721
2024-03-06 18:15:00,NY,0,0.6132140564428845,0.5554711246200612
2024-03-07 03:30:00,Other,1,0.4036279198211942,0.49413298565840924
2024-03-07 04:15:00,Other,0,0.4438297060540735,0.5365853658536585
2024-03-07 04:45:00,Other,0,0.1417727269263814,0.3142857142857143
2024-03-07 05:15:00,Other,0,0.4269525744874343,0.49413298565840924
2024-03-07 05:30:00,Other,0,0.1818437900219693,0.3142857142857143
2024-03-07 06:45:00,Other,0,0.6742730992036606,0.5573770491803278
2024-03-07 07:15:00,London,1,0.1270374094729288,0.3142857142857143
2024-03-07 08:00:00,London,1,0.4201591671591025,0.49413298565840924
2024-03-07 08:30:00,London,0,0.6672826257063503,0.5554711246200612
2024-03-07 09:45:00,London,0,0.3327297516982402,0.49413298565840924
2024-03-07 10:45:00,London,0,0.3701629864110868,0.49413298565840924
2024-03-07 11:00:00,London,1,0.5410628608796743,0.5365853658536585
2024-03-07 13:15:00,London,1,0.6720911589110715,0.5573770491803278
2024-03-07 13:30:00,London,0,0.5300102336812107,0.5365853658536585
2024-03-07 14:00:00,London,1,0.7499270747247462,0.6214689265536721
2024-03-07 20:00:00,NY,1,0.620848307207071,0.5554711246200612
2024-03-07 20:15:00,NY,0,0.6171943726972781,0.5554711246200612
2024-03-07 20:30:00,NY,0,0.620848307207071,0.5554711246200612
2024-03-07 20:45:00,NY,1,0.5406406491173472,0.5365853658536585
2024-03-07 21:15:00,NY,1,0.5686295457564697,0.5554711246200612
2024-03-07 21:30:00,NY,1,0.6105614714278007,0.5554711246200612
2024-03-07 23:15:00,Other,1,0.559875741536557,0.5554711246200612
2024-03-08 00:00:00,Other,0,0.6126437778406244,0.5554711246200612
2024-03-08 00:15:00,Other,0,0.6311979589489002,0.5554711246200612
2024-03-08 00:45:00,Other,0,0.6107631915812721,0.5554711246200612
2024-03-08 01:00:00,Other,0,0.5140511111593891,0.5365853658536585
2024-03-08 01:15:00,Other,0,0.5530731218642523,0.5554711246200612
2024-03-08 01:30:00,Other,0,0.5502181748182899,0.5554711246200612
2024-03-08 01:45:00,Other,0,0.5035010240419514,0.5365853658536585
2024-03-08 02:00:00,Other,1,0.4340277958859999,0.5365853658536585
2024-03-08 02:15:00,Other,0,0.4124688096605832,0.49413298565840924
2024-03-08 02:45:00,Other,1,0.4698977519484199,0.5365853658536585
2024-03-08 06:45:00,Other,0,0.293495525789702,0.49413298565840924
2024-03-08 07:00:00,London,1,0.2826002887999999,0.49413298565840924
2024-03-08 08:00:00,London,1,0.348789133701439,0.49413298565840924
2024-03-08 08:15:00,London,0,0.3060169423734357,0.49413298565840924
2024-03-08 08:45:00,London,1,0.3445395090289462,0.49413298565840924
2024-03-08 09:00:00,London,1,0.2824995754392993,0.49413298565840924
2024-03-08 09:15:00,London,0,0.3334998381108928,0.49413298565840924
2024-03-08 09:30:00,London,1,0.306153386019955,0.49413298565840924
2024-03-08 10:00:00,London,0,0.4178297453792846,0.49413298565840924
2024-03-08 10:45:00,London,0,0.4172009523883805,0.49413298565840924
2024-03-08 11:00:00,London,1,0.6289780226465834,0.5554711246200612
2024-03-08 11:15:00,London,0,0.4814205922438292,0.5365853658536585
2024-03-08 11:30:00,London,1,0.6289780226465834,0.5554711246200612
2024-03-08 11:45:00,London,1,0.4814205922438292,0.5365853658536585
2024-03-08 12:00:00,London,1,0.4492815768113447,0.5365853658536585
2024-03-08 18:15:00,NY,1,0.6681964126143151,0.5554711246200612
2024-03-08 18:30:00,NY,0,0.6261254081799701,0.5554711246200612
2024-03-08 19:00:00,NY,1,0.7843344474504648,0.6214689265536721
2024-03-08 19:15:00,NY,1,0.8081898908274328,0.7090909090909091
2024-03-08 20:00:00,NY,1,0.6009583026345119,0.5554711246200612
2024-03-08 20:30:00,NY,1,0.5115920897284195,0.5365853658536585
2024-03-08 20:45:00,NY,1,0.6510130190788582,0.5554711246200612
2024-03-08 21:00:00,NY,1,0.8138937066766476,0.7101449275362319
2024-03-08 21:45:00,NY,1,0.6953260709532395,0.6214689265536721
2024-03-10 22:00:00,Other,0,0.6637878788220573,0.5554711246200612
2024-03-10 22:15:00,Other,0,0.6668301178216892,0.5554711246200612
2024-03-10 22:30:00,Other,1,0.2874302698307532,0.49413298565840924
2024-03-10 23:15:00,Other,0,0.6555340904929601,0.5554711246200612
2024-03-11 00:00:00,Other,1,0.2891210139162106,0.49413298565840924
2024-03-11 00:30:00,Other,0,0.2366364005356906,0.4166666666666667
2024-03-11 01:00:00,Other,0,0.407166950510706,0.49413298565840924
2024-03-11 01:30:00,Other,0,0.2502023137591055,0.4583333333333333
2024-03-11 02:00:00,Other,0,0.3321702211957901,0.49413298565840924
2024-03-11 02:15:00,Other,0,0.3635664269444993,0.49413298565840924
2024-03-11 02:30:00,Other,1,0.4061159722673028,0.49413298565840924
2024-03-11 08:15:00,London,0,0.2691547351354799,0.4878048780487805
2024-03-11 08:30:00,London,0,0.2284552774388457,0.4098360655737705
2024-03-11 08:45:00,London,1,0.2624215768773174,0.46153846153846156
2024-03-11 14:30:00,London,1,0.668561336914368,0.5554711246200612
2024-03-11 15:15:00,London,1,0.7449912372508897,0.6214689265536721
2024-03-11 16:15:00,London,1,0.3487261751907091,0.49413298565840924
2024-03-11 17:00:00,NY,0,0.7271007605785641,0.6214689265536721
2024-03-11 17:45:00,NY,0,0.4704963896581127,0.5365853658536585
2024-03-11 18:15:00,NY,1,0.4893459429701898,0.5365853658536585
2024-03-11 19:00:00,NY,0,0.5932219350776572,0.5554711246200612
2024-03-11 19:30:00,NY,0,0.2927803683700313,0.49413298565840924
2024-03-11 20:00:00,NY,1,0.7160295323117721,0.6214689265536721
2024-03-11 20:30:00,NY,0,0.5288293954605029,0.5365853658536585
2024-03-11 20:45:00,NY,0,0.5134593262949249,0.5365853658536585
2024-03-11 22:00:00,Other,0,0.5920162710266849,0.5554711246200612
2024-03-11 22:45:00,Other,1,0.8689521506279025,0.7352941176470589
2024-03-11 23:45:00,Other,0,0.6089367589342729,0.5554711246200612
2024-03-12 00:45:00,Other,1,0.415494662315285,0.49413298565840924
2024-03-12 01:00:00,Other,1,0.4046129668907994,0.49413298565840924
2024-03-12 02:00:00,Other,0,0.3956688772795577,0.49413298565840924
2024-03-12 02:45:00,Other,0,0.4366763383382861,0.5365853658536585
2024-03-12 03:00:00,Other,1,0.3437355290352186,0.49413298565840924
2024-03-12 12:45:00,London,0,0.2505223038902748,0.4583333333333333
2024-03-12 13:30:00,London,1,0.7818665629891497,0.6214689265536721
2024-03-12 17:00:00,NY,0,0.2239024814364632,0.4098360655737705
2024-03-12 17:45:00,NY,0,0.6087838266643782,0.5554711246200612
2024-03-12 18:45:00,NY,1,0.4177117820627739,0.49413298565840924
2024-03-13 03:15:00,Other,0,0.4662216272398328,0.5365853658536585
2024-03-13 03:45:00,Other,0,0.4733492470241149,0.5365853658536585
2024-03-13 04:15:00,Other,1,0.4096181848853517,0.49413298565840924
2024-03-13 12:30:00,London,1,0.5534409565227204,0.5554711246200612
2024-03-13 13:00:00,London,1,0.6523713042066549,0.5554711246200612
2024-03-13 14:15:00,London,1,0.9273560160915614,0.8
2024-03-13 14:45:00,London,1,0.7907595640968532,0.6214689265536721
2024-03-13 15:00:00,London,1,0.7901041187124276,0.6214689265536721
2024-03-13 15:30:00,London,1,0.7901041187124276,0.6214689265536721
2024-03-13 16:15:00,London,0,0.7359397831492115,0.6214689265536721
2024-03-13 16:30:00,London,1,0.7025748229669597,0.6214689265536721
2024-03-13 17:00:00,NY,0,0.7510140934567633,0.6214689265536721
2024-03-13 17:30:00,NY,0,0.7904810947106924,0.6214689265536721
2024-03-13 17:45:00,NY,1,0.8204006051731348,0.7101449275362319
2024-03-13 18:15:00,NY,0,0.6126376020479675,0.5554711246200612
2024-03-13 19:45:00,NY,1,0.7733759935906535,0.6214689265536721
2024-03-13 20:30:00,NY,1,0.7761068902993452,0.6214689265536721
2024-03-13 20:45:00,NY,0,0.7559149753832448,0.6214689265536721
2024-03-13 22:00:00,Other,1,0.7850687256548619,0.6214689265536721
2024-03-13 22:15:00,Other,1,0.7999315997644812,0.7090909090909091
2024-03-13 22:45:00,Other,1,0.6497266668896476,0.5554711246200612
2024-03-13 23:15:00,Other,0,0.8932225609984557,0.7352941176470589
2024-03-13 23:30:00,Other,0,0.7025432673012815,0.6214689265536721
2024-03-14 00:00:00,Other,1,0.6378128140659824,0.5554711246200612
2024-03-14 01:15:00,Other,0,0.5271625441509038,0.5365853658536585
2024-03-14 02:30:00,Other,0,0.6209662137377365,0.5554711246200612
2024-03-14 02:45:00,Other,0,0.570632970874919,0.5554711246200612
2024-03-14 03:30:00,Other,1,0.4344470923147898,0.5365853658536585
2024-03-14 04:00:00,Other,0,0.3535794393093363,0.49413298565840924
2024-03-14 04:30:00,Other,0,0.3473389566992013,0.49413298565840924
2024-03-14 05:15:00,Other,0,0.4536154264665507,0.5365853658536585
2024-03-14 05:30:00,Other,0,0.4450244674032481,0.5365853658536585
2024-03-14 05:45:00,Other,0,0.4334912974871814,0.49413298565840924
2024-03-14 06:30:00,Other,0,0.3697826981769008,0.49413298565840924
2024-03-15 01:45:00,Other,1,0.551882623996475,0.5554711246200612
2024-03-15 02:00:00,Other,1,0.4861403751562466,0.5365853658536585
2024-03-15 03:00:00,Other,1,0.4937972540277807,0.5365853658536585
2024-03-15 03:15:00,Other,1,0.5147042763869665,0.5365853658536585
2024-03-15 03:30:00,Other,1,0.4837155161425392,0.5365853658536585
2024-03-15 03:45:00,Other,1,0.5011501018196246,0.5365853658536585
2024-03-15 04:15:00,Other,1,0.3936284978944176,0.49413298565840924
2024-03-15 04:45:00,Other,1,0.4436400114037593,0.5365853658536585
2024-03-15 05:30:00,Other,1,0.4187306581811375,0.49413298565840924
2024-03-15 05:45:00,Other,0,0.4209989058612647,0.49413298565840924
2024-03-15 06:00:00,Other,1,0.5117272382001654,0.5365853658536585
2024-03-15 07:00:00,London,0,0.2957176779838208,0.49413298565840924
2024-03-15 07:15:00,London,1,0.3518172168309075,0.49413298565840924
2024-03-15 08:45:00,London,0,0.3353661253018174,0.49413298565840924
2024-03-15 09:00:00,London,1,0.2953320093205896,0.49413298565840924
2024-03-15 09:15:00,London,1,0.3173320258324376,0.49413298565840924
2024-03-15 10:00:00,London,0,0.3936583669295302,0.49413298565840924
2024-03-15 10:45:00,London,0,0.4561619617798065,0.5365853658536585
2024-03-15 11:15:00,London,0,0.4223771681075809,0.49413298565840924
2024-03-15 11:45:00,London,0,0.3928035142987243,0.49413298565840924
2024-03-15 12:00:00,London,1,0.40912372072079,0.49413298565840924
2024-03-15 12:30:00,London,1,0.6025369427945177,0.5554711246200612
2024-03-15 13:15:00,London,1,0.4052339200652281,0.49413298565840924
2024-03-18 12:45:00,London,1,0.123048383024896,0.3142857142857143
2024-03-18 13:00:00,London,0,0.5593050050370121,0.5554711246200612
2024-03-18 13:45:00,London,1,0.8939696539563879,0.8
2024-03-18 14:00:00,London,1,0.5183911396812616,0.5365853658536585
2024-03-18 15:00:00,London,1,0.4670375508233035,0.5365853658536585
2024-03-18 22:30:00,Other,1,0.6249717056291172,0.5554711246200612
2024-03-18 23:30:00,Other,0,0.8835346098205509,0.7352941176470589
2024-03-18 23:45:00,Other,0,0.8472605412153258,0.7101449275362319
2024-03-19 00:45:00,Other,0,0.4218085987267055,0.49413298565840924
2024-03-19 01:00:00,Other,0,0.3725275834369789,0.49413298565840924
2024-03-19 01:45:00,Other,1,0.4246668938218851,0.49413298565840924
2024-03-19 02:15:00,Other,0,0.4518146064849426,0.5365853658536585
2024-03-19 02:30:00,Other,0,0.5008050606798183,0.5365853658536585
2024-03-19 02:45:00,Other,1,0.5389215864626712,0.5365853658536585
2024-03-19 03:15:00,Other,0,0.4498439429660984,0.5365853658536585
2024-03-19 04:30:00,Other,0,0.2927799194989539,0.49413298565840924
2024-03-19 05:15:00,Other,0,0.4010870144122665,0.49413298565840924
2024-03-19 05:45:00,Other,0,0.4536537019106801,0.5365853658536585
2024-03-19 13:15:00,London,0,0.3943128113680825,0.49413298565840924
2024-03-19 13:45:00,London,1,0.3887817017651812,0.49413298565840924
2024-03-19 20:15:00,NY,0,0.6663079795846762,0.5554711246200612
2024-03-19 22:30:00,Other,0,0.7694666336685023,0.6214689265536721
2024-03-19 23:15:00,Other,0,0.9202664572910793,0.8
2024-03-19 23:30:00,Other,0,0.8772171907241528,0.7352941176470589
2024-03-20 00:00:00,Other,1,0.6810480980728761,0.6041666666666666
2024-03-20 00:15:00,Other,1,0.6810480980728761,0.6041666666666666
2024-03-20 01:45:00,Other,0,0.5071606156292855,0.5365853658536585
2024-03-20 02:00:00,Other,1,0.4860509402449999,0.5365853658536585
2024-03-20 02:15:00,Other,1,0.4944657019432536,0.5365853658536585
2024-03-20 02:30:00,Other,0,0.5110285564126609,0.5365853658536585
2024-03-20 02:45:00,Other,0,0.5470741036018443,0.5365853658536585
2024-03-20 03:00:00,Other,0,0.5769635566123122,0.5554711246200612
2024-03-20 03:15:00,Other,0,0.5495815062219013,0.5554711246200612
2024-03-20 03:30:00,Other,0,0.5098097968761537,0.5365853658536585
2024-03-20 03:45:00,Other,0,0.5162234446555363,0.5365853658536585
2024-03-20 04:15:00,Other,0,0.4664656490071979,0.5365853658536585
2024-03-20 04:30:00,Other,0,0.4697655334228696,0.5365853658536585
2024-03-20 04:45:00,Other,1,0.4611900875443545,0.5365853658536585
2024-03-20 05:00:00,Other,1,0.471621542736959,0.5365853658536585
2024-03-20 05:30:00,Other,0,0.525308446364672,0.5365853658536585
2024-03-20 06:00:00,Other,0,0.4695987344642408,0.5365853658536585
2024-03-20 06:45:00,Other,1,0.4725806935092116,0.5365853658536585
2024-03-20 07:15:00,London,0,0.459750045529516,0.5365853658536585
2024-03-20 08:00:00,London,0,0.4059847152920072,0.49413298565840924
2024-03-20 15:00:00,London,0,0.7912544920896434,0.6214689265536721
2024-03-20 15:15:00,London,0,0.7542462063086728,0.6214689265536721
2024-03-20 15:30:00,London,1,0.7480679852748678,0.6214689265536721
2024-03-20 15:45:00,London,1,0.7673101436039697,0.6214689265536721
2024-03-20 16:15:00,London,1,0.7780400148030358,0.6214689265536721
2024-03-20 16:30:00,London,1,0.7502706449803154,0.6214689265536721
2024-03-20 16:45:00,London,0,0.6305396680988024,0.5554711246200612
2024-03-20 17:00:00,NY,0,0.7087738955393674,0.6214689265536721
2024-03-20 17:15:00,NY,1,0.5942943765191302,0.5554711246200612
2024-03-20 17:30:00,NY,1,0.6068761382384383,0.5554711246200612
2024-03-20 17:45:00,NY,1,0.626025008608262,0.5554711246200612
2024-03-20 18:00:00,NY,1,0.828927078150423,0.7101449275362319
2024-03-20 18:15:00,NY,1,0.8313770231750367,0.7101449275362319
2024-03-20 18:45:00,NY,1,0.8310176723145732,0.7101449275362319
2024-03-20 19:00:00,NY,1,0.7451137641991632,0.6214689265536721
2024-03-20 19:45:00,NY,1,0.6531838937741478,0.5554711246200612
2024-03-20 20:00:00,NY,1,0.6890915721210972,0.6214689265536721
2024-03-20 20:15:00,NY,1,0.8186673982669811,0.7101449275362319
2024-03-20 20:45:00,NY,1,0.7261393407990369,0.6214689265536721
2024-03-20 22:15:00,Other,0,0.7998072148263717,0.6214689265536721
2024-03-20 23:15:00,Other,0,0.7832214862253839,0.6214689265536721
2024-03-21 00:30:00,Other,1,0.7829251053433587,0.6214689265536721
2024-03-21 00:45:00,Other,1,0.945757756993952,0.8333333333333334
2024-03-21 01:30:00,Other,1,0.552039117650439,0.5554711246200612
2024-03-21 01:45:00,Other,0,0.554016270096561,0.5554711246200612
2024-03-21 02:15:00,Other,0,0.375718371417118,0.49413298565840924
2024-03-21 02:45:00,Other,1,0.6157868287919719,0.5554711246200612
2024-03-21 03:00:00,Other,0,0.5924864622584683,0.5554711246200612
2024-03-21 03:30:00,Other,0,0.6676742281628836,0.5554711246200612
2024-03-21 03:45:00,Other,1,0.7017682179244276,0.6214689265536721
2024-03-21 04:00:00,Other,1,0.6712173114864043,0.5573770491803278
2024-03-21 05:00:00,Other,0,0.5087730574458937,0.5365853658536585
2024-03-21 05:15:00,Other,1,0.6058672801900128,0.5554711246200612
2024-03-21 05:30:00,Other,0,0.6552385177784418,0.5554711246200612
2024-03-21 05:45:00,Other,1,0.5762358814145099,0.5554711246200612
2024-03-21 06:00:00,Other,0,0.70766192809522,0.6214689265536721
2024-03-21 06:15:00,Other,0,0.3107634335181061,0.49413298565840924
2024-03-21 06:30:00,Other,1,0.3080413237712839,0.49413298565840924
2024-03-21 07:15:00,London,0,0.2848131104593525,0.49413298565840924
2024-03-21 08:00:00,London,0,0.3103305213151979,0.49413298565840924
2024-03-21 10:30:00,London,1,0.7353986431432457,0.6214689265536721
2024-03-21 10:45:00,London,1,0.7450157202505399,0.6214689265536721
2024-03-21 11:00:00,London,0,0.7864800151589868,0.6214689265536721
2024-03-21 12:45:00,London,0,0.6304349669070959,0.5554711246200612
2024-03-21 13:00:00,London,0,0.8577538454689128,0.7101449275362319
2024-03-21 13:30:00,London,1,0.790365845731816,0.6214689265536721
2024-03-21 13:45:00,London,0,0.7394165497587842,0.6214689265536721
2024-03-21 14:00:00,London,1,0.7042776337723822,0.6214689265536721
2024-03-21 14:15:00,London,1,0.6957077672221523,0.6214689265536721
2024-03-21 14:30:00,London,0,0.7265839903083414,0.6214689265536721
2024-03-21 19:15:00,NY,0,0.4567299156697335,0.5365853658536585
2024-03-21 20:00:00,NY,0,0.3987037425296868,0.49413298565840924
2024-03-21 20:30:00,NY,1,0.3910185897775518,0.49413298565840924
2024-03-21 22:15:00,Other,1,0.6002554090271758,0.5554711246200612
2024-03-21 22:30:00,Other,1,0.5410274965575049,0.5365853658536585
2024-03-21 23:00:00,Other,1,0.5938688787121448,0.5554711246200612
2024-03-21 23:15:00,Other,1,0.5768579139596354,0.5554711246200612
2024-03-21 23:30:00,Other,1,0.599148495487339,0.5554711246200612
2024-03-21 23:45:00,Other,1,0.606984139686934,0.5554711246200612
2024-03-22 00:00:00,Other,1,0.5828969467329257,0.5554711246200612
2024-03-22 00:15:00,Other,1,0.5980422220342864,0.5554711246200612
2024-03-22 00:45:00,Other,0,0.5686990484716211,0.5554711246200612
2024-03-22 01:30:00,Other,0,0.4289102288222212,0.49413298565840924
2024-03-22 01:45:00,Other,1,0.3843903787078031,0.49413298565840924
2024-03-22 02:00:00,Other,0,0.4014045395353435,0.49413298565840924
2024-03-22 06:30:00,Other,0,0.2712159134139092,0.4878048780487805
2024-03-22 06:45:00,Other,0,0.2582235362716891,0.4583333333333333
2024-03-22 07:00:00,London,1,0.201878602030598,0.4098360655737705
2024-03-22 14:00:00,London,1,0.681017853957689,0.6041666666666666
2024-03-22 14:30:00,London,0,0.6684082584915565,0.5554711246200612
2024-03-22 14:45:00,London,0,0.5094322923313377,0.5365853658536585
2024-03-22 15:15:00,London,0,0.4224119584738038,0.49413298565840924
2024-03-22 15:30:00,London,0,0.5588794171454662,0.5554711246200612
2024-03-22 15:45:00,London,0,0.562747202613356,0.5554711246200612
2024-03-22 16:30:00,London,0,0.6040163937242323,0.5554711246200612
2024-03-22 16:45:00,London,0,0.6261409795592989,0.5554711246200612
2024-03-25 00:45:00,Other,1,0.3076868560806819,0.49413298565840924
2024-03-25 01:15:00,Other,1,0.2589169784959632,0.4583333333333333
2024-03-25 01:30:00,Other,0,0.2395372462175667,0.4166666666666667
2024-03-25 01:45:00,Other,0,0.2747436999691484,0.4878048780487805
2024-03-25 03:30:00,Other,1,0.3089379466060011,0.49413298565840924
2024-03-25 03:45:00,Other,1,0.3338030562759107,0.49413298565840924
2024-03-25 04:00:00,Other,0,0.4200248802385246,0.49413298565840924
2024-03-25 04:15:00,Other,0,0.1256596946276038,0.3142857142857143
2024-03-25 05:00:00,Other,0,0.5203567782756925,0.5365853658536585
2024-03-25 06:15:00,Other,0,0.3418742484350094,0.49413298565840924
2024-03-25 06:30:00,Other,0,0.3642419887720502,0.49413298565840924
2024-03-25 06:45:00,Other,1,0.3246167038725864,0.49413298565840924
2024-03-25 14:00:00,London,0,0.5062710712596675,0.5365853658536585
2024-03-25 15:45:00,London,1,0.7056138922658345,0.6214689265536721
2024-03-25 16:00:00,London,1,0.4566899183335016,0.5365853658536585
2024-03-25 16:15:00,London,0,0.5826364575655039,0.5554711246200612
2024-03-25 16:30:00,London,1,0.4578217777160423,0.5365853658536585
2024-03-25 16:45:00,London,0,0.4817775879726867,0.5365853658536585
2024-03-25 17:00:00,NY,0,0.6359273436785595,0.5554711246200612
2024-03-25 17:45:00,NY,0,0.414491819880631,0.49413298565840924
2024-03-25 18:00:00,NY,1,0.4334191602750971,0.49413298565840924
2024-03-25 18:15:00,NY,0,0.401486869711631,0.49413298565840924
2024-03-25 18:30:00,NY,0,0.4299918061721013,0.49413298565840924
2024-03-25 18:45:00,NY,0,0.5672707138777071,0.5554711246200612
2024-03-25 19:00:00,NY,1,0.572331369505488,0.5554711246200612
2024-03-25 19:15:00,NY,0,0.6223358566481939,0.5554711246200612
2024-03-25 19:30:00,NY,0,0.6223358566481939,0.5554711246200612
2024-03-26 06:45:00,Other,0,0.496749417043056,0.5365853658536585
2024-03-26 07:00:00,London,1,0.5121671452301791,0.5365853658536585
2024-03-26 07:30:00,London,0,0.3897925021585195,0.49413298565840924
2024-03-26 07:45:00,London,1,0.3897925021585195,0.49413298565840924
2024-03-26 08:15:00,London,1,0.3136821770263492,0.49413298565840924
2024-03-26 08:45:00,London,1,0.334972058945542,0.49413298565840924
2024-03-26 09:00:00,London,1,0.3140650876845887,0.49413298565840924
2024-03-26 10:15:00,London,1,0.7011948030433793,0.6214689265536721
2024-03-26 10:30:00,London,1,0.6920723522393742,0.6214689265536721
2024-03-26 11:30:00,London,1,0.6785862733620991,0.5573770491803278
2024-03-26 11:45:00,London,0,0.6571340167575513,0.5554711246200612
2024-03-26 12:00:00,London,0,0.6481709548701717,0.5554711246200612
2024-03-26 13:30:00,London,1,0.9025169288826972,0.8
2024-03-26 14:00:00,London,1,0.6183293920470384,0.5554711246200612
2024-03-26 14:15:00,London,1,0.5870427144230543,0.5554711246200612
2024-03-26 14:30:00,London,0,0.6475259442221638,0.5554711246200612
2024-03-26 15:00:00,London,1,0.8039190594503086,0.7090909090909091
2024-03-26 15:15:00,London,0,0.6207140032311145,0.5554711246200612
2024-03-26 22:30:00,Other,1,0.5871105189608724,0.5554711246200612
2024-03-26 23:30:00,Other,0,0.5551665129476097,0.5554711246200612
2024-03-26 23:45:00,Other,0,0.5483609963392837,0.5554711246200612
2024-03-27 00:15:00,Other,0,0.634592600485361,0.5554711246200612
2024-03-27 00:30:00,Other,1,0.6709890040505999,0.5573770491803278
2024-03-27 01:15:00,Other,0,0.535950048586288,0.5365853658536585
2024-03-27 03:45:00,Other,1,0.4082574245709665,0.49413298565840924
2024-03-27 04:45:00,Other,0,0.5082458182910407,0.5365853658536585
2024-03-27 05:30:00,Other,1,0.736867215156917,0.6214689265536721
2024-03-27 05:45:00,Other,1,0.3717761200253779,0.49413298565840924
2024-03-27 06:00:00,Other,1,0.3260436419141033,0.49413298565840924
2024-03-27 06:45:00,Other,1,0.4176436065051545,0.49413298565840924
2024-03-27 07:15:00,London,0,0.3727138974782489,0.49413298565840924
2024-03-27 07:30:00,London,1,0.2943027265016975,0.49413298565840924
2024-03-27 08:00:00,London,0,0.3675614849331727,0.49413298565840924
2024-03-27 08:30:00,London,1,0.3711446694245525,0.49413298565840924
2024-03-27 09:00:00,London,0,0.3582975295531583,0.49413298565840924
2024-03-27 09:15:00,London,1,0.3548310906202795,0.49413298565840924
2024-03-27 09:30:00,London,1,0.7043801714418921,0.6214689265536721
2024-03-27 09:45:00,London,1,0.6932822714465486,0.6214689265536721
2024-03-27 10:00:00,London,1,0.7469213935679113,0.6214689265536721
2024-03-27 10:30:00,London,1,0.7469213935679113,0.6214689265536721
2024-03-27 11:15:00,London,0,0.7520901588164564,0.6214689265536721
2024-03-27 12:45:00,London,0,0.6620161126929557,0.5554711246200612
2024-03-27 13:00:00,London,1,0.8756759887488187,0.7352941176470589
2024-03-27 13:15:00,London,1,0.80276689119175,0.7090909090909091
2024-03-27 13:30:00,London,0,0.9645824879562556,0.8333333333333334
2024-03-27 15:45:00,London,1,0.8247920546494187,0.7101449275362319
2024-03-27 16:00:00,London,1,0.6871569730544738,0.6111111111111112
2024-03-27 16:30:00,London,0,0.693242207069672,0.6214689265536721
2024-03-27 17:30:00,NY,0,0.6385680884045353,0.5554711246200612
2024-03-27 17:45:00,NY,0,0.737118463838901,0.6214689265536721
2024-03-27 18:00:00,NY,1,0.7625567328244074,0.6214689265536721
2024-03-27 18:15:00,NY,1,0.7063308713098022,0.6214689265536721
2024-03-27 18:30:00,NY,1,0.8419470212272955,0.7101449275362319
2024-03-27 18:45:00,NY,0,0.5881841367508841,0.5554711246200612
2024-03-27 19:00:00,NY,1,0.6549414946019537,0.5554711246200612
2024-03-27 19:15:00,NY,1,0.5739965563718092,0.5554711246200612
2024-03-27 19:30:00,NY,1,0.6217283077287573,0.5554711246200612
2024-03-27 19:45:00,NY,1,0.5972085298308188,0.5554711246200612
2024-03-27 20:15:00,NY,0,0.6779080341272539,0.5573770491803278
2024-03-27 22:00:00,Other,0,0.6042228713583012,0.5554711246200612
2024-03-27 22:15:00,Other,0,0.6422557334517149,0.5554711246200612
2024-03-27 22:30:00,Other,0,0.6158325519181298,0.5554711246200612
2024-03-27 23:15:00,Other,0,0.7390040958090102,0.6214689265536721
2024-03-27 23:45:00,Other,0,0.7183220386560738,0.6214689265536721
2024-03-28 04:30:00,Other,1,0.3429375204025173,0.49413298565840924
2024-03-28 04:45:00,Other,0,0.3413533155124426,0.49413298565840924
2024-03-28 05:00:00,Other,1,0.3352215909660249,0.49413298565840924
2024-03-28 05:30:00,Other,0,0.3556270212845666,0.49413298565840924
2024-03-28 06:15:00,Other,1,0.3176005183569407,0.49413298565840924
2024-03-28 06:45:00,Other,0,0.3080413237712839,0.49413298565840924
2024-03-28 07:00:00,London,0,0.4757314825771674,0.5365853658536585
2024-03-28 07:30:00,London,1,0.2591684524336301,0.4583333333333333
2024-03-28 07:45:00,London,1,0.2591684524336301,0.4583333333333333
2024-03-28 08:30:00,London,0,0.6884633710802304,0.6214689265536721
2024-03-28 09:15:00,London,0,0.4489366907132919,0.5365853658536585
2024-03-28 09:30:00,London,1,0.4232219355426403,0.49413298565840924
2024-03-28 09:45:00,London,1,0.3003595060329641,0.49413298565840924
2024-03-28 10:00:00,London,1,0.3919375946529003,0.49413298565840924
2024-03-28 10:30:00,London,1,0.7285866941070928,0.6214689265536721
2024-03-28 11:00:00,London,1,0.7379711707080132,0.6214689265536721
2024-03-28 11:15:00,London,0,0.7379711707080132,0.6214689265536721
2024-03-28 11:30:00,London,1,0.7748723537738466,0.6214689265536721
2024-03-28 12:00:00,London,1,0.7267400274259893,0.6214689265536721
2024-03-28 12:45:00,London,0,0.8036396741894569,0.7090909090909091
2024-03-28 13:45:00,London,1,0.9154775550482672,0.8
2024-03-28 14:00:00,London,1,0.630108136112181,0.5554711246200612
2024-03-28 14:15:00,London,1,0.630108136112181,0.5554711246200612
2024-03-28 14:30:00,London,1,0.690095626118602,0.6214689265536721
2024-03-28 14:45:00,London,1,0.7887009686964498,0.6214689265536721
2024-03-28 15:00:00,London,1,0.6286551798427992,0.5554711246200612
2024-03-28 15:30:00,London,1,0.6932370199729657,0.6214689265536721
2024-03-28 17:00:00,NY,1,0.6494316594054367,0.5554711246200612
2024-03-28 17:30:00,NY,1,0.895172068309257,0.8
2024-03-28 18:15:00,NY,0,0.7244650595291512,0.6214689265536721
2024-03-28 19:00:00,NY,1,0.8344765214939404,0.7101449275362319
2024-03-28 19:45:00,NY,1,0.5805235625925336,0.5554711246200612
2024-03-31 22:30:00,Other,1,0.7720326858440845,0.6214689265536721
2024-03-31 22:45:00,Other,1,0.7697339217514848,0.6214689265536721
2024-03-31 23:00:00,Other,1,0.7746972559561955,0.6214689265536721
2024-03-31 23:15:00,Other,1,0.672155882013845,0.5573770491803278
2024-03-31 23:30:00,Other,1,0.7748528625351472,0.6214689265536721
2024-04-01 00:00:00,Other,1,0.5553528562307661,0.5554711246200612
2024-04-01 00:15:00,Other,1,0.507747713657589,0.5365853658536585
2024-04-01 00:30:00,Other,1,0.6256230812050677,0.5554711246200612
2024-04-01 01:00:00,Other,0,0.630435725281778,0.5554711246200612
2024-04-01 02:00:00,Other,1,0.7056536288281446,0.6214689265536721
2024-04-01 02:30:00,Other,1,0.6604716037610655,0.5554711246200612
2024-04-01 02:45:00,Other,1,0.6718285834940457,0.5573770491803278
2024-04-01 03:15:00,Other,1,0.6559051373621886,0.5554711246200612
2024-04-01 03:30:00,Other,1,0.6132968318840134,0.5554711246200612
2024-04-01 03:45:00,Other,0,0.6130818093075306,0.5554711246200612
2024-04-01 05:00:00,Other,1,0.4227203364571786,0.49413298565840924
2024-04-01 06:15:00,Other,1,0.4461685560600578,0.5365853658536585
2024-04-01 06:30:00,Other,0,0.4098359299836042,0.49413298565840924
2024-04-01 07:15:00,London,1,0.565118330179351,0.5554711246200612
2024-04-01 07:30:00,London,0,0.7011533591914986,0.6214689265536721
2024-04-01 07:45:00,London,1,0.2902221286256864,0.49413298565840924
2024-04-01 08:00:00,London,1,0.2766515094035782,0.49413298565840924
2024-04-01 08:15:00,London,0,0.2710236006814557,0.4878048780487805
2024-04-01 09:00:00,London,0,0.3434578521151585,0.49413298565840924
2024-04-01 09:30:00,London,1,0.358938192056413,0.49413298565840924
2024-04-01 09:45:00,London,1,0.3360332842694488,0.49413298565840924
2024-04-01 10:00:00,London,0,0.4172194757484603,0.49413298565840924
2024-04-01 10:30:00,London,0,0.3962347437546934,0.49413298565840924
2024-04-01 23:30:00,Other,0,0.7204941950866871,0.6214689265536721
2024-04-02 00:00:00,Other,1,0.3556061550711417,0.49413298565840924
2024-04-02 00:15:00,Other,1,0.3916773377296533,0.49413298565840924
2024-04-02 00:30:00,Other,0,0.3345995103704823,0.49413298565840924
2024-04-02 01:15:00,Other,0,0.3691422887176797,0.49413298565840924
2024-04-02 01:30:00,Other,0,0.2451202398996659,0.42105263157894735
2024-04-02 01:45:00,Other,1,0.3162818250741629,0.49413298565840924
2024-04-02 02:45:00,Other,0,0.4114851626467422,0.49413298565840924
2024-04-02 04:00:00,Other,1,0.5249944631649711,0.5365853658536585
2024-04-02 04:30:00,Other,0,0.3473999954436555,0.49413298565840924
2024-04-02 05:00:00,Other,0,0.483149142891244,0.5365853658536585
2024-04-02 05:45:00,Other,1,0.6774940695695235,0.5573770491803278
2024-04-02 06:00:00,Other,0,0.4875373045099341,0.5365853658536585
2024-04-02 06:15:00,Other,0,0.3939242900478493,0.49413298565840924
2024-04-02 06:30:00,Other,1,0.5272696138671424,0.5365853658536585
2024-04-02 06:45:00,Other,1,0.5401352211503156,0.5365853658536585
2024-04-02 08:00:00,London,0,0.3431708114016902,0.49413298565840924
2024-04-02 08:15:00,London,1,0.3390269730000515,0.49413298565840924
2024-04-02 08:30:00,London,1,0.3671631055758296,0.49413298565840924
2024-04-02 09:15:00,London,0,0.3483184280206125,0.49413298565840924
2024-04-02 10:00:00,London,1,0.6469334310755541,0.5554711246200612
2024-04-02 10:30:00,London,0,0.7034096057786494,0.6214689265536721
2024-04-02 10:45:00,London,0,0.8547353158544959,0.7101449275362319
2024-04-02 12:00:00,London,0,0.7637071649039197,0.6214689265536721
2024-04-02 12:15:00,London,1,0.643822454939221,0.5554711246200612
2024-04-02 14:30:00,London,0,0.7207408030966574,0.6214689265536721
2024-04-02 15:15:00,London,1,0.8215593031702324,0.7101449275362319
2024-04-02 23:00:00,Other,0,0.824761654325572,0.7101449275362319
2024-04-02 23:15:00,Other,0,0.8498741237098044,0.7101449275362319
2024-04-02 23:45:00,Other,1,0.9059475813385088,0.8
2024-04-03 00:00:00,Other,0,0.6399810776542777,0.5554711246200612
2024-04-03 00:45:00,Other,0,0.5537888545059743,0.5554711246200612
2024-04-03 03:30:00,Other,0,0.7402652398286079,0.6214689265536721
2024-04-03 03:45:00,Other,1,0.4783126424036451,0.5365853658536585
2024-04-03 04:00:00,Other,0,0.4928060488976785,0.5365853658536585
2024-04-03 04:15:00,Other,1,0.4740717748154716,0.5365853658536585
2024-04-03 04:30:00,Other,0,0.4015881923966968,0.49413298565840924
2024-04-03 04:45:00,Other,0,0.2023468470861358,0.4098360655737705
2024-04-03 05:00:00,Other,1,0.7348093945957274,0.6214689265536721
2024-04-03 05:30:00,Other,1,0.4692060443158332,0.5365853658536585
2024-04-03 05:45:00,Other,0,0.3413552728150414,0.49413298565840924
2024-04-03 06:00:00,Other,0,0.1578281329658808,0.3142857142857143
2024-04-03 06:30:00,Other,0,0.4801812932782718,0.5365853658536585
2024-04-03 07:00:00,London,0,0.387249497506671,0.49413298565840924
2024-04-03 07:15:00,London,1,0.5087216258482459,0.5365853658536585
2024-04-03 07:30:00,London,0,0.4796278669671923,0.5365853658536585
2024-04-03 08:00:00,London,1,0.7358142991706221,0.6214689265536721
2024-04-03 14:45:00,London,1,0.8190863757052078,0.7101449275362319
2024-04-03 15:15:00,London,0,0.7371335332764586,0.6214689265536721
2024-04-03 15:45:00,London,1,0.7371335332764586,0.6214689265536721
2024-04-03 17:45:00,NY,1,0.7487042092669591,0.6214689265536721
2024-04-03 18:45:00,NY,1,0.7432224479312025,0.6214689265536721
2024-04-03 20:00:00,NY,1,0.6416262439135195,0.5554711246200612
2024-04-03 20:15:00,NY,1,0.5392342815726507,0.5365853658536585
2024-04-03 22:30:00,Other,1,0.6415400535674789,0.5554711246200612
2024-04-03 22:45:00,Other,0,0.6302220018136849,0.5554711246200612
2024-04-03 23:00:00,Other,0,0.6927860130379103,0.6214689265536721
2024-04-03 23:15:00,Other,0,0.7411217843222825,0.6214689265536721
2024-04-04 00:00:00,Other,1,0.4233293307965334,0.49413298565840924
2024-04-04 00:15:00,Other,1,0.3853756302138263,0.49413298565840924
2024-04-04 01:30:00,Other,1,0.3322863659526635,0.49413298565840924
2024-04-04 02:00:00,Other,1,0.5373565432244148,0.5365853658536585
2024-04-04 02:30:00,Other,0,0.4683453824313723,0.5365853658536585
2024-04-04 03:00:00,Other,1,0.5161055234105266,0.5365853658536585
2024-04-04 03:30:00,Other,0,0.4922195495804187,0.5365853658536585
2024-04-04 04:15:00,Other,0,0.3120385057915706,0.49413298565840924
2024-04-04 04:45:00,Other,1,0.2734170707517596,0.4878048780487805
2024-04-04 05:00:00,Other,0,0.3221479499762978,0.49413298565840924
2024-04-04 05:30:00,Other,0,0.2983667006876959,0.49413298565840924
2024-04-04 05:45:00,Other,1,0.3216154456348992,0.49413298565840924
2024-04-04 06:00:00,Other,0,0.3080413237712839,0.49413298565840924
2024-04-04 07:15:00,London,1,0.2953264846178626,0.49413298565840924
2024-04-04 07:45:00,London,1,0.2848131104593525,0.49413298565840924
2024-04-04 08:00:00,London,0,0.2838106776638266,0.49413298565840924
2024-04-04 08:15:00,London,1,0.3103305213151979,0.49413298565840924
2024-04-04 15:15:00,London,0,0.4570923763866552,0.5365853658536585
2024-04-04 15:30:00,London,0,0.2255094403057258,0.4098360655737705
2024-04-04 16:00:00,London,0,0.4827278114112934,0.5365853658536585
2024-04-04 16:15:00,London,0,0.4789709858463696,0.5365853658536585
2024-04-04 17:00:00,NY,0,0.6075204673803332,0.5554711246200612
2024-04-04 17:30:00,NY,1,0.5216381527221166,0.5365853658536585
2024-04-04 18:15:00,NY,1,0.5896857860220187,0.5554711246200612
2024-04-04 18:30:00,NY,1,0.6914254547107576,0.6214689265536721
2024-04-04 19:00:00,NY,0,0.6660361961896915,0.5554711246200612
2024-04-04 19:30:00,NY,1,0.7785133680698556,0.6214689265536721
2024-04-05 08:15:00,London,1,0.3160853262292166,0.49413298565840924
2024-04-05 08:30:00,London,1,0.4867816072731425,0.5365853658536585
2024-04-05 09:15:00,London,1,0.6093486007038319,0.5554711246200612
2024-04-05 09:30:00,London,1,0.6069127194410667,0.5554711246200612
2024-04-05 09:45:00,London,1,0.607743577670795,0.5554711246200612
2024-04-05 10:15:00,London,1,0.6264048222196958,0.5554711246200612
2024-04-05 10:30:00,London,0,0.6393670151413978,0.5554711246200612
2024-04-05 10:45:00,London,0,0.6998801897161638,0.6214689265536721
2024-04-05 11:15:00,London,0,0.7356242263646342,0.6214689265536721
2024-04-05 11:30:00,London,1,0.7938512819775819,0.6214689265536721
2024-04-05 12:00:00,London,1,0.549783945579648,0.5554711246200612
2024-04-05 12:15:00,London,0,0.786615674692218,0.6214689265536721
2024-04-05 12:30:00,London,1,0.8519801186059136,0.7101449275362319
2024-04-05 12:45:00,London,1,0.6335127053573195,0.5554711246200612
2024-04-05 13:30:00,London,1,0.6684398169330135,0.5554711246200612
2024-04-05 13:45:00,London,1,0.953600685625646,0.8333333333333334
2024-04-05 14:00:00,London,1,0.7890456622531022,0.6214689265536721
2024-04-05 14:15:00,London,1,0.8216933483139177,0.7101449275362319
2024-04-05 14:30:00,London,1,0.8314713856664079,0.7101449275362319
2024-04-05 15:30:00,London,1,0.768833010029301,0.6214689265536721
2024-04-05 16:30:00,London,1,0.8887142301507115,0.7352941176470589
2024-04-05 18:00:00,NY,0,0.6268949899217551,0.5554711246200612
2024-04-05 18:15:00,NY,1,0.6532551176657859,0.5554711246200612
2024-04-05 18:45:00,NY,0,0.4264581680011611,0.49413298565840924
2024-04-05 19:00:00,NY,1,0.8373675255706707,0.7101449275362319
2024-04-05 19:45:00,NY,1,0.8396738296116659,0.7101449275362319
2024-04-05 20:00:00,NY,1,0.6145548490982681,0.5554711246200612
2024-04-05 20:30:00,NY,0,0.5112813431915643,0.5365853658536585
2024-04-08 03:30:00,Other,1,0.4450358180035818,0.5365853658536585
2024-04-08 04:00:00,Other,1,0.5925954731789626,0.5554711246200612
2024-04-08 04:30:00,Other,1,0.5056547887120109,0.5365853658536585
2024-04-08 05:00:00,Other,1,0.5925954731789626,0.5554711246200612
2024-04-08 05:30:00,Other,0,0.5475443283721155,0.5365853658536585
2024-04-08 06:00:00,Other,1,0.8396304717492327,0.7101449275362319
2024-04-08 06:30:00,Other,1,0.5155535480882796,0.5365853658536585
2024-04-08 06:45:00,Other,1,0.4823080201023088,0.5365853658536585
2024-04-08 07:00:00,London,1,0.5327683870874271,0.5365853658536585
2024-04-08 07:30:00,London,0,0.5300826963269297,0.5365853658536585
2024-04-08 09:00:00,London,1,0.5593144172788498,0.5554711246200612
2024-04-08 09:15:00,London,1,0.5535238921200752,0.5554711246200612
2024-04-08 09:30:00,London,1,0.5631378178189724,0.5554711246200612
2024-04-08 10:00:00,London,1,0.6498358003451873,0.5554711246200612
2024-04-08 11:00:00,London,1,0.6039094052332779,0.5554711246200612
2024-04-08 11:30:00,London,0,0.6102570285543172,0.5554711246200612
2024-04-08 18:45:00,NY,1,0.6968061182441743,0.6214689265536721
2024-04-08 19:15:00,NY,0,0.5235092813305124,0.5365853658536585
2024-04-08 20:00:00,NY,0,0.5521722830323179,0.5554711246200612
2024-04-08 20:15:00,NY,1,0.6648197091223355,0.5554711246200612
2024-04-08 20:30:00,NY,0,0.8346917025713864,0.7101449275362319
2024-04-08 20:45:00,NY,0,0.5119561552766111,0.5365853658536585
2024-04-09 01:45:00,Other,1,0.3478604412914117,0.49413298565840924
2024-04-09 02:15:00,Other,0,0.6512995330374342,0.5554711246200612
2024-04-09 02:30:00,Other,1,0.7335402435949419,0.6214689265536721
2024-04-09 02:45:00,Other,1,0.7365902727151266,0.6214689265536721
2024-04-09 03:00:00,Other,1,0.7721098122476454,0.6214689265536721
2024-04-09 03:15:00,Other,1,0.559325962257524,0.5554711246200612
2024-04-09 03:30:00,Other,1,0.6548819164257106,0.5554711246200612
2024-04-09 04:00:00,Other,1,0.730465926837045,0.6214689265536721
2024-04-09 04:30:00,Other,1,0.4868800382762261,0.5365853658536585
2024-04-09 05:45:00,Other,1,0.2699060265919025,0.4878048780487805
2024-04-09 06:00:00,Other,1,0.2908122329330294,0.49413298565840924
2024-04-09 07:30:00,London,1,0.7012934114485488,0.6214689265536721
2024-04-09 08:45:00,London,1,0.6845987400955168,0.6041666666666666
2024-04-09 09:00:00,London,1,0.6621179764755366,0.5554711246200612
2024-04-09 09:30:00,London,0,0.6663201864661836,0.5554711246200612
2024-04-09 09:45:00,London,0,0.6602312670734093,0.5554711246200612
2024-04-09 10:30:00,London,1,0.6599151266860174,0.5554711246200612
2024-04-09 10:45:00,London,0,0.664428101184753,0.5554711246200612
2024-04-09 11:15:00,London,1,0.711984604531693,0.6214689265536721
2024-04-09 12:00:00,London,0,0.5897162432645287,0.5554711246200612
2024-04-09 12:45:00,London,1,0.5288941671623398,0.5365853658536585
2024-04-09 13:00:00,London,1,0.7806173113449083,0.6214689265536721
2024-04-09 13:15:00,London,1,0.6306294383742911,0.5554711246200612
2024-04-09 13:30:00,London,1,0.661761120379711,0.5554711246200612
2024-04-09 13:45:00,London,1,0.6790148824018118,0.5573770491803278
2024-04-09 14:15:00,London,0,0.6171075718354374,0.5554711246200612
2024-04-09 15:30:00,London,0,0.7773281479528735,0.6214689265536721
2024-04-10 00:15:00,Other,0,0.3958665621027745,0.49413298565840924
2024-04-10 00:45:00,Other,0,0.7004835887482406,0.6214689265536721
2024-04-10 05:45:00,Other,1,0.373894494383381,0.49413298565840924
2024-04-10 06:15:00,Other,0,0.3764980292620976,0.49413298565840924
2024-04-10 06:30:00,Other,0,0.5955838154933527,0.5554711246200612
2024-04-10 06:45:00,Other,1,0.5047530168852837,0.5365853658536585
2024-04-10 07:15:00,London,0,0.4691268438746261,0.5365853658536585
2024-04-10 07:30:00,London,0,0.20522433642026,0.4098360655737705
2024-04-10 07:45:00,London,1,0.5103452498512934,0.5365853658536585
2024-04-10 08:00:00,London,0,0.5040180369219466,0.5365853658536585
2024-04-10 08:15:00,London,1,0.4912658507965013,0.5365853658536585
2024-04-10 08:30:00,London,1,0.4117299374084319,0.49413298565840924
2024-04-10 08:45:00,London,0,0.5386899045081479,0.5365853658536585
2024-04-10 09:15:00,London,0,0.4681853992839442,0.5365853658536585
2024-04-10 09:30:00,London,0,0.6237108430035103,0.5554711246200612
2024-04-10 09:45:00,London,0,0.4838516011521621,0.5365853658536585
2024-04-10 10:00:00,London,0,0.4714644848251382,0.5365853658536585
2024-04-10 11:00:00,London,1,0.4340570436933945,0.5365853658536585
2024-04-10 12:30:00,London,1,0.3277927539983868,0.49413298565840924
2024-04-10 12:45:00,London,1,0.507459263691819,0.5365853658536585
2024-04-10 13:00:00,London,1,0.8309447388955321,0.7101449275362319
2024-04-10 14:30:00,London,1,0.6937793099536296,0.6214689265536721
2024-04-10 14:45:00,London,1,0.6470824934797207,0.5554711246200612
2024-04-10 15:00:00,London,1,0.9119100295661082,0.8
2024-04-10 15:45:00,London,1,0.7161500615867833,0.6214689265536721
2024-04-10 16:15:00,London,1,0.6978678547797758,0.6214689265536721
2024-04-10 16:30:00,London,1,0.6954048049518752,0.6214689265536721
2024-04-10 16:45:00,London,0,0.7046565386402412,0.6214689265536721
2024-04-11 03:30:00,Other,1,0.4698172449440564,0.5365853658536585
2024-04-11 04:00:00,Other,0,0.3939977737281315,0.49413298565840924
2024-04-11 04:15:00,Other,1,0.5734128489082663,0.5554711246200612
2024-04-11 05:00:00,Other,0,0.2841779863434014,0.49413298565840924
2024-04-11 05:30:00,Other,0,0.6832270078078597,0.6041666666666666
2024-04-11 05:45:00,Other,0,0.4676376781070935,0.5365853658536585
2024-04-11 06:45:00,Other,1,0.4440540975131366,0.5365853658536585
2024-04-11 07:00:00,London,0,0.8921703462616221,0.7352941176470589
2024-04-11 08:00:00,London,0,0.6807702482996169,0.5573770491803278
2024-04-11 14:00:00,London,0,0.6084432091258966,0.5554711246200612
2024-04-11 14:30:00,London,1,0.8973247159620908,0.8
2024-04-11 14:45:00,London,1,0.8707662828780816,0.7352941176470589
2024-04-11 15:15:00,London,1,0.6793606125328481,0.5573770491803278
2024-04-11 15:30:00,London,1,0.683075492582339,0.6041666666666666
2024-04-11 15:45:00,London,1,0.6992671765823888,0.6214689265536721
2024-04-11 16:00:00,London,0,0.6681831970946733,0.5554711246200612
2024-04-11 16:15:00,London,1,0.6212007740163882,0.5554711246200612
2024-04-11 16:45:00,London,1,0.5738670949327638,0.5554711246200612
2024-04-11 17:00:00,NY,1,0.7663477505048955,0.6214689265536721
2024-04-11 18:00:00,NY,1,0.7328741891361431,0.6214689265536721
2024-04-11 18:30:00,NY,0,0.6866076327602294,0.6111111111111112
2024-04-11 18:45:00,NY,1,0.718944690644542,0.6214689265536721
2024-04-11 19:15:00,NY,1,0.6747096128352603,0.5573770491803278
2024-04-11 19:30:00,NY,1,0.7532733142234679,0.6214689265536721
2024-04-11 19:45:00,NY,1,0.7767665262540926,0.6214689265536721
2024-04-11 20:00:00,NY,1,0.7626387804695041,0.6214689265536721
2024-04-11 20:15:00,NY,1,0.7182921489757527,0.6214689265536721
2024-04-11 22:00:00,Other,0,0.6956095919212282,0.6214689265536721
2024-04-11 23:15:00,Other,0,0.7383650643981586,0.6214689265536721
2024-04-12 00:00:00,Other,0,0.6511539260143554,0.5554711246200612
2024-04-12 00:15:00,Other,1,0.3831595482058088,0.49413298565840924
2024-04-12 00:45:00,Other,1,0.3935226886627075,0.49413298565840924
2024-04-12 01:00:00,Other,1,0.7109638717252527,0.6214689265536721
2024-04-12 01:45:00,Other,1,0.6822678764299757,0.6041666666666666
2024-04-12 02:15:00,Other,1,0.7328571681902553,0.6214689265536721
2024-04-12 03:00:00,Other,1,0.6180660880090676,0.5554711246200612
2024-04-12 03:15:00,Other,0,0.5416411067993122,0.5365853658536585
2024-04-12 04:15:00,Other,0,0.5840493200078662,0.5554711246200612
2024-04-12 04:30:00,Other,1,0.2520554166608579,0.4583333333333333
2024-04-12 04:45:00,Other,1,0.5993374677638946,0.5554711246200612
2024-04-12 05:00:00,Other,1,0.6829082696346076,0.6041666666666666
2024-04-12 05:15:00,Other,1,0.663139152008805,0.5554711246200612
2024-04-12 06:30:00,Other,1,0.7147524469917781,0.6214689265536721
2024-04-12 06:45:00,Other,1,0.7099697789850912,0.6214689265536721
2024-04-12 07:00:00,London,1,0.7013164466543379,0.6214689265536721
2024-04-12 07:45:00,London,0,0.6596582961151634,0.5554711246200612
2024-04-12 09:15:00,London,1,0.6665675291662281,0.5554711246200612
2024-04-12 09:45:00,London,0,0.5194241977596342,0.5365853658536585
2024-04-12 10:00:00,London,0,0.6393670151413978,0.5554711246200612
2024-04-12 15:30:00,London,0,0.6660719970706028,0.5554711246200612
2024-04-12 15:45:00,London,0,0.8218616400376342,0.7101449275362319
2024-04-12 16:00:00,London,1,0.3312282954377996,0.49413298565840924
2024-04-12 16:15:00,London,1,0.8181424284382519,0.7101449275362319
2024-04-12 16:30:00,London,0,0.8181424284382519,0.7101449275362319
2024-04-14 23:00:00,Other,1,0.5761146958741258,0.5554711246200612
2024-04-14 23:15:00,Other,1,0.5862768208486208,0.5554711246200612
2024-04-15 00:00:00,Other,0,0.6259585917653296,0.5554711246200612
2024-04-15 01:30:00,Other,0,0.2318438853315945,0.4098360655737705
2024-04-15 01:45:00,Other,1,0.2202395614331365,0.4098360655737705
2024-04-15 02:00:00,Other,1,0.516626950817616,0.5365853658536585
2024-04-15 02:15:00,Other,1,0.7791293299022026,0.6214689265536721
2024-04-15 02:30:00,Other,0,0.4868417809111824,0.5365853658536585
2024-04-15 03:45:00,Other,0,0.4236653152867811,0.49413298565840924
2024-04-15 04:45:00,Other,0,0.5829090060430401,0.5554711246200612
2024-04-15 19:45:00,NY,0,0.7790912956991353,0.6214689265536721
2024-04-15 20:30:00,NY,1,0.8445292258531925,0.7101449275362319
2024-04-15 20:45:00,NY,1,0.6847162112113165,0.6111111111111112
2024-04-15 22:00:00,Other,0,0.7582449670583086,0.6214689265536721
2024-04-15 23:00:00,Other,0,0.7902996483699024,0.6214689265536721
2024-04-16 00:00:00,Other,1,0.6768652755180937,0.5573770491803278
2024-04-16 00:15:00,Other,1,0.5362020092309299,0.5365853658536585
2024-04-16 00:30:00,Other,0,0.6768652755180937,0.5573770491803278
2024-04-16 00:45:00,Other,1,0.5925484522750012,0.5554711246200612
2024-04-16 01:00:00,Other,1,0.4608223423314453,0.5365853658536585
2024-04-16 05:15:00,Other,0,0.4179956872141093,0.49413298565840924
2024-04-16 05:45:00,Other,1,0.3763338167666487,0.49413298565840924
2024-04-16 06:00:00,Other,1,0.3920288137727636,0.49413298565840924
2024-04-16 06:15:00,Other,0,0.4056952401364772,0.49413298565840924
2024-04-16 13:45:00,London,1,0.8038645399161004,0.7090909090909091
2024-04-16 15:15:00,London,1,0.7796544965078499,0.6214689265536721
2024-04-16 16:00:00,London,1,0.714867820715594,0.6214689265536721
2024-04-16 16:15:00,London,1,0.714867820715594,0.6214689265536721
2024-04-16 16:30:00,London,1,0.751793966900928,0.6214689265536721
2024-04-16 17:00:00,NY,1,0.6699604868039871,0.5554711246200612
2024-04-16 17:15:00,NY,0,0.6637810549954626,0.5554711246200612
2024-04-16 17:45:00,NY,1,0.8989234489561122,0.8
2024-04-16 18:00:00,NY,1,0.7945109460668845,0.6214689265536721
2024-04-16 18:45:00,NY,1,0.6290741920374909,0.5554711246200612
2024-04-16 19:00:00,NY,1,0.6827456883047867,0.6041666666666666
2024-04-16 19:15:00,NY,0,0.736254810459003,0.6214689265536721
2024-04-16 19:30:00,NY,0,0.6570838444197904,0.5554711246200612
2024-04-17 03:00:00,Other,0,0.4179003974414652,0.49413298565840924
2024-04-17 03:30:00,Other,1,0.4179003974414652,0.49413298565840924
2024-04-17 04:15:00,Other,0,0.4000226597964987,0.49413298565840924
2024-04-17 04:30:00,Other,0,0.279981007035899,0.49413298565840924
2024-04-17 05:15:00,Other,0,0.3541889730490517,0.49413298565840924
2024-04-17 05:30:00,Other,1,0.3011836532003442,0.49413298565840924
2024-04-17 09:30:00,London,1,0.6749410883717045,0.5573770491803278
2024-04-17 10:00:00,London,1,0.7888646075380722,0.6214689265536721
2024-04-17 10:30:00,London,1,0.7123137488873407,0.6214689265536721
2024-04-17 11:45:00,London,1,0.7721807536640406,0.6214689265536721
2024-04-17 15:00:00,London,0,0.6691603735701231,0.5554711246200612
2024-04-17 15:30:00,London,1,0.671548404212066,0.5573770491803278
2024-04-17 15:45:00,London,0,0.3804936851824686,0.49413298565840924
2024-04-17 16:15:00,London,0,0.8186260599424785,0.7101449275362319
2024-04-17 16:30:00,London,1,0.8045373948191338,0.7090909090909091
2024-04-18 08:00:00,London,1,0.3114710113984807,0.49413298565840924
2024-04-18 08:45:00,London,0,0.3216143106747769,0.49413298565840924
2024-04-18 09:00:00,London,0,0.3028819435390891,0.49413298565840924
2024-04-18 09:15:00,London,1,0.321960250389037,0.49413298565840924
2024-04-18 09:30:00,London,1,0.3052469849162214,0.49413298565840924
2024-04-18 09:45:00,London,0,0.3327297516982402,0.49413298565840924
2024-04-18 10:00:00,London,1,0.4462970608002238,0.5365853658536585
2024-04-18 10:30:00,London,0,0.4516606418187704,0.5365853658536585
2024-04-18 11:15:00,London,1,0.4381594907849387,0.5365853658536585
2024-04-18 12:00:00,London,0,0.5687514974151847,0.5554711246200612
2024-04-18 12:30:00,London,1,0.7200506190050896,0.6214689265536721
2024-04-18 12:45:00,London,1,0.7356068426844351,0.6214689265536721
2024-04-18 13:00:00,London,1,0.7642651927319134,0.6214689265536721
2024-04-18 13:15:00,London,0,0.728509012755486,0.6214689265536721
2024-04-18 13:45:00,London,1,0.7057685905524638,0.6214689265536721
2024-04-19 02:15:00,Other,0,0.4552504770287862,0.5365853658536585
2024-04-19 03:00:00,Other,1,0.695449452154808,0.6214689265536721
2024-04-19 03:15:00,Other,1,0.8460523177828613,0.7101449275362319
2024-04-19 03:30:00,Other,1,0.8193048238786347,0.7101449275362319
2024-04-19 03:45:00,Other,0,0.5359013261255285,0.5365853658536585
2024-04-19 04:00:00,Other,0,0.2795236619667221,0.49413298565840924
2024-04-19 16:00:00,London,1,0.6727450149204074,0.5573770491803278
2024-04-19 16:45:00,London,0,0.5772202349180189,0.5554711246200612
2024-04-19 17:30:00,NY,0,0.581943548448425,0.5554711246200612
2024-04-19 17:45:00,NY,1,0.6501623524176683,0.5554711246200612
2024-04-19 18:00:00,NY,1,0.683011713858471,0.6041666666666666
2024-04-19 18:15:00,NY,0,0.7106817315978983,0.6214689265536721
2024-04-19 19:15:00,NY,0,0.7394505702429403,0.6214689265536721
2024-04-22 10:45:00,London,0,0.3872952517335737,0.49413298565840924
2024-04-22 11:15:00,London,1,0.6157368109666393,0.5554711246200612
2024-04-22 11:30:00,London,1,0.4610986608761779,0.5365853658536585
2024-04-22 11:45:00,London,1,0.6180863283448969,0.5554711246200612
2024-04-22 12:00:00,London,0,0.6339703571129042,0.5554711246200612
2024-04-23 01:15:00,Other,0,0.2636601430522522,0.46153846153846156
2024-04-23 01:30:00,Other,1,0.6435858705173755,0.5554711246200612
2024-04-23 14:45:00,London,1,0.9180273365194602,0.8
2024-04-23 15:45:00,London,1,0.7400067465730465,0.6214689265536721
2024-04-23 16:15:00,London,1,0.6289821951309436,0.5554711246200612
2024-04-23 16:30:00,London,0,0.7295875357229422,0.6214689265536721
2024-04-23 17:30:00,NY,1,0.3062409898917057,0.49413298565840924
2024-04-23 18:00:00,NY,1,0.7225700673152229,0.6214689265536721
2024-04-23 18:15:00,NY,0,0.7377770163706131,0.6214689265536721
2024-04-23 19:00:00,NY,0,0.7671278502734147,0.6214689265536721
2024-04-23 19:15:00,NY,0,0.5691000170489073,0.5554711246200612
2024-04-23 19:30:00,NY,1,0.6022390981753493,0.5554711246200612
2024-04-23 19:45:00,NY,1,0.7189624429924022,0.6214689265536721
2024-04-23 20:00:00,NY,0,0.7790607831057663,0.6214689265536721
2024-04-23 20:15:00,NY,0,0.7317110496172927,0.6214689265536721
2024-04-23 20:30:00,NY,0,0.5298457380853397,0.5365853658536585
2024-04-23 20:45:00,NY,1,0.6275841801559724,0.5554711246200612
2024-04-23 22:00:00,Other,1,0.6389858311616624,0.5554711246200612
2024-04-24 04:30:00,Other,0,0.46744980804886,0.5365853658536585
2024-04-24 05:00:00,Other,1,0.5651979199145633,0.5554711246200612
2024-04-24 05:45:00,Other,0,0.4038243254764652,0.49413298565840924
2024-04-24 06:30:00,Other,0,0.472474140013091,0.5365853658536585
2024-04-24 06:45:00,Other,0,0.4874476129962855,0.5365853658536585
2024-04-24 07:00:00,London,0,0.2202118990228901,0.4098360655737705
2024-04-24 07:30:00,London,0,0.4556835654921292,0.5365853658536585
2024-04-24 08:00:00,London,1,0.4715926921640287,0.5365853658536585
2024-04-24 08:15:00,London,0,0.4715926921640287,0.5365853658536585
2024-04-24 09:00:00,London,0,0.3859246759621546,0.49413298565840924
2024-04-24 09:15:00,London,1,0.6672233626481441,0.5554711246200612
2024-04-24 15:15:00,London,0,0.678834488984957,0.5573770491803278
2024-04-24 15:30:00,London,1,0.7058304716127146,0.6214689265536721
2024-04-24 15:45:00,London,1,0.7602074508221747,0.6214689265536721
2024-04-24 16:30:00,London,1,0.6984337197675032,0.6214689265536721
2024-04-24 17:00:00,NY,0,0.737209930853928,0.6214689265536721
2024-04-24 17:45:00,NY,0,0.6796892522581187,0.5573770491803278
2024-04-24 18:00:00,NY,1,0.6354697830729572,0.5554711246200612
2024-04-24 18:15:00,NY,0,0.8085470093938428,0.7090909090909091
2024-04-25 09:15:00,London,0,0.3654699947819261,0.49413298565840924
2024-04-25 09:45:00,London,1,0.4082826052546793,0.49413298565840924
2024-04-25 10:15:00,London,0,0.395689441512757,0.49413298565840924
2024-04-25 10:30:00,London,1,0.3376953807345872,0.49413298565840924
2024-04-25 11:00:00,London,1,0.3718965619815834,0.49413298565840924
2024-04-25 11:15:00,London,1,0.4188688268295686,0.49413298565840924
2024-04-25 11:45:00,London,1,0.4709704274249842,0.5365853658536585
2024-04-25 15:00:00,London,0,0.6997356503440365,0.6214689265536721
2024-04-25 15:15:00,London,0,0.7329440180637363,0.6214689265536721
2024-04-25 15:45:00,London,1,0.7068167017090988,0.6214689265536721
2024-04-25 16:00:00,London,0,0.6997266480947758,0.6214689265536721
2024-04-25 16:15:00,London,1,0.7731150040615312,0.6214689265536721
2024-04-25 17:15:00,NY,1,0.6493622473846564,0.5554711246200612
2024-04-25 18:30:00,NY,0,0.6846037354135197,0.6041666666666666
2024-04-25 18:45:00,NY,0,0.7612747866081039,0.6214689265536721
2024-04-25 19:00:00,NY,1,0.7510730407001192,0.6214689265536721
2024-04-25 20:00:00,NY,0,0.7220708119962035,0.6214689265536721
2024-04-25 20:30:00,NY,1,0.6537426532269259,0.5554711246200612
2024-04-25 22:00:00,Other,0,0.7502726306308958,0.6214689265536721
2024-04-25 22:30:00,Other,0,0.7621523108347539,0.6214689265536721
2024-04-25 22:45:00,Other,0,0.7913795836420255,0.6214689265536721
2024-04-25 23:00:00,Other,0,0.3579745380551638,0.49413298565840924
2024-04-25 23:15:00,Other,0,0.8421955992422763,0.7101449275362319
2024-04-25 23:30:00,Other,0,0.6189081255085751,0.5554711246200612
2024-04-25 23:45:00,Other,0,0.6961160101382792,0.6214689265536721
2024-04-26 00:30:00,Other,1,0.6093174510489174,0.5554711246200612
2024-04-26 00:45:00,Other,0,0.6731621031425254,0.5573770491803278
2024-04-26 02:30:00,Other,1,0.4002587275732632,0.49413298565840924
2024-04-26 02:45:00,Other,0,0.4229134341461565,0.49413298565840924
2024-04-26 03:00:00,Other,0,0.3690367729520577,0.49413298565840924
2024-04-26 03:15:00,Other,0,0.4304142987460095,0.49413298565840924
2024-04-26 03:30:00,Other,1,0.4455180725461986,0.5365853658536585
2024-04-26 04:30:00,Other,1,0.3257893478381399,0.49413298565840924
2024-04-26 04:45:00,Other,1,0.3275801756162924,0.49413298565840924
2024-04-26 05:15:00,Other,1,0.2890036396337925,0.49413298565840924
2024-04-26 06:15:00,Other,1,0.3245781038828215,0.49413298565840924
2024-04-26 06:30:00,Other,1,0.3110253087921953,0.49413298565840924
2024-04-26 06:45:00,Other,1,0.3337919225829092,0.49413298565840924
2024-04-26 07:30:00,London,1,0.6989150480945834,0.6214689265536721
2024-04-26 08:30:00,London,1,0.5865277029681436,0.5554711246200612
2024-04-26 08:45:00,London,1,0.6788212665365679,0.5573770491803278
2024-04-26 09:45:00,London,0,0.5990170676934383,0.5554711246200612
2024-04-26 11:15:00,London,0,0.5291339224732478,0.5365853658536585
2024-04-26 13:30:00,London,1,0.7287621670337517,0.6214689265536721
2024-04-26 13:45:00,London,1,0.6931394381574296,0.6214689265536721
2024-04-26 14:00:00,London,0,0.6196010313235683,0.5554711246200612
2024-04-26 14:30:00,London,1,0.7859967583899491,0.6214689265536721
2024-04-26 15:00:00,London,1,0.6098911968700981,0.5554711246200612
2024-04-26 15:45:00,London,1,0.5340000949027833,0.5365853658536585
2024-04-26 16:00:00,London,1,0.4710905920900259,0.5365853658536585
2024-04-26 18:00:00,NY,1,0.8151638330352314,0.7101449275362319
2024-04-26 18:45:00,NY,0,0.5431376078560013,0.5365853658536585
2024-04-26 19:00:00,NY,0,0.221821937883062,0.4098360655737705
2024-04-26 19:15:00,NY,0,0.4405082712547973,0.5365853658536585
2024-04-26 19:30:00,NY,1,0.4422078250313414,0.5365853658536585
2024-04-26 19:45:00,NY,0,0.4249321138985573,0.49413298565840924
2024-04-26 20:00:00,NY,0,0.4267978408117553,0.49413298565840924
2024-04-26 20:15:00,NY,0,0.4267978408117553,0.49413298565840924
2024-04-29 09:15:00,London,1,0.4824219300915889,0.5365853658536585
2024-04-29 10:00:00,London,0,0.4010029436628461,0.49413298565840924
2024-04-29 10:30:00,London,1,0.425280795718944,0.49413298565840924
2024-04-29 11:15:00,London,0,0.5294662489447366,0.5365853658536585
2024-04-29 11:30:00,London,0,0.1308879425317831,0.3142857142857143
2024-04-29 12:15:00,London,0,0.535702263343854,0.5365853658536585
2024-04-29 12:30:00,London,1,0.5708641727838587,0.5554711246200612
2024-04-29 16:45:00,London,1,0.5970621188374706,0.5554711246200612
2024-04-29 17:15:00,NY,0,0.6454898428360846,0.5554711246200612
2024-04-29 17:30:00,NY,0,0.6605343056530923,0.5554711246200612
2024-04-29 17:45:00,NY,1,0.7713773035728154,0.6214689265536721
2024-04-29 18:00:00,NY,0,0.7111115995709694,0.6214689265536721
2024-04-29 18:15:00,NY,1,0.7179003707048727,0.6214689265536721
2024-04-29 18:30:00,NY,1,0.7545226747863265,0.6214689265536721
2024-04-29 19:00:00,NY,0,0.5124829949160716,0.5365853658536585
2024-04-29 19:15:00,NY,0,0.6922725144111622,0.6214689265536721
2024-04-29 19:45:00,NY,1,0.7232914895133269,0.6214689265536721
2024-04-29 20:15:00,NY,0,0.7657565736946477,0.6214689265536721
2024-04-29 22:00:00,Other,0,0.5589886343981553,0.5554711246200612
2024-04-29 22:15:00,Other,0,0.5403564875095186,0.5365853658536585
2024-04-29 22:30:00,Other,0,0.4603546711961606,0.5365853658536585
2024-04-29 22:45:00,Other,0,0.5401871289529788,0.5365853658536585
2024-04-29 23:00:00,Other,0,0.5242643661583447,0.5365853658536585
2024-04-29 23:15:00,Other,1,0.504005284175157,0.5365853658536585
2024-04-29 23:45:00,Other,1,0.5155190898691456,0.5365853658536585
2024-05-01 06:45:00,Other,0,0.3096126236543065,0.49413298565840924
2024-05-01 07:15:00,London,0,0.3993575374834373,0.49413298565840924
2024-05-01 08:00:00,London,0,0.2836514713326834,0.49413298565840924
2024-05-01 08:30:00,London,1,0.2730146731733957,0.4878048780487805
2024-05-01 08:45:00,London,1,0.3549145112054402,0.49413298565840924
2024-05-01 09:00:00,London,0,0.3555543644920403,0.49413298565840924
2024-05-01 09:15:00,London,1,0.3375941231813368,0.49413298565840924
2024-05-01 09:45:00,London,0,0.3505675017220704,0.49413298565840924
2024-05-01 10:00:00,London,1,0.4262212026541132,0.49413298565840924
2024-05-01 11:00:00,London,1,0.4527049253964159,0.5365853658536585
2024-05-01 11:15:00,London,0,0.4527049253964159,0.5365853658536585
2024-05-01 11:45:00,London,1,0.3178647202463221,0.49413298565840924
2024-05-01 12:15:00,London,1,0.6458673158762437,0.5554711246200612
2024-05-01 12:30:00,London,1,0.6458673158762437,0.5554711246200612
2024-05-01 13:00:00,London,1,0.7126584344003944,0.6214689265536721
2024-05-01 13:30:00,London,1,0.8176924945451304,0.7101449275362319
2024-05-01 14:45:00,London,1,0.9019367226305502,0.8
2024-05-01 15:00:00,London,1,0.6455159243367243,0.5554711246200612
2024-05-01 15:15:00,London,0,0.8359537020414454,0.7101449275362319
2024-05-01 16:15:00,London,1,0.6447784872965435,0.5554711246200612
2024-05-01 16:30:00,London,0,0.6699666977077556,0.5554711246200612
2024-05-01 17:00:00,NY,0,0.6665597272063378,0.5554711246200612
2024-05-01 17:30:00,NY,0,0.5918729552316082,0.5554711246200612
2024-05-01 17:45:00,NY,1,0.6851071820885294,0.6111111111111112
2024-05-01 19:00:00,NY,0,0.4265204572400655,0.49413298565840924
2024-05-01 20:00:00,NY,1,0.8797511980379834,0.7352941176470589
2024-05-01 20:30:00,NY,1,0.6661789211128001,0.5554711246200612
2024-05-01 20:45:00,NY,1,0.7154581131353877,0.6214689265536721
2024-05-01 22:00:00,Other,1,0.7882510243405859,0.6214689265536721
2024-05-01 23:00:00,Other,1,0.8755285424539847,0.7352941176470589
2024-05-01 23:45:00,Other,1,0.9067338331407864,0.8
2024-05-02 00:00:00,Other,0,0.5876768630925098,0.5554711246200612
2024-05-02 00:15:00,Other,1,0.3995902368896765,0.49413298565840924
2024-05-02 00:45:00,Other,0,0.4793731115326141,0.5365853658536585
2024-05-02 01:30:00,Other,1,0.5035374226724986,0.5365853658536585
2024-05-02 01:45:00,Other,1,0.4182326434702001,0.49413298565840924
2024-05-02 02:15:00,Other,0,0.612087830961444,0.5554711246200612
2024-05-02 02:45:00,Other,0,0.3974553142414126,0.49413298565840924
2024-05-02 03:45:00,Other,1,0.4412334978707758,0.5365853658536585
2024-05-02 04:15:00,Other,0,0.3641989371242433,0.49413298565840924
2024-05-02 04:30:00,Other,0,0.3685419060395913,0.49413298565840924
2024-05-02 04:45:00,Other,0,0.2733493316633932,0.4878048780487805
2024-05-02 05:00:00,Other,1,0.2635824340031702,0.46153846153846156
2024-05-02 05:15:00,Other,1,0.3427883427532336,0.49413298565840924
2024-05-02 05:30:00,Other,0,0.3329157629196244,0.49413298565840924
2024-05-02 05:45:00,Other,1,0.2654068235846262,0.4878048780487805
2024-05-02 06:00:00,Other,1,0.4768425663321222,0.5365853658536585
2024-05-02 06:15:00,Other,0,0.4543870874370003,0.5365853658536585
2024-05-02 06:45:00,Other,1,0.3121610181716439,0.49413298565840924
2024-05-02 07:00:00,London,1,0.3377212943882388,0.49413298565840924
2024-05-02 07:15:00,London,0,0.425144395866484,0.49413298565840924
2024-05-02 07:45:00,London,1,0.3880349672445224,0.49413298565840924
2024-05-02 08:00:00,London,0,0.6757567905865639,0.5573770491803278
2024-05-02 08:15:00,London,1,0.6865937720814936,0.6111111111111112
2024-05-02 08:30:00,London,0,0.7341708199456224,0.6214689265536721
2024-05-02 09:00:00,London,0,0.6545964516414879,0.5554711246200612
2024-05-02 09:15:00,London,0,0.5947140198949155,0.5554711246200612
2024-05-02 09:30:00,London,1,0.6141726805383642,0.5554711246200612
2024-05-02 13:00:00,London,1,0.752872633592584,0.6214689265536721
2024-05-02 13:15:00,London,1,0.6468127099987176,0.5554711246200612
2024-05-02 13:30:00,London,1,0.6009127141366036,0.5554711246200612
2024-05-02 15:15:00,London,0,0.7621924962824714,0.6214689265536721
2024-05-02 15:45:00,London,1,0.627264688523733,0.5554711246200612
2024-05-02 16:00:00,London,1,0.3632709995566113,0.49413298565840924
2024-05-02 16:15:00,London,1,0.3794689260633203,0.49413298565840924
2024-05-02 17:45:00,NY,0,0.5306159543412171,0.5365853658536585
2024-05-02 18:30:00,NY,1,0.5723020063081656,0.5554711246200612
2024-05-02 18:45:00,NY,0,0.5725426431956675,0.5554711246200612
2024-05-02 19:00:00,NY,1,0.6324188328088847,0.5554711246200612
2024-05-02 19:15:00,NY,0,0.6704207933017575,0.5554711246200612
2024-05-02 20:00:00,NY,1,0.4208789076321113,0.49413298565840924
2024-05-02 20:15:00,NY,1,0.3289531939999116,0.49413298565840924
2024-05-02 22:15:00,Other,0,0.7143495754114902,0.6214689265536721
2024-05-02 22:45:00,Other,0,0.6855230158032399,0.6111111111111112
2024-05-02 23:00:00,Other,0,0.589635967527703,0.5554711246200612
2024-05-02 23:15:00,Other,1,0.6119354122023234,0.5554711246200612
2024-05-02 23:30:00,Other,1,0.4713980563225494,0.5365853658536585
2024-05-03 00:00:00,Other,0,0.4810306604818254,0.5365853658536585
2024-05-03 01:15:00,Other,0,0.4425380517286313,0.5365853658536585
2024-05-03 02:00:00,Other,1,0.3226741891261355,0.49413298565840924
2024-05-03 06:15:00,Other,0,0.2498824084417233,0.4583333333333333
2024-05-03 06:45:00,Other,1,0.2278892358890787,0.4098360655737705
2024-05-03 10:00:00,London,0,0.3624323293422928,0.49413298565840924
2024-05-03 10:30:00,London,0,0.3437842390086524,0.49413298565840924
2024-05-03 12:45:00,London,1,0.4823023193018928,0.5365853658536585
2024-05-03 13:00:00,London,0,0.5797751477692462,0.5554711246200612
2024-05-03 13:15:00,London,0,0.239940741556459,0.42105263157894735
2024-05-03 20:30:00,NY,1,0.585501601372699,0.5554711246200612
2024-05-05 22:00:00,Other,0,0.4854349874375077,0.5365853658536585
2024-05-05 22:15:00,Other,1,0.6570717315574687,0.5554711246200612
2024-05-05 22:30:00,Other,0,0.5083963074134978,0.5365853658536585
2024-05-05 22:45:00,Other,1,0.6502223321311743,0.5554711246200612
2024-05-05 23:00:00,Other,0,0.607560972388358,0.5554711246200612
2024-05-05 23:30:00,Other,1,0.6243221814141378,0.5554711246200612
2024-05-05 23:45:00,Other,1,0.6530838965281224,0.5554711246200612
2024-05-06 02:30:00,Other,0,0.5035835411874567,0.5365853658536585
2024-05-06 02:45:00,Other,0,0.4422303859840731,0.5365853658536585
2024-05-06 03:15:00,Other,0,0.5875175983514561,0.5554711246200612
2024-05-06 03:30:00,Other,1,0.5485282977656564,0.5554711246200612
2024-05-06 04:30:00,Other,1,0.6238687860466943,0.5554711246200612
2024-05-06 04:45:00,Other,1,0.4016836515747201,0.49413298565840924
2024-05-06 05:15:00,Other,1,0.3599060369050518,0.49413298565840924
2024-05-06 05:45:00,Other,1,0.3495048956750576,0.49413298565840924
2024-05-06 06:30:00,Other,1,0.2709853262102438,0.4878048780487805
2024-05-06 06:45:00,Other,0,0.3125725120321225,0.49413298565840924
2024-05-06 07:00:00,London,1,0.2750893220750437,0.49413298565840924
2024-05-06 07:45:00,London,0,0.388813798472725,0.49413298565840924
2024-05-06 08:30:00,London,0,0.5450460146082744,0.5365853658536585
2024-05-06 09:30:00,London,1,0.391221716976794,0.49413298565840924
2024-05-06 09:45:00,London,0,0.4342370938951109,0.5365853658536585
2024-05-06 10:30:00,London,1,0.4395619853180977,0.5365853658536585
2024-05-06 11:15:00,London,0,0.446833043034438,0.5365853658536585
2024-05-06 14:00:00,London,0,0.6388818490997269,0.5554711246200612
2024-05-06 14:15:00,London,1,0.3336945647121599,0.49413298565840924
2024-05-06 14:30:00,London,1,0.9000504555804869,0.8
2024-05-06 14:45:00,London,1,0.6388818490997269,0.5554711246200612
2024-05-06 15:00:00,London,1,0.6748435698101691,0.5573770491803278
2024-05-06 20:30:00,NY,0,0.6240988124267582,0.5554711246200612
2024-05-06 22:00:00,Other,1,0.5802666610010557,0.5554711246200612
2024-05-06 22:45:00,Other,0,0.6306550186863485,0.5554711246200612
2024-05-06 23:00:00,Other,1,0.6008487922419462,0.5554711246200612
2024-05-07 01:15:00,Other,0,0.3113639121947878,0.49413298565840924
2024-05-07 01:30:00,Other,0,0.3113639121947878,0.49413298565840924
2024-05-07 01:45:00,Other,0,0.3858651331509599,0.49413298565840924
2024-05-07 02:00:00,Other,1,0.4044265310741082,0.49413298565840924
2024-05-07 13:30:00,London,0,0.7047879162959517,0.6214689265536721
2024-05-07 14:30:00,London,0,0.6165700131484319,0.5554711246200612
2024-05-07 15:30:00,London,1,0.4703399283922302,0.5365853658536585
2024-05-07 16:15:00,London,0,0.4964954993254115,0.5365853658536585
2024-05-07 16:45:00,London,1,0.5614226607857764,0.5554711246200612
2024-05-07 22:30:00,Other,0,0.5495148438891247,0.5554711246200612
2024-05-07 22:45:00,Other,1,0.5494098110307895,0.5554711246200612
2024-05-08 00:30:00,Other,0,0.5324092431693754,0.5365853658536585
2024-05-08 01:15:00,Other,0,0.6367875293649776,0.5554711246200612
2024-05-08 05:45:00,Other,1,0.522815982671528,0.5365853658536585
2024-05-08 06:00:00,Other,0,0.4898745526391832,0.5365853658536585
2024-05-08 06:30:00,Other,0,0.5162356873192098,0.5365853658536585
2024-05-08 06:45:00,Other,0,0.6526707110106327,0.5554711246200612
2024-05-08 07:30:00,London,0,0.3260811237694084,0.49413298565840924
2024-05-08 07:45:00,London,1,0.3645967605500627,0.49413298565840924
2024-05-08 16:15:00,London,0,0.6657293879521856,0.5554711246200612
2024-05-08 16:45:00,London,0,0.7481554931014849,0.6214689265536721
2024-05-08 17:00:00,NY,0,0.7737804123513542,0.6214689265536721
2024-05-08 17:45:00,NY,0,0.6800333545036846,0.5573770491803278
2024-05-08 19:15:00,NY,0,0.5176458949704561,0.5365853658536585
2024-05-08 19:30:00,NY,0,0.4971088551318543,0.5365853658536585
2024-05-08 19:45:00,NY,1,0.457946321237775,0.5365853658536585
2024-05-08 20:00:00,NY,1,0.5108258680391543,0.5365853658536585
2024-05-08 20:30:00,NY,1,0.562651879783264,0.5554711246200612
2024-05-08 22:00:00,Other,0,0.5946211813786206,0.5554711246200612
2024-05-08 22:30:00,Other,0,0.5946211813786206,0.5554711246200612
2024-05-08 23:15:00,Other,0,0.5968047920896865,0.5554711246200612
2024-05-08 23:30:00,Other,0,0.5859397210913901,0.5554711246200612
2024-05-08 23:45:00,Other,1,0.5723423966058528,0.5554711246200612
2024-05-09 00:00:00,Other,1,0.6556509391705847,0.5554711246200612
2024-05-09 02:15:00,Other,0,0.455631492294334,0.5365853658536585
2024-05-09 02:30:00,Other,1,0.4431369142107184,0.5365853658536585
2024-05-09 03:00:00,Other,1,0.3269703844374013,0.49413298565840924
2024-05-09 04:00:00,Other,1,0.2887304676174404,0.49413298565840924
2024-05-09 04:30:00,Other,1,0.3131777049763793,0.49413298565840924
2024-05-09 04:45:00,Other,1,0.3413533155124426,0.49413298565840924
2024-05-09 05:00:00,Other,1,0.3612626042600388,0.49413298565840924
2024-05-09 05:15:00,Other,0,0.3398857341958239,0.49413298565840924
2024-05-09 05:45:00,Other,0,0.3285485461616138,0.49413298565840924
2024-05-09 06:00:00,Other,0,0.3107634335181061,0.49413298565840924
2024-05-09 06:15:00,Other,0,0.3107634335181061,0.49413298565840924
2024-05-09 06:45:00,Other,0,0.5082681238691523,0.5365853658536585
2024-05-09 07:00:00,London,0,0.5085801727372673,0.5365853658536585
2024-05-09 07:15:00,London,0,0.3348128926511309,0.49413298565840924
2024-05-09 07:30:00,London,1,0.3127125085530222,0.49413298565840924
2024-05-09 13:00:00,London,1,0.8853156464611645,0.7352941176470589
2024-05-09 13:30:00,London,1,0.673016017295375,0.5573770491803278
2024-05-09 14:00:00,London,1,0.7887009686964498,0.6214689265536721
2024-05-09 14:30:00,London,1,0.7431823250736871,0.6214689265536721
2024-05-09 15:00:00,London,0,0.7418140763376814,0.6214689265536721
2024-05-09 15:45:00,London,1,0.7929463097875569,0.6214689265536721
2024-05-09 16:00:00,London,1,0.6615193983554145,0.5554711246200612
2024-05-09 17:15:00,NY,0,0.6589728343760428,0.5554711246200612
2024-05-09 17:30:00,NY,1,0.7100369863626698,0.6214689265536721
2024-05-09 17:45:00,NY,1,0.6522145939996454,0.5554711246200612
2024-05-09 18:00:00,NY,1,0.6867768558419328,0.6111111111111112
2024-05-09 18:15:00,NY,1,0.811942621310886,0.7090909090909091
2024-05-09 18:30:00,NY,1,0.4232923166500072,0.49413298565840924
2024-05-09 18:45:00,NY,0,0.4210080347229386,0.49413298565840924
2024-05-09 19:15:00,NY,1,0.5707937361292765,0.5554711246200612
2024-05-09 19:30:00,NY,1,0.5695149382062411,0.5554711246200612
2024-05-09 19:45:00,NY,1,0.580064509247154,0.5554711246200612
2024-05-09 20:00:00,NY,0,0.4854087154508946,0.5365853658536585
2024-05-09 20:15:00,NY,1,0.5704446578232264,0.5554711246200612
2024-05-09 22:00:00,Other,1,0.4063541909277953,0.49413298565840924
2024-05-09 22:45:00,Other,1,0.4231432451095492,0.49413298565840924
2024-05-09 23:00:00,Other,0,0.6055005446715055,0.5554711246200612
2024-05-09 23:15:00,Other,0,0.6233335570881664,0.5554711246200612
2024-05-09 23:30:00,Other,1,0.6328301519278592,0.5554711246200612
2024-05-10 00:15:00,Other,0,0.4096755571567554,0.49413298565840924
2024-05-10 00:30:00,Other,0,0.511508630375961,0.5365853658536585
2024-05-10 00:45:00,Other,1,0.4624300547744949,0.5365853658536585
2024-05-10 01:30:00,Other,1,0.6249099351533707,0.5554711246200612
2024-05-10 01:45:00,Other,1,0.4884090377450548,0.5365853658536585
2024-05-10 02:00:00,Other,0,0.5836174024182678,0.5554711246200612
2024-05-10 02:15:00,Other,0,0.1854575441198124,0.3142857142857143
2024-05-10 02:30:00,Other,1,0.5853777062938021,0.5554711246200612
2024-05-10 02:45:00,Other,1,0.5364466976393023,0.5365853658536585
2024-05-10 03:30:00,Other,1,0.5379165538790088,0.5365853658536585
2024-05-10 03:45:00,Other,0,0.4795973591195319,0.5365853658536585
2024-05-10 04:00:00,Other,1,0.4454335580769926,0.5365853658536585
2024-05-10 05:15:00,Other,1,0.2950402396348554,0.49413298565840924
2024-05-10 05:30:00,Other,1,0.3259377173938878,0.49413298565840924
2024-05-10 06:00:00,Other,1,0.3262031339438772,0.49413298565840924
2024-05-10 06:15:00,Other,1,0.3346922733991042,0.49413298565840924
2024-05-10 06:30:00,Other,1,0.4029937640896737,0.49413298565840924
2024-05-10 06:45:00,Other,0,0.4221644141606946,0.49413298565840924
2024-05-10 07:30:00,London,0,0.7009032959431395,0.6214689265536721
2024-05-10 07:45:00,London,1,0.7118998875952005,0.6214689265536721
2024-05-10 08:15:00,London,1,0.7262449480556098,0.6214689265536721
2024-05-10 08:30:00,London,1,0.7322763927318486,0.6214689265536721
2024-05-10 10:15:00,London,1,0.4809069521275975,0.5365853658536585
2024-05-10 10:45:00,London,0,0.4078880586000189,0.49413298565840924
2024-05-10 11:15:00,London,1,0.6421575985312585,0.5554711246200612
2024-05-10 11:30:00,London,1,0.7853971418453471,0.6214689265536721
2024-05-10 11:45:00,London,1,0.7675101428071841,0.6214689265536721
2024-05-10 12:15:00,London,1,0.7254115239161312,0.6214689265536721
2024-05-10 12:30:00,London,1,0.757133578505632,0.6214689265536721
2024-05-10 13:15:00,London,0,0.6292388627918164,0.5554711246200612
2024-05-10 13:30:00,London,1,0.7003227931374025,0.6214689265536721
2024-05-10 14:15:00,London,1,0.7890456622531022,0.6214689265536721
2024-05-10 14:45:00,London,1,0.8216933483139177,0.7101449275362319
2024-05-10 18:15:00,NY,0,0.466061140033259,0.5365853658536585
2024-05-10 19:45:00,NY,0,0.7446671256553883,0.6214689265536721
2024-05-10 20:15:00,NY,0,0.3254326369383032,0.49413298565840924
2024-05-12 22:30:00,Other,1,0.4142064048959999,0.49413298565840924
2024-05-12 23:00:00,Other,0,0.5283341571243233,0.5365853658536585
2024-05-12 23:30:00,Other,1,0.4596930221456755,0.5365853658536585
2024-05-13 00:45:00,Other,0,0.7394167947896043,0.6214689265536721
2024-05-13 01:15:00,Other,1,0.2658687759779629,0.4878048780487805
2024-05-13 20:15:00,NY,1,0.517340813335608,0.5365853658536585
2024-05-13 22:15:00,Other,1,0.64128077315359,0.5554711246200612
2024-05-13 22:30:00,Other,1,0.5833953419791604,0.5554711246200612
2024-05-13 22:45:00,Other,1,0.5839878430497689,0.5554711246200612
2024-05-13 23:00:00,Other,1,0.5481094487154993,0.5554711246200612
2024-05-13 23:15:00,Other,1,0.6325313631452397,0.5554711246200612
2024-05-13 23:30:00,Other,1,0.5450135498960985,0.5365853658536585
2024-05-13 23:45:00,Other,0,0.6009630442823354,0.5554711246200612
2024-05-14 00:30:00,Other,1,0.4831243017851013,0.5365853658536585
2024-05-14 03:15:00,Other,1,0.3446184614204822,0.49413298565840924
2024-05-14 03:30:00,Other,1,0.3259912621234393,0.49413298565840924
2024-05-14 03:45:00,Other,1,0.3787573780174057,0.49413298565840924
2024-05-14 04:00:00,Other,0,0.3654565195898259,0.49413298565840924
2024-05-14 04:15:00,Other,1,0.3465991040518129,0.49413298565840924
2024-05-14 04:45:00,Other,0,0.3609331768803068,0.49413298565840924
2024-05-14 05:00:00,Other,1,0.33096562757801,0.49413298565840924
2024-05-14 05:15:00,Other,1,0.3615756787281945,0.49413298565840924
2024-05-14 05:45:00,Other,0,0.2922079714809829,0.49413298565840924
2024-05-14 06:00:00,Other,0,0.3111341810395334,0.49413298565840924
2024-05-14 06:15:00,Other,0,0.2922079714809829,0.49413298565840924
2024-05-14 06:30:00,Other,1,0.3113970174322219,0.49413298565840924
2024-05-14 09:30:00,London,1,0.3862621080855416,0.49413298565840924
2024-05-14 10:00:00,London,0,0.4346292868783739,0.5365853658536585
2024-05-14 10:45:00,London,0,0.4481463541579284,0.5365853658536585
2024-05-14 11:00:00,London,0,0.4564824357294714,0.5365853658536585
2024-05-14 11:15:00,London,1,0.5726680371103292,0.5554711246200612
2024-05-14 11:30:00,London,1,0.5059512127258394,0.5365853658536585
2024-05-14 11:45:00,London,1,0.5319291971186828,0.5365853658536585
2024-05-14 12:00:00,London,1,0.4486068068733859,0.5365853658536585
2024-05-14 14:15:00,London,1,0.6636590879664378,0.5554711246200612
2024-05-14 14:30:00,London,0,0.803943946997785,0.7090909090909091
2024-05-14 15:15:00,London,1,0.483990869799822,0.5365853658536585
2024-05-14 15:30:00,London,0,0.6074544281639928,0.5554711246200612
2024-05-14 15:45:00,London,1,0.6466735274945731,0.5554711246200612
2024-05-14 16:15:00,London,1,0.45341606508986,0.5365853658536585
2024-05-14 16:30:00,London,1,0.8678774357070765,0.7352941176470589
2024-05-14 16:45:00,London,1,0.6453562781700019,0.5554711246200612
2024-05-14 17:00:00,NY,1,0.7598182142019854,0.6214689265536721
2024-05-14 17:30:00,NY,1,0.691284604844394,0.6214689265536721
2024-05-14 17:45:00,NY,1,0.7592770603891815,0.6214689265536721
2024-05-14 18:00:00,NY,0,0.4579430215545838,0.5365853658536585
2024-05-14 19:00:00,NY,0,0.482457161736689,0.5365853658536585
2024-05-14 19:30:00,NY,1,0.779564563238674,0.6214689265536721
2024-05-14 20:00:00,NY,0,0.6646747949855756,0.5554711246200612
2024-05-14 20:15:00,NY,0,0.5552648488471265,0.5554711246200612
2024-05-14 22:45:00,Other,0,0.6325489316144693,0.5554711246200612
2024-05-14 23:00:00,Other,0,0.6772164799680136,0.5573770491803278
2024-05-14 23:15:00,Other,0,0.6654360821415845,0.5554711246200612
2024-05-14 23:45:00,Other,1,0.779985712661515,0.6214689265536721
2024-05-15 00:15:00,Other,1,0.560529933583761,0.5554711246200612
2024-05-15 02:00:00,Other,1,0.5582925385415977,0.5554711246200612
2024-05-15 02:15:00,Other,1,0.6186773427208961,0.5554711246200612
2024-05-15 02:45:00,Other,1,0.4583686719860578,0.5365853658536585
2024-05-15 03:00:00,Other,0,0.4091947246130457,0.49413298565840924
2024-05-15 03:15:00,Other,1,0.4091947246130457,0.49413298565840924
2024-05-15 04:15:00,Other,0,0.3735308953971153,0.49413298565840924
2024-05-15 04:30:00,Other,0,0.3498922406022588,0.49413298565840924
2024-05-15 04:45:00,Other,1,0.3435729061585101,0.49413298565840924
2024-05-15 05:30:00,Other,1,0.3754528114099791,0.49413298565840924
2024-05-15 05:45:00,Other,1,0.3488403808018026,0.49413298565840924
2024-05-15 06:00:00,Other,1,0.4101752411292845,0.49413298565840924
2024-05-15 06:15:00,Other,1,0.3528662676759542,0.49413298565840924
2024-05-15 07:00:00,London,1,0.426617933156222,0.49413298565840924
2024-05-15 07:15:00,London,1,0.406443665066877,0.49413298565840924
2024-05-15 08:15:00,London,1,0.3568251660410256,0.49413298565840924
2024-05-15 08:30:00,London,1,0.402731102155887,0.49413298565840924
2024-05-15 09:15:00,London,0,0.3822640594426588,0.49413298565840924
2024-05-15 10:00:00,London,1,0.5094811913331962,0.5365853658536585
2024-05-15 10:30:00,London,0,0.5794176782432301,0.5554711246200612
2024-05-15 11:15:00,London,0,0.5553513547556415,0.5554711246200612
2024-05-15 12:00:00,London,1,0.5499890568150353,0.5554711246200612
2024-05-15 13:00:00,London,0,0.688520208754239,0.6214689265536721
2024-05-15 13:30:00,London,1,0.8698056394574646,0.7352941176470589
2024-05-15 18:15:00,NY,0,0.694387020453311,0.6214689265536721
2024-05-15 19:00:00,NY,0,0.7564470513325193,0.6214689265536721
2024-05-15 19:15:00,NY,0,0.7879877432889407,0.6214689265536721
2024-05-15 19:30:00,NY,1,0.806772956891518,0.7090909090909091
2024-05-15 19:45:00,NY,1,0.6061240342854876,0.5554711246200612
2024-05-15 20:00:00,NY,1,0.7426351000791181,0.6214689265536721
2024-05-15 20:15:00,NY,0,0.5672790482586278,0.5554711246200612
2024-05-15 20:30:00,NY,1,0.6561266315843004,0.5554711246200612
2024-05-15 23:00:00,Other,1,0.7092453527634527,0.6214689265536721
2024-05-15 23:15:00,Other,1,0.6710121633991013,0.5573770491803278
2024-05-16 00:15:00,Other,0,0.3995073536009667,0.49413298565840924
2024-05-16 00:30:00,Other,0,0.3438579186532928,0.49413298565840924
2024-05-16 02:00:00,Other,1,0.5338230738943505,0.5365853658536585
2024-05-16 02:30:00,Other,0,0.7393824242056666,0.6214689265536721
2024-05-16 03:00:00,Other,1,0.8077866547862879,0.7090909090909091
2024-05-16 03:15:00,Other,1,0.7454459972534219,0.6214689265536721
2024-05-16 03:30:00,Other,0,0.7454459972534219,0.6214689265536721
2024-05-16 03:45:00,Other,1,0.7753057934365654,0.6214689265536721
2024-05-16 04:45:00,Other,1,0.4360681455165466,0.5365853658536585
2024-05-16 05:00:00,Other,1,0.566246243608286,0.5554711246200612
2024-05-16 05:45:00,Other,0,0.4670263385783552,0.5365853658536585
2024-05-16 06:00:00,Other,0,0.272492131838339,0.4878048780487805
2024-05-16 06:45:00,Other,1,0.2620804702737112,0.46153846153846156
2024-05-17 08:00:00,London,1,0.514546271405844,0.5365853658536585
2024-05-17 08:45:00,London,1,0.5027999396504468,0.5365853658536585
2024-05-17 09:00:00,London,0,0.6837253588647523,0.6041666666666666
2024-05-17 09:30:00,London,1,0.3272440895154002,0.49413298565840924
2024-05-17 10:45:00,London,0,0.3905595767416887,0.49413298565840924
2024-05-17 11:00:00,London,1,0.4456136196084906,0.5365853658536585
2024-05-17 11:30:00,London,1,0.4566940435403478,0.5365853658536585
2024-05-17 12:00:00,London,1,0.5260820290764889,0.5365853658536585
2024-05-17 12:15:00,London,1,0.5090376917792009,0.5365853658536585
2024-05-17 12:45:00,London,1,0.5575764813854206,0.5554711246200612
2024-05-17 13:00:00,London,1,0.8103343187645329,0.7090909090909091
2024-05-17 13:15:00,London,1,0.6886606793689835,0.6214689265536721
2024-05-17 13:45:00,London,1,0.6770944465072402,0.5573770491803278
2024-05-17 14:00:00,London,1,0.5227432585489401,0.5365853658536585
2024-05-17 14:30:00,London,1,0.7859967583899491,0.6214689265536721
2024-05-17 14:45:00,London,0,0.7859967583899491,0.6214689265536721
2024-05-17 15:30:00,London,1,0.6886805295532868,0.6214689265536721
2024-05-17 15:45:00,London,1,0.6940112681705943,0.6214689265536721
2024-05-17 16:15:00,London,1,0.7267541956714102,0.6214689265536721
2024-05-17 16:30:00,London,1,0.6645766865786245,0.5554711246200612
2024-05-17 17:30:00,NY,1,0.6261254081799701,0.5554711246200612
2024-05-17 18:00:00,NY,1,0.6250718742747777,0.5554711246200612
2024-05-17 18:15:00,NY,1,0.6265338507158114,0.5554711246200612
2024-05-17 18:45:00,NY,0,0.6562381021030509,0.5554711246200612
2024-05-17 19:00:00,NY,1,0.7848162503735993,0.6214689265536721
2024-05-17 19:15:00,NY,0,0.6590476573995891,0.5554711246200612
2024-05-17 19:30:00,NY,0,0.7361355876608513,0.6214689265536721
2024-05-17 20:00:00,NY,1,0.7310404598011108,0.6214689265536721
2024-05-17 20:15:00,NY,1,0.5071853932577629,0.5365853658536585
2024-05-17 20:30:00,NY,1,0.8103863718914075,0.7090909090909091
2024-05-19 22:30:00,Other,1,0.804914642490518,0.7090909090909091
2024-05-19 22:45:00,Other,1,0.8003250755158807,0.7090909090909091
2024-05-19 23:30:00,Other,1,0.8234888519024797,0.7101449275362319
2024-05-20 00:30:00,Other,1,0.4852535821492534,0.5365853658536585
2024-05-20 00:45:00,Other,1,0.5688717060784684,0.5554711246200612
2024-05-20 01:45:00,Other,1,0.5708216548268474,0.5554711246200612
2024-05-20 02:15:00,Other,1,0.4677544264960728,0.5365853658536585
2024-05-20 02:45:00,Other,1,0.7963901706418801,0.6214689265536721
2024-05-20 03:00:00,Other,1,0.3822867780422057,0.49413298565840924
2024-05-20 03:30:00,Other,1,0.6504871228949147,0.5554711246200612
2024-05-20 04:15:00,Other,1,0.6008852827869973,0.5554711246200612
2024-05-20 05:00:00,Other,1,0.6255179536642853,0.5554711246200612
2024-05-20 05:15:00,Other,1,0.6381013604279618,0.5554711246200612
2024-05-20 05:30:00,Other,0,0.5621342426010103,0.5554711246200612
2024-05-20 06:30:00,Other,1,0.8199820449998589,0.7101449275362319
2024-05-20 07:30:00,London,1,0.5377336017661539,0.5365853658536585
2024-05-20 08:30:00,London,1,0.6024530017091089,0.5554711246200612
2024-05-20 09:00:00,London,0,0.721919857465599,0.6214689265536721
2024-05-20 09:15:00,London,0,0.8101665371899719,0.7090909090909091
2024-05-20 10:00:00,London,0,0.5477705132620844,0.5365853658536585
2024-05-20 11:00:00,London,1,0.6896542775718302,0.6214689265536721
2024-05-20 11:15:00,London,1,0.718069579142073,0.6214689265536721
2024-05-20 11:30:00,London,1,0.7441811852239767,0.6214689265536721
2024-05-20 11:45:00,London,0,0.773345304281832,0.6214689265536721
2024-05-20 12:15:00,London,1,0.8111654340952698,0.7090909090909091
2024-05-21 01:30:00,Other,0,0.0943541132417757,0.0
2024-05-21 01:45:00,Other,1,0.5839528068279728,0.5554711246200612
2024-05-21 02:00:00,Other,0,0.6988928375894082,0.6214689265536721
2024-05-21 02:45:00,Other,1,0.6873874927005903,0.6214689265536721
2024-05-21 03:00:00,Other,0,0.6673300693276971,0.5554711246200612
2024-05-21 08:30:00,London,1,0.4824976711020149,0.5365853658536585
2024-05-21 08:45:00,London,0,0.6243683479296622,0.5554711246200612
2024-05-21 09:30:00,London,1,0.6860324434574507,0.6111111111111112
2024-05-21 10:00:00,London,1,0.4938601363196749,0.5365853658536585
2024-05-21 10:15:00,London,1,0.5188134201298402,0.5365853658536585
2024-05-21 10:30:00,London,1,0.5664775553713627,0.5554711246200612
2024-05-21 10:45:00,London,1,0.6369220964731702,0.5554711246200612
2024-05-21 11:45:00,London,1,0.6949094329556632,0.6214689265536721
2024-05-21 12:00:00,London,1,0.6960663503954857,0.6214689265536721
2024-05-21 12:15:00,London,1,0.6960663503954857,0.6214689265536721
2024-05-21 12:30:00,London,1,0.631873378435312,0.5554711246200612
2024-05-21 12:45:00,London,1,0.6209696903412544,0.5554711246200612
2024-05-21 13:30:00,London,1,0.7914589919322298,0.6214689265536721
2024-05-21 14:00:00,London,0,0.7808316376237447,0.6214689265536721
2024-05-21 14:30:00,London,1,0.7808316376237447,0.6214689265536721
2024-05-21 15:15:00,London,0,0.6133300712395252,0.5554711246200612
2024-05-21 15:45:00,London,0,0.6333996689574262,0.5554711246200612
2024-05-21 19:45:00,NY,0,0.6622605937490824,0.5554711246200612
2024-05-21 20:30:00,NY,0,0.8020645139859812,0.7090909090909091
2024-05-21 22:00:00,Other,1,0.5016448164156946,0.5365853658536585
2024-05-21 22:15:00,Other,1,0.621148596959535,0.5554711246200612
2024-05-21 22:45:00,Other,0,0.595883360950777,0.5554711246200612
2024-05-21 23:00:00,Other,0,0.6137543577564082,0.5554711246200612
2024-05-21 23:15:00,Other,0,0.5551665129476097,0.5554711246200612
2024-05-21 23:30:00,Other,0,0.6295075951662981,0.5554711246200612
2024-05-21 23:45:00,Other,0,0.5539020021197595,0.5554711246200612
2024-05-22 00:45:00,Other,1,0.5169806913323794,0.5365853658536585
2024-05-22 01:00:00,Other,1,0.4717100731078595,0.5365853658536585
2024-05-22 02:15:00,Other,0,0.4471051648572793,0.5365853658536585
2024-05-22 02:30:00,Other,0,0.4454105837617481,0.5365853658536585
2024-05-22 02:45:00,Other,1,0.4066244308143811,0.49413298565840924
2024-05-22 03:00:00,Other,0,0.3719602180412901,0.49413298565840924
2024-05-22 03:30:00,Other,0,0.4477734085724691,0.5365853658536585
2024-05-22 03:45:00,Other,0,0.6691415549958454,0.5554711246200612
2024-05-22 04:00:00,Other,1,0.7171983131501128,0.6214689265536721
2024-05-22 04:15:00,Other,0,0.6975276656339049,0.6214689265536721
2024-05-22 04:30:00,Other,1,0.662946005784443,0.5554711246200612
2024-05-22 10:30:00,London,0,0.4296018699845307,0.49413298565840924
2024-05-22 11:00:00,London,0,0.4441238481557026,0.5365853658536585
2024-05-22 11:30:00,London,1,0.6537463943599389,0.5554711246200612
2024-05-23 00:30:00,Other,0,0.4852318073730856,0.5365853658536585
2024-05-23 00:45:00,Other,1,0.4861001884410432,0.5365853658536585
2024-05-23 01:00:00,Other,1,0.3709195397260508,0.49413298565840924
2024-05-23 01:15:00,Other,1,0.3879373665236296,0.49413298565840924
2024-05-23 13:45:00,London,1,0.2967612474872315,0.49413298565840924
2024-05-23 14:00:00,London,1,0.7137482254221026,0.6214689265536721
2024-05-23 14:15:00,London,1,0.6751237026604524,0.5573770491803278
2024-05-23 14:30:00,London,1,0.7549642994469241,0.6214689265536721
2024-05-23 14:45:00,London,1,0.6403048643010782,0.5554711246200612
2024-05-24 02:00:00,Other,0,0.4116182632028194,0.49413298565840924
2024-05-24 02:15:00,Other,1,0.4490254010913188,0.5365853658536585
2024-05-24 07:30:00,London,0,0.2877729680541465,0.49413298565840924
2024-05-24 08:15:00,London,1,0.4028394503121164,0.49413298565840924
2024-05-24 08:30:00,London,0,0.3760696458728568,0.49413298565840924
2024-05-24 08:45:00,London,1,0.3760696458728568,0.49413298565840924
2024-05-24 09:15:00,London,0,0.4112176783806037,0.49413298565840924
2024-05-24 09:45:00,London,1,0.4610885309385342,0.5365853658536585
2024-05-24 10:30:00,London,1,0.4716751762971146,0.5365853658536585
2024-05-24 11:00:00,London,0,0.5242288080872453,0.5365853658536585
2024-05-24 11:30:00,London,0,0.4771602296834967,0.5365853658536585
2024-05-24 11:45:00,London,1,0.6989363159360451,0.6214689265536721
2024-05-24 12:15:00,London,1,0.7883925148007574,0.6214689265536721
2024-05-24 13:45:00,London,1,0.7567889659568379,0.6214689265536721
2024-05-24 14:15:00,London,1,0.6809487623403327,0.6041666666666666
2024-05-24 14:45:00,London,1,0.6514762678945428,0.5554711246200612
2024-05-24 15:00:00,London,0,0.6452849970460489,0.5554711246200612
2024-05-26 23:30:00,Other,0,0.4721930006694161,0.5365853658536585
2024-05-27 00:15:00,Other,1,0.2449963248628052,0.42105263157894735
2024-05-27 01:00:00,Other,0,0.2794999705397167,0.49413298565840924
2024-05-27 01:15:00,Other,1,0.2658085550478142,0.4878048780487805
2024-05-27 02:00:00,Other,1,0.2826395826090987,0.49413298565840924
2024-05-27 02:45:00,Other,1,0.3654696653868933,0.49413298565840924
2024-05-27 03:00:00,Other,1,0.262628122284527,0.46153846153846156
2024-05-27 03:30:00,Other,1,0.2894135862690598,0.49413298565840924
2024-05-27 03:45:00,Other,0,0.3775263796076335,0.49413298565840924
2024-05-27 04:15:00,Other,1,0.5651409199355311,0.5554711246200612
2024-05-27 05:15:00,Other,1,0.4850157295287913,0.5365853658536585
2024-05-27 10:15:00,London,0,0.4113329659162013,0.49413298565840924
2024-05-27 11:00:00,London,1,0.471900823011866,0.5365853658536585
2024-05-27 11:30:00,London,1,0.4785277096157133,0.5365853658536585
2024-05-27 12:15:00,London,0,0.4294344311221453,0.49413298565840924
2024-05-27 12:30:00,London,0,0.3502663339628863,0.49413298565840924
2024-05-27 12:45:00,London,1,0.36470715463212,0.49413298565840924
2024-05-27 13:30:00,London,1,0.5315565979920418,0.5365853658536585
2024-05-27 13:45:00,London,1,0.5508616397022642,0.5554711246200612
2024-05-27 14:00:00,London,0,0.5089953031270464,0.5365853658536585
2024-05-27 15:00:00,London,1,0.6734508643144613,0.5573770491803278
2024-05-27 15:15:00,London,1,0.6443960096776437,0.5554711246200612
2024-05-27 15:30:00,London,1,0.7266943982053081,0.6214689265536721
2024-05-27 16:00:00,London,1,0.646029677163227,0.5554711246200612
2024-05-27 16:15:00,London,1,0.4583651645687112,0.5365853658536585
2024-05-27 16:45:00,London,0,0.6379593724936032,0.5554711246200612
2024-05-27 17:00:00,NY,0,0.5813689061863603,0.5554711246200612
2024-05-27 22:00:00,Other,1,0.7971454029891333,0.6214689265536721
2024-05-27 22:30:00,Other,0,0.7815753498020136,0.6214689265536721
2024-05-27 23:15:00,Other,0,0.6096640583591506,0.5554711246200612
2024-05-28 02:15:00,Other,0,0.3399609852766342,0.49413298565840924
2024-05-28 02:30:00,Other,1,0.3445740425020637,0.49413298565840924
2024-05-28 02:45:00,Other,0,0.4414820951754116,0.5365853658536585
2024-05-28 03:00:00,Other,0,0.3520748074540181,0.49413298565840924
2024-05-28 03:15:00,Other,1,0.2993498345133868,0.49413298565840924
2024-05-28 03:30:00,Other,1,0.3214331384325234,0.49413298565840924
2024-05-28 04:15:00,Other,1,0.3423745130875092,0.49413298565840924
2024-05-28 04:30:00,Other,1,0.338215425879884,0.49413298565840924
2024-05-28 05:15:00,Other,0,0.3831161722062728,0.49413298565840924
2024-05-28 05:45:00,Other,0,0.3077118899093981,0.49413298565840924
2024-05-28 06:00:00,Other,0,0.2626526232096612,0.46153846153846156
2024-05-28 06:15:00,Other,1,0.304046750524278,0.49413298565840924
2024-05-28 06:30:00,Other,1,0.3127150913905859,0.49413298565840924
2024-05-28 14:15:00,London,1,0.8832502513000373,0.7352941176470589
2024-05-28 15:00:00,London,1,0.6824849581424483,0.6041666666666666
2024-05-28 15:30:00,London,1,0.6207140032311145,0.5554711246200612
2024-05-28 15:45:00,London,1,0.6087875497446287,0.5554711246200612
2024-05-28 16:15:00,London,1,0.5773362696431092,0.5554711246200612
2024-05-28 16:30:00,London,1,0.665822902801475,0.5554711246200612
2024-05-28 16:45:00,London,0,0.6463806699558956,0.5554711246200612
2024-05-28 17:15:00,NY,1,0.7933731325573118,0.6214689265536721
2024-05-28 17:30:00,NY,0,0.7132806193131697,0.6214689265536721
2024-05-28 22:15:00,Other,0,0.5789755514461303,0.5554711246200612
2024-05-29 01:15:00,Other,0,0.4315096930875158,0.49413298565840924
2024-05-29 05:45:00,Other,0,0.3232686738825843,0.49413298565840924
2024-05-29 06:00:00,Other,1,0.3457708544736335,0.49413298565840924
2024-05-30 01:30:00,Other,1,0.3718714299855084,0.49413298565840924
2024-05-30 01:45:00,Other,1,0.2893582385679001,0.49413298565840924
2024-05-30 02:00:00,Other,0,0.3853604205581399,0.49413298565840924
2024-05-30 02:15:00,Other,0,0.3787032648797127,0.49413298565840924
2024-05-30 08:00:00,London,1,0.5905678854729876,0.5554711246200612
2024-05-30 08:15:00,London,1,0.6726627469169844,0.5573770491803278
2024-05-30 08:30:00,London,1,0.4725644624325923,0.5365853658536585
2024-05-30 09:00:00,London,0,0.6598104793559675,0.5554711246200612
2024-05-30 11:00:00,London,1,0.6763941030634905,0.5573770491803278
2024-05-30 11:15:00,London,1,0.6586860737413498,0.5554711246200612
2024-05-30 11:30:00,London,0,0.6526002426157265,0.5554711246200612
2024-05-30 11:45:00,London,0,0.6018707148986752,0.5554711246200612
2024-05-30 12:00:00,London,1,0.8310159322611338,0.7101449275362319
2024-05-30 12:15:00,London,1,0.4634950360315687,0.5365853658536585
2024-05-30 12:30:00,London,1,0.7156816563327584,0.6214689265536721
2024-05-30 13:15:00,London,1,0.7504270310661976,0.6214689265536721
2024-05-30 13:45:00,London,1,0.7691299875209437,0.6214689265536721
2024-05-30 14:00:00,London,1,0.7738877979397435,0.6214689265536721
2024-05-30 14:30:00,London,0,0.3566010419446698,0.49413298565840924
2024-05-30 15:45:00,London,0,0.657326460671184,0.5554711246200612
2024-05-30 16:00:00,London,1,0.6379496610088194,0.5554711246200612
2024-05-30 16:15:00,London,0,0.6612244687233729,0.5554711246200612
2024-05-30 18:15:00,NY,0,0.5470492169751727,0.5365853658536585
2024-05-30 18:45:00,NY,0,0.4077041381867818,0.49413298565840924
2024-05-30 19:15:00,NY,1,0.5707937361292765,0.5554711246200612
2024-05-31 03:00:00,Other,1,0.4061738758113847,0.49413298565840924
2024-05-31 07:45:00,London,1,0.3353340465695828,0.49413298565840924
2024-05-31 13:15:00,London,0,0.7207033615351598,0.6214689265536721
2024-05-31 14:00:00,London,0,0.776371716254437,0.6214689265536721
2024-05-31 14:45:00,London,0,0.7900711812297659,0.6214689265536721
2024-05-31 15:00:00,London,1,0.7584349116440644,0.6214689265536721
2024-06-03 01:30:00,Other,1,0.262263607433233,0.46153846153846156
2024-06-03 01:45:00,Other,0,0.4101837639857243,0.49413298565840924
2024-06-03 02:00:00,Other,0,0.3015757468719427,0.49413298565840924
2024-06-03 02:15:00,Other,0,0.418889806168271,0.49413298565840924
2024-06-03 02:45:00,Other,0,0.2924608423734705,0.49413298565840924
2024-06-03 03:30:00,Other,0,0.2450194092895433,0.42105263157894735
2024-06-03 03:45:00,Other,0,0.2587042554354583,0.4583333333333333
2024-06-03 04:30:00,Other,1,0.3406869271827228,0.49413298565840924
2024-06-03 05:00:00,Other,0,0.2394393821498157,0.4166666666666667
2024-06-03 06:00:00,Other,0,0.3688516030676421,0.49413298565840924
2024-06-03 06:15:00,Other,1,0.6468592884333232,0.5554711246200612
2024-06-03 08:00:00,London,0,0.6730609751183252,0.5573770491803278
2024-06-03 08:15:00,London,0,0.5861576776774919,0.5554711246200612
2024-06-03 08:45:00,London,1,0.592755249931997,0.5554711246200612
2024-06-03 09:00:00,London,0,0.6015622177383952,0.5554711246200612
2024-06-03 09:15:00,London,1,0.6115140120877575,0.5554711246200612
2024-06-03 09:45:00,London,0,0.5296069717254884,0.5365853658536585
2024-06-03 10:00:00,London,1,0.4278416029337265,0.49413298565840924
2024-06-03 10:45:00,London,1,0.3957852206770654,0.49413298565840924
2024-06-03 11:15:00,London,1,0.4166363237571504,0.49413298565840924
2024-06-03 12:30:00,London,1,0.5024230476847454,0.5365853658536585
2024-06-03 14:00:00,London,1,0.692052986197509,0.6214689265536721
2024-06-03 14:45:00,London,1,0.6021604429614906,0.5554711246200612
2024-06-03 16:30:00,London,1,0.6574214672568918,0.5554711246200612
2024-06-03 16:45:00,London,1,0.5794262856404964,0.5554711246200612
2024-06-03 17:15:00,NY,1,0.5259687294189348,0.5365853658536585
2024-06-03 17:30:00,NY,1,0.5482869566763628,0.5554711246200612
2024-06-04 01:15:00,Other,0,0.3553408980196397,0.49413298565840924
2024-06-04 06:45:00,Other,0,0.304046750524278,0.49413298565840924
2024-06-04 07:00:00,London,0,0.3235259646882343,0.49413298565840924
2024-06-04 07:15:00,London,0,0.3941855525542376,0.49413298565840924
2024-06-04 07:30:00,London,0,0.3941855525542376,0.49413298565840924
2024-06-04 07:45:00,London,0,0.3400733024254492,0.49413298565840924
2024-06-04 08:00:00,London,1,0.3460273757842501,0.49413298565840924
2024-06-04 08:15:00,London,0,0.3460273757842501,0.49413298565840924
2024-06-04 08:45:00,London,0,0.3965480763901335,0.49413298565840924
2024-06-04 13:45:00,London,0,0.6695111554700539,0.5554711246200612
2024-06-04 17:45:00,NY,0,0.5963473436727493,0.5554711246200612
2024-06-04 18:00:00,NY,0,0.5932735956492049,0.5554711246200612
2024-06-04 18:45:00,NY,0,0.4406368091648522,0.5365853658536585
2024-06-04 19:45:00,NY,1,0.4648075447659192,0.5365853658536585
2024-06-04 20:00:00,NY,1,0.4536473512691041,0.5365853658536585
2024-06-05 05:30:00,Other,0,0.31616186708863,0.49413298565840924
2024-06-05 06:15:00,Other,1,0.7266365232103204,0.6214689265536721
2024-06-05 07:15:00,London,1,0.4676555633017262,0.5365853658536585
2024-06-05 08:30:00,London,0,0.5465390067529476,0.5365853658536585
2024-06-05 08:45:00,London,0,0.7343170011782334,0.6214689265536721
2024-06-05 09:00:00,London,1,0.5111464468997707,0.5365853658536585
2024-06-05 09:15:00,London,1,0.5874092825109565,0.5554711246200612
2024-06-05 09:30:00,London,1,0.4381091770494167,0.5365853658536585
2024-06-05 09:45:00,London,1,0.5169463221974742,0.5365853658536585
2024-06-05 11:00:00,London,1,0.7077487349417493,0.6214689265536721
2024-06-05 12:15:00,London,1,0.5762556115631876,0.5554711246200612
2024-06-05 12:30:00,London,1,0.6152543235750845,0.5554711246200612
2024-06-05 12:45:00,London,1,0.5075067983693614,0.5365853658536585
2024-06-05 13:00:00,London,1,0.8289290045429198,0.7101449275362319
2024-06-05 13:45:00,London,0,0.7869083024256419,0.6214689265536721
2024-06-05 14:00:00,London,1,0.7467220043111988,0.6214689265536721
2024-06-05 14:30:00,London,0,0.7904829014230136,0.6214689265536721
2024-06-05 14:45:00,London,1,0.7904829014230136,0.6214689265536721
2024-06-05 15:00:00,London,1,0.8359537020414454,0.7101449275362319
2024-06-05 15:15:00,London,1,0.7371335332764586,0.6214689265536721
2024-06-05 16:00:00,London,1,0.6814251763940932,0.6041666666666666
2024-06-05 16:15:00,London,1,0.7178400673219149,0.6214689265536721
2024-06-05 17:00:00,NY,1,0.86934457555758,0.7352941176470589
2024-06-05 17:15:00,NY,0,0.7431387552954303,0.6214689265536721
2024-06-05 17:45:00,NY,1,0.6891381512621693,0.6214689265536721
2024-06-05 18:45:00,NY,0,0.4863608584428827,0.5365853658536585
2024-06-05 20:00:00,NY,1,0.8156522337749401,0.7101449275362319
2024-06-05 20:15:00,NY,1,0.7018073093894783,0.6214689265536721
2024-06-05 20:45:00,NY,1,0.6779080341272539,0.5573770491803278
2024-06-05 22:00:00,Other,1,0.6043243290077943,0.5554711246200612
2024-06-05 22:30:00,Other,1,0.6590372873557135,0.5554711246200612
2024-06-05 22:45:00,Other,0,0.6517593686824886,0.5554711246200612
2024-06-05 23:30:00,Other,1,0.7331322255120839,0.6214689265536721
2024-06-05 23:45:00,Other,1,0.7025432673012815,0.6214689265536721
2024-06-06 00:45:00,Other,1,0.669847391009217,0.5554711246200612
2024-06-06 01:00:00,Other,1,0.442457721210099,0.5365853658536585
2024-06-06 01:15:00,Other,1,0.4347195258472093,0.5365853658536585
2024-06-06 01:45:00,Other,1,0.5284455919595491,0.5365853658536585
2024-06-06 02:00:00,Other,1,0.5315508517258345,0.5365853658536585
2024-06-06 02:45:00,Other,0,0.7935957152345546,0.6214689265536721
2024-06-06 04:00:00,Other,1,0.682490573755823,0.6041666666666666
2024-06-06 04:15:00,Other,1,0.8916700363490834,0.7352941176470589
2024-06-06 05:00:00,Other,0,0.3902110019414874,0.49413298565840924
2024-06-06 05:30:00,Other,0,0.4223875010800054,0.49413298565840924
2024-06-06 07:00:00,London,0,0.4304452901409216,0.49413298565840924
2024-06-06 07:30:00,London,0,0.3118102837666484,0.49413298565840924
2024-06-06 08:00:00,London,0,0.3490212944655245,0.49413298565840924
2024-06-06 08:30:00,London,1,0.3658736058926657,0.49413298565840924
2024-06-06 09:15:00,London,1,0.1017787683408986,0.3142857142857143
2024-06-06 13:45:00,London,1,0.2939122788968785,0.49413298565840924
2024-06-06 14:00:00,London,1,0.4196107024857636,0.49413298565840924
2024-06-06 14:15:00,London,1,0.6740415864034606,0.5573770491803278
2024-06-06 14:30:00,London,1,0.787289904890958,0.6214689265536721
2024-06-06 15:00:00,London,1,0.7927695193567645,0.6214689265536721
2024-06-06 15:15:00,London,1,0.7927695193567645,0.6214689265536721
2024-06-06 15:30:00,London,0,0.7927695193567645,0.6214689265536721
2024-06-06 16:00:00,London,0,0.6803828793613691,0.5573770491803278
2024-06-06 16:30:00,London,0,0.6065429760692674,0.5554711246200612
2024-06-06 16:45:00,London,0,0.6387258050391138,0.5554711246200612
2024-06-06 17:15:00,NY,1,0.6076729522314412,0.5554711246200612
2024-06-06 17:45:00,NY,0,0.708584932113697,0.6214689265536721
2024-06-06 18:45:00,NY,1,0.8003183033088455,0.7090909090909091
2024-06-06 19:00:00,NY,0,0.6127576216273737,0.5554711246200612
2024-06-06 19:30:00,NY,1,0.2498668047416764,0.4583333333333333
2024-06-06 20:00:00,NY,1,0.7383504807163025,0.6214689265536721
2024-06-06 20:30:00,NY,1,0.7140911581306356,0.6214689265536721
2024-06-06 20:45:00,NY,1,0.5406406491173472,0.5365853658536585
2024-06-06 22:00:00,Other,1,0.5832886264784476,0.5554711246200612
2024-06-06 22:15:00,Other,1,0.5389425580664475,0.5365853658536585
2024-06-06 22:45:00,Other,1,0.5397544161877013,0.5365853658536585
2024-06-06 23:00:00,Other,1,0.5446999598570387,0.5365853658536585
2024-06-06 23:30:00,Other,1,0.5511708311690889,0.5554711246200612
2024-06-07 00:45:00,Other,0,0.6127490594946727,0.5554711246200612
2024-06-07 01:15:00,Other,0,0.4462833836569515,0.5365853658536585
2024-06-07 01:30:00,Other,0,0.4232472102940019,0.49413298565840924
2024-06-07 01:45:00,Other,1,0.3628813775788089,0.49413298565840924
2024-06-07 02:30:00,Other,1,0.8538729125817516,0.7101449275362319
2024-06-07 02:45:00,Other,1,0.4836992610453148,0.5365853658536585
2024-06-07 03:00:00,Other,1,0.513354975207558,0.5365853658536585
2024-06-07 03:30:00,Other,1,0.7477539094688267,0.6214689265536721
2024-06-07 04:00:00,Other,1,0.7442375603892865,0.6214689265536721
2024-06-07 04:15:00,Other,1,0.6426327196101698,0.5554711246200612
2024-06-07 04:45:00,Other,0,0.4078095061031569,0.49413298565840924
2024-06-07 05:30:00,Other,0,0.3297307164808149,0.49413298565840924
2024-06-07 06:30:00,Other,0,0.6444855243063524,0.5554711246200612
2024-06-07 08:00:00,London,0,0.6997152562134495,0.6214689265536721
2024-06-07 08:45:00,London,0,0.5462593174447797,0.5365853658536585
2024-06-07 09:00:00,London,0,0.5876780497007329,0.5554711246200612
2024-06-07 09:15:00,London,1,0.7255256451868223,0.6214689265536721
2024-06-07 09:30:00,London,0,0.6782749675410544,0.5573770491803278
2024-06-07 09:45:00,London,0,0.6782749675410544,0.5573770491803278
2024-06-07 10:00:00,London,0,0.7270531003744736,0.6214689265536721
2024-06-07 10:15:00,London,0,0.7492780073163424,0.6214689265536721
2024-06-07 10:30:00,London,0,0.6602158544328411,0.5554711246200612
2024-06-07 10:45:00,London,1,0.7492780073163424,0.6214689265536721
2024-06-07 11:30:00,London,0,0.5531371629188933,0.5554711246200612
2024-06-10 02:15:00,Other,0,0.3121849721515318,0.49413298565840924
2024-06-10 03:00:00,Other,0,0.2705085757507845,0.4878048780487805
2024-06-10 03:15:00,Other,0,0.2583409982977998,0.4583333333333333
2024-06-10 03:45:00,Other,0,0.3348760147746599,0.49413298565840924
2024-06-10 08:45:00,London,1,0.6170543671642311,0.5554711246200612
2024-06-10 09:15:00,London,1,0.5806948502504502,0.5554711246200612
2024-06-10 10:00:00,London,0,0.4397461979392361,0.5365853658536585
2024-06-10 10:15:00,London,1,0.3884721342160889,0.49413298565840924
2024-06-10 10:45:00,London,1,0.3760421085579191,0.49413298565840924
2024-06-10 11:00:00,London,0,0.3316037112364744,0.49413298565840924
2024-06-10 11:15:00,London,1,0.4071042465191072,0.49413298565840924
2024-06-10 11:45:00,London,1,0.4684406750167831,0.5365853658536585
2024-06-10 12:45:00,London,1,0.5033407348489197,0.5365853658536585
2024-06-10 13:00:00,London,0,0.5713394084097758,0.5554711246200612
2024-06-10 13:15:00,London,1,0.6467217719167789,0.5554711246200612
2024-06-10 13:30:00,London,1,0.6851912328347313,0.6111111111111112
2024-06-10 14:15:00,London,1,0.6454721021570915,0.5554711246200612
2024-06-10 14:30:00,London,0,0.7202450668887903,0.6214689265536721
2024-06-10 15:00:00,London,1,0.8378682394817896,0.7101449275362319
2024-06-10 15:30:00,London,0,0.6837547030546673,0.6041666666666666
2024-06-10 15:45:00,London,1,0.6350920125162932,0.5554711246200612
2024-06-10 16:15:00,London,0,0.6071646400256396,0.5554711246200612
2024-06-10 17:00:00,NY,0,0.678823837849869,0.5573770491803278
2024-06-10 18:00:00,NY,0,0.7531282680553651,0.6214689265536721
2024-06-10 18:15:00,NY,1,0.4357563729120354,0.5365853658536585
2024-06-10 18:30:00,NY,0,0.4131477818460628,0.49413298565840924
2024-06-10 18:45:00,NY,1,0.4018800751644491,0.49413298565840924
2024-06-10 19:15:00,NY,0,0.513782880245247,0.5365853658536585
2024-06-10 20:00:00,NY,1,0.7300269468930833,0.6214689265536721
2024-06-11 08:30:00,London,0,0.3640961228583119,0.49413298565840924
2024-06-11 08:45:00,London,1,0.3195563376478567,0.49413298565840924
2024-06-11 09:00:00,London,0,0.3258852227571608,0.49413298565840924
2024-06-11 09:30:00,London,1,0.6290636082146902,0.5554711246200612
2024-06-11 09:45:00,London,0,0.2794854130638797,0.49413298565840924
2024-06-11 10:00:00,London,1,0.3606607795006037,0.49413298565840924
2024-06-11 10:15:00,London,0,0.3819400384178464,0.49413298565840924
2024-06-11 10:45:00,London,0,0.3904675445680948,0.49413298565840924
2024-06-11 11:15:00,London,1,0.5120750942887851,0.5365853658536585
2024-06-11 12:00:00,London,1,0.516563094711853,0.5365853658536585
2024-06-11 12:15:00,London,1,0.5563983477892437,0.5554711246200612
2024-06-11 12:30:00,London,0,0.508054692672382,0.5365853658536585
2024-06-11 14:00:00,London,1,0.6361264475443431,0.5554711246200612
2024-06-11 14:15:00,London,1,0.629807876350361,0.5554711246200612
2024-06-11 14:30:00,London,0,0.722730968094046,0.6214689265536721
2024-06-11 15:15:00,London,1,0.6000372657300702,0.5554711246200612
2024-06-11 15:30:00,London,0,0.3247351321346993,0.49413298565840924
2024-06-11 16:15:00,London,1,0.6134333454980208,0.5554711246200612
2024-06-11 23:00:00,Other,0,0.6383360060494416,0.5554711246200612
2024-06-11 23:15:00,Other,0,0.6086339180575714,0.5554711246200612
2024-06-11 23:45:00,Other,0,0.6735762388932423,0.5573770491803278
2024-06-12 00:30:00,Other,0,0.5274216419345171,0.5365853658536585
2024-06-12 06:30:00,Other,0,0.3754528114099791,0.49413298565840924
2024-06-12 07:00:00,London,0,0.3751516636917718,0.49413298565840924
2024-06-12 07:15:00,London,1,0.4611048148516689,0.5365853658536585
2024-06-12 13:15:00,London,0,0.7878521986723368,0.6214689265536721
2024-06-12 13:45:00,London,0,0.7738103923678479,0.6214689265536721
2024-06-12 14:15:00,London,1,0.7390621906597431,0.6214689265536721
2024-06-12 15:45:00,London,1,0.7344527598560389,0.6214689265536721
2024-06-12 17:00:00,NY,0,0.6467449741002227,0.5554711246200612
2024-06-12 17:45:00,NY,0,0.7378416828147738,0.6214689265536721
2024-06-12 18:00:00,NY,1,0.7177610434342291,0.6214689265536721
2024-06-12 18:30:00,NY,0,0.7768119442242981,0.6214689265536721
2024-06-12 18:45:00,NY,1,0.8584311021919317,0.7101449275362319
2024-06-12 19:00:00,NY,0,0.6965251718555663,0.6214689265536721
2024-06-12 19:15:00,NY,1,0.8417053099590887,0.7101449275362319
2024-06-13 08:00:00,London,0,0.2727484839089176,0.4878048780487805
2024-06-13 08:15:00,London,1,0.2325549577831566,0.4098360655737705
2024-06-13 08:30:00,London,1,0.3666976003755648,0.49413298565840924
2024-06-13 09:00:00,London,0,0.2518305058100956,0.4583333333333333
2024-06-13 09:15:00,London,0,0.2423896190041146,0.42105263157894735
2024-06-13 09:30:00,London,1,0.2408986339660915,0.42105263157894735
2024-06-13 10:00:00,London,1,0.3158633376258924,0.49413298565840924
2024-06-13 10:15:00,London,0,0.3099685196513956,0.49413298565840924
2024-06-13 11:00:00,London,0,0.3546933763079265,0.49413298565840924
2024-06-13 11:15:00,London,0,0.3690462297869105,0.49413298565840924
2024-06-13 11:30:00,London,1,0.4287606005240547,0.49413298565840924
2024-06-13 12:45:00,London,0,0.7741583545016604,0.6214689265536721
2024-06-13 13:15:00,London,1,0.5984387071641338,0.5554711246200612
2024-06-13 13:30:00,London,0,0.6139582719751197,0.5554711246200612
2024-06-13 13:45:00,London,1,0.2872510717837869,0.49413298565840924
2024-06-13 14:30:00,London,0,0.6107584107111774,0.5554711246200612
2024-06-13 15:30:00,London,1,0.6725509545080646,0.5573770491803278
2024-06-13 15:45:00,London,0,0.7148552702172529,0.6214689265536721
2024-06-13 16:00:00,London,1,0.733039959589275,0.6214689265536721
2024-06-13 20:30:00,NY,0,0.6531432725939496,0.5554711246200612
2024-06-13 22:00:00,Other,0,0.5410274965575049,0.5365853658536585
2024-06-13 22:15:00,Other,0,0.5007009680509484,0.5365853658536585
2024-06-13 22:30:00,Other,0,0.6480029182250432,0.5554711246200612
2024-06-13 23:00:00,Other,0,0.6269895112218046,0.5554711246200612
2024-06-13 23:15:00,Other,1,0.6528493866457753,0.5554711246200612
2024-06-13 23:30:00,Other,1,0.5821408177681581,0.5554711246200612
2024-06-14 00:30:00,Other,1,0.5500367785602106,0.5554711246200612
2024-06-14 01:00:00,Other,0,0.5328704460774083,0.5365853658536585
2024-06-14 01:45:00,Other,0,0.4378943276289412,0.5365853658536585
2024-06-14 02:15:00,Other,1,0.4395381367846919,0.5365853658536585
2024-06-14 02:45:00,Other,1,0.3880036202936559,0.49413298565840924
2024-06-14 03:00:00,Other,0,0.3494644800165721,0.49413298565840924
2024-06-14 03:45:00,Other,0,0.3367612369273496,0.49413298565840924
2024-06-14 04:15:00,Other,1,0.204466906602058,0.4098360655737705
2024-06-14 04:45:00,Other,1,0.3053228271704472,0.49413298565840924
2024-06-14 05:30:00,Other,1,0.2582235362716891,0.4583333333333333
2024-06-14 06:45:00,Other,0,0.3067364445653998,0.49413298565840924
2024-06-14 07:00:00,London,1,0.3353340465695828,0.49413298565840924
2024-06-14 07:30:00,London,1,0.3219771812294798,0.49413298565840924
2024-06-14 07:45:00,London,1,0.3375061750569621,0.49413298565840924
2024-06-14 08:15:00,London,0,0.3766821228480297,0.49413298565840924
2024-06-14 09:15:00,London,1,0.5663181115246687,0.5554711246200612
2024-06-14 09:45:00,London,1,0.3671817703313023,0.49413298565840924
2024-06-14 10:00:00,London,1,0.7265909571274161,0.6214689265536721
2024-06-14 10:15:00,London,0,0.7212043697792822,0.6214689265536721
2024-06-14 10:30:00,London,1,0.7212043697792822,0.6214689265536721
2024-06-14 10:45:00,London,1,0.7015455901828677,0.6214689265536721
2024-06-14 11:30:00,London,0,0.7145872625820929,0.6214689265536721
2024-06-14 12:15:00,London,1,0.574028292261821,0.5554711246200612
2024-06-14 12:45:00,London,1,0.5853710968537529,0.5554711246200612
2024-06-14 13:45:00,London,1,0.6352275683757477,0.5554711246200612
2024-06-14 14:00:00,London,1,0.6110129316018619,0.5554711246200612
2024-06-14 14:15:00,London,0,0.8906749669323172,0.7352941176470589
2024-06-14 14:30:00,London,1,0.67964551931528,0.5573770491803278
2024-06-14 15:00:00,London,0,0.574284719372803,0.5554711246200612
2024-06-14 18:00:00,NY,0,0.705798495119993,0.6214689265536721
2024-06-14 19:00:00,NY,0,0.4806318174562203,0.5365853658536585
2024-06-14 19:15:00,NY,0,0.4752529789700643,0.5365853658536585
2024-06-14 20:15:00,NY,1,0.6639307795758322,0.5554711246200612
2024-06-14 20:30:00,NY,0,0.5646405637875095,0.5554711246200612
2024-06-14 20:45:00,NY,0,0.4783861884386243,0.5365853658536585
2024-06-16 22:00:00,Other,0,0.3182911175620282,0.49413298565840924
2024-06-16 22:30:00,Other,1,0.5957606383682607,0.5554711246200612
2024-06-16 22:45:00,Other,0,0.3847628683121005,0.49413298565840924
2024-06-16 23:15:00,Other,1,0.6209123609485645,0.5554711246200612
2024-06-16 23:45:00,Other,0,0.5746843633337302,0.5554711246200612
2024-06-17 00:00:00,Other,0,0.4062678342344174,0.49413298565840924
2024-06-17 00:15:00,Other,1,0.4062678342344174,0.49413298565840924
2024-06-17 00:45:00,Other,0,0.419508027185567,0.49413298565840924
2024-06-17 14:45:00,London,0,0.6303318229849967,0.5554711246200612
2024-06-17 15:15:00,London,0,0.6346221697965172,0.5554711246200612
2024-06-17 15:30:00,London,1,0.5938970797762977,0.5554711246200612
2024-06-18 01:30:00,Other,1,0.8561898080286653,0.7101449275362319
2024-06-18 01:45:00,Other,1,0.3621129985241432,0.49413298565840924
2024-06-18 02:00:00,Other,0,0.4147253075371849,0.49413298565840924
2024-06-18 02:15:00,Other,1,0.4192352874254788,0.49413298565840924
2024-06-18 02:30:00,Other,0,0.4481252355213386,0.5365853658536585
2024-06-18 03:00:00,Other,1,0.3754374329308748,0.49413298565840924
2024-06-18 03:15:00,Other,0,0.3633563034239775,0.49413298565840924
2024-06-18 04:00:00,Other,0,0.3383036066840496,0.49413298565840924
2024-06-18 05:00:00,Other,1,0.3009119647273833,0.49413298565840924
2024-06-18 06:00:00,Other,1,0.3477878216841173,0.49413298565840924
2024-06-18 06:15:00,Other,0,0.3477878216841173,0.49413298565840924
2024-06-18 06:45:00,Other,0,0.3466152054490238,0.49413298565840924
2024-06-18 07:30:00,London,0,0.2280444850042866,0.4098360655737705
2024-06-18 07:45:00,London,0,0.2831923625662096,0.49413298565840924
2024-06-18 08:00:00,London,1,0.2558741801873189,0.4583333333333333
2024-06-18 08:15:00,London,1,0.3320525862769592,0.49413298565840924
2024-06-18 08:30:00,London,1,0.3162880354508661,0.49413298565840924
2024-06-18 14:15:00,London,1,0.786457552542598,0.6214689265536721
2024-06-18 14:30:00,London,1,0.6755438250829194,0.5573770491803278
2024-06-18 14:45:00,London,1,0.6709368683585551,0.5573770491803278
2024-06-18 15:30:00,London,0,0.7795229272617611,0.6214689265536721
2024-06-18 15:45:00,London,1,0.7048355359604179,0.6214689265536721
2024-06-18 16:15:00,London,1,0.6405680937432094,0.5554711246200612
2024-06-18 17:00:00,NY,1,0.6210664120758695,0.5554711246200612
2024-06-18 17:15:00,NY,0,0.6215762056860382,0.5554711246200612
2024-06-18 17:45:00,NY,0,0.6556931474326863,0.5554711246200612
2024-06-18 18:00:00,NY,1,0.7363660676555567,0.6214689265536721
2024-06-18 19:15:00,NY,1,0.7786173796064454,0.6214689265536721
2024-06-18 19:30:00,NY,1,0.6852815449050002,0.6111111111111112
2024-06-18 19:45:00,NY,0,0.7043321963351838,0.6214689265536721
2024-06-18 22:15:00,Other,1,0.6296647952614725,0.5554711246200612
2024-06-19 00:00:00,Other,0,0.5449251661249536,0.5365853658536585
2024-06-19 00:45:00,Other,0,0.5422395131005481,0.5365853658536585
2024-06-19 03:30:00,Other,1,0.3817141553281818,0.49413298565840924
2024-06-19 03:45:00,Other,1,0.4086449056457653,0.49413298565840924
2024-06-19 04:00:00,Other,1,0.3367248864858684,0.49413298565840924
2024-06-19 04:45:00,Other,1,0.4509309129347655,0.5365853658536585
2024-06-19 05:15:00,Other,1,0.5375854568253277,0.5365853658536585
2024-06-19 06:45:00,Other,1,0.4798996046394698,0.5365853658536585
2024-06-19 07:00:00,London,1,0.4956548607542521,0.5365853658536585
2024-06-19 08:00:00,London,0,0.3596218976981172,0.49413298565840924
2024-06-19 08:30:00,London,0,0.3586962373218783,0.49413298565840924
2024-06-19 08:45:00,London,0,0.3683007637138346,0.49413298565840924
2024-06-19 09:00:00,London,0,0.3679639639554616,0.49413298565840924
2024-06-19 09:30:00,London,1,0.3819690775191994,0.49413298565840924
2024-06-19 10:00:00,London,1,0.4665114764876504,0.5365853658536585
2024-06-19 10:30:00,London,1,0.4537950118948832,0.5365853658536585
2024-06-20 01:45:00,Other,0,0.4301663516381495,0.49413298565840924
2024-06-20 03:00:00,Other,1,0.7005143826584171,0.6214689265536721
2024-06-20 03:45:00,Other,1,0.564432300014838,0.5554711246200612
2024-06-20 04:15:00,Other,1,0.3005958478206377,0.49413298565840924
2024-06-20 04:30:00,Other,1,0.3097329752055356,0.49413298565840924
2024-06-20 04:45:00,Other,1,0.3282488066866044,0.49413298565840924
2024-06-20 05:00:00,Other,1,0.3257442766414191,0.49413298565840924
2024-06-20 06:00:00,Other,1,0.3107634335181061,0.49413298565840924
2024-06-20 06:15:00,Other,0,0.2635824340031702,0.46153846153846156
2024-06-20 06:30:00,Other,1,0.2654068235846262,0.4878048780487805
2024-06-20 07:15:00,London,0,0.3074680754874875,0.49413298565840924
2024-06-20 07:30:00,London,0,0.4953714127582646,0.5365853658536585
2024-06-20 08:00:00,London,0,0.4353200953399215,0.5365853658536585
2024-06-20 08:15:00,London,1,0.3954021863239905,0.49413298565840924
2024-06-20 15:30:00,London,1,0.7733115099620237,0.6214689265536721
2024-06-20 15:45:00,London,1,0.7076406711886707,0.6214689265536721
2024-06-20 16:15:00,London,1,0.6170072759478841,0.5554711246200612
2024-06-20 16:30:00,London,1,0.6065429760692674,0.5554711246200612
2024-06-20 16:45:00,London,0,0.6636634887480571,0.5554711246200612
2024-06-20 17:00:00,NY,0,0.6493099539086686,0.5554711246200612
2024-06-20 17:30:00,NY,1,0.5831822738272459,0.5554711246200612
2024-06-20 18:15:00,NY,0,0.686499280980295,0.6111111111111112
2024-06-20 19:30:00,NY,1,0.7672058887789643,0.6214689265536721
2024-06-20 20:00:00,NY,1,0.8130027165938544,0.7090909090909091
2024-06-20 22:15:00,Other,0,0.6235902928549244,0.5554711246200612
2024-06-20 22:30:00,Other,1,0.6367334554233821,0.5554711246200612
2024-06-20 22:45:00,Other,1,0.5622480820296554,0.5554711246200612
2024-06-20 23:00:00,Other,1,0.5650821973892404,0.5554711246200612
2024-06-21 00:00:00,Other,1,0.6209214211298183,0.5554711246200612
2024-06-21 00:15:00,Other,1,0.6497770838373379,0.5554711246200612
2024-06-21 01:00:00,Other,0,0.714099677702738,0.6214689265536721
2024-06-21 01:15:00,Other,1,0.4109024745708602,0.49413298565840924
2024-06-21 06:30:00,Other,0,0.3693986646908811,0.49413298565840924
2024-06-21 07:00:00,London,1,0.2985887554578841,0.49413298565840924
2024-06-21 08:30:00,London,1,0.4235412923294032,0.49413298565840924
2024-06-21 09:00:00,London,0,0.3928915449982163,0.49413298565840924
2024-06-21 09:15:00,London,0,0.4156438390160371,0.49413298565840924
2024-06-21 10:15:00,London,1,0.4464399004799882,0.5365853658536585
2024-06-21 10:30:00,London,1,0.4639291914682467,0.5365853658536585
2024-06-21 10:45:00,London,1,0.4764365266653623,0.5365853658536585
2024-06-21 11:00:00,London,1,0.4493359100515218,0.5365853658536585
2024-06-21 11:45:00,London,1,0.4145874147453292,0.49413298565840924
2024-06-21 12:15:00,London,0,0.5626704540936649,0.5554711246200612
2024-06-21 12:45:00,London,0,0.4886169637666608,0.5365853658536585
2024-06-21 13:30:00,London,0,0.7130295103462633,0.6214689265536721
2024-06-21 14:30:00,London,0,0.5852552690971625,0.5554711246200612
2024-06-21 14:45:00,London,0,0.7124406707011797,0.6214689265536721
2024-06-24 02:00:00,Other,1,0.3286182115207607,0.49413298565840924
2024-06-24 02:30:00,Other,1,0.2850271181191645,0.49413298565840924
2024-06-24 03:00:00,Other,1,0.2320961872097716,0.4098360655737705
2024-06-24 03:45:00,Other,1,0.3165448765174979,0.49413298565840924
2024-06-24 04:00:00,Other,0,0.3150627739831724,0.49413298565840924
2024-06-24 04:15:00,Other,0,0.329331334750234,0.49413298565840924
2024-06-24 04:30:00,Other,1,0.2960039514769234,0.49413298565840924
2024-06-24 04:45:00,Other,1,0.3329737666572069,0.49413298565840924
2024-06-24 05:15:00,Other,0,0.2974300302587254,0.49413298565840924
2024-06-24 05:45:00,Other,0,0.3314427021433465,0.49413298565840924
2024-06-24 06:00:00,Other,0,0.1425058271215068,0.3142857142857143
2024-06-24 06:15:00,Other,1,0.638390348152117,0.5554711246200612
2024-06-24 07:15:00,London,1,0.3085007005505722,0.49413298565840924
2024-06-24 07:30:00,London,0,0.2820085329659356,0.49413298565840924
2024-06-24 07:45:00,London,0,0.3671585794345932,0.49413298565840924
2024-06-24 08:15:00,London,1,0.2359118493630306,0.4166666666666667
2024-06-24 09:00:00,London,1,0.1092503507910152,0.3142857142857143
2024-06-24 09:15:00,London,0,0.2438566055025496,0.42105263157894735
2024-06-24 13:45:00,London,1,0.6458496438161954,0.5554711246200612
2024-06-24 14:00:00,London,1,0.4591643178754823,0.5365853658536585
2024-06-24 14:15:00,London,1,0.4401692265630443,0.5365853658536585
2024-06-24 15:00:00,London,0,0.7031589119955564,0.6214689265536721
2024-06-24 16:00:00,London,1,0.8074315552336231,0.7090909090909091
2024-06-24 16:45:00,London,0,0.3696906628993104,0.49413298565840924
2024-06-24 17:15:00,NY,1,0.4981386062043546,0.5365853658536585
2024-06-24 17:45:00,NY,1,0.4328888332797683,0.49413298565840924
2024-06-24 18:00:00,NY,0,0.5730283933745131,0.5554711246200612
2024-06-24 19:00:00,NY,1,0.6039444577790067,0.5554711246200612
2024-06-24 20:15:00,NY,0,0.5584494662172951,0.5554711246200612
2024-06-24 22:15:00,Other,0,0.6081474980259743,0.5554711246200612
2024-06-24 22:30:00,Other,0,0.6305593108915529,0.5554711246200612
2024-06-24 22:45:00,Other,0,0.6150565013448532,0.5554711246200612
2024-06-24 23:00:00,Other,0,0.6118490280004761,0.5554711246200612
2024-06-24 23:15:00,Other,0,0.6014834948106693,0.5554711246200612
2024-06-25 00:00:00,Other,0,0.4895225105653838,0.5365853658536585
2024-06-25 00:45:00,Other,0,0.4756282131737101,0.5365853658536585
2024-06-25 01:15:00,Other,0,0.4744826704102711,0.5365853658536585
2024-06-25 01:30:00,Other,1,0.4186876561265185,0.49413298565840924
2024-06-25 05:45:00,Other,1,0.2813195231945473,0.49413298565840924
2024-06-25 06:30:00,Other,1,0.2813195231945473,0.49413298565840924
2024-06-25 07:00:00,London,0,0.2566948185893338,0.4583333333333333
2024-06-25 07:30:00,London,1,0.3004659669483779,0.49413298565840924
2024-06-25 07:45:00,London,1,0.378962741514798,0.49413298565840924
2024-06-25 12:15:00,London,0,0.5811301598405024,0.5554711246200612
2024-06-25 12:45:00,London,0,0.516563094711853,0.5365853658536585
2024-06-25 13:30:00,London,1,0.7050316364629465,0.6214689265536721
2024-06-25 20:30:00,NY,1,0.7242741840655603,0.6214689265536721
2024-06-25 20:45:00,NY,1,0.7348081314795971,0.6214689265536721
2024-06-25 22:00:00,Other,1,0.7179317853340319,0.6214689265536721
2024-06-25 22:15:00,Other,0,0.6072309599196358,0.5554711246200612
2024-06-25 22:30:00,Other,1,0.6066105918854752,0.5554711246200612
2024-06-25 22:45:00,Other,0,0.5691871349370804,0.5554711246200612
2024-06-25 23:15:00,Other,1,0.5830802495346774,0.5554711246200612
2024-06-25 23:30:00,Other,1,0.5835137370862687,0.5554711246200612
2024-06-26 00:00:00,Other,0,0.5054494425449291,0.5365853658536585
2024-06-26 00:30:00,Other,0,0.4830464250751893,0.5365853658536585
2024-06-26 00:45:00,Other,1,0.3700161417556209,0.49413298565840924
2024-06-26 01:15:00,Other,0,0.3216456903914108,0.49413298565840924
2024-06-26 10:15:00,London,1,0.4977057722676111,0.5365853658536585
2024-06-26 10:30:00,London,0,0.4974336152966114,0.5365853658536585
2024-06-26 11:00:00,London,1,0.5010906132597164,0.5365853658536585
2024-06-27 01:45:00,Other,1,0.5747861891827127,0.5554711246200612
2024-06-27 02:00:00,Other,1,0.5587133357940093,0.5554711246200612
2024-06-27 02:30:00,Other,1,0.5929453338032409,0.5554711246200612
2024-06-27 04:15:00,Other,0,0.5043459783248515,0.5365853658536585
2024-06-27 04:30:00,Other,0,0.4290574886751721,0.49413298565840924
2024-06-27 04:45:00,Other,0,0.3351679290432776,0.49413298565840924
2024-06-27 05:00:00,Other,0,0.3802596614167673,0.49413298565840924
2024-06-27 05:15:00,Other,1,0.3528446509892715,0.49413298565840924
2024-06-27 05:30:00,Other,0,0.3537950289172256,0.49413298565840924
2024-06-27 05:45:00,Other,1,0.3607110935688816,0.49413298565840924
2024-06-27 06:45:00,Other,1,0.2467764130794827,0.4583333333333333
2024-06-27 08:00:00,London,1,0.2467186058040572,0.4583333333333333
2024-06-27 08:45:00,London,1,0.3036788159634109,0.49413298565840924
2024-06-27 09:00:00,London,1,0.3185867924364279,0.49413298565840924
2024-06-27 09:15:00,London,0,0.3185867924364279,0.49413298565840924
2024-06-27 09:30:00,London,1,0.3063770920164273,0.49413298565840924
2024-06-27 10:00:00,London,0,0.3928664021326205,0.49413298565840924
2024-06-27 10:15:00,London,1,0.417757880509546,0.49413298565840924
2024-06-27 11:00:00,London,0,0.4851515693322453,0.5365853658536585
2024-06-27 11:15:00,London,1,0.4776689910729324,0.5365853658536585
2024-06-27 11:45:00,London,1,0.5141257898384578,0.5365853658536585
2024-06-27 12:00:00,London,0,0.5467016196281131,0.5365853658536585
2024-06-27 12:15:00,London,1,0.5467016196281131,0.5365853658536585
2024-06-27 13:15:00,London,1,0.4476646341848754,0.5365853658536585
2024-06-27 15:00:00,London,0,0.6699030150151382,0.5554711246200612
2024-06-27 15:30:00,London,1,0.6926318806640529,0.6214689265536721
2024-06-27 15:45:00,London,0,0.6843926633178367,0.6041666666666666
2024-06-27 16:00:00,London,0,0.6794166875618708,0.5573770491803278
2024-06-27 16:30:00,London,0,0.6391461018721053,0.5554711246200612
2024-06-27 16:45:00,London,0,0.6943724156582205,0.6214689265536721
2024-06-27 17:00:00,NY,1,0.7006219291498251,0.6214689265536721
2024-06-27 17:15:00,NY,1,0.7404035155745654,0.6214689265536721
2024-06-27 22:00:00,Other,1,0.5276092194838128,0.5365853658536585
2024-06-27 22:15:00,Other,1,0.6552738342160459,0.5554711246200612
2024-06-27 22:30:00,Other,1,0.5622480820296554,0.5554711246200612
2024-06-27 23:00:00,Other,0,0.6196919479172387,0.5554711246200612
2024-06-27 23:15:00,Other,0,0.6535604913270473,0.5554711246200612
2024-06-27 23:45:00,Other,0,0.6870351538503952,0.6111111111111112
2024-06-28 00:15:00,Other,0,0.614445115785581,0.5554711246200612
2024-06-28 00:30:00,Other,0,0.6184014764018634,0.5554711246200612
2024-06-28 00:45:00,Other,1,0.5634440321680054,0.5554711246200612
2024-06-28 01:00:00,Other,1,0.4347045261842198,0.5365853658536585
2024-06-28 09:45:00,London,1,0.2993540162262151,0.49413298565840924
2024-06-28 10:15:00,London,1,0.4248440487444497,0.49413298565840924
2024-06-28 10:30:00,London,0,0.3825305655927896,0.49413298565840924
2024-06-28 11:45:00,London,1,0.4012588383165412,0.49413298565840924
2024-06-28 12:30:00,London,1,0.5090376917792009,0.5365853658536585
2024-06-28 13:15:00,London,0,0.4387411689872779,0.5365853658536585
2024-07-01 01:45:00,Other,0,0.2853689650059629,0.49413298565840924
2024-07-01 02:00:00,Other,1,0.4597194852127006,0.5365853658536585
2024-07-01 03:00:00,Other,0,0.3672091505817204,0.49413298565840924
2024-07-01 04:30:00,Other,1,0.1966287486443732,0.4098360655737705
2024-07-01 04:45:00,Other,0,0.3221972711719208,0.49413298565840924
2024-07-01 05:00:00,Other,0,0.3722080395335397,0.49413298565840924
2024-07-01 05:15:00,Other,1,0.3174038294953097,0.49413298565840924
2024-07-01 07:45:00,London,0,0.3577584998086395,0.49413298565840924
2024-07-01 08:00:00,London,1,0.4998207554846102,0.5365853658536585
2024-07-01 08:15:00,London,1,0.4062793612888359,0.49413298565840924
2024-07-01 08:30:00,London,1,0.3436833990006229,0.49413298565840924
2024-07-01 09:00:00,London,0,0.3630843030782777,0.49413298565840924
2024-07-01 09:30:00,London,1,0.2916442252842736,0.49413298565840924
2024-07-01 09:45:00,London,1,0.2972638072621293,0.49413298565840924
2024-07-01 10:00:00,London,1,0.4735955546008061,0.5365853658536585
2024-07-01 10:45:00,London,1,0.384285781878341,0.49413298565840924
2024-07-01 11:00:00,London,1,0.4242417057700529,0.49413298565840924
2024-07-01 11:15:00,London,1,0.4198858697913448,0.49413298565840924
2024-07-01 11:30:00,London,1,0.4198858697913448,0.49413298565840924
2024-07-01 11:45:00,London,0,0.4880248944351708,0.5365853658536585
2024-07-01 13:30:00,London,0,0.7992831175873513,0.6214689265536721
2024-07-01 22:15:00,Other,1,0.6415963872070272,0.5554711246200612
2024-07-01 22:30:00,Other,1,0.5953525334562518,0.5554711246200612
2024-07-01 22:45:00,Other,1,0.6876838798360412,0.6214689265536721
2024-07-01 23:15:00,Other,1,0.6238783814896757,0.5554711246200612
2024-07-01 23:30:00,Other,1,0.6766983990310156,0.5573770491803278
2024-07-02 00:15:00,Other,1,0.6063455788862996,0.5554711246200612
2024-07-02 00:30:00,Other,1,0.5980544149141063,0.5554711246200612
2024-07-02 01:00:00,Other,1,0.3924735802971167,0.49413298565840924
2024-07-02 01:45:00,Other,0,0.4112723672738327,0.49413298565840924
2024-07-02 02:15:00,Other,0,0.550466147688505,0.5554711246200612
2024-07-02 02:30:00,Other,0,0.5172804756208303,0.5365853658536585
2024-07-02 03:00:00,Other,1,0.3593964658571381,0.49413298565840924
2024-07-02 03:15:00,Other,0,0.3292653795407662,0.49413298565840924
2024-07-02 03:45:00,Other,1,0.342903569523925,0.49413298565840924
2024-07-02 09:15:00,London,0,0.2769204886172325,0.49413298565840924
2024-07-02 09:30:00,London,0,0.330051362932423,0.49413298565840924
2024-07-02 09:45:00,London,0,0.374000908000683,0.49413298565840924
2024-07-02 14:00:00,London,0,0.5722508888954366,0.5554711246200612
2024-07-02 14:15:00,London,1,0.4732976863193976,0.5365853658536585
2024-07-02 14:30:00,London,1,0.846347053368278,0.7101449275362319
2024-07-02 14:45:00,London,0,0.9245511783013142,0.8
2024-07-02 15:45:00,London,0,0.4983359725823896,0.5365853658536585
2024-07-03 00:30:00,Other,0,0.5109424014696274,0.5365853658536585
2024-07-03 00:45:00,Other,0,0.5244252173845865,0.5365853658536585
2024-07-03 01:30:00,Other,0,0.4741967430720801,0.5365853658536585
2024-07-03 02:15:00,Other,1,0.5582925385415977,0.5554711246200612
2024-07-03 02:30:00,Other,1,0.605730863417081,0.5554711246200612
2024-07-03 08:15:00,London,0,0.4799435356699995,0.5365853658536585
2024-07-03 08:30:00,London,0,0.4911595097985046,0.5365853658536585
2024-07-03 08:45:00,London,0,0.4986898273097491,0.5365853658536585
2024-07-03 09:00:00,London,1,0.4380887853742509,0.5365853658536585
2024-07-03 09:45:00,London,1,0.6385330310655424,0.5554711246200612
2024-07-03 10:15:00,London,1,0.5456709559308399,0.5365853658536585
2024-07-03 10:30:00,London,0,0.5376045687443586,0.5365853658536585
2024-07-03 11:15:00,London,1,0.831018308481323,0.7101449275362319
2024-07-03 11:30:00,London,1,0.5870404490427997,0.5554711246200612
2024-07-03 12:15:00,London,1,0.6294308392412239,0.5554711246200612
2024-07-03 12:30:00,London,1,0.7846068089078372,0.6214689265536721
2024-07-03 13:30:00,London,1,0.7885705964749168,0.6214689265536721
2024-07-03 13:45:00,London,1,0.7885705964749168,0.6214689265536721
2024-07-03 14:00:00,London,0,0.8085258337399847,0.7090909090909091
2024-07-03 15:15:00,London,0,0.7371335332764586,0.6214689265536721
2024-07-03 15:30:00,London,1,0.7371335332764586,0.6214689265536721
2024-07-03 15:45:00,London,0,0.7371335332764586,0.6214689265536721
2024-07-03 16:00:00,London,0,0.3913198466393652,0.49413298565840924
2024-07-03 16:45:00,London,0,0.3983710397326476,0.49413298565840924
2024-07-03 17:00:00,NY,1,0.7493945799946431,0.6214689265536721
2024-07-03 17:15:00,NY,0,0.7580220661760491,0.6214689265536721
2024-07-03 18:15:00,NY,0,0.342290657672856,0.49413298565840924
2024-07-03 18:45:00,NY,0,0.4969589555685981,0.5365853658536585
2024-07-03 19:00:00,NY,0,0.5270714149499102,0.5365853658536585
2024-07-03 19:30:00,NY,1,0.6371341786546411,0.5554711246200612
2024-07-04 02:00:00,Other,0,0.3938259388084787,0.49413298565840924
2024-07-04 02:30:00,Other,1,0.4392394061942102,0.5365853658536585
2024-07-04 02:45:00,Other,1,0.4245762458549965,0.49413298565840924
2024-07-04 03:15:00,Other,0,0.3346084694321393,0.49413298565840924
2024-07-04 03:30:00,Other,0,0.4213363887709846,0.49413298565840924
2024-07-04 04:00:00,Other,1,0.3481205096025782,0.49413298565840924
2024-07-04 04:45:00,Other,0,0.3413533155124426,0.49413298565840924
2024-07-04 05:15:00,Other,1,0.339715508570113,0.49413298565840924
2024-07-04 05:45:00,Other,0,0.3353909386360643,0.49413298565840924
2024-07-04 06:15:00,Other,1,0.303446893751456,0.49413298565840924
2024-07-04 12:45:00,London,1,0.3627080590153099,0.49413298565840924
2024-07-04 13:00:00,London,1,0.4522663623679393,0.5365853658536585
2024-07-04 13:30:00,London,1,0.5042234416345158,0.5365853658536585
2024-07-04 13:45:00,London,0,0.4263030635462883,0.49413298565840924
2024-07-04 14:00:00,London,0,0.5038415428021925,0.5365853658536585
2024-07-04 15:00:00,London,0,0.4265498409013071,0.49413298565840924
2024-07-05 04:00:00,Other,1,0.3120462523829627,0.49413298565840924
2024-07-05 04:30:00,Other,1,0.3120462523829627,0.49413298565840924
2024-07-05 05:00:00,Other,1,0.3238871214698881,0.49413298565840924
2024-07-05 05:15:00,Other,1,0.3562758010708418,0.49413298565840924
2024-07-05 05:45:00,Other,1,0.2697569232974988,0.4878048780487805
2024-07-05 06:15:00,Other,1,0.2998156236447131,0.49413298565840924
2024-07-05 07:45:00,London,1,0.3118821676409382,0.49413298565840924
2024-07-05 08:00:00,London,0,0.2475427820512715,0.4583333333333333
2024-07-05 09:00:00,London,0,0.2335744362676789,0.4098360655737705
2024-07-05 09:30:00,London,0,0.2500938027754767,0.4583333333333333
2024-07-05 09:45:00,London,1,0.2590399222336309,0.4583333333333333
2024-07-05 14:30:00,London,0,0.8340092345088037,0.7101449275362319
2024-07-05 15:00:00,London,1,0.7310882250386205,0.6214689265536721
2024-07-05 15:15:00,London,1,0.7310882250386205,0.6214689265536721
2024-07-05 15:45:00,London,1,0.6568666783618259,0.5554711246200612
2024-07-05 16:45:00,London,1,0.6241288778419702,0.5554711246200612
2024-07-05 17:00:00,NY,1,0.6580041904092842,0.5554711246200612
2024-07-05 18:15:00,NY,1,0.7710530287592972,0.6214689265536721
2024-07-05 18:30:00,NY,0,0.7718851550316868,0.6214689265536721
2024-07-05 18:45:00,NY,0,0.5143991893061165,0.5365853658536585
2024-07-05 19:30:00,NY,0,0.5863162347322246,0.5554711246200612
2024-07-05 19:45:00,NY,1,0.4386838788997583,0.5365853658536585
2024-07-05 20:00:00,NY,0,0.4836775536130711,0.5365853658536585
2024-07-07 22:00:00,Other,0,0.3399095320973176,0.49413298565840924
2024-07-07 22:15:00,Other,0,0.5134365971761826,0.5365853658536585
2024-07-07 22:30:00,Other,0,0.6271848417806087,0.5554711246200612
2024-07-07 22:45:00,Other,1,0.5895868057847032,0.5554711246200612
2024-07-07 23:00:00,Other,0,0.6793882603050859,0.5573770491803278
2024-07-07 23:30:00,Other,0,0.5368967914478208,0.5365853658536585
2024-07-07 23:45:00,Other,0,0.5548896863940139,0.5554711246200612
2024-07-08 00:00:00,Other,1,0.3800790243755561,0.49413298565840924
2024-07-08 00:30:00,Other,0,0.4130944944316941,0.49413298565840924
2024-07-08 00:45:00,Other,1,0.3007990624793679,0.49413298565840924
2024-07-08 14:15:00,London,0,0.6577498278191938,0.5554711246200612
2024-07-08 15:15:00,London,0,0.6025628310388494,0.5554711246200612
2024-07-08 15:30:00,London,0,0.6023491558959075,0.5554711246200612
2024-07-08 20:00:00,NY,1,0.5586331797714336,0.5554711246200612
2024-07-08 20:30:00,NY,1,0.5937019024065042,0.5554711246200612
2024-07-08 20:45:00,NY,1,0.548723571746855,0.5554711246200612
2024-07-08 22:30:00,Other,1,0.6529396793926286,0.5554711246200612
2024-07-08 22:45:00,Other,1,0.6484135403778972,0.5554711246200612
2024-07-08 23:00:00,Other,1,0.5243145989161428,0.5365853658536585
2024-07-08 23:30:00,Other,1,0.5930276123539738,0.5554711246200612
2024-07-08 23:45:00,Other,1,0.6093065651939175,0.5554711246200612
2024-07-09 00:00:00,Other,0,0.3547818942062539,0.49413298565840924
2024-07-09 00:15:00,Other,1,0.3921748776589628,0.49413298565840924
2024-07-09 00:45:00,Other,1,0.4947329790801479,0.5365853658536585
2024-07-09 01:00:00,Other,0,0.539466398782037,0.5365853658536585
2024-07-09 01:15:00,Other,1,0.5686237913071017,0.5554711246200612
2024-07-09 01:45:00,Other,1,0.4419872091371739,0.5365853658536585
2024-07-09 02:30:00,Other,1,0.3871552131613597,0.49413298565840924
2024-07-09 02:45:00,Other,1,0.3368362876919697,0.49413298565840924
2024-07-09 04:30:00,Other,0,0.3206038258272677,0.49413298565840924
2024-07-09 05:15:00,Other,0,0.3822510221275862,0.49413298565840924
2024-07-09 06:00:00,Other,0,0.4108299979545088,0.49413298565840924
2024-07-09 06:15:00,Other,0,0.4346458101314774,0.5365853658536585
2024-07-09 06:30:00,Other,0,0.3477878216841173,0.49413298565840924
2024-07-09 07:15:00,London,0,0.3656465564078054,0.49413298565840924
2024-07-09 07:45:00,London,1,0.3210231576642747,0.49413298565840924
2024-07-09 08:00:00,London,1,0.3245077142558011,0.49413298565840924
2024-07-09 14:30:00,London,0,0.4701757430007934,0.5365853658536585
2024-07-09 14:45:00,London,1,0.7219239069522614,0.6214689265536721
2024-07-09 19:30:00,NY,1,0.5099743312071507,0.5365853658536585
2024-07-09 20:00:00,NY,1,0.6681192229826449,0.5554711246200612
2024-07-09 20:15:00,NY,1,0.6274384256226041,0.5554711246200612
2024-07-09 20:30:00,NY,1,0.6264091198958287,0.5554711246200612
2024-07-09 22:45:00,Other,1,0.738536808453949,0.6214689265536721
2024-07-09 23:00:00,Other,1,0.6978969752754571,0.6214689265536721
2024-07-09 23:15:00,Other,1,0.7823427783883259,0.6214689265536721
2024-07-10 00:15:00,Other,0,0.6818834925316496,0.6041666666666666
2024-07-10 00:30:00,Other,1,0.6818834925316496,0.6041666666666666
2024-07-10 00:45:00,Other,1,0.6848610526178094,0.6111111111111112
2024-07-10 01:45:00,Other,0,0.4212397932517181,0.49413298565840924
2024-07-10 02:00:00,Other,1,0.4674647347454518,0.5365853658536585
2024-07-10 03:00:00,Other,1,0.42793486746208,0.49413298565840924
2024-07-10 03:30:00,Other,1,0.3998327659272199,0.49413298565840924
2024-07-10 05:00:00,Other,1,0.345038601762581,0.49413298565840924
2024-07-10 05:45:00,Other,1,0.3762683335967346,0.49413298565840924
2024-07-10 06:30:00,Other,1,0.3528662676759542,0.49413298565840924
2024-07-10 06:45:00,Other,1,0.4471277223666217,0.5365853658536585
2024-07-10 07:15:00,London,0,0.391472457095661,0.49413298565840924
2024-07-10 07:45:00,London,1,0.3868714183890728,0.49413298565840924
2024-07-10 08:30:00,London,0,0.3297797479864054,0.49413298565840924
2024-07-10 09:00:00,London,1,0.3815029837321826,0.49413298565840924
2024-07-10 09:30:00,London,0,0.3827181616912771,0.49413298565840924
2024-07-10 09:45:00,London,1,0.3943535261514425,0.49413298565840924
2024-07-10 10:15:00,London,0,0.4813919820834855,0.5365853658536585
2024-07-10 10:45:00,London,1,0.441535147355647,0.5365853658536585
2024-07-10 11:00:00,London,1,0.567910677521104,0.5554711246200612
2024-07-10 11:15:00,London,1,0.4493649801603019,0.5365853658536585
2024-07-10 11:30:00,London,1,0.6294935958675498,0.5554711246200612
2024-07-10 11:45:00,London,1,0.5378566162645417,0.5365853658536585
2024-07-10 12:00:00,London,1,0.4718485211126058,0.5365853658536585
2024-07-10 12:45:00,London,1,0.6953897383946753,0.6214689265536721
2024-07-10 13:15:00,London,1,0.5797645578155843,0.5554711246200612
2024-07-10 14:15:00,London,0,0.842199623281689,0.7101449275362319
2024-07-11 06:15:00,Other,1,0.3059137511878598,0.49413298565840924
2024-07-11 07:00:00,London,1,0.2669983856974828,0.4878048780487805
2024-07-11 07:15:00,London,0,0.3170631177242339,0.49413298565840924
2024-07-11 07:30:00,London,1,0.5275983406495752,0.5365853658536585
2024-07-11 07:45:00,London,1,0.3023025169517944,0.49413298565840924
2024-07-11 08:00:00,London,0,0.255929091772669,0.4583333333333333
2024-07-11 08:15:00,London,1,0.3264433036616688,0.49413298565840924
2024-07-11 08:30:00,London,0,0.3275443465699269,0.49413298565840924
2024-07-11 08:45:00,London,1,0.3216143106747769,0.49413298565840924
2024-07-11 09:15:00,London,1,0.3122301389247969,0.49413298565840924
2024-07-11 09:30:00,London,0,0.3039844640271144,0.49413298565840924
2024-07-11 10:15:00,London,0,0.3842283774498551,0.49413298565840924
2024-07-11 10:45:00,London,0,0.3970945781153855,0.49413298565840924
2024-07-11 11:00:00,London,0,0.4130009406566521,0.49413298565840924
2024-07-11 11:45:00,London,1,0.4560466893337155,0.5365853658536585
2024-07-11 13:30:00,London,1,0.7240239548142979,0.6214689265536721
2024-07-11 13:45:00,London,1,0.917212216539103,0.8
2024-07-11 14:00:00,London,0,0.8375531323855491,0.7101449275362319
2024-07-11 14:30:00,London,1,0.8387145206535332,0.7101449275362319
2024-07-11 14:45:00,London,1,0.8251929816455404,0.7101449275362319
2024-07-11 15:00:00,London,0,0.8246152385651447,0.7101449275362319
2024-07-11 17:00:00,NY,1,0.6861441267812477,0.6111111111111112
2024-07-11 17:30:00,NY,0,0.754716407997853,0.6214689265536721
2024-07-11 17:45:00,NY,1,0.6083039985011338,0.5554711246200612
2024-07-11 18:00:00,NY,1,0.6419974081605794,0.5554711246200612
2024-07-11 18:30:00,NY,0,0.8634328193894812,0.7101449275362319
2024-07-11 20:00:00,NY,0,0.7289133250717219,0.6214689265536721
2024-07-11 20:15:00,NY,0,0.6461792612203473,0.5554711246200612
2024-07-11 20:30:00,NY,0,0.7277326817191112,0.6214689265536721
2024-07-11 20:45:00,NY,0,0.6753243138683143,0.5573770491803278
2024-07-11 22:30:00,Other,1,0.5772603398409619,0.5554711246200612
2024-07-11 23:00:00,Other,1,0.497507138371017,0.5365853658536585
2024-07-11 23:30:00,Other,0,0.6387193458716625,0.5554711246200612
2024-07-12 00:30:00,Other,0,0.37271900134315,0.49413298565840924
2024-07-12 00:45:00,Other,0,0.3906501022743618,0.49413298565840924
2024-07-12 01:45:00,Other,1,0.4578311188090177,0.5365853658536585
2024-07-12 18:00:00,NY,0,0.2842366075381634,0.49413298565840924
2024-07-12 18:15:00,NY,0,0.4920388600115607,0.5365853658536585
2024-07-12 18:45:00,NY,0,0.7557775905321963,0.6214689265536721
2024-07-12 19:00:00,NY,0,0.7409083472072316,0.6214689265536721
2024-07-12 20:45:00,NY,0,0.2049236964624589,0.4098360655737705
2024-07-14 22:15:00,Other,0,0.6599575611593247,0.5554711246200612
2024-07-14 22:30:00,Other,0,0.6615880707123803,0.5554711246200612
2024-07-14 22:45:00,Other,0,0.6072919017901331,0.5554711246200612
2024-07-14 23:00:00,Other,1,0.5979497406436519,0.5554711246200612
2024-07-15 00:00:00,Other,0,0.3881003451406961,0.49413298565840924
2024-07-15 00:15:00,Other,1,0.3697519240716635,0.49413298565840924
2024-07-15 00:30:00,Other,1,0.3827716255319563,0.49413298565840924
2024-07-15 05:45:00,Other,0,0.3911276249010177,0.49413298565840924
2024-07-15 06:00:00,Other,0,0.3616551821867931,0.49413298565840924
2024-07-15 06:15:00,Other,1,0.2837721489982792,0.49413298565840924
2024-07-15 06:30:00,Other,0,0.3160318185511341,0.49413298565840924
2024-07-15 06:45:00,Other,1,0.355918409577762,0.49413298565840924
2024-07-15 12:15:00,London,0,0.1712339730984954,0.3142857142857143
2024-07-15 12:45:00,London,0,0.4264510733492954,0.49413298565840924
2024-07-15 13:00:00,London,1,0.8655903655348073,0.7101449275362319
2024-07-15 13:30:00,London,1,0.6788099232456588,0.5573770491803278
2024-07-15 14:00:00,London,1,0.7322237065720181,0.6214689265536721
2024-07-15 14:15:00,London,1,0.7266672147476119,0.6214689265536721
2024-07-15 14:45:00,London,1,0.6843162216403119,0.6041666666666666
2024-07-15 15:30:00,London,0,0.7701045531267873,0.6214689265536721
2024-07-15 16:00:00,London,1,0.6797825985290086,0.5573770491803278
2024-07-15 16:15:00,London,0,0.5782261126239955,0.5554711246200612
2024-07-15 16:45:00,London,0,0.6402113256080427,0.5554711246200612
2024-07-15 19:30:00,NY,0,0.7259628033222143,0.6214689265536721
2024-07-15 19:45:00,NY,1,0.761363940607994,0.6214689265536721
2024-07-15 20:00:00,NY,0,0.4834218294132217,0.5365853658536585
2024-07-15 20:15:00,NY,1,0.5119561552766111,0.5365853658536585
2024-07-15 20:45:00,NY,0,0.5720737612476855,0.5554711246200612
2024-07-15 22:00:00,Other,1,0.5535851964187928,0.5554711246200612
2024-07-15 22:15:00,Other,1,0.5870901564434284,0.5554711246200612
2024-07-15 23:15:00,Other,0,0.6242062099797272,0.5554711246200612
2024-07-15 23:30:00,Other,0,0.6696889612263398,0.5554711246200612
2024-07-15 23:45:00,Other,0,0.6860709941029615,0.6111111111111112
2024-07-16 00:00:00,Other,0,0.4439630789548735,0.5365853658536585
2024-07-16 00:15:00,Other,0,0.4439630789548735,0.5365853658536585
2024-07-16 00:30:00,Other,1,0.4895225105653838,0.5365853658536585
2024-07-16 03:30:00,Other,0,0.3510404646407649,0.49413298565840924
2024-07-16 03:45:00,Other,0,0.3787573780174057,0.49413298565840924
2024-07-16 04:00:00,Other,0,0.5274634517081772,0.5365853658536585
2024-07-16 04:15:00,Other,1,0.5207082576803909,0.5365853658536585
2024-07-16 04:45:00,Other,1,0.3279563270960179,0.49413298565840924
2024-07-16 05:30:00,Other,0,0.3314976004091398,0.49413298565840924
2024-07-16 06:15:00,Other,1,0.3367159495137385,0.49413298565840924
2024-07-16 06:30:00,Other,1,0.3127961583390401,0.49413298565840924
2024-07-16 06:45:00,Other,1,0.3195559194747455,0.49413298565840924
2024-07-16 07:30:00,London,0,0.3931678657222306,0.49413298565840924
2024-07-16 08:15:00,London,1,0.3920111325962599,0.49413298565840924
2024-07-16 09:00:00,London,1,0.3849272672224165,0.49413298565840924
2024-07-16 09:30:00,London,0,0.6105162609591519,0.5554711246200612
2024-07-16 09:45:00,London,0,0.3598220704944707,0.49413298565840924
2024-07-16 10:15:00,London,1,0.4911182709240783,0.5365853658536585
2024-07-16 11:00:00,London,1,0.5210343213172643,0.5365853658536585
2024-07-16 11:15:00,London,0,0.4327892039172457,0.49413298565840924
2024-07-16 11:45:00,London,0,0.5272868612176943,0.5365853658536585
2024-07-16 13:00:00,London,1,0.7636488121847044,0.6214689265536721
2024-07-16 13:30:00,London,0,0.8095420127573661,0.7090909090909091
2024-07-16 14:00:00,London,1,0.620662942757283,0.5554711246200612
2024-07-16 14:15:00,London,1,0.7999070872403589,0.7090909090909091
2024-07-16 14:30:00,London,1,0.803943946997785,0.7090909090909091
2024-07-16 14:45:00,London,1,0.803943946997785,0.7090909090909091
2024-07-16 15:00:00,London,1,0.8078944168029097,0.7090909090909091
2024-07-16 15:15:00,London,1,0.8405903278784931,0.7101449275362319
2024-07-16 15:30:00,London,0,0.8174442343891803,0.7101449275362319
2024-07-16 16:15:00,London,0,0.6790326187426515,0.5573770491803278
2024-07-16 17:00:00,NY,1,0.6821658448980717,0.6041666666666666
2024-07-16 17:15:00,NY,1,0.6544168145921774,0.5554711246200612
2024-07-16 17:30:00,NY,1,0.6445800413110218,0.5554711246200612
2024-07-16 19:45:00,NY,0,0.6174590535721237,0.5554711246200612
2024-07-16 20:15:00,NY,1,0.5987209604520916,0.5554711246200612
2024-07-16 20:30:00,NY,0,0.2666757791502641,0.4878048780487805
2024-07-16 22:00:00,Other,1,0.6884772108131958,0.6214689265536721
2024-07-16 22:45:00,Other,0,0.7199879054069983,0.6214689265536721
2024-07-16 23:00:00,Other,0,0.5692709818567118,0.5554711246200612
2024-07-17 00:00:00,Other,1,0.5026621149104146,0.5365853658536585
2024-07-17 03:00:00,Other,0,0.4190939808764888,0.49413298565840924
2024-07-17 03:15:00,Other,1,0.749021909934035,0.6214689265536721
2024-07-17 14:30:00,London,0,0.7517764794193001,0.6214689265536721
2024-07-18 00:00:00,Other,1,0.5647507581204851,0.5554711246200612
2024-07-18 01:45:00,Other,0,0.4305127284633841,0.49413298565840924
2024-07-18 02:00:00,Other,0,0.3690726086551995,0.49413298565840924
2024-07-18 02:15:00,Other,1,0.3927906199428469,0.49413298565840924
2024-07-18 02:45:00,Other,1,0.4528167854154055,0.5365853658536585
2024-07-18 03:00:00,Other,0,0.4128697585587044,0.49413298565840924
2024-07-18 03:45:00,Other,0,0.4735366950814533,0.5365853658536585
2024-07-18 04:00:00,Other,1,0.4234838325616365,0.49413298565840924
2024-07-18 04:15:00,Other,0,0.3910031733496321,0.49413298565840924
2024-07-18 04:30:00,Other,0,0.3263664977236118,0.49413298565840924
2024-07-18 04:45:00,Other,1,0.3122637018617694,0.49413298565840924
2024-07-18 05:45:00,Other,1,0.3267019777994615,0.49413298565840924
2024-07-18 06:45:00,Other,1,0.3234151354206904,0.49413298565840924
2024-07-18 07:15:00,London,0,0.3595722784452126,0.49413298565840924
2024-07-18 07:45:00,London,0,0.3735892794577855,0.49413298565840924
2024-07-18 08:45:00,London,0,0.4444757489600547,0.5365853658536585
2024-07-18 10:00:00,London,1,0.4101730095349958,0.49413298565840924
2024-07-18 15:30:00,London,0,0.4891044278300236,0.5365853658536585
2024-07-18 16:15:00,London,0,0.4243349422952518,0.49413298565840924
2024-07-18 16:30:00,London,1,0.5069087215720833,0.5365853658536585
2024-07-18 16:45:00,London,0,0.5069087215720833,0.5365853658536585
2024-07-22 00:15:00,Other,0,0.2338558195454425,0.4098360655737705
2024-07-22 01:00:00,Other,1,0.1883115214258144,0.4098360655737705
2024-07-22 01:15:00,Other,0,0.2227268492779832,0.4098360655737705
2024-07-22 02:30:00,Other,1,0.3244193977040971,0.49413298565840924
2024-07-22 02:45:00,Other,1,0.2396477866790906,0.42105263157894735
2024-07-22 03:15:00,Other,0,0.3900125231346649,0.49413298565840924
2024-07-22 04:00:00,Other,0,0.3656188069399154,0.49413298565840924
2024-07-22 04:15:00,Other,0,0.37392411166724,0.49413298565840924
2024-07-22 05:15:00,Other,1,0.3324329739336115,0.49413298565840924
2024-07-22 05:30:00,Other,0,0.2363238400066009,0.4166666666666667
2024-07-22 11:30:00,London,0,0.3222852399910625,0.49413298565840924
2024-07-22 11:45:00,London,0,0.3651468006161899,0.49413298565840924
2024-07-22 12:00:00,London,1,0.3854390248050028,0.49413298565840924
2024-07-22 22:00:00,Other,0,0.3237148495345516,0.49413298565840924
2024-07-22 23:00:00,Other,1,0.6049834297339913,0.5554711246200612
2024-07-23 00:00:00,Other,1,0.4999839852956469,0.5365853658536585
2024-07-23 00:15:00,Other,1,0.4984576028348929,0.5365853658536585
2024-07-23 00:30:00,Other,1,0.4806761374083481,0.5365853658536585
2024-07-23 00:45:00,Other,1,0.5899158489586518,0.5554711246200612
2024-07-23 01:15:00,Other,0,0.4046129668907994,0.49413298565840924
2024-07-23 03:30:00,Other,0,0.3992234587883243,0.49413298565840924
2024-07-23 03:45:00,Other,1,0.3580900284498466,0.49413298565840924
2024-07-23 04:00:00,Other,1,0.3472670925805533,0.49413298565840924
2024-07-23 04:15:00,Other,0,0.3254231129884262,0.49413298565840924
2024-07-23 04:45:00,Other,0,0.3366147867783767,0.49413298565840924
2024-07-23 05:00:00,Other,0,0.3822510221275862,0.49413298565840924
2024-07-23 05:15:00,Other,1,0.3353037774150184,0.49413298565840924
2024-07-23 05:30:00,Other,0,0.3008601416801711,0.49413298565840924
2024-07-23 06:15:00,Other,1,0.2823101935359051,0.49413298565840924
2024-07-23 12:00:00,London,0,0.4812166862774445,0.5365853658536585
2024-07-23 12:15:00,London,1,0.5290348095340911,0.5365853658536585
2024-07-23 12:45:00,London,1,0.7720770311704588,0.6214689265536721
2024-07-23 13:00:00,London,0,0.760084217205945,0.6214689265536721
2024-07-23 13:15:00,London,0,0.7097030389608499,0.6214689265536721
2024-07-23 14:15:00,London,1,0.7790309027844423,0.6214689265536721
2024-07-23 14:30:00,London,0,0.8446776628259368,0.7101449275362319
2024-07-23 14:45:00,London,1,0.7250385408982886,0.6214689265536721
2024-07-23 15:15:00,London,1,0.7291430372361201,0.6214689265536721
2024-07-23 15:30:00,London,0,0.7212042964375943,0.6214689265536721
2024-07-23 16:15:00,London,1,0.7144426448709403,0.6214689265536721
2024-07-23 16:30:00,London,0,0.7618379762021115,0.6214689265536721
2024-07-23 17:00:00,NY,0,0.5008018802457728,0.5365853658536585
2024-07-23 22:15:00,Other,1,0.5437698932517838,0.5365853658536585
2024-07-23 22:45:00,Other,0,0.6199098272980174,0.5554711246200612
2024-07-23 23:15:00,Other,1,0.6020267652943497,0.5554711246200612
2024-07-24 00:00:00,Other,0,0.5585678831712794,0.5554711246200612
2024-07-24 00:15:00,Other,0,0.5274216419345171,0.5365853658536585
2024-07-24 03:30:00,Other,1,0.761708236969601,0.6214689265536721
2024-07-24 03:45:00,Other,0,0.7470701357735593,0.6214689265536721
2024-07-24 04:00:00,Other,0,0.7085533839847368,0.6214689265536721
2024-07-24 04:15:00,Other,0,0.7085533839847368,0.6214689265536721
2024-07-24 05:45:00,Other,1,0.3533221224373668,0.49413298565840924
2024-07-24 06:45:00,Other,0,0.3755123221211225,0.49413298565840924
2024-07-24 07:00:00,London,0,0.425819624878246,0.49413298565840924
2024-07-24 07:30:00,London,1,0.3958709763112386,0.49413298565840924
2024-07-24 07:45:00,London,0,0.5335629604380182,0.5365853658536585
2024-07-24 08:00:00,London,1,0.4146858763814844,0.49413298565840924
2024-07-24 08:15:00,London,0,0.3612895047997794,0.49413298565840924
2024-07-24 15:00:00,London,1,0.7602329944531536,0.6214689265536721
2024-07-24 15:30:00,London,1,0.7061964883613209,0.6214689265536721
2024-07-24 15:45:00,London,0,0.678834488984957,0.5573770491803278
2024-07-24 16:00:00,London,1,0.6875528910634098,0.6214689265536721
2024-07-24 16:15:00,London,0,0.6814251763940932,0.6041666666666666
2024-07-24 17:15:00,NY,0,0.7160695322225793,0.6214689265536721
2024-07-24 17:30:00,NY,0,0.694387020453311,0.6214689265536721
2024-07-24 17:45:00,NY,0,0.7853411567203546,0.6214689265536721
2024-07-24 18:00:00,NY,0,0.7853411567203546,0.6214689265536721
2024-07-25 06:15:00,Other,1,0.5726082093315329,0.5554711246200612
2024-07-25 06:30:00,Other,1,0.5223732569006548,0.5365853658536585
2024-07-25 06:45:00,Other,1,0.5184161104871732,0.5365853658536585
2024-07-25 09:15:00,London,1,0.6585826092896249,0.5554711246200612
2024-07-25 10:00:00,London,1,0.5841874895540835,0.5554711246200612
2024-07-25 11:00:00,London,0,0.6377846031357849,0.5554711246200612
2024-07-25 11:30:00,London,1,0.6385048147796097,0.5554711246200612
2024-07-26 03:00:00,Other,1,0.6882934866573391,0.6214689265536721
2024-07-26 03:15:00,Other,0,0.7008698740276009,0.6214689265536721
2024-07-26 03:30:00,Other,0,0.3351522764817445,0.49413298565840924
2024-07-26 04:15:00,Other,0,0.5974532665053363,0.5554711246200612
2024-07-26 05:15:00,Other,1,0.7167766753046558,0.6214689265536721
2024-07-26 06:00:00,Other,0,0.795633386362597,0.6214689265536721
2024-07-26 06:15:00,Other,1,0.8457851066342196,0.7101449275362319
2024-07-26 06:30:00,Other,1,0.7091805982697177,0.6214689265536721
2024-07-26 07:15:00,London,0,0.4404624268566943,0.5365853658536585
2024-07-26 07:30:00,London,1,0.5060771348365113,0.5365853658536585
2024-07-26 08:00:00,London,1,0.6886003921147447,0.6214689265536721
2024-07-26 08:15:00,London,1,0.7664362550969388,0.6214689265536721
2024-07-26 08:30:00,London,1,0.7741166396792771,0.6214689265536721
2024-07-26 09:15:00,London,0,0.6796049545416515,0.5573770491803278
2024-07-26 09:45:00,London,1,0.3693418592257038,0.49413298565840924
2024-07-26 10:15:00,London,1,0.3867524241776322,0.49413298565840924
2024-07-26 11:30:00,London,1,0.440807350598436,0.5365853658536585
2024-07-26 11:45:00,London,1,0.4792595391491953,0.5365853658536585
2024-07-26 12:45:00,London,1,0.5918685009276743,0.5554711246200612
2024-07-26 13:00:00,London,1,0.8182905541572268,0.7101449275362319
2024-07-26 13:30:00,London,1,0.7761343650319759,0.6214689265536721
2024-07-26 16:00:00,London,1,0.8524798702742032,0.7101449275362319
2024-07-26 16:15:00,London,1,0.6451642895811547,0.5554711246200612
2024-07-26 16:30:00,London,0,0.636493514798619,0.5554711246200612
2024-07-26 17:00:00,NY,0,0.3477664052801,0.49413298565840924
2024-07-26 17:30:00,NY,1,0.679916747096401,0.5573770491803278
2024-07-26 17:45:00,NY,1,0.7084273868492031,0.6214689265536721
2024-07-26 19:00:00,NY,1,0.6329501243447582,0.5554711246200612
2024-07-26 20:00:00,NY,1,0.7401391960502283,0.6214689265536721
2024-07-26 20:15:00,NY,1,0.6586716075222963,0.5554711246200612
2024-07-26 20:30:00,NY,1,0.4918416595522528,0.5365853658536585
2024-07-26 20:45:00,NY,1,0.4707962789700146,0.5365853658536585
2024-07-28 22:00:00,Other,0,0.6943020788326988,0.6214689265536721
2024-07-28 23:15:00,Other,1,0.7886764678423325,0.6214689265536721
2024-07-29 00:00:00,Other,1,0.4782315908093955,0.5365853658536585
2024-07-29 00:30:00,Other,0,0.4967073706182401,0.5365853658536585
2024-07-29 01:45:00,Other,1,0.6423170725236852,0.5554711246200612
2024-07-29 02:00:00,Other,0,0.5786578861561872,0.5554711246200612
2024-07-29 02:15:00,Other,1,0.6973059203460461,0.6214689265536721
2024-07-29 03:00:00,Other,0,0.6495114927116744,0.5554711246200612
2024-07-29 03:30:00,Other,1,0.660344175251859,0.5554711246200612
2024-07-29 03:45:00,Other,0,0.6778485451583806,0.5573770491803278
2024-07-29 04:15:00,Other,0,0.447093669497403,0.5365853658536585
2024-07-29 04:30:00,Other,0,0.4258301848344346,0.49413298565840924
2024-07-29 06:15:00,Other,1,0.4972711168570775,0.5365853658536585
2024-07-29 06:45:00,Other,0,0.3179656111108598,0.49413298565840924
2024-07-29 07:15:00,London,1,0.2875560991675057,0.49413298565840924
2024-07-29 07:30:00,London,0,0.3676159965352708,0.49413298565840924
2024-07-29 08:00:00,London,1,0.4435161161648298,0.5365853658536585
2024-07-29 08:15:00,London,1,0.6397636906770224,0.5554711246200612
2024-07-29 13:30:00,London,1,0.617955531794393,0.5554711246200612
2024-07-29 13:45:00,London,1,0.6132420474302338,0.5554711246200612
2024-07-29 14:00:00,London,1,0.6633483239787344,0.5554711246200612
2024-07-29 14:15:00,London,0,0.6111769776376286,0.5554711246200612
2024-07-29 14:30:00,London,0,0.665415659945178,0.5554711246200612
2024-07-29 22:00:00,Other,0,0.5401871289529788,0.5365853658536585
2024-07-29 23:15:00,Other,0,0.5441145162507548,0.5365853658536585
2024-07-30 00:30:00,Other,0,0.4939656123403088,0.5365853658536585
2024-07-30 01:00:00,Other,1,0.3238610650447968,0.49413298565840924
2024-07-30 01:15:00,Other,1,0.3238610650447968,0.49413298565840924
2024-07-30 07:30:00,London,1,0.3341286767343349,0.49413298565840924
2024-07-30 08:30:00,London,0,0.3501897980362811,0.49413298565840924
2024-07-30 09:15:00,London,1,0.2976217022450171,0.49413298565840924
2024-07-30 11:00:00,London,0,0.5312559960846112,0.5365853658536585
2024-07-30 11:45:00,London,0,0.3783612629884473,0.49413298565840924
2024-07-30 12:00:00,London,1,0.4337753402362237,0.5365853658536585
2024-07-30 13:45:00,London,0,0.5831778916659126,0.5554711246200612
2024-07-30 14:30:00,London,0,0.6834502857574438,0.6041666666666666
2024-07-30 15:15:00,London,1,0.7334276753622313,0.6214689265536721
2024-07-30 18:00:00,NY,1,0.6440099561665764,0.5554711246200612
2024-07-30 18:15:00,NY,0,0.6819148885819102,0.6041666666666666
2024-07-30 19:00:00,NY,1,0.6418244973565069,0.5554711246200612
2024-07-30 19:15:00,NY,0,0.6694248410654952,0.5554711246200612
2024-07-30 19:45:00,NY,1,0.7749970308193136,0.6214689265536721
2024-07-30 20:00:00,NY,1,0.774026115400581,0.6214689265536721
2024-07-30 20:30:00,NY,1,0.784305127986124,0.6214689265536721
2024-07-30 20:45:00,NY,0,0.6102104261390338,0.5554711246200612
2024-07-30 22:15:00,Other,0,0.4528249872829419,0.5365853658536585
2024-07-30 22:45:00,Other,0,0.7305486833764443,0.6214689265536721
2024-07-30 23:45:00,Other,0,0.6929629276629421,0.6214689265536721
2024-07-31 00:00:00,Other,1,0.5868616063854589,0.5554711246200612
2024-07-31 00:15:00,Other,1,0.4983051427625163,0.5365853658536585
2024-07-31 00:45:00,Other,0,0.670440181364613,0.5554711246200612
2024-07-31 02:00:00,Other,1,0.4610690518934587,0.5365853658536585
2024-07-31 02:15:00,Other,1,0.4635974220729553,0.5365853658536585
2024-07-31 03:00:00,Other,1,0.7753115225526248,0.6214689265536721
2024-07-31 03:15:00,Other,1,0.7495981754788617,0.6214689265536721
2024-07-31 04:30:00,Other,1,0.6893460146542754,0.6214689265536721
2024-07-31 04:45:00,Other,0,0.6825105207388544,0.6041666666666666
2024-07-31 05:00:00,Other,1,0.6672059629105423,0.5554711246200612
2024-07-31 05:15:00,Other,1,0.6672059629105423,0.5554711246200612
2024-07-31 05:30:00,Other,1,0.3918493115343032,0.49413298565840924
2024-07-31 05:45:00,Other,1,0.6374603618931786,0.5554711246200612
2024-07-31 06:15:00,Other,0,0.7405782139724136,0.6214689265536721
2024-07-31 08:00:00,London,0,0.7538761094189449,0.6214689265536721
2024-07-31 08:15:00,London,1,0.5481910720169156,0.5554711246200612
2024-07-31 11:45:00,London,1,0.2067278833780768,0.4098360655737705
2024-07-31 14:30:00,London,0,0.7236650888969098,0.6214689265536721
2024-07-31 15:15:00,London,1,0.7009995454139263,0.6214689265536721
2024-07-31 15:30:00,London,1,0.9175724049303424,0.8
2024-07-31 15:45:00,London,1,0.7403030500381095,0.6214689265536721
2024-07-31 16:15:00,London,0,0.7171273153962817,0.6214689265536721
2024-07-31 16:30:00,London,1,0.6707708094009531,0.5573770491803278
2024-07-31 16:45:00,London,1,0.6980505267526315,0.6214689265536721
2024-07-31 17:00:00,NY,0,0.7494892520893901,0.6214689265536721
2024-07-31 17:30:00,NY,1,0.8050899800234367,0.7090909090909091
2024-07-31 18:00:00,NY,1,0.8051202510933382,0.7090909090909091
2024-07-31 18:30:00,NY,1,0.8173345532192715,0.7101449275362319
2024-07-31 18:45:00,NY,1,0.7931583972537775,0.6214689265536721
2024-07-31 19:00:00,NY,1,0.7452539665477254,0.6214689265536721
2024-07-31 19:30:00,NY,1,0.824088221334769,0.7101449275362319
2024-07-31 19:45:00,NY,0,0.7961134720611849,0.6214689265536721
2024-07-31 20:15:00,NY,1,0.7294210412364919,0.6214689265536721
2024-07-31 20:30:00,NY,0,0.7154447748663036,0.6214689265536721
2024-07-31 23:00:00,Other,0,0.791405323251706,0.6214689265536721
2024-08-01 14:15:00,London,1,0.890473282284155,0.7352941176470589
2024-08-01 15:00:00,London,1,0.6770731424469093,0.5573770491803278
2024-08-01 15:15:00,London,1,0.6861443296609616,0.6111111111111112
2024-08-01 15:30:00,London,1,0.729889398653673,0.6214689265536721
2024-08-01 22:15:00,Other,0,0.6591051453793693,0.5554711246200612
2024-08-01 22:30:00,Other,1,0.6536355236319622,0.5554711246200612
2024-08-01 23:30:00,Other,1,0.6143338569655429,0.5554711246200612
2024-08-01 23:45:00,Other,0,0.5945360203481611,0.5554711246200612
2024-08-02 00:00:00,Other,1,0.3620101053089847,0.49413298565840924
2024-08-02 01:00:00,Other,1,0.7027994241135211,0.6214689265536721
2024-08-02 03:45:00,Other,1,0.5335515659918638,0.5365853658536585
2024-08-02 04:00:00,Other,1,0.6275222365595198,0.5554711246200612
2024-08-02 04:15:00,Other,1,0.6323323607892857,0.5554711246200612
2024-08-02 04:30:00,Other,0,0.5947401112538631,0.5554711246200612
2024-08-02 04:45:00,Other,1,0.5665382143835404,0.5554711246200612
2024-08-02 05:45:00,Other,1,0.6828275726401162,0.6041666666666666
2024-08-02 06:30:00,Other,1,0.6213266846908615,0.5554711246200612
2024-08-02 06:45:00,Other,0,0.6383966654446963,0.5554711246200612
2024-08-02 07:30:00,London,1,0.5701006546059784,0.5554711246200612
2024-08-02 08:00:00,London,1,0.8436405530253327,0.7101449275362319
2024-08-02 08:30:00,London,0,0.649655532686135,0.5554711246200612
2024-08-02 09:30:00,London,1,0.7223599023007069,0.6214689265536721
2024-08-02 11:00:00,London,0,0.5186773180040759,0.5365853658536585
2024-08-02 11:15:00,London,0,0.5041884871220804,0.5365853658536585
2024-08-02 12:00:00,London,0,0.5769146708793949,0.5554711246200612
2024-08-02 12:15:00,London,1,0.6025369427945177,0.5554711246200612
2024-08-02 12:45:00,London,0,0.5853710968537529,0.5554711246200612
2024-08-04 22:30:00,Other,0,0.5499071041638661,0.5554711246200612
2024-08-04 22:45:00,Other,1,0.5891005131608879,0.5554711246200612
2024-08-04 23:30:00,Other,0,0.6540268214480419,0.5554711246200612
2024-08-05 00:00:00,Other,0,0.3418069074127631,0.49413298565840924
2024-08-05 06:15:00,Other,1,0.794688849173718,0.6214689265536721
2024-08-05 06:30:00,Other,0,0.387070664989729,0.49413298565840924
2024-08-05 07:00:00,London,1,0.6975663245919433,0.6214689265536721
2024-08-05 07:30:00,London,0,0.8648113176118957,0.7101449275362319
2024-08-05 08:45:00,London,1,0.6809009305489188,0.6041666666666666
2024-08-05 09:00:00,London,1,0.6578788097718303,0.5554711246200612
2024-08-05 09:15:00,London,1,0.7232492520382363,0.6214689265536721
2024-08-05 10:00:00,London,0,0.5634803032086027,0.5554711246200612
2024-08-05 10:15:00,London,1,0.7791459124107181,0.6214689265536721
2024-08-05 10:30:00,London,1,0.721901865662875,0.6214689265536721
2024-08-05 10:45:00,London,0,0.7947120326522629,0.6214689265536721
2024-08-05 11:15:00,London,0,0.7929321434644936,0.6214689265536721
2024-08-05 11:30:00,London,0,0.7861935734249584,0.6214689265536721
2024-08-05 11:45:00,London,0,0.7861935734249584,0.6214689265536721
2024-08-05 12:15:00,London,1,0.7871475001108381,0.6214689265536721
2024-08-05 20:15:00,NY,1,0.7652038056692185,0.6214689265536721
2024-08-05 20:30:00,NY,1,0.6311892239983756,0.5554711246200612
2024-08-05 22:00:00,Other,0,0.7387510163439294,0.6214689265536721
2024-08-05 22:45:00,Other,1,0.5002429652137775,0.5365853658536585
2024-08-05 23:15:00,Other,1,0.4597357154284289,0.5365853658536585
2024-08-06 01:15:00,Other,0,0.6552072712987503,0.5554711246200612
2024-08-06 02:30:00,Other,1,0.4161509557586054,0.49413298565840924
2024-08-06 03:30:00,Other,1,0.5413992925120352,0.5365853658536585
2024-08-06 03:45:00,Other,1,0.5869797808371895,0.5554711246200612
2024-08-06 04:30:00,Other,1,0.3093455103703908,0.49413298565840924
2024-08-06 04:45:00,Other,1,0.6531419222068885,0.5554711246200612
2024-08-06 05:00:00,Other,1,0.6140703972384539,0.5554711246200612
2024-08-06 05:15:00,Other,1,0.5567679256260728,0.5554711246200612
2024-08-06 05:30:00,Other,0,0.661017246505057,0.5554711246200612
2024-08-06 05:45:00,Other,1,0.5735039081166111,0.5554711246200612
2024-08-06 06:00:00,Other,1,0.6164378785844935,0.5554711246200612
2024-08-06 08:15:00,London,1,0.6478974897827418,0.5554711246200612
2024-08-06 09:15:00,London,1,0.6977368945926378,0.6214689265536721
2024-08-06 09:45:00,London,1,0.6760680669431134,0.5573770491803278
2024-08-06 10:30:00,London,0,0.6643168754857052,0.5554711246200612
2024-08-06 10:45:00,London,0,0.2744768150346094,0.4878048780487805
2024-08-06 11:15:00,London,1,0.711984604531693,0.6214689265536721
2024-08-06 11:30:00,London,0,0.7003550867902671,0.6214689265536721
2024-08-06 11:45:00,London,1,0.35734536628431,0.49413298565840924
2024-08-06 12:00:00,London,0,0.4695482033723478,0.5365853658536585
2024-08-06 12:15:00,London,0,0.7472900551235252,0.6214689265536721
2024-08-06 12:30:00,London,1,0.6924964882981445,0.6214689265536721
2024-08-06 12:45:00,London,1,0.6924964882981445,0.6214689265536721
2024-08-07 04:15:00,Other,1,0.6025163081613202,0.5554711246200612
2024-08-07 04:30:00,Other,1,0.5959690834235772,0.5554711246200612
2024-08-07 05:00:00,Other,0,0.66642878716728,0.5554711246200612
2024-08-07 05:15:00,Other,1,0.4015081479435827,0.49413298565840924
2024-08-07 05:30:00,Other,0,0.421926216818607,0.49413298565840924
2024-08-07 05:45:00,Other,1,0.4941546320855142,0.5365853658536585
2024-08-07 06:30:00,Other,0,0.7549110152003911,0.6214689265536721
2024-08-07 07:00:00,London,0,0.8134736193243642,0.7090909090909091
2024-08-07 13:00:00,London,1,0.8334340699772752,0.7101449275362319
2024-08-07 13:30:00,London,0,0.636611006981306,0.5554711246200612
2024-08-07 13:45:00,London,1,0.8793021758877235,0.7352941176470589
2024-08-07 14:00:00,London,1,0.6436210545888561,0.5554711246200612
2024-08-07 14:15:00,London,1,0.7244672491563978,0.6214689265536721
2024-08-07 14:30:00,London,1,0.666838473670108,0.5554711246200612
2024-08-07 14:45:00,London,1,0.6617119115236465,0.5554711246200612
2024-08-07 15:15:00,London,0,0.7419050029063806,0.6214689265536721
2024-08-07 15:30:00,London,1,0.7656366196041124,0.6214689265536721
2024-08-08 05:00:00,Other,1,0.3491171742649224,0.49413298565840924
2024-08-08 05:15:00,Other,0,0.33335925502996,0.49413298565840924
2024-08-08 06:00:00,Other,1,0.3234151354206904,0.49413298565840924
2024-08-08 06:45:00,Other,1,0.7254813677527012,0.6214689265536721
2024-08-08 07:00:00,London,1,0.6761308165713552,0.5573770491803278
2024-08-08 07:15:00,London,1,0.6674309525302355,0.5554711246200612
2024-08-08 07:30:00,London,1,0.695220465185446,0.6214689265536721
2024-08-08 08:00:00,London,1,0.4635864036009739,0.5365853658536585
2024-08-08 09:00:00,London,0,0.6859241371344286,0.6111111111111112
2024-08-08 09:30:00,London,1,0.6653891836910456,0.5554711246200612
2024-08-08 09:45:00,London,1,0.4178430917509265,0.49413298565840924
2024-08-08 10:00:00,London,1,0.3884020559724895,0.49413298565840924
2024-08-08 10:15:00,London,1,0.4360601974215153,0.5365853658536585
2024-08-08 10:30:00,London,1,0.4389473938566093,0.5365853658536585
2024-08-08 11:00:00,London,0,0.7571529150579084,0.6214689265536721
2024-08-08 11:30:00,London,1,0.7096269186621191,0.6214689265536721
2024-08-08 12:30:00,London,1,0.3467887023113373,0.49413298565840924
2024-08-08 13:30:00,London,0,0.8412633404193621,0.7101449275362319
2024-08-08 13:45:00,London,1,0.837761270269392,0.7101449275362319
2024-08-08 14:15:00,London,0,0.7901240992587356,0.6214689265536721
2024-08-08 15:15:00,London,1,0.7270188799649897,0.6214689265536721
2024-08-08 16:15:00,London,0,0.7188220019795523,0.6214689265536721
2024-08-08 16:30:00,London,1,0.6911839211210351,0.6214689265536721
2024-08-08 17:15:00,NY,1,0.7708673622417768,0.6214689265536721
2024-08-08 17:30:00,NY,1,0.6663684616622361,0.5554711246200612
2024-08-08 17:45:00,NY,1,0.6427838854470733,0.5554711246200612
2024-08-08 18:15:00,NY,0,0.6330524426217168,0.5554711246200612
2024-08-08 18:30:00,NY,0,0.6483177210441952,0.5554711246200612
2024-08-08 18:45:00,NY,0,0.6561734260899319,0.5554711246200612
2024-08-08 20:00:00,NY,1,0.5746475857125349,0.5554711246200612
2024-08-08 20:15:00,NY,0,0.6101498284178436,0.5554711246200612
2024-08-08 20:30:00,NY,1,0.5574122998166963,0.5554711246200612
2024-08-08 22:15:00,Other,0,0.5555677653387762,0.5554711246200612
2024-08-08 22:30:00,Other,0,0.5513377768873007,0.5554711246200612
2024-08-08 22:45:00,Other,0,0.6765279806528802,0.5573770491803278
2024-08-08 23:15:00,Other,1,0.5910143154854486,0.5554711246200612
2024-08-08 23:30:00,Other,1,0.6721581148670859,0.5573770491803278
2024-08-08 23:45:00,Other,0,0.6465988468590621,0.5554711246200612
2024-08-09 00:15:00,Other,1,0.407490919248102,0.49413298565840924
2024-08-09 00:45:00,Other,0,0.3992053067902893,0.49413298565840924
2024-08-09 02:15:00,Other,0,0.53344964023566,0.5365853658536585
2024-08-09 02:45:00,Other,0,0.5523830107424585,0.5554711246200612
2024-08-09 03:00:00,Other,1,0.5394221823602603,0.5365853658536585
2024-08-09 08:00:00,London,0,0.4621257364644908,0.5365853658536585
2024-08-09 08:15:00,London,1,0.4060478842973167,0.49413298565840924
2024-08-09 09:45:00,London,1,0.3753605333909636,0.49413298565840924
2024-08-09 10:00:00,London,1,0.3867524241776322,0.49413298565840924
2024-08-09 10:15:00,London,1,0.3867524241776322,0.49413298565840924
2024-08-09 10:30:00,London,1,0.4727120359653446,0.5365853658536585
2024-08-09 10:45:00,London,0,0.4303509658074471,0.49413298565840924
2024-08-09 11:45:00,London,1,0.5602171386562074,0.5554711246200612
2024-08-09 12:00:00,London,1,0.5443076160660739,0.5365853658536585
2024-08-09 12:45:00,London,0,0.6025369427945177,0.5554711246200612
2024-08-09 15:00:00,London,1,0.5635487709138668,0.5554711246200612
2024-08-09 15:15:00,London,1,0.6105941351922214,0.5554711246200612
2024-08-09 15:45:00,London,1,0.5957708569957012,0.5554711246200612
2024-08-09 16:00:00,London,1,0.5656471578207477,0.5554711246200612
2024-08-09 16:15:00,London,1,0.5030448979610703,0.5365853658536585
2024-08-09 16:30:00,London,1,0.6108131990818539,0.5554711246200612
2024-08-09 16:45:00,London,0,0.6108131990818539,0.5554711246200612
2024-08-09 17:30:00,NY,0,0.332065669494562,0.49413298565840924
2024-08-09 18:15:00,NY,1,0.568937821195323,0.5554711246200612
2024-08-09 18:30:00,NY,0,0.5421886264923952,0.5365853658536585
2024-08-09 19:15:00,NY,1,0.4566489642363824,0.5365853658536585
2024-08-09 19:30:00,NY,1,0.561838650838326,0.5554711246200612
2024-08-09 19:45:00,NY,1,0.5857550034888435,0.5554711246200612
2024-08-09 20:15:00,NY,1,0.5587785938334304,0.5554711246200612
2024-08-11 22:15:00,Other,0,0.9010502528107732,0.8
2024-08-11 22:30:00,Other,0,0.6493952150572389,0.5554711246200612
2024-08-11 22:45:00,Other,0,0.6660309491120315,0.5554711246200612
2024-08-12 00:30:00,Other,0,0.2366364005356906,0.4166666666666667
2024-08-12 01:45:00,Other,1,0.3011218715388059,0.49413298565840924
2024-08-12 09:45:00,London,1,0.3395271687467635,0.49413298565840924
2024-08-12 10:45:00,London,0,0.4075174488385592,0.49413298565840924
2024-08-12 11:00:00,London,0,0.4880248944351708,0.5365853658536585
2024-08-12 11:15:00,London,0,0.4693991171911766,0.5365853658536585
2024-08-12 11:30:00,London,1,0.7160603011434769,0.6214689265536721
2024-08-12 11:45:00,London,1,0.428076342957177,0.49413298565840924
2024-08-12 12:00:00,London,1,0.476953171223988,0.5365853658536585
2024-08-12 12:30:00,London,0,0.36470715463212,0.49413298565840924
2024-08-12 12:45:00,London,0,0.4463193983321097,0.5365853658536585
2024-08-12 13:00:00,London,1,0.4476762536337216,0.5365853658536585
2024-08-12 13:15:00,London,1,0.4933928808413756,0.5365853658536585
2024-08-12 13:30:00,London,1,0.5315565979920418,0.5365853658536585
2024-08-12 14:00:00,London,1,0.2854944423844028,0.49413298565840924
2024-08-12 14:30:00,London,1,0.963109149390864,0.8333333333333334
2024-08-12 14:45:00,London,1,0.6445949584816573,0.5554711246200612
2024-08-12 15:00:00,London,1,0.6690467324285753,0.5554711246200612
2024-08-12 15:15:00,London,1,0.73541514835374,0.6214689265536721
2024-08-12 15:30:00,London,1,0.5880122351211164,0.5554711246200612
2024-08-12 16:15:00,London,0,0.6767657518388073,0.5573770491803278
2024-08-12 16:30:00,London,1,0.6750254928704548,0.5573770491803278
2024-08-12 16:45:00,London,1,0.7140937935380061,0.6214689265536721
2024-08-12 17:00:00,NY,0,0.6496950565333616,0.5554711246200612
2024-08-12 17:15:00,NY,1,0.7017688630346456,0.6214689265536721
2024-08-12 18:00:00,NY,1,0.9274290706282464,0.8
2024-08-12 19:00:00,NY,1,0.3456992507337201,0.49413298565840924
2024-08-12 19:15:00,NY,1,0.3266592037928422,0.49413298565840924
2024-08-12 20:00:00,NY,1,0.2749916823249306,0.49413298565840924
2024-08-12 20:45:00,NY,1,0.6326690615429108,0.5554711246200612
2024-08-12 22:30:00,Other,1,0.3616087643370763,0.49413298565840924
2024-08-12 23:00:00,Other,1,0.5234812721550608,0.5365853658536585
2024-08-12 23:15:00,Other,1,0.3132167165414627,0.49413298565840924
2024-08-12 23:45:00,Other,0,0.5276620875418192,0.5365853658536585
2024-08-13 00:30:00,Other,0,0.3654609266486846,0.49413298565840924
2024-08-13 08:00:00,London,1,0.4529481930874379,0.5365853658536585
2024-08-13 08:15:00,London,0,0.471104039817288,0.5365853658536585
2024-08-13 08:45:00,London,1,0.4064975871100301,0.49413298565840924
2024-08-13 10:30:00,London,1,0.3885790278653973,0.49413298565840924
2024-08-13 11:00:00,London,1,0.3695439451196364,0.49413298565840924
2024-08-13 11:30:00,London,1,0.4141488831953511,0.49413298565840924
2024-08-13 12:30:00,London,1,0.4345921818860567,0.5365853658536585
2024-08-13 14:00:00,London,0,0.7808316376237447,0.6214689265536721
2024-08-13 15:00:00,London,1,0.6170585653068817,0.5554711246200612
2024-08-13 15:15:00,London,1,0.818260757706267,0.7101449275362319
2024-08-13 15:45:00,London,1,0.6860989827071665,0.6111111111111112
2024-08-13 16:15:00,London,1,0.5791710796051175,0.5554711246200612
2024-08-13 16:30:00,London,1,0.6022819745208591,0.5554711246200612
2024-08-13 17:00:00,NY,0,0.7146231420799798,0.6214689265536721
2024-08-13 17:15:00,NY,0,0.3858565899378829,0.49413298565840924
2024-08-13 18:15:00,NY,0,0.6470603664386118,0.5554711246200612
2024-08-13 18:30:00,NY,1,0.4338719344807105,0.5365853658536585
2024-08-13 19:00:00,NY,0,0.5326480750286573,0.5365853658536585
2024-08-13 19:15:00,NY,0,0.5418339921792603,0.5365853658536585
2024-08-14 01:30:00,Other,0,0.4400588829658387,0.5365853658536585
2024-08-14 01:45:00,Other,0,0.3723131915743928,0.49413298565840924
2024-08-14 02:00:00,Other,1,0.4760237424698644,0.5365853658536585
2024-08-14 09:00:00,London,0,0.7122301255625421,0.6214689265536721
2024-08-14 10:00:00,London,0,0.5379887084136566,0.5365853658536585
2024-08-14 10:15:00,London,1,0.5400974647935642,0.5365853658536585
2024-08-14 10:30:00,London,1,0.5116317683869872,0.5365853658536585
2024-08-14 10:45:00,London,0,0.5557672583872925,0.5554711246200612
2024-08-14 11:15:00,London,1,0.4862997981023352,0.5365853658536585
2024-08-14 11:30:00,London,0,0.5903037463540145,0.5554711246200612
2024-08-14 12:00:00,London,1,0.6291185952590306,0.5554711246200612
2024-08-14 12:15:00,London,0,0.4695422782435577,0.5365853658536585
2024-08-14 13:00:00,London,0,0.7895090991240845,0.6214689265536721
2024-08-14 13:15:00,London,1,0.825937948460872,0.7101449275362319
2024-08-14 13:45:00,London,0,0.6779364809366604,0.5573770491803278
2024-08-14 14:45:00,London,0,0.7697221911090848,0.6214689265536721
2024-08-14 16:00:00,London,0,0.7497290121025686,0.6214689265536721
2024-08-14 23:15:00,Other,1,0.6688745076401175,0.5554711246200612
2024-08-14 23:30:00,Other,1,0.6626660733771076,0.5554711246200612
2024-08-15 00:30:00,Other,0,0.6347920474135357,0.5554711246200612
2024-08-15 01:00:00,Other,1,0.3838635098779522,0.49413298565840924
2024-08-15 01:15:00,Other,1,0.3603826526661601,0.49413298565840924
2024-08-15 02:00:00,Other,1,0.399972344466395,0.49413298565840924
2024-08-15 02:15:00,Other,1,0.398804638046709,0.49413298565840924
2024-08-15 02:45:00,Other,1,0.4029935852259806,0.49413298565840924
2024-08-15 03:00:00,Other,0,0.3686768295966807,0.49413298565840924
2024-08-15 03:15:00,Other,1,0.3638389386067457,0.49413298565840924
2024-08-15 03:30:00,Other,1,0.3626324365059116,0.49413298565840924
2024-08-15 03:45:00,Other,1,0.3477715720227984,0.49413298565840924
2024-08-15 04:15:00,Other,0,0.2817041430456553,0.49413298565840924
2024-08-15 05:00:00,Other,1,0.3501669317713271,0.49413298565840924
2024-08-15 06:00:00,Other,0,0.3080413237712839,0.49413298565840924
2024-08-15 06:30:00,Other,0,0.3399240625202315,0.49413298565840924
2024-08-15 07:15:00,London,0,0.309083116344974,0.49413298565840924
2024-08-15 08:00:00,London,0,0.3076105112103936,0.49413298565840924
2024-08-15 08:15:00,London,1,0.662998478884751,0.5554711246200612
2024-08-15 08:45:00,London,1,0.306513183083813,0.49413298565840924
2024-08-15 09:00:00,London,1,0.3028819435390891,0.49413298565840924
2024-08-15 09:15:00,London,1,0.3346591587192493,0.49413298565840924
2024-08-15 10:30:00,London,0,0.3560780168392487,0.49413298565840924
2024-08-15 10:45:00,London,1,0.3560780168392487,0.49413298565840924
2024-08-15 11:15:00,London,1,0.4353047679112048,0.5365853658536585
2024-08-15 11:45:00,London,1,0.3513721231245997,0.49413298565840924
2024-08-15 12:00:00,London,0,0.3375239729708475,0.49413298565840924
2024-08-15 12:45:00,London,1,0.7880473205500229,0.6214689265536721
2024-08-15 19:45:00,NY,1,0.6640327276667618,0.5554711246200612
2024-08-15 20:00:00,NY,0,0.5882151610318089,0.5554711246200612
2024-08-15 20:15:00,NY,1,0.4923697719146524,0.5365853658536585
2024-08-15 20:30:00,NY,0,0.4870027783769596,0.5365853658536585
2024-08-15 20:45:00,NY,0,0.4836452136905644,0.5365853658536585
2024-08-15 22:00:00,Other,0,0.5456993715325315,0.5365853658536585
2024-08-15 22:15:00,Other,1,0.5456993715325315,0.5365853658536585
2024-08-15 22:30:00,Other,1,0.6076472960229345,0.5554711246200612
2024-08-15 22:45:00,Other,1,0.6095989629034688,0.5554711246200612
2024-08-15 23:45:00,Other,1,0.5982308849294695,0.5554711246200612
2024-08-16 00:00:00,Other,1,0.8972598772876537,0.8
2024-08-16 00:15:00,Other,1,0.6595922104299161,0.5554711246200612
2024-08-16 00:30:00,Other,0,0.5384160195074128,0.5365853658536585
2024-08-16 02:00:00,Other,0,0.4194274946441987,0.49413298565840924
2024-08-16 02:15:00,Other,1,0.3669780412749405,0.49413298565840924
2024-08-16 02:30:00,Other,0,0.381544698886375,0.49413298565840924
2024-08-16 02:45:00,Other,0,0.4385733525831816,0.5365853658536585
2024-08-16 03:00:00,Other,1,0.3690367729520577,0.49413298565840924
2024-08-16 08:15:00,London,1,0.3923909802117928,0.49413298565840924
2024-08-16 08:30:00,London,1,0.4419567420044096,0.5365853658536585
2024-08-16 09:00:00,London,1,0.3928915449982163,0.49413298565840924
2024-08-16 10:00:00,London,1,0.429861649123482,0.49413298565840924
2024-08-16 10:30:00,London,0,0.5276037765615869,0.5365853658536585
2024-08-16 10:45:00,London,1,0.4846411889355088,0.5365853658536585
2024-08-16 11:15:00,London,1,0.4428214060955856,0.5365853658536585
2024-08-16 12:15:00,London,1,0.4752535652479103,0.5365853658536585
2024-08-16 12:45:00,London,1,0.7302117013388709,0.6214689265536721
2024-08-16 13:30:00,London,1,0.8298189359085713,0.7101449275362319
2024-08-16 14:00:00,London,0,0.3816152888655017,0.49413298565840924
2024-08-16 14:15:00,London,1,0.9162753891131468,0.8
2024-08-16 17:15:00,NY,0,0.5590393492040658,0.5554711246200612
2024-08-16 17:45:00,NY,0,0.5175181897529292,0.5365853658536585
2024-08-16 18:00:00,NY,1,0.5205408179390992,0.5365853658536585
2024-08-16 18:30:00,NY,0,0.6651757083254421,0.5554711246200612
2024-08-16 18:45:00,NY,1,0.6533956783351004,0.5554711246200612
2024-08-16 19:30:00,NY,1,0.7220400572379013,0.6214689265536721
2024-08-16 20:30:00,NY,1,0.7230133124574668,0.6214689265536721
2024-08-16 20:45:00,NY,0,0.6665016547233613,0.5554711246200612
2024-08-18 22:00:00,Other,0,0.4972689964235379,0.5365853658536585
2024-08-18 22:15:00,Other,1,0.877233095096517,0.7352941176470589
2024-08-18 22:30:00,Other,1,0.7886409477303471,0.6214689265536721
2024-08-18 22:45:00,Other,0,0.7854187493999657,0.6214689265536721
2024-08-18 23:00:00,Other,1,0.5942861353365672,0.5554711246200612
2024-08-18 23:30:00,Other,1,0.6335109594811642,0.5554711246200612
2024-08-19 00:00:00,Other,0,0.3295298072277275,0.49413298565840924
2024-08-19 00:15:00,Other,0,0.4388425227290132,0.5365853658536585
2024-08-19 00:30:00,Other,1,0.258590165939585,0.4583333333333333
2024-08-19 00:45:00,Other,0,0.258590165939585,0.4583333333333333
2024-08-19 09:00:00,London,0,0.3697533091697087,0.49413298565840924
2024-08-19 09:30:00,London,0,0.3689468423674102,0.49413298565840924
2024-08-19 09:45:00,London,0,0.3316546540161099,0.49413298565840924
2024-08-19 10:00:00,London,0,0.4461785617458181,0.5365853658536585
2024-08-19 10:15:00,London,0,0.3979915354975717,0.49413298565840924
2024-08-19 10:30:00,London,1,0.4179847352618765,0.49413298565840924
2024-08-19 10:45:00,London,1,0.4230636066154276,0.49413298565840924
2024-08-19 15:30:00,London,1,0.5800376868409926,0.5554711246200612
2024-08-19 15:45:00,London,1,0.6768827449438621,0.5573770491803278
2024-08-19 16:00:00,London,0,0.6574214672568918,0.5554711246200612
2024-08-19 16:15:00,London,1,0.6592084036509079,0.5554711246200612
2024-08-19 16:45:00,London,0,0.6429766220148646,0.5554711246200612
2024-08-19 17:00:00,NY,1,0.690869889114514,0.6214689265536721
2024-08-19 17:15:00,NY,1,0.7007005369284534,0.6214689265536721
2024-08-19 17:45:00,NY,1,0.7158701986491638,0.6214689265536721
2024-08-19 18:45:00,NY,0,0.5134613176137394,0.5365853658536585
2024-08-19 19:30:00,NY,0,0.6124725176816423,0.5554711246200612
2024-08-19 20:15:00,NY,0,0.5699116056386703,0.5554711246200612
2024-08-19 20:45:00,NY,0,0.5974165174655465,0.5554711246200612
2024-08-19 22:00:00,Other,0,0.5838626375386793,0.5554711246200612
2024-08-19 23:00:00,Other,1,0.5788346209040969,0.5554711246200612
2024-08-19 23:15:00,Other,1,0.573834860343909,0.5554711246200612
2024-08-20 00:30:00,Other,0,0.596971900248094,0.5554711246200612
2024-08-20 00:45:00,Other,1,0.5789694242958359,0.5554711246200612
2024-08-20 01:15:00,Other,0,0.3786601362379931,0.49413298565840924
2024-08-20 09:45:00,London,1,0.6336542844664654,0.5554711246200612
2024-08-20 10:00:00,London,1,0.6724177462264905,0.5573770491803278
2024-08-20 10:15:00,London,0,0.6724177462264905,0.5573770491803278
2024-08-20 10:30:00,London,1,0.6617355610508062,0.5554711246200612
2024-08-20 11:30:00,London,1,0.7637258434026689,0.6214689265536721
2024-08-20 12:00:00,London,1,0.5836670509459607,0.5554711246200612
2024-08-20 12:15:00,London,0,0.5876269183976184,0.5554711246200612
2024-08-20 13:00:00,London,1,0.8010439952850199,0.7090909090909091
2024-08-20 13:15:00,London,1,0.7863231598589446,0.6214689265536721
2024-08-20 14:00:00,London,0,0.7764512161498297,0.6214689265536721
2024-08-20 14:15:00,London,1,0.7928154995407213,0.6214689265536721
2024-08-20 14:30:00,London,0,0.6171075718354374,0.5554711246200612
2024-08-20 15:15:00,London,1,0.8405903278784931,0.7101449275362319
2024-08-20 15:30:00,London,0,0.808216094993843,0.7090909090909091
2024-08-20 15:45:00,London,1,0.7566667825233486,0.6214689265536721
2024-08-20 20:30:00,NY,0,0.4926970594359215,0.5365853658536585
2024-08-20 20:45:00,NY,1,0.393473956155997,0.49413298565840924
2024-08-20 22:15:00,Other,0,0.6389858311616624,0.5554711246200612
2024-08-20 22:30:00,Other,0,0.6019237667476427,0.5554711246200612
2024-08-20 22:45:00,Other,0,0.5437698932517838,0.5365853658536585
2024-08-20 23:00:00,Other,0,0.6787686457300349,0.5573770491803278
2024-08-20 23:45:00,Other,1,0.6897764348163781,0.6214689265536721
2024-08-21 00:00:00,Other,1,0.5241360059241056,0.5365853658536585
2024-08-21 00:15:00,Other,0,0.5241360059241056,0.5365853658536585
2024-08-21 00:45:00,Other,1,0.5365515162664312,0.5365853658536585
2024-08-21 01:00:00,Other,0,0.4257580179767268,0.49413298565840924
2024-08-21 01:15:00,Other,1,0.3642096353169057,0.49413298565840924
2024-08-21 02:45:00,Other,0,0.4546108947919183,0.5365853658536585
2024-08-21 03:00:00,Other,0,0.5760560087086306,0.5554711246200612
2024-08-21 03:15:00,Other,1,0.4304212875494793,0.49413298565840924
2024-08-21 03:45:00,Other,0,0.4956608308347882,0.5365853658536585
2024-08-21 04:00:00,Other,0,0.4928060488976785,0.5365853658536585
2024-08-21 04:30:00,Other,1,0.4425909339028832,0.5365853658536585
2024-08-21 05:00:00,Other,0,0.4172335751034395,0.49413298565840924
2024-08-21 05:15:00,Other,1,0.5203654497701896,0.5365853658536585
2024-08-21 05:45:00,Other,1,0.5959305139353315,0.5554711246200612
2024-08-21 18:45:00,NY,0,0.7494892520893901,0.6214689265536721
2024-08-21 19:00:00,NY,0,0.8151322448218058,0.7101449275362319
2024-08-21 19:15:00,NY,1,0.8109724425275479,0.7090909090909091
2024-08-21 19:30:00,NY,1,0.8348197446459337,0.7101449275362319
2024-08-21 19:45:00,NY,0,0.8265942072003879,0.7101449275362319
2024-08-21 20:00:00,NY,1,0.8314247814858639,0.7101449275362319
2024-08-21 20:45:00,NY,1,0.8427832003341391,0.7101449275362319
2024-08-21 22:45:00,Other,0,0.7693938501093212,0.6214689265536721
2024-08-21 23:00:00,Other,0,0.7651004552189019,0.6214689265536721
2024-08-21 23:30:00,Other,0,0.7431628678584226,0.6214689265536721
2024-08-22 00:00:00,Other,1,0.4792418490502158,0.5365853658536585
2024-08-22 00:15:00,Other,1,0.6732566725641156,0.5573770491803278
2024-08-22 00:30:00,Other,0,0.6662403439682903,0.5554711246200612
2024-08-22 01:00:00,Other,1,0.4458790715284084,0.5365853658536585
2024-08-22 01:15:00,Other,0,0.4334521936605315,0.49413298565840924
2024-08-22 01:45:00,Other,1,0.4496742799940431,0.5365853658536585
2024-08-22 02:00:00,Other,0,0.4245762458549965,0.49413298565840924
2024-08-22 02:15:00,Other,1,0.40561347441413,0.49413298565840924
2024-08-22 02:30:00,Other,1,0.3917908890705694,0.49413298565840924
2024-08-23 01:00:00,Other,0,0.6353512383558982,0.5554711246200612
2024-08-23 01:30:00,Other,0,0.4325912883484947,0.49413298565840924
2024-08-23 02:30:00,Other,1,0.6038868703435173,0.5554711246200612
2024-08-23 03:15:00,Other,1,0.397535409601076,0.49413298565840924
2024-08-23 04:00:00,Other,1,0.3481024283382266,0.49413298565840924
2024-08-23 04:30:00,Other,1,0.3300347192252486,0.49413298565840924
2024-08-23 05:00:00,Other,0,0.3238871214698881,0.49413298565840924
2024-08-23 06:15:00,Other,0,0.302942400023333,0.49413298565840924
2024-08-23 06:30:00,Other,0,0.2498470140103792,0.4583333333333333
2024-08-23 07:15:00,London,1,0.5087373443834032,0.5365853658536585
2024-08-23 07:45:00,London,1,0.2513793965944982,0.4583333333333333
2024-08-23 08:00:00,London,1,0.3278830053995542,0.49413298565840924
2024-08-23 08:15:00,London,1,0.3115923113062802,0.49413298565840924
2024-08-23 08:30:00,London,1,0.3258661212653372,0.49413298565840924
2024-08-23 08:45:00,London,0,0.3002839939718916,0.49413298565840924
2024-08-23 09:00:00,London,1,0.2952945653882318,0.49413298565840924
2024-08-23 09:15:00,London,0,0.2980293571113124,0.49413298565840924
2024-08-23 09:45:00,London,1,0.2926417618104991,0.49413298565840924
2024-08-23 11:00:00,London,0,0.432347502946315,0.49413298565840924
2024-08-23 11:30:00,London,1,0.4182003343997503,0.49413298565840924
2024-08-23 12:00:00,London,1,0.4472049171147521,0.5365853658536585
2024-08-23 12:45:00,London,0,0.4696688924179196,0.5365853658536585
2024-08-23 13:30:00,London,1,0.6109955733201409,0.5554711246200612
2024-08-23 16:30:00,London,1,0.7471668136216048,0.6214689265536721
2024-08-23 16:45:00,London,1,0.868715229914857,0.7352941176470589
2024-08-23 17:45:00,NY,0,0.7073429330082752,0.6214689265536721
2024-08-23 18:15:00,NY,0,0.6257324277681896,0.5554711246200612
2024-08-23 18:30:00,NY,1,0.3150081322523931,0.49413298565840924
2024-08-23 18:45:00,NY,1,0.7138065740959567,0.6214689265536721
2024-08-23 20:00:00,NY,1,0.6929875488157764,0.6214689265536721
2024-08-23 20:15:00,NY,1,0.6439833869693561,0.5554711246200612
2024-08-25 22:00:00,Other,0,0.5910800795533435,0.5554711246200612
2024-08-25 22:15:00,Other,1,0.5977769086322406,0.5554711246200612
2024-08-25 23:30:00,Other,1,0.6821489057543425,0.6041666666666666
2024-08-25 23:45:00,Other,0,0.6831689825455711,0.6041666666666666
2024-08-26 00:00:00,Other,0,0.2782676742219321,0.49413298565840924
2024-08-26 00:45:00,Other,1,0.360287255777073,0.49413298565840924
2024-08-26 01:15:00,Other,0,0.3733199626593368,0.49413298565840924
2024-08-26 01:45:00,Other,1,0.2958636253605441,0.49413298565840924
2024-08-26 02:00:00,Other,0,0.3395471420262932,0.49413298565840924
2024-08-26 02:15:00,Other,0,0.4076546162278001,0.49413298565840924
2024-08-26 02:45:00,Other,1,0.4157905204057907,0.49413298565840924
2024-08-26 03:00:00,Other,0,0.4109921053084073,0.49413298565840924
2024-08-26 03:45:00,Other,1,0.3713048549381372,0.49413298565840924
2024-08-26 04:00:00,Other,0,0.3301025056053023,0.49413298565840924
2024-08-26 04:15:00,Other,0,0.3047100485975927,0.49413298565840924
2024-08-26 09:00:00,London,0,0.3443271850328308,0.49413298565840924
2024-08-26 09:15:00,London,0,0.3523395083869045,0.49413298565840924
2024-08-26 10:00:00,London,1,0.4385309989907212,0.5365853658536585
2024-08-26 10:30:00,London,1,0.3743699745532414,0.49413298565840924
2024-08-26 11:00:00,London,1,0.4118644148826824,0.49413298565840924
2024-08-26 11:45:00,London,0,0.4198858697913448,0.49413298565840924
2024-08-26 12:30:00,London,0,0.477689172515137,0.5365853658536585
2024-08-26 13:45:00,London,1,0.7719736163379791,0.6214689265536721
2024-08-27 07:30:00,London,0,0.4517211028657493,0.5365853658536585
2024-08-27 07:45:00,London,1,0.6999547282013144,0.6214689265536721
2024-08-27 12:15:00,London,1,0.4236505955876067,0.49413298565840924
2024-08-27 12:45:00,London,1,0.3753503688126597,0.49413298565840924
2024-08-27 15:30:00,London,0,0.3324539768737149,0.49413298565840924
2024-08-27 16:00:00,London,1,0.6790734843702979,0.5573770491803278
2024-08-27 16:15:00,London,1,0.8717651762556955,0.7352941176470589
2024-08-27 16:30:00,London,1,0.6525336596437339,0.5554711246200612
2024-08-27 17:15:00,NY,1,0.6556931474326863,0.5554711246200612
2024-08-27 17:30:00,NY,1,0.6539607478016541,0.5554711246200612
2024-08-27 17:45:00,NY,1,0.5340655103205427,0.5365853658536585
2024-08-27 18:00:00,NY,1,0.4736842416509034,0.5365853658536585
2024-08-27 18:15:00,NY,1,0.5998108791096702,0.5554711246200612
2024-08-27 19:15:00,NY,1,0.6415860175180081,0.5554711246200612
2024-08-27 20:00:00,NY,0,0.6208038583522651,0.5554711246200612
2024-08-27 20:45:00,NY,1,0.582841167733925,0.5554711246200612
2024-08-27 22:15:00,Other,1,0.4304754047003226,0.49413298565840924
2024-08-27 22:45:00,Other,1,0.4918092486884643,0.5365853658536585
2024-08-27 23:45:00,Other,0,0.667589183252369,0.5554711246200612
2024-08-28 00:00:00,Other,0,0.2314327027626632,0.4098360655737705
2024-08-28 00:15:00,Other,0,0.5624862824476244,0.5554711246200612
2024-08-28 01:00:00,Other,0,0.4694232895779064,0.5365853658536585
2024-08-28 01:15:00,Other,0,0.4748571069917753,0.5365853658536585
2024-08-28 01:45:00,Other,0,0.426953014015449,0.49413298565840924
2024-08-28 02:15:00,Other,1,0.4105581873113886,0.49413298565840924
2024-08-28 02:30:00,Other,0,0.5704745284608854,0.5554711246200612
2024-08-28 02:45:00,Other,0,0.5152395359974865,0.5365853658536585
2024-08-28 03:00:00,Other,1,0.4108087502392273,0.49413298565840924
2024-08-28 03:15:00,Other,1,0.4205552386315733,0.49413298565840924
2024-08-28 03:45:00,Other,0,0.3842368593512779,0.49413298565840924
2024-08-28 04:15:00,Other,0,0.3208447516547037,0.49413298565840924
2024-08-28 04:30:00,Other,0,0.3268373919799613,0.49413298565840924
2024-08-28 05:15:00,Other,1,0.3502334867633225,0.49413298565840924
2024-08-28 05:30:00,Other,0,0.3488356382701128,0.49413298565840924
2024-08-28 05:45:00,Other,1,0.3618546679085895,0.49413298565840924
2024-08-28 09:45:00,London,0,0.302812535986626,0.49413298565840924
2024-08-28 10:30:00,London,0,0.4391402211051837,0.5365853658536585
2024-08-28 11:15:00,London,0,0.4301400204278652,0.49413298565840924
2024-08-28 11:30:00,London,0,0.3811528930953229,0.49413298565840924
2024-08-28 12:00:00,London,1,0.4386784489751945,0.5365853658536585
2024-08-28 12:15:00,London,1,0.5187531720309645,0.5365853658536585
2024-08-29 00:30:00,Other,0,0.3742109477217855,0.49413298565840924
2024-08-29 00:45:00,Other,1,0.3668994494850873,0.49413298565840924
2024-08-29 01:45:00,Other,1,0.4301663516381495,0.49413298565840924
2024-08-29 02:45:00,Other,1,0.4017903015542599,0.49413298565840924
2024-08-29 03:15:00,Other,1,0.4156819214190821,0.49413298565840924
2024-08-29 03:30:00,Other,1,0.4573365498282193,0.5365853658536585
2024-08-29 03:45:00,Other,1,0.2925841429766786,0.49413298565840924
2024-08-29 04:30:00,Other,0,0.3629471905727643,0.49413298565840924
2024-08-29 05:30:00,Other,1,0.3116640010265624,0.49413298565840924
2024-08-29 06:00:00,Other,0,0.2734029048933269,0.4878048780487805
2024-08-29 06:45:00,Other,1,0.3797536459169076,0.49413298565840924
2024-08-29 07:00:00,London,1,0.4240994214550564,0.49413298565840924
2024-08-29 07:15:00,London,0,0.3338778802941667,0.49413298565840924
2024-08-29 07:30:00,London,1,0.2812283268319336,0.49413298565840924
2024-08-29 07:45:00,London,0,0.3026387434577735,0.49413298565840924
2024-08-29 08:00:00,London,0,0.3819280022965575,0.49413298565840924
2024-08-29 08:30:00,London,1,0.4538444782493164,0.5365853658536585
2024-08-29 08:45:00,London,1,0.4538444782493164,0.5365853658536585
2024-08-29 09:00:00,London,0,0.4121378575244118,0.49413298565840924
2024-08-29 09:15:00,London,1,0.4121378575244118,0.49413298565840924
2024-08-29 09:45:00,London,0,0.6806965361212106,0.5573770491803278
2024-08-29 10:15:00,London,1,0.6952268785966573,0.6214689265536721
2024-08-29 10:30:00,London,1,0.6439120547045414,0.5554711246200612
2024-08-29 11:00:00,London,0,0.6651485176753118,0.5554711246200612
2024-08-29 12:00:00,London,0,0.5598610732169639,0.5554711246200612
2024-08-29 12:15:00,London,1,0.5687514974151847,0.5554711246200612
2024-08-29 12:30:00,London,1,0.7414363519070956,0.6214689265536721
2024-08-29 15:30:00,London,0,0.6932370199729657,0.6214689265536721
2024-08-29 15:45:00,London,0,0.6932370199729657,0.6214689265536721
2024-08-29 16:00:00,London,1,0.6903926793438021,0.6214689265536721
2024-08-29 16:15:00,London,0,0.6525505133538251,0.5554711246200612
2024-08-29 16:30:00,London,1,0.6072678283375316,0.5554711246200612
2024-08-29 17:30:00,NY,0,0.6712853242247985,0.5573770491803278
2024-08-29 17:45:00,NY,0,0.656395205891263,0.5554711246200612
2024-08-29 19:15:00,NY,0,0.685416237388105,0.6111111111111112
2024-08-29 19:30:00,NY,0,0.5963905928211166,0.5554711246200612
2024-08-29 19:45:00,NY,0,0.5628714069030276,0.5554711246200612
2024-08-29 22:00:00,Other,0,0.6765279806528802,0.5573770491803278
2024-08-29 22:30:00,Other,0,0.6635581529629688,0.5554711246200612
2024-08-29 23:00:00,Other,0,0.6218656070617762,0.5554711246200612
2024-08-29 23:30:00,Other,0,0.5693634359108557,0.5554711246200612
2024-08-29 23:45:00,Other,0,0.6645091983118628,0.5554711246200612
2024-08-30 00:00:00,Other,0,0.6283684591952032,0.5554711246200612
2024-08-30 00:15:00,Other,0,0.6445736512878995,0.5554711246200612
2024-08-30 00:45:00,Other,0,0.6507329630878784,0.5554711246200612
2024-08-30 01:00:00,Other,1,0.4998920277008978,0.5365853658536585
2024-08-30 01:45:00,Other,0,0.3495300449637978,0.49413298565840924
2024-08-30 06:30:00,Other,0,0.2648073598498239,0.46153846153846156
2024-08-30 07:15:00,London,1,0.3053891089576377,0.49413298565840924
2024-08-30 07:30:00,London,1,0.2912794891581928,0.49413298565840924
2024-08-30 07:45:00,London,1,0.2978903650372492,0.49413298565840924
2024-08-30 08:15:00,London,1,0.7009032959431395,0.6214689265536721
2024-08-30 08:30:00,London,1,0.7205022196320583,0.6214689265536721
2024-08-30 09:15:00,London,1,0.6079779331056168,0.5554711246200612
2024-08-30 09:30:00,London,0,0.6837044628368917,0.6041666666666666
2024-08-30 09:45:00,London,0,0.3561293871918091,0.49413298565840924
2024-08-30 11:00:00,London,1,0.7212894321529635,0.6214689265536721
2024-08-30 12:00:00,London,1,0.637869742053376,0.5554711246200612
2024-08-30 12:15:00,London,0,0.4446295163384444,0.5365853658536585
2024-08-30 13:00:00,London,1,0.7358864167969279,0.6214689265536721
2024-08-30 13:45:00,London,1,0.6320730680411195,0.5554711246200612
2024-08-30 14:00:00,London,0,0.4315891375318526,0.49413298565840924
2024-08-30 14:15:00,London,0,0.6981918629500845,0.6214689265536721
2024-08-30 15:00:00,London,0,0.7204587905743196,0.6214689265536721
2024-08-30 15:15:00,London,0,0.6265130551430022,0.5554711246200612
2024-08-30 15:45:00,London,1,0.574288899360151,0.5554711246200612
2024-08-30 16:30:00,London,0,0.465873437066214,0.5365853658536585
2024-09-01 22:15:00,Other,0,0.4157054064756373,0.49413298565840924
2024-09-01 23:00:00,Other,1,0.4441980145479835,0.5365853658536585
2024-09-01 23:45:00,Other,1,0.5553546555529134,0.5554711246200612
2024-09-02 00:15:00,Other,1,0.4838805500412174,0.5365853658536585
2024-09-02 00:45:00,Other,1,0.3780045854352105,0.49413298565840924
2024-09-02 01:15:00,Other,0,0.4225665533411074,0.49413298565840924
2024-09-02 02:15:00,Other,0,0.3113013279237447,0.49413298565840924
2024-09-02 02:30:00,Other,1,0.3332802729597719,0.49413298565840924
2024-09-02 06:30:00,Other,0,0.0586506283235973,0.0
2024-09-02 07:00:00,London,1,0.3601313842202354,0.49413298565840924
2024-09-02 08:00:00,London,0,0.2746755020330123,0.4878048780487805
2024-09-02 08:15:00,London,1,0.341619599215846,0.49413298565840924
2024-09-02 09:00:00,London,0,0.1990589704182747,0.4098360655737705
2024-09-02 09:45:00,London,1,0.6095070705729543,0.5554711246200612
2024-09-02 10:00:00,London,0,0.5557324864840126,0.5554711246200612
2024-09-02 11:15:00,London,1,0.4057809161997867,0.49413298565840924
2024-09-02 11:30:00,London,1,0.4470849894582068,0.5365853658536585
2024-09-02 12:00:00,London,1,0.2810998363016804,0.49413298565840924
2024-09-02 12:30:00,London,0,0.6597631722967975,0.5554711246200612
2024-09-02 12:45:00,London,0,0.2609811160218764,0.4583333333333333
2024-09-02 13:00:00,London,1,0.2876752705111706,0.49413298565840924
2024-09-02 13:30:00,London,0,0.3028319194999187,0.49413298565840924
2024-09-02 14:00:00,London,1,0.3223122048129231,0.49413298565840924
2024-09-02 14:30:00,London,0,0.361306075690707,0.49413298565840924
2024-09-02 15:15:00,London,0,0.453223016594659,0.5365853658536585
2024-09-02 15:30:00,London,1,0.3738523639105397,0.49413298565840924
2024-09-02 16:00:00,London,0,0.394995989795945,0.49413298565840924
2024-09-02 16:45:00,London,0,0.4291537488478203,0.49413298565840924
2024-09-02 22:00:00,Other,0,0.5683393519365663,0.5554711246200612
2024-09-02 22:15:00,Other,0,0.6627440183727973,0.5554711246200612
2024-09-02 22:30:00,Other,0,0.6627440183727973,0.5554711246200612
2024-09-02 22:45:00,Other,0,0.6560929267266827,0.5554711246200612
2024-09-02 23:00:00,Other,0,0.6553280981224092,0.5554711246200612
2024-09-02 23:15:00,Other,0,0.6353954809553091,0.5554711246200612
2024-09-03 00:15:00,Other,0,0.5238023025433445,0.5365853658536585
2024-09-03 00:30:00,Other,0,0.5317764624966659,0.5365853658536585
2024-09-03 01:00:00,Other,0,0.5453851410080321,0.5365853658536585
2024-09-03 04:45:00,Other,0,0.3062031006669857,0.49413298565840924
2024-09-03 06:00:00,Other,1,0.2813195231945473,0.49413298565840924
2024-09-03 06:45:00,Other,1,0.2247474062898967,0.4098360655737705
2024-09-03 07:15:00,London,1,0.3473401933533734,0.49413298565840924
2024-09-03 08:00:00,London,1,0.3252398051585691,0.49413298565840924
2024-09-03 08:15:00,London,0,0.3264091555366906,0.49413298565840924
2024-09-03 09:00:00,London,0,0.3279185134716567,0.49413298565840924
2024-09-03 10:15:00,London,0,0.4207181467963389,0.49413298565840924
2024-09-03 10:30:00,London,1,0.4207181467963389,0.49413298565840924
2024-09-03 10:45:00,London,0,0.5457638550934885,0.5365853658536585
2024-09-03 11:30:00,London,1,0.4565214258519624,0.5365853658536585
2024-09-03 19:00:00,NY,1,0.4512354462426226,0.5365853658536585
2024-09-03 19:15:00,NY,0,0.4178456869868798,0.49413298565840924
2024-09-03 20:45:00,NY,1,0.4419283457669309,0.5365853658536585
2024-09-03 22:00:00,Other,1,0.5445182422718527,0.5365853658536585
2024-09-03 22:30:00,Other,0,0.5333936756538575,0.5365853658536585
2024-09-03 23:00:00,Other,1,0.5519645698864261,0.5554711246200612
2024-09-03 23:15:00,Other,0,0.5880532888544391,0.5554711246200612
2024-09-03 23:30:00,Other,0,0.5914535658420047,0.5554711246200612
2024-09-03 23:45:00,Other,1,0.6233456075165417,0.5554711246200612
2024-09-04 02:45:00,Other,1,0.4645025428689923,0.5365853658536585
2024-09-04 04:00:00,Other,1,0.3050194017779318,0.49413298565840924
2024-09-04 04:30:00,Other,0,0.3652201536011455,0.49413298565840924
2024-09-04 05:00:00,Other,0,0.3759554058109556,0.49413298565840924
2024-09-04 05:15:00,Other,0,0.4099663786053719,0.49413298565840924
2024-09-04 05:45:00,Other,0,0.4323594877839531,0.49413298565840924
2024-09-04 06:00:00,Other,0,0.3753987280891691,0.49413298565840924
2024-09-04 06:15:00,Other,0,0.4200881571111273,0.49413298565840924
2024-09-04 06:30:00,Other,0,0.4057217641306679,0.49413298565840924
2024-09-04 06:45:00,Other,1,0.3824986889729436,0.49413298565840924
2024-09-04 07:00:00,London,0,0.4064331692102217,0.49413298565840924
2024-09-04 08:00:00,London,0,0.4762332838759016,0.5365853658536585
2024-09-04 08:45:00,London,1,0.7201998961982001,0.6214689265536721
2024-09-04 15:00:00,London,1,0.7211820962443326,0.6214689265536721
2024-09-04 15:15:00,London,1,0.7351088047290881,0.6214689265536721
2024-09-04 16:00:00,London,1,0.6984337197675032,0.6214689265536721
2024-09-04 17:00:00,NY,0,0.4950850122933727,0.5365853658536585
2024-09-04 18:00:00,NY,1,0.7692675805418796,0.6214689265536721
2024-09-04 18:15:00,NY,0,0.7579070373801424,0.6214689265536721
2024-09-04 18:30:00,NY,1,0.7063308713098022,0.6214689265536721
2024-09-04 18:45:00,NY,0,0.6995551035891986,0.6214689265536721
2024-09-04 19:15:00,NY,0,0.85092523883533,0.7101449275362319
2024-09-04 22:15:00,Other,1,0.6043243290077943,0.5554711246200612
2024-09-04 22:45:00,Other,1,0.6285263709807946,0.5554711246200612
2024-09-05 01:30:00,Other,0,0.4314267500268929,0.49413298565840924
2024-09-05 01:45:00,Other,1,0.4182175388854478,0.49413298565840924
2024-09-05 02:00:00,Other,1,0.4282338741067376,0.49413298565840924
2024-09-05 02:15:00,Other,0,0.4938366214246089,0.5365853658536585
2024-09-05 02:30:00,Other,0,0.5005168347614033,0.5365853658536585
2024-09-05 03:00:00,Other,0,0.4219280511721414,0.49413298565840924
2024-09-05 03:15:00,Other,0,0.379327362152531,0.49413298565840924
2024-09-05 03:30:00,Other,0,0.3748812710551356,0.49413298565840924
2024-09-05 03:45:00,Other,1,0.4020105737952749,0.49413298565840924
2024-09-05 04:00:00,Other,1,0.2537071454678422,0.4583333333333333
2024-09-05 04:30:00,Other,1,0.285654169630258,0.49413298565840924
2024-09-05 06:45:00,Other,0,0.2919706248169964,0.49413298565840924
2024-09-05 07:00:00,London,1,0.3076105112103936,0.49413298565840924
2024-09-05 07:15:00,London,1,0.3103305213151979,0.49413298565840924
2024-09-05 08:00:00,London,1,0.4353200953399215,0.5365853658536585
2024-09-05 08:15:00,London,1,0.7393301925033785,0.6214689265536721
2024-09-05 09:00:00,London,0,0.66943217292698,0.5554711246200612
2024-09-05 09:15:00,London,1,0.689521376155713,0.6214689265536721
2024-09-05 09:45:00,London,0,0.3884570733348768,0.49413298565840924
2024-09-05 10:00:00,London,0,0.298410881744499,0.49413298565840924
2024-09-05 10:45:00,London,0,0.4397725027201372,0.5365853658536585
2024-09-05 11:15:00,London,1,0.5571525060960275,0.5554711246200612
2024-09-05 11:30:00,London,1,0.5066169048693214,0.5365853658536585
2024-09-05 12:00:00,London,1,0.6207618643354494,0.5554711246200612
2024-09-05 12:45:00,London,0,0.4088881975302798,0.49413298565840924
2024-09-05 13:45:00,London,1,0.7504270310661976,0.6214689265536721
2024-09-05 14:15:00,London,1,0.8817249408890369,0.7352941176470589
2024-09-05 14:30:00,London,0,0.357477506295156,0.49413298565840924
2024-09-05 14:45:00,London,0,0.7991216993603295,0.6214689265536721
2024-09-06 00:00:00,Other,0,0.5868035052322439,0.5554711246200612
2024-09-06 00:15:00,Other,0,0.4377074295695867,0.5365853658536585
2024-09-06 00:45:00,Other,0,0.4506851707387084,0.5365853658536585
2024-09-06 01:15:00,Other,0,0.5869704441642779,0.5554711246200612
2024-09-06 01:30:00,Other,0,0.606183606746122,0.5554711246200612
2024-09-06 01:45:00,Other,1,0.68343025044264,0.6041666666666666
2024-09-06 06:00:00,Other,0,0.4430274056371472,0.5365853658536585
2024-09-06 07:45:00,London,1,0.29460340400744,0.49413298565840924
2024-09-06 11:30:00,London,1,0.4749234224781499,0.5365853658536585
2024-09-06 12:15:00,London,0,0.5769613275283577,0.5554711246200612
2024-09-06 13:15:00,London,1,0.8347804147137273,0.7101449275362319
2024-09-06 13:30:00,London,1,0.7865776185187273,0.6214689265536721
2024-09-06 13:45:00,London,0,0.7765594786280194,0.6214689265536721
2024-09-06 14:15:00,London,1,0.7848895075042532,0.6214689265536721
2024-09-09 04:00:00,Other,0,0.314849424597794,0.49413298565840924
2024-09-09 04:30:00,Other,0,0.3460997841915211,0.49413298565840924
2024-09-09 05:00:00,Other,0,0.4161466067868449,0.49413298565840924
2024-09-09 05:45:00,Other,1,0.3404356929996933,0.49413298565840924
2024-09-09 06:00:00,Other,1,0.2813796635638639,0.49413298565840924
2024-09-09 10:15:00,London,0,0.3624305057611219,0.49413298565840924
2024-09-09 10:30:00,London,1,0.5501310847839734,0.5554711246200612
2024-09-09 10:45:00,London,1,0.2657119777631795,0.4878048780487805
2024-09-09 11:15:00,London,1,0.3969025131901852,0.49413298565840924
2024-09-09 11:30:00,London,1,0.4244252606707542,0.49413298565840924
2024-09-09 12:15:00,London,1,0.2954899909966472,0.49413298565840924
2024-09-09 12:30:00,London,0,0.4493298669107918,0.5365853658536585
2024-09-09 13:30:00,London,0,0.5420615297603947,0.5365853658536585
2024-09-09 14:45:00,London,1,0.8514638456568647,0.7101449275362319
2024-09-09 15:00:00,London,1,0.6767859487850653,0.5573770491803278
2024-09-09 16:00:00,London,1,0.5491440101593676,0.5554711246200612
2024-09-09 16:45:00,London,0,0.6485690931123648,0.5554711246200612
2024-09-09 17:15:00,NY,0,0.6731242941664893,0.5573770491803278
2024-09-09 18:00:00,NY,1,0.5358214873625314,0.5365853658536585
2024-09-09 18:30:00,NY,1,0.510711528515856,0.5365853658536585
2024-09-09 18:45:00,NY,0,0.3940979291923969,0.49413298565840924
2024-09-09 19:15:00,NY,1,0.4848311842316725,0.5365853658536585
2024-09-09 19:30:00,NY,1,0.5891989928176036,0.5554711246200612
2024-09-09 20:15:00,NY,1,0.5181913080573918,0.5365853658536585
2024-09-09 20:45:00,NY,1,0.6713503626368936,0.5573770491803278
2024-09-09 22:30:00,Other,0,0.5376688944264499,0.5365853658536585
2024-09-09 22:45:00,Other,0,0.6542973907745144,0.5554711246200612
2024-09-09 23:00:00,Other,1,0.5944914943822158,0.5554711246200612
2024-09-09 23:45:00,Other,0,0.6380063204716635,0.5554711246200612
2024-09-10 00:00:00,Other,0,0.4895225105653838,0.5365853658536585
2024-09-10 00:15:00,Other,1,0.467003997961163,0.5365853658536585
2024-09-10 00:30:00,Other,0,0.4869251857339577,0.5365853658536585
2024-09-10 00:45:00,Other,0,0.4887194524184367,0.5365853658536585
2024-09-10 01:30:00,Other,0,0.4682379072324463,0.5365853658536585
2024-09-10 01:45:00,Other,0,0.5171028621737077,0.5365853658536585
2024-09-10 02:00:00,Other,0,0.619904161380768,0.5554711246200612
2024-09-10 02:15:00,Other,1,0.4159484218021047,0.49413298565840924
2024-09-10 02:30:00,Other,0,0.4285391974759666,0.49413298565840924
2024-09-10 02:45:00,Other,1,0.4237321415452602,0.49413298565840924
2024-09-10 03:15:00,Other,0,0.3102482690763261,0.49413298565840924
2024-09-10 03:30:00,Other,1,0.3128932827540527,0.49413298565840924
2024-09-10 03:45:00,Other,0,0.2534177569400415,0.4583333333333333
2024-09-10 04:15:00,Other,1,0.3018042065646747,0.49413298565840924
2024-09-10 04:45:00,Other,1,0.3399912678914614,0.49413298565840924
2024-09-10 05:15:00,Other,1,0.3552257330576346,0.49413298565840924
2024-09-10 05:30:00,Other,1,0.3504917343265894,0.49413298565840924
2024-09-10 06:00:00,Other,0,0.3422155761963028,0.49413298565840924
2024-09-10 06:45:00,Other,0,0.362376415401775,0.49413298565840924
2024-09-10 07:00:00,London,0,0.4022343678886712,0.49413298565840924
2024-09-10 08:00:00,London,0,0.3149496529508551,0.49413298565840924
2024-09-10 11:45:00,London,1,0.6399979195622301,0.5554711246200612
2024-09-10 12:30:00,London,1,0.4867847090019712,0.5365853658536585
2024-09-10 12:45:00,London,1,0.4954645937306762,0.5365853658536585
2024-09-10 13:00:00,London,1,0.5376330177267352,0.5365853658536585
2024-09-10 13:30:00,London,0,0.7119199562219389,0.6214689265536721
2024-09-10 14:00:00,London,1,0.7631468611241353,0.6214689265536721
2024-09-10 16:00:00,London,1,0.6006662087137524,0.5554711246200612
2024-09-10 17:00:00,NY,1,0.6488041912417776,0.5554711246200612
2024-09-10 17:15:00,NY,1,0.6825406121816086,0.6041666666666666
2024-09-10 17:30:00,NY,1,0.7146231420799798,0.6214689265536721
2024-09-10 18:15:00,NY,1,0.5936817658914374,0.5554711246200612
2024-09-10 18:30:00,NY,1,0.4311706506056908,0.49413298565840924
2024-09-10 19:00:00,NY,0,0.6023049828465528,0.5554711246200612
2024-09-10 20:00:00,NY,1,0.5517661430877582,0.5554711246200612
2024-09-10 20:15:00,NY,1,0.682062619959957,0.6041666666666666
2024-09-10 20:45:00,NY,1,0.6736955703607296,0.5573770491803278
2024-09-10 23:00:00,Other,1,0.7589510442762784,0.6214689265536721
2024-09-10 23:15:00,Other,1,0.7553635409801054,0.6214689265536721
2024-09-10 23:45:00,Other,0,0.667792700572592,0.5554711246200612
2024-09-11 00:00:00,Other,1,0.5387203771740423,0.5365853658536585
2024-09-11 01:30:00,Other,0,0.4212397932517181,0.49413298565840924
2024-09-11 02:30:00,Other,1,0.4081709681315454,0.49413298565840924
2024-09-11 02:45:00,Other,1,0.4830715727707518,0.5365853658536585
2024-09-11 03:30:00,Other,1,0.4490369579575601,0.5365853658536585
2024-09-11 03:45:00,Other,1,0.4786335347856317,0.5365853658536585
2024-09-11 05:00:00,Other,1,0.3246336016075536,0.49413298565840924
2024-09-11 05:30:00,Other,1,0.371529385438437,0.49413298565840924
2024-09-11 06:00:00,Other,1,0.3648084675239562,0.49413298565840924
2024-09-11 06:45:00,Other,0,0.3159162103764791,0.49413298565840924
2024-09-11 07:00:00,London,1,0.3409045451161573,0.49413298565840924
2024-09-11 07:30:00,London,0,0.1579428707677909,0.3142857142857143
2024-09-11 07:45:00,London,1,0.7553416994513416,0.6214689265536721
2024-09-11 08:30:00,London,1,0.5481910720169156,0.5554711246200612
2024-09-11 08:45:00,London,0,0.8537719464390943,0.7101449275362319
2024-09-11 10:00:00,London,1,0.4652546731804577,0.5365853658536585
2024-09-11 22:45:00,Other,0,0.5946211813786206,0.5554711246200612
2024-09-11 23:00:00,Other,1,0.6015693155586176,0.5554711246200612
2024-09-11 23:15:00,Other,0,0.6791617593770757,0.5573770491803278
2024-09-12 00:30:00,Other,1,0.6244878146471544,0.5554711246200612
2024-09-12 00:45:00,Other,1,0.6140422333822764,0.5554711246200612
2024-09-12 01:00:00,Other,0,0.5435924862514191,0.5365853658536585
2024-09-12 02:00:00,Other,1,0.498102072823233,0.5365853658536585
2024-09-12 02:15:00,Other,0,0.5392760359714706,0.5365853658536585
2024-09-12 02:30:00,Other,1,0.5389043603903866,0.5365853658536585
2024-09-12 06:15:00,Other,0,0.3493886781517561,0.49413298565840924
2024-09-12 06:30:00,Other,0,0.3134179068931993,0.49413298565840924
2024-09-12 07:15:00,London,1,0.740109373488774,0.6214689265536721
2024-09-12 07:30:00,London,0,0.5427751811523321,0.5365853658536585
2024-09-12 07:45:00,London,1,0.5511714823283039,0.5554711246200612
2024-09-12 08:00:00,London,1,0.5414375150936226,0.5365853658536585
2024-09-12 08:30:00,London,1,0.2670313907926526,0.4878048780487805
2024-09-12 08:45:00,London,1,0.2580140370430309,0.4583333333333333
2024-09-12 09:30:00,London,1,0.2404574560925847,0.42105263157894735
2024-09-12 09:45:00,London,1,0.2490671899347464,0.4583333333333333
2024-09-12 10:00:00,London,0,0.3842075160714597,0.49413298565840924
2024-09-12 10:30:00,London,0,0.3497309269957969,0.49413298565840924
2024-09-12 10:45:00,London,1,0.3920983393371721,0.49413298565840924
2024-09-12 15:15:00,London,0,0.7633421428501883,0.6214689265536721
2024-09-12 15:30:00,London,1,0.7581524282982564,0.6214689265536721
2024-09-12 15:45:00,London,0,0.7581524282982564,0.6214689265536721
2024-09-12 16:00:00,London,1,0.3331044375982437,0.49413298565840924
2024-09-12 16:30:00,London,1,0.7181295239738841,0.6214689265536721
2024-09-12 17:15:00,NY,1,0.7215655394636395,0.6214689265536721
2024-09-12 17:45:00,NY,0,0.6293180157791433,0.5554711246200612
2024-09-12 18:00:00,NY,0,0.6866076327602294,0.6111111111111112
2024-09-12 18:15:00,NY,1,0.6483177210441952,0.5554711246200612
2024-09-12 19:00:00,NY,0,0.7253549210710244,0.6214689265536721
2024-09-12 19:15:00,NY,1,0.7433341127268522,0.6214689265536721
2024-09-12 22:30:00,Other,0,0.4407803427448004,0.5365853658536585
2024-09-12 22:45:00,Other,1,0.6281743303446993,0.5554711246200612
2024-09-12 23:00:00,Other,1,0.4933657358603417,0.5365853658536585
2024-09-13 00:15:00,Other,1,0.6902288325593314,0.6214689265536721
2024-09-13 00:30:00,Other,1,0.4540498008200187,0.5365853658536585
2024-09-13 01:30:00,Other,1,0.6691967967557455,0.5554711246200612
2024-09-13 01:45:00,Other,1,0.5301405405935891,0.5365853658536585
2024-09-13 02:30:00,Other,1,0.5529879091252129,0.5554711246200612
2024-09-13 03:00:00,Other,1,0.4932400235079196,0.5365853658536585
2024-09-13 03:15:00,Other,1,0.4777551126095244,0.5365853658536585
2024-09-13 04:00:00,Other,1,0.4104299232355915,0.49413298565840924
2024-09-13 04:45:00,Other,0,0.3264449128851341,0.49413298565840924
2024-09-13 05:00:00,Other,1,0.2422293304583416,0.42105263157894735
2024-09-13 05:30:00,Other,0,0.3038302939031597,0.49413298565840924
2024-09-13 06:30:00,Other,0,0.3307277294960493,0.49413298565840924
2024-09-13 06:45:00,Other,1,0.3301550688361594,0.49413298565840924
2024-09-13 07:00:00,London,0,0.5517782435919659,0.5554711246200612
2024-09-13 07:15:00,London,1,0.3339328139113378,0.49413298565840924
2024-09-13 08:15:00,London,1,0.7393201030934454,0.6214689265536721
2024-09-13 08:45:00,London,0,0.7250743501500627,0.6214689265536721
2024-09-13 09:00:00,London,1,0.7126477639139279,0.6214689265536721
2024-09-13 09:45:00,London,0,0.6873505097168242,0.6111111111111112
2024-09-13 10:15:00,London,1,0.7233895791955615,0.6214689265536721
2024-09-13 12:00:00,London,1,0.5075208678388646,0.5365853658536585
2024-09-13 12:15:00,London,1,0.5230806803254489,0.5365853658536585
2024-09-13 12:30:00,London,1,0.5918685009276743,0.5554711246200612
2024-09-13 12:45:00,London,1,0.4752535652479103,0.5365853658536585
2024-09-13 14:00:00,London,1,0.8492584708058002,0.7101449275362319
2024-09-13 14:15:00,London,0,0.7063037331184747,0.6214689265536721
2024-09-13 15:15:00,London,1,0.8600955466070358,0.7101449275362319
2024-09-13 15:45:00,London,1,0.6566624032764589,0.5554711246200612
2024-09-13 16:15:00,London,1,0.6108131990818539,0.5554711246200612
2024-09-13 17:15:00,NY,1,0.6483830829216444,0.5554711246200612
2024-09-13 18:15:00,NY,0,0.7710530287592972,0.6214689265536721
2024-09-13 18:30:00,NY,0,0.8135720212029252,0.7090909090909091
2024-09-13 19:15:00,NY,1,0.5349733063489082,0.5365853658536585
2024-09-13 19:30:00,NY,0,0.7079186941193369,0.6214689265536721
2024-09-13 20:45:00,NY,0,0.5729010231614278,0.5554711246200612
2024-09-16 03:30:00,Other,1,0.2793193425714306,0.49413298565840924
2024-09-16 04:00:00,Other,0,0.341307728166019,0.49413298565840924
2024-09-16 04:15:00,Other,1,0.3488479068686065,0.49413298565840924
2024-09-16 04:30:00,Other,1,0.7462727166767145,0.6214689265536721
2024-09-16 05:15:00,Other,1,0.3710191411531105,0.49413298565840924
2024-09-16 05:30:00,Other,0,0.2865327579658573,0.49413298565840924
2024-09-16 05:45:00,Other,0,0.2721672415078584,0.4878048780487805
2024-09-16 06:00:00,Other,1,0.3480783332742482,0.49413298565840924
2024-09-16 06:15:00,Other,0,0.3480783332742482,0.49413298565840924
2024-09-16 07:00:00,London,1,0.2404475945463624,0.42105263157894735
2024-09-16 14:00:00,London,0,0.321242101926089,0.49413298565840924
2024-09-16 14:15:00,London,1,0.5981344167124625,0.5554711246200612
2024-09-17 00:15:00,Other,1,0.4443988715996499,0.5365853658536585
2024-09-17 00:30:00,Other,0,0.4725754204988369,0.5365853658536585
2024-09-17 00:45:00,Other,1,0.5183685573274327,0.5365853658536585
2024-09-17 02:45:00,Other,0,0.4077573562490771,0.49413298565840924
2024-09-17 03:00:00,Other,0,0.3207091962995917,0.49413298565840924
2024-09-17 03:15:00,Other,0,0.3466394088141558,0.49413298565840924
2024-09-17 03:30:00,Other,0,0.2556747355111726,0.4583333333333333
2024-09-17 03:45:00,Other,1,0.2556747355111726,0.4583333333333333
2024-09-17 04:15:00,Other,0,0.2249473892865315,0.4098360655737705
2024-09-17 04:30:00,Other,0,0.3097171333996403,0.49413298565840924
2024-09-17 05:00:00,Other,1,0.3260392142574755,0.49413298565840924
2024-09-17 07:00:00,London,0,0.294952450517693,0.49413298565840924
2024-09-17 08:30:00,London,0,0.3823024888959981,0.49413298565840924
2024-09-17 08:45:00,London,0,0.4955678695200718,0.5365853658536585
2024-09-17 09:00:00,London,0,0.3357706575356209,0.49413298565840924
2024-09-17 09:15:00,London,0,0.374000908000683,0.49413298565840924
2024-09-17 09:45:00,London,0,0.3926242862821547,0.49413298565840924
2024-09-17 15:15:00,London,0,0.6227995197894708,0.5554711246200612
2024-09-18 01:30:00,Other,0,0.4462379444774266,0.5365853658536585
2024-09-18 04:15:00,Other,0,0.3592906221654648,0.49413298565840924
2024-09-18 04:30:00,Other,0,0.3520209693067532,0.49413298565840924
2024-09-18 04:45:00,Other,0,0.3083467222660837,0.49413298565840924
2024-09-18 05:00:00,Other,1,0.2817664048107045,0.49413298565840924
2024-09-18 12:00:00,London,1,0.6004699969553423,0.5554711246200612
2024-09-18 12:15:00,London,0,0.588945604287753,0.5554711246200612
2024-09-18 12:45:00,London,1,0.8993505116619351,0.8
2024-09-18 13:00:00,London,0,0.6438228591543368,0.5554711246200612
2024-09-18 13:30:00,London,1,0.7884445991187538,0.6214689265536721
2024-09-18 13:45:00,London,0,0.779857879401534,0.6214689265536721
2024-09-18 14:45:00,London,0,0.7801484393955718,0.6214689265536721
2024-09-18 16:00:00,London,1,0.5728554507813464,0.5554711246200612
2024-09-18 16:15:00,London,1,0.6286412306057139,0.5554711246200612
2024-09-18 16:45:00,London,0,0.6504377458226716,0.5554711246200612
2024-09-18 17:15:00,NY,1,0.5335292700907784,0.5365853658536585
2024-09-18 18:45:00,NY,0,0.6800578278867556,0.5573770491803278
2024-09-18 19:30:00,NY,1,0.8120276606800266,0.7090909090909091
2024-09-19 03:00:00,Other,1,0.7752364096875903,0.6214689265536721
2024-09-19 03:45:00,Other,0,0.726931323862612,0.6214689265536721
2024-09-19 04:15:00,Other,1,0.7045090228284765,0.6214689265536721
2024-09-19 04:30:00,Other,1,0.4231832902447517,0.49413298565840924
2024-09-19 05:00:00,Other,1,0.3118575997557131,0.49413298565840924
2024-09-19 05:15:00,Other,1,0.2714818705001295,0.4878048780487805
2024-09-19 05:30:00,Other,1,0.2830500541467974,0.49413298565840924
2024-09-19 05:45:00,Other,1,0.4349003298218278,0.5365853658536585
2024-09-19 06:00:00,Other,1,0.4082756478709424,0.49413298565840924
2024-09-19 06:15:00,Other,0,0.4349003298218278,0.5365853658536585
2024-09-19 06:45:00,Other,1,0.4349003298218278,0.5365853658536585
2024-09-19 07:00:00,London,1,0.3880349672445224,0.49413298565840924
2024-09-19 07:15:00,London,1,0.706076673864166,0.6214689265536721
2024-09-19 07:45:00,London,0,0.7165408037480584,0.6214689265536721
2024-09-19 08:30:00,London,1,0.6193290009711654,0.5554711246200612
2024-09-19 08:45:00,London,1,0.6513090776726309,0.5554711246200612
2024-09-19 09:15:00,London,1,0.6917004427233322,0.6214689265536721
2024-09-19 09:45:00,London,0,0.6839201273502458,0.6041666666666666
2024-09-19 11:30:00,London,1,0.7258757535208026,0.6214689265536721
2024-09-19 12:00:00,London,0,0.7872927243448522,0.6214689265536721
2024-09-19 12:30:00,London,0,0.7225444224064392,0.6214689265536721
2024-09-19 12:45:00,London,1,0.7225444224064392,0.6214689265536721
2024-09-19 13:00:00,London,1,0.6769403840216067,0.5573770491803278
2024-09-19 13:30:00,London,1,0.8144953890556262,0.7101449275362319
2024-09-19 17:45:00,NY,0,0.5060625292826942,0.5365853658536585
2024-09-19 18:00:00,NY,1,0.53869468245772,0.5365853658536585
2024-09-19 18:30:00,NY,0,0.4050492096409064,0.49413298565840924
2024-09-19 18:45:00,NY,0,0.708819683404762,0.6214689265536721
2024-09-19 19:30:00,NY,1,0.6049084833775148,0.5554711246200612
2024-09-19 19:45:00,NY,0,0.7403803545684806,0.6214689265536721
2024-09-19 20:15:00,NY,0,0.6812621526357137,0.6041666666666666
2024-09-19 20:30:00,NY,1,0.5459737269728772,0.5365853658536585
2024-09-20 07:15:00,London,1,0.3503526506957367,0.49413298565840924
2024-09-20 07:45:00,London,0,0.3968851467021145,0.49413298565840924
2024-09-20 08:00:00,London,1,0.4588225813738959,0.5365853658536585
2024-09-20 08:45:00,London,0,0.684892455407615,0.6111111111111112
2024-09-20 09:45:00,London,1,0.8184078907316078,0.7101449275362319
2024-09-20 10:15:00,London,1,0.598529731658496,0.5554711246200612
2024-09-20 10:30:00,London,1,0.4716751762971146,0.5365853658536585
2024-09-20 10:45:00,London,1,0.4051983658637602,0.49413298565840924
2024-09-20 11:30:00,London,0,0.7567939573249227,0.6214689265536721
2024-09-20 11:45:00,London,1,0.4567485424224358,0.5365853658536585
2024-09-20 12:30:00,London,1,0.7719703026717981,0.6214689265536721
2024-09-20 12:45:00,London,0,0.7230283949578605,0.6214689265536721
2024-09-20 13:30:00,London,1,0.7250842084079634,0.6214689265536721
2024-09-20 16:00:00,London,1,0.6451642895811547,0.5554711246200612
2024-09-20 16:15:00,London,1,0.6451642895811547,0.5554711246200612
2024-09-20 17:00:00,NY,0,0.6070896315167743,0.5554711246200612
2024-09-20 17:45:00,NY,1,0.6673573985802301,0.5554711246200612
2024-09-20 18:15:00,NY,1,0.6948936267893451,0.6214689265536721
2024-09-20 18:30:00,NY,1,0.7208293393884225,0.6214689265536721
2024-09-20 18:45:00,NY,1,0.6850753409382946,0.6111111111111112
2024-09-20 19:00:00,NY,0,0.6194655346647657,0.5554711246200612
2024-09-20 19:15:00,NY,0,0.5800561331384846,0.5554711246200612
2024-09-20 20:45:00,NY,0,0.4623461233005312,0.5365853658536585
2024-09-22 22:00:00,Other,0,0.6493952150572389,0.5554711246200612
2024-09-22 22:15:00,Other,1,0.5625843108248477,0.5554711246200612
2024-09-22 22:45:00,Other,0,0.5055706911578167,0.5365853658536585
2024-09-22 23:30:00,Other,0,0.5220204407089256,0.5365853658536585
2024-09-22 23:45:00,Other,0,0.5342729200924221,0.5365853658536585
2024-09-23 00:00:00,Other,1,0.424594940261049,0.49413298565840924
2024-09-23 00:15:00,Other,0,0.4837676816711039,0.5365853658536585
2024-09-23 03:45:00,Other,1,0.3981932155449947,0.49413298565840924
2024-09-23 04:00:00,Other,0,0.3994418480409667,0.49413298565840924
2024-09-23 04:15:00,Other,0,0.4175684808306164,0.49413298565840924
2024-09-23 04:30:00,Other,0,0.3742915031249591,0.49413298565840924
2024-09-23 05:15:00,Other,1,0.3095859915891821,0.49413298565840924
2024-09-23 05:30:00,Other,0,0.331634333391531,0.49413298565840924
2024-09-23 06:00:00,Other,0,0.3233585983198925,0.49413298565840924
2024-09-23 06:15:00,Other,0,0.2714751236646381,0.4878048780487805
2024-09-23 07:00:00,London,0,0.2902221286256864,0.49413298565840924
2024-09-23 07:15:00,London,0,0.2875560991675057,0.49413298565840924
2024-09-23 07:30:00,London,1,0.3711399956994581,0.49413298565840924
2024-09-23 14:30:00,London,0,0.7250952788279267,0.6214689265536721
2024-09-23 15:00:00,London,1,0.8758276258874347,0.7352941176470589
2024-09-23 15:15:00,London,0,0.7701045531267873,0.6214689265536721
2024-09-23 16:00:00,London,0,0.5839912905435264,0.5554711246200612
2024-09-23 16:15:00,London,0,0.6473482687892096,0.5554711246200612
2024-09-23 16:45:00,London,0,0.6448085616574657,0.5554711246200612
2024-09-23 17:00:00,NY,1,0.7265220933727117,0.6214689265536721
2024-09-23 17:30:00,NY,0,0.8627414699244113,0.7101449275362319
2024-09-23 17:45:00,NY,0,0.4704963896581127,0.5365853658536585
2024-09-23 19:00:00,NY,1,0.5298144393070165,0.5365853658536585
2024-09-23 19:30:00,NY,1,0.6066325286018713,0.5554711246200612
2024-09-24 01:30:00,Other,0,0.3563857061550961,0.49413298565840924
2024-09-24 01:45:00,Other,0,0.3708767419206997,0.49413298565840924
2024-09-24 02:00:00,Other,1,0.4889666857062187,0.5365853658536585
2024-09-24 03:00:00,Other,1,0.3320810671366226,0.49413298565840924
2024-09-24 03:15:00,Other,1,0.2710809653978187,0.4878048780487805
2024-09-24 03:30:00,Other,0,0.3453303112747442,0.49413298565840924
2024-09-24 04:00:00,Other,1,0.3345272690784557,0.49413298565840924
2024-09-24 04:45:00,Other,0,0.3972642984166765,0.49413298565840924
2024-09-24 05:45:00,Other,1,0.4056952401364772,0.49413298565840924
2024-09-24 06:30:00,Other,1,0.6866730194897961,0.6111111111111112
2024-09-24 07:00:00,London,0,0.7062949103383416,0.6214689265536721
2024-09-24 11:30:00,London,1,0.5628882874463537,0.5554711246200612
2024-09-24 12:00:00,London,1,0.7241747958210422,0.6214689265536721
2024-09-24 12:15:00,London,1,0.627007284763956,0.5554711246200612
2024-09-24 12:30:00,London,1,0.5666591823830198,0.5554711246200612
2024-09-24 12:45:00,London,1,0.7184978161315577,0.6214689265536721
2024-09-24 13:00:00,London,1,0.6348838096788267,0.5554711246200612
2024-09-24 13:30:00,London,1,0.7637901769865362,0.6214689265536721
2024-09-24 14:15:00,London,1,0.7808316376237447,0.6214689265536721
2024-09-24 14:30:00,London,1,0.7928154995407213,0.6214689265536721
2024-09-24 14:45:00,London,1,0.803943946997785,0.7090909090909091
2024-09-24 15:00:00,London,0,0.8078944168029097,0.7090909090909091
2024-09-24 15:45:00,London,1,0.6984649151966448,0.6214689265536721
2024-09-24 16:00:00,London,1,0.723609680024179,0.6214689265536721
2024-09-24 16:45:00,London,0,0.6790326187426515,0.5573770491803278
2024-09-24 17:00:00,NY,0,0.7074498111153308,0.6214689265536721
2024-09-24 17:30:00,NY,1,0.5964374347768708,0.5554711246200612
2024-09-24 17:45:00,NY,1,0.6584326665367971,0.5554711246200612
2024-09-24 18:30:00,NY,1,0.6450518098300502,0.5554711246200612
2024-09-24 18:45:00,NY,1,0.6619977994699283,0.5554711246200612
2024-09-24 19:15:00,NY,1,0.7382921197360538,0.6214689265536721
2024-09-24 19:45:00,NY,0,0.7533971196587523,0.6214689265536721
2024-09-24 20:00:00,NY,0,0.4329033936981145,0.49413298565840924
2024-09-24 20:30:00,NY,0,0.372832543154904,0.49413298565840924
2024-09-24 20:45:00,NY,1,0.5612974538720377,0.5554711246200612
2024-09-24 22:15:00,Other,1,0.8136807674122097,0.7101449275362319
2024-09-24 22:45:00,Other,0,0.8307865978729572,0.7101449275362319
2024-09-25 00:00:00,Other,1,0.6589258318049765,0.5554711246200612
2024-09-25 00:15:00,Other,1,0.5374577456949485,0.5365853658536585
2024-09-25 00:45:00,Other,1,0.4107980131674823,0.49413298565840924
2024-09-25 03:30:00,Other,0,0.5984662751212547,0.5554711246200612
2024-09-25 03:45:00,Other,0,0.6049998540358698,0.5554711246200612
2024-09-25 04:00:00,Other,0,0.6680407587146836,0.5554711246200612
2024-09-25 04:15:00,Other,0,0.6503453549142801,0.5554711246200612
2024-09-25 04:30:00,Other,1,0.6572729045521329,0.5554711246200612
2024-09-25 05:00:00,Other,0,0.7129024346184908,0.6214689265536721
2024-09-25 05:30:00,Other,1,0.7437660756286271,0.6214689265536721
2024-09-25 06:00:00,Other,1,0.7405782139724136,0.6214689265536721
2024-09-25 06:15:00,Other,0,0.7549222541649487,0.6214689265536721
2024-09-25 06:30:00,Other,0,0.465114148667361,0.5365853658536585
2024-09-25 06:45:00,Other,0,0.431024127986516,0.49413298565840924
2024-09-25 14:45:00,London,1,0.9019367226305502,0.8
2024-09-25 15:00:00,London,0,0.6993679007105859,0.6214689265536721
2024-09-25 15:45:00,London,1,0.7072848342228927,0.6214689265536721
2024-09-25 16:00:00,London,0,0.6886798536307082,0.6214689265536721
2024-09-25 16:15:00,London,0,0.6886798536307082,0.6214689265536721
2024-09-25 16:30:00,London,1,0.6886798536307082,0.6214689265536721
2024-09-26 04:15:00,Other,0,0.3670142056049272,0.49413298565840924
2024-09-26 04:45:00,Other,1,0.2733493316633932,0.4878048780487805
2024-09-26 05:15:00,Other,0,0.3216154456348992,0.49413298565840924
2024-09-26 05:45:00,Other,0,0.2620804702737112,0.46153846153846156
2024-09-26 06:00:00,Other,1,0.3589409904462162,0.49413298565840924
2024-09-26 07:30:00,London,1,0.2812283268319336,0.49413298565840924
2024-09-26 08:00:00,London,1,0.3470678581696087,0.49413298565840924
2024-09-26 08:15:00,London,0,0.4189996344402544,0.49413298565840924
2024-09-26 09:00:00,London,1,0.3673779365573834,0.49413298565840924
2024-09-26 10:00:00,London,1,0.3866815371818209,0.49413298565840924
2024-09-26 10:30:00,London,1,0.4908272030865331,0.5365853658536585
2024-09-26 10:45:00,London,1,0.5001163361634234,0.5365853658536585
2024-09-26 12:00:00,London,1,0.7156098613881293,0.6214689265536721
2024-09-26 12:15:00,London,0,0.6764090357163157,0.5573770491803278
2024-09-26 12:30:00,London,1,0.7341287964058043,0.6214689265536721
2024-09-26 13:00:00,London,1,0.8461675077275618,0.7101449275362319
2024-09-26 13:30:00,London,1,0.7640394130773432,0.6214689265536721
2024-09-26 19:15:00,NY,0,0.6962833038621136,0.6214689265536721
2024-09-26 20:15:00,NY,1,0.4518816201611597,0.5365853658536585
2024-09-26 20:45:00,NY,0,0.765436655594127,0.6214689265536721
2024-09-26 22:15:00,Other,0,0.7699709944357755,0.6214689265536721
2024-09-26 23:45:00,Other,0,0.595888472187139,0.5554711246200612
2024-09-27 00:00:00,Other,0,0.6458551115811795,0.5554711246200612
2024-09-27 04:00:00,Other,0,0.3361753998057643,0.49413298565840924
2024-09-27 04:15:00,Other,0,0.3361753998057643,0.49413298565840924
2024-09-27 04:45:00,Other,0,0.3537788021275994,0.49413298565840924
2024-09-27 05:15:00,Other,0,0.2247306026574198,0.4098360655737705
2024-09-27 13:00:00,London,1,0.614185811338042,0.5554711246200612
2024-09-27 13:30:00,London,1,0.4936426015874811,0.5365853658536585
2024-09-27 13:45:00,London,0,0.4893872075492436,0.5365853658536585
2024-09-27 14:00:00,London,1,0.2371400153172018,0.4166666666666667
2024-09-27 14:15:00,London,1,0.6591586168145119,0.5554711246200612
2024-09-27 14:30:00,London,1,0.6591586168145119,0.5554711246200612
2024-09-27 14:45:00,London,1,0.6406613580789544,0.5554711246200612
2024-09-30 01:00:00,Other,0,0.245794274416296,0.42105263157894735
2024-09-30 01:45:00,Other,1,0.6423170725236852,0.5554711246200612
2024-09-30 02:00:00,Other,1,0.6045530239055453,0.5554711246200612
2024-09-30 02:15:00,Other,1,0.881141658443332,0.7352941176470589
2024-09-30 02:30:00,Other,0,0.4869131074363497,0.5365853658536585
2024-09-30 03:00:00,Other,0,0.8335086314397795,0.7101449275362319
2024-09-30 03:30:00,Other,0,0.2568562367886873,0.4583333333333333
2024-09-30 03:45:00,Other,1,0.5762793756786299,0.5554711246200612
2024-09-30 04:45:00,Other,0,0.3437226713184303,0.49413298565840924
2024-09-30 05:00:00,Other,1,0.4097889090333568,0.49413298565840924
2024-09-30 05:15:00,Other,1,0.590416454878875,0.5554711246200612
2024-09-30 06:00:00,Other,0,0.2697899890539978,0.4878048780487805
2024-09-30 06:45:00,Other,1,0.3742212250164126,0.49413298565840924
2024-09-30 07:00:00,London,0,0.3074235115154562,0.49413298565840924
2024-09-30 07:30:00,London,0,0.1233131132322217,0.3142857142857143
2024-09-30 07:45:00,London,1,0.3388806318955446,0.49413298565840924
2024-09-30 08:00:00,London,1,0.3749291723558466,0.49413298565840924
2024-09-30 08:45:00,London,0,0.5986041851560847,0.5554711246200612
2024-09-30 09:00:00,London,1,0.5983330861595001,0.5554711246200612
2024-09-30 09:15:00,London,1,0.5650636583601442,0.5554711246200612
2024-09-30 09:30:00,London,0,0.6343863167917589,0.5554711246200612
2024-09-30 10:00:00,London,0,0.5584327799167811,0.5554711246200612
2024-09-30 10:15:00,London,0,0.6516638233411199,0.5554711246200612
2024-09-30 10:30:00,London,1,0.6577645789293697,0.5554711246200612
2024-09-30 10:45:00,London,1,0.6616695861268385,0.5554711246200612
2024-10-01 02:15:00,Other,0,0.4351488128641725,0.5365853658536585
2024-10-01 03:00:00,Other,1,0.3363167588439588,0.49413298565840924
2024-10-01 03:15:00,Other,1,0.3517114073418204,0.49413298565840924
2024-10-01 03:45:00,Other,1,0.2770900213018625,0.49413298565840924
2024-10-01 04:00:00,Other,1,0.2701870033658896,0.4878048780487805
2024-10-01 04:30:00,Other,0,0.3097472640885995,0.49413298565840924
2024-10-01 04:45:00,Other,1,0.296763419681399,0.49413298565840924
2024-10-01 05:15:00,Other,1,0.2626526232096612,0.46153846153846156
2024-10-01 05:30:00,Other,0,0.3283303255849377,0.49413298565840924
2024-10-01 05:45:00,Other,1,0.3283303255849377,0.49413298565840924
2024-10-01 06:15:00,Other,0,0.3283303255849377,0.49413298565840924
2024-10-01 06:45:00,Other,0,0.3283303255849377,0.49413298565840924
2024-10-01 07:15:00,London,1,0.3416251719196309,0.49413298565840924
2024-10-01 08:00:00,London,0,0.360215544238024,0.49413298565840924
2024-10-01 08:15:00,London,1,0.3529693995911735,0.49413298565840924
2024-10-01 08:45:00,London,1,0.3372886040854606,0.49413298565840924
2024-10-01 09:00:00,London,1,0.3475393677638073,0.49413298565840924
2024-10-01 10:00:00,London,1,0.4528296640674923,0.5365853658536585
2024-10-01 11:00:00,London,0,0.4438217434468929,0.5365853658536585
2024-10-01 11:45:00,London,1,0.4857677959812467,0.5365853658536585
2024-10-01 12:00:00,London,0,0.516563094711853,0.5365853658536585
2024-10-01 13:00:00,London,1,0.7185956493063126,0.6214689265536721
2024-10-01 15:30:00,London,1,0.7542656303465639,0.6214689265536721
2024-10-01 16:00:00,London,1,0.6428805002185204,0.5554711246200612
2024-10-01 16:15:00,London,1,0.7059523442765715,0.6214689265536721
2024-10-01 16:30:00,London,1,0.839081882529952,0.7101449275362319
2024-10-01 17:00:00,NY,0,0.7779077352539805,0.6214689265536721
2024-10-01 18:00:00,NY,1,0.7303719971473098,0.6214689265536721
2024-10-01 19:30:00,NY,0,0.4476803718866092,0.5365853658536585
2024-10-01 20:15:00,NY,1,0.7210446745746921,0.6214689265536721
2024-10-01 20:30:00,NY,1,0.6759404728984628,0.5573770491803278
2024-10-01 20:45:00,NY,0,0.7206030131962476,0.6214689265536721
2024-10-01 22:15:00,Other,0,0.7035381521870633,0.6214689265536721
2024-10-01 22:45:00,Other,0,0.3850478608461929,0.49413298565840924
2024-10-01 23:15:00,Other,0,0.6315964624407782,0.5554711246200612
2024-10-01 23:45:00,Other,0,0.6211055327069661,0.5554711246200612
2024-10-02 00:00:00,Other,1,0.4683862171089328,0.5365853658536585
2024-10-02 00:15:00,Other,0,0.4901471791853086,0.5365853658536585
2024-10-02 00:30:00,Other,0,0.4868282464203828,0.5365853658536585
2024-10-02 00:45:00,Other,1,0.4868282464203828,0.5365853658536585
2024-10-02 01:00:00,Other,1,0.4420328850116423,0.5365853658536585
2024-10-02 14:45:00,London,0,0.3070600019602259,0.49413298565840924
2024-10-02 15:00:00,London,1,0.7819278282821891,0.6214689265536721
2024-10-03 00:30:00,Other,0,0.6676353640285285,0.5554711246200612
2024-10-03 00:45:00,Other,0,0.3450166549562252,0.49413298565840924
2024-10-03 01:00:00,Other,1,0.570632970874919,0.5554711246200612
2024-10-03 02:15:00,Other,0,0.4245762458549965,0.49413298565840924
2024-10-03 02:30:00,Other,0,0.4618085432407202,0.5365853658536585
2024-10-03 02:45:00,Other,0,0.4291148083214483,0.49413298565840924
2024-10-03 03:00:00,Other,1,0.3463265438919197,0.49413298565840924
2024-10-03 07:00:00,London,0,0.234415549071577,0.4098360655737705
2024-10-03 07:15:00,London,0,0.2307220598700139,0.4098360655737705
2024-10-03 07:30:00,London,1,0.2750425699056937,0.49413298565840924
2024-10-03 07:45:00,London,0,0.3954801475227674,0.49413298565840924
2024-10-03 08:15:00,London,1,0.6757567905865639,0.5573770491803278
2024-10-03 17:45:00,NY,1,0.7472546379853455,0.6214689265536721
2024-10-03 19:00:00,NY,0,0.7946276304504154,0.6214689265536721
2024-10-03 19:30:00,NY,0,0.2858269185233583,0.49413298565840924
2024-10-03 19:45:00,NY,0,0.5938208949157605,0.5554711246200612
2024-10-04 06:15:00,Other,1,0.331684484238085,0.49413298565840924
2024-10-04 06:30:00,Other,0,0.4451214828351036,0.5365853658536585
2024-10-04 06:45:00,Other,1,0.2550312958639791,0.4583333333333333
2024-10-06 22:00:00,Other,1,0.4205126739727324,0.49413298565840924
2024-10-06 22:15:00,Other,0,0.4886742426967014,0.5365853658536585
2024-10-06 22:30:00,Other,0,0.4883206897287245,0.5365853658536585
2024-10-06 22:45:00,Other,0,0.4116845004017707,0.49413298565840924
2024-10-06 23:45:00,Other,1,0.5168036496736234,0.5365853658536585
2024-10-07 00:15:00,Other,0,0.3508262632080249,0.49413298565840924
2024-10-07 00:30:00,Other,0,0.3434659011066401,0.49413298565840924
2024-10-07 00:45:00,Other,1,0.2565510586476127,0.4583333333333333
2024-10-07 01:00:00,Other,0,0.5876428306214126,0.5554711246200612
2024-10-07 02:15:00,Other,1,0.4540681009069577,0.5365853658536585
2024-10-07 02:30:00,Other,0,0.42359580829666,0.49413298565840924
2024-10-07 02:45:00,Other,1,0.4260811492397562,0.49413298565840924
2024-10-07 03:00:00,Other,1,0.3142938282607303,0.49413298565840924
2024-10-07 03:30:00,Other,1,0.3377906557930055,0.49413298565840924
2024-10-07 04:30:00,Other,0,0.3370654381925329,0.49413298565840924
2024-10-07 05:00:00,Other,0,0.3252158420178196,0.49413298565840924
2024-10-07 05:15:00,Other,0,0.3067982660392242,0.49413298565840924
2024-10-07 05:30:00,Other,0,0.2407426287318018,0.42105263157894735
2024-10-07 05:45:00,Other,1,0.3670019429784594,0.49413298565840924
2024-10-07 09:15:00,London,1,0.4313161570246351,0.49413298565840924
2024-10-07 09:45:00,London,1,0.358803012345268,0.49413298565840924
2024-10-07 10:00:00,London,1,0.4390412835806189,0.5365853658536585
2024-10-07 10:15:00,London,0,0.4430641507855521,0.5365853658536585
2024-10-07 10:45:00,London,1,0.4603855421501695,0.5365853658536585
2024-10-07 12:00:00,London,0,0.4417972956781573,0.5365853658536585
2024-10-07 12:15:00,London,0,0.1601964779926998,0.3142857142857143
2024-10-07 12:30:00,London,1,0.7021695012500777,0.6214689265536721
2024-10-07 23:30:00,Other,1,0.5027182735658543,0.5365853658536585
2024-10-08 00:15:00,Other,1,0.4387528265528042,0.5365853658536585
2024-10-08 00:45:00,Other,0,0.319962707187612,0.49413298565840924
2024-10-08 01:00:00,Other,0,0.3525615626595443,0.49413298565840924
2024-10-08 01:30:00,Other,1,0.3119984139089996,0.49413298565840924
2024-10-08 01:45:00,Other,0,0.3480262000777693,0.49413298565840924
2024-10-08 02:15:00,Other,0,0.7060270096392856,0.6214689265536721
2024-10-08 02:30:00,Other,1,0.6842744860838009,0.6041666666666666
2024-10-08 06:15:00,Other,0,0.1063431195193595,0.3142857142857143
2024-10-08 06:45:00,Other,1,0.3688925913662397,0.49413298565840924
2024-10-08 12:45:00,London,0,0.5910053766569767,0.5554711246200612
2024-10-08 13:30:00,London,0,0.6349348310296336,0.5554711246200612
2024-10-08 14:00:00,London,1,0.7949604162868976,0.6214689265536721
2024-10-08 14:15:00,London,0,0.7375691292150198,0.6214689265536721
2024-10-08 14:45:00,London,0,0.7375691292150198,0.6214689265536721
2024-10-08 15:00:00,London,1,0.7830907349713213,0.6214689265536721
2024-10-08 15:15:00,London,1,0.7830907349713213,0.6214689265536721
2024-10-08 20:00:00,NY,0,0.6157430776834266,0.5554711246200612
2024-10-08 20:45:00,NY,1,0.4549418083584227,0.5365853658536585
2024-10-08 22:00:00,Other,1,0.4797867965499229,0.5365853658536585
2024-10-08 23:00:00,Other,0,0.5215811301732485,0.5365853658536585
2024-10-08 23:30:00,Other,0,0.4894951108675796,0.5365853658536585
2024-10-08 23:45:00,Other,1,0.4890631535489865,0.5365853658536585
2024-10-09 00:00:00,Other,0,0.3741377977131433,0.49413298565840924
2024-10-09 02:00:00,Other,0,0.375939569404107,0.49413298565840924
2024-10-09 02:15:00,Other,1,0.4221169719890007,0.49413298565840924
2024-10-09 02:30:00,Other,0,0.4439160336479315,0.5365853658536585
2024-10-09 02:45:00,Other,0,0.4537080461900521,0.5365853658536585
2024-10-09 03:00:00,Other,1,0.3970954453195203,0.49413298565840924
2024-10-09 03:15:00,Other,0,0.3813203865565485,0.49413298565840924
2024-10-09 03:45:00,Other,1,0.4493381096015624,0.5365853658536585
2024-10-09 04:15:00,Other,1,0.4326535816117288,0.49413298565840924
2024-10-09 04:30:00,Other,1,0.4025825956377492,0.49413298565840924
2024-10-09 05:15:00,Other,0,0.3368584627134511,0.49413298565840924
2024-10-09 06:00:00,Other,0,0.3817848075896913,0.49413298565840924
2024-10-09 06:15:00,Other,1,0.421926216818607,0.49413298565840924
2024-10-09 06:30:00,Other,1,0.4354533243331013,0.5365853658536585
2024-10-09 12:30:00,London,1,0.4376358407297941,0.5365853658536585
2024-10-09 13:00:00,London,0,0.7396251123057903,0.6214689265536721
2024-10-09 13:15:00,London,1,0.7596746243426548,0.6214689265536721
2024-10-10 04:00:00,Other,1,0.4707653076275786,0.5365853658536585
2024-10-10 04:30:00,Other,0,0.3122637018617694,0.49413298565840924
2024-10-10 04:45:00,Other,1,0.3623364040797105,0.49413298565840924
2024-10-10 05:30:00,Other,0,0.3107634335181061,0.49413298565840924
2024-10-10 05:45:00,Other,0,0.3107634335181061,0.49413298565840924
2024-10-10 06:45:00,Other,1,0.4257460721502158,0.49413298565840924
2024-10-10 09:45:00,London,0,0.3039844640271144,0.49413298565840924
2024-10-10 10:00:00,London,0,0.3970945781153855,0.49413298565840924
2024-10-10 10:15:00,London,0,0.3970945781153855,0.49413298565840924
2024-10-10 11:30:00,London,1,0.4038813701220747,0.49413298565840924
2024-10-10 12:00:00,London,1,0.343267327944032,0.49413298565840924
2024-10-10 14:15:00,London,1,0.661271689200655,0.5554711246200612
2024-10-10 14:30:00,London,0,0.7330537198661441,0.6214689265536721
2024-10-10 14:45:00,London,0,0.7096447398493678,0.6214689265536721
2024-10-10 15:15:00,London,0,0.6821609757566974,0.6041666666666666
2024-10-10 15:30:00,London,1,0.7882256840464728,0.6214689265536721
2024-10-10 16:00:00,London,0,0.6741505138213623,0.5573770491803278
2024-10-10 20:45:00,NY,0,0.4773799696435055,0.5365853658536585
2024-10-10 22:15:00,Other,1,0.5593502747136594,0.5554711246200612
2024-10-10 23:15:00,Other,1,0.5529596707068901,0.5554711246200612
2024-10-10 23:45:00,Other,1,0.5500309409932846,0.5554711246200612
2024-10-11 00:00:00,Other,0,0.4471333902868564,0.5365853658536585
2024-10-11 00:15:00,Other,1,0.5127553294058562,0.5365853658536585
2024-10-11 01:30:00,Other,1,0.4973266322576184,0.5365853658536585
2024-10-11 01:45:00,Other,0,0.4698930884584091,0.5365853658536585
2024-10-11 02:00:00,Other,1,0.4737360872015947,0.5365853658536585
2024-10-11 02:30:00,Other,1,0.5112933779510347,0.5365853658536585
2024-10-11 03:30:00,Other,1,0.4274969037490452,0.49413298565840924
2024-10-11 03:45:00,Other,0,0.5158730993728523,0.5365853658536585
2024-10-11 04:00:00,Other,0,0.4277525619057867,0.49413298565840924
2024-10-11 05:45:00,Other,0,0.3107073554840706,0.49413298565840924
2024-10-11 07:00:00,London,1,0.428211236841072,0.49413298565840924
2024-10-11 07:15:00,London,1,0.4714503059603316,0.5365853658536585
2024-10-11 07:45:00,London,0,0.2991906502739081,0.49413298565840924
2024-10-11 08:15:00,London,0,0.397445955363201,0.49413298565840924
2024-10-11 08:30:00,London,0,0.4080866280992054,0.49413298565840924
2024-10-11 08:45:00,London,0,0.4182595136023843,0.49413298565840924
2024-10-11 16:30:00,London,1,0.6392811871508783,0.5554711246200612
2024-10-11 16:45:00,London,0,0.6217230723819454,0.5554711246200612
2024-10-11 17:00:00,NY,0,0.7665170117737495,0.6214689265536721
2024-10-11 17:30:00,NY,1,0.5618273229844408,0.5554711246200612
2024-10-11 17:45:00,NY,0,0.2586245800280076,0.4583333333333333
2024-10-11 18:00:00,NY,1,0.105611698626738,0.3142857142857143
2024-10-11 18:45:00,NY,0,0.4920388600115607,0.5365853658536585
2024-10-11 20:00:00,NY,0,0.3872881942109721,0.49413298565840924
2024-10-13 23:15:00,Other,0,0.6510127917956461,0.5554711246200612
2024-10-13 23:45:00,Other,0,0.4946849940437171,0.5365853658536585
2024-10-14 00:00:00,Other,1,0.3201838381396895,0.49413298565840924
2024-10-14 00:15:00,Other,0,0.2986612795495826,0.49413298565840924
2024-10-14 01:00:00,Other,1,0.2429119492279011,0.42105263157894735
2024-10-14 01:30:00,Other,1,0.2813057121369229,0.49413298565840924
2024-10-14 06:30:00,Other,0,0.2714751236646381,0.4878048780487805
2024-10-14 07:30:00,London,0,0.3772485696072608,0.49413298565840924
2024-10-14 07:45:00,London,1,0.2234584060276163,0.4098360655737705
2024-10-14 08:00:00,London,1,0.6109089761018984,0.5554711246200612
2024-10-14 08:15:00,London,1,0.5456320873528628,0.5365853658536585
2024-10-14 08:30:00,London,0,0.6206039169995503,0.5554711246200612
2024-10-14 08:45:00,London,1,0.6605332287814061,0.5554711246200612
2024-10-14 09:00:00,London,0,0.7771239747923443,0.6214689265536721
2024-10-14 09:15:00,London,0,0.2776154334398382,0.49413298565840924
2024-10-15 02:30:00,Other,1,0.3311631101268266,0.49413298565840924
2024-10-15 02:45:00,Other,0,0.3876920005186415,0.49413298565840924
2024-10-15 03:15:00,Other,0,0.2961112952646438,0.49413298565840924
2024-10-15 03:30:00,Other,0,0.3153469265437301,0.49413298565840924
2024-10-15 03:45:00,Other,0,0.3717937870787688,0.49413298565840924
2024-10-15 04:00:00,Other,0,0.275253260509911,0.49413298565840924
2024-10-15 04:15:00,Other,0,0.3040064528597859,0.49413298565840924
2024-10-15 05:00:00,Other,0,0.298246541943071,0.49413298565840924
2024-10-15 05:15:00,Other,1,0.2865125755355316,0.49413298565840924
2024-10-15 09:45:00,London,0,0.4299407723127654,0.49413298565840924
2024-10-15 10:45:00,London,0,0.4525048986893146,0.5365853658536585
2024-10-15 11:30:00,London,0,0.5410454843452258,0.5365853658536585
2024-10-15 12:00:00,London,1,0.550924401674699,0.5554711246200612
2024-10-15 12:15:00,London,0,0.7142100073332117,0.6214689265536721
2024-10-15 12:45:00,London,1,0.7416074647081735,0.6214689265536721
2024-10-15 13:45:00,London,1,0.7001615730051328,0.6214689265536721
2024-10-15 14:15:00,London,1,0.7999070872403589,0.7090909090909091
2024-10-15 14:30:00,London,1,0.7999070872403589,0.7090909090909091
2024-10-15 15:15:00,London,1,0.8078944168029097,0.7090909090909091
2024-10-15 16:00:00,London,0,0.6790326187426515,0.5573770491803278
2024-10-15 16:45:00,London,1,0.6790734843702979,0.5573770491803278
2024-10-15 18:30:00,NY,1,0.8535648326549059,0.7101449275362319
2024-10-15 18:45:00,NY,0,0.6922897590670622,0.6214689265536721
2024-10-15 19:30:00,NY,0,0.7680612335884862,0.6214689265536721
2024-10-16 02:15:00,Other,1,0.436425013047821,0.5365853658536585
2024-10-16 02:45:00,Other,1,0.4546108947919183,0.5365853658536585
2024-10-16 03:00:00,Other,0,0.427444137673949,0.49413298565840924
2024-10-16 03:15:00,Other,1,0.5114059715770607,0.5365853658536585
2024-10-16 03:30:00,Other,1,0.42787427978371,0.49413298565840924
2024-10-16 04:15:00,Other,1,0.4740717748154716,0.5365853658536585
2024-10-16 05:00:00,Other,1,0.3656993823695851,0.49413298565840924
2024-10-16 05:45:00,Other,1,0.3650926152351376,0.49413298565840924
2024-10-16 06:00:00,Other,1,0.3446572670461594,0.49413298565840924
2024-10-16 06:30:00,Other,1,0.4010431275987537,0.49413298565840924
2024-10-16 06:45:00,Other,0,0.4010431275987537,0.49413298565840924
2024-10-16 07:00:00,London,0,0.4457766628249415,0.5365853658536585
2024-10-16 07:15:00,London,0,0.4949137849724776,0.5365853658536585
2024-10-16 07:30:00,London,1,0.4682526469395798,0.5365853658536585
2024-10-16 07:45:00,London,1,0.4823836524807416,0.5365853658536585
2024-10-16 08:30:00,London,1,0.5099143450290107,0.5365853658536585
2024-10-16 08:45:00,London,0,0.4715926921640287,0.5365853658536585
2024-10-16 09:15:00,London,1,0.6555724026389033,0.5554711246200612
2024-10-16 09:30:00,London,0,0.3499354982145596,0.49413298565840924
2024-10-16 11:30:00,London,1,0.5292961614441978,0.5365853658536585
2024-10-16 11:45:00,London,1,0.6061573379495605,0.5554711246200612
2024-10-16 12:15:00,London,0,0.5648758795705927,0.5554711246200612
2024-10-16 12:30:00,London,1,0.6482921392483404,0.5554711246200612
2024-10-16 14:15:00,London,0,0.6761671920684915,0.5573770491803278
2024-10-16 15:00:00,London,1,0.8359537020414454,0.7101449275362319
2024-10-16 15:15:00,London,0,0.783603905393612,0.6214689265536721
2024-10-16 15:45:00,London,1,0.7371335332764586,0.6214689265536721
2024-10-17 02:45:00,Other,0,0.4721182304785286,0.5365853658536585
2024-10-17 03:00:00,Other,0,0.1739199449736834,0.3142857142857143
2024-10-17 03:30:00,Other,1,0.3674268742458112,0.49413298565840924
2024-10-17 04:15:00,Other,1,0.5297670034326659,0.5365853658536585
2024-10-17 04:30:00,Other,1,0.4979559451178593,0.5365853658536585
2024-10-17 05:15:00,Other,1,0.3890539016531402,0.49413298565840924
2024-10-17 05:45:00,Other,0,0.4082756478709424,0.49413298565840924
2024-10-17 06:15:00,Other,1,0.3466809457136503,0.49413298565840924
2024-10-17 06:45:00,Other,1,0.5694934226081237,0.5554711246200612
2024-10-17 07:00:00,London,1,0.425144395866484,0.49413298565840924
2024-10-17 08:15:00,London,0,0.3793446941085529,0.49413298565840924
2024-10-17 09:00:00,London,1,0.3123945875330253,0.49413298565840924
2024-10-17 11:00:00,London,0,0.4161766992023912,0.49413298565840924
2024-10-17 12:00:00,London,1,0.73643164131112,0.6214689265536721
2024-10-17 12:15:00,London,1,0.7682899426109085,0.6214689265536721
2024-10-17 15:45:00,London,0,0.706614466196823,0.6214689265536721
2024-10-17 17:00:00,NY,0,0.650694976271055,0.5554711246200612
2024-10-17 18:15:00,NY,0,0.7242687594072142,0.6214689265536721
2024-10-17 18:30:00,NY,1,0.7518298446502097,0.6214689265536721
2024-10-17 19:15:00,NY,1,0.5667745951571492,0.5554711246200612
2024-10-17 19:45:00,NY,1,0.7583016523227228,0.6214689265536721
2024-10-17 22:00:00,Other,1,0.5276092194838128,0.5365853658536585
2024-10-17 22:15:00,Other,1,0.5809385782292988,0.5554711246200612
2024-10-17 23:15:00,Other,1,0.7099135226662526,0.6214689265536721
2024-10-17 23:30:00,Other,1,0.6332252605987393,0.5554711246200612
2024-10-17 23:45:00,Other,1,0.6870351538503952,0.6111111111111112
2024-10-18 00:00:00,Other,1,0.6311885830127093,0.5554711246200612
2024-10-18 00:15:00,Other,1,0.6456463429340242,0.5554711246200612
2024-10-18 01:15:00,Other,1,0.4930634137471777,0.5365853658536585
2024-10-18 01:30:00,Other,1,0.3706250263160306,0.49413298565840924
2024-10-18 02:15:00,Other,1,0.5009698811748647,0.5365853658536585
2024-10-18 03:15:00,Other,1,0.806776390542478,0.7090909090909091
2024-10-18 04:00:00,Other,0,0.6641703425913421,0.5554711246200612
2024-10-18 04:15:00,Other,1,0.6275958456967965,0.5554711246200612
2024-10-18 05:00:00,Other,0,0.3575038041939432,0.49413298565840924
2024-10-18 05:15:00,Other,1,0.2919108687469435,0.49413298565840924
2024-10-18 05:30:00,Other,0,0.3301550688361594,0.49413298565840924
2024-10-18 06:30:00,Other,0,0.5991735686528468,0.5554711246200612
2024-10-18 06:45:00,Other,0,0.5179909282883849,0.5365853658536585
2024-10-18 07:30:00,London,1,0.6691556760302038,0.5554711246200612
2024-10-18 07:45:00,London,1,0.6892820739621177,0.6214689265536721
2024-10-18 08:15:00,London,1,0.7250743501500627,0.6214689265536721
2024-10-18 11:00:00,London,0,0.467422936359511,0.5365853658536585
2024-10-18 11:30:00,London,1,0.5515852949921541,0.5554711246200612
2024-10-18 12:15:00,London,0,0.5918685009276743,0.5554711246200612
2024-10-18 12:45:00,London,1,0.7148914051254344,0.6214689265536721
2024-10-18 14:45:00,London,1,0.6580628080267659,0.5554711246200612
2024-10-18 15:00:00,London,0,0.7437049018270079,0.6214689265536721
2024-10-18 15:15:00,London,0,0.6194543321109999,0.5554711246200612
2024-10-18 15:30:00,London,1,0.6676034512031525,0.5554711246200612
2024-10-18 15:45:00,London,1,0.561018076762183,0.5554711246200612
2024-10-18 16:00:00,London,1,0.5635000439085779,0.5554711246200612
2024-10-18 16:15:00,London,0,0.6108131990818539,0.5554711246200612
2024-10-18 16:30:00,London,0,0.583252220036807,0.5554711246200612
2024-10-18 17:30:00,NY,1,0.7421459809351768,0.6214689265536721
2024-10-18 17:45:00,NY,1,0.770320866505031,0.6214689265536721
2024-10-18 18:00:00,NY,1,0.7810184220947713,0.6214689265536721
2024-10-18 18:15:00,NY,1,0.5143991893061165,0.5365853658536585
2024-10-18 18:30:00,NY,1,0.4641762996315189,0.5365853658536585
2024-10-18 19:15:00,NY,1,0.4752529789700643,0.5365853658536585
2024-10-18 20:30:00,NY,1,0.4707962789700146,0.5365853658536585
2024-10-20 22:00:00,Other,1,0.6029796430510935,0.5554711246200612
2024-10-20 22:15:00,Other,1,0.6678509457699965,0.5554711246200612
2024-10-20 23:00:00,Other,1,0.5814969276195936,0.5554711246200612
2024-10-20 23:30:00,Other,0,0.6504248754038993,0.5554711246200612
2024-10-20 23:45:00,Other,0,0.6762423116914611,0.5573770491803278
2024-10-21 00:45:00,Other,1,0.2974878073811721,0.49413298565840924
2024-10-21 01:15:00,Other,1,0.3321704951852763,0.49413298565840924
2024-10-21 02:15:00,Other,0,0.7160839447954033,0.6214689265536721
2024-10-21 02:30:00,Other,1,0.735002527005719,0.6214689265536721
2024-10-21 03:15:00,Other,0,0.6539374881453794,0.5554711246200612
2024-10-21 04:15:00,Other,0,0.6819415652749146,0.6041666666666666
2024-10-21 05:45:00,Other,1,0.3504524179284086,0.49413298565840924
2024-10-21 06:45:00,Other,1,0.22390154809534,0.4098360655737705
2024-10-21 08:00:00,London,1,0.4106529122045937,0.49413298565840924
2024-10-21 08:15:00,London,0,0.3725336101439187,0.49413298565840924
2024-10-21 08:30:00,London,0,0.4106529122045937,0.49413298565840924
2024-10-21 08:45:00,London,1,0.3264480703997023,0.49413298565840924
2024-10-21 09:15:00,London,0,0.3887759765056378,0.49413298565840924
2024-10-21 10:30:00,London,1,0.6472917165564185,0.5554711246200612
2024-10-21 10:45:00,London,1,0.4564485400462728,0.5365853658536585
2024-10-21 11:00:00,London,1,0.5010616247360248,0.5365853658536585
2024-10-21 11:30:00,London,0,0.4917722067551769,0.5365853658536585
2024-10-21 12:15:00,London,1,0.7099412211312218,0.6214689265536721
2024-10-21 13:45:00,London,0,0.776635502016791,0.6214689265536721
2024-10-21 14:00:00,London,0,0.715712770958438,0.6214689265536721
2024-10-21 14:30:00,London,0,0.7250952788279267,0.6214689265536721
2024-10-21 14:45:00,London,1,0.7822290949701383,0.6214689265536721
2024-10-21 15:00:00,London,1,0.7956853282594659,0.6214689265536721
2024-10-22 05:00:00,Other,0,0.3442923661757011,0.49413298565840924
2024-10-22 05:30:00,Other,0,0.287766699339942,0.49413298565840924
2024-10-22 05:45:00,Other,1,0.7078319713458255,0.6214689265536721
2024-10-22 06:00:00,Other,1,0.3712722191199581,0.49413298565840924
2024-10-22 06:30:00,Other,1,0.3117388394865129,0.49413298565840924
2024-10-22 06:45:00,Other,0,0.3117388394865129,0.49413298565840924
2024-10-22 07:15:00,London,0,0.3419618589718522,0.49413298565840924
2024-10-22 07:30:00,London,1,0.3184152180275881,0.49413298565840924
2024-10-22 08:45:00,London,1,0.4022811526672137,0.49413298565840924
2024-10-22 09:00:00,London,0,0.4053122831726306,0.49413298565840924
2024-10-22 09:30:00,London,1,0.3814223595040802,0.49413298565840924
2024-10-22 11:15:00,London,1,0.5628882874463537,0.5554711246200612
2024-10-22 15:45:00,London,1,0.7706272175739234,0.6214689265536721
2024-10-22 16:00:00,London,1,0.6512157130319963,0.5554711246200612
2024-10-22 16:15:00,London,1,0.685133591645629,0.6111111111111112
2024-10-22 16:30:00,London,1,0.6481384852142857,0.5554711246200612
2024-10-22 16:45:00,London,1,0.6507082808235731,0.5554711246200612
2024-10-22 17:15:00,NY,1,0.7486406882909079,0.6214689265536721
2024-10-22 17:30:00,NY,0,0.6515065564123572,0.5554711246200612
2024-10-22 18:00:00,NY,0,0.5988950019071151,0.5554711246200612
2024-10-22 18:45:00,NY,1,0.5547334591266795,0.5554711246200612
2024-10-22 19:15:00,NY,0,0.4838525492856729,0.5365853658536585
2024-10-22 19:30:00,NY,1,0.620490515907708,0.5554711246200612
2024-10-22 20:00:00,NY,0,0.628858028703331,0.5554711246200612
2024-10-22 20:15:00,NY,0,0.5623246354262619,0.5554711246200612
2024-10-22 20:45:00,NY,0,0.5116169329421272,0.5365853658536585
2024-10-22 23:15:00,Other,0,0.619210848314452,0.5554711246200612
2024-10-23 00:15:00,Other,0,0.6695669785724139,0.5554711246200612
2024-10-23 00:30:00,Other,0,0.5528412414741288,0.5554711246200612
2024-10-23 01:30:00,Other,1,0.4694232895779064,0.5365853658536585
2024-10-23 06:15:00,Other,0,0.3285977758781799,0.49413298565840924
2024-10-23 07:00:00,London,1,0.3809500183832209,0.49413298565840924
2024-10-23 07:15:00,London,1,0.3988924023876368,0.49413298565840924
2024-10-23 07:30:00,London,1,0.3743518016042819,0.49413298565840924
2024-10-23 07:45:00,London,1,0.4279608903102704,0.49413298565840924
2024-10-23 08:00:00,London,1,0.383282269044609,0.49413298565840924
2024-10-23 08:15:00,London,0,0.4124861200724851,0.49413298565840924
2024-10-23 09:45:00,London,1,0.3650701933565545,0.49413298565840924
2024-10-23 10:30:00,London,0,0.4790665785188322,0.5365853658536585
2024-10-23 12:00:00,London,0,0.4784570300456932,0.5365853658536585
2024-10-23 12:15:00,London,0,0.6482921392483404,0.5554711246200612
2024-10-23 13:45:00,London,0,0.549392975751074,0.5554711246200612
2024-10-23 14:15:00,London,1,0.7679009301397484,0.6214689265536721
2024-10-23 14:30:00,London,1,0.8071575727591316,0.7090909090909091
2024-10-23 14:45:00,London,1,0.8071575727591316,0.7090909090909091
2024-10-23 15:00:00,London,1,0.821189250842849,0.7101449275362319
2024-10-24 00:15:00,Other,1,0.4565881838392448,0.5365853658536585
2024-10-24 00:30:00,Other,1,0.4582211502869594,0.5365853658536585
2024-10-24 00:45:00,Other,1,0.3619422388325567,0.49413298565840924
2024-10-24 01:00:00,Other,1,0.394963558163649,0.49413298565840924
2024-10-24 01:15:00,Other,0,0.3316745376422375,0.49413298565840924
2024-10-24 01:45:00,Other,0,0.341720522346345,0.49413298565840924
2024-10-24 02:30:00,Other,1,0.6373361500468673,0.5554711246200612
2024-10-24 03:15:00,Other,0,0.383483772087479,0.49413298565840924
2024-10-24 03:45:00,Other,1,0.3427203192995596,0.49413298565840924
2024-10-24 04:15:00,Other,1,0.2850974665351889,0.49413298565840924
2024-10-24 05:15:00,Other,1,0.2010098500530948,0.4098360655737705
2024-10-24 05:45:00,Other,1,0.2360929711944837,0.4166666666666667
2024-10-24 06:00:00,Other,1,0.3589409904462162,0.49413298565840924
2024-10-24 06:15:00,Other,1,0.2660627313270557,0.4878048780487805
2024-10-24 06:45:00,Other,1,0.2938611098783195,0.49413298565840924
2024-10-24 07:00:00,London,0,0.3348128926511309,0.49413298565840924
2024-10-24 07:30:00,London,1,0.3147227780202997,0.49413298565840924
2024-10-24 08:30:00,London,0,0.3990827941914361,0.49413298565840924
2024-10-24 08:45:00,London,1,0.3280455791717558,0.49413298565840924
2024-10-24 09:15:00,London,1,0.3890958788511183,0.49413298565840924
2024-10-24 09:45:00,London,1,0.3239434276058242,0.49413298565840924
2024-10-24 10:00:00,London,1,0.4342438681235808,0.5365853658536585
2024-10-24 10:15:00,London,1,0.3842283774498551,0.49413298565840924
2024-10-24 10:30:00,London,0,0.3376953807345872,0.49413298565840924
2024-10-24 11:30:00,London,0,0.35722405591545,0.49413298565840924
2024-10-24 12:00:00,London,1,0.4144926700959522,0.49413298565840924
2024-10-24 13:45:00,London,0,0.7358306936672243,0.6214689265536721
2024-10-24 14:15:00,London,1,0.7064842662682106,0.6214689265536721
2024-10-25 13:00:00,London,1,0.6662180942894834,0.5554711246200612
2024-10-25 13:30:00,London,0,0.6729871669916984,0.5573770491803278
2024-10-25 13:45:00,London,1,0.5984751171037406,0.5554711246200612
2024-10-25 14:00:00,London,0,0.6591586168145119,0.5554711246200612
2024-10-25 14:15:00,London,1,0.743738434699155,0.6214689265536721
2024-10-25 14:30:00,London,0,0.7629215396195715,0.6214689265536721
2024-10-25 16:15:00,London,1,0.6752140894196218,0.5573770491803278
2024-10-25 16:45:00,London,1,0.5746808485016004,0.5554711246200612
2024-10-25 17:00:00,NY,1,0.5905834420815783,0.5554711246200612
2024-10-25 17:15:00,NY,1,0.5905834420815783,0.5554711246200612
2024-10-25 18:00:00,NY,1,0.7810184220947713,0.6214689265536721
2024-10-25 18:15:00,NY,0,0.4103911632879381,0.49413298565840924
2024-10-25 18:45:00,NY,0,0.581283176873464,0.5554711246200612
2024-10-25 19:00:00,NY,1,0.4885255772846208,0.5365853658536585
2024-10-25 19:30:00,NY,0,0.4752529789700643,0.5365853658536585
2024-10-25 19:45:00,NY,0,0.5663060433098851,0.5554711246200612
2024-10-28 07:00:00,London,0,0.6840995144925054,0.6041666666666666
2024-10-28 07:15:00,London,1,0.7310426380167557,0.6214689265536721
2024-10-28 07:45:00,London,1,0.5553911508122252,0.5554711246200612
2024-10-28 08:00:00,London,1,0.6374205780960904,0.5554711246200612
2024-10-28 08:15:00,London,0,0.7217556135831764,0.6214689265536721
2024-10-28 08:30:00,London,0,0.6947286912569987,0.6214689265536721
2024-10-28 09:30:00,London,0,0.608948786050369,0.5554711246200612
2024-10-28 09:45:00,London,1,0.5862841725211293,0.5554711246200612
2024-10-28 10:00:00,London,1,0.606073318884717,0.5554711246200612
2024-10-28 15:00:00,London,1,0.7509877296647699,0.6214689265536721
2024-10-28 15:15:00,London,1,0.7031589119955564,0.6214689265536721
2024-10-28 16:15:00,London,0,0.6476044129125276,0.5554711246200612
2024-10-28 18:00:00,NY,0,0.3967289421854604,0.49413298565840924
2024-10-28 18:30:00,NY,1,0.5805207011522977,0.5554711246200612
2024-10-28 19:30:00,NY,0,0.5298144393070165,0.5365853658536585
2024-10-28 20:00:00,NY,1,0.6693999371930678,0.5554711246200612
2024-10-28 20:15:00,NY,0,0.5434947075239559,0.5365853658536585
2024-10-28 20:30:00,NY,0,0.5134593262949249,0.5365853658536585
2024-10-28 22:00:00,Other,1,0.5706850805548815,0.5554711246200612
2024-10-29 02:15:00,Other,0,0.4036470159806121,0.49413298565840924
2024-10-29 04:45:00,Other,1,0.4177745684368034,0.49413298565840924
2024-10-29 05:15:00,Other,1,0.5897903624609503,0.5554711246200612
2024-10-29 05:30:00,Other,0,0.3818993101122301,0.49413298565840924
2024-10-29 06:00:00,Other,1,0.5472937215774941,0.5365853658536585
2024-10-29 06:15:00,Other,1,0.3919980472204273,0.49413298565840924
2024-10-29 06:30:00,Other,1,0.3563857144372028,0.49413298565840924
2024-10-29 07:00:00,London,1,0.3662025193817768,0.49413298565840924
2024-10-29 07:15:00,London,0,0.3426394821809113,0.49413298565840924
2024-10-29 07:45:00,London,0,0.3666939306893159,0.49413298565840924
2024-10-29 08:00:00,London,1,0.358361908334773,0.49413298565840924
2024-10-29 09:30:00,London,0,0.4763669539347894,0.5365853658536585
2024-10-29 09:45:00,London,0,0.3869412846312748,0.49413298565840924
2024-10-29 10:00:00,London,0,0.4523425993051408,0.5365853658536585
2024-10-29 10:15:00,London,1,0.4743855924867711,0.5365853658536585
2024-10-29 10:45:00,London,1,0.4710041866004614,0.5365853658536585
2024-10-29 14:45:00,London,0,0.7886097513410918,0.6214689265536721
2024-10-29 15:00:00,London,0,0.6871502510437713,0.6111111111111112
2024-10-29 15:30:00,London,1,0.8961879381895391,0.8
2024-10-29 16:00:00,London,1,0.6790326187426515,0.5573770491803278
2024-10-29 17:15:00,NY,1,0.7639474527865837,0.6214689265536721
2024-10-29 17:45:00,NY,0,0.6271758048782327,0.5554711246200612
2024-10-29 18:00:00,NY,1,0.6728211853134142,0.5573770491803278
2024-10-29 18:45:00,NY,1,0.6329509910043155,0.5554711246200612
2024-10-29 20:45:00,NY,0,0.5523389949852534,0.5554711246200612
2024-10-29 22:00:00,Other,1,0.5923384639472232,0.5554711246200612
2024-10-29 22:45:00,Other,0,0.6325489316144693,0.5554711246200612
2024-10-29 23:00:00,Other,1,0.5940165528811299,0.5554711246200612
2024-10-29 23:15:00,Other,1,0.5940165528811299,0.5554711246200612
2024-10-29 23:45:00,Other,1,0.6695600328663569,0.5554711246200612
2024-10-30 00:00:00,Other,0,0.6927259231578974,0.6214689265536721
2024-10-30 00:15:00,Other,1,0.5387763763410588,0.5365853658536585
2024-10-30 01:15:00,Other,1,0.4016755464541335,0.49413298565840924
2024-10-30 02:45:00,Other,0,0.436425013047821,0.5365853658536585
2024-10-30 03:15:00,Other,1,0.5798323095364116,0.5554711246200612
2024-10-30 03:30:00,Other,0,0.3933553611435449,0.49413298565840924
2024-10-30 03:45:00,Other,0,0.4089427951160739,0.49413298565840924
2024-10-30 04:00:00,Other,1,0.518238244883383,0.5365853658536585
2024-10-30 04:15:00,Other,1,0.3667172895629364,0.49413298565840924
2024-10-30 04:30:00,Other,0,0.4454099259258655,0.5365853658536585
2024-10-30 05:00:00,Other,1,0.3129691494836008,0.49413298565840924
2024-10-30 05:30:00,Other,1,0.3592232296889344,0.49413298565840924
2024-10-30 06:15:00,Other,1,0.4041234422173952,0.49413298565840924
2024-10-30 06:30:00,Other,0,0.3755123221211225,0.49413298565840924
2024-10-30 07:00:00,London,0,0.4021681479586817,0.49413298565840924
2024-10-30 07:45:00,London,1,0.4618548435510377,0.5365853658536585
2024-10-30 08:15:00,London,0,0.5255334716911229,0.5365853658536585
2024-10-30 08:45:00,London,1,0.7001465363822781,0.6214689265536721
2024-10-30 09:00:00,London,0,0.4692674562531162,0.5365853658536585
2024-10-30 09:15:00,London,1,0.4706032203537035,0.5365853658536585
2024-10-30 09:30:00,London,1,0.4928028266977813,0.5365853658536585
2024-10-30 10:00:00,London,0,0.5270567356506823,0.5365853658536585
2024-10-30 10:15:00,London,0,0.4549480666935995,0.5365853658536585
2024-10-30 10:30:00,London,1,0.4979649309168493,0.5365853658536585
2024-10-30 10:45:00,London,1,0.4743604288142442,0.5365853658536585
2024-10-30 11:30:00,London,0,0.4743659525349444,0.5365853658536585
2024-10-30 12:00:00,London,1,0.5762556115631876,0.5554711246200612
2024-10-30 19:00:00,NY,0,0.5447340438468948,0.5365853658536585
2024-10-30 19:15:00,NY,0,0.5276077651254856,0.5365853658536585
2024-10-30 19:30:00,NY,1,0.8431052854641647,0.7101449275362319
2024-10-30 19:45:00,NY,0,0.5998881617192293,0.5554711246200612
2024-10-30 20:00:00,NY,1,0.612468815021998,0.5554711246200612
2024-10-30 20:45:00,NY,1,0.5877690582110532,0.5554711246200612
2024-10-30 22:30:00,Other,1,0.7586037638790832,0.6214689265536721
2024-10-30 22:45:00,Other,0,0.6991872343465474,0.6214689265536721
2024-10-30 23:15:00,Other,1,0.7192855696595541,0.6214689265536721
2024-10-31 00:30:00,Other,1,0.4878300578424763,0.5365853658536585
2024-10-31 20:00:00,NY,0,0.3908062497771944,0.49413298565840924
2024-10-31 20:45:00,NY,1,0.3368757292201933,0.49413298565840924
2024-10-31 22:00:00,Other,0,0.5129635877694914,0.5365853658536585
2024-10-31 22:15:00,Other,1,0.5129635877694914,0.5365853658536585
2024-10-31 22:30:00,Other,1,0.4662073741321941,0.5365853658536585
2024-10-31 22:45:00,Other,1,0.4881447449863429,0.5365853658536585
2024-10-31 23:15:00,Other,0,0.4555759369859666,0.5365853658536585
2024-10-31 23:45:00,Other,0,0.4873606299918749,0.5365853658536585
2024-11-01 00:30:00,Other,1,0.4429555306561366,0.5365853658536585
2024-11-01 01:00:00,Other,1,0.358550763162743,0.49413298565840924
2024-11-01 02:15:00,Other,1,0.439159180740429,0.5365853658536585
2024-11-01 02:30:00,Other,0,0.3964739435065949,0.49413298565840924
2024-11-01 02:45:00,Other,1,0.3854673482407401,0.49413298565840924
2024-11-01 03:15:00,Other,1,0.3415796758815892,0.49413298565840924
2024-11-01 04:00:00,Other,1,0.266396765793055,0.4878048780487805
2024-11-01 05:45:00,Other,1,0.2729104755458095,0.4878048780487805
2024-11-01 06:15:00,Other,0,0.3600879019348501,0.49413298565840924
2024-11-01 06:45:00,Other,1,0.2774672101822101,0.49413298565840924
2024-11-01 07:00:00,London,0,0.0608472705577729,0.0
2024-11-01 07:45:00,London,1,0.2471339418088537,0.4583333333333333
2024-11-01 08:15:00,London,1,0.2907272128960564,0.49413298565840924
2024-11-01 09:00:00,London,0,0.3671817703313023,0.49413298565840924
2024-11-01 09:30:00,London,1,0.6592411073814755,0.5554711246200612
2024-11-01 09:45:00,London,0,0.6530629998285645,0.5554711246200612
2024-11-01 10:15:00,London,1,0.6448952618447147,0.5554711246200612
2024-11-01 13:30:00,London,0,0.8239919514432468,0.7101449275362319
2024-11-01 14:00:00,London,0,0.6110129316018619,0.5554711246200612
2024-11-01 14:15:00,London,0,0.6321681160821714,0.5554711246200612
2024-11-04 01:15:00,Other,1,0.3679184702659425,0.49413298565840924
2024-11-04 01:45:00,Other,1,0.3326929326708234,0.49413298565840924
2024-11-04 02:00:00,Other,0,0.3332802729597719,0.49413298565840924
2024-11-04 02:15:00,Other,0,0.4321787558860719,0.49413298565840924
2024-11-04 02:30:00,Other,1,0.3018053037728193,0.49413298565840924
2024-11-04 02:45:00,Other,1,0.4264872750021732,0.49413298565840924
2024-11-04 03:00:00,Other,0,0.3523800485569437,0.49413298565840924
2024-11-04 03:45:00,Other,1,0.3745538247881797,0.49413298565840924
2024-11-04 04:00:00,Other,0,0.3285479775959616,0.49413298565840924
2024-11-04 04:15:00,Other,1,0.3025126217883007,0.49413298565840924
2024-11-04 04:45:00,Other,0,0.2900162474033535,0.49413298565840924
2024-11-04 05:30:00,Other,1,0.1984557003410476,0.4098360655737705
2024-11-04 05:45:00,Other,0,0.2635950504610045,0.46153846153846156
2024-11-04 06:00:00,Other,1,0.2363238400066009,0.4166666666666667
2024-11-04 07:15:00,London,0,0.1246062201020614,0.3142857142857143
2024-11-04 07:30:00,London,0,0.4124664230249657,0.49413298565840924
2024-11-04 07:45:00,London,0,0.3336828688307725,0.49413298565840924
2024-11-04 08:15:00,London,0,0.5380211382849314,0.5365853658536585
2024-11-04 11:30:00,London,1,0.5544762442079982,0.5554711246200612
2024-11-04 12:15:00,London,1,0.6160609222161603,0.5554711246200612
2024-11-04 12:45:00,London,1,0.5573397507968401,0.5554711246200612
2024-11-04 13:45:00,London,0,0.630597409054317,0.5554711246200612
2024-11-04 15:15:00,London,0,0.7185143853081316,0.6214689265536721
2024-11-04 15:30:00,London,0,0.6079093624376998,0.5554711246200612
2024-11-04 15:45:00,London,0,0.6767859487850653,0.5573770491803278
2024-11-04 16:00:00,London,1,0.6926244671444299,0.6214689265536721
2024-11-04 16:15:00,London,1,0.6056673363667966,0.5554711246200612
2024-11-04 16:30:00,London,1,0.2846995218108156,0.49413298565840924
2024-11-05 07:30:00,London,0,0.3648778317368826,0.49413298565840924
2024-11-05 07:45:00,London,0,0.2618146320845101,0.4583333333333333
2024-11-05 08:00:00,London,1,0.5525568621083518,0.5554711246200612
2024-11-05 08:30:00,London,1,0.5922439346386456,0.5554711246200612
2024-11-05 08:45:00,London,1,0.7136768837976156,0.6214689265536721
2024-11-05 09:00:00,London,0,0.6916368753598632,0.6214689265536721
2024-11-05 09:30:00,London,0,0.6623362271249043,0.5554711246200612
2024-11-05 10:15:00,London,1,0.7106705691802175,0.6214689265536721
2024-11-05 11:00:00,London,1,0.8608967987163748,0.7101449275362319
2024-11-05 11:15:00,London,1,0.6948956616591989,0.6214689265536721
2024-11-05 11:30:00,London,1,0.435293789098013,0.5365853658536585
2024-11-05 12:15:00,London,0,0.2143705628282564,0.4098360655737705
2024-11-05 13:00:00,London,1,0.6284635064045385,0.5554711246200612
2024-11-05 13:30:00,London,0,0.5996715779233595,0.5554711246200612
2024-11-05 15:15:00,London,1,0.7265318814305194,0.6214689265536721
2024-11-06 00:15:00,Other,1,0.3948871438922651,0.49413298565840924
2024-11-06 00:30:00,Other,0,0.4079215120876187,0.49413298565840924
2024-11-06 00:45:00,Other,1,0.3797097163307845,0.49413298565840924
2024-11-06 02:15:00,Other,0,0.7342616736892343,0.6214689265536721
2024-11-06 02:30:00,Other,0,0.4598133326862036,0.5365853658536585
2024-11-07 08:00:00,London,1,0.6238392234905402,0.5554711246200612
2024-11-07 08:15:00,London,0,0.5626758879304269,0.5554711246200612
2024-11-07 08:45:00,London,1,0.6999453364722275,0.6214689265536721
2024-11-07 09:00:00,London,1,0.427221353384341,0.49413298565840924
2024-11-07 09:15:00,London,0,0.5798399944823077,0.5554711246200612
2024-11-07 09:30:00,London,1,0.5593546441179298,0.5554711246200612
2024-11-07 10:15:00,London,1,0.6833185352752997,0.6041666666666666
2024-11-07 11:00:00,London,1,0.5781788722255014,0.5554711246200612
2024-11-07 11:15:00,London,1,0.5781788722255014,0.5554711246200612
2024-11-07 12:00:00,London,1,0.6663379146253292,0.5554711246200612
2024-11-07 12:30:00,London,1,0.6800530188309317,0.5573770491803278
2024-11-07 12:45:00,London,1,0.7221436579406314,0.6214689265536721
2024-11-07 13:00:00,London,1,0.7760845496651511,0.6214689265536721
2024-11-07 13:15:00,London,1,0.7591763569668059,0.6214689265536721
2024-11-07 13:45:00,London,1,0.7591763569668059,0.6214689265536721
2024-11-07 14:45:00,London,1,0.8004923985912702,0.7090909090909091
2024-11-07 15:00:00,London,1,0.7856991764842511,0.6214689265536721
2024-11-07 15:15:00,London,0,0.7402258358626057,0.6214689265536721
2024-11-07 15:45:00,London,0,0.6344752825424205,0.5554711246200612
2024-11-07 16:15:00,London,1,0.8805889403627956,0.7352941176470589
2024-11-07 16:30:00,London,1,0.6803828793613691,0.5573770491803278
2024-11-07 17:15:00,NY,0,0.6251148137620511,0.5554711246200612
2024-11-07 18:00:00,NY,1,0.6324628601091221,0.5554711246200612
2024-11-07 18:15:00,NY,1,0.6175080560844922,0.5554711246200612
2024-11-07 18:30:00,NY,1,0.6483177210441952,0.5554711246200612
2024-11-07 20:30:00,NY,1,0.7635187317400816,0.6214689265536721
2024-11-07 20:45:00,NY,1,0.7419188683103571,0.6214689265536721
2024-11-07 21:00:00,NY,1,0.7492164650523924,0.6214689265536721
2024-11-07 21:30:00,NY,0,0.7676796116251736,0.6214689265536721
2024-11-07 23:00:00,Other,1,0.7622716788126663,0.6214689265536721
2024-11-08 00:00:00,Other,0,0.6465732605377219,0.5554711246200612
2024-11-08 01:45:00,Other,0,0.4249096791558441,0.49413298565840924
2024-11-08 02:00:00,Other,1,0.7005139002880132,0.6214689265536721
2024-11-08 02:30:00,Other,0,0.8069557752620967,0.7090909090909091
2024-11-08 03:30:00,Other,1,0.6938121796416795,0.6214689265536721
2024-11-08 12:15:00,London,1,0.6894769229686859,0.6214689265536721
2024-11-08 12:30:00,London,1,0.8211450531041763,0.7101449275362319
2024-11-08 12:45:00,London,0,0.6581755997942402,0.5554711246200612
2024-11-08 13:00:00,London,1,0.6816372740057306,0.6041666666666666
2024-11-08 13:15:00,London,1,0.6482301005430952,0.5554711246200612
2024-11-08 14:15:00,London,0,0.2989848396647624,0.49413298565840924
2024-11-08 14:45:00,London,0,0.6110129316018619,0.5554711246200612
2024-11-08 15:00:00,London,1,0.7917010921204799,0.6214689265536721
2024-11-11 10:45:00,London,1,0.6616695861268385,0.5554711246200612
2024-11-12 02:00:00,Other,1,0.3621021308755341,0.49413298565840924
2024-11-12 02:30:00,Other,1,0.3723764816585051,0.49413298565840924
2024-11-12 03:00:00,Other,1,0.3851605883942924,0.49413298565840924
2024-11-12 03:15:00,Other,0,0.3659102451116612,0.49413298565840924
2024-11-12 03:45:00,Other,0,0.4327160108468227,0.49413298565840924
2024-11-12 04:00:00,Other,1,0.6405955904266788,0.5554711246200612
2024-11-12 04:15:00,Other,0,0.6091816799633388,0.5554711246200612
2024-11-12 04:30:00,Other,1,0.3570593210906623,0.49413298565840924
2024-11-12 05:00:00,Other,0,0.3526315745437067,0.49413298565840924
2024-11-12 05:15:00,Other,0,0.3401879295717033,0.49413298565840924
2024-11-12 05:45:00,Other,1,0.6308094352719485,0.5554711246200612
2024-11-12 06:45:00,Other,1,0.6009151540358334,0.5554711246200612
2024-11-12 07:00:00,London,0,0.5976754246695202,0.5554711246200612
2024-11-12 14:45:00,London,0,0.2349552547696803,0.4098360655737705
2024-11-12 15:30:00,London,1,0.8368553284897627,0.7101449275362319
2024-11-12 16:00:00,London,1,0.4540781336525799,0.5365853658536585
2024-11-12 16:15:00,London,1,0.4745048154907783,0.5365853658536585
2024-11-12 16:30:00,London,1,0.7660614257227857,0.6214689265536721
2024-11-12 16:45:00,London,0,0.4285967509998672,0.49413298565840924
2024-11-12 17:00:00,NY,1,0.5636175433544742,0.5554711246200612
2024-11-13 03:45:00,Other,0,0.7405227195360344,0.6214689265536721
2024-11-13 04:15:00,Other,0,0.6025539195166237,0.5554711246200612
2024-11-13 04:30:00,Other,0,0.7042176364606375,0.6214689265536721
2024-11-13 05:30:00,Other,1,0.8504936307090102,0.7101449275362319
2024-11-13 06:00:00,Other,1,0.7193794790370869,0.6214689265536721
2024-11-13 06:30:00,Other,1,0.4543442827931683,0.5365853658536585
2024-11-13 07:30:00,London,0,0.3933023117195376,0.49413298565840924
2024-11-13 08:00:00,London,1,0.396480127475924,0.49413298565840924
2024-11-13 10:45:00,London,1,0.7368335697926168,0.6214689265536721
2024-11-13 11:00:00,London,1,0.7491842303276682,0.6214689265536721
2024-11-13 12:15:00,London,1,0.6120964700886775,0.5554711246200612
2024-11-13 12:30:00,London,1,0.4782706243952658,0.5365853658536585
2024-11-13 14:00:00,London,0,0.7539143178688475,0.6214689265536721
2024-11-13 14:45:00,London,0,0.8135947010546456,0.7090909090909091
2024-11-14 05:00:00,Other,0,0.6535392421886556,0.5554711246200612
2024-11-14 05:15:00,Other,0,0.3201770776147787,0.49413298565840924
2024-11-14 05:30:00,Other,1,0.5812879589971033,0.5554711246200612
2024-11-14 05:45:00,Other,0,0.4231575587231355,0.49413298565840924
2024-11-14 06:30:00,Other,0,0.3328721394259208,0.49413298565840924
2024-11-14 06:45:00,Other,1,0.3512732833453546,0.49413298565840924
2024-11-14 16:45:00,London,0,0.6803828793613691,0.5573770491803278
2024-11-14 17:30:00,NY,1,0.6776172953349332,0.5573770491803278
2024-11-14 17:45:00,NY,0,0.7208771945003466,0.6214689265536721
2024-11-14 18:15:00,NY,1,0.754716407997853,0.6214689265536721
2024-11-14 19:30:00,NY,0,0.6846016452636143,0.6041666666666666
2024-11-15 12:15:00,London,1,0.7361361951399884,0.6214689265536721
2024-11-15 12:45:00,London,1,0.9646032206145878,1.0
2024-11-15 15:15:00,London,1,0.6912498629146552,0.6214689265536721
2024-11-15 15:45:00,London,1,0.6940112681705943,0.6214689265536721
2024-11-15 16:00:00,London,0,0.6913695865312585,0.6214689265536721
2024-11-15 16:15:00,London,0,0.3034152611048537,0.49413298565840924
2024-11-15 16:30:00,London,0,0.6913695865312585,0.6214689265536721
2024-11-15 17:45:00,NY,1,0.539135536250123,0.5365853658536585
2024-11-18 00:00:00,Other,0,0.2443043322655134,0.42105263157894735
2024-11-18 00:15:00,Other,1,0.4016579559034722,0.49413298565840924
2024-11-18 00:45:00,Other,1,0.506392775628113,0.5365853658536585
2024-11-18 01:00:00,Other,1,0.5373580415413202,0.5365853658536585
2024-11-18 01:15:00,Other,1,0.5249742157548157,0.5365853658536585
2024-11-18 02:00:00,Other,1,0.6085194308137266,0.5554711246200612
2024-11-18 02:15:00,Other,0,0.44192044714191,0.5365853658536585
2024-11-18 02:30:00,Other,0,0.4236761707842633,0.49413298565840924
2024-11-18 03:30:00,Other,1,0.4022214444312931,0.49413298565840924
2024-11-18 03:45:00,Other,1,0.4581768413671269,0.5365853658536585
2024-11-18 04:00:00,Other,1,0.532638360828565,0.5365853658536585
2024-11-18 05:00:00,Other,0,0.705870156831847,0.6214689265536721
2024-11-18 10:15:00,London,1,0.5558828788732583,0.5554711246200612
2024-11-18 11:00:00,London,1,0.6720662778620969,0.5573770491803278
2024-11-18 11:15:00,London,1,0.6570684168443973,0.5554711246200612
2024-11-18 11:30:00,London,1,0.7111582522734821,0.6214689265536721
2024-11-18 11:45:00,London,0,0.6893730428139891,0.6214689265536721
2024-11-18 12:00:00,London,1,0.8181414438571009,0.7101449275362319
2024-11-18 13:00:00,London,1,0.7488466829733189,0.6214689265536721
2024-11-18 13:30:00,London,1,0.7165496969544736,0.6214689265536721
2024-11-18 13:45:00,London,1,0.7200546279792722,0.6214689265536721
2024-11-18 14:00:00,London,0,0.6918628200509392,0.6214689265536721
2024-11-18 14:15:00,London,1,0.6918628200509392,0.6214689265536721
2024-11-18 15:15:00,London,0,0.7528634007703063,0.6214689265536721
2024-11-18 15:30:00,London,1,0.6910680005397201,0.6214689265536721
2024-11-18 15:45:00,London,0,0.92860124803566,0.8
2024-11-18 16:45:00,London,0,0.6141616279692664,0.5554711246200612
2024-11-18 17:00:00,NY,1,0.7099147909636242,0.6214689265536721
2024-11-18 17:45:00,NY,0,0.7198838972843221,0.6214689265536721
2024-11-18 18:15:00,NY,1,0.6378396026519746,0.5554711246200612
2024-11-18 19:15:00,NY,1,0.6087170739601409,0.5554711246200612
2024-11-18 19:30:00,NY,1,0.7078833469575295,0.6214689265536721
2024-11-18 19:45:00,NY,0,0.8824473379386846,0.7352941176470589
2024-11-18 20:30:00,NY,1,0.5670285990863261,0.5554711246200612
2024-11-18 21:30:00,NY,1,0.5871966580322872,0.5554711246200612
2024-11-18 23:15:00,Other,0,0.5559899094140404,0.5554711246200612
2024-11-18 23:30:00,Other,0,0.6096640583591506,0.5554711246200612
2024-11-19 00:00:00,Other,1,0.4596024125140074,0.5365853658536585
2024-11-19 01:00:00,Other,0,0.374697971358502,0.49413298565840924
2024-11-19 01:15:00,Other,1,0.6223576804205339,0.5554711246200612
2024-11-19 02:00:00,Other,1,0.4444402640351934,0.5365853658536585
2024-11-19 02:15:00,Other,1,0.4475983654037667,0.5365853658536585
2024-11-19 02:30:00,Other,0,0.4274556408619697,0.49413298565840924
2024-11-19 02:45:00,Other,1,0.4085338992468068,0.49413298565840924
2024-11-19 03:30:00,Other,1,0.4923087991826985,0.5365853658536585
2024-11-19 04:00:00,Other,0,0.675063615537697,0.5573770491803278
2024-11-19 04:15:00,Other,1,0.6922145640720365,0.6214689265536721
2024-11-19 05:30:00,Other,0,0.3117388394865129,0.49413298565840924
2024-11-19 05:45:00,Other,0,0.3091177113209488,0.49413298565840924
2024-11-19 06:30:00,Other,0,0.3032133477587286,0.49413298565840924
2024-11-19 11:30:00,London,0,0.7131301323425833,0.6214689265536721
2024-11-19 12:00:00,London,1,0.7646292479176366,0.6214689265536721
2024-11-19 12:15:00,London,1,0.7081459606375862,0.6214689265536721
2024-11-19 13:45:00,London,1,0.6348838096788267,0.5554711246200612
2024-11-19 14:00:00,London,0,0.3397124201277514,0.49413298565840924
2024-11-19 14:15:00,London,1,0.7764512161498297,0.6214689265536721
2024-11-19 14:30:00,London,0,0.6636590879664378,0.5554711246200612
2024-11-19 21:30:00,NY,1,0.6902862537184878,0.6214689265536721
2024-11-19 23:15:00,Other,1,0.6094312854876331,0.5554711246200612
2024-11-19 23:30:00,Other,1,0.5657962991844648,0.5554711246200612
2024-11-20 00:00:00,Other,1,0.444718755782681,0.5365853658536585
2024-11-20 00:15:00,Other,1,0.3958665621027745,0.49413298565840924
2024-11-20 02:00:00,Other,0,0.467439547005637,0.5365853658536585
2024-11-20 03:15:00,Other,0,0.4039087678934989,0.49413298565840924
2024-11-20 03:45:00,Other,0,0.4490369579575601,0.5365853658536585
2024-11-20 04:30:00,Other,0,0.3659713311752464,0.49413298565840924
2024-11-20 04:45:00,Other,0,0.4280671497256493,0.49413298565840924
2024-11-20 05:00:00,Other,1,0.3385739433913013,0.49413298565840924
2024-11-20 06:00:00,Other,0,0.3203613571025433,0.49413298565840924
2024-11-20 06:30:00,Other,0,0.3508763282693597,0.49413298565840924
2024-11-20 06:45:00,Other,0,0.3669752281423473,0.49413298565840924
2024-11-20 07:15:00,London,0,0.4475199124477306,0.5365853658536585
2024-11-20 07:30:00,London,0,0.4825510515757043,0.5365853658536585
2024-11-20 07:45:00,London,1,0.676853458327127,0.5573770491803278
2024-11-20 10:45:00,London,0,0.3468635613939446,0.49413298565840924
2024-11-20 11:00:00,London,1,0.4783254279246465,0.5365853658536585
2024-11-20 11:15:00,London,1,0.4899722238329796,0.5365853658536585
2024-11-20 11:30:00,London,1,0.3853913626351,0.49413298565840924
2024-11-20 13:00:00,London,1,0.6606715320510788,0.5554711246200612
2024-11-20 13:15:00,London,0,0.7392163308149902,0.6214689265536721
2024-11-20 13:45:00,London,1,0.8076311551722387,0.7090909090909091
2024-11-20 14:00:00,London,1,0.7647195410926065,0.6214689265536721
2024-11-20 14:30:00,London,0,0.8135947010546456,0.7090909090909091
2024-11-20 14:45:00,London,1,0.8085258337399847,0.7090909090909091
2024-11-20 15:15:00,London,1,0.8359537020414454,0.7101449275362319
2024-11-20 16:00:00,London,1,0.8219371998408368,0.7101449275362319
2024-11-20 16:30:00,London,1,0.6275730733296534,0.5554711246200612
2024-11-20 17:45:00,NY,0,0.7032489407154837,0.6214689265536721
2024-11-20 18:00:00,NY,0,0.4251719724244217,0.49413298565840924
2024-11-20 18:15:00,NY,1,0.8282777780020342,0.7101449275362319
2024-11-20 18:45:00,NY,0,0.8762311270556998,0.7352941176470589
2024-11-20 20:30:00,NY,1,0.6445531147915914,0.5554711246200612
2024-11-20 20:45:00,NY,1,0.7986638247665739,0.6214689265536721
2024-11-20 21:45:00,NY,1,0.8347269772338228,0.7101449275362319
2024-11-20 23:00:00,Other,1,0.7785456858968924,0.6214689265536721
2024-11-20 23:30:00,Other,1,0.6091838527579901,0.5554711246200612
2024-11-21 00:00:00,Other,1,0.4037344087238504,0.49413298565840924
2024-11-21 00:30:00,Other,1,0.3450984475898711,0.49413298565840924
2024-11-21 00:45:00,Other,0,0.4085840000022187,0.49413298565840924
2024-11-21 02:00:00,Other,1,0.5582949568415828,0.5554711246200612
2024-11-21 02:30:00,Other,0,0.5247328378596546,0.5365853658536585
2024-11-21 09:30:00,London,1,0.3555389057035213,0.49413298565840924
2024-11-21 10:00:00,London,1,0.7199665340830614,0.6214689265536721
2024-11-21 10:45:00,London,1,0.7299218978377662,0.6214689265536721
2024-11-21 12:00:00,London,1,0.7745606655035334,0.6214689265536721
2024-11-21 12:30:00,London,0,0.6742209149319107,0.5573770491803278
2024-11-21 12:45:00,London,1,0.6742209149319107,0.5573770491803278
2024-11-21 20:00:00,NY,1,0.7808164485737022,0.6214689265536721
2024-11-21 20:45:00,NY,0,0.4854087154508946,0.5365853658536585
2024-11-21 21:15:00,NY,1,0.6311783865243771,0.5554711246200612
2024-11-21 23:30:00,Other,1,0.6721581148670859,0.5573770491803278
2024-11-22 00:00:00,Other,1,0.4206437015071633,0.49413298565840924
2024-11-22 00:15:00,Other,0,0.4179658307798043,0.49413298565840924
2024-11-22 00:30:00,Other,1,0.4680468804733051,0.5365853658536585
2024-11-22 01:00:00,Other,0,0.4331533181656739,0.49413298565840924
2024-11-22 01:15:00,Other,1,0.3757498123970739,0.49413298565840924
2024-11-22 02:00:00,Other,1,0.500681096343282,0.5365853658536585
2024-11-22 02:15:00,Other,1,0.4489790432323917,0.5365853658536585
2024-11-22 02:30:00,Other,0,0.4705176019008144,0.5365853658536585
2024-11-22 02:45:00,Other,0,0.4588772059497091,0.5365853658536585
2024-11-22 03:45:00,Other,0,0.8363113694393857,0.7101449275362319
2024-11-22 04:30:00,Other,1,0.7363980178517435,0.6214689265536721
2024-11-22 05:00:00,Other,0,0.6981380862468131,0.6214689265536721
2024-11-22 05:15:00,Other,1,0.6575863461893972,0.5554711246200612
2024-11-22 06:15:00,Other,1,0.6666815073081287,0.5554711246200612
2024-11-22 06:45:00,Other,0,0.6922902385823261,0.6214689265536721
2024-11-22 07:00:00,London,1,0.7017054905295163,0.6214689265536721
2024-11-22 07:15:00,London,1,0.7175288294755588,0.6214689265536721
2024-11-22 07:30:00,London,1,0.7373849793430947,0.6214689265536721
2024-11-22 07:45:00,London,1,0.6812794019797914,0.6041666666666666
2024-11-22 08:00:00,London,1,0.6812794019797914,0.6041666666666666
2024-11-22 08:45:00,London,1,0.6595203705035185,0.5554711246200612
2024-11-22 09:30:00,London,1,0.6325971175529425,0.5554711246200612
2024-11-22 10:00:00,London,1,0.7411807266144108,0.6214689265536721
2024-11-22 10:15:00,London,1,0.7411807266144108,0.6214689265536721
2024-11-22 10:45:00,London,0,0.6433901353982913,0.5554711246200612
2024-11-22 11:45:00,London,1,0.6023852291232765,0.5554711246200612
2024-11-22 12:30:00,London,0,0.6992395390802122,0.6214689265536721
2024-11-22 13:15:00,London,1,0.83220905939165,0.7101449275362319
2024-11-22 19:30:00,NY,0,0.5941995850674322,0.5554711246200612
2024-11-22 19:45:00,NY,0,0.5677593921361147,0.5554711246200612
2024-11-22 20:00:00,NY,1,0.7642815364246008,0.6214689265536721
2024-11-22 20:15:00,NY,1,0.585501601372699,0.5554711246200612
2024-11-22 21:15:00,NY,1,0.5532902603342281,0.5554711246200612
2024-11-22 21:30:00,NY,1,0.6195574420081137,0.5554711246200612
2024-11-22 21:45:00,NY,0,0.65793751987531,0.5554711246200612
2024-11-24 23:00:00,Other,1,0.6990993434349397,0.6214689265536721
2024-11-24 23:15:00,Other,1,0.845855386117202,0.7101449275362319
2024-11-24 23:45:00,Other,0,0.7581909470044078,0.6214689265536721
2024-11-25 00:00:00,Other,0,0.5032996997863272,0.5365853658536585
2024-11-25 01:00:00,Other,1,0.6592110314567233,0.5554711246200612
2024-11-25 01:15:00,Other,1,0.6637369147675327,0.5554711246200612
2024-11-26 02:30:00,Other,1,0.2936876262144499,0.49413298565840924
2024-11-26 03:15:00,Other,1,0.4787449341369511,0.5365853658536585
2024-11-26 04:15:00,Other,0,0.6034531412990363,0.5554711246200612
2024-11-26 05:15:00,Other,1,0.4556114592775559,0.5365853658536585
2024-11-26 11:15:00,London,1,0.6335414678617997,0.5554711246200612
2024-11-26 11:30:00,London,1,0.6854354989212382,0.6111111111111112
2024-11-26 12:00:00,London,0,0.6586054548593194,0.5554711246200612
2024-11-26 14:00:00,London,1,0.7751834448608965,0.6214689265536721
2024-11-26 14:15:00,London,0,0.6873735004014421,0.6111111111111112
2024-11-26 14:30:00,London,1,0.8993117482831801,0.8
2024-11-26 14:45:00,London,1,0.6171075718354374,0.5554711246200612
2024-11-26 15:45:00,London,1,0.7903499089224946,0.6214689265536721
2024-11-26 16:30:00,London,1,0.6983578492062165,0.6214689265536721
2024-11-26 16:45:00,London,0,0.6888102505570655,0.6214689265536721
2024-11-26 18:15:00,NY,1,0.5573943457756492,0.5554711246200612
2024-11-26 18:45:00,NY,1,0.8261206272470657,0.7101449275362319
2024-11-26 19:30:00,NY,1,0.8434710937475433,0.7101449275362319
2024-11-26 20:00:00,NY,0,0.4460708186369485,0.5365853658536585
2024-11-26 20:15:00,NY,1,0.4714935282219734,0.5365853658536585
2024-11-26 21:45:00,NY,0,0.5515316062171203,0.5554711246200612
2024-11-26 23:45:00,Other,0,0.6221076818664694,0.5554711246200612
2024-11-27 00:00:00,Other,1,0.3931081197827546,0.49413298565840924
2024-11-27 01:15:00,Other,1,0.424539125561121,0.49413298565840924
2024-11-27 01:30:00,Other,1,0.3697377187902016,0.49413298565840924
2024-11-27 02:00:00,Other,1,0.4681142463824106,0.5365853658536585
2024-11-27 02:15:00,Other,1,0.4802794745841772,0.5365853658536585
2024-11-27 02:45:00,Other,1,0.5998774846497399,0.5554711246200612
2024-11-27 03:30:00,Other,1,0.7481292261431792,0.6214689265536721
2024-11-27 04:15:00,Other,0,0.7082766781790526,0.6214689265536721
2024-11-27 04:45:00,Other,1,0.4928060488976785,0.5365853658536585
2024-11-27 05:45:00,Other,1,0.4292671402049381,0.49413298565840924
2024-11-27 06:15:00,Other,0,0.4144702263041399,0.49413298565840924
2024-11-27 06:30:00,Other,1,0.431024127986516,0.49413298565840924
2024-11-27 08:45:00,London,0,0.7454396481226189,0.6214689265536721
2024-11-27 09:30:00,London,0,0.6372705672707212,0.5554711246200612
2024-11-27 10:15:00,London,1,0.5915289858983993,0.5554711246200612
2024-11-27 10:30:00,London,0,0.4735883450619346,0.5365853658536585
2024-11-27 10:45:00,London,0,0.569407908517697,0.5554711246200612
2024-11-27 14:00:00,London,1,0.6675101841617359,0.5554711246200612
2024-11-27 14:30:00,London,0,0.8135947010546456,0.7090909090909091
2024-11-27 14:45:00,London,0,0.362246356546249,0.49413298565840924
2024-11-27 15:00:00,London,1,0.831366816656015,0.7101449275362319
2024-11-28 07:00:00,London,1,0.3766092183884946,0.49413298565840924
2024-11-28 07:15:00,London,0,0.2781894581330556,0.49413298565840924
2024-11-28 07:30:00,London,1,0.2781894581330556,0.49413298565840924
2024-11-28 07:45:00,London,1,0.3598442066676257,0.49413298565840924
2024-11-28 08:30:00,London,1,0.6351582904318525,0.5554711246200612
2024-11-28 08:45:00,London,1,0.7367596783603378,0.6214689265536721
2024-11-28 09:00:00,London,1,0.6917004427233322,0.6214689265536721
2024-11-28 09:15:00,London,1,0.6746268910582572,0.5573770491803278
2024-11-28 09:30:00,London,0,0.6746268910582572,0.5573770491803278
2024-11-28 10:15:00,London,1,0.4445339166413356,0.5365853658536585
2024-11-28 10:45:00,London,1,0.4371202040657734,0.5365853658536585
2024-11-28 11:00:00,London,0,0.5216181142575196,0.5365853658536585
2024-11-28 11:45:00,London,0,0.4423892022514423,0.5365853658536585
2024-11-28 12:15:00,London,0,0.4693349490787778,0.5365853658536585
2024-11-28 13:00:00,London,1,0.7957190395212096,0.6214689265536721
2024-11-28 13:15:00,London,0,0.5268139099259144,0.5365853658536585
2024-11-28 14:45:00,London,1,0.4561490793750397,0.5365853658536585
2024-11-28 15:15:00,London,1,0.5964059402582359,0.5554711246200612
2024-11-29 02:45:00,Other,1,0.6764027010006466,0.5573770491803278
2024-11-29 03:00:00,Other,1,0.6943423682321801,0.6214689265536721
2024-11-29 03:15:00,Other,1,0.9439165316693324,0.8333333333333334
2024-11-29 04:45:00,Other,1,0.5936150380151315,0.5554711246200612
2024-11-29 05:15:00,Other,1,0.566761424436629,0.5554711246200612
2024-11-29 05:30:00,Other,1,0.677022024401855,0.5573770491803278
2024-11-29 05:45:00,Other,1,0.6977422948809394,0.6214689265536721
2024-11-29 06:15:00,Other,1,0.7208036199084079,0.6214689265536721
2024-11-29 06:30:00,Other,1,0.4748456571400342,0.5365853658536585
2024-11-29 06:45:00,Other,0,0.4048646951401485,0.49413298565840924
2024-11-29 07:00:00,London,1,0.4076682690890995,0.49413298565840924
2024-11-29 07:15:00,London,0,0.4705272892400513,0.5365853658536585
2024-11-29 08:00:00,London,1,0.6031487927815239,0.5554711246200612
2024-11-29 08:15:00,London,0,0.7127231247895954,0.6214689265536721
2024-11-29 08:30:00,London,1,0.684892455407615,0.6111111111111112
2024-11-29 09:30:00,London,1,0.6303030824123745,0.5554711246200612
2024-11-29 09:45:00,London,1,0.6846956329703935,0.6111111111111112
2024-11-29 10:00:00,London,0,0.6451678508091641,0.5554711246200612
2024-11-29 11:30:00,London,0,0.6621017892675062,0.5554711246200612
2024-11-29 13:00:00,London,1,0.7693246066461984,0.6214689265536721
2024-11-29 13:30:00,London,0,0.7585876822445651,0.6214689265536721
2024-11-29 14:45:00,London,1,0.6786374799960344,0.5573770491803278
2024-12-02 07:45:00,London,0,0.655124275309389,0.5554711246200612
2024-12-02 08:30:00,London,1,0.7326735774049598,0.6214689265536721
2024-12-02 08:45:00,London,1,0.5760871852896393,0.5554711246200612
2024-12-02 09:15:00,London,1,0.6483657595761524,0.5554711246200612
2024-12-02 09:30:00,London,0,0.5831101331655708,0.5554711246200612
2024-12-02 09:45:00,London,1,0.5831101331655708,0.5554711246200612
2024-12-02 10:30:00,London,1,0.6374439082171306,0.5554711246200612
2024-12-02 10:45:00,London,1,0.6633313180286964,0.5554711246200612
2024-12-02 11:00:00,London,1,0.6315540241013697,0.5554711246200612
2024-12-02 12:00:00,London,0,0.6192144787041979,0.5554711246200612
2024-12-02 12:30:00,London,1,0.6209862972379376,0.5554711246200612
2024-12-02 12:45:00,London,0,0.5348730213687967,0.5365853658536585
2024-12-02 13:00:00,London,1,0.8925739023496658,0.7352941176470589
2024-12-02 13:30:00,London,1,0.8164939747725056,0.7101449275362319
2024-12-02 15:15:00,London,0,0.6763255087685461,0.5573770491803278
2024-12-02 15:30:00,London,0,0.3485129393767192,0.49413298565840924
2024-12-02 16:00:00,London,1,0.6750254928704548,0.5573770491803278
2024-12-02 16:15:00,London,0,0.6553220142206617,0.5554711246200612
2024-12-02 16:30:00,London,1,0.6767657518388073,0.5573770491803278
2024-12-02 17:00:00,NY,1,0.6566262901106793,0.5554711246200612
2024-12-02 17:15:00,NY,0,0.6566262901106793,0.5554711246200612
2024-12-02 17:45:00,NY,0,0.6454898428360846,0.5554711246200612
2024-12-02 18:00:00,NY,1,0.6641965615481812,0.5554711246200612
2024-12-03 06:30:00,Other,0,0.3549924782567975,0.49413298565840924
2024-12-03 06:45:00,Other,0,0.3449326781422931,0.49413298565840924
2024-12-03 07:15:00,London,0,0.1236041367211787,0.3142857142857143
2024-12-03 07:45:00,London,0,0.383711127557761,0.49413298565840924
2024-12-03 10:15:00,London,1,0.1883931532981279,0.4098360655737705
2024-12-03 10:30:00,London,1,0.5426016855240396,0.5365853658536585
2024-12-03 11:15:00,London,0,0.518669888459997,0.5365853658536585
2024-12-03 12:00:00,London,0,0.4924495592753125,0.5365853658536585
2024-12-03 12:15:00,London,1,0.5059501723487896,0.5365853658536585
2024-12-03 12:30:00,London,1,0.4634480663610698,0.5365853658536585
2024-12-03 12:45:00,London,1,0.4634480663610698,0.5365853658536585
2024-12-03 15:00:00,London,1,0.7834261883468676,0.6214689265536721
2024-12-04 02:30:00,Other,1,0.3568687525586527,0.49413298565840924
2024-12-04 02:45:00,Other,1,0.4066244308143811,0.49413298565840924
2024-12-04 03:00:00,Other,0,0.398429453650589,0.49413298565840924
2024-12-04 03:30:00,Other,1,0.4450827329783654,0.5365853658536585
2024-12-04 04:30:00,Other,1,0.4740717748154716,0.5365853658536585
2024-12-04 04:45:00,Other,1,0.4130098448795503,0.49413298565840924
2024-12-04 05:00:00,Other,1,0.3729494351932237,0.49413298565840924
2024-12-04 05:15:00,Other,1,0.3709718399947844,0.49413298565840924
2024-12-04 06:00:00,Other,1,0.3800620083443594,0.49413298565840924
2024-12-04 06:15:00,Other,0,0.329665350951373,0.49413298565840924
2024-12-04 07:15:00,London,0,0.3680400189917334,0.49413298565840924
2024-12-04 07:30:00,London,1,0.396876161397189,0.49413298565840924
2024-12-04 07:45:00,London,0,0.4085020650794547,0.49413298565840924
2024-12-04 08:15:00,London,1,0.3893700773858272,0.49413298565840924
2024-12-04 15:45:00,London,0,0.8359537020414454,0.7101449275362319
2024-12-04 16:00:00,London,1,0.7257149255553023,0.6214689265536721
2024-12-04 16:30:00,London,0,0.5903514352503972,0.5554711246200612
2024-12-04 16:45:00,London,1,0.6971474525621463,0.6214689265536721
2024-12-04 17:00:00,NY,1,0.8556758301712732,0.7101449275362319
2024-12-04 17:15:00,NY,1,0.7027661654314199,0.6214689265536721
2024-12-04 18:00:00,NY,1,0.6987706810232188,0.6214689265536721
2024-12-05 06:00:00,Other,0,0.1319045893922671,0.3142857142857143
2024-12-05 06:15:00,Other,0,0.3940448592147619,0.49413298565840924
2024-12-05 06:30:00,Other,0,0.3111048742997461,0.49413298565840924
2024-12-05 06:45:00,Other,1,0.3234151354206904,0.49413298565840924
2024-12-06 04:45:00,Other,0,0.5947401112538631,0.5554711246200612
2024-12-06 05:00:00,Other,0,0.566761424436629,0.5554711246200612
2024-12-06 06:00:00,Other,1,0.623603523531871,0.5554711246200612
2024-12-06 07:00:00,London,1,0.188744135301802,0.4098360655737705
2024-12-06 07:15:00,London,1,0.4845588660565081,0.5365853658536585
2024-12-06 07:45:00,London,1,0.7358697026101909,0.6214689265536721
2024-12-06 08:45:00,London,0,0.7017054905295163,0.6214689265536721
2024-12-06 09:15:00,London,0,0.6071932465012863,0.5554711246200612
2024-12-06 09:30:00,London,0,0.6796049545416515,0.5573770491803278
2024-12-06 09:45:00,London,0,0.7020549461950669,0.6214689265536721
2024-12-06 10:00:00,London,1,0.4640494515088367,0.5365853658536585
2024-12-06 10:15:00,London,0,0.3912015009039427,0.49413298565840924
2024-12-06 10:30:00,London,1,0.6415999697497815,0.5554711246200612
2024-12-06 10:45:00,London,1,0.4411234677674344,0.5365853658536585
2024-12-06 17:00:00,NY,0,0.6140011933671576,0.5554711246200612
2024-12-06 17:45:00,NY,1,0.5525832575188183,0.5554711246200612
2024-12-06 18:15:00,NY,0,0.6591985297237644,0.5554711246200612
2024-12-06 18:30:00,NY,0,0.6911863805814357,0.6214689265536721
2024-12-06 18:45:00,NY,0,0.7684522600857959,0.6214689265536721
2024-12-06 19:00:00,NY,0,0.4246459662497888,0.49413298565840924
2024-12-06 19:30:00,NY,1,0.4621131683636051,0.5365853658536585
2024-12-06 19:45:00,NY,0,0.4248482459298625,0.49413298565840924
2024-12-06 20:45:00,NY,1,0.3793929473852744,0.49413298565840924
2024-12-08 23:30:00,Other,1,0.6904112543931086,0.6214689265536721
2024-12-09 00:00:00,Other,0,0.1825013448451104,0.3142857142857143
2024-12-09 00:15:00,Other,0,0.452117177489454,0.5365853658536585
2024-12-09 01:30:00,Other,0,0.5936366729598741,0.5554711246200612
2024-12-09 01:45:00,Other,1,0.5936366729598741,0.5554711246200612
2024-12-09 02:00:00,Other,0,0.4337825104290299,0.5365853658536585
2024-12-09 03:15:00,Other,1,0.408783994674558,0.49413298565840924
2024-12-09 03:45:00,Other,0,0.5440464648719937,0.5365853658536585
2024-12-09 04:30:00,Other,1,0.5670710881493944,0.5554711246200612
2024-12-09 04:45:00,Other,1,0.7962757513340468,0.6214689265536721
2024-12-09 05:15:00,Other,1,0.6454483457579859,0.5554711246200612
2024-12-09 06:00:00,Other,1,0.6922059748546643,0.6214689265536721
2024-12-09 06:15:00,Other,1,0.7000951124464685,0.6214689265536721
2024-12-09 06:30:00,Other,1,0.607931086425606,0.5554711246200612
2024-12-09 06:45:00,Other,1,0.740092439045974,0.6214689265536721
2024-12-09 07:00:00,London,1,0.4192147920746613,0.49413298565840924
2024-12-09 07:15:00,London,1,0.4084846082898586,0.49413298565840924
2024-12-09 08:00:00,London,0,0.3733381154247411,0.49413298565840924
2024-12-09 08:15:00,London,1,0.3739090439811757,0.49413298565840924
2024-12-09 08:45:00,London,1,0.3524294469364712,0.49413298565840924
2024-12-09 09:00:00,London,1,0.4050849525036514,0.49413298565840924
2024-12-09 09:15:00,London,1,0.353672615458263,0.49413298565840924
2024-12-09 09:30:00,London,1,0.4113913692185261,0.49413298565840924
2024-12-09 09:45:00,London,1,0.3843406182403713,0.49413298565840924
2024-12-09 10:15:00,London,0,0.4854602681546708,0.5365853658536585
2024-12-09 10:45:00,London,0,0.4511282906137644,0.5365853658536585
2024-12-09 11:00:00,London,0,0.5627455508801896,0.5554711246200612
2024-12-09 12:00:00,London,0,0.7099412211312218,0.6214689265536721
2024-12-09 12:15:00,London,1,0.7536599937801562,0.6214689265536721
2024-12-09 12:30:00,London,1,0.4421401872408697,0.5365853658536585
2024-12-09 13:00:00,London,1,0.643687397249737,0.5554711246200612
2024-12-09 13:30:00,London,1,0.7453275675671819,0.6214689265536721
2024-12-09 13:45:00,London,1,0.735132345275089,0.6214689265536721
2024-12-09 14:30:00,London,1,0.6918628200509392,0.6214689265536721
2024-12-09 14:45:00,London,0,0.6843162216403119,0.6041666666666666
2024-12-09 15:30:00,London,0,0.5998963009345147,0.5554711246200612
2024-12-09 15:45:00,London,1,0.6601448688013547,0.5554711246200612
2024-12-09 16:00:00,London,1,0.6063901231515759,0.5554711246200612
2024-12-09 16:15:00,London,0,0.6205481096418362,0.5554711246200612
2024-12-09 16:30:00,London,1,0.5782261126239955,0.5554711246200612
2024-12-09 16:45:00,London,1,0.5797881384951691,0.5554711246200612
2024-12-09 17:00:00,NY,0,0.6030240636632658,0.5554711246200612
2024-12-09 19:15:00,NY,0,0.2768199875953195,0.49413298565840924
2024-12-09 19:30:00,NY,0,0.2899003875940848,0.49413298565840924
2024-12-09 20:00:00,NY,0,0.6486356288181692,0.5554711246200612
2024-12-09 20:30:00,NY,1,0.3118581364821709,0.49413298565840924
2024-12-09 21:30:00,NY,1,0.7007406846091522,0.6214689265536721
2024-12-09 23:15:00,Other,0,0.7995444090757904,0.6214689265536721
2024-12-10 00:15:00,Other,1,0.3841850143936459,0.49413298565840924
2024-12-10 00:30:00,Other,1,0.4298644899954602,0.49413298565840924
2024-12-10 00:45:00,Other,1,0.3654609266486846,0.49413298565840924
2024-12-10 01:00:00,Other,1,0.3069872180601938,0.49413298565840924
2024-12-10 01:15:00,Other,0,0.3520326094722309,0.49413298565840924
2024-12-10 01:30:00,Other,1,0.3799192371710992,0.49413298565840924
2024-12-10 02:00:00,Other,1,0.4596789056005082,0.5365853658536585
2024-12-10 02:45:00,Other,0,0.7410241127034102,0.6214689265536721
2024-12-10 03:00:00,Other,1,0.7002193784167896,0.6214689265536721
2024-12-10 06:00:00,Other,1,0.5498271167729357,0.5554711246200612
2024-12-10 06:15:00,Other,1,0.459438398418809,0.5365853658536585
2024-12-10 06:45:00,Other,0,0.433578180052097,0.5037866316064628
2024-12-10 07:15:00,London,1,0.3419618589718522,0.49413298565840924
2024-12-10 07:30:00,London,0,0.3348292190278643,0.49413298565840924
2024-12-10 07:45:00,London,0,0.361278736954621,0.49413298565840924
2024-12-10 08:00:00,London,1,0.4020591572859609,0.49413298565840924
2024-12-10 11:00:00,London,0,0.7707867782103826,0.6214689265536721
2024-12-10 11:30:00,London,1,0.732524736722856,0.6214689265536721
2024-12-10 11:45:00,London,1,0.7228031133488013,0.6214689265536721
2024-12-10 12:15:00,London,0,0.7014855836103818,0.6214689265536721
2024-12-10 13:00:00,London,1,0.7880560803738006,0.6214689265536721
2024-12-10 13:15:00,London,1,0.8843962538825928,0.7352941176470589
2024-12-10 13:30:00,London,1,0.7548621167991052,0.6214689265536721
2024-12-10 13:45:00,London,1,0.7520246982540808,0.6214689265536721
2024-12-10 14:00:00,London,1,0.7250385408982886,0.6214689265536721
2024-12-10 14:15:00,London,1,0.7304402396160273,0.6214689265536721
2024-12-10 14:30:00,London,0,0.7304402396160273,0.6214689265536721
2024-12-10 15:15:00,London,0,0.7194901114722669,0.6214689265536721
2024-12-10 15:30:00,London,1,0.867669532985731,0.732198697365426
2024-12-10 16:00:00,London,1,0.7611253080895363,0.6214689265536721
2024-12-10 16:45:00,London,1,0.6077563992176426,0.5554711246200612
2024-12-10 17:00:00,NY,1,0.6870483675020601,0.6111111111111112
2024-12-10 18:00:00,NY,0,0.684445805296898,0.6041666666666666
2024-12-10 19:15:00,NY,0,0.6279974374865086,0.5554711246200612
2024-12-10 19:45:00,NY,0,0.5392421398615852,0.5365853658536585
2024-12-10 20:15:00,NY,1,0.7523602243463544,0.6214689265536721
2024-12-10 20:45:00,NY,1,0.6176028331365607,0.5554711246200612
2024-12-10 21:00:00,NY,1,0.5801985965683666,0.5554711246200612
2024-12-10 21:15:00,NY,1,0.6087029252367094,0.5554711246200612
2024-12-10 23:00:00,Other,1,0.6002691132446983,0.5554711246200612
2024-12-10 23:30:00,Other,1,0.5545775039653238,0.5554711246200612
2024-12-11 00:30:00,Other,1,0.4107980131674823,0.49413298565840924
2024-12-11 01:45:00,Other,1,0.3730284715979314,0.49413298565840924
2024-12-11 02:15:00,Other,0,0.4858282895340342,0.5365853658536585
2024-12-11 03:00:00,Other,1,0.6444515432212904,0.5554711246200612
2024-12-11 03:15:00,Other,0,0.7116093010405729,0.6214689265536721
2024-12-11 04:15:00,Other,0,0.7288358637380427,0.6214689265536721
2024-12-11 04:30:00,Other,0,0.7161726370978362,0.6214689265536721
2024-12-11 10:45:00,London,1,0.7207193933043812,0.6214689265536721
2024-12-11 12:30:00,London,1,0.7473146819495255,0.6214689265536721
2024-12-11 13:00:00,London,1,0.7376594510030218,0.6214689265536721
2024-12-11 19:00:00,NY,1,0.7922735128130634,0.6214689265536721
2024-12-11 19:30:00,NY,0,0.7616977187417773,0.6214689265536721
2024-12-11 19:45:00,NY,1,0.811122139333219,0.7090909090909091
2024-12-11 20:00:00,NY,0,0.5744564915838635,0.5554711246200612
2024-12-11 20:30:00,NY,0,0.6428710468694627,0.5554711246200612
2024-12-11 21:15:00,NY,1,0.6049903703841331,0.5554711246200612
2024-12-11 23:15:00,Other,1,0.7436900660398701,0.6214689265536721
2024-12-12 00:00:00,Other,1,0.40155990151547,0.49413298565840924
2024-12-12 00:30:00,Other,1,0.4112184577976111,0.49413298565840924
2024-12-12 00:45:00,Other,0,0.4090312931056439,0.49413298565840924
2024-12-12 01:15:00,Other,0,0.428538714535823,0.49413298565840924
2024-12-12 07:30:00,London,1,0.378214942244471,0.49413298565840924
2024-12-12 08:15:00,London,0,0.4086883005215619,0.49413298565840924
2024-12-12 08:45:00,London,0,0.4373674374338928,0.5365853658536585
2024-12-12 09:00:00,London,1,0.4368005291741708,0.5365853658536585
2024-12-12 09:15:00,London,1,0.3555389057035213,0.49413298565840924
2024-12-12 09:30:00,London,1,0.3249201880619055,0.49413298565840924
2024-12-12 09:45:00,London,0,0.3635368506461516,0.49413298565840924
2024-12-12 10:00:00,London,0,0.7122207634041245,0.6214689265536721
2024-12-12 10:15:00,London,1,0.7285866941070928,0.6214689265536721
2024-12-12 10:30:00,London,0,0.7738549234212173,0.6214689265536721
2024-12-13 02:30:00,Other,1,0.7081298466512742,0.6214689265536721
2024-12-13 03:00:00,Other,1,0.7238946855202604,0.6214689265536721
2024-12-13 03:15:00,Other,1,0.7426495011372457,0.6214689265536721
2024-12-13 03:30:00,Other,0,0.7338925523199405,0.6214689265536721
2024-12-13 05:30:00,Other,0,0.6373079232085024,0.5554711246200612
2024-12-13 05:45:00,Other,0,0.293662052408661,0.49413298565840924
2024-12-13 06:00:00,Other,0,0.2678390129842995,0.4878048780487805
2024-12-13 06:15:00,Other,1,0.2477678092426107,0.4583333333333333
2024-12-13 07:15:00,London,1,0.3284426783140214,0.49413298565840924
2024-12-16 01:30:00,Other,1,0.3326929326708234,0.49413298565840924
2024-12-16 01:45:00,Other,0,0.2373498616575136,0.4166666666666667
2024-12-16 02:00:00,Other,0,0.3376926992265344,0.49413298565840924
2024-12-16 02:15:00,Other,1,0.4493209697365386,0.5365853658536585
2024-12-16 02:30:00,Other,0,0.3502973847804625,0.49413298565840924
2024-12-16 03:00:00,Other,0,0.6197877887590957,0.5554711246200612
2024-12-16 04:00:00,Other,0,0.4122734278474871,0.49413298565840924
2024-12-16 08:45:00,London,1,0.2605274336751985,0.4583333333333333
2024-12-16 09:00:00,London,1,0.322308976508688,0.49413298565840924
2024-12-16 10:15:00,London,1,0.4735239599014313,0.5365853658536585
2024-12-16 11:15:00,London,1,0.4896733508806077,0.5365853658536585
2024-12-16 12:15:00,London,0,0.4071119616337089,0.49413298565840924
2024-12-17 02:00:00,Other,0,0.3503593465510227,0.49413298565840924
2024-12-17 02:30:00,Other,0,0.4147253075371849,0.49413298565840924
2024-12-17 02:45:00,Other,0,0.395359760265257,0.49413298565840924
2024-12-17 03:15:00,Other,0,0.3568759622055467,0.49413298565840924
2024-12-17 03:45:00,Other,1,0.4260346214826295,0.49413298565840924
2024-12-17 04:15:00,Other,0,0.2964959626356253,0.49413298565840924
2024-12-17 04:45:00,Other,1,0.3048171142854071,0.49413298565840924
2024-12-17 08:15:00,London,0,0.7120974065430041,0.6214689265536721
2024-12-17 09:15:00,London,0,0.6178005111416781,0.5554711246200612
2024-12-17 09:30:00,London,1,0.6458075328237471,0.5554711246200612
2024-12-17 13:30:00,London,0,0.4875327510886436,0.5365853658536585
2024-12-17 13:45:00,London,1,0.7047879162959517,0.6214689265536721
2024-12-17 19:00:00,NY,1,0.4606368998799269,0.5365853658536585
2024-12-17 19:30:00,NY,0,0.4145656025717695,0.49413298565840924
2024-12-17 19:45:00,NY,1,0.4145656025717695,0.49413298565840924
2024-12-17 20:15:00,NY,0,0.4767838687574299,0.5365853658536585
2024-12-17 20:30:00,NY,0,0.6426468731609539,0.5554711246200612
2024-12-17 20:45:00,NY,1,0.6564586759745147,0.5554711246200612
2024-12-17 21:00:00,NY,1,0.6968924515703399,0.6214689265536721
2024-12-17 21:30:00,NY,1,0.61949382236112,0.5554711246200612
2024-12-17 23:30:00,Other,1,0.5840952257167491,0.5554711246200612
2024-12-18 00:00:00,Other,0,0.5026442822240774,0.5365853658536585
2024-12-18 00:15:00,Other,1,0.4854088545230371,0.5365853658536585
2024-12-18 02:00:00,Other,0,0.4332230493960282,0.49413298565840924
2024-12-18 02:15:00,Other,0,0.4081709681315454,0.49413298565840924
2024-12-18 02:30:00,Other,0,0.5056914100215455,0.5365853658536585
2024-12-18 09:30:00,London,0,0.3764970064000493,0.49413298565840924
2024-12-18 10:15:00,London,0,0.4541614550885851,0.5365853658536585
2024-12-18 11:45:00,London,0,0.4360281890907437,0.5365853658536585
2024-12-18 12:00:00,London,1,0.5335123522880304,0.5365853658536585
2024-12-18 12:15:00,London,0,0.4539921947770297,0.5365853658536585
2024-12-18 12:45:00,London,0,0.5538024326751311,0.5554711246200612
2024-12-18 13:00:00,London,1,0.4467449766345003,0.5365853658536585
2024-12-18 13:30:00,London,0,0.3948712652666368,0.49413298565840924
2024-12-18 14:15:00,London,0,0.4691117013409082,0.5365853658536585
2024-12-19 07:45:00,London,0,0.5051089235861912,0.5365853658536585
2024-12-19 08:00:00,London,1,0.5559560608887867,0.5554711246200612
2024-12-19 08:15:00,London,0,0.5472579593721006,0.5365853658536585
2024-12-19 08:30:00,London,1,0.5626758879304269,0.5554711246200612
2024-12-19 08:45:00,London,1,0.6064106071522505,0.5554711246200612
2024-12-19 09:00:00,London,1,0.7311966946427556,0.6214689265536721
2024-12-19 09:15:00,London,1,0.6638183995844265,0.5554711246200612
2024-12-19 09:45:00,London,1,0.5890694740889649,0.5554711246200612
2024-12-19 11:15:00,London,0,0.7227830037352542,0.6214689265536721
2024-12-19 12:15:00,London,0,0.7496970694908764,0.6214689265536721
2024-12-19 12:30:00,London,0,0.7274646361484101,0.6214689265536721
2024-12-19 12:45:00,London,0,0.7225444224064392,0.6214689265536721
2024-12-19 13:00:00,London,1,0.6729240715879279,0.5573770491803278
2024-12-19 13:45:00,London,1,0.7452705424554066,0.6214689265536721
2024-12-19 14:15:00,London,0,0.6951805137863494,0.6214689265536721
2024-12-19 14:45:00,London,0,0.6957077672221523,0.6214689265536721
2024-12-19 19:45:00,NY,1,0.6324188328088847,0.5554711246200612
2024-12-19 20:15:00,NY,1,0.4581407677110321,0.5365853658536585
2024-12-19 20:30:00,NY,0,0.4118531202702895,0.49413298565840924
2024-12-19 20:45:00,NY,0,0.4723070171584662,0.5365853658536585
2024-12-19 21:30:00,NY,0,0.4851571004442589,0.5365853658536585
2024-12-19 23:00:00,Other,0,0.5712475289781538,0.5554711246200612
2024-12-19 23:15:00,Other,0,0.5253680283913686,0.5365853658536585
2024-12-19 23:30:00,Other,0,0.4315784623241374,0.49413298565840924
2024-12-20 00:15:00,Other,0,0.3765231823205226,0.49413298565840924
2024-12-20 00:45:00,Other,1,0.4245076515600437,0.49413298565840924
2024-12-20 02:15:00,Other,1,0.7808655233176156,0.6214689265536721
2024-12-20 03:15:00,Other,0,0.5248623173631447,0.5365853658536585
2024-12-20 03:45:00,Other,1,0.5140010071406816,0.5365853658536585
2024-12-20 06:15:00,Other,1,0.2958531665161723,0.49413298565840924
2024-12-20 06:30:00,Other,1,0.321227385255146,0.49413298565840924
2024-12-20 07:30:00,London,1,0.3375061750569621,0.49413298565840924
2024-12-20 08:30:00,London,0,0.425828623149201,0.49413298565840924
2024-12-20 09:45:00,London,1,0.3284515992612785,0.49413298565840924
2024-12-20 10:30:00,London,1,0.389867191158587,0.49413298565840924
2024-12-20 10:45:00,London,0,0.389867191158587,0.49413298565840924
2024-12-20 11:00:00,London,1,0.5152436844209703,0.5365853658536585
2024-12-20 16:45:00,London,1,0.5918860480548023,0.5554711246200612
2024-12-20 18:30:00,NY,1,0.7443993110729392,0.6214689265536721
2024-12-20 19:15:00,NY,0,0.5347902495981923,0.5365853658536585
2024-12-20 20:15:00,NY,0,0.6516571320688781,0.5554711246200612
2024-12-20 20:45:00,NY,1,0.5875413070791803,0.5554711246200612
2024-12-20 21:00:00,NY,0,0.6463307471344153,0.5554711246200612
2024-12-20 21:15:00,NY,1,0.5581232079656758,0.5554711246200612
2024-12-23 03:45:00,Other,1,0.7059752724981485,0.6214689265536721
2024-12-23 04:15:00,Other,1,0.3994418480409667,0.49413298565840924
2024-12-23 05:45:00,Other,1,0.2939374648738623,0.49413298565840924
2024-12-23 06:15:00,Other,1,0.3125145577720206,0.49413298565840924
2024-12-23 06:30:00,Other,0,0.2823656503519139,0.49413298565840924
2024-12-23 06:45:00,Other,0,0.3403560368291387,0.49413298565840924
2024-12-23 07:15:00,London,1,0.4027832356631823,0.49413298565840924
2024-12-23 07:30:00,London,0,0.3015534183804268,0.49413298565840924
2024-12-23 08:00:00,London,1,0.6936313135131259,0.6214689265536721
2024-12-23 08:15:00,London,1,0.3467691973464704,0.49413298565840924
2024-12-23 08:30:00,London,0,0.3890241299115327,0.49413298565840924
2024-12-23 09:00:00,London,0,0.383924433526739,0.49413298565840924
2024-12-23 09:45:00,London,0,0.383924433526739,0.49413298565840924
2024-12-23 10:00:00,London,0,0.4415119509128958,0.5365853658536585
2024-12-23 10:15:00,London,0,0.4415119509128958,0.5365853658536585
2024-12-23 10:30:00,London,0,0.3709945738450553,0.49413298565840924
2024-12-23 10:45:00,London,0,0.38662781134051,0.49413298565840924
2024-12-23 11:00:00,London,0,0.4711064389226114,0.5365853658536585
2024-12-23 11:30:00,London,1,0.3502216871471059,0.49413298565840924
2024-12-23 23:45:00,Other,0,0.5534786975917085,0.5554711246200612
2024-12-24 00:15:00,Other,1,0.4695983280779891,0.5365853658536585
2024-12-24 00:45:00,Other,1,0.4424920999433082,0.5365853658536585
2024-12-24 01:00:00,Other,0,0.3238610650447968,0.49413298565840924
2024-12-24 01:15:00,Other,1,0.3532992738829704,0.49413298565840924
2024-12-24 02:00:00,Other,0,0.4103138172897443,0.49413298565840924
2024-12-24 02:45:00,Other,1,0.3909337334525993,0.49413298565840924
2024-12-24 03:45:00,Other,1,0.3572313893613132,0.49413298565840924
2024-12-24 04:15:00,Other,1,0.3710525835619621,0.49413298565840924
2024-12-24 04:45:00,Other,1,0.3222894737735775,0.49413298565840924
2024-12-24 05:00:00,Other,0,0.3160445533157187,0.49413298565840924
2024-12-24 05:30:00,Other,0,0.3001188537449608,0.49413298565840924
2024-12-24 06:00:00,Other,1,0.3590206785354464,0.49413298565840924
2024-12-24 06:45:00,Other,1,0.3042855885572338,0.49413298565840924
2024-12-24 07:15:00,London,0,0.4052838212732146,0.49413298565840924
2024-12-24 07:30:00,London,0,0.3316458729743441,0.49413298565840924
2024-12-24 07:45:00,London,1,0.3399262174581229,0.49413298565840924
2024-12-24 08:15:00,London,0,0.3176067559926518,0.49413298565840924
2024-12-24 08:30:00,London,0,0.2677226048131758,0.4878048780487805
2024-12-24 09:00:00,London,0,0.2354896312219522,0.4136518015232312
2024-12-24 09:15:00,London,0,0.2354896312219522,0.4136518015232312
2024-12-24 09:45:00,London,1,0.3424854398285256,0.49413298565840924
2024-12-24 14:45:00,London,1,0.3564452073971636,0.49413298565840924
2024-12-24 17:30:00,NY,0,0.4270220130433869,0.49413298565840924
2024-12-24 17:45:00,NY,1,0.408218672135339,0.49413298565840924
2024-12-24 18:00:00,NY,1,0.397401688603978,0.49413298565840924
2024-12-25 23:00:00,Other,1,0.6222476661618651,0.5554711246200612
2024-12-25 23:15:00,Other,0,0.6222476661618651,0.5554711246200612
2024-12-25 23:30:00,Other,1,0.6095953238991474,0.5554711246200612
2024-12-26 00:15:00,Other,1,0.4320424572287222,0.49413298565840924
2024-12-26 00:45:00,Other,1,0.4085840000022187,0.49413298565840924
2024-12-26 01:00:00,Other,1,0.3845580287394025,0.49413298565840924
2024-12-26 01:15:00,Other,1,0.3554396988851229,0.49413298565840924
2024-12-26 02:15:00,Other,1,0.4379802182575172,0.5365853658536585
2024-12-26 03:15:00,Other,1,0.3749614424737916,0.49413298565840924
2024-12-26 03:30:00,Other,1,0.2653114855519404,0.4836274969489455
2024-12-26 04:45:00,Other,0,0.2537071454678422,0.4583333333333333
2024-12-26 05:00:00,Other,1,0.3745335635115376,0.49413298565840924
2024-12-26 05:30:00,Other,0,0.33186479460768,0.49413298565840924
2024-12-26 05:45:00,Other,0,0.2983667006876959,0.49413298565840924
2024-12-26 11:15:00,London,0,0.3826095241249874,0.49413298565840924
2024-12-26 11:45:00,London,0,0.3848028808873994,0.49413298565840924
2024-12-26 12:00:00,London,1,0.4684165373281695,0.5365853658536585
2024-12-26 13:15:00,London,0,0.5231370289551792,0.5365853658536585
2024-12-26 13:30:00,London,1,0.5053871287084805,0.5365853658536585
2024-12-26 16:00:00,London,0,0.8037132236418626,0.7090909090909091
2024-12-26 17:45:00,NY,1,0.6473899084716945,0.5554711246200612
2024-12-26 18:00:00,NY,1,0.6886190811209721,0.6214689265536721
2024-12-26 18:45:00,NY,0,0.663285841123998,0.5554711246200612
2024-12-26 19:15:00,NY,1,0.6091213315773254,0.5554711246200612
2024-12-26 19:30:00,NY,0,0.4591816337496507,0.5365853658536585
2024-12-26 20:45:00,NY,0,0.5727953417691839,0.5554711246200612
2024-12-26 21:15:00,NY,0,0.6159312434485604,0.5554711246200612
2024-12-26 21:30:00,NY,0,0.5687336152206804,0.5554711246200612
2024-12-26 21:45:00,NY,0,0.704684713367112,0.6214689265536721
2024-12-27 03:45:00,Other,0,0.3710231027430924,0.49413298565840924
2024-12-27 04:00:00,Other,1,0.2632390806841982,0.46153846153846156
2024-12-27 05:15:00,Other,0,0.2867012335760478,0.49413298565840924
2024-12-27 05:45:00,Other,1,0.3513204801957371,0.49413298565840924
2024-12-27 06:15:00,Other,0,0.3448909743442648,0.49413298565840924
2024-12-27 06:30:00,Other,0,0.2959578652244879,0.49413298565840924
2024-12-27 06:45:00,Other,1,0.2926718012368158,0.49413298565840924
2024-12-27 07:00:00,London,1,0.3093873040962563,0.49413298565840924
2024-12-27 07:15:00,London,0,0.2889266846218639,0.49413298565840924
2024-12-27 08:00:00,London,0,0.3175155050011899,0.49413298565840924
2024-12-27 08:15:00,London,0,0.3305328688062797,0.49413298565840924
2024-12-27 08:30:00,London,0,0.3295906820758564,0.49413298565840924
2024-12-27 08:45:00,London,0,0.2832014434278923,0.49413298565840924
2024-12-27 09:00:00,London,1,0.2759798241167991,0.49413298565840924
2024-12-27 09:15:00,London,0,0.3020092908937334,0.49413298565840924
2024-12-27 09:45:00,London,1,0.25771674730556,0.4583333333333333
2024-12-27 10:15:00,London,0,0.3399280741151003,0.49413298565840924
2024-12-27 12:45:00,London,1,0.3302277685351781,0.49413298565840924
2024-12-27 13:15:00,London,0,0.4717119375977922,0.5365853658536585
2024-12-27 14:00:00,London,1,0.6551998459120694,0.5554711246200612
2024-12-27 19:00:00,NY,1,0.3884894459588596,0.49413298565840924
2024-12-27 19:15:00,NY,0,0.4111091873590254,0.49413298565840924
2024-12-27 19:30:00,NY,0,0.3796960715890104,0.49413298565840924
2024-12-27 20:15:00,NY,1,0.4082331084331694,0.49413298565840924
2024-12-30 00:00:00,Other,0,0.3289450615594388,0.49413298565840924
2024-12-30 00:15:00,Other,0,0.3391650541186488,0.49413298565840924
2024-12-30 00:30:00,Other,1,0.3241297599772376,0.49413298565840924
2024-12-30 01:15:00,Other,0,0.3528757300782655,0.49413298565840924
2024-12-30 02:00:00,Other,1,0.3728245630679704,0.49413298565840924
2024-12-30 02:30:00,Other,1,0.2826395826090987,0.49413298565840924
2024-12-30 03:00:00,Other,1,0.2613537911502607,0.4583333333333333
2024-12-30 03:30:00,Other,0,0.2609607835999823,0.4583333333333333
2024-12-30 03:45:00,Other,0,0.3475130356732168,0.49413298565840924
2024-12-30 04:00:00,Other,1,0.3500279543931093,0.49413298565840924
2024-12-30 04:15:00,Other,0,0.3495898578815997,0.49413298565840924
2024-12-30 04:45:00,Other,1,0.2964848538992279,0.49413298565840924
2024-12-30 05:15:00,Other,0,0.274387170772588,0.4878048780487805
2024-12-30 05:30:00,Other,0,0.2882759810123942,0.49413298565840924
2024-12-30 06:45:00,Other,0,0.2830435564541258,0.49413298565840924
2024-12-30 08:00:00,London,0,0.2515097360848833,0.4583333333333333
2024-12-30 08:15:00,London,0,0.2390308014052853,0.4166666666666667
2024-12-30 08:30:00,London,1,0.2515097360848833,0.4583333333333333
2024-12-30 13:30:00,London,1,0.5974514243375583,0.5554711246200612
2024-12-30 13:45:00,London,0,0.6288678724531658,0.5554711246200612
2024-12-30 16:00:00,London,0,0.5193075702794867,0.5365853658536585
2024-12-31 01:45:00,Other,0,0.3669485358364891,0.49413298565840924
2024-12-31 02:00:00,Other,1,0.3273727119926406,0.49413298565840924
2024-12-31 02:15:00,Other,0,0.380907430492616,0.49413298565840924
2024-12-31 02:30:00,Other,0,0.4096318869608904,0.49413298565840924
2024-12-31 02:45:00,Other,0,0.4691579651748396,0.5365853658536585
2024-12-31 03:00:00,Other,0,0.3593983068981812,0.49413298565840924
2024-12-31 09:15:00,London,0,0.3634539483485499,0.49413298565840924
2024-12-31 10:45:00,London,1,0.4280898492953909,0.49413298565840924
2024-12-31 11:00:00,London,0,0.6657660529729373,0.5554711246200612
2024-12-31 11:45:00,London,0,0.6657660529729373,0.5554711246200612
2024-12-31 12:00:00,London,1,0.5073058980852437,0.5365853658536585
2024-12-31 12:15:00,London,0,0.4088354234282569,0.49413298565840924
2024-12-31 12:30:00,London,1,0.508829653224677,0.5365853658536585
2024-12-31 13:30:00,London,1,0.5327446558098512,0.5365853658536585
2024-12-31 14:00:00,London,1,0.7351434356099528,0.6214689265536721
2024-12-31 15:30:00,London,1,0.732426393719815,0.6214689265536721
2024-12-31 15:45:00,London,0,0.7841812219221271,0.6214689265536721
2024-12-31 16:15:00,London,1,0.7591894432712346,0.6214689265536721
2024-12-31 16:30:00,London,1,0.6389634454227673,0.5554711246200612
2024-12-31 16:45:00,London,1,0.6095054230928012,0.5554711246200612
2024-12-31 17:00:00,NY,0,0.6443771778559917,0.5554711246200612
2024-12-31 17:45:00,NY,1,0.6714668493941899,0.5573770491803278
2024-12-31 18:30:00,NY,1,0.7076355547731639,0.6214689265536721
2024-12-31 19:15:00,NY,0,0.4941176987230645,0.5365853658536585
2024-12-31 19:45:00,NY,1,0.6128633371956256,0.5554711246200612
2024-12-31 20:00:00,NY,1,0.7328350198524507,0.6214689265536721
2025-01-02 02:45:00,Other,0,0.5132263275110774,0.5365853658536585
2025-01-02 03:00:00,Other,0,0.4296944423493429,0.49413298565840924
2025-01-02 04:15:00,Other,1,0.455263064834641,0.5365853658536585
2025-01-02 04:30:00,Other,1,0.4518865051484834,0.5365853658536585
2025-01-02 05:00:00,Other,1,0.335266721432176,0.49413298565840924
2025-01-02 07:30:00,London,1,0.3310127207134069,0.49413298565840924
2025-01-02 08:00:00,London,0,0.255929091772669,0.4583333333333333
2025-01-02 08:15:00,London,1,0.264673067537542,0.46153846153846156
2025-01-02 10:30:00,London,0,0.7014855608384959,0.6214689265536721
2025-01-02 10:45:00,London,1,0.7070416553422443,0.6214689265536721
2025-01-02 11:00:00,London,0,0.7150930262575933,0.6214689265536721
2025-01-02 11:45:00,London,1,0.6763835032961969,0.5573770491803278
2025-01-02 12:30:00,London,1,0.7737379454413871,0.6214689265536721
2025-01-02 18:15:00,NY,1,0.75916127286946,0.6214689265536721
2025-01-02 18:30:00,NY,1,0.7607408617338949,0.6214689265536721
2025-01-02 19:30:00,NY,1,0.6285249098394705,0.5554711246200612
2025-01-02 19:45:00,NY,1,0.6861912842944172,0.6111111111111112
2025-01-02 20:15:00,NY,0,0.5092472895078363,0.5365853658536585
2025-01-02 20:45:00,NY,0,0.5373249326478271,0.5365853658536585
2025-01-02 21:15:00,NY,0,0.5660085871776417,0.5554711246200612
2025-01-02 21:45:00,NY,1,0.6159312434485604,0.5554711246200612
2025-01-02 23:15:00,Other,1,0.537515460393919,0.5365853658536585
2025-01-02 23:30:00,Other,1,0.5339943084794964,0.5365853658536585
2025-01-03 00:00:00,Other,0,0.4673681437440625,0.5365853658536585
2025-01-03 00:15:00,Other,0,0.4104445865910172,0.49413298565840924
2025-01-03 00:30:00,Other,0,0.4909918332449527,0.5365853658536585
2025-01-03 01:30:00,Other,1,0.4293844915511457,0.49413298565840924
2025-01-03 03:45:00,Other,1,0.4571995156885412,0.5365853658536585
2025-01-03 04:15:00,Other,0,0.4277525619057867,0.49413298565840924
2025-01-03 04:45:00,Other,0,0.321629666349212,0.49413298565840924
2025-01-03 05:30:00,Other,0,0.3348291153411482,0.49413298565840924
2025-01-06 01:30:00,Other,0,0.084319177429297,0.0
2025-01-06 02:15:00,Other,1,0.3268247612478499,0.49413298565840924
2025-01-06 02:45:00,Other,0,0.2781899747849811,0.49413298565840924
2025-01-06 03:45:00,Other,0,0.4049869934409119,0.49413298565840924
2025-01-06 04:00:00,Other,0,0.4214783736036395,0.49413298565840924
2025-01-06 04:15:00,Other,0,0.3155593850700667,0.49413298565840924
2025-01-06 04:30:00,Other,0,0.3377159734474801,0.49413298565840924
2025-01-06 04:45:00,Other,0,0.3500078740383653,0.49413298565840924
2025-01-06 05:00:00,Other,0,0.3530166161812708,0.49413298565840924
2025-01-06 05:30:00,Other,1,0.2279407358551776,0.4098360655737705
2025-01-06 06:00:00,Other,0,0.2904387667841253,0.49413298565840924
2025-01-06 06:15:00,Other,0,0.2733652597966078,0.4878048780487805
2025-01-06 12:30:00,London,1,0.7062128857078218,0.6214689265536721
2025-01-06 12:45:00,London,0,0.5348730213687967,0.5365853658536585
2025-01-06 13:15:00,London,0,0.6682606185461268,0.5554711246200612
2025-01-06 13:30:00,London,1,0.817949707070757,0.7101449275362319
2025-01-06 14:00:00,London,1,0.7103260145923872,0.6214689265536721
2025-01-06 17:00:00,NY,0,0.1950563835508767,0.4098360655737705
2025-01-06 17:45:00,NY,0,0.4517038046844964,0.5365853658536585
2025-01-06 18:00:00,NY,1,0.4485247196548336,0.5365853658536585
2025-01-06 18:15:00,NY,0,0.6119555285984931,0.5554711246200612
2025-01-06 18:30:00,NY,0,0.5317076740373013,0.5365853658536585
2025-01-06 19:00:00,NY,1,0.5844786601003548,0.5554711246200612
2025-01-06 19:30:00,NY,0,0.3862264386084331,0.49413298565840924
2025-01-06 19:45:00,NY,1,0.2094086427047286,0.4098360655737705
2025-01-06 20:15:00,NY,1,0.5303246681538676,0.5365853658536585
2025-01-06 20:45:00,NY,1,0.4496020685610095,0.5365853658536585
2025-01-06 21:00:00,NY,0,0.4937242948228785,0.5365853658536585
2025-01-06 21:45:00,NY,0,0.6356572649043032,0.5554711246200612
2025-01-06 23:15:00,Other,0,0.5393202882758124,0.5365853658536585
2025-01-06 23:30:00,Other,0,0.5536672077332816,0.5554711246200612
2025-01-06 23:45:00,Other,0,0.5414542576451258,0.5365853658536585
2025-01-07 00:00:00,Other,0,0.5198857042447856,0.5365853658536585
2025-01-07 00:45:00,Other,1,0.4976902365207757,0.5365853658536585
2025-01-07 01:00:00,Other,1,0.4166686895965387,0.49413298565840924
2025-01-07 01:30:00,Other,0,0.3836044119858628,0.49413298565840924
2025-01-07 03:00:00,Other,0,0.245118172079909,0.42105263157894735
2025-01-07 04:15:00,Other,1,0.3079018383238587,0.49413298565840924
2025-01-07 05:15:00,Other,1,0.3466152054490238,0.49413298565840924
2025-01-07 06:15:00,Other,0,0.3283303255849377,0.49413298565840924
2025-01-07 06:45:00,Other,1,0.347050157813116,0.49413298565840924
2025-01-07 07:00:00,London,1,0.3400733024254492,0.49413298565840924
2025-01-07 07:30:00,London,1,0.352653566478555,0.49413298565840924
2025-01-07 08:00:00,London,1,0.3920111325962599,0.49413298565840924
2025-01-07 08:15:00,London,0,0.3920111325962599,0.49413298565840924
2025-01-07 09:00:00,London,1,0.3337008088822131,0.49413298565840924
2025-01-07 09:45:00,London,1,0.462484445282469,0.5365853658536585
2025-01-07 10:00:00,London,1,0.436499395850729,0.5365853658536585
2025-01-07 10:30:00,London,0,0.4369062108615553,0.5365853658536585
2025-01-07 10:45:00,London,1,0.3904675445680948,0.49413298565840924
2025-01-07 11:30:00,London,1,0.405968565794256,0.49413298565840924
2025-01-07 11:45:00,London,1,0.4945781100875009,0.5365853658536585
2025-01-07 12:45:00,London,1,0.4600693759864195,0.5365853658536585
2025-01-07 13:00:00,London,1,0.6248119524849898,0.5554711246200612
2025-01-07 13:15:00,London,1,0.7561554965078306,0.6214689265536721
2025-01-07 14:00:00,London,1,0.7853601783752322,0.6214689265536721
2025-01-07 14:45:00,London,0,0.3730304051608145,0.49413298565840924
2025-01-08 01:00:00,Other,0,0.419925840922018,0.49413298565840924
2025-01-08 01:15:00,Other,1,0.5838435641330623,0.5554711246200612
2025-01-08 01:30:00,Other,0,0.419925840922018,0.49413298565840924
2025-01-08 01:45:00,Other,0,0.4353767915406892,0.5365853658536585
2025-01-08 02:00:00,Other,0,0.4836622475642286,0.5365853658536585
2025-01-08 02:15:00,Other,1,0.487014406609375,0.5365853658536585
2025-01-08 07:15:00,London,0,0.4497395688279818,0.5365853658536585
2025-01-08 07:30:00,London,0,0.4497395688279818,0.5365853658536585
2025-01-08 07:45:00,London,0,0.4342191282024454,0.5365853658536585
2025-01-08 08:15:00,London,1,0.743693182246497,0.6214689265536721
2025-01-08 08:45:00,London,1,0.3260527041995062,0.49413298565840924
2025-01-08 10:00:00,London,0,0.4272492625048392,0.49413298565840924
2025-01-08 11:00:00,London,0,0.4064487970364099,0.49413298565840924
2025-01-08 11:15:00,London,1,0.5459160253623311,0.5365853658536585
2025-01-08 11:45:00,London,0,0.4805496862173677,0.5365853658536585
2025-01-08 17:00:00,NY,0,0.6728804862737434,0.5573770491803278
2025-01-09 07:00:00,London,0,0.2822252329040388,0.49413298565840924
2025-01-09 07:15:00,London,0,0.255929091772669,0.4583333333333333
2025-01-09 07:30:00,London,0,0.255929091772669,0.4583333333333333
2025-01-09 08:00:00,London,1,0.6954005719516784,0.6214689265536721
2025-01-09 08:15:00,London,1,0.28941668525586,0.49413298565840924
2025-01-09 08:30:00,London,1,0.6884633710802304,0.6214689265536721
2025-01-09 08:45:00,London,1,0.4353200953399215,0.5365853658536585
2025-01-09 09:00:00,London,1,0.4237843906385531,0.49413298565840924
2025-01-09 09:30:00,London,0,0.596925180459842,0.5554711246200612
2025-01-09 09:45:00,London,1,0.4360881354570907,0.5365853658536585
2025-01-09 10:00:00,London,1,0.4397725027201372,0.5365853658536585
2025-01-09 10:30:00,London,0,0.4770407659270453,0.5365853658536585
2025-01-09 10:45:00,London,1,0.434409266383816,0.5365853658536585
2025-01-09 11:15:00,London,0,0.7586424626368042,0.6214689265536721
2025-01-09 11:30:00,London,1,0.7506501889455404,0.6214689265536721
2025-01-09 12:00:00,London,1,0.7233274038043782,0.6214689265536721
2025-01-09 12:15:00,London,1,0.5386487647520771,0.5365853658536585
2025-01-09 12:45:00,London,1,0.5476624762432512,0.5365853658536585
2025-01-09 13:45:00,London,0,0.3717899373484157,0.49413298565840924
2025-01-09 14:00:00,London,0,0.7326295691418625,0.6214689265536721
2025-01-09 14:15:00,London,1,0.8640133229104947,0.7101449275362319
2025-01-09 14:45:00,London,1,0.6643374688238004,0.5554711246200612
2025-01-09 15:00:00,London,1,0.6400167707914137,0.5554711246200612
2025-01-09 15:30:00,London,0,0.6651834825769696,0.5554711246200612
2025-01-09 16:15:00,London,0,0.6072678283375316,0.5554711246200612
2025-01-09 17:00:00,NY,1,0.7580200585082897,0.6214689265536721
2025-01-10 04:00:00,Other,0,0.2747994401315352,0.48922727660874743
2025-01-10 04:15:00,Other,0,0.2330146202612106,0.4098360655737705
2025-01-10 04:30:00,Other,1,0.3112422165334175,0.49413298565840924
2025-01-10 04:45:00,Other,1,0.273181871900589,0.4878048780487805
2025-01-10 05:15:00,Other,1,0.2961180395642501,0.49413298565840924
2025-01-10 05:30:00,Other,0,0.290118195291821,0.49413298565840924
2025-01-10 05:45:00,Other,1,0.2900308220424985,0.49413298565840924
2025-01-10 06:00:00,Other,1,0.3313322053721767,0.49413298565840924
2025-01-10 06:30:00,Other,1,0.3455212144364831,0.49413298565840924
2025-01-10 06:45:00,Other,1,0.2998156236447131,0.49413298565840924
2025-01-10 08:15:00,London,1,0.3432288678147412,0.49413298565840924
2025-01-10 09:00:00,London,1,0.387339165618512,0.49413298565840924
2025-01-10 10:15:00,London,0,0.7244765338834539,0.6214689265536721
2025-01-10 12:15:00,London,0,0.3804723033364704,0.49413298565840924
2025-01-10 12:30:00,London,1,0.6159599666277293,0.5554711246200612
2025-01-10 12:45:00,London,1,0.6400018392924312,0.5554711246200612
2025-01-10 15:45:00,London,0,0.6660719970706028,0.5554711246200612
2025-01-10 16:00:00,London,1,0.3364976049334202,0.49413298565840924
2025-01-10 16:45:00,London,0,0.713383089796257,0.6214689265536721
2025-01-10 17:00:00,NY,1,0.671782020794112,0.5573770491803278
2025-01-10 17:15:00,NY,1,0.6298319752855676,0.5554711246200612
2025-01-10 17:30:00,NY,0,0.6298319752855676,0.5554711246200612
2025-01-10 19:30:00,NY,0,0.7298027556028793,0.6214689265536721
2025-01-10 19:45:00,NY,1,0.6253034312832362,0.5554711246200612
2025-01-13 04:15:00,Other,0,0.2635657798360291,0.46153846153846156
2025-01-13 04:45:00,Other,0,0.3383113930065259,0.49413298565840924
2025-01-13 05:00:00,Other,1,0.4784302854022716,0.5365853658536585
2025-01-13 05:15:00,Other,1,0.4490443313880663,0.5365853658536585
2025-01-13 07:15:00,London,0,0.3223256086274373,0.49413298565840924
2025-01-13 07:30:00,London,1,0.2770388576010684,0.49413298565840924
2025-01-13 08:15:00,London,0,0.3403226208612266,0.49413298565840924
2025-01-13 09:15:00,London,1,0.4676852417139691,0.5365853658536585
2025-01-13 09:30:00,London,0,0.5639022888024843,0.5554711246200612
2025-01-13 10:00:00,London,0,0.6196797866347761,0.5554711246200612
2025-01-14 03:15:00,Other,0,0.3415004366245878,0.49413298565840924
2025-01-14 03:45:00,Other,1,0.4419172011424831,0.5365853658536585
2025-01-14 04:30:00,Other,1,0.413117775951858,0.49413298565840924
2025-01-14 04:45:00,Other,0,0.3436998922013576,0.49413298565840924
2025-01-14 05:15:00,Other,0,0.3529277297964004,0.49413298565840924
2025-01-14 05:30:00,Other,0,0.3195559194747455,0.49413298565840924
2025-01-14 09:00:00,London,0,0.3377968191560116,0.49413298565840924
2025-01-14 09:15:00,London,0,0.3462624565922443,0.49413298565840924
2025-01-14 09:30:00,London,1,0.3548659513503684,0.49413298565840924
2025-01-14 09:45:00,London,1,0.3862621080855416,0.49413298565840924
2025-01-14 10:00:00,London,0,0.4172497342357454,0.49413298565840924
2025-01-14 10:15:00,London,1,0.4571280156198721,0.5365853658536585
2025-01-14 10:30:00,London,1,0.4223261551967652,0.49413298565840924
2025-01-14 13:45:00,London,1,0.6668529864058566,0.5554711246200612
2025-01-14 19:45:00,NY,0,0.4838525492856729,0.5365853658536585
2025-01-14 20:00:00,NY,1,0.5172405238757726,0.5365853658536585
2025-01-14 20:30:00,NY,1,0.6356951437500427,0.5554711246200612
2025-01-14 20:45:00,NY,0,0.5657127087305506,0.5554711246200612
2025-01-14 21:00:00,NY,0,0.7054851995343434,0.6214689265536721
2025-01-14 23:15:00,Other,0,0.564605153975843,0.5554711246200612
2025-01-15 00:30:00,Other,0,0.4329072870401863,0.49413298565840924
2025-01-15 00:45:00,Other,0,0.4815284972989125,0.5365853658536585
2025-01-15 01:45:00,Other,1,0.4275051945600909,0.49413298565840924
2025-01-15 06:30:00,Other,0,0.344248889480119,0.49413298565840924
2025-01-15 07:00:00,London,1,0.3789849936534463,0.49413298565840924
2025-01-15 07:15:00,London,1,0.4342191282024454,0.5365853658536585
2025-01-15 07:30:00,London,1,0.3868714183890728,0.49413298565840924
2025-01-15 08:30:00,London,1,0.3549768084237937,0.49413298565840924
2025-01-15 09:00:00,London,1,0.3513680293287378,0.49413298565840924
2025-01-15 09:15:00,London,1,0.3743998471407223,0.49413298565840924
2025-01-15 09:30:00,London,0,0.3743998471407223,0.49413298565840924
2025-01-15 09:45:00,London,1,0.3743998471407223,0.49413298565840924
2025-01-15 11:45:00,London,0,0.4773175457639683,0.5365853658536585
2025-01-15 12:00:00,London,1,0.4695422782435577,0.5365853658536585
2025-01-15 13:30:00,London,1,0.8149647034128773,0.7101449275362319
2025-01-15 13:45:00,London,0,0.7993884923139674,0.6214689265536721
2025-01-15 14:15:00,London,0,0.7793944208146707,0.6214689265536721
2025-01-15 23:15:00,Other,1,0.7433242969679245,0.6214689265536721
2025-01-16 02:00:00,Other,1,0.5432334700300595,0.5365853658536585
2025-01-16 02:45:00,Other,0,0.5315508517258345,0.5365853658536585
2025-01-16 03:15:00,Other,1,0.4594272114415312,0.5365853658536585
2025-01-16 03:30:00,Other,0,0.4897806625610228,0.5365853658536585
2025-01-16 04:15:00,Other,1,0.4902894946402786,0.5365853658536585
2025-01-16 04:45:00,Other,0,0.5527135504038551,0.5554711246200612
2025-01-16 05:00:00,Other,0,0.3573958854260214,0.49413298565840924
2025-01-16 05:15:00,Other,0,0.3103703462669399,0.49413298565840924
2025-01-16 06:00:00,Other,1,0.2850168569306883,0.49413298565840924
2025-01-16 13:15:00,London,1,0.7670884770581163,0.6214689265536721
2025-01-16 13:30:00,London,1,0.77182071623391,0.6214689265536721
2025-01-16 14:45:00,London,0,0.7102299845634996,0.6214689265536721
2025-01-16 15:15:00,London,1,0.7764248682077558,0.6214689265536721
2025-01-16 15:30:00,London,1,0.7882923097920089,0.6214689265536721
2025-01-16 16:00:00,London,1,0.773185015775507,0.6214689265536721
2025-01-16 16:45:00,London,0,0.6961796852586652,0.6214689265536721
2025-01-16 18:45:00,NY,1,0.773653264319091,0.6214689265536721
2025-01-16 19:00:00,NY,1,0.4663316349607921,0.5365853658536585
2025-01-16 19:45:00,NY,1,0.4503963145691261,0.5365853658536585
2025-01-16 20:30:00,NY,0,0.4870027783769596,0.5365853658536585
2025-01-16 21:00:00,NY,0,0.6043437244800053,0.5554711246200612
2025-01-17 03:30:00,Other,0,0.4064361973467187,0.49413298565840924
2025-01-17 04:00:00,Other,0,0.2755358371058647,0.49413298565840924
2025-01-17 04:45:00,Other,0,0.2330146202612106,0.4098360655737705
2025-01-17 05:30:00,Other,0,0.3075518940352787,0.49413298565840924
2025-01-17 05:45:00,Other,1,0.3040824312087782,0.49413298565840924
2025-01-17 06:00:00,Other,0,0.2697569232974988,0.4878048780487805
2025-01-17 17:30:00,NY,0,0.8119477124711484,0.7090909090909091
2025-01-17 17:45:00,NY,0,0.5798543841110837,0.5554711246200612
2025-01-17 18:00:00,NY,0,0.5652878072503418,0.5554711246200612
2025-01-17 18:45:00,NY,1,0.4231321072216656,0.49413298565840924
2025-01-17 19:15:00,NY,0,0.3980344863088086,0.49413298565840924
2025-01-17 19:30:00,NY,0,0.3669978093813894,0.49413298565840924
2025-01-17 20:00:00,NY,1,0.4092022117858198,0.49413298565840924
2025-01-17 20:30:00,NY,0,0.3977296132696715,0.49413298565840924
2025-01-20 11:15:00,London,0,0.5468108593363159,0.5365853658536585
2025-01-20 11:30:00,London,0,0.722254103384051,0.6214689265536721
2025-01-20 11:45:00,London,1,0.5020102558876686,0.5365853658536585
2025-01-20 12:00:00,London,0,0.4679825250629316,0.5365853658536585
2025-01-20 12:15:00,London,1,0.5502392689376049,0.5554711246200612
2025-01-20 12:45:00,London,1,0.4298702985177524,0.49413298565840924
2025-01-20 13:15:00,London,1,0.4554193994219406,0.5365853658536585
2025-01-21 03:30:00,Other,1,0.6587835747061477,0.5554711246200612
2025-01-21 03:45:00,Other,1,0.6587835747061477,0.5554711246200612
2025-01-21 04:15:00,Other,0,0.621621531565087,0.5554711246200612
2025-01-21 04:30:00,Other,1,0.6765580162729251,0.5573770491803278
2025-01-21 05:45:00,Other,0,0.3869038574094356,0.49413298565840924
2025-01-21 06:30:00,Other,1,0.3293506966870826,0.49413298565840924
2025-01-21 07:15:00,London,1,0.3447225259069442,0.49413298565840924
2025-01-21 07:45:00,London,0,0.4347824107149892,0.5365853658536585
2025-01-21 08:15:00,London,0,0.4344312938360663,0.5365853658536585
2025-01-21 08:30:00,London,1,0.442149269871983,0.5365853658536585
2025-01-21 08:45:00,London,0,0.4119836139964522,0.49413298565840924
2025-01-21 18:15:00,NY,1,0.7076355547731639,0.6214689265536721
2025-01-21 18:45:00,NY,0,0.7732082764432519,0.6214689265536721
2025-01-21 19:00:00,NY,0,0.6660306691297778,0.5554711246200612
2025-01-21 19:15:00,NY,0,0.6279974374865086,0.5554711246200612
2025-01-21 19:45:00,NY,0,0.4838525492856729,0.5365853658536585
2025-01-21 20:00:00,NY,0,0.3461972569158794,0.49413298565840924
2025-01-21 20:15:00,NY,1,0.7260531266280043,0.6214689265536721
2025-01-21 20:30:00,NY,1,0.7788842045531315,0.6214689265536721
2025-01-21 20:45:00,NY,1,0.6580151275513749,0.5554711246200612
2025-01-21 21:00:00,NY,1,0.6931721178263234,0.6214689265536721
2025-01-21 23:45:00,Other,1,0.6325859768460922,0.5554711246200612
2025-01-22 00:45:00,Other,1,0.4099469547257048,0.49413298565840924
2025-01-22 01:00:00,Other,0,0.4121669414175434,0.49413298565840924
2025-01-22 02:00:00,Other,1,0.422923903346193,0.49413298565840924
2025-01-22 02:15:00,Other,1,0.4088130788212193,0.49413298565840924
2025-01-22 04:15:00,Other,1,0.359150643583474,0.49413298565840924
2025-01-22 04:45:00,Other,1,0.3851635711070448,0.49413298565840924
2025-01-22 05:30:00,Other,1,0.3695907722530155,0.49413298565840924
2025-01-22 06:00:00,Other,0,0.1441964805210508,0.3142857142857143
2025-01-22 10:45:00,London,0,0.718091076783314,0.6214689265536721
2025-01-22 12:45:00,London,1,0.5495193324811322,0.5554711246200612
2025-01-22 13:15:00,London,1,0.8315404508258886,0.7101449275362319
2025-01-22 14:00:00,London,1,0.7873355445439048,0.6214689265536721
2025-01-22 14:45:00,London,0,0.7687643431051863,0.6214689265536721
2025-01-22 15:00:00,London,1,0.7106394259218454,0.6214689265536721
2025-01-22 16:30:00,London,0,0.6886798536307082,0.6214689265536721
2025-01-22 17:45:00,NY,0,0.4668076773938381,0.5365853658536585
2025-01-22 18:00:00,NY,1,0.8089875119470598,0.7090909090909091
2025-01-22 18:45:00,NY,0,0.4794961639645783,0.5365853658536585
2025-01-22 19:00:00,NY,0,0.5466379618110341,0.5365853658536585
2025-01-22 19:30:00,NY,1,0.8130139141430595,0.7090909090909091
2025-01-22 20:00:00,NY,0,0.7616049120782228,0.6214689265536721
2025-01-23 06:30:00,Other,0,0.2635367127669346,0.46153846153846156
2025-01-23 06:45:00,Other,1,0.2747761433765713,0.4886327811983722
2025-01-23 07:15:00,London,1,0.274867937925446,0.49097522923837145
2025-01-23 08:30:00,London,0,0.2474100770262477,0.4583333333333333
2025-01-23 08:45:00,London,0,0.2255855292184186,0.4098360655737705
2025-01-23 09:15:00,London,1,0.2423896190041146,0.42105263157894735
2025-01-23 18:00:00,NY,0,0.6257757496748964,0.5554711246200612
2025-01-23 18:45:00,NY,1,0.7172831744594502,0.6214689265536721
2025-01-23 19:30:00,NY,0,0.5525504860437351,0.5554711246200612
2025-01-23 20:00:00,NY,1,0.8452175220426393,0.7101449275362319
2025-01-23 20:15:00,NY,0,0.7553897013217378,0.6214689265536721
2025-01-23 20:30:00,NY,1,0.7347648132651282,0.6214689265536721
2025-01-23 21:30:00,NY,1,0.5543319734868747,0.5554711246200612
2025-01-23 21:45:00,NY,1,0.5543319734868747,0.5554711246200612
2025-01-23 23:00:00,Other,1,0.602893102046309,0.5554711246200612
2025-01-23 23:30:00,Other,0,0.5929933014645079,0.5554711246200612
2025-01-23 23:45:00,Other,1,0.6197008655326884,0.5554711246200612
2025-01-24 00:00:00,Other,1,0.4078289878639126,0.49413298565840924
2025-01-24 00:15:00,Other,1,0.3940553826854262,0.49413298565840924
2025-01-24 00:30:00,Other,1,0.4146646261484407,0.49413298565840924
2025-01-24 01:15:00,Other,0,0.3712702040473337,0.49413298565840924
2025-01-24 01:30:00,Other,1,0.4169609817861496,0.49413298565840924
2025-01-24 02:00:00,Other,1,0.4682773888335099,0.5365853658536585
2025-01-24 02:15:00,Other,1,0.4709173012587429,0.5365853658536585
2025-01-24 02:45:00,Other,0,0.6200868516142496,0.5554711246200612
2025-01-24 04:00:00,Other,1,0.7826203129988367,0.6214689265536721
2025-01-24 04:30:00,Other,1,0.6924281189490914,0.6214689265536721
2025-01-24 04:45:00,Other,1,0.7031306389619375,0.6214689265536721
2025-01-24 05:15:00,Other,1,0.7187759963388138,0.6214689265536721
2025-01-24 05:30:00,Other,0,0.46170125716873,0.5365853658536585
2025-01-24 05:45:00,Other,0,0.430779169632521,0.49413298565840924
2025-01-24 07:15:00,London,1,0.5078947366106568,0.5365853658536585
2025-01-24 07:30:00,London,0,0.3362263964260988,0.49413298565840924
2025-01-24 08:00:00,London,1,0.2990092536423175,0.49413298565840924
2025-01-24 12:15:00,London,1,0.5359164119965392,0.5365853658536585
2025-01-24 13:00:00,London,1,0.492183551260712,0.5365853658536585
2025-01-24 13:30:00,London,0,0.524348135251553,0.5365853658536585
2025-01-24 14:15:00,London,1,0.7226939478530755,0.6214689265536721
2025-01-24 14:30:00,London,1,0.8519176648888525,0.7101449275362319
2025-01-24 15:15:00,London,0,0.6905504212692305,0.6214689265536721
2025-01-24 15:45:00,London,1,0.7640043582614793,0.6214689265536721
2025-01-24 16:00:00,London,1,0.7477185705842506,0.6214689265536721
2025-01-24 16:15:00,London,1,0.7477185705842506,0.6214689265536721
2025-01-24 16:30:00,London,0,0.6076394364082839,0.5554711246200612
2025-01-27 12:00:00,London,0,0.6770309515458809,0.5573770491803278
2025-01-27 12:30:00,London,1,0.5339961238898885,0.5365853658536585
2025-01-27 12:45:00,London,0,0.7032128059996683,0.6214689265536721
2025-01-27 13:30:00,London,1,0.6882189177954579,0.6214689265536721
2025-01-27 14:00:00,London,0,0.6035752492598526,0.5554711246200612
2025-01-27 14:15:00,London,1,0.6273520043268696,0.5554711246200612
2025-01-27 14:30:00,London,0,0.5928186520172567,0.5554711246200612
2025-01-27 15:00:00,London,1,0.7487425531401278,0.6214689265536721
2025-01-27 15:30:00,London,1,0.7371341123752798,0.6214689265536721
2025-01-27 15:45:00,London,1,0.7371341123752798,0.6214689265536721
2025-01-27 16:00:00,London,0,0.7197995407570715,0.6214689265536721
2025-01-27 16:15:00,London,1,0.6486379431850698,0.5554711246200612
2025-01-27 16:30:00,London,0,0.6872566656632023,0.6111111111111112
2025-01-27 16:45:00,London,1,0.7197995407570715,0.6214689265536721
2025-01-27 23:30:00,Other,1,0.4610735925485249,0.5365853658536585
2025-01-28 00:00:00,Other,0,0.3318783024993069,0.49413298565840924
2025-01-28 00:15:00,Other,1,0.3365254797675575,0.49413298565840924
2025-01-28 00:30:00,Other,1,0.3233188657997215,0.49413298565840924
2025-01-28 01:00:00,Other,0,0.2795454317357004,0.49413298565840924
2025-01-28 01:30:00,Other,0,0.3357960633936827,0.49413298565840924
2025-01-28 01:45:00,Other,0,0.2906232670855829,0.49413298565840924
2025-01-28 02:00:00,Other,0,0.4938535794413448,0.5365853658536585
2025-01-28 02:30:00,Other,0,0.6354258885454395,0.5554711246200612
2025-01-28 02:45:00,Other,1,0.3825214317368493,0.49413298565840924
2025-01-28 03:00:00,Other,0,0.3256773433868238,0.49413298565840924
2025-01-28 03:30:00,Other,1,0.3440092436562897,0.49413298565840924
2025-01-28 05:15:00,Other,0,0.3064709753511176,0.49413298565840924
2025-01-28 05:30:00,Other,0,0.2393090272910552,0.4166666666666667
2025-01-28 06:30:00,Other,1,0.3169983557918287,0.49413298565840924
2025-01-28 07:00:00,London,1,0.276849523279315,0.49413298565840924
2025-01-28 07:15:00,London,0,0.276849523279315,0.49413298565840924
2025-01-28 07:45:00,London,0,0.3294790277943226,0.49413298565840924
2025-01-28 08:15:00,London,1,0.240390910738178,0.42105263157894735
2025-01-28 10:30:00,London,1,0.4172497342357454,0.49413298565840924
2025-01-28 11:00:00,London,1,0.4112997902992339,0.49413298565840924
2025-01-28 11:15:00,London,0,0.3654852153488371,0.49413298565840924
2025-01-28 11:30:00,London,0,0.5401179968104017,0.5365853658536585
2025-01-28 11:45:00,London,1,0.4042782808279278,0.49413298565840924
2025-01-28 12:30:00,London,1,0.4405142814342877,0.5365853658536585
2025-01-28 12:45:00,London,1,0.3253024340062458,0.49413298565840924
2025-01-28 13:00:00,London,1,0.5478692446175418,0.5366527741624219
2025-01-28 13:45:00,London,1,0.4827260445268708,0.5365853658536585
2025-01-28 14:00:00,London,1,0.5134307819272296,0.5365853658536585
2025-01-28 14:15:00,London,1,0.5727615247690324,0.5554711246200612
2025-01-28 14:45:00,London,1,0.5030860305389782,0.5365853658536585
2025-01-28 15:15:00,London,1,0.491831295615279,0.5365853658536585
2025-01-28 15:30:00,London,0,0.491831295615279,0.5365853658536585
2025-01-28 15:45:00,London,1,0.370987241916855,0.49413298565840924
2025-01-28 16:30:00,London,1,0.3885304169411335,0.49413298565840924
2025-01-28 16:45:00,London,0,0.6349959498617741,0.5554711246200612
2025-01-28 17:00:00,NY,1,0.3962334654006048,0.49413298565840924
2025-01-28 17:45:00,NY,1,0.4389304404306206,0.5365853658536585
2025-01-28 18:00:00,NY,1,0.5203924524538787,0.5365853658536585
2025-01-28 18:30:00,NY,1,0.2398551451370042,0.42105263157894735
2025-01-28 18:45:00,NY,1,0.3009718175669895,0.49413298565840924
2025-01-28 19:30:00,NY,0,0.4327733864590687,0.49413298565840924
2025-01-28 20:15:00,NY,1,0.6565329451056745,0.5554711246200612
2025-01-28 20:30:00,NY,0,0.5869396713820971,0.5554711246200612
2025-01-28 21:45:00,NY,1,0.4423603261136323,0.5365853658536585
2025-01-28 23:15:00,Other,1,0.6461847923765617,0.5554711246200612
2025-01-28 23:30:00,Other,0,0.4445065810121792,0.5365853658536585
2025-01-28 23:45:00,Other,1,0.4764079913419417,0.5365853658536585
2025-01-29 00:15:00,Other,1,0.5919707198985034,0.5554711246200612
2025-01-29 00:30:00,Other,1,0.5585085628006901,0.5554711246200612
2025-01-29 00:45:00,Other,1,0.5300049197702315,0.5365853658536585
2025-01-29 01:15:00,Other,0,0.4965329158757197,0.5365853658536585
2025-01-29 01:45:00,Other,1,0.6041589676558635,0.5554711246200612
2025-01-29 02:15:00,Other,0,0.5094172424742783,0.5365853658536585
2025-01-29 03:00:00,Other,0,0.4821997523562614,0.5365853658536585
2025-01-29 03:30:00,Other,0,0.5103428188833002,0.5365853658536585
2025-01-29 03:45:00,Other,0,0.6199908873704915,0.5554711246200612
2025-01-29 04:00:00,Other,1,0.5245548909863925,0.5365853658536585
2025-01-29 08:45:00,London,0,0.3210807140206488,0.49413298565840924
2025-01-29 09:00:00,London,1,0.4037437221499387,0.49413298565840924
2025-01-29 09:15:00,London,1,0.390644438502338,0.49413298565840924
2025-01-29 09:30:00,London,0,0.3501416124921678,0.49413298565840924
2025-01-29 10:00:00,London,0,0.4790110589068291,0.5365853658536585
2025-01-29 10:15:00,London,0,0.4612764335739001,0.5365853658536585
2025-01-29 10:30:00,London,1,0.4756658234344212,0.5365853658536585
2025-01-30 01:00:00,Other,0,0.4377366746578641,0.5365853658536585
2025-01-30 02:00:00,Other,0,0.4428595364302974,0.5365853658536585
2025-01-30 02:45:00,Other,1,0.4130380918164002,0.49413298565840924
2025-01-30 03:00:00,Other,1,0.4080201322846539,0.49413298565840924
2025-01-30 03:30:00,Other,1,0.3761991176029967,0.49413298565840924
2025-01-30 04:15:00,Other,0,0.2924684739229503,0.49413298565840924
2025-01-30 04:30:00,Other,0,0.278780246425825,0.49413298565840924
2025-01-30 04:45:00,Other,1,0.3248080884613527,0.49413298565840924
2025-01-30 09:00:00,London,1,0.3785741589697788,0.49413298565840924
2025-01-30 09:15:00,London,0,0.3883245829504978,0.49413298565840924
2025-01-30 09:45:00,London,1,0.3448592215986205,0.49413298565840924
2025-01-30 10:15:00,London,1,0.5001163361634234,0.5365853658536585
2025-01-30 10:45:00,London,1,0.4633330983382585,0.5365853658536585
2025-01-30 12:30:00,London,1,0.3672335065665827,0.49413298565840924
2025-01-30 13:15:00,London,1,0.5231370289551792,0.5365853658536585
2025-01-30 13:45:00,London,0,0.5053871287084805,0.5365853658536585
2025-01-30 14:00:00,London,1,0.471365863627708,0.5365853658536585
2025-01-30 14:15:00,London,1,0.5389625542654581,0.5365853658536585
2025-01-30 15:00:00,London,1,0.7214617454166963,0.6214689265536721
2025-01-30 15:45:00,London,0,0.7099524699294344,0.6214689265536721
2025-01-30 16:45:00,London,1,0.3135884196664703,0.49413298565840924
2025-01-30 17:15:00,NY,1,0.6220112665976812,0.5554711246200612
2025-01-30 17:30:00,NY,1,0.6396770406238947,0.5554711246200612
2025-01-30 17:45:00,NY,1,0.6781339745267516,0.5573770491803278
2025-01-30 18:00:00,NY,1,0.6513125748995781,0.5554711246200612
2025-01-30 18:30:00,NY,0,0.6483177210441952,0.5554711246200612
2025-01-30 19:00:00,NY,0,0.4593350761643635,0.5365853658536585
2025-01-30 19:30:00,NY,1,0.8145395221760146,0.7101449275362319
2025-01-30 19:45:00,NY,1,0.6321575484850721,0.5554711246200612
2025-01-30 20:00:00,NY,1,0.6101498284178436,0.5554711246200612
2025-01-30 20:15:00,NY,0,0.5704446578232264,0.5554711246200612
2025-01-30 21:30:00,NY,1,0.8068863599259467,0.7090909090909091
2025-01-30 21:45:00,NY,1,0.7523860739000576,0.6214689265536721
2025-01-30 23:30:00,Other,1,0.6253234357911736,0.5554711246200612
2025-01-31 00:45:00,Other,0,0.6626779865059065,0.5554711246200612
2025-01-31 01:00:00,Other,0,0.7283691088582044,0.6214689265536721
2025-01-31 01:45:00,Other,1,0.4017908439772201,0.49413298565840924
2025-01-31 02:45:00,Other,1,0.4258750168907004,0.49413298565840924
2025-01-31 03:45:00,Other,0,0.3307750195023041,0.49413298565840924
2025-01-31 04:30:00,Other,0,0.2527157736534829,0.4583333333333333
2025-01-31 05:30:00,Other,1,0.3038002968396844,0.49413298565840924
2025-01-31 05:45:00,Other,0,0.2996247723829086,0.49413298565840924
2025-01-31 06:00:00,Other,0,0.3328701053751827,0.49413298565840924
2025-01-31 06:15:00,Other,1,0.3429612210342032,0.49413298565840924
2025-01-31 07:15:00,London,0,0.2424958687835355,0.42105263157894735
2025-01-31 08:15:00,London,1,0.3468499033130517,0.49413298565840924
2025-01-31 15:15:00,London,1,0.7499717643062009,0.6214689265536721
2025-01-31 15:45:00,London,1,0.7090369629489609,0.6214689265536721
2025-01-31 16:00:00,London,0,0.7108091639956232,0.6214689265536721
2025-01-31 16:30:00,London,1,0.6057753040905064,0.5554711246200612
2025-01-31 16:45:00,London,1,0.6103568157800816,0.5554711246200612
2025-02-03 09:45:00,London,1,0.2725522502378703,0.4878048780487805
2025-02-03 11:30:00,London,1,0.6498905678132616,0.5554711246200612
2025-02-03 11:45:00,London,1,0.6470258593427749,0.5554711246200612
2025-02-03 12:15:00,London,1,0.7233834522800876,0.6214689265536721
2025-02-03 12:30:00,London,1,0.6587417884984245,0.5554711246200612
2025-02-03 12:45:00,London,1,0.7036522096763076,0.6214689265536721
2025-02-03 13:00:00,London,1,0.735132345275089,0.6214689265536721
2025-02-03 14:00:00,London,1,0.7446399870826753,0.6214689265536721
2025-02-03 15:00:00,London,0,0.7701045531267873,0.6214689265536721
2025-02-03 15:30:00,London,1,0.8913048559116215,0.7352941176470589
2025-02-03 15:45:00,London,1,0.6763255087685461,0.5573770491803278
2025-02-03 16:30:00,London,0,0.6689423233496774,0.5554711246200612
2025-02-03 20:00:00,NY,0,0.78366344689216,0.6214689265536721
2025-02-03 20:45:00,NY,0,0.5962526114142318,0.5554711246200612
2025-02-03 21:15:00,NY,0,0.6350836567552157,0.5554711246200612
2025-02-03 21:30:00,NY,1,0.658930168872675,0.5554711246200612
2025-02-03 21:45:00,NY,0,0.5958706200825187,0.5554711246200612
2025-02-04 03:00:00,Other,0,0.4090788103154748,0.49413298565840924
2025-02-04 03:15:00,Other,0,0.4296938854309848,0.49413298565840924
2025-02-04 03:45:00,Other,0,0.7002193784167896,0.6214689265536721
2025-02-04 04:15:00,Other,1,0.7682430310980773,0.6214689265536721
2025-02-04 04:30:00,Other,0,0.6624745273714499,0.5554711246200612
2025-02-04 05:00:00,Other,1,0.6910367579987821,0.6214689265536721
2025-02-04 05:30:00,Other,0,0.6665025438330682,0.5554711246200612
2025-02-04 06:15:00,Other,1,0.6410153254526405,0.5554711246200612
2025-02-04 06:45:00,Other,0,0.4255635322385538,0.49413298565840924
2025-02-04 07:15:00,London,1,0.4349333128824554,0.5365853658536585
2025-02-04 10:00:00,London,0,0.3040237510653876,0.49413298565840924
2025-02-04 10:30:00,London,1,0.732353333535526,0.6214689265536721
2025-02-04 10:45:00,London,1,0.6920419294062511,0.6214689265536721
2025-02-04 11:30:00,London,1,0.7124021670862967,0.6214689265536721
2025-02-04 11:45:00,London,1,0.7111778168781627,0.6214689265536721
2025-02-04 12:15:00,London,1,0.5803701163035951,0.5554711246200612
2025-02-04 12:45:00,London,1,0.5803701163035951,0.5554711246200612
2025-02-04 13:00:00,London,1,0.6257058635943556,0.5554711246200612
2025-02-04 13:15:00,London,1,0.7668948917853929,0.6214689265536721
2025-02-04 14:15:00,London,1,0.723460802978745,0.6214689265536721
2025-02-04 14:30:00,London,1,0.7808316376237447,0.6214689265536721
2025-02-04 15:15:00,London,0,0.7794128187987507,0.6214689265536721
2025-02-04 15:45:00,London,1,0.6984649151966448,0.6214689265536721
2025-02-04 16:15:00,London,1,0.8206366322215412,0.7101449275362319
2025-02-04 17:30:00,NY,1,0.6544168145921774,0.5554711246200612
2025-02-04 18:15:00,NY,0,0.6961410749366455,0.6214689265536721
2025-02-04 19:45:00,NY,0,0.5279710794893562,0.5365853658536585
2025-02-04 21:15:00,NY,1,0.7269657158851418,0.6214689265536721
2025-02-04 21:30:00,NY,1,0.646992501433893,0.5554711246200612
2025-02-05 02:15:00,Other,0,0.7191976744005764,0.6214689265536721
2025-02-05 02:45:00,Other,1,0.674331210458797,0.5573770491803278
2025-02-05 03:00:00,Other,1,0.6677912801757041,0.5554711246200612
2025-02-05 03:15:00,Other,0,0.6876838955250861,0.6214689265536721
2025-02-05 03:30:00,Other,1,0.6500345972943762,0.5554711246200612
2025-02-05 03:45:00,Other,1,0.6500345972943762,0.5554711246200612
2025-02-05 04:15:00,Other,1,0.6575258673444845,0.5554711246200612
2025-02-05 04:30:00,Other,0,0.6825105207388544,0.6041666666666666
2025-02-05 05:00:00,Other,1,0.7087410602113153,0.6214689265536721
2025-02-05 05:30:00,Other,1,0.4406884267110711,0.5365853658536585
2025-02-05 05:45:00,Other,1,0.449867036963911,0.5365853658536585
2025-02-05 06:30:00,Other,0,0.4583412607074694,0.5365853658536585
2025-02-05 06:45:00,Other,0,0.426771788082998,0.49413298565840924
2025-02-05 07:00:00,London,1,0.5644472956112229,0.5554711246200612
2025-02-05 07:15:00,London,1,0.4882709730739465,0.5365853658536585
2025-02-05 07:30:00,London,1,0.4457766628249415,0.5365853658536585
2025-02-05 07:45:00,London,1,0.4882709730739465,0.5365853658536585
2025-02-05 08:00:00,London,1,0.507341535097092,0.5365853658536585
2025-02-05 08:15:00,London,1,0.4799435356699995,0.5365853658536585
2025-02-05 08:30:00,London,0,0.6893385285047723,0.6214689265536721
2025-02-05 08:45:00,London,1,0.7358142991706221,0.6214689265536721
2025-02-05 09:00:00,London,1,0.6663010421060527,0.5554711246200612
2025-02-05 09:30:00,London,1,0.7159218270668404,0.6214689265536721
2025-02-05 09:45:00,London,0,0.6923261956860199,0.6214689265536721
2025-02-05 11:15:00,London,0,0.7692061992234238,0.6214689265536721
2025-02-05 11:30:00,London,0,0.7196375007739736,0.6214689265536721
2025-02-05 12:00:00,London,0,0.6505315307405994,0.5554711246200612
2025-02-05 12:15:00,London,1,0.7764583686654307,0.6214689265536721
2025-02-05 12:45:00,London,0,0.7721165426282206,0.6214689265536721
2025-02-05 13:15:00,London,1,0.7959932820231612,0.6214689265536721
2025-02-05 13:30:00,London,1,0.7878521986723368,0.6214689265536721
2025-02-05 16:00:00,London,1,0.7374195156438687,0.6214689265536721
2025-02-05 16:30:00,London,1,0.6287464387172069,0.5554711246200612
2025-02-05 17:00:00,NY,0,0.6354974197136178,0.5554711246200612
2025-02-05 17:30:00,NY,0,0.6598499812292726,0.5554711246200612
2025-02-05 17:45:00,NY,0,0.6598499812292726,0.5554711246200612
2025-02-05 18:15:00,NY,0,0.7570384853830486,0.6214689265536721
2025-02-05 19:00:00,NY,1,0.7517394037607261,0.6214689265536721
2025-02-05 19:15:00,NY,0,0.7109634477178469,0.6214689265536721
2025-02-05 20:30:00,NY,0,0.7707587675743672,0.6214689265536721
2025-02-06 03:30:00,Other,1,0.7517364915614682,0.6214689265536721
2025-02-06 03:45:00,Other,1,0.8077866547862879,0.7090909090909091
2025-02-06 04:15:00,Other,0,0.6743114432812911,0.5573770491803278
2025-02-06 04:30:00,Other,0,0.4057096790179052,0.49413298565840924
2025-02-06 05:00:00,Other,1,0.5125478735067341,0.5365853658536585
2025-02-06 05:30:00,Other,0,0.3234151354206904,0.49413298565840924
2025-02-06 05:45:00,Other,1,0.477384521515301,0.5365853658536585
2025-02-06 06:15:00,Other,0,0.3121610181716439,0.49413298565840924
2025-02-06 06:45:00,Other,1,0.4440540975131366,0.5365853658536585
2025-02-06 07:15:00,London,0,0.3954801475227674,0.49413298565840924
2025-02-06 07:45:00,London,1,0.4476628534488726,0.5365853658536585
2025-02-06 20:15:00,NY,1,0.3714474105507063,0.49413298565840924
2025-02-06 20:30:00,NY,1,0.3625755597534629,0.49413298565840924
2025-02-06 21:30:00,NY,0,0.4733438223095053,0.5365853658536585
2025-02-06 21:45:00,NY,1,0.4648881095583089,0.5365853658536585
2025-02-06 23:00:00,Other,1,0.495369472754212,0.5365853658536585
2025-02-06 23:30:00,Other,0,0.4533401423531817,0.5365853658536585
2025-02-06 23:45:00,Other,1,0.4533401423531817,0.5365853658536585
2025-02-07 00:00:00,Other,1,0.2016643125751281,0.4098360655737705
2025-02-07 00:15:00,Other,1,0.4118502901641681,0.49413298565840924
2025-02-07 01:15:00,Other,1,0.513903628982856,0.5365853658536585
2025-02-07 01:30:00,Other,1,0.4286041102414683,0.49413298565840924
2025-02-07 02:00:00,Other,1,0.4385733525831816,0.5365853658536585
2025-02-07 02:15:00,Other,0,0.4943390706478761,0.5365853658536585
2025-02-07 02:30:00,Other,1,0.4027847901721573,0.49413298565840924
2025-02-07 02:45:00,Other,0,0.4368087687806279,0.5365853658536585
2025-02-07 03:15:00,Other,1,0.4455180725461986,0.5365853658536585
2025-02-07 03:30:00,Other,0,0.3714341925349919,0.49413298565840924
2025-02-07 04:00:00,Other,0,0.3275801756162924,0.49413298565840924
2025-02-07 05:00:00,Other,0,0.275988022145256,0.49413298565840924
2025-02-07 05:15:00,Other,0,0.0943628056946078,0.00036795160324051325
2025-02-07 06:00:00,Other,1,0.5186349406950308,0.5365853658536585
2025-02-07 09:15:00,London,0,0.6899390564159459,0.6214689265536721
2025-02-07 09:30:00,London,1,0.4628013320866044,0.5365853658536585
2025-02-07 09:45:00,London,0,0.3928915449982163,0.49413298565840924
2025-02-07 10:00:00,London,0,0.4991665201031149,0.5365853658536585
2025-02-07 11:00:00,London,0,0.5299360980934706,0.5365853658536585
2025-02-07 11:30:00,London,1,0.503109225945343,0.5365853658536585
2025-02-07 12:00:00,London,1,0.6683510358842408,0.5554711246200612
2025-02-07 12:15:00,London,0,0.5368303508649468,0.5365853658536585
2025-02-07 12:45:00,London,1,0.4069157433459596,0.49413298565840924
2025-02-07 13:00:00,London,1,0.558326018520227,0.5554711246200612
2025-02-07 16:45:00,London,0,0.7109695799540426,0.6214689265536721
2025-02-07 17:45:00,NY,1,0.5235748384918739,0.5365853658536585
2025-02-07 18:15:00,NY,1,0.5990673312702431,0.5554711246200612
2025-02-07 18:30:00,NY,0,0.5127630212439925,0.5365853658536585
2025-02-07 18:45:00,NY,1,0.5393719526736891,0.5365853658536585
2025-02-07 19:00:00,NY,0,0.5588538793805866,0.5554711246200612
2025-02-07 19:30:00,NY,1,0.5621912081262235,0.5554711246200612
2025-02-07 20:45:00,NY,1,0.6681100292269526,0.5554711246200612
2025-02-07 21:15:00,NY,0,0.5356691528496629,0.5365853658536585
2025-02-07 21:30:00,NY,1,0.5734681262372084,0.5554711246200612
2025-02-09 23:15:00,Other,0,0.4303390000393718,0.49413298565840924
2025-02-09 23:45:00,Other,0,0.5340931381348062,0.5365853658536585
2025-02-10 00:15:00,Other,1,0.3094190609306848,0.49413298565840924
2025-02-10 00:30:00,Other,1,0.296386838745587,0.49413298565840924
2025-02-10 01:30:00,Other,1,0.6576330964225691,0.5554711246200612
2025-02-10 01:45:00,Other,1,0.917324883270544,0.8
2025-02-10 02:00:00,Other,1,0.6397818355895587,0.5554711246200612
2025-02-10 02:30:00,Other,1,0.6884752268253997,0.6214689265536721
2025-02-10 04:00:00,Other,1,0.6918495104643209,0.6214689265536721
2025-02-10 04:45:00,Other,0,0.3643220734787994,0.49413298565840924
2025-02-10 05:15:00,Other,1,0.3417493414110222,0.49413298565840924
2025-02-10 06:00:00,Other,1,0.2714751236646381,0.4878048780487805
2025-02-10 06:15:00,Other,1,0.262273335973409,0.46153846153846156
2025-02-10 06:30:00,Other,1,0.3495048956750576,0.49413298565840924
2025-02-10 07:15:00,London,1,0.3798538328245688,0.49413298565840924
2025-02-10 08:00:00,London,1,0.6718346733526022,0.5573770491803278
2025-02-10 08:30:00,London,1,0.6802967724358217,0.5573770491803278
2025-02-10 09:15:00,London,1,0.5664284430497242,0.5554711246200612
2025-02-10 09:45:00,London,0,0.6223233908079564,0.5554711246200612
2025-02-10 10:30:00,London,1,0.7890708899406772,0.6214689265536721
2025-02-10 11:00:00,London,1,0.6480784074781517,0.5554711246200612
2025-02-10 11:45:00,London,1,0.6903443878914207,0.6214689265536721
2025-02-10 12:00:00,London,0,0.7021695012500777,0.6214689265536721
2025-02-10 16:00:00,London,0,0.6750254928704548,0.5573770491803278
2025-02-10 17:00:00,NY,0,0.5482869566763628,0.5554711246200612
2025-02-10 17:15:00,NY,1,0.5707030112318916,0.5554711246200612
2025-02-10 20:00:00,NY,1,0.6468233310335421,0.5554711246200612
2025-02-10 20:15:00,NY,1,0.6723813850484943,0.5573770491803278
2025-02-10 20:30:00,NY,1,0.6677986402801677,0.5554711246200612
2025-02-10 20:45:00,NY,0,0.5791734647723352,0.5554711246200612
2025-02-10 21:00:00,NY,0,0.6590032255505462,0.5554711246200612
2025-02-10 21:15:00,NY,1,0.6830440159946188,0.6041666666666666
2025-02-10 23:00:00,Other,1,0.6256683672352934,0.5554711246200612
2025-02-10 23:45:00,Other,1,0.6356803906399224,0.5554711246200612
2025-02-11 01:00:00,Other,1,0.5895849267898338,0.5554711246200612
2025-02-11 01:15:00,Other,1,0.5875692240076337,0.5554711246200612
2025-02-11 01:45:00,Other,1,0.6689654817562911,0.5554711246200612
2025-02-11 02:00:00,Other,1,0.7279663204557953,0.6214689265536721
2025-02-11 02:30:00,Other,1,0.8169712902838422,0.7101449275362319
2025-02-11 03:15:00,Other,1,0.6601058145242394,0.5554711246200612
2025-02-11 03:45:00,Other,0,0.2957787613553514,0.49413298565840924
2025-02-11 04:00:00,Other,1,0.5480664494193754,0.5521024234581288
2025-02-11 04:15:00,Other,0,0.5480664494193754,0.5521024234581288
2025-02-11 04:45:00,Other,1,0.7087364114909839,0.6214689265536721
2025-02-11 05:15:00,Other,1,0.5539295455009617,0.5554711246200612
2025-02-11 06:00:00,Other,0,0.7801847464035374,0.6214689265536721
2025-02-11 06:15:00,Other,0,0.264198655405922,0.46153846153846156
2025-02-11 06:45:00,Other,0,0.5377878083701015,0.5365853658536585
2025-02-11 07:15:00,London,1,0.5985481926207037,0.5554711246200612
2025-02-11 16:30:00,London,1,0.6161829589438935,0.5554711246200612
2025-02-11 16:45:00,London,0,0.5914992951391675,0.5554711246200612
2025-02-11 17:00:00,NY,1,0.5711093704662361,0.5554711246200612
2025-02-11 17:30:00,NY,0,0.566976818578754,0.5554711246200612
2025-02-11 18:15:00,NY,0,0.6123222703570098,0.5554711246200612
2025-02-11 19:30:00,NY,0,0.3639453085372404,0.49413298565840924
2025-02-11 19:45:00,NY,0,0.2022522857315441,0.4098360655737705
2025-02-11 20:15:00,NY,1,0.4581831191000022,0.5365853658536585
2025-02-12 14:45:00,London,1,0.8297603641820057,0.7101449275362319
2025-02-12 15:30:00,London,1,0.7491642143508828,0.6214689265536721
2025-02-12 16:00:00,London,0,0.7322132771916944,0.6214689265536721
2025-02-12 16:15:00,London,1,0.7442098035772763,0.6214689265536721
2025-02-12 16:45:00,London,1,0.78960992967318,0.6214689265536721
2025-02-12 17:15:00,NY,0,0.7318509167791563,0.6214689265536721
2025-02-12 17:45:00,NY,0,0.7154190446314496,0.6214689265536721
2025-02-12 18:00:00,NY,0,0.6954605375905866,0.6214689265536721
2025-02-12 18:30:00,NY,0,0.6504915915396657,0.5554711246200612
2025-02-12 18:45:00,NY,0,0.7068043613118938,0.6214689265536721
2025-02-12 19:15:00,NY,1,0.8708718521035779,0.7352941176470589
2025-02-12 19:30:00,NY,1,0.7398323568935593,0.6214689265536721
2025-02-12 20:15:00,NY,1,0.7275460296253892,0.6214689265536721
2025-02-12 21:00:00,NY,1,0.6950371673876119,0.6214689265536721
2025-02-12 23:30:00,Other,1,0.7474941555257762,0.6214689265536721
2025-02-13 00:00:00,Other,0,0.4017298824237799,0.49413298565840924
2025-02-13 00:15:00,Other,0,0.3597177868622557,0.49413298565840924
2025-02-13 01:00:00,Other,0,0.4315603806859453,0.49413298565840924
2025-02-13 01:30:00,Other,1,0.5133193405357519,0.5365853658536585
2025-02-13 01:45:00,Other,1,0.4025782732706262,0.49413298565840924
2025-02-13 02:00:00,Other,1,0.512310516628481,0.5365853658536585
2025-02-13 02:15:00,Other,1,0.4814503889380427,0.5365853658536585
2025-02-13 02:30:00,Other,0,0.6206682553884303,0.5554711246200612
2025-02-13 03:00:00,Other,1,0.4287963848026022,0.49413298565840924
2025-02-13 03:30:00,Other,1,0.8068323610200808,0.7090909090909091
2025-02-13 03:45:00,Other,1,0.7772065524803231,0.6214689265536721
2025-02-13 04:00:00,Other,0,0.723580300455761,0.6214689265536721
2025-02-13 04:15:00,Other,1,0.6436261456609289,0.5554711246200612
2025-02-13 05:00:00,Other,1,0.3922733194054126,0.49413298565840924
2025-02-13 05:30:00,Other,0,0.3685949271496118,0.49413298565840924
2025-02-13 06:00:00,Other,0,0.703588527317772,0.6214689265536721
2025-02-13 06:30:00,Other,1,0.8515894016953018,0.7101449275362319
2025-02-13 07:15:00,London,1,0.3485534928277273,0.49413298565840924
2025-02-13 07:45:00,London,1,0.6032459962929428,0.5554711246200612
2025-02-13 08:00:00,London,1,0.6722928230024267,0.5573770491803278
2025-02-13 13:15:00,London,1,0.80030886087008,0.7090909090909091
2025-02-14 01:45:00,Other,0,0.4006289138795124,0.49413298565840924
2025-02-14 02:00:00,Other,0,0.4807453726061095,0.5365853658536585
2025-02-14 07:00:00,London,0,0.3204837614412799,0.49413298565840924
2025-02-14 07:15:00,London,1,0.5339998357996928,0.5365853658536585
2025-02-14 07:45:00,London,1,0.3789927341992422,0.49413298565840924
2025-02-14 09:00:00,London,0,0.7254406752883585,0.6214689265536721
2025-02-14 09:45:00,London,1,0.6828010697904092,0.6041666666666666
2025-02-14 10:00:00,London,1,0.7204349872201832,0.6214689265536721
2025-02-14 10:15:00,London,0,0.7265909571274161,0.6214689265536721
2025-02-14 10:45:00,London,1,0.7204349872201832,0.6214689265536721
2025-02-14 11:00:00,London,1,0.7006975425144463,0.6214689265536721
2025-02-14 11:15:00,London,0,0.7006864410224104,0.6214689265536721
2025-02-14 11:45:00,London,0,0.4272687604905864,0.49413298565840924
2025-02-14 12:00:00,London,0,0.5120068045517315,0.5365853658536585
2025-02-14 12:45:00,London,0,0.5226461107085841,0.5365853658536585
2025-02-14 13:45:00,London,1,0.7323941697499354,0.6214689265536721
2025-02-17 01:00:00,Other,1,0.9104245736009384,0.8
2025-02-17 01:15:00,Other,1,0.5467736772345986,0.5365853658536585
2025-02-17 01:30:00,Other,1,0.5467736772345986,0.5365853658536585
2025-02-17 02:00:00,Other,0,0.6256388057693886,0.5554711246200612
2025-02-17 02:15:00,Other,1,0.659490794494329,0.5554711246200612
2025-02-17 03:30:00,Other,0,0.5302837041932031,0.5365853658536585
2025-02-17 05:30:00,Other,0,0.6365721893996504,0.5554711246200612
2025-02-17 06:30:00,Other,1,0.5280639394550646,0.5365853658536585
2025-02-17 08:00:00,London,0,0.5067270625999802,0.5365853658536585
2025-02-17 08:30:00,London,1,0.8145679863379195,0.7101449275362319
2025-02-17 08:45:00,London,1,0.5987770242784408,0.5554711246200612
2025-02-17 09:00:00,London,0,0.7012423601861825,0.6214689265536721
2025-02-17 10:45:00,London,1,0.6697176559316781,0.5554711246200612
2025-02-17 11:00:00,London,1,0.7907165339753246,0.6214689265536721
2025-02-17 11:30:00,London,0,0.6073075074803632,0.5554711246200612
2025-02-17 11:45:00,London,0,0.6606797696881095,0.5554711246200612
2025-02-17 15:30:00,London,1,0.3575516111231022,0.49413298565840924
2025-02-17 16:00:00,London,0,0.3906057979883331,0.49413298565840924
2025-02-17 17:00:00,NY,0,0.5021654730400519,0.5365853658536585
2025-02-17 17:45:00,NY,0,0.4542800546031909,0.5365853658536585
2025-02-17 18:15:00,NY,0,0.4445175756435314,0.5365853658536585
2025-02-17 18:45:00,NY,1,0.4497393505356132,0.5365853658536585
2025-02-17 23:00:00,Other,1,0.4879406197228491,0.5365853658536585
2025-02-17 23:15:00,Other,1,0.5216681822562287,0.5365853658536585
2025-02-17 23:45:00,Other,0,0.6265388972186553,0.5554711246200612
2025-02-18 00:15:00,Other,1,0.4510398298907113,0.5365853658536585
2025-02-18 00:30:00,Other,0,0.4748363350533812,0.5365853658536585
2025-02-18 01:00:00,Other,1,0.3836044119858628,0.49413298565840924
2025-02-18 01:15:00,Other,0,0.4066574048494036,0.49413298565840924
2025-02-18 03:45:00,Other,0,0.6948726242617693,0.6214689265536721
2025-02-18 04:00:00,Other,1,0.6386620418182611,0.5554711246200612
2025-02-18 04:45:00,Other,1,0.6997058808209066,0.6214689265536721
2025-02-18 05:00:00,Other,0,0.681488064472906,0.6041666666666666
2025-02-18 06:15:00,Other,0,0.385450119966747,0.49413298565840924
2025-02-18 06:30:00,Other,1,0.3620536818731447,0.49413298565840924
2025-02-18 07:30:00,London,0,0.3624460512430453,0.49413298565840924
2025-02-18 07:45:00,London,1,0.4238044438624957,0.49413298565840924
2025-02-18 09:00:00,London,0,0.4317525687655838,0.49413298565840924
2025-02-18 10:15:00,London,1,0.4072757436301283,0.49413298565840924
2025-02-18 10:30:00,London,1,0.446171763881687,0.5365853658536585
2025-02-18 15:30:00,London,1,0.7265318814305194,0.6214689265536721
2025-02-18 17:00:00,NY,0,0.6206478908547307,0.5554711246200612
2025-02-18 18:30:00,NY,1,0.4736842416509034,0.5365853658536585
2025-02-18 18:45:00,NY,0,0.573204253160386,0.5554711246200612
2025-02-18 19:00:00,NY,1,0.4838525492856729,0.5365853658536585
2025-02-18 19:30:00,NY,1,0.620490515907708,0.5554711246200612
2025-02-18 20:00:00,NY,0,0.5370395832107027,0.5365853658536585
2025-02-18 20:30:00,NY,1,0.580847710674859,0.5554711246200612
2025-02-18 23:00:00,Other,0,0.5575567768612786,0.5554711246200612
2025-02-18 23:15:00,Other,0,0.5663653121474164,0.5554711246200612
2025-02-19 00:00:00,Other,1,0.4734243198593243,0.5365853658536585
2025-02-19 00:15:00,Other,0,0.4692463172587771,0.5365853658536585
2025-02-19 00:45:00,Other,1,0.5180760274384671,0.5365853658536585
2025-02-19 02:30:00,Other,0,0.4876729724683304,0.5365853658536585
2025-02-19 10:15:00,London,1,0.7256086883649018,0.6214689265536721
2025-02-19 10:30:00,London,0,0.4629488278717638,0.5365853658536585
2025-02-19 10:45:00,London,1,0.5299462371793915,0.5365853658536585
2025-02-19 11:00:00,London,0,0.6148100450341859,0.5554711246200612
2025-02-19 12:15:00,London,1,0.7672649155971828,0.6214689265536721
2025-02-19 12:30:00,London,0,0.7204909229221723,0.6214689265536721
2025-02-19 12:45:00,London,1,0.7331858470586425,0.6214689265536721
2025-02-19 23:30:00,Other,1,0.5439517733265414,0.5365853658536585
2025-02-20 00:00:00,Other,0,0.439672034167848,0.5365853658536585
2025-02-20 01:30:00,Other,1,0.4798162439379707,0.5365853658536585
2025-02-20 01:45:00,Other,0,0.4823554062312145,0.5365853658536585
2025-02-20 02:00:00,Other,1,0.7142036107731765,0.6214689265536721
2025-02-20 02:15:00,Other,1,0.5015870543847742,0.5365853658536585
2025-02-20 03:00:00,Other,0,0.7997217429743015,0.6214689265536721
2025-02-20 03:30:00,Other,0,0.4793470712507672,0.5365853658536585
2025-02-20 04:00:00,Other,0,0.5027462660924312,0.5365853658536585
2025-02-20 04:15:00,Other,0,0.3885444209298232,0.49413298565840924
2025-02-20 04:30:00,Other,1,0.4195612359578215,0.49413298565840924
2025-02-20 05:15:00,Other,0,0.3890539016531402,0.49413298565840924
2025-02-20 05:30:00,Other,1,0.2943877851166883,0.49413298565840924
2025-02-20 06:00:00,Other,1,0.3113560989621976,0.49413298565840924
2025-02-20 07:15:00,London,1,0.3062902871705091,0.49413298565840924
2025-02-20 07:30:00,London,0,0.5546938253632799,0.5554711246200612
2025-02-20 07:45:00,London,1,0.442076822775496,0.5365853658536585
2025-02-20 08:00:00,London,0,0.4968885109862332,0.5365853658536585
2025-02-20 08:15:00,London,1,0.4829933880358825,0.5365853658536585
2025-02-20 08:45:00,London,0,0.371009666550696,0.49413298565840924
2025-02-20 09:15:00,London,0,0.3731989434418576,0.49413298565840924
2025-02-20 09:30:00,London,1,0.3757168110148969,0.49413298565840924
2025-02-20 10:00:00,London,0,0.4303107893201368,0.49413298565840924
2025-02-20 10:30:00,London,0,0.4303107893201368,0.49413298565840924
2025-02-20 11:00:00,London,1,0.4431109205547233,0.5365853658536585
2025-02-20 11:30:00,London,0,0.495804719179078,0.5365853658536585
2025-02-21 01:30:00,Other,0,0.3424802898455134,0.49413298565840924
2025-02-21 01:45:00,Other,1,0.6923454984933368,0.6214689265536721
2025-02-21 12:00:00,London,1,0.8264156222112174,0.7101449275362319
2025-02-21 12:15:00,London,1,0.655455177565253,0.5554711246200612
2025-02-21 12:30:00,London,0,0.5536952634830017,0.5554711246200612
2025-02-21 13:00:00,London,0,0.7049000034698207,0.6214689265536721
2025-02-21 19:00:00,NY,1,0.6623555331848421,0.5554711246200612
2025-02-21 19:15:00,NY,0,0.6194655346647657,0.5554711246200612
2025-02-21 21:45:00,NY,1,0.645900128821657,0.5554711246200612
2025-02-24 00:00:00,Other,0,0.2386999949044358,0.4166666666666667
2025-02-24 00:15:00,Other,0,0.3096508246134702,0.49413298565840924
2025-02-24 00:30:00,Other,0,0.3201566806036445,0.49413298565840924
2025-02-24 00:45:00,Other,0,0.3169325356585336,0.49413298565840924
2025-02-24 01:00:00,Other,1,0.2789794737460892,0.49413298565840924
2025-02-24 04:45:00,Other,1,0.5969621307387842,0.5554711246200612
2025-02-24 10:30:00,London,1,0.6955788708447986,0.6214689265536721
2025-02-24 12:45:00,London,1,0.5602958327040718,0.5554711246200612
2025-02-24 13:00:00,London,0,0.7322539158021899,0.6214689265536721
2025-02-24 13:15:00,London,1,0.7151238505495433,0.6214689265536721
2025-02-24 13:45:00,London,0,0.735132345275089,0.6214689265536721
2025-02-24 23:30:00,Other,0,0.6037910417472605,0.5554711246200612
2025-02-25 00:15:00,Other,1,0.4070029678347949,0.49413298565840924
2025-02-25 00:30:00,Other,1,0.3702417627597428,0.49413298565840924
2025-02-25 00:45:00,Other,1,0.3610533584365595,0.49413298565840924
2025-02-25 01:00:00,Other,0,0.3833993446450009,0.49413298565840924
2025-02-25 01:15:00,Other,0,0.4149768875333709,0.49413298565840924
2025-02-25 09:15:00,London,0,0.6243304833934786,0.5554711246200612
2025-02-25 10:00:00,London,1,0.6248677527203943,0.5554711246200612
2025-02-25 10:30:00,London,0,0.6366947044665695,0.5554711246200612
2025-02-25 10:45:00,London,1,0.5743446699036804,0.5554711246200612
2025-02-25 11:15:00,London,0,0.6609887424426559,0.5554711246200612
2025-02-25 11:30:00,London,1,0.5974279093512967,0.5554711246200612
2025-02-25 11:45:00,London,1,0.4861957768931805,0.5365853658536585
2025-02-25 12:00:00,London,0,0.4182253038285418,0.49413298565840924
2025-02-25 15:00:00,London,0,0.7339956171254797,0.6214689265536721
2025-02-25 15:15:00,London,0,0.7952559273827811,0.6214689265536721
2025-02-25 15:30:00,London,1,0.7952559273827811,0.6214689265536721
2025-02-25 15:45:00,London,0,0.6592092931772154,0.5554711246200612
2025-02-25 20:00:00,NY,1,0.6351393929243916,0.5554711246200612
2025-02-25 20:15:00,NY,1,0.8080795305537224,0.7090909090909091
2025-02-25 21:30:00,NY,1,0.4816155178640165,0.5365853658536585
2025-02-25 23:45:00,Other,1,0.512305933388903,0.5365853658536585
2025-02-26 00:00:00,Other,1,0.3821286701045963,0.49413298565840924
2025-02-26 00:30:00,Other,0,0.3671260425159753,0.49413298565840924
2025-02-26 02:00:00,Other,1,0.793680026044755,0.6214689265536721
2025-02-26 02:45:00,Other,0,0.619078897021905,0.5554711246200612
2025-02-26 03:45:00,Other,1,0.6089098637009362,0.5554711246200612
2025-02-26 04:00:00,Other,0,0.5864878282705127,0.5554711246200612
2025-02-26 16:30:00,London,0,0.6908850602684166,0.6214689265536721
2025-02-26 16:45:00,London,1,0.7089332535469982,0.6214689265536721
2025-02-26 17:00:00,NY,0,0.6293026395007408,0.5554711246200612
2025-02-26 17:15:00,NY,1,0.6293026395007408,0.5554711246200612
2025-02-26 18:15:00,NY,0,0.6048848884948024,0.5554711246200612
2025-02-26 18:30:00,NY,1,0.658977802906306,0.5554711246200612
2025-02-26 19:00:00,NY,1,0.7430053049920308,0.6214689265536721
2025-02-26 19:30:00,NY,0,0.5477365450011453,0.5365853658536585
2025-02-26 19:45:00,NY,0,0.6485693965281405,0.5554711246200612
2025-02-26 20:00:00,NY,1,0.554018173031883,0.5554711246200612
2025-02-26 21:15:00,NY,1,0.7168278814285698,0.6214689265536721
2025-02-26 21:30:00,NY,1,0.6221448991486765,0.5554711246200612
2025-02-26 21:45:00,NY,1,0.6782432295273799,0.5573770491803278
2025-02-26 23:45:00,Other,0,0.6677458012023787,0.5554711246200612
2025-02-27 00:00:00,Other,0,0.3746888570199086,0.49413298565840924
2025-02-27 00:30:00,Other,1,0.3450984475898711,0.49413298565840924
2025-02-27 00:45:00,Other,0,0.4085840000022187,0.49413298565840924
2025-02-27 01:15:00,Other,1,0.4387305671479254,0.5365853658536585
2025-02-27 02:00:00,Other,0,0.5020610553687394,0.5365853658536585
2025-02-27 11:00:00,London,0,0.6057446067478656,0.5554711246200612
2025-02-27 11:15:00,London,0,0.6695441895005706,0.5554711246200612
2025-02-27 12:00:00,London,1,0.8057693777656623,0.7090909090909091
2025-02-27 12:15:00,London,1,0.5933844946265036,0.5554711246200612
2025-02-27 12:45:00,London,1,0.493225319252025,0.5365853658536585
2025-02-27 13:00:00,London,1,0.5045859701934098,0.5365853658536585
2025-02-27 13:15:00,London,1,0.4998140600073658,0.5365853658536585
2025-02-27 13:45:00,London,1,0.7615008832082678,0.6214689265536721
2025-02-27 14:00:00,London,1,0.521737121993008,0.5365853658536585
2025-02-27 14:15:00,London,1,0.8421984773330872,0.7101449275362319
2025-02-27 14:30:00,London,0,0.7132393465235565,0.6214689265536721
2025-02-28 12:30:00,London,1,0.3071161306906796,0.49413298565840924
2025-02-28 12:45:00,London,1,0.5518692785347382,0.5554711246200612
2025-02-28 13:00:00,London,0,0.7020504577868308,0.6214689265536721
2025-02-28 13:45:00,London,1,0.6529846054713389,0.5554711246200612
2025-02-28 14:00:00,London,0,0.6833028734588873,0.6041666666666666
2025-02-28 14:45:00,London,1,0.7149220300781969,0.6214689265536721
2025-03-02 23:30:00,Other,0,0.7046881867099026,0.6214689265536721
2025-03-03 01:00:00,Other,1,0.6954930742638739,0.6214689265536721
2025-03-03 01:45:00,Other,1,0.7384590722287471,0.6214689265536721
2025-03-03 02:15:00,Other,0,0.4770842748085165,0.5365853658536585
2025-03-03 02:30:00,Other,0,0.6271435228812782,0.5554711246200612
2025-03-03 09:30:00,London,1,0.6780741756622788,0.5573770491803278
2025-03-03 09:45:00,London,1,0.6173147916345796,0.5554711246200612
2025-03-03 10:00:00,London,1,0.6530923532513737,0.5554711246200612
2025-03-03 10:30:00,London,1,0.6995082714647399,0.6214689265536721
2025-03-03 11:00:00,London,0,0.6788442458208289,0.5573770491803278
2025-03-03 11:15:00,London,0,0.6742523506697524,0.5573770491803278
2025-03-03 11:30:00,London,1,0.6580906779229382,0.5554711246200612
2025-03-03 12:00:00,London,0,0.7206281116852725,0.6214689265536721
2025-03-03 13:45:00,London,1,0.6470178137372985,0.5554711246200612
2025-03-03 14:00:00,London,1,0.7651758079900094,0.6214689265536721
2025-03-03 14:15:00,London,1,0.7277506484875559,0.6214689265536721
2025-03-03 15:15:00,London,1,0.7636713278610981,0.6214689265536721
2025-03-03 15:30:00,London,1,0.7636713278610981,0.6214689265536721
2025-03-03 16:30:00,London,0,0.6767657518388073,0.5573770491803278
2025-03-03 17:00:00,NY,0,0.6531603975152284,0.5554711246200612
2025-03-03 17:15:00,NY,1,0.7238915746107569,0.6214689265536721
2025-03-03 17:45:00,NY,0,0.7137944507737858,0.6214689265536721
2025-03-03 18:00:00,NY,1,0.6553822026254466,0.5554711246200612
2025-03-03 18:30:00,NY,1,0.887654992080802,0.7352941176470589
2025-03-03 18:45:00,NY,0,0.7655424347369899,0.6214689265536721
2025-03-03 19:30:00,NY,0,0.7681429618766088,0.6214689265536721
2025-03-03 21:45:00,NY,0,0.7625505730183088,0.6214689265536721
2025-03-03 23:00:00,Other,1,0.704643841394609,0.6214689265536721
2025-03-04 00:15:00,Other,1,0.6353728102418543,0.5554711246200612
2025-03-04 00:30:00,Other,1,0.3236983681455853,0.49413298565840924
2025-03-04 01:00:00,Other,1,0.3337980375487482,0.49413298565840924
2025-03-04 01:30:00,Other,1,0.6041688712831009,0.5554711246200612
2025-03-04 02:00:00,Other,0,0.3742686346112182,0.49413298565840924
2025-03-04 02:15:00,Other,1,0.7389492225913993,0.6214689265536721
2025-03-04 02:45:00,Other,1,0.7261737778905883,0.6214689265536721
2025-03-04 03:15:00,Other,1,0.6619760977320764,0.5554711246200612
2025-03-04 03:30:00,Other,0,0.6892812714581633,0.6214689265536721
2025-03-04 04:15:00,Other,1,0.6405446541169477,0.5554711246200612
2025-03-04 04:30:00,Other,0,0.6753573849278032,0.5573770491803278
2025-03-04 06:15:00,Other,0,0.3756166139711711,0.49413298565840924
2025-03-04 06:30:00,Other,1,0.3412769097863667,0.49413298565840924
2025-03-04 07:00:00,London,1,0.3662025193817768,0.49413298565840924
2025-03-04 07:15:00,London,1,0.6711568280118904,0.5573770491803278
2025-03-04 07:30:00,London,1,0.6797578044972573,0.5573770491803278
2025-03-04 08:00:00,London,1,0.702399575827456,0.6214689265536721
2025-03-04 08:15:00,London,0,0.7547684978240875,0.6214689265536721
2025-03-04 08:45:00,London,1,0.7364122582173664,0.6214689265536721
2025-03-04 09:00:00,London,1,0.7624762420288741,0.6214689265536721
2025-03-04 09:15:00,London,0,0.767843555842844,0.6214689265536721
2025-03-04 09:45:00,London,0,0.6977368945926378,0.6214689265536721
2025-03-04 10:30:00,London,1,0.7794882135892633,0.6214689265536721
2025-03-04 10:45:00,London,1,0.6447672897974485,0.5554711246200612
2025-03-04 11:00:00,London,1,0.7407183806521432,0.6214689265536721
2025-03-04 11:30:00,London,1,0.6812242772874689,0.6041666666666666
2025-03-04 11:45:00,London,1,0.6950358700219498,0.6214689265536721
2025-03-04 12:00:00,London,1,0.6942358723128371,0.6214689265536721
2025-03-04 12:30:00,London,1,0.7184978161315577,0.6214689265536721
2025-03-04 12:45:00,London,1,0.7081459606375862,0.6214689265536721
2025-03-04 13:15:00,London,1,0.3273157833837116,0.49413298565840924
2025-03-04 13:30:00,London,1,0.6285410401074778,0.5554711246200612
2025-03-04 13:45:00,London,0,0.7673278992102456,0.6214689265536721
2025-03-04 14:00:00,London,0,0.7515258372676604,0.6214689265536721
2025-03-04 14:15:00,London,1,0.7164068756395531,0.6214689265536721
2025-03-04 14:30:00,London,0,0.7764512161498297,0.6214689265536721
2025-03-04 14:45:00,London,1,0.7999070872403589,0.7090909090909091
2025-03-04 20:30:00,NY,1,0.7326066358748458,0.6214689265536721
2025-03-04 21:00:00,NY,0,0.7724906348218267,0.6214689265536721
2025-03-04 21:15:00,NY,1,0.761249537416464,0.6214689265536721
2025-03-04 21:45:00,NY,0,0.56383670122307,0.5554711246200612
2025-03-04 23:00:00,Other,0,0.6776050544699322,0.5573770491803278
2025-03-04 23:15:00,Other,0,0.5776447322279792,0.5554711246200612
2025-03-05 00:00:00,Other,1,0.3944784519502223,0.49413298565840924
2025-03-05 00:15:00,Other,0,0.3822016717143493,0.49413298565840924
2025-03-05 00:30:00,Other,0,0.5975273073857705,0.5554711246200612
2025-03-05 01:00:00,Other,1,0.3959091720823607,0.49413298565840924
2025-03-05 06:30:00,Other,0,0.7549110152003911,0.6214689265536721
2025-03-05 07:15:00,London,1,0.4208134075757903,0.49413298565840924
2025-03-05 07:30:00,London,1,0.7163471760013743,0.6214689265536721
2025-03-05 08:00:00,London,0,0.7455456224211042,0.6214689265536721
2025-03-05 08:15:00,London,0,0.7455456224211042,0.6214689265536721
2025-03-05 18:15:00,NY,1,0.681942365845304,0.6041666666666666
2025-03-05 19:00:00,NY,1,0.7408831138621343,0.6214689265536721
2025-03-05 19:15:00,NY,1,0.7212694297459141,0.6214689265536721
2025-03-05 19:30:00,NY,1,0.7903837149674752,0.6214689265536721
2025-03-05 20:15:00,NY,0,0.8064260193907076,0.7090909090909091
2025-03-05 20:30:00,NY,0,0.8417936858711591,0.7101449275362319
2025-03-05 21:15:00,NY,0,0.7000538478527581,0.6214689265536721
2025-03-05 21:30:00,NY,0,0.7444122559168488,0.6214689265536721
2025-03-05 23:00:00,Other,1,0.8496477860121057,0.7101449275362319
2025-03-05 23:15:00,Other,1,0.8158766454696449,0.7101449275362319
2025-03-06 00:00:00,Other,0,0.4257964328714275,0.49413298565840924
2025-03-06 00:45:00,Other,1,0.4759110830452986,0.5365853658536585
2025-03-06 02:45:00,Other,0,0.4017903015542599,0.49413298565840924
2025-03-06 03:45:00,Other,0,0.464709400746214,0.5365853658536585
2025-03-06 04:15:00,Other,0,0.3275143419371697,0.49413298565840924
2025-03-06 05:00:00,Other,1,0.2851909133297992,0.49413298565840924
2025-03-06 16:00:00,London,1,0.5550595010380227,0.5554711246200612
2025-03-06 16:15:00,London,1,0.6228355647977918,0.5554711246200612
2025-03-06 16:30:00,London,1,0.5726678810554063,0.5554711246200612
2025-03-06 18:00:00,NY,0,0.7472509258964085,0.6214689265536721
2025-03-06 18:15:00,NY,0,0.640299903665639,0.5554711246200612
2025-03-06 19:00:00,NY,0,0.7580864333768044,0.6214689265536721
2025-03-06 19:45:00,NY,1,0.7541590609779718,0.6214689265536721
2025-03-06 20:00:00,NY,0,0.7460979745449312,0.6214689265536721
2025-03-06 20:30:00,NY,0,0.6812507871907267,0.6041666666666666
2025-03-07 09:15:00,London,0,0.2730140071578594,0.4878048780487805
2025-03-07 09:30:00,London,0,0.2353185958551867,0.4124305168000333
2025-03-07 09:45:00,London,0,0.2730140071578594,0.4878048780487805
2025-03-07 10:00:00,London,0,0.4211020184572412,0.49413298565840924
2025-03-07 10:15:00,London,1,0.4699033425601195,0.5365853658536585
2025-03-07 10:30:00,London,0,0.4344930523529078,0.5365853658536585
2025-03-07 10:45:00,London,1,0.509035293377956,0.5365853658536585
2025-03-07 11:00:00,London,0,0.4201533179941888,0.49413298565840924
2025-03-07 11:15:00,London,1,0.5101600463205018,0.5365853658536585
2025-03-07 11:30:00,London,1,0.4071337225661157,0.49413298565840924
2025-03-07 12:15:00,London,1,0.6025369427945177,0.5554711246200612
2025-03-07 12:30:00,London,0,0.4600533762574459,0.5365853658536585
2025-03-07 13:00:00,London,0,0.7577720608628091,0.6214689265536721
2025-03-07 13:15:00,London,1,0.7756905174866271,0.6214689265536721
2025-03-07 13:45:00,London,1,0.820635139895931,0.7101449275362319
2025-03-07 15:15:00,London,0,0.2971312608571827,0.49413298565840924
2025-03-07 16:00:00,London,1,0.6497738434513289,0.5554711246200612
2025-03-07 16:15:00,London,0,0.6927713926752987,0.6214689265536721
2025-03-07 16:30:00,London,1,0.6993874415539584,0.6214689265536721
2025-03-07 16:45:00,London,1,0.6491682504948126,0.5554711246200612
2025-03-07 17:00:00,NY,0,0.29481828160563,0.49413298565840924
2025-03-07 17:30:00,NY,0,0.6025738779457519,0.5554711246200612
2025-03-09 22:30:00,Other,1,0.4419081686871286,0.5365853658536585
2025-03-09 23:00:00,Other,1,0.3821426505163037,0.49413298565840924
2025-03-10 00:15:00,Other,0,0.3445888035885777,0.49413298565840924
2025-03-10 00:45:00,Other,1,0.2949093833143485,0.49413298565840924
2025-03-10 01:15:00,Other,1,0.2602829011532201,0.4583333333333333
2025-03-10 01:30:00,Other,0,0.2579686678583009,0.4583333333333333
2025-03-10 01:45:00,Other,0,0.1041891610349319,0.3142857142857143
2025-03-10 10:30:00,London,1,0.6857000780116742,0.6111111111111112
2025-03-11 03:00:00,Other,0,0.5997299391337036,0.5554711246200612
2025-03-11 04:15:00,Other,1,0.6294479545732368,0.5554711246200612
2025-03-11 04:30:00,Other,0,0.378268616232998,0.49413298565840924
2025-03-11 04:45:00,Other,1,0.3088676249614192,0.49413298565840924
2025-03-11 14:15:00,London,1,0.3269730881447387,0.49413298565840924
2025-03-11 15:00:00,London,0,0.8039190594503086,0.7090909090909091
2025-03-11 15:30:00,London,0,0.7048355359604179,0.6214689265536721
2025-03-11 16:15:00,London,1,0.637752655831673,0.5554711246200612
2025-03-11 16:30:00,London,1,0.6089986483346396,0.5554711246200612
2025-03-11 16:45:00,London,1,0.6199516706956559,0.5554711246200612
2025-03-11 17:15:00,NY,1,0.8087225564318209,0.7090909090909091
2025-03-11 17:45:00,NY,0,0.6791966687696706,0.5573770491803278
2025-03-11 18:00:00,NY,1,0.7381963831414462,0.6214689265536721
2025-03-11 18:30:00,NY,1,0.7076355547731639,0.6214689265536721
2025-03-11 19:15:00,NY,0,0.5395800797505855,0.5365853658536585
2025-03-11 20:00:00,NY,1,0.5442742868262153,0.5365853658536585
2025-03-11 20:30:00,NY,0,0.5109770748340825,0.5365853658536585
2025-03-11 22:15:00,Other,0,0.6166374290265624,0.5554711246200612
2025-03-11 22:30:00,Other,1,0.5789755514461303,0.5554711246200612
2025-03-11 23:15:00,Other,0,0.6030841927691917,0.5554711246200612
2025-03-11 23:30:00,Other,0,0.5650300474710419,0.5554711246200612
2025-03-11 23:45:00,Other,0,0.6532395870758817,0.5554711246200612
2025-03-12 00:00:00,Other,1,0.4144626216468703,0.49413298565840924
2025-03-12 00:15:00,Other,0,0.415709339961683,0.49413298565840924
2025-03-12 00:30:00,Other,1,0.3931081197827546,0.49413298565840924
2025-03-12 00:45:00,Other,1,0.4063152971954214,0.49413298565840924
2025-03-12 03:45:00,Other,0,0.4300283283758661,0.49413298565840924
2025-03-12 04:00:00,Other,1,0.3526336382195169,0.49413298565840924
2025-03-12 04:30:00,Other,0,0.35253548689504,0.49413298565840924
2025-03-12 05:00:00,Other,0,0.3844797500161904,0.49413298565840924
2025-03-12 05:15:00,Other,1,0.3949551557005402,0.49413298565840924
2025-03-12 05:45:00,Other,1,0.3755123221211225,0.49413298565840924
2025-03-12 06:15:00,Other,1,0.1818720613396134,0.3142857142857143
2025-03-12 06:30:00,Other,0,0.434287755439704,0.5365853658536585
2025-03-12 07:00:00,London,1,0.5136672603506428,0.5365853658536585
2025-03-12 09:30:00,London,0,0.6957295693568135,0.6214689265536721
2025-03-12 10:45:00,London,1,0.7492745552210371,0.6214689265536721
2025-03-12 11:15:00,London,1,0.8132999726021674,0.7090909090909091
2025-03-12 11:30:00,London,1,0.9334441679896732,0.8105404946454174
2025-03-12 11:45:00,London,1,0.7411261588639606,0.6214689265536721
2025-03-12 12:30:00,London,0,0.8810974447036992,0.7352941176470589
2025-03-12 18:00:00,NY,1,0.718035037452001,0.6214689265536721
2025-03-12 18:30:00,NY,0,0.7081082958631791,0.6214689265536721
2025-03-12 18:45:00,NY,0,0.7680757560221366,0.6214689265536721
2025-03-12 19:15:00,NY,0,0.8109724425275479,0.7090909090909091
2025-03-12 20:30:00,NY,0,0.8028935619463295,0.7090909090909091
2025-03-12 20:45:00,NY,1,0.6844837246672716,0.6041666666666666
2025-03-12 22:15:00,Other,1,0.6292258769254657,0.5554711246200612
2025-03-12 22:45:00,Other,1,0.6122528703371408,0.5554711246200612
2025-03-12 23:45:00,Other,1,0.6146944882125409,0.5554711246200612
2025-03-13 00:15:00,Other,1,0.3746888570199086,0.49413298565840924
2025-03-13 01:15:00,Other,0,0.3768541549542984,0.49413298565840924
2025-03-13 01:30:00,Other,1,0.3919684636343637,0.49413298565840924
2025-03-13 02:00:00,Other,0,0.4580718579231791,0.5365853658536585
2025-03-13 02:15:00,Other,1,0.4645373037063708,0.5365853658536585
2025-03-13 02:45:00,Other,1,0.4326294777141979,0.49413298565840924
2025-03-13 03:15:00,Other,1,0.4164304064257298,0.49413298565840924
2025-03-13 04:15:00,Other,0,0.3854000080561023,0.49413298565840924
2025-03-13 04:45:00,Other,0,0.3535285371056439,0.49413298565840924
2025-03-13 05:15:00,Other,1,0.318913423262642,0.49413298565840924
2025-03-13 05:30:00,Other,0,0.318913423262642,0.49413298565840924
2025-03-13 07:00:00,London,0,0.3099139729421559,0.49413298565840924
2025-03-13 07:15:00,London,0,0.2760964360469874,0.49413298565840924
2025-03-13 07:30:00,London,1,0.2982550065330291,0.49413298565840924
2025-03-13 10:00:00,London,0,0.7224584951731484,0.6214689265536721
2025-03-13 10:30:00,London,1,0.7531977469538041,0.6214689265536721
2025-03-13 10:45:00,London,1,0.7337154304482113,0.6214689265536721
2025-03-13 11:00:00,London,0,0.7586424626368042,0.6214689265536721
2025-03-13 11:15:00,London,1,0.7586424626368042,0.6214689265536721
2025-03-13 11:30:00,London,0,0.4469050460575083,0.5365853658536585
2025-03-13 11:45:00,London,1,0.4469050460575083,0.5365853658536585
2025-03-13 12:45:00,London,1,0.7698683073792179,0.6214689265536721
2025-03-13 17:15:00,NY,1,0.70626185332339,0.6214689265536721
2025-03-13 17:30:00,NY,1,0.6480474000824068,0.5554711246200612
2025-03-13 18:15:00,NY,1,0.7215655394636395,0.6214689265536721
2025-03-13 20:30:00,NY,1,0.7441997894732988,0.6214689265536721
2025-03-13 20:45:00,NY,0,0.6705850760922463,0.5568095781123333
2025-03-13 22:15:00,Other,1,0.8065399412776849,0.7090909090909091
2025-03-13 22:45:00,Other,0,0.723160521165611,0.6214689265536721
2025-03-13 23:00:00,Other,1,0.555522823554403,0.5554711246200612
2025-03-13 23:45:00,Other,0,0.7919485599743197,0.6214689265536721
2025-03-14 00:15:00,Other,1,0.4096954521682564,0.49413298565840924
2025-03-14 02:15:00,Other,0,0.4906771842298269,0.5365853658536585
2025-03-14 02:45:00,Other,1,0.7869880883315203,0.6214689265536721
2025-03-14 03:15:00,Other,1,0.7477539094688267,0.6214689265536721
2025-03-14 03:30:00,Other,1,0.7894190476331898,0.6214689265536721
2025-03-14 03:45:00,Other,1,0.7408526503300934,0.6214689265536721
2025-03-14 04:15:00,Other,0,0.7442375603892865,0.6214689265536721
2025-03-14 04:45:00,Other,0,0.697550555865983,0.6214689265536721
2025-03-14 05:00:00,Other,0,0.408682050924923,0.49413298565840924
2025-03-14 05:15:00,Other,1,0.3965085979308156,0.49413298565840924
2025-03-14 05:30:00,Other,1,0.4254111148989428,0.49413298565840924
2025-03-14 05:45:00,Other,0,0.7476622095771768,0.6214689265536721
2025-03-14 06:15:00,Other,1,0.7234714632967617,0.6214689265536721
2025-03-14 07:00:00,London,1,0.7017054905295163,0.6214689265536721
2025-03-14 10:30:00,London,1,0.6734141404288172,0.5573770491803278
2025-03-14 10:45:00,London,1,0.8638596520430021,0.7101449275362319
2025-03-14 11:30:00,London,1,0.5938012551987557,0.5554711246200612
2025-03-14 12:00:00,London,0,0.7163152409228403,0.6214689265536721
2025-03-14 12:45:00,London,1,0.7168765759644298,0.6214689265536721
2025-03-14 13:30:00,London,1,0.3985697224486331,0.49413298565840924
2025-03-14 13:45:00,London,1,0.8399460403944555,0.7101449275362319
2025-03-14 14:00:00,London,1,0.7797653605644798,0.6214689265536721
2025-03-14 14:15:00,London,1,0.8225958397176936,0.7101449275362319
2025-03-14 14:30:00,London,0,0.8225958397176936,0.7101449275362319
2025-03-16 23:45:00,Other,1,0.6704921852863298,0.5559515067000073
2025-03-17 00:30:00,Other,1,0.209696083402585,0.4098360655737705
2025-03-17 00:45:00,Other,1,0.4486675247388657,0.5365853658536585
2025-03-17 01:30:00,Other,0,0.2602829011532201,0.4583333333333333
2025-03-17 03:00:00,Other,0,0.3146126501418342,0.49413298565840924
2025-03-17 03:15:00,Other,0,0.3379328674247956,0.49413298565840924
2025-03-17 03:45:00,Other,0,0.3600519226198858,0.49413298565840924
2025-03-17 04:15:00,Other,0,0.3431287281656695,0.49413298565840924
2025-03-17 04:45:00,Other,1,0.2623959871539797,0.46153846153846156
2025-03-17 12:15:00,London,0,0.69293040175922,0.6214689265536721
2025-03-17 13:15:00,London,1,0.7621939989202536,0.6214689265536721
2025-03-17 13:30:00,London,1,0.7501153073048521,0.6214689265536721
2025-03-17 13:45:00,London,1,0.7819381668889652,0.6214689265536721
2025-03-17 14:00:00,London,1,0.7282510915934428,0.6214689265536721
2025-03-17 14:15:00,London,1,0.7297641310609918,0.6214689265536721
2025-03-17 14:30:00,London,0,0.7297641310609918,0.6214689265536721
2025-03-17 15:15:00,London,1,0.6280353263256535,0.5554711246200612
2025-03-17 16:00:00,London,0,0.6429766220148646,0.5554711246200612
2025-03-17 16:15:00,London,0,0.6448085616574657,0.5554711246200612
2025-03-17 16:30:00,London,1,0.788968019081266,0.6214689265536721
2025-03-17 16:45:00,London,1,0.6352762614575606,0.5554711246200612
2025-03-17 17:00:00,NY,1,0.685600364521447,0.6111111111111112
2025-03-17 17:15:00,NY,1,0.6022601706752243,0.5554711246200612
2025-03-17 18:15:00,NY,1,0.4941777825030961,0.5365853658536585
2025-03-17 18:30:00,NY,1,0.4976062115786592,0.5365853658536585
2025-03-17 20:00:00,NY,1,0.5522427629765262,0.5554711246200612
2025-03-17 23:30:00,Other,0,0.5903019926790969,0.5554711246200612
2025-03-18 00:15:00,Other,0,0.4196801839275313,0.49413298565840924
2025-03-18 00:45:00,Other,1,0.373380348637817,0.49413298565840924
2025-03-18 03:30:00,Other,1,0.6827022932236688,0.6041666666666666
2025-03-18 04:00:00,Other,1,0.675063615537697,0.5573770491803278
2025-03-18 04:15:00,Other,1,0.6922145640720365,0.6214689265536721
2025-03-18 04:30:00,Other,0,0.6922145640720365,0.6214689265536721
2025-03-18 05:00:00,Other,0,0.1552549429484654,0.3142857142857143
2025-03-18 05:15:00,Other,1,0.7897145176652284,0.6214689265536721
2025-03-18 05:30:00,Other,1,0.7230810135007313,0.6214689265536721
2025-03-18 06:00:00,Other,0,0.6602380860486857,0.5554711246200612
2025-03-18 06:30:00,Other,1,0.6539254272487942,0.5554711246200612
2025-03-18 06:45:00,Other,1,0.6923839127414043,0.6214689265536721
2025-03-18 07:00:00,London,0,0.6807457707511119,0.5573770491803278
2025-03-18 07:15:00,London,1,0.6984318364730203,0.6214689265536721
2025-03-18 07:30:00,London,1,0.6745886329588934,0.5573770491803278
2025-03-18 08:15:00,London,1,0.7012179345608436,0.6214689265536721
2025-03-18 08:30:00,London,0,0.7012179345608436,0.6214689265536721
2025-03-18 09:45:00,London,1,0.8116542423857077,0.7090909090909091
2025-03-18 10:45:00,London,0,0.7012185347654639,0.6214689265536721
2025-03-18 11:00:00,London,1,0.6901576413700955,0.6214689265536721
2025-03-18 11:30:00,London,0,0.6785862733620991,0.5573770491803278
2025-03-18 11:45:00,London,1,0.6945612002285019,0.6214689265536721
2025-03-18 12:00:00,London,1,0.7093571072149398,0.6214689265536721
2025-03-18 12:15:00,London,1,0.7184978161315577,0.6214689265536721
2025-03-18 13:15:00,London,0,0.7548621167991052,0.6214689265536721
2025-03-18 14:15:00,London,1,0.896986931255316,0.8
2025-03-18 14:30:00,London,1,0.6171075718354374,0.5554711246200612
2025-03-18 14:45:00,London,1,0.6171075718354374,0.5554711246200612
2025-03-18 15:00:00,London,1,0.7864313792278247,0.6214689265536721
2025-03-18 15:30:00,London,0,0.6064810837353528,0.5554711246200612
2025-03-18 15:45:00,London,1,0.6440209573161126,0.5554711246200612
2025-03-18 16:00:00,London,1,0.659449524464131,0.5554711246200612
2025-03-18 16:15:00,London,0,0.6790326187426515,0.5573770491803278
2025-03-18 17:30:00,NY,1,0.7486972194917946,0.6214689265536721
2025-03-18 17:45:00,NY,1,0.7158260964637434,0.6214689265536721
2025-03-18 18:45:00,NY,1,0.4889601487967837,0.5365853658536585
2025-03-18 19:00:00,NY,1,0.6415860175180081,0.5554711246200612
2025-03-18 19:30:00,NY,0,0.6204311918757446,0.5554711246200612
2025-03-18 20:00:00,NY,0,0.580847710674859,0.5554711246200612
2025-03-18 20:30:00,NY,0,0.5958038329196758,0.5554711246200612
2025-03-18 22:15:00,Other,0,0.7188237897438193,0.6214689265536721
2025-03-18 22:30:00,Other,1,0.6199098272980174,0.5554711246200612
2025-03-18 22:45:00,Other,0,0.6738433519809398,0.5573770491803278
2025-03-18 23:15:00,Other,1,0.6433765167513373,0.5554711246200612
2025-03-18 23:30:00,Other,0,0.606398436108598,0.5554711246200612
2025-03-19 00:00:00,Other,1,0.4633489450673295,0.5365853658536585
2025-03-19 00:15:00,Other,0,0.4719681831657356,0.5365853658536585
2025-03-19 00:45:00,Other,1,0.4708384289591736,0.5365853658536585
2025-03-19 01:00:00,Other,0,0.4296915961639516,0.49413298565840924
2025-03-19 01:30:00,Other,1,0.4400588829658387,0.5365853658536585
2025-03-19 04:00:00,Other,1,0.3602646196820711,0.49413298565840924
2025-03-19 04:30:00,Other,1,0.4093663505273742,0.49413298565840924
2025-03-19 05:00:00,Other,0,0.3784364575151161,0.49413298565840924
2025-03-19 05:15:00,Other,1,0.3678280649857596,0.49413298565840924
2025-03-19 06:00:00,Other,1,0.1825973821789734,0.3142857142857143
2025-03-19 06:15:00,Other,1,0.8623225762256866,0.7101449275362319
2025-03-19 06:30:00,Other,1,0.9571246150871062,0.8333333333333334
2025-03-19 06:45:00,Other,0,0.7280365697063629,0.6214689265536721
2025-03-19 07:00:00,London,0,0.7555284964771679,0.6214689265536721
2025-03-19 07:15:00,London,1,0.6813618028155897,0.6041666666666666
2025-03-19 07:30:00,London,0,0.7603204824493732,0.6214689265536721
2025-03-19 07:45:00,London,1,0.7511530188224921,0.6214689265536721
2025-03-19 08:00:00,London,0,0.7317464653201704,0.6214689265536721
2025-03-19 08:45:00,London,1,0.7565957656994748,0.6214689265536721
2025-03-19 19:15:00,NY,1,0.7930534404040759,0.6214689265536721
2025-03-19 20:00:00,NY,1,0.4855508668427166,0.5365853658536585
2025-03-19 20:45:00,NY,1,0.7086204788837568,0.6214689265536721
2025-03-19 22:45:00,Other,0,0.7923512721146971,0.6214689265536721
2025-03-19 23:00:00,Other,1,0.7568641140073086,0.6214689265536721
2025-03-19 23:15:00,Other,0,0.6048499766422942,0.5554711246200612
2025-03-19 23:30:00,Other,1,0.6176627614805337,0.5554711246200612
2025-03-20 00:00:00,Other,1,0.4373605568080286,0.5365853658536585
2025-03-20 00:15:00,Other,0,0.3943726207115431,0.49413298565840924
2025-03-20 00:30:00,Other,1,0.3894508061801246,0.49413298565840924
2025-03-20 01:30:00,Other,0,0.4373323904790994,0.5365853658536585
2025-03-20 02:30:00,Other,1,0.7168649767932507,0.6214689265536721
2025-03-20 03:45:00,Other,1,0.5358733179859656,0.5365853658536585
2025-03-20 04:30:00,Other,0,0.47533813707338,0.5365853658536585
2025-03-20 05:15:00,Other,0,0.6688224559159041,0.5554711246200612
2025-03-20 05:30:00,Other,1,0.7071765389796794,0.6214689265536721
2025-03-20 16:30:00,London,1,0.6941578405819736,0.6214689265536721
2025-03-20 17:00:00,NY,1,0.6108107930868109,0.5554711246200612
2025-03-20 17:15:00,NY,1,0.6026708469217483,0.5554711246200612
2025-03-20 17:45:00,NY,1,0.5361780238238805,0.5365853658536585
2025-03-20 18:00:00,NY,0,0.607188067727851,0.5554711246200612
2025-03-20 18:15:00,NY,0,0.5776281960956194,0.5554711246200612
2025-03-20 18:30:00,NY,1,0.5776281960956194,0.5554711246200612
2025-03-20 19:00:00,NY,1,0.6846016452636143,0.6041666666666666
2025-03-20 19:15:00,NY,1,0.6848138959668127,0.6111111111111112
2025-03-20 19:30:00,NY,0,0.7379479231091756,0.6214689265536721
2025-03-20 20:00:00,NY,0,0.5301516710629967,0.5365853658536585
2025-03-20 20:15:00,NY,1,0.4854087154508946,0.5365853658536585
2025-03-20 22:00:00,Other,1,0.6039472979770338,0.5554711246200612
2025-03-20 23:45:00,Other,0,0.5621403579841763,0.5554711246200612
2025-03-21 00:15:00,Other,0,0.6310402695160968,0.5554711246200612
2025-03-21 00:45:00,Other,1,0.4417237792480046,0.5365853658536585
2025-03-21 01:15:00,Other,1,0.445453299883881,0.5365853658536585
2025-03-21 01:30:00,Other,0,0.4139628779807406,0.49413298565840924
2025-03-21 01:45:00,Other,1,0.3904498925279775,0.49413298565840924
2025-03-21 02:00:00,Other,0,0.4394114739315012,0.5365853658536585
2025-03-21 02:15:00,Other,0,0.394145419529664,0.49413298565840924
2025-03-21 02:30:00,Other,0,0.4296853220147807,0.49413298565840924
2025-03-21 03:15:00,Other,1,0.3786891081767007,0.49413298565840924
2025-03-21 03:45:00,Other,1,0.388747472003925,0.49413298565840924
2025-03-21 04:30:00,Other,0,0.1872973217630802,0.3142857142857143
2025-03-21 05:15:00,Other,1,0.3069222805874269,0.49413298565840924
2025-03-21 08:15:00,London,1,0.7643768403607861,0.6214689265536721
2025-03-21 08:30:00,London,1,0.6239064956507459,0.5554711246200612
2025-03-21 08:45:00,London,0,0.5855179400352674,0.5554711246200612
2025-03-21 09:15:00,London,0,0.5598908576603103,0.5554711246200612
2025-03-21 09:30:00,London,1,0.5254255212716981,0.5365853658536585
2025-03-21 10:15:00,London,1,0.6371283598086515,0.5554711246200612
2025-03-21 10:45:00,London,1,0.6448952618447147,0.5554711246200612
2025-03-21 11:15:00,London,1,0.645405644892053,0.5554711246200612
2025-03-21 11:30:00,London,0,0.5897362727602368,0.5554711246200612
2025-03-21 13:30:00,London,1,0.710498562350379,0.6214689265536721
2025-03-21 13:45:00,London,1,0.7677092242193898,0.6214689265536721
2025-03-24 00:00:00,Other,0,0.3727468177533844,0.49413298565840924
2025-03-24 00:15:00,Other,0,0.3583287437549903,0.49413298565840924
2025-03-24 01:00:00,Other,0,0.3913561610443452,0.49413298565840924
2025-03-24 01:15:00,Other,1,0.3776302877001766,0.49413298565840924
2025-03-24 01:45:00,Other,1,0.231381789999766,0.4098360655737705
2025-03-24 02:00:00,Other,0,0.3113013279237447,0.49413298565840924
2025-03-24 08:45:00,London,1,0.6867976358223455,0.6111111111111112
2025-03-24 09:15:00,London,0,0.604833029211051,0.5554711246200612
2025-03-24 09:45:00,London,1,0.7288823542526887,0.6214689265536721
2025-03-24 10:15:00,London,0,0.6633690789249304,0.5554711246200612
2025-03-24 11:00:00,London,0,0.6531731478869304,0.5554711246200612
2025-03-24 11:15:00,London,0,0.6710943985865434,0.5573770491803278
2025-03-24 11:30:00,London,0,0.7231508748582738,0.6214689265536721
2025-03-24 12:00:00,London,1,0.7624493890974816,0.6214689265536721
2025-03-24 12:30:00,London,0,0.6511224184648453,0.5554711246200612
2025-03-24 12:45:00,London,1,0.711855150291082,0.6214689265536721
2025-03-24 13:00:00,London,0,0.7864467230104815,0.6214689265536721
2025-03-24 13:15:00,London,1,0.7453275675671819,0.6214689265536721
2025-03-24 13:30:00,London,0,0.7453275675671819,0.6214689265536721
2025-03-24 14:30:00,London,1,0.5894378983525843,0.5554711246200612
2025-03-24 14:45:00,London,0,0.7235639956446218,0.6214689265536721
2025-03-25 01:00:00,Other,1,0.2510556951779218,0.4583333333333333
2025-03-25 01:30:00,Other,0,0.2815426480902603,0.49413298565840924
2025-03-25 02:00:00,Other,1,0.4337457347402172,0.5350362916475793
2025-03-25 02:15:00,Other,1,0.3919239325987467,0.49413298565840924
2025-03-25 02:30:00,Other,1,0.4337457347402172,0.5350362916475793
2025-03-25 05:30:00,Other,0,0.3648948676768514,0.49413298565840924
2025-03-25 06:00:00,Other,0,0.3286324547971007,0.49413298565840924
2025-03-25 06:30:00,Other,1,0.5153749917449504,0.5365853658536585
2025-03-25 06:45:00,Other,0,0.3542413146551751,0.49413298565840924
2025-03-25 07:00:00,London,0,0.3760146365250638,0.49413298565840924
2025-03-25 12:15:00,London,1,0.7043800161154777,0.6214689265536721
2025-03-25 12:30:00,London,1,0.8963744212862192,0.8
2025-03-25 13:00:00,London,0,0.7762396528897403,0.6214689265536721
2025-03-25 13:15:00,London,1,0.7762396528897403,0.6214689265536721
2025-03-25 13:45:00,London,1,0.7530178063971015,0.6214689265536721
2025-03-25 14:30:00,London,0,0.6636590879664378,0.5554711246200612
2025-03-25 14:45:00,London,0,0.6988978253758318,0.6214689265536721
2025-03-25 15:15:00,London,0,0.6298924889829747,0.5554711246200612
2025-03-25 15:45:00,London,1,0.6466735274945731,0.5554711246200612
2025-03-25 16:30:00,London,0,0.641449915913594,0.5554711246200612
2025-03-25 17:30:00,NY,0,0.7303895231092593,0.6214689265536721
2025-03-25 17:45:00,NY,0,0.7226592655287375,0.6214689265536721
2025-03-25 18:00:00,NY,0,0.7185406744804311,0.6214689265536721
2025-03-25 18:15:00,NY,1,0.6899852642906312,0.6214689265536721
2025-03-26 02:45:00,Other,0,0.4870970645115564,0.5365853658536585
2025-03-26 03:00:00,Other,0,0.1752919432560419,0.3142857142857143
2025-03-26 03:15:00,Other,0,0.3997833853335975,0.49413298565840924
2025-03-26 04:00:00,Other,0,0.3378410093997755,0.49413298565840924
2025-03-26 04:15:00,Other,0,0.4025825956377492,0.49413298565840924
2025-03-26 04:30:00,Other,1,0.3553033183629037,0.49413298565840924
2025-03-26 04:45:00,Other,1,0.3394117818701401,0.49413298565840924
2025-03-26 08:15:00,London,0,0.4428131544706724,0.5365853658536585
2025-03-26 10:15:00,London,1,0.5210619871164314,0.5365853658536585
2025-03-26 10:30:00,London,1,0.5702632538837215,0.5554711246200612
2025-03-26 10:45:00,London,1,0.6012808262387928,0.5554711246200612
2025-03-26 11:15:00,London,0,0.580667248283529,0.5554711246200612
2025-03-26 12:00:00,London,1,0.7459446067170766,0.6214689265536721
2025-03-26 12:45:00,London,0,0.8810974447036992,0.7352941176470589
2025-03-26 13:45:00,London,1,0.7747874558588195,0.6214689265536721
2025-03-26 14:00:00,London,1,0.7689229008116617,0.6214689265536721
2025-03-26 14:45:00,London,1,0.6852407154385075,0.6111111111111112
2025-03-26 18:45:00,NY,0,0.4248190427930324,0.49413298565840924
2025-03-26 19:15:00,NY,1,0.4308053460923222,0.49413298565840924
2025-03-26 20:00:00,NY,1,0.4895882599556294,0.5365853658536585
2025-03-26 20:15:00,NY,1,0.4777526776046283,0.5365853658536585
2025-03-26 22:00:00,Other,1,0.6367789028661871,0.5554711246200612
2025-03-26 22:15:00,Other,0,0.5435602210452414,0.5365853658536585
2025-03-26 22:30:00,Other,1,0.51997849203905,0.5365853658536585
2025-03-26 23:15:00,Other,1,0.5518025636582257,0.5554711246200612
2025-03-26 23:30:00,Other,1,0.5386191036567457,0.5365853658536585
2025-03-27 00:00:00,Other,1,0.3845097975402716,0.49413298565840924
2025-03-27 01:00:00,Other,0,0.4607036010803869,0.5365853658536585
2025-03-27 01:45:00,Other,1,0.7167150200294315,0.6214689265536721
2025-03-27 02:15:00,Other,1,0.467068209924976,0.5365853658536585
2025-03-27 02:30:00,Other,0,0.4302158739146393,0.49413298565840924
2025-03-27 02:45:00,Other,1,0.4456694863530904,0.5365853658536585
2025-03-27 03:30:00,Other,1,0.4342067342026849,0.5365853658536585
2025-03-27 03:45:00,Other,1,0.4768686193957572,0.5365853658536585
2025-03-27 04:00:00,Other,1,0.4149651977945223,0.49413298565840924
2025-03-27 04:15:00,Other,0,0.4023820243658806,0.49413298565840924
2025-03-27 04:45:00,Other,0,0.4531959270009293,0.5365853658536585
2025-03-27 05:00:00,Other,1,0.4819459836121602,0.5365853658536585
2025-03-27 05:15:00,Other,0,0.3594736943302353,0.49413298565840924
2025-03-27 06:00:00,Other,0,0.703588527317772,0.6214689265536721
2025-03-27 06:15:00,Other,1,0.801124827413869,0.7090909090909091
2025-03-27 06:30:00,Other,1,0.6762066493016032,0.5573770491803278
2025-03-27 07:00:00,London,1,0.6908899971333204,0.6214689265536721
2025-03-27 07:15:00,London,1,0.6439950769097111,0.5554711246200612
2025-03-27 07:30:00,London,1,0.946245453443528,0.8333333333333334
2025-03-27 07:45:00,London,1,0.6869821536249858,0.6111111111111112
2025-03-27 08:00:00,London,0,0.6812171486526113,0.6041666666666666
2025-03-27 08:15:00,London,1,0.6868620332316363,0.6111111111111112
2025-03-27 09:45:00,London,1,0.5289966601742435,0.5365853658536585
2025-03-27 10:00:00,London,1,0.6733791182075769,0.5573770491803278
2025-03-27 10:15:00,London,1,0.690608681369124,0.6214689265536721
2025-03-27 11:00:00,London,0,0.7029935436350255,0.6214689265536721
2025-03-27 11:30:00,London,1,0.6500904138969428,0.5554711246200612
2025-03-27 11:45:00,London,0,0.7423798780087675,0.6214689265536721
2025-03-27 12:45:00,London,1,0.5647239024954889,0.5554711246200612
2025-03-27 13:00:00,London,1,0.7812456379871411,0.6214689265536721
2025-03-27 14:30:00,London,1,0.7901240992587356,0.6214689265536721
2025-03-27 15:00:00,London,1,0.8274899772862995,0.7101449275362319
2025-03-27 15:30:00,London,0,0.8274899772862995,0.7101449275362319
2025-03-27 16:00:00,London,0,0.6615193983554145,0.5554711246200612
2025-03-27 16:30:00,London,0,0.597484067725456,0.5554711246200612
2025-03-27 16:45:00,London,1,0.710683166109548,0.6214689265536721
2025-03-27 18:15:00,NY,1,0.6552539266783413,0.5554711246200612
2025-03-27 18:30:00,NY,0,0.6483177210441952,0.5554711246200612
2025-03-27 18:45:00,NY,1,0.6561734260899319,0.5554711246200612
2025-03-27 19:00:00,NY,0,0.7371864460439422,0.6214689265536721
2025-03-27 19:30:00,NY,0,0.5030563548425956,0.5365853658536585
2025-03-27 20:15:00,NY,0,0.4935599307327694,0.5365853658536585
2025-03-27 22:45:00,Other,1,0.5472605965662172,0.5365853658536585
2025-03-27 23:30:00,Other,1,0.5563986727329526,0.5554711246200612
2025-03-27 23:45:00,Other,1,0.5989509525905976,0.5554711246200612
2025-03-28 00:15:00,Other,0,0.3267728030064181,0.49413298565840924
2025-03-28 00:30:00,Other,1,0.3620101053089847,0.49413298565840924
2025-03-28 00:45:00,Other,1,0.3620101053089847,0.49413298565840924
2025-03-28 01:00:00,Other,1,0.4508658350491694,0.5365853658536585
2025-03-28 01:45:00,Other,0,0.4418439012994409,0.5365853658536585
2025-03-28 03:15:00,Other,0,0.6691855767543076,0.5554711246200612
2025-03-28 03:30:00,Other,1,0.7465458754426149,0.6214689265536721
2025-03-28 04:15:00,Other,1,0.5924253723184445,0.5554711246200612
2025-03-28 04:30:00,Other,0,0.6275958456967965,0.5554711246200612
2025-03-28 05:00:00,Other,1,0.7825719301974291,0.6214689265536721
2025-03-28 05:30:00,Other,1,0.5938413858285513,0.5554711246200612
2025-03-28 05:45:00,Other,1,0.7091805982697177,0.6214689265536721
2025-03-28 06:15:00,Other,1,0.7450199577741261,0.6214689265536721
2025-03-28 06:45:00,Other,0,0.7001977110559722,0.6214689265536721
2025-03-28 07:30:00,London,0,0.7154376984553005,0.6214689265536721
2025-03-28 14:45:00,London,1,0.8216933483139177,0.7101449275362319
2025-03-30 22:30:00,Other,1,0.8220042410091221,0.7101449275362319
2025-03-30 23:00:00,Other,0,0.7778223722909546,0.6214689265536721
2025-03-31 00:00:00,Other,0,0.2590889227313052,0.4583333333333333
2025-03-31 00:45:00,Other,1,0.5237173820749674,0.5365853658536585
2025-03-31 01:30:00,Other,1,0.3607050438195792,0.49413298565840924
2025-03-31 01:45:00,Other,1,0.5996237792105418,0.5554711246200612
2025-03-31 02:00:00,Other,1,0.6209249225234862,0.5554711246200612
2025-03-31 02:15:00,Other,1,0.3588270222448287,0.49413298565840924
2025-03-31 03:30:00,Other,1,0.7004673828470445,0.6214689265536721
2025-03-31 04:15:00,Other,1,0.675100389498687,0.5573770491803278
2025-03-31 05:15:00,Other,1,0.6510852128697916,0.5554711246200612
2025-03-31 05:30:00,Other,1,0.6989876199215715,0.6214689265536721
2025-03-31 05:45:00,Other,1,0.6700239740436882,0.5554711246200612
2025-03-31 09:15:00,London,1,0.5808219103198713,0.5554711246200612
2025-03-31 10:30:00,London,0,0.5713686352113135,0.5554711246200612
2025-03-31 11:15:00,London,1,0.6730800290061354,0.5573770491803278
2025-03-31 12:00:00,London,1,0.7819005469919867,0.6214689265536721
2025-03-31 13:00:00,London,0,0.3236302754936211,0.49413298565840924
2025-03-31 13:30:00,London,1,0.8271706915675712,0.7101449275362319
2025-03-31 15:15:00,London,0,0.3597105246077438,0.49413298565840924
2025-03-31 16:45:00,London,1,0.8576901816618451,0.7101449275362319
2025-03-31 17:00:00,NY,0,0.6780627607003148,0.5573770491803278
2025-03-31 17:45:00,NY,1,0.9285086338537448,0.8
2025-03-31 18:30:00,NY,1,0.7335245564901632,0.6214689265536721
2025-03-31 19:15:00,NY,1,0.7135103920329577,0.6214689265536721
2025-03-31 19:30:00,NY,1,0.6290475532145045,0.5554711246200612
2025-03-31 19:45:00,NY,0,0.4636726924998152,0.5365853658536585
2025-03-31 20:00:00,NY,0,0.4834218294132217,0.5365853658536585
2025-03-31 20:45:00,NY,0,0.5408271775660247,0.5365853658536585
2025-04-01 04:30:00,Other,1,0.6116601591016767,0.5554711246200612
2025-04-01 05:45:00,Other,1,0.7028116572038203,0.6214689265536721
2025-04-01 06:45:00,Other,1,0.5234602032491809,0.5365853658536585
2025-04-01 07:15:00,London,0,0.6412681564507845,0.5554711246200612
2025-04-01 07:30:00,London,1,0.7662281894552833,0.6214689265536721
2025-04-01 22:15:00,Other,1,0.6027484787182521,0.5554711246200612
2025-04-01 22:30:00,Other,1,0.5377391259244767,0.5365853658536585
2025-04-01 23:00:00,Other,1,0.5517342903397587,0.5554711246200612
2025-04-01 23:30:00,Other,1,0.5471496093588191,0.5365853658536585
2025-04-02 00:15:00,Other,1,0.591852128426271,0.5554711246200612
2025-04-02 01:00:00,Other,1,0.590455736608195,0.5554711246200612
2025-04-02 01:30:00,Other,1,0.4663482043906141,0.5365853658536585
2025-04-02 01:45:00,Other,0,0.6435222100817254,0.5554711246200612
2025-04-02 02:30:00,Other,0,0.7384393441373104,0.6214689265536721
2025-04-02 04:45:00,Other,1,0.7078564199602502,0.6214689265536721
2025-04-02 05:15:00,Other,1,0.645438513830353,0.5554711246200612
2025-04-02 05:30:00,Other,1,0.8314430343997431,0.7101449275362319
2025-04-02 06:00:00,Other,1,0.5504268163599498,0.5554711246200612
2025-04-02 07:00:00,London,1,0.8747481474990829,0.7352941176470589
2025-04-02 07:15:00,London,1,0.8502559279499402,0.7101449275362319
2025-04-02 08:00:00,London,1,0.5616680825855824,0.5554711246200612
2025-04-02 08:15:00,London,1,0.763446954584854,0.6214689265536721
2025-04-02 08:30:00,London,0,0.8102562014819517,0.7090909090909091
2025-04-02 09:15:00,London,0,0.7012985431917877,0.6214689265536721
2025-04-02 09:45:00,London,0,0.6690247641287966,0.5554711246200612
2025-04-02 10:00:00,London,0,0.6954091386282988,0.6214689265536721
2025-04-02 17:45:00,NY,1,0.6467449741002227,0.5554711246200612
2025-04-02 18:00:00,NY,1,0.6665597272063378,0.5554711246200612
2025-04-02 18:15:00,NY,1,0.7967362642565028,0.6214689265536721
2025-04-03 00:00:00,Other,1,0.3712672265893614,0.49413298565840924
2025-04-03 00:15:00,Other,1,0.7883229724966966,0.6214689265536721
2025-04-03 00:30:00,Other,1,0.5480129978992125,0.5479148619324418
2025-04-03 00:45:00,Other,1,0.5728209456315988,0.5554711246200612
2025-04-03 01:00:00,Other,1,0.5214307147889022,0.5365853658536585
2025-04-03 01:15:00,Other,1,0.5591916790060327,0.5554711246200612
2025-04-03 01:30:00,Other,0,0.7838446824687435,0.6214689265536721
2025-04-03 02:45:00,Other,1,0.7405332743554426,0.6214689265536721
2025-04-03 03:00:00,Other,0,0.6579754148538391,0.5554711246200612
2025-04-03 03:30:00,Other,1,0.5870707419175435,0.5554711246200612
2025-04-03 03:45:00,Other,1,0.5870707419175435,0.5554711246200612
2025-04-03 04:15:00,Other,0,0.5846510387348696,0.5554711246200612
2025-04-03 04:45:00,Other,0,0.6878050047162108,0.6214689265536721
2025-04-03 05:00:00,Other,0,0.7013172715450665,0.6214689265536721
2025-04-03 05:15:00,Other,1,0.6925086147303131,0.6214689265536721
2025-04-03 05:30:00,Other,1,0.7187586646726406,0.6214689265536721
2025-04-03 05:45:00,Other,1,0.6991873900983743,0.6214689265536721
2025-04-03 06:00:00,Other,0,0.5369582496530013,0.5365853658536585
2025-04-03 06:15:00,Other,1,0.7279163095165512,0.6214689265536721
2025-04-03 15:00:00,London,0,0.6466604174667092,0.5554711246200612
2025-04-03 16:45:00,London,0,0.626238401758475,0.5554711246200612
2025-04-03 18:30:00,NY,1,0.4582252562404947,0.5365853658536585
2025-04-03 19:00:00,NY,0,0.5296822878263745,0.5365853658536585
2025-04-03 20:15:00,NY,1,0.6132382783052222,0.5554711246200612
2025-04-03 20:30:00,NY,0,0.6729107693620195,0.5573770491803278
2025-04-03 22:00:00,Other,0,0.6548719770318673,0.5554711246200612
2025-04-03 22:15:00,Other,1,0.5640506860042229,0.5554711246200612
2025-04-03 22:30:00,Other,0,0.6767248382531053,0.5573770491803278
2025-04-03 22:45:00,Other,0,0.6767248382531053,0.5573770491803278
2025-04-03 23:00:00,Other,1,0.7519624201107744,0.6214689265536721
2025-04-03 23:45:00,Other,1,0.8869807382531796,0.7352941176470589
2025-04-04 00:00:00,Other,0,0.5905568740546244,0.5554711246200612
2025-04-04 12:00:00,London,1,0.7016617990327181,0.6214689265536721
2025-04-04 12:15:00,London,1,0.6451848829951833,0.5554711246200612
2025-04-04 12:30:00,London,1,0.2547463117902616,0.4583333333333333
2025-04-04 12:45:00,London,1,0.7619215831956389,0.6214689265536721
2025-04-04 13:30:00,London,1,0.5858632898908314,0.5554711246200612
2025-04-04 13:45:00,London,0,0.7678521855225802,0.6214689265536721
2025-04-04 14:00:00,London,1,0.7077182401169413,0.6214689265536721
2025-04-04 14:15:00,London,1,0.6449922173393793,0.5554711246200612
2025-04-04 14:30:00,London,1,0.680889871102705,0.6002069302777184
2025-04-04 15:15:00,London,1,0.7292627940758835,0.6214689265536721
2025-04-04 15:30:00,London,1,0.7682395500572867,0.6214689265536721
2025-04-04 20:00:00,NY,1,0.4918580496285534,0.5365853658536585
2025-04-04 20:15:00,NY,0,0.5462250781869322,0.5365853658536585
2025-04-06 22:30:00,Other,0,0.6942202592081343,0.6214689265536721
2025-04-06 22:45:00,Other,1,0.6235080284670395,0.5554711246200612
2025-04-06 23:00:00,Other,0,0.6330627576138359,0.5554711246200612
2025-04-06 23:15:00,Other,1,0.7898458342259855,0.6214689265536721
2025-04-07 03:00:00,Other,1,0.433560893461365,0.5005626091114534
2025-04-07 03:30:00,Other,1,0.4573388051392015,0.5365853658536585
2025-04-07 03:45:00,Other,1,0.7411604599524388,0.6214689265536721
2025-04-07 04:15:00,Other,1,0.4978335739627739,0.5365853658536585
2025-04-07 04:30:00,Other,1,0.6327567490029274,0.5554711246200612
2025-04-07 05:15:00,Other,1,0.6088290764418417,0.5554711246200612
2025-04-07 05:45:00,Other,0,0.5068762091593729,0.5365853658536585
2025-04-07 06:30:00,Other,1,0.9164202011997348,0.8
2025-04-07 06:45:00,Other,0,0.4516533337670611,0.5365853658536585
2025-04-07 12:45:00,London,1,0.6967647420125663,0.6214689265536721
2025-04-07 13:00:00,London,0,0.8684320942244137,0.7352941176470589
2025-04-07 15:00:00,London,1,0.8039011595984786,0.7090909090909091
2025-04-07 16:00:00,London,1,0.3342946488754659,0.49413298565840924
2025-04-07 16:30:00,London,0,0.7063307173897493,0.6214689265536721
2025-04-07 17:15:00,NY,1,0.7352108388572188,0.6214689265536721
2025-04-08 02:45:00,Other,0,0.6289396242222461,0.5554711246200612
2025-04-08 03:00:00,Other,1,0.7595398783547808,0.6214689265536721
2025-04-08 03:45:00,Other,1,0.4857939438634209,0.5365853658536585
2025-04-08 04:00:00,Other,1,0.5933238686892565,0.5554711246200612
2025-04-08 06:45:00,Other,0,0.7295403604867875,0.6214689265536721
2025-04-08 07:00:00,London,0,0.7662281894552833,0.6214689265536721
2025-04-08 07:45:00,London,1,0.573185976688588,0.5554711246200612
2025-04-08 08:00:00,London,0,0.7458450853936829,0.6214689265536721
2025-04-08 12:15:00,London,1,0.3407731148108145,0.49413298565840924
2025-04-08 12:30:00,London,1,0.6546613063005997,0.5554711246200612
2025-04-08 12:45:00,London,1,0.91185261748571,0.8
2025-04-08 14:15:00,London,0,0.6849194460944377,0.6111111111111112
2025-04-08 15:00:00,London,1,0.7773281479528735,0.6214689265536721
2025-04-08 15:15:00,London,0,0.7616370887116792,0.6214689265536721
2025-04-08 15:45:00,London,0,0.698254333858252,0.6214689265536721
2025-04-08 16:15:00,London,1,0.7556656223680335,0.6214689265536721
2025-04-08 16:30:00,London,1,0.7782387264552743,0.6214689265536721
2025-04-08 16:45:00,London,0,0.7782387264552743,0.6214689265536721
2025-04-08 17:00:00,NY,1,0.6377322649223618,0.5554711246200612
2025-04-08 17:15:00,NY,1,0.757618368516805,0.6214689265536721
2025-04-09 03:15:00,Other,1,0.6904062721292966,0.6214689265536721
2025-04-09 03:30:00,Other,1,0.3600130117347822,0.49413298565840924
2025-04-09 04:30:00,Other,1,0.7389809881465011,0.6214689265536721
2025-04-09 04:45:00,Other,1,0.6878204990635209,0.6214689265536721
2025-04-09 05:15:00,Other,0,0.7619097898608004,0.6214689265536721
2025-04-09 05:45:00,Other,1,0.5653486679403438,0.5554711246200612
2025-04-09 06:00:00,Other,1,0.9524803938385468,0.8333333333333334
2025-04-09 06:15:00,Other,1,0.774671185223936,0.6214689265536721
2025-04-09 06:45:00,Other,1,0.7534600036918976,0.6214689265536721
2025-04-09 07:30:00,London,1,0.7817682401060859,0.6214689265536721
2025-04-09 07:45:00,London,1,0.6638641038544008,0.5554711246200612
2025-04-09 12:45:00,London,1,0.9257105398031128,0.8
2025-04-09 14:15:00,London,0,0.814086703536739,0.7101449275362319
2025-04-09 15:00:00,London,1,0.8295640856276801,0.7101449275362319
2025-04-09 15:15:00,London,1,0.8039006884587712,0.7090909090909091
2025-04-09 16:15:00,London,1,0.7945741091190871,0.6214689265536721
2025-04-09 16:30:00,London,1,0.7945741091190871,0.6214689265536721
2025-04-09 16:45:00,London,0,0.78960992967318,0.6214689265536721
2025-04-09 17:45:00,NY,1,0.6800578278867556,0.5573770491803278
2025-04-09 22:00:00,Other,1,0.8398199951117518,0.7101449275362319
2025-04-09 22:15:00,Other,1,0.795511926791649,0.6214689265536721
2025-04-09 22:30:00,Other,1,0.795511926791649,0.6214689265536721
2025-04-09 23:15:00,Other,1,0.7531367374712411,0.6214689265536721
2025-04-09 23:30:00,Other,1,0.7697786815050455,0.6214689265536721
2025-04-09 23:45:00,Other,1,0.8095441892290796,0.7090909090909091
2025-04-10 00:00:00,Other,1,0.558583115626901,0.5554711246200612
2025-04-10 00:15:00,Other,1,0.7104593466032828,0.6214689265536721
2025-04-10 00:45:00,Other,0,0.704316625610426,0.6214689265536721
2025-04-10 01:30:00,Other,1,0.8209072502368803,0.7101449275362319
2025-04-10 02:30:00,Other,1,0.6114486262274597,0.5554711246200612
2025-04-10 02:45:00,Other,1,0.6914320233420521,0.6214689265536721
2025-04-10 03:00:00,Other,1,0.7601905260838671,0.6214689265536721
2025-04-10 03:30:00,Other,1,0.6129955445956751,0.5554711246200612
2025-04-10 03:45:00,Other,1,0.842803713627854,0.7101449275362319
2025-04-10 04:00:00,Other,1,0.5592382928283801,0.5554711246200612
2025-04-10 04:30:00,Other,1,0.5972547401632597,0.5554711246200612
2025-04-10 05:15:00,Other,0,0.5972547401632597,0.5554711246200612
2025-04-10 05:45:00,Other,1,0.7406579824295152,0.6214689265536721
2025-04-10 06:15:00,Other,1,0.2739359921487863,0.4878048780487805
2025-04-10 06:30:00,Other,1,0.5173956676367968,0.5365853658536585
2025-04-10 06:45:00,Other,0,0.7057924670730139,0.6214689265536721
2025-04-10 07:00:00,London,1,0.6457791446030935,0.5554711246200612
2025-04-10 07:15:00,London,0,0.5699487499374716,0.5554711246200612
2025-04-10 08:45:00,London,1,0.6821142420504009,0.6041666666666666
2025-04-10 16:00:00,London,1,0.7401638464705832,0.6214689265536721
2025-04-10 16:15:00,London,1,0.7401638464705832,0.6214689265536721
2025-04-10 16:45:00,London,0,0.3331044375982437,0.49413298565840924
2025-04-10 17:00:00,NY,1,0.7450506798764707,0.6214689265536721
2025-04-10 17:15:00,NY,1,0.7103896882510458,0.6214689265536721
2025-04-10 18:15:00,NY,1,0.6923922474048528,0.6214689265536721
2025-04-10 18:30:00,NY,0,0.7110935312294333,0.6214689265536721
2025-04-10 19:15:00,NY,1,0.72206192963362,0.6214689265536721
2025-04-10 19:30:00,NY,1,0.7247640664641833,0.6214689265536721
2025-04-10 19:45:00,NY,1,0.7307867800835567,0.6214689265536721
2025-04-10 20:45:00,NY,1,0.7019748095274458,0.6214689265536721
2025-04-10 22:00:00,Other,1,0.7723416862431869,0.6214689265536721
2025-04-10 23:00:00,Other,1,0.6797829228364376,0.5573770491803278
2025-04-10 23:15:00,Other,1,0.7640906936450085,0.6214689265536721
2025-04-11 01:30:00,Other,1,0.7455599963955504,0.6214689265536721
2025-04-11 02:00:00,Other,1,0.7730851506842601,0.6214689265536721
2025-04-11 05:15:00,Other,0,0.6696111549865787,0.5554711246200612
2025-04-11 05:45:00,Other,1,0.8471150642342296,0.7101449275362319
2025-04-11 06:00:00,Other,1,0.5555679563889294,0.5554711246200612
2025-04-11 06:15:00,Other,1,0.7206001316030405,0.6214689265536721
2025-04-11 07:45:00,London,1,0.5172277111215727,0.5365853658536585
2025-04-11 08:00:00,London,1,0.7618324183245777,0.6214689265536721
2025-04-11 08:30:00,London,1,0.2679566582592937,0.4878048780487805
2025-04-11 08:45:00,London,1,0.5905778570111592,0.5554711246200612
2025-04-11 09:00:00,London,1,0.6489301489061289,0.5554711246200612
2025-04-11 09:15:00,London,1,0.6052759022659702,0.5554711246200612
2025-04-11 09:45:00,London,0,0.6593635641947416,0.5554711246200612
2025-04-11 13:45:00,London,1,0.9174643563817216,0.8
2025-04-11 14:30:00,London,1,0.7173455543193084,0.6214689265536721
2025-04-11 14:45:00,London,1,0.710813335463177,0.6214689265536721
2025-04-11 15:00:00,London,1,0.8080957062522072,0.7090909090909091
2025-04-11 16:15:00,London,0,0.6758670612753831,0.5573770491803278
2025-04-13 22:00:00,Other,1,0.7192229866244152,0.6214689265536721
2025-04-14 02:15:00,Other,1,0.3269700776210977,0.49413298565840924
2025-04-14 02:30:00,Other,1,0.4399516788515201,0.5365853658536585
2025-04-14 02:45:00,Other,1,0.4742492502525937,0.5365853658536585
2025-04-14 03:15:00,Other,1,0.5636624799022366,0.5554711246200612
2025-04-14 03:30:00,Other,1,0.4119741844797731,0.49413298565840924
2025-04-14 04:00:00,Other,0,0.799110791390736,0.6214689265536721
2025-04-14 06:45:00,Other,1,0.5106091242556249,0.5365853658536585
2025-04-14 07:00:00,London,1,0.5140159158160419,0.5365853658536585
2025-04-14 07:15:00,London,1,0.6632211956731537,0.5554711246200612
2025-04-14 07:30:00,London,1,0.2548576375954244,0.4583333333333333
2025-04-14 07:45:00,London,1,0.5043688582255454,0.5365853658536585
2025-04-14 08:00:00,London,1,0.7444362141210137,0.6214689265536721
2025-04-14 17:45:00,NY,0,0.6512914555441996,0.5554711246200612
2025-04-14 18:00:00,NY,0,0.6055426577742841,0.5554711246200612
2025-04-14 18:30:00,NY,1,0.8752433333428791,0.7352941176470589
2025-04-14 19:45:00,NY,0,0.7112429379270188,0.6214689265536721
2025-04-14 20:15:00,NY,0,0.6541593740915809,0.5554711246200612
2025-04-14 20:30:00,NY,0,0.7642955415371231,0.6214689265536721
2025-04-14 23:00:00,Other,1,0.6846417110451924,0.6070363802190762
2025-04-14 23:15:00,Other,0,0.5059054203869208,0.5365853658536585
2025-04-14 23:30:00,Other,1,0.5059054203869208,0.5365853658536585
2025-04-15 00:15:00,Other,1,0.2683821153320181,0.4878048780487805
2025-04-15 00:30:00,Other,1,0.3185809385850082,0.49413298565840924
2025-04-15 01:45:00,Other,0,0.5895849267898338,0.5554711246200612
2025-04-15 02:00:00,Other,1,0.6496565206943317,0.5554711246200612
2025-04-15 02:45:00,Other,1,0.7134325871342758,0.6214689265536721
2025-04-15 03:45:00,Other,1,0.6833634825958854,0.6041666666666666
2025-04-15 05:00:00,Other,0,0.2727031922683101,0.4878048780487805
2025-04-15 05:30:00,Other,1,0.5739137848591915,0.5554711246200612
2025-04-15 06:15:00,Other,1,0.6550728115722039,0.5554711246200612
2025-04-15 06:45:00,Other,1,0.279833424456441,0.49413298565840924
2025-04-15 07:00:00,London,1,0.6969129826844392,0.6214689265536721
2025-04-15 07:15:00,London,0,0.7161772409180894,0.6214689265536721
2025-04-15 07:30:00,London,1,0.7161772409180894,0.6214689265536721
2025-04-15 08:45:00,London,0,0.5721935666767268,0.5554711246200612
2025-04-15 10:45:00,London,1,0.7546941147727878,0.6214689265536721
2025-04-15 11:00:00,London,0,0.7655687467261113,0.6214689265536721
2025-04-15 11:15:00,London,0,0.6862720947204658,0.6111111111111112
2025-04-15 11:30:00,London,1,0.7265192711666367,0.6214689265536721
2025-04-15 16:00:00,London,0,0.5889163800577777,0.5554711246200612
2025-04-15 16:30:00,London,0,0.5665951972208072,0.5554711246200612
2025-04-15 16:45:00,London,1,0.5180220766001793,0.5365853658536585
2025-04-15 17:00:00,NY,1,0.4802798849585878,0.5365853658536585
2025-04-15 17:30:00,NY,0,0.7302580521331812,0.6214689265536721
2025-04-15 18:00:00,NY,1,0.6562719243710646,0.5554711246200612
2025-04-15 18:15:00,NY,1,0.684445805296898,0.6041666666666666
2025-04-15 18:30:00,NY,1,0.7076355547731639,0.6214689265536721
2025-04-15 19:00:00,NY,0,0.7481805007977982,0.6214689265536721
2025-04-15 19:15:00,NY,1,0.7538319698177298,0.6214689265536721
2025-04-15 19:45:00,NY,1,0.7313226572157048,0.6214689265536721
2025-04-15 20:15:00,NY,1,0.539534176124298,0.5365853658536585
2025-04-15 20:30:00,NY,1,0.7573410630302583,0.6214689265536721
2025-04-15 22:00:00,Other,1,0.7980181837975643,0.6214689265536721
2025-04-15 22:15:00,Other,1,0.8112724713330272,0.7090909090909091
2025-04-15 22:30:00,Other,1,0.8316963985212754,0.7101449275362319
2025-04-15 22:45:00,Other,0,0.809311246628583,0.7090909090909091
2025-04-15 23:00:00,Other,1,0.792714559008827,0.6214689265536721
2025-04-15 23:15:00,Other,1,0.800136458991515,0.7090909090909091
2025-04-15 23:45:00,Other,1,0.8028033454829445,0.7090909090909091
2025-04-16 00:00:00,Other,1,0.4208474857262279,0.49413298565840924
2025-04-16 00:15:00,Other,1,0.6587799700002729,0.5554711246200612
2025-04-16 01:30:00,Other,1,0.8003183168186719,0.7090909090909091
2025-04-16 02:30:00,Other,1,0.4108177010834049,0.49413298565840924
2025-04-16 03:30:00,Other,1,0.6831534245612768,0.6041666666666666
2025-04-16 03:45:00,Other,1,0.7201620886655807,0.6214689265536721
2025-04-16 04:45:00,Other,1,0.7389809881465011,0.6214689265536721
2025-04-16 05:00:00,Other,1,0.7325252487670937,0.6214689265536721
2025-04-16 05:15:00,Other,0,0.7025307526114306,0.6214689265536721
2025-04-16 06:00:00,Other,1,0.7463372670155537,0.6214689265536721
2025-04-16 06:30:00,Other,1,0.6665353993573289,0.5554711246200612
2025-04-16 07:00:00,London,0,0.8130999082609914,0.7090909090909091
2025-04-16 07:15:00,London,0,0.811480924261896,0.7090909090909091
2025-04-16 07:30:00,London,1,0.811480924261896,0.7090909090909091
2025-04-16 08:00:00,London,0,0.791493183506098,0.6214689265536721
2025-04-16 08:30:00,London,1,0.9051285051735238,0.8
2025-04-16 09:15:00,London,0,0.6640906827668431,0.5554711246200612
2025-04-16 10:00:00,London,1,0.6445707736831752,0.5554711246200612
2025-04-16 10:15:00,London,1,0.8896037641602688,0.7352941176470589
2025-04-16 10:30:00,London,0,0.6530720313466474,0.5554711246200612
2025-04-16 11:15:00,London,1,0.8794854824884816,0.7352941176470589
2025-04-16 11:30:00,London,1,0.8988452525280596,0.8
2025-04-16 12:00:00,London,1,0.6993221054369693,0.6214689265536721
2025-04-16 12:15:00,London,1,0.6837873150921201,0.6041666666666666
2025-04-16 13:00:00,London,1,0.7400328535010445,0.6214689265536721
2025-04-16 13:15:00,London,1,0.7373219378742553,0.6214689265536721
2025-04-16 13:30:00,London,1,0.9150698831829888,0.8
2025-04-16 15:30:00,London,1,0.8039006884587712,0.7090909090909091
2025-04-16 15:45:00,London,1,0.8086094064578668,0.7090909090909091
2025-04-16 17:00:00,NY,1,0.7231725611149274,0.6214689265536721
2025-04-16 17:45:00,NY,1,0.7318509167791563,0.6214689265536721
2025-04-16 18:15:00,NY,1,0.7318509167791563,0.6214689265536721
2025-04-16 19:15:00,NY,0,0.7487399163070947,0.6214689265536721
2025-04-16 19:45:00,NY,1,0.7387979722923815,0.6214689265536721
2025-04-16 20:45:00,NY,1,0.7291971381760041,0.6214689265536721
2025-04-16 22:00:00,Other,0,0.8931643948023338,0.7352941176470589
2025-04-16 23:15:00,Other,1,0.8716229841577587,0.7352941176470589
2025-04-16 23:45:00,Other,1,0.4894843328001999,0.5365853658536585
2025-04-17 01:00:00,Other,1,0.7281822570526875,0.6214689265536721
2025-04-17 01:15:00,Other,0,0.8158964029204318,0.7101449275362319
2025-04-17 06:00:00,Other,1,0.5923124050594569,0.5554711246200612
2025-04-17 06:15:00,Other,1,0.6108222575334739,0.5554711246200612
2025-04-17 06:30:00,Other,0,0.5513839416904261,0.5554711246200612
2025-04-17 07:00:00,London,1,0.7232424950444519,0.6214689265536721
2025-04-17 12:30:00,London,1,0.5522796074246342,0.5554711246200612
2025-04-17 13:00:00,London,1,0.5731160447744125,0.5554711246200612
2025-04-17 13:30:00,London,0,0.8794481163774367,0.7352941176470589
2025-04-17 14:15:00,London,0,0.7724235181024004,0.6214689265536721
2025-04-20 22:45:00,Other,1,0.7560689021163092,0.6214689265536721
2025-04-20 23:00:00,Other,1,0.9422371083606949,0.8296781103356015
2025-04-21 00:00:00,Other,1,0.5581592390652982,0.5554711246200612
2025-04-21 00:30:00,Other,0,0.5660483436333542,0.5554711246200612
2025-04-21 00:45:00,Other,1,0.5660483436333542,0.5554711246200612
2025-04-21 01:00:00,Other,1,0.6511881246575525,0.5554711246200612
2025-04-21 02:00:00,Other,1,0.5087312010884881,0.5365853658536585
2025-04-21 02:15:00,Other,1,0.7053079810136652,0.6214689265536721
2025-04-21 02:30:00,Other,1,0.7053079810136652,0.6214689265536721
2025-04-21 02:45:00,Other,0,0.6717015251074974,0.5573770491803278
2025-04-21 05:00:00,Other,0,0.6700239740436882,0.5554711246200612
2025-04-21 05:15:00,Other,1,0.6625957689502249,0.5554711246200612
2025-04-21 05:45:00,Other,1,0.6967134719263276,0.6214689265536721
2025-04-21 06:00:00,Other,1,0.6856785819710205,0.6111111111111112
2025-04-21 06:15:00,Other,1,0.6856785819710205,0.6111111111111112
2025-04-21 06:30:00,Other,1,0.6856785819710205,0.6111111111111112
2025-04-21 07:00:00,London,0,0.7519470686497982,0.6214689265536721
2025-04-21 07:45:00,London,1,0.8535613509274689,0.7101449275362319
2025-04-21 08:00:00,London,1,0.5402307671423442,0.5365853658536585
2025-04-21 08:30:00,London,1,0.5144467482593377,0.5365853658536585
2025-04-21 08:45:00,London,1,0.7535356777256337,0.6214689265536721
2025-04-21 09:30:00,London,0,0.6707147095632011,0.5573770491803278
2025-04-21 09:45:00,London,1,0.6593387283635396,0.5554711246200612
2025-04-21 10:00:00,London,0,0.7037515874825181,0.6214689265536721
2025-04-21 10:30:00,London,1,0.7037515874825181,0.6214689265536721
2025-04-21 10:45:00,London,0,0.7572808285340801,0.6214689265536721
2025-04-21 11:00:00,London,1,0.89654905353277,0.8
2025-04-21 11:30:00,London,1,0.7860866181543588,0.6214689265536721
2025-04-21 11:45:00,London,1,0.7860866181543588,0.6214689265536721
2025-04-21 12:15:00,London,1,0.5237817836635799,0.5365853658536585
2025-04-21 12:45:00,London,1,0.7959719706341272,0.6214689265536721
2025-04-21 13:00:00,London,0,0.8271706915675712,0.7101449275362319
2025-04-21 13:30:00,London,1,0.679044551214532,0.5573770491803278
2025-04-21 13:45:00,London,1,0.7041963557515218,0.6214689265536721
2025-04-21 14:30:00,London,0,0.3778942969348259,0.49413298565840924
2025-04-21 15:00:00,London,1,0.92027228622967,0.8
2025-04-21 15:15:00,London,1,0.93134929704049,0.8059810602066119
2025-04-21 15:30:00,London,1,0.6896971917165939,0.6214689265536721
2025-04-21 19:15:00,NY,1,0.4111818137908834,0.49413298565840924
2025-04-21 22:00:00,Other,1,0.8509614030627921,0.7101449275362319
2025-04-21 22:30:00,Other,1,0.8020996183186971,0.7090909090909091
2025-04-21 23:00:00,Other,1,0.8222409520194095,0.7101449275362319
2025-04-21 23:15:00,Other,0,0.8076836963990571,0.7090909090909091
2025-04-21 23:45:00,Other,0,0.6864803548877906,0.6111111111111112
2025-04-22 03:45:00,Other,0,0.2945143355809981,0.49413298565840924
2025-04-22 04:30:00,Other,1,0.5885299425034094,0.5554711246200612
2025-04-22 04:45:00,Other,1,0.6392024554834467,0.5554711246200612
2025-04-22 05:00:00,Other,1,0.5723273919856662,0.5554711246200612
2025-04-22 05:30:00,Other,1,0.8487037419265507,0.7101449275362319
2025-04-22 05:45:00,Other,0,0.7183911325843063,0.6214689265536721
2025-04-23 18:00:00,NY,1,0.682780792121969,0.6041666666666666
2025-04-23 18:15:00,NY,1,0.6652724731630945,0.5554711246200612
2025-04-23 18:30:00,NY,1,0.6626721416539288,0.5554711246200612
2025-04-23 18:45:00,NY,1,0.8469599990267243,0.7101449275362319
2025-04-23 19:45:00,NY,1,0.7235164819154936,0.6214689265536721
2025-04-23 20:00:00,NY,0,0.6736891357722279,0.5573770491803278
2025-04-23 20:30:00,NY,1,0.779009415718122,0.6214689265536721
2025-04-23 20:45:00,NY,1,0.6122217993000827,0.5554711246200612
2025-04-23 22:45:00,Other,1,0.7150959865206993,0.6214689265536721
2025-04-23 23:15:00,Other,1,0.7439889748545053,0.6214689265536721
2025-04-23 23:45:00,Other,1,0.7532679412510263,0.6214689265536721
2025-04-24 00:00:00,Other,1,0.6610234474993892,0.5554711246200612
2025-04-24 00:15:00,Other,1,0.704316625610426,0.6214689265536721
2025-04-24 01:15:00,Other,1,0.7287624845639977,0.6214689265536721
2025-04-24 01:45:00,Other,1,0.4000921440878159,0.49413298565840924
2025-04-24 02:00:00,Other,0,0.6254490917255346,0.5554711246200612
2025-04-24 02:45:00,Other,0,0.6184612001119767,0.5554711246200612
2025-04-24 03:00:00,Other,0,0.3862483723113578,0.49413298565840924
2025-04-24 03:30:00,Other,1,0.7255169019024621,0.6214689265536721
2025-04-24 03:45:00,Other,1,0.5374224199572318,0.5365853658536585
2025-04-24 04:30:00,Other,1,0.617806919201985,0.5554711246200612
2025-04-24 04:45:00,Other,1,0.5817410525000702,0.5554711246200612
2025-04-24 05:00:00,Other,1,0.5592382928283801,0.5554711246200612
2025-04-24 05:30:00,Other,1,0.8476458084836271,0.7101449275362319
2025-04-24 07:45:00,London,1,0.7102644763028012,0.6214689265536721
2025-04-24 08:15:00,London,1,0.5640282278224391,0.5554711246200612
2025-04-24 08:30:00,London,1,0.6821142420504009,0.6041666666666666
2025-04-24 08:45:00,London,1,0.5958845081574032,0.5554711246200612
2025-04-24 09:15:00,London,0,0.5965190608933026,0.5554711246200612
2025-04-24 10:30:00,London,1,0.6636944766052305,0.5554711246200612
2025-04-24 10:45:00,London,1,0.6314039471819785,0.5554711246200612
2025-04-24 11:00:00,London,1,0.7840965631010115,0.6214689265536721
2025-04-24 11:15:00,London,0,0.7933640980357782,0.6214689265536721
2025-04-24 11:45:00,London,1,0.7015297549672778,0.6214689265536721
2025-04-24 12:15:00,London,1,0.6681074730875725,0.5554711246200612
2025-04-24 12:45:00,London,0,0.6561065541974791,0.5554711246200612
2025-04-24 13:00:00,London,0,0.835701512646966,0.7101449275362319
2025-04-24 19:30:00,NY,1,0.6687807241923585,0.5554711246200612
2025-04-24 19:45:00,NY,0,0.7567678425839043,0.6214689265536721
2025-04-24 20:00:00,NY,1,0.7655882823698795,0.6214689265536721
2025-04-24 20:30:00,NY,1,0.6637841637035872,0.5554711246200612
2025-04-24 20:45:00,NY,1,0.6240347649805595,0.5554711246200612
2025-04-24 22:15:00,Other,1,0.7969355676254916,0.6214689265536721
2025-04-24 23:00:00,Other,0,0.3555304070098934,0.49413298565840924
2025-04-25 00:00:00,Other,1,0.6651454391347001,0.5554711246200612
2025-04-25 00:15:00,Other,0,0.5163781734305981,0.5365853658536585
2025-04-25 19:00:00,NY,1,0.6646624461875624,0.5554711246200612
2025-04-25 19:15:00,NY,1,0.6362982299110799,0.5554711246200612
2025-04-25 19:30:00,NY,0,0.6964870746319203,0.6214689265536721
2025-04-25 20:00:00,NY,1,0.5496955102106699,0.5554711246200612
2025-04-25 20:15:00,NY,1,0.6743427625187759,0.5573770491803278
2025-04-25 20:30:00,NY,1,0.5655040253057393,0.5554711246200612
2025-04-25 20:45:00,NY,1,0.75292456078899,0.6214689265536721
2025-04-27 22:15:00,Other,0,0.445486933129836,0.5365853658536585
2025-04-27 22:45:00,Other,1,0.7795876669880962,0.6214689265536721
2025-04-27 23:00:00,Other,1,0.7051475067206705,0.6214689265536721
2025-04-27 23:15:00,Other,0,0.7438477212659105,0.6214689265536721
2025-04-27 23:45:00,Other,1,0.9165471591325816,0.8
2025-04-28 00:00:00,Other,1,0.3134473677568288,0.49413298565840924
2025-04-28 01:00:00,Other,0,0.2309106886058806,0.4098360655737705
2025-04-28 01:15:00,Other,0,0.6151941826662037,0.5554711246200612
2025-04-28 01:45:00,Other,1,0.6151941826662037,0.5554711246200612
2025-04-28 06:15:00,Other,0,0.3963515672113727,0.49413298565840924
2025-04-28 06:30:00,Other,0,0.2180319730113773,0.4098360655737705
2025-04-28 07:15:00,London,1,0.5292737888848132,0.5365853658536585
2025-04-28 07:30:00,London,1,0.6419254370824157,0.5554711246200612
2025-04-28 07:45:00,London,0,0.7993055860188935,0.6214689265536721
2025-04-28 09:00:00,London,0,0.570402321118683,0.5554711246200612
2025-04-28 09:15:00,London,1,0.6497613146376539,0.5554711246200612
2025-04-28 09:30:00,London,0,0.7287373083852926,0.6214689265536721
2025-04-28 09:45:00,London,1,0.6497613146376539,0.5554711246200612
2025-04-28 13:15:00,London,0,0.7839426998431864,0.6214689265536721
2025-04-28 14:00:00,London,1,0.7643221923763223,0.6214689265536721
2025-04-28 14:15:00,London,1,0.8509833428217796,0.7101449275362319
2025-04-28 14:30:00,London,1,0.8486579196221716,0.7101449275362319
2025-04-28 15:15:00,London,0,0.662405618676285,0.5554711246200612
2025-04-28 15:45:00,London,1,0.6811022241489139,0.6041666666666666
2025-04-28 16:00:00,London,1,0.7485433918961387,0.6214689265536721
2025-04-28 16:45:00,London,1,0.7485433918961387,0.6214689265536721
2025-04-28 17:30:00,NY,1,0.7104526206726455,0.6214689265536721
2025-04-28 18:00:00,NY,1,0.678512310672979,0.5573770491803278
2025-04-28 18:15:00,NY,1,0.7961672676642368,0.6214689265536721
2025-04-28 18:30:00,NY,1,0.7756873362538778,0.6214689265536721
2025-04-28 19:15:00,NY,1,0.6513459920591507,0.5554711246200612
2025-04-28 20:00:00,NY,0,0.6792198335240407,0.5573770491803278
2025-04-28 20:15:00,NY,0,0.6465412629304855,0.5554711246200612
2025-04-28 22:30:00,Other,1,0.7745701423433866,0.6214689265536721
2025-04-29 00:15:00,Other,0,0.643723444047072,0.5554711246200612
2025-04-29 01:45:00,Other,1,0.6658394950662162,0.5554711246200612
2025-04-29 02:00:00,Other,1,0.6966750017524713,0.6214689265536721
2025-04-29 02:30:00,Other,0,0.4794244315231907,0.5365853658536585
2025-04-29 03:00:00,Other,1,0.7000608400855206,0.6214689265536721
2025-04-29 03:30:00,Other,1,0.6015223294940593,0.5554711246200612
2025-04-29 03:45:00,Other,0,0.4741840113403447,0.5365853658536585
2025-04-29 04:45:00,Other,1,0.6078845089382776,0.5554711246200612
2025-04-29 06:45:00,Other,0,0.515250753571498,0.5365853658536585
2025-04-29 09:00:00,London,1,0.6126369067362265,0.5554711246200612
2025-04-29 09:15:00,London,0,0.5231006568416583,0.5365853658536585
2025-04-29 09:30:00,London,0,0.5942094679099683,0.5554711246200612
2025-04-29 09:45:00,London,1,0.659775526463758,0.5554711246200612
2025-04-29 10:00:00,London,1,0.6731202038287913,0.5573770491803278
2025-04-29 11:15:00,London,1,0.7375134865167525,0.6214689265536721
2025-04-29 11:30:00,London,0,0.6189539792236332,0.5554711246200612
2025-04-29 11:45:00,London,1,0.7800215771888369,0.6214689265536721
2025-04-29 17:45:00,NY,1,0.6254898605510576,0.5554711246200612
2025-04-29 18:00:00,NY,1,0.833556977034001,0.7101449275362319
2025-04-29 18:15:00,NY,1,0.6472251875257292,0.5554711246200612
2025-04-29 18:30:00,NY,1,0.6004745640049185,0.5554711246200612
2025-04-29 18:45:00,NY,1,0.8201399474725752,0.7101449275362319
2025-04-29 19:00:00,NY,1,0.8496212995752279,0.7101449275362319
2025-04-29 19:15:00,NY,1,0.7094769500548942,0.6214689265536721
2025-04-29 19:30:00,NY,1,0.7091581251492461,0.6214689265536721
2025-04-29 20:00:00,NY,0,0.6518515217021779,0.5554711246200612
2025-04-29 20:15:00,NY,1,0.4529792092160636,0.5365853658536585
2025-04-29 20:30:00,NY,1,0.7041468579758171,0.6214689265536721
2025-04-29 22:00:00,Other,1,0.8027034693588451,0.7090909090909091
2025-04-29 22:15:00,Other,0,0.75433919000757,0.6214689265536721
2025-04-29 22:30:00,Other,0,0.7859420136222048,0.6214689265536721
2025-04-30 00:30:00,Other,0,0.6587799700002729,0.5554711246200612
2025-04-30 00:45:00,Other,1,0.6587799700002729,0.5554711246200612
2025-04-30 01:00:00,Other,1,0.4948081110977885,0.5365853658536585
2025-04-30 01:15:00,Other,1,0.3413346944714846,0.49413298565840924
2025-04-30 01:30:00,Other,1,0.3496248322103584,0.49413298565840924
2025-04-30 01:45:00,Other,1,0.6711489206362953,0.5573770491803278
2025-04-30 02:15:00,Other,0,0.5572327570703487,0.5554711246200612
2025-04-30 02:30:00,Other,1,0.7387139181751147,0.6214689265536721
2025-04-30 03:15:00,Other,0,0.6437878350545313,0.5554711246200612
2025-04-30 03:30:00,Other,1,0.6914363947742859,0.6214689265536721
2025-04-30 03:45:00,Other,1,0.6437878350545313,0.5554711246200612
2025-04-30 07:45:00,London,0,0.6279157068940623,0.5554711246200612
2025-04-30 08:00:00,London,1,0.7879332941585805,0.6214689265536721
2025-04-30 08:15:00,London,1,0.585927439146698,0.5554711246200612
2025-04-30 08:30:00,London,0,0.6154683717230618,0.5554711246200612
2025-04-30 09:30:00,London,0,0.6000256731555021,0.5554711246200612
2025-04-30 10:00:00,London,1,0.8262801996833611,0.7101449275362319
2025-04-30 10:15:00,London,1,0.7535598046014752,0.6214689265536721
2025-04-30 10:30:00,London,1,0.7636762536199448,0.6214689265536721
2025-04-30 10:45:00,London,1,0.7360377697612212,0.6214689265536721
2025-04-30 11:00:00,London,1,0.669699152522213,0.5554711246200612
2025-04-30 11:45:00,London,1,0.8341867117085239,0.7101449275362319
2025-04-30 14:15:00,London,0,0.6470824934797207,0.5554711246200612
2025-04-30 14:30:00,London,1,0.9118260736406952,0.8
2025-04-30 15:15:00,London,1,0.7021443954401096,0.6214689265536721
2025-04-30 15:45:00,London,1,0.7921618320870542,0.6214689265536721
2025-04-30 16:00:00,London,1,0.7609530518333258,0.6214689265536721
2025-04-30 16:30:00,London,0,0.8211865773165137,0.7101449275362319
2025-04-30 18:00:00,NY,0,0.7188619285137208,0.6214689265536721
2025-04-30 18:30:00,NY,1,0.5011635017642525,0.5365853658536585
2025-04-30 18:45:00,NY,1,0.5011635017642525,0.5365853658536585
2025-04-30 19:15:00,NY,1,0.6925380658292801,0.6214689265536721
2025-04-30 19:30:00,NY,1,0.8326806646656085,0.7101449275362319
2025-04-30 19:45:00,NY,1,0.8175223896082703,0.7101449275362319
2025-04-30 20:00:00,NY,0,0.8293797162477763,0.7101449275362319
2025-04-30 20:15:00,NY,0,0.6627795776607441,0.5554711246200612
2025-04-30 22:00:00,Other,1,0.7762448057150367,0.6214689265536721
2025-04-30 23:30:00,Other,1,0.8063409033024623,0.7090909090909091
2025-05-01 00:00:00,Other,1,0.3407911859162729,0.49413298565840924
2025-05-01 00:15:00,Other,0,0.4571419377520732,0.5365853658536585
2025-05-01 00:30:00,Other,1,0.6427295876557754,0.5554711246200612
2025-05-01 00:45:00,Other,1,0.4711485865700988,0.5365853658536585
2025-05-01 13:45:00,London,1,0.2857697082057764,0.49413298565840924
2025-05-01 14:00:00,London,0,0.5946263636528873,0.5554711246200612
2025-05-01 15:00:00,London,0,0.6226266223785424,0.5554711246200612
2025-05-01 16:30:00,London,1,0.6495981934872441,0.5554711246200612
2025-05-01 17:00:00,NY,1,0.556553164119282,0.5554711246200612
2025-05-01 17:15:00,NY,1,0.6366050294525888,0.5554711246200612
2025-05-01 18:15:00,NY,1,0.5277116421485585,0.5365853658536585
2025-05-01 19:15:00,NY,1,0.5211756872078408,0.5365853658536585
2025-05-01 19:30:00,NY,1,0.605016538526146,0.5554711246200612
2025-05-01 20:45:00,NY,1,0.5749143067037638,0.5554711246200612
2025-05-01 22:15:00,Other,0,0.75639812454083,0.6214689265536721
2025-05-01 22:30:00,Other,1,0.7426409038175167,0.6214689265536721
2025-05-01 22:45:00,Other,0,0.7589047733429674,0.6214689265536721
2025-05-01 23:15:00,Other,1,0.7627255645069666,0.6214689265536721
2025-05-02 00:00:00,Other,1,0.4926284229876093,0.5365853658536585
2025-05-02 00:15:00,Other,0,0.6764988586278254,0.5573770491803278
2025-05-02 00:45:00,Other,1,0.7810646478696556,0.6214689265536721
2025-05-02 01:30:00,Other,1,0.5372983878579707,0.5365853658536585
2025-05-02 02:00:00,Other,1,0.7587731844672247,0.6214689265536721
2025-05-02 02:15:00,Other,1,0.7705448515362372,0.6214689265536721
2025-05-02 03:00:00,Other,1,0.6718604953304712,0.5573770491803278
2025-05-02 03:15:00,Other,1,0.6720112036024272,0.5573770491803278
2025-05-02 03:30:00,Other,0,0.6720112036024272,0.5573770491803278
2025-05-02 04:30:00,Other,0,0.2824345437221127,0.49413298565840924
2025-05-02 05:00:00,Other,0,0.670030744646903,0.5554711246200612
2025-05-02 05:15:00,Other,1,0.4914846917874046,0.5365853658536585
2025-05-02 08:00:00,London,1,0.6557427574719501,0.5554711246200612
2025-05-02 08:30:00,London,1,0.6509396293246786,0.5554711246200612
2025-05-02 09:15:00,London,1,0.6706990960864649,0.5573770491803278
2025-05-02 10:15:00,London,0,0.7909277105037539,0.6214689265536721
2025-05-02 10:30:00,London,1,0.6662288949546217,0.5554711246200612
2025-05-02 10:45:00,London,1,0.7632242817576276,0.6214689265536721
2025-05-02 12:00:00,London,1,0.6440000026093186,0.5554711246200612
2025-05-02 12:15:00,London,1,0.3614057466939269,0.49413298565840924
2025-05-02 12:45:00,London,1,0.7526374118338099,0.6214689265536721
2025-05-05 01:00:00,Other,1,0.5936366729598741,0.5554711246200612
2025-05-05 01:15:00,Other,1,0.653600219874196,0.5554711246200612
2025-05-05 01:30:00,Other,1,0.3474153317995925,0.49413298565840924
2025-05-05 02:00:00,Other,1,0.4352836618387412,0.5365853658536585
2025-05-05 02:15:00,Other,1,0.6218845115430275,0.5554711246200612
2025-05-05 02:30:00,Other,1,0.7148311559674945,0.6214689265536721
2025-05-05 03:00:00,Other,1,0.2279489375153386,0.4098360655737705
2025-05-05 03:15:00,Other,0,0.373309255153549,0.49413298565840924
2025-05-05 03:30:00,Other,1,0.77290618563968,0.6214689265536721
2025-05-05 03:45:00,Other,1,0.4689220726421162,0.5365853658536585
2025-05-05 04:00:00,Other,0,0.643070960344094,0.5554711246200612
2025-05-05 04:30:00,Other,1,0.512950467289933,0.5365853658536585
2025-05-05 04:45:00,Other,1,0.6394125676510174,0.5554711246200612
2025-05-05 05:30:00,Other,1,0.5229540585634134,0.5365853658536585
2025-05-05 05:45:00,Other,1,0.5030918305779952,0.5365853658536585
2025-05-05 06:00:00,Other,0,0.5106091242556249,0.5365853658536585
2025-05-05 06:15:00,Other,1,0.5934687616159666,0.5554711246200612
2025-05-05 06:30:00,Other,1,0.7098923766920217,0.6214689265536721
2025-05-05 07:00:00,London,1,0.5340725400815761,0.5365853658536585
2025-05-05 07:15:00,London,1,0.6096000133981965,0.5554711246200612
2025-05-05 07:30:00,London,1,0.9026177496293408,0.8
2025-05-05 07:45:00,London,1,0.5733191913395828,0.5554711246200612
2025-05-05 08:00:00,London,1,0.6291611484547689,0.5554711246200612
2025-05-05 08:30:00,London,1,0.7615853471260811,0.6214689265536721
2025-05-05 08:45:00,London,1,0.7615853471260811,0.6214689265536721
2025-05-05 09:00:00,London,1,0.7772249834332622,0.6214689265536721
2025-05-05 09:15:00,London,1,0.7772249834332622,0.6214689265536721
2025-05-05 09:45:00,London,1,0.7701234456951638,0.6214689265536721
2025-05-05 10:00:00,London,1,0.6768058854206475,0.5573770491803278
2025-05-05 10:15:00,London,1,0.8128306118755093,0.7090909090909091
2025-05-05 10:45:00,London,1,0.6253850908410924,0.5554711246200612
2025-05-05 11:45:00,London,1,0.8561764090607757,0.7101449275362319
2025-05-05 12:00:00,London,1,0.8107769620653235,0.7090909090909091
2025-05-05 12:15:00,London,1,0.8206547024455417,0.7101449275362319
2025-05-05 12:30:00,London,0,0.8206547024455417,0.7101449275362319
2025-05-05 13:00:00,London,1,0.8317321083161854,0.7101449275362319
2025-05-05 13:15:00,London,0,0.7846968750749669,0.6214689265536721
2025-05-05 13:30:00,London,1,0.3236302754936211,0.49413298565840924
2025-05-05 13:45:00,London,1,0.6399865761528759,0.5554711246200612
2025-05-05 14:15:00,London,0,0.7394900975637334,0.6214689265536721
2025-05-05 15:30:00,London,1,0.8105685413108032,0.7090909090909091
2025-05-05 15:45:00,London,0,0.7682389153384112,0.6214689265536721
2025-05-05 20:00:00,NY,1,0.6684021022170922,0.5554711246200612
2025-05-05 20:45:00,NY,1,0.7646134250805029,0.6214689265536721
2025-05-05 23:00:00,Other,1,0.9345507205016776,0.8129488786241761
2025-05-05 23:15:00,Other,1,0.6943787954764028,0.6214689265536721
2025-05-05 23:30:00,Other,1,0.7545690611413044,0.6214689265536721
2025-05-06 03:00:00,Other,1,0.8110048879329058,0.7090909090909091
2025-05-06 03:15:00,Other,1,0.6601058145242394,0.5554711246200612
2025-05-06 03:45:00,Other,1,0.5004811024428691,0.5365853658536585
2025-05-06 04:00:00,Other,1,0.5480664494193754,0.5521024234581288
2025-05-06 04:15:00,Other,1,0.5885299425034094,0.5554711246200612
2025-05-06 04:30:00,Other,1,0.8436757437784751,0.7101449275362319
2025-05-06 04:45:00,Other,0,0.7704663885089312,0.6214689265536721
2025-05-06 05:00:00,Other,1,0.5723273919856662,0.5554711246200612
2025-05-06 08:30:00,London,1,0.2705509227721693,0.4878048780487805
2025-05-06 08:45:00,London,1,0.5796515010101668,0.5554711246200612
2025-05-06 09:00:00,London,0,0.6207132495998625,0.5554711246200612
2025-05-06 09:15:00,London,1,0.7518099565492177,0.6214689265536721
2025-05-06 09:45:00,London,0,0.7095101175190375,0.6214689265536721
2025-05-06 10:00:00,London,0,0.7599684132638308,0.6214689265536721
2025-05-06 10:15:00,London,1,0.7581732496227581,0.6214689265536721
2025-05-06 10:45:00,London,0,0.7476708758050095,0.6214689265536721
2025-05-06 11:00:00,London,0,0.7587573304403946,0.6214689265536721
2025-05-06 12:15:00,London,1,0.9066397405697882,0.8
2025-05-06 13:00:00,London,1,0.8501460054672716,0.7101449275362319
2025-05-06 13:15:00,London,0,0.8501460054672716,0.7101449275362319
2025-05-06 13:30:00,London,1,0.7724864189151504,0.6214689265536721
2025-05-06 14:15:00,London,1,0.3597045250349129,0.49413298565840924
2025-05-06 14:45:00,London,1,0.959186915507902,0.8333333333333334
2025-05-06 15:00:00,London,1,0.7809175757607066,0.6214689265536721
2025-05-06 15:15:00,London,0,0.7773281479528735,0.6214689265536721
2025-05-06 15:45:00,London,1,0.7773281479528735,0.6214689265536721
2025-05-06 16:15:00,London,1,0.8218472275946304,0.7101449275362319
2025-05-06 16:30:00,London,1,0.8218472275946304,0.7101449275362319
2025-05-06 16:45:00,London,1,0.7556656223680335,0.6214689265536721
2025-05-06 17:15:00,NY,1,0.7982376725643392,0.6214689265536721
2025-05-06 18:30:00,NY,1,0.6728499730188464,0.5573770491803278
2025-05-06 18:45:00,NY,0,0.709390199791883,0.6214689265536721
2025-05-06 19:00:00,NY,1,0.7472529117507302,0.6214689265536721
2025-05-06 19:30:00,NY,1,0.7351940502582791,0.6214689265536721
2025-05-06 19:45:00,NY,1,0.7870732610790024,0.6214689265536721
2025-05-06 20:00:00,NY,1,0.6920225897843234,0.6214689265536721
2025-05-06 20:30:00,NY,0,0.8060181398293079,0.7090909090909091
2025-05-06 22:00:00,Other,1,0.4238153003097324,0.49413298565840924
2025-05-06 22:15:00,Other,1,0.8610546402877729,0.7101449275362319
2025-05-06 22:45:00,Other,1,0.8610546402877729,0.7101449275362319
2025-05-07 07:45:00,London,0,0.5950606335862118,0.5554711246200612
2025-05-07 08:15:00,London,0,0.6464338352299718,0.5554711246200612
2025-05-07 08:30:00,London,0,0.6458658318917581,0.5554711246200612
2025-05-07 09:00:00,London,1,0.6352906870715834,0.5554711246200612
2025-05-07 12:15:00,London,1,0.7135570780728987,0.6214689265536721
2025-05-07 12:30:00,London,1,0.6528050682600763,0.5554711246200612
2025-05-07 12:45:00,London,1,0.8139976545850685,0.7101449275362319
2025-05-07 13:00:00,London,1,0.8184632229540575,0.7101449275362319
2025-05-07 14:00:00,London,1,0.4526206271054607,0.5365853658536585
2025-05-08 02:15:00,Other,0,0.6377896267268404,0.5554711246200612
2025-05-08 03:15:00,Other,0,0.3583636992699145,0.49413298565840924
2025-05-08 04:30:00,Other,0,0.5622212240360951,0.5554711246200612
2025-05-08 05:00:00,Other,0,0.671748348122805,0.5573770491803278
2025-05-08 06:00:00,Other,1,0.6981557192766638,0.6214689265536721
2025-05-08 06:15:00,Other,1,0.6981557192766638,0.6214689265536721
2025-05-08 06:30:00,Other,1,0.6981557192766638,0.6214689265536721
2025-05-08 10:45:00,London,1,0.5936315574749554,0.5554711246200612
2025-05-08 11:30:00,London,1,0.6188657731547611,0.5554711246200612
2025-05-08 12:00:00,London,1,0.6766298287904885,0.5573770491803278
2025-05-08 12:15:00,London,1,0.7740687672249261,0.6214689265536721
2025-05-08 12:30:00,London,1,0.5810559788011477,0.5554711246200612
2025-05-08 13:00:00,London,1,0.7792329635098773,0.6214689265536721
2025-05-08 13:15:00,London,1,0.7792329635098773,0.6214689265536721
2025-05-08 13:45:00,London,1,0.6909521299962299,0.6214689265536721
2025-05-08 15:00:00,London,1,0.6475367568763575,0.5554711246200612
2025-05-08 15:15:00,London,1,0.6798367102373463,0.5573770491803278
2025-05-08 15:30:00,London,1,0.7717196173150682,0.6214689265536721
2025-05-08 15:45:00,London,0,0.7717196173150682,0.6214689265536721
2025-05-08 16:00:00,London,1,0.7557960693791927,0.6214689265536721
2025-05-08 16:15:00,London,0,0.6579667300937805,0.5554711246200612
2025-05-08 17:00:00,NY,1,0.6151770265676739,0.5554711246200612
2025-05-08 17:15:00,NY,1,0.7179168433369331,0.6214689265536721
2025-05-09 05:15:00,Other,0,0.269920890074049,0.4878048780487805
2025-05-09 05:30:00,Other,1,0.6754995553217056,0.5573770491803278
2025-05-09 05:45:00,Other,1,0.4027204220535612,0.49413298565840924
2025-05-09 06:00:00,Other,1,0.4581940574169805,0.5365853658536585
2025-05-09 06:15:00,Other,1,0.413760251549702,0.49413298565840924
2025-05-09 07:15:00,London,1,0.6219965878842895,0.5554711246200612
2025-05-09 07:30:00,London,0,0.652204716632254,0.5554711246200612
2025-05-09 08:00:00,London,1,0.8755259231145516,0.7352941176470589
2025-05-09 08:30:00,London,1,0.6319136062413127,0.5554711246200612
2025-05-09 08:45:00,London,0,0.6636569561098307,0.5554711246200612
2025-05-09 09:15:00,London,1,0.612521996164142,0.5554711246200612
2025-05-09 10:00:00,London,1,0.7207477499847215,0.6214689265536721
2025-05-09 10:15:00,London,1,0.6824337119274241,0.6041666666666666
2025-05-09 10:45:00,London,1,0.6279611132787464,0.5554711246200612
2025-05-09 12:15:00,London,0,0.8059044632609805,0.7090909090909091
2025-05-09 12:45:00,London,0,0.8059044632609805,0.7090909090909091
2025-05-09 14:00:00,London,1,0.8340092345088037,0.7101449275362319
2025-05-09 17:00:00,NY,1,0.7084653832016384,0.6214689265536721
2025-05-09 17:15:00,NY,1,0.6139224013921608,0.5554711246200612
2025-05-09 18:00:00,NY,0,0.6721044065980731,0.5573770491803278
2025-05-09 18:30:00,NY,1,0.5704129001991898,0.5554711246200612
2025-05-09 19:00:00,NY,0,0.3871930962381661,0.49413298565840924
2025-05-09 19:30:00,NY,1,0.7771908203639385,0.6214689265536721
2025-05-09 20:00:00,NY,0,0.6883137042376062,0.6214689265536721
2025-05-09 20:45:00,NY,0,0.666699158587511,0.5554711246200612
2025-05-11 22:00:00,Other,0,0.7982248166840169,0.6214689265536721
2025-05-11 22:30:00,Other,1,0.8226715464668446,0.7101449275362319
2025-05-11 22:45:00,Other,1,0.7079423532667436,0.6214689265536721
2025-05-12 22:15:00,Other,0,0.739862463367621,0.6214689265536721
2025-05-12 22:30:00,Other,0,0.704229210360864,0.6214689265536721
2025-05-12 22:45:00,Other,1,0.8624518731129668,0.7101449275362319
2025-05-12 23:00:00,Other,1,0.5253359165796132,0.5365853658536585
2025-05-12 23:30:00,Other,1,0.731641169182018,0.6214689265536721
2025-05-13 00:00:00,Other,0,0.5175920930305379,0.5365853658536585
2025-05-13 00:30:00,Other,1,0.3854091427116505,0.49413298565840924
2025-05-13 00:45:00,Other,0,0.5923848790771398,0.5554711246200612
2025-05-13 01:15:00,Other,0,0.6106774728304601,0.5554711246200612
2025-05-13 01:30:00,Other,1,0.624014400022551,0.5554711246200612
2025-05-13 05:15:00,Other,0,0.6629290892239721,0.5554711246200612
2025-05-13 05:45:00,Other,1,0.7099298849489609,0.6214689265536721
2025-05-13 06:30:00,Other,0,0.7130576965963755,0.6214689265536721
2025-05-13 07:30:00,London,0,0.6003945732538416,0.5554711246200612
2025-05-13 08:30:00,London,1,0.5878809445084181,0.5554711246200612
2025-05-13 09:00:00,London,1,0.2955036126676695,0.49413298565840924
2025-05-13 09:15:00,London,1,0.6192738792850553,0.5554711246200612
2025-05-13 09:45:00,London,1,0.6025092021693664,0.5554711246200612
2025-05-13 10:00:00,London,1,0.6643557612379825,0.5554711246200612
2025-05-13 10:15:00,London,0,0.6698295940792459,0.5554711246200612
2025-05-13 11:00:00,London,1,0.654518903766019,0.5554711246200612
2025-05-13 11:15:00,London,1,0.8887300404384573,0.7352941176470589
2025-05-13 11:30:00,London,0,0.7655687467261113,0.6214689265536721
2025-05-13 11:45:00,London,0,0.7347273618740489,0.6214689265536721
2025-05-13 12:00:00,London,1,0.8062241326672964,0.7090909090909091
2025-05-13 12:15:00,London,1,0.8062241326672964,0.7090909090909091
2025-05-13 12:45:00,London,1,0.8167987904778696,0.7101449275362319
2025-05-13 13:00:00,London,1,0.707197494806195,0.6214689265536721
2025-05-13 13:30:00,London,1,0.7652794450977127,0.6214689265536721
2025-05-13 13:45:00,London,1,0.8074079547416686,0.7090909090909091
2025-05-13 23:15:00,Other,0,0.7674879811604863,0.6214689265536721
2025-05-14 00:00:00,Other,1,0.6624164052413279,0.5554711246200612
2025-05-14 00:15:00,Other,1,0.5531262941682316,0.5554711246200612
2025-05-14 01:15:00,Other,1,0.5911217027579494,0.5554711246200612
2025-05-14 01:30:00,Other,1,0.7869363323822278,0.6214689265536721
2025-05-14 01:45:00,Other,0,0.6585691329398878,0.5554711246200612
2025-05-14 02:15:00,Other,1,0.7387139181751147,0.6214689265536721
2025-05-14 02:30:00,Other,1,0.7387139181751147,0.6214689265536721
2025-05-14 02:45:00,Other,0,0.7381024292622875,0.6214689265536721
2025-05-14 03:00:00,Other,0,0.7330974238901785,0.6214689265536721
2025-05-14 04:00:00,Other,1,0.6504880003569659,0.5554711246200612
2025-05-14 08:45:00,London,1,0.6695196788107207,0.5554711246200612
2025-05-14 09:00:00,London,1,0.5786049911373131,0.5554711246200612
2025-05-14 10:45:00,London,0,0.8707779327435886,0.7352941176470589
2025-05-14 11:45:00,London,1,0.8134455089512482,0.7090909090909091
2025-05-14 12:00:00,London,1,0.8105470323081982,0.7090909090909091
2025-05-14 12:30:00,London,0,0.7701463931146617,0.6214689265536721
2025-05-14 12:45:00,London,1,0.8257856425967228,0.7101449275362319
2025-05-14 13:00:00,London,1,0.8340998859690184,0.7101449275362319
2025-05-15 01:15:00,Other,0,0.3769372389304354,0.49413298565840924
2025-05-15 01:45:00,Other,1,0.6763441476414097,0.5573770491803278
2025-05-15 02:00:00,Other,0,0.4979819367324117,0.5365853658536585
2025-05-15 02:30:00,Other,0,0.7394996155160414,0.6214689265536721
2025-05-15 02:45:00,Other,1,0.7394996155160414,0.6214689265536721
2025-05-15 03:00:00,Other,1,0.6757395947379089,0.5573770491803278
2025-05-15 03:30:00,Other,1,0.4899491359880236,0.5365853658536585
2025-05-15 03:45:00,Other,0,0.5885083361930211,0.5554711246200612
2025-05-15 04:15:00,Other,1,0.5983757095835869,0.5554711246200612
2025-05-15 04:30:00,Other,0,0.5983757095835869,0.5554711246200612
2025-05-15 04:45:00,Other,1,0.6828350880677284,0.6041666666666666
2025-05-15 17:30:00,NY,1,0.7769521546686537,0.6214689265536721
2025-05-15 18:00:00,NY,1,0.6690106488337807,0.5554711246200612
2025-05-15 18:15:00,NY,1,0.5941107947520814,0.5554711246200612
2025-05-15 18:45:00,NY,1,0.6027086702338547,0.5554711246200612
2025-05-15 19:00:00,NY,1,0.6717653911300052,0.5573770491803278
2025-05-15 19:15:00,NY,1,0.6717653911300052,0.5573770491803278
2025-05-15 19:45:00,NY,1,0.6687807241923585,0.5554711246200612
2025-05-15 20:00:00,NY,1,0.6807695664060756,0.5573770491803278
2025-05-15 20:15:00,NY,0,0.678610590460498,0.5573770491803278
2025-05-15 20:30:00,NY,1,0.6710120801205953,0.5573770491803278
2025-05-15 22:00:00,Other,1,0.8215850237151393,0.7101449275362319
2025-05-15 22:15:00,Other,1,0.8215850237151393,0.7101449275362319
2025-05-15 22:30:00,Other,0,0.8064247213977924,0.7090909090909091
2025-05-16 00:30:00,Other,0,0.5189388864401013,0.5365853658536585
2025-05-16 01:15:00,Other,0,0.7286580328897001,0.6214689265536721
2025-05-16 01:45:00,Other,1,0.5541712488846731,0.5554711246200612
2025-05-16 02:15:00,Other,1,0.5808612170698509,0.5554711246200612
2025-05-16 02:30:00,Other,1,0.6231471370802724,0.5554711246200612
2025-05-16 02:45:00,Other,0,0.769234439010862,0.6214689265536721
2025-05-16 06:45:00,Other,1,0.5730081871170025,0.5554711246200612
2025-05-16 07:00:00,London,0,0.5708661637215227,0.5554711246200612
2025-05-16 07:15:00,London,1,0.6935499819880204,0.6214689265536721
2025-05-16 07:30:00,London,0,0.6166720641595278,0.5554711246200612
2025-05-16 08:00:00,London,1,0.7153381531131128,0.6214689265536721
2025-05-16 17:45:00,NY,1,0.5347503514431396,0.5365853658536585
2025-05-16 18:00:00,NY,1,0.5536390507686434,0.5554711246200612
2025-05-16 18:30:00,NY,1,0.5375730865301291,0.5365853658536585
2025-05-16 18:45:00,NY,1,0.5288407486500656,0.5365853658536585
2025-05-16 19:00:00,NY,1,0.7029511869184281,0.6214689265536721
2025-05-16 19:15:00,NY,1,0.5570475289530441,0.5554711246200612
2025-05-16 19:30:00,NY,1,0.5312719377870171,0.5365853658536585
2025-05-16 20:30:00,NY,1,0.5253589796969129,0.5365853658536585
2025-05-16 20:45:00,NY,1,0.7065971122974527,0.6214689265536721
2025-05-18 22:00:00,Other,1,0.8431858836398102,0.7101449275362319
2025-05-18 22:15:00,Other,1,0.7842483615599143,0.6214689265536721
2025-05-18 22:30:00,Other,1,0.8099853551324941,0.7090909090909091
2025-05-18 23:00:00,Other,0,0.7754522573539758,0.6214689265536721
2025-05-18 23:15:00,Other,0,0.7480036193333025,0.6214689265536721
2025-05-18 23:45:00,Other,1,0.866036468061345,0.7101449275362319
2025-05-19 00:00:00,Other,1,0.6465912336448911,0.5554711246200612
2025-05-19 00:30:00,Other,1,0.6461133657718332,0.5554711246200612
2025-05-19 01:00:00,Other,0,0.2713502943186598,0.4878048780487805
2025-05-19 07:00:00,London,1,0.7371673462277524,0.6214689265536721
2025-05-19 07:30:00,London,1,0.7260822917036678,0.6214689265536721
2025-05-19 08:00:00,London,1,0.7569621625107168,0.6214689265536721
2025-05-19 08:30:00,London,1,0.6945850325081209,0.6214689265536721
2025-05-19 08:45:00,London,0,0.7064293679110952,0.6214689265536721
2025-05-19 09:45:00,London,0,0.651795176524784,0.5554711246200612
2025-05-19 10:15:00,London,1,0.5818030846197901,0.5554711246200612
2025-05-19 10:45:00,London,1,0.6082527994360213,0.5554711246200612
2025-05-19 11:30:00,London,0,0.7244323877341986,0.6214689265536721
2025-05-19 12:30:00,London,0,0.6247619590206535,0.5554711246200612
2025-05-19 13:15:00,London,1,0.8506464955040824,0.7101449275362319
2025-05-19 13:45:00,London,1,0.3473124052319214,0.49413298565840924
2025-05-19 14:00:00,London,1,0.925587596645357,0.8
2025-05-19 14:45:00,London,0,0.9299383397230012,0.8029101467512741
2025-05-19 16:30:00,London,1,0.9357284367643622,0.81551214873364
2025-05-19 17:30:00,NY,1,0.6851712750825827,0.6111111111111112
2025-05-19 17:45:00,NY,1,0.6719345432976888,0.5573770491803278
2025-05-19 18:00:00,NY,1,0.8447231443395741,0.7101449275362319
2025-05-19 18:30:00,NY,1,0.653305758929156,0.5554711246200612
2025-05-19 19:00:00,NY,0,0.6838443212232939,0.6041666666666666
2025-05-19 19:15:00,NY,0,0.8409323528592749,0.7101449275362319
2025-05-19 19:45:00,NY,0,0.6896479358680451,0.6214689265536721
2025-05-19 20:00:00,NY,0,0.7597993519266658,0.6214689265536721
2025-05-19 20:15:00,NY,1,0.7269818758213918,0.6214689265536721
2025-05-19 20:45:00,NY,0,0.7749428934465694,0.6214689265536721
2025-05-19 22:00:00,Other,0,0.6801940179289568,0.5573770491803278
2025-05-19 22:30:00,Other,0,0.5126444928345867,0.5365853658536585
2025-05-19 23:00:00,Other,1,0.563584311119463,0.5554711246200612
2025-05-19 23:30:00,Other,0,0.4895660105139325,0.5365853658536585
2025-05-20 00:15:00,Other,1,0.5762383522363651,0.5554711246200612
2025-05-20 09:30:00,London,1,0.7725498537000629,0.6214689265536721
2025-05-20 09:45:00,London,0,0.6896294705541605,0.6214689265536721
2025-05-20 10:00:00,London,0,0.34104718924154,0.49413298565840924
2025-05-20 10:15:00,London,1,0.7794882135892633,0.6214689265536721
2025-05-20 10:30:00,London,1,0.749518245228207,0.6214689265536721
2025-05-20 11:15:00,London,1,0.7961877796390701,0.6214689265536721
2025-05-20 11:30:00,London,1,0.7964347532109974,0.6214689265536721
2025-05-20 12:00:00,London,1,0.6582338094849852,0.5554711246200612
2025-05-20 13:00:00,London,1,0.9206367091549084,0.8
2025-05-20 13:15:00,London,1,0.6908985861697854,0.6214689265536721
2025-05-20 13:45:00,London,1,0.8449051539836084,0.7101449275362319
2025-05-20 14:00:00,London,1,0.8505098401089602,0.7101449275362319
2025-05-20 14:30:00,London,1,0.8466720804433929,0.7101449275362319
2025-05-20 14:45:00,London,1,0.8499424508926289,0.7101449275362319
2025-05-20 15:00:00,London,1,0.7796544965078499,0.6214689265536721
2025-05-20 15:45:00,London,1,0.7399257618584945,0.6214689265536721
2025-05-20 16:00:00,London,1,0.7349171867143552,0.6214689265536721
2025-05-20 17:30:00,NY,1,0.6720555839253991,0.5573770491803278
2025-05-20 17:45:00,NY,1,0.6531193641608247,0.5554711246200612
2025-05-20 18:15:00,NY,0,0.709390199791883,0.6214689265536721
2025-05-20 18:30:00,NY,1,0.6546967412080071,0.5554711246200612
2025-05-20 18:45:00,NY,1,0.6961410749366455,0.6214689265536721
2025-05-20 19:15:00,NY,1,0.6846959128843279,0.6111111111111112
2025-05-20 19:30:00,NY,1,0.7058205652683136,0.6214689265536721
2025-05-20 19:45:00,NY,1,0.7434137315517904,0.6214689265536721
2025-05-20 20:00:00,NY,0,0.7408776304969465,0.6214689265536721
2025-05-20 20:30:00,NY,1,0.7867523178888023,0.6214689265536721
2025-05-20 22:45:00,Other,0,0.8323707526781274,0.7101449275362319
2025-05-20 23:00:00,Other,1,0.4476752727645559,0.5365853658536585
2025-05-20 23:15:00,Other,0,0.7284681277200868,0.6214689265536721
2025-05-20 23:30:00,Other,1,0.9016442426257514,0.8
2025-05-21 00:00:00,Other,1,0.948404360431168,0.8333333333333334
2025-05-21 00:30:00,Other,0,0.681299656985284,0.6041666666666666
2025-05-21 07:45:00,London,1,0.7029663828526503,0.6214689265536721
2025-05-21 08:00:00,London,1,0.9085545870469072,0.8
2025-05-21 08:15:00,London,1,0.6370728333011705,0.5554711246200612
2025-05-21 08:30:00,London,1,0.6370728333011705,0.5554711246200612
2025-05-21 09:00:00,London,1,0.6716035657939922,0.5573770491803278
2025-05-21 09:15:00,London,1,0.6908403643067398,0.6214689265536721
2025-05-21 09:30:00,London,1,0.6754511905618321,0.5573770491803278
2025-05-21 09:45:00,London,1,0.6908403643067398,0.6214689265536721
2025-05-21 10:15:00,London,1,0.8261133817081813,0.7101449275362319
2025-05-21 10:30:00,London,1,0.9212388739656586,0.8
2025-05-21 11:00:00,London,1,0.7802825878382422,0.6214689265536721
2025-05-21 11:15:00,London,0,0.7527194091423876,0.6214689265536721
2025-05-21 15:30:00,London,1,0.759113868180103,0.6214689265536721
2025-05-21 16:15:00,London,0,0.7361343054882921,0.6214689265536721
2025-05-21 16:45:00,London,1,0.803566374617947,0.7090909090909091
2025-05-21 17:00:00,NY,1,0.7318509167791563,0.6214689265536721
2025-05-21 17:45:00,NY,0,0.7641206264359844,0.6214689265536721
2025-05-21 18:15:00,NY,1,0.7091018591247283,0.6214689265536721
2025-05-21 18:30:00,NY,0,0.7431387552954303,0.6214689265536721
2025-05-21 18:45:00,NY,1,0.7160695322225793,0.6214689265536721
2025-05-21 20:30:00,NY,1,0.7387340469891398,0.6214689265536721
2025-05-21 20:45:00,NY,1,0.6942340917228331,0.6214689265536721
2025-05-21 22:15:00,Other,0,0.8287393098089771,0.7101449275362319
2025-05-21 22:45:00,Other,1,0.7705161160201425,0.6214689265536721
2025-05-21 23:15:00,Other,0,0.7385194986493411,0.6214689265536721
2025-05-21 23:45:00,Other,1,0.8205617938976161,0.7101449275362319
2025-05-22 00:00:00,Other,0,0.7111548829754385,0.6214689265536721
2025-05-22 00:30:00,Other,1,0.6415478638391264,0.5554711246200612
2025-05-22 01:00:00,Other,1,0.7434904053037268,0.6214689265536721
2025-05-22 01:15:00,Other,1,0.7281822570526875,0.6214689265536721
2025-05-22 01:30:00,Other,0,0.7105740492775772,0.6214689265536721
2025-05-22 02:00:00,Other,0,0.752937805720813,0.6214689265536721
2025-05-22 02:15:00,Other,1,0.675551424959055,0.5573770491803278
2025-05-22 02:45:00,Other,0,0.7632903645984028,0.6214689265536721
2025-05-22 04:30:00,Other,1,0.5675692382474534,0.5554711246200612
2025-05-22 04:45:00,Other,0,0.6303018913181265,0.5554711246200612
2025-05-22 05:00:00,Other,1,0.6739288170546947,0.5573770491803278
2025-05-22 05:30:00,Other,0,0.317362353069154,0.49413298565840924
2025-05-22 06:00:00,Other,0,0.6112817441497157,0.5554711246200612
2025-05-22 06:15:00,Other,1,0.6791044966628009,0.5573770491803278
2025-05-22 06:30:00,Other,1,0.6791905197537368,0.5573770491803278
2025-05-22 06:45:00,Other,1,0.6854323173307182,0.6111111111111112
2025-05-22 07:00:00,London,1,0.7272355766793668,0.6214689265536721
2025-05-22 07:15:00,London,0,0.7213046211601863,0.6214689265536721
2025-05-22 07:45:00,London,0,0.5499273912578231,0.5554711246200612
2025-05-22 08:15:00,London,0,0.7596849999789264,0.6214689265536721
2025-05-22 08:30:00,London,0,0.7596849999789264,0.6214689265536721
2025-05-22 08:45:00,London,0,0.7596849999789264,0.6214689265536721
2025-05-22 09:15:00,London,0,0.7128672398585151,0.6214689265536721
2025-05-22 10:45:00,London,1,0.7669933026546442,0.6214689265536721
2025-05-22 13:30:00,London,0,0.6044017613260206,0.5554711246200612
2025-05-22 13:45:00,London,1,0.7792136659971761,0.6214689265536721
2025-05-23 08:15:00,London,1,0.6981396839725266,0.6214689265536721
2025-05-23 09:30:00,London,0,0.7108189047521448,0.6214689265536721
2025-05-23 10:00:00,London,1,0.7831047005753046,0.6214689265536721
2025-05-23 10:30:00,London,0,0.6521618122255987,0.5554711246200612
2025-05-23 11:00:00,London,1,0.6521618122255987,0.5554711246200612
2025-05-23 11:45:00,London,1,0.8155861690804522,0.7101449275362319
2025-05-23 12:15:00,London,0,0.7016617990327181,0.6214689265536721
2025-05-23 14:00:00,London,1,0.9162753891131468,0.8
2025-05-23 15:45:00,London,1,0.7310882250386205,0.6214689265536721
2025-05-23 16:00:00,London,0,0.713383089796257,0.6214689265536721
2025-05-23 17:00:00,NY,1,0.6673650826795534,0.5554711246200612
2025-05-23 17:45:00,NY,1,0.7072672125852301,0.6214689265536721
2025-05-23 18:15:00,NY,0,0.587243030472712,0.5554711246200612
2025-05-23 18:45:00,NY,1,0.6658726724448276,0.5554711246200612
2025-05-23 19:00:00,NY,0,0.6794221145527021,0.5573770491803278
2025-05-23 19:30:00,NY,0,0.6877422496283893,0.6214689265536721
2025-05-23 20:15:00,NY,0,0.6819565265881755,0.6041666666666666
2025-05-23 20:30:00,NY,0,0.666699158587511,0.5554711246200612
2025-05-26 14:30:00,London,0,0.7235639956446218,0.6214689265536721
2025-05-26 14:45:00,London,1,0.7235639956446218,0.6214689265536721
2025-05-26 15:00:00,London,1,0.6695123138369813,0.5554711246200612
2025-05-26 15:45:00,London,1,0.5816751612200396,0.5554711246200612
2025-05-26 16:15:00,London,1,0.6354393786449695,0.5554711246200612
2025-05-26 16:45:00,London,0,0.5183364482385503,0.5365853658536585
2025-05-26 17:15:00,NY,1,0.3953347068258687,0.49413298565840924
2025-05-26 17:30:00,NY,1,0.377095910075896,0.49413298565840924
2025-05-26 17:45:00,NY,1,0.2568634808059784,0.4583333333333333
2025-05-26 22:00:00,Other,1,0.6721539153462078,0.5573770491803278
2025-05-26 23:00:00,Other,0,0.5645806163739744,0.5554711246200612
2025-05-26 23:45:00,Other,1,0.6497673852031653,0.5554711246200612
2025-05-27 00:00:00,Other,0,0.3509006844381776,0.49413298565840924
2025-05-27 00:30:00,Other,0,0.3020750685220568,0.49413298565840924
2025-05-27 00:45:00,Other,0,0.5282787225741234,0.5365853658536585
2025-05-27 01:15:00,Other,1,0.6006756900328388,0.5554711246200612
2025-05-27 01:30:00,Other,1,0.6071969145013484,0.5554711246200612
2025-05-27 02:30:00,Other,0,0.5042716919389145,0.5365853658536585
2025-05-27 04:30:00,Other,0,0.6463832380270699,0.5554711246200612
2025-05-27 04:45:00,Other,1,0.6219816154178137,0.5554711246200612
2025-05-27 05:00:00,Other,0,0.6219312602572739,0.5554711246200612
2025-05-27 05:30:00,Other,1,0.6533271136276199,0.5554711246200612
2025-05-27 05:45:00,Other,1,0.4217490177449322,0.49413298565840924
2025-05-27 06:00:00,Other,0,0.4364163448216546,0.5365853658536585
2025-05-27 06:30:00,Other,0,0.6935113452108078,0.6214689265536721
2025-05-27 06:45:00,Other,1,0.6935113452108078,0.6214689265536721
2025-05-27 07:00:00,London,1,0.5377328138471524,0.5365853658536585
2025-05-27 07:15:00,London,1,0.7556769155641077,0.6214689265536721
2025-05-27 18:30:00,NY,1,0.6043352474282693,0.5554711246200612
2025-05-27 18:45:00,NY,1,0.6502796558066892,0.5554711246200612
2025-05-27 19:00:00,NY,1,0.4449626989481358,0.5365853658536585
2025-05-27 19:15:00,NY,0,0.4304590221084288,0.49413298565840924
2025-05-27 20:00:00,NY,1,0.4519652877513657,0.5365853658536585
2025-05-27 20:30:00,NY,0,0.44477496889504,0.5365853658536585
2025-05-27 20:45:00,NY,1,0.4559203436017019,0.5365853658536585
2025-05-27 22:00:00,Other,1,0.5399221502735437,0.5365853658536585
2025-05-27 22:15:00,Other,0,0.5259015575280792,0.5365853658536585
2025-05-27 22:45:00,Other,1,0.54290409382549,0.5365853658536585
2025-05-28 00:45:00,Other,0,0.7138822308829613,0.6214689265536721
2025-05-28 01:30:00,Other,1,0.6698435308673714,0.5554711246200612
2025-05-28 02:30:00,Other,0,0.4475408973685978,0.5365853658536585
2025-05-28 02:45:00,Other,0,0.7659456179500754,0.6214689265536721
2025-05-28 09:15:00,London,0,0.7216220059644778,0.6214689265536721
2025-05-28 09:30:00,London,1,0.7273841808814345,0.6214689265536721
2025-05-28 10:00:00,London,1,0.685025072934464,0.6111111111111112
2025-05-28 10:15:00,London,0,0.6479549048237825,0.5554711246200612
2025-05-28 10:30:00,London,0,0.663555994310807,0.5554711246200612
2025-05-29 04:30:00,Other,0,0.2395302109220065,0.4166666666666667
2025-05-29 05:15:00,Other,0,0.485633326193824,0.5365853658536585
2025-05-29 05:30:00,Other,1,0.7181071834559307,0.6214689265536721
2025-05-29 05:45:00,Other,0,0.575328952938492,0.5554711246200612
2025-05-29 06:45:00,Other,1,0.397951770145266,0.49413298565840924
2025-05-29 07:00:00,London,1,0.6841113974608171,0.6041666666666666
2025-05-29 07:15:00,London,0,0.6809363564345094,0.6041666666666666
2025-05-29 07:30:00,London,1,0.6841113974608171,0.6041666666666666
2025-05-29 09:00:00,London,0,0.2578182270661787,0.4583333333333333
2025-05-29 09:15:00,London,1,0.6898570833921971,0.6214689265536721
2025-05-29 09:30:00,London,0,0.6065723232313115,0.5554711246200612
2025-05-29 09:45:00,London,1,0.435779048131761,0.5365853658536585
2025-05-29 10:00:00,London,1,0.7615874743651215,0.6214689265536721
2025-05-29 10:15:00,London,1,0.7596267068727717,0.6214689265536721
2025-05-29 10:30:00,London,1,0.8179426568425916,0.7101449275362319
2025-05-29 11:00:00,London,1,0.8192521583901511,0.7101449275362319
2025-05-29 11:15:00,London,1,0.8000161640320006,0.7090909090909091
2025-05-29 11:30:00,London,1,0.7612332195863829,0.6214689265536721
2025-05-29 11:45:00,London,1,0.6056565112831466,0.5554711246200612
2025-05-29 12:15:00,London,1,0.8063096160464597,0.7090909090909091
2025-05-29 12:30:00,London,1,0.8063096160464597,0.7090909090909091
2025-05-29 14:15:00,London,1,0.7612155123021493,0.6214689265536721
2025-05-29 14:30:00,London,1,0.9188755353631824,0.8
2025-05-29 14:45:00,London,1,0.7184349248296227,0.6214689265536721
2025-05-29 15:15:00,London,1,0.6943004655281041,0.6214689265536721
2025-05-29 15:45:00,London,1,0.7581524282982564,0.6214689265536721
2025-05-29 16:00:00,London,0,0.8121856304800702,0.7090909090909091
2025-05-29 16:30:00,London,0,0.6997266480947758,0.6214689265536721
2025-05-29 16:45:00,London,1,0.3159922265526896,0.49413298565840924
2025-05-29 17:00:00,NY,1,0.6216902782115008,0.5554711246200612
2025-05-29 17:30:00,NY,1,0.816539354651569,0.7101449275362319
2025-05-29 17:45:00,NY,0,0.6589728343760428,0.5554711246200612
2025-05-29 18:45:00,NY,0,0.6076729522314412,0.5554711246200612
2025-05-29 19:00:00,NY,0,0.4142217497365889,0.49413298565840924
2025-05-29 19:45:00,NY,1,0.7480265324818486,0.6214689265536721
2025-05-29 20:30:00,NY,1,0.794263184991547,0.6214689265536721
2025-05-29 20:45:00,NY,0,0.6403615261784066,0.5554711246200612
2025-05-29 22:15:00,Other,0,0.555522823554403,0.5554711246200612
2025-05-29 22:30:00,Other,1,0.648477888816969,0.5554711246200612
2025-05-29 22:45:00,Other,1,0.5758710012706789,0.5554711246200612
2025-05-29 23:15:00,Other,0,0.576001984769753,0.5554711246200612
2025-05-29 23:45:00,Other,0,0.576001984769753,0.5554711246200612
2025-05-30 00:15:00,Other,0,0.6150601765410307,0.5554711246200612
2025-05-30 00:30:00,Other,1,0.6711004717335779,0.5573770491803278
2025-05-30 01:00:00,Other,0,0.9485992413923634,0.8333333333333334
2025-05-30 01:45:00,Other,1,0.6974997794221208,0.6214689265536721
2025-05-30 02:00:00,Other,0,0.7705448515362372,0.6214689265536721
2025-05-30 02:15:00,Other,1,0.7009026005202026,0.6214689265536721
2025-05-30 02:30:00,Other,0,0.6887908304966731,0.6214689265536721
2025-05-30 02:45:00,Other,1,0.7243643665383525,0.6214689265536721
2025-05-30 03:30:00,Other,1,0.5791712227209829,0.5554711246200612
2025-05-30 13:45:00,London,1,0.7758146551417521,0.6214689265536721
2025-05-30 17:00:00,NY,0,0.4830651348368966,0.5365853658536585
2025-05-30 17:15:00,NY,1,0.5409802470009326,0.5365853658536585
2025-05-30 17:45:00,NY,1,0.4951376770002869,0.5365853658536585
2025-05-30 18:15:00,NY,0,0.469474453120366,0.5365853658536585
2025-05-30 18:45:00,NY,1,0.5071361923114728,0.5365853658536585
2025-05-30 19:00:00,NY,0,0.590415570870994,0.5554711246200612
2025-05-30 19:15:00,NY,0,0.528755977806635,0.5365853658536585
2025-05-30 20:30:00,NY,1,0.4638230465084428,0.5365853658536585
2025-06-01 22:00:00,Other,0,0.7196000414827126,0.6214689265536721
2025-06-01 22:30:00,Other,1,0.8104415202393314,0.7090909090909091
2025-06-01 22:45:00,Other,0,0.8466880329110066,0.7101449275362319
2025-06-02 00:30:00,Other,1,0.7343593753547474,0.6214689265536721
2025-06-02 01:00:00,Other,1,0.6071818575736682,0.5554711246200612
2025-06-02 01:15:00,Other,0,0.4317447392095044,0.49413298565840924
2025-06-02 07:45:00,London,1,0.5700358525739919,0.5554711246200612
2025-06-02 08:15:00,London,1,0.5891403079540459,0.5554711246200612
2025-06-02 08:45:00,London,0,0.582054847221085,0.5554711246200612
2025-06-02 09:15:00,London,0,0.5897493622943962,0.5554711246200612
2025-06-02 09:30:00,London,1,0.8579591470644086,0.7101449275362319
2025-06-02 10:00:00,London,1,0.646553738191384,0.5554711246200612
2025-06-02 10:45:00,London,1,0.8596189455368562,0.7101449275362319
2025-06-02 11:00:00,London,1,0.5487109711176564,0.5554711246200612
2025-06-02 11:30:00,London,1,0.7795304740525454,0.6214689265536721
2025-06-02 12:15:00,London,1,0.7855180475372665,0.6214689265536721
2025-06-02 12:45:00,London,1,0.707015374271222,0.6214689265536721
2025-06-02 13:15:00,London,1,0.6701339493651168,0.5554711246200612
2025-06-02 14:00:00,London,1,0.8456043936804857,0.7101449275362319
2025-06-02 14:30:00,London,0,0.8486579196221716,0.7101449275362319
2025-06-02 15:15:00,London,1,0.868057854802281,0.7352941176470589
2025-06-02 16:30:00,London,1,0.7080055560721202,0.6214689265536721
2025-06-03 00:00:00,Other,0,0.3260346555674976,0.49413298565840924
2025-06-03 01:00:00,Other,1,0.6589054038758246,0.5554711246200612
2025-06-03 20:00:00,NY,1,0.4248888231819355,0.49413298565840924
2025-06-03 20:30:00,NY,1,0.4787775899565145,0.5365853658536585
2025-06-03 22:15:00,Other,1,0.5067880538645309,0.5365853658536585
2025-06-03 22:30:00,Other,1,0.4631825765358659,0.5365853658536585
2025-06-04 00:00:00,Other,1,0.3566700403541651,0.49413298565840924
2025-06-04 00:15:00,Other,0,0.3474823617089668,0.49413298565840924
2025-06-04 00:45:00,Other,1,0.6007817020509397,0.5554711246200612
2025-06-04 03:15:00,Other,0,0.5743056454518879,0.5554711246200612
2025-06-04 03:30:00,Other,0,0.6510992831022183,0.5554711246200612
2025-06-04 04:00:00,Other,1,0.609788435411066,0.5554711246200612
2025-06-04 04:15:00,Other,0,0.6586924685564182,0.5554711246200612
2025-06-04 04:30:00,Other,0,0.3829163115669579,0.49413298565840924
2025-06-04 04:45:00,Other,1,0.5545704831778872,0.5554711246200612
2025-06-04 05:00:00,Other,0,0.5545704831778872,0.5554711246200612
2025-06-04 05:45:00,Other,1,0.6499080678022323,0.5554711246200612
2025-06-04 06:45:00,Other,1,0.4458152244312434,0.5365853658536585
2025-06-04 07:00:00,London,0,0.9529357199348168,0.8333333333333334
2025-06-04 08:00:00,London,1,0.888993358821639,0.7352941176470589
2025-06-04 08:30:00,London,1,0.6806076697210345,0.5573770491803278
2025-06-04 08:45:00,London,1,0.8102562014819517,0.7090909090909091
2025-06-04 09:00:00,London,1,0.7156935123440401,0.6214689265536721
2025-06-04 09:30:00,London,1,0.7012985431917877,0.6214689265536721
2025-06-04 09:45:00,London,0,0.7012985431917877,0.6214689265536721
2025-06-04 10:00:00,London,0,0.4594242729170796,0.5365853658536585
2025-06-04 10:45:00,London,1,0.7945964815773211,0.6214689265536721
2025-06-04 15:15:00,London,0,0.7798319895172768,0.6214689265536721
2025-06-04 16:00:00,London,1,0.765512509210004,0.6214689265536721
2025-06-04 16:15:00,London,1,0.7772526393311375,0.6214689265536721
2025-06-04 17:15:00,NY,1,0.6823478983618895,0.6041666666666666
2025-06-04 17:45:00,NY,1,0.7064091720452988,0.6214689265536721
2025-06-04 18:15:00,NY,0,0.73195913566966,0.6214689265536721
2025-06-04 19:30:00,NY,1,0.8154868066589861,0.7101449275362319
2025-06-04 20:45:00,NY,1,0.5744564915838635,0.5554711246200612
2025-06-04 22:15:00,Other,0,0.7186621648293267,0.6214689265536721
2025-06-04 22:30:00,Other,0,0.6397210792240846,0.5554711246200612
2025-06-04 23:00:00,Other,1,0.6879003945727016,0.6214689265536721
2025-06-04 23:15:00,Other,0,0.7298464609348646,0.6214689265536721
2025-06-04 23:30:00,Other,1,0.6539245040645406,0.5554711246200612
2025-06-04 23:45:00,Other,0,0.6539245040645406,0.5554711246200612
2025-06-05 00:00:00,Other,1,0.3465377423559181,0.49413298565840924
2025-06-05 00:15:00,Other,0,0.6530366868359214,0.5554711246200612
2025-06-05 00:30:00,Other,1,0.7370352942775252,0.6214689265536721
2025-06-05 00:45:00,Other,0,0.6243284024520839,0.5554711246200612
2025-06-05 01:30:00,Other,1,0.7434904053037268,0.6214689265536721
2025-06-05 02:00:00,Other,0,0.7799353249592778,0.6214689265536721
2025-06-05 11:30:00,London,0,0.7220879244392459,0.6214689265536721
2025-06-05 13:30:00,London,0,0.8161981414085105,0.7101449275362319
2025-06-05 13:45:00,London,1,0.4217810930196841,0.49413298565840924
2025-06-05 14:30:00,London,0,0.7434783706454594,0.6214689265536721
2025-06-05 14:45:00,London,0,0.8362344853770355,0.7101449275362319
2025-06-05 15:15:00,London,1,0.7717196173150682,0.6214689265536721
2025-06-05 15:30:00,London,1,0.7350706314299507,0.6214689265536721
2025-06-05 19:45:00,NY,0,0.4632347628135662,0.5365853658536585
2025-06-05 20:00:00,NY,0,0.5839548328976427,0.5554711246200612
2025-06-05 20:30:00,NY,1,0.5649758510885355,0.5554711246200612
2025-06-05 22:00:00,Other,1,0.8697988753659632,0.7352941176470589
2025-06-05 22:30:00,Other,1,0.6942386183663932,0.6214689265536721
2025-06-05 23:15:00,Other,0,0.6565397757390028,0.5554711246200612
2025-06-05 23:30:00,Other,1,0.6330317840791442,0.5554711246200612
2025-06-06 00:15:00,Other,1,0.6171486903956644,0.5554711246200612
2025-06-06 00:30:00,Other,0,0.6465584794536503,0.5554711246200612
2025-06-06 00:45:00,Other,1,0.6465584794536503,0.5554711246200612
2025-06-06 01:45:00,Other,1,0.5808877862457275,0.5554711246200612
2025-06-06 02:15:00,Other,0,0.5724581927679584,0.5554711246200612
2025-06-06 03:00:00,Other,1,0.7841776578816906,0.6214689265536721
2025-06-06 03:30:00,Other,1,0.6044945937495823,0.5554711246200612
2025-06-06 03:45:00,Other,1,0.6044945937495823,0.5554711246200612
2025-06-06 04:15:00,Other,1,0.6068190979852844,0.5554711246200612
2025-06-06 05:15:00,Other,0,0.2987525729311543,0.49413298565840924
2025-06-06 06:30:00,Other,1,0.6519914959341055,0.5554711246200612
2025-06-06 06:45:00,Other,1,0.6519914959341055,0.5554711246200612
2025-06-06 07:00:00,London,0,0.5652587945571085,0.5554711246200612
2025-06-06 07:30:00,London,1,0.6123551844667837,0.5554711246200612
2025-06-09 07:30:00,London,0,0.6629224920957236,0.5554711246200612
2025-06-09 08:00:00,London,1,0.4448343486090012,0.5365853658536585
2025-06-09 08:30:00,London,0,0.6775113429657045,0.5573770491803278
2025-06-09 09:15:00,London,0,0.5918314947950337,0.5554711246200612
2025-06-09 10:15:00,London,0,0.6324030360511945,0.5554711246200612
2025-06-09 11:00:00,London,1,0.6640502345113822,0.5554711246200612
2025-06-09 11:45:00,London,1,0.2106111356679558,0.4098360655737705
2025-06-09 12:00:00,London,1,0.6933913775801869,0.6214689265536721
2025-06-09 12:15:00,London,1,0.920989304664308,0.8
2025-06-09 17:15:00,NY,1,0.6801334159939079,0.5573770491803278
2025-06-09 17:30:00,NY,0,0.6566262901106793,0.5554711246200612
2025-06-09 17:45:00,NY,1,0.698328883773905,0.6214689265536721
2025-06-09 18:00:00,NY,0,0.6806810013337079,0.5573770491803278
2025-06-09 19:00:00,NY,0,0.5235092813305124,0.5365853658536585
2025-06-09 22:00:00,Other,1,0.6459403927019316,0.5554711246200612
2025-06-09 22:30:00,Other,1,0.5434721693493952,0.5365853658536585
2025-06-09 23:00:00,Other,1,0.5591208400746783,0.5554711246200612
2025-06-09 23:15:00,Other,0,0.5434721693493952,0.5365853658536585
2025-06-09 23:30:00,Other,0,0.5591208400746783,0.5554711246200612
2025-06-10 00:15:00,Other,1,0.5694280816427342,0.5554711246200612
2025-06-10 00:30:00,Other,0,0.542988974366422,0.5365853658536585
2025-06-10 01:15:00,Other,1,0.616575673314476,0.5554711246200612
2025-06-10 01:30:00,Other,1,0.616575673314476,0.5554711246200612
2025-06-10 02:00:00,Other,1,0.5737914792760774,0.5554711246200612
2025-06-10 09:00:00,London,1,0.5827093258132694,0.5554711246200612
2025-06-10 09:15:00,London,1,0.5651422510963161,0.5554711246200612
2025-06-10 10:45:00,London,1,0.6479196658104461,0.5554711246200612
2025-06-10 11:00:00,London,1,0.7147782291655547,0.6214689265536721
2025-06-10 11:15:00,London,0,0.7265192711666367,0.6214689265536721
2025-06-10 12:30:00,London,1,0.7806206473151057,0.6214689265536721
2025-06-10 12:45:00,London,1,0.6157966108233631,0.5554711246200612
2025-06-10 13:15:00,London,0,0.8419165580716053,0.7101449275362319
2025-06-10 14:30:00,London,1,0.833682564388377,0.7101449275362319
2025-06-10 14:45:00,London,0,0.833682564388377,0.7101449275362319
2025-06-10 15:00:00,London,0,0.837155187389431,0.7101449275362319
2025-06-10 16:15:00,London,1,0.6744697636693607,0.5573770491803278
2025-06-10 16:30:00,London,1,0.6744697636693607,0.5573770491803278
2025-06-10 19:45:00,NY,0,0.630857025293124,0.5554711246200612
2025-06-10 20:45:00,NY,1,0.6312322755952355,0.5554711246200612
2025-06-10 23:00:00,Other,1,0.6414696797761722,0.5554711246200612
2025-06-11 01:30:00,Other,0,0.7070642600876338,0.6214689265536721
2025-06-11 02:00:00,Other,1,0.7478791082195552,0.6214689265536721
2025-06-11 02:30:00,Other,1,0.6996040770782108,0.6214689265536721
2025-06-11 02:45:00,Other,1,0.7084562850908255,0.6214689265536721
2025-06-11 03:30:00,Other,0,0.6347607242013104,0.5554711246200612
2025-06-11 03:45:00,Other,1,0.6677912801757041,0.5554711246200612
2025-06-11 04:15:00,Other,0,0.6503453549142801,0.5554711246200612
2025-06-11 04:30:00,Other,1,0.6575258673444845,0.5554711246200612
2025-06-11 04:45:00,Other,0,0.6572729045521329,0.5554711246200612
2025-06-11 05:30:00,Other,0,0.7237132749372089,0.6214689265536721
2025-06-11 06:15:00,Other,1,0.855905491477769,0.7101449275362319
2025-06-11 06:45:00,Other,1,0.6460171575940841,0.5554711246200612
2025-06-11 08:00:00,London,0,0.7317464653201704,0.6214689265536721
2025-06-11 09:30:00,London,1,0.7848158036373137,0.6214689265536721
2025-06-11 09:45:00,London,0,0.7848158036373137,0.6214689265536721
2025-06-11 10:45:00,London,1,0.7633644622784402,0.6214689265536721
2025-06-11 14:00:00,London,1,0.7531994663953046,0.6214689265536721
2025-06-11 14:15:00,London,1,0.7902911222926602,0.6214689265536721
2025-06-11 15:15:00,London,0,0.8337839888355146,0.7101449275362319
2025-06-11 16:00:00,London,1,0.7945741091190871,0.6214689265536721
2025-06-11 16:15:00,London,0,0.6516158274963931,0.5554711246200612
2025-06-11 17:15:00,NY,1,0.7640485522989044,0.6214689265536721
2025-06-11 23:45:00,Other,1,0.9225371468085252,0.8
2025-06-12 00:00:00,Other,1,0.5477714598917637,0.5365853658536585
2025-06-12 00:15:00,Other,1,0.6271032391816134,0.5554711246200612
2025-06-12 00:30:00,Other,1,0.5319487618284918,0.5365853658536585
2025-06-12 00:45:00,Other,1,0.5678791415018261,0.5554711246200612
2025-06-12 01:00:00,Other,1,0.9508681288078888,0.8333333333333334
2025-06-12 02:00:00,Other,1,0.71935484314696,0.6214689265536721
2025-06-12 02:15:00,Other,1,0.684192214036679,0.6041666666666666
2025-06-12 02:45:00,Other,1,0.684192214036679,0.6041666666666666
2025-06-12 03:00:00,Other,0,0.6673797380865893,0.5554711246200612
2025-06-12 03:45:00,Other,0,0.6689847991427864,0.5554711246200612
2025-06-12 04:30:00,Other,0,0.6539623819534671,0.5554711246200612
2025-06-12 04:45:00,Other,1,0.6842927392272529,0.6041666666666666
2025-06-12 05:00:00,Other,1,0.6912753666586375,0.6214689265536721
2025-06-12 05:15:00,Other,0,0.646078898791529,0.5554711246200612
2025-06-12 06:00:00,Other,1,0.3960593111492526,0.49413298565840924
2025-06-12 11:15:00,London,1,0.7202573584495902,0.6214689265536721
2025-06-12 11:30:00,London,1,0.9079826683869668,0.8
2025-06-12 12:00:00,London,1,0.7077842388298997,0.6214689265536721
2025-06-12 12:30:00,London,0,0.8177014964164578,0.7101449275362319
2025-06-12 13:15:00,London,1,0.6918315012428204,0.6214689265536721
2025-06-12 13:30:00,London,0,0.7963316357725614,0.6214689265536721
2025-06-12 14:30:00,London,1,0.6830837162648509,0.6041666666666666
2025-06-12 15:15:00,London,1,0.9189533756633064,0.8
2025-06-12 15:30:00,London,0,0.6943004655281041,0.6214689265536721
2025-06-12 17:00:00,NY,1,0.7083111980771999,0.6214689265536721
2025-06-12 18:30:00,NY,1,0.6021759131918539,0.5554711246200612
2025-06-12 19:00:00,NY,1,0.7006533981080791,0.6214689265536721
2025-06-12 19:30:00,NY,0,0.6839641438080274,0.6041666666666666
2025-06-12 22:00:00,Other,1,0.5593502747136594,0.5554711246200612
2025-06-12 22:45:00,Other,1,0.7079784102988285,0.6214689265536721
2025-06-12 23:00:00,Other,1,0.5384041268037967,0.5365853658536585
2025-06-12 23:45:00,Other,1,0.5571596832932671,0.5554711246200612
2025-06-13 00:00:00,Other,1,0.4871739095875504,0.5365853658536585
2025-06-13 00:15:00,Other,1,0.6984480491391724,0.6214689265536721
2025-06-13 01:00:00,Other,1,0.733359770571928,0.6214689265536721
2025-06-13 01:15:00,Other,1,0.733359770571928,0.6214689265536721
2025-06-13 01:30:00,Other,1,0.733359770571928,0.6214689265536721
2025-06-13 01:45:00,Other,1,0.6192801622692071,0.5554711246200612
2025-06-13 02:00:00,Other,1,0.7547134920014564,0.6214689265536721
2025-06-13 02:30:00,Other,1,0.7547134920014564,0.6214689265536721
2025-06-13 02:45:00,Other,0,0.6940653752012631,0.6214689265536721
2025-06-13 05:30:00,Other,1,0.7370234004528615,0.6214689265536721
2025-06-13 06:00:00,Other,0,0.5885188170876944,0.5554711246200612
2025-06-13 14:45:00,London,0,0.7395489317902519,0.6214689265536721
2025-06-13 16:15:00,London,1,0.8673712968335593,0.7277583214618597
2025-06-13 16:45:00,London,1,0.6117545172459328,0.5554711246200612
2025-06-13 17:00:00,NY,1,0.564409424396726,0.5554711246200612
2025-06-13 17:15:00,NY,1,0.6646129346291094,0.5554711246200612
2025-06-13 18:15:00,NY,1,0.6647985877263176,0.5554711246200612
2025-06-13 18:30:00,NY,1,0.7782570671605635,0.6214689265536721
2025-06-13 18:45:00,NY,1,0.8282288951057645,0.7101449275362319
2025-06-13 19:15:00,NY,0,0.6349755770096275,0.5554711246200612
2025-06-13 20:00:00,NY,1,0.7341529102935387,0.6214689265536721
2025-06-13 20:15:00,NY,1,0.6998383966246728,0.6214689265536721
2025-06-13 20:30:00,NY,1,0.7046158929449997,0.6214689265536721
2025-06-15 22:15:00,Other,1,0.8676751930760168,0.7322829692698684
2025-06-15 22:45:00,Other,1,0.8676751930760168,0.7322829692698684
2025-06-15 23:00:00,Other,1,0.8415759457906014,0.7101449275362319
2025-06-15 23:30:00,Other,0,0.6483811393769023,0.5554711246200612
2025-06-16 00:00:00,Other,1,0.3878835066242788,0.49413298565840924
2025-06-16 00:30:00,Other,0,0.3102180111113636,0.49413298565840924
2025-06-16 01:00:00,Other,1,0.7635043579670525,0.6214689265536721
2025-06-16 01:15:00,Other,1,0.5037159001746104,0.5365853658536585
2025-06-16 02:00:00,Other,1,0.767172174817853,0.6214689265536721
2025-06-16 02:15:00,Other,1,0.5014500136638949,0.5365853658536585
2025-06-16 02:30:00,Other,0,0.4771709638619025,0.5365853658536585
2025-06-16 02:45:00,Other,1,0.3013207038812659,0.49413298565840924
2025-06-16 03:00:00,Other,0,0.6632124061276459,0.5554711246200612
2025-06-16 03:15:00,Other,0,0.6632124061276459,0.5554711246200612
2025-06-16 03:30:00,Other,0,0.6504871228949147,0.5554711246200612
2025-06-16 03:45:00,Other,1,0.6504871228949147,0.5554711246200612
2025-06-16 04:00:00,Other,0,0.6625957689502249,0.5554711246200612
2025-06-16 04:45:00,Other,1,0.6255681187173486,0.5554711246200612
2025-06-16 05:00:00,Other,1,0.5135029267453877,0.5365853658536585
2025-06-16 05:30:00,Other,0,0.7147543422560231,0.6214689265536721
2025-06-16 06:15:00,Other,1,0.6987574055472779,0.6214689265536721
2025-06-16 06:30:00,Other,0,0.6120940729541906,0.5554711246200612
2025-06-16 11:30:00,London,0,0.5265220081167714,0.5365853658536585
2025-06-16 11:45:00,London,1,0.8519050419443793,0.7101449275362319
2025-06-16 12:15:00,London,1,0.5425223551422204,0.5365853658536585
2025-06-16 12:30:00,London,1,0.7476440108318433,0.6214689265536721
2025-06-16 12:45:00,London,0,0.6386247278277932,0.5554711246200612
2025-06-16 13:15:00,London,1,0.6345352762799399,0.5554711246200612
2025-06-16 13:30:00,London,0,0.7133683992371308,0.6214689265536721
2025-06-17 11:15:00,London,1,0.6567726509128532,0.5554711246200612
2025-06-17 11:30:00,London,0,0.7751100412987341,0.6214689265536721
2025-06-17 11:45:00,London,0,0.268190439928006,0.4878048780487805
2025-06-17 12:15:00,London,1,0.8818229679441952,0.7352941176470589
2025-06-17 12:30:00,London,1,0.5740046474637762,0.5554711246200612
2025-06-17 13:15:00,London,1,0.6891653569794788,0.6214689265536721
2025-06-17 13:45:00,London,0,0.291142913566319,0.49413298565840924
2025-06-17 14:15:00,London,1,0.7893272939263677,0.6214689265536721
2025-06-17 23:15:00,Other,0,0.8168533708067084,0.7101449275362319
2025-06-17 23:45:00,Other,1,0.7905086370580167,0.6214689265536721
2025-06-18 00:00:00,Other,1,0.6358042957773391,0.5554711246200612
2025-06-18 00:15:00,Other,1,0.654052814167118,0.5554711246200612
2025-06-18 00:30:00,Other,1,0.654052814167118,0.5554711246200612
2025-06-18 01:00:00,Other,0,0.6431058075934941,0.5554711246200612
2025-06-18 02:00:00,Other,0,0.6911329588525238,0.6214689265536721
2025-06-18 02:15:00,Other,1,0.6911329588525238,0.6214689265536721
2025-06-18 06:45:00,Other,1,0.5086529683570412,0.5365853658536585
2025-06-18 08:30:00,London,1,0.5838526573145313,0.5554711246200612
2025-06-18 09:00:00,London,0,0.6589783827796682,0.5554711246200612
2025-06-18 09:30:00,London,0,0.6263046908435469,0.5554711246200612
2025-06-18 18:15:00,NY,0,0.739227745789867,0.6214689265536721
2025-06-18 19:00:00,NY,1,0.824970030169496,0.7101449275362319
2025-06-18 19:15:00,NY,1,0.7692589802277645,0.6214689265536721
2025-06-18 19:45:00,NY,0,0.7656179095497916,0.6214689265536721
2025-06-19 01:15:00,Other,0,0.3855746427141808,0.49413298565840924
2025-06-19 02:00:00,Other,0,0.8046698310818543,0.7090909090909091
2025-06-19 12:30:00,London,1,0.5307232696410793,0.5365853658536585
2025-06-19 13:30:00,London,1,0.9310003949291884,0.8052216834523251
2025-06-19 14:15:00,London,1,0.7283308900604967,0.6214689265536721
2025-06-19 14:45:00,London,1,0.6435591998821244,0.5554711246200612
2025-06-19 15:15:00,London,1,0.558662254069107,0.5554711246200612
2025-06-19 15:30:00,London,1,0.5500995063161314,0.5554711246200612
2025-06-19 16:15:00,London,0,0.6029430549268618,0.5554711246200612
2025-06-19 16:30:00,London,0,0.6029430549268618,0.5554711246200612
2025-06-19 22:15:00,Other,0,0.75220934896087,0.6214689265536721
2025-06-19 22:30:00,Other,1,0.7473640919773591,0.6214689265536721
2025-06-19 22:45:00,Other,0,0.6668762414689977,0.5554711246200612
2025-06-19 23:00:00,Other,1,0.510052430716343,0.5365853658536585
2025-06-20 00:00:00,Other,0,0.4488629878201612,0.5365853658536585
2025-06-20 00:15:00,Other,1,0.5637326630254335,0.5554711246200612
2025-06-20 01:00:00,Other,1,0.6689469494917003,0.5554711246200612
2025-06-20 01:15:00,Other,1,0.6689469494917003,0.5554711246200612
2025-06-20 01:45:00,Other,1,0.5932454105924936,0.5554711246200612
2025-06-20 02:00:00,Other,1,0.668553727555421,0.5554711246200612
2025-06-20 02:15:00,Other,0,0.6007241760102867,0.5554711246200612
2025-06-20 02:30:00,Other,0,0.712300051718304,0.6214689265536721
2025-06-20 02:45:00,Other,1,0.7341978871146618,0.6214689265536721
2025-06-20 10:00:00,London,0,0.5815539810022046,0.5554711246200612
2025-06-20 11:00:00,London,0,0.6503139345319288,0.5554711246200612
2025-06-20 12:00:00,London,0,0.6407531501054741,0.5554711246200612
2025-06-20 12:45:00,London,1,0.6204318088326973,0.5554711246200612
2025-06-20 13:00:00,London,1,0.9204955489090274,0.8
2025-06-20 13:15:00,London,1,0.740332789987642,0.6214689265536721
2025-06-20 13:30:00,London,1,0.7748439718014425,0.6214689265536721
2025-06-20 13:45:00,London,0,0.7748439718014425,0.6214689265536721
2025-06-20 14:15:00,London,1,0.7225559499742954,0.6214689265536721
2025-06-20 14:30:00,London,1,0.6479178881805523,0.5554711246200612
2025-06-20 14:45:00,London,1,0.7008952357467996,0.6214689265536721
2025-06-20 15:00:00,London,1,0.6886805295532868,0.6214689265536721
2025-06-20 15:15:00,London,1,0.6124641527066272,0.5554711246200612
2025-06-20 15:45:00,London,1,0.7098815401265957,0.6214689265536721
2025-06-20 16:45:00,London,0,0.6451642895811547,0.5554711246200612
2025-06-20 17:00:00,NY,0,0.587243030472712,0.5554711246200612
2025-06-20 17:15:00,NY,0,0.5905834420815783,0.5554711246200612
2025-06-20 17:30:00,NY,1,0.6369957887648547,0.5554711246200612
2025-06-20 19:15:00,NY,0,0.4752529789700643,0.5365853658536585
2025-06-20 19:30:00,NY,1,0.4673777090541978,0.5365853658536585
2025-06-20 20:15:00,NY,1,0.502364631210747,0.5365853658536585
2025-06-22 22:15:00,Other,1,0.778213751869899,0.6214689265536721
2025-06-22 23:30:00,Other,0,0.7842255767568187,0.6214689265536721
2025-06-22 23:45:00,Other,0,0.3557099440138461,0.49413298565840924
2025-06-23 00:00:00,Other,0,0.6256230812050677,0.5554711246200612
2025-06-23 00:15:00,Other,1,0.6387508892592926,0.5554711246200612
2025-06-23 00:30:00,Other,1,0.3921917263166167,0.49413298565840924
2025-06-23 01:00:00,Other,0,0.391852077873857,0.49413298565840924
2025-06-23 09:30:00,London,1,0.7184568892042612,0.6214689265536721
2025-06-23 09:45:00,London,1,0.6311536475802408,0.5554711246200612
2025-06-23 10:00:00,London,1,0.6458220188461788,0.5554711246200612
2025-06-23 10:15:00,London,1,0.659119703361599,0.5554711246200612
2025-06-23 11:00:00,London,1,0.7191478876164442,0.6214689265536721
2025-06-23 11:30:00,London,1,0.7211514594746606,0.6214689265536721
2025-06-23 12:00:00,London,0,0.7161876280223347,0.6214689265536721
2025-06-23 12:30:00,London,1,0.9072717566137356,0.8
2025-06-23 13:30:00,London,1,0.8558797227794875,0.7101449275362319
2025-06-23 14:30:00,London,1,0.8509833428217796,0.7101449275362319
2025-06-23 14:45:00,London,1,0.7925103595180646,0.6214689265536721
2025-06-23 15:00:00,London,1,0.7682389153384112,0.6214689265536721
2025-06-23 15:15:00,London,1,0.7682389153384112,0.6214689265536721
2025-06-23 16:45:00,London,0,0.8339378861639091,0.7101449275362319
2025-06-23 17:15:00,NY,1,0.8913257766587722,0.7352941176470589
2025-06-23 18:15:00,NY,0,0.8672050063311875,0.7252824568346277
2025-06-23 18:30:00,NY,1,0.8833005599205945,0.7352941176470589
2025-06-23 18:45:00,NY,1,0.6303240776672142,0.5554711246200612
2025-06-23 19:00:00,NY,0,0.9054194589388328,0.8
2025-06-23 19:45:00,NY,0,0.6918912074273023,0.6214689265536721
2025-06-23 20:00:00,NY,1,0.7162260034346394,0.6214689265536721
2025-06-23 20:15:00,NY,0,0.7497235373677776,0.6214689265536721
2025-06-23 20:30:00,NY,0,0.7497235373677776,0.6214689265536721
2025-06-23 20:45:00,NY,0,0.6860218396447821,0.6111111111111112
2025-06-23 22:00:00,Other,1,0.8392561502244181,0.7101449275362319
2025-06-23 22:15:00,Other,1,0.6755121642101175,0.5573770491803278
2025-06-23 22:30:00,Other,1,0.7374674229179499,0.6214689265536721
2025-06-23 22:45:00,Other,1,0.3738448052332396,0.49413298565840924
2025-06-23 23:00:00,Other,0,0.8042385864662833,0.7090909090909091
2025-06-23 23:15:00,Other,0,0.7758560637514914,0.6214689265536721
2025-06-23 23:45:00,Other,1,0.7480721491316976,0.6214689265536721
2025-06-24 03:45:00,Other,0,0.3238419827672144,0.49413298565840924
2025-06-24 04:15:00,Other,0,0.4993567276509476,0.5365853658536585
2025-06-24 04:30:00,Other,0,0.4993567276509476,0.5365853658536585
2025-06-24 04:45:00,Other,0,0.5378077332918595,0.5365853658536585
2025-06-24 05:15:00,Other,1,0.661191326363974,0.5554711246200612
2025-06-24 05:30:00,Other,1,0.661191326363974,0.5554711246200612
2025-06-24 05:45:00,Other,1,0.452049114197869,0.5365853658536585
2025-06-24 06:00:00,Other,0,0.7338727613552924,0.6214689265536721
2025-06-24 19:45:00,NY,0,0.7078147585468125,0.6214689265536721
2025-06-24 20:00:00,NY,0,0.4823739195555956,0.5365853658536585
2025-06-24 20:45:00,NY,0,0.442058808356253,0.5365853658536585
2025-06-24 22:15:00,Other,1,0.4797867965499229,0.5365853658536585
2025-06-24 23:00:00,Other,0,0.4917263842964534,0.5365853658536585
2025-06-24 23:15:00,Other,1,0.5363631411485819,0.5365853658536585
2025-06-24 23:30:00,Other,1,0.5161437704524667,0.5365853658536585
2025-06-24 23:45:00,Other,1,0.5147402507750222,0.5365853658536585
2025-06-25 00:00:00,Other,1,0.4059375206038049,0.49413298565840924
2025-06-25 00:15:00,Other,0,0.4107980131674823,0.49413298565840924
2025-06-25 00:45:00,Other,1,0.3704936174937506,0.49413298565840924
2025-06-25 01:00:00,Other,1,0.4183679288191145,0.49413298565840924
2025-06-25 01:15:00,Other,1,0.3854283712842025,0.49413298565840924
2025-06-25 01:45:00,Other,0,0.3883661449286315,0.49413298565840924
2025-06-25 03:00:00,Other,0,0.7481245872205512,0.6214689265536721
2025-06-25 03:15:00,Other,0,0.7082117987354998,0.6214689265536721
2025-06-25 05:15:00,Other,1,0.4810372218478048,0.5365853658536585
2025-06-25 05:30:00,Other,0,0.3732106435173439,0.49413298565840924
2025-06-25 06:00:00,Other,1,0.3820418716368625,0.49413298565840924
2025-06-25 06:15:00,Other,1,0.3820418716368625,0.49413298565840924
2025-06-25 06:30:00,Other,0,0.3797216090173329,0.49413298565840924
2025-06-25 06:45:00,Other,1,0.3976199978809255,0.49413298565840924
2025-06-25 07:00:00,London,1,0.5050182588701151,0.5365853658536585
2025-06-25 08:00:00,London,1,0.7384531426896812,0.6214689265536721
2025-06-25 08:15:00,London,0,0.7384531426896812,0.6214689265536721
2025-06-25 09:00:00,London,1,0.7258383007653063,0.6214689265536721
2025-06-25 17:30:00,NY,1,0.8607178345407546,0.7101449275362319
2025-06-25 18:00:00,NY,1,0.7618239053053368,0.6214689265536721
2025-06-25 18:45:00,NY,1,0.717071609214361,0.6214689265536721
2025-06-25 19:15:00,NY,1,0.7461403476884445,0.6214689265536721
2025-06-25 19:30:00,NY,0,0.5477365450011453,0.5365853658536585
2025-06-25 20:15:00,NY,1,0.5744564915838635,0.5554711246200612
2025-06-25 20:30:00,NY,1,0.5898446310922443,0.5554711246200612
2025-06-25 22:00:00,Other,1,0.5946800364990652,0.5554711246200612
2025-06-25 22:45:00,Other,1,0.6129581177126798,0.5554711246200612
2025-06-25 23:00:00,Other,0,0.6361671181879975,0.5554711246200612
2025-06-26 00:45:00,Other,1,0.3699081593256568,0.49413298565840924
2025-06-26 01:00:00,Other,1,0.7126481202978174,0.6214689265536721
2025-06-26 03:30:00,Other,0,0.628889140644938,0.5554711246200612
2025-06-26 03:45:00,Other,0,0.6238529445276019,0.5554711246200612
2025-06-26 04:15:00,Other,0,0.6892687061759707,0.6214689265536721
2025-06-26 04:45:00,Other,1,0.723580300455761,0.6214689265536721
2025-06-26 05:15:00,Other,1,0.4196324735188059,0.49413298565840924
2025-06-26 05:30:00,Other,1,0.8397515790285839,0.7101449275362319
2025-06-26 06:15:00,Other,1,0.7446096649014853,0.6214689265536721
2025-06-26 06:45:00,Other,1,0.7605411960596632,0.6214689265536721
2025-06-26 07:00:00,London,1,0.7165408037480584,0.6214689265536721
2025-06-26 07:15:00,London,1,0.7165408037480584,0.6214689265536721
2025-06-26 08:15:00,London,1,0.6498142339731195,0.5554711246200612
2025-06-26 08:30:00,London,1,0.6498142339731195,0.5554711246200612
2025-06-26 09:00:00,London,0,0.3000275562677199,0.49413298565840924
2025-06-26 09:30:00,London,0,0.6775364190351028,0.5573770491803278
2025-06-26 09:45:00,London,1,0.6996315083073156,0.6214689265536721
2025-06-26 11:00:00,London,0,0.7728345416720409,0.6214689265536721
2025-06-26 11:30:00,London,1,0.7318178587308087,0.6214689265536721
2025-06-26 11:45:00,London,1,0.699789424030615,0.6214689265536721
2025-06-26 12:15:00,London,0,0.890090591050058,0.7352941176470589
2025-06-26 12:45:00,London,1,0.8080925120951558,0.7090909090909091
2025-06-26 13:00:00,London,1,0.7861123744143702,0.6214689265536721
2025-06-26 13:15:00,London,1,0.7861123744143702,0.6214689265536721
2025-06-27 17:15:00,NY,0,0.4746522558006031,0.5365853658536585
2025-06-27 18:15:00,NY,1,0.4691995395203615,0.5365853658536585
2025-06-27 18:45:00,NY,0,0.4151499898741956,0.49413298565840924
2025-06-27 19:15:00,NY,0,0.6911774171082536,0.6214689265536721
2025-06-27 19:45:00,NY,1,0.4852243037840061,0.5365853658536585
2025-06-27 20:00:00,NY,1,0.7227981113399863,0.6214689265536721
2025-06-27 20:45:00,NY,0,0.5040079600192607,0.5365853658536585
2025-06-30 02:45:00,Other,1,0.659490794494329,0.5554711246200612
2025-06-30 04:00:00,Other,0,0.6537350168465675,0.5554711246200612
2025-06-30 04:30:00,Other,1,0.6098673039819709,0.5554711246200612
2025-06-30 04:45:00,Other,1,0.627095359768495,0.5554711246200612
2025-06-30 05:00:00,Other,1,0.6273079000230191,0.5554711246200612
2025-06-30 05:15:00,Other,1,0.6193749111524259,0.5554711246200612
2025-06-30 06:30:00,Other,0,0.6709617686009804,0.5573770491803278
2025-06-30 06:45:00,Other,1,0.6709617686009804,0.5573770491803278
2025-06-30 07:00:00,London,1,0.7084822972818474,0.6214689265536721
2025-06-30 07:45:00,London,1,0.7087142136702178,0.6214689265536721
2025-06-30 08:15:00,London,0,0.694490439888856,0.6214689265536721
2025-06-30 08:45:00,London,0,0.5677324906656752,0.5554711246200612
2025-06-30 09:15:00,London,1,0.5633297713724678,0.5554711246200612
2025-06-30 09:30:00,London,0,0.8779282918623453,0.7352941176470589
2025-06-30 10:45:00,London,0,0.5669980094660446,0.5554711246200612
2025-06-30 11:15:00,London,1,0.7795304740525454,0.6214689265536721
2025-06-30 18:00:00,NY,1,0.6551285709499889,0.5554711246200612
2025-06-30 18:15:00,NY,0,0.5980358484202424,0.5554711246200612
2025-06-30 18:45:00,NY,1,0.5791945422971387,0.5554711246200612
2025-06-30 19:15:00,NY,1,0.7781127439931457,0.6214689265536721
2025-06-30 20:00:00,NY,0,0.7077700422216929,0.6214689265536721
2025-06-30 22:15:00,Other,1,0.7010083439396164,0.6214689265536721
2025-06-30 22:30:00,Other,1,0.5591208400746783,0.5554711246200612
2025-06-30 23:15:00,Other,1,0.8195364071003071,0.7101449275362319
2025-06-30 23:30:00,Other,1,0.7522526322975449,0.6214689265536721
2025-06-30 23:45:00,Other,0,0.7494995789762398,0.6214689265536721
2025-07-01 00:15:00,Other,1,0.5361301861175902,0.5365853658536585
2025-07-01 00:45:00,Other,1,0.5963479904156703,0.5554711246200612
2025-07-01 01:00:00,Other,1,0.6657986329070712,0.5554711246200612
2025-07-01 01:30:00,Other,0,0.6369858506750313,0.5554711246200612
2025-07-01 01:45:00,Other,1,0.6431317120175817,0.5554711246200612
2025-07-01 02:30:00,Other,0,0.7731857111377636,0.6214689265536721
2025-07-01 03:00:00,Other,1,0.6827022932236688,0.6041666666666666
2025-07-01 03:15:00,Other,1,0.6394863039728427,0.5554711246200612
2025-07-01 04:15:00,Other,1,0.6386620418182611,0.5554711246200612
2025-07-01 05:00:00,Other,1,0.6566424743073325,0.5554711246200612
2025-07-01 05:15:00,Other,1,0.3921086704587172,0.49413298565840924
2025-07-01 06:00:00,Other,1,0.6890328417608271,0.6214689265536721
2025-07-01 06:30:00,Other,1,0.6830671455815286,0.6041666666666666
2025-07-01 07:15:00,London,1,0.6916242070904965,0.6214689265536721
2025-07-01 08:15:00,London,0,0.6395349657349909,0.5554711246200612
2025-07-01 09:00:00,London,1,0.6954027204005847,0.6214689265536721
2025-07-01 09:15:00,London,1,0.6842165960156144,0.6041666666666666
2025-07-01 09:30:00,London,1,0.6842165960156144,0.6041666666666666
2025-07-01 10:00:00,London,1,0.5781343711634227,0.5554711246200612
2025-07-01 10:15:00,London,0,0.6444008997075895,0.5554711246200612
2025-07-01 10:30:00,London,1,0.7060434796605921,0.6214689265536721
2025-07-01 10:45:00,London,1,0.6342255045707578,0.5554711246200612
2025-07-01 11:00:00,London,0,0.7104939490946677,0.6214689265536721
2025-07-01 12:00:00,London,1,0.710130780373974,0.6214689265536721
2025-07-01 12:45:00,London,0,0.7077062549355104,0.6214689265536721
2025-07-01 13:45:00,London,0,0.8189656238949438,0.7101449275362319
2025-07-01 14:45:00,London,1,0.7949604162868976,0.6214689265536721
2025-07-01 15:00:00,London,0,0.7927245410182562,0.6214689265536721
2025-07-01 15:15:00,London,1,0.7927245410182562,0.6214689265536721
2025-07-01 15:30:00,London,0,0.7927245410182562,0.6214689265536721
2025-07-01 16:00:00,London,1,0.6744697636693607,0.5573770491803278
2025-07-01 16:15:00,London,1,0.6744697636693607,0.5573770491803278
2025-07-01 16:45:00,London,0,0.6744697636693607,0.5573770491803278
2025-07-01 17:00:00,NY,0,0.6544168145921774,0.5554711246200612
2025-07-01 23:00:00,Other,1,0.5752962462563846,0.5554711246200612
2025-07-01 23:15:00,Other,0,0.5518271090980813,0.5554711246200612
2025-07-01 23:45:00,Other,1,0.5752962462563846,0.5554711246200612
2025-07-02 06:00:00,Other,0,0.6884917589214341,0.6214689265536721
2025-07-02 06:30:00,Other,1,0.6691224377722733,0.5554711246200612
2025-07-02 12:30:00,London,0,0.750764449750786,0.6214689265536721
2025-07-02 13:30:00,London,0,0.4489849556580115,0.5365853658536585
2025-07-02 13:45:00,London,1,0.8693596331972315,0.7352941176470589
2025-07-02 14:00:00,London,1,0.8291079021259949,0.7101449275362319
2025-07-02 22:30:00,Other,0,0.6055035369450567,0.5554711246200612
2025-07-02 23:15:00,Other,0,0.7915270500840271,0.6214689265536721
2025-07-03 00:00:00,Other,0,0.6677698499472706,0.5554711246200612
2025-07-03 01:15:00,Other,1,0.6728434017140493,0.5573770491803278
2025-07-03 01:45:00,Other,1,0.6668139948254698,0.5554711246200612
2025-07-03 02:30:00,Other,1,0.6804370702341043,0.5573770491803278
2025-07-03 03:00:00,Other,0,0.7890735583306698,0.6214689265536721
2025-07-03 03:45:00,Other,1,0.7868385087538476,0.6214689265536721
2025-07-03 04:00:00,Other,1,0.6624294916481855,0.5554711246200612
2025-07-03 04:15:00,Other,1,0.4235081416591052,0.49413298565840924
2025-07-03 05:00:00,Other,1,0.3363711349519984,0.49413298565840924
2025-07-03 05:15:00,Other,1,0.3149715641037371,0.49413298565840924
2025-07-03 05:45:00,Other,1,0.3710726442962164,0.49413298565840924
2025-07-03 06:30:00,Other,1,0.5974428897456159,0.5554711246200612
2025-07-03 07:30:00,London,1,0.5902271139117875,0.5554711246200612
2025-07-03 08:45:00,London,0,0.7066282668653072,0.6214689265536721
2025-07-03 09:15:00,London,0,0.573856463919141,0.5554711246200612
2025-07-03 09:30:00,London,1,0.6374341088176371,0.5554711246200612
2025-07-04 01:30:00,Other,0,0.3942872049264871,0.49413298565840924
2025-07-04 01:45:00,Other,1,0.3650664088561974,0.49413298565840924
2025-07-04 02:15:00,Other,0,0.4726634404029564,0.5365853658536585
2025-07-04 02:45:00,Other,1,0.7746410376801044,0.6214689265536721
2025-07-04 03:15:00,Other,1,0.757873588429646,0.6214689265536721
2025-07-04 03:30:00,Other,1,0.7750019288132183,0.6214689265536721
2025-07-04 03:45:00,Other,1,0.7561894177059423,0.6214689265536721
2025-07-04 04:00:00,Other,1,0.6616446010906675,0.5554711246200612
2025-07-04 04:30:00,Other,0,0.718592218847376,0.6214689265536721
2025-07-04 04:45:00,Other,1,0.3929792489629223,0.49413298565840924
2025-07-04 06:30:00,Other,1,0.3967230942825742,0.49413298565840924
2025-07-04 06:45:00,Other,1,0.3304259267474007,0.49413298565840924
2025-07-04 07:00:00,London,1,0.4936904811009435,0.5365853658536585
2025-07-06 22:15:00,Other,0,0.5340931381348062,0.5365853658536585
2025-07-06 23:00:00,Other,0,0.5243827225085212,0.5365853658536585
2025-07-06 23:15:00,Other,0,0.5098133210460452,0.5365853658536585
2025-07-06 23:30:00,Other,0,0.5340931381348062,0.5365853658536585
2025-07-07 00:15:00,Other,1,0.596475064895871,0.5554711246200612
2025-07-07 00:45:00,Other,0,0.5763949218279102,0.5554711246200612
2025-07-07 17:45:00,NY,1,0.6621752462420142,0.5554711246200612
2025-07-07 18:30:00,NY,0,0.7218615964185664,0.6214689265536721
2025-07-07 18:45:00,NY,1,0.7218615964185664,0.6214689265536721
2025-07-07 19:15:00,NY,1,0.7149345447919423,0.6214689265536721
2025-07-07 19:30:00,NY,0,0.7149345447919423,0.6214689265536721
2025-07-07 20:00:00,NY,0,0.7083514140023328,0.6214689265536721
2025-07-07 20:30:00,NY,1,0.4907415343239346,0.5365853658536585
2025-07-07 22:00:00,Other,0,0.7494995789762398,0.6214689265536721
2025-07-07 22:45:00,Other,0,0.7950297295021912,0.6214689265536721
2025-07-07 23:00:00,Other,0,0.5317656874143006,0.5365853658536585
2025-07-08 00:45:00,Other,1,0.589087984298427,0.5554711246200612
2025-07-08 01:15:00,Other,1,0.6201308980873652,0.5554711246200612
2025-07-08 01:45:00,Other,1,0.4875351408676373,0.5365853658536585
2025-07-08 02:00:00,Other,1,0.7156475978548594,0.6214689265536721
2025-07-08 02:15:00,Other,0,0.6408038201250604,0.5554711246200612
2025-07-08 03:00:00,Other,0,0.6281644739884131,0.5554711246200612
2025-07-08 03:15:00,Other,0,0.6281644739884131,0.5554711246200612
2025-07-08 03:30:00,Other,0,0.643869947327745,0.5554711246200612
2025-07-08 04:15:00,Other,1,0.6753573849278032,0.5573770491803278
2025-07-08 04:30:00,Other,1,0.6564375009681211,0.5554711246200612
2025-07-08 07:15:00,London,1,0.7719948052504872,0.6214689265536721
2025-07-08 07:45:00,London,0,0.7662314077015733,0.6214689265536721
2025-07-08 08:00:00,London,0,0.7021647446753869,0.6214689265536721
2025-07-08 08:45:00,London,1,0.6966693144676377,0.6214689265536721
2025-07-08 09:45:00,London,1,0.589813481628727,0.5554711246200612
2025-07-08 10:00:00,London,1,0.6258653930741087,0.5554711246200612
2025-07-09 00:45:00,Other,0,0.3420459391167121,0.49413298565840924
2025-07-09 01:15:00,Other,0,0.6664066040319322,0.5554711246200612
2025-07-09 01:45:00,Other,1,0.6253985517402015,0.5554711246200612
2025-07-09 02:00:00,Other,1,0.7255674270097863,0.6214689265536721
2025-07-09 02:15:00,Other,0,0.664223913798386,0.5554711246200612
2025-07-09 02:45:00,Other,1,0.7636420339490009,0.6214689265536721
2025-07-09 11:30:00,London,1,0.7380917589461834,0.6214689265536721
2025-07-09 12:00:00,London,1,0.7106136489403929,0.6214689265536721
2025-07-09 12:15:00,London,1,0.5219289727111832,0.5365853658536585
2025-07-09 12:45:00,London,1,0.7126537767520703,0.6214689265536721
2025-07-09 13:00:00,London,1,0.6620058771195033,0.5554711246200612
2025-07-09 13:15:00,London,1,0.7253647121974874,0.6214689265536721
2025-07-09 13:45:00,London,1,0.5380448322377506,0.5365853658536585
2025-07-09 14:00:00,London,1,0.779182557570082,0.6214689265536721
2025-07-09 14:30:00,London,0,0.8291079021259949,0.7101449275362319
2025-07-09 15:45:00,London,1,0.7371335332764586,0.6214689265536721
2025-07-09 16:15:00,London,1,0.7196738041686772,0.6214689265536721
2025-07-09 16:30:00,London,1,0.7034257717867284,0.6214689265536721
2025-07-09 17:15:00,NY,0,0.6891381512621693,0.6214689265536721
2025-07-09 17:30:00,NY,0,0.7050212707663208,0.6214689265536721
2025-07-09 17:45:00,NY,1,0.7335627794356789,0.6214689265536721
2025-07-09 18:30:00,NY,1,0.4863608584428827,0.5365853658536585
2025-07-09 19:00:00,NY,0,0.7534169133993545,0.6214689265536721
2025-07-09 19:30:00,NY,0,0.5477365450011453,0.5365853658536585
2025-07-09 19:45:00,NY,0,0.5615252709356746,0.5554711246200612
2025-07-09 20:00:00,NY,0,0.7562414982124104,0.6214689265536721
2025-07-09 20:15:00,NY,1,0.7160056808702178,0.6214689265536721
2025-07-09 22:00:00,Other,1,0.6398446762597239,0.5554711246200612
2025-07-09 22:15:00,Other,0,0.637833105909849,0.5554711246200612
2025-07-09 23:00:00,Other,1,0.6538031245499522,0.5554711246200612
2025-07-09 23:15:00,Other,0,0.6376892241462544,0.5554711246200612
2025-07-09 23:30:00,Other,0,0.5967797691574172,0.5554711246200612
2025-07-09 23:45:00,Other,1,0.6061473222581416,0.5554711246200612
2025-07-10 00:00:00,Other,1,0.4044349967000692,0.49413298565840924
2025-07-10 00:30:00,Other,1,0.3889063282586709,0.49413298565840924
2025-07-10 01:15:00,Other,0,0.7126481202978174,0.6214689265536721
2025-07-10 02:00:00,Other,1,0.7286849808487269,0.6214689265536721
2025-07-10 02:15:00,Other,0,0.7641918934635148,0.6214689265536721
2025-07-10 02:30:00,Other,0,0.4670784046328443,0.5365853658536585
2025-07-10 03:00:00,Other,1,0.7517364915614682,0.6214689265536721
2025-07-10 03:15:00,Other,1,0.7544730142034186,0.6214689265536721
2025-07-10 03:30:00,Other,1,0.7544730142034186,0.6214689265536721
2025-07-10 07:15:00,London,0,0.3916292575356009,0.49413298565840924
2025-07-10 07:30:00,London,0,0.3558134025247604,0.49413298565840924
2025-07-10 08:15:00,London,1,0.6661863187824475,0.5554711246200612
2025-07-10 08:30:00,London,1,0.6778455164649446,0.5573770491803278
2025-07-10 08:45:00,London,1,0.7165408037480584,0.6214689265536721
2025-07-10 09:15:00,London,0,0.6966503187076765,0.6214689265536721
2025-07-10 10:30:00,London,1,0.7304122311925489,0.6214689265536721
2025-07-10 10:45:00,London,1,0.5912870426954805,0.5554711246200612
2025-07-10 11:00:00,London,0,0.7402782281308765,0.6214689265536721
2025-07-10 11:30:00,London,0,0.7175244133846412,0.6214689265536721
2025-07-10 11:45:00,London,0,0.7054856606600443,0.6214689265536721
2025-07-10 12:00:00,London,1,0.7144109794860051,0.6214689265536721
2025-07-10 23:00:00,Other,1,0.5991778440367402,0.5554711246200612
2025-07-10 23:30:00,Other,1,0.5256572415540487,0.5365853658536585
2025-07-11 00:30:00,Other,0,0.4060021858279533,0.49413298565840924
2025-07-11 02:00:00,Other,1,0.7547875023842683,0.6214689265536721
2025-07-11 02:15:00,Other,1,0.735668375180955,0.6214689265536721
2025-07-11 02:30:00,Other,1,0.6995664582720125,0.6214689265536721
2025-07-11 02:45:00,Other,1,0.5974627172133524,0.5554711246200612
2025-07-11 03:30:00,Other,0,0.6274011296130115,0.5554711246200612
2025-07-11 03:45:00,Other,1,0.6274011296130115,0.5554711246200612
2025-07-11 04:15:00,Other,1,0.2978942251489313,0.49413298565840924
2025-07-11 05:00:00,Other,1,0.3576951728330149,0.49413298565840924
2025-07-11 05:15:00,Other,1,0.7091805982697177,0.6214689265536721
2025-07-11 06:30:00,Other,1,0.7128314869874328,0.6214689265536721
2025-07-11 07:45:00,London,0,0.699235403511445,0.6214689265536721
2025-07-11 08:30:00,London,1,0.5754461017886106,0.5554711246200612
2025-07-11 08:45:00,London,1,0.7422679224518001,0.6214689265536721
2025-07-11 09:00:00,London,1,0.6682978601777192,0.5554711246200612
2025-07-11 09:30:00,London,1,0.8518589450395989,0.7101449275362319
2025-07-11 09:45:00,London,1,0.5722644273139785,0.5554711246200612
2025-07-11 10:00:00,London,1,0.61613975579774,0.5554711246200612
2025-07-11 10:15:00,London,1,0.6313430563210238,0.5554711246200612
2025-07-11 10:30:00,London,1,0.6544204640826758,0.5554711246200612
2025-07-11 11:00:00,London,0,0.6682973887322381,0.5554711246200612
2025-07-11 11:30:00,London,0,0.5694198345174043,0.5554711246200612
2025-07-11 12:15:00,London,1,0.6896250962294082,0.6214689265536721
2025-07-11 12:30:00,London,1,0.7544935950028558,0.6214689265536721
2025-07-11 12:45:00,London,1,0.7741979915930021,0.6214689265536721
2025-07-11 13:00:00,London,1,0.8078608937923702,0.7090909090909091
2025-07-11 13:15:00,London,1,0.742174255293667,0.6214689265536721
2025-07-11 13:30:00,London,1,0.7455495616143654,0.6214689265536721
2025-07-11 14:00:00,London,1,0.7626858096822027,0.6214689265536721
2025-07-11 14:30:00,London,1,0.7859967583899491,0.6214689265536721
2025-07-11 14:45:00,London,1,0.747208971709355,0.6214689265536721
2025-07-11 15:30:00,London,1,0.6912498629146552,0.6214689265536721
2025-07-11 15:45:00,London,0,0.6000670624206662,0.5554711246200612
2025-07-11 17:30:00,NY,1,0.5691541295872821,0.5554711246200612
2025-07-11 17:45:00,NY,1,0.6468794635978937,0.5554711246200612
2025-07-11 18:15:00,NY,1,0.6855958443326334,0.6111111111111112
2025-07-11 19:00:00,NY,1,0.7705199820307149,0.6214689265536721
2025-07-11 19:15:00,NY,1,0.6989454621214569,0.6214689265536721
2025-07-11 19:30:00,NY,0,0.5713166747066897,0.5554711246200612
2025-07-11 19:45:00,NY,1,0.5342977709736699,0.5365853658536585
2025-07-11 20:00:00,NY,1,0.6124836708814289,0.5554711246200612
2025-07-11 20:30:00,NY,1,0.4817273722757401,0.5365853658536585
2025-07-13 22:15:00,Other,0,0.7954336406830071,0.6214689265536721
2025-07-13 22:30:00,Other,1,0.7743081574183167,0.6214689265536721
2025-07-13 23:00:00,Other,0,0.735409169472046,0.6214689265536721
2025-07-13 23:45:00,Other,0,0.6345783265051975,0.5554711246200612
2025-07-14 00:00:00,Other,1,0.5693636044308631,0.5554711246200612
2025-07-14 00:15:00,Other,1,0.641335872243137,0.5554711246200612
2025-07-14 00:45:00,Other,0,0.4434802284605546,0.5365853658536585
2025-07-14 02:00:00,Other,1,0.6718285834940457,0.5573770491803278
2025-07-14 02:45:00,Other,1,0.6718285834940457,0.5573770491803278
2025-07-14 03:15:00,Other,0,0.6531796386647396,0.5554711246200612
2025-07-14 04:00:00,Other,1,0.627095359768495,0.5554711246200612
2025-07-14 04:45:00,Other,0,0.6353316918773259,0.5554711246200612
2025-07-14 05:15:00,Other,1,0.6442388838777225,0.5554711246200612
2025-07-14 05:30:00,Other,0,0.6842669365013743,0.6041666666666666
2025-07-14 05:45:00,Other,1,0.6562970006941115,0.5554711246200612
2025-07-14 06:00:00,Other,1,0.7110337611924028,0.6214689265536721
2025-07-14 06:30:00,Other,1,0.7135107082619813,0.6214689265536721
2025-07-14 06:45:00,Other,1,0.7173027187798139,0.6214689265536721
2025-07-14 07:00:00,London,1,0.7087142136702178,0.6214689265536721
2025-07-14 08:15:00,London,0,0.6241319550722702,0.5554711246200612
2025-07-14 08:30:00,London,0,0.4995587125564325,0.5365853658536585
2025-07-14 08:45:00,London,1,0.5777871030963422,0.5554711246200612
2025-07-14 09:15:00,London,0,0.5348792428089008,0.5365853658536585
2025-07-14 09:30:00,London,1,0.8021628384610332,0.7090909090909091
2025-07-14 10:15:00,London,1,0.6899106875491912,0.6214689265536721
2025-07-14 10:30:00,London,1,0.659119703361599,0.5554711246200612
2025-07-14 10:45:00,London,0,0.6755689494604374,0.5573770491803278
2025-07-14 11:00:00,London,0,0.7059385195795773,0.6214689265536721
2025-07-14 11:30:00,London,0,0.7059385195795773,0.6214689265536721
2025-07-14 12:00:00,London,0,0.7050457698078606,0.6214689265536721
2025-07-14 12:15:00,London,0,0.7184449442688529,0.6214689265536721
2025-07-14 12:30:00,London,1,0.7208637745053328,0.6214689265536721
2025-07-14 12:45:00,London,1,0.702539351800408,0.6214689265536721
2025-07-15 06:15:00,Other,1,0.5467151475836303,0.5365853658536585
2025-07-15 06:30:00,Other,1,0.4314126849485811,0.49413298565840924
2025-07-15 07:15:00,London,1,0.6585454653065579,0.5554711246200612
2025-07-15 07:30:00,London,0,0.4341205715841468,0.5365853658536585
2025-07-15 10:45:00,London,0,0.6806672730930675,0.5573770491803278
2025-07-15 11:00:00,London,0,0.7526157052153556,0.6214689265536721
2025-07-15 11:15:00,London,1,0.6841276806369854,0.6041666666666666
2025-07-15 11:30:00,London,0,0.6841276806369854,0.6041666666666666
2025-07-15 11:45:00,London,0,0.7390354545030697,0.6214689265536721
2025-07-15 12:00:00,London,0,0.7575799657247879,0.6214689265536721
2025-07-15 13:15:00,London,1,0.8038645399161004,0.7090909090909091
2025-07-15 19:15:00,NY,1,0.6448841823545454,0.5554711246200612
2025-07-15 19:30:00,NY,1,0.8467949229150608,0.7101449275362319
2025-07-15 20:00:00,NY,0,0.5380609038626337,0.5365853658536585
2025-07-16 02:00:00,Other,1,0.4573581476181961,0.5365853658536585
2025-07-16 03:00:00,Other,1,0.4802106355950443,0.5365853658536585
2025-07-16 03:15:00,Other,1,0.7430867159187995,0.6214689265536721
2025-07-16 03:30:00,Other,1,0.6973641180704425,0.6214689265536721
2025-07-16 04:00:00,Other,1,0.4286155790785546,0.49413298565840924
2025-07-16 04:45:00,Other,1,0.4511551523254439,0.5365853658536585
2025-07-16 05:15:00,Other,0,0.403201239662785,0.49413298565840924
2025-07-16 05:30:00,Other,1,0.3857532896886388,0.49413298565840924
2025-07-16 06:00:00,Other,1,0.4818150046127087,0.5365853658536585
2025-07-16 06:30:00,Other,0,0.3976199978809255,0.49413298565840924
2025-07-16 07:00:00,London,1,0.4088349030024629,0.49413298565840924
2025-07-16 08:00:00,London,0,0.4799435356699995,0.5365853658536585
2025-07-16 08:15:00,London,1,0.4330392825795806,0.49413298565840924
2025-07-16 08:45:00,London,0,0.4492440102157943,0.5365853658536585
2025-07-16 09:15:00,London,1,0.4375132676853642,0.5365853658536585
2025-07-16 09:30:00,London,0,0.3930422453185079,0.49413298565840924
2025-07-16 09:45:00,London,0,0.3930422453185079,0.49413298565840924
2025-07-16 10:00:00,London,1,0.4916255916663285,0.5365853658536585
2025-07-16 10:30:00,London,0,0.4528686566587503,0.5365853658536585
2025-07-16 10:45:00,London,1,0.4916255916663285,0.5365853658536585
2025-07-16 11:00:00,London,1,0.512610039023152,0.5365853658536585
2025-07-16 12:15:00,London,0,0.5918828996159934,0.5554711246200612
2025-07-16 13:45:00,London,1,0.7774103694811206,0.6214689265536721
2025-07-16 14:00:00,London,1,0.7366691887530522,0.6214689265536721
2025-07-16 16:45:00,London,1,0.6901788751737001,0.6214689265536721
2025-07-16 17:00:00,NY,1,0.8450754037207865,0.7101449275362319
2025-07-16 17:45:00,NY,1,0.7052343092538411,0.6214689265536721
2025-07-16 18:15:00,NY,0,0.3694534705210532,0.49413298565840924
2025-07-16 19:45:00,NY,1,0.7989448246054828,0.6214689265536721
2025-07-16 20:45:00,NY,1,0.6613958963632344,0.5554711246200612
2025-07-16 22:00:00,Other,0,0.7620305182933776,0.6214689265536721
2025-07-16 22:30:00,Other,1,0.6376892241462544,0.5554711246200612
2025-07-16 22:45:00,Other,0,0.6001271400351498,0.5554711246200612
2025-07-16 23:00:00,Other,0,0.6001271400351498,0.5554711246200612
2025-07-16 23:15:00,Other,0,0.6186369571735738,0.5554711246200612
2025-07-16 23:30:00,Other,0,0.6165779166221678,0.5554711246200612
2025-07-17 00:45:00,Other,0,0.3840968824752698,0.49413298565840924
2025-07-17 04:45:00,Other,0,0.6925416259798017,0.6214689265536721
2025-07-17 05:00:00,Other,0,0.3562469526431208,0.49413298565840924
2025-07-17 05:15:00,Other,0,0.3701362651196099,0.49413298565840924
2025-07-17 05:30:00,Other,1,0.3512732833453546,0.49413298565840924
2025-07-17 05:45:00,Other,0,0.6403161274029134,0.5554711246200612
2025-07-17 06:15:00,Other,0,0.6581905670615983,0.5554711246200612
2025-07-17 06:30:00,Other,1,0.6893577806656317,0.6214689265536721
2025-07-17 07:15:00,London,0,0.631628677382487,0.5554711246200612
2025-07-17 07:30:00,London,1,0.6329414703715577,0.5554711246200612
2025-07-17 17:30:00,NY,1,0.6555073782158606,0.5554711246200612
2025-07-17 18:00:00,NY,1,0.3146886284531843,0.49413298565840924
2025-07-17 18:30:00,NY,1,0.4272981965044223,0.49413298565840924
2025-07-17 19:00:00,NY,1,0.4664780294285975,0.5365853658536585
2025-07-17 19:15:00,NY,0,0.4652931764384048,0.5365853658536585
2025-07-17 19:30:00,NY,0,0.459953902633982,0.5365853658536585
2025-07-17 20:00:00,NY,0,0.538605171923573,0.5365853658536585
2025-07-17 20:15:00,NY,0,0.5406406491173472,0.5365853658536585
2025-07-17 20:30:00,NY,1,0.5539109910109418,0.5554711246200612
2025-07-17 22:00:00,Other,1,0.5923838010930156,0.5554711246200612
2025-07-17 23:15:00,Other,0,0.5929933014645079,0.5554711246200612
2025-07-17 23:45:00,Other,1,0.5910143154854486,0.5554711246200612
2025-07-18 00:00:00,Other,0,0.403662915775032,0.49413298565840924
2025-07-18 00:30:00,Other,1,0.403662915775032,0.49413298565840924
2025-07-18 00:45:00,Other,0,0.3176630919279644,0.49413298565840924
2025-07-18 01:15:00,Other,1,0.4301318484500149,0.49413298565840924
2025-07-18 02:45:00,Other,0,0.791012549699404,0.6214689265536721
2025-07-18 03:00:00,Other,0,0.7735094525033491,0.6214689265536721
2025-07-18 03:15:00,Other,1,0.7477539094688267,0.6214689265536721
2025-07-18 09:45:00,London,0,0.6837044628368917,0.6041666666666666
2025-07-18 10:00:00,London,0,0.6522312011060575,0.5554711246200612
2025-07-18 10:15:00,London,1,0.6597838399623751,0.5554711246200612
2025-07-18 10:30:00,London,0,0.7290550208866158,0.6214689265536721
2025-07-18 10:45:00,London,1,0.6712431325208627,0.5573770491803278
2025-07-18 11:15:00,London,1,0.3235280716757978,0.49413298565840924
2025-07-18 11:30:00,London,1,0.4105484095955529,0.49413298565840924
2025-07-18 12:00:00,London,0,0.7028751522584109,0.6214689265536721
2025-07-18 12:15:00,London,1,0.6824929168709916,0.6041666666666666
2025-07-18 12:30:00,London,0,0.686758658861945,0.6111111111111112
2025-07-18 13:00:00,London,0,0.7677154582661038,0.6214689265536721
2025-07-18 13:45:00,London,1,0.7095136947244008,0.6214689265536721
2025-07-18 14:00:00,London,0,0.7335380745616915,0.6214689265536721
2025-07-18 14:15:00,London,1,0.8496930704495927,0.7101449275362319
2025-07-18 14:30:00,London,1,0.611872269123014,0.5554711246200612
2025-07-18 14:45:00,London,0,0.6363297809080852,0.5554711246200612
2025-07-18 15:15:00,London,0,0.6947127865951742,0.6214689265536721
2025-07-18 16:15:00,London,1,0.6460426919807601,0.5554711246200612
2025-07-18 16:45:00,London,0,0.6460426919807601,0.5554711246200612
2025-07-18 17:00:00,NY,0,0.6989145531113672,0.6214689265536721
2025-07-18 17:15:00,NY,1,0.705798495119993,0.6214689265536721
2025-07-18 17:30:00,NY,1,0.3972101226141244,0.49413298565840924
2025-07-18 17:45:00,NY,1,0.4434182569447751,0.5365853658536585
2025-07-18 18:00:00,NY,0,0.4426454193444802,0.5365853658536585
2025-07-21 02:00:00,Other,1,0.3873738560231453,0.49413298565840924
2025-07-21 02:30:00,Other,1,0.4954633473821973,0.5365853658536585
2025-07-21 02:45:00,Other,1,0.456536513536167,0.5365853658536585
2025-07-21 03:00:00,Other,0,0.426871414259121,0.49413298565840924
2025-07-21 03:15:00,Other,1,0.3958317624302925,0.49413298565840924
2025-07-21 04:30:00,Other,1,0.4175684808306164,0.49413298565840924
2025-07-21 04:45:00,Other,1,0.4038774994602909,0.49413298565840924
2025-07-21 05:00:00,Other,1,0.6811738083988488,0.6041666666666666
