datetime,is_win,prob_win
2024-01-01 23:15:00,0,0.6535308657346193
2024-01-01 23:45:00,1,0.4110900893069352
2024-01-02 01:30:00,0,0.4419863429580273
2024-01-02 02:15:00,1,0.6976807438030209
2024-01-02 02:30:00,1,0.4599799787590659
2024-01-02 03:00:00,1,0.43450337549726853
2024-01-02 03:15:00,1,0.37449292687370694
2024-01-02 04:00:00,0,0.47813811342444507
2024-01-02 04:30:00,1,0.450609251356057
2024-01-02 04:45:00,1,0.39911734113737724
2024-01-02 05:00:00,1,0.34715717779261485
2024-01-02 05:45:00,1,0.40563846906998
2024-01-02 06:30:00,0,0.41900386777464654
2024-01-02 06:45:00,0,0.4199728178821043
2024-01-02 08:00:00,0,0.41778216264291956
2024-01-02 08:15:00,1,0.6668057860933695
2024-01-02 09:45:00,0,0.36711076944288235
2024-01-02 10:15:00,1,0.5003483051343285
2024-01-02 10:30:00,0,0.6382917542030727
2024-01-02 11:00:00,1,0.45121911002979426
2024-01-02 11:15:00,0,0.600785269871384
2024-01-02 11:45:00,0,0.5092383570276944
2024-01-02 12:15:00,1,0.5088338433959074
2024-01-02 12:45:00,0,0.5523235778766593
2024-01-03 05:45:00,1,0.3959192412763215
2024-01-03 06:15:00,0,0.5582540742973064
2024-01-03 06:30:00,0,0.29296588526188216
2024-01-03 07:15:00,1,0.38803111648788546
2024-01-03 07:30:00,0,0.40360374115165537
2024-01-03 07:45:00,0,0.44256245897562496
2024-01-03 08:15:00,0,0.22460547972073178
2024-01-03 08:30:00,0,0.2187026748083249
2024-01-03 09:00:00,0,0.1722757228164348
2024-01-03 09:45:00,0,0.18833038423589912
2024-01-03 10:00:00,0,0.32422811240524724
2024-01-03 10:15:00,1,0.32956137259834134
2024-01-03 10:30:00,1,0.32956137259834134
2024-01-03 10:45:00,0,0.1750337763795754
2024-01-03 11:30:00,0,0.3371266392826325
2024-01-03 11:45:00,0,0.38157169496454213
2024-01-03 12:00:00,0,0.39380270746631396
2024-01-03 12:15:00,1,0.3943548293707695
2024-01-03 12:30:00,0,0.5310245855505665
2024-01-03 13:15:00,0,0.5597848813300337
2024-01-03 13:45:00,1,0.6034066714111027
2024-01-03 14:00:00,0,0.6351160809507399
2024-01-03 14:15:00,1,0.5967537793360954
2024-01-03 21:00:00,1,0.7707305144022178
2024-01-03 21:30:00,1,0.5348230408191929
2024-01-03 23:15:00,1,0.5047256825241659
2024-01-04 00:45:00,1,0.5078392052585232
2024-01-04 02:00:00,0,0.4710167310055771
2024-01-04 02:15:00,0,0.5299189599452196
2024-01-04 02:30:00,1,0.47083365638639557
2024-01-04 03:00:00,1,0.5520391951808604
2024-01-04 03:15:00,0,0.5688898249596437
2024-01-04 03:45:00,0,0.42267463531093885
2024-01-04 04:15:00,1,0.569646052482039
2024-01-04 04:45:00,1,0.2555973589707425
2024-01-04 05:15:00,1,0.6705592617295734
2024-01-04 08:15:00,0,0.2975947775437698
2024-01-04 08:30:00,1,0.6708493759432753
2024-01-04 08:45:00,1,0.2840213895986426
2024-01-04 09:00:00,0,0.19073865165181944
2024-01-04 09:15:00,1,0.21015852786858188
2024-01-04 09:45:00,0,0.21623811017060507
2024-01-04 10:45:00,0,0.29138544356142804
2024-01-04 11:00:00,0,0.37935306288787957
2024-01-04 11:30:00,0,0.30783758011947554
2024-01-04 11:45:00,1,0.42992009912854734
2024-01-04 15:45:00,1,0.4066342601972952
2024-01-04 16:00:00,1,0.47898103941031145
2024-01-04 16:15:00,1,0.4173755721956793
2024-01-04 16:30:00,0,0.4868631051750317
2024-01-04 16:45:00,0,0.4571721945011312
2024-01-04 17:30:00,0,0.40089560207004166
2024-01-04 17:45:00,0,0.42221431188210085
2024-01-04 18:15:00,1,0.45349566184778967
2024-01-04 18:30:00,1,0.44009467276677233
2024-01-04 18:45:00,1,0.44786686817735927
2024-01-04 19:00:00,1,0.5189818557584392
2024-01-04 19:30:00,1,0.6033110116478144
2024-01-04 19:45:00,0,0.6080930601175677
2024-01-04 20:45:00,1,0.5765469076964317
2024-01-04 23:00:00,0,0.6792657231967155
2024-01-04 23:45:00,1,0.6495743828789288
2024-01-05 00:30:00,1,0.583373167648553
2024-01-05 01:00:00,0,0.5228986585418666
2024-01-05 02:00:00,1,0.5710400032219446
2024-01-05 02:15:00,0,0.5098019964400058
2024-01-05 03:00:00,0,0.5155259110447145
2024-01-05 03:15:00,0,0.5305252050516689
2024-01-05 04:00:00,1,0.3483489217105034
2024-01-05 04:30:00,0,0.3775244082336393
2024-01-05 04:45:00,0,0.34133266003663637
2024-01-05 05:15:00,1,0.33857496171460355
2024-01-05 05:30:00,0,0.36080904276383907
2024-01-05 05:45:00,0,0.38449481470754515
2024-01-05 06:15:00,0,0.38034441618128606
2024-01-05 07:30:00,0,0.44305199167604425
2024-01-05 08:45:00,1,0.18114512039557412
2024-01-05 09:00:00,0,0.2078532694702995
2024-01-05 09:30:00,0,0.2549158243285049
2024-01-05 09:45:00,0,0.2642913837470525
2024-01-05 10:00:00,1,0.3767620702666364
2024-01-05 10:15:00,1,0.4217419173885291
2024-01-05 10:30:00,1,0.37402425361152675
2024-01-05 10:45:00,0,0.36245508283885186
2024-01-05 11:00:00,1,0.41220860496956996
2024-01-05 15:30:00,0,0.6142062384679634
2024-01-05 16:00:00,0,0.3704067015323973
2024-01-05 16:15:00,0,0.5046562521011634
2024-01-05 17:30:00,1,0.47700933056005446
2024-01-05 17:45:00,0,0.30607240740813807
2024-01-05 18:00:00,1,0.33022643711570043
2024-01-05 18:15:00,1,0.561490749854563
2024-01-05 19:15:00,0,0.2834613986237323
2024-01-05 19:30:00,0,0.5737143567142122
2024-01-05 20:30:00,1,0.6892562982625331
2024-01-05 20:45:00,1,0.7648009520651571
2024-01-05 21:00:00,1,0.7838592508976361
2024-01-05 21:45:00,0,0.6999585171568663
2024-01-07 23:00:00,0,0.7681658695243672
2024-01-07 23:15:00,0,0.7542171254979906
2024-01-07 23:30:00,1,0.7151379471514346
2024-01-08 00:45:00,0,0.44975785651972416
2024-01-08 01:00:00,0,0.3147910690540356
2024-01-08 01:30:00,0,0.47204835181146915
2024-01-08 02:15:00,0,0.5796507043763088
2024-01-08 02:30:00,0,0.5796507043763088
2024-01-08 03:00:00,0,0.5102445886964551
2024-01-08 03:15:00,0,0.5102445886964551
2024-01-08 03:30:00,0,0.36651036239484336
2024-01-08 16:15:00,0,0.61519708875656
2024-01-08 17:15:00,0,0.5990723174195635
2024-01-08 18:15:00,1,0.5558747629452924
2024-01-08 18:45:00,1,0.7892335053321498
2024-01-08 19:15:00,0,0.5107431318987733
2024-01-08 19:30:00,0,0.5641285830234755
2024-01-09 01:30:00,1,0.8157797679913775
2024-01-09 02:00:00,0,0.557219430933497
2024-01-09 03:00:00,1,0.5666415137821227
2024-01-09 03:15:00,0,0.5300755337811641
2024-01-09 03:30:00,0,0.43202102481549504
2024-01-09 03:45:00,0,0.41983548101976353
2024-01-09 04:15:00,0,0.4763654893443512
2024-01-09 05:00:00,0,0.5037783558046762
2024-01-09 05:15:00,1,0.40965367051792906
2024-01-09 08:30:00,1,0.690637716144752
2024-01-09 09:15:00,1,0.6361698954124263
2024-01-09 09:30:00,1,0.4160117645202556
2024-01-09 09:45:00,1,0.3447936453396706
2024-01-09 10:15:00,0,0.47171190303192184
2024-01-09 11:00:00,1,0.5235702713482636
2024-01-09 12:00:00,0,0.5588039764463072
2024-01-09 12:15:00,0,0.5770790060333708
2024-01-09 12:30:00,1,0.6431707382112704
2024-01-09 12:45:00,1,0.4287343797662539
2024-01-09 14:00:00,0,0.6894111155018229
2024-01-09 14:15:00,0,0.2541793715761356
2024-01-09 14:30:00,0,0.6216884610879095
2024-01-09 14:45:00,0,0.7263735688960912
2024-01-09 15:00:00,0,0.6847157852065258
2024-01-09 15:45:00,1,0.7557463076889406
2024-01-10 00:15:00,0,0.3556792903081281
2024-01-10 01:00:00,1,0.28589866129746727
2024-01-10 03:00:00,1,0.4861152262957338
2024-01-10 03:15:00,0,0.4857588237567719
2024-01-10 04:00:00,0,0.34829928945243843
2024-01-10 04:15:00,0,0.36566636163080257
2024-01-10 05:00:00,0,0.5264032636693229
2024-01-10 05:15:00,0,0.6053904150088133
2024-01-10 05:45:00,0,0.4363913003189878
2024-01-10 06:00:00,1,0.590875197681164
2024-01-10 06:15:00,1,0.6777970818552271
2024-01-10 06:30:00,1,0.8176395169993823
2024-01-10 11:00:00,0,0.48658035883251066
2024-01-10 12:00:00,0,0.8117727708843461
2024-01-10 12:15:00,0,0.7336670217114268
2024-01-10 12:30:00,0,0.6270388223783123
2024-01-10 12:45:00,1,0.48894637074048536
2024-01-10 13:00:00,1,0.6039224949359043
2024-01-10 13:15:00,0,0.5241293120490319
2024-01-10 13:30:00,0,0.5893323959463956
2024-01-10 14:00:00,0,0.5597908861662333
2024-01-10 14:45:00,0,0.5110891985316693
2024-01-10 15:15:00,1,0.3914436664988131
2024-01-10 15:30:00,0,0.6854765074578081
2024-01-10 15:45:00,0,0.5904740562883182
2024-01-10 16:00:00,1,0.4872956844189338
2024-01-10 17:00:00,0,0.45819787359213354
2024-01-10 17:30:00,0,0.7552990630559183
2024-01-10 17:45:00,0,0.7595771556410688
2024-01-10 18:15:00,0,0.7014483305134721
2024-01-10 18:30:00,1,0.6083349051893625
2024-01-10 18:45:00,0,0.6303109028703721
2024-01-10 19:00:00,1,0.6285374281271906
2024-01-11 02:45:00,1,0.49601837895485346
2024-01-11 03:30:00,1,0.45726990371463344
2024-01-11 03:45:00,1,0.42758990270178265
2024-01-11 04:00:00,1,0.34941405367475653
2024-01-11 04:15:00,1,0.47190004788281537
2024-01-11 05:30:00,1,0.468238213079453
2024-01-11 06:30:00,1,0.6175581955776012
2024-01-11 06:45:00,1,0.4969456421627089
2024-01-11 07:30:00,0,0.5995470739983532
2024-01-11 07:45:00,0,0.6309781575209912
2024-01-11 08:00:00,0,0.5984183612865813
2024-01-11 08:45:00,1,0.47490788501164155
2024-01-11 09:00:00,0,0.486972082091584
2024-01-11 09:15:00,1,0.2532616625950867
2024-01-11 10:00:00,1,0.4581651224881707
2024-01-11 10:15:00,1,0.37654653829528933
2024-01-11 11:15:00,1,0.3754370751189242
2024-01-11 11:45:00,1,0.4470947231557778
2024-01-11 13:15:00,0,0.5595484249644225
2024-01-12 03:30:00,0,0.29683545077513507
2024-01-12 03:45:00,1,0.28803293440606365
2024-01-12 04:00:00,1,0.36502147810695057
2024-01-12 04:45:00,1,0.33571486054151684
2024-01-12 05:15:00,1,0.32107923012015477
2024-01-12 06:00:00,0,0.4924894558108158
2024-01-12 06:30:00,1,0.36528007438407906
2024-01-12 07:15:00,1,0.6029486647830387
2024-01-12 07:30:00,1,0.5724268781607941
2024-01-12 07:45:00,1,0.4565345711935975
2024-01-12 08:00:00,1,0.5076542538661571
2024-01-12 09:15:00,0,0.2982333101340545
2024-01-12 09:30:00,0,0.2982333101340545
2024-01-12 09:45:00,1,0.28627471355570183
2024-01-12 10:00:00,1,0.36643908974994865
2024-01-12 10:15:00,1,0.3313616112865001
2024-01-12 10:30:00,1,0.35964681920488184
2024-01-12 10:45:00,1,0.3726238963352743
2024-01-12 11:15:00,1,0.4064835706455193
2024-01-12 12:30:00,0,0.6289335198448492
2024-01-12 12:45:00,1,0.6814594922203264
2024-01-12 13:30:00,1,0.6706848189662428
2024-01-12 13:45:00,1,0.6764177793952643
2024-01-12 14:00:00,1,0.5766291929749958
2024-01-12 16:15:00,0,0.35532950860235873
2024-01-12 16:30:00,0,0.12236082318328442
2024-01-12 17:00:00,0,0.3530867806137635
2024-01-12 17:15:00,0,0.5375106431975389
2024-01-12 17:30:00,1,0.5203180668177705
2024-01-14 23:15:00,1,0.4099718543573161
2024-01-14 23:45:00,0,0.37540065961605634
2024-01-15 04:00:00,0,0.2248255478309535
2024-01-15 05:00:00,1,0.645138932684207
2024-01-15 05:30:00,1,0.6601674908672817
2024-01-15 06:00:00,1,0.6623778633941113
2024-01-15 09:00:00,0,0.16953197653744295
2024-01-15 09:30:00,0,0.18793442060043283
2024-01-15 10:15:00,1,0.20187217538163446
2024-01-15 10:30:00,0,0.18251815340297475
2024-01-15 10:45:00,1,0.17240148799694532
2024-01-15 11:00:00,1,0.2019158511754098
2024-01-15 14:15:00,0,0.3269206847597488
2024-01-15 15:00:00,1,0.3947054518098199
2024-01-15 18:00:00,0,0.2715530172788641
2024-01-15 18:15:00,0,0.26537633885624395
2024-01-15 18:30:00,0,0.26824621757223194
2024-01-15 19:00:00,1,0.3500248389300483
2024-01-15 23:30:00,0,0.3846484857006263
2024-01-15 23:45:00,0,0.3953100297436195
2024-01-16 00:15:00,0,0.38317756556644744
2024-01-16 00:30:00,0,0.31459580547431015
2024-01-16 00:45:00,0,0.33894827512391507
2024-01-16 02:30:00,0,0.4025374748566183
2024-01-16 03:15:00,0,0.4094077828082237
2024-01-17 02:30:00,0,0.5969886668699167
2024-01-17 03:15:00,0,0.46816191117974915
2024-01-17 03:30:00,0,0.534026913848772
2024-01-17 03:45:00,1,0.7817580792863272
2024-01-17 04:30:00,1,0.7411755611983762
2024-01-17 04:45:00,0,0.6542581535542444
2024-01-17 05:15:00,1,0.6018023943003659
2024-01-17 05:30:00,0,0.488402378086107
2024-01-17 09:15:00,1,0.5335519052112305
2024-01-17 09:45:00,1,0.5712035966932283
2024-01-17 10:15:00,0,0.6768895143476874
2024-01-17 11:00:00,1,0.7310510432317215
2024-01-17 11:15:00,0,0.7807094606298296
2024-01-17 11:45:00,1,0.6797953613238511
2024-01-17 12:15:00,0,0.489562367212827
2024-01-17 12:30:00,0,0.47696547622315844
2024-01-17 13:45:00,0,0.45799153821695243
2024-01-17 14:15:00,1,0.5029794227400551
2024-01-17 14:30:00,0,0.4955577749464392
2024-01-17 14:45:00,0,0.6327525617249989
2024-01-17 15:15:00,1,0.44493661250566224
2024-01-18 02:00:00,0,0.5750948472961369
2024-01-18 02:15:00,0,0.5607072630634605
2024-01-18 02:45:00,0,0.5529701508478492
2024-01-18 03:00:00,1,0.6300921048847344
2024-01-18 03:45:00,1,0.46394024615678015
2024-01-18 04:00:00,0,0.7120526960603268
2024-01-18 04:15:00,0,0.4884989013690377
2024-01-18 04:45:00,0,0.49786880970412783
2024-01-18 07:30:00,0,0.43797549070631253
2024-01-18 07:45:00,0,0.5520711809708915
2024-01-18 08:15:00,0,0.4178373277292971
2024-01-18 08:30:00,0,0.5243496964327382
2024-01-18 09:00:00,1,0.6965822475692082
2024-01-18 09:45:00,1,0.4643084726445386
2024-01-18 10:00:00,1,0.40886205093066474
2024-01-18 10:15:00,1,0.4087222968767511
2024-01-18 11:30:00,0,0.37917052940392193
2024-01-18 11:45:00,1,0.345487950408972
2024-01-18 12:15:00,0,0.4587998612888193
2024-01-18 13:00:00,0,0.2339985541561567
2024-01-18 17:00:00,1,0.6133546008084004
2024-01-18 17:30:00,1,0.4706835356672595
2024-01-18 17:45:00,1,0.33080409882577244
2024-01-18 18:00:00,1,0.38452183623137765
2024-01-18 18:30:00,1,0.5321759202483605
2024-01-18 19:00:00,1,0.41944591191191605
2024-01-18 19:30:00,1,0.36679511983464064
2024-01-18 20:00:00,1,0.1975826442645625
2024-01-18 20:15:00,1,0.3558204003688996
2024-01-18 20:45:00,1,0.3750616264867868
2024-01-18 21:15:00,1,0.5885362207558509
2024-01-18 21:45:00,0,0.7671452238501278
2024-01-18 23:15:00,1,0.38664301831424097
2024-01-18 23:45:00,1,0.6549389999116425
2024-01-19 00:00:00,1,0.638546414480832
2024-01-19 00:30:00,1,0.6974114817023117
2024-01-19 01:45:00,0,0.6768113189252791
2024-01-19 02:00:00,1,0.7008039542486937
2024-01-19 02:15:00,1,0.6411836519228222
2024-01-19 02:30:00,0,0.6137080471822915
2024-01-19 02:45:00,0,0.6304388932798809
2024-01-19 03:00:00,0,0.5977763950598985
2024-01-19 03:15:00,0,0.654383548974161
2024-01-19 04:15:00,1,0.34483499720334837
2024-01-19 04:30:00,1,0.31720255540464953
2024-01-19 04:45:00,1,0.3170157788573947
2024-01-19 05:15:00,1,0.4948656602339614
2024-01-19 09:30:00,1,0.42679864427381864
2024-01-19 09:45:00,1,0.38696520493756287
2024-01-19 10:00:00,1,0.2749958863043406
2024-01-19 10:15:00,1,0.2749958863043406
2024-01-19 10:45:00,1,0.2699585531512601
2024-01-19 11:00:00,1,0.41690215941555664
2024-01-19 11:30:00,1,0.5267343798215243
2024-01-19 11:45:00,1,0.38901292423504524
2024-01-19 12:30:00,0,0.6171921976807118
2024-01-19 12:45:00,1,0.5991197140446891
2024-01-19 13:15:00,0,0.5244986310958748
2024-01-19 14:00:00,0,0.855191733462046
2024-01-19 14:30:00,0,0.5483602900913562
2024-01-19 20:15:00,1,0.5834218646101016
2024-01-19 20:30:00,1,0.5141871966454958
2024-01-19 21:00:00,0,0.6844617948405155
2024-01-19 21:15:00,0,0.6090827887955022
2024-01-19 21:30:00,0,0.7110091089874259
2024-01-21 23:00:00,1,0.49717977199923946
2024-01-21 23:30:00,1,0.483100849054781
2024-01-21 23:45:00,1,0.4733263593094982
2024-01-22 01:15:00,0,0.5552167497005753
2024-01-22 01:30:00,0,0.5333333661246783
2024-01-22 01:45:00,0,0.44457121389355214
2024-01-22 02:15:00,0,0.4029101276581854
2024-01-22 02:30:00,0,0.45190728231531746
2024-01-22 02:45:00,0,0.516086347477819
2024-01-22 03:00:00,0,0.42895109784940244
2024-01-22 03:15:00,0,0.40889549536461983
2024-01-22 04:00:00,0,0.49523572963760754
2024-01-22 04:30:00,0,0.799501533524125
2024-01-22 04:45:00,0,0.7523881429554875
2024-01-22 05:15:00,0,0.8006822041251381
2024-01-22 06:00:00,1,0.7105424859562892
2024-01-22 06:45:00,1,0.6750346797887627
2024-01-22 08:30:00,0,0.26094687806403094
2024-01-22 08:45:00,1,0.6786151373315511
2024-01-22 09:00:00,0,0.5649259048342826
2024-01-22 09:30:00,1,0.5271401166572948
2024-01-22 10:15:00,1,0.7692065552981759
2024-01-22 11:15:00,1,0.7397981848587443
2024-01-22 11:30:00,1,0.7970756777127244
2024-01-22 11:45:00,1,0.6844631847133041
2024-01-22 12:15:00,1,0.4796230887418182
2024-01-22 12:30:00,0,0.5441678875271824
2024-01-22 13:00:00,0,0.16870504686339577
2024-01-22 13:30:00,0,0.7281134572201641
2024-01-22 14:00:00,0,0.6663217840389808
2024-01-23 07:15:00,1,0.8740977181593929
2024-01-23 07:30:00,0,0.6543779262549391
2024-01-23 09:45:00,0,0.45687926338964135
2024-01-23 10:00:00,0,0.4866619227521593
2024-01-23 10:15:00,0,0.43293180993995056
2024-01-23 10:30:00,0,0.4531318856671117
2024-01-23 10:45:00,0,0.6834770885623884
2024-01-23 19:45:00,0,0.6650861420863655
2024-01-23 20:00:00,0,0.7401290589306523
2024-01-23 20:15:00,0,0.6785949659848716
2024-01-23 21:00:00,1,0.6938988966295003
2024-01-23 21:15:00,1,0.6764660594898317
2024-01-23 21:30:00,0,0.7298383456896491
2024-01-23 21:45:00,0,0.7412831539930931
2024-01-23 23:00:00,0,0.5714456815863275
2024-01-23 23:45:00,0,0.7646374533199599
2024-01-24 00:00:00,0,0.35161968375597913
2024-01-24 00:15:00,0,0.38140583471931616
2024-01-24 01:00:00,1,0.3529072087908184
2024-01-24 01:30:00,0,0.42323262287789415
2024-01-24 02:00:00,0,0.6477350493789702
2024-01-24 02:15:00,0,0.7510639657292628
2024-01-24 03:00:00,0,0.8077470244618606
2024-01-24 03:15:00,1,0.8583457654915251
2024-01-24 10:00:00,0,0.46002054602471676
2024-01-24 10:15:00,1,0.23424274044617857
2024-01-24 10:45:00,0,0.4549394170831128
2024-01-24 11:00:00,1,0.6563265627244649
2024-01-24 11:30:00,1,0.3980163378961245
2024-01-24 12:00:00,1,0.5568900913280602
2024-01-24 12:15:00,1,0.5568900913280602
2024-01-24 12:30:00,0,0.5256802082500727
2024-01-24 12:45:00,1,0.5056401706860069
2024-01-24 13:45:00,0,0.65042581844574
2024-01-24 14:30:00,0,0.7785287337462327
2024-01-24 14:45:00,0,0.5944473538833673
2024-01-24 15:15:00,0,0.6373298900124944
2024-01-24 15:30:00,0,0.6536555282765676
2024-01-24 15:45:00,0,0.6389051007941162
2024-01-25 07:45:00,0,0.5752794393650068
2024-01-25 08:00:00,0,0.6481803215658128
2024-01-25 11:30:00,0,0.4645103209222202
2024-01-25 11:45:00,0,0.2457834246830148
2024-01-25 12:00:00,0,0.5974126928019773
2024-01-25 12:15:00,1,0.5039757581667885
2024-01-25 12:30:00,0,0.4833903118394776
2024-01-25 12:45:00,1,0.49555954995370816
2024-01-25 13:00:00,1,0.5710922905479408
2024-01-25 13:15:00,1,0.46558006137103236
2024-01-25 15:30:00,0,0.44107892291914946
2024-01-25 15:45:00,0,0.38699717358046976
2024-01-25 16:45:00,1,0.4848235130155594
2024-01-25 18:00:00,1,0.573558914669731
2024-01-25 18:15:00,0,0.767399152758558
2024-01-25 18:30:00,0,0.5135985285283665
2024-01-25 18:45:00,1,0.47816884265070286
2024-01-25 19:45:00,1,0.5798629780246171
2024-01-25 20:00:00,1,0.32663813237047123
2024-01-25 20:15:00,1,0.4759929272059611
2024-01-25 20:30:00,1,0.4459398689345639
2024-01-25 20:45:00,0,0.39425111827704157
2024-01-25 21:00:00,1,0.504261268903283
2024-01-25 21:15:00,1,0.41760504905575274
2024-01-25 21:30:00,1,0.3644448978678103
2024-01-25 21:45:00,0,0.48670117028164
2024-01-26 00:15:00,1,0.4503954169196615
2024-01-26 00:45:00,1,0.5265050198428203
2024-01-26 01:00:00,0,0.5036234538434314
2024-01-26 01:30:00,1,0.5105127493682933
2024-01-26 01:45:00,1,0.5069817621871077
2024-01-26 02:00:00,1,0.5335030915757769
2024-01-26 02:15:00,0,0.7166947536925603
2024-01-26 02:30:00,0,0.7788246166317111
2024-01-26 02:45:00,0,0.45303658462920887
2024-01-26 03:00:00,0,0.49724555527724834
2024-01-26 03:15:00,0,0.32617795802516936
2024-01-26 03:45:00,1,0.32617795802516936
2024-01-26 04:00:00,1,0.32848876723513953
2024-01-26 04:15:00,0,0.3170157788573947
2024-01-26 05:15:00,1,0.5224619207347779
2024-01-26 06:15:00,0,0.5120982647835178
2024-01-26 07:00:00,1,0.42352202780236087
2024-01-26 11:45:00,1,0.6661444070997072
2024-01-26 12:00:00,0,0.7293302432649486
2024-01-26 12:30:00,1,0.5156846358943961
2024-01-26 13:00:00,1,0.481869013077436
2024-01-26 13:45:00,0,0.5996199670248776
2024-01-26 14:30:00,0,0.5709921100853556
2024-01-26 14:45:00,0,0.5649197981758223
2024-01-26 15:00:00,0,0.5525505432212219
2024-01-26 15:15:00,0,0.49359614625601317
2024-01-28 23:30:00,0,0.384590639156695
2024-01-29 00:15:00,1,0.35284278777339756
2024-01-29 00:45:00,1,0.6770178196912857
2024-01-29 01:15:00,1,0.8265180697682262
2024-01-29 01:45:00,1,0.5518962719188982
2024-01-29 02:15:00,1,0.736796954974992
2024-01-29 02:45:00,1,0.7462155355511869
2024-01-29 04:15:00,0,0.6694829633264845
2024-01-29 05:00:00,1,0.7659333740411266
2024-01-29 05:15:00,1,0.7467462052222305
2024-01-29 06:15:00,1,0.45532124965674325
2024-01-29 06:45:00,1,0.5369395446470331
2024-01-29 07:00:00,1,0.6629210409296568
2024-01-29 07:15:00,1,0.653080074961815
2024-01-29 08:30:00,0,0.3688150229626582
2024-01-29 09:45:00,0,0.472419063030022
2024-01-29 10:15:00,0,0.43203863367394374
2024-01-29 10:30:00,1,0.342614776473346
2024-01-29 10:45:00,0,0.28580780725944194
2024-01-29 11:00:00,1,0.4311114543703286
2024-01-29 11:45:00,1,0.3972957893206149
2024-01-29 12:45:00,1,0.5816679102205606
2024-01-29 13:00:00,1,0.4672394886661111
2024-01-29 13:30:00,1,0.6088561755090368
2024-01-29 14:00:00,0,0.5266370981502966
2024-01-29 14:30:00,0,0.5223475030604325
2024-01-29 14:45:00,0,0.5452027527283511
2024-01-29 20:45:00,0,0.7361740773374744
2024-01-29 21:30:00,1,0.8760083441917376
2024-01-29 21:45:00,0,0.7008597374892472
2024-01-29 23:00:00,0,0.6160820813093222
2024-01-29 23:15:00,1,0.8722117588934665
2024-01-29 23:30:00,1,0.8296388196809731
2024-01-30 00:15:00,1,0.4571020054061064
2024-01-30 00:30:00,0,0.527760193825037
2024-01-30 02:45:00,1,0.43873524412846127
2024-01-30 03:30:00,1,0.2595898947849488
2024-01-30 03:45:00,1,0.2243450412203278
2024-01-30 05:15:00,1,0.3368527619529858
2024-01-30 05:45:00,1,0.2976463065573545
2024-01-30 06:45:00,1,0.40250573881853285
2024-01-30 07:00:00,1,0.44034963540801175
2024-01-30 07:15:00,1,0.4108938793507512
2024-01-30 08:45:00,0,0.3827794574290033
2024-01-30 09:45:00,1,0.5643963464057747
2024-01-30 10:15:00,1,0.47164366775612687
2024-01-30 10:30:00,0,0.5904587631640285
2024-01-30 11:00:00,0,0.4474899141240719
2024-01-30 14:45:00,0,0.3305716556307734
2024-01-30 20:30:00,1,0.6586788567131221
2024-01-30 20:45:00,1,0.6422024440070409
2024-01-30 21:30:00,1,0.6614951921453092
2024-01-30 21:45:00,0,0.6755703213728463
2024-01-30 23:15:00,1,0.7166518705776573
2024-01-31 00:00:00,0,0.3293289413126225
2024-01-31 00:30:00,0,0.19499123158088258
2024-01-31 01:30:00,0,0.2771192816730753
2024-01-31 01:45:00,0,0.3354393252563295
2024-01-31 02:00:00,0,0.34164654908890196
2024-01-31 08:45:00,0,0.48249736604834337
2024-01-31 09:00:00,1,0.33451563609547885
2024-01-31 09:45:00,0,0.36513870714704716
2024-01-31 10:00:00,1,0.366384067901632
2024-01-31 10:15:00,1,0.3103503917657366
2024-01-31 10:30:00,1,0.554879140958177
2024-01-31 12:45:00,1,0.4519538773822003
2024-01-31 15:15:00,1,0.46174841523988064
2024-01-31 15:30:00,1,0.48350754711249877
2024-01-31 15:45:00,1,0.5897285770805683
2024-01-31 16:00:00,1,0.6902041338255527
2024-01-31 17:00:00,0,0.469205611185668
2024-01-31 17:45:00,0,0.5170475091859097
2024-01-31 18:30:00,1,0.1331238963878011
2024-01-31 19:00:00,0,0.5227384416828345
2024-01-31 19:15:00,1,0.4349776186740024
2024-01-31 19:45:00,0,0.7343137214605734
2024-02-01 00:45:00,1,0.5783520418947038
2024-02-01 01:00:00,1,0.5142290086996326
2024-02-01 02:30:00,1,0.31624515516055113
2024-02-01 03:00:00,0,0.6143785359586325
2024-02-01 03:15:00,0,0.3989429120755419
2024-02-01 04:30:00,0,0.500180732767977
2024-02-01 05:15:00,0,0.45199588570352145
2024-02-01 05:30:00,0,0.6104761989164781
2024-02-01 07:00:00,0,0.29607566456873297
2024-02-01 08:00:00,1,0.390767006769827
2024-02-01 08:45:00,0,0.22131247916838317
2024-02-01 09:00:00,1,0.17884611579818344
2024-02-01 09:15:00,0,0.31540698968361847
2024-02-01 10:15:00,0,0.3568455618123028
2024-02-01 10:30:00,0,0.5114574397706225
2024-02-01 10:45:00,1,0.5915045912505056
2024-02-01 17:45:00,1,0.7509224569454553
2024-02-01 18:15:00,1,0.5004111663190856
2024-02-01 18:30:00,0,0.4980684378985827
2024-02-01 19:00:00,0,0.4763816213132987
2024-02-01 19:45:00,0,0.18010174094498532
2024-02-01 20:00:00,1,0.47836087266492694
2024-02-01 20:45:00,0,0.527270917010524
2024-02-01 21:00:00,1,0.16570378244277206
2024-02-01 21:15:00,1,0.42329762264564796
2024-02-01 21:45:00,1,0.6581250044941652
2024-02-02 00:00:00,0,0.8152333789820021
2024-02-02 00:15:00,0,0.47262398611233386
2024-02-02 00:45:00,1,0.5032551428144865
2024-02-02 01:00:00,0,0.5768343686830094
2024-02-02 01:15:00,1,0.4915579332848109
2024-02-02 01:30:00,0,0.5167307687232823
2024-02-02 01:45:00,0,0.4915579332848109
2024-02-02 06:15:00,1,0.3940381804352603
2024-02-02 07:00:00,0,0.3141917931619154
2024-02-02 08:15:00,1,0.3848838834233749
2024-02-02 08:30:00,0,0.35727188280924305
2024-02-02 09:30:00,0,0.20065674161589273
2024-02-02 13:45:00,0,0.7682504330144733
2024-02-02 19:00:00,0,0.49730000012604036
2024-02-02 20:00:00,0,0.6748588273780122
2024-02-02 20:15:00,0,0.5979403417066002
2024-02-02 20:30:00,1,0.5551780769862416
2024-02-02 21:00:00,1,0.6677397433611592
2024-02-02 21:15:00,1,0.6360653852770286
2024-02-02 21:30:00,1,0.7355983723518075
2024-02-02 21:45:00,1,0.7326787085872253
2024-02-04 23:15:00,0,0.5952244005161959
2024-02-04 23:30:00,0,0.6752020385613611
2024-02-04 23:45:00,0,0.6306465716883725
2024-02-05 00:15:00,1,0.367550917872142
2024-02-05 19:15:00,0,0.48578890130834773
2024-02-05 19:45:00,0,0.7737144180290368
2024-02-05 20:30:00,0,0.8290953385466865
2024-02-05 21:00:00,0,0.870956036962358
2024-02-05 21:30:00,0,0.8507940124719012
2024-02-05 21:45:00,1,0.8611674454199254
2024-02-05 23:15:00,1,0.8896535759803638
2024-02-06 01:15:00,0,0.28574181588393244
2024-02-06 02:15:00,1,0.5641795742204859
2024-02-06 02:30:00,0,0.6313851272333006
2024-02-06 02:45:00,0,0.6032703167025373
2024-02-06 03:00:00,1,0.5674255449923736
2024-02-06 03:15:00,1,0.578094304937212
2024-02-06 03:30:00,1,0.6687094000353498
2024-02-06 06:15:00,1,0.5346382374109093
2024-02-06 07:00:00,0,0.46054178918685484
2024-02-06 08:00:00,0,0.7962772754471802
2024-02-06 08:45:00,1,0.7983731273105058
2024-02-06 13:30:00,1,0.42807613290678614
2024-02-06 13:45:00,1,0.6466177762011216
2024-02-06 14:15:00,1,0.6254520127826678
2024-02-06 15:00:00,1,0.6589835786088055
2024-02-06 15:30:00,0,0.6266200171521535
2024-02-06 15:45:00,1,0.5972995626042616
2024-02-06 16:30:00,0,0.5586250482063562
2024-02-06 17:15:00,1,0.8481576917836793
2024-02-06 17:45:00,0,0.5688225964682657
2024-02-06 18:30:00,0,0.6220187233103623
2024-02-06 18:45:00,0,0.5920910552982094
2024-02-06 19:00:00,1,0.838111526387506
2024-02-06 19:15:00,0,0.6668724565689784
2024-02-06 19:45:00,0,0.6604953782143386
2024-02-06 20:15:00,0,0.7961046053954646
2024-02-06 20:30:00,0,0.8382285502713578
2024-02-06 20:45:00,0,0.811825652494902
2024-02-06 21:00:00,0,0.3169226530570443
2024-02-06 21:30:00,0,0.806200527078256
2024-02-06 23:00:00,0,0.8270758488755983
2024-02-06 23:45:00,0,0.5381560057552829
2024-02-07 00:00:00,0,0.20434301382611228
2024-02-07 00:45:00,0,0.2644521318970916
2024-02-07 01:00:00,0,0.21279485978908086
2024-02-07 07:45:00,0,0.21509917512984242
2024-02-07 08:00:00,0,0.43180975989935194
2024-02-07 08:15:00,1,0.4252479831641256
2024-02-07 11:45:00,0,0.49072855211602173
2024-02-07 12:15:00,1,0.5349986163173273
2024-02-07 15:00:00,1,0.8080100523524031
2024-02-07 15:45:00,1,0.7760240064957181
2024-02-07 16:00:00,0,0.746219331617389
2024-02-07 17:00:00,0,0.30128301820378484
2024-02-07 17:30:00,0,0.7734928806989151
2024-02-07 17:45:00,0,0.6013373168289433
2024-02-07 18:30:00,1,0.4991172787027191
2024-02-08 02:30:00,0,0.2944588159717861
2024-02-08 02:45:00,0,0.2934463595259563
2024-02-08 03:00:00,0,0.2087070172968984
2024-02-08 03:15:00,0,0.4093359131848336
2024-02-08 03:30:00,0,0.32754215791200053
2024-02-08 03:45:00,1,0.376010990614555
2024-02-08 04:00:00,0,0.20781335038515386
2024-02-08 04:15:00,0,0.2719265660025355
2024-02-08 04:45:00,1,0.27442008182935895
2024-02-08 10:45:00,0,0.35968331879551513
2024-02-08 11:15:00,0,0.6096658376659606
2024-02-08 11:30:00,0,0.6096658376659606
2024-02-08 12:00:00,0,0.45454093040218313
2024-02-08 12:15:00,0,0.45288917276332774
2024-02-08 12:30:00,0,0.6836360131540652
2024-02-08 12:45:00,0,0.7366490136657226
2024-02-08 13:00:00,1,0.7563774485857341
2024-02-08 13:15:00,0,0.7625231755581562
2024-02-08 13:45:00,1,0.6492244767430534
2024-02-08 18:15:00,0,0.635002078789046
2024-02-08 19:30:00,1,0.8393945872349728
2024-02-08 19:45:00,1,0.4773867767926954
2024-02-08 20:00:00,1,0.5872241817456775
2024-02-08 20:15:00,1,0.607686410936591
2024-02-08 21:00:00,1,0.6547455021330093
2024-02-08 21:15:00,1,0.6388800606704859
2024-02-08 21:45:00,1,0.625367868339205
2024-02-08 23:45:00,0,0.4316400257565461
2024-02-09 00:15:00,1,0.4379398578246552
2024-02-09 01:30:00,0,0.5018328612057631
2024-02-09 02:00:00,0,0.447622838899438
2024-02-09 02:45:00,0,0.24759518553177
2024-02-09 03:45:00,0,0.2977166126282324
2024-02-09 04:15:00,1,0.24841866225507944
2024-02-09 04:30:00,0,0.43442551476478775
2024-02-09 07:15:00,0,0.5213546303869178
2024-02-09 07:30:00,0,0.4188875296587935
2024-02-09 08:00:00,1,0.5472418198031062
2024-02-09 13:45:00,1,0.47313675175909375
2024-02-09 14:00:00,0,0.6471935706223991
2024-02-09 14:15:00,0,0.4636763067605145
2024-02-09 14:45:00,0,0.6931594537611121
2024-02-09 15:15:00,0,0.6463482634813222
2024-02-11 23:15:00,0,0.7868202218133192
2024-02-11 23:30:00,1,0.8063800062029014
2024-02-11 23:45:00,0,0.8039831383016112
2024-02-12 00:15:00,0,0.5925050594886057
2024-02-12 00:45:00,0,0.4890680540065178
2024-02-12 01:15:00,0,0.4097189335609994
2024-02-12 02:15:00,1,0.6100794656676269
2024-02-12 02:30:00,1,0.4111037114193464
2024-02-12 02:45:00,1,0.41902255569503605
2024-02-12 08:45:00,0,0.7619673670011166
2024-02-12 09:00:00,0,0.7571532265564539
2024-02-12 09:15:00,0,0.7411880204463132
2024-02-12 09:30:00,0,0.5483232647682937
2024-02-12 09:45:00,1,0.6091918196048567
2024-02-12 10:00:00,1,0.6611827828412601
2024-02-12 13:30:00,0,0.5412624238747614
2024-02-12 13:45:00,0,0.5548237534412022
2024-02-12 14:15:00,1,0.5278561746360955
2024-02-13 01:15:00,0,0.24315297719487433
2024-02-13 01:30:00,0,0.3037822853738597
2024-02-13 01:45:00,0,0.30714061582561303
2024-02-13 02:00:00,0,0.27989276862425627
2024-02-13 02:15:00,0,0.3155777103402338
2024-02-13 02:30:00,0,0.2940827779557602
2024-02-13 03:00:00,1,0.11769414335344688
2024-02-13 11:45:00,1,0.5138910535246751
2024-02-13 12:00:00,0,0.6006456996086836
2024-02-13 12:15:00,1,0.4429076912546274
2024-02-13 13:15:00,0,0.5898708371210228
2024-02-13 13:45:00,0,0.63868335925563
2024-02-13 14:00:00,1,0.41389050695397356
2024-02-13 14:15:00,0,0.39530377770916963
2024-02-13 14:30:00,0,0.4916891850525535
2024-02-14 02:15:00,1,0.43853805016593267
2024-02-14 02:30:00,1,0.43853805016593267
2024-02-14 02:45:00,1,0.45643883035975336
2024-02-14 03:00:00,1,0.4175145187621205
2024-02-14 04:30:00,0,0.42251822105960135
2024-02-14 04:45:00,0,0.4542801495746001
2024-02-14 05:15:00,0,0.3381636185136811
2024-02-14 05:45:00,0,0.3407017597064975
2024-02-14 06:00:00,0,0.32706294777308126
2024-02-14 06:15:00,0,0.3459275905807884
2024-02-14 06:30:00,0,0.338115759361576
2024-02-14 06:45:00,0,0.36137457751101465
2024-02-14 07:15:00,0,0.4622621949899704
2024-02-14 07:45:00,1,0.48339442449440645
2024-02-14 08:00:00,0,0.520101291450295
2024-02-14 08:15:00,1,0.6086054732926588
2024-02-14 11:15:00,1,0.39724783684369575
2024-02-14 11:30:00,0,0.438052828946768
2024-02-14 11:45:00,0,0.4209961253568958
2024-02-14 12:15:00,1,0.3279557630465184
2024-02-14 13:15:00,0,0.386240393704628
2024-02-14 14:00:00,1,0.3785188184786572
2024-02-14 14:15:00,0,0.4117465338060545
2024-02-14 18:30:00,0,0.4713517498357588
2024-02-14 19:15:00,1,0.44407338320603557
2024-02-14 20:30:00,1,0.6551475160223548
2024-02-14 21:00:00,1,0.30794078154997656
2024-02-14 23:30:00,1,0.40890591033954715
2024-02-14 23:45:00,0,0.5134644975387392
2024-02-15 00:00:00,0,0.5023761744320099
2024-02-15 00:45:00,0,0.5861822057277277
2024-02-15 01:30:00,1,0.5579631261485589
2024-02-15 01:45:00,0,0.5945613863236452
2024-02-15 02:15:00,0,0.47796060549200053
2024-02-15 02:30:00,0,0.4678088669313406
2024-02-15 03:00:00,0,0.3287494811110745
2024-02-15 03:15:00,0,0.3452521994638563
2024-02-15 08:30:00,1,0.585677762386942
2024-02-15 08:45:00,1,0.5803998326165115
2024-02-15 09:30:00,1,0.5124592294314984
2024-02-15 09:45:00,1,0.5555501618928379
2024-02-15 10:30:00,0,0.7186077824171254
2024-02-15 10:45:00,1,0.7074201752488356
2024-02-15 11:00:00,1,0.5257542601273243
2024-02-15 11:15:00,1,0.5921443432916863
2024-02-15 11:30:00,1,0.6964106743940899
2024-02-15 12:00:00,1,0.6844423595317429
2024-02-15 12:30:00,1,0.6908862915819134
2024-02-15 14:00:00,1,0.5181831162379755
2024-02-15 14:15:00,1,0.4698510154461351
2024-02-15 15:15:00,0,0.4284296999753557
2024-02-15 15:30:00,0,0.2907567499497745
2024-02-15 16:00:00,0,0.51537616442557
2024-02-15 16:30:00,1,0.5490101682814772
2024-02-15 17:00:00,1,0.5185980701619385
2024-02-15 18:00:00,1,0.4035440799829411
2024-02-15 19:45:00,0,0.3492830815021465
2024-02-15 20:00:00,1,0.6255897407180226
2024-02-15 20:30:00,0,0.5606155560726236
2024-02-15 20:45:00,0,0.6710744592255832
2024-02-15 21:15:00,0,0.5972046329906289
2024-02-15 21:30:00,0,0.7062381158405966
2024-02-15 21:45:00,0,0.7184542617202782
2024-02-15 23:15:00,0,0.7385172917509752
2024-02-15 23:30:00,1,0.9063321897659623
2024-02-15 23:45:00,1,0.6525447487129369
2024-02-16 00:15:00,1,0.5729943216715677
2024-02-16 07:45:00,1,0.5402825697601222
2024-02-16 08:00:00,1,0.6902021675486468
2024-02-16 08:15:00,1,0.6902021675486468
2024-02-16 09:00:00,1,0.6766429643152896
2024-02-16 09:30:00,1,0.5082851313330742
2024-02-16 09:45:00,1,0.4317081225747012
2024-02-16 10:00:00,1,0.615755327496447
2024-02-16 10:30:00,0,0.6707892746297658
2024-02-16 11:00:00,0,0.7100156892678134
2024-02-16 11:30:00,0,0.653222761208576
2024-02-16 12:45:00,0,0.6878219733034986
2024-02-16 13:00:00,1,0.6928715508495021
2024-02-16 13:15:00,0,0.6729368129221296
2024-02-16 16:00:00,1,0.3668978612881607
2024-02-16 16:15:00,1,0.44603361503706024
2024-02-16 16:30:00,0,0.5144659722438522
2024-02-16 16:45:00,1,0.5144659722438522
2024-02-16 17:15:00,1,0.5063101188621024
2024-02-16 17:30:00,1,0.4741809167319888
2024-02-16 17:45:00,0,0.6370727998074582
2024-02-16 18:30:00,1,0.43195226735105857
2024-02-16 18:45:00,1,0.5152976440638567
2024-02-16 19:00:00,0,0.47886303152837145
2024-02-16 20:00:00,1,0.6427535850213066
2024-02-16 20:15:00,0,0.4383089164594808
2024-02-16 20:30:00,0,0.44850796845958707
2024-02-16 21:00:00,0,0.6145656856714385
2024-02-19 01:45:00,1,0.6591227228050913
2024-02-19 02:30:00,0,0.6704430366125738
2024-02-19 03:00:00,0,0.5492078253866806
2024-02-19 03:15:00,0,0.45525480106709293
2024-02-19 03:30:00,0,0.35364983777008135
2024-02-19 03:45:00,0,0.3828480613073301
2024-02-19 04:45:00,1,0.7637903937390568
2024-02-19 05:30:00,1,0.4438417911616666
2024-02-19 06:00:00,1,0.2874465205777778
2024-02-19 06:15:00,0,0.2963113687908451
2024-02-19 06:30:00,0,0.32806464059283524
2024-02-19 07:00:00,0,0.3187475750343699
2024-02-19 07:30:00,0,0.3784273451168039
2024-02-19 09:00:00,0,0.3116017825514262
2024-02-19 09:30:00,0,0.4073110938373477
2024-02-19 10:00:00,0,0.41431767122120694
2024-02-20 02:30:00,0,0.5524151666196189
2024-02-20 02:45:00,1,0.5355705556313292
2024-02-20 03:00:00,1,0.5059113212119626
2024-02-20 03:30:00,1,0.3363614908853234
2024-02-20 04:15:00,1,0.3766275785308577
2024-02-20 04:30:00,1,0.33042225595602615
2024-02-20 05:00:00,1,0.35810485061860714
2024-02-20 05:15:00,1,0.37436928672137226
2024-02-20 06:15:00,1,0.2842746961506173
2024-02-20 06:30:00,1,0.28995903131186296
2024-02-20 06:45:00,1,0.3660215972253248
2024-02-20 07:30:00,0,0.39427229558613613
2024-02-20 07:45:00,1,0.32274034815891195
2024-02-20 08:00:00,1,0.35299457758458325
2024-02-20 08:15:00,0,0.4316929813109295
2024-02-20 08:30:00,1,0.3945678077021886
2024-02-20 09:15:00,1,0.6903099051971676
2024-02-20 09:30:00,0,0.6606012485302533
2024-02-20 09:45:00,1,0.7335209238894833
2024-02-20 10:15:00,1,0.7657139092933138
2024-02-20 12:15:00,1,0.46817488679854113
2024-02-20 12:30:00,1,0.506250327253635
2024-02-20 12:45:00,1,0.5661226685474705
2024-02-20 13:30:00,1,0.6595742677268127
2024-02-20 13:45:00,0,0.6175541463016653
2024-02-21 06:00:00,1,0.4701282257481582
2024-02-21 06:15:00,0,0.37526780479275057
2024-02-21 06:30:00,0,0.41426539900582243
2024-02-21 06:45:00,0,0.5305216990567865
2024-02-21 07:00:00,0,0.49977393949034393
2024-02-21 07:15:00,0,0.5222319992094249
2024-02-21 07:30:00,0,0.49641298923525995
2024-02-21 08:30:00,1,0.431705858711676
2024-02-21 08:45:00,1,0.4709164324074596
2024-02-21 13:30:00,0,0.6204158346447988
2024-02-21 13:45:00,1,0.5826109528602713
2024-02-21 14:15:00,0,0.6134799661417133
2024-02-21 15:30:00,0,0.3955166463009186
2024-02-21 15:45:00,0,0.6131164435662716
2024-02-21 16:00:00,0,0.7748821306985116
2024-02-21 16:30:00,0,0.7933211805234232
2024-02-21 17:00:00,1,0.6515678211833006
2024-02-22 02:15:00,1,0.40378158012534016
2024-02-22 02:30:00,1,0.35693317011417486
2024-02-22 02:45:00,0,0.3248493849300479
2024-02-22 03:00:00,1,0.26088878462254184
2024-02-22 03:15:00,1,0.28356596760481717
2024-02-22 04:15:00,1,0.32946745872359207
2024-02-22 04:30:00,1,0.4147977491052241
2024-02-22 04:45:00,1,0.43377056483015625
2024-02-22 05:00:00,0,0.4998194462686472
2024-02-22 05:15:00,1,0.45285796490979036
2024-02-22 05:30:00,1,0.496661182006027
2024-02-22 06:00:00,0,0.4641503567598564
2024-02-22 06:15:00,0,0.5233215583948181
2024-02-22 06:30:00,1,0.4641503567598564
2024-02-22 06:45:00,1,0.5190369033177438
2024-02-22 07:00:00,1,0.4810848986352157
2024-02-22 07:15:00,1,0.44595055888890306
2024-02-22 07:45:00,1,0.44595055888890306
2024-02-22 08:15:00,0,0.5743090464818303
2024-02-22 08:45:00,0,0.47300441396551934
2024-02-22 09:00:00,0,0.462564786714165
2024-02-22 10:00:00,1,0.46296842382412023
2024-02-22 10:30:00,0,0.5407861263979126
2024-02-22 10:45:00,0,0.45060474398832107
2024-02-23 02:15:00,0,0.6860018542937679
2024-02-23 02:30:00,0,0.6770957595462425
2024-02-23 02:45:00,1,0.6849591849502134
2024-02-23 03:15:00,0,0.6574426972353212
2024-02-23 03:30:00,0,0.6285668395627466
2024-02-23 03:45:00,0,0.6778524218704263
2024-02-23 04:15:00,0,0.627632932619153
2024-02-23 04:30:00,0,0.703162400056356
2024-02-23 05:15:00,0,0.7332987022714698
2024-02-23 05:30:00,0,0.755075098818125
2024-02-23 05:45:00,0,0.6188243975599862
2024-02-23 06:00:00,0,0.5114108313154806
2024-02-23 06:15:00,1,0.5744530049755147
2024-02-23 13:45:00,1,0.7433658873956573
2024-02-23 14:00:00,1,0.6447510462153098
2024-02-23 14:15:00,1,0.6135119320998329
2024-02-23 14:45:00,1,0.5442702007322633
2024-02-23 15:00:00,1,0.5615877301878373
2024-02-23 15:30:00,1,0.422314210520746
2024-02-23 15:45:00,1,0.5735172735110958
2024-02-23 16:00:00,1,0.6347020243714737
2024-02-23 16:15:00,1,0.6063115789551992
2024-02-23 16:45:00,0,0.44661484689138126
2024-02-23 17:30:00,0,0.40437150540412903
2024-02-23 17:45:00,1,0.49604939375121626
2024-02-23 18:00:00,1,0.5671240325335554
2024-02-23 18:30:00,1,0.5798954549995424
2024-02-23 19:00:00,0,0.5818523708769701
2024-02-23 19:15:00,0,0.6009361390707282
2024-02-25 23:15:00,0,0.523617377404855
2024-02-25 23:30:00,0,0.523617377404855
2024-02-25 23:45:00,0,0.4429717440425816
2024-02-26 00:15:00,0,0.25580445810906666
2024-02-26 00:30:00,1,0.35262155475370344
2024-02-26 00:45:00,1,0.31738628352750037
2024-02-26 03:00:00,1,0.44636853197353593
2024-02-26 03:30:00,1,0.2608270188061605
2024-02-26 03:45:00,1,0.2810534360540216
2024-02-26 04:30:00,1,0.23851688205654395
2024-02-26 04:45:00,1,0.23822784372022168
2024-02-26 05:00:00,1,0.2638923249889889
2024-02-26 05:15:00,0,0.15769427564492128
2024-02-26 05:30:00,0,0.15769427564492128
2024-02-26 06:00:00,1,0.1499413120769864
2024-02-26 06:45:00,1,0.4052849482910729
2024-02-26 07:15:00,0,0.256370227515753
2024-02-26 07:30:00,0,0.3885557171527981
2024-02-26 09:00:00,0,0.4357254221305759
2024-02-26 09:45:00,1,0.4357254221305759
2024-02-26 10:30:00,0,0.3176667465022786
2024-02-26 10:45:00,0,0.3121319454370446
2024-02-26 21:00:00,0,0.6408239257092885
2024-02-26 21:15:00,1,0.6387341775474134
2024-02-26 21:30:00,1,0.6997844481739239
2024-02-26 23:30:00,1,0.722568093839704
2024-02-27 00:30:00,1,0.3499130024270356
2024-02-27 00:45:00,1,0.2234075054201338
2024-02-27 01:00:00,1,0.2695927683604808
2024-02-27 01:15:00,1,0.1789031888809917
2024-02-27 02:00:00,1,0.3352874574214762
2024-02-27 02:15:00,1,0.20690448236271802
2024-02-27 03:30:00,1,0.12826406356320522
2024-02-27 04:00:00,0,0.3390691696980358
2024-02-27 05:00:00,1,0.3535155766011709
2024-02-27 05:30:00,1,0.3762906470035308
2024-02-27 06:00:00,1,0.21214866712603964
2024-02-27 06:15:00,1,0.23795595323194216
2024-02-27 06:30:00,1,0.27352971352724725
2024-02-27 07:30:00,1,0.2822249521870828
2024-02-27 07:45:00,1,0.3481163971694497
2024-02-27 08:15:00,1,0.27712569901424633
2024-02-27 08:30:00,0,0.30954309949416814
2024-02-27 09:00:00,0,0.4246245510303302
2024-02-27 09:15:00,0,0.36933605464624375
2024-02-27 09:30:00,1,0.36702153661922743
2024-02-27 10:45:00,1,0.6416898514175318
2024-02-27 12:15:00,0,0.5395747512406954
2024-02-27 12:30:00,1,0.5554772015773093
2024-02-27 12:45:00,0,0.5617559580932128
2024-02-27 13:15:00,0,0.5384705237039621
2024-02-27 14:00:00,1,0.6128825174587135
2024-02-27 14:30:00,0,0.5818017310394573
2024-02-27 15:30:00,0,0.5542194503604383
2024-02-27 16:15:00,0,0.3982509584784109
2024-02-27 16:30:00,0,0.3756273828675617
2024-02-28 15:00:00,1,0.6002951137604013
2024-02-28 15:30:00,1,0.6794385953520129
2024-02-28 15:45:00,1,0.5700696891729446
2024-02-28 16:00:00,1,0.7189654500336162
2024-02-28 17:45:00,1,0.703698544077616
2024-02-28 18:00:00,0,0.7324773697036683
2024-02-28 18:30:00,0,0.5309343520351293
2024-02-28 18:45:00,1,0.5167220856857386
2024-02-28 19:15:00,1,0.6336935030022184
2024-02-28 19:30:00,1,0.6360067096792834
2024-02-28 20:00:00,1,0.6333373134448973
2024-02-28 20:15:00,1,0.6516136736165355
2024-02-28 20:30:00,1,0.6513199530728024
2024-02-28 20:45:00,1,0.6333171272765181
2024-02-28 21:30:00,0,0.6866686459476309
2024-02-28 21:45:00,1,0.6920852171386328
2024-02-28 23:15:00,1,0.5594601135609729
2024-02-28 23:45:00,1,0.6599900760504327
2024-02-29 00:15:00,1,0.3273526383323754
2024-02-29 02:00:00,0,0.39258364506965426
2024-02-29 02:30:00,0,0.2944588159717861
2024-02-29 02:45:00,0,0.29100044480042886
2024-02-29 03:15:00,0,0.2087070172968984
2024-02-29 03:45:00,0,0.17373300830419386
2024-02-29 04:00:00,0,0.3040085155825787
2024-02-29 04:15:00,0,0.32620469215006426
2024-02-29 04:45:00,1,0.17744611740446864
2024-02-29 05:00:00,1,0.385264508317035
2024-02-29 05:15:00,1,0.39415282462554385
2024-02-29 08:15:00,0,0.45420558219909113
2024-02-29 08:30:00,1,0.37944492702351984
2024-02-29 08:45:00,0,0.3851769655627495
2024-02-29 09:15:00,0,0.4116419142708899
2024-02-29 09:30:00,0,0.3193239409817769
2024-02-29 09:45:00,0,0.51521850698524
2024-02-29 10:00:00,0,0.49518065426717367
2024-02-29 10:15:00,0,0.5512502699040577
2024-02-29 10:30:00,0,0.4445017241192739
2024-02-29 10:45:00,0,0.5795708207714264
2024-02-29 11:30:00,0,0.6175244409530689
2024-02-29 15:15:00,1,0.5332837785243428
2024-02-29 15:30:00,0,0.631157757876491
2024-02-29 16:00:00,0,0.5879026822644462
2024-02-29 16:30:00,1,0.49787247392405765
2024-02-29 16:45:00,1,0.4590544638776437
2024-02-29 17:00:00,0,0.483794713361091
2024-02-29 17:15:00,0,0.11034659195006588
2024-02-29 17:30:00,1,0.5496626427418108
2024-02-29 17:45:00,0,0.5742002051715257
2024-02-29 18:45:00,0,0.29523777868221385
2024-02-29 19:15:00,0,0.367465007032455
2024-02-29 20:30:00,0,0.6393920054907001
2024-02-29 21:30:00,1,0.7058652077717027
2024-02-29 21:45:00,1,0.6900932728287181
2024-02-29 23:00:00,1,0.7264269180155742
2024-03-01 04:00:00,0,0.3335437439155858
2024-03-01 04:15:00,0,0.35621186580465275
2024-03-01 04:45:00,0,0.35621186580465275
2024-03-01 05:00:00,1,0.2957740359518743
2024-03-01 05:45:00,1,0.30307642772443294
2024-03-01 06:00:00,1,0.46074059669190226
2024-03-01 06:15:00,0,0.46118461919378795
2024-03-01 06:30:00,0,0.4251151391766299
2024-03-01 08:00:00,0,0.5219160368095022
2024-03-01 08:15:00,0,0.40136050046814975
2024-03-01 08:30:00,1,0.4927019507982421
2024-03-01 11:45:00,0,0.3566551486860788
2024-03-01 12:30:00,0,0.4607250424308041
2024-03-01 13:15:00,1,0.7565630404873697
2024-03-01 13:30:00,1,0.5144453994433076
2024-03-01 14:00:00,0,0.7228437199345984
2024-03-01 14:30:00,1,0.15792818117482518
2024-03-01 19:30:00,0,0.6485813654375813
2024-03-01 21:00:00,1,0.7622884954397555
2024-03-01 21:30:00,1,0.755646845647539
2024-03-03 23:00:00,0,0.6822234983246191
2024-03-03 23:30:00,0,0.41945086275181653
2024-03-04 00:00:00,1,0.5430179562758398
2024-03-04 00:15:00,0,0.5115820530223395
2024-03-04 00:30:00,0,0.5380657166290818
2024-03-04 00:45:00,0,0.5614239425324739
2024-03-04 01:00:00,1,0.47730215895403755
2024-03-04 01:15:00,1,0.5211633384968241
2024-03-04 02:15:00,1,0.43838571428674267
2024-03-04 02:30:00,0,0.4853891679994668
2024-03-04 03:00:00,1,0.4376105061962587
2024-03-04 03:30:00,1,0.44081098920033335
2024-03-04 04:30:00,1,0.3903580936017112
2024-03-04 05:15:00,1,0.43021592986204477
2024-03-04 05:30:00,1,0.36778318357274364
2024-03-04 05:45:00,1,0.36354138103402855
2024-03-04 06:00:00,0,0.2584469791133885
2024-03-04 06:15:00,1,0.3272929609979395
2024-03-04 07:00:00,1,0.3625387705029977
2024-03-04 07:30:00,0,0.3436300600391386
2024-03-04 09:00:00,1,0.36116366192029437
2024-03-04 09:15:00,1,0.6682465520807446
2024-03-04 09:30:00,0,0.33111697039365345
2024-03-04 11:00:00,0,0.5283475327020477
2024-03-04 11:30:00,1,0.3858904659094155
2024-03-04 17:00:00,1,0.6162776161762243
2024-03-04 17:30:00,1,0.600114527425684
2024-03-04 17:45:00,1,0.551160291549242
2024-03-04 18:15:00,0,0.6484588035850017
2024-03-04 18:45:00,0,0.7095147073672229
2024-03-04 19:00:00,1,0.8701713047833812
2024-03-04 20:00:00,0,0.7253262300440348
2024-03-04 21:45:00,1,0.6048308418935717
2024-03-05 00:15:00,1,0.4627004148446805
2024-03-05 00:45:00,0,0.4311324721735638
2024-03-05 01:15:00,1,0.5776587111284011
2024-03-05 07:15:00,1,0.7420940601085089
2024-03-05 08:15:00,1,0.37258084076643216
2024-03-05 08:30:00,0,0.36197942411252265
2024-03-05 08:45:00,1,0.3722296222235257
2024-03-05 09:15:00,0,0.3397738723436293
2024-03-05 09:30:00,1,0.3397738723436293
2024-03-05 10:00:00,0,0.5089336889269134
2024-03-05 11:45:00,0,0.5094357647325759
2024-03-05 13:45:00,1,0.5760683150451655
2024-03-05 14:00:00,1,0.5519628047447929
2024-03-05 14:30:00,1,0.5892248536793718
2024-03-05 14:45:00,1,0.5466910699621386
2024-03-05 15:00:00,0,0.8635433055706473
2024-03-05 15:30:00,0,0.5823171670575373
2024-03-05 16:00:00,1,0.6176669709900809
2024-03-05 16:15:00,1,0.3118031104857829
2024-03-05 16:45:00,1,0.6625026398337743
2024-03-05 17:00:00,1,0.5670419781932777
2024-03-05 17:45:00,1,0.7628998640401975
2024-03-05 18:15:00,0,0.5429403794045731
2024-03-05 18:45:00,1,0.6956923847061374
2024-03-05 19:15:00,0,0.7353200159422593
2024-03-05 19:30:00,0,0.3322611085674694
2024-03-05 20:00:00,0,0.7597456761761308
2024-03-05 21:15:00,0,0.8196022083870783
2024-03-06 00:15:00,0,0.6350694676347797
2024-03-06 00:30:00,0,0.6106905960842449
2024-03-06 00:45:00,0,0.5635784832283509
2024-03-06 01:15:00,1,0.5070815757918753
2024-03-06 01:30:00,0,0.5070815757918753
2024-03-06 03:00:00,1,0.5154247415769663
2024-03-06 03:15:00,1,0.5288893566523724
2024-03-06 06:15:00,1,0.4907862531732656
2024-03-06 06:45:00,1,0.4907862531732656
2024-03-06 07:00:00,0,0.4938067306376338
2024-03-06 08:00:00,0,0.5321799661731818
2024-03-06 08:30:00,1,0.4337059597134994
2024-03-06 15:15:00,0,0.5010098180117735
2024-03-06 15:45:00,1,0.7325036036156106
2024-03-06 16:30:00,1,0.6775996974999546
2024-03-06 16:45:00,0,0.7672458618818903
2024-03-06 17:30:00,1,0.7400327729412014
2024-03-06 17:45:00,1,0.7163576971707213
2024-03-06 18:00:00,1,0.6449898756057884
2024-03-06 18:15:00,0,0.6407931621049342
2024-03-07 03:30:00,1,0.4664651183793336
2024-03-07 04:15:00,0,0.4975315843490427
2024-03-07 04:45:00,0,0.18890307091156028
2024-03-07 05:15:00,0,0.5426446407240948
2024-03-07 05:30:00,0,0.2091156538597626
2024-03-07 06:45:00,0,0.8203745873236714
2024-03-07 07:15:00,1,0.18548833657608654
2024-03-07 08:00:00,1,0.457717249990822
2024-03-07 08:30:00,0,0.6893417481528855
2024-03-07 09:45:00,0,0.2691041495219055
2024-03-07 10:45:00,0,0.31416457850312646
2024-03-07 11:00:00,1,0.6977591867925675
2024-03-07 13:15:00,1,0.6401149182904656
2024-03-07 13:30:00,0,0.4702516051416495
2024-03-07 14:00:00,1,0.6338260871134687
2024-03-07 20:00:00,1,0.5310804622945368
2024-03-07 20:15:00,0,0.47143288579761744
2024-03-07 20:30:00,0,0.5359543627642889
2024-03-07 20:45:00,1,0.5141536664886283
2024-03-07 21:15:00,1,0.5879054767586694
2024-03-07 21:30:00,1,0.6366128392257326
2024-03-07 23:15:00,1,0.45221266092535295
2024-03-08 00:00:00,0,0.4705894481215196
2024-03-08 00:15:00,0,0.45593615588317493
2024-03-08 00:45:00,0,0.47223887149424354
2024-03-08 01:00:00,0,0.4746467801557223
2024-03-08 01:15:00,0,0.4748440359059332
2024-03-08 01:30:00,0,0.4722606798739625
2024-03-08 01:45:00,0,0.482519359910696
2024-03-08 02:00:00,1,0.4402558909001081
2024-03-08 02:15:00,0,0.42769156801325453
2024-03-08 02:45:00,1,0.39464939729919807
2024-03-08 06:45:00,0,0.31649299138781506
2024-03-08 07:00:00,1,0.3126638230467173
2024-03-08 08:00:00,1,0.3530889566624432
2024-03-08 08:15:00,0,0.33277211970182824
2024-03-08 08:45:00,1,0.46367137528718555
2024-03-08 09:00:00,1,0.23825783023330768
2024-03-08 09:15:00,0,0.26438227621909405
2024-03-08 09:30:00,1,0.25397652078127697
2024-03-08 10:00:00,0,0.40375745932741414
2024-03-08 10:45:00,0,0.36156948558237795
2024-03-08 11:00:00,1,0.650095763899635
2024-03-08 11:15:00,0,0.3881917687755999
2024-03-08 11:30:00,1,0.6586707952871895
2024-03-08 11:45:00,1,0.3922681755119366
2024-03-08 12:00:00,1,0.49560676740408866
2024-03-08 18:15:00,1,0.5267567734261812
2024-03-08 18:30:00,0,0.4534597335319934
2024-03-08 19:00:00,1,0.723822946551424
2024-03-08 19:15:00,1,0.7769010809226405
2024-03-08 20:00:00,1,0.5542516486220818
2024-03-08 20:30:00,1,0.5505394274014715
2024-03-08 20:45:00,1,0.5701054665609409
2024-03-08 21:00:00,1,0.7184381629579999
2024-03-08 21:45:00,1,0.7578275575769711
2024-03-10 22:00:00,0,0.7051797222896665
2024-03-10 22:15:00,0,0.7605603202824716
2024-03-10 22:30:00,1,0.22466886576990175
2024-03-10 23:15:00,0,0.6870937326703329
2024-03-11 00:00:00,1,0.3480762120888925
2024-03-11 00:30:00,0,0.3753589985499151
2024-03-11 01:00:00,0,0.5577266218371922
2024-03-11 01:30:00,0,0.4498828996620038
2024-03-11 02:00:00,0,0.4208420563835528
2024-03-11 02:15:00,0,0.38691006363991115
2024-03-11 02:30:00,1,0.43245513467037056
2024-03-11 08:15:00,0,0.36961574547187964
2024-03-11 08:30:00,0,0.3922196198094315
2024-03-11 08:45:00,1,0.3275250040156466
2024-03-11 14:30:00,1,0.5709256880763577
2024-03-11 15:15:00,1,0.6772820623063445
2024-03-11 16:15:00,1,0.33178014088872193
2024-03-11 17:00:00,0,0.623123395428532
2024-03-11 17:45:00,0,0.53973798139836
2024-03-11 18:15:00,1,0.4093997154650319
2024-03-11 19:00:00,0,0.534606623685607
2024-03-11 19:30:00,0,0.28264366170925326
2024-03-11 20:00:00,1,0.7710600175798221
2024-03-11 20:30:00,0,0.5606626829675271
2024-03-11 20:45:00,0,0.5546950638651714
2024-03-11 22:00:00,0,0.5325493575961345
2024-03-11 22:45:00,1,0.8456041249814787
2024-03-11 23:45:00,0,0.5715438512690377
2024-03-12 00:45:00,1,0.503892597454263
2024-03-12 01:00:00,1,0.40698723574778434
2024-03-12 02:00:00,0,0.4780348479694979
2024-03-12 02:45:00,0,0.45726542088778427
2024-03-12 03:00:00,1,0.48306864584408504
2024-03-12 12:45:00,0,0.21223778171698696
2024-03-12 13:30:00,1,0.7410464310834073
2024-03-12 17:00:00,0,0.19701479241323225
2024-03-12 17:45:00,0,0.644080274221245
2024-03-12 18:45:00,1,0.5110107468657487
2024-03-13 03:15:00,0,0.529296704116447
2024-03-13 03:45:00,0,0.5170755213420266
2024-03-13 04:15:00,1,0.5239023363073055
2024-03-13 12:30:00,1,0.5403079692625309
2024-03-13 13:00:00,1,0.6424899170602361
2024-03-13 14:15:00,1,0.8907215268850187
2024-03-13 14:45:00,1,0.7410612482926
2024-03-13 15:00:00,1,0.7491240334147666
2024-03-13 15:30:00,1,0.7175456224415605
2024-03-13 16:15:00,0,0.6812038171650262
2024-03-13 16:30:00,1,0.7141814262855795
2024-03-13 17:00:00,0,0.7279355408409136
2024-03-13 17:30:00,0,0.7142776960856723
2024-03-13 17:45:00,1,0.7543200375290492
2024-03-13 18:15:00,0,0.6888146089354655
2024-03-13 19:45:00,1,0.7532788310085321
2024-03-13 20:30:00,1,0.7980630218215695
2024-03-13 20:45:00,0,0.8129947504490135
2024-03-13 22:00:00,1,0.7759887276662095
2024-03-13 22:15:00,1,0.7393761999666744
2024-03-13 22:45:00,1,0.5282985542271386
2024-03-13 23:15:00,0,0.8129303657630184
2024-03-13 23:30:00,0,0.5186845739240483
2024-03-14 00:00:00,1,0.4779920147305796
2024-03-14 01:15:00,0,0.41110908649176364
2024-03-14 02:30:00,0,0.4678437248905355
2024-03-14 02:45:00,0,0.481235857310979
2024-03-14 03:30:00,1,0.3672383521321854
2024-03-14 04:00:00,0,0.3502276778838582
2024-03-14 04:30:00,0,0.2796721751163309
2024-03-14 05:15:00,0,0.39822920677261436
2024-03-14 05:30:00,0,0.4095392087411904
2024-03-14 05:45:00,0,0.34353927694876824
2024-03-14 06:30:00,0,0.37482319841806444
2024-03-15 01:45:00,1,0.4561784235322097
2024-03-15 02:00:00,1,0.4651241883671746
2024-03-15 03:00:00,1,0.451215404951838
2024-03-15 03:15:00,1,0.4774277133165388
2024-03-15 03:30:00,1,0.41833179033609397
2024-03-15 03:45:00,1,0.3589281168018099
2024-03-15 04:15:00,1,0.3502030116696831
2024-03-15 04:45:00,1,0.4038460145413482
2024-03-15 05:30:00,1,0.38913093696462164
2024-03-15 05:45:00,0,0.400089182054925
2024-03-15 06:00:00,1,0.46955102740250826
2024-03-15 07:00:00,0,0.3753131920456694
2024-03-15 07:15:00,1,0.40491278389393753
2024-03-15 08:45:00,0,0.35106738958547457
2024-03-15 09:00:00,1,0.2820409143504933
2024-03-15 09:15:00,1,0.2673537518779841
2024-03-15 10:00:00,0,0.370630358242647
2024-03-15 10:45:00,0,0.47693611059601043
2024-03-15 11:15:00,0,0.4180680956615382
2024-03-15 11:45:00,0,0.4449460397068737
2024-03-15 12:00:00,1,0.40916386953255246
2024-03-15 12:30:00,1,0.539213467533969
2024-03-15 13:15:00,1,0.4786966221515857
2024-03-18 12:45:00,1,0.1763789528048287
2024-03-18 13:00:00,0,0.5331086399855165
2024-03-18 13:45:00,1,0.7398479024895553
2024-03-18 14:00:00,1,0.5814184384003878
2024-03-18 15:00:00,1,0.5175630344608275
2024-03-18 22:30:00,1,0.6794982966244595
2024-03-18 23:30:00,0,0.8602057197283702
2024-03-18 23:45:00,0,0.775152144078378
2024-03-19 00:45:00,0,0.37991104399538006
2024-03-19 01:00:00,0,0.339231496197285
2024-03-19 01:45:00,1,0.4169775099138556
2024-03-19 02:15:00,0,0.4290205057638272
2024-03-19 02:30:00,0,0.46778872759890533
2024-03-19 02:45:00,1,0.5123974517771667
2024-03-19 03:15:00,0,0.4544443578551112
2024-03-19 04:30:00,0,0.41492005763258333
2024-03-19 05:15:00,0,0.4840137932359253
2024-03-19 05:45:00,0,0.41206475378548546
2024-03-19 13:15:00,0,0.5010761813674592
2024-03-19 13:45:00,1,0.4909323336366622
2024-03-19 20:15:00,0,0.6780179480182577
2024-03-19 22:30:00,0,0.7360420882271189
2024-03-19 23:15:00,0,0.872215446030202
2024-03-19 23:30:00,0,0.831821690951353
2024-03-20 00:00:00,1,0.5312567183624083
2024-03-20 00:15:00,1,0.5312567183624083
2024-03-20 01:45:00,0,0.5112261556751888
2024-03-20 02:00:00,1,0.503554992348188
2024-03-20 02:15:00,1,0.4875306292477183
2024-03-20 02:30:00,0,0.4972930688199106
2024-03-20 02:45:00,0,0.5510482258091117
2024-03-20 03:00:00,0,0.5154586510156716
2024-03-20 03:15:00,0,0.5147354299360816
2024-03-20 03:30:00,0,0.46316877995257566
2024-03-20 03:45:00,0,0.5218538897865194
2024-03-20 04:15:00,0,0.4724288259855136
2024-03-20 04:30:00,0,0.5071512491890399
2024-03-20 04:45:00,1,0.5689991870242493
2024-03-20 05:00:00,1,0.5290019817301121
2024-03-20 05:30:00,0,0.49891922933189126
2024-03-20 06:00:00,0,0.4666374311510025
2024-03-20 06:45:00,1,0.5308358833843869
2024-03-20 07:15:00,0,0.45330243313563456
2024-03-20 08:00:00,0,0.5315702923146864
2024-03-20 15:00:00,0,0.7829531563780464
2024-03-20 15:15:00,0,0.757687672140505
2024-03-20 15:30:00,1,0.8196511285222664
2024-03-20 15:45:00,1,0.7268419243348224
2024-03-20 16:15:00,1,0.7537607292129738
2024-03-20 16:30:00,1,0.7592277347897369
2024-03-20 16:45:00,0,0.6872066970928651
2024-03-20 17:00:00,0,0.683529264906119
2024-03-20 17:15:00,1,0.6804713244019763
2024-03-20 17:30:00,1,0.6689604898028249
2024-03-20 17:45:00,1,0.6722314362123933
2024-03-20 18:00:00,1,0.7742926002911498
2024-03-20 18:15:00,1,0.7630366534429058
2024-03-20 18:45:00,1,0.7382402618361648
2024-03-20 19:00:00,1,0.6827475812350307
2024-03-20 19:45:00,1,0.6387478422636522
2024-03-20 20:00:00,1,0.6642071687473131
2024-03-20 20:15:00,1,0.7509068534452504
2024-03-20 20:45:00,1,0.6519757907656949
2024-03-20 22:15:00,0,0.7484781881498687
2024-03-20 23:15:00,0,0.7182709084260482
2024-03-21 00:30:00,1,0.7443605890476755
2024-03-21 00:45:00,1,0.8746945343030592
2024-03-21 01:30:00,1,0.4353307827116868
2024-03-21 01:45:00,0,0.5063299981965635
2024-03-21 02:15:00,0,0.2901880080227
2024-03-21 02:45:00,1,0.5031363510489236
2024-03-21 03:00:00,0,0.4648392366374631
2024-03-21 03:30:00,0,0.6263627486792398
2024-03-21 03:45:00,1,0.7622782524785177
2024-03-21 04:00:00,1,0.6068381428154896
2024-03-21 05:00:00,0,0.5696425862147209
2024-03-21 05:15:00,1,0.7609384952458174
2024-03-21 05:30:00,0,0.8086291605663564
2024-03-21 05:45:00,1,0.6532961322132727
2024-03-21 06:00:00,0,0.7428508809169134
2024-03-21 06:15:00,0,0.34249015249818276
2024-03-21 06:30:00,1,0.3485724370305063
2024-03-21 07:15:00,0,0.2907046258120864
2024-03-21 08:00:00,0,0.29492437237839564
2024-03-21 10:30:00,1,0.7515239093984805
2024-03-21 10:45:00,1,0.583146062672291
2024-03-21 11:00:00,0,0.621004272940747
2024-03-21 12:45:00,0,0.6450577682304727
2024-03-21 13:00:00,0,0.778091838299496
2024-03-21 13:30:00,1,0.7237114249484926
2024-03-21 13:45:00,0,0.6350811462605899
2024-03-21 14:00:00,1,0.5718115568520685
2024-03-21 14:15:00,1,0.6029541811598935
2024-03-21 14:30:00,0,0.6561883407181197
2024-03-21 19:15:00,0,0.5515257349432202
2024-03-21 20:00:00,0,0.5064948970799521
2024-03-21 20:30:00,1,0.4371932015349307
2024-03-21 22:15:00,1,0.5439381332445505
2024-03-21 22:30:00,1,0.47390750542412546
2024-03-21 23:00:00,1,0.6414865735149959
2024-03-21 23:15:00,1,0.6761570611305721
2024-03-21 23:30:00,1,0.5746837883620133
2024-03-21 23:45:00,1,0.613761736716067
2024-03-22 00:00:00,1,0.4772793699266601
2024-03-22 00:15:00,1,0.47905319492582227
2024-03-22 00:45:00,0,0.4654203158371474
2024-03-22 01:30:00,0,0.46608288603398323
2024-03-22 01:45:00,1,0.383208014294885
2024-03-22 02:00:00,0,0.394279201583778
2024-03-22 06:30:00,0,0.34462960209288024
2024-03-22 06:45:00,0,0.22711364212698165
2024-03-22 07:00:00,1,0.2512649956374212
2024-03-22 14:00:00,1,0.5761404450261521
2024-03-22 14:30:00,0,0.5515320513009573
2024-03-22 14:45:00,0,0.3961333575465907
2024-03-22 15:15:00,0,0.2979966092886503
2024-03-22 15:30:00,0,0.5517721934411667
2024-03-22 15:45:00,0,0.5520533121804528
2024-03-22 16:30:00,0,0.6080955115898667
2024-03-22 16:45:00,0,0.6113742851381654
2024-03-25 00:45:00,1,0.40548068369431356
2024-03-25 01:15:00,1,0.34717273356326184
2024-03-25 01:30:00,0,0.35473959648732956
2024-03-25 01:45:00,0,0.4078823456725908
2024-03-25 03:30:00,1,0.45752673761104995
2024-03-25 03:45:00,1,0.4924193187443769
2024-03-25 04:00:00,0,0.5896663218377599
2024-03-25 04:15:00,0,0.23671636376895425
2024-03-25 05:00:00,0,0.6217315992191846
2024-03-25 06:15:00,0,0.41565387743012006
2024-03-25 06:30:00,0,0.40263311731197843
2024-03-25 06:45:00,1,0.4214012350531732
2024-03-25 14:00:00,0,0.5201468840239709
2024-03-25 15:45:00,1,0.7923802151532492
2024-03-25 16:00:00,1,0.6100319048544743
2024-03-25 16:15:00,0,0.7076317403114445
2024-03-25 16:30:00,1,0.6054429930184467
2024-03-25 16:45:00,0,0.5098664936711268
2024-03-25 17:00:00,0,0.610532103890479
2024-03-25 17:45:00,0,0.4183957416462501
2024-03-25 18:00:00,1,0.36318553337024706
2024-03-25 18:15:00,0,0.3349619142515628
2024-03-25 18:30:00,0,0.39395392008310337
2024-03-25 18:45:00,0,0.5157058489719079
2024-03-25 19:00:00,1,0.5535431356382888
2024-03-25 19:15:00,0,0.6082658167543533
2024-03-25 19:30:00,0,0.6082658167543533
2024-03-26 06:45:00,0,0.6011243511926644
2024-03-26 07:00:00,1,0.4583563533865002
2024-03-26 07:30:00,0,0.453702230488396
2024-03-26 07:45:00,1,0.4455102237159616
2024-03-26 08:15:00,1,0.3310448748431508
2024-03-26 08:45:00,1,0.41316332963567526
2024-03-26 09:00:00,1,0.30279349531762806
2024-03-26 10:15:00,1,0.6902251249730226
2024-03-26 10:30:00,1,0.7060772736837145
2024-03-26 11:30:00,1,0.6647500180344038
2024-03-26 11:45:00,0,0.5922561661859626
2024-03-26 12:00:00,0,0.5548458689915261
2024-03-26 13:30:00,1,0.8727682767403306
2024-03-26 14:00:00,1,0.5227703242999799
2024-03-26 14:15:00,1,0.47493633120087486
2024-03-26 14:30:00,0,0.5519628047447929
2024-03-26 15:00:00,1,0.6972163013835837
2024-03-26 15:15:00,0,0.5880872904074199
2024-03-26 22:30:00,1,0.6251318971239692
2024-03-26 23:30:00,0,0.5403725118949522
2024-03-26 23:45:00,0,0.531642223959714
2024-03-27 00:15:00,0,0.6058463312039042
2024-03-27 00:30:00,1,0.7075534953984192
2024-03-27 01:15:00,0,0.618421025441834
2024-03-27 03:45:00,1,0.6729289441855736
2024-03-27 04:45:00,0,0.6581972418583015
2024-03-27 05:30:00,1,0.8458906707206272
2024-03-27 05:45:00,1,0.6199952589567526
2024-03-27 06:00:00,1,0.4570989063436056
2024-03-27 06:45:00,1,0.6720962817803229
2024-03-27 07:15:00,0,0.37216686450249253
2024-03-27 07:30:00,1,0.4080152630852753
2024-03-27 08:00:00,0,0.3888996725481323
2024-03-27 08:30:00,1,0.4247726288396529
2024-03-27 09:00:00,0,0.3560348874283384
2024-03-27 09:15:00,1,0.36632214511160277
2024-03-27 09:30:00,1,0.7459074396307017
2024-03-27 09:45:00,1,0.613368745576119
2024-03-27 10:00:00,1,0.7370894552261832
2024-03-27 10:30:00,1,0.7370894552261832
2024-03-27 11:15:00,0,0.7708827415390234
2024-03-27 12:45:00,0,0.6493448010487824
2024-03-27 13:00:00,1,0.8815953740652139
2024-03-27 13:15:00,1,0.7418182579578815
2024-03-27 13:30:00,0,0.9108805378840047
2024-03-27 15:45:00,1,0.7705823584952239
2024-03-27 16:00:00,1,0.6821499524422293
2024-03-27 16:30:00,0,0.7304853144876782
2024-03-27 17:30:00,0,0.7084770931107475
2024-03-27 17:45:00,0,0.723272755534003
2024-03-27 18:00:00,1,0.7045967840472551
2024-03-27 18:15:00,1,0.7532414439247787
2024-03-27 18:30:00,1,0.842200626677833
2024-03-27 18:45:00,0,0.53456700962095
2024-03-27 19:00:00,1,0.6106222955071867
2024-03-27 19:15:00,1,0.5078261505406948
2024-03-27 19:30:00,1,0.5288276391742346
2024-03-27 19:45:00,1,0.6289941533459393
2024-03-27 20:15:00,0,0.621800109764311
2024-03-27 22:00:00,0,0.5434018997045601
2024-03-27 22:15:00,0,0.5961140188771797
2024-03-27 22:30:00,0,0.5794506310409874
2024-03-27 23:15:00,0,0.6127825782596447
2024-03-27 23:45:00,0,0.6025118068377652
2024-03-28 04:30:00,1,0.3487568538559901
2024-03-28 04:45:00,0,0.37340545661793506
2024-03-28 05:00:00,1,0.35937573698513187
2024-03-28 05:30:00,0,0.34398433045475213
2024-03-28 06:15:00,1,0.26280330739680047
2024-03-28 06:45:00,0,0.3485724370305063
2024-03-28 07:00:00,0,0.5084678012109373
2024-03-28 07:30:00,1,0.31867261272730363
2024-03-28 07:45:00,1,0.31867261272730363
2024-03-28 08:30:00,0,0.68682263736907
2024-03-28 09:15:00,0,0.4933515035093931
2024-03-28 09:30:00,1,0.46528812077050374
2024-03-28 09:45:00,1,0.26880979131674443
2024-03-28 10:00:00,1,0.40062409535893406
2024-03-28 10:30:00,1,0.6674004500874888
2024-03-28 11:00:00,1,0.7035914050757182
2024-03-28 11:15:00,0,0.7030308813132868
2024-03-28 11:30:00,1,0.7302002311904455
2024-03-28 12:00:00,1,0.6820811642071588
2024-03-28 12:45:00,0,0.7020916858828831
2024-03-28 13:45:00,1,0.8579591323400887
2024-03-28 14:00:00,1,0.4423524168737914
2024-03-28 14:15:00,1,0.4423524168737914
2024-03-28 14:30:00,1,0.6358493457237807
2024-03-28 14:45:00,1,0.6869409325792148
2024-03-28 15:00:00,1,0.5130766799879832
2024-03-28 15:30:00,1,0.5680910772765055
2024-03-28 17:00:00,1,0.4787300144408013
2024-03-28 17:30:00,1,0.7616781908041288
2024-03-28 18:15:00,0,0.6266440343528014
2024-03-28 19:00:00,1,0.681846783176351
2024-03-28 19:45:00,1,0.6047826680823776
2024-03-31 22:30:00,1,0.7359194773034429
2024-03-31 22:45:00,1,0.6805285122427773
2024-03-31 23:00:00,1,0.7895608653977652
2024-03-31 23:15:00,1,0.6020765357511371
2024-03-31 23:30:00,1,0.7014378608658818
2024-04-01 00:00:00,1,0.5569327649747976
2024-04-01 00:15:00,1,0.58282838019054
2024-04-01 00:30:00,1,0.598480705656011
2024-04-01 01:00:00,0,0.6362246885760232
2024-04-01 02:00:00,1,0.6593579603394878
2024-04-01 02:30:00,1,0.6464706385602819
2024-04-01 02:45:00,1,0.6148504521504353
2024-04-01 03:15:00,1,0.6333226757746375
2024-04-01 03:30:00,1,0.6064470708671711
2024-04-01 03:45:00,0,0.583963358573772
2024-04-01 05:00:00,1,0.5561849047215914
2024-04-01 06:15:00,1,0.557484454070515
2024-04-01 06:30:00,0,0.5062449542494034
2024-04-01 07:15:00,1,0.611836306060021
2024-04-01 07:30:00,0,0.7538099584696538
2024-04-01 07:45:00,1,0.3519034257168301
2024-04-01 08:00:00,1,0.3477733052164451
2024-04-01 08:15:00,0,0.35534613294523126
2024-04-01 09:00:00,0,0.32911086202550616
2024-04-01 09:30:00,1,0.4178659055057282
2024-04-01 09:45:00,1,0.4187331846957395
2024-04-01 10:00:00,0,0.5252309314582313
2024-04-01 10:30:00,0,0.5264057273000344
2024-04-01 23:30:00,0,0.7264378284477812
2024-04-02 00:00:00,1,0.46533427903958313
2024-04-02 00:15:00,1,0.5935371461306498
2024-04-02 00:30:00,0,0.40782246835166736
2024-04-02 01:15:00,0,0.6320787211996017
2024-04-02 01:30:00,0,0.4630020247516891
2024-04-02 01:45:00,1,0.5089581662886864
2024-04-02 02:45:00,0,0.4749519437236392
2024-04-02 04:00:00,1,0.6429043031512753
2024-04-02 04:30:00,0,0.41664485976846677
2024-04-02 05:00:00,0,0.6129289666788256
2024-04-02 05:45:00,1,0.7763981251196578
2024-04-02 06:00:00,0,0.6163784572024015
2024-04-02 06:15:00,0,0.5210889798880829
2024-04-02 06:30:00,1,0.6023202295802456
2024-04-02 06:45:00,1,0.6325843570869161
2024-04-02 08:00:00,0,0.3722296222235257
2024-04-02 08:15:00,1,0.3722296222235257
2024-04-02 08:30:00,1,0.3947455500356747
2024-04-02 09:15:00,0,0.3471751425642478
2024-04-02 10:00:00,1,0.79436428627089
2024-04-02 10:30:00,0,0.7089286841109456
2024-04-02 10:45:00,0,0.8778989029514003
2024-04-02 12:00:00,0,0.7740659666943489
2024-04-02 12:15:00,1,0.5830937326540475
2024-04-02 14:30:00,0,0.6874202507037156
2024-04-02 15:15:00,1,0.7475233016815179
2024-04-02 23:00:00,0,0.7432777861146024
2024-04-02 23:15:00,0,0.7362725655371044
2024-04-02 23:45:00,1,0.8533086257421916
2024-04-03 00:00:00,0,0.6655749379831082
2024-04-03 00:45:00,0,0.5468968707873197
2024-04-03 03:30:00,0,0.7140297213367608
2024-04-03 03:45:00,1,0.6028681314725916
2024-04-03 04:00:00,0,0.6496301231744719
2024-04-03 04:15:00,1,0.6377974175061419
2024-04-03 04:30:00,0,0.4957068965923633
2024-04-03 04:45:00,0,0.3398770829157287
2024-04-03 05:00:00,1,0.8250501078343705
2024-04-03 05:30:00,1,0.6161796331546687
2024-04-03 05:45:00,0,0.46756519211095304
2024-04-03 06:00:00,0,0.22712916499517663
2024-04-03 06:30:00,0,0.6293183395321879
2024-04-03 07:00:00,0,0.43708970511298706
2024-04-03 07:15:00,1,0.584521815697048
2024-04-03 07:30:00,0,0.5890079331944493
2024-04-03 08:00:00,1,0.7121508212958976
2024-04-03 14:45:00,1,0.7426617251651494
2024-04-03 15:15:00,0,0.6723827593261239
2024-04-03 15:45:00,1,0.6723827593261239
2024-04-03 17:45:00,1,0.6587295838641546
2024-04-03 18:45:00,1,0.6146874384449942
2024-04-03 20:00:00,1,0.5690702867042495
2024-04-03 20:15:00,1,0.5718615579390086
2024-04-03 22:30:00,1,0.6831895613490985
2024-04-03 22:45:00,0,0.6479972179840615
2024-04-03 23:00:00,0,0.7254144376628531
2024-04-03 23:15:00,0,0.6717391021196448
2024-04-04 00:00:00,1,0.5151772864082084
2024-04-04 00:15:00,1,0.3776976278232304
2024-04-04 01:30:00,1,0.44210908808181726
2024-04-04 02:00:00,1,0.7055847659399198
2024-04-04 02:30:00,0,0.5537607879405614
2024-04-04 03:00:00,1,0.5684838467910919
2024-04-04 03:30:00,0,0.5879866081623025
2024-04-04 04:15:00,0,0.34266029413452176
2024-04-04 04:45:00,1,0.2643553990375628
2024-04-04 05:00:00,0,0.31038781425917883
2024-04-04 05:30:00,0,0.2789683232356708
2024-04-04 05:45:00,1,0.3369017883786751
2024-04-04 06:00:00,0,0.26101322405961236
2024-04-04 07:15:00,1,0.26583006922044794
2024-04-04 07:45:00,1,0.2907046258120864
2024-04-04 08:00:00,0,0.2852928009669084
2024-04-04 08:15:00,1,0.29492437237839564
2024-04-04 15:15:00,0,0.4079149670475638
2024-04-04 15:30:00,0,0.24796702960144687
2024-04-04 16:00:00,0,0.38135463042697404
2024-04-04 16:15:00,0,0.3848485577541447
2024-04-04 17:00:00,0,0.5775988222749576
2024-04-04 17:30:00,1,0.47036722464600356
2024-04-04 18:15:00,1,0.4891045016505358
2024-04-04 18:30:00,1,0.58980748981163
2024-04-04 19:00:00,0,0.6430260742663251
2024-04-04 19:30:00,1,0.685287700323773
2024-04-05 08:15:00,1,0.20363789038999874
2024-04-05 08:30:00,1,0.3948170756984594
2024-04-05 09:15:00,1,0.5169609604627319
2024-04-05 09:30:00,1,0.4426631223725316
2024-04-05 09:45:00,1,0.5011891846559456
2024-04-05 10:15:00,1,0.595108953286132
2024-04-05 10:30:00,0,0.632526058226656
2024-04-05 10:45:00,0,0.6659726581875525
2024-04-05 11:15:00,0,0.6924151127869954
2024-04-05 11:30:00,1,0.7664828369795772
2024-04-05 12:00:00,1,0.5365822458523698
2024-04-05 12:15:00,0,0.7037293325325573
2024-04-05 12:30:00,1,0.8416790739421699
2024-04-05 12:45:00,1,0.5664878489504328
2024-04-05 13:30:00,1,0.5178622742274166
2024-04-05 13:45:00,1,0.8503345851443802
2024-04-05 14:00:00,1,0.6581055547025051
2024-04-05 14:15:00,1,0.6581055547025051
2024-04-05 14:30:00,1,0.6660089405852317
2024-04-05 15:30:00,1,0.48669474442927496
2024-04-05 16:30:00,1,0.7323456102609356
2024-04-05 18:00:00,0,0.39525335551731383
2024-04-05 18:15:00,1,0.5848008549875764
2024-04-05 18:45:00,0,0.29994605435113403
2024-04-05 19:00:00,1,0.8315747492121495
2024-04-05 19:45:00,1,0.8469073633059362
2024-04-05 20:00:00,1,0.6240573569118538
2024-04-05 20:30:00,0,0.47572082315188463
2024-04-08 03:30:00,1,0.4439230343814179
2024-04-08 04:00:00,1,0.6218927638038741
2024-04-08 04:30:00,1,0.5614126353419098
2024-04-08 05:00:00,1,0.6197554461074015
2024-04-08 05:30:00,0,0.6257765769057777
2024-04-08 06:00:00,1,0.843431106029441
2024-04-08 06:30:00,1,0.4926494524867624
2024-04-08 06:45:00,1,0.4725344950429629
2024-04-08 07:00:00,1,0.49919862820850747
2024-04-08 07:30:00,0,0.4916046495155798
2024-04-08 09:00:00,1,0.4527373196392296
2024-04-08 09:15:00,1,0.4547549167116355
2024-04-08 09:30:00,1,0.4783133835498727
2024-04-08 10:00:00,1,0.5882778668447514
2024-04-08 11:00:00,1,0.5452459914867812
2024-04-08 11:30:00,0,0.5440301051258672
2024-04-08 18:45:00,1,0.6627150983505969
2024-04-08 19:15:00,0,0.521473353499033
2024-04-08 20:00:00,0,0.600135769631323
2024-04-08 20:15:00,1,0.6361963431873754
2024-04-08 20:30:00,0,0.7281940388910968
2024-04-08 20:45:00,0,0.5302349346292858
2024-04-09 01:45:00,1,0.5127978669221538
2024-04-09 02:15:00,0,0.6186366668089832
2024-04-09 02:30:00,1,0.6973532064209048
2024-04-09 02:45:00,1,0.7300473781843266
2024-04-09 03:00:00,1,0.8293123993456721
2024-04-09 03:15:00,1,0.6049568987149605
2024-04-09 03:30:00,1,0.6275734852027103
2024-04-09 04:00:00,1,0.7287432490530957
2024-04-09 04:30:00,1,0.6817652279185723
2024-04-09 05:45:00,1,0.3834737961207234
2024-04-09 06:00:00,1,0.4033805476764421
2024-04-09 07:30:00,1,0.6447616732920178
2024-04-09 08:45:00,1,0.5836435110182382
2024-04-09 09:00:00,1,0.5830343457458026
2024-04-09 09:30:00,0,0.5441210304844384
2024-04-09 09:45:00,0,0.5240244697178893
2024-04-09 10:30:00,1,0.6188794542950775
2024-04-09 10:45:00,0,0.6272972969268847
2024-04-09 11:15:00,1,0.6636086219325606
2024-04-09 12:00:00,0,0.4798831455540863
2024-04-09 12:45:00,1,0.5613585499411772
2024-04-09 13:00:00,1,0.7886075678892085
2024-04-09 13:15:00,1,0.5820614086161998
2024-04-09 13:30:00,1,0.6369182354468117
2024-04-09 13:45:00,1,0.5950976974978982
2024-04-09 14:15:00,0,0.5456310268714117
2024-04-09 15:30:00,0,0.6531065786081336
2024-04-10 00:15:00,0,0.43790665941115237
2024-04-10 00:45:00,0,0.7775980902994071
2024-04-10 05:45:00,1,0.4522725738597162
2024-04-10 06:15:00,0,0.4353638971596008
2024-04-10 06:30:00,0,0.6888117163875755
2024-04-10 06:45:00,1,0.6338746511730526
2024-04-10 07:15:00,0,0.5784123383288152
2024-04-10 07:30:00,0,0.3229816786925983
2024-04-10 07:45:00,1,0.6053874622005316
2024-04-10 08:00:00,0,0.6010413395567463
2024-04-10 08:15:00,1,0.6258221766621608
2024-04-10 08:30:00,1,0.5320843425159708
2024-04-10 08:45:00,0,0.6419467474827666
2024-04-10 09:15:00,0,0.5061108817463505
2024-04-10 09:30:00,0,0.7769934489303767
2024-04-10 09:45:00,0,0.5190012165616487
2024-04-10 10:00:00,0,0.5442038845262097
2024-04-10 11:00:00,1,0.47655148807234626
2024-04-10 12:30:00,1,0.3053223046401008
2024-04-10 12:45:00,1,0.4908372324449046
2024-04-10 13:00:00,1,0.822875920787922
2024-04-10 14:30:00,1,0.6092591425432153
2024-04-10 14:45:00,1,0.5510715222158911
2024-04-10 15:00:00,1,0.8732964796017233
2024-04-10 15:45:00,1,0.632764960657311
2024-04-10 16:15:00,1,0.6034628268305029
2024-04-10 16:30:00,1,0.6784438303142077
2024-04-10 16:45:00,0,0.6744094462222118
2024-04-11 03:30:00,1,0.4978844607565542
2024-04-11 04:00:00,0,0.4352519821620234
2024-04-11 04:15:00,1,0.6446913596979534
2024-04-11 05:00:00,0,0.31520975732346895
2024-04-11 05:30:00,0,0.7054926985570484
2024-04-11 05:45:00,0,0.4979910754446867
2024-04-11 06:45:00,1,0.445273272875198
2024-04-11 07:00:00,0,0.8494346668086309
2024-04-11 08:00:00,0,0.560305681100158
2024-04-11 14:00:00,0,0.4510732034396801
2024-04-11 14:30:00,1,0.7980573010173051
2024-04-11 14:45:00,1,0.7387205705016869
2024-04-11 15:15:00,1,0.47809473806532565
2024-04-11 15:30:00,1,0.6123164513180128
2024-04-11 15:45:00,1,0.5413925047903906
2024-04-11 16:00:00,0,0.5253871809891943
2024-04-11 16:15:00,1,0.5258798997741573
2024-04-11 16:45:00,1,0.5174598144379832
2024-04-11 17:00:00,1,0.6286748537372758
2024-04-11 18:00:00,1,0.633481548405849
2024-04-11 18:30:00,0,0.6231647128515249
2024-04-11 18:45:00,1,0.691331241102008
2024-04-11 19:15:00,1,0.5809665963838718
2024-04-11 19:30:00,1,0.6550792543258934
2024-04-11 19:45:00,1,0.7079057993706189
2024-04-11 20:00:00,1,0.5358087979629284
2024-04-11 20:15:00,1,0.6059468520658069
2024-04-11 22:00:00,0,0.5949958461100329
2024-04-11 23:15:00,0,0.6705694833553703
2024-04-12 00:00:00,0,0.6105775582160815
2024-04-12 00:15:00,1,0.4914031419552176
2024-04-12 00:45:00,1,0.4645998013264941
2024-04-12 01:00:00,1,0.6441351123393224
2024-04-12 01:45:00,1,0.5736376960254872
2024-04-12 02:15:00,1,0.6379523397325036
2024-04-12 03:00:00,1,0.5917277986036542
2024-04-12 03:15:00,0,0.36496078773967017
2024-04-12 04:15:00,0,0.4631170040773554
2024-04-12 04:30:00,1,0.24571056994228574
2024-04-12 04:45:00,1,0.500511293583823
2024-04-12 05:00:00,1,0.7107522189115804
2024-04-12 05:15:00,1,0.6225444481864808
2024-04-12 06:30:00,1,0.5987007080653635
2024-04-12 06:45:00,1,0.5888705440405237
2024-04-12 07:00:00,1,0.6079338633966749
2024-04-12 07:45:00,0,0.622264866904262
2024-04-12 09:15:00,1,0.6149027100650621
2024-04-12 09:45:00,0,0.44767016395957054
2024-04-12 10:00:00,0,0.632526058226656
2024-04-12 15:30:00,0,0.4842070214115207
2024-04-12 15:45:00,0,0.7211689703058967
2024-04-12 16:00:00,1,0.2368335757370645
2024-04-12 16:15:00,1,0.6740179696674822
2024-04-12 16:30:00,0,0.6740179696674822
2024-04-14 23:00:00,1,0.4785989825874633
2024-04-14 23:15:00,1,0.5519852184514286
2024-04-15 00:00:00,0,0.7258024774642552
2024-04-15 01:30:00,0,0.30383779869798483
2024-04-15 01:45:00,1,0.3048059705826827
2024-04-15 02:00:00,1,0.6531109878483111
2024-04-15 02:15:00,1,0.7927925545635208
2024-04-15 02:30:00,0,0.5873948520760092
2024-04-15 03:45:00,0,0.5063777078985591
2024-04-15 04:45:00,0,0.6722944424558034
2024-04-15 19:45:00,0,0.7316578906138824
2024-04-15 20:30:00,1,0.8163169165355898
2024-04-15 20:45:00,1,0.6472948192536943
2024-04-15 22:00:00,0,0.6072899687063799
2024-04-15 23:00:00,0,0.7414691511136019
2024-04-16 00:00:00,1,0.7784432386037106
2024-04-16 00:15:00,1,0.6695648397442439
2024-04-16 00:30:00,0,0.7784432386037106
2024-04-16 00:45:00,1,0.6199287856215269
2024-04-16 01:00:00,1,0.46003029719205296
2024-04-16 05:15:00,0,0.5480136472837945
2024-04-16 05:45:00,1,0.5320066021087799
2024-04-16 06:00:00,1,0.5576333406276249
2024-04-16 06:15:00,0,0.5038501517017784
2024-04-16 13:45:00,1,0.7857729867963339
2024-04-16 15:15:00,1,0.6900282458462785
2024-04-16 16:00:00,1,0.6133046778530372
2024-04-16 16:15:00,1,0.6133046778530372
2024-04-16 16:30:00,1,0.6258934775165328
2024-04-16 17:00:00,1,0.5707982149257188
2024-04-16 17:15:00,0,0.5733344398536
2024-04-16 17:45:00,1,0.8162244748095372
2024-04-16 18:00:00,1,0.7294797131967288
2024-04-16 18:45:00,1,0.620859781115487
2024-04-16 19:00:00,1,0.7005223729232275
2024-04-16 19:15:00,0,0.7252511178300324
2024-04-16 19:30:00,0,0.6714682154288346
2024-04-17 03:00:00,0,0.4922783177171138
2024-04-17 03:30:00,1,0.4922783177171138
2024-04-17 04:15:00,0,0.5279033998645745
2024-04-17 04:30:00,0,0.4231781216106631
2024-04-17 05:15:00,0,0.38232795578650436
2024-04-17 05:30:00,1,0.4503714736535565
2024-04-17 09:30:00,1,0.647713683965336
2024-04-17 10:00:00,1,0.7882052046404148
2024-04-17 10:30:00,1,0.7736672643778109
2024-04-17 11:45:00,1,0.8257884995910231
2024-04-17 15:00:00,0,0.5939217366054854
2024-04-17 15:30:00,1,0.5461107993822242
2024-04-17 15:45:00,0,0.3233700027143813
2024-04-17 16:15:00,0,0.7536663418871655
2024-04-17 16:30:00,1,0.7769129176506697
2024-04-18 08:00:00,1,0.29492437237839564
2024-04-18 08:45:00,0,0.28770150936147026
2024-04-18 09:00:00,0,0.25520115998277354
2024-04-18 09:15:00,1,0.26961205914343017
2024-04-18 09:30:00,1,0.2707594803193025
2024-04-18 09:45:00,0,0.2691041495219055
2024-04-18 10:00:00,1,0.40062409535893406
2024-04-18 10:30:00,0,0.40124396365191173
2024-04-18 11:15:00,1,0.43410596965095194
2024-04-18 12:00:00,0,0.517132663932461
2024-04-18 12:30:00,1,0.582135171953996
2024-04-18 12:45:00,1,0.6757818478756228
2024-04-18 13:00:00,1,0.708335784220238
2024-04-18 13:15:00,0,0.6393489362290975
2024-04-18 13:45:00,1,0.612105139606471
2024-04-19 02:15:00,0,0.29469537382996264
2024-04-19 03:00:00,1,0.6796961861208471
2024-04-19 03:15:00,1,0.8350921904361764
2024-04-19 03:30:00,1,0.743615666460974
2024-04-19 03:45:00,0,0.40155848908163955
2024-04-19 04:00:00,0,0.2208507488869782
2024-04-19 16:00:00,1,0.596708179718072
2024-04-19 16:45:00,0,0.5653765074597789
2024-04-19 17:30:00,0,0.5026126949006167
2024-04-19 17:45:00,1,0.5614811250508358
2024-04-19 18:00:00,1,0.5283249265109912
2024-04-19 18:15:00,0,0.6191867461878332
2024-04-19 19:15:00,0,0.6556671767087211
2024-04-22 10:45:00,0,0.4264440749377987
2024-04-22 11:15:00,1,0.6136796935142058
2024-04-22 11:30:00,1,0.4499926031222846
2024-04-22 11:45:00,1,0.6138425250029927
2024-04-22 12:00:00,0,0.6325354764111824
2024-04-23 01:15:00,0,0.43060639494859054
2024-04-23 01:30:00,1,0.6249647325638897
2024-04-23 14:45:00,1,0.8650201030032337
2024-04-23 15:45:00,1,0.7084589286096893
2024-04-23 16:15:00,1,0.5631731274314828
2024-04-23 16:30:00,0,0.6114989069025784
2024-04-23 17:30:00,1,0.2718961568167278
2024-04-23 18:00:00,1,0.7356685532716601
2024-04-23 18:15:00,0,0.683342609265999
2024-04-23 19:00:00,0,0.7584886137470707
2024-04-23 19:15:00,0,0.6418352269088661
2024-04-23 19:30:00,1,0.6229352772198641
2024-04-23 19:45:00,1,0.7356146239344633
2024-04-23 20:00:00,0,0.761322367338142
2024-04-23 20:15:00,0,0.7587335426141543
2024-04-23 20:30:00,0,0.6201016626462935
2024-04-23 20:45:00,1,0.6537799416101497
2024-04-23 22:00:00,1,0.5907072237252097
2024-04-24 04:30:00,0,0.6339766958920033
2024-04-24 05:00:00,1,0.8053033254625448
2024-04-24 05:45:00,0,0.5817160348252262
2024-04-24 06:30:00,0,0.6215721557666394
2024-04-24 06:45:00,0,0.637045711189179
2024-04-24 07:00:00,0,0.309662975593054
2024-04-24 07:30:00,0,0.6287480948200224
2024-04-24 08:00:00,1,0.5801052794706886
2024-04-24 08:15:00,0,0.5801052794706886
2024-04-24 09:00:00,0,0.4793838530373098
2024-04-24 09:15:00,1,0.5689338499132235
2024-04-24 15:15:00,0,0.6317647875704371
2024-04-24 15:30:00,1,0.7113751640694036
2024-04-24 15:45:00,1,0.6689200866283398
2024-04-24 16:30:00,1,0.678043493857845
2024-04-24 17:00:00,0,0.7325547000059819
2024-04-24 17:45:00,0,0.6749931979685969
2024-04-24 18:00:00,1,0.6576242998722192
2024-04-24 18:15:00,0,0.7396429787120965
2024-04-25 09:15:00,0,0.31831262895084456
2024-04-25 09:45:00,1,0.47356129731332314
2024-04-25 10:15:00,0,0.4032902107198361
2024-04-25 10:30:00,1,0.35751067475743636
2024-04-25 11:00:00,1,0.44271625327482617
2024-04-25 11:15:00,1,0.4458241547419294
2024-04-25 11:45:00,1,0.45504996533669784
2024-04-25 15:00:00,0,0.5263791074559703
2024-04-25 15:15:00,0,0.6761912439763345
2024-04-25 15:45:00,1,0.5666691127237538
2024-04-25 16:00:00,0,0.5669947474009848
2024-04-25 16:15:00,1,0.6952657656784824
2024-04-25 17:15:00,1,0.5622464133206557
2024-04-25 18:30:00,0,0.6426218422744052
2024-04-25 18:45:00,0,0.6364276494170633
2024-04-25 19:00:00,1,0.6670380233820313
2024-04-25 20:00:00,0,0.635342945341638
2024-04-25 20:30:00,1,0.6273129928463186
2024-04-25 22:00:00,0,0.7444968541938103
2024-04-25 22:30:00,0,0.7915567505556655
2024-04-25 22:45:00,0,0.7258342109118745
2024-04-25 23:00:00,0,0.2345819462358674
2024-04-25 23:15:00,0,0.7758191859750366
2024-04-25 23:30:00,0,0.5380744779733823
2024-04-25 23:45:00,0,0.5896008569662123
2024-04-26 00:30:00,1,0.4481551309511241
2024-04-26 00:45:00,0,0.4721200204153587
2024-04-26 02:30:00,1,0.46072378959272803
2024-04-26 02:45:00,0,0.39875851968871523
2024-04-26 03:00:00,0,0.3710509830282864
2024-04-26 03:15:00,0,0.4177204497081929
2024-04-26 03:30:00,1,0.4295501241625668
2024-04-26 04:30:00,1,0.3366140113665437
2024-04-26 04:45:00,1,0.3228483736571304
2024-04-26 05:15:00,1,0.28940602667307924
2024-04-26 06:15:00,1,0.2980110505447623
2024-04-26 06:30:00,1,0.3002962351992792
2024-04-26 06:45:00,1,0.2963889745539192
2024-04-26 07:30:00,1,0.6016949821221549
2024-04-26 08:30:00,1,0.4920232951728232
2024-04-26 08:45:00,1,0.5799539734753735
2024-04-26 09:45:00,0,0.5186622992108769
2024-04-26 11:15:00,0,0.5193217222621455
2024-04-26 13:30:00,1,0.6666373505886454
2024-04-26 13:45:00,1,0.6064711164695458
2024-04-26 14:00:00,0,0.38556099199708194
2024-04-26 14:30:00,1,0.6368195565239945
2024-04-26 15:00:00,1,0.38531631874851247
2024-04-26 15:45:00,1,0.43824924938178444
2024-04-26 16:00:00,1,0.3701656770252152
2024-04-26 18:00:00,1,0.775619447251717
2024-04-26 18:45:00,0,0.551068801085615
2024-04-26 19:00:00,0,0.32834926491585315
2024-04-26 19:15:00,0,0.6126536269773935
2024-04-26 19:30:00,1,0.4514735076096129
2024-04-26 19:45:00,0,0.4504112950933133
2024-04-26 20:00:00,0,0.4540192185326483
2024-04-26 20:15:00,0,0.464395092234845
2024-04-29 09:15:00,1,0.5339813627236818
2024-04-29 10:00:00,0,0.4162990908968861
2024-04-29 10:30:00,1,0.452017727928686
2024-04-29 11:15:00,0,0.5005343513893049
2024-04-29 11:30:00,0,0.2125741482489953
2024-04-29 12:15:00,0,0.5374092606007536
2024-04-29 12:30:00,1,0.5684422130923981
2024-04-29 16:45:00,1,0.4409326125834181
2024-04-29 17:15:00,0,0.5796995134708901
2024-04-29 17:30:00,0,0.6111916368373802
2024-04-29 17:45:00,1,0.6757187672058299
2024-04-29 18:00:00,0,0.5885488787885008
2024-04-29 18:15:00,1,0.6808948693959264
2024-04-29 18:30:00,1,0.6353946963902162
2024-04-29 19:00:00,0,0.3990028614040223
2024-04-29 19:15:00,0,0.6847971720715775
2024-04-29 19:45:00,1,0.7141601015710504
2024-04-29 20:15:00,0,0.6656043719803582
2024-04-29 22:00:00,0,0.5060679566354567
2024-04-29 22:15:00,0,0.5060399317355458
2024-04-29 22:30:00,0,0.49108074043836625
2024-04-29 22:45:00,0,0.5239700985170522
2024-04-29 23:00:00,0,0.5582995860942614
2024-04-29 23:15:00,1,0.560713238527314
2024-04-29 23:45:00,1,0.5315486938008822
2024-05-01 06:45:00,0,0.3874620079486811
2024-05-01 07:15:00,0,0.4752993756557704
2024-05-01 08:00:00,0,0.4530613117649597
2024-05-01 08:30:00,1,0.39742734786766304
2024-05-01 08:45:00,1,0.5357729977099417
2024-05-01 09:00:00,0,0.378146267045583
2024-05-01 09:15:00,1,0.3508099794719521
2024-05-01 09:45:00,0,0.3642709517999859
2024-05-01 10:00:00,1,0.45289690603494154
2024-05-01 11:00:00,1,0.4875667464941524
2024-05-01 11:15:00,0,0.4875667464941524
2024-05-01 11:45:00,1,0.39412974576275084
2024-05-01 12:15:00,1,0.6463176978483488
2024-05-01 12:30:00,1,0.6455025099524058
2024-05-01 13:00:00,1,0.7271003202570597
2024-05-01 13:30:00,1,0.7947749831397629
2024-05-01 14:45:00,1,0.856710508303923
2024-05-01 15:00:00,1,0.5010098180117735
2024-05-01 15:15:00,0,0.7563892494407827
2024-05-01 16:15:00,1,0.626724693208219
2024-05-01 16:30:00,0,0.689131504718705
2024-05-01 17:00:00,0,0.6164876987873876
2024-05-01 17:30:00,0,0.6740846284417867
2024-05-01 17:45:00,1,0.7499123040127307
2024-05-01 19:00:00,0,0.34453949087512653
2024-05-01 20:00:00,1,0.8689287833143526
2024-05-01 20:30:00,1,0.6192841467662227
2024-05-01 20:45:00,1,0.7057040939608616
2024-05-01 22:00:00,1,0.7449768632384283
2024-05-01 23:00:00,1,0.8845256367503195
2024-05-01 23:45:00,1,0.9078271926358416
2024-05-02 00:00:00,0,0.5007816986977808
2024-05-02 00:15:00,1,0.5370148728235499
2024-05-02 00:45:00,0,0.4946292725106842
2024-05-02 01:30:00,1,0.5183510337271512
2024-05-02 01:45:00,1,0.46705471488349903
2024-05-02 02:15:00,0,0.6456490211892452
2024-05-02 02:45:00,0,0.4202191926477353
2024-05-02 03:45:00,1,0.40148349470094963
2024-05-02 04:15:00,0,0.3470013638518906
2024-05-02 04:30:00,0,0.3662588242115054
2024-05-02 04:45:00,0,0.34753182733397725
2024-05-02 05:00:00,1,0.342027967563915
2024-05-02 05:15:00,1,0.32776143738430297
2024-05-02 05:30:00,0,0.3193720263787055
2024-05-02 05:45:00,1,0.342027967563915
2024-05-02 06:00:00,1,0.473716207692053
2024-05-02 06:15:00,0,0.48366253725162967
2024-05-02 06:45:00,1,0.289793222151589
2024-05-02 07:00:00,1,0.30401683324652873
2024-05-02 07:15:00,0,0.4522904108048861
2024-05-02 07:45:00,1,0.451851961181372
2024-05-02 08:00:00,0,0.5785102283623751
2024-05-02 08:15:00,1,0.6036271784624027
2024-05-02 08:30:00,0,0.6069770588553056
2024-05-02 09:00:00,0,0.5344266339994385
2024-05-02 09:15:00,0,0.4730596044238136
2024-05-02 09:30:00,1,0.4843239818779418
2024-05-02 13:00:00,1,0.7052622675799177
2024-05-02 13:15:00,1,0.556207954005111
2024-05-02 13:30:00,1,0.4862344948421354
2024-05-02 15:15:00,0,0.6587652070898149
2024-05-02 15:45:00,1,0.6675684584716071
2024-05-02 16:00:00,1,0.48499619722495374
2024-05-02 16:15:00,1,0.44911769791560346
2024-05-02 17:45:00,0,0.5055283971235749
2024-05-02 18:30:00,1,0.5608460107305753
2024-05-02 18:45:00,0,0.5653944376469823
2024-05-02 19:00:00,1,0.6042138630707536
2024-05-02 19:15:00,0,0.6393749639161335
2024-05-02 20:00:00,1,0.49275577814049154
2024-05-02 20:15:00,1,0.5458009472116966
2024-05-02 22:15:00,0,0.7336966398935814
2024-05-02 22:45:00,0,0.6684049004099656
2024-05-02 23:00:00,0,0.6255319965129195
2024-05-02 23:15:00,1,0.666961347755465
2024-05-02 23:30:00,1,0.6679841920688371
2024-05-03 00:00:00,0,0.499216659027104
2024-05-03 01:15:00,0,0.4129415551038832
2024-05-03 02:00:00,1,0.3948799841668752
2024-05-03 06:15:00,0,0.2740616434513941
2024-05-03 06:45:00,1,0.24971607790520098
2024-05-03 10:00:00,0,0.3666900164216
2024-05-03 10:30:00,0,0.39722588040270623
2024-05-03 12:45:00,1,0.417003863770962
2024-05-03 13:00:00,0,0.4020404580077855
2024-05-03 13:15:00,0,0.18061015684334664
2024-05-03 20:30:00,1,0.47952533917292994
2024-05-05 22:00:00,0,0.5567774623409399
2024-05-05 22:15:00,1,0.624379193725521
2024-05-05 22:30:00,0,0.6005631199470064
2024-05-05 22:45:00,1,0.6944967394162317
2024-05-05 23:00:00,0,0.642650041769573
2024-05-05 23:30:00,1,0.6393703339651508
2024-05-05 23:45:00,1,0.6139008550107864
2024-05-06 02:30:00,0,0.5626174571028428
2024-05-06 02:45:00,0,0.41803573784557424
2024-05-06 03:15:00,0,0.4686632172382763
2024-05-06 03:30:00,1,0.5789962896907948
2024-05-06 04:30:00,1,0.6592254727142194
2024-05-06 04:45:00,1,0.5582369995061712
2024-05-06 05:15:00,1,0.5124983256760606
2024-05-06 05:45:00,1,0.39075751638244133
2024-05-06 06:30:00,1,0.34791227182551626
2024-05-06 06:45:00,0,0.3313074853488669
2024-05-06 07:00:00,1,0.33272896788216777
2024-05-06 07:45:00,0,0.5088351395519156
2024-05-06 08:30:00,0,0.606776276878676
2024-05-06 09:30:00,1,0.4192483520822123
2024-05-06 09:45:00,0,0.5076287032620617
2024-05-06 10:30:00,1,0.46542403293412715
2024-05-06 11:15:00,0,0.48609888816651425
2024-05-06 14:00:00,0,0.4873573305276879
2024-05-06 14:15:00,1,0.26812068182897675
2024-05-06 14:30:00,1,0.8462245853963445
2024-05-06 14:45:00,1,0.524098429528111
2024-05-06 15:00:00,1,0.6780202800552884
2024-05-06 20:30:00,0,0.5628424291430718
2024-05-06 22:00:00,1,0.6019146637134282
2024-05-06 22:45:00,0,0.609958660959891
2024-05-06 23:00:00,1,0.6410675719516785
2024-05-07 01:15:00,0,0.4885728352631822
2024-05-07 01:30:00,0,0.5269090536532605
2024-05-07 01:45:00,0,0.45129905374501705
2024-05-07 02:00:00,1,0.45242550407461857
2024-05-07 13:30:00,0,0.6863224453750264
2024-05-07 14:30:00,0,0.5642175082882666
2024-05-07 15:30:00,1,0.4632020972956017
2024-05-07 16:15:00,0,0.4406128764689242
2024-05-07 16:45:00,1,0.6071898299202102
2024-05-07 22:30:00,0,0.5970205724169753
2024-05-07 22:45:00,1,0.6001832616719935
2024-05-08 00:30:00,0,0.5601522842454977
2024-05-08 01:15:00,0,0.6899362357678696
2024-05-08 05:45:00,1,0.7567291704871234
2024-05-08 06:00:00,0,0.6643478783305132
2024-05-08 06:30:00,0,0.6132480579309858
2024-05-08 06:45:00,0,0.7202640579804421
2024-05-08 07:30:00,0,0.37868661144896687
2024-05-08 07:45:00,1,0.4116967418422219
2024-05-08 16:15:00,0,0.6253313828493028
2024-05-08 16:45:00,0,0.7204479546031795
2024-05-08 17:00:00,0,0.7666554734426679
2024-05-08 17:45:00,0,0.7231402933395327
2024-05-08 19:15:00,0,0.6268799431670464
2024-05-08 19:30:00,0,0.6268799431670464
2024-05-08 19:45:00,1,0.5668584970307392
2024-05-08 20:00:00,1,0.5659450235085943
2024-05-08 20:30:00,1,0.6725645287349071
2024-05-08 22:00:00,0,0.6332294945660727
2024-05-08 22:30:00,0,0.6332294945660727
2024-05-08 23:15:00,0,0.7048271303673234
2024-05-08 23:30:00,0,0.6230754551334966
2024-05-08 23:45:00,1,0.5796400233648483
2024-05-09 00:00:00,1,0.44206056318135545
2024-05-09 02:15:00,0,0.438398268720085
2024-05-09 02:30:00,1,0.45634170667011487
2024-05-09 03:00:00,1,0.35875267999277605
2024-05-09 04:00:00,1,0.3572519294373178
2024-05-09 04:30:00,1,0.4011523170502009
2024-05-09 04:45:00,1,0.37340545661793506
2024-05-09 05:00:00,1,0.3809784735368618
2024-05-09 05:15:00,0,0.34127242368779515
2024-05-09 05:45:00,0,0.3724301002324276
2024-05-09 06:00:00,0,0.28404616587290055
2024-05-09 06:15:00,0,0.32510458406766024
2024-05-09 06:45:00,0,0.4718231694932714
2024-05-09 07:00:00,0,0.5505705446105733
2024-05-09 07:15:00,0,0.30897471665211557
2024-05-09 07:30:00,1,0.29832447474514306
2024-05-09 13:00:00,1,0.8470671068294596
2024-05-09 13:30:00,1,0.5961658581493069
2024-05-09 14:00:00,1,0.6869409325792148
2024-05-09 14:30:00,1,0.6408614998778512
2024-05-09 15:00:00,0,0.573987973674683
2024-05-09 15:45:00,1,0.6888082903576237
2024-05-09 16:00:00,1,0.48353032206492835
2024-05-09 17:15:00,0,0.5606922990817048
2024-05-09 17:30:00,1,0.5520082045701367
2024-05-09 17:45:00,1,0.5695890782918644
2024-05-09 18:00:00,1,0.5581625293941987
2024-05-09 18:15:00,1,0.6496602633361058
2024-05-09 18:30:00,1,0.4140906204064318
2024-05-09 18:45:00,0,0.3938118614692484
2024-05-09 19:15:00,1,0.45063334437694735
2024-05-09 19:30:00,1,0.47817530705798533
2024-05-09 19:45:00,1,0.48517441947338236
2024-05-09 20:00:00,0,0.44504784791138396
2024-05-09 20:15:00,1,0.44120168449538977
2024-05-09 22:00:00,1,0.3754249547805243
2024-05-09 22:45:00,1,0.39382740327640814
2024-05-09 23:00:00,0,0.5431064650913651
2024-05-09 23:15:00,0,0.5630480662644755
2024-05-09 23:30:00,1,0.5428295560215974
2024-05-10 00:15:00,0,0.3992747918726739
2024-05-10 00:30:00,0,0.5458033243152013
2024-05-10 00:45:00,1,0.46121645317695925
2024-05-10 01:30:00,1,0.6531062793302038
2024-05-10 01:45:00,1,0.5085841648255328
2024-05-10 02:00:00,0,0.6170615756704222
2024-05-10 02:15:00,0,0.2501599396818869
2024-05-10 02:30:00,1,0.6868959868846949
2024-05-10 02:45:00,1,0.6230655082538482
2024-05-10 03:30:00,1,0.5520633620089124
2024-05-10 03:45:00,0,0.5968486244519483
2024-05-10 04:00:00,1,0.5021316965674135
2024-05-10 05:15:00,1,0.36189297549416327
2024-05-10 05:30:00,1,0.33216805909636593
2024-05-10 06:00:00,1,0.30686966646022723
2024-05-10 06:15:00,1,0.30686966646022723
2024-05-10 06:30:00,1,0.4101423335827297
2024-05-10 06:45:00,0,0.4617507080803448
2024-05-10 07:30:00,0,0.6007110550039364
2024-05-10 07:45:00,1,0.5846355253428293
2024-05-10 08:15:00,1,0.4858529351450243
2024-05-10 08:30:00,1,0.6059420578590539
2024-05-10 10:15:00,1,0.4609905762201391
2024-05-10 10:45:00,0,0.5801196383718363
2024-05-10 11:15:00,1,0.5934138871266552
2024-05-10 11:30:00,1,0.6334613657352947
2024-05-10 11:45:00,1,0.5899341505977488
2024-05-10 12:15:00,1,0.6667606582549858
2024-05-10 12:30:00,1,0.6202983809772358
2024-05-10 13:15:00,0,0.5457267438679709
2024-05-10 13:30:00,1,0.6595239147585096
2024-05-10 14:15:00,1,0.6435126898845942
2024-05-10 14:45:00,1,0.6581055547025051
2024-05-10 18:15:00,0,0.5949936325120223
2024-05-10 19:45:00,0,0.656904488400951
2024-05-10 20:15:00,0,0.33793810096645766
2024-05-12 22:30:00,1,0.5494219196472345
2024-05-12 23:00:00,0,0.6725990500999353
2024-05-12 23:30:00,1,0.5977385762357201
2024-05-13 00:45:00,0,0.7547074974859513
2024-05-13 01:15:00,1,0.39065183097870304
2024-05-13 20:15:00,1,0.5952738611949931
2024-05-13 22:15:00,1,0.5815175009737472
2024-05-13 22:30:00,1,0.550004353961313
2024-05-13 22:45:00,1,0.5335971862724731
2024-05-13 23:00:00,1,0.5198433642339295
2024-05-13 23:15:00,1,0.7189066718459107
2024-05-13 23:30:00,1,0.6012644636512751
2024-05-13 23:45:00,0,0.5736781419927246
2024-05-14 00:30:00,1,0.42210681224177937
2024-05-14 03:15:00,1,0.42645155990864503
2024-05-14 03:30:00,1,0.44232807296509624
2024-05-14 03:45:00,1,0.38597118213333914
2024-05-14 04:00:00,0,0.40814672085836723
2024-05-14 04:15:00,1,0.3792655372139454
2024-05-14 04:45:00,0,0.4892470651899579
2024-05-14 05:00:00,1,0.46515868714326736
2024-05-14 05:15:00,1,0.4603006055045626
2024-05-14 05:45:00,0,0.34285934407428537
2024-05-14 06:00:00,0,0.33619565871986995
2024-05-14 06:15:00,0,0.30888076759056576
2024-05-14 06:30:00,1,0.37170390691325955
2024-05-14 09:30:00,1,0.39935662024520596
2024-05-14 10:00:00,0,0.46573893010442335
2024-05-14 10:45:00,0,0.47717840487133134
2024-05-14 11:00:00,0,0.4984069826329399
2024-05-14 11:15:00,1,0.7701588474861081
2024-05-14 11:30:00,1,0.6052997215027442
2024-05-14 11:45:00,1,0.6785568125281968
2024-05-14 12:00:00,1,0.5071526633591357
2024-05-14 14:15:00,1,0.5662873380836279
2024-05-14 14:30:00,0,0.7331966855026085
2024-05-14 15:15:00,1,0.5492288713614787
2024-05-14 15:30:00,0,0.6876026091968166
2024-05-14 15:45:00,1,0.63980029893801
2024-05-14 16:15:00,1,0.41751793682452976
2024-05-14 16:30:00,1,0.8581425888363939
2024-05-14 16:45:00,1,0.5009600909770731
2024-05-14 17:00:00,1,0.6461666083652484
2024-05-14 17:30:00,1,0.6223544134816438
2024-05-14 17:45:00,1,0.6451722465995428
2024-05-14 18:00:00,0,0.4956274306025778
2024-05-14 19:00:00,0,0.542279528863841
2024-05-14 19:30:00,1,0.7424949860454706
2024-05-14 20:00:00,0,0.654289007118443
2024-05-14 20:15:00,0,0.5921446216685868
2024-05-14 22:45:00,0,0.5891052819759582
2024-05-14 23:00:00,0,0.5548913114727406
2024-05-14 23:15:00,0,0.5154915705162987
2024-05-14 23:45:00,1,0.5843033353168428
2024-05-15 00:15:00,1,0.5510902466146771
2024-05-15 02:00:00,1,0.5470653352321561
2024-05-15 02:15:00,1,0.5493907737524517
2024-05-15 02:45:00,1,0.5218211954562351
2024-05-15 03:00:00,0,0.48774285804749334
2024-05-15 03:15:00,1,0.48774285804749334
2024-05-15 04:15:00,0,0.48357023389760434
2024-05-15 04:30:00,0,0.47394188968018125
2024-05-15 04:45:00,1,0.4122752842020925
2024-05-15 05:30:00,1,0.5045966302218196
2024-05-15 05:45:00,1,0.4592165618616512
2024-05-15 06:00:00,1,0.4025844575934664
2024-05-15 06:15:00,1,0.4807073520296281
2024-05-15 07:00:00,1,0.45490340247495525
2024-05-15 07:15:00,1,0.4797056926618412
2024-05-15 08:15:00,1,0.4322424417104904
2024-05-15 08:30:00,1,0.43730146785207624
2024-05-15 09:15:00,0,0.4023973260874139
2024-05-15 10:00:00,1,0.5537401563108229
2024-05-15 10:30:00,0,0.6687691856686245
2024-05-15 11:15:00,0,0.6539147291263422
2024-05-15 12:00:00,1,0.6067795405642387
2024-05-15 13:00:00,0,0.5956478546490732
2024-05-15 13:30:00,1,0.8284172234684817
2024-05-15 18:15:00,0,0.63387289567436
2024-05-15 19:00:00,0,0.7480627273508251
2024-05-15 19:15:00,0,0.7713445198132638
2024-05-15 19:30:00,1,0.7852966349232983
2024-05-15 19:45:00,1,0.6588169988021156
2024-05-15 20:00:00,1,0.7189854204374296
2024-05-15 20:15:00,0,0.5705248688430815
2024-05-15 20:30:00,1,0.5874609459249422
2024-05-15 23:00:00,1,0.715148409785692
2024-05-15 23:15:00,1,0.7252570695352368
2024-05-16 00:15:00,0,0.4250050142287005
2024-05-16 00:30:00,0,0.4169190204667453
2024-05-16 02:00:00,1,0.5970759002520988
2024-05-16 02:30:00,0,0.6282111410405077
2024-05-16 03:00:00,1,0.7056039200173094
2024-05-16 03:15:00,1,0.691833635761718
2024-05-16 03:30:00,0,0.6874404674528023
2024-05-16 03:45:00,1,0.6303419488559966
2024-05-16 04:45:00,1,0.5123316918233688
2024-05-16 05:00:00,1,0.775892689284884
2024-05-16 05:45:00,0,0.6014653020160926
2024-05-16 06:00:00,0,0.2725252818330182
2024-05-16 06:45:00,1,0.2714150775285388
2024-05-17 08:00:00,1,0.553032447334893
2024-05-17 08:45:00,1,0.5444223011722243
2024-05-17 09:00:00,0,0.6733137153016321
2024-05-17 09:30:00,1,0.2816697945875002
2024-05-17 10:45:00,0,0.3431214148014241
2024-05-17 11:00:00,1,0.45885135810850974
2024-05-17 11:30:00,1,0.4470619058147039
2024-05-17 12:00:00,1,0.4525485970062233
2024-05-17 12:15:00,1,0.46165128069624817
2024-05-17 12:45:00,1,0.5109899339523287
2024-05-17 13:00:00,1,0.722262004663899
2024-05-17 13:15:00,1,0.5767501277832985
2024-05-17 13:45:00,1,0.6499436442427716
2024-05-17 14:00:00,1,0.3790046084216511
2024-05-17 14:30:00,1,0.6388563976486401
2024-05-17 14:45:00,0,0.6368195565239945
2024-05-17 15:30:00,1,0.4346362381409253
2024-05-17 15:45:00,1,0.5503760596909816
2024-05-17 16:15:00,1,0.6090768650777227
2024-05-17 16:30:00,1,0.49129184152043165
2024-05-17 17:30:00,1,0.43103459447987114
2024-05-17 18:00:00,1,0.47738455914639555
2024-05-17 18:15:00,1,0.4922898464443487
2024-05-17 18:45:00,0,0.5769874897769917
2024-05-17 19:00:00,1,0.8305806404028118
2024-05-17 19:15:00,0,0.6067445564248449
2024-05-17 19:30:00,0,0.651715421798396
2024-05-17 20:00:00,1,0.7228856673431758
2024-05-17 20:15:00,1,0.5234104519538724
2024-05-17 20:30:00,1,0.6845512513320295
2024-05-19 22:30:00,1,0.7841736134965506
2024-05-19 22:45:00,1,0.6915727939286794
2024-05-19 23:30:00,1,0.6953354417562958
2024-05-20 00:30:00,1,0.5452730607632096
2024-05-20 00:45:00,1,0.5212804355057439
2024-05-20 01:45:00,1,0.6300459813420449
2024-05-20 02:15:00,1,0.4953939062076369
2024-05-20 02:45:00,1,0.832802885213296
2024-05-20 03:00:00,1,0.475300378928307
2024-05-20 03:30:00,1,0.626393571953526
2024-05-20 04:15:00,1,0.6199089105019726
2024-05-20 05:00:00,1,0.6368488980674097
2024-05-20 05:15:00,1,0.6686721293060263
2024-05-20 05:30:00,0,0.6579174343994988
2024-05-20 06:30:00,1,0.8145064990426888
2024-05-20 07:30:00,1,0.5560421379682124
2024-05-20 08:30:00,1,0.6179007884199924
2024-05-20 09:00:00,0,0.6189753729121221
2024-05-20 09:15:00,0,0.756112603611253
2024-05-20 10:00:00,0,0.5418312420476652
2024-05-20 11:00:00,1,0.6646927850734938
2024-05-20 11:15:00,1,0.6646927850734938
2024-05-20 11:30:00,1,0.7092395358221943
2024-05-20 11:45:00,0,0.7143171877780017
2024-05-20 12:15:00,1,0.7665407483777257
2024-05-21 01:30:00,0,0.20669325431517363
2024-05-21 01:45:00,1,0.6048543023127241
2024-05-21 02:00:00,0,0.7024376006828782
2024-05-21 02:45:00,1,0.6606225191593479
2024-05-21 03:00:00,0,0.6448958078672242
2024-05-21 08:30:00,1,0.39868313339119665
2024-05-21 08:45:00,0,0.6206658617011146
2024-05-21 09:30:00,1,0.6447360734436365
2024-05-21 10:00:00,1,0.48214975437242447
2024-05-21 10:15:00,1,0.5418290406374158
2024-05-21 10:30:00,1,0.5834369135396527
2024-05-21 10:45:00,1,0.7012909889901774
2024-05-21 11:45:00,1,0.7191847251583536
2024-05-21 12:00:00,1,0.6666443508459545
2024-05-21 12:15:00,1,0.6666443508459545
2024-05-21 12:30:00,1,0.5823832836460738
2024-05-21 12:45:00,1,0.5708848693529712
2024-05-21 13:30:00,1,0.747701094372587
2024-05-21 14:00:00,0,0.6698378959028023
2024-05-21 14:30:00,1,0.6698378959028023
2024-05-21 15:15:00,0,0.4993658740518896
2024-05-21 15:45:00,0,0.5069564772053973
2024-05-21 19:45:00,0,0.724300251233018
2024-05-21 20:30:00,0,0.7722734073501641
2024-05-21 22:00:00,1,0.4987138632593833
2024-05-21 22:15:00,1,0.6457770305663947
2024-05-21 22:45:00,0,0.6251318971239692
2024-05-21 23:00:00,0,0.6724742443184408
2024-05-21 23:15:00,0,0.5526560113868337
2024-05-21 23:30:00,0,0.6979780137735826
2024-05-21 23:45:00,0,0.6620042993403816
2024-05-22 00:45:00,1,0.5119308033213139
2024-05-22 01:00:00,1,0.545475046929815
2024-05-22 02:15:00,0,0.5794339551428728
2024-05-22 02:30:00,0,0.524142800079895
2024-05-22 02:45:00,1,0.48420049193159337
2024-05-22 03:00:00,0,0.4415712852544153
2024-05-22 03:30:00,0,0.60821162593629
2024-05-22 03:45:00,0,0.7047274416735947
2024-05-22 04:00:00,1,0.7160677958372853
2024-05-22 04:15:00,0,0.7283803402800154
2024-05-22 04:30:00,1,0.7340699604048161
2024-05-22 10:30:00,0,0.5853007860222652
2024-05-22 11:00:00,0,0.5382615687397166
2024-05-22 11:30:00,1,0.707403493394929
2024-05-23 00:30:00,0,0.46686090379196726
2024-05-23 00:45:00,1,0.47104492026794836
2024-05-23 01:00:00,1,0.37850591556924923
2024-05-23 01:15:00,1,0.3907067472912608
2024-05-23 13:45:00,1,0.25006547809692087
2024-05-23 14:00:00,1,0.6541963397393966
2024-05-23 14:15:00,1,0.6749836771837369
2024-05-23 14:30:00,1,0.6685771055755189
2024-05-23 14:45:00,1,0.38936210558600914
2024-05-24 02:00:00,0,0.3844073600005571
2024-05-24 02:15:00,1,0.5431754340125178
2024-05-24 07:30:00,0,0.2843116556695742
2024-05-24 08:15:00,1,0.5444078566924365
2024-05-24 08:30:00,0,0.3795581583327731
2024-05-24 08:45:00,1,0.3795581583327731
2024-05-24 09:15:00,0,0.3789250082349439
2024-05-24 09:45:00,1,0.47110974987976056
2024-05-24 10:30:00,1,0.5192538914907363
2024-05-24 11:00:00,0,0.5447903210527183
2024-05-24 11:30:00,0,0.48788086334416747
2024-05-24 11:45:00,1,0.6802844911791079
2024-05-24 12:15:00,1,0.7015976968051771
2024-05-24 13:45:00,1,0.7096269658006689
2024-05-24 14:15:00,1,0.5465093575447347
2024-05-24 14:45:00,1,0.538837210122525
2024-05-24 15:00:00,0,0.3922109926167348
2024-05-26 23:30:00,0,0.6389491032801266
2024-05-27 00:15:00,1,0.30744218959380826
2024-05-27 01:00:00,0,0.40628176436477026
2024-05-27 01:15:00,1,0.4202187021042755
2024-05-27 02:00:00,1,0.44550273387569667
2024-05-27 02:45:00,1,0.4046456713180282
2024-05-27 03:00:00,1,0.3637451750401817
2024-05-27 03:30:00,1,0.4933967590853096
2024-05-27 03:45:00,0,0.47220113479042475
2024-05-27 04:15:00,1,0.7353144094186799
2024-05-27 05:15:00,1,0.5893441093021953
2024-05-27 10:15:00,0,0.4255295850254643
2024-05-27 11:00:00,1,0.4816970482096212
2024-05-27 11:30:00,1,0.4446846709746034
2024-05-27 12:15:00,0,0.49037126138806764
2024-05-27 12:30:00,0,0.4906976905212495
2024-05-27 12:45:00,1,0.4865552647810821
2024-05-27 13:30:00,1,0.5655298325931096
2024-05-27 13:45:00,1,0.5797227886426681
2024-05-27 14:00:00,0,0.5031740877003126
2024-05-27 15:00:00,1,0.6240867031735882
2024-05-27 15:15:00,1,0.614174294318531
2024-05-27 15:30:00,1,0.6657221474126084
2024-05-27 16:00:00,1,0.7081378753698521
2024-05-27 16:15:00,1,0.5446029741453166
2024-05-27 16:45:00,0,0.7525481565594702
2024-05-27 17:00:00,0,0.6439520986457871
2024-05-27 22:00:00,1,0.7666714976821656
2024-05-27 22:30:00,0,0.7557874263864992
2024-05-27 23:15:00,0,0.5817028310659098
2024-05-28 02:15:00,0,0.503840845694957
2024-05-28 02:30:00,1,0.524952679404736
2024-05-28 02:45:00,0,0.4762976164092128
2024-05-28 03:00:00,0,0.42216966664044053
2024-05-28 03:15:00,1,0.407688147327866
2024-05-28 03:30:00,1,0.43766511377489026
2024-05-28 04:15:00,1,0.3960372073073999
2024-05-28 04:30:00,1,0.42311529037657986
2024-05-28 05:15:00,0,0.46872783428101406
2024-05-28 05:45:00,0,0.46043029138262237
2024-05-28 06:00:00,0,0.34881326590180395
2024-05-28 06:15:00,1,0.3398447027834186
2024-05-28 06:30:00,1,0.3622543110787805
2024-05-28 14:15:00,1,0.8111241989210549
2024-05-28 15:00:00,1,0.5278101652387235
2024-05-28 15:30:00,1,0.5880872904074199
2024-05-28 15:45:00,1,0.5173712494995115
2024-05-28 16:15:00,1,0.4504489034085697
2024-05-28 16:30:00,1,0.5316362489877711
2024-05-28 16:45:00,0,0.4477022582315238
2024-05-28 17:15:00,1,0.7768427590040609
2024-05-28 17:30:00,0,0.7302157998012605
2024-05-28 22:15:00,0,0.6287232674993937
2024-05-29 01:15:00,0,0.5012781331137546
2024-05-29 05:45:00,0,0.4509301233586429
2024-05-29 06:00:00,1,0.40363280117407224
2024-05-30 01:30:00,1,0.35058474993729183
2024-05-30 01:45:00,1,0.3418310436947101
2024-05-30 02:00:00,0,0.3972436390378269
2024-05-30 02:15:00,0,0.40366814373633636
2024-05-30 08:00:00,1,0.591007996755361
2024-05-30 08:15:00,1,0.7467232152253809
2024-05-30 08:30:00,1,0.36318852476745467
2024-05-30 09:00:00,0,0.5344266339994385
2024-05-30 11:00:00,1,0.6217801091844716
2024-05-30 11:15:00,1,0.6728992914857028
2024-05-30 11:30:00,0,0.669355199220986
2024-05-30 11:45:00,0,0.601540108882742
2024-05-30 12:00:00,1,0.8037650063433917
2024-05-30 12:15:00,1,0.40496902389642014
2024-05-30 12:30:00,1,0.6700470332782649
2024-05-30 13:15:00,1,0.6954680491216271
2024-05-30 13:45:00,1,0.7104405661924899
2024-05-30 14:00:00,1,0.6254672582519823
2024-05-30 14:30:00,0,0.22099551947738075
2024-05-30 15:45:00,0,0.4876067027778676
2024-05-30 16:00:00,1,0.6263256987692282
2024-05-30 16:15:00,0,0.5556968543936055
2024-05-30 18:15:00,0,0.4381461366614579
2024-05-30 18:45:00,0,0.363042120661752
2024-05-30 19:15:00,1,0.45063334437694735
2024-05-31 03:00:00,1,0.4125741986241068
2024-05-31 07:45:00,1,0.29461295067955234
2024-05-31 13:15:00,0,0.6012116281791391
2024-05-31 14:00:00,0,0.6062911700066141
2024-05-31 14:45:00,0,0.6650269937349674
2024-05-31 15:00:00,1,0.5669209047335311
2024-06-03 01:30:00,1,0.3993657765459598
2024-06-03 01:45:00,0,0.4723852540658412
2024-06-03 02:00:00,0,0.36648738949265597
2024-06-03 02:15:00,0,0.35932716097230805
2024-06-03 02:45:00,0,0.4176493352180607
2024-06-03 03:30:00,0,0.3419043809886765
2024-06-03 03:45:00,0,0.3560815610601706
2024-06-03 04:30:00,1,0.37490547791673107
2024-06-03 05:00:00,0,0.3434676294268015
2024-06-03 06:00:00,0,0.4664322018475342
2024-06-03 06:15:00,1,0.6305552128406174
2024-06-03 08:00:00,0,0.6142901976792096
2024-06-03 08:15:00,0,0.6035407023881041
2024-06-03 08:45:00,1,0.6226972460849562
2024-06-03 09:00:00,0,0.5609348782166257
2024-06-03 09:15:00,1,0.5642970100683504
2024-06-03 09:45:00,0,0.5665030590047293
2024-06-03 10:00:00,1,0.516064336000234
2024-06-03 10:45:00,1,0.4651819218254247
2024-06-03 11:15:00,1,0.4441476738745372
2024-06-03 12:30:00,1,0.5684422130923981
2024-06-03 14:00:00,1,0.6571718303590992
2024-06-03 14:45:00,1,0.4699236771137695
2024-06-03 16:30:00,1,0.5135558425592823
2024-06-03 16:45:00,1,0.5473710255200379
2024-06-03 17:15:00,1,0.5616911432846335
2024-06-03 17:30:00,1,0.6006846208481548
2024-06-04 01:15:00,0,0.4834092445458962
2024-06-04 06:45:00,0,0.3398447027834186
2024-06-04 07:00:00,0,0.34664716271885077
2024-06-04 07:15:00,0,0.39326439607282504
2024-06-04 07:30:00,0,0.39326439607282504
2024-06-04 07:45:00,0,0.36618353493571226
2024-06-04 08:00:00,1,0.37809262290157497
2024-06-04 08:15:00,0,0.37809262290157497
2024-06-04 08:45:00,0,0.4865711027002922
2024-06-04 13:45:00,0,0.637029712896207
2024-06-04 17:45:00,0,0.5919264651453165
2024-06-04 18:00:00,0,0.6343725971763724
2024-06-04 18:45:00,0,0.5225291199626164
2024-06-04 19:45:00,1,0.5321349035827062
2024-06-04 20:00:00,1,0.6080711818610155
2024-06-05 05:30:00,0,0.48536156221037097
2024-06-05 06:15:00,1,0.7989756764472933
2024-06-05 07:15:00,1,0.5240096301484325
2024-06-05 08:30:00,0,0.7778128801981595
2024-06-05 08:45:00,0,0.7808057933027714
2024-06-05 09:00:00,1,0.5533790293764029
2024-06-05 09:15:00,1,0.6430402194412789
2024-06-05 09:30:00,1,0.5566736830699548
2024-06-05 09:45:00,1,0.5821617811263246
2024-06-05 11:00:00,1,0.6996157122993463
2024-06-05 12:15:00,1,0.5699412783127603
2024-06-05 12:30:00,1,0.621657832618327
2024-06-05 12:45:00,1,0.660158810037525
2024-06-05 13:00:00,1,0.7881606401584307
2024-06-05 13:45:00,0,0.7944266830932203
2024-06-05 14:00:00,1,0.6921477104597052
2024-06-05 14:30:00,0,0.7771038561766009
2024-06-05 14:45:00,1,0.7771038561766009
2024-06-05 15:00:00,1,0.7902138658889168
2024-06-05 15:15:00,1,0.7081861423907369
2024-06-05 16:00:00,1,0.6675841145971896
2024-06-05 16:15:00,1,0.6887451628848502
2024-06-05 17:00:00,1,0.8311218229923053
2024-06-05 17:15:00,0,0.6674595134756525
2024-06-05 17:45:00,1,0.6267028599987666
2024-06-05 18:45:00,0,0.5404680878135184
2024-06-05 20:00:00,1,0.8110207666976982
2024-06-05 20:15:00,1,0.6529165985204106
2024-06-05 20:45:00,1,0.621800109764311
2024-06-05 22:00:00,1,0.5840595683562614
2024-06-05 22:30:00,1,0.5628683591620933
2024-06-05 22:45:00,0,0.5390125395979768
2024-06-05 23:30:00,1,0.5451464791268257
2024-06-05 23:45:00,1,0.5186845739240483
2024-06-06 00:45:00,1,0.48848983734768586
2024-06-06 01:00:00,1,0.4138325718132104
2024-06-06 01:15:00,1,0.42840432871337875
2024-06-06 01:45:00,1,0.5972380759112045
2024-06-06 02:00:00,1,0.5629233336445597
2024-06-06 02:45:00,0,0.7139363718683432
2024-06-06 04:00:00,1,0.7189871280264812
2024-06-06 04:15:00,1,0.816872288089039
2024-06-06 05:00:00,0,0.5582350381563881
2024-06-06 05:30:00,0,0.46393335242868833
2024-06-06 07:00:00,0,0.4850398133366054
2024-06-06 07:30:00,0,0.29435860857149077
2024-06-06 08:00:00,0,0.3049287959931869
2024-06-06 08:30:00,1,0.31174651152633265
2024-06-06 09:15:00,1,0.10057614376993697
2024-06-06 13:45:00,1,0.2539618993406892
2024-06-06 14:00:00,1,0.31573080298611106
2024-06-06 14:15:00,1,0.5379481344704942
2024-06-06 14:30:00,1,0.6300933650686754
2024-06-06 15:00:00,1,0.6354841415037521
2024-06-06 15:15:00,1,0.6354841415037521
2024-06-06 15:30:00,0,0.6712026782426794
2024-06-06 16:00:00,0,0.5792278490181921
2024-06-06 16:30:00,0,0.44592749200451204
2024-06-06 16:45:00,0,0.5771960687039175
2024-06-06 17:15:00,1,0.47205162981369947
2024-06-06 17:45:00,0,0.581246066526697
2024-06-06 18:45:00,1,0.6299436371700937
2024-06-06 19:00:00,0,0.6589306807589266
2024-06-06 19:30:00,1,0.20707427021025554
2024-06-06 20:00:00,1,0.6995233105500973
2024-06-06 20:30:00,1,0.6796648830581489
2024-06-06 20:45:00,1,0.509009679741339
2024-06-06 22:00:00,1,0.5432586030434402
2024-06-06 22:15:00,1,0.5147077734276216
2024-06-06 22:45:00,1,0.4666463921127317
2024-06-06 23:00:00,1,0.42926168284827604
2024-06-06 23:30:00,1,0.4128740377400871
2024-06-07 00:45:00,0,0.49863593701218045
2024-06-07 01:15:00,0,0.4833370700923554
2024-06-07 01:30:00,0,0.4357543869661258
2024-06-07 01:45:00,1,0.46800455834326343
2024-06-07 02:30:00,1,0.7802371500723996
2024-06-07 02:45:00,1,0.5639274729530933
2024-06-07 03:00:00,1,0.5443016873656605
2024-06-07 03:30:00,1,0.6387490679534317
2024-06-07 04:00:00,1,0.6425733340480875
2024-06-07 04:15:00,1,0.6119506776212987
2024-06-07 04:45:00,0,0.5097885161538086
2024-06-07 05:30:00,0,0.2571649440243071
2024-06-07 06:30:00,0,0.525839053362783
2024-06-07 08:00:00,0,0.6048460075469932
2024-06-07 08:45:00,0,0.28498406580396884
2024-06-07 09:00:00,0,0.3457284717808266
2024-06-07 09:15:00,1,0.5235701115317468
2024-06-07 09:30:00,0,0.5108374261680027
2024-06-07 09:45:00,0,0.5108374261680027
2024-06-07 10:00:00,0,0.6339996044887759
2024-06-07 10:15:00,0,0.6571947489050117
2024-06-07 10:30:00,0,0.5601561599525934
2024-06-07 10:45:00,1,0.6571947489050117
2024-06-07 11:30:00,0,0.43486773411232604
2024-06-10 02:15:00,0,0.36451695795240163
2024-06-10 03:00:00,0,0.5123308128440999
2024-06-10 03:15:00,0,0.46962301009281265
2024-06-10 03:45:00,0,0.381392548322014
2024-06-10 08:45:00,1,0.573126409238964
2024-06-10 09:15:00,1,0.48084095287100365
2024-06-10 10:00:00,0,0.4947576457785121
2024-06-10 10:15:00,1,0.44015517727630266
2024-06-10 10:45:00,1,0.43785035516633064
2024-06-10 11:00:00,0,0.41022088785965566
2024-06-10 11:15:00,1,0.4615696863355167
2024-06-10 11:45:00,1,0.5264473133134286
2024-06-10 12:45:00,1,0.5432385414581862
2024-06-10 13:00:00,0,0.593112075856804
2024-06-10 13:15:00,1,0.6551318973527253
2024-06-10 13:30:00,1,0.5633058075039279
2024-06-10 14:15:00,1,0.5280081289731523
2024-06-10 14:30:00,0,0.6815688874329178
2024-06-10 15:00:00,1,0.805437735646107
2024-06-10 15:30:00,0,0.68402413038333
2024-06-10 15:45:00,1,0.5503128772808955
2024-06-10 16:15:00,0,0.5582125109905755
2024-06-10 17:00:00,0,0.616152358240413
2024-06-10 18:00:00,0,0.6338749357906942
2024-06-10 18:15:00,1,0.47180222701970914
2024-06-10 18:30:00,0,0.43893769842025676
2024-06-10 18:45:00,1,0.4217866511979428
2024-06-10 19:15:00,0,0.4973639245941062
2024-06-10 20:00:00,1,0.7504291964061507
2024-06-11 08:30:00,0,0.3972201264334848
2024-06-11 08:45:00,1,0.310142576352962
2024-06-11 09:00:00,0,0.3073954161565132
2024-06-11 09:30:00,1,0.6438233871834346
2024-06-11 09:45:00,0,0.2817261344135625
2024-06-11 10:00:00,1,0.4382523783583144
2024-06-11 10:15:00,0,0.44093747168862163
2024-06-11 10:45:00,0,0.43114455412250197
2024-06-11 11:15:00,1,0.5179841572555667
2024-06-11 12:00:00,1,0.5069552260939302
2024-06-11 12:15:00,1,0.5579650602700628
2024-06-11 12:30:00,0,0.5831321109034149
2024-06-11 14:00:00,1,0.5917931103133166
2024-06-11 14:15:00,1,0.5155554205984209
2024-06-11 14:30:00,0,0.6256965053302391
2024-06-11 15:15:00,1,0.4727863951695973
2024-06-11 15:30:00,0,0.2799617803262257
2024-06-11 16:15:00,1,0.515964571483199
2024-06-11 23:00:00,0,0.5001862346480196
2024-06-11 23:15:00,0,0.5207952084919045
2024-06-11 23:45:00,0,0.6112287816395545
2024-06-12 00:30:00,0,0.5381571847980335
2024-06-12 06:30:00,0,0.4980354256184856
2024-06-12 07:00:00,0,0.48952410513433425
2024-06-12 07:15:00,1,0.5274083175089636
2024-06-12 13:15:00,0,0.7945556550005709
2024-06-12 13:45:00,0,0.7604947192277516
2024-06-12 14:15:00,1,0.6572174418457329
2024-06-12 15:45:00,1,0.7101879703583487
2024-06-12 17:00:00,0,0.5971272273143816
2024-06-12 17:45:00,0,0.6583398976180572
2024-06-12 18:00:00,1,0.6901968216446726
2024-06-12 18:30:00,0,0.7545089974844763
2024-06-12 18:45:00,1,0.7819771366589013
2024-06-12 19:00:00,0,0.6542594997095841
2024-06-12 19:15:00,1,0.7920442617637076
2024-06-13 08:00:00,0,0.2713929839442847
2024-06-13 08:15:00,1,0.23577008551883594
2024-06-13 08:30:00,1,0.45895450712625
2024-06-13 09:00:00,0,0.2656575840339554
2024-06-13 09:15:00,0,0.21610104712451372
2024-06-13 09:30:00,1,0.24102299653255554
2024-06-13 10:00:00,1,0.39310624689159257
2024-06-13 10:15:00,0,0.36031770741724883
2024-06-13 11:00:00,0,0.3577863457242316
2024-06-13 11:15:00,0,0.3665782265867429
2024-06-13 11:30:00,1,0.44335598197100046
2024-06-13 12:45:00,0,0.6622174054583592
2024-06-13 13:15:00,1,0.40743136830078613
2024-06-13 13:30:00,0,0.4627429688729974
2024-06-13 13:45:00,1,0.20445783517539853
2024-06-13 14:30:00,0,0.4797586111371455
2024-06-13 15:30:00,1,0.6178523592930534
2024-06-13 15:45:00,0,0.6298249736344457
2024-06-13 16:00:00,1,0.6849281311721387
2024-06-13 20:30:00,0,0.6790415976922226
2024-06-13 22:00:00,0,0.467176895764479
2024-06-13 22:15:00,0,0.5367011994323272
2024-06-13 22:30:00,0,0.6609424215703494
2024-06-13 23:00:00,0,0.622022867648324
2024-06-13 23:15:00,1,0.712643723439415
2024-06-13 23:30:00,1,0.6399645835423793
2024-06-14 00:30:00,1,0.42673222346618217
2024-06-14 01:00:00,0,0.504748818201372
2024-06-14 01:45:00,0,0.49449635179628676
2024-06-14 02:15:00,1,0.43164004946448276
2024-06-14 02:45:00,1,0.4097410019501578
2024-06-14 03:00:00,0,0.4280215804466561
2024-06-14 03:45:00,0,0.37377289426696714
2024-06-14 04:15:00,1,0.2922436495964164
2024-06-14 04:45:00,1,0.39290430095648277
2024-06-14 05:30:00,1,0.2780219626707817
2024-06-14 06:45:00,0,0.27517858463973094
2024-06-14 07:00:00,1,0.29461295067955234
2024-06-14 07:30:00,1,0.31217027467352493
2024-06-14 07:45:00,1,0.3112611049440193
2024-06-14 08:15:00,0,0.47543372450640137
2024-06-14 09:15:00,1,0.6952366601912912
2024-06-14 09:45:00,1,0.3921964927487333
2024-06-14 10:00:00,1,0.6638709832751613
2024-06-14 10:15:00,0,0.6715684662637574
2024-06-14 10:30:00,1,0.6715684662637574
2024-06-14 10:45:00,1,0.6426267435719237
2024-06-14 11:30:00,0,0.6667367055247374
2024-06-14 12:15:00,1,0.4369448370785319
2024-06-14 12:45:00,1,0.5308216299444078
2024-06-14 13:45:00,1,0.5132967532061764
2024-06-14 14:00:00,1,0.4312021566660881
2024-06-14 14:15:00,0,0.7787031681607511
2024-06-14 14:30:00,1,0.5836802330889016
2024-06-14 15:00:00,0,0.396478037690092
2024-06-14 18:00:00,0,0.596334174342834
2024-06-14 19:00:00,0,0.4718990706810103
2024-06-14 19:15:00,0,0.4254625336939784
2024-06-14 20:15:00,1,0.6799019112813732
2024-06-14 20:30:00,0,0.4949651803195256
2024-06-14 20:45:00,0,0.5072346015873079
2024-06-16 22:00:00,0,0.18690033367990552
2024-06-16 22:30:00,1,0.5467906676486625
2024-06-16 22:45:00,0,0.39179094433754735
2024-06-16 23:15:00,1,0.5122252305601556
2024-06-16 23:45:00,0,0.4965886383519032
2024-06-17 00:00:00,0,0.44189134378772266
2024-06-17 00:15:00,1,0.44189134378772266
2024-06-17 00:45:00,0,0.4425522140176622
2024-06-17 14:45:00,0,0.5939648880593184
2024-06-17 15:15:00,0,0.5891698476836673
2024-06-17 15:30:00,1,0.4796382305581047
2024-06-18 01:30:00,1,0.746914099646947
2024-06-18 01:45:00,1,0.4114092445572952
2024-06-18 02:00:00,0,0.47623653235563895
2024-06-18 02:15:00,1,0.5156380917495809
2024-06-18 02:30:00,0,0.5321319190509581
2024-06-18 03:00:00,1,0.43450337549726853
2024-06-18 03:15:00,0,0.4310579651605548
2024-06-18 04:00:00,0,0.43428585082972293
2024-06-18 05:00:00,1,0.38509211040190267
2024-06-18 06:00:00,1,0.38954788447662364
2024-06-18 06:15:00,0,0.4040356481762523
2024-06-18 06:45:00,0,0.4329064498606717
2024-06-18 07:30:00,0,0.32788799293155313
2024-06-18 07:45:00,0,0.3732165702046512
2024-06-18 08:00:00,1,0.3322441524290529
2024-06-18 08:15:00,1,0.3604231333661925
2024-06-18 08:30:00,1,0.3190195102577894
2024-06-18 14:15:00,1,0.7331966855026085
2024-06-18 14:30:00,1,0.6547171103451126
2024-06-18 14:45:00,1,0.5986825507741411
2024-06-18 15:30:00,0,0.7475233016815179
2024-06-18 15:45:00,1,0.6617973362188238
2024-06-18 16:15:00,1,0.4732242077402316
2024-06-18 17:00:00,1,0.5424233549550594
2024-06-18 17:15:00,0,0.4876516852208374
2024-06-18 17:45:00,0,0.5992216194469128
2024-06-18 18:00:00,1,0.7552760351360605
2024-06-18 19:15:00,1,0.7502827589653194
2024-06-18 19:30:00,1,0.7177659785010626
2024-06-18 19:45:00,0,0.7353854204679364
2024-06-18 22:15:00,1,0.5241691407179097
2024-06-19 00:00:00,0,0.5319417235537369
2024-06-19 00:45:00,0,0.5348322932666013
2024-06-19 03:30:00,1,0.39199348548189744
2024-06-19 03:45:00,1,0.4851951825666954
2024-06-19 04:00:00,1,0.41970743632684504
2024-06-19 04:45:00,1,0.46982935033090323
2024-06-19 05:15:00,1,0.47000799724422887
2024-06-19 06:45:00,1,0.5157296093160786
2024-06-19 07:00:00,1,0.5244037793000198
2024-06-19 08:00:00,0,0.48498748387033214
2024-06-19 08:30:00,0,0.3334056100231054
2024-06-19 08:45:00,0,0.34483119387418265
2024-06-19 09:00:00,0,0.39835379480999966
2024-06-19 09:30:00,1,0.39380447141818437
2024-06-19 10:00:00,1,0.48481245903595305
2024-06-19 10:30:00,1,0.47680138472087763
2024-06-20 01:45:00,0,0.4857358931650409
2024-06-20 03:00:00,1,0.7189085880202449
2024-06-20 03:45:00,1,0.5102295235429248
2024-06-20 04:15:00,1,0.32769055112461737
2024-06-20 04:30:00,1,0.3246966239866806
2024-06-20 04:45:00,1,0.3281791970569226
2024-06-20 05:00:00,1,0.376886018898151
2024-06-20 06:00:00,1,0.28402686360274754
2024-06-20 06:15:00,0,0.3133118877950231
2024-06-20 06:30:00,1,0.2886348043271833
2024-06-20 07:15:00,0,0.29492437237839564
2024-06-20 07:30:00,0,0.5591403644927345
2024-06-20 08:00:00,0,0.4483458938244229
2024-06-20 08:15:00,1,0.4156900622952212
2024-06-20 15:30:00,1,0.6213207618437303
2024-06-20 15:45:00,1,0.5042274382922448
2024-06-20 16:15:00,1,0.5144145603842588
2024-06-20 16:30:00,1,0.48353032206492835
2024-06-20 16:45:00,0,0.588789011052646
2024-06-20 17:00:00,0,0.481628079516293
2024-06-20 17:30:00,1,0.4389179053823116
2024-06-20 18:15:00,0,0.6766029850390651
2024-06-20 19:30:00,1,0.7051745510769893
2024-06-20 20:00:00,1,0.6951217686527441
2024-06-20 22:15:00,0,0.5222565055515154
2024-06-20 22:30:00,1,0.5222565055515154
2024-06-20 22:45:00,1,0.4422795833551317
2024-06-20 23:00:00,1,0.4154869794820527
2024-06-21 00:00:00,1,0.5120215780608369
2024-06-21 00:15:00,1,0.5210916012222057
2024-06-21 01:00:00,0,0.7334303364099816
2024-06-21 01:15:00,1,0.373075692615211
2024-06-21 06:30:00,0,0.33979283794511167
2024-06-21 07:00:00,1,0.22496272795935005
2024-06-21 08:30:00,1,0.46780049466412993
2024-06-21 09:00:00,0,0.38629109199626466
2024-06-21 09:15:00,0,0.5324214092082837
2024-06-21 10:15:00,1,0.5106598795209584
2024-06-21 10:30:00,1,0.457250181707905
2024-06-21 10:45:00,1,0.5399295257631299
2024-06-21 11:00:00,1,0.4561461832775069
2024-06-21 11:45:00,1,0.3931049443581406
2024-06-21 12:15:00,0,0.5643390197574659
2024-06-21 12:45:00,0,0.4549084155173527
2024-06-21 13:30:00,0,0.7012545583142136
2024-06-21 14:30:00,0,0.3597312039236612
2024-06-21 14:45:00,0,0.6357451853777548
2024-06-24 02:00:00,1,0.40905428479335676
2024-06-24 02:30:00,1,0.3722462953244362
2024-06-24 03:00:00,1,0.3325319075812848
2024-06-24 03:45:00,1,0.37750898382721254
2024-06-24 04:00:00,0,0.3938599534354445
2024-06-24 04:15:00,0,0.37454862077512635
2024-06-24 04:30:00,1,0.426580133411167
2024-06-24 04:45:00,1,0.4334514415812937
2024-06-24 05:15:00,0,0.38415324209138724
2024-06-24 05:45:00,0,0.3202136256591221
2024-06-24 06:00:00,0,0.26101453642513717
2024-06-24 06:15:00,1,0.7091987683975824
2024-06-24 07:15:00,1,0.35158869336181214
2024-06-24 07:30:00,0,0.3536921836904447
2024-06-24 07:45:00,0,0.3502241963518185
2024-06-24 08:15:00,1,0.29583005048563255
2024-06-24 09:00:00,1,0.16116777861615833
2024-06-24 09:15:00,0,0.29452840144830805
2024-06-24 13:45:00,1,0.665736487830608
2024-06-24 14:00:00,1,0.4464523315606851
2024-06-24 14:15:00,1,0.411589992712375
2024-06-24 15:00:00,0,0.7144492862491586
2024-06-24 16:00:00,1,0.8059835986711246
2024-06-24 16:45:00,0,0.4138191521011938
2024-06-24 17:15:00,1,0.451804221382113
2024-06-24 17:45:00,1,0.4027674164476835
2024-06-24 18:00:00,0,0.4598529399504264
2024-06-24 19:00:00,1,0.5671388258207222
2024-06-24 20:15:00,0,0.5705353737448603
2024-06-24 22:15:00,0,0.5273194451816805
2024-06-24 22:30:00,0,0.5657054837525921
2024-06-24 22:45:00,0,0.5234411277135349
2024-06-24 23:00:00,0,0.4763616098128478
2024-06-24 23:15:00,0,0.5156973092472433
2024-06-25 00:00:00,0,0.4566656492762716
2024-06-25 00:45:00,0,0.4327277721208569
2024-06-25 01:15:00,0,0.4470256068718873
2024-06-25 01:30:00,1,0.5222384117497391
2024-06-25 05:45:00,1,0.3642446803152514
2024-06-25 06:30:00,1,0.31330920816743263
2024-06-25 07:00:00,0,0.3766332289779635
2024-06-25 07:30:00,1,0.3487048762870806
2024-06-25 07:45:00,1,0.40975331020107275
2024-06-25 12:15:00,0,0.5995478883381191
2024-06-25 12:45:00,0,0.5069552260939302
2024-06-25 13:30:00,1,0.7347623993239648
2024-06-25 20:30:00,1,0.7750044855881553
2024-06-25 20:45:00,1,0.7969880253830539
2024-06-25 22:00:00,1,0.7355803914265325
2024-06-25 22:15:00,0,0.600945425366648
2024-06-25 22:30:00,1,0.5513619454575945
2024-06-25 22:45:00,0,0.5328125352378946
2024-06-25 23:15:00,1,0.6339902825640601
2024-06-25 23:30:00,1,0.5548553429193057
2024-06-26 00:00:00,0,0.6034267753468648
2024-06-26 00:30:00,0,0.4746405929497479
2024-06-26 00:45:00,1,0.41488101375011477
2024-06-26 01:15:00,0,0.461860975676743
2024-06-26 10:15:00,1,0.5249218498836185
2024-06-26 10:30:00,0,0.5760120862016813
2024-06-26 11:00:00,1,0.5603453676503058
2024-06-27 01:45:00,1,0.44471677213517125
2024-06-27 02:00:00,1,0.47489917956732824
2024-06-27 02:30:00,1,0.4923903192993205
2024-06-27 04:15:00,0,0.5067331214113449
2024-06-27 04:30:00,0,0.3866923334933657
2024-06-27 04:45:00,0,0.36878410556438035
2024-06-27 05:00:00,0,0.42779243022957014
2024-06-27 05:15:00,1,0.333292077228208
2024-06-27 05:30:00,0,0.3769418304877777
2024-06-27 05:45:00,1,0.4254662997099755
2024-06-27 06:45:00,1,0.2821358119194597
2024-06-27 08:00:00,1,0.246326214038578
2024-06-27 08:45:00,1,0.29492437237839564
2024-06-27 09:00:00,1,0.2729169386620191
2024-06-27 09:15:00,0,0.2729169386620191
2024-06-27 09:30:00,1,0.2707594803193025
2024-06-27 10:00:00,0,0.4032902107198361
2024-06-27 10:15:00,1,0.4031001365001423
2024-06-27 11:00:00,0,0.45504996533669784
2024-06-27 11:15:00,1,0.385837383830645
2024-06-27 11:45:00,1,0.5113994356917577
2024-06-27 12:00:00,0,0.5114263717880942
2024-06-27 12:15:00,1,0.5114263717880942
2024-06-27 13:15:00,1,0.27597148937516386
2024-06-27 15:00:00,0,0.45606979073461396
2024-06-27 15:30:00,1,0.45845080336663613
2024-06-27 15:45:00,0,0.5304435149599257
2024-06-27 16:00:00,0,0.4086876466706688
2024-06-27 16:30:00,0,0.4901029885965162
2024-06-27 16:45:00,0,0.6502756812003153
2024-06-27 17:00:00,1,0.5443200756598255
2024-06-27 17:15:00,1,0.711270100339132
2024-06-27 22:00:00,1,0.47564856645276765
2024-06-27 22:15:00,1,0.5229132249439411
2024-06-27 22:30:00,1,0.4422795833551317
2024-06-27 23:00:00,0,0.4436698245994745
2024-06-27 23:15:00,0,0.631893995488276
2024-06-27 23:45:00,0,0.6354913657304557
2024-06-28 00:15:00,0,0.5026631256637349
2024-06-28 00:30:00,0,0.4796881164230255
2024-06-28 00:45:00,1,0.5091131143396723
2024-06-28 01:00:00,1,0.4393210884932649
2024-06-28 09:45:00,1,0.2459013264168814
2024-06-28 10:15:00,1,0.37725878212750524
2024-06-28 10:30:00,0,0.36476128198657726
2024-06-28 11:45:00,1,0.42512426123642943
2024-06-28 12:30:00,1,0.4643612275308613
2024-06-28 13:15:00,0,0.26742657264279507
2024-07-01 01:45:00,0,0.4502574521898926
2024-07-01 02:00:00,1,0.48337078558248003
2024-07-01 03:00:00,0,0.44551611455765927
2024-07-01 04:30:00,1,0.30788610289251955
2024-07-01 04:45:00,0,0.4771289875540891
2024-07-01 05:00:00,0,0.38834660563225143
2024-07-01 05:15:00,1,0.33235233222918037
2024-07-01 07:45:00,0,0.46308071495239544
2024-07-01 08:00:00,1,0.6107396680139247
2024-07-01 08:15:00,1,0.4720427252797429
2024-07-01 08:30:00,1,0.39395034652511984
2024-07-01 09:00:00,0,0.35797668566617896
2024-07-01 09:30:00,1,0.3049525007753125
2024-07-01 09:45:00,1,0.2975553715753775
2024-07-01 10:00:00,1,0.46351681401079253
2024-07-01 10:45:00,1,0.4162990908968861
2024-07-01 11:00:00,1,0.48605794277421577
2024-07-01 11:15:00,1,0.47927596087937613
2024-07-01 11:30:00,1,0.47927596087937613
2024-07-01 11:45:00,0,0.47931686778134613
2024-07-01 13:30:00,0,0.7793115405988467
2024-07-01 22:15:00,1,0.5784279126069587
2024-07-01 22:30:00,1,0.504663759659634
2024-07-01 22:45:00,1,0.5259837957194445
2024-07-01 23:15:00,1,0.6924191709494165
2024-07-01 23:30:00,1,0.6049131922478389
2024-07-02 00:15:00,1,0.43386768139380777
2024-07-02 00:30:00,1,0.4142522941727573
2024-07-02 01:00:00,1,0.3625127289629677
2024-07-02 01:45:00,0,0.38751184252960813
2024-07-02 02:15:00,0,0.4739650144057952
2024-07-02 02:30:00,0,0.5283000849824474
2024-07-02 03:00:00,1,0.4267786052198914
2024-07-02 03:15:00,0,0.40428943314569843
2024-07-02 03:45:00,1,0.4926803957111685
2024-07-02 09:15:00,0,0.3177626689017229
2024-07-02 09:30:00,0,0.32687906513617854
2024-07-02 09:45:00,0,0.366666055081327
2024-07-02 14:00:00,0,0.4663315135449873
2024-07-02 14:15:00,1,0.36280145874068537
2024-07-02 14:30:00,1,0.7723945362079185
2024-07-02 14:45:00,0,0.7817803116046294
2024-07-02 15:45:00,0,0.471367165963514
2024-07-03 00:30:00,0,0.45533632095840254
2024-07-03 00:45:00,0,0.5037807077915668
2024-07-03 01:30:00,0,0.48229426598682557
2024-07-03 02:15:00,1,0.5470653352321561
2024-07-03 02:30:00,1,0.5845251223987121
2024-07-03 08:15:00,0,0.5924600930557815
2024-07-03 08:30:00,0,0.5935071316179114
2024-07-03 08:45:00,0,0.6010413395567463
2024-07-03 09:00:00,1,0.4939184970255695
2024-07-03 09:45:00,1,0.6379398103155468
2024-07-03 10:15:00,1,0.6016771698691593
2024-07-03 10:30:00,0,0.5976919429877111
2024-07-03 11:15:00,1,0.8464349223227782
2024-07-03 11:30:00,1,0.7006817743864714
2024-07-03 12:15:00,1,0.6424851314289473
2024-07-03 12:30:00,1,0.7791966721698697
2024-07-03 13:30:00,1,0.7854397404225136
2024-07-03 13:45:00,1,0.7854397404225136
2024-07-03 14:00:00,0,0.7390123388250538
2024-07-03 15:15:00,0,0.6801366364905196
2024-07-03 15:30:00,1,0.6801366364905196
2024-07-03 15:45:00,0,0.6723827593261239
2024-07-03 16:00:00,0,0.34851868415262754
2024-07-03 16:45:00,0,0.34114046764849226
2024-07-03 17:00:00,1,0.7398755580019536
2024-07-03 17:15:00,0,0.7307920710334992
2024-07-03 18:15:00,0,0.3621997028293912
2024-07-03 18:45:00,0,0.5196168454483475
2024-07-03 19:00:00,0,0.5528297813408992
2024-07-03 19:30:00,1,0.580194696947257
2024-07-04 02:00:00,0,0.4029826312435312
2024-07-04 02:30:00,1,0.3819206495354355
2024-07-04 02:45:00,1,0.44044615111653646
2024-07-04 03:15:00,0,0.4111217387316984
2024-07-04 03:30:00,0,0.45199932849563346
2024-07-04 04:00:00,1,0.3426852183051249
2024-07-04 04:45:00,0,0.37340545661793506
2024-07-04 05:15:00,1,0.3752485570595668
2024-07-04 05:45:00,0,0.3724301002324276
2024-07-04 06:15:00,1,0.25434987658252073
2024-07-04 12:45:00,1,0.41479905324832805
2024-07-04 13:00:00,1,0.4519346161208063
2024-07-04 13:30:00,1,0.49283285591837656
2024-07-04 13:45:00,0,0.4800672931808943
2024-07-04 14:00:00,0,0.4550896194998869
2024-07-04 15:00:00,0,0.3362998066323287
2024-07-05 04:00:00,1,0.29320816079978224
2024-07-05 04:30:00,1,0.37124067974449065
2024-07-05 05:00:00,1,0.3502362621555168
2024-07-05 05:15:00,1,0.3315536486791704
2024-07-05 05:45:00,1,0.32253328483725063
2024-07-05 06:15:00,1,0.3497935516337381
2024-07-05 07:45:00,1,0.3356818208509867
2024-07-05 08:00:00,0,0.32619634412449017
2024-07-05 09:00:00,0,0.236534819932118
2024-07-05 09:30:00,0,0.2716104767278194
2024-07-05 09:45:00,1,0.24063916630801765
2024-07-05 14:30:00,0,0.6724408338331719
2024-07-05 15:00:00,1,0.5393130184028144
2024-07-05 15:15:00,1,0.5393130184028144
2024-07-05 15:45:00,1,0.45199372490119427
2024-07-05 16:45:00,1,0.4523307579977538
2024-07-05 17:00:00,1,0.5742921533360786
2024-07-05 18:15:00,1,0.6171549209751604
2024-07-05 18:30:00,0,0.6070463484291677
2024-07-05 18:45:00,0,0.48358033876095674
2024-07-05 19:30:00,0,0.47637458870689325
2024-07-05 19:45:00,1,0.5168831305887523
2024-07-05 20:00:00,0,0.4742410468466752
2024-07-07 22:00:00,0,0.28165208437891404
2024-07-07 22:15:00,0,0.5871555653550299
2024-07-07 22:30:00,0,0.6467724102043698
2024-07-07 22:45:00,1,0.5858517503522286
2024-07-07 23:00:00,0,0.6794467115658809
2024-07-07 23:30:00,0,0.55445927367066
2024-07-07 23:45:00,0,0.5670237031902959
2024-07-08 00:00:00,1,0.42155935096411257
2024-07-08 00:30:00,0,0.42301584217084715
2024-07-08 00:45:00,1,0.36994676609737487
2024-07-08 14:15:00,0,0.6589255659482872
2024-07-08 15:15:00,0,0.5380946216577693
2024-07-08 15:30:00,0,0.5070829326738419
2024-07-08 20:00:00,1,0.6079244366963015
2024-07-08 20:30:00,1,0.6147955503110542
2024-07-08 20:45:00,1,0.6624754653169875
2024-07-08 22:30:00,1,0.7184316594917618
2024-07-08 22:45:00,1,0.6991317347092417
2024-07-08 23:00:00,1,0.6251183548835001
2024-07-08 23:30:00,1,0.5789613454650236
2024-07-08 23:45:00,1,0.6908878888230107
2024-07-09 00:00:00,0,0.27128862009062155
2024-07-09 00:15:00,1,0.3556556281382566
2024-07-09 00:45:00,1,0.4229191608494753
2024-07-09 01:00:00,0,0.4512387583215295
2024-07-09 01:15:00,1,0.4941549337230881
2024-07-09 01:45:00,1,0.48948878712106386
2024-07-09 02:30:00,1,0.4323437860795762
2024-07-09 02:45:00,1,0.4622168692491635
2024-07-09 04:30:00,0,0.41321070866197945
2024-07-09 05:15:00,0,0.4066470889401214
2024-07-09 06:00:00,0,0.5325811007716531
2024-07-09 06:15:00,0,0.5868416449618925
2024-07-09 06:30:00,0,0.38954788447662364
2024-07-09 07:15:00,0,0.41780617856835195
2024-07-09 07:45:00,1,0.3481328995998544
2024-07-09 08:00:00,1,0.4158300187426005
2024-07-09 14:30:00,0,0.40080472974961967
2024-07-09 14:45:00,1,0.671865571813018
2024-07-09 19:30:00,1,0.5669036769762973
2024-07-09 20:00:00,1,0.6248069391825635
2024-07-09 20:15:00,1,0.5943110435285179
2024-07-09 20:30:00,1,0.626996839386926
2024-07-09 22:45:00,1,0.7097831955871385
2024-07-09 23:00:00,1,0.7484422833139238
2024-07-09 23:15:00,1,0.7693503076240578
2024-07-10 00:15:00,0,0.5112142137551815
2024-07-10 00:30:00,1,0.5112142137551815
2024-07-10 00:45:00,1,0.6018453894527412
2024-07-10 01:45:00,0,0.5281160681310153
2024-07-10 02:00:00,1,0.5204102658257341
2024-07-10 03:00:00,1,0.5498135459288042
2024-07-10 03:30:00,1,0.46452836947809456
2024-07-10 05:00:00,1,0.4896800771766338
2024-07-10 05:45:00,1,0.4959067136283233
2024-07-10 06:30:00,1,0.4854915404091154
2024-07-10 06:45:00,1,0.46736167288699765
2024-07-10 07:15:00,0,0.48642204940332906
2024-07-10 07:45:00,1,0.481672166465592
2024-07-10 08:30:00,0,0.37905593810928523
2024-07-10 09:00:00,1,0.39391001896117434
2024-07-10 09:30:00,0,0.38497334441481
2024-07-10 09:45:00,1,0.321084976946787
2024-07-10 10:15:00,0,0.4895653846043451
2024-07-10 10:45:00,1,0.4872018801829895
2024-07-10 11:00:00,1,0.5773866454071318
2024-07-10 11:15:00,1,0.46125650560087456
2024-07-10 11:30:00,1,0.5538830062306541
2024-07-10 11:45:00,1,0.5502838450195172
2024-07-10 12:00:00,1,0.5556614108390145
2024-07-10 12:45:00,1,0.7861252186336475
2024-07-10 13:15:00,1,0.6223567268803049
2024-07-10 14:15:00,0,0.768181659398614
2024-07-11 06:15:00,1,0.3071331174384472
2024-07-11 07:00:00,1,0.2868967976646983
2024-07-11 07:15:00,0,0.33694878733701217
2024-07-11 07:30:00,1,0.5940216086239088
2024-07-11 07:45:00,1,0.3344641829600585
2024-07-11 08:00:00,0,0.2974785717726857
2024-07-11 08:15:00,1,0.29435860857149077
2024-07-11 08:30:00,0,0.29701471995279
2024-07-11 08:45:00,1,0.28547306455939836
2024-07-11 09:15:00,1,0.2717637818732671
2024-07-11 09:30:00,0,0.25195860465514136
2024-07-11 10:15:00,0,0.39529268748665536
2024-07-11 10:45:00,0,0.36798318857428935
2024-07-11 11:00:00,0,0.4059923613013642
2024-07-11 11:45:00,1,0.44886421662057263
2024-07-11 13:30:00,1,0.706259979722012
2024-07-11 13:45:00,1,0.8751613958488081
2024-07-11 14:00:00,0,0.7006171848627313
2024-07-11 14:30:00,1,0.7007828436147197
2024-07-11 14:45:00,1,0.6946547622878543
2024-07-11 15:00:00,0,0.6930868977675828
2024-07-11 17:00:00,1,0.6001383587422905
2024-07-11 17:30:00,0,0.6673868485555607
2024-07-11 17:45:00,1,0.4577112429595215
2024-07-11 18:00:00,1,0.5896932988736889
2024-07-11 18:30:00,0,0.7434860480886981
2024-07-11 20:00:00,0,0.6516729197995019
2024-07-11 20:15:00,0,0.6799838552284742
2024-07-11 20:30:00,0,0.6852873328056722
2024-07-11 20:45:00,0,0.6770971402727941
2024-07-11 22:30:00,1,0.5178888317010762
2024-07-11 23:00:00,1,0.5281638999232878
2024-07-11 23:30:00,0,0.624414815610375
2024-07-12 00:30:00,0,0.44794914491119486
2024-07-12 00:45:00,0,0.3841040552254433
2024-07-12 01:45:00,1,0.4495023907956945
2024-07-12 18:00:00,0,0.29616413679660586
2024-07-12 18:15:00,0,0.35112315020567425
2024-07-12 18:45:00,0,0.5326128683713115
2024-07-12 19:00:00,0,0.6411902809241643
2024-07-12 20:45:00,0,0.11584265666645867
2024-07-14 22:15:00,0,0.5587476845788995
2024-07-14 22:30:00,0,0.6053077505074512
2024-07-14 22:45:00,0,0.44886335202390426
2024-07-14 23:00:00,1,0.48106995234230154
2024-07-15 00:00:00,0,0.4397490611700637
2024-07-15 00:15:00,1,0.39165474241474
2024-07-15 00:30:00,1,0.46638713162616496
2024-07-15 05:45:00,0,0.46739109266187984
2024-07-15 06:00:00,0,0.3732880725051727
2024-07-15 06:15:00,1,0.2758491125779823
2024-07-15 06:30:00,0,0.34439247674870577
2024-07-15 06:45:00,1,0.4086510540069116
2024-07-15 12:15:00,0,0.21020711654505458
2024-07-15 12:45:00,0,0.4286765295669729
2024-07-15 13:00:00,1,0.8775887701763814
2024-07-15 13:30:00,1,0.5422052684306783
2024-07-15 14:00:00,1,0.6572087575347363
2024-07-15 14:15:00,1,0.626198571789548
2024-07-15 14:45:00,1,0.6169071139067506
2024-07-15 15:30:00,0,0.6403284175844312
2024-07-15 16:00:00,1,0.5059939148672936
2024-07-15 16:15:00,0,0.42393106621215526
2024-07-15 16:45:00,0,0.4629732818281758
2024-07-15 19:30:00,0,0.7094027235827253
2024-07-15 19:45:00,1,0.7171355377672384
2024-07-15 20:00:00,0,0.522210948266346
2024-07-15 20:15:00,1,0.5287566637367552
2024-07-15 20:45:00,0,0.5674172010603294
2024-07-15 22:00:00,1,0.5205340461714395
2024-07-15 22:15:00,1,0.5209255137206251
2024-07-15 23:15:00,0,0.5856226868673827
2024-07-15 23:30:00,0,0.5645065244416
2024-07-15 23:45:00,0,0.5664299033218972
2024-07-16 00:00:00,0,0.3672525301825528
2024-07-16 00:15:00,0,0.37917007263493147
2024-07-16 00:30:00,1,0.4566656492762716
2024-07-16 03:30:00,0,0.38597118213333914
2024-07-16 03:45:00,0,0.38597118213333914
2024-07-16 04:00:00,0,0.6708688510459673
2024-07-16 04:15:00,1,0.6724669906693507
2024-07-16 04:45:00,1,0.42269289550980194
2024-07-16 05:30:00,0,0.40193870332807125
2024-07-16 06:15:00,1,0.36484229505365384
2024-07-16 06:30:00,1,0.3604464006728063
2024-07-16 06:45:00,1,0.3604464006728063
2024-07-16 07:30:00,0,0.4529051764454329
2024-07-16 08:15:00,1,0.4814130312203832
2024-07-16 09:00:00,1,0.4341636500357773
2024-07-16 09:30:00,0,0.5732251521731317
2024-07-16 09:45:00,0,0.4046813181845262
2024-07-16 10:15:00,1,0.5268730954673143
2024-07-16 11:00:00,1,0.673911392264167
2024-07-16 11:15:00,0,0.4983815023949417
2024-07-16 11:45:00,0,0.5876487627373974
2024-07-16 13:00:00,1,0.7986813217665821
2024-07-16 13:30:00,0,0.7477884300361555
2024-07-16 14:00:00,1,0.5339416603217599
2024-07-16 14:15:00,1,0.733042136122312
2024-07-16 14:30:00,1,0.7331966855026085
2024-07-16 14:45:00,1,0.7331966855026085
2024-07-16 15:00:00,1,0.7480518942823431
2024-07-16 15:15:00,1,0.7480518942823431
2024-07-16 15:30:00,0,0.7210405735836299
2024-07-16 16:15:00,0,0.6432354147998766
2024-07-16 17:00:00,1,0.616329156808268
2024-07-16 17:15:00,1,0.5318788833411207
2024-07-16 17:30:00,1,0.5511680554748652
2024-07-16 19:45:00,0,0.5874227744045636
2024-07-16 20:15:00,1,0.546682231787993
2024-07-16 20:30:00,0,0.35719472677905895
2024-07-16 22:00:00,1,0.5878673898236627
2024-07-16 22:45:00,0,0.6469661992132302
2024-07-16 23:00:00,0,0.5519514228033034
2024-07-17 00:00:00,1,0.543755363562071
2024-07-17 03:00:00,0,0.3931152626117239
2024-07-17 03:15:00,1,0.7308366671400645
2024-07-17 14:30:00,0,0.6767132004514963
2024-07-18 00:00:00,1,0.5126674898967893
2024-07-18 01:45:00,0,0.3965025657831083
2024-07-18 02:00:00,0,0.3778908891872565
2024-07-18 02:15:00,1,0.4393431174279099
2024-07-18 02:45:00,1,0.5073074107565072
2024-07-18 03:00:00,0,0.5140508707007169
2024-07-18 03:45:00,0,0.5310631790227173
2024-07-18 04:00:00,1,0.44103355197195265
2024-07-18 04:15:00,0,0.4305993443902434
2024-07-18 04:30:00,0,0.323900556845269
2024-07-18 04:45:00,1,0.3117775015696709
2024-07-18 05:45:00,1,0.3238665631607348
2024-07-18 06:45:00,1,0.29204160714678407
2024-07-18 07:15:00,0,0.3838574161111023
2024-07-18 07:45:00,0,0.37827581864981535
2024-07-18 08:45:00,0,0.4514076039971339
2024-07-18 10:00:00,1,0.4031001365001423
2024-07-18 15:30:00,0,0.4593865909459301
2024-07-18 16:15:00,0,0.4128736014107128
2024-07-18 16:30:00,1,0.47668998645951516
2024-07-18 16:45:00,0,0.47668998645951516
2024-07-22 00:15:00,0,0.34026916404306023
2024-07-22 01:00:00,1,0.3204864362372535
2024-07-22 01:15:00,0,0.414003907457
2024-07-22 02:30:00,1,0.39775096333558735
2024-07-22 02:45:00,1,0.4032007794225585
2024-07-22 03:15:00,0,0.479605010392894
2024-07-22 04:00:00,0,0.4962880998060118
2024-07-22 04:15:00,0,0.4740398842642985
2024-07-22 05:15:00,1,0.374051727859495
2024-07-22 05:30:00,0,0.326724802593432
2024-07-22 11:30:00,0,0.45359613834085916
2024-07-22 11:45:00,0,0.47587493391316704
2024-07-22 12:00:00,1,0.4621531462909716
2024-07-22 22:00:00,0,0.3882940370699946
2024-07-22 23:00:00,1,0.5454934848208964
2024-07-23 00:00:00,1,0.5788575974646131
2024-07-23 00:15:00,1,0.44091906113640233
2024-07-23 00:30:00,1,0.42054479520044885
2024-07-23 00:45:00,1,0.5237560892294536
2024-07-23 01:15:00,0,0.40969486592638926
2024-07-23 03:30:00,0,0.5402266614339941
2024-07-23 03:45:00,1,0.5892760326991486
2024-07-23 04:00:00,1,0.4416871296424602
2024-07-23 04:15:00,0,0.4390010559448638
2024-07-23 04:45:00,0,0.42073985707356043
2024-07-23 05:00:00,0,0.4163317447487644
2024-07-23 05:15:00,1,0.39155477305281594
2024-07-23 05:30:00,0,0.372054254844937
2024-07-23 06:15:00,1,0.3200528015137414
2024-07-23 12:00:00,0,0.536790751020195
2024-07-23 12:15:00,1,0.6207892830368433
2024-07-23 12:45:00,1,0.8434003543073141
2024-07-23 13:00:00,0,0.6584232047141398
2024-07-23 13:15:00,0,0.6607648859983246
2024-07-23 14:15:00,1,0.6912270144872922
2024-07-23 14:30:00,0,0.8340493156189503
2024-07-23 14:45:00,1,0.6341025452825926
2024-07-23 15:15:00,1,0.6600014865709413
2024-07-23 15:30:00,0,0.6372393078524963
2024-07-23 16:15:00,1,0.7332137225712294
2024-07-23 16:30:00,0,0.6688592775870872
2024-07-23 17:00:00,0,0.5092871748877179
2024-07-23 22:15:00,1,0.5674156677890348
2024-07-23 22:45:00,0,0.5843402411848186
2024-07-23 23:15:00,1,0.595731844494557
2024-07-24 00:00:00,0,0.5381571847980335
2024-07-24 00:15:00,0,0.5299590255457375
2024-07-24 03:30:00,1,0.7339602367693426
2024-07-24 03:45:00,0,0.7580258446324432
2024-07-24 04:00:00,0,0.721856896011795
2024-07-24 04:15:00,0,0.7259591628719314
2024-07-24 05:45:00,1,0.46795546670569843
2024-07-24 06:45:00,0,0.43069447724019977
2024-07-24 07:00:00,0,0.4539249769436699
2024-07-24 07:30:00,1,0.42626620686168887
2024-07-24 07:45:00,0,0.6343247581629452
2024-07-24 08:00:00,1,0.450323626569996
2024-07-24 08:15:00,0,0.4075031744335722
2024-07-24 15:00:00,1,0.6957614076927268
2024-07-24 15:30:00,1,0.7277485556228941
2024-07-24 15:45:00,0,0.6317647875704371
2024-07-24 16:00:00,1,0.7097148159850769
2024-07-24 16:15:00,0,0.6675841145971896
2024-07-24 17:15:00,0,0.6396967224585793
2024-07-24 17:30:00,0,0.685222790391437
2024-07-24 17:45:00,0,0.726253356915455
2024-07-24 18:00:00,0,0.7391753759803416
2024-07-25 06:15:00,1,0.5451263134440023
2024-07-25 06:30:00,1,0.3898087839654478
2024-07-25 06:45:00,1,0.47854492159818524
2024-07-25 09:15:00,1,0.5540150644261493
2024-07-25 10:00:00,1,0.5723017985755914
2024-07-25 11:00:00,0,0.6014687105952636
2024-07-25 11:30:00,1,0.5631175836098804
2024-07-26 03:00:00,1,0.5502361279766627
2024-07-26 03:15:00,0,0.6421388839805365
2024-07-26 03:30:00,0,0.28569201838669445
2024-07-26 04:15:00,0,0.6545720025923545
2024-07-26 05:15:00,1,0.702079572321678
2024-07-26 06:00:00,0,0.7044160674628019
2024-07-26 06:15:00,1,0.8267308228042667
2024-07-26 06:30:00,1,0.5947474254219326
2024-07-26 07:15:00,0,0.5495289844428695
2024-07-26 07:30:00,1,0.5936713483601451
2024-07-26 08:00:00,1,0.5853406579351551
2024-07-26 08:15:00,1,0.7095362608848196
2024-07-26 08:30:00,1,0.6691680644475335
2024-07-26 09:15:00,0,0.5235188063183637
2024-07-26 09:45:00,1,0.325777497496593
2024-07-26 10:15:00,1,0.36156948558237795
2024-07-26 11:30:00,1,0.3759128906382055
2024-07-26 11:45:00,1,0.43146281873980635
2024-07-26 12:45:00,1,0.5600033589395197
2024-07-26 13:00:00,1,0.720529291956987
2024-07-26 13:30:00,1,0.7337983400666078
2024-07-26 16:00:00,1,0.8133732778793475
2024-07-26 16:15:00,1,0.5168008322969454
2024-07-26 16:30:00,0,0.4825183063097848
2024-07-26 17:00:00,0,0.27259304457428873
2024-07-26 17:30:00,1,0.6666123044634673
2024-07-26 17:45:00,1,0.6316870476248226
2024-07-26 19:00:00,1,0.630846240784819
2024-07-26 20:00:00,1,0.6719496134407175
2024-07-26 20:15:00,1,0.71412557134058
2024-07-26 20:30:00,1,0.4642262400156882
2024-07-26 20:45:00,1,0.5363471462174086
2024-07-28 22:00:00,0,0.5800797403934042
2024-07-28 23:15:00,1,0.7091065457560818
2024-07-29 00:00:00,1,0.6144495442051747
2024-07-29 00:30:00,0,0.5931590157810559
2024-07-29 01:45:00,1,0.7533416908990279
2024-07-29 02:00:00,0,0.5328332898768683
2024-07-29 02:15:00,1,0.6203008309378033
2024-07-29 03:00:00,0,0.6731947451718695
2024-07-29 03:30:00,1,0.588138486220877
2024-07-29 03:45:00,0,0.5606960294011037
2024-07-29 04:15:00,0,0.577617979238129
2024-07-29 04:30:00,0,0.5388884768604613
2024-07-29 06:15:00,1,0.5681640160986883
2024-07-29 06:45:00,0,0.3504430480496915
2024-07-29 07:15:00,1,0.35951661460807305
2024-07-29 07:30:00,0,0.3713042750759895
2024-07-29 08:00:00,1,0.508893779107419
2024-07-29 08:15:00,1,0.629030589251809
2024-07-29 13:30:00,1,0.5364039033492735
2024-07-29 13:45:00,1,0.5114529642397331
2024-07-29 14:00:00,1,0.5500858525702308
2024-07-29 14:15:00,0,0.44696942125475625
2024-07-29 14:30:00,0,0.592055718878988
2024-07-29 22:00:00,0,0.5239700985170522
2024-07-29 23:15:00,0,0.5091254090122338
2024-07-30 00:30:00,0,0.4995267030238804
2024-07-30 01:00:00,1,0.39154112563641746
2024-07-30 01:15:00,1,0.40075605320220076
2024-07-30 07:30:00,1,0.30311043345215916
2024-07-30 08:30:00,0,0.3209305149755011
2024-07-30 09:15:00,1,0.31963841817992183
2024-07-30 11:00:00,0,0.46174404973853517
2024-07-30 11:45:00,0,0.5197784307169243
2024-07-30 12:00:00,1,0.5071259242829563
2024-07-30 13:45:00,0,0.5329697196231628
2024-07-30 14:30:00,0,0.6241945263724916
2024-07-30 15:15:00,1,0.5833650707245659
2024-07-30 18:00:00,1,0.6350402668661843
2024-07-30 18:15:00,0,0.6537723265947168
2024-07-30 19:00:00,1,0.6534082927874222
2024-07-30 19:15:00,0,0.6294471398866266
2024-07-30 19:45:00,1,0.7230289450500146
2024-07-30 20:00:00,1,0.7254599840463078
2024-07-30 20:30:00,1,0.7135766276922801
2024-07-30 20:45:00,0,0.5718693325729318
2024-07-30 22:15:00,0,0.4621906327905574
2024-07-30 22:45:00,0,0.7518892505752293
2024-07-30 23:45:00,0,0.646895574765243
2024-07-31 00:00:00,1,0.6756994958249979
2024-07-31 00:15:00,1,0.6222932517582728
2024-07-31 00:45:00,0,0.7267162218103539
2024-07-31 02:00:00,1,0.5158675731236192
2024-07-31 02:15:00,1,0.5158675731236192
2024-07-31 03:00:00,1,0.7593574499637699
2024-07-31 03:15:00,1,0.744692253105987
2024-07-31 04:30:00,1,0.7420167730882261
2024-07-31 04:45:00,0,0.7671755322077246
2024-07-31 05:00:00,1,0.7458649784804848
2024-07-31 05:15:00,1,0.7458649784804848
2024-07-31 05:30:00,1,0.37931786386691546
2024-07-31 05:45:00,1,0.6796562234572919
2024-07-31 06:15:00,0,0.700223982342673
2024-07-31 08:00:00,0,0.7297121445701613
2024-07-31 08:15:00,1,0.6651021746164298
2024-07-31 11:45:00,1,0.2834617662456814
2024-07-31 14:30:00,0,0.6329880379268487
2024-07-31 15:15:00,1,0.6459783736051288
2024-07-31 15:30:00,1,0.884996325395548
2024-07-31 15:45:00,1,0.6800327052157984
2024-07-31 16:15:00,0,0.7054549714268962
2024-07-31 16:30:00,1,0.6134150782319368
2024-07-31 16:45:00,1,0.661899289935705
2024-07-31 17:00:00,0,0.7125046313880599
2024-07-31 17:30:00,1,0.7249408090708531
2024-07-31 18:00:00,1,0.8233553210082274
2024-07-31 18:30:00,1,0.7249165170942411
2024-07-31 18:45:00,1,0.7353715556235649
2024-07-31 19:00:00,1,0.7218450480980079
2024-07-31 19:30:00,1,0.7656039903565136
2024-07-31 19:45:00,0,0.7656039903565136
2024-07-31 20:15:00,1,0.6649651413149841
2024-07-31 20:30:00,0,0.6608804091226718
2024-07-31 23:00:00,0,0.7448310826366373
2024-08-01 14:15:00,1,0.8091034549597341
2024-08-01 15:00:00,1,0.5325808666719508
2024-08-01 15:15:00,1,0.5253128083897193
2024-08-01 15:30:00,1,0.66437802161006
2024-08-01 22:15:00,0,0.5716971540977709
2024-08-01 22:30:00,1,0.5682799152148436
2024-08-01 23:30:00,1,0.6255287141981574
2024-08-01 23:45:00,0,0.6469238887780668
2024-08-02 00:00:00,1,0.43638864173593267
2024-08-02 01:00:00,1,0.6372193964693489
2024-08-02 03:45:00,1,0.3521460307819315
2024-08-02 04:00:00,1,0.5408861232488904
2024-08-02 04:15:00,1,0.5537067165021984
2024-08-02 04:30:00,0,0.5152194935138036
2024-08-02 04:45:00,1,0.563725645347054
2024-08-02 05:45:00,1,0.6019683658505952
2024-08-02 06:30:00,1,0.5357926718970507
2024-08-02 06:45:00,0,0.5449776655715298
2024-08-02 07:30:00,1,0.4819333454621077
2024-08-02 08:00:00,1,0.8644838243984466
2024-08-02 08:30:00,0,0.6610836842088188
2024-08-02 09:30:00,1,0.7194929990328205
2024-08-02 11:00:00,0,0.5109629968026106
2024-08-02 11:15:00,0,0.45438469054519587
2024-08-02 12:00:00,0,0.5168937601521093
2024-08-02 12:15:00,1,0.5431702791176398
2024-08-02 12:45:00,0,0.5308216299444078
2024-08-04 22:30:00,0,0.5769072956623755
2024-08-04 22:45:00,1,0.5490302208513779
2024-08-04 23:30:00,0,0.63060589196131
2024-08-05 00:00:00,0,0.418971029679813
2024-08-05 06:15:00,1,0.8193813464498934
2024-08-05 06:30:00,0,0.4729609636003241
2024-08-05 07:00:00,1,0.6215960126593044
2024-08-05 07:30:00,0,0.8209618111720733
2024-08-05 08:45:00,1,0.6283456874152277
2024-08-05 09:00:00,1,0.5529323664505429
2024-08-05 09:15:00,1,0.6293643445892267
2024-08-05 10:00:00,0,0.5415815306850759
2024-08-05 10:15:00,1,0.7383818571602827
2024-08-05 10:30:00,1,0.672741357763243
2024-08-05 10:45:00,0,0.7324439831057246
2024-08-05 11:15:00,0,0.7610086223696284
2024-08-05 11:30:00,0,0.7626711781013956
2024-08-05 11:45:00,0,0.7626711781013956
2024-08-05 12:15:00,1,0.7666113021093746
2024-08-05 20:15:00,1,0.7860626509634409
2024-08-05 20:30:00,1,0.6680525580194668
2024-08-05 22:00:00,0,0.6401110202551326
2024-08-05 22:45:00,1,0.6075137283940306
2024-08-05 23:15:00,1,0.5184341347855512
2024-08-06 01:15:00,0,0.6642488092349815
2024-08-06 02:30:00,1,0.3538316871691773
2024-08-06 03:30:00,1,0.6190865874206836
2024-08-06 03:45:00,1,0.5698603101744691
2024-08-06 04:30:00,1,0.3114642693349891
2024-08-06 04:45:00,1,0.7261619741038624
2024-08-06 05:00:00,1,0.6712475876374888
2024-08-06 05:15:00,1,0.5643233011434015
2024-08-06 05:30:00,0,0.6407929096997805
2024-08-06 05:45:00,1,0.6246862381903577
2024-08-06 06:00:00,1,0.5229495338101362
2024-08-06 08:15:00,1,0.5810187950227509
2024-08-06 09:15:00,1,0.5600566026244034
2024-08-06 09:45:00,1,0.5032577459314594
2024-08-06 10:30:00,0,0.6537389461481977
2024-08-06 10:45:00,0,0.2722752418334372
2024-08-06 11:15:00,1,0.6636086219325606
2024-08-06 11:30:00,0,0.7273810728001442
2024-08-06 11:45:00,1,0.30804270230717407
2024-08-06 12:00:00,0,0.49219882206527904
2024-08-06 12:15:00,0,0.7392911753270701
2024-08-06 12:30:00,1,0.6894832211409918
2024-08-06 12:45:00,1,0.6894832211409918
2024-08-07 04:15:00,1,0.7136484376947856
2024-08-07 04:30:00,1,0.696861682479401
2024-08-07 05:00:00,0,0.7279280000266857
2024-08-07 05:15:00,1,0.5824459239992016
2024-08-07 05:30:00,0,0.5602040548287133
2024-08-07 05:45:00,1,0.8112090736516102
2024-08-07 06:30:00,0,0.7136111888376918
2024-08-07 07:00:00,0,0.7765374514427674
2024-08-07 13:00:00,1,0.8103092046824688
2024-08-07 13:30:00,0,0.5933325628195338
2024-08-07 13:45:00,1,0.9009647687199384
2024-08-07 14:00:00,1,0.6519182327492111
2024-08-07 14:15:00,1,0.7617080378975949
2024-08-07 14:30:00,1,0.6419113002828175
2024-08-07 14:45:00,1,0.6129033566168037
2024-08-07 15:15:00,0,0.7093045762673493
2024-08-07 15:30:00,1,0.6553321692865309
2024-08-08 05:00:00,1,0.2994907568257861
2024-08-08 05:15:00,0,0.31135219435457184
2024-08-08 06:00:00,1,0.29204160714678407
2024-08-08 06:45:00,1,0.581141828981377
2024-08-08 07:00:00,1,0.5767425798063932
2024-08-08 07:15:00,1,0.5704415541604437
2024-08-08 07:30:00,1,0.5670193525226418
2024-08-08 08:00:00,1,0.5018377507962832
2024-08-08 09:00:00,0,0.5505775276811142
2024-08-08 09:30:00,1,0.5276777830088677
2024-08-08 09:45:00,1,0.4444855824296697
2024-08-08 10:00:00,1,0.4124820800515373
2024-08-08 10:15:00,1,0.41347066847253255
2024-08-08 10:30:00,1,0.4678914061026436
2024-08-08 11:00:00,0,0.7077428742261415
2024-08-08 11:30:00,1,0.6790907265480993
2024-08-08 12:30:00,1,0.21569180967093604
2024-08-08 13:30:00,0,0.7426154376205109
2024-08-08 13:45:00,1,0.7427663895938801
2024-08-08 14:15:00,0,0.6871107792761139
2024-08-08 15:15:00,1,0.6123164513180128
2024-08-08 16:15:00,0,0.6279888934829981
2024-08-08 16:30:00,1,0.6262042635868325
2024-08-08 17:15:00,1,0.6398474494573094
2024-08-08 17:30:00,1,0.5315002563285919
2024-08-08 17:45:00,1,0.5194770682821185
2024-08-08 18:15:00,0,0.54869751652136
2024-08-08 18:30:00,0,0.5562143825099034
2024-08-08 18:45:00,0,0.5779567429514456
2024-08-08 20:00:00,1,0.482417393125515
2024-08-08 20:15:00,0,0.49263976490680034
2024-08-08 20:30:00,1,0.4432354331013193
2024-08-08 22:15:00,0,0.5439595778347857
2024-08-08 22:30:00,0,0.577305791910523
2024-08-08 22:45:00,0,0.6069174885573835
2024-08-08 23:15:00,1,0.5893233572001508
2024-08-08 23:30:00,1,0.6024397531480756
2024-08-08 23:45:00,0,0.6188300352171691
2024-08-09 00:15:00,1,0.43058616404630734
2024-08-09 00:45:00,0,0.42809144891836437
2024-08-09 02:15:00,0,0.499284333507654
2024-08-09 02:45:00,0,0.6217874688369958
2024-08-09 03:00:00,1,0.6083855469366366
2024-08-09 08:00:00,0,0.47767862495421454
2024-08-09 08:15:00,1,0.46792056155165984
2024-08-09 09:45:00,1,0.325777497496593
2024-08-09 10:00:00,1,0.36156948558237795
2024-08-09 10:15:00,1,0.36156948558237795
2024-08-09 10:30:00,1,0.47334428718301186
2024-08-09 10:45:00,0,0.4040802859708622
2024-08-09 11:45:00,1,0.5481856180881692
2024-08-09 12:00:00,1,0.5282901209322441
2024-08-09 12:45:00,0,0.539213467533969
2024-08-09 15:00:00,1,0.34464626934768355
2024-08-09 15:15:00,1,0.4548321933954688
2024-08-09 15:45:00,1,0.363015077443796
2024-08-09 16:00:00,1,0.4586474117279306
2024-08-09 16:15:00,1,0.3343130136980341
2024-08-09 16:30:00,1,0.46847091214889314
2024-08-09 16:45:00,0,0.46847091214889314
2024-08-09 17:30:00,0,0.2510449656667892
2024-08-09 18:15:00,1,0.6331178320349562
2024-08-09 18:30:00,0,0.5498145017258178
2024-08-09 19:15:00,1,0.4167241320431077
2024-08-09 19:30:00,1,0.4809220347907964
2024-08-09 19:45:00,1,0.6135701729629713
2024-08-09 20:15:00,1,0.55506970440438
2024-08-11 22:15:00,0,0.8741707713760737
2024-08-11 22:30:00,0,0.6465450518314305
2024-08-11 22:45:00,0,0.6202286212570016
2024-08-12 00:30:00,0,0.39325839164474996
2024-08-12 01:45:00,1,0.40383045686794067
2024-08-12 09:45:00,1,0.33461710368465913
2024-08-12 10:45:00,0,0.4129415585591315
2024-08-12 11:00:00,0,0.47931686778134613
2024-08-12 11:15:00,0,0.4392508526454546
2024-08-12 11:30:00,1,0.7647935475195603
2024-08-12 11:45:00,1,0.4459559307329218
2024-08-12 12:00:00,1,0.5215211691250172
2024-08-12 12:30:00,0,0.5302813907421465
2024-08-12 12:45:00,0,0.49041222341576557
2024-08-12 13:00:00,1,0.51497718321743
2024-08-12 13:15:00,1,0.519408631696159
2024-08-12 13:30:00,1,0.5655298325931096
2024-08-12 14:00:00,1,0.28108196713167866
2024-08-12 14:30:00,1,0.8334569996504632
2024-08-12 14:45:00,1,0.5752978955264598
2024-08-12 15:00:00,1,0.5607648454658578
2024-08-12 15:15:00,1,0.6209912997385456
2024-08-12 15:30:00,1,0.4595654812482242
2024-08-12 16:15:00,0,0.6327680727017061
2024-08-12 16:30:00,1,0.6006784788754089
2024-08-12 16:45:00,1,0.5884890972396765
2024-08-12 17:00:00,0,0.49833585060168534
2024-08-12 17:15:00,1,0.596663910904585
2024-08-12 18:00:00,1,0.7692593528652457
2024-08-12 19:00:00,1,0.4547314171322858
2024-08-12 19:15:00,1,0.39450352751657114
2024-08-12 20:00:00,1,0.39110037807696535
2024-08-12 20:45:00,1,0.45178825068179623
2024-08-12 22:30:00,1,0.3431672743493771
2024-08-12 23:00:00,1,0.47765601378289396
2024-08-12 23:15:00,1,0.37991845864676815
2024-08-12 23:45:00,0,0.49718826611049105
2024-08-13 00:30:00,0,0.45181577598152123
2024-08-13 08:00:00,1,0.5272635644172027
2024-08-13 08:15:00,0,0.6189237117467692
2024-08-13 08:45:00,1,0.4811543345880013
2024-08-13 10:30:00,1,0.4397747095805096
2024-08-13 11:00:00,1,0.43580685216681836
2024-08-13 11:30:00,1,0.48878293474656315
2024-08-13 12:30:00,1,0.5071526633591357
2024-08-13 14:00:00,0,0.6752526645477779
2024-08-13 15:00:00,1,0.5078207087655879
2024-08-13 15:15:00,1,0.7809239608617645
2024-08-13 15:45:00,1,0.6693796003614453
2024-08-13 16:15:00,1,0.4304502479859814
2024-08-13 16:30:00,1,0.43091215761932683
2024-08-13 17:00:00,0,0.6453440393234943
2024-08-13 17:15:00,0,0.34425191183957105
2024-08-13 18:15:00,0,0.6915964483001111
2024-08-13 18:30:00,1,0.45425949054496334
2024-08-13 19:00:00,0,0.5578867760810231
2024-08-13 19:15:00,0,0.5574852007177722
2024-08-14 01:30:00,0,0.575821446319931
2024-08-14 01:45:00,0,0.5929424333112925
2024-08-14 02:00:00,1,0.5351117967594776
2024-08-14 09:00:00,0,0.6767357689190325
2024-08-14 10:00:00,0,0.6367737931975298
2024-08-14 10:15:00,1,0.7417611067459233
2024-08-14 10:30:00,1,0.6183278719483006
2024-08-14 10:45:00,0,0.7582546444957734
2024-08-14 11:15:00,1,0.5923623174105178
2024-08-14 11:30:00,0,0.6848344399048325
2024-08-14 12:00:00,1,0.7655371170979973
2024-08-14 12:15:00,0,0.5525850419906627
2024-08-14 13:00:00,0,0.7855728286975088
2024-08-14 13:15:00,1,0.8284172234684817
2024-08-14 13:45:00,0,0.5707752192418358
2024-08-14 14:45:00,0,0.7488008360646141
2024-08-14 16:00:00,0,0.7098386929050725
2024-08-14 23:15:00,1,0.6478421957966876
2024-08-14 23:30:00,1,0.6065855430344558
2024-08-15 00:30:00,0,0.5160882588662064
2024-08-15 01:00:00,1,0.3586700480376186
2024-08-15 01:15:00,1,0.46769544043888234
2024-08-15 02:00:00,1,0.43770227009526225
2024-08-15 02:15:00,1,0.37945882847056844
2024-08-15 02:45:00,1,0.4008280586019329
2024-08-15 03:00:00,0,0.3666623934015705
2024-08-15 03:15:00,1,0.32270550792666286
2024-08-15 03:30:00,1,0.3423176160521931
2024-08-15 03:45:00,1,0.3326227030532335
2024-08-15 04:15:00,0,0.33967854612286297
2024-08-15 05:00:00,1,0.4177108359417513
2024-08-15 06:00:00,0,0.3485724370305063
2024-08-15 06:30:00,0,0.3037044105477291
2024-08-15 07:15:00,0,0.29832447474514306
2024-08-15 08:00:00,0,0.29889463231404856
2024-08-15 08:15:00,1,0.6995864935621328
2024-08-15 08:45:00,1,0.28547306455939836
2024-08-15 09:00:00,1,0.25520115998277354
2024-08-15 09:15:00,1,0.2625961589393345
2024-08-15 10:30:00,0,0.2981773731953426
2024-08-15 10:45:00,1,0.2981773731953426
2024-08-15 11:15:00,1,0.3976967911291809
2024-08-15 11:45:00,1,0.40319491072915764
2024-08-15 12:00:00,0,0.40099873985360074
2024-08-15 12:45:00,1,0.6982672951784151
2024-08-15 19:45:00,1,0.6687733603864376
2024-08-15 20:00:00,0,0.6516701759800921
2024-08-15 20:15:00,1,0.48424130333954785
2024-08-15 20:30:00,0,0.5063280786139917
2024-08-15 20:45:00,0,0.5169433402834028
2024-08-15 22:00:00,0,0.5759605523547715
2024-08-15 22:15:00,1,0.5464664954926959
2024-08-15 22:30:00,1,0.5620238512887848
2024-08-15 22:45:00,1,0.5678597232643248
2024-08-15 23:45:00,1,0.5990216838235568
2024-08-16 00:00:00,1,0.8148062081388813
2024-08-16 00:15:00,1,0.5044454062274466
2024-08-16 00:30:00,0,0.5144353025951672
2024-08-16 02:00:00,0,0.4768835647225357
2024-08-16 02:15:00,1,0.41114261572396005
2024-08-16 02:30:00,0,0.45623997661866295
2024-08-16 02:45:00,0,0.4291705169155846
2024-08-16 03:00:00,1,0.3710509830282864
2024-08-16 08:15:00,1,0.416155765487565
2024-08-16 08:30:00,1,0.4847764644466641
2024-08-16 09:00:00,1,0.38629109199626466
2024-08-16 10:00:00,1,0.45874663878737176
2024-08-16 10:30:00,0,0.6275678294704681
2024-08-16 10:45:00,1,0.5859911398828986
2024-08-16 11:15:00,1,0.446635187058464
2024-08-16 12:15:00,1,0.5458203796493254
2024-08-16 12:45:00,1,0.6247806669450128
2024-08-16 13:30:00,1,0.7082924937626469
2024-08-16 14:00:00,0,0.19454505719751236
2024-08-16 14:15:00,1,0.8266865682617978
2024-08-16 17:15:00,0,0.5208314106416516
2024-08-16 17:45:00,0,0.5422651398010566
2024-08-16 18:00:00,1,0.5377000539091656
2024-08-16 18:30:00,0,0.507273044246733
2024-08-16 18:45:00,1,0.5567083546800667
2024-08-16 19:30:00,1,0.523360986506113
2024-08-16 20:30:00,1,0.5138428483721611
2024-08-16 20:45:00,0,0.5183083010908719
2024-08-18 22:00:00,0,0.3363070857648182
2024-08-18 22:15:00,1,0.8577584983948613
2024-08-18 22:30:00,1,0.7184979323718326
2024-08-18 22:45:00,0,0.7238165354783146
2024-08-18 23:00:00,1,0.7012553346104133
2024-08-18 23:30:00,1,0.6899438211002742
2024-08-19 00:00:00,0,0.37286887219861864
2024-08-19 00:15:00,0,0.5304681862635794
2024-08-19 00:30:00,1,0.3697386382310132
2024-08-19 00:45:00,0,0.3697386382310132
2024-08-19 09:00:00,0,0.4069349829643084
2024-08-19 09:30:00,0,0.3837657171172566
2024-08-19 09:45:00,0,0.33461710368465913
2024-08-19 10:00:00,0,0.4505764139539676
2024-08-19 10:15:00,0,0.4938574292535635
2024-08-19 10:30:00,1,0.5261196524758466
2024-08-19 10:45:00,1,0.5083562801514468
2024-08-19 15:30:00,1,0.5397907875795364
2024-08-19 15:45:00,1,0.5675675233036038
2024-08-19 16:00:00,0,0.5135558425592823
2024-08-19 16:15:00,1,0.5473710255200379
2024-08-19 16:45:00,0,0.5275866334626275
2024-08-19 17:00:00,1,0.6325476151105535
2024-08-19 17:15:00,1,0.5571094803000173
2024-08-19 17:45:00,1,0.6272738549997084
2024-08-19 18:45:00,0,0.4661553131312238
2024-08-19 19:30:00,0,0.5634654370781244
2024-08-19 20:15:00,0,0.5747736072864654
2024-08-19 20:45:00,0,0.5990302800039993
2024-08-19 22:00:00,0,0.5371144563556389
2024-08-19 23:00:00,1,0.5303015223301052
2024-08-19 23:15:00,1,0.5678558046329425
2024-08-20 00:30:00,0,0.4886106698877818
2024-08-20 00:45:00,1,0.5041598191487392
2024-08-20 01:15:00,0,0.5196742231153381
2024-08-20 09:45:00,1,0.4984563481677542
2024-08-20 10:00:00,1,0.6214562635760237
2024-08-20 10:15:00,0,0.6214562635760237
2024-08-20 10:30:00,1,0.6657758000739817
2024-08-20 11:30:00,1,0.6869637771126534
2024-08-20 12:00:00,1,0.5666173419099042
2024-08-20 12:15:00,0,0.5831321109034149
2024-08-20 13:00:00,1,0.7441531445493399
2024-08-20 13:15:00,1,0.7566607971121683
2024-08-20 14:00:00,0,0.6696631806772381
2024-08-20 14:15:00,1,0.6815581624732323
2024-08-20 14:30:00,0,0.5456310268714117
2024-08-20 15:15:00,1,0.7480518942823431
2024-08-20 15:30:00,0,0.7630147699098555
2024-08-20 15:45:00,1,0.6617973362188238
2024-08-20 20:30:00,0,0.609076066807061
2024-08-20 20:45:00,1,0.5657333975253335
2024-08-20 22:15:00,0,0.6046635289511902
2024-08-20 22:30:00,0,0.5454721456815395
2024-08-20 22:45:00,0,0.5159831594136568
2024-08-20 23:00:00,0,0.6337401956093628
2024-08-20 23:45:00,1,0.6327067918295363
2024-08-21 00:00:00,1,0.6051784900938048
2024-08-21 00:15:00,0,0.6051784900938048
2024-08-21 00:45:00,1,0.5559536272653509
2024-08-21 01:00:00,0,0.44820727216724127
2024-08-21 01:15:00,1,0.4461209343772432
2024-08-21 02:45:00,0,0.5241591136457106
2024-08-21 03:00:00,0,0.6873989338410015
2024-08-21 03:15:00,1,0.570121986533465
2024-08-21 03:45:00,0,0.6376234587153713
2024-08-21 04:00:00,0,0.6496301231744719
2024-08-21 04:30:00,1,0.608065031311705
2024-08-21 05:00:00,0,0.5302906643903031
2024-08-21 05:15:00,1,0.6784122618349251
2024-08-21 05:45:00,1,0.7076884633284642
2024-08-21 18:45:00,0,0.7134023378898056
2024-08-21 19:00:00,0,0.793761453178567
2024-08-21 19:15:00,1,0.7821434738695742
2024-08-21 19:30:00,1,0.7744234938990122
2024-08-21 19:45:00,0,0.7995723421324661
2024-08-21 20:00:00,1,0.8095664973620958
2024-08-21 20:45:00,1,0.8660712584276501
2024-08-21 22:45:00,0,0.8231949024654115
2024-08-21 23:00:00,0,0.7874596421197084
2024-08-21 23:30:00,0,0.6908005225579208
2024-08-22 00:00:00,1,0.44841761212498044
2024-08-22 00:15:00,1,0.5070801818991822
2024-08-22 00:30:00,0,0.4857523466464596
2024-08-22 01:00:00,1,0.4235697468612679
2024-08-22 01:15:00,0,0.4152047095656383
2024-08-22 01:45:00,1,0.43545468633354106
2024-08-22 02:00:00,0,0.44044615111653646
2024-08-22 02:15:00,1,0.4093964098843554
2024-08-22 02:30:00,1,0.37945882847056844
2024-08-23 01:00:00,0,0.5615738958516644
2024-08-23 01:30:00,0,0.41003992219803836
2024-08-23 02:30:00,1,0.7381030386964738
2024-08-23 03:15:00,1,0.3887501551113863
2024-08-23 04:00:00,1,0.3108131693978254
2024-08-23 04:30:00,1,0.37744277112302116
2024-08-23 05:00:00,0,0.3024196419747088
2024-08-23 06:15:00,0,0.2867674200409685
2024-08-23 06:30:00,0,0.27146780223937217
2024-08-23 07:15:00,1,0.554748768334056
2024-08-23 07:45:00,1,0.35158078490830813
2024-08-23 08:00:00,1,0.2842541161880731
2024-08-23 08:15:00,1,0.3093694643334052
2024-08-23 08:30:00,1,0.32375738270578486
2024-08-23 08:45:00,0,0.31217027467352493
2024-08-23 09:00:00,1,0.2871678439319594
2024-08-23 09:15:00,0,0.2871678439319594
2024-08-23 09:45:00,1,0.2505483167079506
2024-08-23 11:00:00,0,0.45717449333501664
2024-08-23 11:30:00,1,0.41462920128483344
2024-08-23 12:00:00,1,0.4549084155173527
2024-08-23 12:45:00,0,0.4549084155173527
2024-08-23 13:30:00,1,0.5452466928537786
2024-08-23 16:30:00,1,0.6461896404263373
2024-08-23 16:45:00,1,0.838848823552662
2024-08-23 17:45:00,0,0.5719771008511183
2024-08-23 18:15:00,0,0.561334116118823
2024-08-23 18:30:00,1,0.19738110884846555
2024-08-23 18:45:00,1,0.5799931591789569
2024-08-23 20:00:00,1,0.629818702922861
2024-08-23 20:15:00,1,0.6345469431235785
2024-08-25 22:00:00,0,0.5702932842809161
2024-08-25 22:15:00,1,0.6300176650978421
2024-08-25 23:30:00,1,0.6840133791177997
2024-08-25 23:45:00,0,0.6553528565133823
2024-08-26 00:00:00,0,0.38424172105096005
2024-08-26 00:45:00,1,0.37053083272969933
2024-08-26 01:15:00,0,0.4141307246406274
2024-08-26 01:45:00,1,0.3998844132776113
2024-08-26 02:00:00,0,0.40492586146288195
2024-08-26 02:15:00,0,0.4460215555590609
2024-08-26 02:45:00,1,0.4398940686604417
2024-08-26 03:00:00,0,0.3509662767349334
2024-08-26 03:45:00,1,0.3516659883596032
2024-08-26 04:00:00,0,0.37287588196060484
2024-08-26 04:15:00,0,0.4902360893826131
2024-08-26 09:00:00,0,0.33423283673372084
2024-08-26 09:15:00,0,0.36323456007696
2024-08-26 10:00:00,1,0.4632548385815842
2024-08-26 10:30:00,1,0.41197358267113654
2024-08-26 11:00:00,1,0.436345523978782
2024-08-26 11:45:00,0,0.47927596087937613
2024-08-26 12:30:00,0,0.49395501426714983
2024-08-26 13:45:00,1,0.7377341264680384
2024-08-27 07:30:00,0,0.5052090691062912
2024-08-27 07:45:00,1,0.6396077869518622
2024-08-27 12:15:00,1,0.5569615545469447
2024-08-27 12:45:00,1,0.44965484780942694
2024-08-27 15:30:00,0,0.2986201855272092
2024-08-27 16:00:00,1,0.54708707942344
2024-08-27 16:15:00,1,0.7892193794557175
2024-08-27 16:30:00,1,0.488744357228724
2024-08-27 17:15:00,1,0.5992216194469128
2024-08-27 17:30:00,1,0.6527876714849471
2024-08-27 17:45:00,1,0.5120360743091497
2024-08-27 18:00:00,1,0.5166181986308761
2024-08-27 18:15:00,1,0.5566522224191389
2024-08-27 19:15:00,1,0.5825536578762669
2024-08-27 20:00:00,0,0.6336887640618297
2024-08-27 20:45:00,1,0.6110925809392489
2024-08-27 22:15:00,1,0.4468663655940761
2024-08-27 22:45:00,1,0.41799346220928457
2024-08-27 23:45:00,0,0.595731844494557
2024-08-28 00:00:00,0,0.3711619668598748
2024-08-28 00:15:00,0,0.6942669322421703
2024-08-28 01:00:00,0,0.4850123261339544
2024-08-28 01:15:00,0,0.5671705275485339
2024-08-28 01:45:00,0,0.49166524111650417
2024-08-28 02:15:00,1,0.5606130607577161
2024-08-28 02:30:00,0,0.69742292626865
2024-08-28 02:45:00,0,0.544702648856902
2024-08-28 03:00:00,1,0.4843579043373875
2024-08-28 03:15:00,1,0.48046360155040935
2024-08-28 03:45:00,0,0.47153897159978714
2024-08-28 04:15:00,0,0.4489976906152129
2024-08-28 04:30:00,0,0.42801088075555666
2024-08-28 05:15:00,1,0.4597281757668529
2024-08-28 05:30:00,0,0.42888433364146317
2024-08-28 05:45:00,1,0.4380441521177196
2024-08-28 09:45:00,0,0.36203330740459666
2024-08-28 10:30:00,0,0.46326076166951863
2024-08-28 11:15:00,0,0.5221539643215449
2024-08-28 11:30:00,0,0.4697809037775884
2024-08-28 12:00:00,1,0.4846085111013529
2024-08-28 12:15:00,1,0.5603719250528114
2024-08-29 00:30:00,0,0.40381720421109446
2024-08-29 00:45:00,1,0.43760099337744573
2024-08-29 01:45:00,1,0.4808454595183817
2024-08-29 02:45:00,1,0.45785575226917763
2024-08-29 03:15:00,1,0.3901732826132011
2024-08-29 03:30:00,1,0.4265046213931557
2024-08-29 03:45:00,1,0.3376539554912651
2024-08-29 04:30:00,0,0.3791243081991857
2024-08-29 05:30:00,1,0.37873781731185624
2024-08-29 06:00:00,0,0.273802602939665
2024-08-29 06:45:00,1,0.4755019446552296
2024-08-29 07:00:00,1,0.4416069036956243
2024-08-29 07:15:00,0,0.3049287959931869
2024-08-29 07:30:00,1,0.2891865810211144
2024-08-29 07:45:00,0,0.2971959085920448
2024-08-29 08:00:00,0,0.37936925597894317
2024-08-29 08:30:00,1,0.46113866881385973
2024-08-29 08:45:00,1,0.46113866881385973
2024-08-29 09:00:00,0,0.3770995668700885
2024-08-29 09:15:00,1,0.36793104053683495
2024-08-29 09:45:00,0,0.5298259453169244
2024-08-29 10:15:00,1,0.6309137084463508
2024-08-29 10:30:00,1,0.6407651648505848
2024-08-29 11:00:00,0,0.7032529960914905
2024-08-29 12:00:00,0,0.517132663932461
2024-08-29 12:15:00,1,0.517132663932461
2024-08-29 12:30:00,1,0.7053358079143318
2024-08-29 15:30:00,0,0.5680910772765055
2024-08-29 15:45:00,0,0.5680910772765055
2024-08-29 16:00:00,1,0.5596720249803354
2024-08-29 16:15:00,0,0.5079831384975905
2024-08-29 16:30:00,1,0.4920790545760198
2024-08-29 17:30:00,0,0.5442845781814974
2024-08-29 17:45:00,0,0.5828820656835467
2024-08-29 19:15:00,0,0.6713484520445654
2024-08-29 19:30:00,0,0.6104102754428169
2024-08-29 19:45:00,0,0.45063334437694735
2024-08-29 22:00:00,0,0.6305686340482936
2024-08-29 22:30:00,0,0.5178888317010762
2024-08-29 23:00:00,0,0.4445745863025168
2024-08-29 23:30:00,0,0.4440139953650378
2024-08-29 23:45:00,0,0.5981640653506652
2024-08-30 00:00:00,0,0.5102975070442115
2024-08-30 00:15:00,0,0.4531264371209255
2024-08-30 00:45:00,0,0.5840592872482252
2024-08-30 01:00:00,1,0.4199554711656901
2024-08-30 01:45:00,0,0.3342590718883182
2024-08-30 06:30:00,0,0.2614668802461581
2024-08-30 07:15:00,1,0.3789445569025599
2024-08-30 07:30:00,1,0.34103989588342787
2024-08-30 07:45:00,1,0.3898612998477875
2024-08-30 08:15:00,1,0.6007110550039364
2024-08-30 08:30:00,1,0.6010712046468967
2024-08-30 09:15:00,1,0.507385967180413
2024-08-30 09:30:00,0,0.5359388914197198
2024-08-30 09:45:00,0,0.3861602915921634
2024-08-30 11:00:00,1,0.7775208610215857
2024-08-30 12:00:00,1,0.6645790600908066
2024-08-30 12:15:00,0,0.5762735482922721
2024-08-30 13:00:00,1,0.6461730333882102
2024-08-30 13:45:00,1,0.5631252165160378
2024-08-30 14:00:00,0,0.3143287120605221
2024-08-30 14:15:00,0,0.5229010460329586
2024-08-30 15:00:00,0,0.583250295984909
2024-08-30 15:15:00,0,0.5299042859197094
2024-08-30 15:45:00,1,0.4981914629249722
2024-08-30 16:30:00,0,0.5803672677167183
2024-09-01 22:15:00,0,0.5363073840584762
2024-09-01 23:00:00,1,0.5725633634622678
2024-09-01 23:45:00,1,0.6339119195440553
2024-09-02 00:15:00,1,0.3984618881438454
2024-09-02 00:45:00,1,0.5157277646409536
2024-09-02 01:15:00,0,0.46450500965339575
2024-09-02 02:15:00,0,0.5131216717147853
2024-09-02 02:30:00,1,0.4993221646626913
2024-09-02 06:30:00,0,0.15150102202251384
2024-09-02 07:00:00,1,0.44184518930891914
2024-09-02 08:00:00,0,0.361096166669168
2024-09-02 08:15:00,1,0.43295519119033876
2024-09-02 09:00:00,0,0.1959429257956186
2024-09-02 09:45:00,1,0.5682569529615377
2024-09-02 10:00:00,0,0.60627282188403
2024-09-02 11:15:00,1,0.5367092785738766
2024-09-02 11:30:00,1,0.5348562382682641
2024-09-02 12:00:00,1,0.43850606987672014
2024-09-02 12:30:00,0,0.7543446632015043
2024-09-02 12:45:00,0,0.5032284771294618
2024-09-02 13:00:00,1,0.4611074985017835
2024-09-02 13:30:00,0,0.45298385719965895
2024-09-02 14:00:00,1,0.37400282057749534
2024-09-02 14:30:00,0,0.3930049999238109
2024-09-02 15:15:00,0,0.5081520753484579
2024-09-02 15:30:00,1,0.35866431032784163
2024-09-02 16:00:00,0,0.3764569949069499
2024-09-02 16:45:00,0,0.34419066246205826
2024-09-02 22:00:00,0,0.5859479136300523
2024-09-02 22:15:00,0,0.6265506492566029
2024-09-02 22:30:00,0,0.6265506492566029
2024-09-02 22:45:00,0,0.5872296382647747
2024-09-02 23:00:00,0,0.5584059545054515
2024-09-02 23:15:00,0,0.5429284211098538
2024-09-03 00:15:00,0,0.45012275656243417
2024-09-03 00:30:00,0,0.4422998879625291
2024-09-03 01:00:00,0,0.5046776995311506
2024-09-03 04:45:00,0,0.37191967438715423
2024-09-03 06:00:00,1,0.3671300601072139
2024-09-03 06:45:00,1,0.370828162982704
2024-09-03 07:15:00,1,0.3680036634503155
2024-09-03 08:00:00,1,0.36197942411252265
2024-09-03 08:15:00,0,0.36968625632335256
2024-09-03 09:00:00,0,0.3447089670385843
2024-09-03 10:15:00,0,0.46302789336146344
2024-09-03 10:30:00,1,0.46573893010442335
2024-09-03 10:45:00,0,0.656352608535617
2024-09-03 11:30:00,1,0.5436926265540257
2024-09-03 19:00:00,1,0.5810038704304485
2024-09-03 19:15:00,0,0.549313278943438
2024-09-03 20:45:00,1,0.6013933894293261
2024-09-03 22:00:00,1,0.6131420003671391
2024-09-03 22:30:00,0,0.5644270712840563
2024-09-03 23:00:00,1,0.635011824809032
2024-09-03 23:15:00,0,0.5701719075428574
2024-09-03 23:30:00,0,0.5141349510399309
2024-09-03 23:45:00,1,0.480957814484224
2024-09-04 02:45:00,1,0.5775130550612518
2024-09-04 04:00:00,1,0.3580880865492255
2024-09-04 04:30:00,0,0.4597559669281563
2024-09-04 05:00:00,0,0.4945212181623068
2024-09-04 05:15:00,0,0.5048824627492055
2024-09-04 05:45:00,0,0.5623784553068565
2024-09-04 06:00:00,0,0.465932810346418
2024-09-04 06:15:00,0,0.5111669279770178
2024-09-04 06:30:00,0,0.48700617367687044
2024-09-04 06:45:00,1,0.46548886413078155
2024-09-04 07:00:00,0,0.5554857605666906
2024-09-04 08:00:00,0,0.5752544071558202
2024-09-04 08:45:00,1,0.684478143703772
2024-09-04 15:00:00,1,0.6220893434421243
2024-09-04 15:15:00,1,0.645362835041582
2024-09-04 16:00:00,1,0.6895666995528794
2024-09-04 17:00:00,0,0.4419982804377972
2024-09-04 18:00:00,1,0.8354545720234641
2024-09-04 18:15:00,0,0.7169911856899355
2024-09-04 18:30:00,1,0.715430586337596
2024-09-04 18:45:00,0,0.7059452304155156
2024-09-04 19:15:00,0,0.7884233858043261
2024-09-04 22:15:00,1,0.5840595683562614
2024-09-04 22:45:00,1,0.569351378720431
2024-09-05 01:30:00,0,0.4482107573680608
2024-09-05 01:45:00,1,0.41901027528302226
2024-09-05 02:00:00,1,0.41864826995669224
2024-09-05 02:15:00,0,0.5251256549167492
2024-09-05 02:30:00,0,0.5096210417431091
2024-09-05 03:00:00,0,0.40566181567790044
2024-09-05 03:15:00,0,0.3677968155233721
2024-09-05 03:30:00,0,0.36132184770911374
2024-09-05 03:45:00,1,0.36698198255226716
2024-09-05 04:00:00,1,0.2578944654231328
2024-09-05 04:30:00,1,0.30589994442045854
2024-09-05 06:45:00,0,0.2802626139907127
2024-09-05 07:00:00,1,0.29889463231404856
2024-09-05 07:15:00,1,0.29492437237839564
2024-09-05 08:00:00,1,0.4522904108048861
2024-09-05 08:15:00,1,0.6013045343145537
2024-09-05 09:00:00,0,0.48544314058508836
2024-09-05 09:15:00,1,0.5332569332298154
2024-09-05 09:45:00,0,0.36954902098542025
2024-09-05 10:00:00,0,0.25984670554460665
2024-09-05 10:45:00,0,0.44229958843271877
2024-09-05 11:15:00,1,0.5250986825047089
2024-09-05 11:30:00,1,0.5435769031599224
2024-09-05 12:00:00,1,0.6902771313672631
2024-09-05 12:45:00,0,0.26156679322291576
2024-09-05 13:45:00,1,0.6954680491216271
2024-09-05 14:15:00,1,0.7747421143000102
2024-09-05 14:30:00,0,0.22093246093075433
2024-09-05 14:45:00,0,0.6729672266075872
2024-09-06 00:00:00,0,0.4647688694021499
2024-09-06 00:15:00,0,0.36883331670336794
2024-09-06 00:45:00,0,0.4053285937103958
2024-09-06 01:15:00,0,0.5074515462344348
2024-09-06 01:30:00,0,0.5093897315210275
2024-09-06 01:45:00,1,0.5241462923027058
2024-09-06 06:00:00,0,0.37780904013887084
2024-09-06 07:45:00,1,0.29944043685400457
2024-09-06 11:30:00,1,0.4184947227038195
2024-09-06 12:15:00,0,0.6495529324068233
2024-09-06 13:15:00,1,0.7167939861400026
2024-09-06 13:30:00,1,0.7005987219314623
2024-09-06 13:45:00,0,0.6341454615528606
2024-09-06 14:15:00,1,0.6570967365057788
2024-09-09 04:00:00,0,0.3805641802694726
2024-09-09 04:30:00,0,0.4723322262523155
2024-09-09 05:00:00,0,0.5242806597648216
2024-09-09 05:45:00,1,0.4307070716633786
2024-09-09 06:00:00,1,0.345955411126493
2024-09-09 10:15:00,0,0.43331246439750504
2024-09-09 10:30:00,1,0.7250963635910644
2024-09-09 10:45:00,1,0.3507255429138907
2024-09-09 11:15:00,1,0.4723628426971013
2024-09-09 11:30:00,1,0.4475945137856869
2024-09-09 12:15:00,1,0.3935131912770104
2024-09-09 12:30:00,0,0.4767473763352501
2024-09-09 13:30:00,0,0.5919945966736784
2024-09-09 14:45:00,1,0.8093145960196433
2024-09-09 15:00:00,1,0.5876096442600229
2024-09-09 16:00:00,1,0.5510045418822773
2024-09-09 16:45:00,0,0.6339655089526527
2024-09-09 17:15:00,0,0.5879435647066166
2024-09-09 18:00:00,1,0.6750647353430963
2024-09-09 18:30:00,1,0.4735683804686681
2024-09-09 18:45:00,0,0.4166145843642857
2024-09-09 19:15:00,1,0.4824485771953047
2024-09-09 19:30:00,1,0.5315973693610028
2024-09-09 20:15:00,1,0.586538655295075
2024-09-09 20:45:00,1,0.6432248551988087
2024-09-09 22:30:00,0,0.5108912086972276
2024-09-09 22:45:00,0,0.5626018032915335
2024-09-09 23:00:00,1,0.5223484364072318
2024-09-09 23:45:00,0,0.5657405062403497
2024-09-10 00:00:00,0,0.4566656492762716
2024-09-10 00:15:00,1,0.40983681010683126
2024-09-10 00:30:00,0,0.45663861949605505
2024-09-10 00:45:00,0,0.42512690555581156
2024-09-10 01:30:00,0,0.4288021746346801
2024-09-10 01:45:00,0,0.46074802505238416
2024-09-10 02:00:00,0,0.6228348211414642
2024-09-10 02:15:00,1,0.5009835379945683
2024-09-10 02:30:00,0,0.4609260279151497
2024-09-10 02:45:00,1,0.45726542088778427
2024-09-10 03:15:00,0,0.39968593674793257
2024-09-10 03:30:00,1,0.5098399244332924
2024-09-10 03:45:00,0,0.2583455125860678
2024-09-10 04:15:00,1,0.4047139516486024
2024-09-10 04:45:00,1,0.4139269380169421
2024-09-10 05:15:00,1,0.45808553666604934
2024-09-10 05:30:00,1,0.469198635561408
2024-09-10 06:00:00,0,0.44528204628922774
2024-09-10 06:45:00,0,0.359128382350241
2024-09-10 07:00:00,0,0.45793341347300837
2024-09-10 08:00:00,0,0.34133686925152973
2024-09-10 11:45:00,1,0.6731167967282893
2024-09-10 12:30:00,1,0.46358976142712793
2024-09-10 12:45:00,1,0.48913722985045366
2024-09-10 13:00:00,1,0.5353671317925304
2024-09-10 13:30:00,0,0.7144098258716748
2024-09-10 14:00:00,1,0.6884739413113969
2024-09-10 16:00:00,1,0.47867086502296396
2024-09-10 17:00:00,1,0.58621591628692
2024-09-10 17:15:00,1,0.6971800570979162
2024-09-10 17:30:00,1,0.6453440393234943
2024-09-10 18:15:00,1,0.6542607431628826
2024-09-10 18:30:00,1,0.4616469737731205
2024-09-10 19:00:00,0,0.5847599731183865
2024-09-10 20:00:00,1,0.5802308797989854
2024-09-10 20:15:00,1,0.6302148837685438
2024-09-10 20:45:00,1,0.6679998056917921
2024-09-10 23:00:00,1,0.647082387845394
2024-09-10 23:15:00,1,0.7495867517395427
2024-09-10 23:45:00,0,0.648837128988103
2024-09-11 00:00:00,1,0.5067302714863685
2024-09-11 01:30:00,0,0.5165877920158282
2024-09-11 02:30:00,1,0.5606130607577161
2024-09-11 02:45:00,1,0.6299509991977598
2024-09-11 03:30:00,1,0.45914041308354575
2024-09-11 03:45:00,1,0.5096733553493797
2024-09-11 05:00:00,1,0.4129101276044216
2024-09-11 05:30:00,1,0.49312581015512374
2024-09-11 06:00:00,1,0.3755066192635733
2024-09-11 06:45:00,0,0.4124812548248414
2024-09-11 07:00:00,1,0.4948715296201836
2024-09-11 07:30:00,0,0.23445173637402425
2024-09-11 07:45:00,1,0.802929756117647
2024-09-11 08:30:00,1,0.6651021746164298
2024-09-11 08:45:00,0,0.8834101446147541
2024-09-11 10:00:00,1,0.5515262081651345
2024-09-11 22:45:00,0,0.6332294945660727
2024-09-11 23:00:00,1,0.6655252428310564
2024-09-11 23:15:00,0,0.6731379496426884
2024-09-12 00:30:00,1,0.48259611264451663
2024-09-12 00:45:00,1,0.44416281513214595
2024-09-12 01:00:00,0,0.42666639450542293
2024-09-12 02:00:00,1,0.44624506504615336
2024-09-12 02:15:00,0,0.4543853580982171
2024-09-12 02:30:00,1,0.4853206708609567
2024-09-12 06:15:00,0,0.3677364285555066
2024-09-12 06:30:00,0,0.341795873323235
2024-09-12 07:15:00,1,0.7766720647752116
2024-09-12 07:30:00,0,0.6119289673942427
2024-09-12 07:45:00,1,0.5196517974577243
2024-09-12 08:00:00,1,0.5598003592784604
2024-09-12 08:30:00,1,0.30130958723848983
2024-09-12 08:45:00,1,0.2829939049920092
2024-09-12 09:30:00,1,0.24077876606605308
2024-09-12 09:45:00,1,0.26270868243189205
2024-09-12 10:00:00,0,0.33450396288187234
2024-09-12 10:30:00,0,0.4409219117706984
2024-09-12 10:45:00,1,0.37568890956228224
2024-09-12 15:15:00,0,0.605433857001479
2024-09-12 15:30:00,1,0.6309456322108
2024-09-12 15:45:00,0,0.6309456322108
2024-09-12 16:00:00,1,0.27057869417611324
2024-09-12 16:30:00,1,0.6372978445297742
2024-09-12 17:15:00,1,0.5949952479387439
2024-09-12 17:45:00,0,0.5430138692441677
2024-09-12 18:00:00,0,0.6231647128515249
2024-09-12 18:15:00,1,0.5562143825099034
2024-09-12 19:00:00,0,0.6196672081043813
2024-09-12 19:15:00,1,0.722155678751714
2024-09-12 22:30:00,0,0.47660570278594383
2024-09-12 22:45:00,1,0.5759605523547715
2024-09-12 23:00:00,1,0.48633701192476114
2024-09-13 00:15:00,1,0.5923116995574728
2024-09-13 00:30:00,1,0.4497077563967409
2024-09-13 01:30:00,1,0.6677003873605343
2024-09-13 01:45:00,1,0.5481104096494259
2024-09-13 02:30:00,1,0.5046941535199708
2024-09-13 03:00:00,1,0.5214680227089722
2024-09-13 03:15:00,1,0.5305909750146668
2024-09-13 04:00:00,1,0.4545789191083355
2024-09-13 04:45:00,0,0.3244112259837549
2024-09-13 05:00:00,1,0.3069307390809495
2024-09-13 05:30:00,0,0.284380876372331
2024-09-13 06:30:00,0,0.30686966646022723
2024-09-13 06:45:00,1,0.3091928605732085
2024-09-13 07:00:00,0,0.584747760539657
2024-09-13 07:15:00,1,0.3145153887632775
2024-09-13 08:15:00,1,0.6016887623585032
2024-09-13 08:45:00,0,0.6043705111928026
2024-09-13 09:00:00,1,0.5415178135323817
2024-09-13 09:45:00,0,0.6667772057692407
2024-09-13 10:15:00,1,0.6510002223301612
2024-09-13 12:00:00,1,0.4820716256892934
2024-09-13 12:15:00,1,0.5457008244817956
2024-09-13 12:30:00,1,0.5600033589395197
2024-09-13 12:45:00,1,0.5458203796493254
2024-09-13 14:00:00,1,0.7668300586138495
2024-09-13 14:15:00,0,0.6147329077465716
2024-09-13 15:15:00,1,0.6947831863037415
2024-09-13 15:45:00,1,0.42905853623578255
2024-09-13 16:15:00,1,0.46847091214889314
2024-09-13 17:15:00,1,0.5513383641816931
2024-09-13 18:15:00,0,0.6171549209751604
2024-09-13 18:30:00,0,0.7261137636003773
2024-09-13 19:15:00,1,0.6417163481689344
2024-09-13 19:30:00,0,0.6162115498593758
2024-09-13 20:45:00,0,0.49530027510001634
2024-09-16 03:30:00,1,0.3855301729506236
2024-09-16 04:00:00,0,0.4596949980818108
2024-09-16 04:15:00,1,0.39783382482630425
2024-09-16 04:30:00,1,0.8203052244041307
2024-09-16 05:15:00,1,0.42910162326772905
2024-09-16 05:30:00,0,0.4430920359968346
2024-09-16 05:45:00,0,0.35536774005296484
2024-09-16 06:00:00,1,0.4398226278644662
2024-09-16 06:15:00,0,0.3809184054862922
2024-09-16 07:00:00,1,0.42058358062854395
2024-09-16 14:00:00,0,0.2786254061973755
2024-09-16 14:15:00,1,0.5671188216220986
2024-09-17 00:15:00,1,0.4121765375953802
2024-09-17 00:30:00,0,0.4125747102804257
2024-09-17 00:45:00,1,0.47315945002550136
2024-09-17 02:45:00,0,0.5145472653075793
2024-09-17 03:00:00,0,0.4385492194799306
2024-09-17 03:15:00,0,0.46213745279970614
2024-09-17 03:30:00,0,0.4514405567392577
2024-09-17 03:45:00,1,0.45858495683218015
2024-09-17 04:15:00,0,0.3642478165635579
2024-09-17 04:30:00,0,0.3909338777967998
2024-09-17 05:00:00,1,0.38431983018118576
2024-09-17 07:00:00,0,0.32547419593866905
2024-09-17 08:30:00,0,0.558326511203587
2024-09-17 08:45:00,0,0.580602935552034
2024-09-17 09:00:00,0,0.32687906513617854
2024-09-17 09:15:00,0,0.366666055081327
2024-09-17 09:45:00,0,0.40432097039106374
2024-09-17 15:15:00,0,0.6851294490269499
2024-09-18 01:30:00,0,0.5257305788352997
2024-09-18 04:15:00,0,0.4736201540470362
2024-09-18 04:30:00,0,0.5339705063909579
2024-09-18 04:45:00,0,0.5485853938879489
2024-09-18 05:00:00,1,0.4539828619860197
2024-09-18 12:00:00,1,0.6571652022126092
2024-09-18 12:15:00,0,0.6182652003964088
2024-09-18 12:45:00,1,0.8296512410116245
2024-09-18 13:00:00,0,0.6426396208042009
2024-09-18 13:30:00,1,0.8539929173318589
2024-09-18 13:45:00,0,0.788292495614112
2024-09-18 14:45:00,0,0.7158875947957913
2024-09-18 16:00:00,1,0.6018519546246468
2024-09-18 16:15:00,1,0.6747747860493655
2024-09-18 16:45:00,0,0.7620096985912105
2024-09-18 17:15:00,1,0.6547514879069737
2024-09-18 18:45:00,0,0.596010649899655
2024-09-18 19:30:00,1,0.7690397985726812
2024-09-19 03:00:00,1,0.6547957740026562
2024-09-19 03:45:00,0,0.656847315586972
2024-09-19 04:15:00,1,0.6954139846961915
2024-09-19 04:30:00,1,0.6126139745830325
2024-09-19 05:00:00,1,0.3786773448418426
2024-09-19 05:15:00,1,0.3052406802683484
2024-09-19 05:30:00,1,0.27349404073687333
2024-09-19 05:45:00,1,0.4785601576036348
2024-09-19 06:00:00,1,0.37909418408884676
2024-09-19 06:15:00,0,0.44615383952993454
2024-09-19 06:45:00,1,0.44615383952993454
2024-09-19 07:00:00,1,0.44439575212454735
2024-09-19 07:15:00,1,0.6004937118373532
2024-09-19 07:45:00,0,0.5927602054778022
2024-09-19 08:30:00,1,0.505959573294186
2024-09-19 08:45:00,1,0.44552681858019144
2024-09-19 09:15:00,1,0.5041925321693113
2024-09-19 09:45:00,0,0.5278372042513418
2024-09-19 11:30:00,1,0.7422992577897636
2024-09-19 12:00:00,0,0.6752523490381345
2024-09-19 12:30:00,0,0.6819098512024864
2024-09-19 12:45:00,1,0.6819098512024864
2024-09-19 13:00:00,1,0.6427043521142087
2024-09-19 13:30:00,1,0.7154722913738139
2024-09-19 17:45:00,0,0.4676958192557071
2024-09-19 18:00:00,1,0.6064566552962016
2024-09-19 18:30:00,0,0.3699517722552908
2024-09-19 18:45:00,0,0.7006956911459646
2024-09-19 19:30:00,1,0.6268816459269314
2024-09-19 19:45:00,0,0.7169016362702915
2024-09-19 20:15:00,0,0.7127767916837033
2024-09-19 20:30:00,1,0.48924508880113216
2024-09-20 07:15:00,1,0.35673553456927215
2024-09-20 07:45:00,0,0.43850109028438977
2024-09-20 08:00:00,1,0.4847764644466641
2024-09-20 08:45:00,0,0.6055407004466399
2024-09-20 09:45:00,1,0.7663942628763198
2024-09-20 10:15:00,1,0.55971956584654
2024-09-20 10:30:00,1,0.5192538914907363
2024-09-20 10:45:00,1,0.5023680771630344
2024-09-20 11:30:00,0,0.7015751273671439
2024-09-20 11:45:00,1,0.5762472250843502
2024-09-20 12:30:00,1,0.7033994682621757
2024-09-20 12:45:00,0,0.7055236352687222
2024-09-20 13:30:00,1,0.6734717666168887
2024-09-20 16:00:00,1,0.533655945955723
2024-09-20 16:15:00,1,0.533655945955723
2024-09-20 17:00:00,0,0.521597952735449
2024-09-20 17:45:00,1,0.4817797572466657
2024-09-20 18:15:00,1,0.5647499883914546
2024-09-20 18:30:00,1,0.6019910090748466
2024-09-20 18:45:00,1,0.6546050303381217
2024-09-20 19:00:00,0,0.5086059547541915
2024-09-20 19:15:00,0,0.47637458870689325
2024-09-20 20:45:00,0,0.5312443625032743
2024-09-22 22:00:00,0,0.6010444188115927
2024-09-22 22:15:00,1,0.5667183910389294
2024-09-22 22:45:00,0,0.468451021941761
2024-09-22 23:30:00,0,0.48223033824682876
2024-09-22 23:45:00,0,0.5160920624302082
2024-09-23 00:00:00,1,0.4979919391522467
2024-09-23 00:15:00,0,0.5323444207256804
2024-09-23 03:45:00,1,0.46059227245499423
2024-09-23 04:00:00,0,0.5320987571678025
2024-09-23 04:15:00,0,0.5351775497897162
2024-09-23 04:30:00,0,0.47657117498510004
2024-09-23 05:15:00,1,0.38853819465860817
2024-09-23 05:30:00,0,0.38853819465860817
2024-09-23 06:00:00,0,0.3580420969822251
2024-09-23 06:15:00,0,0.3462677936826076
2024-09-23 07:00:00,0,0.3519034257168301
2024-09-23 07:15:00,0,0.35951661460807305
2024-09-23 07:30:00,1,0.5057430058040251
2024-09-23 14:30:00,0,0.616945850139785
2024-09-23 15:00:00,1,0.7779763916696292
2024-09-23 15:15:00,0,0.6403284175844312
2024-09-23 16:00:00,0,0.44835708707586436
2024-09-23 16:15:00,0,0.4723052871294956
2024-09-23 16:45:00,0,0.5292455929202217
2024-09-23 17:00:00,1,0.6359846137550459
2024-09-23 17:30:00,0,0.8094358193395541
2024-09-23 17:45:00,0,0.53973798139836
2024-09-23 19:00:00,1,0.5368578374102432
2024-09-23 19:30:00,1,0.4958424785135291
2024-09-24 01:30:00,0,0.46138518277795726
2024-09-24 01:45:00,0,0.4602337176321467
2024-09-24 02:00:00,1,0.5683709248502621
2024-09-24 03:00:00,1,0.49114137071441083
2024-09-24 03:15:00,1,0.46182649687454774
2024-09-24 03:30:00,0,0.4213776210255408
2024-09-24 04:00:00,1,0.40219466125409786
2024-09-24 04:45:00,0,0.4568840955911647
2024-09-24 05:45:00,1,0.5363885653832148
2024-09-24 06:30:00,1,0.6435731837118125
2024-09-24 07:00:00,0,0.6492420506804245
2024-09-24 11:30:00,1,0.5663968859374111
2024-09-24 12:00:00,1,0.7260566860015378
2024-09-24 12:15:00,1,0.6375921966310042
2024-09-24 12:30:00,1,0.5587424453994845
2024-09-24 12:45:00,1,0.7171048886604482
2024-09-24 13:00:00,1,0.5297230427128718
2024-09-24 13:30:00,1,0.7086928676429081
2024-09-24 14:15:00,1,0.6817834454450488
2024-09-24 14:30:00,1,0.6815581624732323
2024-09-24 14:45:00,1,0.7331966855026085
2024-09-24 15:00:00,0,0.6973830291456263
2024-09-24 15:45:00,1,0.5845159518163365
2024-09-24 16:00:00,1,0.6710062710252207
2024-09-24 16:45:00,0,0.6135509744477382
2024-09-24 17:00:00,0,0.6075233506170626
2024-09-24 17:30:00,1,0.565497996104112
2024-09-24 17:45:00,1,0.5079221482436146
2024-09-24 18:30:00,1,0.5924825344321811
2024-09-24 18:45:00,1,0.5998020278750295
2024-09-24 19:15:00,1,0.7226481275543444
2024-09-24 19:45:00,0,0.7494121449900719
2024-09-24 20:00:00,0,0.5068377883381734
2024-09-24 20:30:00,0,0.3057725756619117
2024-09-24 20:45:00,1,0.6969706530927984
2024-09-24 22:15:00,1,0.7869422037117858
2024-09-24 22:45:00,0,0.7853385553195675
2024-09-25 00:00:00,1,0.7696416136650456
2024-09-25 00:15:00,1,0.5636873551164423
2024-09-25 00:45:00,1,0.4290243734606427
2024-09-25 03:30:00,0,0.6151874195623025
2024-09-25 03:45:00,0,0.6112476025033322
2024-09-25 04:00:00,0,0.7361929950438936
2024-09-25 04:15:00,0,0.7305954788778726
2024-09-25 04:30:00,1,0.7122138046815681
2024-09-25 05:00:00,0,0.7372336892000781
2024-09-25 05:30:00,1,0.7395053205017472
2024-09-25 06:00:00,1,0.700223982342673
2024-09-25 06:15:00,0,0.7978278367726596
2024-09-25 06:30:00,0,0.5784860562371728
2024-09-25 06:45:00,0,0.5496881376921541
2024-09-25 14:45:00,1,0.856710508303923
2024-09-25 15:00:00,0,0.579253822009148
2024-09-25 15:45:00,1,0.6016332268143443
2024-09-25 16:00:00,0,0.5851613003797251
2024-09-25 16:15:00,0,0.5851613003797251
2024-09-25 16:30:00,1,0.5851613003797251
2024-09-26 04:15:00,0,0.3393221975731911
2024-09-26 04:45:00,1,0.3120743078304846
2024-09-26 05:15:00,0,0.3217682358235088
2024-09-26 05:45:00,0,0.3467913315782506
2024-09-26 06:00:00,1,0.3429347426711466
2024-09-26 07:30:00,1,0.2891865810211144
2024-09-26 08:00:00,1,0.30401683324652873
2024-09-26 08:15:00,0,0.45700601541777514
2024-09-26 09:00:00,1,0.3305654747410765
2024-09-26 10:00:00,1,0.35928174571341115
2024-09-26 10:30:00,1,0.4999360139709839
2024-09-26 10:45:00,1,0.49904494422821316
2024-09-26 12:00:00,1,0.6915580129502177
2024-09-26 12:15:00,0,0.6005385590565768
2024-09-26 12:30:00,1,0.720753551819435
2024-09-26 13:00:00,1,0.7426259428738881
2024-09-26 13:30:00,1,0.741149211959018
2024-09-26 19:15:00,0,0.5466426737190742
2024-09-26 20:15:00,1,0.5289710453317535
2024-09-26 20:45:00,0,0.6527816629927358
2024-09-26 22:15:00,0,0.7477148438105292
2024-09-26 23:45:00,0,0.43148648618240937
2024-09-27 00:00:00,0,0.4774984736076819
2024-09-27 04:00:00,0,0.34696013920123236
2024-09-27 04:15:00,0,0.34696013920123236
2024-09-27 04:45:00,0,0.3553174403050254
2024-09-27 05:15:00,0,0.2823248926410743
2024-09-27 13:00:00,1,0.41407002053288394
2024-09-27 13:30:00,1,0.35333245777689204
2024-09-27 13:45:00,0,0.35333245777689204
2024-09-27 14:00:00,1,0.14215816306748774
2024-09-27 14:15:00,1,0.5115660467709248
2024-09-27 14:30:00,1,0.5115660467709248
2024-09-27 14:45:00,1,0.5737424361945663
2024-09-30 01:00:00,0,0.3910507889199631
2024-09-30 01:45:00,1,0.7535005676331592
2024-09-30 02:00:00,1,0.6462407106359963
2024-09-30 02:15:00,1,0.8468022686549627
2024-09-30 02:30:00,0,0.4488358170751133
2024-09-30 03:00:00,0,0.7944685876859767
2024-09-30 03:30:00,0,0.42407476883102097
2024-09-30 03:45:00,1,0.5875799531653818
2024-09-30 04:45:00,0,0.5698532288072475
2024-09-30 05:00:00,1,0.62190328465387
2024-09-30 05:15:00,1,0.624211538665064
2024-09-30 06:00:00,0,0.4630323352978251
2024-09-30 06:45:00,1,0.37468288818598156
2024-09-30 07:00:00,0,0.34852100049034473
2024-09-30 07:30:00,0,0.17663700678147315
2024-09-30 07:45:00,1,0.45916650508071516
2024-09-30 08:00:00,1,0.4680860791980488
2024-09-30 08:45:00,0,0.6236347255603265
2024-09-30 09:00:00,1,0.562294841490426
2024-09-30 09:15:00,1,0.5043507483366382
2024-09-30 09:30:00,0,0.5656831184349028
2024-09-30 10:00:00,0,0.6728606389162577
2024-09-30 10:15:00,0,0.6730367305678997
2024-09-30 10:30:00,1,0.674643688893595
2024-09-30 10:45:00,1,0.6536342751699382
2024-10-01 02:15:00,0,0.5212824892230613
2024-10-01 03:00:00,1,0.4586180536898574
2024-10-01 03:15:00,1,0.4450309531007842
2024-10-01 03:45:00,1,0.3932573158266093
2024-10-01 04:00:00,1,0.37116090901544235
2024-10-01 04:30:00,0,0.41982832582584595
2024-10-01 04:45:00,1,0.43383032260039506
2024-10-01 05:15:00,1,0.3789873624270297
2024-10-01 05:30:00,0,0.3984450069618339
2024-10-01 05:45:00,1,0.4072166169668906
2024-10-01 06:15:00,0,0.4329064498606717
2024-10-01 06:45:00,0,0.43966020506123066
2024-10-01 07:15:00,1,0.42412840698742976
2024-10-01 08:00:00,0,0.3844296541263605
2024-10-01 08:15:00,1,0.3617108877223814
2024-10-01 08:45:00,1,0.37258084076643216
2024-10-01 09:00:00,1,0.329690625516424
2024-10-01 10:00:00,1,0.47029227664634043
2024-10-01 11:00:00,0,0.4758261138383586
2024-10-01 11:45:00,1,0.5131413591428469
2024-10-01 12:00:00,0,0.5069552260939302
2024-10-01 13:00:00,1,0.8279671054879297
2024-10-01 15:30:00,1,0.6765214950557588
2024-10-01 16:00:00,1,0.5934309331820282
2024-10-01 16:15:00,1,0.6176669709900809
2024-10-01 16:30:00,1,0.7172344912605034
2024-10-01 17:00:00,0,0.6712307947545009
2024-10-01 18:00:00,1,0.6965511637928843
2024-10-01 19:30:00,0,0.4091379703437385
2024-10-01 20:15:00,1,0.727649304185388
2024-10-01 20:30:00,1,0.6119769268381167
2024-10-01 20:45:00,0,0.7784159467210484
2024-10-01 22:15:00,0,0.7102454925923454
2024-10-01 22:45:00,0,0.3802999469310152
2024-10-01 23:15:00,0,0.6300720260891608
2024-10-01 23:45:00,0,0.6129321836205247
2024-10-02 00:00:00,1,0.5463654690036405
2024-10-02 00:15:00,0,0.5814729647991442
2024-10-02 00:30:00,0,0.5399336662037635
2024-10-02 00:45:00,1,0.5399336662037635
2024-10-02 01:00:00,1,0.5233196830020166
2024-10-02 14:45:00,0,0.26732521650633323
2024-10-02 15:00:00,1,0.7853835321041476
2024-10-03 00:30:00,0,0.5747775564222902
2024-10-03 00:45:00,0,0.27272909050649563
2024-10-03 01:00:00,1,0.48160714811424044
2024-10-03 02:15:00,0,0.4820114731095201
2024-10-03 02:30:00,0,0.4844605352642503
2024-10-03 02:45:00,0,0.4795980185986619
2024-10-03 03:00:00,1,0.378980358460845
2024-10-03 07:00:00,0,0.2637066134318583
2024-10-03 07:15:00,0,0.2539157499505015
2024-10-03 07:30:00,1,0.26024109055536554
2024-10-03 07:45:00,0,0.4330612138142039
2024-10-03 08:15:00,1,0.5785102283623751
2024-10-03 17:45:00,1,0.6570078288313739
2024-10-03 19:00:00,0,0.6464846842681563
2024-10-03 19:30:00,0,0.26367883803001835
2024-10-03 19:45:00,0,0.5833643018225481
2024-10-04 06:15:00,1,0.3102254772461569
2024-10-04 06:30:00,0,0.5389587265169916
2024-10-04 06:45:00,1,0.2740616434513941
2024-10-06 22:00:00,1,0.5118985664729998
2024-10-06 22:15:00,0,0.5591464354745138
2024-10-06 22:30:00,0,0.6413764169832596
2024-10-06 22:45:00,0,0.5397776389500614
2024-10-06 23:45:00,1,0.6735508023007155
2024-10-07 00:15:00,0,0.3980879516356939
2024-10-07 00:30:00,0,0.49983981681692863
2024-10-07 00:45:00,1,0.31186629404465077
2024-10-07 01:00:00,0,0.7463019080824258
2024-10-07 02:15:00,1,0.3991066471616302
2024-10-07 02:30:00,0,0.3957405329941404
2024-10-07 02:45:00,1,0.3957405329941404
2024-10-07 03:00:00,1,0.3520569828326404
2024-10-07 03:30:00,1,0.36201108093510087
2024-10-07 04:30:00,0,0.385571320861028
2024-10-07 05:00:00,0,0.35380663700875625
2024-10-07 05:15:00,0,0.4229301685014476
2024-10-07 05:30:00,0,0.44456620171693184
2024-10-07 05:45:00,1,0.4587839622481121
2024-10-07 09:15:00,1,0.5008873261021469
2024-10-07 09:45:00,1,0.40595120556556363
2024-10-07 10:00:00,1,0.4933762094058041
2024-10-07 10:15:00,0,0.5102696993333314
2024-10-07 10:45:00,1,0.49842501823646473
2024-10-07 12:00:00,0,0.4769965977928027
2024-10-07 12:15:00,0,0.21020711654505458
2024-10-07 12:30:00,1,0.7268896509340443
2024-10-07 23:30:00,1,0.5193245691967768
2024-10-08 00:15:00,1,0.45031717214597866
2024-10-08 00:45:00,0,0.4525440281642778
2024-10-08 01:00:00,0,0.41042064605994233
2024-10-08 01:30:00,1,0.4029318344586377
2024-10-08 01:45:00,0,0.47730931735436954
2024-10-08 02:15:00,0,0.6988031382726126
2024-10-08 02:30:00,1,0.6804753022677756
2024-10-08 06:15:00,0,0.17679301831075767
2024-10-08 06:45:00,1,0.47203446100947677
2024-10-08 12:45:00,0,0.5123604528024753
2024-10-08 13:30:00,0,0.5810206877607248
2024-10-08 14:00:00,1,0.7224736989730178
2024-10-08 14:15:00,0,0.7267934535659012
2024-10-08 14:45:00,0,0.7393579997124814
2024-10-08 15:00:00,1,0.7418796717696078
2024-10-08 15:15:00,1,0.7418796717696078
2024-10-08 20:00:00,0,0.612911731279681
2024-10-08 20:45:00,1,0.5446334064422225
2024-10-08 22:00:00,1,0.5300460167038133
2024-10-08 23:00:00,0,0.636194547249513
2024-10-08 23:30:00,0,0.6109121750939822
2024-10-08 23:45:00,1,0.5605808893379377
2024-10-09 00:00:00,0,0.4342861681251674
2024-10-09 02:00:00,0,0.5257137527678967
2024-10-09 02:15:00,1,0.49249482903641323
2024-10-09 02:30:00,0,0.49249482903641323
2024-10-09 02:45:00,0,0.5158151188246269
2024-10-09 03:00:00,1,0.48039108177548495
2024-10-09 03:15:00,0,0.4437974927751044
2024-10-09 03:45:00,1,0.5614312995723441
2024-10-09 04:15:00,1,0.6018310811540756
2024-10-09 04:30:00,1,0.5475421027488784
2024-10-09 05:15:00,0,0.4380441521177196
2024-10-09 06:00:00,0,0.462230406317402
2024-10-09 06:15:00,1,0.5372903342249299
2024-10-09 06:30:00,1,0.529345931240111
2024-10-09 12:30:00,1,0.46578477563627246
2024-10-09 13:00:00,0,0.7154119522856612
2024-10-09 13:15:00,1,0.7773910167490075
2024-10-10 04:00:00,1,0.5548881013741213
2024-10-10 04:30:00,0,0.323900556845269
2024-10-10 04:45:00,1,0.34266029413452176
2024-10-10 05:30:00,0,0.31127556158766634
2024-10-10 05:45:00,0,0.3543437703782835
2024-10-10 06:45:00,1,0.4790685397702524
2024-10-10 09:45:00,0,0.25195860465514136
2024-10-10 10:00:00,0,0.3626380955956827
2024-10-10 10:15:00,0,0.3626380955956827
2024-10-10 11:30:00,1,0.4580536277869103
2024-10-10 12:00:00,1,0.44304739377634544
2024-10-10 14:15:00,1,0.48458252270661395
2024-10-10 14:30:00,0,0.5606802503998581
2024-10-10 14:45:00,0,0.48708291100548784
2024-10-10 15:15:00,0,0.5130766799879832
2024-10-10 15:30:00,1,0.7001497088038501
2024-10-10 16:00:00,0,0.6279888934829981
2024-10-10 20:45:00,0,0.4357482226265649
2024-10-10 22:15:00,1,0.5648992253729885
2024-10-10 23:15:00,1,0.5611215946637845
2024-10-10 23:45:00,1,0.5418920084471072
2024-10-11 00:00:00,0,0.4266377060080454
2024-10-11 00:15:00,1,0.5477035667525125
2024-10-11 01:30:00,1,0.4993787427513308
2024-10-11 01:45:00,0,0.450015521469356
2024-10-11 02:00:00,1,0.44643925798258843
2024-10-11 02:30:00,1,0.5683634001131841
2024-10-11 03:30:00,1,0.47317538252561847
2024-10-11 03:45:00,0,0.5784585855317549
2024-10-11 04:00:00,0,0.48345293607400963
2024-10-11 05:45:00,0,0.2961188380370853
2024-10-11 07:00:00,1,0.5052580096901873
2024-10-11 07:15:00,1,0.46704556920075896
2024-10-11 07:45:00,0,0.3032255829244162
2024-10-11 08:15:00,0,0.3899181557959177
2024-10-11 08:30:00,0,0.38321437699572974
2024-10-11 08:45:00,0,0.4452996609783889
2024-10-11 16:30:00,1,0.574179799830226
2024-10-11 16:45:00,0,0.5781508243019498
2024-10-11 17:00:00,0,0.595758489702826
2024-10-11 17:30:00,1,0.4398748594990107
2024-10-11 17:45:00,0,0.28314624949794337
2024-10-11 18:00:00,1,0.12276719924247442
2024-10-11 18:45:00,0,0.35112315020567425
2024-10-11 20:00:00,0,0.39000228392990993
2024-10-13 23:15:00,0,0.6139008550107864
2024-10-13 23:45:00,0,0.5738664709702017
2024-10-14 00:00:00,1,0.36513412675191914
2024-10-14 00:15:00,0,0.36513412675191914
2024-10-14 01:00:00,1,0.35473959648732956
2024-10-14 01:30:00,1,0.35445903378904453
2024-10-14 06:30:00,0,0.3462677936826076
2024-10-14 07:30:00,0,0.4919414351890101
2024-10-14 07:45:00,1,0.28366544705112884
2024-10-14 08:00:00,1,0.5737125409541501
2024-10-14 08:15:00,1,0.5628149066398511
2024-10-14 08:30:00,0,0.6187795557029683
2024-10-14 08:45:00,1,0.6187795557029683
2024-10-14 09:00:00,0,0.7821860111886239
2024-10-14 09:15:00,0,0.28899918998494617
2024-10-15 02:30:00,1,0.41786542227575335
2024-10-15 02:45:00,0,0.438671452677538
2024-10-15 03:15:00,0,0.377483933762788
2024-10-15 03:30:00,0,0.406366380800681
2024-10-15 03:45:00,0,0.4190433725058727
2024-10-15 04:00:00,0,0.3572764564679725
2024-10-15 04:15:00,0,0.41438361088197184
2024-10-15 05:00:00,0,0.37093631211883227
2024-10-15 05:15:00,1,0.350496362697689
2024-10-15 09:45:00,0,0.4509619483683553
2024-10-15 10:45:00,0,0.4862258427930847
2024-10-15 11:30:00,0,0.6212858140258163
2024-10-15 12:00:00,1,0.6919910656732361
2024-10-15 12:15:00,0,0.7262137690209509
2024-10-15 12:45:00,1,0.739138900224915
2024-10-15 13:45:00,1,0.7085297667543953
2024-10-15 14:15:00,1,0.7228770941763215
2024-10-15 14:30:00,1,0.733042136122312
2024-10-15 15:15:00,1,0.7171638672661003
2024-10-15 16:00:00,0,0.5906598010478731
2024-10-15 16:45:00,1,0.5396584325230568
2024-10-15 18:30:00,1,0.7896509088052708
2024-10-15 18:45:00,0,0.6641471853345992
2024-10-15 19:30:00,0,0.7580261879128006
2024-10-16 02:15:00,1,0.5264860914878534
2024-10-16 02:45:00,1,0.5268768794685567
2024-10-16 03:00:00,0,0.5666788243606817
2024-10-16 03:15:00,1,0.740034814048184
2024-10-16 03:30:00,1,0.5768288066980685
2024-10-16 04:15:00,1,0.6377974175061419
2024-10-16 05:00:00,1,0.46764823995431026
2024-10-16 05:45:00,1,0.5036796331237684
2024-10-16 06:00:00,1,0.41992852591532775
2024-10-16 06:30:00,1,0.4389708109508337
2024-10-16 06:45:00,0,0.4389708109508337
2024-10-16 07:00:00,0,0.5181116931084415
2024-10-16 07:15:00,0,0.5922522765364263
2024-10-16 07:30:00,1,0.5909408142586755
2024-10-16 07:45:00,1,0.6053874622005316
2024-10-16 08:30:00,1,0.6020811388372577
2024-10-16 08:45:00,0,0.5799792707194672
2024-10-16 09:15:00,1,0.6389412118877122
2024-10-16 09:30:00,0,0.3620752586214395
2024-10-16 11:30:00,1,0.5723722310794935
2024-10-16 11:45:00,1,0.6707756431682919
2024-10-16 12:15:00,0,0.6463176978483488
2024-10-16 12:30:00,1,0.6453217357033237
2024-10-16 14:15:00,0,0.5551202698318519
2024-10-16 15:00:00,1,0.7628561337488079
2024-10-16 15:15:00,0,0.7766982159583062
2024-10-16 15:45:00,1,0.6801366364905196
2024-10-17 02:45:00,0,0.45168146967532813
2024-10-17 03:00:00,0,0.21712111242318385
2024-10-17 03:30:00,1,0.31813720370710874
2024-10-17 04:15:00,1,0.5669360233313384
2024-10-17 04:30:00,1,0.5894431629217657
2024-10-17 05:15:00,1,0.39433554643757096
2024-10-17 05:45:00,0,0.4102375183049315
2024-10-17 06:15:00,1,0.29879452887464375
2024-10-17 06:45:00,1,0.6137429893118066
2024-10-17 07:00:00,1,0.4522904108048861
2024-10-17 08:15:00,0,0.43126850195348365
2024-10-17 09:00:00,1,0.34662557063339383
2024-10-17 11:00:00,0,0.4593504768699746
2024-10-17 12:00:00,1,0.7032754923036889
2024-10-17 12:15:00,1,0.7077651715052453
2024-10-17 15:45:00,0,0.5680910772765055
2024-10-17 17:00:00,0,0.5269459094037361
2024-10-17 18:15:00,0,0.6261384049579295
2024-10-17 18:30:00,1,0.7184435251855672
2024-10-17 19:15:00,1,0.5293993796110228
2024-10-17 19:45:00,1,0.6783648830266985
2024-10-17 22:00:00,1,0.47564856645276765
2024-10-17 22:15:00,1,0.4815636995132756
2024-10-17 23:15:00,1,0.6531203675382972
2024-10-17 23:30:00,1,0.6292614466840288
2024-10-17 23:45:00,1,0.6354913657304557
2024-10-18 00:00:00,1,0.5085209225357434
2024-10-18 00:15:00,1,0.5102975070442115
2024-10-18 01:15:00,1,0.5298201116297114
2024-10-18 01:30:00,1,0.4115027248760094
2024-10-18 02:15:00,1,0.5278672596531704
2024-10-18 03:15:00,1,0.7187846896104598
2024-10-18 04:00:00,0,0.6389813164682009
2024-10-18 04:15:00,1,0.6218751280456442
2024-10-18 05:00:00,0,0.4145905120151485
2024-10-18 05:15:00,1,0.3193324789717067
2024-10-18 05:30:00,0,0.33910891933544346
2024-10-18 06:30:00,0,0.6722030695369154
2024-10-18 06:45:00,0,0.5581134919033113
2024-10-18 07:30:00,1,0.5808823196940502
2024-10-18 07:45:00,1,0.6114208512698044
2024-10-18 08:15:00,1,0.6043705111928026
2024-10-18 11:00:00,0,0.446635187058464
2024-10-18 11:30:00,1,0.5391866830474151
2024-10-18 12:15:00,0,0.5600033589395197
2024-10-18 12:45:00,1,0.7425606869398237
2024-10-18 14:45:00,1,0.5269271703365199
2024-10-18 15:00:00,0,0.5122078365487948
2024-10-18 15:15:00,0,0.38387225933647734
2024-10-18 15:30:00,1,0.45797719851965935
2024-10-18 15:45:00,1,0.31964862461828075
2024-10-18 16:00:00,1,0.3587934683631561
2024-10-18 16:15:00,0,0.4617324615099091
2024-10-18 16:30:00,0,0.5150569461481691
2024-10-18 17:30:00,1,0.6376611007871236
2024-10-18 17:45:00,1,0.6651992984666052
2024-10-18 18:00:00,1,0.6070463484291677
2024-10-18 18:15:00,1,0.48358033876095674
2024-10-18 18:30:00,1,0.4213151295324249
2024-10-18 19:15:00,1,0.4171818312828602
2024-10-18 20:30:00,1,0.5363471462174086
2024-10-20 22:00:00,1,0.5722726156157537
2024-10-20 22:15:00,1,0.626772703229484
2024-10-20 23:00:00,1,0.5808942119889828
2024-10-20 23:30:00,0,0.5977094705975975
2024-10-20 23:45:00,0,0.6573651177631709
2024-10-21 00:45:00,1,0.3726057274572194
2024-10-21 01:15:00,1,0.41112485873655213
2024-10-21 02:15:00,0,0.6822995809350585
2024-10-21 02:30:00,1,0.7088103759980738
2024-10-21 03:15:00,0,0.6440188873503018
2024-10-21 04:15:00,0,0.6742993968869571
2024-10-21 05:45:00,1,0.40355207121963826
2024-10-21 06:45:00,1,0.4215608400718558
2024-10-21 08:00:00,1,0.4653648441313914
2024-10-21 08:15:00,0,0.46780789909581544
2024-10-21 08:30:00,0,0.4653648441313914
2024-10-21 08:45:00,1,0.4304401865745008
2024-10-21 09:15:00,0,0.3828017981566647
2024-10-21 10:30:00,1,0.7762615264175287
2024-10-21 10:45:00,1,0.5252718041044245
2024-10-21 11:00:00,1,0.5683755573331598
2024-10-21 11:30:00,0,0.5653380638506833
2024-10-21 12:15:00,1,0.7130075282706997
2024-10-21 13:45:00,0,0.7273607900055525
2024-10-21 14:00:00,0,0.58648038819492
2024-10-21 14:30:00,0,0.616945850139785
2024-10-21 14:45:00,1,0.6677718699449754
2024-10-21 15:00:00,1,0.7010956076665149
2024-10-22 05:00:00,0,0.3554447353959115
2024-10-22 05:30:00,0,0.436214792157107
2024-10-22 05:45:00,1,0.7861979445338478
2024-10-22 06:00:00,1,0.37475850975921304
2024-10-22 06:30:00,1,0.37067840889899356
2024-10-22 06:45:00,0,0.37067840889899356
2024-10-22 07:15:00,0,0.38095750493950487
2024-10-22 07:30:00,1,0.3706088523664532
2024-10-22 08:45:00,1,0.5049752239236929
2024-10-22 09:00:00,0,0.4106423845523611
2024-10-22 09:30:00,1,0.39370123693277154
2024-10-22 11:15:00,1,0.5663968859374111
2024-10-22 15:45:00,1,0.7659472511003759
2024-10-22 16:00:00,1,0.5242519166265447
2024-10-22 16:15:00,1,0.5235107247741215
2024-10-22 16:30:00,1,0.5556213024429499
2024-10-22 16:45:00,1,0.5949687752924985
2024-10-22 17:15:00,1,0.6563137258250241
2024-10-22 17:30:00,0,0.6642222676610273
2024-10-22 18:00:00,0,0.5526359907430647
2024-10-22 18:45:00,1,0.5078946825129845
2024-10-22 19:15:00,0,0.5162243957137903
2024-10-22 19:30:00,1,0.5645727647390132
2024-10-22 20:00:00,0,0.5974960813436249
2024-10-22 20:15:00,0,0.6346674290661819
2024-10-22 20:45:00,0,0.6106978179759379
2024-10-22 23:15:00,0,0.5735616847286318
2024-10-23 00:15:00,0,0.5677409402325937
2024-10-23 00:30:00,0,0.5922298651546324
2024-10-23 01:30:00,1,0.4850123261339544
2024-10-23 06:15:00,0,0.41992852591532775
2024-10-23 07:00:00,1,0.43440983613400275
2024-10-23 07:15:00,1,0.4473036303163289
2024-10-23 07:30:00,1,0.43570407065577577
2024-10-23 07:45:00,1,0.45680225920330275
2024-10-23 08:00:00,1,0.43588185285536507
2024-10-23 08:15:00,0,0.4476271403776184
2024-10-23 09:45:00,1,0.3877218626422355
2024-10-23 10:30:00,0,0.5368104547761154
2024-10-23 12:00:00,0,0.5699412783127603
2024-10-23 12:15:00,0,0.6461371114140247
2024-10-23 13:45:00,0,0.5510018497809751
2024-10-23 14:15:00,1,0.7238469251130385
2024-10-23 14:30:00,1,0.7786663249567725
2024-10-23 14:45:00,1,0.7786663249567725
2024-10-23 15:00:00,1,0.7845866713483923
2024-10-24 00:15:00,1,0.44205483693524933
2024-10-24 00:30:00,1,0.43001175072768827
2024-10-24 00:45:00,1,0.32833702278799803
2024-10-24 01:00:00,1,0.47092592817484913
2024-10-24 01:15:00,0,0.41085257978356565
2024-10-24 01:45:00,0,0.3638517006787834
2024-10-24 02:30:00,1,0.6547111677372495
2024-10-24 03:15:00,0,0.4893919179725197
2024-10-24 03:45:00,1,0.3419822234349265
2024-10-24 04:15:00,1,0.32562207468064464
2024-10-24 05:15:00,1,0.2420050777874414
2024-10-24 05:45:00,1,0.3110974954377922
2024-10-24 06:00:00,1,0.3429347426711466
2024-10-24 06:15:00,1,0.33647235849001
2024-10-24 06:45:00,1,0.28531128782922005
2024-10-24 07:00:00,0,0.30897471665211557
2024-10-24 07:30:00,1,0.29287055943808493
2024-10-24 08:30:00,0,0.37827581864981535
2024-10-24 08:45:00,1,0.33735460951868074
2024-10-24 09:15:00,1,0.32346282906957374
2024-10-24 09:45:00,1,0.2717637818732671
2024-10-24 10:00:00,1,0.40124396365191173
2024-10-24 10:15:00,1,0.39529268748665536
2024-10-24 10:30:00,0,0.35751067475743636
2024-10-24 11:30:00,0,0.4453026551168777
2024-10-24 12:00:00,1,0.44285248812223277
2024-10-24 13:45:00,0,0.6348980635166246
2024-10-24 14:15:00,1,0.5716181427862888
2024-10-25 13:00:00,1,0.5922989872552604
2024-10-25 13:30:00,0,0.6193557252956565
2024-10-25 13:45:00,1,0.5604890522243321
2024-10-25 14:00:00,0,0.5115660467709248
2024-10-25 14:15:00,1,0.5954044131356838
2024-10-25 14:30:00,0,0.5943135856639322
2024-10-25 16:15:00,1,0.5308885452392361
2024-10-25 16:45:00,1,0.4810069005161076
2024-10-25 17:00:00,1,0.48022211399546644
2024-10-25 17:15:00,1,0.48022211399546644
2024-10-25 18:00:00,1,0.6070463484291677
2024-10-25 18:15:00,0,0.4388802269221849
2024-10-25 18:45:00,0,0.47593498310328297
2024-10-25 19:00:00,1,0.46262763599861806
2024-10-25 19:30:00,0,0.41862527212848943
2024-10-25 19:45:00,0,0.48558660805101334
2024-10-28 07:00:00,0,0.6375189313035536
2024-10-28 07:15:00,1,0.6884540264491951
2024-10-28 07:45:00,1,0.5720931018622738
2024-10-28 08:00:00,1,0.5842625716288495
2024-10-28 08:15:00,0,0.6658344470789311
2024-10-28 08:30:00,0,0.6161038700435144
2024-10-28 09:30:00,0,0.5245060834425335
2024-10-28 09:45:00,1,0.5178962875241161
2024-10-28 10:00:00,1,0.6252198956579131
2024-10-28 15:00:00,1,0.7239609636761369
2024-10-28 15:15:00,1,0.7004557918796802
2024-10-28 16:15:00,0,0.6208906230126525
2024-10-28 18:00:00,0,0.4093997154650319
2024-10-28 18:30:00,1,0.4922804787032843
2024-10-28 19:30:00,0,0.5368578374102432
2024-10-28 20:00:00,1,0.5889071306987322
2024-10-28 20:15:00,0,0.5678385260282467
2024-10-28 20:30:00,0,0.5792003938676185
2024-10-28 22:00:00,1,0.547368691974879
2024-10-29 02:15:00,0,0.45242550407461857
2024-10-29 04:45:00,1,0.5676208305455339
2024-10-29 05:15:00,1,0.6998803659194582
2024-10-29 05:30:00,0,0.582468201551251
2024-10-29 06:00:00,1,0.7284928320479286
2024-10-29 06:15:00,1,0.5801550412677787
2024-10-29 06:30:00,1,0.48450318535846776
2024-10-29 07:00:00,1,0.38412857358296276
2024-10-29 07:15:00,0,0.3909510706809331
2024-10-29 07:45:00,0,0.3967620916012334
2024-10-29 08:00:00,1,0.379841907178993
2024-10-29 09:30:00,0,0.5759703590749595
2024-10-29 09:45:00,0,0.477536582138339
2024-10-29 10:00:00,0,0.5400464611206173
2024-10-29 10:15:00,1,0.5232203861629209
2024-10-29 10:45:00,1,0.5436826872198407
2024-10-29 14:45:00,0,0.6813866992902669
2024-10-29 15:00:00,0,0.5522274815958887
2024-10-29 15:30:00,1,0.836424921336634
2024-10-29 16:00:00,1,0.6135509744477382
2024-10-29 17:15:00,1,0.6409535823200015
2024-10-29 17:45:00,0,0.5616845693994796
2024-10-29 18:00:00,1,0.6279618176736546
2024-10-29 18:45:00,1,0.6174826386237068
2024-10-29 20:45:00,0,0.5756662154754585
2024-10-29 22:00:00,1,0.4995867528609999
2024-10-29 22:45:00,0,0.5891052819759582
2024-10-29 23:00:00,1,0.5446298815190195
2024-10-29 23:15:00,1,0.5435786398585162
2024-10-29 23:45:00,1,0.4740170261602444
2024-10-30 00:00:00,0,0.7077539612154827
2024-10-30 00:15:00,1,0.6106424092534136
2024-10-30 01:15:00,1,0.5280848097760192
2024-10-30 02:45:00,0,0.5264860914878534
2024-10-30 03:15:00,1,0.6769192812763095
2024-10-30 03:30:00,0,0.4384523855365988
2024-10-30 03:45:00,0,0.44191565656469123
2024-10-30 04:00:00,1,0.6940219448559352
2024-10-30 04:15:00,1,0.4509011333037593
2024-10-30 04:30:00,0,0.5131006507062431
2024-10-30 05:00:00,1,0.4481516917303177
2024-10-30 05:30:00,1,0.4522610469217844
2024-10-30 06:15:00,1,0.44778435957711515
2024-10-30 06:30:00,0,0.43069447724019977
2024-10-30 07:00:00,0,0.4414703561339619
2024-10-30 07:45:00,1,0.5734894694157018
2024-10-30 08:15:00,0,0.694784271533663
2024-10-30 08:45:00,1,0.8436696271234497
2024-10-30 09:00:00,0,0.5547289039479912
2024-10-30 09:15:00,1,0.5111777419674475
2024-10-30 09:30:00,1,0.6092607805217367
2024-10-30 10:00:00,0,0.5615984083970574
2024-10-30 10:15:00,0,0.6390928334638708
2024-10-30 10:30:00,1,0.574301210161523
2024-10-30 10:45:00,1,0.528866121317279
2024-10-30 11:30:00,0,0.5547664534212883
2024-10-30 12:00:00,1,0.5699412783127603
2024-10-30 19:00:00,0,0.5522327752178231
2024-10-30 19:15:00,0,0.5775088746749734
2024-10-30 19:30:00,1,0.7922668022513351
2024-10-30 19:45:00,0,0.6433186969799002
2024-10-30 20:00:00,1,0.6444856158121316
2024-10-30 20:45:00,1,0.607389899591615
2024-10-30 22:30:00,1,0.6533449177303527
2024-10-30 22:45:00,0,0.6954785617922983
2024-10-30 23:15:00,1,0.6470397970269556
2024-10-31 00:30:00,1,0.484835045886118
2024-10-31 20:00:00,0,0.4606781674897647
2024-10-31 20:45:00,1,0.48223029935645284
2024-10-31 22:00:00,0,0.5323527739910775
2024-10-31 22:15:00,1,0.5323527739910775
2024-10-31 22:30:00,1,0.5232528167815319
2024-10-31 22:45:00,1,0.5127045901814833
2024-10-31 23:15:00,0,0.5635352058904837
2024-10-31 23:45:00,0,0.5702145191755703
2024-11-01 00:30:00,1,0.4252589431945653
2024-11-01 01:00:00,1,0.35540928004049477
2024-11-01 02:15:00,1,0.4602033710234981
2024-11-01 02:30:00,0,0.3963946611685854
2024-11-01 02:45:00,1,0.394279201583778
2024-11-01 03:15:00,1,0.3904712423602574
2024-11-01 04:00:00,1,0.3129824309366603
2024-11-01 05:45:00,1,0.37076514358774815
2024-11-01 06:15:00,0,0.5025207212095475
2024-11-01 06:45:00,1,0.4115200271749468
2024-11-01 07:00:00,0,0.09498887999597516
2024-11-01 07:45:00,1,0.24990346335476815
2024-11-01 08:15:00,1,0.2747300242588282
2024-11-01 09:00:00,0,0.3921964927487333
2024-11-01 09:30:00,1,0.5319958377603378
2024-11-01 09:45:00,0,0.5499025610530115
2024-11-01 10:15:00,1,0.6473792774761252
2024-11-01 13:30:00,0,0.6921365239847589
2024-11-01 14:00:00,0,0.4312021566660881
2024-11-01 14:15:00,0,0.5851344181843282
2024-11-04 01:15:00,1,0.3906944619598918
2024-11-04 01:45:00,1,0.45176008068346374
2024-11-04 02:00:00,0,0.4993221646626913
2024-11-04 02:15:00,0,0.5544694516762971
2024-11-04 02:30:00,1,0.4786060840804888
2024-11-04 02:45:00,1,0.4718160793167271
2024-11-04 03:00:00,0,0.44423263956587966
2024-11-04 03:45:00,1,0.37589752862363524
2024-11-04 04:00:00,0,0.39536080673879004
2024-11-04 04:15:00,1,0.3915980170654557
2024-11-04 04:45:00,0,0.3974501736294402
2024-11-04 05:30:00,1,0.37797025955642544
2024-11-04 05:45:00,0,0.3693282096299669
2024-11-04 06:00:00,1,0.30670114640077695
2024-11-04 07:15:00,0,0.2363920956332511
2024-11-04 07:30:00,0,0.48681639853501474
2024-11-04 07:45:00,0,0.4424364015102373
2024-11-04 08:15:00,0,0.564181087176158
2024-11-04 11:30:00,1,0.6137202183182409
2024-11-04 12:15:00,1,0.6111452364964384
2024-11-04 12:45:00,1,0.5693163735177151
2024-11-04 13:45:00,0,0.6873932190526139
2024-11-04 15:15:00,0,0.6484871832428936
2024-11-04 15:30:00,0,0.49611322428971794
2024-11-04 15:45:00,0,0.5876096442600229
2024-11-04 16:00:00,1,0.5158322012565886
2024-11-04 16:15:00,1,0.48062255613236315
2024-11-04 16:30:00,1,0.36325433355336834
2024-11-05 07:30:00,0,0.4962567750933741
2024-11-05 07:45:00,0,0.3761226962430716
2024-11-05 08:00:00,1,0.6764988707039105
2024-11-05 08:30:00,1,0.5764022863100275
2024-11-05 08:45:00,1,0.6688939522736908
2024-11-05 09:00:00,0,0.5795856264730925
2024-11-05 09:30:00,0,0.5966709158138641
2024-11-05 10:15:00,1,0.8032338765013586
2024-11-05 11:00:00,1,0.8650004793927333
2024-11-05 11:15:00,1,0.6512422845706519
2024-11-05 11:30:00,1,0.5134155675290653
2024-11-05 12:15:00,0,0.22474900447659263
2024-11-05 13:00:00,1,0.6134929963794381
2024-11-05 13:30:00,0,0.5858389206036757
2024-11-05 15:15:00,1,0.5831730711586165
2024-11-06 00:15:00,1,0.4559125322503233
2024-11-06 00:30:00,0,0.4700754229851096
2024-11-06 00:45:00,1,0.45940774954919034
2024-11-06 02:15:00,0,0.7396973378675804
2024-11-06 02:30:00,0,0.44612792067405616
2024-11-07 08:00:00,1,0.490501656097118
2024-11-07 08:15:00,0,0.44493711498393856
2024-11-07 08:45:00,1,0.7492916728965282
2024-11-07 09:00:00,1,0.2747157665182045
2024-11-07 09:15:00,0,0.4309353853979435
2024-11-07 09:30:00,1,0.44663471490106255
2024-11-07 10:15:00,1,0.6132100528410702
2024-11-07 11:00:00,1,0.6111415606851434
2024-11-07 11:15:00,1,0.6111415606851434
2024-11-07 12:00:00,1,0.58802435520766
2024-11-07 12:30:00,1,0.667642699834459
2024-11-07 12:45:00,1,0.6755457142454381
2024-11-07 13:00:00,1,0.7241234985704353
2024-11-07 13:15:00,1,0.6956353193097297
2024-11-07 13:45:00,1,0.6956353193097297
2024-11-07 14:45:00,1,0.6731410472729048
2024-11-07 15:00:00,1,0.6519459654401899
2024-11-07 15:15:00,0,0.6354841415037521
2024-11-07 15:45:00,0,0.6071420343880253
2024-11-07 16:15:00,1,0.8156153232194415
2024-11-07 16:30:00,1,0.6024015266177986
2024-11-07 17:15:00,0,0.6004696155444654
2024-11-07 18:00:00,1,0.5753319192260575
2024-11-07 18:15:00,1,0.6247299452423403
2024-11-07 18:30:00,1,0.5562143825099034
2024-11-07 20:30:00,1,0.6756195992676477
2024-11-07 20:45:00,1,0.6126247446155554
2024-11-07 21:00:00,1,0.626369639537294
2024-11-07 21:30:00,0,0.6793786052605949
2024-11-07 23:00:00,1,0.6811768159389051
2024-11-08 00:00:00,0,0.5835528501253608
2024-11-08 01:45:00,0,0.4668171271289438
2024-11-08 02:00:00,1,0.8365184240566061
2024-11-08 02:30:00,0,0.725647843505568
2024-11-08 03:30:00,1,0.686246271720088
2024-11-08 12:15:00,1,0.8035801194172144
2024-11-08 12:30:00,1,0.781584517900739
2024-11-08 12:45:00,0,0.6834501035990446
2024-11-08 13:00:00,1,0.6169079221118892
2024-11-08 13:15:00,1,0.548720127938371
2024-11-08 14:15:00,0,0.18601541290380577
2024-11-08 14:45:00,0,0.4057924461421096
2024-11-08 15:00:00,1,0.59988672848112
2024-11-11 10:45:00,1,0.6536342751699382
2024-11-12 02:00:00,1,0.41054672110703877
2024-11-12 02:30:00,1,0.4934439693373269
2024-11-12 03:00:00,1,0.5757898905943667
2024-11-12 03:15:00,0,0.5495902054699044
2024-11-12 03:45:00,0,0.5337876893332305
2024-11-12 04:00:00,1,0.6263702010718495
2024-11-12 04:15:00,0,0.6618419810035928
2024-11-12 04:30:00,1,0.5301594856193841
2024-11-12 05:00:00,0,0.4728813956843821
2024-11-12 05:15:00,0,0.42638904925722126
2024-11-12 05:45:00,1,0.6376152186863806
2024-11-12 06:45:00,1,0.6126729877112795
2024-11-12 07:00:00,0,0.6169570807322702
2024-11-12 14:45:00,0,0.21444377637733839
2024-11-12 15:30:00,1,0.8137976981926148
2024-11-12 16:00:00,1,0.48176569565089605
2024-11-12 16:15:00,1,0.6245418540425222
2024-11-12 16:30:00,1,0.8790435287167465
2024-11-12 16:45:00,0,0.6127752516714936
2024-11-12 17:00:00,1,0.5619499591561978
2024-11-13 03:45:00,0,0.7312133971282982
2024-11-13 04:15:00,0,0.686760719055097
2024-11-13 04:30:00,0,0.7858437241976063
2024-11-13 05:30:00,1,0.8928161058123053
2024-11-13 06:00:00,1,0.7087237504221076
2024-11-13 06:30:00,1,0.5831166051633724
2024-11-13 07:30:00,0,0.4497901608541895
2024-11-13 08:00:00,1,0.44060772368058304
2024-11-13 10:45:00,1,0.7276758510388401
2024-11-13 11:00:00,1,0.754693919934744
2024-11-13 12:15:00,1,0.6426665508853339
2024-11-13 12:30:00,1,0.5884423774158613
2024-11-13 14:00:00,0,0.665637037075055
2024-11-13 14:45:00,0,0.7445954002730716
2024-11-14 05:00:00,0,0.6005302865903027
2024-11-14 05:15:00,0,0.4432751614225192
2024-11-14 05:30:00,1,0.5536589582581648
2024-11-14 05:45:00,0,0.5467540782859105
2024-11-14 06:30:00,0,0.39098257150961696
2024-11-14 06:45:00,1,0.42057051292610326
2024-11-14 16:45:00,0,0.6024015266177986
2024-11-14 17:30:00,1,0.4998504964278342
2024-11-14 17:45:00,0,0.6215090669030626
2024-11-14 18:15:00,1,0.672481483819555
2024-11-14 19:30:00,0,0.6171973027105697
2024-11-15 12:15:00,1,0.8167400708435701
2024-11-15 12:45:00,1,0.8820745333266791
2024-11-15 15:15:00,1,0.5819315517477488
2024-11-15 15:45:00,1,0.5503760596909816
2024-11-15 16:00:00,0,0.5574217357689584
2024-11-15 16:15:00,0,0.1911340253795599
2024-11-15 16:30:00,0,0.5574217357689584
2024-11-15 17:45:00,1,0.48137725824928507
2024-11-18 00:00:00,0,0.43527721543083364
2024-11-18 00:15:00,1,0.6082708624738719
2024-11-18 00:45:00,1,0.5548909770763378
2024-11-18 01:00:00,1,0.6207042754005099
2024-11-18 01:15:00,1,0.5578338518611853
2024-11-18 02:00:00,1,0.723962285055798
2024-11-18 02:15:00,0,0.5059576094653914
2024-11-18 02:30:00,0,0.4399700811762658
2024-11-18 03:30:00,1,0.45605495344316066
2024-11-18 03:45:00,1,0.41376214215622087
2024-11-18 04:00:00,1,0.4952029665393999
2024-11-18 05:00:00,0,0.7218238681771084
2024-11-18 10:15:00,1,0.49685564869622384
2024-11-18 11:00:00,1,0.6496862086379884
2024-11-18 11:15:00,1,0.5919574950546865
2024-11-18 11:30:00,1,0.7070406947666475
2024-11-18 11:45:00,0,0.6771739297008504
2024-11-18 12:00:00,1,0.8674377987523534
2024-11-18 13:00:00,1,0.7441701497700934
2024-11-18 13:30:00,1,0.7001023160282701
2024-11-18 13:45:00,1,0.7276480633197933
2024-11-18 14:00:00,0,0.6425081090208219
2024-11-18 14:15:00,1,0.6425081090208219
2024-11-18 15:15:00,0,0.6419277067140786
2024-11-18 15:30:00,1,0.5881511484196643
2024-11-18 15:45:00,0,0.8006261363356676
2024-11-18 16:45:00,0,0.5237764230287143
2024-11-18 17:00:00,1,0.6705063002458029
2024-11-18 17:45:00,0,0.6487027700634992
2024-11-18 18:15:00,1,0.6144343789905083
2024-11-18 19:15:00,1,0.7230767851507618
2024-11-18 19:30:00,1,0.7172160307820709
2024-11-18 19:45:00,0,0.8077943073873425
2024-11-18 20:30:00,1,0.5368893175449361
2024-11-18 21:30:00,1,0.6537355585022985
2024-11-18 23:15:00,0,0.5143842498801594
2024-11-18 23:30:00,0,0.6177378348163607
2024-11-19 00:00:00,1,0.528544484158857
2024-11-19 01:00:00,0,0.48438587226938234
2024-11-19 01:15:00,1,0.7313247145161503
2024-11-19 02:00:00,1,0.4599799787590659
2024-11-19 02:15:00,1,0.475211740263435
2024-11-19 02:30:00,0,0.46686852014775493
2024-11-19 02:45:00,1,0.4805491975942933
2024-11-19 03:30:00,1,0.6611798895787303
2024-11-19 04:00:00,0,0.6672539190511246
2024-11-19 04:15:00,1,0.7076426961843929
2024-11-19 05:30:00,0,0.40157752321986445
2024-11-19 05:45:00,0,0.4061564785310949
2024-11-19 06:30:00,0,0.345338491558158
2024-11-19 11:30:00,0,0.7261682078992746
2024-11-19 12:00:00,1,0.8885472637521804
2024-11-19 12:15:00,1,0.722031921746681
2024-11-19 13:45:00,1,0.5297230427128718
2024-11-19 14:00:00,0,0.23748835804941842
2024-11-19 14:15:00,1,0.6816120468983733
2024-11-19 14:30:00,0,0.5662873380836279
2024-11-19 21:30:00,1,0.6998865741690223
2024-11-19 23:15:00,1,0.5599469184409394
2024-11-19 23:30:00,1,0.5313158310951354
2024-11-20 00:00:00,1,0.5019364972663909
2024-11-20 00:15:00,1,0.43790665941115237
2024-11-20 02:00:00,0,0.5292577663467118
2024-11-20 03:15:00,0,0.48166410081353117
2024-11-20 03:45:00,0,0.45914041308354575
2024-11-20 04:30:00,0,0.4736201540470362
2024-11-20 04:45:00,0,0.5461249850220102
2024-11-20 05:00:00,1,0.40611834268373836
2024-11-20 06:00:00,0,0.4576113421191969
2024-11-20 06:30:00,0,0.43061268356802435
2024-11-20 06:45:00,0,0.42961602095373397
2024-11-20 07:15:00,0,0.513752322882761
2024-11-20 07:30:00,0,0.5796849975377902
2024-11-20 07:45:00,1,0.6955200670813292
2024-11-20 10:45:00,0,0.4540309528664945
2024-11-20 11:00:00,1,0.6216802311336844
2024-11-20 11:15:00,1,0.7559849736181735
2024-11-20 11:30:00,1,0.4220991257494442
2024-11-20 13:00:00,1,0.7261319802405813
2024-11-20 13:15:00,0,0.7316567332409868
2024-11-20 13:45:00,1,0.732733888521675
2024-11-20 14:00:00,1,0.7292366492574193
2024-11-20 14:30:00,0,0.7388599583879564
2024-11-20 14:45:00,1,0.7447455901672156
2024-11-20 15:15:00,1,0.7563892494407827
2024-11-20 16:00:00,1,0.7536663418871655
2024-11-20 16:30:00,1,0.6769486514349757
2024-11-20 17:45:00,0,0.5591780160313138
2024-11-20 18:00:00,0,0.4186529332071641
2024-11-20 18:15:00,1,0.8525649264475749
2024-11-20 18:45:00,0,0.8911332380544288
2024-11-20 20:30:00,1,0.7532569244992701
2024-11-20 20:45:00,1,0.8260652450298144
2024-11-20 21:45:00,1,0.8906491159212212
2024-11-20 23:00:00,1,0.7600712718926249
2024-11-20 23:30:00,1,0.6553563569492287
2024-11-21 00:00:00,1,0.39612917049670565
2024-11-21 00:30:00,1,0.3750660733355009
2024-11-21 00:45:00,0,0.3471529235031072
2024-11-21 02:00:00,1,0.6591678816607064
2024-11-21 02:30:00,0,0.5584471803632298
2024-11-21 09:30:00,1,0.3707822081736216
2024-11-21 10:00:00,1,0.6674004500874888
2024-11-21 10:45:00,1,0.653631783215944
2024-11-21 12:00:00,1,0.730221468218646
2024-11-21 12:30:00,0,0.6792863292077628
2024-11-21 12:45:00,1,0.6792863292077628
2024-11-21 20:00:00,1,0.7097855121304177
2024-11-21 20:45:00,0,0.452314317468146
2024-11-21 21:15:00,1,0.5650864176525022
2024-11-21 23:30:00,1,0.6024397531480756
2024-11-22 00:00:00,1,0.3588015040278032
2024-11-22 00:15:00,0,0.34667449738146583
2024-11-22 00:30:00,1,0.539724022314204
2024-11-22 01:00:00,0,0.47934858608587355
2024-11-22 01:15:00,1,0.47107573096863475
2024-11-22 02:00:00,1,0.42600739488382344
2024-11-22 02:15:00,1,0.4412072869808697
2024-11-22 02:30:00,0,0.4453922569311586
2024-11-22 02:45:00,0,0.4453922569311586
2024-11-22 03:45:00,0,0.8203685230633773
2024-11-22 04:30:00,1,0.6745920123740712
2024-11-22 05:00:00,0,0.6481684116729933
2024-11-22 05:15:00,1,0.6028470846317446
2024-11-22 06:15:00,1,0.5747549465234515
2024-11-22 06:45:00,0,0.5684558363547129
2024-11-22 07:00:00,1,0.5948617450067344
2024-11-22 07:15:00,1,0.5964856038811868
2024-11-22 07:30:00,1,0.6079338633966749
2024-11-22 07:45:00,1,0.5635534716512551
2024-11-22 08:00:00,1,0.5675652482708089
2024-11-22 08:45:00,1,0.5717911591719885
2024-11-22 09:30:00,1,0.4348691681265694
2024-11-22 10:00:00,1,0.639036362507104
2024-11-22 10:15:00,1,0.639036362507104
2024-11-22 10:45:00,0,0.5131095489911748
2024-11-22 11:45:00,1,0.6015035322801068
2024-11-22 12:30:00,0,0.6616092922899253
2024-11-22 13:15:00,1,0.7247896490296409
2024-11-22 19:30:00,0,0.48786977073051774
2024-11-22 19:45:00,0,0.4171818312828602
2024-11-22 20:00:00,1,0.7945760959244335
2024-11-22 20:15:00,1,0.47952533917292994
2024-11-22 21:15:00,1,0.5564394302687027
2024-11-22 21:30:00,1,0.5368242112375151
2024-11-22 21:45:00,0,0.5314620751652667
2024-11-24 23:00:00,1,0.6025484101957751
2024-11-24 23:15:00,1,0.7038702675805154
2024-11-24 23:45:00,0,0.6776651236740346
2024-11-25 00:00:00,0,0.5722273843348213
2024-11-25 01:00:00,1,0.599596031325275
2024-11-25 01:15:00,1,0.5993467560488986
2024-11-26 02:30:00,1,0.3073724674535258
2024-11-26 03:15:00,1,0.5705416408257686
2024-11-26 04:15:00,0,0.6779644987100956
2024-11-26 05:15:00,1,0.5133263919700558
2024-11-26 11:15:00,1,0.6917382744492053
2024-11-26 11:30:00,1,0.6847764118764946
2024-11-26 12:00:00,0,0.6893361429373315
2024-11-26 14:00:00,1,0.7444940056164031
2024-11-26 14:15:00,0,0.6547171103451126
2024-11-26 14:30:00,1,0.8650201030032337
2024-11-26 14:45:00,1,0.5692395125091401
2024-11-26 15:45:00,1,0.7453576639651767
2024-11-26 16:30:00,1,0.616764923945824
2024-11-26 16:45:00,0,0.6303374472161374
2024-11-26 18:15:00,1,0.581946712718103
2024-11-26 18:45:00,1,0.8801489486118167
2024-11-26 19:30:00,1,0.9088693916984316
2024-11-26 20:00:00,0,0.5652939023598362
2024-11-26 20:15:00,1,0.5187707460927053
2024-11-26 21:45:00,0,0.5959637879661145
2024-11-26 23:45:00,0,0.6201967825135157
2024-11-27 00:00:00,1,0.4624250485611482
2024-11-27 01:15:00,1,0.5254310468100623
2024-11-27 01:30:00,1,0.6109077184532823
2024-11-27 02:00:00,1,0.5276585208977626
2024-11-27 02:15:00,1,0.6103110806138242
2024-11-27 02:45:00,1,0.7400485898509809
2024-11-27 03:30:00,1,0.7461821653759448
2024-11-27 04:15:00,0,0.7260074348869135
2024-11-27 04:45:00,1,0.6496301231744719
2024-11-27 05:45:00,1,0.5444045093157875
2024-11-27 06:15:00,0,0.534769397280427
2024-11-27 06:30:00,1,0.5496881376921541
2024-11-27 08:45:00,0,0.699328843372928
2024-11-27 09:30:00,0,0.6555816584322999
2024-11-27 10:15:00,1,0.6924425739592859
2024-11-27 10:30:00,0,0.5452219707356689
2024-11-27 10:45:00,0,0.6549066138711246
2024-11-27 14:00:00,1,0.6718838286910129
2024-11-27 14:30:00,0,0.7388599583879564
2024-11-27 14:45:00,0,0.30498245320353934
2024-11-27 15:00:00,1,0.7629990033798474
2024-11-28 07:00:00,1,0.4243274651361204
2024-11-28 07:15:00,0,0.39077626470616295
2024-11-28 07:30:00,1,0.3979772413032449
2024-11-28 07:45:00,1,0.4192679175614744
2024-11-28 08:30:00,1,0.5917691816833224
2024-11-28 08:45:00,1,0.6058552034603689
2024-11-28 09:00:00,1,0.5282789053418093
2024-11-28 09:15:00,1,0.5037382839224813
2024-11-28 09:30:00,0,0.5037382839224813
2024-11-28 10:15:00,1,0.4115853424281493
2024-11-28 10:45:00,1,0.4173207989016622
2024-11-28 11:00:00,0,0.4898280433246251
2024-11-28 11:45:00,0,0.46785094162035046
2024-11-28 12:15:00,0,0.5043763848181904
2024-11-28 13:00:00,1,0.8063980823550804
2024-11-28 13:15:00,0,0.5148892615520896
2024-11-28 14:45:00,1,0.4222188682076539
2024-11-28 15:15:00,1,0.4923252929315246
2024-11-29 02:45:00,1,0.48458344725317554
2024-11-29 03:00:00,1,0.6218482317380216
2024-11-29 03:15:00,1,0.8476071680528651
2024-11-29 04:45:00,1,0.45843744494684174
2024-11-29 05:15:00,1,0.5515323733711657
2024-11-29 05:30:00,1,0.5908358244287991
2024-11-29 05:45:00,1,0.6272071736538329
2024-11-29 06:15:00,1,0.6055121348507295
2024-11-29 06:30:00,1,0.5465282482711812
2024-11-29 06:45:00,0,0.4315293326675972
2024-11-29 07:00:00,1,0.5735274493902086
2024-11-29 07:15:00,0,0.5152713899897686
2024-11-29 08:00:00,1,0.572034740249419
2024-11-29 08:15:00,0,0.6114208512698044
2024-11-29 08:30:00,1,0.6104326659469425
2024-11-29 09:30:00,1,0.5099834183219278
2024-11-29 09:45:00,1,0.5483596577694944
2024-11-29 10:00:00,0,0.6196505510927506
2024-11-29 11:30:00,0,0.6911617636536541
2024-11-29 13:00:00,1,0.5999795414441157
2024-11-29 13:30:00,0,0.7046639211860342
2024-11-29 14:45:00,1,0.538837210122525
2024-12-02 07:45:00,0,0.6325633470050969
2024-12-02 08:30:00,1,0.7849274692233079
2024-12-02 08:45:00,1,0.6405939074310258
2024-12-02 09:15:00,1,0.5464929024416239
2024-12-02 09:30:00,0,0.568051954416408
2024-12-02 09:45:00,1,0.568051954416408
2024-12-02 10:30:00,1,0.6881942559117088
2024-12-02 10:45:00,1,0.7017017087076743
2024-12-02 11:00:00,1,0.6436163965530867
2024-12-02 12:00:00,0,0.6190192223016501
2024-12-02 12:30:00,1,0.5778897762703435
2024-12-02 12:45:00,0,0.45544375231700773
2024-12-02 13:00:00,1,0.8690880789602736
2024-12-02 13:30:00,1,0.7353971938818256
2024-12-02 15:15:00,0,0.5435239998014988
2024-12-02 15:30:00,0,0.25498292142480666
2024-12-02 16:00:00,1,0.6006784788754089
2024-12-02 16:15:00,0,0.6039000354209167
2024-12-02 16:30:00,1,0.6327680727017061
2024-12-02 17:00:00,1,0.55605297544669
2024-12-02 17:15:00,0,0.55605297544669
2024-12-02 17:45:00,0,0.5796995134708901
2024-12-02 18:00:00,1,0.6236852980621529
2024-12-03 06:30:00,0,0.38276129869443026
2024-12-03 06:45:00,0,0.37827808626829523
2024-12-03 07:15:00,0,0.19764740167304562
2024-12-03 07:45:00,0,0.5539537993117135
2024-12-03 10:15:00,1,0.24010632620805045
2024-12-03 10:30:00,1,0.5875260558773647
2024-12-03 11:15:00,0,0.7378217388031935
2024-12-03 12:00:00,0,0.5071526633591357
2024-12-03 12:15:00,1,0.5071526633591357
2024-12-03 12:30:00,1,0.4961233211527302
2024-12-03 12:45:00,1,0.4961233211527302
2024-12-03 15:00:00,1,0.6431532740914339
2024-12-04 02:30:00,1,0.4845433830295051
2024-12-04 02:45:00,1,0.48420049193159337
2024-12-04 03:00:00,0,0.4743958601920108
2024-12-04 03:30:00,1,0.6143789700094754
2024-12-04 04:30:00,1,0.6377974175061419
2024-12-04 04:45:00,1,0.5719913923982094
2024-12-04 05:00:00,1,0.47604090557841056
2024-12-04 05:15:00,1,0.47838958744923865
2024-12-04 06:00:00,1,0.4353638971596008
2024-12-04 06:15:00,0,0.40363280117407224
2024-12-04 07:15:00,0,0.4192115183754021
2024-12-04 07:30:00,1,0.43092395705662817
2024-12-04 07:45:00,0,0.43570407065577577
2024-12-04 08:15:00,1,0.43730146785207624
2024-12-04 15:45:00,0,0.7902138658889168
2024-12-04 16:00:00,1,0.72541414064922
2024-12-04 16:30:00,0,0.6748674771071114
2024-12-04 16:45:00,1,0.7416580638917455
2024-12-04 17:00:00,1,0.8816185342077989
2024-12-04 17:15:00,1,0.7060659833588455
2024-12-04 18:00:00,1,0.7200322570521678
2024-12-05 06:00:00,0,0.13635031399006364
2024-12-05 06:15:00,0,0.43540760805607814
2024-12-05 06:30:00,0,0.289793222151589
2024-12-05 06:45:00,1,0.29204160714678407
2024-12-06 04:45:00,0,0.5152194935138036
2024-12-06 05:00:00,0,0.5515323733711657
2024-12-06 06:00:00,1,0.5288729346524106
2024-12-06 07:00:00,1,0.23981712054341722
2024-12-06 07:15:00,1,0.6916781133281998
2024-12-06 07:45:00,1,0.7338145396104888
2024-12-06 08:45:00,0,0.5948617450067344
2024-12-06 09:15:00,0,0.5298487920685065
2024-12-06 09:30:00,0,0.5235188063183637
2024-12-06 09:45:00,0,0.6788690888941679
2024-12-06 10:00:00,1,0.4749059354999528
2024-12-06 10:15:00,0,0.47087145037103684
2024-12-06 10:30:00,1,0.6412658451129848
2024-12-06 10:45:00,1,0.5307030163624518
2024-12-06 17:00:00,0,0.5276007063533917
2024-12-06 17:45:00,1,0.3907790942600726
2024-12-06 18:15:00,0,0.5445080382454196
2024-12-06 18:30:00,0,0.6629972486532199
2024-12-06 18:45:00,0,0.6596689137479175
2024-12-06 19:00:00,0,0.5308756501678903
2024-12-06 19:30:00,1,0.5891634636183115
2024-12-06 19:45:00,0,0.5054691072076978
2024-12-06 20:45:00,1,0.41742353053264875
2024-12-08 23:30:00,1,0.5302853720159936
2024-12-09 00:00:00,0,0.2847035414277707
2024-12-09 00:15:00,0,0.5151918681367015
2024-12-09 01:30:00,0,0.633115551943166
2024-12-09 01:45:00,1,0.633115551943166
2024-12-09 02:00:00,0,0.5217089887235692
2024-12-09 03:15:00,1,0.42087276745515106
2024-12-09 03:45:00,0,0.5662733995432002
2024-12-09 04:30:00,1,0.5671477013353553
2024-12-09 04:45:00,1,0.8168381592638502
2024-12-09 05:15:00,1,0.6680956417479141
2024-12-09 06:00:00,1,0.7141618464634009
2024-12-09 06:15:00,1,0.6639051421192391
2024-12-09 06:30:00,1,0.5643358333834433
2024-12-09 06:45:00,1,0.854286602397367
2024-12-09 07:00:00,1,0.5004120763750367
2024-12-09 07:15:00,1,0.4823186315929389
2024-12-09 08:00:00,0,0.504296351855724
2024-12-09 08:15:00,1,0.504296351855724
2024-12-09 08:45:00,1,0.487274561401162
2024-12-09 09:00:00,1,0.4206118164989002
2024-12-09 09:15:00,1,0.4015234197529399
2024-12-09 09:30:00,1,0.4380409060153282
2024-12-09 09:45:00,1,0.40582646425427077
2024-12-09 10:15:00,0,0.5297849664548374
2024-12-09 10:45:00,0,0.5275328251214799
2024-12-09 11:00:00,0,0.5737242353993418
2024-12-09 12:00:00,0,0.7130075282706997
2024-12-09 12:15:00,1,0.7419315442577099
2024-12-09 12:30:00,1,0.48727269271472734
2024-12-09 13:00:00,1,0.5633058075039279
2024-12-09 13:30:00,1,0.7443751092806266
2024-12-09 13:45:00,1,0.7273282845522921
2024-12-09 14:30:00,1,0.6425081090208219
2024-12-09 14:45:00,0,0.6169071139067506
2024-12-09 15:30:00,0,0.4046400110714954
2024-12-09 15:45:00,1,0.5247694411504868
2024-12-09 16:00:00,1,0.45449139503658764
2024-12-09 16:15:00,0,0.49702263858676515
2024-12-09 16:30:00,1,0.42393106621215526
2024-12-09 16:45:00,1,0.44750276098974695
2024-12-09 17:00:00,0,0.5187686741323392
2024-12-09 19:15:00,0,0.3486302251141502
2024-12-09 19:30:00,0,0.3403539334288409
2024-12-09 20:00:00,0,0.5368893175449361
2024-12-09 20:30:00,1,0.4207305725871201
2024-12-09 21:30:00,1,0.6652627567306426
2024-12-09 23:15:00,0,0.7134676438460399
2024-12-10 00:15:00,1,0.3805264010777267
2024-12-10 00:30:00,1,0.5048082641344828
2024-12-10 00:45:00,1,0.4498654020231522
2024-12-10 01:00:00,1,0.4428825643981057
2024-12-10 01:15:00,0,0.44996863550517174
2024-12-10 01:30:00,1,0.45070941969627015
2024-12-10 02:00:00,1,0.6145371915482885
2024-12-10 02:45:00,0,0.7406592596539299
2024-12-10 03:00:00,1,0.7164600715462106
2024-12-10 06:00:00,1,0.721712210233886
2024-12-10 06:15:00,1,0.6511915958598944
2024-12-10 06:45:00,0,0.5325378612267806
2024-12-10 07:15:00,1,0.38095750493950487
2024-12-10 07:30:00,0,0.3586960968551597
2024-12-10 07:45:00,0,0.38095750493950487
2024-12-10 08:00:00,1,0.4542622658967309
2024-12-10 11:00:00,0,0.7756850083224183
2024-12-10 11:30:00,1,0.7463342150713739
2024-12-10 11:45:00,1,0.7392703973415795
2024-12-10 12:15:00,0,0.6521946633398403
2024-12-10 13:00:00,1,0.768645779854845
2024-12-10 13:15:00,1,0.8707208164764192
2024-12-10 13:30:00,1,0.7297574528427122
2024-12-10 13:45:00,1,0.7085297667543953
2024-12-10 14:00:00,1,0.6341025452825926
2024-12-10 14:15:00,1,0.6502971057177808
2024-12-10 14:30:00,0,0.6502971057177808
2024-12-10 15:15:00,0,0.5562575637715024
2024-12-10 15:30:00,1,0.8061302743404033
2024-12-10 16:00:00,1,0.5730724164718473
2024-12-10 16:45:00,1,0.5043083152845674
2024-12-10 17:00:00,1,0.6591816784742768
2024-12-10 18:00:00,0,0.6601948725463241
2024-12-10 19:15:00,0,0.6139821690754033
2024-12-10 19:45:00,0,0.5228986662499006
2024-12-10 20:15:00,1,0.7750256109100705
2024-12-10 20:45:00,1,0.6167254023509503
2024-12-10 21:00:00,1,0.585493279697965
2024-12-10 21:15:00,1,0.6655274398618115
2024-12-10 23:00:00,1,0.5460680132382506
2024-12-10 23:30:00,1,0.5269389786264662
2024-12-11 00:30:00,1,0.4624014534424058
2024-12-11 01:45:00,1,0.5458493612358302
2024-12-11 02:15:00,0,0.674955858902207
2024-12-11 03:00:00,1,0.6669422114737804
2024-12-11 03:15:00,0,0.7468831172896071
2024-12-11 04:15:00,0,0.7365683641304358
2024-12-11 04:30:00,0,0.7267839821436527
2024-12-11 10:45:00,1,0.8405136004600086
2024-12-11 12:30:00,1,0.7547138766114329
2024-12-11 13:00:00,1,0.768248354872654
2024-12-11 19:00:00,1,0.8213519853024671
2024-12-11 19:30:00,0,0.7300067913030666
2024-12-11 19:45:00,1,0.7611983732123132
2024-12-11 20:00:00,0,0.6088531641830089
2024-12-11 20:30:00,0,0.5880027715486545
2024-12-11 21:15:00,1,0.6731132707253019
2024-12-11 23:15:00,1,0.7128108316780127
2024-12-12 00:00:00,1,0.4273693558972762
2024-12-12 00:30:00,1,0.3553952286225156
2024-12-12 00:45:00,0,0.42393810637026397
2024-12-12 01:15:00,0,0.4306143573075312
2024-12-12 07:30:00,1,0.37936925597894317
2024-12-12 08:15:00,0,0.3849494782255467
2024-12-12 08:45:00,0,0.4658680582493599
2024-12-12 09:00:00,1,0.5028747743371632
2024-12-12 09:15:00,1,0.3778432537366565
2024-12-12 09:30:00,1,0.3811287233103752
2024-12-12 09:45:00,0,0.38183657163545964
2024-12-12 10:00:00,0,0.6656598159380193
2024-12-12 10:15:00,1,0.6654839939039991
2024-12-12 10:30:00,0,0.738035459854935
2024-12-13 02:30:00,1,0.5333257116571222
2024-12-13 03:00:00,1,0.6485274510503344
2024-12-13 03:15:00,1,0.6860781171399548
2024-12-13 03:30:00,0,0.6852674251544636
2024-12-13 05:30:00,0,0.676636023579933
2024-12-13 05:45:00,0,0.45969768824086016
2024-12-13 06:00:00,0,0.2535285201599687
2024-12-13 06:15:00,1,0.24528310564534234
2024-12-13 07:15:00,1,0.36169785197884885
2024-12-16 01:30:00,1,0.44781640724798405
2024-12-16 01:45:00,0,0.41313946147960773
2024-12-16 02:00:00,0,0.5162118015304062
2024-12-16 02:15:00,1,0.5456838228333327
2024-12-16 02:30:00,0,0.4993221646626913
2024-12-16 03:00:00,0,0.6474216310235479
2024-12-16 04:00:00,0,0.5326517439835404
2024-12-16 08:45:00,1,0.3791280290555082
2024-12-16 09:00:00,1,0.30547261541809967
2024-12-16 10:15:00,1,0.5221859788408834
2024-12-16 11:15:00,1,0.5692899411381307
2024-12-16 12:15:00,0,0.44189360208740963
2024-12-17 02:00:00,0,0.40250328631864446
2024-12-17 02:30:00,0,0.5200189221179341
2024-12-17 02:45:00,0,0.4636578002049235
2024-12-17 03:15:00,0,0.40740735439820536
2024-12-17 03:45:00,1,0.44651585639198627
2024-12-17 04:15:00,0,0.39562699305059634
2024-12-17 04:45:00,1,0.40279267493764487
2024-12-17 08:15:00,0,0.6489264629747717
2024-12-17 09:15:00,0,0.48002609993207584
2024-12-17 09:30:00,1,0.5144255709083494
2024-12-17 13:30:00,0,0.4443551078160772
2024-12-17 13:45:00,1,0.6863224453750264
2024-12-17 19:00:00,1,0.5725406463388617
2024-12-17 19:30:00,0,0.5224251870530937
2024-12-17 19:45:00,1,0.5200861660371642
2024-12-17 20:15:00,0,0.5978815260665223
2024-12-17 20:30:00,0,0.702831035557823
2024-12-17 20:45:00,1,0.8114241757656748
2024-12-17 21:00:00,1,0.7700465521365907
2024-12-17 21:30:00,1,0.6546327436402118
2024-12-17 23:30:00,1,0.5437464336238877
2024-12-18 00:00:00,0,0.5797283165672932
2024-12-18 00:15:00,1,0.5814729647991442
2024-12-18 02:00:00,0,0.5271822535497251
2024-12-18 02:15:00,0,0.5910471893021649
2024-12-18 02:30:00,0,0.5946138327339946
2024-12-18 09:30:00,0,0.3968966896898927
2024-12-18 10:15:00,0,0.47775915193225954
2024-12-18 11:45:00,0,0.4736324033690655
2024-12-18 12:00:00,1,0.5348726950874669
2024-12-18 12:15:00,0,0.4851847745009111
2024-12-18 12:45:00,0,0.5405041561915424
2024-12-18 13:00:00,1,0.4672998981483303
2024-12-18 13:30:00,0,0.5433013051678189
2024-12-18 14:15:00,0,0.5681462221173653
2024-12-19 07:45:00,0,0.4300731960956667
2024-12-19 08:00:00,1,0.4505714742223052
2024-12-19 08:15:00,0,0.4913454362577178
2024-12-19 08:30:00,1,0.44493711498393856
2024-12-19 08:45:00,1,0.5421371720380065
2024-12-19 09:00:00,1,0.5133577137451091
2024-12-19 09:15:00,1,0.45719017441234466
2024-12-19 09:45:00,1,0.4701016561481699
2024-12-19 11:15:00,0,0.7455395977817194
2024-12-19 12:15:00,0,0.7030533872539109
2024-12-19 12:30:00,0,0.6674673996433432
2024-12-19 12:45:00,0,0.6819098512024864
2024-12-19 13:00:00,1,0.6161445167416995
2024-12-19 13:45:00,1,0.6445255663683658
2024-12-19 14:15:00,0,0.5463090712530536
2024-12-19 14:45:00,0,0.6029541811598935
2024-12-19 19:45:00,1,0.609569936167061
2024-12-19 20:15:00,1,0.524165043135975
2024-12-19 20:30:00,0,0.475469292145287
2024-12-19 20:45:00,0,0.4763623716591324
2024-12-19 21:30:00,0,0.5255952184216556
2024-12-19 23:00:00,0,0.6902634740234941
2024-12-19 23:15:00,0,0.7159404008199677
2024-12-19 23:30:00,0,0.5600728163781059
2024-12-20 00:15:00,0,0.3809724661772188
2024-12-20 00:45:00,1,0.39636062416811046
2024-12-20 02:15:00,1,0.7842703242083301
2024-12-20 03:15:00,0,0.6405896225939588
2024-12-20 03:45:00,1,0.6479660277600208
2024-12-20 06:15:00,1,0.29962865056386606
2024-12-20 06:30:00,1,0.3040953879730735
2024-12-20 07:30:00,1,0.3112611049440193
2024-12-20 08:30:00,0,0.4608487679004229
2024-12-20 09:45:00,1,0.27674535927173166
2024-12-20 10:30:00,1,0.365533358961869
2024-12-20 10:45:00,0,0.365533358961869
2024-12-20 11:00:00,1,0.4473117573679716
2024-12-20 16:45:00,1,0.39756463230095723
2024-12-20 18:30:00,1,0.6140138190217223
2024-12-20 19:15:00,0,0.5559852478835354
2024-12-20 20:15:00,0,0.67585515690905
2024-12-20 20:45:00,1,0.5083810607074931
2024-12-20 21:00:00,0,0.6228061775137845
2024-12-20 21:15:00,1,0.5526216711791823
2024-12-23 03:45:00,1,0.6406327299746886
2024-12-23 04:15:00,1,0.5320987571678025
2024-12-23 05:45:00,1,0.4481629650889223
2024-12-23 06:15:00,1,0.3301179814197499
2024-12-23 06:30:00,0,0.3566662925481886
2024-12-23 06:45:00,0,0.3608977116665854
2024-12-23 07:15:00,1,0.3906999789904222
2024-12-23 07:30:00,0,0.3623773510131271
2024-12-23 08:00:00,1,0.7367783376430384
2024-12-23 08:15:00,1,0.3595706437829671
2024-12-23 08:30:00,0,0.43495509945663313
2024-12-23 09:00:00,0,0.3772336137699635
2024-12-23 09:45:00,0,0.3772336137699635
2024-12-23 10:00:00,0,0.4510038292455317
2024-12-23 10:15:00,0,0.4510038292455317
2024-12-23 10:30:00,0,0.4509632458951373
2024-12-23 10:45:00,0,0.450535837501359
2024-12-23 11:00:00,0,0.5373417128613892
2024-12-23 11:30:00,1,0.40733285439238137
2024-12-23 23:45:00,0,0.608715457554615
2024-12-24 00:15:00,1,0.504606977454521
2024-12-24 00:45:00,1,0.4501280529239682
2024-12-24 01:00:00,0,0.39154112563641746
2024-12-24 01:15:00,1,0.4091545704319927
2024-12-24 02:00:00,0,0.47495769343264277
2024-12-24 02:45:00,1,0.5165147766393771
2024-12-24 03:45:00,1,0.39903727710767845
2024-12-24 04:15:00,1,0.450609251356057
2024-12-24 04:45:00,1,0.4124782713358772
2024-12-24 05:00:00,0,0.3527086546711858
2024-12-24 05:30:00,0,0.37518555717323127
2024-12-24 06:00:00,1,0.38995566325673714
2024-12-24 06:45:00,1,0.30888076759056576
2024-12-24 07:15:00,0,0.3957008320020965
2024-12-24 07:30:00,0,0.4194899640702834
2024-12-24 07:45:00,1,0.3734236180567799
2024-12-24 08:15:00,0,0.3676959104217303
2024-12-24 08:30:00,0,0.4028160090934472
2024-12-24 09:00:00,0,0.34419447268039016
2024-12-24 09:15:00,0,0.34419447268039016
2024-12-24 09:45:00,1,0.3779191221408395
2024-12-24 14:45:00,1,0.3971924283338545
2024-12-24 17:30:00,0,0.41773512160192716
2024-12-24 17:45:00,1,0.4172379063895499
2024-12-24 18:00:00,1,0.5071146280024637
2024-12-25 23:00:00,1,0.638841134134846
2024-12-25 23:15:00,0,0.638841134134846
2024-12-25 23:30:00,1,0.666156236344322
2024-12-26 00:15:00,1,0.43170275455451945
2024-12-26 00:45:00,1,0.42929830736727315
2024-12-26 01:00:00,1,0.43457663275850245
2024-12-26 01:15:00,1,0.4235506934237167
2024-12-26 02:15:00,1,0.44044615111653646
2024-12-26 03:15:00,1,0.4610876383932427
2024-12-26 03:30:00,1,0.2984676141828978
2024-12-26 04:45:00,0,0.2578944654231328
2024-12-26 05:00:00,1,0.3614488604285085
2024-12-26 05:30:00,0,0.3168076882559093
2024-12-26 05:45:00,0,0.2789683232356708
2024-12-26 11:15:00,0,0.40966155653024394
2024-12-26 11:45:00,0,0.4244298736889969
2024-12-26 12:00:00,1,0.434226144512543
2024-12-26 13:15:00,0,0.4108419372472755
2024-12-26 13:30:00,1,0.4843694480216034
2024-12-26 16:00:00,0,0.6971995392030557
2024-12-26 17:45:00,1,0.7396390436134406
2024-12-26 18:00:00,1,0.652165950812885
2024-12-26 18:45:00,0,0.5964489711401528
2024-12-26 19:15:00,1,0.6061779710090156
2024-12-26 19:30:00,0,0.40969339738373867
2024-12-26 20:45:00,0,0.6898555433724844
2024-12-26 21:15:00,0,0.6062842248088187
2024-12-26 21:30:00,0,0.5819001907699918
2024-12-26 21:45:00,0,0.6693408606008485
2024-12-27 03:45:00,0,0.4517713700286985
2024-12-27 04:00:00,1,0.3436553197231009
2024-12-27 05:15:00,0,0.26694257845317715
2024-12-27 05:45:00,1,0.36396695102758014
2024-12-27 06:15:00,0,0.3885892846785586
2024-12-27 06:30:00,0,0.26305571117818166
2024-12-27 06:45:00,1,0.25080977710068175
2024-12-27 07:00:00,1,0.3356818208509867
2024-12-27 07:15:00,0,0.3388972549854396
2024-12-27 08:00:00,0,0.31217027467352493
2024-12-27 08:15:00,0,0.3145153887632775
2024-12-27 08:30:00,0,0.31170307282242754
2024-12-27 08:45:00,0,0.24609875748868176
2024-12-27 09:00:00,1,0.24938562919821627
2024-12-27 09:15:00,0,0.2986663014745268
2024-12-27 09:45:00,1,0.2534960544979376
2024-12-27 10:15:00,0,0.36551115179195254
2024-12-27 12:45:00,1,0.36929841323116835
2024-12-27 13:15:00,0,0.4880438263289544
2024-12-27 14:00:00,1,0.5717751335621856
2024-12-27 19:00:00,1,0.4172277903282505
2024-12-27 19:15:00,0,0.42073077632630745
2024-12-27 19:30:00,0,0.3901536568677359
2024-12-27 20:15:00,1,0.48674703586058665
2024-12-30 00:00:00,0,0.34482112918480246
2024-12-30 00:15:00,0,0.3448895681094011
2024-12-30 00:30:00,1,0.35164657475231287
2024-12-30 01:15:00,0,0.40576645531118233
2024-12-30 02:00:00,1,0.4282518213555281
2024-12-30 02:30:00,1,0.4268985023285346
2024-12-30 03:00:00,1,0.4134225238507766
2024-12-30 03:30:00,0,0.42060736027621015
2024-12-30 03:45:00,0,0.4396467339147091
2024-12-30 04:00:00,1,0.38227442054191146
2024-12-30 04:15:00,0,0.4158014916786292
2024-12-30 04:45:00,1,0.48632426960189895
2024-12-30 05:15:00,0,0.38827083805279977
2024-12-30 05:30:00,0,0.4425754632953346
2024-12-30 06:45:00,0,0.4106867077008899
2024-12-30 08:00:00,0,0.3678718849404294
2024-12-30 08:15:00,0,0.3251404603600075
2024-12-30 08:30:00,1,0.3393924271738976
2024-12-30 13:30:00,1,0.5719818265816642
2024-12-30 13:45:00,0,0.6219093869963461
2024-12-30 16:00:00,0,0.5664839620821717
2024-12-31 01:45:00,0,0.4217086050763144
2024-12-31 02:00:00,1,0.4328239460058129
2024-12-31 02:15:00,0,0.41743021250377443
2024-12-31 02:30:00,0,0.4078912901730853
2024-12-31 02:45:00,0,0.4832740070277632
2024-12-31 03:00:00,0,0.5207781478462918
2024-12-31 09:15:00,0,0.34497416252601254
2024-12-31 10:45:00,1,0.5607686307621393
2024-12-31 11:00:00,0,0.6578272648043498
2024-12-31 11:45:00,0,0.6553696915369877
2024-12-31 12:00:00,1,0.4893346148971405
2024-12-31 12:15:00,0,0.43596046918684
2024-12-31 12:30:00,1,0.46242610350193164
2024-12-31 13:30:00,1,0.5247453744094215
2024-12-31 14:00:00,1,0.6886433332679981
2024-12-31 15:30:00,1,0.5833650707245659
2024-12-31 15:45:00,0,0.6168662864245503
2024-12-31 16:15:00,1,0.5793142473968834
2024-12-31 16:30:00,1,0.4732242077402316
2024-12-31 16:45:00,1,0.515964571483199
2024-12-31 17:00:00,0,0.549959010546902
2024-12-31 17:45:00,1,0.5896013147906842
2024-12-31 18:30:00,1,0.6545956668689898
2024-12-31 19:15:00,0,0.5549664073564583
2024-12-31 19:45:00,1,0.5645727647390132
2024-12-31 20:00:00,1,0.7668207663577231
2025-01-02 02:45:00,0,0.5979330848096235
2025-01-02 03:00:00,0,0.5437776684094233
2025-01-02 04:15:00,1,0.49863288257849014
2025-01-02 04:30:00,1,0.5310270653591276
2025-01-02 05:00:00,1,0.30606805542512866
2025-01-02 07:30:00,1,0.29814817534598953
2025-01-02 08:00:00,0,0.2974785717726857
2025-01-02 08:15:00,1,0.27747013504157314
2025-01-02 10:30:00,0,0.6362330176010543
2025-01-02 10:45:00,1,0.6468686278789859
2025-01-02 11:00:00,0,0.6674434723756
2025-01-02 11:45:00,1,0.5618128620190207
2025-01-02 12:30:00,1,0.7049071074745101
2025-01-02 18:15:00,1,0.7068200236912692
2025-01-02 18:30:00,1,0.6364386935300751
2025-01-02 19:30:00,1,0.5574589165313553
2025-01-02 19:45:00,1,0.6158079172898671
2025-01-02 20:15:00,0,0.46265290358739
2025-01-02 20:45:00,0,0.45224868426956594
2025-01-02 21:15:00,0,0.5968361278191282
2025-01-02 21:45:00,1,0.6008636193388731
2025-01-02 23:15:00,1,0.5421283063387627
2025-01-02 23:30:00,1,0.5135700857461113
2025-01-03 00:00:00,0,0.4701590329846446
2025-01-03 00:15:00,0,0.3425954932278994
2025-01-03 00:30:00,0,0.40835585002476693
2025-01-03 01:30:00,1,0.477254586835222
2025-01-03 03:45:00,1,0.5045262753611928
2025-01-03 04:15:00,0,0.48345293607400963
2025-01-03 04:45:00,0,0.3148817560961158
2025-01-03 05:30:00,0,0.3155420879058536
2025-01-06 01:30:00,0,0.20205953373554095
2025-01-06 02:15:00,1,0.39106903738252813
2025-01-06 02:45:00,0,0.3722462953244362
2025-01-06 03:45:00,0,0.456583114063671
2025-01-06 04:00:00,0,0.5326517439835404
2025-01-06 04:15:00,0,0.4913399408278616
2025-01-06 04:30:00,0,0.5085135334325883
2025-01-06 04:45:00,0,0.4880319216946379
2025-01-06 05:00:00,0,0.4404552004808219
2025-01-06 05:30:00,1,0.326724802593432
2025-01-06 06:00:00,0,0.3259888360306636
2025-01-06 06:15:00,0,0.38089710113543135
2025-01-06 12:30:00,1,0.7569605218354759
2025-01-06 12:45:00,0,0.45544375231700773
2025-01-06 13:15:00,0,0.6390267237261936
2025-01-06 13:30:00,1,0.7811803384325793
2025-01-06 14:00:00,1,0.6304156860336033
2025-01-06 17:00:00,0,0.29542769588257084
2025-01-06 17:45:00,0,0.4008374701628654
2025-01-06 18:00:00,1,0.45298557534168016
2025-01-06 18:15:00,0,0.6568512858984983
2025-01-06 18:30:00,0,0.5646744517806664
2025-01-06 19:00:00,1,0.7249303441791181
2025-01-06 19:30:00,0,0.5842973596785653
2025-01-06 19:45:00,1,0.32144553145598903
2025-01-06 20:15:00,1,0.6442778734162407
2025-01-06 20:45:00,1,0.5329075042039355
2025-01-06 21:00:00,0,0.5916672213977294
2025-01-06 21:45:00,0,0.6979535461643619
2025-01-06 23:15:00,0,0.5373584275798019
2025-01-06 23:30:00,0,0.5161510021699717
2025-01-06 23:45:00,0,0.4711790041029459
2025-01-07 00:00:00,0,0.4974624772419671
2025-01-07 00:45:00,1,0.5002741024224099
2025-01-07 01:00:00,1,0.4507350094667022
2025-01-07 01:30:00,0,0.5011188847791597
2025-01-07 03:00:00,0,0.4370809514050408
2025-01-07 04:15:00,1,0.4770280123729453
2025-01-07 05:15:00,1,0.46515868714326736
2025-01-07 06:15:00,0,0.3676388464244525
2025-01-07 06:45:00,1,0.36017835954078753
2025-01-07 07:00:00,1,0.36618353493571226
2025-01-07 07:30:00,1,0.38095750493950487
2025-01-07 08:00:00,1,0.4814130312203832
2025-01-07 08:15:00,0,0.4814130312203832
2025-01-07 09:00:00,1,0.3397738723436293
2025-01-07 09:45:00,1,0.5486696459990782
2025-01-07 10:00:00,1,0.48575402077361657
2025-01-07 10:30:00,0,0.46593548477708907
2025-01-07 10:45:00,1,0.43114455412250197
2025-01-07 11:30:00,1,0.4592049518854458
2025-01-07 11:45:00,1,0.5065141699339796
2025-01-07 12:45:00,1,0.506721150509866
2025-01-07 13:00:00,1,0.6073927276455312
2025-01-07 13:15:00,1,0.7441531445493399
2025-01-07 14:00:00,1,0.6907574218494089
2025-01-07 14:45:00,0,0.24389059933691312
2025-01-08 01:00:00,0,0.5500723697704065
2025-01-08 01:15:00,1,0.5633838356083434
2025-01-08 01:30:00,0,0.5500723697704065
2025-01-08 01:45:00,0,0.5417467645315207
2025-01-08 02:00:00,0,0.5257254670763494
2025-01-08 02:15:00,1,0.5432621083238529
2025-01-08 07:15:00,0,0.4760906265392079
2025-01-08 07:30:00,0,0.43637138111163126
2025-01-08 07:45:00,0,0.44462947458877705
2025-01-08 08:15:00,1,0.8100180552249258
2025-01-08 08:45:00,1,0.4655227834255974
2025-01-08 10:00:00,0,0.44978878581606513
2025-01-08 11:00:00,0,0.6317652950097074
2025-01-08 11:15:00,1,0.5800450481973938
2025-01-08 11:45:00,0,0.507228276757037
2025-01-08 17:00:00,0,0.6195633083013978
2025-01-09 07:00:00,0,0.29464181819371893
2025-01-09 07:15:00,0,0.31867261272730363
2025-01-09 07:30:00,0,0.2937539271260365
2025-01-09 08:00:00,1,0.6965388501583037
2025-01-09 08:15:00,1,0.29428932248289946
2025-01-09 08:30:00,1,0.68682263736907
2025-01-09 08:45:00,1,0.4522904108048861
2025-01-09 09:00:00,1,0.38530950863458835
2025-01-09 09:30:00,0,0.5276777830088677
2025-01-09 09:45:00,1,0.47420834089090586
2025-01-09 10:00:00,1,0.45199608112769035
2025-01-09 10:30:00,0,0.50904781651563
2025-01-09 10:45:00,1,0.4655087866307981
2025-01-09 11:15:00,0,0.7048846830547763
2025-01-09 11:30:00,1,0.7048846830547763
2025-01-09 12:00:00,1,0.7031106289274422
2025-01-09 12:15:00,1,0.5427192177371116
2025-01-09 12:45:00,1,0.5354774887661182
2025-01-09 13:45:00,0,0.22562062566199625
2025-01-09 14:00:00,0,0.524219076097648
2025-01-09 14:15:00,1,0.7818816246217134
2025-01-09 14:45:00,1,0.5041097728016787
2025-01-09 15:00:00,1,0.4508494457477146
2025-01-09 15:30:00,0,0.4951584495938925
2025-01-09 16:15:00,0,0.4920790545760198
2025-01-09 17:00:00,1,0.6178425719410586
2025-01-10 04:00:00,0,0.23566127426631364
2025-01-10 04:15:00,0,0.20394131113635736
2025-01-10 04:30:00,1,0.39149318626596413
2025-01-10 04:45:00,1,0.31332230614947254
2025-01-10 05:15:00,1,0.33228790385695967
2025-01-10 05:30:00,0,0.3351184876960484
2025-01-10 05:45:00,1,0.33228790385695967
2025-01-10 06:00:00,1,0.37684550488130636
2025-01-10 06:30:00,1,0.37525766402381855
2025-01-10 06:45:00,1,0.33935848967121957
2025-01-10 08:15:00,1,0.3145153887632775
2025-01-10 09:00:00,1,0.3638807110527074
2025-01-10 10:15:00,0,0.6661438774310121
2025-01-10 12:15:00,0,0.44673991442538435
2025-01-10 12:30:00,1,0.5709157936525611
2025-01-10 12:45:00,1,0.6589656394061935
2025-01-10 15:45:00,0,0.4842070214115207
2025-01-10 16:00:00,1,0.22679431252317547
2025-01-10 16:45:00,0,0.5548348145910412
2025-01-10 17:00:00,1,0.493989749098896
2025-01-10 17:15:00,1,0.4805874963184764
2025-01-10 17:30:00,0,0.4805874963184764
2025-01-10 19:30:00,0,0.6373057771317572
2025-01-10 19:45:00,1,0.5101732241813177
2025-01-13 04:15:00,0,0.37878712926585584
2025-01-13 04:45:00,0,0.510525455481121
2025-01-13 05:00:00,1,0.5979997052366678
2025-01-13 05:15:00,1,0.5694972928959813
2025-01-13 07:15:00,0,0.36166821592573173
2025-01-13 07:30:00,1,0.3519034257168301
2025-01-13 08:15:00,0,0.43624359151073727
2025-01-13 09:15:00,1,0.508623523774986
2025-01-13 09:30:00,0,0.5009061474626029
2025-01-13 10:00:00,0,0.6071952710285354
2025-01-14 03:15:00,0,0.41108172953670263
2025-01-14 03:45:00,1,0.3904555610944216
2025-01-14 04:30:00,1,0.4436563886362053
2025-01-14 04:45:00,0,0.42269289550980194
2025-01-14 05:15:00,0,0.40577843561025123
2025-01-14 05:30:00,0,0.391022547145784
2025-01-14 09:00:00,0,0.33416596453827435
2025-01-14 09:15:00,0,0.3447089670385843
2025-01-14 09:30:00,1,0.339386704020517
2025-01-14 09:45:00,1,0.39935662024520596
2025-01-14 10:00:00,0,0.5308955911341193
2025-01-14 10:15:00,1,0.49569231913882517
2025-01-14 10:30:00,1,0.5159367482486967
2025-01-14 13:45:00,1,0.6426446048755166
2025-01-14 19:45:00,0,0.5181970080169249
2025-01-14 20:00:00,1,0.5743996553670453
2025-01-14 20:30:00,1,0.6040012838032599
2025-01-14 20:45:00,0,0.5922678157002323
2025-01-14 21:00:00,0,0.7025152018368351
2025-01-14 23:15:00,0,0.5750984970816275
2025-01-15 00:30:00,0,0.492278793066605
2025-01-15 00:45:00,0,0.5610572705914116
2025-01-15 01:45:00,1,0.5289673503042204
2025-01-15 06:30:00,0,0.36497541250492027
2025-01-15 07:00:00,1,0.3932237444720019
2025-01-15 07:15:00,1,0.48445430831139275
2025-01-15 07:30:00,1,0.4797056926618412
2025-01-15 08:30:00,1,0.4261922764294574
2025-01-15 09:00:00,1,0.3978703946188781
2025-01-15 09:15:00,1,0.3877218626422355
2025-01-15 09:30:00,0,0.3877218626422355
2025-01-15 09:45:00,1,0.3877218626422355
2025-01-15 11:45:00,0,0.5636651902465512
2025-01-15 12:00:00,1,0.5525850419906627
2025-01-15 13:30:00,1,0.8352561895500983
2025-01-15 13:45:00,0,0.7791582365910483
2025-01-15 14:15:00,0,0.6860467700007351
2025-01-15 23:15:00,1,0.6700562738069239
2025-01-16 02:00:00,1,0.6064756359661613
2025-01-16 02:45:00,0,0.5629233336445597
2025-01-16 03:15:00,1,0.5526099133164314
2025-01-16 03:30:00,0,0.6231095883802397
2025-01-16 04:15:00,1,0.6012596486031708
2025-01-16 04:45:00,0,0.5685685672604132
2025-01-16 05:00:00,0,0.37620504959255546
2025-01-16 05:15:00,0,0.3367155161550959
2025-01-16 06:00:00,1,0.23711678176589088
2025-01-16 13:15:00,1,0.6955798719088433
2025-01-16 13:30:00,1,0.6877698244990958
2025-01-16 14:45:00,0,0.5718115568520685
2025-01-16 15:15:00,1,0.5706499488929423
2025-01-16 15:30:00,1,0.5751227947214685
2025-01-16 16:00:00,1,0.5957874391895526
2025-01-16 16:45:00,0,0.45526623878709
2025-01-16 18:45:00,1,0.5981514423686694
2025-01-16 19:00:00,1,0.47607179902413604
2025-01-16 19:45:00,1,0.39884203139348917
2025-01-16 20:30:00,0,0.5063280786139917
2025-01-16 21:00:00,0,0.5651603794996516
2025-01-17 03:30:00,0,0.31566983055625275
2025-01-17 04:00:00,0,0.3302791667200828
2025-01-17 04:45:00,0,0.2059037416888004
2025-01-17 05:30:00,0,0.37995645107905085
2025-01-17 05:45:00,1,0.36812874460164363
2025-01-17 06:00:00,0,0.3578011447124854
2025-01-17 17:30:00,0,0.6617313156058144
2025-01-17 17:45:00,0,0.5287281285090429
2025-01-17 18:00:00,0,0.5519420861528658
2025-01-17 18:45:00,1,0.37348582965261945
2025-01-17 19:15:00,0,0.4278079175530309
2025-01-17 19:30:00,0,0.41981164141615973
2025-01-17 20:00:00,1,0.46330216273635333
2025-01-17 20:30:00,0,0.5065605982909747
2025-01-20 11:15:00,0,0.5978449699625235
2025-01-20 11:30:00,0,0.8514420387638644
2025-01-20 11:45:00,1,0.6205152911969257
2025-01-20 12:00:00,0,0.5517927904932615
2025-01-20 12:15:00,1,0.615244561144643
2025-01-20 12:45:00,1,0.47850413597836416
2025-01-20 13:15:00,1,0.47013608589787764
2025-01-21 03:30:00,1,0.6131321990379612
2025-01-21 03:45:00,1,0.6131321990379612
2025-01-21 04:15:00,0,0.6421086046569834
2025-01-21 04:30:00,1,0.7155855818231774
2025-01-21 05:45:00,0,0.5170943420441114
2025-01-21 06:30:00,1,0.36484229505365384
2025-01-21 07:15:00,1,0.3764825333717379
2025-01-21 07:45:00,0,0.5239642992935977
2025-01-21 08:15:00,0,0.5241789580093202
2025-01-21 08:30:00,1,0.5056403124781351
2025-01-21 08:45:00,0,0.5056403124781351
2025-01-21 18:15:00,1,0.6545956668689898
2025-01-21 18:45:00,0,0.666624985083293
2025-01-21 19:00:00,0,0.6990828899100471
2025-01-21 19:15:00,0,0.6139821690754033
2025-01-21 19:45:00,0,0.5162243957137903
2025-01-21 20:00:00,0,0.3084623248440522
2025-01-21 20:15:00,1,0.7822765679233387
2025-01-21 20:30:00,1,0.7864593759298545
2025-01-21 20:45:00,1,0.6483960564068256
2025-01-21 21:00:00,1,0.6836176683390497
2025-01-21 23:45:00,1,0.5913049644619524
2025-01-22 00:45:00,1,0.5097780281638695
2025-01-22 01:00:00,0,0.5219300886714293
2025-01-22 02:00:00,1,0.5265692546229248
2025-01-22 02:15:00,1,0.5265692546229248
2025-01-22 04:15:00,1,0.49236626072377143
2025-01-22 04:45:00,1,0.5230157051878859
2025-01-22 05:30:00,1,0.5084336586944802
2025-01-22 06:00:00,0,0.22712916499517663
2025-01-22 10:45:00,0,0.7372425013819658
2025-01-22 12:45:00,1,0.6207643495740971
2025-01-22 13:15:00,1,0.788292495614112
2025-01-22 14:00:00,1,0.7319470560917144
2025-01-22 14:45:00,0,0.7161642460158216
2025-01-22 15:00:00,1,0.6299367342495388
2025-01-22 16:30:00,0,0.5851613003797251
2025-01-22 17:45:00,0,0.4412083342489242
2025-01-22 18:00:00,1,0.8709282690700066
2025-01-22 18:45:00,0,0.4869130207310673
2025-01-22 19:00:00,0,0.5321434811786702
2025-01-22 19:30:00,1,0.7935502131050582
2025-01-22 20:00:00,0,0.7890237725005774
2025-01-23 06:30:00,0,0.22067021429219175
2025-01-23 06:45:00,1,0.3711686658370811
2025-01-23 07:15:00,1,0.303593418135704
2025-01-23 08:30:00,0,0.32285035880615165
2025-01-23 08:45:00,0,0.24990635486042095
2025-01-23 09:15:00,1,0.21610104712451372
2025-01-23 18:00:00,0,0.5010301917808215
2025-01-23 18:45:00,1,0.5011164991421659
2025-01-23 19:30:00,0,0.4399498766350615
2025-01-23 20:00:00,1,0.7425417319923165
2025-01-23 20:15:00,0,0.6482670247123945
2025-01-23 20:30:00,1,0.7121285477865684
2025-01-23 21:30:00,1,0.6089668116195304
2025-01-23 21:45:00,1,0.580094783485673
2025-01-23 23:00:00,1,0.5854310640962727
2025-01-23 23:30:00,0,0.5950575621457754
2025-01-23 23:45:00,1,0.5765369322840318
2025-01-24 00:00:00,1,0.3588015040278032
2025-01-24 00:15:00,1,0.3642627242492258
2025-01-24 00:30:00,1,0.44978721162049506
2025-01-24 01:15:00,0,0.32624970080603244
2025-01-24 01:30:00,1,0.39421633952067403
2025-01-24 02:00:00,1,0.4419805266045337
2025-01-24 02:15:00,1,0.4446703805109751
2025-01-24 02:45:00,0,0.7051172448392868
2025-01-24 04:00:00,1,0.7330996831932953
2025-01-24 04:30:00,1,0.5791692893581979
2025-01-24 04:45:00,1,0.6476464981203642
2025-01-24 05:15:00,1,0.6279283325816203
2025-01-24 05:30:00,0,0.5056198791402348
2025-01-24 05:45:00,0,0.5127253462694796
2025-01-24 07:15:00,1,0.5290577181266535
2025-01-24 07:30:00,0,0.31982548008752276
2025-01-24 08:00:00,1,0.3093694643334052
2025-01-24 12:15:00,1,0.5625157614754602
2025-01-24 13:00:00,1,0.4730757114628704
2025-01-24 13:30:00,0,0.5315938329669452
2025-01-24 14:15:00,1,0.6621426845062491
2025-01-24 14:30:00,1,0.8217870637565334
2025-01-24 15:15:00,0,0.49384903216068604
2025-01-24 15:45:00,1,0.5259115296928181
2025-01-24 16:00:00,1,0.5703215481487596
2025-01-24 16:15:00,1,0.5703215481487596
2025-01-24 16:30:00,0,0.4351280504693219
2025-01-27 12:00:00,0,0.6820220531437454
2025-01-27 12:30:00,1,0.420945808101225
2025-01-27 12:45:00,0,0.7231671397129062
2025-01-27 13:30:00,1,0.6779827514182263
2025-01-27 14:00:00,0,0.5628566246452263
2025-01-27 14:15:00,1,0.5979805266699505
2025-01-27 14:30:00,0,0.49181277576399196
2025-01-27 15:00:00,1,0.7457775097733647
2025-01-27 15:30:00,1,0.751394559970319
2025-01-27 15:45:00,1,0.7406010201871938
2025-01-27 16:00:00,0,0.7289330254949352
2025-01-27 16:15:00,1,0.6355178329626068
2025-01-27 16:30:00,0,0.6604209544536348
2025-01-27 16:45:00,1,0.7289330254949352
2025-01-27 23:30:00,1,0.4979041379596598
2025-01-28 00:00:00,0,0.3785554425588083
2025-01-28 00:15:00,1,0.3722985151463721
2025-01-28 00:30:00,1,0.3972629360897466
2025-01-28 01:00:00,0,0.44459654331562054
2025-01-28 01:30:00,0,0.4830001497939203
2025-01-28 01:45:00,0,0.4466798904036254
2025-01-28 02:00:00,0,0.6443823778812018
2025-01-28 02:30:00,0,0.6787946855125879
2025-01-28 02:45:00,1,0.5679373018551115
2025-01-28 03:00:00,0,0.4547831198838359
2025-01-28 03:30:00,1,0.49328513773693694
2025-01-28 05:15:00,0,0.35210613250871736
2025-01-28 05:30:00,0,0.3439468892893699
2025-01-28 06:30:00,1,0.39795442879174847
2025-01-28 07:00:00,1,0.3174396985725723
2025-01-28 07:15:00,0,0.3286080110796793
2025-01-28 07:45:00,0,0.3155129289521153
2025-01-28 08:15:00,1,0.30826714554830903
2025-01-28 10:30:00,1,0.5269250595343568
2025-01-28 11:00:00,1,0.5187745709682475
2025-01-28 11:15:00,0,0.4769794926778254
2025-01-28 11:30:00,0,0.5089653758295898
2025-01-28 11:45:00,1,0.450680968741021
2025-01-28 12:30:00,1,0.49886369737710556
2025-01-28 12:45:00,1,0.40909239518770707
2025-01-28 13:00:00,1,0.5102626187539291
2025-01-28 13:45:00,1,0.5271102244486383
2025-01-28 14:00:00,1,0.5002655280052563
2025-01-28 14:15:00,1,0.5249335411467951
2025-01-28 14:45:00,1,0.48083754497968745
2025-01-28 15:15:00,1,0.4403444957436064
2025-01-28 15:30:00,0,0.44262352718867093
2025-01-28 15:45:00,1,0.42437644177210887
2025-01-28 16:30:00,1,0.5167247756520964
2025-01-28 16:45:00,0,0.7770884144699208
2025-01-28 17:00:00,1,0.46999140452260824
2025-01-28 17:45:00,1,0.427484677949064
2025-01-28 18:00:00,1,0.46212886263658787
2025-01-28 18:30:00,1,0.26419999377784853
2025-01-28 18:45:00,1,0.3215818926649623
2025-01-28 19:30:00,0,0.4587279823050843
2025-01-28 20:15:00,1,0.6159739602366076
2025-01-28 20:30:00,0,0.6101229994334816
2025-01-28 21:45:00,1,0.48090997711620403
2025-01-28 23:15:00,1,0.5608122139249864
2025-01-28 23:30:00,0,0.4170929884556127
2025-01-28 23:45:00,1,0.4572974525833465
2025-01-29 00:15:00,1,0.5384354974346253
2025-01-29 00:30:00,1,0.5268950227995368
2025-01-29 00:45:00,1,0.5066930699477994
2025-01-29 01:15:00,0,0.539341886366479
2025-01-29 01:45:00,1,0.542892038334935
2025-01-29 02:15:00,0,0.5435729018610702
2025-01-29 03:00:00,0,0.5096606826663347
2025-01-29 03:30:00,0,0.549372151119135
2025-01-29 03:45:00,0,0.6315460302106697
2025-01-29 04:00:00,1,0.5353502784667932
2025-01-29 08:45:00,0,0.4346820057113672
2025-01-29 09:00:00,1,0.4025901973431825
2025-01-29 09:15:00,1,0.39627909248298027
2025-01-29 09:30:00,0,0.3919691902898036
2025-01-29 10:00:00,0,0.5113102911761858
2025-01-29 10:15:00,0,0.5115076649276759
2025-01-29 10:30:00,1,0.5180945620846817
2025-01-30 01:00:00,0,0.4004109369655917
2025-01-30 02:00:00,0,0.40005393594468763
2025-01-30 02:45:00,1,0.4551249498988537
2025-01-30 03:00:00,1,0.37768429106119555
2025-01-30 03:30:00,1,0.40929479783360784
2025-01-30 04:15:00,0,0.3543517880257995
2025-01-30 04:30:00,0,0.3332722682992556
2025-01-30 04:45:00,1,0.34042029439023264
2025-01-30 09:00:00,1,0.3383125528763129
2025-01-30 09:15:00,0,0.369432250758506
2025-01-30 09:45:00,1,0.3809579438580654
2025-01-30 10:15:00,1,0.5088504032070437
2025-01-30 10:45:00,1,0.4392501910653767
2025-01-30 12:30:00,1,0.43116050738696626
2025-01-30 13:15:00,1,0.4922084387789945
2025-01-30 13:45:00,0,0.4843694480216034
2025-01-30 14:00:00,1,0.45456917551979525
2025-01-30 14:15:00,1,0.48242510724058524
2025-01-30 15:00:00,1,0.567287136788416
2025-01-30 15:45:00,0,0.5215604314508617
2025-01-30 16:45:00,1,0.18693553743849933
2025-01-30 17:15:00,1,0.5582160868700543
2025-01-30 17:30:00,1,0.49245820215738834
2025-01-30 17:45:00,1,0.5485412441289276
2025-01-30 18:00:00,1,0.6106533872376659
2025-01-30 18:30:00,0,0.5562143825099034
2025-01-30 19:00:00,0,0.341098682071592
2025-01-30 19:30:00,1,0.7346627001936217
2025-01-30 19:45:00,1,0.5477122920573422
2025-01-30 20:00:00,1,0.49263976490680034
2025-01-30 20:15:00,0,0.45074330448422006
2025-01-30 21:30:00,1,0.6820812014632955
2025-01-30 21:45:00,1,0.6763182928892096
2025-01-30 23:30:00,1,0.5833758954812578
2025-01-31 00:45:00,0,0.6138487527409578
2025-01-31 01:00:00,0,0.6352268641387504
2025-01-31 01:45:00,1,0.4383530697936758
2025-01-31 02:45:00,1,0.39875851968871523
2025-01-31 03:45:00,0,0.3296469414868484
2025-01-31 04:30:00,0,0.2574884843834635
2025-01-31 05:30:00,1,0.320091938302935
2025-01-31 05:45:00,0,0.3370577082132531
2025-01-31 06:00:00,0,0.3605540915348032
2025-01-31 06:15:00,1,0.34320967040308753
2025-01-31 07:15:00,0,0.32619634412449017
2025-01-31 08:15:00,1,0.3112611049440193
2025-01-31 15:15:00,1,0.6256880611799046
2025-01-31 15:45:00,1,0.6541397082750295
2025-01-31 16:00:00,0,0.5938761900144554
2025-01-31 16:30:00,1,0.4624288485636009
2025-01-31 16:45:00,1,0.4343252631019279
2025-02-03 09:45:00,1,0.2583556378124401
2025-02-03 11:30:00,1,0.7113499379763066
2025-02-03 11:45:00,1,0.7308184325600263
2025-02-03 12:15:00,1,0.7313368753406008
2025-02-03 12:30:00,1,0.6373464306664668
2025-02-03 12:45:00,1,0.7087048775501883
2025-02-03 13:00:00,1,0.7273282845522921
2025-02-03 14:00:00,1,0.6625116867272679
2025-02-03 15:00:00,0,0.6403284175844312
2025-02-03 15:30:00,1,0.8627575822618495
2025-02-03 15:45:00,1,0.6185219924926014
2025-02-03 16:30:00,0,0.5600683775362937
2025-02-03 20:00:00,0,0.6684538221929592
2025-02-03 20:45:00,0,0.5614889317427502
2025-02-03 21:15:00,0,0.6081670850673795
2025-02-03 21:30:00,1,0.6435183776505
2025-02-03 21:45:00,0,0.6322809934463016
2025-02-04 03:00:00,0,0.5721064200162992
2025-02-04 03:15:00,0,0.5551274592872831
2025-02-04 03:45:00,0,0.7164600715462106
2025-02-04 04:15:00,1,0.7422246425733215
2025-02-04 04:30:00,0,0.6460194714862042
2025-02-04 05:00:00,1,0.6840439490767668
2025-02-04 05:30:00,0,0.697260755599008
2025-02-04 06:15:00,1,0.6497921206475663
2025-02-04 06:45:00,0,0.5039794666917713
2025-02-04 07:15:00,1,0.5148012638230172
2025-02-04 10:00:00,0,0.25843884167126335
2025-02-04 10:30:00,1,0.7807188672159693
2025-02-04 10:45:00,1,0.6337207656178487
2025-02-04 11:30:00,1,0.6840650711086438
2025-02-04 11:45:00,1,0.771050694311134
2025-02-04 12:15:00,1,0.5829400807325719
2025-02-04 12:45:00,1,0.5829400807325719
2025-02-04 13:00:00,1,0.6103388972189386
2025-02-04 13:15:00,1,0.7399953094627877
2025-02-04 14:15:00,1,0.6249282848613806
2025-02-04 14:30:00,1,0.6698378959028023
2025-02-04 15:15:00,0,0.6624924204883639
2025-02-04 15:45:00,1,0.6075224045481818
2025-02-04 16:15:00,1,0.7048606160495363
2025-02-04 17:30:00,1,0.5318788833411207
2025-02-04 18:15:00,0,0.6645845924906401
2025-02-04 19:45:00,0,0.5680667305175182
2025-02-04 21:15:00,1,0.6973756484292856
2025-02-04 21:30:00,1,0.6918186663556204
2025-02-05 02:15:00,0,0.7692468614010576
2025-02-05 02:45:00,1,0.7452523465760342
2025-02-05 03:00:00,1,0.708531645893391
2025-02-05 03:15:00,0,0.7378251314559399
2025-02-05 03:30:00,1,0.7335828978581921
2025-02-05 03:45:00,1,0.7335828978581921
2025-02-05 04:15:00,1,0.7030141111945872
2025-02-05 04:30:00,0,0.7671755322077246
2025-02-05 05:00:00,1,0.7160159316648921
2025-02-05 05:30:00,1,0.6219684712849621
2025-02-05 05:45:00,1,0.6211300601667987
2025-02-05 06:30:00,0,0.5391945788564487
2025-02-05 06:45:00,0,0.5723527589874862
2025-02-05 07:00:00,1,0.8380218017824806
2025-02-05 07:15:00,1,0.5843961827875884
2025-02-05 07:30:00,1,0.5181116931084415
2025-02-05 07:45:00,1,0.584521815697048
2025-02-05 08:00:00,1,0.5964721095146643
2025-02-05 08:15:00,1,0.5924600930557815
2025-02-05 08:30:00,0,0.6964238310021812
2025-02-05 08:45:00,1,0.6964238310021812
2025-02-05 09:00:00,1,0.6335355120371976
2025-02-05 09:30:00,1,0.6303568865892782
2025-02-05 09:45:00,0,0.6469642934013488
2025-02-05 11:15:00,0,0.833186597286051
2025-02-05 11:30:00,0,0.6915335608591341
2025-02-05 12:00:00,0,0.6108491174990057
2025-02-05 12:15:00,1,0.7258765829549256
2025-02-05 12:45:00,0,0.8732384627827234
2025-02-05 13:15:00,1,0.7882667065828736
2025-02-05 13:30:00,1,0.7945556550005709
2025-02-05 16:00:00,1,0.6762002238374167
2025-02-05 16:30:00,1,0.6205801769017736
2025-02-05 17:00:00,0,0.5922624454378463
2025-02-05 17:30:00,0,0.5922624454378463
2025-02-05 17:45:00,0,0.5922624454378463
2025-02-05 18:15:00,0,0.6807730351752411
2025-02-05 19:00:00,1,0.6935918977024671
2025-02-05 19:15:00,0,0.6915154489801862
2025-02-05 20:30:00,0,0.7075081550184841
2025-02-06 03:30:00,1,0.62712560263489
2025-02-06 03:45:00,1,0.7056039200173094
2025-02-06 04:15:00,0,0.6241166965759001
2025-02-06 04:30:00,0,0.46019044189275954
2025-02-06 05:00:00,1,0.5134381971278336
2025-02-06 05:30:00,0,0.31971586090730214
2025-02-06 05:45:00,1,0.5019909281877244
2025-02-06 06:15:00,0,0.289793222151589
2025-02-06 06:45:00,1,0.445273272875198
2025-02-06 07:15:00,0,0.4330612138142039
2025-02-06 07:45:00,1,0.5299180317711945
2025-02-06 20:15:00,1,0.41017485531945513
2025-02-06 20:30:00,1,0.4229667318170187
2025-02-06 21:30:00,0,0.5885245252302556
2025-02-06 21:45:00,1,0.5585554071957334
2025-02-06 23:00:00,1,0.625445827129271
2025-02-06 23:30:00,0,0.52021801584729
2025-02-06 23:45:00,1,0.5282958430509989
2025-02-07 00:00:00,1,0.2261016426878604
2025-02-07 00:15:00,1,0.36958809661089986
2025-02-07 01:15:00,1,0.5373842116096088
2025-02-07 01:30:00,1,0.48372901359441645
2025-02-07 02:00:00,1,0.4291705169155846
2025-02-07 02:15:00,0,0.4215973092914681
2025-02-07 02:30:00,1,0.4001329398305397
2025-02-07 02:45:00,0,0.39875851968871523
2025-02-07 03:15:00,1,0.4295501241625668
2025-02-07 03:30:00,0,0.3290269458923958
2025-02-07 04:00:00,0,0.3252357746602182
2025-02-07 05:00:00,0,0.3629210780556013
2025-02-07 05:15:00,0,0.15934296910790718
2025-02-07 06:00:00,1,0.519735325611662
2025-02-07 09:15:00,0,0.5298487920685065
2025-02-07 09:30:00,1,0.4812952280555357
2025-02-07 09:45:00,0,0.369454587998078
2025-02-07 10:00:00,0,0.49969683330002945
2025-02-07 11:00:00,0,0.48157199165726483
2025-02-07 11:30:00,1,0.4980739704183502
2025-02-07 12:00:00,1,0.6952079481995387
2025-02-07 12:15:00,0,0.4544114165077338
2025-02-07 12:45:00,1,0.4471573002053051
2025-02-07 13:00:00,1,0.49277181164348516
2025-02-07 16:45:00,0,0.544170449609838
2025-02-07 17:45:00,1,0.4064876893663554
2025-02-07 18:15:00,1,0.5310996225835323
2025-02-07 18:30:00,0,0.43012381120412074
2025-02-07 18:45:00,1,0.43012381120412074
2025-02-07 19:00:00,0,0.49917154689914894
2025-02-07 19:30:00,1,0.6186996520143045
2025-02-07 20:45:00,1,0.5449946933875132
2025-02-07 21:15:00,0,0.6433868825688189
2025-02-07 21:30:00,1,0.6997796948766344
2025-02-09 23:15:00,0,0.519110000743836
2025-02-09 23:45:00,0,0.5949640212086752
2025-02-10 00:15:00,1,0.3717006441324378
2025-02-10 00:30:00,1,0.3996351155657449
2025-02-10 01:30:00,1,0.765942726516625
2025-02-10 01:45:00,1,0.8330490097466559
2025-02-10 02:00:00,1,0.6184605087228338
2025-02-10 02:30:00,1,0.7098673241822465
2025-02-10 04:00:00,1,0.7067997025968924
2025-02-10 04:45:00,0,0.5179260210376806
2025-02-10 05:15:00,1,0.35802360964025154
2025-02-10 06:00:00,1,0.3462677936826076
2025-02-10 06:15:00,1,0.3462677936826076
2025-02-10 06:30:00,1,0.36018983642643165
2025-02-10 07:15:00,1,0.5088351395519156
2025-02-10 08:00:00,1,0.6407709215809845
2025-02-10 08:30:00,1,0.6416191396084531
2025-02-10 09:15:00,1,0.5467924744998935
2025-02-10 09:45:00,0,0.5534942528717797
2025-02-10 10:30:00,1,0.8696442096985592
2025-02-10 11:00:00,1,0.6543775550482681
2025-02-10 11:45:00,1,0.7113499379763066
2025-02-10 12:00:00,0,0.7264455761209845
2025-02-10 16:00:00,0,0.5775498126932306
2025-02-10 17:00:00,0,0.538987511990548
2025-02-10 17:15:00,1,0.55605297544669
2025-02-10 20:00:00,1,0.6210611649632655
2025-02-10 20:15:00,1,0.66727349933001
2025-02-10 20:30:00,1,0.7196765774578017
2025-02-10 20:45:00,0,0.5277177098611135
2025-02-10 21:00:00,0,0.6081670850673795
2025-02-10 21:15:00,1,0.6472940348741423
2025-02-10 23:00:00,1,0.6058890865583395
2025-02-10 23:45:00,1,0.6198993005590745
2025-02-11 01:00:00,1,0.6281113090113375
2025-02-11 01:15:00,1,0.6021177770573238
2025-02-11 01:45:00,1,0.6422840867364302
2025-02-11 02:00:00,1,0.7418135026249983
2025-02-11 02:30:00,1,0.8566559921560235
2025-02-11 03:15:00,1,0.7690961498039499
2025-02-11 03:45:00,0,0.3119695267974042
2025-02-11 04:00:00,1,0.5891416718969908
2025-02-11 04:15:00,0,0.5891416718969908
2025-02-11 04:45:00,1,0.7545559275511323
2025-02-11 05:15:00,1,0.6173529344755573
2025-02-11 06:00:00,0,0.8554954292183693
2025-02-11 06:15:00,0,0.2531155694732086
2025-02-11 06:45:00,0,0.5209385918474659
2025-02-11 07:15:00,1,0.6048480140971627
2025-02-11 16:30:00,1,0.5091765225869309
2025-02-11 16:45:00,0,0.6190108622196077
2025-02-11 17:00:00,1,0.7102253789326881
2025-02-11 17:30:00,0,0.5581903441204982
2025-02-11 18:15:00,0,0.6523196919999044
2025-02-11 19:30:00,0,0.47635335446483285
2025-02-11 19:45:00,0,0.21279183738804802
2025-02-11 20:15:00,1,0.5395682410406906
2025-02-12 14:45:00,1,0.793896556779507
2025-02-12 15:30:00,1,0.7135185523125571
2025-02-12 16:00:00,0,0.6962629212960857
2025-02-12 16:15:00,1,0.6752571877945176
2025-02-12 16:45:00,1,0.6953351203736831
2025-02-12 17:15:00,0,0.6599530198566544
2025-02-12 17:45:00,0,0.6562665952508203
2025-02-12 18:00:00,0,0.7220515737537258
2025-02-12 18:30:00,0,0.69998774800965
2025-02-12 18:45:00,0,0.6801735618863574
2025-02-12 19:15:00,1,0.8993224627108537
2025-02-12 19:30:00,1,0.7183090166714641
2025-02-12 20:15:00,1,0.7669261312162152
2025-02-12 21:00:00,1,0.8082683745152824
2025-02-12 23:30:00,1,0.7859503701628366
2025-02-13 00:00:00,0,0.38120282349979545
2025-02-13 00:15:00,0,0.309161696532284
2025-02-13 01:00:00,0,0.42984564932462443
2025-02-13 01:30:00,1,0.6931452142831718
2025-02-13 01:45:00,1,0.49580842588292146
2025-02-13 02:00:00,1,0.5975074718301401
2025-02-13 02:15:00,1,0.6008782024663444
2025-02-13 02:30:00,0,0.6851014048356991
2025-02-13 03:00:00,1,0.5433385110012232
2025-02-13 03:30:00,1,0.7085110095134884
2025-02-13 03:45:00,1,0.705657206264463
2025-02-13 04:00:00,0,0.6259609867034075
2025-02-13 04:15:00,1,0.6174382994446607
2025-02-13 05:00:00,1,0.4112399861101803
2025-02-13 05:30:00,0,0.4415477668460501
2025-02-13 06:00:00,0,0.5609203267666127
2025-02-13 06:30:00,1,0.8208885710784052
2025-02-13 07:15:00,1,0.4476462946568186
2025-02-13 07:45:00,1,0.528942891931818
2025-02-13 08:00:00,1,0.5558347884457627
2025-02-13 13:15:00,1,0.7264580379865286
2025-02-14 01:45:00,0,0.3991151337384189
2025-02-14 02:00:00,0,0.44913440676550276
2025-02-14 07:00:00,0,0.31170307282242754
2025-02-14 07:15:00,1,0.63960154352581
2025-02-14 07:45:00,1,0.45848899020924627
2025-02-14 09:00:00,0,0.5424895833931027
2025-02-14 09:45:00,1,0.5282778473404638
2025-02-14 10:00:00,1,0.6412658451129848
2025-02-14 10:15:00,0,0.6657920396047369
2025-02-14 10:45:00,1,0.6510002223301612
2025-02-14 11:00:00,1,0.5965927652392763
2025-02-14 11:15:00,0,0.6564127335950624
2025-02-14 11:45:00,0,0.5532570519842595
2025-02-14 12:00:00,0,0.5625157614754602
2025-02-14 12:45:00,0,0.5762735482922721
2025-02-14 13:45:00,1,0.6618037755480914
2025-02-17 01:00:00,1,0.8112485338170419
2025-02-17 01:15:00,1,0.5814554217802267
2025-02-17 01:30:00,1,0.5814554217802267
2025-02-17 02:00:00,0,0.6672663115321783
2025-02-17 02:15:00,1,0.6541213089167874
2025-02-17 03:30:00,0,0.605300834838377
2025-02-17 05:30:00,0,0.6606607497935736
2025-02-17 06:30:00,1,0.6252951281596626
2025-02-17 08:00:00,0,0.5409964208764997
2025-02-17 08:30:00,1,0.8155082159449781
2025-02-17 08:45:00,1,0.6551264684155406
2025-02-17 09:00:00,0,0.5605913214004233
2025-02-17 10:45:00,1,0.692238969548998
2025-02-17 11:00:00,1,0.8618664434635785
2025-02-17 11:30:00,0,0.6714265861276061
2025-02-17 11:45:00,0,0.6282497139151929
2025-02-17 15:30:00,1,0.5132999101104025
2025-02-17 16:00:00,0,0.547931634865475
2025-02-17 17:00:00,0,0.49124278281575645
2025-02-17 17:45:00,0,0.4529938818456849
2025-02-17 18:15:00,0,0.45547151220542714
2025-02-17 18:45:00,1,0.3920441836840344
2025-02-17 23:00:00,1,0.4724946773217679
2025-02-17 23:15:00,1,0.536188473326984
2025-02-17 23:45:00,0,0.6179842776568079
2025-02-18 00:15:00,1,0.4077882223986226
2025-02-18 00:30:00,0,0.41198024612078227
2025-02-18 01:00:00,1,0.5011188847791597
2025-02-18 01:15:00,0,0.5092570044575135
2025-02-18 03:45:00,0,0.7009229733063631
2025-02-18 04:00:00,1,0.6705182453418049
2025-02-18 04:45:00,1,0.681207079612556
2025-02-18 05:00:00,0,0.6765450792781744
2025-02-18 06:15:00,0,0.508604137438994
2025-02-18 06:30:00,1,0.45147255409510856
2025-02-18 07:30:00,0,0.42280804874601896
2025-02-18 07:45:00,1,0.5235465294417448
2025-02-18 09:00:00,0,0.43939422283835644
2025-02-18 10:15:00,1,0.433819730099537
2025-02-18 10:30:00,1,0.46593548477708907
2025-02-18 15:30:00,1,0.5831730711586165
2025-02-18 17:00:00,0,0.5223176561623232
2025-02-18 18:30:00,1,0.5166181986308761
2025-02-18 18:45:00,0,0.5320483225656409
2025-02-18 19:00:00,1,0.5154264858097829
2025-02-18 19:30:00,1,0.5645727647390132
2025-02-18 20:00:00,0,0.6201016626462935
2025-02-18 20:30:00,1,0.624795294618232
2025-02-18 23:00:00,0,0.48952985832380674
2025-02-18 23:15:00,0,0.5098208601781729
2025-02-19 00:00:00,1,0.5347628106950616
2025-02-19 00:15:00,0,0.5261160374496743
2025-02-19 00:45:00,1,0.5533311528913123
2025-02-19 02:30:00,0,0.6757373405261956
2025-02-19 10:15:00,1,0.7303496810572401
2025-02-19 10:30:00,0,0.5555808621986633
2025-02-19 10:45:00,1,0.5853747022407544
2025-02-19 11:00:00,0,0.6269358772847113
2025-02-19 12:15:00,1,0.7628912686998839
2025-02-19 12:30:00,0,0.8182127257321066
2025-02-19 12:45:00,1,0.7695922273605941
2025-02-19 23:30:00,1,0.6271632186417238
2025-02-20 00:00:00,0,0.3963760672215661
2025-02-20 01:30:00,1,0.4847119960085394
2025-02-20 01:45:00,0,0.48967952267560144
2025-02-20 02:00:00,1,0.7203726043618057
2025-02-20 02:15:00,1,0.5243373488665094
2025-02-20 03:00:00,0,0.7027335966221165
2025-02-20 03:30:00,0,0.5518347640530074
2025-02-20 04:00:00,0,0.585533111831488
2025-02-20 04:15:00,0,0.46768858434005617
2025-02-20 04:30:00,1,0.4817493671402311
2025-02-20 05:15:00,0,0.39433554643757096
2025-02-20 05:30:00,1,0.31756716280212816
2025-02-20 06:00:00,1,0.295989350796191
2025-02-20 07:15:00,1,0.3068320621897334
2025-02-20 07:30:00,0,0.5796867784736945
2025-02-20 07:45:00,1,0.5255725527344971
2025-02-20 08:00:00,0,0.5471185594696372
2025-02-20 08:15:00,1,0.5518267321308734
2025-02-20 08:45:00,0,0.3491690023305269
2025-02-20 09:15:00,0,0.3530750925113516
2025-02-20 09:30:00,1,0.369432250758506
2025-02-20 10:00:00,0,0.5230614047001011
2025-02-20 10:30:00,0,0.5230614047001011
2025-02-20 11:00:00,1,0.4713735905235139
2025-02-20 11:30:00,0,0.6383176162516184
2025-02-21 01:30:00,0,0.4460312153675156
2025-02-21 01:45:00,1,0.6304402952228193
2025-02-21 12:00:00,1,0.8183255351752707
2025-02-21 12:15:00,1,0.6734017237493434
2025-02-21 12:30:00,0,0.6690929591233511
2025-02-21 13:00:00,0,0.6933402804041228
2025-02-21 19:00:00,1,0.626452071421497
2025-02-21 19:15:00,0,0.5264889390620398
2025-02-21 21:45:00,1,0.5669340368649078
2025-02-24 00:00:00,0,0.3346082128040017
2025-02-24 00:15:00,0,0.3713195257335102
2025-02-24 00:30:00,0,0.37286887219861864
2025-02-24 00:45:00,0,0.3713195257335102
2025-02-24 01:00:00,1,0.45826694012490043
2025-02-24 04:45:00,1,0.6440086081333584
2025-02-24 10:30:00,1,0.6909870414974094
2025-02-24 12:45:00,1,0.6379214189556072
2025-02-24 13:00:00,0,0.7459786945387489
2025-02-24 13:15:00,1,0.7448003030558267
2025-02-24 13:45:00,0,0.7273282845522921
2025-02-24 23:30:00,0,0.6371421383395071
2025-02-25 00:15:00,1,0.4445774561873611
2025-02-25 00:30:00,1,0.4169917804263327
2025-02-25 00:45:00,1,0.3919190464999938
2025-02-25 01:00:00,0,0.45129905374501705
2025-02-25 01:15:00,0,0.4710709994412168
2025-02-25 09:15:00,0,0.5857811287127352
2025-02-25 10:00:00,1,0.657423927698135
2025-02-25 10:30:00,0,0.7012909889901774
2025-02-25 10:45:00,1,0.5865382108415937
2025-02-25 11:15:00,0,0.7192705875184254
2025-02-25 11:30:00,1,0.7154786954635701
2025-02-25 11:45:00,1,0.6653924349833475
2025-02-25 12:00:00,0,0.4625310950727683
2025-02-25 15:00:00,0,0.6904482744212409
2025-02-25 15:15:00,0,0.6821401423454742
2025-02-25 15:30:00,1,0.6821401423454742
2025-02-25 15:45:00,0,0.49309613712835004
2025-02-25 20:00:00,1,0.6539241340967145
2025-02-25 20:15:00,1,0.8560771904697073
2025-02-25 21:30:00,1,0.6187467571436465
2025-02-25 23:45:00,1,0.5511452946884192
2025-02-26 00:00:00,1,0.4359990094079382
2025-02-26 00:30:00,0,0.43574199578544964
2025-02-26 02:00:00,1,0.8403170492757488
2025-02-26 02:45:00,0,0.7174595907852119
2025-02-26 03:45:00,1,0.7206541440968252
2025-02-26 04:00:00,0,0.6906894235341209
2025-02-26 16:30:00,0,0.7197394251012337
2025-02-26 16:45:00,1,0.6987643480294247
2025-02-26 17:00:00,0,0.6532598988787043
2025-02-26 17:15:00,1,0.6532598988787043
2025-02-26 18:15:00,0,0.6339321040399977
2025-02-26 18:30:00,1,0.6813334360273298
2025-02-26 19:00:00,1,0.7376325846282857
2025-02-26 19:30:00,0,0.5935644172806165
2025-02-26 19:45:00,0,0.6109449598824035
2025-02-26 20:00:00,1,0.5690702867042495
2025-02-26 21:15:00,1,0.7503683888877892
2025-02-26 21:30:00,1,0.7326279433995777
2025-02-26 21:45:00,1,0.7368001296749346
2025-02-26 23:45:00,0,0.6424090074319017
2025-02-27 00:00:00,0,0.4345788627763094
2025-02-27 00:30:00,1,0.3750660733355009
2025-02-27 00:45:00,0,0.4273693558972762
2025-02-27 01:15:00,1,0.4311310843972318
2025-02-27 02:00:00,0,0.5604426659209957
2025-02-27 11:00:00,0,0.4721015128707206
2025-02-27 11:15:00,0,0.5122204456031666
2025-02-27 12:00:00,1,0.8001616290857845
2025-02-27 12:15:00,1,0.38797913366988795
2025-02-27 12:45:00,1,0.44458606803039147
2025-02-27 13:00:00,1,0.4403668126794509
2025-02-27 13:15:00,1,0.4341099926776115
2025-02-27 13:45:00,1,0.6293687313780029
2025-02-27 14:00:00,1,0.31582219054146404
2025-02-27 14:15:00,1,0.7507360090599788
2025-02-27 14:30:00,0,0.6164400306451762
2025-02-28 12:30:00,1,0.17669839119383174
2025-02-28 12:45:00,1,0.39725294847228404
2025-02-28 13:00:00,0,0.6393780943013262
2025-02-28 13:45:00,1,0.6119615245958139
2025-02-28 14:00:00,0,0.5256277879625542
2025-02-28 14:45:00,1,0.5893688826763797
2025-03-02 23:30:00,0,0.5960631519141278
2025-03-03 01:00:00,1,0.7690287503695505
2025-03-03 01:45:00,1,0.7757678664301114
2025-03-03 02:15:00,0,0.4990340749584539
2025-03-03 02:30:00,0,0.6040092616351361
2025-03-03 09:30:00,1,0.5949863637444179
2025-03-03 09:45:00,1,0.5467924744998935
2025-03-03 10:00:00,1,0.6683644951008068
2025-03-03 10:30:00,1,0.7077125879298312
2025-03-03 11:00:00,0,0.6859316905132096
2025-03-03 11:15:00,0,0.6921935573298956
2025-03-03 11:30:00,1,0.6296545508535184
2025-03-03 12:00:00,0,0.7129739868368534
2025-03-03 13:45:00,1,0.5540634306416696
2025-03-03 14:00:00,1,0.7123895923353103
2025-03-03 14:15:00,1,0.6818381139394623
2025-03-03 15:15:00,1,0.7010612577489337
2025-03-03 15:30:00,1,0.7206979576445195
2025-03-03 16:30:00,0,0.6327680727017061
2025-03-03 17:00:00,0,0.5297850244333252
2025-03-03 17:15:00,1,0.6322216928377667
2025-03-03 17:45:00,0,0.600114527425684
2025-03-03 18:00:00,1,0.5609104602261271
2025-03-03 18:30:00,1,0.8636578803746947
2025-03-03 18:45:00,0,0.6596795917795889
2025-03-03 19:30:00,0,0.7264241566325297
2025-03-03 21:45:00,0,0.7625912686587284
2025-03-03 23:00:00,1,0.5961834468393464
2025-03-04 00:15:00,1,0.782756159169496
2025-03-04 00:30:00,1,0.4806210906464421
2025-03-04 01:00:00,1,0.364576024117515
2025-03-04 01:30:00,1,0.7098629648829441
2025-03-04 02:00:00,0,0.3739193135270513
2025-03-04 02:15:00,1,0.7433460983133672
2025-03-04 02:45:00,1,0.7290906062463118
2025-03-04 03:15:00,1,0.6775077273659884
2025-03-04 03:30:00,0,0.7736424920224226
2025-03-04 04:15:00,1,0.7262864833075953
2025-03-04 04:30:00,0,0.673658219164294
2025-03-04 06:15:00,0,0.5036918626444088
2025-03-04 06:30:00,1,0.41676710895528934
2025-03-04 07:00:00,1,0.38412857358296276
2025-03-04 07:15:00,1,0.6698631978703764
2025-03-04 07:30:00,1,0.6607885663364934
2025-03-04 08:00:00,1,0.627975794993397
2025-03-04 08:15:00,0,0.6538433480642937
2025-03-04 08:45:00,1,0.7250840908422468
2025-03-04 09:00:00,1,0.6223270088660784
2025-03-04 09:15:00,0,0.6387147772996495
2025-03-04 09:45:00,0,0.5600566026244034
2025-03-04 10:30:00,1,0.768705863161209
2025-03-04 10:45:00,1,0.6180556912096418
2025-03-04 11:00:00,1,0.6468439272639096
2025-03-04 11:30:00,1,0.6776138392028892
2025-03-04 11:45:00,1,0.6844080734990118
2025-03-04 12:00:00,1,0.7180620435566545
2025-03-04 12:30:00,1,0.7171048886604482
2025-03-04 12:45:00,1,0.722031921746681
2025-03-04 13:15:00,1,0.24615061040596684
2025-03-04 13:30:00,1,0.5273298160577018
2025-03-04 13:45:00,0,0.7940683106915007
2025-03-04 14:00:00,0,0.6251812929635058
2025-03-04 14:15:00,1,0.6247431181541717
2025-03-04 14:30:00,0,0.6816120468983733
2025-03-04 14:45:00,1,0.733042136122312
2025-03-04 20:30:00,1,0.7021215355955996
2025-03-04 21:00:00,0,0.762812706803132
2025-03-04 21:15:00,1,0.8161647418524719
2025-03-04 21:45:00,0,0.6173480011349782
2025-03-04 23:00:00,0,0.5842524059205332
2025-03-04 23:15:00,0,0.539704678029533
2025-03-05 00:00:00,1,0.5188523243468021
2025-03-05 00:15:00,0,0.4701224479932269
2025-03-05 00:30:00,0,0.7220589616247766
2025-03-05 01:00:00,1,0.6007888246370945
2025-03-05 06:30:00,0,0.7136111888376918
2025-03-05 07:15:00,1,0.3580006370244883
2025-03-05 07:30:00,1,0.6665779261117435
2025-03-05 08:00:00,0,0.7016167696801461
2025-03-05 08:15:00,0,0.7016167696801461
2025-03-05 18:15:00,1,0.6214387140556563
2025-03-05 19:00:00,1,0.7293722297446714
2025-03-05 19:15:00,1,0.7364996413024761
2025-03-05 19:30:00,1,0.7757550394398419
2025-03-05 20:15:00,0,0.7587911317700466
2025-03-05 20:30:00,0,0.779194594418395
2025-03-05 21:15:00,0,0.7474520781588011
2025-03-05 21:30:00,0,0.8474814813254339
2025-03-05 23:00:00,1,0.8510731895671411
2025-03-05 23:15:00,1,0.8135038312535529
2025-03-06 00:00:00,0,0.4120843938136186
2025-03-06 00:45:00,1,0.529467282321768
2025-03-06 02:45:00,0,0.49611983073341354
2025-03-06 03:45:00,0,0.4636731278436668
2025-03-06 04:15:00,0,0.3141210125378702
2025-03-06 05:00:00,1,0.3060526955856158
2025-03-06 16:00:00,1,0.39943273016110387
2025-03-06 16:15:00,1,0.4839019934836958
2025-03-06 16:30:00,1,0.5049535628927885
2025-03-06 18:00:00,0,0.5797095699207605
2025-03-06 18:15:00,0,0.5033314026398189
2025-03-06 19:00:00,0,0.6368583200827732
2025-03-06 19:45:00,1,0.7374105775501703
2025-03-06 20:00:00,0,0.6693839462386912
2025-03-06 20:30:00,0,0.5943089603998882
2025-03-07 09:15:00,0,0.24741460861151857
2025-03-07 09:30:00,0,0.2137105036924379
2025-03-07 09:45:00,0,0.24741460861151857
2025-03-07 10:00:00,0,0.3431214148014241
2025-03-07 10:15:00,1,0.45967195380700254
2025-03-07 10:30:00,0,0.4167710247134329
2025-03-07 10:45:00,1,0.5716549210641102
2025-03-07 11:00:00,0,0.4420935096213429
2025-03-07 11:15:00,1,0.5022068832469314
2025-03-07 11:30:00,1,0.4143819177734045
2025-03-07 12:15:00,1,0.539213467533969
2025-03-07 12:30:00,0,0.4878753152118472
2025-03-07 13:00:00,0,0.720529291956987
2025-03-07 13:15:00,1,0.7167289517250044
2025-03-07 13:45:00,1,0.6986844585460182
2025-03-07 15:15:00,0,0.18568332079486716
2025-03-07 16:00:00,1,0.5059841436831019
2025-03-07 16:15:00,0,0.5615953078990955
2025-03-07 16:30:00,1,0.6293262879545763
2025-03-07 16:45:00,1,0.4736524806706683
2025-03-07 17:00:00,0,0.2024760893133706
2025-03-07 17:30:00,0,0.5170329691913876
2025-03-09 22:30:00,1,0.5142910802590569
2025-03-09 23:00:00,1,0.5191737182972734
2025-03-10 00:15:00,0,0.3648645883940569
2025-03-10 00:45:00,1,0.3719158917886507
2025-03-10 01:15:00,1,0.47200146159302336
2025-03-10 01:30:00,0,0.4560457783369636
2025-03-10 01:45:00,0,0.2629612003977145
2025-03-10 10:30:00,1,0.6815570532725963
2025-03-11 03:00:00,0,0.7115975951209026
2025-03-11 04:15:00,1,0.6825876958223622
2025-03-11 04:30:00,0,0.5499473776392743
2025-03-11 04:45:00,1,0.39004786005955494
2025-03-11 14:15:00,1,0.22819682078112563
2025-03-11 15:00:00,0,0.6972163013835837
2025-03-11 15:30:00,0,0.6327756104708344
2025-03-11 16:15:00,1,0.5183971878412705
2025-03-11 16:30:00,1,0.47449328826088366
2025-03-11 16:45:00,1,0.4871983488718154
2025-03-11 17:15:00,1,0.7734618888101346
2025-03-11 17:45:00,0,0.5344315793323624
2025-03-11 18:00:00,1,0.6833480543343353
2025-03-11 18:30:00,1,0.6545956668689898
2025-03-11 19:15:00,0,0.6092281525914579
2025-03-11 20:00:00,1,0.5921041214399902
2025-03-11 20:30:00,0,0.546682231787993
2025-03-11 22:15:00,0,0.6096410808972468
2025-03-11 22:30:00,1,0.6086367151046598
2025-03-11 23:15:00,0,0.603106826437788
2025-03-11 23:30:00,0,0.6020966215195517
2025-03-11 23:45:00,0,0.6697750759339813
2025-03-12 00:00:00,1,0.4912881337506136
2025-03-12 00:15:00,0,0.505670937305015
2025-03-12 00:30:00,1,0.520142565876908
2025-03-12 00:45:00,1,0.4714775176788238
2025-03-12 03:45:00,0,0.49500274016069556
2025-03-12 04:00:00,1,0.475139736001909
2025-03-12 04:30:00,0,0.4462307545800372
2025-03-12 05:00:00,0,0.46207257983463074
2025-03-12 05:15:00,1,0.4132833769843668
2025-03-12 05:45:00,1,0.4629164409881427
2025-03-12 06:15:00,1,0.24346486621464603
2025-03-12 06:30:00,0,0.5449760239091564
2025-03-12 07:00:00,1,0.6008349506879455
2025-03-12 09:30:00,0,0.7018823430572415
2025-03-12 10:45:00,1,0.7063969160218244
2025-03-12 11:15:00,1,0.8140025303928569
2025-03-12 11:30:00,1,0.9283963835342657
2025-03-12 11:45:00,1,0.7050711798308196
2025-03-12 12:30:00,0,0.9056490883027191
2025-03-12 18:00:00,1,0.7114111168892
2025-03-12 18:30:00,0,0.699226252820874
2025-03-12 18:45:00,0,0.714782064221265
2025-03-12 19:15:00,0,0.7821434738695742
2025-03-12 20:30:00,0,0.7843999791023016
2025-03-12 20:45:00,1,0.7690667924437317
2025-03-12 22:15:00,1,0.6640564852810492
2025-03-12 22:45:00,1,0.6831895613490985
2025-03-12 23:45:00,1,0.620138538009493
2025-03-13 00:15:00,1,0.4345788627763094
2025-03-13 01:15:00,0,0.4495726902175297
2025-03-13 01:30:00,1,0.4461020511227576
2025-03-13 02:00:00,0,0.42681261238361135
2025-03-13 02:15:00,1,0.42681261238361135
2025-03-13 02:45:00,1,0.43292360012328135
2025-03-13 03:15:00,1,0.3918806865010086
2025-03-13 04:15:00,0,0.41349383818654456
2025-03-13 04:45:00,0,0.34266029413452176
2025-03-13 05:15:00,1,0.3173499223510713
2025-03-13 05:30:00,0,0.3173499223510713
2025-03-13 07:00:00,0,0.29889463231404856
2025-03-13 07:15:00,0,0.29287055943808493
2025-03-13 07:30:00,1,0.2833173439955406
2025-03-13 10:00:00,0,0.6505057236660121
2025-03-13 10:30:00,1,0.7868710258166965
2025-03-13 10:45:00,1,0.7206956638288454
2025-03-13 11:00:00,0,0.7048846830547763
2025-03-13 11:15:00,1,0.7030881254930439
2025-03-13 11:30:00,0,0.5090071975063386
2025-03-13 11:45:00,1,0.5090071975063386
2025-03-13 12:45:00,1,0.743990231284098
2025-03-13 17:15:00,1,0.6001383587422905
2025-03-13 17:30:00,1,0.5535945432537618
2025-03-13 18:15:00,1,0.605984093270207
2025-03-13 20:30:00,1,0.6155567332170034
2025-03-13 20:45:00,0,0.6054329411198548
2025-03-13 22:15:00,1,0.6835227739118694
2025-03-13 22:45:00,0,0.6366871007631809
2025-03-13 23:00:00,1,0.5419102660693353
2025-03-13 23:45:00,0,0.6158921229670157
2025-03-14 00:15:00,1,0.5789979342092945
2025-03-14 02:15:00,0,0.6184935462034045
2025-03-14 02:45:00,1,0.7230941372852492
2025-03-14 03:15:00,1,0.6387490679534317
2025-03-14 03:30:00,1,0.707376143203489
2025-03-14 03:45:00,1,0.7124585237577351
2025-03-14 04:15:00,0,0.6425733340480875
2025-03-14 04:45:00,0,0.6386908141194187
2025-03-14 05:00:00,0,0.4303131135629906
2025-03-14 05:15:00,1,0.46530920902293244
2025-03-14 05:30:00,1,0.4887267046824386
2025-03-14 05:45:00,0,0.6883636636621479
2025-03-14 06:15:00,1,0.5966276503524122
2025-03-14 07:00:00,1,0.5948617450067344
2025-03-14 10:30:00,1,0.6232179132091513
2025-03-14 10:45:00,1,0.8144506952458742
2025-03-14 11:30:00,1,0.49478959742184453
2025-03-14 12:00:00,0,0.7432263452250678
2025-03-14 12:45:00,1,0.6691318547992415
2025-03-14 13:30:00,1,0.24676837928783169
2025-03-14 13:45:00,1,0.7228801439646119
2025-03-14 14:00:00,1,0.6902976358595359
2025-03-14 14:15:00,1,0.6650269937349674
2025-03-14 14:30:00,0,0.6650269937349674
2025-03-16 23:45:00,1,0.6175724394163414
2025-03-17 00:30:00,1,0.2934591898796758
2025-03-17 00:45:00,1,0.5548909770763378
2025-03-17 01:30:00,0,0.47200146159302336
2025-03-17 03:00:00,0,0.38443955089574794
2025-03-17 03:15:00,0,0.4002951837516379
2025-03-17 03:45:00,0,0.34667748503992557
2025-03-17 04:15:00,0,0.4213428373456042
2025-03-17 04:45:00,1,0.3810974705633147
2025-03-17 12:15:00,0,0.6169858949498808
2025-03-17 13:15:00,1,0.6949964436439884
2025-03-17 13:30:00,1,0.7520270012379917
2025-03-17 13:45:00,1,0.7353652979707476
2025-03-17 14:00:00,1,0.6777330207864655
2025-03-17 14:15:00,1,0.7264774932980838
2025-03-17 14:30:00,0,0.7264774932980838
2025-03-17 15:15:00,1,0.5861254387640138
2025-03-17 16:00:00,0,0.5275866334626275
2025-03-17 16:15:00,0,0.47748295653288386
2025-03-17 16:30:00,1,0.7456846862977015
2025-03-17 16:45:00,1,0.5132248314109306
2025-03-17 17:00:00,1,0.5878497551068632
2025-03-17 17:15:00,1,0.635555188648844
2025-03-17 18:15:00,1,0.4926079278072848
2025-03-17 18:30:00,1,0.48690577931225243
2025-03-17 20:00:00,1,0.5747736072864654
2025-03-17 23:30:00,0,0.48082349133807806
2025-03-18 00:15:00,0,0.5114235267972865
2025-03-18 00:45:00,1,0.47976275711430016
2025-03-18 03:30:00,1,0.7072981130485115
2025-03-18 04:00:00,1,0.6591597970723624
2025-03-18 04:15:00,1,0.6895398788776552
2025-03-18 04:30:00,0,0.6895398788776552
2025-03-18 05:00:00,0,0.2592395333638058
2025-03-18 05:15:00,1,0.871270977491892
2025-03-18 05:30:00,1,0.699721705563667
2025-03-18 06:00:00,0,0.5773942242062369
2025-03-18 06:30:00,1,0.6501157806774606
2025-03-18 06:45:00,1,0.6541108581858494
2025-03-18 07:00:00,0,0.5834343597387747
2025-03-18 07:15:00,1,0.6452653855019329
2025-03-18 07:30:00,1,0.6132344658005447
2025-03-18 08:15:00,1,0.6019787932919007
2025-03-18 08:30:00,0,0.6019787932919007
2025-03-18 09:45:00,1,0.8092064463403308
2025-03-18 10:45:00,0,0.6875177203358945
2025-03-18 11:00:00,1,0.7582714701199897
2025-03-18 11:30:00,0,0.6647500180344038
2025-03-18 11:45:00,1,0.6843047930179024
2025-03-18 12:00:00,1,0.6523738215946272
2025-03-18 12:15:00,1,0.7171048886604482
2025-03-18 13:15:00,0,0.7297574528427122
2025-03-18 14:15:00,1,0.8502030246139729
2025-03-18 14:30:00,1,0.5456310268714117
2025-03-18 14:45:00,1,0.5692395125091401
2025-03-18 15:00:00,1,0.7689369133293701
2025-03-18 15:30:00,0,0.5811550571300678
2025-03-18 15:45:00,1,0.6094836157961288
2025-03-18 16:00:00,1,0.6138657467904102
2025-03-18 16:15:00,0,0.6135509744477382
2025-03-18 17:30:00,1,0.7625651625546154
2025-03-18 17:45:00,1,0.6600132181501515
2025-03-18 18:45:00,1,0.4522924983763146
2025-03-18 19:00:00,1,0.5825536578762669
2025-03-18 19:30:00,0,0.6289685805110442
2025-03-18 20:00:00,0,0.6172882265655248
2025-03-18 20:30:00,0,0.5921446216685868
2025-03-18 22:15:00,0,0.627348898522438
2025-03-18 22:30:00,1,0.5754446822198076
2025-03-18 22:45:00,0,0.5880129345560435
2025-03-18 23:15:00,1,0.6165820829864935
2025-03-18 23:30:00,0,0.5776758590410331
2025-03-19 00:00:00,1,0.5444982030060487
2025-03-19 00:15:00,0,0.5514375572681085
2025-03-19 00:45:00,1,0.48779922711550255
2025-03-19 01:00:00,0,0.480712636646545
2025-03-19 01:30:00,1,0.575821446319931
2025-03-19 04:00:00,1,0.47716500462377776
2025-03-19 04:30:00,1,0.4957068965923633
2025-03-19 05:00:00,0,0.4569881476691044
2025-03-19 05:15:00,1,0.46182275193798056
2025-03-19 06:00:00,1,0.2820643938830406
2025-03-19 06:15:00,1,0.8825720695331112
2025-03-19 06:30:00,1,0.9184184324128848
2025-03-19 06:45:00,0,0.7056049004527934
2025-03-19 07:00:00,0,0.7315498646888343
2025-03-19 07:15:00,1,0.6687676986671958
2025-03-19 07:30:00,0,0.7400919001191354
2025-03-19 07:45:00,1,0.6989587632503056
2025-03-19 08:00:00,0,0.667154065040338
2025-03-19 08:45:00,1,0.6696811299210687
2025-03-19 19:15:00,1,0.7700825098304496
2025-03-19 20:00:00,1,0.41433990309710944
2025-03-19 20:45:00,1,0.7171615721693154
2025-03-19 22:45:00,0,0.7821656711031385
2025-03-19 23:00:00,1,0.7505371114460461
2025-03-19 23:15:00,0,0.6625525851018798
2025-03-19 23:30:00,1,0.6205128238420082
2025-03-20 00:00:00,1,0.3978368918624847
2025-03-20 00:15:00,0,0.38566659844674345
2025-03-20 00:30:00,1,0.31328063853683147
2025-03-20 01:30:00,0,0.43328874928168465
2025-03-20 02:30:00,1,0.694013007584339
2025-03-20 03:45:00,1,0.6974179831329052
2025-03-20 04:30:00,0,0.5970444853107467
2025-03-20 05:15:00,0,0.6134831781725645
2025-03-20 05:30:00,1,0.6134831781725645
2025-03-20 16:30:00,1,0.6084331489905951
2025-03-20 17:00:00,1,0.5276535558890213
2025-03-20 17:15:00,1,0.5445291105580174
2025-03-20 17:45:00,1,0.511003398078996
2025-03-20 18:00:00,0,0.5429671515225261
2025-03-20 18:15:00,0,0.564926209046496
2025-03-20 18:30:00,1,0.564926209046496
2025-03-20 19:00:00,1,0.6171973027105697
2025-03-20 19:15:00,1,0.6215559130900044
2025-03-20 19:30:00,0,0.6445003076057981
2025-03-20 20:00:00,0,0.4931294460365966
2025-03-20 20:15:00,1,0.45460497739140904
2025-03-20 22:00:00,1,0.5285017564671732
2025-03-20 23:45:00,0,0.4203641961471039
2025-03-21 00:15:00,0,0.5160260241694109
2025-03-21 00:45:00,1,0.4806742140740754
2025-03-21 01:15:00,1,0.3483048219444101
2025-03-21 01:30:00,0,0.42681066361613706
2025-03-21 01:45:00,1,0.46109332104761824
2025-03-21 02:00:00,0,0.385282851007459
2025-03-21 02:15:00,0,0.3958641417161614
2025-03-21 02:30:00,0,0.4002745773146031
2025-03-21 03:15:00,1,0.36669308300901376
2025-03-21 03:45:00,1,0.43438153148867104
2025-03-21 04:30:00,0,0.22253796073111617
2025-03-21 05:15:00,1,0.3042297282653587
2025-03-21 08:15:00,1,0.7418808990764957
2025-03-21 08:30:00,1,0.49934689821421807
2025-03-21 08:45:00,0,0.5547590940306888
2025-03-21 09:15:00,0,0.4393859453418077
2025-03-21 09:30:00,1,0.4250415099129468
2025-03-21 10:15:00,1,0.6473302275685696
2025-03-21 10:45:00,1,0.6473792774761252
2025-03-21 11:15:00,1,0.6690690908300511
2025-03-21 11:30:00,0,0.6200766709278147
2025-03-21 13:30:00,1,0.6119615245958139
2025-03-21 13:45:00,1,0.6536466857349746
2025-03-24 00:00:00,0,0.32392493228944963
2025-03-24 00:15:00,0,0.30089720474365855
2025-03-24 01:00:00,0,0.3753971556478331
2025-03-24 01:15:00,1,0.37779387113476576
2025-03-24 01:45:00,1,0.3605131953194481
2025-03-24 02:00:00,0,0.5171018832860728
2025-03-24 08:45:00,1,0.6587947582326784
2025-03-24 09:15:00,0,0.5757676721740972
2025-03-24 09:45:00,1,0.7993048712828076
2025-03-24 10:15:00,0,0.6829939180219562
2025-03-24 11:00:00,0,0.587689519595996
2025-03-24 11:15:00,0,0.6237456830682299
2025-03-24 11:30:00,0,0.6985016908548914
2025-03-24 12:00:00,1,0.7598188984421084
2025-03-24 12:30:00,0,0.5902331139453887
2025-03-24 12:45:00,1,0.7281205557355134
2025-03-24 13:00:00,0,0.7615746875710435
2025-03-24 13:15:00,1,0.7485808478033926
2025-03-24 13:30:00,0,0.7448003030558267
2025-03-24 14:30:00,1,0.5375994155435396
2025-03-24 14:45:00,0,0.6576365891773057
2025-03-25 01:00:00,1,0.3949839855518081
2025-03-25 01:30:00,0,0.48523852831719594
2025-03-25 02:00:00,1,0.47160850455680475
2025-03-25 02:15:00,1,0.41831082282485044
2025-03-25 02:30:00,1,0.44311922479897353
2025-03-25 05:30:00,0,0.39528268928433413
2025-03-25 06:00:00,0,0.3530109348500827
2025-03-25 06:30:00,1,0.602978644723965
2025-03-25 06:45:00,0,0.3828586058841351
2025-03-25 07:00:00,0,0.3858695288842352
2025-03-25 12:15:00,1,0.7539447491286677
2025-03-25 12:30:00,1,0.8452309956429562
2025-03-25 13:00:00,0,0.7605855669687718
2025-03-25 13:15:00,1,0.7565153259460897
2025-03-25 13:45:00,1,0.7403055369938608
2025-03-25 14:30:00,0,0.5662873380836279
2025-03-25 14:45:00,0,0.6607534380082588
2025-03-25 15:15:00,0,0.529745042731951
2025-03-25 15:45:00,1,0.63980029893801
2025-03-25 16:30:00,0,0.5273563770084609
2025-03-25 17:30:00,0,0.6120107364992249
2025-03-25 17:45:00,0,0.6447518470270451
2025-03-25 18:00:00,0,0.6856762152678828
2025-03-25 18:15:00,1,0.6346643462516183
2025-03-26 02:45:00,0,0.53910736014731
2025-03-26 03:00:00,0,0.2695448563034798
2025-03-26 03:15:00,0,0.47846886121891763
2025-03-26 04:00:00,0,0.46504483803693014
2025-03-26 04:15:00,0,0.5475421027488784
2025-03-26 04:30:00,1,0.46504483803693014
2025-03-26 04:45:00,1,0.44630269755724633
2025-03-26 08:15:00,0,0.5183265648357209
2025-03-26 10:15:00,1,0.6612821361544723
2025-03-26 10:30:00,1,0.637895606497299
2025-03-26 10:45:00,1,0.6559220796882004
2025-03-26 11:15:00,0,0.638660968581884
2025-03-26 12:00:00,1,0.6693209415699721
2025-03-26 12:45:00,0,0.9089531553464991
2025-03-26 13:45:00,1,0.735971027893695
2025-03-26 14:00:00,1,0.7290806535806731
2025-03-26 14:45:00,1,0.6456002360253185
2025-03-26 18:45:00,0,0.5398094495739041
2025-03-26 19:15:00,1,0.5479888645495243
2025-03-26 20:00:00,1,0.6116485966752295
2025-03-26 20:15:00,1,0.604992161690441
2025-03-26 22:00:00,1,0.7367324190962363
2025-03-26 22:15:00,0,0.6737808051589982
2025-03-26 22:30:00,1,0.6787409458574478
2025-03-26 23:15:00,1,0.6550808331426651
2025-03-26 23:30:00,1,0.6537633021815379
2025-03-27 00:00:00,1,0.3663965196407559
2025-03-27 01:00:00,0,0.44209219420954177
2025-03-27 01:45:00,1,0.7297513471307627
2025-03-27 02:15:00,1,0.42681261238361135
2025-03-27 02:30:00,0,0.43292360012328135
2025-03-27 02:45:00,1,0.44090535314809487
2025-03-27 03:30:00,1,0.4119417699846706
2025-03-27 03:45:00,1,0.4978844607565542
2025-03-27 04:00:00,1,0.42382207122141785
2025-03-27 04:15:00,0,0.4525630473904617
2025-03-27 04:45:00,0,0.5073374221658001
2025-03-27 05:00:00,1,0.5356085016289384
2025-03-27 05:15:00,0,0.4668754977576958
2025-03-27 06:00:00,0,0.5519763657113639
2025-03-27 06:15:00,1,0.6952909072523484
2025-03-27 06:30:00,1,0.5554242422854074
2025-03-27 07:00:00,1,0.5911494428527488
2025-03-27 07:15:00,1,0.5535858001731916
2025-03-27 07:30:00,1,0.8590443688458087
2025-03-27 07:45:00,1,0.56810313127971
2025-03-27 08:00:00,0,0.5607465268715037
2025-03-27 08:15:00,1,0.5614092686876723
2025-03-27 09:45:00,1,0.4259743810076695
2025-03-27 10:00:00,1,0.5915694466522159
2025-03-27 10:15:00,1,0.6355847343540547
2025-03-27 11:00:00,0,0.6651886741015547
2025-03-27 11:30:00,1,0.5853253329911609
2025-03-27 11:45:00,0,0.6883847561792651
2025-03-27 12:45:00,1,0.5356866345737442
2025-03-27 13:00:00,1,0.7326636232888464
2025-03-27 14:30:00,1,0.6871107792761139
2025-03-27 15:00:00,1,0.6712026782426794
2025-03-27 15:30:00,0,0.6712026782426794
2025-03-27 16:00:00,0,0.48353032206492835
2025-03-27 16:30:00,0,0.6383473187714152
2025-03-27 16:45:00,1,0.6605969812031498
2025-03-27 18:15:00,1,0.4967083262313579
2025-03-27 18:30:00,0,0.5562143825099034
2025-03-27 18:45:00,1,0.5779567429514456
2025-03-27 19:00:00,0,0.6332880644015908
2025-03-27 19:30:00,0,0.4688560219406847
2025-03-27 20:15:00,0,0.47064115973782994
2025-03-27 22:45:00,1,0.5673589036962449
2025-03-27 23:30:00,1,0.4054203152835319
2025-03-27 23:45:00,1,0.40557781544311594
2025-03-28 00:15:00,0,0.37257149337625517
2025-03-28 00:30:00,1,0.43638864173593267
2025-03-28 00:45:00,1,0.40601178465927956
2025-03-28 01:00:00,1,0.4468068248856629
2025-03-28 01:45:00,0,0.5288267667063443
2025-03-28 03:15:00,0,0.6565062116032097
2025-03-28 03:30:00,1,0.7998068913413859
2025-03-28 04:15:00,1,0.5228561711402011
2025-03-28 04:30:00,0,0.6257068683829803
2025-03-28 05:00:00,1,0.7814492289713144
2025-03-28 05:30:00,1,0.599164015761895
2025-03-28 05:45:00,1,0.6356406573805116
2025-03-28 06:15:00,1,0.6020066383506392
2025-03-28 06:45:00,0,0.6055121348507295
2025-03-28 07:30:00,0,0.5938723314120057
2025-03-28 14:45:00,1,0.6581055547025051
2025-03-30 22:30:00,1,0.7285876721413923
2025-03-30 23:00:00,0,0.6982205718290972
2025-03-31 00:00:00,0,0.30961292475248103
2025-03-31 00:45:00,1,0.5672423170726915
2025-03-31 01:30:00,1,0.34255289582898785
2025-03-31 01:45:00,1,0.5963724432099892
2025-03-31 02:00:00,1,0.6563397427073934
2025-03-31 02:15:00,1,0.452654960049588
2025-03-31 03:30:00,1,0.6875145658988133
2025-03-31 04:15:00,1,0.6583129941080913
2025-03-31 05:15:00,1,0.6726482641008158
2025-03-31 05:30:00,1,0.7192404500799942
2025-03-31 05:45:00,1,0.7155113446198277
2025-03-31 09:15:00,1,0.5306147304490895
2025-03-31 10:30:00,0,0.540657535782584
2025-03-31 11:15:00,1,0.670404635572066
2025-03-31 12:00:00,1,0.7187640600468866
2025-03-31 13:00:00,0,0.32555404513699976
2025-03-31 13:30:00,1,0.7810546829178269
2025-03-31 15:15:00,0,0.3476062165685772
2025-03-31 16:45:00,1,0.7898352994417686
2025-03-31 17:00:00,0,0.6378531072882794
2025-03-31 17:45:00,1,0.7561708756941128
2025-03-31 18:30:00,1,0.6684728320846438
2025-03-31 19:15:00,1,0.6731288048854818
2025-03-31 19:30:00,1,0.6166228572929208
2025-03-31 19:45:00,0,0.5303840581072269
2025-03-31 20:00:00,0,0.522210948266346
2025-03-31 20:45:00,0,0.5484998196397478
2025-04-01 04:30:00,1,0.682427338097207
2025-04-01 05:45:00,1,0.6810752646119306
2025-04-01 06:45:00,1,0.506798289482928
2025-04-01 07:15:00,0,0.6667447056004392
2025-04-01 07:30:00,1,0.7038780084861189
2025-04-01 22:15:00,1,0.7734525471703467
2025-04-01 22:30:00,1,0.5437293337855482
2025-04-01 23:00:00,1,0.5689317743795316
2025-04-01 23:30:00,1,0.577411396155473
2025-04-02 00:15:00,1,0.6227738079886473
2025-04-02 01:00:00,1,0.6479453319118207
2025-04-02 01:30:00,1,0.5662165443964376
2025-04-02 01:45:00,0,0.6958493199048266
2025-04-02 02:30:00,0,0.7423906760902799
2025-04-02 04:45:00,1,0.7143515122994719
2025-04-02 05:15:00,1,0.7238129371895997
2025-04-02 05:30:00,1,0.8417789229758492
2025-04-02 06:00:00,1,0.5832349064308436
2025-04-02 07:00:00,1,0.8397005609350269
2025-04-02 07:15:00,1,0.8616065564023876
2025-04-02 08:00:00,1,0.43377591961551887
2025-04-02 08:15:00,1,0.719904139525872
2025-04-02 08:30:00,0,0.7468440908332601
2025-04-02 09:15:00,0,0.5910430542594011
2025-04-02 09:45:00,0,0.5673358911581076
2025-04-02 10:00:00,0,0.7094196736045144
2025-04-02 17:45:00,1,0.6560093648351132
2025-04-02 18:00:00,1,0.699605922227036
2025-04-02 18:15:00,1,0.728971720850634
2025-04-03 00:00:00,1,0.33128161153625924
2025-04-03 00:15:00,1,0.7720560914316564
2025-04-03 00:30:00,1,0.4023961693815578
2025-04-03 00:45:00,1,0.6654609026001168
2025-04-03 01:00:00,1,0.43753674906036444
2025-04-03 01:15:00,1,0.46746545518009147
2025-04-03 01:30:00,0,0.7724194299218562
2025-04-03 02:45:00,1,0.7402837591737038
2025-04-03 03:00:00,0,0.7500352281083876
2025-04-03 03:30:00,1,0.5215708190880951
2025-04-03 03:45:00,1,0.5215708190880951
2025-04-03 04:15:00,0,0.5771327692983318
2025-04-03 04:45:00,0,0.6529469988558784
2025-04-03 05:00:00,0,0.641662250949876
2025-04-03 05:15:00,1,0.6298543955439851
2025-04-03 05:30:00,1,0.641662250949876
2025-04-03 05:45:00,1,0.6971975147800535
2025-04-03 06:00:00,0,0.3981200244353634
2025-04-03 06:15:00,1,0.6064516264332067
2025-04-03 15:00:00,0,0.5269249335449051
2025-04-03 16:45:00,0,0.5108569791773488
2025-04-03 18:30:00,1,0.3744072851587403
2025-04-03 19:00:00,0,0.4874704773153659
2025-04-03 20:15:00,1,0.5490242525127743
2025-04-03 20:30:00,0,0.6172715122508239
2025-04-03 22:00:00,0,0.6137379841132068
2025-04-03 22:15:00,1,0.579765589692453
2025-04-03 22:30:00,0,0.5986996446628187
2025-04-03 22:45:00,0,0.5986996446628187
2025-04-03 23:00:00,1,0.8155533855240543
2025-04-03 23:45:00,1,0.8660848688677873
2025-04-04 00:00:00,0,0.3646878231119104
2025-04-04 12:00:00,1,0.7031775077039153
2025-04-04 12:15:00,1,0.6022633289421901
2025-04-04 12:30:00,1,0.2064709351007372
2025-04-04 12:45:00,1,0.6975427229347418
2025-04-04 13:30:00,1,0.444455681206081
2025-04-04 13:45:00,0,0.7032246122501692
2025-04-04 14:00:00,1,0.6570967365057788
2025-04-04 14:15:00,1,0.4013050410658007
2025-04-04 14:30:00,1,0.5372323360205619
2025-04-04 15:15:00,1,0.5756274728720407
2025-04-04 15:30:00,1,0.6444896180445252
2025-04-04 20:00:00,1,0.44241535895480905
2025-04-04 20:15:00,0,0.5157413704346765
2025-04-06 22:30:00,0,0.467068438523921
2025-04-06 22:45:00,1,0.5882295140105622
2025-04-06 23:00:00,0,0.5060489586125752
2025-04-06 23:15:00,1,0.7321705042801236
2025-04-07 03:00:00,1,0.5137729746805981
2025-04-07 03:30:00,1,0.5662850313493616
2025-04-07 03:45:00,1,0.738382813383132
2025-04-07 04:15:00,1,0.5857637396054137
2025-04-07 04:30:00,1,0.6951089965499908
2025-04-07 05:15:00,1,0.680946145762462
2025-04-07 05:45:00,0,0.5572991145407645
2025-04-07 06:30:00,1,0.8158199389058849
2025-04-07 06:45:00,0,0.4927638194090919
2025-04-07 12:45:00,1,0.6772586973241742
2025-04-07 13:00:00,0,0.8456514102390335
2025-04-07 15:00:00,1,0.7441159608123805
2025-04-07 16:00:00,1,0.3882107218721474
2025-04-07 16:30:00,0,0.6304229555981141
2025-04-07 17:15:00,1,0.646427722832653
2025-04-08 02:45:00,0,0.7116059718875962
2025-04-08 03:00:00,1,0.8107533601157849
2025-04-08 03:45:00,1,0.6223204176318915
2025-04-08 04:00:00,1,0.7568557809622077
2025-04-08 06:45:00,0,0.6986823423953472
2025-04-08 07:00:00,0,0.7038780084861189
2025-04-08 07:45:00,1,0.5256266625683443
2025-04-08 08:00:00,0,0.7403849070067247
2025-04-08 12:15:00,1,0.30341766827527555
2025-04-08 12:30:00,1,0.640622866004682
2025-04-08 12:45:00,1,0.8923996143628583
2025-04-08 14:15:00,0,0.5821143963901261
2025-04-08 15:00:00,1,0.6531065786081336
2025-04-08 15:15:00,0,0.7104971255953642
2025-04-08 15:45:00,0,0.6832050236967148
2025-04-08 16:15:00,1,0.6571134549768671
2025-04-08 16:30:00,1,0.6560050283755293
2025-04-08 16:45:00,0,0.6560050283755293
2025-04-08 17:00:00,1,0.4516542775617439
2025-04-08 17:15:00,1,0.6587260629555516
2025-04-09 03:15:00,1,0.7471064703873674
2025-04-09 03:30:00,1,0.4768443390633339
2025-04-09 04:30:00,1,0.7929252933706558
2025-04-09 04:45:00,1,0.7438376943992224
2025-04-09 05:15:00,0,0.7814605282772217
2025-04-09 05:45:00,1,0.5741014796851389
2025-04-09 06:00:00,1,0.9015913794542751
2025-04-09 06:15:00,1,0.75837423014807
2025-04-09 06:45:00,1,0.7552801525382054
2025-04-09 07:30:00,1,0.8244767480350459
2025-04-09 07:45:00,1,0.7248186219847363
2025-04-09 12:45:00,1,0.9182080748771898
2025-04-09 14:15:00,0,0.7186643976282125
2025-04-09 15:00:00,1,0.7815200522494858
2025-04-09 15:15:00,1,0.7126217052882116
2025-04-09 16:15:00,1,0.723321767617312
2025-04-09 16:30:00,1,0.723321767617312
2025-04-09 16:45:00,0,0.6953351203736831
2025-04-09 17:45:00,1,0.57061384371595
2025-04-09 22:00:00,1,0.7655771234355
2025-04-09 22:15:00,1,0.738079922989631
2025-04-09 22:30:00,1,0.738079922989631
2025-04-09 23:15:00,1,0.7181406830250981
2025-04-09 23:30:00,1,0.7501234297722508
2025-04-09 23:45:00,1,0.7940968615124093
2025-04-10 00:00:00,1,0.4002413016011663
2025-04-10 00:15:00,1,0.6104977171807838
2025-04-10 00:45:00,0,0.6071551132073357
2025-04-10 01:30:00,1,0.7964549911574735
2025-04-10 02:30:00,1,0.5561500079882356
2025-04-10 02:45:00,1,0.6329930478647168
2025-04-10 03:00:00,1,0.7045123562443165
2025-04-10 03:30:00,1,0.576067238122497
2025-04-10 03:45:00,1,0.8765061752197243
2025-04-10 04:00:00,1,0.5266935543233143
2025-04-10 04:30:00,1,0.6298316609542454
2025-04-10 05:15:00,0,0.6277123548560464
2025-04-10 05:45:00,1,0.7625405968240057
2025-04-10 06:15:00,1,0.22736535978202702
2025-04-10 06:30:00,1,0.43804422828177075
2025-04-10 06:45:00,0,0.6752224605210686
2025-04-10 07:00:00,1,0.5621176318030731
2025-04-10 07:15:00,0,0.4521066993927028
2025-04-10 08:45:00,1,0.5726849141540815
2025-04-10 16:00:00,1,0.598696173903636
2025-04-10 16:15:00,1,0.598696173903636
2025-04-10 16:45:00,0,0.27057869417611324
2025-04-10 17:00:00,1,0.6412024528002741
2025-04-10 17:15:00,1,0.6173431484787472
2025-04-10 18:15:00,1,0.6230651769629539
2025-04-10 18:30:00,0,0.5680430119927032
2025-04-10 19:15:00,1,0.5981242938387661
2025-04-10 19:30:00,1,0.6109361908935533
2025-04-10 19:45:00,1,0.6665893948769712
2025-04-10 20:45:00,1,0.5848257799948445
2025-04-10 22:00:00,1,0.6256170306834636
2025-04-10 23:00:00,1,0.6715442902105563
2025-04-10 23:15:00,1,0.661386285449563
2025-04-11 01:30:00,1,0.6434129617759917
2025-04-11 02:00:00,1,0.7033298986806787
2025-04-11 05:15:00,0,0.6161194943458219
2025-04-11 05:45:00,1,0.8212811165190578
2025-04-11 06:00:00,1,0.4233533189960288
2025-04-11 06:15:00,1,0.6976945665311158
2025-04-11 07:45:00,1,0.4480693484274925
2025-04-11 08:00:00,1,0.6211137694624969
2025-04-11 08:30:00,1,0.22511983102813157
2025-04-11 08:45:00,1,0.4703107041329842
2025-04-11 09:00:00,1,0.5685423625198184
2025-04-11 09:15:00,1,0.5019769054589014
2025-04-11 09:45:00,0,0.46202183017113746
2025-04-11 13:45:00,1,0.8649506399659362
2025-04-11 14:30:00,1,0.5750877515277996
2025-04-11 14:45:00,1,0.5028283360230981
2025-04-11 15:00:00,1,0.7130251983873273
2025-04-11 16:15:00,0,0.6041829332585192
2025-04-13 22:00:00,1,0.5804018032765962
2025-04-14 02:15:00,1,0.33368203516515504
2025-04-14 02:30:00,1,0.4513401794953811
2025-04-14 02:45:00,1,0.5214159074894331
2025-04-14 03:15:00,1,0.6978994095947108
2025-04-14 03:30:00,1,0.4761912602046035
2025-04-14 04:00:00,0,0.8135136518225853
2025-04-14 06:45:00,1,0.4701928101256772
2025-04-14 07:00:00,1,0.525760373656851
2025-04-14 07:15:00,1,0.7060425268679837
2025-04-14 07:30:00,1,0.2790954698033564
2025-04-14 07:45:00,1,0.4728693382552634
2025-04-14 08:00:00,1,0.6895041094327246
2025-04-14 17:45:00,0,0.6194590063885709
2025-04-14 18:00:00,0,0.6022474988389258
2025-04-14 18:30:00,1,0.8487790302858665
2025-04-14 19:45:00,0,0.7275811974939108
2025-04-14 20:15:00,0,0.6945166189131166
2025-04-14 20:30:00,0,0.7818651343898226
2025-04-14 23:00:00,1,0.7224079588898503
2025-04-14 23:15:00,0,0.46507006250936134
2025-04-14 23:30:00,1,0.46507006250936134
2025-04-15 00:15:00,1,0.37974420278319004
2025-04-15 00:30:00,1,0.3846646237419768
2025-04-15 01:45:00,0,0.6281113090113375
2025-04-15 02:00:00,1,0.6465049285950807
2025-04-15 02:45:00,1,0.699092880067655
2025-04-15 03:45:00,1,0.6696313690070644
2025-04-15 05:00:00,0,0.3059183498318705
2025-04-15 05:30:00,1,0.5629388461754139
2025-04-15 06:15:00,1,0.6320041819650141
2025-04-15 06:45:00,1,0.2699237375098051
2025-04-15 07:00:00,1,0.6017725680676725
2025-04-15 07:15:00,0,0.6322080504866235
2025-04-15 07:30:00,1,0.6322080504866235
2025-04-15 08:45:00,0,0.49665690751928215
2025-04-15 10:45:00,1,0.6955669657426921
2025-04-15 11:00:00,0,0.7225845527619587
2025-04-15 11:15:00,0,0.6813134461151652
2025-04-15 11:30:00,1,0.7390627796471819
2025-04-15 16:00:00,0,0.6593947726442726
2025-04-15 16:30:00,0,0.5614540290504412
2025-04-15 16:45:00,1,0.4797509915009423
2025-04-15 17:00:00,1,0.510492036752248
2025-04-15 17:30:00,0,0.6366614769526772
2025-04-15 18:00:00,1,0.5998020278750295
2025-04-15 18:15:00,1,0.6601948725463241
2025-04-15 18:30:00,1,0.6545956668689898
2025-04-15 19:00:00,0,0.6990828899100471
2025-04-15 19:15:00,1,0.7550643463627894
2025-04-15 19:45:00,1,0.7276983612622473
2025-04-15 20:15:00,1,0.44415677094969197
2025-04-15 20:30:00,1,0.7409619381902476
2025-04-15 22:00:00,1,0.6804818596774725
2025-04-15 22:15:00,1,0.718357162564391
2025-04-15 22:30:00,1,0.7090621940286076
2025-04-15 22:45:00,0,0.7066729918682028
2025-04-15 23:00:00,1,0.7065092284103356
2025-04-15 23:15:00,1,0.7269569979556777
2025-04-15 23:45:00,1,0.7054098733364006
2025-04-16 00:00:00,1,0.5237721069669399
2025-04-16 00:15:00,1,0.677523497035646
2025-04-16 01:30:00,1,0.8376935850934576
2025-04-16 02:30:00,1,0.5291478994464693
2025-04-16 03:30:00,1,0.7296324992756118
2025-04-16 03:45:00,1,0.7537527463836693
2025-04-16 04:45:00,1,0.7929252933706558
2025-04-16 05:00:00,1,0.7663958735404608
2025-04-16 05:15:00,0,0.697234879047617
2025-04-16 06:00:00,1,0.7422430723494307
2025-04-16 06:30:00,1,0.7011549229564649
2025-04-16 07:00:00,0,0.7501241200327649
2025-04-16 07:15:00,0,0.7536720239832222
2025-04-16 07:30:00,1,0.7536720239832222
2025-04-16 08:00:00,0,0.7435121446827659
2025-04-16 08:30:00,1,0.8903598989411755
2025-04-16 09:15:00,0,0.6593432659346168
2025-04-16 10:00:00,1,0.762848250978556
2025-04-16 10:15:00,1,0.927327091682071
2025-04-16 10:30:00,0,0.7033226183274065
2025-04-16 11:15:00,1,0.9184947080297515
2025-04-16 11:30:00,1,0.9332824927017203
2025-04-16 12:00:00,1,0.689123306001475
2025-04-16 12:15:00,1,0.6527360468619406
2025-04-16 13:00:00,1,0.6671539454085252
2025-04-16 13:15:00,1,0.6993670597174018
2025-04-16 13:30:00,1,0.9214512688350928
2025-04-16 15:30:00,1,0.7126217052882116
2025-04-16 15:45:00,1,0.7396150466196947
2025-04-16 17:00:00,1,0.6522691984621337
2025-04-16 17:45:00,1,0.6599530198566544
2025-04-16 18:15:00,1,0.6651043819853188
2025-04-16 19:15:00,0,0.7087926151799614
2025-04-16 19:45:00,1,0.7140329435222094
2025-04-16 20:45:00,1,0.6547911160876958
2025-04-16 22:00:00,0,0.8035246032915372
2025-04-16 23:15:00,1,0.907069147034099
2025-04-16 23:45:00,1,0.4124132044405491
2025-04-17 01:00:00,1,0.6384594266188877
2025-04-17 01:15:00,0,0.7708440882785447
2025-04-17 06:00:00,1,0.4728938532526588
2025-04-17 06:15:00,1,0.5670043804956652
2025-04-17 06:30:00,0,0.4559784505351258
2025-04-17 07:00:00,1,0.6047384949811443
2025-04-17 12:30:00,1,0.42788033891597854
2025-04-17 13:00:00,1,0.44391816376575016
2025-04-17 13:30:00,0,0.8202922808690158
2025-04-17 14:15:00,0,0.6826850230950049
2025-04-20 22:45:00,1,0.602000948464348
2025-04-20 23:00:00,1,0.8032347920544235
2025-04-21 00:00:00,1,0.5950771195989515
2025-04-21 00:30:00,0,0.5939747051407689
2025-04-21 00:45:00,1,0.5939747051407689
2025-04-21 01:00:00,1,0.6351656181643115
2025-04-21 02:00:00,1,0.5115234005135814
2025-04-21 02:15:00,1,0.7155802843074457
2025-04-21 02:30:00,1,0.7155802843074457
2025-04-21 02:45:00,0,0.6594534337696845
2025-04-21 05:00:00,0,0.7155113446198277
2025-04-21 05:15:00,1,0.6472762398887646
2025-04-21 05:45:00,1,0.7129305056895613
2025-04-21 06:00:00,1,0.6882376349074598
2025-04-21 06:15:00,1,0.6882376349074598
2025-04-21 06:30:00,1,0.6882376349074598
2025-04-21 07:00:00,0,0.6864886504673604
2025-04-21 07:45:00,1,0.8409701765927199
2025-04-21 08:00:00,1,0.5299853396282711
2025-04-21 08:30:00,1,0.5158641623982756
2025-04-21 08:45:00,1,0.6464470568900027
2025-04-21 09:30:00,0,0.4950550150766394
2025-04-21 09:45:00,1,0.5138612095181068
2025-04-21 10:00:00,0,0.6102656845583161
2025-04-21 10:30:00,1,0.6102656845583161
2025-04-21 10:45:00,0,0.6756927681330644
2025-04-21 11:00:00,1,0.883738613507919
2025-04-21 11:30:00,1,0.7625701266025516
2025-04-21 11:45:00,1,0.7625701266025516
2025-04-21 12:15:00,1,0.5842666720836153
2025-04-21 12:45:00,1,0.7663798547661305
2025-04-21 13:00:00,0,0.7810546829178269
2025-04-21 13:30:00,1,0.5842750073835358
2025-04-21 13:45:00,1,0.6436844289306509
2025-04-21 14:30:00,0,0.28104219322409907
2025-04-21 15:00:00,1,0.8639242524764574
2025-04-21 15:15:00,1,0.8887768914617438
2025-04-21 15:30:00,1,0.6173801149620431
2025-04-21 19:15:00,1,0.39952578187500215
2025-04-21 22:00:00,1,0.7582585598449237
2025-04-21 22:30:00,1,0.7235416248733214
2025-04-21 23:00:00,1,0.7491380031744843
2025-04-21 23:15:00,0,0.7329325079908687
2025-04-21 23:45:00,0,0.6948400005647245
2025-04-22 03:45:00,0,0.35024492771423305
2025-04-22 04:30:00,1,0.6572081909972705
2025-04-22 04:45:00,1,0.732804883342824
2025-04-22 05:00:00,1,0.6738889911133316
2025-04-22 05:30:00,1,0.8693856058168743
2025-04-22 05:45:00,0,0.7272283328289646
2025-04-23 18:00:00,1,0.5940799085785371
2025-04-23 18:15:00,1,0.5772018270139703
2025-04-23 18:30:00,1,0.6446779126624448
2025-04-23 18:45:00,1,0.8207094428455425
2025-04-23 19:45:00,1,0.7359704788107932
2025-04-23 20:00:00,0,0.676587173713685
2025-04-23 20:30:00,1,0.7723768587863669
2025-04-23 20:45:00,1,0.6421008782920499
2025-04-23 22:45:00,1,0.6721085577861633
2025-04-23 23:15:00,1,0.702107218357836
2025-04-23 23:45:00,1,0.7610445023769798
2025-04-24 00:00:00,1,0.5579483114812543
2025-04-24 00:15:00,1,0.6071551132073357
2025-04-24 01:15:00,1,0.6543685880790643
2025-04-24 01:45:00,1,0.3596604692107197
2025-04-24 02:00:00,0,0.5063292767310681
2025-04-24 02:45:00,0,0.5387049319170552
2025-04-24 03:00:00,0,0.3343855649216776
2025-04-24 03:30:00,1,0.7062815226764804
2025-04-24 03:45:00,1,0.4243503085752825
2025-04-24 04:30:00,1,0.5559667577468755
2025-04-24 04:45:00,1,0.5682536049638686
2025-04-24 05:00:00,1,0.5102856995100253
2025-04-24 05:30:00,1,0.8227925619753883
2025-04-24 07:45:00,1,0.7153762230761934
2025-04-24 08:15:00,1,0.45324616377976595
2025-04-24 08:30:00,1,0.5726849141540815
2025-04-24 08:45:00,1,0.5528924840550564
2025-04-24 09:15:00,0,0.5380240307360631
2025-04-24 10:30:00,1,0.5592921678392052
2025-04-24 10:45:00,1,0.5158891190783467
2025-04-24 11:00:00,1,0.7921711358788366
2025-04-24 11:15:00,0,0.735603410787706
2025-04-24 11:45:00,1,0.5799388621275853
2025-04-24 12:15:00,1,0.5406534999699194
2025-04-24 12:45:00,0,0.5929372818482337
2025-04-24 13:00:00,0,0.7525382294622948
2025-04-24 19:30:00,1,0.5559577422979467
2025-04-24 19:45:00,0,0.7079057993706189
2025-04-24 20:00:00,1,0.6864451751853602
2025-04-24 20:30:00,1,0.5687924148292489
2025-04-24 20:45:00,1,0.5683118411968078
2025-04-24 22:15:00,1,0.6680475055605658
2025-04-24 23:00:00,0,0.24493800531124948
2025-04-25 00:00:00,1,0.6771935193897944
2025-04-25 00:15:00,0,0.4411813629046885
2025-04-25 19:00:00,1,0.6152086888989212
2025-04-25 19:15:00,1,0.5978516453623679
2025-04-25 19:30:00,0,0.6002658979535099
2025-04-25 20:00:00,1,0.40597105948421286
2025-04-25 20:15:00,1,0.646003040113541
2025-04-25 20:30:00,1,0.551293542553334
2025-04-25 20:45:00,1,0.6618154814220369
2025-04-27 22:15:00,0,0.26120698166243644
2025-04-27 22:45:00,1,0.6651250395774058
2025-04-27 23:00:00,1,0.7276933805205361
2025-04-27 23:15:00,0,0.6207966742622067
2025-04-27 23:45:00,1,0.8602195802178684
2025-04-28 00:00:00,1,0.4001859601792253
2025-04-28 01:00:00,0,0.33105171747872786
2025-04-28 01:15:00,0,0.632052664683001
2025-04-28 01:45:00,1,0.632052664683001
2025-04-28 06:15:00,0,0.4108671484837642
2025-04-28 06:30:00,0,0.2522626516714965
2025-04-28 07:15:00,1,0.5227514471195531
2025-04-28 07:30:00,1,0.6525849268533358
2025-04-28 07:45:00,0,0.77379087359263
2025-04-28 09:00:00,0,0.48338434236148214
2025-04-28 09:15:00,1,0.5694288132417118
2025-04-28 09:30:00,0,0.6224665945100083
2025-04-28 09:45:00,1,0.5694288132417118
2025-04-28 13:15:00,0,0.7810546829178269
2025-04-28 14:00:00,1,0.7390513530628272
2025-04-28 14:15:00,1,0.7398979260421573
2025-04-28 14:30:00,1,0.7456005710454069
2025-04-28 15:15:00,0,0.5740784628434916
2025-04-28 15:45:00,1,0.5602370144909912
2025-04-28 16:00:00,1,0.6375953086763511
2025-04-28 16:45:00,1,0.6375953086763511
2025-04-28 17:30:00,1,0.5596350311292501
2025-04-28 18:00:00,1,0.5839442677187693
2025-04-28 18:15:00,1,0.6762270078213122
2025-04-28 18:30:00,1,0.667809734975125
2025-04-28 19:15:00,1,0.6912626691458027
2025-04-28 20:00:00,0,0.6391003283682954
2025-04-28 20:15:00,0,0.6314946041005367
2025-04-28 22:30:00,1,0.6734254217573762
2025-04-29 00:15:00,0,0.6278509883186995
2025-04-29 01:45:00,1,0.6742624848120922
2025-04-29 02:00:00,1,0.78835675137327
2025-04-29 02:30:00,0,0.5403021221449192
2025-04-29 03:00:00,1,0.7208225957829227
2025-04-29 03:30:00,1,0.7264780474763265
2025-04-29 03:45:00,0,0.5392843768835299
2025-04-29 04:45:00,1,0.6592872336126879
2025-04-29 06:45:00,0,0.5260708159918781
2025-04-29 09:00:00,1,0.49924488812468987
2025-04-29 09:15:00,0,0.4109078722309031
2025-04-29 09:30:00,0,0.45309415757757
2025-04-29 09:45:00,1,0.5589518665060035
2025-04-29 10:00:00,1,0.6273001905156067
2025-04-29 11:15:00,1,0.7011702930828179
2025-04-29 11:30:00,0,0.6386706882595639
2025-04-29 11:45:00,1,0.7203933348376359
2025-04-29 17:45:00,1,0.564496761183235
2025-04-29 18:00:00,1,0.8449377924183313
2025-04-29 18:15:00,1,0.6350402668661843
2025-04-29 18:30:00,1,0.620859781115487
2025-04-29 18:45:00,1,0.7754292828818955
2025-04-29 19:00:00,1,0.8608899030022504
2025-04-29 19:15:00,1,0.7238643304033968
2025-04-29 19:30:00,1,0.7083376932070309
2025-04-29 20:00:00,0,0.6533299199936073
2025-04-29 20:15:00,1,0.3844187238880279
2025-04-29 20:30:00,1,0.7152773590049598
2025-04-29 22:00:00,1,0.7196111361235524
2025-04-29 22:15:00,0,0.6756825862755298
2025-04-29 22:30:00,0,0.6828876361276877
2025-04-30 00:30:00,0,0.677523497035646
2025-04-30 00:45:00,1,0.677523497035646
2025-04-30 01:00:00,1,0.648130188628335
2025-04-30 01:15:00,1,0.43907971275078256
2025-04-30 01:30:00,1,0.4551681250775723
2025-04-30 01:45:00,1,0.6777341680751633
2025-04-30 02:15:00,0,0.6329336442547969
2025-04-30 02:30:00,1,0.7523544741653863
2025-04-30 03:15:00,0,0.7165861036578658
2025-04-30 03:30:00,1,0.7176774890870109
2025-04-30 03:45:00,1,0.7165861036578658
2025-04-30 07:45:00,0,0.6552780052595218
2025-04-30 08:00:00,1,0.7003760420740248
2025-04-30 08:15:00,1,0.4250909788437844
2025-04-30 08:30:00,0,0.44482951873387905
2025-04-30 09:30:00,0,0.43092370605779734
2025-04-30 10:00:00,1,0.7988129596184699
2025-04-30 10:15:00,1,0.7060014231185624
2025-04-30 10:30:00,1,0.7178698565009678
2025-04-30 10:45:00,1,0.7381385598791959
2025-04-30 11:00:00,1,0.6378506464669358
2025-04-30 11:45:00,1,0.8069354340368701
2025-04-30 14:15:00,0,0.5510715222158911
2025-04-30 14:30:00,1,0.8765459588105052
2025-04-30 15:15:00,1,0.683972787856618
2025-04-30 15:45:00,1,0.7898973533283689
2025-04-30 16:00:00,1,0.7053070296257891
2025-04-30 16:30:00,0,0.7812104194652375
2025-04-30 18:00:00,0,0.6641652424139431
2025-04-30 18:30:00,1,0.6007001306345366
2025-04-30 18:45:00,1,0.6007001306345366
2025-04-30 19:15:00,1,0.7687197375594711
2025-04-30 19:30:00,1,0.7773169909187128
2025-04-30 19:45:00,1,0.7627547817708861
2025-04-30 20:00:00,0,0.7703924320948465
2025-04-30 20:15:00,0,0.6778338561136834
2025-04-30 22:00:00,1,0.7698651574823894
2025-04-30 23:30:00,1,0.7813083225407281
2025-05-01 00:00:00,1,0.39401526594017705
2025-05-01 00:15:00,0,0.4708418269715619
2025-05-01 00:30:00,1,0.584791692218468
2025-05-01 00:45:00,1,0.3314742849270515
2025-05-01 13:45:00,1,0.25962631142264736
2025-05-01 14:00:00,0,0.42383884336609035
2025-05-01 15:00:00,0,0.5223753367733421
2025-05-01 16:30:00,1,0.5232602268435729
2025-05-01 17:00:00,1,0.48543496865339664
2025-05-01 17:15:00,1,0.5838132785577576
2025-05-01 18:15:00,1,0.444970544326675
2025-05-01 19:15:00,1,0.5072475810266562
2025-05-01 19:30:00,1,0.5887434443157001
2025-05-01 20:45:00,1,0.5648704321553791
2025-05-01 22:15:00,0,0.6164315281774285
2025-05-01 22:30:00,1,0.6958998332389094
2025-05-01 22:45:00,0,0.6627682405302683
2025-05-01 23:15:00,1,0.623902254736026
2025-05-02 00:00:00,1,0.3990153772546544
2025-05-02 00:15:00,0,0.5852641895868617
2025-05-02 00:45:00,1,0.7438419811236262
2025-05-02 01:30:00,1,0.38199350225099377
2025-05-02 02:00:00,1,0.69176026507684
2025-05-02 02:15:00,1,0.6955149561844136
2025-05-02 03:00:00,1,0.6832362634098794
2025-05-02 03:15:00,1,0.6396976941077633
2025-05-02 03:30:00,0,0.6396976941077633
2025-05-02 04:30:00,0,0.214783731740256
2025-05-02 05:00:00,0,0.6209101415989147
2025-05-02 05:15:00,1,0.42205775001492096
2025-05-02 08:00:00,1,0.5567578027385596
2025-05-02 08:30:00,1,0.5134133282447444
2025-05-02 09:15:00,1,0.4448451776232495
2025-05-02 10:15:00,0,0.6669213959705783
2025-05-02 10:30:00,1,0.5722721981978937
2025-05-02 10:45:00,1,0.6636236755374171
2025-05-02 12:00:00,1,0.5118687698903363
2025-05-02 12:15:00,1,0.23592281479445676
2025-05-02 12:45:00,1,0.7057749821236656
2025-05-05 01:00:00,1,0.6332862481809098
2025-05-05 01:15:00,1,0.6363947690319319
2025-05-05 01:30:00,1,0.44497037846580817
2025-05-05 02:00:00,1,0.5217089887235692
2025-05-05 02:15:00,1,0.7238153890432883
2025-05-05 02:30:00,1,0.7051893710015417
2025-05-05 03:00:00,1,0.30100458307585914
2025-05-05 03:15:00,0,0.4260609376288634
2025-05-05 03:30:00,1,0.8207269764093345
2025-05-05 03:45:00,1,0.5095030390032323
2025-05-05 04:00:00,0,0.7081193128210223
2025-05-05 04:30:00,1,0.5276579720009068
2025-05-05 04:45:00,1,0.706221809097552
2025-05-05 05:30:00,1,0.544931280204879
2025-05-05 05:45:00,1,0.581994358162082
2025-05-05 06:00:00,0,0.4701928101256772
2025-05-05 06:15:00,1,0.612265236397307
2025-05-05 06:30:00,1,0.6929504101303513
2025-05-05 07:00:00,1,0.4393492228048493
2025-05-05 07:15:00,1,0.5367519193387223
2025-05-05 07:30:00,1,0.8755992455276322
2025-05-05 07:45:00,1,0.5130790391804915
2025-05-05 08:00:00,1,0.5972304117215833
2025-05-05 08:30:00,1,0.6977258312160577
2025-05-05 08:45:00,1,0.6977258312160577
2025-05-05 09:00:00,1,0.6280572240741213
2025-05-05 09:15:00,1,0.6280572240741213
2025-05-05 09:45:00,1,0.6301952249640327
2025-05-05 10:00:00,1,0.5834156641619866
2025-05-05 10:15:00,1,0.7408328681600705
2025-05-05 10:45:00,1,0.5446040853031721
2025-05-05 11:45:00,1,0.8374642931959732
2025-05-05 12:00:00,1,0.7718281053312863
2025-05-05 12:15:00,1,0.7664091999779769
2025-05-05 12:30:00,0,0.7664091999779769
2025-05-05 13:00:00,1,0.7810827113584339
2025-05-05 13:15:00,0,0.7431551605945267
2025-05-05 13:30:00,1,0.32555404513699976
2025-05-05 13:45:00,1,0.5872996756315965
2025-05-05 14:15:00,0,0.6119756288953272
2025-05-05 15:30:00,1,0.7615881603926521
2025-05-05 15:45:00,0,0.6644135946513384
2025-05-05 20:00:00,1,0.6702843245610093
2025-05-05 20:45:00,1,0.7022682315822021
2025-05-05 23:00:00,1,0.8705225303744177
2025-05-05 23:15:00,1,0.6281072470535861
2025-05-05 23:30:00,1,0.665848413096052
2025-05-06 03:00:00,1,0.8505885719020818
2025-05-06 03:15:00,1,0.7690961498039499
2025-05-06 03:45:00,1,0.5346472114239186
2025-05-06 04:00:00,1,0.5891416718969908
2025-05-06 04:15:00,1,0.6572081909972705
2025-05-06 04:30:00,1,0.850155937004582
2025-05-06 04:45:00,0,0.8752898523304639
2025-05-06 05:00:00,1,0.6738889911133316
2025-05-06 08:30:00,1,0.3284947197977769
2025-05-06 08:45:00,1,0.6035689271181598
2025-05-06 09:00:00,0,0.5843342621662891
2025-05-06 09:15:00,1,0.6792508627090251
2025-05-06 09:45:00,0,0.5598755094648962
2025-05-06 10:00:00,0,0.6808985648912577
2025-05-06 10:15:00,1,0.6970192902427057
2025-05-06 10:45:00,0,0.6970192902427057
2025-05-06 11:00:00,0,0.7289908312525025
2025-05-06 12:15:00,1,0.8924701651922314
2025-05-06 13:00:00,1,0.7919398074414152
2025-05-06 13:15:00,0,0.7919398074414152
2025-05-06 13:30:00,1,0.7628620197087291
2025-05-06 14:15:00,1,0.26029736262151815
2025-05-06 14:45:00,1,0.8710339317736286
2025-05-06 15:00:00,1,0.6832050236967148
2025-05-06 15:15:00,0,0.6531065786081336
2025-05-06 15:45:00,1,0.6531065786081336
2025-05-06 16:15:00,1,0.7173946640106144
2025-05-06 16:30:00,1,0.7173946640106144
2025-05-06 16:45:00,1,0.6571134549768671
2025-05-06 17:15:00,1,0.6653677197975602
2025-05-06 18:30:00,1,0.5987389098117185
2025-05-06 18:45:00,0,0.6439226491030866
2025-05-06 19:00:00,1,0.7268063608863288
2025-05-06 19:30:00,1,0.6998213362661945
2025-05-06 19:45:00,1,0.7206261068071899
2025-05-06 20:00:00,1,0.6285470567332138
2025-05-06 20:30:00,0,0.7152854710728908
2025-05-06 22:00:00,1,0.3096211334474291
2025-05-06 22:15:00,1,0.7238750339974639
2025-05-06 22:45:00,1,0.7238750339974639
2025-05-07 07:45:00,0,0.5892211515938773
2025-05-07 08:15:00,0,0.6184663508598971
2025-05-07 08:30:00,0,0.62098050672178
2025-05-07 09:00:00,1,0.5345240515190058
2025-05-07 12:15:00,1,0.6819759758338416
2025-05-07 12:30:00,1,0.60998090340489
2025-05-07 12:45:00,1,0.7814174713497909
2025-05-07 13:00:00,1,0.7927851924815014
2025-05-07 14:00:00,1,0.3408564498149451
2025-05-08 02:15:00,0,0.5739410490355071
2025-05-08 03:15:00,0,0.3275192729529532
2025-05-08 04:30:00,0,0.4893386475662302
2025-05-08 05:00:00,0,0.6456956934992027
2025-05-08 06:00:00,1,0.6203521960960081
2025-05-08 06:15:00,1,0.6203521960960081
2025-05-08 06:30:00,1,0.6203521960960081
2025-05-08 10:45:00,1,0.3931715014622131
2025-05-08 11:30:00,1,0.4999946720915798
2025-05-08 12:00:00,1,0.6354090161017556
2025-05-08 12:15:00,1,0.6600773655967744
2025-05-08 12:30:00,1,0.3878046346486669
2025-05-08 13:00:00,1,0.6786295101194284
2025-05-08 13:15:00,1,0.6786295101194284
2025-05-08 13:45:00,1,0.5518152121557959
2025-05-08 15:00:00,1,0.5090460661910312
2025-05-08 15:15:00,1,0.5490312129555793
2025-05-08 15:30:00,1,0.6810839141399933
2025-05-08 15:45:00,0,0.6810839141399933
2025-05-08 16:00:00,1,0.6760331199086952
2025-05-08 16:15:00,0,0.4476770096726447
2025-05-08 17:00:00,1,0.4720593152119945
2025-05-08 17:15:00,1,0.6204205433383989
2025-05-09 05:15:00,0,0.23561243878311802
2025-05-09 05:30:00,1,0.6834611877577454
2025-05-09 05:45:00,1,0.38484254325898537
2025-05-09 06:00:00,1,0.35408971398709604
2025-05-09 06:15:00,1,0.3684779001720354
2025-05-09 07:15:00,1,0.5941074946941227
2025-05-09 07:30:00,0,0.5307065773300006
2025-05-09 08:00:00,1,0.8088083781244988
2025-05-09 08:30:00,1,0.5929228070290283
2025-05-09 08:45:00,0,0.5134133282447444
2025-05-09 09:15:00,1,0.38604883353126845
2025-05-09 10:00:00,1,0.652612309721529
2025-05-09 10:15:00,1,0.5896558815697612
2025-05-09 10:45:00,1,0.5623418649783182
2025-05-09 12:15:00,0,0.7059275750260314
2025-05-09 12:45:00,0,0.7059275750260314
2025-05-09 14:00:00,1,0.6724408338331719
2025-05-09 17:00:00,1,0.5885718903862823
2025-05-09 17:15:00,1,0.45857028867341265
2025-05-09 18:00:00,0,0.5565111997908282
2025-05-09 18:30:00,1,0.5228409987156549
2025-05-09 19:00:00,0,0.27877296971078075
2025-05-09 19:30:00,1,0.6605092838000439
2025-05-09 20:00:00,0,0.6205277342223919
2025-05-09 20:45:00,0,0.6326233540338636
2025-05-11 22:00:00,0,0.7353936118297706
2025-05-11 22:30:00,1,0.7321705042801236
2025-05-11 22:45:00,1,0.5060489586125752
2025-05-12 22:15:00,0,0.6800736505330142
2025-05-12 22:30:00,0,0.6198032158256329
2025-05-12 22:45:00,1,0.845424595452788
2025-05-12 23:00:00,1,0.45892057483232124
2025-05-12 23:30:00,1,0.7355853878396704
2025-05-13 00:00:00,0,0.5185425496191247
2025-05-13 00:30:00,1,0.3783260736382599
2025-05-13 00:45:00,0,0.5575348730013867
2025-05-13 01:15:00,0,0.6247918326689482
2025-05-13 01:30:00,1,0.6247918326689482
2025-05-13 05:15:00,0,0.6764057011542974
2025-05-13 05:45:00,1,0.7291790334390119
2025-05-13 06:30:00,0,0.7026711383525691
2025-05-13 07:30:00,0,0.5969122288235298
2025-05-13 08:30:00,1,0.6013743606067644
2025-05-13 09:00:00,1,0.25968024827334013
2025-05-13 09:15:00,1,0.5845127599439837
2025-05-13 09:45:00,1,0.4741231336452003
2025-05-13 10:00:00,1,0.6491739164222028
2025-05-13 10:15:00,0,0.7103046950233671
2025-05-13 11:00:00,1,0.5727024314911799
2025-05-13 11:15:00,1,0.8635294083227443
2025-05-13 11:30:00,0,0.7225845527619587
2025-05-13 11:45:00,0,0.7273295697589959
2025-05-13 12:00:00,1,0.7372864763309809
2025-05-13 12:15:00,1,0.7372864763309809
2025-05-13 12:45:00,1,0.7777869884298414
2025-05-13 13:00:00,1,0.6986500246320575
2025-05-13 13:30:00,1,0.761624573748286
2025-05-13 13:45:00,1,0.7844971174068067
2025-05-13 23:15:00,0,0.648211044494389
2025-05-14 00:00:00,1,0.6972522133304724
2025-05-14 00:15:00,1,0.5559873412697405
2025-05-14 01:15:00,1,0.771622926938741
2025-05-14 01:30:00,1,0.8344913354329677
2025-05-14 01:45:00,0,0.6777341680751633
2025-05-14 02:15:00,1,0.7523544741653863
2025-05-14 02:30:00,1,0.7523544741653863
2025-05-14 02:45:00,0,0.7679531078852859
2025-05-14 03:00:00,0,0.744240640026984
2025-05-14 04:00:00,1,0.7028524673101072
2025-05-14 08:45:00,1,0.5952105949344991
2025-05-14 09:00:00,1,0.3730339393545105
2025-05-14 10:45:00,0,0.8980391738280983
2025-05-14 11:45:00,1,0.7655714529779382
2025-05-14 12:00:00,1,0.7693475890906508
2025-05-14 12:30:00,0,0.7814174713497909
2025-05-14 12:45:00,1,0.820748680527743
2025-05-14 13:00:00,1,0.830514575638196
2025-05-15 01:15:00,0,0.3205984065522985
2025-05-15 01:45:00,1,0.5807080906037868
2025-05-15 02:00:00,0,0.44498398699168645
2025-05-15 02:30:00,0,0.6739056628371614
2025-05-15 02:45:00,1,0.6739056628371614
2025-05-15 03:00:00,1,0.6605662377721772
2025-05-15 03:30:00,1,0.4743554663716272
2025-05-15 03:45:00,0,0.6133722375470233
2025-05-15 04:15:00,1,0.5893232338852402
2025-05-15 04:30:00,0,0.5893232338852402
2025-05-15 04:45:00,1,0.6490419089608723
2025-05-15 17:30:00,1,0.6976794315302941
2025-05-15 18:00:00,1,0.5375747765386599
2025-05-15 18:15:00,1,0.4614881149382535
2025-05-15 18:45:00,1,0.5755747761877626
2025-05-15 19:00:00,1,0.569145577201349
2025-05-15 19:15:00,1,0.569145577201349
2025-05-15 19:45:00,1,0.5559577422979467
2025-05-15 20:00:00,1,0.5450141038098001
2025-05-15 20:15:00,0,0.5585548398317369
2025-05-15 20:30:00,1,0.551159971145114
2025-05-15 22:00:00,1,0.6951864706698169
2025-05-15 22:15:00,1,0.6951864706698169
2025-05-15 22:30:00,0,0.6951864706698169
2025-05-16 00:30:00,0,0.41280576062478685
2025-05-16 01:15:00,0,0.6393489389542918
2025-05-16 01:45:00,1,0.48870814823847414
2025-05-16 02:15:00,1,0.43651226963299833
2025-05-16 02:30:00,1,0.5361893409275644
2025-05-16 02:45:00,0,0.7033298986806787
2025-05-16 06:45:00,1,0.3836796683546965
2025-05-16 07:00:00,0,0.4294194354961992
2025-05-16 07:15:00,1,0.5780041760176244
2025-05-16 07:30:00,0,0.5500919143625014
2025-05-16 08:00:00,1,0.5555384480876984
2025-05-16 17:45:00,1,0.5036277728527564
2025-05-16 18:00:00,1,0.4589318016756601
2025-05-16 18:30:00,1,0.470436539554132
2025-05-16 18:45:00,1,0.4605759039205572
2025-05-16 19:00:00,1,0.644145865789465
2025-05-16 19:15:00,1,0.5299030522800284
2025-05-16 19:30:00,1,0.5776571073904273
2025-05-16 20:30:00,1,0.5291822268329955
2025-05-16 20:45:00,1,0.6270098496581477
2025-05-18 22:00:00,1,0.7332830699580081
2025-05-18 22:15:00,1,0.6888770593344236
2025-05-18 22:30:00,1,0.6964607807351523
2025-05-18 23:00:00,0,0.6859742689242767
2025-05-18 23:15:00,0,0.6557120371299472
2025-05-18 23:45:00,1,0.7798691108394249
2025-05-19 00:00:00,1,0.6103808473800576
2025-05-19 00:30:00,1,0.5972045090492372
2025-05-19 01:00:00,0,0.3301529665158007
2025-05-19 07:00:00,1,0.6933781724495409
2025-05-19 07:30:00,1,0.6933781724495409
2025-05-19 08:00:00,1,0.6977258312160577
2025-05-19 08:30:00,1,0.6272519559105981
2025-05-19 08:45:00,0,0.6272519559105981
2025-05-19 09:45:00,0,0.6249365754879211
2025-05-19 10:15:00,1,0.5841127946776139
2025-05-19 10:45:00,1,0.5785815384094669
2025-05-19 11:30:00,0,0.7041144298466869
2025-05-19 12:30:00,0,0.5714903700046379
2025-05-19 13:15:00,1,0.7810827113584339
2025-05-19 13:45:00,1,0.3230069272993188
2025-05-19 14:00:00,1,0.8645629870179242
2025-05-19 14:45:00,0,0.880675591275234
2025-05-19 16:30:00,1,0.8278388458170833
2025-05-19 17:30:00,1,0.6162776161762243
2025-05-19 17:45:00,1,0.6164949842294511
2025-05-19 18:00:00,1,0.8152213874166366
2025-05-19 18:30:00,1,0.6094755108167754
2025-05-19 19:00:00,0,0.6340457681369611
2025-05-19 19:15:00,0,0.8274811661473774
2025-05-19 19:45:00,0,0.6433284838210456
2025-05-19 20:00:00,0,0.7367980533693841
2025-05-19 20:15:00,1,0.6951121472411765
2025-05-19 20:45:00,0,0.7246645233875864
2025-05-19 22:00:00,0,0.6160587185258637
2025-05-19 22:30:00,0,0.5086142230784924
2025-05-19 23:00:00,1,0.5263193790311097
2025-05-19 23:30:00,0,0.480299429343457
2025-05-20 00:15:00,1,0.5711033919953626
2025-05-20 09:30:00,1,0.6341440081267955
2025-05-20 09:45:00,0,0.5783238656109735
2025-05-20 10:00:00,0,0.3467989262294663
2025-05-20 10:15:00,1,0.7685751664249445
2025-05-20 10:30:00,1,0.6808985648912577
2025-05-20 11:15:00,1,0.7331782499700167
2025-05-20 11:30:00,1,0.7153375317113769
2025-05-20 12:00:00,1,0.6597780444298169
2025-05-20 13:00:00,1,0.8980919193236299
2025-05-20 13:15:00,1,0.6434955928532288
2025-05-20 13:45:00,1,0.7908124887888807
2025-05-20 14:00:00,1,0.7463714965572851
2025-05-20 14:30:00,1,0.7462219373413476
2025-05-20 14:45:00,1,0.7463714965572851
2025-05-20 15:00:00,1,0.6900282458462785
2025-05-20 15:45:00,1,0.6650229345954323
2025-05-20 16:00:00,1,0.6625026398337743
2025-05-20 17:30:00,1,0.5608706415644719
2025-05-20 17:45:00,1,0.5939969978462353
2025-05-20 18:15:00,0,0.6439226491030866
2025-05-20 18:30:00,1,0.5843006150280367
2025-05-20 18:45:00,1,0.6645845924906401
2025-05-20 19:15:00,1,0.6702675134278665
2025-05-20 19:30:00,1,0.692990502060126
2025-05-20 19:45:00,1,0.7249342358085124
2025-05-20 20:00:00,0,0.7064917694294457
2025-05-20 20:30:00,1,0.7527358240217589
2025-05-20 22:45:00,0,0.7705315983696545
2025-05-20 23:00:00,1,0.32776859184928864
2025-05-20 23:15:00,0,0.6308840529244366
2025-05-20 23:30:00,1,0.8414824825632444
2025-05-21 00:00:00,1,0.9031887809474992
2025-05-21 00:30:00,0,0.680582349519748
2025-05-21 07:45:00,1,0.6971282435845868
2025-05-21 08:00:00,1,0.8731925579015924
2025-05-21 08:15:00,1,0.5989813792773377
2025-05-21 08:30:00,1,0.5989813792773377
2025-05-21 09:00:00,1,0.6154205994973085
2025-05-21 09:15:00,1,0.6877428170125113
2025-05-21 09:30:00,1,0.6398059261609631
2025-05-21 09:45:00,1,0.6879006263625912
2025-05-21 10:15:00,1,0.7880382041875801
2025-05-21 10:30:00,1,0.8899806179892832
2025-05-21 11:00:00,1,0.7657403102800326
2025-05-21 11:15:00,0,0.8077749266389553
2025-05-21 15:30:00,1,0.7015837071736846
2025-05-21 16:15:00,0,0.7097148159850769
2025-05-21 16:45:00,1,0.7528435032025701
2025-05-21 17:00:00,1,0.6599530198566544
2025-05-21 17:45:00,0,0.7193823381643105
2025-05-21 18:15:00,1,0.6389391453900501
2025-05-21 18:30:00,0,0.6770423016313013
2025-05-21 18:45:00,1,0.6449898756057884
2025-05-21 20:30:00,1,0.753756200709499
2025-05-21 20:45:00,1,0.693017363613978
2025-05-21 22:15:00,0,0.7908459346365805
2025-05-21 22:45:00,1,0.7388190053670589
2025-05-21 23:15:00,0,0.6602512215483133
2025-05-21 23:45:00,1,0.8014649591654264
2025-05-22 00:00:00,0,0.5731228723433176
2025-05-22 00:30:00,1,0.5375894234753852
2025-05-22 01:00:00,1,0.618573287221218
2025-05-22 01:15:00,1,0.6386290556982884
2025-05-22 01:30:00,0,0.6416928608071477
2025-05-22 02:00:00,0,0.705449569685505
2025-05-22 02:15:00,1,0.6746610959475575
2025-05-22 02:45:00,0,0.705449569685505
2025-05-22 04:30:00,1,0.46524357495670976
2025-05-22 04:45:00,0,0.6324760529829773
2025-05-22 05:00:00,1,0.694688779836122
2025-05-22 05:30:00,0,0.2547764468425521
2025-05-22 06:00:00,0,0.47857293218802094
2025-05-22 06:15:00,1,0.5762848583986373
2025-05-22 06:30:00,1,0.5223965859138087
2025-05-22 06:45:00,1,0.5271396415866304
2025-05-22 07:00:00,1,0.5932917032068799
2025-05-22 07:15:00,0,0.6703408283293317
2025-05-22 07:45:00,0,0.4705234741629489
2025-05-22 08:15:00,0,0.6125297235271479
2025-05-22 08:30:00,0,0.612355279690313
2025-05-22 08:45:00,0,0.612355279690313
2025-05-22 09:15:00,0,0.542731503488567
2025-05-22 10:45:00,1,0.6743248390213022
2025-05-22 13:30:00,0,0.48386091457511954
2025-05-22 13:45:00,1,0.7404457330544535
2025-05-23 08:15:00,1,0.6030340224468896
2025-05-23 09:30:00,0,0.4745444778783353
2025-05-23 10:00:00,1,0.7304405700223343
2025-05-23 10:30:00,0,0.519699394772194
2025-05-23 11:00:00,1,0.5393679201119989
2025-05-23 11:45:00,1,0.6992921527407574
2025-05-23 12:15:00,0,0.7031775077039153
2025-05-23 14:00:00,1,0.8266865682617978
2025-05-23 15:45:00,1,0.5393130184028144
2025-05-23 16:00:00,0,0.5548348145910412
2025-05-23 17:00:00,1,0.5208314106416516
2025-05-23 17:45:00,1,0.5684650218947566
2025-05-23 18:15:00,0,0.4572419457746099
2025-05-23 18:45:00,1,0.6127010229662383
2025-05-23 19:00:00,0,0.6255006143793145
2025-05-23 19:30:00,0,0.6121901116437194
2025-05-23 20:15:00,0,0.6143612935725657
2025-05-23 20:30:00,0,0.6326233540338636
2025-05-26 14:30:00,0,0.6520794350343908
2025-05-26 14:45:00,1,0.6576365891773057
2025-05-26 15:00:00,1,0.568497296659413
2025-05-26 15:45:00,1,0.6258814732502569
2025-05-26 16:15:00,1,0.6411754603085839
2025-05-26 16:45:00,0,0.5993451617562715
2025-05-26 17:15:00,1,0.42190387625126363
2025-05-26 17:30:00,1,0.38883394185026676
2025-05-26 17:45:00,1,0.26097509183377754
2025-05-26 22:00:00,1,0.5885207873832651
2025-05-26 23:00:00,0,0.5134990815709211
2025-05-26 23:45:00,1,0.629297365034978
2025-05-27 00:00:00,0,0.4051928758886745
2025-05-27 00:30:00,0,0.4582053900288464
2025-05-27 00:45:00,0,0.5939129645804199
2025-05-27 01:15:00,1,0.6123938234555918
2025-05-27 01:30:00,1,0.631383858498314
2025-05-27 02:30:00,0,0.5010223382019336
2025-05-27 04:30:00,0,0.6674650795839204
2025-05-27 04:45:00,1,0.6121350392653767
2025-05-27 05:00:00,0,0.6096444520304793
2025-05-27 05:30:00,1,0.6447715322801648
2025-05-27 05:45:00,1,0.4126430101617527
2025-05-27 06:00:00,0,0.394668873151215
2025-05-27 06:30:00,0,0.668465012502591
2025-05-27 06:45:00,1,0.6683021144197034
2025-05-27 07:00:00,1,0.40934151801148094
2025-05-27 07:15:00,1,0.7045243971841302
2025-05-27 18:30:00,1,0.6816102096048702
2025-05-27 18:45:00,1,0.6633649387189033
2025-05-27 19:00:00,1,0.5614475911297488
2025-05-27 19:15:00,0,0.5456958620792282
2025-05-27 20:00:00,1,0.5504883644722702
2025-05-27 20:30:00,0,0.5447766601141596
2025-05-27 20:45:00,1,0.6488195734854508
2025-05-27 22:00:00,1,0.5108771126713374
2025-05-27 22:15:00,0,0.5553505223076645
2025-05-27 22:45:00,1,0.4993684220534168
2025-05-28 00:45:00,0,0.7228262016113773
2025-05-28 01:30:00,1,0.7059472814682749
2025-05-28 02:30:00,0,0.4146155230502736
2025-05-28 02:45:00,0,0.7815669286877838
2025-05-28 09:15:00,0,0.6285166236464431
2025-05-28 09:30:00,1,0.6130547787085527
2025-05-28 10:00:00,1,0.6982797696615104
2025-05-28 10:15:00,0,0.6010897590878085
2025-05-28 10:30:00,0,0.6872822677154141
2025-05-29 04:30:00,0,0.2628999453724811
2025-05-29 05:15:00,0,0.4967397196329321
2025-05-29 05:30:00,1,0.7645334667240344
2025-05-29 05:45:00,0,0.5360376888606215
2025-05-29 06:45:00,1,0.33591684157940893
2025-05-29 07:00:00,1,0.5834484115693344
2025-05-29 07:15:00,0,0.5478302108646823
2025-05-29 07:30:00,1,0.5834484115693344
2025-05-29 09:00:00,0,0.21094972471181173
2025-05-29 09:15:00,1,0.5068978285218906
2025-05-29 09:30:00,0,0.45572527634792426
2025-05-29 09:45:00,1,0.3462588693348007
2025-05-29 10:00:00,1,0.5957266968394545
2025-05-29 10:15:00,1,0.6895981872523
2025-05-29 10:30:00,1,0.6897672433622362
2025-05-29 11:00:00,1,0.7220515718019365
2025-05-29 11:15:00,1,0.7238177107989157
2025-05-29 11:30:00,1,0.7236597761690553
2025-05-29 11:45:00,1,0.5527559837101205
2025-05-29 12:15:00,1,0.7261210198731215
2025-05-29 12:30:00,1,0.7261210198731215
2025-05-29 14:15:00,1,0.6873133026168329
2025-05-29 14:30:00,1,0.8426919303354558
2025-05-29 14:45:00,1,0.545427024859137
2025-05-29 15:15:00,1,0.5229013781005968
2025-05-29 15:45:00,1,0.6309456322108
2025-05-29 16:00:00,0,0.6943404635518926
2025-05-29 16:30:00,0,0.5669947474009848
2025-05-29 16:45:00,1,0.24516214149761276
2025-05-29 17:00:00,1,0.4670245884421026
2025-05-29 17:30:00,1,0.7280414268229995
2025-05-29 17:45:00,0,0.5363958573698678
2025-05-29 18:45:00,0,0.5016984833073871
2025-05-29 19:00:00,0,0.30521302165969355
2025-05-29 19:45:00,1,0.6326830714949279
2025-05-29 20:30:00,1,0.6049648420235545
2025-05-29 20:45:00,0,0.5528302874124313
2025-05-29 22:15:00,0,0.5505747209947661
2025-05-29 22:30:00,1,0.5508857739195999
2025-05-29 22:45:00,1,0.532250011959567
2025-05-29 23:15:00,0,0.5464386820191804
2025-05-29 23:45:00,0,0.5464386820191804
2025-05-30 00:15:00,0,0.5942185417836994
2025-05-30 00:30:00,1,0.6049879692253727
2025-05-30 01:00:00,0,0.8721555297445721
2025-05-30 01:45:00,1,0.5999809572178958
2025-05-30 02:00:00,0,0.6973790437517301
2025-05-30 02:15:00,1,0.6955149561844136
2025-05-30 02:30:00,0,0.69176026507684
2025-05-30 02:45:00,1,0.6787956982722892
2025-05-30 03:30:00,1,0.5689752106828384
2025-05-30 13:45:00,1,0.7116629217864948
2025-05-30 17:00:00,0,0.38114151382207073
2025-05-30 17:15:00,1,0.4042313025563491
2025-05-30 17:45:00,1,0.3798755498122696
2025-05-30 18:15:00,0,0.3616242336298257
2025-05-30 18:45:00,1,0.5308713400296149
2025-05-30 19:00:00,0,0.6218985037670292
2025-05-30 19:15:00,0,0.5414339107810424
2025-05-30 20:30:00,1,0.4870343215138583
2025-06-01 22:00:00,0,0.606673104005431
2025-06-01 22:30:00,1,0.7067028140647466
2025-06-01 22:45:00,0,0.7141006622072884
2025-06-02 00:30:00,1,0.7641785241481402
2025-06-02 01:00:00,1,0.633115551943166
2025-06-02 01:15:00,0,0.5512520160721571
2025-06-02 07:45:00,1,0.5288988492784198
2025-06-02 08:15:00,1,0.53033932152448
2025-06-02 08:45:00,0,0.58310727263647
2025-06-02 09:15:00,0,0.5097363264791631
2025-06-02 09:30:00,1,0.7998416276964637
2025-06-02 10:00:00,1,0.6565574952941782
2025-06-02 10:45:00,1,0.8385464558321873
2025-06-02 11:00:00,1,0.5791734941450498
2025-06-02 11:30:00,1,0.7203876736264182
2025-06-02 12:15:00,1,0.7571986743623753
2025-06-02 12:45:00,1,0.7102357609571743
2025-06-02 13:15:00,1,0.5861108775117738
2025-06-02 14:00:00,1,0.7398979260421573
2025-06-02 14:30:00,0,0.7456005710454069
2025-06-02 15:15:00,1,0.8087666547710691
2025-06-02 16:30:00,1,0.649831110140602
2025-06-03 00:00:00,0,0.33188279771984625
2025-06-03 01:00:00,1,0.6661812626746856
2025-06-03 20:00:00,1,0.517026239800285
2025-06-03 20:30:00,1,0.5872921951631218
2025-06-03 22:15:00,1,0.61035514978129
2025-06-03 22:30:00,1,0.5709578190075205
2025-06-04 00:00:00,1,0.5472247104094019
2025-06-04 00:15:00,0,0.5304329057796969
2025-06-04 00:45:00,1,0.6183396912586637
2025-06-04 03:15:00,0,0.5377061635697552
2025-06-04 03:30:00,0,0.7096467245638741
2025-06-04 04:00:00,1,0.6181147439061184
2025-06-04 04:15:00,0,0.7731071690868989
2025-06-04 04:30:00,0,0.4519619991907805
2025-06-04 04:45:00,1,0.5805061089500999
2025-06-04 05:00:00,0,0.5782934846336782
2025-06-04 05:45:00,1,0.7078273910832564
2025-06-04 06:45:00,1,0.4753204549190107
2025-06-04 07:00:00,0,0.8551795657791341
2025-06-04 08:00:00,1,0.8435139418755578
2025-06-04 08:30:00,1,0.6924421427776257
2025-06-04 08:45:00,1,0.7468440908332601
2025-06-04 09:00:00,1,0.595629354754794
2025-06-04 09:30:00,1,0.5982597843762454
2025-06-04 09:45:00,0,0.5982597843762454
2025-06-04 10:00:00,0,0.45031800991516974
2025-06-04 10:45:00,1,0.7894981491930834
2025-06-04 15:15:00,0,0.7178786775163288
2025-06-04 16:00:00,1,0.7164975399946155
2025-06-04 16:15:00,1,0.7569605451717139
2025-06-04 17:15:00,1,0.6117046770004492
2025-06-04 17:45:00,1,0.6637825406811243
2025-06-04 18:15:00,0,0.7078375200178125
2025-06-04 19:30:00,1,0.7125159136864074
2025-06-04 20:45:00,1,0.6088531641830089
2025-06-04 22:15:00,0,0.642654134725547
2025-06-04 22:30:00,0,0.5948748107731102
2025-06-04 23:00:00,1,0.6626158399830078
2025-06-04 23:15:00,0,0.6279316851489277
2025-06-04 23:30:00,1,0.6549279265535299
2025-06-04 23:45:00,0,0.6549279265535299
2025-06-05 00:00:00,1,0.45223996900216784
2025-06-05 00:15:00,0,0.5875656907094576
2025-06-05 00:30:00,1,0.6482371908171138
2025-06-05 00:45:00,0,0.5832373536423225
2025-06-05 01:30:00,1,0.618573287221218
2025-06-05 02:00:00,0,0.7045171994973685
2025-06-05 11:30:00,0,0.5393152282246074
2025-06-05 13:30:00,0,0.7944694582688683
2025-06-05 13:45:00,1,0.311159442702084
2025-06-05 14:30:00,0,0.5391207264292651
2025-06-05 14:45:00,0,0.6946547622878543
2025-06-05 15:15:00,1,0.6810839141399933
2025-06-05 15:30:00,1,0.6873617753567336
2025-06-05 19:45:00,0,0.4093094226827522
2025-06-05 20:00:00,0,0.5701850224010714
2025-06-05 20:30:00,1,0.5622520789256912
2025-06-05 22:00:00,1,0.8120697695797572
2025-06-05 22:30:00,1,0.588401729936938
2025-06-05 23:15:00,0,0.6228593702816506
2025-06-05 23:30:00,1,0.6552320889959902
2025-06-06 00:15:00,1,0.5796070813340989
2025-06-06 00:30:00,0,0.561734387487444
2025-06-06 00:45:00,1,0.5485253091268852
2025-06-06 01:45:00,1,0.5020724985766939
2025-06-06 02:15:00,0,0.5756965761899118
2025-06-06 03:00:00,1,0.755200809791736
2025-06-06 03:30:00,1,0.5374378831767852
2025-06-06 03:45:00,1,0.5374378831767852
2025-06-06 04:15:00,1,0.5022870943965616
2025-06-06 05:15:00,0,0.26432073115598714
2025-06-06 06:30:00,1,0.5077489246054535
2025-06-06 06:45:00,1,0.5077489246054535
2025-06-06 07:00:00,0,0.45287468830096567
2025-06-06 07:30:00,1,0.5260134162161946
2025-06-09 07:30:00,0,0.6185835815763089
2025-06-09 08:00:00,1,0.4392967751346301
2025-06-09 08:30:00,0,0.6179244440694882
2025-06-09 09:15:00,0,0.49142418364544005
2025-06-09 10:15:00,0,0.6228739352145646
2025-06-09 11:00:00,1,0.6998224814893301
2025-06-09 11:45:00,1,0.2499967237429415
2025-06-09 12:00:00,1,0.6485529549319747
2025-06-09 12:15:00,1,0.7886077545025186
2025-06-09 17:15:00,1,0.5703485310301034
2025-06-09 17:30:00,0,0.6170887389120207
2025-06-09 17:45:00,1,0.6636085039544918
2025-06-09 18:00:00,0,0.6307935911734733
2025-06-09 19:00:00,0,0.5154225507839961
2025-06-09 22:00:00,1,0.5292832368320991
2025-06-09 22:30:00,1,0.5218098914573199
2025-06-09 23:00:00,1,0.5139770904079415
2025-06-09 23:15:00,0,0.5139770904079415
2025-06-09 23:30:00,0,0.5139770904079415
2025-06-10 00:15:00,1,0.6118679262363722
2025-06-10 00:30:00,0,0.5627005042457527
2025-06-10 01:15:00,1,0.5877579037387828
2025-06-10 01:30:00,1,0.5877579037387828
2025-06-10 02:00:00,1,0.6460970069402089
2025-06-10 09:00:00,1,0.47953993111552945
2025-06-10 09:15:00,1,0.5133250707022164
2025-06-10 10:45:00,1,0.5924520363491763
2025-06-10 11:00:00,1,0.7203182393253953
2025-06-10 11:15:00,0,0.7390627796471819
2025-06-10 12:30:00,1,0.7316499861155812
2025-06-10 12:45:00,1,0.5864386957487727
2025-06-10 13:15:00,0,0.7920608790042344
2025-06-10 14:30:00,1,0.7454199705879504
2025-06-10 14:45:00,0,0.7454199705879504
2025-06-10 15:00:00,0,0.7479029912726438
2025-06-10 16:15:00,1,0.6114989069025784
2025-06-10 16:30:00,1,0.6114989069025784
2025-06-10 19:45:00,0,0.6155026374377436
2025-06-10 20:45:00,1,0.695191716471727
2025-06-10 23:00:00,1,0.5767002448249069
2025-06-11 01:30:00,0,0.728011331603534
2025-06-11 02:00:00,1,0.821410716987983
2025-06-11 02:30:00,1,0.7616672226122526
2025-06-11 02:45:00,1,0.710467178013321
2025-06-11 03:30:00,0,0.7115762242622381
2025-06-11 03:45:00,1,0.708531645893391
2025-06-11 04:15:00,0,0.7305954788778726
2025-06-11 04:30:00,1,0.7030141111945872
2025-06-11 04:45:00,0,0.7122138046815681
2025-06-11 05:30:00,0,0.7208842516800003
2025-06-11 06:15:00,1,0.8815224898182576
2025-06-11 06:45:00,1,0.6026240129072018
2025-06-11 08:00:00,0,0.667154065040338
2025-06-11 09:30:00,1,0.6551657984059914
2025-06-11 09:45:00,0,0.6551657984059914
2025-06-11 10:45:00,1,0.7024754695534651
2025-06-11 14:00:00,1,0.6982712300770367
2025-06-11 14:15:00,1,0.6861575508464839
2025-06-11 15:15:00,0,0.7950605739524783
2025-06-11 16:00:00,1,0.723321767617312
2025-06-11 16:15:00,0,0.6987643480294247
2025-06-11 17:15:00,1,0.7509960931124151
2025-06-11 23:45:00,1,0.9010126983572669
2025-06-12 00:00:00,1,0.3913795234631817
2025-06-12 00:15:00,1,0.6529711515666481
2025-06-12 00:30:00,1,0.36663248895944994
2025-06-12 00:45:00,1,0.437738240041077
2025-06-12 01:00:00,1,0.8720252617135139
2025-06-12 02:00:00,1,0.6750702413235712
2025-06-12 02:15:00,1,0.6199886425084787
2025-06-12 02:45:00,1,0.6199886425084787
2025-06-12 03:00:00,0,0.5706605280246275
2025-06-12 03:45:00,0,0.5708405851239111
2025-06-12 04:30:00,0,0.5530598604455593
2025-06-12 04:45:00,1,0.6811835217174296
2025-06-12 05:00:00,1,0.7589544349074945
2025-06-12 05:15:00,0,0.604835395282092
2025-06-12 06:00:00,1,0.25808654527134384
2025-06-12 11:15:00,1,0.6684505375420273
2025-06-12 11:30:00,1,0.8509774378873884
2025-06-12 12:00:00,1,0.5585998859887538
2025-06-12 12:30:00,0,0.7262780799100137
2025-06-12 13:15:00,1,0.5908834035457579
2025-06-12 13:30:00,0,0.7525382294622948
2025-06-12 14:30:00,1,0.5170688637545185
2025-06-12 15:15:00,1,0.8380373181680678
2025-06-12 15:30:00,0,0.5229013781005968
2025-06-12 17:00:00,1,0.5400973642523372
2025-06-12 18:30:00,1,0.4992272166362415
2025-06-12 19:00:00,1,0.6015620579934317
2025-06-12 19:30:00,0,0.6100578491254142
2025-06-12 22:00:00,1,0.5648992253729885
2025-06-12 22:45:00,1,0.7606008615931067
2025-06-12 23:00:00,1,0.5731381345483268
2025-06-12 23:45:00,1,0.5919036640776095
2025-06-13 00:00:00,1,0.38806082268856096
2025-06-13 00:15:00,1,0.5852641895868617
2025-06-13 01:00:00,1,0.6356033102439216
2025-06-13 01:15:00,1,0.6356033102439216
2025-06-13 01:30:00,1,0.6356033102439216
2025-06-13 01:45:00,1,0.6202294411707108
2025-06-13 02:00:00,1,0.6999368973603056
2025-06-13 02:30:00,1,0.6999368973603056
2025-06-13 02:45:00,0,0.6365345917396171
2025-06-13 05:30:00,1,0.754845235103383
2025-06-13 06:00:00,0,0.5340864536462262
2025-06-13 14:45:00,0,0.6552276924723544
2025-06-13 16:15:00,1,0.7481308426690261
2025-06-13 16:45:00,1,0.4950575772932128
2025-06-13 17:00:00,1,0.44918628006274847
2025-06-13 17:15:00,1,0.47135412189210335
2025-06-13 18:15:00,1,0.45684574243940945
2025-06-13 18:30:00,1,0.686232642659507
2025-06-13 18:45:00,1,0.7455608762238393
2025-06-13 19:15:00,0,0.5253220989981835
2025-06-13 20:00:00,1,0.7163318717110186
2025-06-13 20:15:00,1,0.6093100944697517
2025-06-13 20:30:00,1,0.7379842654688327
2025-06-15 22:15:00,1,0.7629906356638207
2025-06-15 22:45:00,1,0.7629906356638207
2025-06-15 23:00:00,1,0.7629906356638207
2025-06-15 23:30:00,0,0.6603330622267073
2025-06-16 00:00:00,1,0.4239565677972876
2025-06-16 00:30:00,0,0.31104236476011515
2025-06-16 01:00:00,1,0.7836724946236456
2025-06-16 01:15:00,1,0.5595889316702162
2025-06-16 02:00:00,1,0.7906889098242896
2025-06-16 02:15:00,1,0.5541780539378965
2025-06-16 02:30:00,0,0.5007262969097173
2025-06-16 02:45:00,1,0.35884073861469945
2025-06-16 03:00:00,0,0.626393571953526
2025-06-16 03:15:00,0,0.626393571953526
2025-06-16 03:30:00,0,0.626393571953526
2025-06-16 03:45:00,1,0.626393571953526
2025-06-16 04:00:00,0,0.6584782909337892
2025-06-16 04:45:00,1,0.6379962360235546
2025-06-16 05:00:00,1,0.45828352660302296
2025-06-16 05:30:00,0,0.6650323819871167
2025-06-16 06:15:00,1,0.6957242691870915
2025-06-16 06:30:00,0,0.6421075748663615
2025-06-16 11:30:00,0,0.4607246490917868
2025-06-16 11:45:00,1,0.8079774734575899
2025-06-16 12:15:00,1,0.5180043337680968
2025-06-16 12:30:00,1,0.7076769835073727
2025-06-16 12:45:00,0,0.6325354764111824
2025-06-16 13:15:00,1,0.5801663187554661
2025-06-16 13:30:00,0,0.6403964283889517
2025-06-17 11:15:00,1,0.5810146795220025
2025-06-17 11:30:00,0,0.7670563897413418
2025-06-17 11:45:00,0,0.23515325268245493
2025-06-17 12:15:00,1,0.8569857907771654
2025-06-17 12:30:00,1,0.4921092404185489
2025-06-17 13:15:00,1,0.5846357221022997
2025-06-17 13:45:00,0,0.2640733923058372
2025-06-17 14:15:00,1,0.7398977391481281
2025-06-17 23:15:00,0,0.7481871585751404
2025-06-17 23:45:00,1,0.7220368599872967
2025-06-18 00:00:00,1,0.6272030221986858
2025-06-18 00:15:00,1,0.6402792382661893
2025-06-18 00:30:00,1,0.6278691996435721
2025-06-18 01:00:00,0,0.6871327654166741
2025-06-18 02:00:00,0,0.7418656789604399
2025-06-18 02:15:00,1,0.7418656789604399
2025-06-18 06:45:00,1,0.5122720125334582
2025-06-18 08:30:00,1,0.594964026638111
2025-06-18 09:00:00,0,0.6323187975139238
2025-06-18 09:30:00,0,0.6087260946956109
2025-06-18 18:15:00,0,0.688396997772812
2025-06-18 19:00:00,1,0.8040204307313347
2025-06-18 19:15:00,1,0.7719574071647216
2025-06-18 19:45:00,0,0.7571542089210304
2025-06-19 01:15:00,0,0.3181666252540691
2025-06-19 02:00:00,0,0.7717629550752108
2025-06-19 12:30:00,1,0.388453766216853
2025-06-19 13:30:00,1,0.8187894805107501
2025-06-19 14:15:00,1,0.6627135790392539
2025-06-19 14:45:00,1,0.5708139643240209
2025-06-19 15:15:00,1,0.43359195972910436
2025-06-19 15:30:00,1,0.4323199126196446
2025-06-19 16:15:00,0,0.5620063114250866
2025-06-19 16:30:00,0,0.5620063114250866
2025-06-19 22:15:00,0,0.6838313933431385
2025-06-19 22:30:00,1,0.6970856138650722
2025-06-19 22:45:00,0,0.6462740503784945
2025-06-19 23:00:00,1,0.5242438847040972
2025-06-20 00:00:00,0,0.29363457074157967
2025-06-20 00:15:00,1,0.511941055575737
2025-06-20 01:00:00,1,0.5721317338582981
2025-06-20 01:15:00,1,0.5721317338582981
2025-06-20 01:45:00,1,0.5330906970555762
2025-06-20 02:00:00,1,0.6305156581653275
2025-06-20 02:15:00,0,0.5392625880631202
2025-06-20 02:30:00,0,0.6507794801494713
2025-06-20 02:45:00,1,0.6567524904784424
2025-06-20 10:00:00,0,0.502197622402231
2025-06-20 11:00:00,0,0.6688173529784401
2025-06-20 12:00:00,0,0.6505065539281547
2025-06-20 12:45:00,1,0.5930498546327514
2025-06-20 13:00:00,1,0.782227867503167
2025-06-20 13:15:00,1,0.6676845136846672
2025-06-20 13:30:00,1,0.7025985935337323
2025-06-20 13:45:00,0,0.7007528611377969
2025-06-20 14:15:00,1,0.6067366427737044
2025-06-20 14:30:00,1,0.4290639596484225
2025-06-20 14:45:00,1,0.5797056772891973
2025-06-20 15:00:00,1,0.4346362381409253
2025-06-20 15:15:00,1,0.4149562988399154
2025-06-20 15:45:00,1,0.5068894800685582
2025-06-20 16:45:00,0,0.5168008322969454
2025-06-20 17:00:00,0,0.4464693770893586
2025-06-20 17:15:00,0,0.48022211399546644
2025-06-20 17:30:00,1,0.5390118662806141
2025-06-20 19:15:00,0,0.4144867667863182
2025-06-20 19:30:00,1,0.4269088215684693
2025-06-20 20:15:00,1,0.4904459857021363
2025-06-22 22:15:00,1,0.6775784365454643
2025-06-22 23:30:00,0,0.7599468331441102
2025-06-22 23:45:00,0,0.259449637837142
2025-06-23 00:00:00,0,0.5983040847296524
2025-06-23 00:15:00,1,0.5983040847296524
2025-06-23 00:30:00,1,0.4228401260821868
2025-06-23 01:00:00,0,0.37875904282134454
2025-06-23 09:30:00,1,0.564240889782537
2025-06-23 09:45:00,1,0.4939345436107296
2025-06-23 10:00:00,1,0.620150179964028
2025-06-23 10:15:00,1,0.6360441442098126
2025-06-23 11:00:00,1,0.6992188352591605
2025-06-23 11:30:00,1,0.6877059083086943
2025-06-23 12:00:00,0,0.6995582345889357
2025-06-23 12:30:00,1,0.8829869499549553
2025-06-23 13:30:00,1,0.7810827113584339
2025-06-23 14:30:00,1,0.7398979260421573
2025-06-23 14:45:00,1,0.6595191179754527
2025-06-23 15:00:00,1,0.6644135946513384
2025-06-23 15:15:00,1,0.6644135946513384
2025-06-23 16:45:00,0,0.7209599685365804
2025-06-23 17:15:00,1,0.8335364553787067
2025-06-23 18:15:00,0,0.8516719921245695
2025-06-23 18:30:00,1,0.8516719921245695
2025-06-23 18:45:00,1,0.5956429529486807
2025-06-23 19:00:00,0,0.8057814220775213
2025-06-23 19:45:00,0,0.6736489181727788
2025-06-23 20:00:00,1,0.6712306813909888
2025-06-23 20:15:00,0,0.7016642528471576
2025-06-23 20:30:00,0,0.7016642528471576
2025-06-23 20:45:00,0,0.6879784552837911
2025-06-23 22:00:00,1,0.717800906519883
2025-06-23 22:15:00,1,0.49560228329989503
2025-06-23 22:30:00,1,0.5910735591348508
2025-06-23 22:45:00,1,0.3124058834085787
2025-06-23 23:00:00,0,0.7684984961012835
2025-06-23 23:15:00,0,0.7325570453710385
2025-06-23 23:45:00,1,0.7108923152397616
2025-06-24 03:45:00,0,0.39331101303466737
2025-06-24 04:15:00,0,0.5952340440182787
2025-06-24 04:30:00,0,0.5952340440182787
2025-06-24 04:45:00,0,0.6179384429920823
2025-06-24 05:15:00,1,0.6156689327820374
2025-06-24 05:30:00,1,0.6156689327820374
2025-06-24 05:45:00,1,0.4099343173855469
2025-06-24 06:00:00,0,0.6556005712625459
2025-06-24 19:45:00,0,0.7206214789474777
2025-06-24 20:00:00,0,0.5763993071696221
2025-06-24 20:45:00,0,0.5588216064024076
2025-06-24 22:15:00,1,0.5366169478597623
2025-06-24 23:00:00,0,0.5959091840753872
2025-06-24 23:15:00,1,0.5808469887842773
2025-06-24 23:30:00,1,0.5931901599257522
2025-06-24 23:45:00,1,0.6069674693400914
2025-06-25 00:00:00,1,0.42534986279771797
2025-06-25 00:15:00,0,0.4624014534424058
2025-06-25 00:45:00,1,0.4699923246506259
2025-06-25 01:00:00,1,0.5251492297429093
2025-06-25 01:15:00,1,0.5493264051891822
2025-06-25 01:45:00,0,0.5877543682563268
2025-06-25 03:00:00,0,0.7416597295780779
2025-06-25 03:15:00,0,0.7338540531954442
2025-06-25 05:15:00,1,0.6167908809250742
2025-06-25 05:30:00,0,0.46795546670569843
2025-06-25 06:00:00,1,0.4356672718799078
2025-06-25 06:15:00,1,0.4356672718799078
2025-06-25 06:30:00,0,0.4356672718799078
2025-06-25 06:45:00,1,0.4436600339677321
2025-06-25 07:00:00,1,0.6053874622005316
2025-06-25 08:00:00,1,0.6951242066200176
2025-06-25 08:15:00,0,0.6951242066200176
2025-06-25 09:00:00,1,0.5955075494591373
2025-06-25 17:30:00,1,0.8479375939312624
2025-06-25 18:00:00,1,0.714782064221265
2025-06-25 18:45:00,1,0.6808123350043993
2025-06-25 19:15:00,1,0.7125159136864074
2025-06-25 19:30:00,0,0.6010670228906198
2025-06-25 20:15:00,1,0.6013998834039473
2025-06-25 20:30:00,1,0.6018051371045863
2025-06-25 22:00:00,1,0.6467290888811557
2025-06-25 22:45:00,1,0.6179867142522286
2025-06-25 23:00:00,0,0.6457771239325585
2025-06-26 00:45:00,1,0.46015856655970444
2025-06-26 01:00:00,1,0.632464491190915
2025-06-26 03:30:00,0,0.5557405529526777
2025-06-26 03:45:00,0,0.4959914143089372
2025-06-26 04:15:00,0,0.6106410452998973
2025-06-26 04:45:00,1,0.6259609867034075
2025-06-26 05:15:00,1,0.4930460697813105
2025-06-26 05:30:00,1,0.8396822131995301
2025-06-26 06:15:00,1,0.7020030889442235
2025-06-26 06:45:00,1,0.5999172342778532
2025-06-26 07:00:00,1,0.5797867126114791
2025-06-26 07:15:00,1,0.5797867126114791
2025-06-26 08:15:00,1,0.5738382481761052
2025-06-26 08:30:00,1,0.5778263081791816
2025-06-26 09:00:00,0,0.2136693163824277
2025-06-26 09:30:00,0,0.5385916502495229
2025-06-26 09:45:00,1,0.5488884813166001
2025-06-26 11:00:00,0,0.7982103247806144
2025-06-26 11:30:00,1,0.7054775550061612
2025-06-26 11:45:00,1,0.6471467981104023
2025-06-26 12:15:00,0,0.8485204568233788
2025-06-26 12:45:00,1,0.7262780799100137
2025-06-26 13:00:00,1,0.7300670771193593
2025-06-26 13:15:00,1,0.7300670771193593
2025-06-27 17:15:00,0,0.3729853556072344
2025-06-27 18:15:00,1,0.41792253744335023
2025-06-27 18:45:00,0,0.4105671355849865
2025-06-27 19:15:00,0,0.6636009454938588
2025-06-27 19:45:00,1,0.39553928246154485
2025-06-27 20:00:00,1,0.7687609398332919
2025-06-27 20:45:00,0,0.5609358182135645
2025-06-30 02:45:00,1,0.65428756864437
2025-06-30 04:00:00,0,0.6125633814597733
2025-06-30 04:30:00,1,0.6079955453465775
2025-06-30 04:45:00,1,0.6552647690537539
2025-06-30 05:00:00,1,0.6440142970070448
2025-06-30 05:15:00,1,0.6074182999534601
2025-06-30 06:30:00,0,0.5696946329750654
2025-06-30 06:45:00,1,0.5696946329750654
2025-06-30 07:00:00,1,0.6380271478279114
2025-06-30 07:45:00,1,0.620389541356848
2025-06-30 08:15:00,0,0.6338230695260588
2025-06-30 08:45:00,0,0.4962165283261913
2025-06-30 09:15:00,1,0.3991202414451772
2025-06-30 09:30:00,0,0.771339089848326
2025-06-30 10:45:00,0,0.5137382236447479
2025-06-30 11:15:00,1,0.7143171877780017
2025-06-30 18:00:00,1,0.5907347358879977
2025-06-30 18:15:00,0,0.6307935911734733
2025-06-30 18:45:00,1,0.6338749357906942
2025-06-30 19:15:00,1,0.7199222234452372
2025-06-30 20:00:00,0,0.6760927292642087
2025-06-30 22:15:00,1,0.6240080005160612
2025-06-30 22:30:00,1,0.5557634708816351
2025-06-30 23:15:00,1,0.748236269833542
2025-06-30 23:30:00,1,0.6690686156155599
2025-06-30 23:45:00,0,0.6103575460355348
2025-07-01 00:15:00,1,0.5939129645804199
2025-07-01 00:45:00,1,0.6151958448910189
2025-07-01 01:00:00,1,0.6686918377509397
2025-07-01 01:30:00,0,0.652758182642705
2025-07-01 01:45:00,1,0.6631664299501787
2025-07-01 02:30:00,0,0.7433460983133672
2025-07-01 03:00:00,1,0.7072981130485115
2025-07-01 03:15:00,1,0.6884728743382672
2025-07-01 04:15:00,1,0.6705182453418049
2025-07-01 05:00:00,1,0.6890249454735637
2025-07-01 05:15:00,1,0.5084179219676398
2025-07-01 06:00:00,1,0.6434359194936664
2025-07-01 06:30:00,1,0.6512180408042656
2025-07-01 07:15:00,1,0.6557362528647539
2025-07-01 08:15:00,0,0.5847935883638349
2025-07-01 09:00:00,1,0.42821478013195813
2025-07-01 09:15:00,1,0.5123745295162081
2025-07-01 09:30:00,1,0.5123745295162081
2025-07-01 10:00:00,1,0.5721557401319298
2025-07-01 10:15:00,0,0.5138735885101572
2025-07-01 10:30:00,1,0.4776423757761592
2025-07-01 10:45:00,1,0.6776214365593884
2025-07-01 11:00:00,0,0.7392703973415795
2025-07-01 12:00:00,1,0.7397218686146874
2025-07-01 12:45:00,0,0.6860482565326298
2025-07-01 13:45:00,0,0.8189290688641983
2025-07-01 14:45:00,1,0.7450378161448773
2025-07-01 15:00:00,0,0.7366206000994405
2025-07-01 15:15:00,1,0.7475233016815179
2025-07-01 15:30:00,0,0.7475233016815179
2025-07-01 16:00:00,1,0.5808943647451217
2025-07-01 16:15:00,1,0.5808943647451217
2025-07-01 16:45:00,0,0.5574640154560085
2025-07-01 17:00:00,0,0.5318788833411207
2025-07-01 23:00:00,1,0.593376653865075
2025-07-01 23:15:00,0,0.5321328181013952
2025-07-01 23:45:00,1,0.593376653865075
2025-07-02 06:00:00,0,0.7598526049937743
2025-07-02 06:30:00,1,0.6902422899984387
2025-07-02 12:30:00,0,0.745716096965825
2025-07-02 13:30:00,0,0.3897129514960505
2025-07-02 13:45:00,1,0.8285294733031132
2025-07-02 14:00:00,1,0.7772406486231581
2025-07-02 22:30:00,0,0.6147643350926169
2025-07-02 23:15:00,0,0.761314785161307
2025-07-03 00:00:00,0,0.5729999283240111
2025-07-03 01:15:00,1,0.6104872308384022
2025-07-03 01:45:00,1,0.591117821901788
2025-07-03 02:30:00,1,0.5630218055500816
2025-07-03 03:00:00,0,0.7862769983892562
2025-07-03 03:45:00,1,0.7473162969614875
2025-07-03 04:00:00,1,0.7049251273581221
2025-07-03 04:15:00,1,0.5101394903675022
2025-07-03 05:00:00,1,0.31135219435457184
2025-07-03 05:15:00,1,0.3192995167722901
2025-07-03 05:45:00,1,0.4091214365957469
2025-07-03 06:30:00,1,0.659446635163135
2025-07-03 07:30:00,1,0.5611466469902787
2025-07-03 08:45:00,0,0.6841475852068748
2025-07-03 09:15:00,0,0.4741397839627862
2025-07-03 09:30:00,1,0.4550951107658663
2025-07-04 01:30:00,0,0.49615676282556587
2025-07-04 01:45:00,1,0.4788739744499386
2025-07-04 02:15:00,0,0.5797423050222094
2025-07-04 02:45:00,1,0.7108966900255661
2025-07-04 03:15:00,1,0.6629031460064858
2025-07-04 03:30:00,1,0.704721588887137
2025-07-04 03:45:00,1,0.7018462979221268
2025-07-04 04:00:00,1,0.5877119349099745
2025-07-04 04:30:00,0,0.6349899720473299
2025-07-04 04:45:00,1,0.4870061942790021
2025-07-04 06:30:00,1,0.3883908920684162
2025-07-04 06:45:00,1,0.29183622698560696
2025-07-04 07:00:00,1,0.5634812312977379
2025-07-06 22:15:00,0,0.5784616482999156
2025-07-06 23:00:00,0,0.5611609467265144
2025-07-06 23:15:00,0,0.549792761491293
2025-07-06 23:30:00,0,0.5784616482999156
2025-07-07 00:15:00,1,0.5580909149062901
2025-07-07 00:45:00,0,0.5494984747631062
2025-07-07 17:45:00,1,0.507735973981123
2025-07-07 18:30:00,0,0.638650217140829
2025-07-07 18:45:00,1,0.638650217140829
2025-07-07 19:15:00,1,0.6914492815525762
2025-07-07 19:30:00,0,0.6914492815525762
2025-07-07 20:00:00,0,0.6791028246004489
2025-07-07 20:30:00,1,0.5441311681486599
2025-07-07 22:00:00,0,0.6579982821272525
2025-07-07 22:45:00,0,0.7096781546317769
2025-07-07 23:00:00,0,0.39143840817309494
2025-07-08 00:45:00,1,0.6107955539299912
2025-07-08 01:15:00,1,0.631383858498314
2025-07-08 01:45:00,1,0.5031275940818686
2025-07-08 02:00:00,1,0.7191763621745587
2025-07-08 02:15:00,0,0.7536028460654801
2025-07-08 03:00:00,0,0.628895799081133
2025-07-08 03:15:00,0,0.628895799081133
2025-07-08 03:30:00,0,0.5966002436636345
2025-07-08 04:15:00,1,0.6781544095190959
2025-07-08 04:30:00,1,0.6834692618959489
2025-07-08 07:15:00,1,0.7481612744668875
2025-07-08 07:45:00,0,0.7636479285257373
2025-07-08 08:00:00,0,0.6454623572355739
2025-07-08 08:45:00,1,0.6089189371852686
2025-07-08 09:45:00,1,0.5411060394043734
2025-07-08 10:00:00,1,0.665013415717403
2025-07-09 00:45:00,0,0.49667082677717844
2025-07-09 01:15:00,0,0.678012423274337
2025-07-09 01:45:00,1,0.6468016206502952
2025-07-09 02:00:00,1,0.7617721137847434
2025-07-09 02:15:00,0,0.7006273424835187
2025-07-09 02:45:00,1,0.755012572794715
2025-07-09 11:30:00,1,0.7705546148189
2025-07-09 12:00:00,1,0.7504995452052267
2025-07-09 12:15:00,1,0.4526539525205992
2025-07-09 12:45:00,1,0.7506281419778644
2025-07-09 13:00:00,1,0.7254969000629141
2025-07-09 13:15:00,1,0.752918417742888
2025-07-09 13:45:00,1,0.5900691647372698
2025-07-09 14:00:00,1,0.7720587365490719
2025-07-09 14:30:00,0,0.7881613876142737
2025-07-09 15:45:00,1,0.6801366364905196
2025-07-09 16:15:00,1,0.6619922706297773
2025-07-09 16:30:00,1,0.6019744070462462
2025-07-09 17:15:00,0,0.6267028599987666
2025-07-09 17:30:00,0,0.6725664135843311
2025-07-09 17:45:00,1,0.7702938710713088
2025-07-09 18:30:00,1,0.5404680878135184
2025-07-09 19:00:00,0,0.7403284684863536
2025-07-09 19:30:00,0,0.6009429773876711
2025-07-09 19:45:00,0,0.6300626298676597
2025-07-09 20:00:00,0,0.7103214333956915
2025-07-09 20:15:00,1,0.7103214333956915
2025-07-09 22:00:00,1,0.6170744226289948
2025-07-09 22:15:00,0,0.6375882507192551
2025-07-09 23:00:00,1,0.6336198611529202
2025-07-09 23:15:00,0,0.5806794359297647
2025-07-09 23:30:00,0,0.6169109405064355
2025-07-09 23:45:00,1,0.6424376793007978
2025-07-10 00:00:00,1,0.38503335493090285
2025-07-10 00:30:00,1,0.38503335493090285
2025-07-10 01:15:00,0,0.6408471454611132
2025-07-10 02:00:00,1,0.7159603845768087
2025-07-10 02:15:00,0,0.6613984420478656
2025-07-10 02:30:00,0,0.36448524590233955
2025-07-10 03:00:00,1,0.6140998666930119
2025-07-10 03:15:00,1,0.62712560263489
2025-07-10 03:30:00,1,0.62712560263489
2025-07-10 07:15:00,0,0.4490965371054853
2025-07-10 07:30:00,0,0.2585468193794254
2025-07-10 08:15:00,1,0.6226245893139413
2025-07-10 08:30:00,1,0.5739224273605318
2025-07-10 08:45:00,1,0.5927602054778022
2025-07-10 09:15:00,0,0.5278372042513418
2025-07-10 10:30:00,1,0.6655987877511689
2025-07-10 10:45:00,1,0.4953986016982453
2025-07-10 11:00:00,0,0.6919118680310199
2025-07-10 11:30:00,0,0.6676187788991068
2025-07-10 11:45:00,0,0.6653645733041729
2025-07-10 12:00:00,1,0.6521300456633112
2025-07-10 23:00:00,1,0.5913500121160947
2025-07-10 23:30:00,1,0.4717749094482104
2025-07-11 00:30:00,0,0.4027510271397027
2025-07-11 02:00:00,1,0.59260551589221
2025-07-11 02:15:00,1,0.6180496632852467
2025-07-11 02:30:00,1,0.6831864855129501
2025-07-11 02:45:00,1,0.5724280885174086
2025-07-11 03:30:00,0,0.5879654160713187
2025-07-11 03:45:00,1,0.5879654160713187
2025-07-11 04:15:00,1,0.26407696825431365
2025-07-11 05:00:00,1,0.3827869060314159
2025-07-11 05:15:00,1,0.6272071736538329
2025-07-11 06:30:00,1,0.6134138080990094
2025-07-11 07:45:00,0,0.5713196985604476
2025-07-11 08:30:00,1,0.40854010351192216
2025-07-11 08:45:00,1,0.5777700043166393
2025-07-11 09:00:00,1,0.5235608650364384
2025-07-11 09:30:00,1,0.7111351168764138
2025-07-11 09:45:00,1,0.4386035337008153
2025-07-11 10:00:00,1,0.5717990374318531
2025-07-11 10:15:00,1,0.5947981451651424
2025-07-11 10:30:00,1,0.6127385586508681
2025-07-11 11:00:00,0,0.6212186004514385
2025-07-11 11:30:00,0,0.5943084444162388
2025-07-11 12:15:00,1,0.6400552585703301
2025-07-11 12:30:00,1,0.6639371324243499
2025-07-11 12:45:00,1,0.6697992832790204
2025-07-11 13:00:00,1,0.6944612052395492
2025-07-11 13:15:00,1,0.7032221686652655
2025-07-11 13:30:00,1,0.5376046432464312
2025-07-11 14:00:00,1,0.6591846700697626
2025-07-11 14:30:00,1,0.651538043296246
2025-07-11 14:45:00,1,0.6141389218400876
2025-07-11 15:30:00,1,0.5819315517477488
2025-07-11 15:45:00,0,0.39925416123504825
2025-07-11 17:30:00,1,0.5715574541041191
2025-07-11 17:45:00,1,0.5626004850076909
2025-07-11 18:15:00,1,0.5662392632210516
2025-07-11 19:00:00,1,0.6862326908034472
2025-07-11 19:15:00,1,0.668781315864409
2025-07-11 19:30:00,0,0.6619127214496295
2025-07-11 19:45:00,1,0.6090579450236379
2025-07-11 20:00:00,1,0.6011504818261318
2025-07-11 20:30:00,1,0.5667266851843871
2025-07-13 22:15:00,0,0.6997609463834693
2025-07-13 22:30:00,1,0.671218803932206
2025-07-13 23:00:00,0,0.671218803932206
2025-07-13 23:45:00,0,0.5590148357170673
2025-07-14 00:00:00,1,0.6028627996526615
2025-07-14 00:15:00,1,0.5604948351200193
2025-07-14 00:45:00,0,0.519346157956319
2025-07-14 02:00:00,1,0.6148504521504353
2025-07-14 02:45:00,1,0.6148504521504353
2025-07-14 03:15:00,0,0.5791026461792065
2025-07-14 04:00:00,1,0.6552647690537539
2025-07-14 04:45:00,0,0.6354254088553465
2025-07-14 05:15:00,1,0.6752679543237639
2025-07-14 05:30:00,0,0.6695533785090663
2025-07-14 05:45:00,1,0.6763304260773033
2025-07-14 06:00:00,1,0.7325386478528038
2025-07-14 06:30:00,1,0.6480611861631452
2025-07-14 06:45:00,1,0.6664841923910242
2025-07-14 07:00:00,1,0.620389541356848
2025-07-14 08:15:00,0,0.5517328806702094
2025-07-14 08:30:00,0,0.4865467767107389
2025-07-14 08:45:00,1,0.545234666567508
2025-07-14 09:15:00,0,0.39673364013823326
2025-07-14 09:30:00,1,0.7387712369188981
2025-07-14 10:15:00,1,0.62682151552589
2025-07-14 10:30:00,1,0.6360441442098126
2025-07-14 10:45:00,0,0.6704123201861182
2025-07-14 11:00:00,0,0.7235905972124682
2025-07-14 11:30:00,0,0.7195750467516135
2025-07-14 12:00:00,0,0.637384314993622
2025-07-14 12:15:00,0,0.674923270335039
2025-07-14 12:30:00,1,0.6695547653559331
2025-07-14 12:45:00,1,0.7137337709430566
2025-07-15 06:15:00,1,0.6570319962138591
2025-07-15 06:30:00,1,0.5087334214835608
2025-07-15 07:15:00,1,0.6491057792966474
2025-07-15 07:30:00,0,0.5148012638230172
2025-07-15 10:45:00,0,0.6776214365593884
2025-07-15 11:00:00,0,0.7390627796471819
2025-07-15 11:15:00,1,0.6929568181589363
2025-07-15 11:30:00,0,0.6929568181589363
2025-07-15 11:45:00,0,0.722010285461365
2025-07-15 12:00:00,0,0.7397218686146874
2025-07-15 13:15:00,1,0.7770049969610235
2025-07-15 19:15:00,1,0.6914250561992255
2025-07-15 19:30:00,1,0.877178784525887
2025-07-15 20:00:00,0,0.682274712330481
2025-07-16 02:00:00,1,0.5228048848651343
2025-07-16 03:00:00,1,0.644351845643673
2025-07-16 03:15:00,1,0.7361169650896014
2025-07-16 03:30:00,1,0.7361169650896014
2025-07-16 04:00:00,1,0.5863651973120363
2025-07-16 04:45:00,1,0.6141278934471088
2025-07-16 05:15:00,0,0.5322944667301005
2025-07-16 05:30:00,1,0.4529862429327149
2025-07-16 06:00:00,1,0.5994471051362804
2025-07-16 06:30:00,0,0.4436600339677321
2025-07-16 07:00:00,1,0.44177465675280997
2025-07-16 08:00:00,0,0.5886068558326959
2025-07-16 08:15:00,1,0.5092151470787495
2025-07-16 08:45:00,0,0.5641053583423744
2025-07-16 09:15:00,1,0.4622361405925066
2025-07-16 09:30:00,0,0.40281254588065163
2025-07-16 09:45:00,0,0.40281254588065163
2025-07-16 10:00:00,1,0.5292962572114767
2025-07-16 10:30:00,0,0.47430872217210157
2025-07-16 10:45:00,1,0.5292962572114767
2025-07-16 11:00:00,1,0.5723722310794935
2025-07-16 12:15:00,0,0.7327088413920819
2025-07-16 13:45:00,1,0.7761480593052799
2025-07-16 14:00:00,1,0.725904959993324
2025-07-16 16:45:00,1,0.7164975399946155
2025-07-16 17:00:00,1,0.8542267185774965
2025-07-16 17:45:00,1,0.6336416111556287
2025-07-16 18:15:00,0,0.34067883783165204
2025-07-16 19:45:00,1,0.7483583051537119
2025-07-16 20:45:00,1,0.73363304775179
2025-07-16 22:00:00,0,0.8052184959815171
2025-07-16 22:30:00,1,0.5891665227182634
2025-07-16 22:45:00,0,0.6654710167740263
2025-07-16 23:00:00,0,0.6612880395319173
2025-07-16 23:15:00,0,0.6254506787120138
2025-07-16 23:30:00,0,0.6600184520300783
2025-07-17 00:45:00,0,0.38761737530292684
2025-07-17 04:45:00,0,0.6140817688952555
2025-07-17 05:00:00,0,0.43566373308870676
2025-07-17 05:15:00,0,0.4358479477867111
2025-07-17 05:30:00,1,0.4358479477867111
2025-07-17 05:45:00,0,0.5629554500876423
2025-07-17 06:15:00,0,0.5396450583508188
2025-07-17 06:30:00,1,0.5541864401666444
2025-07-17 07:15:00,0,0.519714914119252
2025-07-17 07:30:00,1,0.5470420395140082
2025-07-17 17:30:00,1,0.5576154321686522
2025-07-17 18:00:00,1,0.41790793373817153
2025-07-17 18:30:00,1,0.3938118614692484
2025-07-17 19:00:00,1,0.4159041021587777
2025-07-17 19:15:00,0,0.4251508509126819
2025-07-17 19:30:00,0,0.47722866927949714
2025-07-17 20:00:00,0,0.5033469034546096
2025-07-17 20:15:00,0,0.5141536664886283
2025-07-17 20:30:00,1,0.5141536664886283
2025-07-17 22:00:00,1,0.5734439124312892
2025-07-17 23:15:00,0,0.5950575621457754
2025-07-17 23:45:00,1,0.6087042480661918
2025-07-18 00:00:00,0,0.37722322703524513
2025-07-18 00:30:00,1,0.37722322703524513
2025-07-18 00:45:00,0,0.37257149337625517
2025-07-18 01:15:00,1,0.4450376618992656
2025-07-18 02:45:00,0,0.7230941372852492
2025-07-18 03:00:00,0,0.7116170736201239
2025-07-18 03:15:00,1,0.6303456909269515
2025-07-18 09:45:00,0,0.5359388914197198
2025-07-18 10:00:00,0,0.6531773201661557
2025-07-18 10:15:00,1,0.661950959159453
2025-07-18 10:30:00,0,0.6433799382786827
2025-07-18 10:45:00,1,0.6680584388172072
2025-07-18 11:15:00,1,0.3745084870216845
2025-07-18 11:30:00,1,0.5332028243699901
2025-07-18 12:00:00,0,0.6789442654880039
2025-07-18 12:15:00,1,0.6503140698262716
2025-07-18 12:30:00,0,0.6732344434142075
2025-07-18 13:00:00,0,0.6961012451837605
2025-07-18 13:45:00,1,0.523092776966913
2025-07-18 14:00:00,0,0.6474609288223138
2025-07-18 14:15:00,1,0.7657577956951557
2025-07-18 14:30:00,1,0.47910330622799535
2025-07-18 14:45:00,0,0.37825842526183756
2025-07-18 15:15:00,0,0.5696506846873894
2025-07-18 16:15:00,1,0.5488103359327525
2025-07-18 16:45:00,0,0.5488103359327525
2025-07-18 17:00:00,0,0.599072426764952
2025-07-18 17:15:00,1,0.595758489702826
2025-07-18 17:30:00,1,0.49414538381776424
2025-07-18 17:45:00,1,0.4094750874168675
2025-07-18 18:00:00,0,0.4386181127098525
2025-07-21 02:00:00,1,0.4162097344386271
2025-07-21 02:30:00,1,0.6125752464511333
2025-07-21 02:45:00,1,0.5682777921030353
2025-07-21 03:00:00,0,0.4932330702387964
2025-07-21 03:15:00,1,0.5231815869987588
2025-07-21 04:30:00,1,0.5351775497897162
2025-07-21 04:45:00,1,0.5584486145186124
2025-07-21 05:00:00,1,0.661552522112225
