datetime,is_win,close,high,low,atr,score,num_confs,pattern_code,bias_bull,hour,dow,primary_score,secondary_score,total_confluence,regime_trend,conf_sr_zone,conf_bos_or_choch,conf_psych_level,conf_fib_zone,conf_volume,conf_liquidity,conf_spread,prob_win
2024-01-02 10:00:00,0,2075.949,2077.753,2073.451,3.8155714285714697,1.0,5.0,0.0,1.0,10.0,1.0,1.0,4.0,5.0,1.0,1.0,0.0,0.0,1.0,1.0,1.0,1.0,0.7841707259438979
2024-01-02 13:00:00,0,2066.272,2071.008,2064.8,4.474571428571478,1.0,4.0,6.0,1.0,13.0,1.0,1.0,3.0,4.0,1.0,0.0,0.0,0.0,1.0,1.0,1.0,1.0,0.7718564565248346
2024-01-05 16:00:00,1,2045.065,2056.205,2044.099,6.395785714285727,1.0,4.0,2.0,0.0,16.0,4.0,1.0,3.0,4.0,0.0,0.0,0.0,0.0,1.0,1.0,1.0,0.0,0.8407834853778993
2024-01-05 18:00:00,0,2048.134,2048.453,2040.468,7.074642857142878,1.0,3.0,1.0,0.0,18.0,4.0,1.0,2.0,3.0,0.0,0.0,0.0,0.0,1.0,0.0,1.0,0.0,0.4561153651613117
2024-01-08 01:00:00,0,2043.747,2046.59,2042.791,6.885071428571417,1.0,2.0,2.0,0.0,1.0,0.0,1.0,1.0,2.0,0.0,0.0,0.0,0.0,1.0,0.0,0.0,0.0,0.5667752070337367
2024-01-08 04:00:00,0,2035.783,2037.543,2035.581,5.99292857142856,1.0,2.0,6.0,0.0,4.0,0.0,1.0,1.0,2.0,0.0,0.0,0.0,0.0,1.0,0.0,0.0,0.0,0.7081253049149663
2024-01-08 10:00:00,0,2027.565,2029.458,2026.953,3.894785714285717,1.0,2.0,2.0,0.0,10.0,0.0,1.0,1.0,2.0,0.0,0.0,0.0,0.0,1.0,0.0,0.0,0.0,0.6715642925622516
2024-01-09 14:00:00,0,2034.593,2040.074,2033.889,4.33764285714288,1.0,5.0,8.0,0.0,14.0,1.0,1.0,4.0,5.0,0.0,0.0,0.0,0.0,1.0,1.0,1.0,1.0,0.799923844780272
2024-01-09 15:00:00,1,2028.708,2035.589,2028.708,4.510285714285715,1.0,5.0,0.0,0.0,15.0,1.0,1.0,4.0,5.0,0.0,1.0,0.0,0.0,1.0,1.0,1.0,1.0,0.7432575404860904
2024-01-10 13:00:00,0,2030.197,2034.018,2029.922,3.946071428571437,1.0,4.0,6.0,0.0,13.0,2.0,1.0,3.0,4.0,0.0,0.0,0.0,0.0,1.0,1.0,1.0,0.0,0.9012653103804943
2024-01-10 15:00:00,0,2027.812,2029.764,2024.774,4.3362857142857205,1.0,4.0,5.0,0.0,15.0,2.0,1.0,3.0,4.0,0.0,0.0,0.0,0.0,1.0,1.0,1.0,0.0,0.879024025275648
2024-01-10 16:00:00,0,2027.021,2028.511,2024.679,4.431571428571423,1.0,4.0,8.0,0.0,16.0,2.0,1.0,3.0,4.0,0.0,0.0,0.0,0.0,1.0,1.0,1.0,0.0,0.782589812153967
2024-01-10 17:00:00,0,2023.976,2027.761,2022.139,4.558928571428559,1.0,4.0,0.0,0.0,17.0,2.0,1.0,3.0,4.0,0.0,1.0,0.0,0.0,1.0,1.0,1.0,0.0,0.7040453545819721
2024-01-10 18:00:00,1,2023.619,2024.544,2021.338,4.623357142857133,1.0,4.0,0.0,0.0,18.0,2.0,1.0,3.0,4.0,0.0,1.0,0.0,0.0,1.0,1.0,1.0,0.0,0.7356671325687949
2024-01-11 14:00:00,1,2029.689,2034.885,2024.849,4.741428571428595,1.0,4.0,5.0,0.0,14.0,3.0,1.0,3.0,4.0,0.0,0.0,0.0,0.0,1.0,1.0,1.0,0.0,0.8436550942403976
2024-01-11 15:00:00,0,2028.985,2032.986,2025.166,5.063642857142895,1.0,4.0,5.0,0.0,15.0,3.0,1.0,3.0,4.0,0.0,0.0,0.0,0.0,1.0,1.0,1.0,0.0,0.7613775408954288
2024-01-12 17:00:00,1,2043.853,2048.579,2041.397,5.909928571428574,1.0,4.0,0.0,1.0,17.0,4.0,1.0,3.0,4.0,1.0,0.0,0.0,0.0,1.0,1.0,1.0,0.0,0.6146964647786559
2024-01-12 19:00:00,0,2047.283,2049.145,2046.176,6.131642857142879,1.0,2.0,5.0,1.0,19.0,4.0,1.0,1.0,2.0,1.0,0.0,0.0,0.0,1.0,0.0,0.0,0.0,0.5269782656011769
2024-01-12 20:00:00,0,2047.544,2047.673,2046.008,6.116142857142871,1.0,2.0,3.0,1.0,20.0,4.0,1.0,1.0,2.0,1.0,0.0,0.0,0.0,1.0,0.0,0.0,0.0,0.5098368258860108
2024-01-15 00:00:00,1,2047.845,2048.461,2045.764,5.937500000000033,1.0,3.0,5.0,1.0,0.0,0.0,1.0,2.0,3.0,1.0,0.0,0.0,0.0,1.0,0.0,0.0,1.0,0.6299829706167316
2024-01-15 05:00:00,1,2055.062,2055.532,2053.005,4.397857142857155,1.0,3.0,3.0,1.0,5.0,0.0,1.0,2.0,3.0,1.0,0.0,0.0,0.0,1.0,0.0,0.0,1.0,0.7312588273608602
2024-01-15 06:00:00,0,2055.377,2056.977,2053.82,3.95985714285715,1.0,4.0,5.0,1.0,6.0,0.0,1.0,3.0,4.0,1.0,0.0,0.0,0.0,1.0,0.0,1.0,1.0,0.7691389266575853
2024-01-15 07:00:00,1,2054.114,2055.931,2052.866,3.658285714285707,1.0,4.0,2.0,1.0,7.0,0.0,1.0,3.0,4.0,1.0,0.0,0.0,0.0,1.0,0.0,1.0,1.0,0.600357160421414
2024-01-15 08:00:00,0,2056.653,2058.626,2053.764,3.4925714285714093,1.0,4.0,0.0,1.0,8.0,0.0,1.0,3.0,4.0,1.0,0.0,0.0,0.0,1.0,0.0,1.0,1.0,0.45628214053806726
2024-01-15 11:00:00,0,2053.257,2053.744,2051.451,3.425785714285699,1.0,2.0,5.0,1.0,11.0,0.0,1.0,1.0,2.0,1.0,0.0,0.0,0.0,1.0,0.0,0.0,0.0,0.8144099850355998
2024-01-15 12:00:00,1,2052.677,2053.649,2051.271,3.425357142857105,1.0,2.0,2.0,1.0,12.0,0.0,1.0,1.0,2.0,1.0,0.0,0.0,0.0,1.0,0.0,0.0,0.0,0.8295413907018128
2024-01-15 14:00:00,1,2052.136,2054.422,2051.556,3.398499999999948,1.0,2.0,2.0,1.0,14.0,0.0,1.0,1.0,2.0,1.0,0.0,0.0,0.0,1.0,0.0,0.0,0.0,0.8737272612275737
2024-01-15 17:00:00,0,2055.281,2056.379,2053.593,3.123785714285662,1.0,2.0,0.0,1.0,17.0,0.0,1.0,1.0,2.0,1.0,0.0,0.0,0.0,1.0,0.0,0.0,0.0,0.6804306127157016
2024-01-16 01:00:00,0,2050.834,2053.372,2049.91,2.6684285714284863,1.0,6.0,0.0,1.0,1.0,1.0,1.0,5.0,6.0,1.0,1.0,0.0,1.0,1.0,1.0,1.0,1.0,0.36503291396055604
2024-01-16 02:00:00,1,2050.491,2051.477,2049.761,2.498714285714186,1.0,6.0,0.0,1.0,2.0,1.0,1.0,5.0,6.0,1.0,1.0,0.0,1.0,1.0,1.0,1.0,1.0,0.2985814361446956
2024-01-16 03:00:00,0,2049.436,2051.523,2048.344,2.506928571428489,1.0,6.0,0.0,1.0,3.0,1.0,1.0,5.0,6.0,1.0,1.0,0.0,1.0,1.0,1.0,1.0,1.0,0.2985814361446956
2024-01-16 05:00:00,1,2048.57,2049.431,2047.485,2.390499999999958,1.0,6.0,0.0,1.0,5.0,1.0,1.0,5.0,6.0,1.0,1.0,0.0,1.0,1.0,1.0,1.0,1.0,0.22590903364563444
2024-01-16 06:00:00,0,2050.469,2050.52,2047.355,2.459857142857101,1.0,6.0,1.0,1.0,6.0,1.0,1.0,5.0,6.0,1.0,0.0,0.0,1.0,1.0,1.0,1.0,1.0,0.3859715696759839
2024-01-16 07:00:00,0,2049.377,2050.885,2047.991,2.461857142857119,1.0,6.0,0.0,1.0,7.0,1.0,1.0,5.0,6.0,1.0,1.0,0.0,1.0,1.0,1.0,1.0,1.0,0.2875672304004749
2024-01-16 08:00:00,0,2043.129,2050.024,2042.052,2.700357142857132,1.0,5.0,0.0,1.0,8.0,1.0,1.0,4.0,5.0,1.0,1.0,0.0,0.0,1.0,1.0,1.0,1.0,0.20774817091296258
2024-01-16 09:00:00,0,2041.218,2043.885,2038.608,2.948285714285703,1.0,4.0,0.0,1.0,9.0,1.0,1.0,3.0,4.0,1.0,1.0,0.0,0.0,1.0,1.0,1.0,0.0,0.5338722228223867
2024-01-16 11:00:00,0,2039.874,2041.207,2038.139,3.11128571428573,1.0,4.0,0.0,1.0,11.0,1.0,1.0,3.0,4.0,1.0,1.0,0.0,0.0,1.0,1.0,1.0,0.0,0.3989928638291988
2024-01-16 12:00:00,1,2038.467,2040.001,2035.59,3.38107142857148,1.0,4.0,0.0,1.0,12.0,1.0,1.0,3.0,4.0,1.0,1.0,0.0,0.0,1.0,1.0,1.0,0.0,0.5797865862622243
2024-01-16 13:00:00,0,2037.632,2045.088,2031.244,4.21278571428575,1.0,4.0,5.0,1.0,13.0,1.0,1.0,3.0,4.0,1.0,0.0,0.0,0.0,1.0,1.0,1.0,0.0,0.9031048711441696
2024-01-16 17:00:00,1,2025.292,2033.838,2024.882,5.369428571428638,1.0,3.0,0.0,0.0,17.0,1.0,1.0,2.0,3.0,0.0,1.0,0.0,0.0,1.0,1.0,1.0,0.0,0.6272647900108544
2024-01-19 14:00:00,1,2029.646,2035.666,2026.314,3.814000000000013,1.0,5.0,2.0,0.0,14.0,4.0,1.0,4.0,5.0,0.0,0.0,0.0,0.0,1.0,1.0,1.0,1.0,0.9244011364397304
2024-01-19 15:00:00,1,2027.661,2032.161,2023.126,4.211928571428595,1.0,5.0,0.0,0.0,15.0,4.0,1.0,4.0,5.0,0.0,0.0,0.0,0.0,1.0,1.0,1.0,1.0,0.8734665604002655
2024-01-19 17:00:00,0,2029.081,2029.081,2024.35,4.656857142857153,1.0,5.0,1.0,0.0,17.0,4.0,1.0,4.0,5.0,0.0,0.0,0.0,0.0,1.0,1.0,1.0,1.0,0.7926530502138591
2024-01-22 00:00:00,1,2028.985,2029.246,2025.395,4.282214285714271,1.0,3.0,1.0,1.0,0.0,0.0,1.0,2.0,3.0,1.0,0.0,0.0,0.0,1.0,0.0,0.0,1.0,0.5159317491573154
2024-01-22 01:00:00,0,2029.034,2032.074,2028.684,4.375714285714285,1.0,4.0,0.0,1.0,1.0,0.0,1.0,3.0,4.0,1.0,0.0,0.0,0.0,1.0,0.0,1.0,1.0,0.28945303383780824
2024-01-22 03:00:00,0,2026.943,2029.767,2025.932,4.291071428571415,1.0,3.0,2.0,1.0,3.0,0.0,1.0,2.0,3.0,1.0,0.0,0.0,0.0,1.0,0.0,0.0,1.0,0.5335903110048525
2024-01-22 04:00:00,0,2025.489,2027.178,2024.645,3.998285714285706,1.0,3.0,0.0,1.0,4.0,0.0,1.0,2.0,3.0,1.0,1.0,0.0,0.0,1.0,0.0,0.0,1.0,0.7799603210060093
2024-01-22 05:00:00,1,2023.24,2025.539,2021.833,3.594999999999995,1.0,5.0,0.0,1.0,5.0,0.0,1.0,4.0,5.0,1.0,1.0,0.0,0.0,1.0,1.0,1.0,1.0,0.7735805498671502
2024-01-22 06:00:00,1,2020.887,2024.427,2019.984,3.266999999999988,1.0,5.0,0.0,1.0,6.0,0.0,1.0,4.0,5.0,1.0,1.0,0.0,0.0,1.0,1.0,1.0,1.0,0.6506576430356432
2024-01-23 09:00:00,1,2028.67,2030.552,2027.005,3.792999999999974,1.0,4.0,5.0,1.0,9.0,1.0,1.0,3.0,4.0,1.0,0.0,0.0,0.0,1.0,1.0,1.0,0.0,0.7408892381697041
2024-01-23 13:00:00,1,2024.884,2030.32,2023.287,4.585285714285695,1.0,3.0,5.0,1.0,13.0,1.0,1.0,2.0,3.0,1.0,0.0,0.0,0.0,1.0,1.0,1.0,0.0,0.7209915772943052
2024-01-23 14:00:00,1,2023.097,2026.105,2021.352,4.743214285714251,1.0,4.0,0.0,1.0,14.0,1.0,1.0,3.0,4.0,1.0,0.0,0.0,0.0,1.0,1.0,1.0,0.0,0.6346637269263576
2024-01-23 15:00:00,1,2025.108,2026.743,2022.927,4.778142857142825,1.0,4.0,7.0,0.0,15.0,1.0,1.0,3.0,4.0,0.0,0.0,0.0,0.0,1.0,1.0,1.0,0.0,0.9794717144908848
2024-01-23 16:00:00,0,2025.669,2027.711,2023.231,4.859071428571399,1.0,4.0,5.0,0.0,16.0,1.0,1.0,3.0,4.0,0.0,0.0,0.0,0.0,1.0,1.0,1.0,0.0,0.7820759425276212
2024-01-23 17:00:00,1,2024.218,2026.007,2022.565,4.664785714285683,1.0,2.0,2.0,0.0,17.0,1.0,1.0,1.0,2.0,0.0,0.0,0.0,0.0,1.0,0.0,0.0,0.0,0.7513550221977365
2024-01-23 19:00:00,0,2029.836,2030.684,2024.733,4.8785714285714095,1.0,2.0,0.0,1.0,19.0,1.0,1.0,1.0,2.0,1.0,0.0,0.0,0.0,1.0,0.0,0.0,0.0,0.587638305378769
2024-01-23 23:00:00,0,2029.137,2029.388,2027.09,3.799857142857133,1.0,2.0,3.0,1.0,23.0,1.0,1.0,1.0,2.0,1.0,0.0,0.0,0.0,1.0,0.0,0.0,0.0,0.8945996162561822
2024-01-24 00:00:00,1,2027.345,2029.279,2026.902,3.716285714285716,1.0,3.0,8.0,1.0,0.0,2.0,1.0,2.0,3.0,1.0,0.0,0.0,0.0,1.0,0.0,0.0,1.0,0.6306591222420169
2024-01-24 01:00:00,0,2027.21,2028.922,2026.401,3.6129285714285646,1.0,4.0,5.0,1.0,1.0,2.0,1.0,3.0,4.0,1.0,0.0,0.0,0.0,1.0,0.0,1.0,1.0,0.7168790763049809
2024-01-24 02:00:00,1,2024.207,2027.553,2023.895,3.60564285714286,1.0,3.0,0.0,1.0,2.0,2.0,1.0,2.0,3.0,1.0,1.0,0.0,0.0,1.0,0.0,0.0,1.0,0.6920268385503389
2024-01-24 07:00:00,1,2029.528,2031.586,2025.762,3.093928571428592,1.0,5.0,0.0,1.0,7.0,2.0,1.0,4.0,5.0,1.0,1.0,0.0,0.0,1.0,1.0,1.0,1.0,0.8831710922613448
2024-01-24 08:00:00,1,2030.899,2032.215,2028.173,3.136785714285728,1.0,5.0,0.0,1.0,8.0,2.0,1.0,4.0,5.0,1.0,1.0,0.0,0.0,1.0,1.0,1.0,1.0,0.8785520090730202
2024-01-24 09:00:00,1,2030.875,2034.144,2029.884,3.242857142857149,1.0,4.0,5.0,1.0,9.0,2.0,1.0,3.0,4.0,1.0,0.0,0.0,0.0,1.0,1.0,1.0,0.0,0.6830860524263305
2024-01-24 10:00:00,1,2032.677,2033.003,2029.336,3.0797142857142847,1.0,3.0,0.0,1.0,10.0,2.0,1.0,2.0,3.0,1.0,1.0,0.0,0.0,1.0,0.0,1.0,0.0,0.40959613738709477
2024-01-24 11:00:00,0,2033.463,2034.231,2030.801,3.171785714285712,1.0,4.0,0.0,1.0,11.0,2.0,1.0,3.0,4.0,1.0,1.0,0.0,0.0,1.0,1.0,1.0,0.0,0.5694262026847294
2024-01-24 12:00:00,0,2032.685,2034.376,2031.623,3.262285714285716,1.0,4.0,0.0,1.0,12.0,2.0,1.0,3.0,4.0,1.0,1.0,0.0,0.0,1.0,1.0,1.0,0.0,0.639605799047826
2024-01-24 15:00:00,1,2015.213,2025.281,2014.827,4.696285714285717,1.0,4.0,0.0,1.0,15.0,2.0,1.0,3.0,4.0,1.0,1.0,0.0,0.0,1.0,1.0,1.0,0.0,0.7360085773616977
2024-01-24 16:00:00,1,2015.29,2016.302,2011.783,4.757785714285709,1.0,4.0,5.0,1.0,16.0,2.0,1.0,3.0,4.0,1.0,0.0,0.0,0.0,1.0,1.0,1.0,0.0,0.7001571425337006
2024-01-24 18:00:00,0,2015.072,2019.771,2013.337,5.278714285714273,1.0,4.0,2.0,0.0,18.0,2.0,1.0,3.0,4.0,0.0,0.0,0.0,0.0,1.0,1.0,1.0,0.0,0.6140968246525137
2024-01-26 14:00:00,0,2020.258,2026.066,2019.032,3.3388571428571203,1.0,4.0,8.0,0.0,14.0,4.0,1.0,3.0,4.0,0.0,0.0,0.0,0.0,1.0,1.0,1.0,0.0,0.3443635034694732
2024-01-29 01:00:00,1,2023.178,2025.453,2021.046,4.082642857142868,1.0,5.0,1.0,0.0,1.0,0.0,1.0,4.0,5.0,0.0,0.0,0.0,0.0,1.0,1.0,1.0,1.0,0.7946092067805625
2024-01-29 05:00:00,1,2025.473,2026.816,2024.658,3.274785714285713,1.0,4.0,2.0,1.0,5.0,0.0,1.0,3.0,4.0,1.0,0.0,0.0,0.0,1.0,0.0,1.0,1.0,0.6657981312406389
2024-01-29 09:00:00,0,2028.397,2031.921,2027.842,3.53492857142859,1.0,3.0,2.0,1.0,9.0,0.0,1.0,2.0,3.0,1.0,0.0,0.0,0.0,1.0,0.0,1.0,0.0,0.6442452388188523
2024-01-29 11:00:00,1,2028.111,2028.301,2025.427,3.634428571428592,1.0,3.0,3.0,1.0,11.0,0.0,1.0,2.0,3.0,1.0,0.0,0.0,0.0,1.0,0.0,1.0,0.0,0.7619635273818305
2024-01-29 12:00:00,0,2028.434,2030.281,2028.104,3.709000000000011,1.0,3.0,4.0,1.0,12.0,0.0,1.0,2.0,3.0,1.0,0.0,0.0,0.0,1.0,0.0,1.0,0.0,0.8005965977583203
2024-01-29 15:00:00,1,2025.387,2026.256,2020.461,4.703571428571438,1.0,4.0,0.0,1.0,15.0,0.0,1.0,3.0,4.0,1.0,0.0,0.0,0.0,1.0,1.0,1.0,0.0,0.35949755917082454
2024-01-29 20:00:00,1,2032.692,2035.251,2026.916,5.400714285714295,1.0,4.0,0.0,1.0,20.0,0.0,1.0,3.0,4.0,1.0,0.0,0.0,0.0,1.0,1.0,1.0,0.0,0.645872785366886
2024-01-30 00:00:00,0,2033.534,2034.066,2030.692,5.219928571428552,1.0,3.0,1.0,1.0,0.0,1.0,1.0,2.0,3.0,1.0,0.0,0.0,0.0,1.0,0.0,0.0,1.0,0.3242266478797547
2024-01-30 03:00:00,1,2031.999,2032.543,2031.315,5.160357142857118,1.0,3.0,5.0,1.0,3.0,1.0,1.0,2.0,3.0,1.0,0.0,0.0,0.0,1.0,0.0,0.0,1.0,0.40258648078315584
2024-01-30 04:00:00,1,2031.755,2032.983,2031.153,4.589571428571405,1.0,3.0,2.0,1.0,4.0,1.0,1.0,2.0,3.0,1.0,0.0,0.0,0.0,1.0,0.0,0.0,1.0,0.4558437033430314
2024-01-30 05:00:00,1,2032.17,2033.279,2031.434,3.605714285714271,1.0,4.0,4.0,1.0,5.0,1.0,1.0,3.0,4.0,1.0,0.0,0.0,0.0,1.0,0.0,1.0,1.0,0.5656877405248276
2024-01-30 08:00:00,0,2038.287,2039.464,2036.977,3.498928571428548,1.0,5.0,0.0,1.0,8.0,1.0,1.0,4.0,5.0,1.0,1.0,0.0,0.0,1.0,1.0,1.0,1.0,0.5993308165734528
2024-01-30 09:00:00,1,2035.659,2038.62,2035.013,3.422785714285689,1.0,4.0,8.0,1.0,9.0,1.0,1.0,3.0,4.0,1.0,0.0,0.0,0.0,1.0,0.0,1.0,1.0,0.47477306980612627
2024-01-30 10:00:00,0,2035.612,2037.292,2034.996,3.385999999999951,1.0,4.0,5.0,1.0,10.0,1.0,1.0,3.0,4.0,1.0,0.0,0.0,0.0,1.0,0.0,1.0,1.0,0.5866651862413703
2024-01-30 12:00:00,1,2035.884,2036.333,2033.602,3.2220714285713905,1.0,5.0,1.0,1.0,12.0,1.0,1.0,4.0,5.0,1.0,0.0,0.0,0.0,1.0,1.0,1.0,1.0,0.8252241708130368
2024-01-30 13:00:00,1,2037.767,2037.941,2033.176,3.261785714285696,1.0,4.0,0.0,1.0,13.0,1.0,1.0,3.0,4.0,1.0,1.0,0.0,0.0,1.0,1.0,1.0,1.0,0.5440498451899115
2024-01-30 15:00:00,1,2032.543,2048.281,2029.024,4.960642857142846,1.0,4.0,0.0,1.0,15.0,1.0,1.0,3.0,4.0,1.0,0.0,0.0,0.0,1.0,1.0,1.0,0.0,0.47888016168067504
2024-01-30 19:00:00,1,2036.04,2037.021,2032.307,5.478857142857139,1.0,2.0,1.0,1.0,19.0,1.0,1.0,1.0,2.0,1.0,0.0,0.0,0.0,1.0,0.0,0.0,0.0,0.7658917413084603
2024-01-30 20:00:00,1,2035.985,2036.592,2035.233,5.296,1.0,2.0,5.0,1.0,20.0,1.0,1.0,1.0,2.0,1.0,0.0,0.0,0.0,1.0,0.0,0.0,0.0,0.8007417487291976
2024-01-30 21:00:00,1,2036.768,2036.847,2035.795,4.909714285714277,1.0,2.0,1.0,1.0,21.0,1.0,1.0,1.0,2.0,1.0,0.0,0.0,0.0,1.0,0.0,0.0,0.0,0.9117759360093286
2024-01-31 00:00:00,0,2036.085,2038.641,2035.767,4.797928571428575,1.0,3.0,0.0,1.0,0.0,2.0,1.0,2.0,3.0,1.0,0.0,0.0,0.0,1.0,0.0,0.0,1.0,0.49964724129114935
2024-01-31 02:00:00,1,2033.657,2034.83,2032.811,4.609285714285728,1.0,3.0,0.0,1.0,2.0,2.0,1.0,2.0,3.0,1.0,0.0,0.0,0.0,1.0,0.0,0.0,1.0,0.31448309117999723
2024-01-31 05:00:00,0,2034.933,2035.085,2033.205,3.6020714285714512,1.0,4.0,3.0,1.0,5.0,2.0,1.0,3.0,4.0,1.0,0.0,0.0,0.0,1.0,0.0,1.0,1.0,0.6621547778199742
2024-01-31 06:00:00,1,2034.272,2035.781,2033.609,2.3817142857143057,1.0,4.0,2.0,1.0,6.0,2.0,1.0,3.0,4.0,1.0,0.0,0.0,0.0,1.0,0.0,1.0,1.0,0.6292084985442369
2024-01-31 07:00:00,1,2036.563,2038.535,2033.858,2.40171428571432,1.0,4.0,1.0,1.0,7.0,2.0,1.0,3.0,4.0,1.0,0.0,0.0,0.0,1.0,0.0,1.0,1.0,0.46475769503569925
2024-01-31 11:00:00,1,2037.284,2038.914,2036.845,2.303500000000018,1.0,3.0,4.0,1.0,11.0,2.0,1.0,2.0,3.0,1.0,0.0,0.0,0.0,1.0,0.0,1.0,0.0,0.4766220825326976
2024-01-31 16:00:00,0,2049.962,2053.58,2047.435,4.139000000000043,1.0,6.0,2.0,1.0,16.0,2.0,1.0,5.0,6.0,1.0,0.0,0.0,1.0,1.0,1.0,1.0,1.0,0.9194146158645157
2024-01-31 19:00:00,0,2044.78,2050.815,2039.378,5.040142857142882,1.0,5.0,5.0,1.0,19.0,2.0,1.0,4.0,5.0,1.0,0.0,0.0,0.0,1.0,1.0,1.0,1.0,0.5788110728476196
2024-02-01 19:00:00,0,2054.78,2058.106,2054.125,7.267500000000057,1.0,2.0,6.0,1.0,19.0,3.0,1.0,1.0,2.0,1.0,0.0,0.0,0.0,1.0,0.0,0.0,0.0,0.8444961955621061
2024-02-01 20:00:00,0,2055.543,2055.677,2053.414,7.250714285714333,1.0,2.0,3.0,1.0,20.0,3.0,1.0,1.0,2.0,1.0,0.0,0.0,0.0,1.0,0.0,0.0,0.0,0.7567287182845368
2024-02-01 21:00:00,1,2054.697,2055.501,2053.796,7.155500000000059,1.0,2.0,8.0,1.0,21.0,3.0,1.0,1.0,2.0,1.0,0.0,0.0,0.0,1.0,0.0,0.0,0.0,0.8930293143075994
2024-02-01 23:00:00,1,2054.627,2056.102,2054.11,7.009714285714332,1.0,2.0,5.0,1.0,23.0,3.0,1.0,1.0,2.0,1.0,0.0,0.0,0.0,1.0,0.0,0.0,0.0,0.898736544441117
2024-02-02 00:00:00,1,2054.988,2056.91,2054.531,7.004142857142889,1.0,3.0,4.0,1.0,0.0,4.0,1.0,2.0,3.0,1.0,0.0,0.0,0.0,1.0,0.0,0.0,1.0,0.9384394627723093
2024-02-02 01:00:00,0,2054.721,2056.007,2052.859,6.4935714285714665,1.0,3.0,5.0,1.0,1.0,4.0,1.0,2.0,3.0,1.0,0.0,0.0,0.0,1.0,0.0,0.0,1.0,0.7354578713415516
2024-02-02 02:00:00,1,2053.764,2055.392,2051.894,6.421571428571464,1.0,3.0,0.0,1.0,2.0,4.0,1.0,2.0,3.0,1.0,0.0,0.0,0.0,1.0,0.0,0.0,1.0,0.5052644429884372
2024-02-02 07:00:00,1,2055.042,2056.882,2054.714,3.3548571428571643,1.0,4.0,6.0,1.0,7.0,4.0,1.0,3.0,4.0,1.0,0.0,0.0,0.0,1.0,0.0,1.0,1.0,0.7954572081162885
2024-02-02 08:00:00,1,2053.977,2056.777,2053.615,2.788000000000044,1.0,4.0,6.0,1.0,8.0,4.0,1.0,3.0,4.0,1.0,0.0,0.0,0.0,1.0,0.0,1.0,1.0,0.7499925758570842
2024-02-02 10:00:00,0,2054.588,2055.585,2052.884,2.3901428571428887,1.0,3.0,1.0,1.0,10.0,4.0,1.0,2.0,3.0,1.0,0.0,0.0,0.0,1.0,0.0,1.0,0.0,0.656075913959284
2024-02-06 19:00:00,1,2035.904,2036.895,2034.932,4.1936428571428905,1.0,2.0,0.0,0.0,19.0,1.0,1.0,1.0,2.0,0.0,1.0,0.0,0.0,1.0,0.0,0.0,0.0,0.7280917635971333
2024-02-06 20:00:00,0,2035.712,2036.952,2035.139,4.0729285714286005,1.0,2.0,5.0,0.0,20.0,1.0,1.0,1.0,2.0,0.0,0.0,0.0,0.0,1.0,0.0,0.0,0.0,0.8982314124036473
2024-02-06 21:00:00,0,2035.82,2036.114,2034.944,3.9573571428571768,1.0,2.0,5.0,0.0,21.0,1.0,1.0,1.0,2.0,0.0,0.0,0.0,0.0,1.0,0.0,0.0,0.0,0.8988348653320283
2024-02-06 23:00:00,1,2035.069,2036.073,2034.287,3.8476428571429033,1.0,2.0,5.0,0.0,23.0,1.0,1.0,1.0,2.0,0.0,0.0,0.0,0.0,1.0,0.0,0.0,0.0,0.8568603040880152
2024-02-07 00:00:00,0,2034.979,2036.095,2034.423,3.789000000000036,1.0,3.0,5.0,0.0,0.0,2.0,1.0,2.0,3.0,0.0,0.0,0.0,0.0,1.0,0.0,0.0,1.0,0.5880532925022849
2024-02-07 01:00:00,0,2035.035,2035.761,2034.212,3.690928571428604,1.0,3.0,5.0,0.0,1.0,2.0,1.0,2.0,3.0,0.0,0.0,0.0,0.0,1.0,0.0,0.0,1.0,0.48117783154011545
2024-02-07 02:00:00,1,2034.421,2035.513,2034.03,3.469428571428596,1.0,3.0,2.0,0.0,2.0,2.0,1.0,2.0,3.0,0.0,0.0,0.0,0.0,1.0,0.0,0.0,1.0,0.2497246141468505
2024-02-07 03:00:00,1,2034.442,2035.432,2034.048,3.3217857142857383,1.0,3.0,5.0,0.0,3.0,2.0,1.0,2.0,3.0,0.0,0.0,0.0,0.0,1.0,0.0,0.0,1.0,0.41674965299616457
2024-02-07 05:00:00,1,2033.384,2035.443,2033.267,2.8037857142857256,1.0,4.0,2.0,0.0,5.0,2.0,1.0,3.0,4.0,0.0,0.0,0.0,0.0,1.0,0.0,1.0,1.0,0.656426881442729
2024-02-07 06:00:00,1,2033.45,2034.233,2032.409,2.3240714285714312,1.0,4.0,5.0,0.0,6.0,2.0,1.0,3.0,4.0,0.0,0.0,0.0,0.0,1.0,0.0,1.0,1.0,0.479050844776638
2024-02-07 07:00:00,0,2035.124,2036.172,2033.228,2.26935714285714,1.0,3.0,0.0,0.0,7.0,2.0,1.0,2.0,3.0,0.0,0.0,0.0,0.0,1.0,0.0,1.0,1.0,0.23274191400675118
2024-02-07 08:00:00,1,2032.876,2035.284,2031.216,2.112000000000015,1.0,4.0,2.0,0.0,8.0,2.0,1.0,3.0,4.0,0.0,0.0,0.0,0.0,1.0,1.0,1.0,1.0,0.4377605035669279
2024-02-07 11:00:00,0,2034.122,2035.75,2032.744,2.054000000000006,1.0,3.0,4.0,0.0,11.0,2.0,1.0,2.0,3.0,0.0,0.0,0.0,0.0,1.0,0.0,1.0,1.0,0.6687132878201015
2024-02-07 12:00:00,1,2033.37,2034.209,2030.508,2.234785714285717,1.0,5.0,0.0,0.0,12.0,2.0,1.0,4.0,5.0,0.0,0.0,0.0,0.0,1.0,1.0,1.0,1.0,0.39299751527453114
2024-02-07 16:00:00,0,2038.376,2040.882,2037.545,3.734999999999981,1.0,5.0,5.0,1.0,16.0,2.0,1.0,4.0,5.0,1.0,0.0,0.0,0.0,1.0,1.0,1.0,1.0,0.8775627124455445
2024-02-07 17:00:00,1,2035.579,2038.455,2033.975,3.956142857142839,1.0,5.0,8.0,1.0,17.0,2.0,1.0,4.0,5.0,1.0,0.0,0.0,0.0,1.0,1.0,1.0,1.0,0.859003013660207
2024-02-07 18:00:00,0,2034.76,2037.169,2033.951,4.091357142857127,1.0,5.0,6.0,1.0,18.0,2.0,1.0,4.0,5.0,1.0,0.0,0.0,0.0,1.0,1.0,1.0,1.0,0.9532897471805986
2024-02-07 21:00:00,1,2034.943,2034.944,2033.686,3.901928571428568,1.0,2.0,3.0,1.0,21.0,2.0,1.0,1.0,2.0,1.0,0.0,0.0,0.0,1.0,0.0,0.0,0.0,0.8293233085506133
2024-02-08 01:00:00,1,2037.166,2038.082,2036.59,3.635428571428585,1.0,4.0,5.0,1.0,1.0,3.0,1.0,3.0,4.0,1.0,0.0,0.0,0.0,1.0,0.0,1.0,1.0,0.4639944821607199
2024-02-08 02:00:00,0,2036.123,2038.726,2035.815,3.628642857142869,1.0,4.0,0.0,1.0,2.0,3.0,1.0,3.0,4.0,1.0,0.0,0.0,0.0,1.0,0.0,1.0,1.0,0.2593029239309249
2024-02-08 03:00:00,1,2032.755,2036.529,2031.757,3.7051428571428624,1.0,3.0,0.0,1.0,3.0,3.0,1.0,2.0,3.0,1.0,1.0,0.0,0.0,1.0,0.0,0.0,1.0,0.381074690968499
2024-02-08 04:00:00,1,2032.205,2033.935,2031.629,3.561928571428585,1.0,3.0,0.0,1.0,4.0,3.0,1.0,2.0,3.0,1.0,1.0,0.0,0.0,1.0,0.0,0.0,1.0,0.47220954711073454
2024-02-08 08:00:00,1,2030.75,2033.341,2028.845,2.470642857142853,1.0,5.0,0.0,1.0,8.0,3.0,1.0,4.0,5.0,1.0,1.0,0.0,0.0,1.0,1.0,1.0,1.0,0.5005955593570546
2024-02-08 09:00:00,0,2035.278,2035.971,2029.749,2.6852142857142747,1.0,5.0,1.0,1.0,9.0,3.0,1.0,4.0,5.0,1.0,0.0,0.0,0.0,1.0,1.0,1.0,1.0,0.48592316255138757
2024-02-08 12:00:00,1,2024.96,2029.086,2023.621,3.649071428571411,1.0,4.0,0.0,0.0,12.0,3.0,1.0,3.0,4.0,0.0,1.0,0.0,0.0,1.0,1.0,1.0,1.0,0.7157131898923205
2024-02-08 13:00:00,1,2021.062,2026.393,2020.834,3.924071428571405,1.0,4.0,0.0,0.0,13.0,3.0,1.0,3.0,4.0,0.0,1.0,0.0,0.0,1.0,1.0,1.0,1.0,0.6131944249689453
2024-02-09 14:00:00,1,2025.26,2030.582,2022.989,3.324357142857155,1.0,4.0,0.0,0.0,14.0,4.0,1.0,3.0,4.0,0.0,1.0,0.0,0.0,1.0,1.0,1.0,1.0,0.7435829636736749
2024-02-09 15:00:00,1,2022.452,2027.158,2021.784,3.4912142857142987,1.0,3.0,0.0,0.0,15.0,4.0,1.0,2.0,3.0,0.0,1.0,0.0,0.0,1.0,1.0,1.0,0.0,0.5805889397634185
2024-02-09 17:00:00,1,2024.586,2024.72,2021.149,3.793357142857157,1.0,4.0,1.0,0.0,17.0,4.0,1.0,3.0,4.0,0.0,0.0,0.0,0.0,1.0,1.0,1.0,0.0,0.7368048512893579
2024-02-09 19:00:00,1,2024.749,2026.09,2023.305,4.007928571428563,1.0,2.0,1.0,0.0,19.0,4.0,1.0,1.0,2.0,0.0,0.0,0.0,0.0,1.0,0.0,0.0,0.0,0.7440714853262607
2024-02-09 21:00:00,1,2024.24,2025.528,2023.878,3.999785714285703,1.0,2.0,8.0,0.0,21.0,4.0,1.0,1.0,2.0,0.0,0.0,0.0,0.0,1.0,0.0,0.0,0.0,0.7841384528558131
2024-02-11 23:00:00,0,2025.266,2026.705,2024.402,3.919714285714268,1.0,2.0,0.0,0.0,23.0,6.0,1.0,1.0,2.0,0.0,0.0,0.0,0.0,1.0,0.0,0.0,0.0,0.7472268707260754
2024-02-12 00:00:00,0,2025.126,2025.898,2024.898,3.817999999999984,1.0,3.0,6.0,0.0,0.0,0.0,1.0,2.0,3.0,0.0,0.0,0.0,0.0,1.0,0.0,0.0,1.0,0.7886537787647299
2024-02-12 02:00:00,1,2022.406,2023.869,2022.17,3.862857142857121,1.0,2.0,0.0,0.0,2.0,0.0,1.0,1.0,2.0,0.0,1.0,0.0,0.0,1.0,0.0,0.0,0.0,0.4959197494032312
2024-02-12 04:00:00,1,2023.128,2024.132,2022.502,2.973999999999997,1.0,2.0,0.0,0.0,4.0,0.0,1.0,1.0,2.0,0.0,1.0,0.0,0.0,1.0,0.0,0.0,0.0,0.7492572362756448
2024-02-12 08:00:00,0,2023.684,2027.251,2023.527,2.20671428571427,1.0,5.0,8.0,0.0,8.0,0.0,1.0,4.0,5.0,0.0,0.0,0.0,0.0,1.0,1.0,1.0,1.0,0.3566613907255456
2024-02-12 09:00:00,1,2020.754,2023.865,2020.344,2.207499999999982,1.0,4.0,0.0,0.0,9.0,0.0,1.0,3.0,4.0,0.0,1.0,0.0,0.0,1.0,1.0,1.0,0.0,0.2273991399711993
2024-02-12 11:00:00,0,2021.704,2022.498,2020.171,2.095785714285707,1.0,5.0,0.0,0.0,11.0,0.0,1.0,4.0,5.0,0.0,1.0,0.0,0.0,1.0,1.0,1.0,1.0,0.11800136776445753
2024-02-12 12:00:00,0,2021.332,2022.298,2020.518,2.1050714285714127,1.0,5.0,0.0,0.0,12.0,0.0,1.0,4.0,5.0,0.0,1.0,0.0,0.0,1.0,1.0,1.0,1.0,0.1176862610253253
2024-02-12 14:00:00,1,2014.935,2020.352,2013.195,3.013357142857152,1.0,5.0,0.0,0.0,14.0,0.0,1.0,4.0,5.0,0.0,1.0,0.0,0.0,1.0,1.0,1.0,1.0,0.8238921509179892
2024-02-12 15:00:00,1,2013.132,2016.96,2012.039,3.1424285714285816,1.0,5.0,0.0,0.0,15.0,0.0,1.0,4.0,5.0,0.0,1.0,0.0,0.0,1.0,1.0,1.0,1.0,0.7462720298600125
2024-02-14 20:00:00,1,1991.029,1991.794,1989.558,4.070642857142892,1.0,2.0,2.0,0.0,20.0,2.0,1.0,1.0,2.0,0.0,0.0,0.0,0.0,1.0,0.0,0.0,0.0,0.28929052015227497
2024-02-14 21:00:00,1,1992.158,1992.924,1990.362,3.985571428571461,1.0,2.0,1.0,0.0,21.0,2.0,1.0,1.0,2.0,0.0,0.0,0.0,0.0,1.0,0.0,0.0,0.0,0.4868308664244046
2024-02-14 23:00:00,0,1993.452,1994.914,1991.893,3.8720714285714655,1.0,2.0,0.0,0.0,23.0,2.0,1.0,1.0,2.0,0.0,1.0,0.0,0.0,1.0,0.0,0.0,0.0,0.5553329592317157
2024-02-15 02:00:00,0,1993.129,1993.462,1992.084,3.580214285714289,1.0,3.0,0.0,0.0,2.0,3.0,1.0,2.0,3.0,0.0,1.0,0.0,0.0,1.0,0.0,0.0,1.0,0.5751065672788346
2024-02-15 03:00:00,1,1990.753,1993.292,1990.172,3.540571428571428,1.0,3.0,0.0,0.0,3.0,3.0,1.0,2.0,3.0,0.0,0.0,0.0,0.0,1.0,0.0,0.0,1.0,0.4150756611284485
2024-02-15 07:00:00,1,1993.726,1994.597,1992.151,2.5006428571428256,1.0,4.0,0.0,0.0,7.0,3.0,1.0,3.0,4.0,0.0,1.0,0.0,0.0,1.0,0.0,1.0,1.0,0.6413773841829891
2024-02-15 08:00:00,1,1995.201,1996.021,1993.43,2.3614999999999617,1.0,5.0,0.0,0.0,8.0,3.0,1.0,4.0,5.0,0.0,1.0,0.0,0.0,1.0,1.0,1.0,1.0,0.6951245133301627
2024-02-15 09:00:00,1,1996.354,1996.826,1993.804,2.2200714285713894,1.0,4.0,0.0,0.0,9.0,3.0,1.0,3.0,4.0,0.0,1.0,0.0,0.0,1.0,0.0,1.0,1.0,0.5648615888830729
2024-02-15 12:00:00,1,1997.895,1999.046,1996.381,2.228999999999961,1.0,6.0,0.0,0.0,12.0,3.0,1.0,5.0,6.0,0.0,1.0,0.0,1.0,1.0,1.0,1.0,1.0,0.4770465729967528
2024-02-15 13:00:00,0,2003.871,2004.303,1995.62,2.6334285714285506,1.0,5.0,0.0,0.0,13.0,3.0,1.0,4.0,5.0,0.0,1.0,0.0,0.0,1.0,1.0,1.0,1.0,0.305139987705963
2024-02-15 17:00:00,1,2003.605,2004.549,2000.013,3.658714285714301,1.0,5.0,7.0,0.0,17.0,3.0,1.0,4.0,5.0,0.0,0.0,0.0,0.0,1.0,1.0,1.0,1.0,0.97148502807176
2024-02-15 20:00:00,0,2004.303,2005.062,2003.481,3.794571428571414,1.0,3.0,8.0,0.0,20.0,3.0,1.0,2.0,3.0,0.0,0.0,0.0,0.0,1.0,0.0,0.0,1.0,0.457708699356539
2024-02-15 21:00:00,0,2004.248,2004.629,2003.888,3.672785714285705,1.0,2.0,5.0,0.0,21.0,3.0,1.0,1.0,2.0,0.0,0.0,0.0,0.0,1.0,0.0,0.0,0.0,0.630559389271154
2024-02-16 00:00:00,1,2002.583,2003.662,2002.331,3.469357142857153,1.0,3.0,0.0,0.0,0.0,4.0,1.0,2.0,3.0,0.0,0.0,0.0,0.0,1.0,0.0,0.0,1.0,0.25173325283316966
2024-02-16 01:00:00,0,2005.477,2005.598,2002.362,3.5403571428571468,1.0,3.0,0.0,0.0,1.0,4.0,1.0,2.0,3.0,0.0,1.0,0.0,0.0,1.0,0.0,0.0,1.0,0.3382975745945411
2024-02-16 03:00:00,1,2004.266,2004.806,2003.37,3.397428571428577,1.0,3.0,5.0,0.0,3.0,4.0,1.0,2.0,3.0,0.0,0.0,0.0,0.0,1.0,0.0,0.0,1.0,0.6061793488342448
2024-02-16 05:00:00,1,2004.441,2004.702,2003.321,2.473785714285717,1.0,3.0,1.0,0.0,5.0,4.0,1.0,2.0,3.0,0.0,0.0,0.0,0.0,1.0,0.0,0.0,1.0,0.6669323663175941
2024-02-16 07:00:00,1,2005.147,2006.431,2003.311,2.025285714285733,1.0,4.0,1.0,0.0,7.0,4.0,1.0,3.0,4.0,0.0,0.0,0.0,0.0,1.0,0.0,1.0,1.0,0.6880184040655369
2024-02-16 09:00:00,1,2005.031,2006.414,2004.206,1.8355714285714515,1.0,4.0,5.0,0.0,9.0,4.0,1.0,3.0,4.0,0.0,0.0,0.0,0.0,1.0,0.0,1.0,1.0,0.8148394375852174
2024-02-16 10:00:00,0,2007.14,2007.459,2004.669,1.837214285714302,1.0,3.0,0.0,0.0,10.0,4.0,1.0,2.0,3.0,0.0,1.0,0.0,0.0,1.0,0.0,1.0,0.0,0.6614040321757017
2024-02-19 08:00:00,0,2020.134,2021.224,2018.961,4.836285714285672,1.0,4.0,0.0,1.0,8.0,0.0,1.0,3.0,4.0,1.0,1.0,0.0,0.0,1.0,0.0,1.0,1.0,0.35387086901068665
2024-02-19 14:00:00,0,2017.281,2017.663,2015.87,2.64721428571428,1.0,5.0,3.0,1.0,14.0,0.0,1.0,4.0,5.0,1.0,0.0,0.0,0.0,1.0,1.0,1.0,1.0,0.468046924150585
2024-02-19 16:00:00,1,2016.218,2016.615,2013.223,2.4747142857142825,1.0,2.0,0.0,1.0,16.0,0.0,1.0,1.0,2.0,1.0,0.0,0.0,0.0,1.0,0.0,0.0,0.0,0.3990323359789088
2024-02-20 06:00:00,1,2019.421,2020.78,2017.729,2.1650000000000285,1.0,4.0,4.0,1.0,6.0,1.0,1.0,3.0,4.0,1.0,0.0,0.0,0.0,1.0,0.0,1.0,1.0,0.4502074423900151
2024-02-20 07:00:00,1,2021.441,2022.867,2018.925,2.3185000000000207,1.0,4.0,0.0,1.0,7.0,1.0,1.0,3.0,4.0,1.0,1.0,0.0,0.0,1.0,1.0,1.0,1.0,0.18578406673131634
2024-02-20 08:00:00,1,2022.742,2022.943,2020.736,2.2681428571428666,1.0,4.0,0.0,1.0,8.0,1.0,1.0,3.0,4.0,1.0,1.0,0.0,0.0,1.0,1.0,1.0,1.0,0.17764574246013426
2024-02-20 09:00:00,1,2023.959,2025.152,2022.491,2.215928571428581,1.0,4.0,0.0,1.0,9.0,1.0,1.0,3.0,4.0,1.0,1.0,0.0,0.0,1.0,1.0,1.0,1.0,0.3822588929009901
2024-02-20 10:00:00,1,2026.129,2027.559,2023.442,2.3301428571428624,1.0,4.0,0.0,1.0,10.0,1.0,1.0,3.0,4.0,1.0,1.0,0.0,0.0,1.0,1.0,1.0,1.0,0.43753250598094384
2024-02-20 11:00:00,1,2026.866,2027.329,2025.242,2.3662142857142823,1.0,4.0,0.0,1.0,11.0,1.0,1.0,3.0,4.0,1.0,1.0,0.0,0.0,1.0,1.0,1.0,1.0,0.5282722925509231
2024-02-20 12:00:00,1,2026.565,2027.985,2026.214,2.4595,1.0,4.0,0.0,1.0,12.0,1.0,1.0,3.0,4.0,1.0,1.0,0.0,0.0,1.0,1.0,1.0,1.0,0.6169344867823433
2024-02-20 17:00:00,0,2028.623,2028.723,2025.577,3.064142857142851,1.0,3.0,0.0,1.0,17.0,1.0,1.0,2.0,3.0,1.0,1.0,0.0,0.0,1.0,1.0,0.0,1.0,0.6383427483250265
2024-02-21 00:00:00,1,2023.547,2024.219,2022.867,2.716071428571435,1.0,3.0,0.0,1.0,0.0,2.0,1.0,2.0,3.0,1.0,0.0,0.0,0.0,1.0,0.0,0.0,1.0,0.5995808267055899
2024-02-21 01:00:00,1,2025.355,2026.053,2023.297,2.6188571428571583,1.0,3.0,7.0,1.0,1.0,2.0,1.0,2.0,3.0,1.0,0.0,0.0,0.0,1.0,0.0,0.0,1.0,0.9101768160788517
2024-02-21 02:00:00,1,2027.834,2029.11,2025.286,2.742928571428576,1.0,4.0,0.0,1.0,2.0,2.0,1.0,3.0,4.0,1.0,1.0,0.0,0.0,1.0,0.0,1.0,1.0,0.42619426449899045
2024-02-21 03:00:00,0,2030.425,2030.835,2027.708,2.8397857142857186,1.0,3.0,0.0,1.0,3.0,2.0,1.0,2.0,3.0,1.0,1.0,0.0,0.0,1.0,0.0,0.0,1.0,0.47708737723882727
2024-02-21 04:00:00,0,2030.794,2031.288,2030.101,2.586214285714277,1.0,3.0,0.0,1.0,4.0,2.0,1.0,2.0,3.0,1.0,1.0,0.0,0.0,1.0,0.0,0.0,1.0,0.4913494787806465
2024-02-21 09:00:00,1,2028.088,2028.676,2025.94,2.282071428571417,1.0,5.0,0.0,1.0,9.0,2.0,1.0,4.0,5.0,1.0,0.0,0.0,0.0,1.0,1.0,1.0,1.0,0.36623194218621846
2024-02-21 10:00:00,0,2029.856,2030.077,2027.842,2.234571428571404,1.0,4.0,0.0,1.0,10.0,2.0,1.0,3.0,4.0,1.0,1.0,0.0,0.0,1.0,0.0,1.0,1.0,0.46112918461482094
2024-02-21 12:00:00,1,2029.381,2030.064,2027.916,2.3774285714285464,1.0,5.0,0.0,1.0,12.0,2.0,1.0,4.0,5.0,1.0,1.0,0.0,0.0,1.0,1.0,1.0,1.0,0.5495832250485998
2024-02-21 13:00:00,1,2028.706,2031.536,2027.585,2.581071428571412,1.0,5.0,0.0,1.0,13.0,2.0,1.0,4.0,5.0,1.0,0.0,0.0,0.0,1.0,1.0,1.0,1.0,0.5053589410487555
2024-02-21 15:00:00,0,2024.149,2030.27,2024.012,2.973571428571404,1.0,5.0,0.0,1.0,15.0,2.0,1.0,4.0,5.0,1.0,1.0,0.0,0.0,1.0,1.0,1.0,1.0,0.9734589605348049
2024-02-21 17:00:00,1,2024.115,2024.479,2021.435,2.8794285714285643,1.0,5.0,0.0,1.0,17.0,2.0,1.0,4.0,5.0,1.0,1.0,0.0,0.0,1.0,1.0,1.0,1.0,0.9502947175020565
2024-02-22 09:00:00,0,2030.248,2033.15,2028.513,2.8437857142857217,1.0,5.0,8.0,1.0,9.0,3.0,1.0,4.0,5.0,1.0,0.0,0.0,0.0,1.0,1.0,1.0,1.0,0.9304731816057893
2024-02-22 14:00:00,0,2024.879,2026.71,2021.854,3.0249285714285667,1.0,4.0,5.0,1.0,14.0,3.0,1.0,3.0,4.0,1.0,0.0,0.0,0.0,1.0,1.0,1.0,0.0,0.7734480831462336
2024-02-22 16:00:00,1,2020.917,2024.258,2019.71,3.4255714285714345,1.0,4.0,0.0,1.0,16.0,3.0,1.0,3.0,4.0,1.0,1.0,0.0,0.0,1.0,1.0,1.0,0.0,0.5480361278147521
2024-02-23 19:00:00,0,2037.302,2040.422,2036.85,4.579642857142842,1.0,3.0,8.0,1.0,19.0,4.0,1.0,2.0,3.0,1.0,0.0,0.0,0.0,1.0,0.0,0.0,1.0,0.7515366299241533
2024-02-26 02:00:00,1,2030.863,2031.887,2030.555,3.9457142857142538,1.0,3.0,6.0,1.0,2.0,0.0,1.0,2.0,3.0,1.0,0.0,0.0,0.0,1.0,0.0,0.0,1.0,0.8758247923882657
2024-02-26 04:00:00,1,2032.182,2032.86,2032.016,3.3826428571427902,1.0,3.0,6.0,1.0,4.0,0.0,1.0,2.0,3.0,1.0,0.0,0.0,0.0,1.0,0.0,0.0,1.0,0.6979422178354924
2024-02-26 05:00:00,1,2033.057,2034.263,2032.105,3.214214285714222,1.0,4.0,1.0,1.0,5.0,0.0,1.0,3.0,4.0,1.0,0.0,0.0,0.0,1.0,0.0,1.0,1.0,0.35153869336265925
2024-02-26 10:00:00,0,2032.203,2035.399,2031.673,2.464571428571357,1.0,4.0,6.0,1.0,10.0,0.0,1.0,3.0,4.0,1.0,0.0,0.0,0.0,1.0,1.0,1.0,0.0,0.5879927578514184
2024-02-26 14:00:00,1,2027.545,2032.883,2025.626,2.8764999999999645,1.0,4.0,0.0,1.0,14.0,0.0,1.0,3.0,4.0,1.0,1.0,0.0,0.0,1.0,1.0,1.0,0.0,0.8342152009850021
2024-02-27 09:00:00,1,2036.569,2038.12,2035.306,2.150071428571388,1.0,5.0,0.0,1.0,9.0,1.0,1.0,4.0,5.0,1.0,1.0,0.0,0.0,1.0,1.0,1.0,1.0,0.2050121546801969
2024-02-27 13:00:00,1,2035.461,2038.634,2035.186,2.341571428571407,1.0,4.0,2.0,1.0,13.0,1.0,1.0,3.0,4.0,1.0,0.0,0.0,0.0,1.0,1.0,1.0,1.0,0.6175427529100596
2024-02-27 15:00:00,0,2033.746,2037.103,2032.991,2.5584999999999973,1.0,3.0,6.0,1.0,15.0,1.0,1.0,2.0,3.0,1.0,0.0,0.0,0.0,1.0,1.0,1.0,0.0,0.7419861891578583
2024-02-27 17:00:00,1,2032.209,2033.093,2029.652,2.7605714285714384,1.0,2.0,0.0,1.0,17.0,1.0,1.0,1.0,2.0,1.0,1.0,0.0,0.0,1.0,1.0,0.0,0.0,0.6219692953921514
2024-02-27 18:00:00,0,2032.385,2036.025,2031.897,2.971500000000024,1.0,3.0,0.0,1.0,18.0,1.0,1.0,2.0,3.0,1.0,1.0,0.0,0.0,1.0,1.0,1.0,0.0,0.7988114454400204
2024-02-27 19:00:00,1,2030.214,2032.451,2029.341,3.109071428571448,2.0,2.0,8.0,1.0,19.0,1.0,2.0,0.0,2.0,1.0,1.0,0.0,0.0,1.0,0.0,0.0,0.0,0.5471852107150154
2024-02-28 00:00:00,1,2030.771,2031.226,2029.1,2.640000000000051,1.0,3.0,0.0,1.0,0.0,2.0,1.0,2.0,3.0,1.0,1.0,0.0,0.0,1.0,0.0,0.0,1.0,0.44058020625797883
2024-02-28 01:00:00,0,2033.362,2033.694,2029.708,2.7747142857143348,1.0,4.0,0.0,1.0,1.0,2.0,1.0,3.0,4.0,1.0,0.0,0.0,0.0,1.0,0.0,1.0,1.0,0.32419199185913966
2024-02-28 02:00:00,0,2031.026,2033.581,2030.468,2.7649285714286083,1.0,3.0,0.0,1.0,2.0,2.0,1.0,2.0,3.0,1.0,1.0,0.0,0.0,1.0,0.0,0.0,1.0,0.37411283515734334
2024-02-28 04:00:00,0,2030.259,2031.15,2029.783,2.6115714285714864,1.0,3.0,0.0,1.0,4.0,2.0,1.0,2.0,3.0,1.0,1.0,0.0,0.0,1.0,0.0,0.0,1.0,0.4913494787806465
2024-02-28 05:00:00,0,2030.909,2031.103,2029.992,2.4810000000000594,1.0,3.0,0.0,1.0,5.0,2.0,1.0,2.0,3.0,1.0,1.0,0.0,0.0,1.0,0.0,0.0,1.0,0.42733031386242737
2024-02-28 07:00:00,1,2028.121,2029.338,2027.815,2.3575000000000403,1.0,4.0,0.0,1.0,7.0,2.0,1.0,3.0,4.0,1.0,1.0,0.0,0.0,1.0,0.0,1.0,1.0,0.5647566799835816
2024-02-28 08:00:00,0,2026.815,2029.233,2026.6,2.299785714285755,1.0,5.0,0.0,1.0,8.0,2.0,1.0,4.0,5.0,1.0,1.0,0.0,0.0,1.0,1.0,1.0,1.0,0.41138946704539603
2024-02-28 09:00:00,1,2024.855,2027.369,2024.828,2.1864285714285967,1.0,4.0,0.0,1.0,9.0,2.0,1.0,3.0,4.0,1.0,1.0,0.0,0.0,1.0,1.0,1.0,0.0,0.6194367091728024
2024-02-28 15:00:00,1,2031.787,2034.017,2030.384,3.0709285714285506,1.0,5.0,5.0,1.0,15.0,2.0,1.0,4.0,5.0,1.0,0.0,0.0,0.0,1.0,1.0,1.0,1.0,0.8896674722223287
2024-02-28 17:00:00,1,2033.761,2035.522,2032.289,3.104857142857132,1.0,4.0,5.0,1.0,17.0,2.0,1.0,3.0,4.0,1.0,0.0,0.0,0.0,1.0,1.0,0.0,1.0,0.7583392773672197
2024-02-28 21:00:00,1,2033.845,2035.258,2033.001,3.238642857142833,1.0,3.0,5.0,1.0,21.0,2.0,1.0,2.0,3.0,1.0,0.0,0.0,0.0,1.0,0.0,0.0,1.0,0.8448808659288509
2024-02-28 23:00:00,1,2034.303,2035.415,2034.3,3.1627142857142547,1.0,2.0,6.0,1.0,23.0,2.0,1.0,1.0,2.0,1.0,0.0,0.0,0.0,1.0,0.0,0.0,0.0,0.8931844671294793
2024-02-29 03:00:00,0,2036.541,2036.709,2035.181,2.930500000000003,1.0,3.0,0.0,1.0,3.0,3.0,1.0,2.0,3.0,1.0,1.0,0.0,0.0,1.0,0.0,0.0,1.0,0.38777584162437334
2024-02-29 04:00:00,1,2035.173,2036.561,2035.025,2.539142857142857,1.0,3.0,0.0,1.0,4.0,3.0,1.0,2.0,3.0,1.0,1.0,0.0,0.0,1.0,0.0,0.0,1.0,0.27875287242995617
2024-02-29 06:00:00,0,2036.782,2036.985,2035.401,2.0094999999999863,1.0,4.0,0.0,1.0,6.0,3.0,1.0,3.0,4.0,1.0,1.0,0.0,0.0,1.0,0.0,1.0,1.0,0.32963358281732125
2024-02-29 08:00:00,0,2037.126,2037.454,2035.497,1.893857142857103,1.0,4.0,0.0,1.0,8.0,3.0,1.0,3.0,4.0,1.0,1.0,0.0,0.0,1.0,1.0,1.0,1.0,0.3758201140362775
2024-02-29 10:00:00,0,2030.815,2034.803,2030.473,2.0994999999999697,1.0,4.0,0.0,1.0,10.0,3.0,1.0,3.0,4.0,1.0,1.0,0.0,0.0,1.0,1.0,1.0,1.0,0.3172718387373906
2024-02-29 11:00:00,1,2030.236,2031.767,2028.799,2.160857142857123,1.0,4.0,0.0,1.0,11.0,3.0,1.0,3.0,4.0,1.0,1.0,0.0,0.0,1.0,1.0,1.0,1.0,0.515226628923395
2024-02-29 16:00:00,1,2044.931,2048.352,2043.703,3.939857142857071,1.0,4.0,2.0,1.0,16.0,3.0,1.0,3.0,4.0,1.0,0.0,0.0,0.0,1.0,1.0,1.0,0.0,0.7292179740530514
2024-02-29 17:00:00,1,2045.624,2045.937,2043.272,4.021071428571353,1.0,4.0,3.0,1.0,17.0,3.0,1.0,3.0,4.0,1.0,0.0,0.0,0.0,1.0,1.0,1.0,0.0,0.7549314685870366
2024-02-29 19:00:00,0,2044.477,2046.857,2043.989,4.133285714285648,1.0,2.0,8.0,1.0,19.0,3.0,1.0,1.0,2.0,1.0,0.0,0.0,0.0,1.0,0.0,0.0,0.0,0.4070647448217606
2024-02-29 20:00:00,0,2044.019,2045.419,2043.726,4.141071428571373,1.0,2.0,6.0,1.0,20.0,3.0,1.0,1.0,2.0,1.0,0.0,0.0,0.0,1.0,0.0,0.0,0.0,0.7852222552327921
2024-02-29 23:00:00,0,2043.981,2044.148,2042.763,4.05799999999996,1.0,2.0,0.0,1.0,23.0,3.0,1.0,1.0,2.0,1.0,0.0,0.0,0.0,1.0,0.0,0.0,0.0,0.6334139937157622
2024-03-01 00:00:00,1,2043.711,2044.225,2042.769,3.9156428571428057,1.0,3.0,2.0,1.0,0.0,4.0,1.0,2.0,3.0,1.0,0.0,0.0,0.0,1.0,0.0,0.0,1.0,0.7302419800202075
2024-03-01 01:00:00,1,2044.289,2044.694,2043.011,3.726571428571365,1.0,3.0,7.0,1.0,1.0,4.0,1.0,2.0,3.0,1.0,0.0,0.0,0.0,1.0,0.0,0.0,1.0,0.9378619336744409
2024-03-01 07:00:00,1,2045.396,2048.758,2045.224,2.048214285714234,1.0,4.0,6.0,1.0,7.0,4.0,1.0,3.0,4.0,1.0,0.0,0.0,0.0,1.0,0.0,1.0,1.0,0.26405495869181483
2024-03-01 19:00:00,0,2085.252,2086.689,2084.709,7.559071428571461,1.0,2.0,0.0,1.0,19.0,4.0,1.0,1.0,2.0,1.0,1.0,0.0,0.0,0.0,0.0,0.0,0.0,0.2015799103148309
2024-03-03 23:00:00,0,2083.44,2086.145,2082.522,7.110000000000047,1.0,2.0,4.0,1.0,23.0,6.0,1.0,1.0,2.0,1.0,0.0,0.0,0.0,1.0,0.0,0.0,0.0,0.7607627367975417
2024-03-04 01:00:00,1,2080.26,2082.936,2079.411,6.275214285714339,1.0,3.0,0.0,1.0,1.0,0.0,1.0,2.0,3.0,1.0,0.0,0.0,0.0,1.0,0.0,1.0,0.0,0.26985000278255494
2024-03-04 02:00:00,0,2081.503,2083.466,2079.819,6.274928571428599,1.0,2.0,4.0,1.0,2.0,0.0,1.0,1.0,2.0,1.0,0.0,0.0,0.0,1.0,0.0,0.0,0.0,0.38308303342740635
2024-03-04 03:00:00,1,2081.366,2081.956,2080.316,6.051714285714346,1.0,2.0,5.0,1.0,3.0,0.0,1.0,1.0,2.0,1.0,0.0,0.0,0.0,1.0,0.0,0.0,0.0,0.4260542335583558
2024-03-04 05:00:00,1,2081.517,2082.258,2080.427,5.165071428571439,1.0,2.0,1.0,1.0,5.0,0.0,1.0,1.0,2.0,1.0,0.0,0.0,0.0,1.0,0.0,0.0,0.0,0.4844723782999003
2024-03-04 10:00:00,0,2083.873,2085.788,2082.578,2.7986428571428275,1.0,4.0,8.0,1.0,10.0,0.0,1.0,3.0,4.0,1.0,0.0,0.0,0.0,1.0,0.0,1.0,1.0,0.446198880865872
2024-03-04 12:00:00,1,2082.514,2083.381,2081.819,2.853857142857123,1.0,4.0,4.0,1.0,12.0,0.0,1.0,3.0,4.0,1.0,0.0,0.0,0.0,1.0,0.0,1.0,1.0,0.6454034683920893
2024-03-04 14:00:00,1,2100.713,2101.401,2090.392,4.086071428571423,1.0,6.0,0.0,1.0,14.0,0.0,1.0,5.0,6.0,1.0,1.0,0.0,1.0,0.0,1.0,1.0,1.0,0.6960103648029219
2024-03-04 15:00:00,1,2108.97,2109.355,2097.491,4.681714285714277,1.0,4.0,0.0,1.0,15.0,0.0,1.0,3.0,4.0,1.0,1.0,0.0,0.0,0.0,1.0,1.0,1.0,0.2185370839428936
2024-03-04 20:00:00,0,2116.611,2118.521,2115.36,6.0091428571429,1.0,2.0,5.0,1.0,20.0,0.0,1.0,1.0,2.0,1.0,0.0,0.0,0.0,0.0,0.0,0.0,0.0,0.44051170293160563
2024-03-04 21:00:00,0,2114.412,2117.258,2114.314,5.876928571428607,1.0,2.0,2.0,1.0,21.0,0.0,1.0,1.0,2.0,1.0,0.0,0.0,0.0,0.0,0.0,0.0,0.0,0.7089007216363079
2024-03-05 03:00:00,1,2112.96,2113.969,2111.212,5.913285714285784,1.0,3.0,1.0,1.0,3.0,1.0,1.0,2.0,3.0,1.0,0.0,0.0,0.0,0.0,0.0,0.0,1.0,0.23782552635892004
2024-03-05 05:00:00,0,2119.215,2119.632,2115.299,4.81842857142861,1.0,4.0,0.0,1.0,5.0,1.0,1.0,3.0,4.0,1.0,1.0,0.0,0.0,0.0,0.0,1.0,1.0,0.25445174960011346
2024-03-05 06:00:00,1,2117.214,2119.548,2115.277,4.276071428571446,1.0,4.0,0.0,1.0,6.0,1.0,1.0,3.0,4.0,1.0,1.0,0.0,0.0,0.0,0.0,1.0,1.0,0.34598597615733184
2024-03-05 09:00:00,1,2124.495,2125.382,2118.947,4.025142857142815,1.0,4.0,0.0,1.0,9.0,1.0,1.0,3.0,4.0,1.0,1.0,0.0,0.0,0.0,1.0,1.0,0.0,0.43839378158963516
2024-03-05 10:00:00,1,2123.725,2127.325,2123.284,4.027285714285654,1.0,3.0,6.0,1.0,10.0,1.0,1.0,2.0,3.0,1.0,0.0,0.0,0.0,0.0,0.0,1.0,0.0,0.7822704453588564
2024-03-05 11:00:00,1,2124.431,2127.158,2122.513,4.133285714285648,1.0,4.0,0.0,1.0,11.0,1.0,1.0,3.0,4.0,1.0,1.0,0.0,0.0,0.0,1.0,1.0,0.0,0.47511349670613234
2024-03-05 14:00:00,1,2128.187,2133.238,2124.181,5.981142857142751,1.0,4.0,5.0,1.0,14.0,1.0,1.0,3.0,4.0,1.0,0.0,0.0,0.0,0.0,1.0,1.0,0.0,0.4863337924307515
2024-03-05 15:00:00,1,2126.618,2139.533,2123.684,6.653714285714159,1.0,4.0,2.0,1.0,15.0,1.0,1.0,3.0,4.0,1.0,0.0,0.0,0.0,0.0,1.0,1.0,0.0,0.4988311329651481
2024-03-05 16:00:00,1,2128.298,2128.761,2123.631,6.882357142857018,1.0,4.0,1.0,1.0,16.0,1.0,1.0,3.0,4.0,1.0,0.0,0.0,0.0,0.0,1.0,1.0,0.0,0.6258669331513748
2024-03-05 18:00:00,1,2130.758,2133.538,2129.534,6.977499999999899,1.0,3.0,5.0,1.0,18.0,1.0,1.0,2.0,3.0,1.0,0.0,0.0,0.0,0.0,0.0,1.0,0.0,0.6537658250748173
2024-03-05 19:00:00,1,2129.53,2134.71,2129.492,7.040714285714167,1.0,2.0,6.0,1.0,19.0,1.0,1.0,1.0,2.0,1.0,0.0,0.0,0.0,0.0,0.0,0.0,0.0,0.7334600177276103
2024-03-05 20:00:00,0,2129.644,2130.963,2128.412,6.917857142857072,1.0,2.0,5.0,1.0,20.0,1.0,1.0,1.0,2.0,1.0,0.0,0.0,0.0,0.0,0.0,0.0,0.0,0.649864168572607
2024-03-06 00:00:00,0,2126.783,2128.105,2126.04,6.03707142857138,1.0,2.0,8.0,1.0,0.0,2.0,1.0,1.0,2.0,1.0,0.0,0.0,0.0,0.0,0.0,0.0,1.0,0.7408298557156716
2024-03-06 02:00:00,1,2126.325,2126.756,2123.859,5.834428571428524,1.0,2.0,3.0,1.0,2.0,2.0,1.0,1.0,2.0,1.0,0.0,0.0,0.0,0.0,0.0,0.0,1.0,0.5406082044563962
2024-03-06 05:00:00,1,2125.244,2127.966,2125.178,4.024142857142806,1.0,4.0,6.0,1.0,5.0,2.0,1.0,3.0,4.0,1.0,0.0,0.0,0.0,1.0,0.0,1.0,1.0,0.8112350329543685
2024-03-06 06:00:00,1,2127.271,2127.533,2124.842,3.08428571428567,1.0,4.0,1.0,1.0,6.0,2.0,1.0,3.0,4.0,1.0,0.0,0.0,0.0,1.0,0.0,1.0,1.0,0.41790260742680413
2024-03-06 07:00:00,1,2128.478,2131.465,2126.988,3.037642857142828,1.0,4.0,4.0,1.0,7.0,2.0,1.0,3.0,4.0,1.0,0.0,0.0,0.0,1.0,0.0,1.0,1.0,0.57051276393115
2024-03-06 09:00:00,1,2128.558,2129.863,2124.742,3.220642857142788,1.0,3.0,1.0,1.0,9.0,2.0,1.0,2.0,3.0,1.0,0.0,0.0,0.0,1.0,0.0,1.0,0.0,0.520834903877447
2024-03-06 11:00:00,1,2132.474,2132.601,2125.53,3.462714285714193,1.0,2.0,1.0,1.0,11.0,2.0,1.0,1.0,2.0,1.0,0.0,0.0,0.0,1.0,0.0,1.0,0.0,0.528037664010692
2024-03-06 13:00:00,1,2139.381,2139.647,2131.396,4.01407142857134,1.0,4.0,0.0,1.0,13.0,2.0,1.0,3.0,4.0,1.0,1.0,0.0,0.0,0.0,1.0,1.0,1.0,0.5630199150718967
2024-03-06 19:00:00,1,2144.309,2147.462,2139.385,7.294142857142821,1.0,4.0,2.0,1.0,19.0,2.0,1.0,3.0,4.0,1.0,0.0,0.0,0.0,0.0,1.0,0.0,1.0,0.4858297138069596
2024-03-06 23:00:00,1,2147.192,2151.006,2145.839,7.439642857142807,1.0,2.0,5.0,1.0,23.0,2.0,1.0,1.0,2.0,1.0,0.0,0.0,0.0,0.0,0.0,0.0,0.0,0.5949543639606554
2024-03-07 00:00:00,0,2148.786,2149.592,2146.851,7.269642857142831,1.0,4.0,1.0,1.0,0.0,3.0,1.0,3.0,4.0,1.0,0.0,0.0,1.0,0.0,0.0,0.0,1.0,0.6957219591256458
2024-03-07 01:00:00,1,2146.165,2148.968,2144.185,7.31935714285711,1.0,3.0,2.0,1.0,1.0,3.0,1.0,2.0,3.0,1.0,0.0,0.0,0.0,0.0,0.0,1.0,1.0,0.49835926449233064
2024-03-07 03:00:00,1,2151.709,2152.494,2149.587,7.181785714285654,1.0,2.0,0.0,1.0,3.0,3.0,1.0,1.0,2.0,1.0,1.0,0.0,0.0,0.0,0.0,0.0,1.0,0.6215202959667477
2024-03-07 07:00:00,1,2155.951,2158.227,2152.178,5.775357142857144,1.0,3.0,5.0,1.0,7.0,3.0,1.0,2.0,3.0,1.0,0.0,0.0,0.0,0.0,0.0,1.0,1.0,0.636045442797719
2024-03-07 08:00:00,1,2155.27,2159.83,2154.403,5.582642857142868,1.0,3.0,2.0,1.0,8.0,3.0,1.0,2.0,3.0,1.0,0.0,0.0,0.0,0.0,0.0,1.0,1.0,0.6833596664903175
2024-03-07 15:00:00,1,2153.701,2157.662,2151.613,5.80378571428579,1.0,4.0,5.0,1.0,15.0,3.0,1.0,3.0,4.0,1.0,0.0,0.0,0.0,1.0,1.0,1.0,0.0,0.5290773561095714
2024-03-07 16:00:00,1,2156.088,2158.528,2149.223,6.011285714285805,1.0,4.0,1.0,1.0,16.0,3.0,1.0,3.0,4.0,1.0,0.0,0.0,0.0,1.0,1.0,1.0,0.0,0.6504616437976163
2024-03-08 00:00:00,0,2160.782,2163.567,2159.679,4.94521428571433,1.0,3.0,0.0,1.0,0.0,4.0,1.0,2.0,3.0,1.0,0.0,0.0,0.0,1.0,0.0,0.0,1.0,0.41966371057048185
2024-03-08 03:00:00,1,2157.578,2158.678,2153.952,4.949642857142862,1.0,3.0,0.0,1.0,3.0,4.0,1.0,2.0,3.0,1.0,0.0,0.0,0.0,1.0,0.0,0.0,1.0,0.3368123111859302
2024-03-08 04:00:00,0,2157.677,2159.255,2156.319,4.628285714285734,1.0,3.0,5.0,1.0,4.0,4.0,1.0,2.0,3.0,1.0,0.0,0.0,0.0,1.0,0.0,0.0,1.0,0.45168204852291355
2024-03-08 05:00:00,1,2157.681,2158.338,2156.37,3.919714285714333,1.0,4.0,5.0,1.0,5.0,4.0,1.0,3.0,4.0,1.0,0.0,0.0,0.0,1.0,0.0,1.0,1.0,0.7667657535592085
2024-03-08 06:00:00,1,2161.168,2162.032,2156.396,3.890214285714332,1.0,4.0,7.0,1.0,6.0,4.0,1.0,3.0,4.0,1.0,0.0,0.0,0.0,1.0,0.0,1.0,1.0,0.9278242260877043
2024-03-08 09:00:00,1,2169.019,2171.084,2164.54,3.961357142857196,1.0,4.0,0.0,1.0,9.0,4.0,1.0,3.0,4.0,1.0,1.0,0.0,0.0,1.0,1.0,1.0,0.0,0.6342302543381174
2024-03-08 10:00:00,1,2168.421,2170.494,2166.594,3.898000000000041,1.0,3.0,0.0,1.0,10.0,4.0,1.0,2.0,3.0,1.0,1.0,0.0,0.0,1.0,0.0,1.0,0.0,0.6632304746257163
2024-03-08 14:00:00,1,2170.821,2174.706,2163.684,6.483785714285724,1.0,4.0,5.0,1.0,14.0,4.0,1.0,3.0,4.0,1.0,0.0,0.0,0.0,1.0,1.0,1.0,0.0,0.6908792186756756
2024-03-08 15:00:00,0,2177.164,2177.338,2167.778,6.87385714285717,1.0,4.0,7.0,1.0,15.0,4.0,1.0,3.0,4.0,1.0,0.0,0.0,0.0,1.0,1.0,1.0,0.0,0.9635773230285655
2024-03-08 19:00:00,1,2176.435,2177.801,2168.28,9.070285714285742,1.0,3.0,3.0,1.0,19.0,4.0,1.0,2.0,3.0,1.0,0.0,0.0,0.0,1.0,1.0,0.0,0.0,0.7595915946374071
2024-03-10 22:00:00,1,2177.122,2181.061,2177.122,8.536428571428619,1.0,2.0,2.0,1.0,22.0,6.0,1.0,1.0,2.0,1.0,0.0,0.0,0.0,1.0,0.0,0.0,0.0,0.8541171578420229
2024-03-10 23:00:00,1,2181.567,2183.825,2177.113,8.548428571428628,1.0,3.0,1.0,1.0,23.0,6.0,1.0,2.0,3.0,1.0,0.0,0.0,0.0,1.0,0.0,0.0,1.0,0.8234990264675017
2024-03-11 00:00:00,0,2186.676,2189.012,2179.436,8.953857142857194,1.0,4.0,0.0,1.0,0.0,0.0,1.0,3.0,4.0,1.0,0.0,0.0,0.0,0.0,0.0,1.0,1.0,0.4805144734886652
2024-03-11 01:00:00,1,2180.256,2186.787,2178.899,9.272714285714333,1.0,4.0,2.0,1.0,1.0,0.0,1.0,3.0,4.0,1.0,0.0,0.0,0.0,1.0,0.0,1.0,1.0,0.7138985303477403
2024-03-11 08:00:00,1,2177.441,2183.082,2176.573,5.0075714285714445,1.0,3.0,2.0,1.0,8.0,0.0,1.0,2.0,3.0,1.0,0.0,0.0,0.0,1.0,0.0,1.0,0.0,0.45051849136814565
2024-03-11 12:00:00,1,2177.159,2180.67,2176.348,4.922214285714355,1.0,3.0,2.0,1.0,12.0,0.0,1.0,2.0,3.0,1.0,0.0,0.0,0.0,1.0,1.0,1.0,0.0,0.624570093064359
2024-03-11 15:00:00,0,2184.27,2185.655,2180.014,4.904000000000094,1.0,4.0,0.0,1.0,15.0,0.0,1.0,3.0,4.0,1.0,0.0,0.0,0.0,1.0,1.0,1.0,0.0,0.30853108984595606
2024-03-11 16:00:00,0,2180.832,2184.649,2178.543,5.088642857142953,1.0,4.0,2.0,1.0,16.0,0.0,1.0,3.0,4.0,1.0,0.0,0.0,0.0,1.0,1.0,1.0,0.0,0.4473103068295519
2024-03-11 18:00:00,1,2180.837,2180.919,2177.073,5.401714285714401,1.0,2.0,3.0,1.0,18.0,0.0,1.0,1.0,2.0,1.0,0.0,0.0,0.0,1.0,0.0,0.0,0.0,0.3162074717233648
2024-03-11 19:00:00,1,2181.291,2184.164,2180.598,5.313071428571545,1.0,2.0,4.0,1.0,19.0,0.0,1.0,1.0,2.0,1.0,0.0,0.0,0.0,1.0,0.0,0.0,0.0,0.33052300486189196
2024-03-11 22:00:00,1,2181.201,2184.651,2180.563,5.201428571428616,1.0,2.0,0.0,1.0,22.0,0.0,1.0,1.0,2.0,1.0,0.0,0.0,0.0,1.0,0.0,0.0,0.0,0.46546447083943443
2024-03-12 01:00:00,0,2182.743,2183.041,2179.957,4.754071428571511,1.0,4.0,0.0,1.0,1.0,1.0,1.0,3.0,4.0,1.0,1.0,0.0,0.0,1.0,0.0,1.0,1.0,0.2403419695940762
2024-03-12 02:00:00,0,2179.074,2182.878,2178.582,4.844000000000084,1.0,4.0,8.0,1.0,2.0,1.0,1.0,3.0,4.0,1.0,0.0,0.0,0.0,1.0,0.0,1.0,1.0,0.35470024321270005
2024-03-12 03:00:00,0,2177.469,2179.079,2176.751,4.701571428571502,1.0,4.0,0.0,1.0,3.0,1.0,1.0,3.0,4.0,1.0,1.0,0.0,0.0,1.0,0.0,1.0,1.0,0.2065659634787183
2024-03-12 06:00:00,1,2175.268,2177.125,2173.541,3.747571428571486,1.0,4.0,0.0,1.0,6.0,1.0,1.0,3.0,4.0,1.0,1.0,0.0,0.0,1.0,0.0,1.0,1.0,0.41651192718621505
2024-03-12 07:00:00,0,2176.924,2177.334,2174.682,3.50085714285722,1.0,4.0,7.0,1.0,7.0,1.0,1.0,3.0,4.0,1.0,0.0,0.0,0.0,1.0,0.0,1.0,1.0,0.8504443612269804
2024-03-12 10:00:00,0,2176.439,2177.62,2175.395,3.083000000000019,1.0,3.0,0.0,1.0,10.0,1.0,1.0,2.0,3.0,1.0,1.0,0.0,0.0,1.0,0.0,1.0,0.0,0.3414852971793869
2024-03-12 11:00:00,0,2171.956,2176.592,2170.566,3.377785714285762,1.0,4.0,0.0,1.0,11.0,1.0,1.0,3.0,4.0,1.0,1.0,0.0,0.0,1.0,1.0,1.0,1.0,0.3884486253725147
2024-03-12 14:00:00,0,2162.011,2166.422,2152.55,6.079714285714317,1.0,4.0,5.0,1.0,14.0,1.0,1.0,3.0,4.0,1.0,0.0,0.0,0.0,1.0,1.0,1.0,1.0,0.5520353525039119
2024-03-12 18:00:00,1,2153.513,2156.521,2152.868,7.181142857142861,1.0,3.0,0.0,1.0,18.0,1.0,1.0,2.0,3.0,1.0,1.0,0.0,0.0,1.0,0.0,1.0,1.0,0.4391472425551804
2024-03-14 00:00:00,0,2176.221,2176.571,2173.983,4.442714285714244,1.0,2.0,3.0,1.0,0.0,3.0,1.0,1.0,2.0,1.0,0.0,0.0,0.0,1.0,0.0,0.0,1.0,0.625277567525202
2024-03-14 06:00:00,0,2168.701,2170.089,2167.419,3.150499999999965,1.0,3.0,5.0,1.0,6.0,3.0,1.0,2.0,3.0,1.0,0.0,0.0,0.0,1.0,0.0,1.0,1.0,0.33753611352714274
2024-03-14 07:00:00,1,2168.634,2169.039,2167.473,2.892357142857138,1.0,3.0,5.0,1.0,7.0,3.0,1.0,2.0,3.0,1.0,0.0,0.0,0.0,1.0,0.0,1.0,1.0,0.6263131170261981
2024-03-14 08:00:00,1,2169.542,2170.018,2168.116,2.553928571428579,1.0,3.0,1.0,1.0,8.0,3.0,1.0,2.0,3.0,1.0,0.0,0.0,0.0,1.0,0.0,1.0,1.0,0.46013532216850006
2024-03-14 09:00:00,0,2169.989,2171.959,2167.891,2.6830714285714032,1.0,3.0,5.0,1.0,9.0,3.0,1.0,2.0,3.0,1.0,0.0,0.0,0.0,1.0,0.0,1.0,1.0,0.4895134678431456
2024-03-14 10:00:00,0,2170.531,2170.838,2168.0,2.6103571428571155,1.0,2.0,3.0,1.0,10.0,3.0,1.0,1.0,2.0,1.0,0.0,0.0,0.0,1.0,0.0,1.0,0.0,0.570514865880436
2024-03-14 11:00:00,1,2168.455,2170.784,2167.1,2.6628571428571246,1.0,2.0,2.0,1.0,11.0,3.0,1.0,1.0,2.0,1.0,0.0,0.0,0.0,1.0,0.0,1.0,0.0,0.5371404799738795
2024-03-14 12:00:00,1,2162.776,2170.378,2160.356,3.2549285714285685,1.0,3.0,0.0,1.0,12.0,3.0,1.0,2.0,3.0,1.0,1.0,0.0,0.0,1.0,1.0,1.0,0.0,0.3864771655922633
2024-03-14 13:00:00,1,2162.447,2167.243,2158.532,3.749857142857146,1.0,3.0,5.0,1.0,13.0,3.0,1.0,2.0,3.0,1.0,0.0,0.0,0.0,1.0,1.0,1.0,0.0,0.7188670262734033
2024-03-14 14:00:00,0,2161.987,2163.819,2157.688,4.002928571428583,1.0,3.0,5.0,1.0,14.0,3.0,1.0,2.0,3.0,1.0,0.0,0.0,0.0,1.0,1.0,1.0,0.0,0.7203620494969435
2024-03-14 15:00:00,1,2157.191,2162.243,2152.649,4.418214285714287,1.0,4.0,0.0,1.0,15.0,3.0,1.0,3.0,4.0,1.0,0.0,0.0,0.0,1.0,1.0,1.0,0.0,0.44755692205057007
2024-03-14 17:00:00,1,2160.218,2164.997,2158.02,4.758428571428567,1.0,4.0,4.0,1.0,17.0,3.0,1.0,3.0,4.0,1.0,0.0,0.0,0.0,1.0,1.0,1.0,0.0,0.44337177601033295
2024-03-15 03:00:00,1,2164.53,2164.842,2161.725,3.940071428571368,1.0,2.0,1.0,1.0,3.0,4.0,1.0,1.0,2.0,1.0,0.0,0.0,0.0,1.0,0.0,0.0,1.0,0.7452373272744202
2024-03-15 04:00:00,1,2164.443,2165.451,2163.813,3.4348571428570915,1.0,2.0,5.0,1.0,4.0,4.0,1.0,1.0,2.0,1.0,0.0,0.0,0.0,1.0,0.0,0.0,1.0,0.566584959626184
2024-03-15 05:00:00,0,2169.047,2169.175,2163.475,3.404071428571407,1.0,3.0,0.0,1.0,5.0,4.0,1.0,2.0,3.0,1.0,1.0,0.0,0.0,1.0,0.0,1.0,1.0,0.48514943170964137
2024-03-15 14:00:00,0,2164.229,2166.658,2159.144,4.462499999999993,1.0,3.0,1.0,1.0,14.0,4.0,1.0,2.0,3.0,1.0,0.0,0.0,0.0,1.0,1.0,1.0,0.0,0.6803298922692775
2024-03-15 15:00:00,0,2159.99,2164.266,2158.076,4.648500000000013,1.0,3.0,2.0,1.0,15.0,4.0,1.0,2.0,3.0,1.0,0.0,0.0,0.0,1.0,1.0,1.0,0.0,0.3519214871596007
2024-03-15 17:00:00,0,2156.766,2160.556,2155.092,5.118000000000036,1.0,3.0,0.0,0.0,17.0,4.0,1.0,2.0,3.0,0.0,1.0,0.0,0.0,1.0,1.0,1.0,0.0,0.3664530028051365
2024-03-18 00:00:00,0,2156.589,2157.481,2154.936,4.757642857142888,1.0,3.0,5.0,0.0,0.0,0.0,1.0,2.0,3.0,0.0,0.0,0.0,0.0,1.0,0.0,1.0,1.0,0.360878427804843
2024-03-18 02:00:00,0,2147.821,2153.43,2146.546,5.196785714285754,1.0,3.0,0.0,0.0,2.0,0.0,1.0,2.0,3.0,0.0,1.0,0.0,0.0,1.0,0.0,1.0,1.0,0.13937958181034646
2024-03-20 05:00:00,0,2157.406,2158.194,2156.494,2.492428571428523,1.0,4.0,0.0,0.0,5.0,2.0,1.0,3.0,4.0,0.0,1.0,0.0,0.0,1.0,0.0,1.0,1.0,0.33915308417177387
2024-03-20 06:00:00,1,2156.987,2158.222,2156.33,2.2724999999999715,1.0,4.0,0.0,0.0,6.0,2.0,1.0,3.0,4.0,0.0,1.0,0.0,0.0,1.0,0.0,1.0,1.0,0.20838104694989665
2024-03-20 07:00:00,0,2158.266,2159.486,2156.806,2.2578571428571195,1.0,5.0,0.0,0.0,7.0,2.0,1.0,4.0,5.0,0.0,1.0,0.0,0.0,1.0,1.0,1.0,1.0,0.21802120575475686
2024-03-20 08:00:00,0,2156.123,2158.353,2154.423,2.317500000000012,1.0,4.0,8.0,0.0,8.0,2.0,1.0,3.0,4.0,0.0,0.0,0.0,0.0,1.0,1.0,1.0,0.0,0.2801319902970575
2024-03-20 11:00:00,1,2153.978,2155.046,2152.264,2.5507142857142884,1.0,4.0,5.0,0.0,11.0,2.0,1.0,3.0,4.0,0.0,0.0,0.0,0.0,1.0,1.0,1.0,0.0,0.5851654906435972
2024-03-21 07:00:00,1,2206.572,2210.158,2206.394,9.07207142857143,1.0,4.0,6.0,1.0,7.0,3.0,1.0,3.0,4.0,1.0,0.0,0.0,0.0,1.0,0.0,1.0,1.0,0.8533740844658653
2024-03-21 11:00:00,1,2207.486,2208.809,2205.382,7.791857142857192,1.0,2.0,5.0,1.0,11.0,3.0,1.0,1.0,2.0,1.0,0.0,0.0,0.0,1.0,0.0,1.0,0.0,0.7618669671126146
2024-03-21 12:00:00,0,2207.672,2208.811,2203.205,6.401500000000072,1.0,3.0,1.0,1.0,12.0,3.0,1.0,2.0,3.0,1.0,0.0,0.0,0.0,1.0,1.0,1.0,0.0,0.6682788521841065
2024-03-21 13:00:00,0,2191.857,2208.082,2191.646,6.871500000000034,1.0,3.0,2.0,1.0,13.0,3.0,1.0,2.0,3.0,1.0,0.0,0.0,0.0,1.0,1.0,1.0,0.0,0.8635957364050332
2024-03-21 15:00:00,1,2174.68,2176.901,2166.296,6.924142857142897,1.0,4.0,0.0,1.0,15.0,3.0,1.0,3.0,4.0,1.0,0.0,0.0,0.0,1.0,1.0,1.0,0.0,0.7872039050827403
2024-03-21 16:00:00,1,2179.865,2180.31,2172.954,7.186428571428613,1.0,3.0,7.0,1.0,16.0,3.0,1.0,2.0,3.0,1.0,0.0,0.0,0.0,1.0,0.0,1.0,0.0,0.9521297763709017
2024-03-21 22:00:00,1,2180.896,2182.357,2180.381,7.047142857142879,1.0,2.0,5.0,1.0,22.0,3.0,1.0,1.0,2.0,1.0,0.0,0.0,0.0,1.0,0.0,0.0,0.0,0.8433907058306392
2024-03-22 00:00:00,1,2184.882,2186.043,2181.001,6.328928571428572,1.0,3.0,0.0,1.0,0.0,4.0,1.0,2.0,3.0,1.0,0.0,0.0,0.0,1.0,0.0,0.0,1.0,0.5508414386877154
2024-03-22 01:00:00,1,2173.484,2185.914,2172.646,6.803714285714283,1.0,4.0,2.0,1.0,1.0,4.0,1.0,3.0,4.0,1.0,0.0,0.0,0.0,1.0,0.0,1.0,1.0,0.7972223354400724
2024-03-22 02:00:00,1,2172.579,2177.067,2171.805,6.934785714285714,1.0,4.0,6.0,1.0,2.0,4.0,1.0,3.0,4.0,1.0,0.0,0.0,0.0,1.0,0.0,1.0,1.0,0.9120369529084895
2024-03-22 03:00:00,1,2173.738,2176.193,2172.199,6.819642857142851,1.0,4.0,4.0,1.0,3.0,4.0,1.0,3.0,4.0,1.0,0.0,0.0,0.0,1.0,0.0,1.0,1.0,0.8295221304814064
2024-03-22 05:00:00,1,2174.248,2175.799,2172.996,4.8278571428571535,1.0,4.0,4.0,1.0,5.0,4.0,1.0,3.0,4.0,1.0,0.0,0.0,0.0,1.0,0.0,1.0,1.0,0.5773048113029928
2024-03-22 06:00:00,0,2170.117,2176.303,2169.851,4.531214285714278,1.0,4.0,8.0,1.0,6.0,4.0,1.0,3.0,4.0,1.0,0.0,0.0,0.0,1.0,0.0,1.0,1.0,0.5638660550387545
2024-03-25 14:00:00,0,2177.792,2180.472,2175.294,5.524928571428551,1.0,4.0,5.0,0.0,14.0,0.0,1.0,3.0,4.0,0.0,0.0,0.0,0.0,1.0,1.0,1.0,0.0,0.5277632735214715
2024-03-25 15:00:00,1,2175.412,2177.909,2174.904,4.810428571428572,1.0,4.0,2.0,0.0,15.0,0.0,1.0,3.0,4.0,0.0,0.0,0.0,0.0,1.0,1.0,1.0,0.0,0.39758151834048716
2024-03-25 17:00:00,0,2174.71,2176.638,2174.187,4.499500000000028,1.0,2.0,8.0,1.0,17.0,0.0,1.0,1.0,2.0,1.0,0.0,0.0,0.0,1.0,0.0,0.0,0.0,0.41331698424858565
2024-03-25 20:00:00,1,2171.311,2172.266,2170.739,4.096571428571484,1.0,3.0,4.0,1.0,20.0,0.0,1.0,2.0,3.0,1.0,0.0,0.0,0.0,1.0,0.0,0.0,1.0,0.45524949716912194
2024-03-25 22:00:00,1,2171.855,2173.295,2170.931,3.884928571428613,1.0,2.0,5.0,1.0,22.0,0.0,1.0,1.0,2.0,1.0,0.0,0.0,0.0,1.0,0.0,0.0,0.0,0.6642204419059138
2024-03-26 01:00:00,1,2169.428,2174.262,2167.54,3.7270714285714672,1.0,5.0,0.0,1.0,1.0,1.0,1.0,4.0,5.0,1.0,0.0,0.0,0.0,1.0,1.0,1.0,1.0,0.6031550260611651
2024-03-26 03:00:00,1,2170.346,2172.415,2169.598,3.329857142857171,1.0,4.0,5.0,1.0,3.0,1.0,1.0,3.0,4.0,1.0,0.0,0.0,0.0,1.0,0.0,1.0,1.0,0.3315876532152767
2024-03-26 04:00:00,1,2172.263,2172.728,2170.089,2.924571428571458,1.0,3.0,7.0,1.0,4.0,1.0,1.0,2.0,3.0,1.0,0.0,0.0,0.0,1.0,0.0,0.0,1.0,0.8699053501673077
2024-03-26 07:00:00,1,2173.008,2174.172,2169.583,2.862000000000015,1.0,4.0,1.0,1.0,7.0,1.0,1.0,3.0,4.0,1.0,0.0,0.0,0.0,1.0,0.0,1.0,1.0,0.5413798131093713
2024-03-26 08:00:00,1,2178.196,2179.242,2171.564,3.2353571428571803,1.0,5.0,0.0,1.0,8.0,1.0,1.0,4.0,5.0,1.0,1.0,0.0,0.0,1.0,1.0,1.0,1.0,0.736168321222799
2024-03-26 15:00:00,1,2174.245,2181.506,2171.679,7.036142857142944,1.0,5.0,0.0,1.0,15.0,1.0,1.0,4.0,5.0,1.0,0.0,0.0,0.0,1.0,1.0,1.0,1.0,0.7839183178033962
2024-03-26 17:00:00,1,2176.727,2179.213,2175.932,7.198857142857248,1.0,2.0,5.0,1.0,17.0,1.0,1.0,1.0,2.0,1.0,0.0,0.0,0.0,1.0,0.0,0.0,0.0,0.676826323830642
2024-03-26 18:00:00,1,2177.66,2178.516,2175.869,7.199428571428663,1.0,2.0,1.0,1.0,18.0,1.0,1.0,1.0,2.0,1.0,0.0,0.0,0.0,1.0,0.0,0.0,0.0,0.5437792402591761
2024-03-26 22:00:00,1,2178.16,2179.385,2176.667,7.0460714285715245,1.0,2.0,1.0,1.0,22.0,1.0,1.0,1.0,2.0,1.0,0.0,0.0,0.0,1.0,0.0,0.0,0.0,0.7857549166416159
2024-03-27 00:00:00,1,2177.436,2180.147,2176.581,5.680357142857214,1.0,3.0,8.0,1.0,0.0,2.0,1.0,2.0,3.0,1.0,0.0,0.0,0.0,1.0,0.0,0.0,1.0,0.6835421806789086
2024-03-27 01:00:00,1,2175.146,2180.316,2173.105,5.52550000000003,1.0,5.0,0.0,1.0,1.0,2.0,1.0,4.0,5.0,1.0,0.0,0.0,0.0,1.0,1.0,1.0,1.0,0.8278458965413392
2024-03-27 02:00:00,1,2175.953,2177.593,2174.681,5.441357142857149,1.0,4.0,4.0,1.0,2.0,2.0,1.0,3.0,4.0,1.0,0.0,0.0,0.0,1.0,0.0,1.0,1.0,0.5780695610454782
2024-03-27 03:00:00,1,2177.725,2181.699,2175.641,5.109499999999993,1.0,4.0,4.0,1.0,3.0,2.0,1.0,3.0,4.0,1.0,0.0,0.0,0.0,1.0,0.0,1.0,1.0,0.5971700506712003
2024-03-27 04:00:00,1,2178.353,2180.071,2177.263,4.268285714285704,1.0,3.0,4.0,1.0,4.0,2.0,1.0,2.0,3.0,1.0,0.0,0.0,0.0,1.0,0.0,0.0,1.0,0.704511321832278
2024-03-27 06:00:00,1,2177.71,2180.016,2176.496,3.4987857142856944,1.0,4.0,4.0,1.0,6.0,2.0,1.0,3.0,4.0,1.0,0.0,0.0,0.0,1.0,0.0,1.0,1.0,0.5252048417338613
2024-03-27 08:00:00,1,2177.36,2182.677,2176.434,3.68578571428569,1.0,2.0,2.0,1.0,8.0,2.0,1.0,1.0,2.0,1.0,0.0,0.0,0.0,1.0,0.0,1.0,0.0,0.6170533268850731
2024-03-27 09:00:00,1,2189.225,2193.906,2176.537,4.7373571428571335,1.0,3.0,1.0,1.0,9.0,2.0,1.0,2.0,3.0,1.0,0.0,0.0,0.0,1.0,1.0,1.0,0.0,0.5948026061881636
2024-03-27 10:00:00,0,2193.745,2194.495,2188.675,5.038928571428544,1.0,3.0,0.0,1.0,10.0,2.0,1.0,2.0,3.0,1.0,1.0,0.0,0.0,1.0,1.0,1.0,0.0,0.5302203857246016
2024-03-27 13:00:00,1,2193.302,2193.428,2183.412,6.249714285714195,1.0,4.0,7.0,1.0,13.0,2.0,1.0,3.0,4.0,1.0,0.0,0.0,0.0,1.0,1.0,1.0,0.0,0.9400105398622725
2024-03-27 14:00:00,0,2193.389,2195.223,2189.795,6.382714285714201,1.0,4.0,5.0,1.0,14.0,2.0,1.0,3.0,4.0,1.0,0.0,0.0,0.0,1.0,1.0,1.0,0.0,0.6896705222573488
2024-03-27 18:00:00,1,2192.389,2192.389,2188.991,6.248999999999926,1.0,2.0,7.0,1.0,18.0,2.0,1.0,1.0,2.0,1.0,0.0,0.0,0.0,1.0,0.0,0.0,0.0,0.889038961412045
2024-03-27 20:00:00,0,2194.654,2195.21,2192.905,6.207999999999921,1.0,2.0,0.0,1.0,20.0,2.0,1.0,1.0,2.0,1.0,1.0,0.0,0.0,1.0,0.0,0.0,0.0,0.574152334958095
2024-03-27 22:00:00,0,2192.095,2194.048,2189.729,6.286428571428489,1.0,2.0,5.0,1.0,22.0,2.0,1.0,1.0,2.0,1.0,0.0,0.0,0.0,1.0,0.0,0.0,0.0,0.7944682503610235
2024-03-28 00:00:00,1,2189.042,2190.882,2187.305,4.987214285714215,1.0,4.0,0.0,1.0,0.0,3.0,1.0,3.0,4.0,1.0,0.0,0.0,0.0,1.0,0.0,1.0,1.0,0.37193528013833216
2024-03-28 01:00:00,1,2189.362,2190.506,2187.527,4.784285714285651,1.0,4.0,5.0,1.0,1.0,3.0,1.0,3.0,4.0,1.0,0.0,0.0,0.0,1.0,0.0,1.0,1.0,0.5969370793160854
2024-03-28 02:00:00,1,2194.79,2196.039,2189.109,4.540857142857119,1.0,4.0,0.0,1.0,2.0,3.0,1.0,3.0,4.0,1.0,1.0,0.0,0.0,1.0,0.0,1.0,1.0,0.2761578903836502
2024-03-28 05:00:00,1,2197.203,2200.634,2194.399,3.884785714285759,1.0,4.0,4.0,1.0,5.0,3.0,1.0,3.0,4.0,1.0,0.0,0.0,0.0,1.0,0.0,1.0,1.0,0.7431196954680563
2024-03-28 06:00:00,0,2198.666,2198.928,2195.112,3.74914285714291,1.0,5.0,0.0,1.0,6.0,3.0,1.0,4.0,5.0,1.0,1.0,0.0,1.0,1.0,0.0,1.0,1.0,0.8811654805276699
2024-03-28 07:00:00,1,2193.719,2198.793,2192.629,3.979000000000074,1.0,5.0,2.0,1.0,7.0,3.0,1.0,4.0,5.0,1.0,0.0,0.0,0.0,1.0,1.0,1.0,1.0,0.9439114011047395
2024-03-28 08:00:00,1,2194.729,2197.281,2190.828,4.07864285714293,1.0,5.0,0.0,1.0,8.0,3.0,1.0,4.0,5.0,1.0,0.0,0.0,0.0,1.0,1.0,1.0,1.0,0.8934312848563235
2024-03-28 09:00:00,1,2197.763,2197.842,2192.407,4.224142857142916,1.0,3.0,0.0,1.0,9.0,3.0,1.0,2.0,3.0,1.0,1.0,0.0,0.0,1.0,1.0,1.0,0.0,0.5810625634309321
2024-03-28 10:00:00,1,2212.14,2213.777,2197.07,5.171357142857199,1.0,3.0,0.0,1.0,10.0,3.0,1.0,2.0,3.0,1.0,1.0,0.0,0.0,1.0,1.0,1.0,0.0,0.5431422164685308
2024-03-28 13:00:00,1,2206.6,2217.13,2202.211,6.839785714285816,1.0,3.0,2.0,1.0,13.0,3.0,1.0,2.0,3.0,1.0,0.0,0.0,0.0,1.0,1.0,1.0,0.0,0.7662718277931054
2024-03-28 14:00:00,1,2214.294,2214.938,2204.247,7.34171428571439,1.0,3.0,0.0,1.0,14.0,3.0,1.0,2.0,3.0,1.0,1.0,0.0,0.0,1.0,1.0,1.0,0.0,0.43042772807760765
2024-03-28 15:00:00,1,2215.877,2216.98,2212.193,7.470857142857247,1.0,3.0,0.0,1.0,15.0,3.0,1.0,2.0,3.0,1.0,1.0,0.0,0.0,1.0,1.0,1.0,0.0,0.4799110878762848
2024-03-28 17:00:00,1,2221.903,2223.231,2216.649,8.139785714285804,1.0,2.0,3.0,1.0,17.0,3.0,1.0,1.0,2.0,1.0,0.0,0.0,0.0,1.0,1.0,0.0,0.0,0.8248172812027581
2024-03-31 23:00:00,1,2244.928,2247.34,2235.573,9.722500000000082,2.0,2.0,7.0,1.0,23.0,6.0,2.0,0.0,2.0,1.0,1.0,0.0,0.0,0.0,0.0,0.0,0.0,0.9229758699349011
2024-04-01 00:00:00,1,2250.008,2256.307,2243.814,10.226642857142938,1.0,3.0,4.0,1.0,0.0,0.0,1.0,2.0,3.0,1.0,0.0,0.0,1.0,0.0,0.0,1.0,0.0,0.7434223419522686
2024-04-01 03:00:00,1,2264.309,2265.143,2256.459,9.322785714285828,1.0,2.0,0.0,1.0,3.0,0.0,1.0,1.0,2.0,1.0,1.0,0.0,0.0,0.0,0.0,1.0,0.0,0.43020338873640696
2024-04-01 04:00:00,0,2260.26,2265.678,2258.032,8.803285714285787,2.0,2.0,0.0,1.0,4.0,0.0,2.0,0.0,2.0,1.0,0.0,1.0,0.0,0.0,0.0,0.0,0.0,0.4036464114947819
2024-04-01 08:00:00,0,2257.177,2260.187,2255.757,7.780928571428603,1.0,3.0,5.0,1.0,8.0,0.0,1.0,2.0,3.0,1.0,0.0,0.0,0.0,0.0,0.0,1.0,1.0,0.5472579688386727
2024-04-01 11:00:00,1,2246.851,2251.013,2246.41,7.518214285714293,1.0,3.0,6.0,1.0,11.0,0.0,1.0,2.0,3.0,1.0,0.0,0.0,0.0,1.0,0.0,1.0,1.0,0.4039367862616001
2024-04-01 12:00:00,1,2252.525,2252.614,2243.562,7.412857142857157,1.0,4.0,1.0,1.0,12.0,0.0,1.0,3.0,4.0,1.0,0.0,0.0,0.0,1.0,1.0,1.0,1.0,0.40579583313071893
2024-04-01 13:00:00,0,2246.401,2257.903,2239.285,7.902214285714275,1.0,4.0,8.0,1.0,13.0,0.0,1.0,3.0,4.0,1.0,0.0,0.0,0.0,1.0,1.0,1.0,1.0,0.6704243445532438
2024-04-01 14:00:00,1,2235.905,2246.356,2228.473,8.290428571428558,1.0,5.0,0.0,1.0,14.0,0.0,1.0,4.0,5.0,1.0,0.0,0.0,0.0,1.0,1.0,1.0,1.0,0.6887207249433035
2024-04-01 16:00:00,1,2238.077,2243.445,2237.089,8.323428571428524,1.0,3.0,6.0,1.0,16.0,0.0,1.0,2.0,3.0,1.0,0.0,0.0,0.0,1.0,0.0,1.0,0.0,0.7716727241890695
2024-04-01 17:00:00,1,2239.127,2239.315,2234.665,8.03528571428566,1.0,2.0,3.0,1.0,17.0,0.0,1.0,1.0,2.0,1.0,0.0,0.0,0.0,1.0,0.0,0.0,0.0,0.5914601908336199
2024-04-01 18:00:00,1,2239.303,2241.208,2238.026,7.716428571428553,1.0,2.0,5.0,1.0,18.0,0.0,1.0,1.0,2.0,1.0,0.0,0.0,0.0,1.0,0.0,0.0,0.0,0.5316578346507415
2024-04-01 22:00:00,0,2253.385,2255.709,2248.577,8.0760714285714,1.0,2.0,0.0,1.0,22.0,0.0,1.0,1.0,2.0,1.0,0.0,0.0,0.0,1.0,0.0,0.0,0.0,0.7301101665088124
2024-04-01 23:00:00,1,2248.935,2253.554,2248.645,8.110285714285705,1.0,4.0,2.0,1.0,23.0,0.0,1.0,3.0,4.0,1.0,0.0,0.0,1.0,1.0,0.0,0.0,1.0,0.7509869192108511
2024-04-02 00:00:00,1,2250.372,2253.621,2247.817,7.879857142857157,1.0,5.0,4.0,1.0,0.0,1.0,1.0,4.0,5.0,1.0,0.0,0.0,1.0,1.0,0.0,1.0,1.0,0.8764001993330304
2024-04-02 02:00:00,1,2254.21,2255.031,2247.726,7.7780714285714305,1.0,4.0,1.0,1.0,2.0,1.0,1.0,3.0,4.0,1.0,0.0,0.0,0.0,1.0,0.0,1.0,1.0,0.7446466955076275
2024-04-02 08:00:00,1,2260.965,2262.807,2256.059,5.626928571428542,1.0,4.0,0.0,1.0,8.0,1.0,1.0,3.0,4.0,1.0,1.0,0.0,0.0,0.0,1.0,1.0,0.0,0.4314789617238086
2024-04-02 10:00:00,0,2262.101,2264.673,2255.04,6.193142857142805,1.0,4.0,1.0,1.0,10.0,1.0,1.0,3.0,4.0,1.0,0.0,0.0,0.0,0.0,1.0,1.0,0.0,0.34750913879559775
2024-04-02 11:00:00,1,2260.526,2262.141,2256.003,6.08785714285708,1.0,4.0,8.0,1.0,11.0,1.0,1.0,3.0,4.0,1.0,0.0,0.0,0.0,0.0,1.0,1.0,0.0,0.6625467894013801
2024-04-02 14:00:00,0,2260.678,2276.974,2257.166,7.690999999999966,1.0,3.0,6.0,1.0,14.0,1.0,1.0,2.0,3.0,1.0,0.0,0.0,0.0,1.0,1.0,1.0,0.0,0.8175666061452815
2024-04-02 15:00:00,1,2258.604,2261.13,2250.794,8.163857142857134,1.0,4.0,0.0,1.0,15.0,1.0,1.0,3.0,4.0,1.0,0.0,0.0,0.0,1.0,1.0,1.0,0.0,0.7032928277891667
2024-04-02 16:00:00,1,2260.277,2261.345,2254.074,8.161428571428555,1.0,3.0,3.0,1.0,16.0,1.0,1.0,2.0,3.0,1.0,0.0,0.0,0.0,1.0,0.0,1.0,0.0,0.7610051690692187
2024-04-03 00:00:00,1,2283.24,2285.891,2279.488,8.813500000000074,1.0,4.0,1.0,1.0,0.0,2.0,1.0,3.0,4.0,1.0,0.0,0.0,0.0,0.0,0.0,1.0,1.0,0.715282812256732
2024-04-03 02:00:00,1,2283.307,2284.6,2281.49,8.387642857142964,1.0,3.0,1.0,1.0,2.0,2.0,1.0,2.0,3.0,1.0,0.0,0.0,0.0,0.0,0.0,0.0,1.0,0.7983467855867974
2024-04-03 04:00:00,1,2283.709,2287.046,2283.67,7.508928571428636,1.0,3.0,6.0,1.0,4.0,2.0,1.0,2.0,3.0,1.0,0.0,0.0,0.0,0.0,0.0,0.0,1.0,0.7205535491435217
2024-04-03 06:00:00,0,2281.994,2285.968,2280.949,6.08371428571432,1.0,4.0,8.0,1.0,6.0,2.0,1.0,3.0,4.0,1.0,0.0,0.0,0.0,0.0,0.0,1.0,1.0,0.6568938417227201
2024-04-03 11:00:00,1,2273.785,2274.503,2268.77,5.9991428571429095,1.0,3.0,3.0,1.0,11.0,2.0,1.0,2.0,3.0,1.0,0.0,0.0,0.0,1.0,0.0,1.0,0.0,0.6664848329272153
2024-04-03 13:00:00,1,2275.094,2278.859,2271.597,6.1670714285714245,1.0,4.0,5.0,1.0,13.0,2.0,1.0,3.0,4.0,1.0,0.0,0.0,0.0,1.0,1.0,1.0,0.0,0.7319149969764945
2024-04-03 15:00:00,1,2286.298,2288.352,2280.571,6.585928571428537,1.0,4.0,0.0,1.0,15.0,2.0,1.0,3.0,4.0,1.0,1.0,0.0,0.0,0.0,1.0,1.0,0.0,0.5763089429768495
2024-04-03 16:00:00,1,2293.825,2295.158,2280.699,7.396571428571373,1.0,4.0,0.0,1.0,16.0,2.0,1.0,3.0,4.0,1.0,1.0,0.0,0.0,0.0,1.0,1.0,0.0,0.2877551087565425
2024-04-03 18:00:00,1,2296.39,2297.89,2293.823,7.58142857142853,1.0,2.0,0.0,1.0,18.0,2.0,1.0,1.0,2.0,1.0,1.0,0.0,0.0,0.0,0.0,0.0,0.0,0.5364411180969467
2024-04-03 20:00:00,1,2299.785,2301.186,2297.188,7.453571428571389,1.0,2.0,0.0,1.0,20.0,2.0,1.0,1.0,2.0,1.0,1.0,0.0,1.0,0.0,0.0,0.0,0.0,0.25313357491499183
2024-04-03 22:00:00,0,2301.387,2302.445,2298.836,6.876999999999986,1.0,2.0,0.0,1.0,22.0,2.0,1.0,1.0,2.0,1.0,1.0,0.0,1.0,0.0,0.0,0.0,0.0,0.6978002500813602
2024-04-03 23:00:00,1,2297.448,2301.595,2296.245,6.653642857142846,1.0,2.0,2.0,1.0,23.0,2.0,1.0,1.0,2.0,1.0,0.0,0.0,0.0,0.0,0.0,0.0,1.0,0.7258288196695907
2024-04-04 00:00:00,0,2302.185,2302.477,2297.227,6.657714285714259,1.0,3.0,0.0,1.0,0.0,3.0,1.0,2.0,3.0,1.0,1.0,0.0,0.0,0.0,0.0,1.0,1.0,0.37710622912078023
2024-04-04 03:00:00,1,2299.175,2300.645,2297.584,6.344714285714255,1.0,5.0,5.0,1.0,3.0,3.0,1.0,4.0,5.0,1.0,0.0,0.0,1.0,0.0,0.0,1.0,1.0,0.803875169146915
2024-04-04 04:00:00,0,2298.895,2300.178,2298.266,5.962571428571404,1.0,4.0,5.0,1.0,4.0,3.0,1.0,3.0,4.0,1.0,0.0,0.0,1.0,0.0,0.0,0.0,1.0,0.5791888489045891
2024-04-04 07:00:00,1,2292.952,2298.155,2291.837,4.621214285714326,1.0,4.0,8.0,1.0,7.0,3.0,1.0,3.0,4.0,1.0,0.0,0.0,0.0,1.0,0.0,1.0,1.0,0.487653837496017
2024-04-04 09:00:00,1,2293.21,2294.061,2290.774,4.3404285714286415,1.0,4.0,7.0,1.0,9.0,3.0,1.0,3.0,4.0,1.0,0.0,0.0,0.0,1.0,0.0,1.0,1.0,0.8932202330760596
2024-04-04 11:00:00,0,2289.261,2295.18,2288.752,4.382642857142953,1.0,3.0,8.0,1.0,11.0,3.0,1.0,2.0,3.0,1.0,0.0,0.0,0.0,1.0,0.0,1.0,1.0,0.6805137248597425
2024-04-04 12:00:00,1,2288.125,2289.995,2282.702,4.645785714285759,1.0,5.0,0.0,1.0,12.0,3.0,1.0,4.0,5.0,1.0,0.0,0.0,0.0,1.0,1.0,1.0,1.0,0.7270400674998789
2024-04-04 13:00:00,1,2287.503,2291.052,2284.749,4.713857142857218,1.0,5.0,5.0,1.0,13.0,3.0,1.0,4.0,5.0,1.0,0.0,0.0,0.0,1.0,1.0,1.0,1.0,0.9038973327450001
2024-04-04 14:00:00,0,2295.115,2299.374,2287.062,5.218285714285782,1.0,4.0,1.0,1.0,14.0,3.0,1.0,3.0,4.0,1.0,0.0,0.0,0.0,1.0,1.0,1.0,0.0,0.4389293720684603
2024-04-04 17:00:00,1,2293.969,2294.022,2286.323,5.568142857142935,1.0,3.0,7.0,1.0,17.0,3.0,1.0,2.0,3.0,1.0,0.0,0.0,0.0,1.0,0.0,1.0,0.0,0.9093900315516338
2024-04-04 19:00:00,1,2284.919,2304.68,2279.817,7.70050000000005,1.0,4.0,2.0,1.0,19.0,3.0,1.0,3.0,4.0,1.0,0.0,0.0,0.0,1.0,1.0,1.0,0.0,0.6913447047105548
2024-04-04 23:00:00,1,2288.891,2291.221,2288.77,7.847857142857167,1.0,3.0,6.0,1.0,23.0,3.0,1.0,2.0,3.0,1.0,0.0,0.0,0.0,1.0,0.0,0.0,1.0,0.9189509175439198
2024-04-05 00:00:00,0,2283.116,2290.276,2282.842,8.144071428571417,1.0,4.0,0.0,1.0,0.0,4.0,1.0,3.0,4.0,1.0,1.0,0.0,0.0,1.0,0.0,1.0,1.0,0.7914048710540499
2024-04-05 20:00:00,1,2329.355,2329.994,2322.812,10.04221428571418,1.0,2.0,0.0,1.0,20.0,4.0,1.0,1.0,2.0,1.0,1.0,0.0,0.0,1.0,0.0,0.0,0.0,0.6995178126419996
2024-04-08 07:00:00,0,2337.761,2338.909,2333.732,11.290357142857117,1.0,2.0,3.0,1.0,7.0,0.0,1.0,1.0,2.0,1.0,0.0,0.0,0.0,0.0,0.0,0.0,0.0,0.36482855375118095
2024-04-08 09:00:00,1,2337.463,2337.885,2334.13,11.374642857142884,1.0,2.0,3.0,1.0,9.0,0.0,1.0,1.0,2.0,1.0,0.0,0.0,0.0,0.0,0.0,0.0,0.0,0.39847910339989345
2024-04-08 11:00:00,0,2337.341,2342.4,2336.413,11.559357142857152,1.0,2.0,2.0,1.0,11.0,0.0,1.0,1.0,2.0,1.0,0.0,0.0,0.0,1.0,0.0,0.0,0.0,0.5456434430535064
2024-04-08 16:00:00,1,2328.45,2330.203,2326.029,8.159357142857127,1.0,2.0,5.0,1.0,16.0,0.0,1.0,1.0,2.0,1.0,0.0,0.0,0.0,1.0,0.0,0.0,0.0,0.6096314656641543
2024-04-08 20:00:00,1,2339.019,2339.124,2337.874,7.12214285714286,1.0,2.0,7.0,1.0,20.0,0.0,1.0,1.0,2.0,1.0,0.0,0.0,0.0,1.0,0.0,0.0,0.0,0.7731038584910476
2024-04-08 23:00:00,1,2338.788,2340.455,2337.676,6.532642857142816,1.0,3.0,5.0,1.0,23.0,0.0,1.0,2.0,3.0,1.0,0.0,0.0,0.0,1.0,0.0,0.0,1.0,0.695029037576204
2024-04-09 04:00:00,1,2344.135,2346.201,2343.022,5.384214285714246,1.0,3.0,5.0,1.0,4.0,1.0,1.0,2.0,3.0,1.0,0.0,0.0,0.0,0.0,0.0,0.0,1.0,0.4905977614227621
2024-04-09 08:00:00,1,2357.601,2359.248,2351.328,5.0891428571428605,1.0,3.0,0.0,1.0,8.0,1.0,1.0,2.0,3.0,1.0,1.0,0.0,0.0,0.0,0.0,1.0,0.0,0.4097323705479877
2024-04-09 10:00:00,1,2356.48,2364.221,2355.831,5.658500000000004,1.0,4.0,8.0,1.0,10.0,1.0,1.0,3.0,4.0,1.0,0.0,0.0,0.0,0.0,1.0,1.0,0.0,0.6228788270927887
2024-04-09 13:00:00,1,2355.373,2360.972,2348.081,7.461500000000017,1.0,3.0,1.0,1.0,13.0,1.0,1.0,2.0,3.0,1.0,0.0,0.0,0.0,0.0,1.0,1.0,0.0,0.26275354332911954
2024-04-09 14:00:00,0,2352.815,2364.281,2345.089,8.607714285714305,1.0,3.0,5.0,1.0,14.0,1.0,1.0,2.0,3.0,1.0,0.0,0.0,0.0,1.0,1.0,1.0,0.0,0.8032694342350315
2024-04-09 15:00:00,1,2340.29,2353.665,2338.236,8.943642857142907,1.0,4.0,0.0,1.0,15.0,1.0,1.0,3.0,4.0,1.0,0.0,0.0,0.0,1.0,1.0,1.0,0.0,0.7326061437950417
2024-04-09 19:00:00,1,2351.118,2351.52,2345.188,9.488214285714289,1.0,3.0,3.0,1.0,19.0,1.0,1.0,2.0,3.0,1.0,0.0,0.0,1.0,1.0,0.0,0.0,0.0,0.6160193457187012
2024-04-09 22:00:00,1,2352.21,2353.895,2350.279,8.861071428571417,1.0,2.0,5.0,1.0,22.0,1.0,1.0,1.0,2.0,1.0,0.0,0.0,0.0,1.0,0.0,0.0,0.0,0.8845562640192665
2024-04-09 23:00:00,0,2354.776,2355.239,2351.529,8.560357142857129,1.0,3.0,1.0,1.0,23.0,1.0,1.0,2.0,3.0,1.0,0.0,0.0,0.0,0.0,0.0,0.0,1.0,0.6486657173244711
2024-04-10 00:00:00,0,2351.63,2355.576,2350.955,8.307785714285696,1.0,3.0,2.0,1.0,0.0,2.0,1.0,2.0,3.0,1.0,0.0,0.0,0.0,1.0,0.0,0.0,1.0,0.8756218577185662
2024-04-10 01:00:00,1,2349.319,2351.936,2344.697,8.225571428571422,1.0,5.0,0.0,1.0,1.0,2.0,1.0,4.0,5.0,1.0,0.0,0.0,1.0,1.0,0.0,1.0,1.0,0.8513848321004956
2024-04-10 04:00:00,1,2356.166,2356.861,2350.831,6.983142857142833,1.0,3.0,1.0,1.0,4.0,2.0,1.0,2.0,3.0,1.0,0.0,0.0,0.0,0.0,0.0,0.0,1.0,0.781783093206679
2024-04-10 06:00:00,0,2356.094,2359.902,2353.842,5.254071428571414,1.0,4.0,2.0,1.0,6.0,2.0,1.0,3.0,4.0,1.0,0.0,0.0,0.0,0.0,0.0,1.0,1.0,0.5673127946034646
2024-04-10 09:00:00,1,2347.637,2354.802,2344.862,5.20842857142858,1.0,3.0,2.0,1.0,9.0,2.0,1.0,2.0,3.0,1.0,0.0,0.0,0.0,1.0,0.0,1.0,0.0,0.566078042903486
2024-04-10 10:00:00,1,2347.453,2350.138,2345.225,5.107071428571446,1.0,3.0,5.0,1.0,10.0,2.0,1.0,2.0,3.0,1.0,0.0,0.0,0.0,1.0,0.0,1.0,0.0,0.6124748246726777
2024-04-10 11:00:00,0,2347.029,2349.335,2344.711,5.152857142857166,1.0,2.0,5.0,1.0,11.0,2.0,1.0,1.0,2.0,1.0,0.0,0.0,0.0,1.0,0.0,0.0,0.0,0.6230968663792132
2024-04-12 18:00:00,1,2338.795,2356.646,2335.364,16.496214285714327,1.0,3.0,0.0,1.0,18.0,4.0,1.0,2.0,3.0,1.0,1.0,0.0,0.0,0.0,1.0,1.0,0.0,0.5703823428919289
2024-04-15 06:00:00,1,2354.858,2361.487,2353.071,14.40492857142866,1.0,4.0,8.0,1.0,6.0,0.0,1.0,3.0,4.0,1.0,0.0,0.0,0.0,1.0,0.0,1.0,1.0,0.4870759057902006
2024-04-15 08:00:00,1,2351.557,2355.996,2344.71,11.26550000000004,1.0,4.0,5.0,1.0,8.0,0.0,1.0,3.0,4.0,1.0,0.0,0.0,0.0,1.0,0.0,1.0,1.0,0.46762713115176535
2024-04-15 10:00:00,1,2356.745,2356.981,2349.187,9.985142857142916,1.0,2.0,7.0,1.0,10.0,0.0,1.0,1.0,2.0,1.0,0.0,0.0,0.0,1.0,0.0,0.0,0.0,0.7973999911397813
2024-04-15 11:00:00,0,2357.947,2361.178,2355.505,10.14192857142861,1.0,3.0,4.0,1.0,11.0,0.0,1.0,2.0,3.0,1.0,0.0,0.0,0.0,1.0,0.0,1.0,0.0,0.7324166790969612
2024-04-16 17:00:00,0,2384.702,2397.653,2379.712,11.05514285714282,1.0,4.0,2.0,1.0,17.0,1.0,1.0,3.0,4.0,1.0,0.0,0.0,0.0,1.0,1.0,1.0,0.0,0.7582281607161253
2024-04-17 01:00:00,1,2384.596,2385.542,2381.283,10.240500000000011,1.0,4.0,5.0,1.0,1.0,2.0,1.0,3.0,4.0,1.0,0.0,0.0,0.0,1.0,0.0,1.0,1.0,0.8453451021233649
2024-04-17 02:00:00,0,2382.338,2386.254,2382.26,10.126928571428577,1.0,3.0,2.0,1.0,2.0,2.0,1.0,2.0,3.0,1.0,0.0,0.0,0.0,1.0,0.0,0.0,1.0,0.8967585942648499
2024-04-17 04:00:00,0,2381.919,2383.015,2380.237,8.838142857142852,1.0,3.0,5.0,1.0,4.0,2.0,1.0,2.0,3.0,1.0,0.0,0.0,0.0,1.0,0.0,0.0,1.0,0.8737557783713028
2024-04-17 06:00:00,1,2380.981,2381.532,2372.647,7.529428571428558,1.0,4.0,0.0,1.0,6.0,2.0,1.0,3.0,4.0,1.0,0.0,0.0,0.0,1.0,0.0,1.0,1.0,0.28314576888067006
2024-04-17 07:00:00,1,2382.496,2383.255,2377.908,6.99714285714286,1.0,4.0,3.0,1.0,7.0,2.0,1.0,3.0,4.0,1.0,0.0,0.0,0.0,1.0,0.0,1.0,1.0,0.7951421602182436
2024-04-17 12:00:00,1,2383.239,2387.989,2378.324,5.9410714285714095,1.0,4.0,2.0,1.0,12.0,2.0,1.0,3.0,4.0,1.0,0.0,0.0,0.0,1.0,1.0,1.0,0.0,0.7236940953638785
2024-04-17 13:00:00,1,2393.328,2395.211,2382.917,6.518214285714261,1.0,4.0,1.0,1.0,13.0,2.0,1.0,3.0,4.0,1.0,0.0,0.0,0.0,1.0,1.0,1.0,0.0,0.7631702983193775
2024-04-17 14:00:00,0,2390.459,2395.581,2386.067,6.910714285714254,1.0,4.0,0.0,1.0,14.0,2.0,1.0,3.0,4.0,1.0,0.0,0.0,0.0,1.0,1.0,1.0,0.0,0.743245511736267
2024-04-17 17:00:00,1,2372.18,2375.975,2368.037,9.184,1.0,4.0,5.0,1.0,17.0,2.0,1.0,3.0,4.0,1.0,0.0,0.0,0.0,1.0,1.0,1.0,0.0,0.7853207157835443
2024-04-17 18:00:00,0,2374.387,2379.07,2371.834,9.502428571428611,1.0,2.0,4.0,1.0,18.0,2.0,1.0,1.0,2.0,1.0,0.0,0.0,0.0,1.0,0.0,0.0,0.0,0.6738461127869371
2024-04-19 10:00:00,1,2381.053,2383.119,2379.205,10.779071428571504,1.0,2.0,5.0,1.0,10.0,4.0,1.0,1.0,2.0,1.0,0.0,0.0,0.0,1.0,0.0,0.0,0.0,0.649962978472556
2024-04-24 17:00:00,0,2324.391,2330.483,2321.749,7.756000000000021,1.0,4.0,5.0,0.0,17.0,2.0,1.0,3.0,4.0,0.0,0.0,0.0,0.0,1.0,1.0,1.0,0.0,0.7297056426277856
2024-04-24 20:00:00,1,2315.786,2319.645,2313.642,7.704214285714345,1.0,2.0,0.0,0.0,20.0,2.0,1.0,1.0,2.0,0.0,0.0,0.0,0.0,1.0,0.0,0.0,0.0,0.5920989707664311
2024-04-25 00:00:00,1,2319.111,2319.413,2315.39,7.028714285714321,1.0,3.0,7.0,0.0,0.0,3.0,1.0,2.0,3.0,0.0,0.0,0.0,0.0,1.0,0.0,0.0,1.0,0.9505558726307007
2024-04-25 01:00:00,1,2319.152,2320.696,2315.988,7.060571428571458,1.0,4.0,5.0,0.0,1.0,3.0,1.0,3.0,4.0,0.0,0.0,0.0,0.0,1.0,0.0,1.0,1.0,0.8209604963079777
2024-04-25 02:00:00,1,2319.855,2322.041,2318.85,7.015857142857191,1.0,4.0,4.0,0.0,2.0,3.0,1.0,3.0,4.0,0.0,0.0,0.0,0.0,1.0,0.0,1.0,1.0,0.8598580084959745
2024-04-25 17:00:00,1,2332.2,2332.212,2326.193,8.610071428571375,1.0,3.0,7.0,0.0,17.0,3.0,1.0,2.0,3.0,0.0,0.0,0.0,0.0,1.0,0.0,1.0,0.0,0.9630449695738168
2024-04-25 19:00:00,0,2332.886,2336.414,2331.586,8.56464285714284,1.0,2.0,5.0,0.0,19.0,3.0,1.0,1.0,2.0,0.0,0.0,0.0,0.0,1.0,0.0,0.0,0.0,0.7036706621925722
2024-04-25 23:00:00,1,2330.621,2332.616,2330.021,7.96285714285708,1.0,3.0,8.0,0.0,23.0,3.0,1.0,2.0,3.0,0.0,0.0,0.0,0.0,1.0,0.0,0.0,1.0,0.8460832067801558
2024-04-26 03:00:00,1,2334.634,2334.93,2332.192,7.549785714285657,1.0,4.0,3.0,0.0,3.0,4.0,1.0,3.0,4.0,0.0,0.0,0.0,0.0,1.0,0.0,1.0,1.0,0.5737545443878812
2024-04-26 04:00:00,1,2335.874,2338.333,2333.425,6.578714285714211,1.0,4.0,4.0,0.0,4.0,4.0,1.0,3.0,4.0,0.0,0.0,0.0,0.0,1.0,0.0,1.0,1.0,0.7396204376053582
2024-04-26 07:00:00,1,2345.503,2347.319,2338.118,4.618142857142824,1.0,4.0,0.0,0.0,7.0,4.0,1.0,3.0,4.0,0.0,1.0,0.0,0.0,1.0,0.0,1.0,1.0,0.3700767207709164
2024-04-26 12:00:00,0,2344.669,2351.563,2340.491,5.558642857142884,1.0,4.0,5.0,1.0,12.0,4.0,1.0,3.0,4.0,1.0,0.0,0.0,0.0,1.0,1.0,1.0,0.0,0.7146259715227116
2024-04-26 14:00:00,1,2333.548,2345.251,2328.675,7.332142857142896,1.0,4.0,0.0,1.0,14.0,4.0,1.0,3.0,4.0,1.0,0.0,0.0,0.0,1.0,1.0,1.0,0.0,0.37517806461957726
2024-04-26 17:00:00,0,2338.45,2340.319,2332.595,7.704071428571459,1.0,2.0,1.0,1.0,17.0,4.0,1.0,1.0,2.0,1.0,0.0,0.0,0.0,1.0,0.0,0.0,0.0,0.7057424111472418
2024-04-29 17:00:00,1,2342.135,2346.639,2339.775,7.198928571428561,1.0,3.0,5.0,1.0,17.0,0.0,1.0,2.0,3.0,1.0,0.0,0.0,0.0,1.0,0.0,1.0,0.0,0.6003479695447834
2024-04-29 18:00:00,0,2341.257,2343.83,2337.498,7.234214285714286,1.0,2.0,5.0,1.0,18.0,0.0,1.0,1.0,2.0,1.0,0.0,0.0,0.0,1.0,0.0,0.0,0.0,0.49406223586712805
2024-04-29 20:00:00,0,2335.197,2337.108,2335.129,7.021714285714292,1.0,2.0,6.0,1.0,20.0,0.0,1.0,1.0,2.0,1.0,0.0,0.0,0.0,1.0,0.0,0.0,0.0,0.7040807634454583
2024-04-29 22:00:00,1,2334.755,2336.142,2333.791,6.555857142857121,1.0,2.0,5.0,1.0,22.0,0.0,1.0,1.0,2.0,1.0,0.0,0.0,0.0,1.0,0.0,0.0,0.0,0.8000502819986958
2024-04-30 01:00:00,0,2333.975,2336.113,2332.411,5.992499999999966,1.0,4.0,5.0,1.0,1.0,1.0,1.0,3.0,4.0,1.0,0.0,0.0,0.0,1.0,0.0,1.0,1.0,0.48753315132429687
2024-04-30 02:00:00,0,2331.304,2334.437,2326.824,5.998999999999959,1.0,4.0,2.0,1.0,2.0,1.0,1.0,3.0,4.0,1.0,0.0,0.0,0.0,1.0,0.0,1.0,1.0,0.44577497012805406
2024-04-30 04:00:00,0,2326.442,2329.466,2324.924,5.101928571428516,1.0,3.0,0.0,0.0,4.0,1.0,1.0,2.0,3.0,0.0,1.0,0.0,0.0,1.0,0.0,0.0,1.0,0.2433351687830723
2024-04-30 05:00:00,0,2322.961,2327.031,2321.741,5.077785714285645,1.0,4.0,0.0,0.0,5.0,1.0,1.0,3.0,4.0,0.0,1.0,0.0,0.0,1.0,0.0,1.0,1.0,0.23601375461510932
2024-04-30 07:00:00,0,2317.531,2322.648,2315.282,4.832071428571355,1.0,4.0,0.0,0.0,7.0,1.0,1.0,3.0,4.0,0.0,1.0,0.0,0.0,1.0,0.0,1.0,1.0,0.22876845242678992
2024-04-30 08:00:00,1,2312.878,2318.458,2310.655,4.899142857142773,1.0,3.0,0.0,0.0,8.0,1.0,1.0,2.0,3.0,0.0,1.0,0.0,0.0,1.0,0.0,1.0,0.0,0.31475998595359983
2024-04-30 10:00:00,0,2315.48,2317.968,2314.183,4.492714285714198,1.0,2.0,4.0,0.0,10.0,1.0,1.0,1.0,2.0,0.0,0.0,0.0,0.0,1.0,0.0,0.0,0.0,0.6125928400903724
2024-04-30 12:00:00,1,2306.054,2313.364,2304.589,5.24664285714279,1.0,3.0,0.0,0.0,12.0,1.0,1.0,2.0,3.0,0.0,1.0,0.0,0.0,1.0,1.0,1.0,0.0,0.35371629299167096
2024-04-30 13:00:00,1,2307.487,2313.282,2302.801,5.829142857142837,1.0,3.0,5.0,0.0,13.0,1.0,1.0,2.0,3.0,0.0,0.0,0.0,0.0,1.0,1.0,1.0,0.0,0.619385344711184
2024-04-30 14:00:00,1,2293.127,2310.649,2293.096,6.86057142857138,1.0,3.0,0.0,0.0,14.0,1.0,1.0,2.0,3.0,0.0,1.0,0.0,0.0,1.0,1.0,1.0,0.0,0.6601880776025689
2024-04-30 17:00:00,0,2295.968,2297.201,2291.551,7.107785714285748,1.0,3.0,3.0,0.0,17.0,1.0,1.0,2.0,3.0,0.0,0.0,0.0,0.0,1.0,1.0,1.0,0.0,0.6800910195146274
2024-05-06 14:00:00,1,2321.061,2330.559,2318.912,7.761000000000065,1.0,4.0,2.0,1.0,14.0,0.0,1.0,3.0,4.0,1.0,0.0,0.0,0.0,1.0,1.0,1.0,0.0,0.7224429119304733
2024-05-06 17:00:00,1,2324.62,2326.137,2320.96,7.482642857142894,1.0,3.0,2.0,1.0,17.0,0.0,1.0,2.0,3.0,1.0,0.0,0.0,0.0,1.0,0.0,1.0,0.0,0.4578321255381683
2024-05-06 20:00:00,1,2323.942,2328.819,2323.567,7.421785714285761,1.0,2.0,6.0,1.0,20.0,0.0,1.0,1.0,2.0,1.0,0.0,0.0,0.0,1.0,0.0,0.0,0.0,0.4878328492966722
2024-05-07 00:00:00,0,2329.195,2329.482,2325.474,6.5230000000000405,1.0,3.0,0.0,1.0,0.0,1.0,1.0,2.0,3.0,1.0,1.0,0.0,0.0,1.0,0.0,1.0,1.0,0.5499686286941846
2024-05-07 03:00:00,0,2324.857,2325.085,2321.165,5.849214285714327,1.0,3.0,1.0,1.0,3.0,1.0,1.0,2.0,3.0,1.0,0.0,0.0,0.0,1.0,0.0,1.0,1.0,0.33808660959184456
2024-05-07 11:00:00,1,2312.348,2316.532,2312.086,4.482785714285748,2.0,2.0,2.0,1.0,11.0,1.0,2.0,0.0,2.0,1.0,1.0,0.0,0.0,1.0,0.0,0.0,0.0,0.5106969162027826
2024-05-07 14:00:00,1,2314.177,2322.395,2312.265,5.520785714285727,1.0,4.0,2.0,1.0,14.0,1.0,1.0,3.0,4.0,1.0,0.0,0.0,0.0,1.0,1.0,1.0,0.0,0.6229802945344688
2024-05-07 15:00:00,1,2314.703,2319.116,2312.73,5.442142857142861,1.0,4.0,5.0,1.0,15.0,1.0,1.0,3.0,4.0,1.0,0.0,0.0,0.0,1.0,1.0,1.0,0.0,0.43553042426982636
2024-05-07 17:00:00,0,2314.333,2317.467,2311.032,5.549428571428572,1.0,3.0,4.0,1.0,17.0,1.0,1.0,2.0,3.0,1.0,0.0,0.0,0.0,1.0,0.0,1.0,0.0,0.6067582069522618
2024-05-07 18:00:00,1,2314.415,2315.313,2312.93,5.45164285714288,1.0,2.0,5.0,1.0,18.0,1.0,1.0,1.0,2.0,1.0,0.0,0.0,0.0,1.0,0.0,0.0,0.0,0.431492369109411
2024-05-07 19:00:00,0,2314.618,2315.566,2311.795,5.507428571428591,1.0,2.0,5.0,1.0,19.0,1.0,1.0,1.0,2.0,1.0,0.0,0.0,0.0,1.0,0.0,0.0,0.0,0.4311681886003597
2024-05-07 20:00:00,1,2314.015,2315.504,2312.697,5.481714285714296,1.0,2.0,2.0,1.0,20.0,1.0,1.0,1.0,2.0,1.0,0.0,0.0,0.0,1.0,0.0,0.0,0.0,0.5933596272555367
2024-05-07 23:00:00,1,2315.118,2316.336,2314.178,4.935071428571421,1.0,3.0,4.0,1.0,23.0,1.0,1.0,2.0,3.0,1.0,0.0,0.0,0.0,1.0,0.0,0.0,1.0,0.5440366147498277
2024-05-08 00:00:00,1,2314.193,2316.275,2313.746,4.790928571428594,1.0,4.0,2.0,1.0,0.0,2.0,1.0,3.0,4.0,1.0,0.0,0.0,0.0,1.0,0.0,1.0,1.0,0.6159928401803044
2024-05-10 11:00:00,0,2372.126,2375.693,2371.053,5.505785714285691,1.0,3.0,2.0,1.0,11.0,4.0,1.0,2.0,3.0,1.0,0.0,0.0,0.0,1.0,1.0,1.0,0.0,0.7907392162566395
2024-05-10 15:00:00,1,2364.804,2366.385,2356.533,7.987571428571463,1.0,4.0,0.0,1.0,15.0,4.0,1.0,3.0,4.0,1.0,0.0,0.0,0.0,1.0,1.0,1.0,0.0,0.8056147234827298
2024-05-10 18:00:00,0,2367.318,2370.961,2366.585,8.195571428571416,1.0,2.0,2.0,1.0,18.0,4.0,1.0,1.0,2.0,1.0,0.0,0.0,0.0,1.0,0.0,0.0,0.0,0.7066093527198063
2024-05-12 22:00:00,1,2361.521,2363.093,2360.037,7.47371428571429,1.0,2.0,5.0,1.0,22.0,6.0,1.0,1.0,2.0,1.0,0.0,0.0,0.0,1.0,0.0,0.0,0.0,0.5362639961819045
2024-05-13 01:00:00,0,2359.135,2364.13,2354.778,7.307571428571497,1.0,4.0,8.0,1.0,1.0,0.0,1.0,3.0,4.0,1.0,0.0,0.0,0.0,1.0,1.0,1.0,0.0,0.43470676775041334
2024-05-13 02:00:00,0,2358.945,2359.848,2357.611,7.135928571428622,1.0,3.0,5.0,1.0,2.0,0.0,1.0,2.0,3.0,1.0,0.0,0.0,0.0,1.0,0.0,1.0,0.0,0.7396481632864446
2024-05-13 03:00:00,0,2357.07,2359.335,2356.23,6.348500000000058,1.0,4.0,0.0,1.0,3.0,0.0,1.0,3.0,4.0,1.0,1.0,0.0,0.0,1.0,0.0,1.0,1.0,0.20944924946000595
2024-05-13 04:00:00,0,2354.304,2357.043,2354.01,5.713428571428624,1.0,3.0,0.0,1.0,4.0,0.0,1.0,2.0,3.0,1.0,1.0,0.0,0.0,1.0,0.0,0.0,1.0,0.37842529517285567
2024-05-13 05:00:00,1,2352.538,2355.063,2351.162,4.899714285714351,1.0,4.0,0.0,1.0,5.0,0.0,1.0,3.0,4.0,1.0,1.0,0.0,0.0,1.0,0.0,1.0,1.0,0.26971830381498346
2024-05-13 06:00:00,1,2349.58,2354.412,2347.352,4.700285714285753,1.0,5.0,0.0,1.0,6.0,0.0,1.0,4.0,5.0,1.0,1.0,0.0,1.0,1.0,0.0,1.0,1.0,0.6617540425962984
2024-05-13 07:00:00,1,2348.569,2351.298,2346.429,4.455000000000025,1.0,5.0,0.0,1.0,7.0,0.0,1.0,4.0,5.0,1.0,1.0,0.0,1.0,1.0,0.0,1.0,1.0,0.8320546875548869
2024-05-13 08:00:00,1,2343.234,2350.337,2341.615,4.846071428571479,1.0,3.0,0.0,1.0,8.0,0.0,1.0,2.0,3.0,1.0,1.0,0.0,0.0,1.0,0.0,1.0,1.0,0.24639728520468118
2024-05-13 09:00:00,1,2340.113,2344.349,2339.029,4.91350000000008,1.0,3.0,0.0,1.0,9.0,0.0,1.0,2.0,3.0,1.0,1.0,0.0,0.0,1.0,0.0,1.0,1.0,0.26625844811739535
2024-05-13 13:00:00,1,2344.069,2349.347,2340.301,5.755285714285817,1.0,3.0,8.0,1.0,13.0,0.0,1.0,2.0,3.0,1.0,0.0,0.0,0.0,1.0,1.0,1.0,0.0,0.4646906850952526
2024-05-13 14:00:00,0,2343.629,2345.958,2340.732,5.79835714285725,1.0,3.0,5.0,1.0,14.0,0.0,1.0,2.0,3.0,1.0,0.0,0.0,0.0,1.0,1.0,1.0,0.0,0.4893065049606213
2024-05-16 03:00:00,1,2388.637,2390.727,2386.582,8.196714285714345,1.0,4.0,4.0,1.0,3.0,3.0,1.0,3.0,4.0,1.0,0.0,0.0,0.0,1.0,0.0,1.0,1.0,0.9155798860537858
2024-05-16 05:00:00,1,2390.16,2394.499,2390.112,5.756642857142879,1.0,4.0,6.0,1.0,5.0,3.0,1.0,3.0,4.0,1.0,0.0,0.0,0.0,1.0,0.0,1.0,1.0,0.7572948128701695
2024-05-16 08:00:00,0,2386.077,2391.353,2385.325,4.853999999999977,1.0,3.0,8.0,1.0,8.0,3.0,1.0,2.0,3.0,1.0,0.0,0.0,0.0,1.0,0.0,1.0,0.0,0.5711529771064265
2024-05-16 11:00:00,0,2384.621,2386.593,2381.485,4.98949999999994,1.0,2.0,5.0,1.0,11.0,3.0,1.0,1.0,2.0,1.0,0.0,0.0,0.0,1.0,0.0,1.0,0.0,0.5698023779246204
2024-05-16 13:00:00,1,2375.157,2382.163,2371.632,5.8204999999999405,1.0,3.0,0.0,1.0,13.0,3.0,1.0,2.0,3.0,1.0,1.0,0.0,0.0,1.0,1.0,1.0,0.0,0.615826740410472
2024-05-16 15:00:00,1,2381.506,2382.332,2373.095,6.156499999999953,1.0,4.0,7.0,1.0,15.0,3.0,1.0,3.0,4.0,1.0,0.0,0.0,0.0,1.0,1.0,1.0,0.0,0.93616561287974
2024-05-16 16:00:00,0,2381.891,2383.746,2379.137,6.109928571428489,1.0,3.0,5.0,1.0,16.0,3.0,1.0,2.0,3.0,1.0,0.0,0.0,0.0,1.0,0.0,1.0,0.0,0.6224877265103766
2024-05-16 17:00:00,0,2381.408,2382.451,2379.82,6.001785714285624,1.0,2.0,2.0,1.0,17.0,3.0,1.0,1.0,2.0,1.0,0.0,0.0,0.0,1.0,0.0,0.0,0.0,0.6002847916496875
2024-05-16 22:00:00,1,2378.189,2379.179,2377.281,5.479785714285721,1.0,2.0,4.0,1.0,22.0,3.0,1.0,1.0,2.0,1.0,0.0,0.0,0.0,1.0,0.0,0.0,0.0,0.7339006786436699
2024-05-16 23:00:00,1,2377.726,2379.664,2377.726,5.187642857142854,1.0,2.0,6.0,1.0,23.0,3.0,1.0,1.0,2.0,1.0,0.0,0.0,0.0,1.0,0.0,0.0,1.0,0.7550557557484043
2024-05-17 00:00:00,0,2377.987,2379.684,2377.474,5.046571428571432,1.0,2.0,4.0,1.0,0.0,4.0,1.0,1.0,2.0,1.0,0.0,0.0,0.0,1.0,0.0,0.0,1.0,0.668854194649542
2024-05-17 01:00:00,1,2378.155,2378.824,2376.067,4.894928571428571,1.0,3.0,5.0,1.0,1.0,4.0,1.0,2.0,3.0,1.0,0.0,0.0,0.0,1.0,0.0,1.0,1.0,0.6174688310907827
2024-05-17 06:00:00,0,2385.955,2386.698,2380.858,3.5470714285714684,1.0,3.0,0.0,1.0,6.0,4.0,1.0,2.0,3.0,1.0,1.0,0.0,0.0,1.0,0.0,1.0,1.0,0.3604625136646114
2024-05-17 08:00:00,1,2384.181,2385.674,2381.299,3.694000000000057,1.0,2.0,5.0,1.0,8.0,4.0,1.0,1.0,2.0,1.0,0.0,0.0,0.0,1.0,0.0,1.0,0.0,0.6112348738463811
2024-05-17 10:00:00,1,2387.328,2387.557,2381.781,3.9129285714286,2.0,2.0,1.0,1.0,10.0,4.0,2.0,0.0,2.0,1.0,1.0,0.0,0.0,1.0,0.0,0.0,0.0,0.5391261503189513
2024-05-17 11:00:00,1,2389.682,2390.135,2385.741,4.043857142857178,1.0,3.0,0.0,1.0,11.0,4.0,1.0,2.0,3.0,1.0,1.0,0.0,0.0,1.0,1.0,1.0,0.0,0.6754391649583411
2024-05-17 12:00:00,1,2393.215,2393.991,2386.798,4.373928571428613,1.0,3.0,0.0,1.0,12.0,4.0,1.0,2.0,3.0,1.0,1.0,0.0,0.0,1.0,1.0,1.0,0.0,0.523236448136971
2024-05-17 13:00:00,1,2401.648,2405.139,2393.251,5.087214285714318,1.0,4.0,0.0,1.0,13.0,4.0,1.0,3.0,4.0,1.0,1.0,0.0,1.0,1.0,1.0,1.0,0.0,0.540326969970945
2024-05-17 14:00:00,1,2413.377,2415.504,2398.752,6.125928571428598,1.0,3.0,0.0,1.0,14.0,4.0,1.0,2.0,3.0,1.0,1.0,0.0,0.0,1.0,1.0,1.0,0.0,0.649877726371973
2024-05-20 00:00:00,1,2425.322,2426.55,2416.466,8.792928571428645,1.0,2.0,0.0,1.0,0.0,0.0,1.0,1.0,2.0,1.0,1.0,0.0,0.0,0.0,0.0,1.0,0.0,0.38623238690433853
2024-05-20 02:00:00,1,2434.011,2437.088,2428.755,9.756428571428646,1.0,3.0,5.0,1.0,2.0,0.0,1.0,2.0,3.0,1.0,0.0,0.0,0.0,0.0,1.0,1.0,0.0,0.8027400426533334
2024-05-20 04:00:00,1,2437.283,2439.648,2435.146,9.28571428571435,2.0,2.0,5.0,1.0,4.0,0.0,2.0,0.0,2.0,1.0,1.0,0.0,0.0,0.0,0.0,0.0,0.0,0.45694816506595254
2024-05-20 09:00:00,0,2441.609,2447.21,2438.696,9.369785714285788,1.0,2.0,4.0,1.0,9.0,0.0,1.0,1.0,2.0,1.0,0.0,0.0,0.0,0.0,0.0,1.0,0.0,0.5005546549458381
2024-05-20 12:00:00,1,2413.887,2430.898,2407.273,10.420142857142894,1.0,4.0,0.0,1.0,12.0,0.0,1.0,3.0,4.0,1.0,0.0,0.0,0.0,1.0,1.0,1.0,0.0,0.6515370063457203
2024-05-20 14:00:00,1,2422.967,2423.69,2414.752,10.973642857142847,1.0,4.0,3.0,1.0,14.0,0.0,1.0,3.0,4.0,1.0,0.0,0.0,0.0,1.0,1.0,1.0,0.0,0.625090779279405
2024-05-20 22:00:00,1,2427.104,2430.346,2426.169,9.076642857142849,1.0,2.0,5.0,1.0,22.0,0.0,1.0,1.0,2.0,1.0,0.0,0.0,0.0,1.0,0.0,0.0,0.0,0.8175552263012624
2024-05-21 01:00:00,0,2420.466,2433.081,2419.563,8.994214285714309,1.0,5.0,2.0,1.0,1.0,1.0,1.0,4.0,5.0,1.0,0.0,0.0,0.0,1.0,1.0,1.0,1.0,0.8849462747944462
2024-05-27 05:00:00,0,2343.66,2344.196,2340.308,4.702071428571409,1.0,3.0,3.0,0.0,5.0,0.0,1.0,2.0,3.0,0.0,0.0,0.0,0.0,1.0,0.0,1.0,0.0,0.3353335145193963
2024-05-27 06:00:00,0,2341.407,2344.578,2341.237,4.378357142857112,1.0,4.0,8.0,0.0,6.0,0.0,1.0,3.0,4.0,0.0,0.0,0.0,0.0,1.0,1.0,1.0,0.0,0.566895912887701
2024-05-27 07:00:00,1,2338.561,2341.572,2338.11,4.326214285714253,1.0,3.0,0.0,0.0,7.0,0.0,1.0,2.0,3.0,0.0,0.0,0.0,0.0,1.0,0.0,1.0,0.0,0.440696274554047
2024-05-27 08:00:00,1,2344.207,2346.151,2338.158,4.708499999999958,1.0,4.0,0.0,0.0,8.0,0.0,1.0,3.0,4.0,0.0,1.0,0.0,0.0,1.0,1.0,1.0,0.0,0.3417148533443888
2024-05-27 09:00:00,1,2343.288,2345.786,2342.988,4.605357142857104,1.0,2.0,6.0,0.0,9.0,0.0,1.0,1.0,2.0,0.0,0.0,0.0,0.0,1.0,0.0,0.0,0.0,0.5172101992367903
2024-05-27 12:00:00,1,2347.112,2349.839,2343.675,4.54099999999994,1.0,4.0,0.0,0.0,12.0,0.0,1.0,3.0,4.0,0.0,1.0,0.0,0.0,1.0,1.0,1.0,0.0,0.312019860827094
2024-05-27 13:00:00,0,2354.89,2357.003,2344.619,5.129571428571386,1.0,4.0,0.0,0.0,13.0,0.0,1.0,3.0,4.0,0.0,1.0,0.0,0.0,1.0,1.0,1.0,0.0,0.3400229594343362
2024-05-27 16:00:00,0,2354.844,2355.599,2352.124,4.842142857142854,1.0,2.0,1.0,0.0,16.0,0.0,1.0,1.0,2.0,0.0,0.0,0.0,0.0,1.0,0.0,0.0,0.0,0.39172761514690224
2024-05-27 22:00:00,1,2351.915,2353.655,2351.32,4.499285714285667,1.0,2.0,5.0,0.0,22.0,0.0,1.0,1.0,2.0,0.0,0.0,0.0,0.0,1.0,0.0,0.0,0.0,0.7214725025508356
2024-05-28 00:00:00,1,2351.763,2353.544,2351.191,4.274357142857103,1.0,3.0,2.0,0.0,0.0,1.0,1.0,2.0,3.0,0.0,0.0,0.0,0.0,1.0,0.0,0.0,1.0,0.3393968143257274
2024-05-28 02:00:00,0,2354.137,2355.815,2351.519,4.275785714285705,1.0,5.0,5.0,0.0,2.0,1.0,1.0,4.0,5.0,0.0,0.0,0.0,0.0,1.0,1.0,1.0,1.0,0.7538351445274056
2024-05-28 04:00:00,1,2350.988,2352.045,2350.402,4.261928571428565,1.0,4.0,5.0,0.0,4.0,1.0,1.0,3.0,4.0,0.0,0.0,0.0,1.0,1.0,0.0,0.0,1.0,0.5135003924082222
2024-05-28 05:00:00,0,2350.401,2353.668,2349.584,4.350500000000011,1.0,5.0,8.0,0.0,5.0,1.0,1.0,4.0,5.0,0.0,0.0,0.0,1.0,1.0,0.0,1.0,1.0,0.7714915376824903
2024-05-28 10:00:00,1,2345.622,2346.294,2343.128,3.7895714285714015,1.0,2.0,1.0,0.0,10.0,1.0,1.0,1.0,2.0,0.0,0.0,0.0,0.0,1.0,0.0,0.0,0.0,0.5520626126197306
2024-05-28 17:00:00,1,2356.868,2360.029,2353.067,6.345785714285739,1.0,4.0,5.0,0.0,17.0,1.0,1.0,3.0,4.0,0.0,0.0,0.0,0.0,1.0,1.0,1.0,0.0,0.5971976267555472
2024-05-28 20:00:00,1,2361.243,2361.243,2357.803,6.209285714285703,1.0,2.0,0.0,0.0,20.0,1.0,1.0,1.0,2.0,0.0,1.0,0.0,0.0,1.0,0.0,0.0,0.0,0.48415254949641223
2024-05-28 22:00:00,1,2358.96,2362.294,2357.9,6.292428571428543,1.0,2.0,0.0,0.0,22.0,1.0,1.0,1.0,2.0,0.0,0.0,0.0,0.0,1.0,0.0,0.0,0.0,0.5744450969812966
2024-05-29 00:00:00,1,2357.894,2361.029,2357.33,6.199571428571419,1.0,3.0,8.0,0.0,0.0,2.0,1.0,2.0,3.0,0.0,0.0,0.0,0.0,1.0,0.0,0.0,1.0,0.6537944009729139
2024-05-29 03:00:00,0,2358.127,2359.085,2355.183,5.846857142857126,1.0,4.0,1.0,0.0,3.0,2.0,1.0,3.0,4.0,0.0,0.0,0.0,0.0,1.0,0.0,1.0,1.0,0.3961551422421688
2024-05-29 04:00:00,0,2358.269,2358.972,2356.865,5.1487857142857205,1.0,3.0,5.0,0.0,4.0,2.0,1.0,2.0,3.0,0.0,0.0,0.0,0.0,1.0,0.0,0.0,1.0,0.528992971429279
2024-05-29 08:00:00,0,2345.538,2351.728,2344.878,4.553714285714283,1.0,4.0,0.0,0.0,8.0,2.0,1.0,3.0,4.0,0.0,1.0,0.0,0.0,1.0,1.0,1.0,1.0,0.36533310254000473
2024-05-30 15:00:00,0,2343.804,2345.738,2341.74,7.620928571428554,1.0,4.0,5.0,0.0,15.0,3.0,1.0,3.0,4.0,0.0,0.0,0.0,0.0,1.0,1.0,1.0,0.0,0.7074686528936964
2024-05-30 19:00:00,1,2341.567,2342.572,2339.831,6.796928571428582,1.0,2.0,0.0,0.0,19.0,3.0,1.0,1.0,2.0,0.0,0.0,0.0,0.0,1.0,0.0,0.0,0.0,0.3271930028855664
2024-05-30 20:00:00,1,2343.147,2343.536,2341.442,6.294000000000032,1.0,2.0,1.0,0.0,20.0,3.0,1.0,1.0,2.0,0.0,0.0,0.0,0.0,1.0,0.0,0.0,0.0,0.6292262079819316
2024-05-30 22:00:00,1,2343.902,2344.58,2341.848,6.100357142857157,1.0,2.0,5.0,0.0,22.0,3.0,1.0,1.0,2.0,0.0,0.0,0.0,0.0,1.0,0.0,0.0,0.0,0.7319039570562388
2024-05-30 23:00:00,1,2343.907,2346.392,2343.111,6.053357142857164,1.0,3.0,5.0,0.0,23.0,3.0,1.0,2.0,3.0,0.0,0.0,0.0,0.0,1.0,0.0,0.0,1.0,0.6900370077546711
2024-05-31 00:00:00,1,2346.319,2347.511,2342.525,5.9528571428571535,1.0,3.0,7.0,0.0,0.0,4.0,1.0,2.0,3.0,0.0,0.0,0.0,0.0,1.0,0.0,0.0,1.0,0.9392323119461272
2024-05-31 01:00:00,1,2346.547,2347.643,2343.106,5.535428571428546,1.0,5.0,5.0,0.0,1.0,4.0,1.0,4.0,5.0,0.0,0.0,0.0,0.0,1.0,1.0,1.0,1.0,0.9136500805736436
2024-05-31 02:00:00,1,2342.508,2347.685,2342.296,5.537499999999974,1.0,4.0,0.0,0.0,2.0,4.0,1.0,3.0,4.0,0.0,0.0,0.0,0.0,1.0,0.0,1.0,1.0,0.4068090319404567
2024-05-31 14:00:00,0,2335.229,2349.024,2334.138,6.7296428571429,1.0,4.0,0.0,0.0,14.0,4.0,1.0,3.0,4.0,0.0,1.0,0.0,0.0,1.0,1.0,1.0,0.0,0.47576604176873155
2024-05-31 15:00:00,0,2330.024,2336.121,2327.69,7.007785714285774,1.0,4.0,0.0,0.0,15.0,4.0,1.0,3.0,4.0,0.0,1.0,0.0,0.0,1.0,1.0,1.0,0.0,0.7800276005025012
2024-05-31 18:00:00,1,2322.924,2327.187,2322.305,7.371428571428656,1.0,2.0,0.0,0.0,18.0,4.0,1.0,1.0,2.0,0.0,1.0,0.0,0.0,1.0,0.0,0.0,0.0,0.24075600503637834
2024-06-03 18:00:00,1,2348.169,2349.436,2346.48,7.085428571428598,1.0,2.0,5.0,0.0,18.0,0.0,1.0,1.0,2.0,0.0,0.0,0.0,0.0,1.0,0.0,0.0,0.0,0.4632619446626616
2024-06-03 23:00:00,0,2350.629,2351.119,2349.713,6.003000000000027,1.0,4.0,5.0,0.0,23.0,0.0,1.0,3.0,4.0,0.0,0.0,0.0,1.0,1.0,0.0,0.0,1.0,0.4997559614740457
2024-06-04 02:00:00,1,2346.843,2349.581,2345.641,6.0619285714285525,1.0,4.0,5.0,1.0,2.0,1.0,1.0,3.0,4.0,1.0,0.0,0.0,0.0,1.0,0.0,1.0,1.0,0.4049249399697346
2024-06-04 04:00:00,0,2349.267,2349.859,2345.088,5.4930714285714135,1.0,5.0,1.0,1.0,4.0,1.0,1.0,4.0,5.0,1.0,0.0,0.0,1.0,1.0,0.0,1.0,1.0,0.8662310774669403
2024-06-04 11:00:00,1,2327.917,2329.791,2325.238,4.87950000000004,1.0,4.0,0.0,0.0,11.0,1.0,1.0,3.0,4.0,0.0,1.0,0.0,0.0,1.0,1.0,1.0,0.0,0.37666782970134793
2024-06-04 12:00:00,0,2335.076,2335.988,2326.673,5.411571428571473,1.0,4.0,1.0,0.0,12.0,1.0,1.0,3.0,4.0,0.0,0.0,0.0,0.0,1.0,1.0,1.0,0.0,0.4930465140571457
2024-06-05 18:00:00,0,2355.767,2356.725,2353.433,6.569428571428522,1.0,2.0,0.0,1.0,18.0,2.0,1.0,1.0,2.0,1.0,1.0,0.0,0.0,1.0,0.0,0.0,0.0,0.6669324874627495
2024-06-05 19:00:00,1,2353.929,2356.071,2352.616,6.508428571428534,1.0,2.0,0.0,1.0,19.0,2.0,1.0,1.0,2.0,1.0,1.0,0.0,0.0,1.0,0.0,0.0,0.0,0.48719937278109304
2024-06-05 20:00:00,1,2355.147,2355.217,2352.756,5.948571428571411,1.0,2.0,0.0,1.0,20.0,2.0,1.0,1.0,2.0,1.0,1.0,0.0,0.0,1.0,0.0,0.0,0.0,0.5058062108175652
2024-06-05 22:00:00,0,2356.609,2356.891,2354.888,5.762071428571419,1.0,2.0,0.0,1.0,22.0,2.0,1.0,1.0,2.0,1.0,1.0,0.0,0.0,1.0,0.0,0.0,0.0,0.6952120958056115
2024-06-05 23:00:00,1,2355.012,2357.23,2354.754,5.667785714285726,1.0,2.0,0.0,1.0,23.0,2.0,1.0,1.0,2.0,1.0,1.0,0.0,0.0,1.0,0.0,0.0,1.0,0.7479016710548743
2024-06-06 00:00:00,1,2355.736,2355.984,2354.489,5.563071428571448,1.0,2.0,0.0,1.0,0.0,3.0,1.0,1.0,2.0,1.0,1.0,0.0,0.0,1.0,0.0,0.0,1.0,0.6842367743787913
2024-06-06 02:00:00,0,2374.313,2374.647,2365.101,6.759214285714312,1.0,4.0,0.0,1.0,2.0,3.0,1.0,3.0,4.0,1.0,1.0,0.0,0.0,1.0,1.0,1.0,1.0,0.48908576821779187
2024-06-06 05:00:00,1,2367.699,2371.401,2366.318,5.345642857142853,1.0,3.0,8.0,1.0,5.0,3.0,1.0,2.0,3.0,1.0,0.0,0.0,0.0,1.0,0.0,1.0,1.0,0.5217521097295718
2024-06-06 17:00:00,0,2373.075,2373.996,2370.63,6.428785714285725,1.0,3.0,5.0,1.0,17.0,3.0,1.0,2.0,3.0,1.0,0.0,0.0,0.0,1.0,0.0,1.0,0.0,0.6220048744930906
2024-06-06 18:00:00,1,2372.056,2373.653,2368.979,6.498714285714284,1.0,2.0,2.0,1.0,18.0,3.0,1.0,1.0,2.0,1.0,0.0,0.0,0.0,1.0,0.0,0.0,0.0,0.5548161812206805
2024-06-06 19:00:00,1,2372.497,2375.447,2371.174,6.440857142857177,1.0,2.0,5.0,1.0,19.0,3.0,1.0,1.0,2.0,1.0,0.0,0.0,0.0,1.0,0.0,0.0,0.0,0.5509819589284791
2024-06-06 20:00:00,1,2375.753,2376.124,2372.282,6.370642857142847,1.0,2.0,0.0,1.0,20.0,3.0,1.0,1.0,2.0,1.0,1.0,0.0,0.0,1.0,0.0,0.0,0.0,0.5939857402628776
2024-06-07 00:00:00,1,2378.424,2379.245,2376.007,5.771285714285731,1.0,3.0,0.0,1.0,0.0,4.0,1.0,2.0,3.0,1.0,1.0,0.0,0.0,1.0,0.0,0.0,1.0,0.6831681124494409
2024-06-07 03:00:00,1,2380.117,2381.969,2375.132,6.500714285714333,1.0,4.0,0.0,1.0,3.0,4.0,1.0,3.0,4.0,1.0,1.0,0.0,0.0,1.0,0.0,1.0,1.0,0.34001654760127686
2024-06-07 04:00:00,0,2386.551,2387.482,2379.223,6.117000000000027,1.0,4.0,0.0,1.0,4.0,4.0,1.0,3.0,4.0,1.0,1.0,0.0,0.0,0.0,0.0,1.0,1.0,0.37174711858744736
2024-06-07 06:00:00,1,2375.404,2377.754,2372.846,5.775642857142917,1.0,5.0,5.0,1.0,6.0,4.0,1.0,4.0,5.0,1.0,0.0,0.0,0.0,1.0,1.0,1.0,1.0,0.9155776034377323
2024-06-07 07:00:00,0,2373.584,2379.288,2372.749,5.76900000000007,1.0,3.0,6.0,1.0,7.0,4.0,1.0,2.0,3.0,1.0,0.0,0.0,0.0,1.0,0.0,1.0,0.0,0.7395799455378367
2024-06-07 09:00:00,0,2339.282,2347.949,2337.372,8.192500000000077,1.0,3.0,0.0,1.0,9.0,4.0,1.0,2.0,3.0,1.0,1.0,0.0,0.0,1.0,1.0,1.0,0.0,0.794807542569434
2024-06-07 10:00:00,1,2333.613,2339.262,2331.939,8.411785714285802,1.0,3.0,0.0,1.0,10.0,4.0,1.0,2.0,3.0,1.0,1.0,0.0,0.0,1.0,1.0,1.0,0.0,0.8137016431030214
2024-06-07 12:00:00,1,2319.263,2339.309,2313.196,10.494857142857263,1.0,3.0,8.0,1.0,12.0,4.0,1.0,2.0,3.0,1.0,0.0,0.0,0.0,1.0,1.0,1.0,0.0,0.8352898829552243
2024-06-07 14:00:00,1,2313.248,2321.118,2307.52,12.7472142857144,1.0,3.0,4.0,0.0,14.0,4.0,1.0,2.0,3.0,0.0,0.0,0.0,0.0,0.0,1.0,1.0,0.0,0.6801498130814074
2024-06-07 15:00:00,1,2304.972,2315.483,2304.437,12.834714285714394,1.0,3.0,0.0,0.0,15.0,4.0,1.0,2.0,3.0,0.0,1.0,0.0,0.0,0.0,1.0,1.0,0.0,0.6110715642579166
2024-06-07 18:00:00,0,2301.407,2307.118,2299.895,13.0842857142858,1.0,2.0,0.0,0.0,18.0,4.0,1.0,1.0,2.0,0.0,1.0,0.0,1.0,0.0,0.0,0.0,0.0,0.3936302210987165
2024-06-10 17:00:00,0,2311.831,2313.367,2309.063,5.9086428571428575,1.0,2.0,0.0,0.0,17.0,0.0,1.0,1.0,2.0,0.0,1.0,0.0,0.0,1.0,0.0,0.0,0.0,0.37509053633063266
2024-06-10 18:00:00,0,2310.878,2312.011,2309.872,5.839000000000007,1.0,2.0,0.0,0.0,18.0,0.0,1.0,1.0,2.0,0.0,1.0,0.0,0.0,1.0,0.0,0.0,0.0,0.2854443113587797
2024-06-10 20:00:00,0,2310.782,2310.947,2308.477,5.27550000000003,1.0,2.0,0.0,0.0,20.0,0.0,1.0,1.0,2.0,0.0,1.0,0.0,0.0,1.0,0.0,0.0,0.0,0.33136273790416904
2024-06-10 23:00:00,1,2309.931,2310.603,2308.752,4.731071428571438,1.0,2.0,5.0,0.0,23.0,0.0,1.0,1.0,2.0,0.0,0.0,0.0,0.0,1.0,0.0,0.0,0.0,0.6044278676110347
2024-06-11 00:00:00,0,2310.866,2311.952,2309.028,4.534714285714309,1.0,3.0,0.0,0.0,0.0,1.0,1.0,2.0,3.0,0.0,1.0,0.0,0.0,1.0,0.0,0.0,1.0,0.16388417131671032
2024-06-11 01:00:00,1,2302.838,2310.812,2301.601,4.946928571428608,1.0,5.0,8.0,0.0,1.0,1.0,1.0,4.0,5.0,0.0,0.0,0.0,0.0,1.0,1.0,1.0,1.0,0.6921298785403122
2024-06-11 03:00:00,0,2303.733,2304.432,2300.755,4.626142857142862,1.0,4.0,1.0,0.0,3.0,1.0,1.0,3.0,4.0,0.0,0.0,0.0,0.0,1.0,0.0,1.0,1.0,0.15484134759485552
2024-06-11 05:00:00,1,2299.595,2304.396,2297.625,4.364214285714264,1.0,5.0,0.0,0.0,5.0,1.0,1.0,4.0,5.0,0.0,0.0,0.0,1.0,0.0,0.0,1.0,1.0,0.6686740602464241
2024-06-11 14:00:00,0,2314.704,2317.78,2312.414,5.847428571428542,1.0,4.0,5.0,0.0,14.0,1.0,1.0,3.0,4.0,0.0,0.0,0.0,0.0,1.0,1.0,1.0,0.0,0.5866941751888461
2024-06-11 17:00:00,1,2312.702,2313.432,2307.821,5.874142857142845,1.0,3.0,7.0,0.0,17.0,1.0,1.0,2.0,3.0,0.0,0.0,0.0,0.0,1.0,0.0,1.0,0.0,0.9105186849295661
2024-06-11 18:00:00,1,2313.717,2315.747,2312.088,5.9552142857142565,1.0,2.0,4.0,0.0,18.0,1.0,1.0,1.0,2.0,0.0,0.0,0.0,0.0,1.0,0.0,0.0,0.0,0.5055225753579964
2024-06-11 20:00:00,0,2316.636,2316.873,2314.734,5.429857142857112,1.0,2.0,0.0,0.0,20.0,1.0,1.0,1.0,2.0,0.0,1.0,0.0,0.0,1.0,0.0,0.0,0.0,0.43782320074420294
2024-06-11 23:00:00,1,2315.071,2317.442,2313.853,5.271071428571369,1.0,2.0,2.0,0.0,23.0,1.0,1.0,1.0,2.0,0.0,0.0,0.0,0.0,1.0,0.0,0.0,0.0,0.6091802643031231
2024-06-12 03:00:00,0,2314.025,2316.736,2313.537,4.548499999999941,1.0,3.0,4.0,0.0,3.0,2.0,1.0,2.0,3.0,0.0,0.0,0.0,0.0,1.0,0.0,1.0,0.0,0.25901567895874367
2024-06-12 04:00:00,1,2312.708,2314.376,2312.37,3.9503571428571314,1.0,2.0,2.0,0.0,4.0,2.0,1.0,1.0,2.0,0.0,0.0,0.0,0.0,1.0,0.0,0.0,0.0,0.6943700827410124
2024-06-12 08:00:00,1,2312.775,2315.699,2310.769,3.423500000000072,1.0,3.0,0.0,0.0,8.0,2.0,1.0,2.0,3.0,0.0,0.0,0.0,0.0,1.0,0.0,1.0,0.0,0.5293176808359131
2024-06-12 12:00:00,1,2335.921,2337.674,2311.563,5.063285714285745,1.0,4.0,0.0,0.0,12.0,2.0,1.0,3.0,4.0,0.0,1.0,0.0,0.0,1.0,1.0,1.0,0.0,0.48818352512859003
2024-06-12 15:00:00,1,2335.542,2337.139,2324.651,7.123785714285759,1.0,4.0,7.0,0.0,15.0,2.0,1.0,3.0,4.0,0.0,0.0,0.0,0.0,1.0,1.0,1.0,0.0,0.9579088655456841
2024-06-12 17:00:00,0,2335.26,2339.548,2332.772,7.393571428571444,1.0,3.0,2.0,1.0,17.0,2.0,1.0,2.0,3.0,1.0,0.0,0.0,0.0,1.0,0.0,1.0,0.0,0.4470220680794656
2024-06-13 00:00:00,0,2320.728,2322.956,2317.564,8.761928571428532,1.0,2.0,5.0,1.0,0.0,3.0,1.0,1.0,2.0,1.0,0.0,0.0,0.0,1.0,0.0,0.0,0.0,0.8308631178139586
2024-06-14 12:00:00,1,2330.313,2333.411,2327.184,5.769499999999978,1.0,4.0,2.0,0.0,12.0,4.0,1.0,3.0,4.0,0.0,0.0,0.0,0.0,1.0,1.0,1.0,0.0,0.6899328913911734
2024-06-14 13:00:00,1,2330.405,2332.864,2324.144,6.282142857142844,1.0,4.0,5.0,1.0,13.0,4.0,1.0,3.0,4.0,1.0,0.0,0.0,0.0,1.0,1.0,1.0,0.0,0.7041883287051999
2024-06-14 14:00:00,1,2330.054,2335.461,2327.94,6.517571428571403,1.0,3.0,5.0,1.0,14.0,4.0,1.0,2.0,3.0,1.0,0.0,0.0,0.0,1.0,1.0,1.0,0.0,0.8097319494028699
2024-06-14 17:00:00,0,2334.089,2335.558,2328.475,7.318499999999956,2.0,2.0,0.0,1.0,17.0,4.0,2.0,0.0,2.0,1.0,1.0,0.0,0.0,1.0,0.0,0.0,0.0,0.2786970083454815
2024-06-14 20:00:00,0,2332.824,2333.064,2330.916,6.904428571428525,1.0,2.0,3.0,1.0,20.0,4.0,1.0,1.0,2.0,1.0,0.0,0.0,0.0,1.0,0.0,0.0,1.0,0.5922209209005218
2024-06-16 23:00:00,0,2328.874,2329.675,2327.411,6.419928571428533,1.0,2.0,5.0,1.0,23.0,6.0,1.0,1.0,2.0,1.0,0.0,0.0,0.0,1.0,0.0,0.0,1.0,0.6557362723174196
2024-06-17 00:00:00,1,2326.417,2328.918,2325.225,6.149214285714249,1.0,2.0,2.0,1.0,0.0,0.0,1.0,1.0,2.0,1.0,0.0,0.0,0.0,1.0,0.0,0.0,1.0,0.7209744575117227
2024-06-17 01:00:00,0,2326.258,2328.947,2322.74,5.755214285714276,1.0,4.0,5.0,1.0,1.0,0.0,1.0,3.0,4.0,1.0,0.0,0.0,0.0,1.0,1.0,1.0,1.0,0.4393550621730894
2024-06-17 08:00:00,1,2321.281,2322.274,2316.407,4.128214285714323,1.0,3.0,1.0,1.0,8.0,0.0,1.0,2.0,3.0,1.0,0.0,0.0,0.0,1.0,0.0,1.0,0.0,0.6443632456356169
2024-06-17 13:00:00,1,2320.978,2326.306,2318.73,4.61700000000006,1.0,4.0,4.0,1.0,13.0,0.0,1.0,3.0,4.0,1.0,0.0,0.0,0.0,1.0,1.0,1.0,0.0,0.47406735704470093
2024-06-17 14:00:00,0,2324.476,2327.643,2318.315,5.0195000000000425,1.0,4.0,0.0,1.0,14.0,0.0,1.0,3.0,4.0,1.0,0.0,0.0,0.0,1.0,1.0,1.0,0.0,0.3147780699930332
2024-06-18 20:00:00,0,2329.408,2330.549,2328.86,6.2430714285713815,1.0,2.0,5.0,1.0,20.0,1.0,1.0,1.0,2.0,1.0,0.0,0.0,0.0,1.0,0.0,0.0,0.0,0.6617107180459
2024-06-18 22:00:00,1,2328.29,2330.182,2327.495,6.062785714285675,1.0,2.0,2.0,1.0,22.0,1.0,1.0,1.0,2.0,1.0,0.0,0.0,0.0,1.0,0.0,0.0,0.0,0.8019189220820034
2024-06-19 00:00:00,1,2329.447,2329.96,2328.012,5.72599999999995,1.0,3.0,7.0,1.0,0.0,2.0,1.0,2.0,3.0,1.0,0.0,0.0,0.0,1.0,0.0,0.0,1.0,0.9674245351065941
2024-06-19 03:00:00,1,2328.27,2331.758,2327.935,4.609285714285663,1.0,4.0,2.0,1.0,3.0,2.0,1.0,3.0,4.0,1.0,0.0,0.0,0.0,1.0,0.0,1.0,1.0,0.4278325165424143
2024-06-19 05:00:00,1,2329.3,2330.026,2326.796,3.567785714285687,1.0,3.0,7.0,1.0,5.0,2.0,1.0,2.0,3.0,1.0,0.0,0.0,0.0,1.0,0.0,1.0,0.0,0.9362227456269115
2024-06-19 06:00:00,1,2330.236,2330.719,2328.387,2.9435714285713988,1.0,3.0,0.0,1.0,6.0,2.0,1.0,2.0,3.0,1.0,1.0,0.0,0.0,1.0,0.0,1.0,0.0,0.6562211432445625
2024-06-19 07:00:00,0,2331.765,2332.68,2329.753,2.8456428571428205,1.0,4.0,0.0,1.0,7.0,2.0,1.0,3.0,4.0,1.0,1.0,0.0,0.0,1.0,0.0,1.0,1.0,0.5299586315443215
2024-06-19 09:00:00,1,2328.106,2332.752,2327.672,2.8016428571428214,1.0,4.0,8.0,1.0,9.0,2.0,1.0,3.0,4.0,1.0,0.0,0.0,0.0,1.0,0.0,1.0,1.0,0.5313127576236706
2024-06-19 10:00:00,1,2327.924,2329.923,2327.375,2.788642857142804,1.0,4.0,5.0,1.0,10.0,2.0,1.0,3.0,4.0,1.0,0.0,0.0,0.0,1.0,0.0,1.0,1.0,0.5522658867479672
2024-06-19 11:00:00,0,2330.407,2331.056,2325.756,3.0465714285713994,1.0,5.0,1.0,1.0,11.0,2.0,1.0,4.0,5.0,1.0,0.0,0.0,0.0,1.0,1.0,1.0,1.0,0.9383244723059377
2024-06-20 07:00:00,0,2338.577,2344.953,2338.448,4.199785714285651,1.0,4.0,2.0,1.0,7.0,3.0,1.0,3.0,4.0,1.0,0.0,0.0,0.0,1.0,1.0,1.0,0.0,0.7386739814077734
2024-06-20 09:00:00,1,2334.588,2335.728,2331.557,4.262999999999953,1.0,3.0,0.0,1.0,9.0,3.0,1.0,2.0,3.0,1.0,0.0,0.0,0.0,1.0,1.0,0.0,0.0,0.5131026858112115
2024-06-20 11:00:00,1,2339.243,2341.376,2337.683,4.7438571428571255,1.0,3.0,5.0,1.0,11.0,3.0,1.0,2.0,3.0,1.0,0.0,0.0,0.0,1.0,1.0,0.0,0.0,0.6770839575729758
2024-06-20 12:00:00,1,2338.495,2344.05,2335.28,5.265785714285714,1.0,4.0,5.0,1.0,12.0,3.0,1.0,3.0,4.0,1.0,0.0,0.0,0.0,1.0,1.0,1.0,0.0,0.5788560800162843
2024-06-20 14:00:00,0,2364.059,2364.971,2348.86,7.061571428571402,1.0,3.0,0.0,1.0,14.0,3.0,1.0,2.0,3.0,1.0,1.0,0.0,0.0,1.0,1.0,1.0,0.0,0.8067965904331462
2024-06-20 17:00:00,1,2357.293,2357.55,2354.572,7.467214285714265,1.0,2.0,3.0,1.0,17.0,3.0,1.0,1.0,2.0,1.0,0.0,0.0,0.0,1.0,0.0,0.0,0.0,0.38654636369048606
2024-06-20 18:00:00,1,2357.92,2361.0,2357.247,7.221500000000008,1.0,2.0,4.0,1.0,18.0,3.0,1.0,1.0,2.0,1.0,0.0,0.0,0.0,1.0,0.0,0.0,0.0,0.6225455978767555
2024-06-20 23:00:00,1,2360.747,2361.131,2358.833,6.185642857142836,1.0,2.0,1.0,1.0,23.0,3.0,1.0,1.0,2.0,1.0,0.0,0.0,0.0,1.0,0.0,0.0,0.0,0.6835544776974
2024-06-21 00:00:00,0,2364.067,2364.846,2360.765,6.180499999999971,1.0,3.0,0.0,1.0,0.0,4.0,1.0,2.0,3.0,1.0,1.0,0.0,0.0,1.0,0.0,0.0,1.0,0.7044902307202409
2024-06-21 02:00:00,1,2359.328,2361.61,2358.113,6.162785714285682,1.0,4.0,5.0,1.0,2.0,4.0,1.0,3.0,4.0,1.0,0.0,0.0,0.0,1.0,0.0,1.0,1.0,0.6147333692524466
2024-06-21 05:00:00,1,2364.486,2365.602,2362.18,4.106357142857113,1.0,4.0,0.0,1.0,5.0,4.0,1.0,3.0,4.0,1.0,1.0,0.0,0.0,1.0,0.0,1.0,1.0,0.5980860218558178
2024-06-21 12:00:00,0,2360.65,2368.084,2360.368,4.8316428571428265,1.0,4.0,2.0,1.0,12.0,4.0,1.0,3.0,4.0,1.0,0.0,0.0,0.0,1.0,1.0,1.0,0.0,0.6612083226200745
2024-06-21 14:00:00,0,2329.874,2340.531,2328.496,7.3092142857142335,1.0,3.0,0.0,1.0,14.0,4.0,1.0,2.0,3.0,1.0,1.0,0.0,0.0,1.0,1.0,1.0,0.0,0.42197906008536135
2024-06-21 16:00:00,0,2324.745,2329.353,2323.628,7.780428571428501,1.0,3.0,0.0,1.0,16.0,4.0,1.0,2.0,3.0,1.0,1.0,0.0,0.0,1.0,1.0,1.0,0.0,0.8424934404385049
2024-06-25 11:00:00,0,2330.121,2335.797,2327.281,4.7591428571429,1.0,4.0,8.0,0.0,11.0,1.0,1.0,3.0,4.0,0.0,0.0,0.0,0.0,1.0,1.0,1.0,0.0,0.6113455621174467
2024-06-25 12:00:00,1,2324.214,2330.453,2324.001,5.025928571428592,1.0,4.0,0.0,0.0,12.0,1.0,1.0,3.0,4.0,0.0,1.0,0.0,0.0,1.0,1.0,1.0,0.0,0.37816784582970625
2024-06-25 14:00:00,0,2327.16,2328.207,2319.489,5.845428571428556,1.0,4.0,3.0,0.0,14.0,1.0,1.0,3.0,4.0,0.0,0.0,0.0,0.0,1.0,1.0,1.0,0.0,0.57462011462865
2024-06-25 15:00:00,0,2324.687,2327.724,2315.562,6.160000000000017,1.0,4.0,2.0,0.0,15.0,1.0,1.0,3.0,4.0,0.0,0.0,0.0,0.0,1.0,1.0,1.0,0.0,0.622317926343416
2024-06-27 17:00:00,1,2325.821,2327.989,2324.197,5.291999999999981,1.0,2.0,5.0,0.0,17.0,3.0,1.0,1.0,2.0,0.0,0.0,0.0,0.0,1.0,0.0,0.0,0.0,0.3740904111133282
2024-06-28 00:00:00,1,2321.662,2328.259,2321.374,4.650714285714295,1.0,2.0,8.0,0.0,0.0,4.0,1.0,1.0,2.0,0.0,0.0,0.0,0.0,1.0,0.0,0.0,0.0,0.40859143299699296
2024-06-28 02:00:00,1,2323.667,2324.179,2319.794,4.792714285714283,1.0,3.0,1.0,1.0,2.0,4.0,1.0,2.0,3.0,1.0,0.0,0.0,0.0,1.0,0.0,1.0,0.0,0.4162753910870375
2024-06-28 05:00:00,1,2325.721,2326.994,2320.904,3.99685714285712,1.0,3.0,1.0,1.0,5.0,4.0,1.0,2.0,3.0,1.0,0.0,0.0,0.0,1.0,0.0,1.0,0.0,0.6835542311596402
2024-06-28 07:00:00,1,2327.146,2328.85,2324.794,3.7765714285714176,1.0,3.0,5.0,1.0,7.0,4.0,1.0,2.0,3.0,1.0,0.0,0.0,0.0,1.0,0.0,1.0,0.0,0.7574424861194458
2024-06-28 09:00:00,1,2330.32,2330.32,2327.224,3.8309285714285903,1.0,3.0,0.0,1.0,9.0,4.0,1.0,2.0,3.0,1.0,1.0,0.0,0.0,1.0,0.0,1.0,0.0,0.6334242962861502
2024-06-28 10:00:00,1,2335.774,2336.753,2329.33,4.208571428571466,1.0,4.0,0.0,1.0,10.0,4.0,1.0,3.0,4.0,1.0,1.0,0.0,0.0,1.0,1.0,1.0,0.0,0.6160367100752319
2024-06-28 11:00:00,0,2333.938,2337.145,2333.264,4.260571428571471,1.0,3.0,0.0,1.0,11.0,4.0,1.0,2.0,3.0,1.0,1.0,0.0,0.0,1.0,1.0,0.0,0.0,0.6066078022739362
2024-06-28 14:00:00,1,2326.436,2333.664,2322.835,5.82664285714288,1.0,4.0,0.0,1.0,14.0,4.0,1.0,3.0,4.0,1.0,0.0,0.0,0.0,1.0,1.0,1.0,0.0,0.5933359501086117
2024-06-28 16:00:00,1,2329.949,2332.512,2327.668,5.912285714285742,1.0,4.0,4.0,1.0,16.0,4.0,1.0,3.0,4.0,1.0,0.0,0.0,0.0,1.0,1.0,1.0,0.0,0.6487610493249869
2024-06-28 17:00:00,0,2326.816,2332.713,2326.395,6.0629285714286265,1.0,2.0,2.0,1.0,17.0,4.0,1.0,1.0,2.0,1.0,0.0,0.0,0.0,1.0,0.0,0.0,0.0,0.5784160468186668
2024-06-28 20:00:00,0,2326.638,2326.815,2322.841,5.998142857142933,1.0,2.0,1.0,1.0,20.0,4.0,1.0,1.0,2.0,1.0,0.0,0.0,0.0,1.0,0.0,0.0,0.0,0.4668321464533097
2024-06-30 23:00:00,1,2324.933,2326.157,2323.088,5.80628571428578,1.0,2.0,5.0,1.0,23.0,6.0,1.0,1.0,2.0,1.0,0.0,0.0,0.0,1.0,0.0,0.0,0.0,0.5419851850600143
2024-07-01 01:00:00,0,2327.837,2328.502,2323.467,5.642142857142907,1.0,3.0,1.0,1.0,1.0,0.0,1.0,2.0,3.0,1.0,0.0,0.0,0.0,1.0,0.0,1.0,0.0,0.5532088754388471
2024-07-01 03:00:00,1,2324.746,2327.588,2324.451,5.241928571428681,1.0,3.0,0.0,1.0,3.0,0.0,1.0,2.0,3.0,1.0,1.0,0.0,0.0,1.0,0.0,0.0,1.0,0.1983985933685264
2024-07-01 04:00:00,1,2323.578,2326.049,2321.398,4.631785714285797,1.0,4.0,0.0,1.0,4.0,0.0,1.0,3.0,4.0,1.0,1.0,0.0,0.0,1.0,0.0,1.0,1.0,0.22769203500987417
2024-07-02 14:00:00,1,2326.572,2335.798,2322.874,6.218642857142901,1.0,4.0,2.0,1.0,14.0,1.0,1.0,3.0,4.0,1.0,0.0,0.0,0.0,1.0,1.0,1.0,0.0,0.6293673589375127
2024-07-02 15:00:00,1,2324.711,2330.411,2324.123,6.445357142857184,1.0,4.0,6.0,1.0,15.0,1.0,1.0,3.0,4.0,1.0,0.0,0.0,0.0,1.0,1.0,1.0,0.0,0.7327585383299776
2024-07-03 01:00:00,1,2329.102,2331.545,2328.43,5.085714285714305,1.0,4.0,8.0,1.0,1.0,2.0,1.0,3.0,4.0,1.0,0.0,0.0,0.0,1.0,0.0,1.0,1.0,0.5145639898184211
2024-07-03 03:00:00,1,2331.648,2332.497,2328.014,4.60864285714287,1.0,3.0,1.0,1.0,3.0,2.0,1.0,2.0,3.0,1.0,0.0,0.0,0.0,1.0,0.0,1.0,0.0,0.28505174311353715
2024-07-03 04:00:00,1,2334.417,2335.285,2331.699,4.104857142857132,1.0,4.0,0.0,1.0,4.0,2.0,1.0,3.0,4.0,1.0,1.0,0.0,0.0,1.0,0.0,1.0,1.0,0.5898925945937916
2024-07-03 05:00:00,1,2333.323,2335.811,2331.917,3.45985714285715,1.0,4.0,0.0,1.0,5.0,2.0,1.0,3.0,4.0,1.0,1.0,0.0,0.0,1.0,0.0,1.0,1.0,0.3459113489338405
2024-07-03 07:00:00,1,2345.304,2347.201,2338.868,3.9117857142857377,1.0,5.0,0.0,1.0,7.0,2.0,1.0,4.0,5.0,1.0,1.0,0.0,0.0,1.0,1.0,1.0,1.0,0.8721596540027927
2024-07-03 08:00:00,1,2344.59,2347.552,2343.049,4.0088571428571935,1.0,5.0,0.0,1.0,8.0,2.0,1.0,4.0,5.0,1.0,1.0,0.0,0.0,1.0,1.0,1.0,1.0,0.8965038050759285
2024-07-03 10:00:00,1,2346.988,2349.482,2344.529,4.125071428571475,1.0,5.0,0.0,1.0,10.0,2.0,1.0,4.0,5.0,1.0,1.0,0.0,0.0,1.0,1.0,1.0,1.0,0.9017668881487066
2024-07-03 12:00:00,1,2350.472,2356.154,2344.871,4.962214285714318,1.0,5.0,7.0,1.0,12.0,2.0,1.0,4.0,5.0,1.0,0.0,0.0,1.0,1.0,1.0,1.0,1.0,0.9864178382517802
2024-07-03 13:00:00,1,2355.479,2358.734,2347.47,5.638642857142876,1.0,3.0,0.0,1.0,13.0,2.0,1.0,2.0,3.0,1.0,1.0,0.0,0.0,1.0,1.0,1.0,0.0,0.7246566781376883
2024-07-03 15:00:00,0,2363.04,2363.987,2359.96,6.239571428571447,1.0,4.0,0.0,1.0,15.0,2.0,1.0,3.0,4.0,1.0,1.0,0.0,0.0,1.0,1.0,1.0,0.0,0.6365092849278314
2024-07-03 17:00:00,1,2356.814,2360.903,2353.839,6.692571428571455,1.0,2.0,5.0,1.0,17.0,2.0,1.0,1.0,2.0,1.0,0.0,0.0,0.0,1.0,0.0,0.0,0.0,0.5900752804934483
2024-07-03 18:00:00,0,2356.301,2357.967,2355.178,6.632000000000062,1.0,2.0,8.0,1.0,18.0,2.0,1.0,1.0,2.0,1.0,0.0,0.0,0.0,1.0,0.0,0.0,0.0,0.7134454714109137
2024-07-03 19:00:00,1,2354.28,2356.689,2353.613,6.573571428571476,1.0,2.0,0.0,1.0,19.0,2.0,1.0,1.0,2.0,1.0,0.0,0.0,0.0,1.0,0.0,0.0,0.0,0.5808803146529832
2024-07-03 23:00:00,0,2358.699,2359.578,2357.655,5.5765714285714365,1.0,2.0,5.0,1.0,23.0,2.0,1.0,1.0,2.0,1.0,0.0,0.0,0.0,1.0,0.0,0.0,0.0,0.6834823558773834
2024-07-04 05:00:00,0,2356.872,2358.588,2355.485,3.742142857142881,1.0,4.0,8.0,1.0,5.0,3.0,1.0,3.0,4.0,1.0,0.0,0.0,0.0,1.0,0.0,1.0,1.0,0.626645142866881
2024-07-08 01:00:00,0,2386.419,2391.088,2384.208,7.904357142857147,1.0,4.0,5.0,1.0,1.0,0.0,1.0,3.0,4.0,1.0,0.0,0.0,0.0,1.0,1.0,1.0,0.0,0.7870030521287645
2024-07-08 03:00:00,1,2382.88,2384.125,2380.666,6.245928571428554,1.0,3.0,5.0,1.0,3.0,0.0,1.0,2.0,3.0,1.0,0.0,0.0,0.0,1.0,0.0,1.0,0.0,0.33924737531277427
2024-07-08 05:00:00,0,2382.774,2386.761,2381.542,5.083428571428548,1.0,3.0,2.0,1.0,5.0,0.0,1.0,2.0,3.0,1.0,0.0,0.0,0.0,1.0,0.0,1.0,0.0,0.4443762818685581
2024-07-08 07:00:00,0,2377.828,2381.14,2376.597,4.97335714285714,1.0,3.0,4.0,1.0,7.0,0.0,1.0,2.0,3.0,1.0,0.0,0.0,0.0,1.0,0.0,1.0,0.0,0.4863194117149746
2024-07-08 08:00:00,0,2372.787,2378.823,2371.916,5.088357142857116,1.0,3.0,8.0,1.0,8.0,0.0,1.0,2.0,3.0,1.0,0.0,0.0,0.0,1.0,0.0,1.0,0.0,0.523416180023598
2024-07-08 09:00:00,1,2370.169,2373.765,2368.253,4.947499999999958,1.0,3.0,0.0,1.0,9.0,0.0,1.0,2.0,3.0,1.0,0.0,0.0,0.0,1.0,0.0,1.0,0.0,0.3401700365375839
2024-07-08 10:00:00,1,2374.021,2374.269,2369.623,4.93235714285707,1.0,2.0,1.0,1.0,10.0,0.0,1.0,1.0,2.0,1.0,0.0,0.0,0.0,1.0,0.0,0.0,0.0,0.4864967129278608
2024-07-08 13:00:00,0,2375.436,2377.075,2370.258,5.290357142857049,1.0,4.0,1.0,1.0,13.0,0.0,1.0,3.0,4.0,1.0,0.0,0.0,0.0,1.0,1.0,1.0,0.0,0.4903189396478952
2024-07-10 14:00:00,0,2374.9,2385.096,2373.889,4.931928571428476,1.0,3.0,2.0,1.0,14.0,2.0,1.0,2.0,3.0,1.0,0.0,0.0,0.0,1.0,1.0,1.0,0.0,0.5879688995400487
2024-07-10 18:00:00,0,2372.647,2373.571,2369.858,5.473357142857042,1.0,2.0,0.0,1.0,18.0,2.0,1.0,1.0,2.0,1.0,0.0,0.0,0.0,1.0,0.0,0.0,0.0,0.47841260385257967
2024-07-10 22:00:00,1,2372.84,2372.881,2371.194,4.980642857142747,1.0,2.0,7.0,1.0,22.0,2.0,1.0,1.0,2.0,1.0,0.0,0.0,0.0,1.0,0.0,0.0,0.0,0.9281179265149805
2024-07-11 06:00:00,1,2381.775,2383.197,2378.46,3.2911428571428587,1.0,5.0,8.0,1.0,6.0,3.0,1.0,4.0,5.0,1.0,0.0,0.0,0.0,1.0,1.0,1.0,1.0,0.8153706975085128
2024-07-11 08:00:00,1,2381.328,2384.028,2379.541,2.9257857142856665,1.0,5.0,4.0,1.0,8.0,3.0,1.0,4.0,5.0,1.0,0.0,0.0,0.0,1.0,1.0,1.0,1.0,0.944637229997188
2024-07-11 09:00:00,1,2383.929,2384.527,2381.287,2.891999999999988,1.0,4.0,0.0,1.0,9.0,3.0,1.0,3.0,4.0,1.0,1.0,0.0,0.0,1.0,0.0,1.0,1.0,0.5017251126852608
2024-07-11 13:00:00,1,2406.613,2412.977,2395.796,6.51749999999996,1.0,3.0,5.0,1.0,13.0,3.0,1.0,2.0,3.0,1.0,0.0,0.0,0.0,1.0,1.0,1.0,0.0,0.8271011785760077
2024-07-11 14:00:00,0,2417.62,2417.863,2404.303,7.270071428571392,1.0,3.0,0.0,1.0,14.0,3.0,1.0,2.0,3.0,1.0,1.0,0.0,0.0,1.0,1.0,1.0,0.0,0.7701378639626264
2024-07-11 17:00:00,1,2413.621,2416.633,2409.988,8.438499999999976,1.0,3.0,4.0,1.0,17.0,3.0,1.0,2.0,3.0,1.0,0.0,0.0,0.0,1.0,0.0,1.0,0.0,0.839933566594548
2024-07-11 20:00:00,1,2414.775,2415.084,2413.106,8.42985714285708,1.0,2.0,3.0,1.0,20.0,3.0,1.0,1.0,2.0,1.0,0.0,0.0,0.0,1.0,0.0,0.0,0.0,0.7510690579360897
2024-07-11 23:00:00,0,2415.854,2416.022,2411.915,8.435642857142836,1.0,2.0,1.0,1.0,23.0,3.0,1.0,1.0,2.0,1.0,0.0,0.0,0.0,1.0,0.0,0.0,0.0,0.842697401706213
2024-07-12 00:00:00,0,2411.957,2416.249,2410.985,8.580214285714224,1.0,3.0,8.0,1.0,0.0,4.0,1.0,2.0,3.0,1.0,0.0,0.0,0.0,1.0,0.0,1.0,0.0,0.7450840297529853
2024-07-12 04:00:00,1,2408.62,2409.923,2408.094,5.590642857142841,1.0,2.0,5.0,1.0,4.0,4.0,1.0,1.0,2.0,1.0,0.0,0.0,0.0,1.0,0.0,0.0,0.0,0.642022648973883
2024-07-12 05:00:00,0,2408.012,2410.088,2405.367,4.959285714285703,1.0,4.0,5.0,1.0,5.0,4.0,1.0,3.0,4.0,1.0,0.0,0.0,0.0,1.0,0.0,1.0,1.0,0.5570470811080717
2024-07-12 07:00:00,0,2404.174,2405.511,2400.289,4.355999999999962,1.0,4.0,5.0,1.0,7.0,4.0,1.0,3.0,4.0,1.0,0.0,0.0,0.0,1.0,0.0,1.0,1.0,0.6162371062643266
2024-07-12 11:00:00,1,2401.715,2402.665,2398.288,4.555714285714235,1.0,4.0,0.0,1.0,11.0,4.0,1.0,3.0,4.0,1.0,1.0,0.0,1.0,1.0,0.0,1.0,1.0,0.36888951579866386
2024-07-12 13:00:00,1,2403.718,2405.702,2396.759,5.563214285714269,1.0,4.0,7.0,1.0,13.0,4.0,1.0,3.0,4.0,1.0,0.0,0.0,0.0,1.0,1.0,1.0,1.0,0.9250251362309302
2024-07-12 18:00:00,0,2414.123,2417.945,2413.864,5.971714285714272,1.0,2.0,2.0,1.0,18.0,4.0,1.0,1.0,2.0,1.0,0.0,0.0,0.0,1.0,0.0,0.0,0.0,0.4856807043915924
2024-07-14 23:00:00,1,2408.657,2408.706,2405.677,5.405071428571448,1.0,3.0,3.0,1.0,23.0,6.0,1.0,2.0,3.0,1.0,0.0,0.0,0.0,1.0,0.0,0.0,1.0,0.49052715665496116
2024-07-15 01:00:00,1,2410.008,2410.328,2404.881,5.199785714285748,1.0,4.0,3.0,1.0,1.0,0.0,1.0,3.0,4.0,1.0,0.0,0.0,0.0,1.0,0.0,1.0,1.0,0.2825291859162982
2024-07-15 03:00:00,1,2411.555,2411.971,2408.627,4.399000000000017,1.0,3.0,1.0,1.0,3.0,0.0,1.0,2.0,3.0,1.0,0.0,0.0,0.0,1.0,0.0,0.0,1.0,0.3329006023632625
2024-07-15 04:00:00,0,2411.483,2413.366,2410.648,3.954357142857134,1.0,3.0,5.0,1.0,4.0,0.0,1.0,2.0,3.0,1.0,0.0,0.0,0.0,1.0,0.0,0.0,1.0,0.5768828821265374
2024-07-15 07:00:00,1,2407.881,2407.924,2401.298,4.014714285714296,1.0,4.0,0.0,1.0,7.0,0.0,1.0,3.0,4.0,1.0,0.0,0.0,0.0,1.0,1.0,1.0,0.0,0.48983938967928115
2024-07-15 11:00:00,1,2418.236,2420.33,2414.498,4.66150000000003,1.0,4.0,0.0,1.0,11.0,0.0,1.0,3.0,4.0,1.0,1.0,0.0,0.0,1.0,1.0,1.0,0.0,0.32565233206712974
2024-07-15 14:00:00,1,2431.555,2431.986,2418.093,5.953285714285747,1.0,5.0,0.0,1.0,14.0,0.0,1.0,4.0,5.0,1.0,1.0,0.0,0.0,0.0,1.0,1.0,1.0,0.5539246689476408
2024-07-15 15:00:00,0,2433.281,2437.493,2431.399,5.999500000000028,1.0,3.0,4.0,1.0,15.0,0.0,1.0,2.0,3.0,1.0,0.0,0.0,0.0,1.0,1.0,1.0,0.0,0.6174383927008276
2024-07-15 23:00:00,1,2422.496,2422.726,2420.955,6.004642857142926,1.0,2.0,1.0,1.0,23.0,0.0,1.0,1.0,2.0,1.0,0.0,0.0,0.0,1.0,0.0,0.0,0.0,0.6324293975363974
2024-07-16 01:00:00,1,2427.222,2427.688,2421.171,5.966071428571468,1.0,5.0,7.0,1.0,1.0,1.0,1.0,4.0,5.0,1.0,0.0,0.0,0.0,1.0,1.0,1.0,1.0,0.9747960584497077
2024-07-16 04:00:00,1,2429.291,2429.532,2425.023,5.435357142857161,1.0,4.0,3.0,1.0,4.0,1.0,1.0,3.0,4.0,1.0,0.0,0.0,0.0,1.0,0.0,1.0,1.0,0.3904986459808071
2024-07-16 06:00:00,1,2433.837,2433.837,2428.066,4.752571428571433,1.0,3.0,3.0,1.0,6.0,1.0,1.0,2.0,3.0,1.0,0.0,0.0,0.0,1.0,0.0,1.0,1.0,0.36193758885905714
2024-07-16 07:00:00,1,2436.953,2439.411,2432.55,4.511785714285679,1.0,4.0,0.0,1.0,7.0,1.0,1.0,3.0,4.0,1.0,1.0,0.0,0.0,1.0,1.0,1.0,1.0,0.3143569670413946
2024-07-16 09:00:00,1,2442.381,2443.409,2435.048,4.402285714285687,1.0,4.0,0.0,1.0,9.0,1.0,1.0,3.0,4.0,1.0,1.0,0.0,0.0,0.0,1.0,1.0,1.0,0.3932680960259205
2024-07-16 12:00:00,1,2432.553,2444.023,2429.334,5.589714285714308,1.0,5.0,0.0,1.0,12.0,1.0,1.0,4.0,5.0,1.0,0.0,0.0,0.0,1.0,1.0,1.0,1.0,0.7549150691687765
2024-07-16 13:00:00,1,2442.773,2447.973,2430.95,6.679142857142876,1.0,5.0,1.0,1.0,13.0,1.0,1.0,4.0,5.0,1.0,0.0,0.0,0.0,1.0,1.0,1.0,1.0,0.7125460151570789
2024-07-16 14:00:00,1,2452.025,2454.016,2440.547,7.429785714285766,1.0,4.0,0.0,1.0,14.0,1.0,1.0,3.0,4.0,1.0,1.0,0.0,0.0,0.0,1.0,1.0,1.0,0.14255676994411093
2024-07-16 15:00:00,1,2463.099,2465.283,2451.855,7.9234285714285955,1.0,4.0,0.0,1.0,15.0,1.0,1.0,3.0,4.0,1.0,1.0,0.0,0.0,0.0,1.0,1.0,1.0,0.5179579110291351
2024-07-16 18:00:00,1,2465.339,2466.599,2462.423,8.226928571428646,1.0,2.0,0.0,1.0,18.0,1.0,1.0,1.0,2.0,1.0,1.0,0.0,0.0,0.0,0.0,0.0,1.0,0.42381276785325345
2024-07-16 19:00:00,1,2468.483,2468.7,2463.2,8.287142857142953,1.0,2.0,0.0,1.0,19.0,1.0,1.0,1.0,2.0,1.0,1.0,0.0,0.0,0.0,0.0,0.0,1.0,0.37351379684221125
2024-07-16 23:00:00,1,2468.278,2469.769,2467.355,7.681357142857223,2.0,2.0,2.0,1.0,23.0,1.0,2.0,0.0,2.0,1.0,1.0,0.0,0.0,0.0,0.0,0.0,0.0,0.7621683594673011
2024-07-17 00:00:00,1,2468.773,2473.33,2466.115,7.599500000000067,1.0,2.0,5.0,1.0,0.0,2.0,1.0,1.0,2.0,1.0,0.0,0.0,0.0,0.0,0.0,1.0,0.0,0.6689068897739009
2024-07-17 01:00:00,0,2479.403,2481.282,2468.542,8.24264285714295,1.0,3.0,0.0,1.0,1.0,2.0,1.0,2.0,3.0,1.0,1.0,0.0,0.0,0.0,1.0,1.0,0.0,0.709709093483921
2024-07-17 06:00:00,1,2466.453,2467.54,2461.788,6.593642857142901,1.0,4.0,0.0,1.0,6.0,2.0,1.0,3.0,4.0,1.0,0.0,0.0,0.0,1.0,1.0,1.0,0.0,0.6108054177240798
2024-07-17 08:00:00,1,2474.971,2478.877,2471.519,6.870285714285761,1.0,4.0,5.0,1.0,8.0,2.0,1.0,3.0,4.0,1.0,0.0,0.0,0.0,0.0,1.0,1.0,0.0,0.7603594668512335
2024-07-17 10:00:00,1,2467.829,2476.357,2466.656,7.281714285714282,1.0,2.0,2.0,1.0,10.0,2.0,1.0,1.0,2.0,1.0,0.0,0.0,0.0,1.0,0.0,0.0,0.0,0.7837868401860822
2024-07-17 13:00:00,0,2483.0,2483.48,2471.151,8.414285714285695,1.0,4.0,0.0,1.0,13.0,2.0,1.0,3.0,4.0,1.0,1.0,0.0,0.0,0.0,1.0,1.0,0.0,0.6479256898771202
2024-07-17 15:00:00,1,2463.374,2465.965,2458.015,9.178357142857132,1.0,4.0,5.0,1.0,15.0,2.0,1.0,3.0,4.0,1.0,0.0,0.0,0.0,1.0,1.0,1.0,0.0,0.7905957207462293
2024-07-17 16:00:00,1,2455.646,2465.106,2452.812,9.138571428571463,1.0,4.0,0.0,1.0,16.0,2.0,1.0,3.0,4.0,1.0,1.0,0.0,0.0,1.0,1.0,1.0,0.0,0.8037996403404195
2024-07-17 17:00:00,1,2452.566,2459.27,2451.851,8.91114285714288,1.0,2.0,0.0,1.0,17.0,2.0,1.0,1.0,2.0,1.0,1.0,0.0,0.0,1.0,0.0,0.0,0.0,0.7362110805144653
2024-07-23 12:00:00,1,2405.453,2409.281,2403.658,5.495714285714387,1.0,4.0,8.0,0.0,12.0,1.0,1.0,3.0,4.0,0.0,0.0,0.0,0.0,1.0,1.0,1.0,0.0,0.5017728154766056
2024-07-23 14:00:00,1,2402.873,2407.394,2399.57,6.1845714285714815,1.0,4.0,5.0,0.0,14.0,1.0,1.0,3.0,4.0,0.0,0.0,0.0,0.0,1.0,1.0,1.0,0.0,0.5935554561845312
2024-07-23 16:00:00,1,2405.35,2406.757,2402.935,6.033357142857183,1.0,2.0,5.0,0.0,16.0,1.0,1.0,1.0,2.0,0.0,0.0,0.0,0.0,1.0,0.0,0.0,0.0,0.5823974457597082
2024-07-23 17:00:00,1,2404.918,2408.245,2402.626,6.109642857142847,1.0,2.0,5.0,0.0,17.0,1.0,1.0,1.0,2.0,0.0,0.0,0.0,0.0,1.0,0.0,0.0,0.0,0.5934202496598571
2024-07-23 18:00:00,1,2405.616,2406.281,2403.792,6.007214285714261,1.0,2.0,1.0,0.0,18.0,1.0,1.0,1.0,2.0,0.0,0.0,0.0,0.0,1.0,0.0,0.0,0.0,0.3650492796687603
2024-07-23 20:00:00,0,2409.404,2410.013,2405.307,5.772428571428561,1.0,2.0,0.0,0.0,20.0,1.0,1.0,1.0,2.0,0.0,1.0,0.0,0.0,1.0,0.0,0.0,0.0,0.34810837541128153
2024-07-23 22:00:00,1,2409.354,2409.675,2408.039,5.230642857142844,1.0,2.0,0.0,0.0,22.0,1.0,1.0,1.0,2.0,0.0,1.0,0.0,0.0,1.0,0.0,0.0,0.0,0.4691563828110116
2024-07-24 03:00:00,1,2416.406,2418.319,2413.623,4.828214285714304,1.0,4.0,0.0,0.0,3.0,2.0,1.0,3.0,4.0,0.0,1.0,0.0,0.0,1.0,0.0,1.0,1.0,0.29633813714834056
2024-07-24 04:00:00,0,2417.795,2417.963,2414.721,4.478428571428594,1.0,4.0,0.0,0.0,4.0,2.0,1.0,3.0,4.0,0.0,1.0,0.0,0.0,1.0,0.0,1.0,1.0,0.5453214020190513
2024-07-24 07:00:00,0,2414.574,2417.852,2411.549,4.441142857142885,1.0,5.0,8.0,0.0,7.0,2.0,1.0,4.0,5.0,0.0,0.0,0.0,0.0,1.0,1.0,1.0,1.0,0.8616138439970555
2024-07-24 09:00:00,1,2413.447,2414.904,2409.78,4.544928571428597,1.0,2.0,0.0,0.0,9.0,2.0,1.0,1.0,2.0,0.0,0.0,0.0,0.0,1.0,0.0,0.0,0.0,0.42812074247652016
2024-07-24 10:00:00,1,2413.622,2416.488,2412.122,4.5961428571428575,1.0,2.0,5.0,0.0,10.0,2.0,1.0,1.0,2.0,0.0,0.0,0.0,0.0,1.0,0.0,0.0,0.0,0.5221490707439724
2024-07-24 11:00:00,1,2417.432,2417.809,2410.532,4.779785714285708,1.0,3.0,0.0,0.0,11.0,2.0,1.0,2.0,3.0,0.0,1.0,0.0,0.0,1.0,1.0,0.0,0.0,0.4850802165404594
2024-07-24 12:00:00,1,2421.426,2422.056,2416.203,5.081000000000001,1.0,4.0,0.0,0.0,12.0,2.0,1.0,3.0,4.0,0.0,1.0,0.0,0.0,1.0,1.0,1.0,0.0,0.48818352512859003
2024-07-24 13:00:00,0,2421.719,2426.737,2413.577,5.90414285714285,1.0,4.0,5.0,0.0,13.0,2.0,1.0,3.0,4.0,0.0,0.0,0.0,0.0,1.0,1.0,1.0,0.0,0.6540611705207022
2024-07-24 18:00:00,0,2408.258,2409.464,2405.599,7.162857142857125,1.0,4.0,0.0,1.0,18.0,2.0,1.0,3.0,4.0,1.0,1.0,0.0,0.0,1.0,1.0,1.0,0.0,0.6884134304437226
2024-07-24 19:00:00,0,2398.358,2408.74,2398.28,7.55657142857139,1.0,3.0,0.0,0.0,19.0,2.0,1.0,2.0,3.0,0.0,1.0,0.0,1.0,1.0,0.0,0.0,0.0,0.22169675343715323
2024-07-25 00:00:00,0,2397.104,2399.3,2395.977,7.220000000000027,1.0,2.0,2.0,0.0,0.0,3.0,1.0,1.0,2.0,0.0,0.0,0.0,0.0,1.0,0.0,0.0,0.0,0.7082823142075455
2024-07-25 02:00:00,1,2372.57,2380.673,2369.86,9.26992857142857,1.0,3.0,0.0,0.0,2.0,3.0,1.0,2.0,3.0,0.0,1.0,0.0,0.0,1.0,1.0,1.0,0.0,0.7580278094369213
2024-07-25 03:00:00,1,2374.724,2375.567,2366.737,9.482571428571418,1.0,3.0,3.0,0.0,3.0,3.0,1.0,2.0,3.0,0.0,0.0,0.0,0.0,1.0,1.0,1.0,0.0,0.8550948856656666
2024-07-25 08:00:00,0,2374.705,2377.556,2372.031,8.538071428571389,1.0,2.0,5.0,0.0,8.0,3.0,1.0,1.0,2.0,0.0,0.0,0.0,0.0,1.0,0.0,1.0,0.0,0.766855238948836
2024-07-25 14:00:00,1,2366.748,2368.491,2357.919,11.32950000000002,1.0,3.0,3.0,0.0,14.0,3.0,1.0,2.0,3.0,0.0,0.0,0.0,0.0,1.0,1.0,1.0,0.0,0.6875090730154415
2024-07-25 15:00:00,1,2363.151,2368.401,2362.081,9.671714285714286,1.0,3.0,8.0,0.0,15.0,3.0,1.0,2.0,3.0,0.0,0.0,0.0,0.0,1.0,1.0,1.0,0.0,0.8387743702683451
2024-07-25 16:00:00,1,2362.614,2364.561,2357.472,9.405714285714309,1.0,2.0,5.0,0.0,16.0,3.0,1.0,1.0,2.0,0.0,0.0,0.0,0.0,1.0,0.0,1.0,0.0,0.6931558556994978
2024-07-26 16:00:00,0,2389.117,2390.38,2384.606,6.239500000000005,1.0,3.0,0.0,0.0,16.0,4.0,1.0,2.0,3.0,0.0,1.0,0.0,0.0,1.0,0.0,1.0,0.0,0.5325559734966699
2024-07-26 18:00:00,1,2384.311,2386.207,2382.753,6.354785714285721,1.0,2.0,4.0,0.0,18.0,4.0,1.0,1.0,2.0,0.0,0.0,0.0,0.0,1.0,0.0,0.0,0.0,0.514853206855927
2024-07-29 00:00:00,1,2400.056,2401.614,2397.002,6.677499999999976,1.0,3.0,0.0,0.0,0.0,0.0,1.0,2.0,3.0,0.0,1.0,0.0,1.0,1.0,0.0,1.0,0.0,0.33964071687669467
2024-07-29 01:00:00,1,2392.725,2402.46,2388.59,7.47171428571424,1.0,3.0,2.0,0.0,1.0,0.0,1.0,2.0,3.0,0.0,0.0,0.0,0.0,1.0,1.0,1.0,0.0,0.41327519267747803
2024-07-29 05:00:00,1,2392.792,2396.263,2390.218,6.2127142857142905,1.0,2.0,8.0,0.0,5.0,0.0,1.0,1.0,2.0,0.0,0.0,0.0,0.0,1.0,0.0,1.0,0.0,0.5262715624596145
2024-07-29 07:00:00,1,2391.569,2394.394,2389.49,5.993428571428597,1.0,3.0,5.0,0.0,7.0,0.0,1.0,2.0,3.0,0.0,0.0,0.0,0.0,1.0,1.0,1.0,0.0,0.48450348527042336
2024-07-29 13:00:00,1,2391.851,2396.786,2389.799,5.635857142857178,1.0,3.0,0.0,0.0,13.0,0.0,1.0,2.0,3.0,0.0,0.0,0.0,0.0,1.0,1.0,1.0,0.0,0.4693720424176466
2024-07-29 14:00:00,1,2381.258,2394.031,2380.045,6.3054285714285925,1.0,3.0,0.0,0.0,14.0,0.0,1.0,2.0,3.0,0.0,1.0,0.0,0.0,1.0,1.0,1.0,0.0,0.41293032035707095
2024-07-29 15:00:00,1,2376.797,2383.014,2369.495,6.280357142857189,1.0,4.0,0.0,0.0,15.0,0.0,1.0,3.0,4.0,0.0,0.0,0.0,0.0,1.0,1.0,1.0,0.0,0.45809428362312077
2024-07-29 16:00:00,1,2378.082,2379.004,2374.461,6.332857142857165,1.0,2.0,3.0,0.0,16.0,0.0,1.0,1.0,2.0,0.0,0.0,0.0,0.0,1.0,0.0,0.0,0.0,0.4162148740176243
2024-07-29 20:00:00,0,2383.876,2384.573,2381.234,6.580714285714261,1.0,2.0,3.0,0.0,20.0,0.0,1.0,1.0,2.0,0.0,0.0,0.0,0.0,1.0,0.0,0.0,0.0,0.6076788679956492
2024-07-29 23:00:00,1,2381.143,2384.29,2380.885,6.258214285714238,1.0,3.0,2.0,0.0,23.0,0.0,1.0,2.0,3.0,0.0,0.0,0.0,0.0,1.0,0.0,0.0,1.0,0.6432464361907668
2024-07-30 01:00:00,1,2379.79,2382.425,2376.471,6.441214285714263,1.0,5.0,0.0,0.0,1.0,1.0,1.0,4.0,5.0,0.0,0.0,0.0,0.0,1.0,1.0,1.0,1.0,0.5300715832782655
2024-07-30 04:00:00,1,2386.327,2388.334,2385.65,5.720785714285674,1.0,4.0,4.0,0.0,4.0,1.0,1.0,3.0,4.0,0.0,0.0,0.0,0.0,1.0,0.0,1.0,1.0,0.47863257179668717
2024-07-30 07:00:00,1,2390.225,2391.971,2388.849,4.164428571428516,1.0,4.0,5.0,0.0,7.0,1.0,1.0,3.0,4.0,0.0,0.0,0.0,0.0,1.0,0.0,1.0,1.0,0.504639941702293
2024-07-30 10:00:00,0,2391.616,2392.44,2387.867,3.6522857142856537,1.0,2.0,1.0,0.0,10.0,1.0,1.0,1.0,2.0,0.0,0.0,0.0,0.0,1.0,0.0,0.0,0.0,0.6045287804204342
2024-07-30 11:00:00,1,2387.115,2392.165,2386.872,3.791857142857095,1.0,2.0,2.0,0.0,11.0,1.0,1.0,1.0,2.0,0.0,0.0,0.0,0.0,1.0,0.0,1.0,0.0,0.5557273966328659
2024-07-30 15:00:00,1,2385.26,2392.454,2383.32,4.965857142857105,1.0,3.0,0.0,0.0,15.0,1.0,1.0,2.0,3.0,0.0,0.0,0.0,0.0,1.0,1.0,1.0,0.0,0.28576484358359394
2024-07-30 22:00:00,1,2409.191,2410.926,2408.001,6.522285714285674,1.0,2.0,5.0,1.0,22.0,1.0,1.0,1.0,2.0,1.0,0.0,0.0,0.0,1.0,0.0,0.0,0.0,0.8534104165987394
2024-07-30 23:00:00,0,2409.807,2410.274,2408.495,6.435071428571389,1.0,2.0,0.0,1.0,23.0,1.0,1.0,1.0,2.0,1.0,1.0,0.0,0.0,1.0,0.0,0.0,0.0,0.5535915175013678
2024-07-31 00:00:00,1,2408.966,2410.014,2407.818,6.428571428571396,1.0,2.0,2.0,1.0,0.0,2.0,1.0,1.0,2.0,1.0,0.0,0.0,0.0,1.0,0.0,0.0,0.0,0.7622379214313509
2024-07-31 01:00:00,1,2409.132,2412.235,2403.877,6.698928571428561,1.0,4.0,5.0,1.0,1.0,2.0,1.0,3.0,4.0,1.0,0.0,0.0,0.0,1.0,1.0,1.0,0.0,0.6896192040502759
2024-07-31 04:00:00,0,2421.136,2421.395,2414.399,7.010142857142845,1.0,3.0,0.0,1.0,4.0,2.0,1.0,2.0,3.0,1.0,1.0,0.0,0.0,1.0,0.0,1.0,0.0,0.8081642677103553
2024-07-31 07:00:00,1,2417.175,2421.909,2415.85,6.094000000000018,1.0,3.0,2.0,1.0,7.0,2.0,1.0,2.0,3.0,1.0,0.0,0.0,0.0,1.0,0.0,1.0,0.0,0.6856856485122946
2024-07-31 08:00:00,1,2421.41,2421.732,2415.436,5.7347857142857,1.0,3.0,1.0,1.0,8.0,2.0,1.0,2.0,3.0,1.0,0.0,0.0,0.0,1.0,0.0,1.0,0.0,0.6768438467299144
2024-07-31 11:00:00,1,2419.576,2423.24,2418.093,5.7807857142857495,1.0,2.0,4.0,1.0,11.0,2.0,1.0,1.0,2.0,1.0,0.0,0.0,0.0,1.0,0.0,0.0,0.0,0.6713247233646946
2024-07-31 13:00:00,1,2426.11,2427.556,2417.811,6.545285714285748,1.0,3.0,0.0,1.0,13.0,2.0,1.0,2.0,3.0,1.0,1.0,0.0,0.0,1.0,1.0,1.0,0.0,0.7334224158799603
2024-07-31 19:00:00,0,2449.804,2450.819,2431.119,7.723357142857172,1.0,4.0,0.0,1.0,19.0,2.0,1.0,3.0,4.0,1.0,1.0,0.0,1.0,0.0,1.0,1.0,0.0,0.4663620885549593
2024-08-01 00:00:00,0,2447.575,2449.407,2445.2,6.969000000000018,1.0,2.0,0.0,1.0,0.0,3.0,1.0,1.0,2.0,1.0,1.0,0.0,0.0,0.0,0.0,1.0,0.0,0.5172594801900212
2024-08-01 04:00:00,0,2444.239,2446.806,2442.418,7.698928571428594,1.0,2.0,4.0,1.0,4.0,3.0,1.0,1.0,2.0,1.0,0.0,0.0,0.0,0.0,0.0,0.0,0.0,0.7276301483311065
2024-08-02 10:00:00,1,2463.593,2465.371,2460.863,6.693857142857204,1.0,2.0,5.0,1.0,10.0,4.0,1.0,1.0,2.0,1.0,0.0,0.0,0.0,0.0,0.0,0.0,0.0,0.6206392594174187
2024-08-02 14:00:00,1,2431.556,2474.369,2428.187,11.930714285714332,1.0,4.0,0.0,1.0,14.0,4.0,1.0,3.0,4.0,1.0,1.0,0.0,0.0,1.0,1.0,1.0,0.0,0.6744169163476192
2024-08-09 06:00:00,1,2420.683,2421.782,2416.829,5.18999999999999,1.0,3.0,0.0,1.0,6.0,4.0,1.0,2.0,3.0,1.0,0.0,0.0,0.0,1.0,0.0,1.0,0.0,0.4077255639634108
2024-08-09 07:00:00,1,2423.128,2427.054,2420.326,5.164285714285695,1.0,3.0,4.0,1.0,7.0,4.0,1.0,2.0,3.0,1.0,0.0,0.0,0.0,1.0,0.0,1.0,0.0,0.5861954557399977
2024-08-09 08:00:00,1,2424.477,2426.752,2422.205,4.832999999999986,1.0,3.0,4.0,1.0,8.0,4.0,1.0,2.0,3.0,1.0,0.0,0.0,0.0,1.0,0.0,1.0,0.0,0.6165219567612968
2024-08-09 10:00:00,0,2430.438,2431.556,2422.993,5.120285714285728,1.0,3.0,0.0,1.0,10.0,4.0,1.0,2.0,3.0,1.0,1.0,0.0,0.0,1.0,0.0,1.0,0.0,0.5191480116163162
2024-08-09 12:00:00,1,2429.61,2429.834,2423.657,5.527285714285654,1.0,4.0,0.0,1.0,12.0,4.0,1.0,3.0,4.0,1.0,1.0,0.0,0.0,1.0,1.0,1.0,0.0,0.6649914093940802
2024-08-09 13:00:00,1,2426.738,2433.185,2420.955,6.141214285714243,1.0,4.0,0.0,1.0,13.0,4.0,1.0,3.0,4.0,1.0,0.0,0.0,0.0,1.0,1.0,1.0,0.0,0.6170005817989213
2024-08-09 14:00:00,1,2428.686,2436.002,2425.327,6.701714285714226,1.0,4.0,4.0,1.0,14.0,4.0,1.0,3.0,4.0,1.0,0.0,0.0,0.0,1.0,1.0,1.0,0.0,0.7498044775604046
2024-08-09 16:00:00,0,2434.423,2434.763,2427.48,6.646142857142747,1.0,3.0,0.0,1.0,16.0,4.0,1.0,2.0,3.0,1.0,1.0,0.0,0.0,1.0,0.0,1.0,0.0,0.6283722050448296
2024-08-09 20:00:00,1,2430.805,2431.172,2429.118,6.280357142857058,1.0,2.0,7.0,1.0,20.0,4.0,1.0,1.0,2.0,1.0,0.0,0.0,0.0,1.0,0.0,0.0,0.0,0.8717724577570519
2024-08-12 06:00:00,1,2436.762,2437.199,2433.572,4.421357142857167,1.0,3.0,0.0,1.0,6.0,0.0,1.0,2.0,3.0,1.0,1.0,0.0,0.0,1.0,0.0,1.0,0.0,0.4495757128360607
2024-08-12 07:00:00,1,2441.573,2442.891,2435.429,4.434142857142888,1.0,3.0,0.0,1.0,7.0,0.0,1.0,2.0,3.0,1.0,1.0,0.0,0.0,1.0,0.0,1.0,0.0,0.44699022120637844
2024-08-12 09:00:00,1,2442.631,2445.058,2440.525,4.323928571428594,1.0,3.0,0.0,1.0,9.0,0.0,1.0,2.0,3.0,1.0,1.0,0.0,0.0,1.0,0.0,1.0,0.0,0.49771105740119903
2024-08-12 10:00:00,0,2443.781,2444.694,2441.394,4.365428571428603,1.0,2.0,0.0,1.0,10.0,0.0,1.0,1.0,2.0,1.0,1.0,0.0,0.0,1.0,0.0,0.0,0.0,0.3939655817622394
2024-08-12 11:00:00,1,2441.498,2444.181,2439.647,4.539785714285764,1.0,4.0,0.0,1.0,11.0,0.0,1.0,3.0,4.0,1.0,1.0,0.0,0.0,1.0,1.0,1.0,0.0,0.36721324540276096
2024-08-12 13:00:00,1,2454.182,2457.465,2442.068,5.2652142857143,1.0,5.0,0.0,1.0,13.0,0.0,1.0,4.0,5.0,1.0,1.0,0.0,0.0,0.0,1.0,1.0,1.0,0.5976360196702475
2024-08-12 16:00:00,1,2463.161,2466.152,2458.93,6.2920714285714565,1.0,4.0,0.0,1.0,16.0,0.0,1.0,3.0,4.0,1.0,1.0,0.0,0.0,0.0,1.0,1.0,1.0,0.29581538665226903
2024-08-12 17:00:00,1,2467.11,2468.593,2461.763,6.51700000000002,1.0,4.0,0.0,1.0,17.0,0.0,1.0,3.0,4.0,1.0,1.0,0.0,0.0,0.0,1.0,1.0,1.0,0.3801901516206574
2024-08-12 18:00:00,1,2470.315,2470.955,2466.344,6.465785714285728,1.0,2.0,0.0,1.0,18.0,0.0,1.0,1.0,2.0,1.0,1.0,0.0,0.0,0.0,0.0,0.0,1.0,0.22726385046359243
2024-08-12 20:00:00,1,2472.391,2473.189,2470.411,6.161428571428554,1.0,2.0,0.0,1.0,20.0,0.0,1.0,1.0,2.0,1.0,1.0,0.0,0.0,0.0,0.0,0.0,1.0,0.2983981812278876
2024-08-12 22:00:00,1,2473.664,2474.143,2470.151,5.913571428571426,1.0,2.0,0.0,1.0,22.0,0.0,1.0,1.0,2.0,1.0,1.0,0.0,0.0,0.0,0.0,0.0,1.0,0.42200344099125364
2024-08-12 23:00:00,0,2475.536,2476.033,2472.737,5.84414285714284,1.0,2.0,0.0,1.0,23.0,0.0,1.0,1.0,2.0,1.0,1.0,0.0,0.0,0.0,0.0,0.0,1.0,0.3358122227750583
2024-08-13 08:00:00,1,2460.573,2464.371,2458.89,5.234285714285696,1.0,3.0,2.0,1.0,8.0,1.0,1.0,2.0,3.0,1.0,0.0,0.0,0.0,1.0,0.0,1.0,0.0,0.4293368127194291
2024-08-13 09:00:00,1,2460.701,2462.083,2458.834,5.137000000000008,1.0,2.0,5.0,1.0,9.0,1.0,1.0,1.0,2.0,1.0,0.0,0.0,0.0,1.0,0.0,0.0,0.0,0.5092712002572101
2024-08-13 12:00:00,1,2467.59,2472.507,2464.282,5.711785714285725,1.0,4.0,4.0,1.0,12.0,1.0,1.0,3.0,4.0,1.0,0.0,0.0,0.0,1.0,1.0,1.0,0.0,0.66835470200191
2024-08-13 17:00:00,1,2467.594,2470.304,2465.887,6.281071428571424,1.0,2.0,2.0,1.0,17.0,1.0,1.0,1.0,2.0,1.0,0.0,0.0,0.0,1.0,0.0,0.0,0.0,0.6057848698936394
2024-08-13 18:00:00,1,2467.795,2468.916,2466.337,6.116428571428579,1.0,2.0,5.0,1.0,18.0,1.0,1.0,1.0,2.0,1.0,0.0,0.0,0.0,1.0,0.0,0.0,0.0,0.6658373165830501
2024-08-14 01:00:00,0,2465.427,2472.49,2464.56,6.069857142857082,1.0,4.0,0.0,1.0,1.0,2.0,1.0,3.0,4.0,1.0,0.0,0.0,0.0,1.0,1.0,1.0,0.0,0.46986843887939067
2024-08-14 14:00:00,1,2450.267,2458.349,2446.862,8.138571428571368,1.0,5.0,0.0,1.0,14.0,2.0,1.0,4.0,5.0,1.0,1.0,0.0,1.0,1.0,1.0,1.0,0.0,0.8261165548584749
2024-08-14 15:00:00,1,2444.024,2452.207,2442.01,8.300499999999927,1.0,4.0,0.0,1.0,15.0,2.0,1.0,3.0,4.0,1.0,1.0,0.0,0.0,1.0,1.0,1.0,0.0,0.8162057689961525
2024-08-18 23:00:00,0,2506.414,2506.778,2503.411,8.537571428571352,1.0,2.0,0.0,1.0,23.0,6.0,1.0,1.0,2.0,1.0,1.0,0.0,0.0,1.0,0.0,0.0,0.0,0.7488014828884686
2024-08-19 00:00:00,1,2502.059,2506.771,2500.329,8.772071428571378,1.0,3.0,2.0,1.0,0.0,0.0,1.0,2.0,3.0,1.0,0.0,0.0,1.0,1.0,0.0,0.0,0.0,0.8257420392356595
2024-08-19 01:00:00,1,2498.174,2506.088,2494.933,9.185357142857097,1.0,5.0,0.0,1.0,1.0,0.0,1.0,4.0,5.0,1.0,0.0,0.0,1.0,1.0,1.0,1.0,0.0,0.8325296074649332
2024-08-19 02:00:00,1,2503.472,2503.976,2496.148,9.194142857142811,1.0,3.0,1.0,1.0,2.0,0.0,1.0,2.0,3.0,1.0,0.0,0.0,0.0,1.0,0.0,1.0,0.0,0.7822619862438039
2024-08-19 03:00:00,0,2503.22,2505.829,2500.477,8.064857142857136,1.0,3.0,5.0,1.0,3.0,0.0,1.0,2.0,3.0,1.0,0.0,0.0,0.0,1.0,0.0,1.0,0.0,0.776980646527129
2024-08-19 05:00:00,1,2501.088,2502.478,2499.088,6.266785714285724,1.0,4.0,5.0,1.0,5.0,0.0,1.0,3.0,4.0,1.0,0.0,0.0,1.0,1.0,0.0,1.0,0.0,0.4138992954183348
2024-08-19 08:00:00,0,2503.044,2507.181,2502.327,5.955428571428586,1.0,2.0,0.0,1.0,8.0,0.0,1.0,1.0,2.0,1.0,0.0,0.0,0.0,1.0,0.0,0.0,0.0,0.42301160449754316
2024-08-19 09:00:00,1,2499.947,2504.011,2499.725,5.750214285714297,1.0,3.0,8.0,1.0,9.0,0.0,1.0,2.0,3.0,1.0,0.0,0.0,1.0,1.0,0.0,0.0,0.0,0.47357736884242824
2024-08-19 17:00:00,1,2503.153,2505.867,2500.634,6.679571428571437,1.0,2.0,2.0,1.0,17.0,0.0,1.0,1.0,2.0,1.0,0.0,0.0,0.0,1.0,0.0,0.0,0.0,0.5225114325030298
2024-08-19 18:00:00,1,2504.23,2504.862,2502.372,6.4310714285714505,1.0,2.0,0.0,1.0,18.0,0.0,1.0,1.0,2.0,1.0,1.0,0.0,0.0,1.0,0.0,0.0,0.0,0.3752191838923116
2024-08-19 19:00:00,0,2505.436,2505.899,2503.035,6.393500000000033,1.0,2.0,0.0,1.0,19.0,0.0,1.0,1.0,2.0,1.0,1.0,0.0,0.0,1.0,0.0,0.0,0.0,0.40473100952195845
2024-08-19 22:00:00,1,2504.272,2504.578,2502.044,5.970571428571475,1.0,2.0,0.0,1.0,22.0,0.0,1.0,1.0,2.0,1.0,1.0,0.0,0.0,1.0,0.0,0.0,0.0,0.6052119104074655
2024-08-20 00:00:00,0,2504.976,2506.908,2503.317,5.710785714285748,1.0,3.0,0.0,1.0,0.0,1.0,1.0,2.0,3.0,1.0,1.0,0.0,0.0,1.0,0.0,1.0,0.0,0.6246777764665835
2024-08-20 05:00:00,1,2499.442,2503.709,2499.374,3.886214285714297,1.0,4.0,6.0,1.0,5.0,1.0,1.0,3.0,4.0,1.0,0.0,0.0,1.0,1.0,0.0,1.0,0.0,0.7407417126906459
2024-08-20 07:00:00,1,2514.878,2515.223,2501.112,4.679214285714287,1.0,4.0,0.0,1.0,7.0,1.0,1.0,3.0,4.0,1.0,1.0,0.0,0.0,1.0,1.0,1.0,0.0,0.3622651045004912
2024-08-20 08:00:00,1,2519.755,2523.123,2514.293,4.9361428571428405,1.0,4.0,0.0,1.0,8.0,1.0,1.0,3.0,4.0,1.0,1.0,0.0,0.0,1.0,1.0,1.0,0.0,0.4113090899624361
2024-08-20 11:00:00,1,2526.224,2527.171,2522.117,5.383571428571356,1.0,4.0,0.0,1.0,11.0,1.0,1.0,3.0,4.0,1.0,1.0,0.0,0.0,0.0,1.0,1.0,0.0,0.40165649701329764
2024-08-20 14:00:00,0,2523.87,2530.261,2520.396,6.896642857142784,1.0,4.0,2.0,1.0,14.0,1.0,1.0,3.0,4.0,1.0,0.0,0.0,0.0,1.0,1.0,1.0,0.0,0.8015048634675579
2024-08-20 16:00:00,1,2509.002,2510.592,2500.829,8.122714285714242,1.0,4.0,0.0,1.0,16.0,1.0,1.0,3.0,4.0,1.0,0.0,0.0,0.0,1.0,1.0,1.0,0.0,0.7064569893577005
2024-08-20 19:00:00,1,2514.951,2515.292,2510.844,8.564071428571392,1.0,2.0,3.0,1.0,19.0,1.0,1.0,1.0,2.0,1.0,0.0,0.0,0.0,1.0,0.0,0.0,0.0,0.6176553654650307
2024-08-20 20:00:00,1,2513.981,2516.937,2513.802,8.176357142857082,1.0,2.0,6.0,1.0,20.0,1.0,1.0,1.0,2.0,1.0,0.0,0.0,0.0,1.0,0.0,0.0,0.0,0.8146606951242169
2024-08-20 23:00:00,1,2512.964,2516.117,2512.724,6.953499999999979,1.0,3.0,2.0,1.0,23.0,1.0,1.0,2.0,3.0,1.0,0.0,0.0,0.0,1.0,0.0,0.0,1.0,0.8073429023179232
2024-08-21 00:00:00,1,2513.51,2515.954,2512.453,6.813714285714274,1.0,3.0,4.0,1.0,0.0,2.0,1.0,2.0,3.0,1.0,0.0,0.0,0.0,1.0,0.0,0.0,1.0,0.8191044363331172
2024-08-21 01:00:00,1,2516.915,2517.118,2510.771,7.023285714285684,1.0,5.0,0.0,1.0,1.0,2.0,1.0,4.0,5.0,1.0,0.0,0.0,0.0,1.0,1.0,1.0,1.0,0.8677522883964108
2024-08-21 02:00:00,0,2519.335,2519.942,2515.842,6.955142857142846,1.0,4.0,0.0,1.0,2.0,2.0,1.0,3.0,4.0,1.0,0.0,0.0,0.0,1.0,0.0,1.0,1.0,0.7678221772311039
2024-08-21 05:00:00,1,2515.191,2518.412,2514.89,5.85542857142858,1.0,4.0,6.0,1.0,5.0,2.0,1.0,3.0,4.0,1.0,0.0,0.0,0.0,1.0,0.0,1.0,1.0,0.7315481492696891
2024-08-21 06:00:00,0,2514.519,2519.627,2511.692,5.119428571428573,1.0,4.0,5.0,1.0,6.0,2.0,1.0,3.0,4.0,1.0,0.0,0.0,0.0,1.0,0.0,1.0,1.0,0.5270496928565342
2024-08-21 10:00:00,1,2509.302,2509.722,2504.418,4.947071428571462,1.0,2.0,1.0,1.0,10.0,2.0,1.0,1.0,2.0,1.0,0.0,0.0,0.0,1.0,0.0,0.0,0.0,0.584444825338426
2024-08-26 17:00:00,1,2518.04,2523.391,2516.454,5.6545000000000005,1.0,2.0,6.0,1.0,17.0,0.0,1.0,1.0,2.0,1.0,0.0,0.0,0.0,1.0,0.0,0.0,0.0,0.6046148782197143
2024-08-26 19:00:00,0,2518.169,2520.967,2516.795,5.911571428571441,1.0,2.0,1.0,1.0,19.0,0.0,1.0,1.0,2.0,1.0,0.0,0.0,0.0,1.0,0.0,0.0,0.0,0.443181323924748
2024-08-26 20:00:00,0,2518.229,2519.095,2517.424,5.630214285714276,1.0,2.0,5.0,1.0,20.0,0.0,1.0,1.0,2.0,1.0,0.0,0.0,0.0,1.0,0.0,0.0,0.0,0.43068276843844744
2024-08-26 22:00:00,0,2517.303,2518.051,2517.018,5.169357142857117,1.0,2.0,8.0,1.0,22.0,0.0,1.0,1.0,2.0,1.0,0.0,0.0,0.0,1.0,0.0,0.0,0.0,0.5880695196824764
2024-08-27 01:00:00,0,2509.763,2514.097,2508.229,5.208928571428585,1.0,5.0,0.0,1.0,1.0,1.0,1.0,4.0,5.0,1.0,1.0,0.0,0.0,1.0,1.0,1.0,1.0,0.5587121896277945
2024-08-27 02:00:00,0,2508.785,2510.351,2505.816,5.102714285714326,1.0,4.0,0.0,1.0,2.0,1.0,1.0,3.0,4.0,1.0,1.0,0.0,0.0,1.0,0.0,1.0,1.0,0.23104897123247445
2024-08-27 03:00:00,1,2508.973,2509.135,2505.816,5.02292857142863,1.0,4.0,0.0,1.0,3.0,1.0,1.0,3.0,4.0,1.0,1.0,0.0,0.0,1.0,0.0,1.0,1.0,0.2260275791603761
2024-08-27 05:00:00,1,2513.497,2513.817,2506.618,4.381071428571464,1.0,4.0,1.0,1.0,5.0,1.0,1.0,3.0,4.0,1.0,0.0,0.0,0.0,1.0,0.0,1.0,1.0,0.48192497962544323
2024-08-27 06:00:00,0,2514.85,2517.48,2512.778,4.283642857142922,1.0,5.0,4.0,1.0,6.0,1.0,1.0,4.0,5.0,1.0,0.0,0.0,0.0,1.0,1.0,1.0,1.0,0.8701938922434025
2024-08-27 10:00:00,1,2508.992,2510.525,2506.851,4.94485714285718,1.0,4.0,5.0,1.0,10.0,1.0,1.0,3.0,4.0,1.0,0.0,0.0,0.0,1.0,1.0,1.0,0.0,0.5086321962411334
2024-08-28 05:00:00,1,2505.705,2511.742,2505.415,4.950642857142839,1.0,4.0,0.0,1.0,5.0,2.0,1.0,3.0,4.0,1.0,1.0,0.0,0.0,1.0,1.0,1.0,0.0,0.45751855686983706
2024-08-28 09:00:00,0,2510.114,2511.432,2507.663,4.236571428571389,1.0,2.0,1.0,1.0,9.0,2.0,1.0,1.0,2.0,1.0,0.0,0.0,0.0,1.0,0.0,0.0,0.0,0.6233191703522832
2024-08-28 11:00:00,1,2501.485,2505.483,2500.69,4.794785714285679,1.0,4.0,0.0,1.0,11.0,2.0,1.0,3.0,4.0,1.0,1.0,0.0,1.0,1.0,1.0,1.0,0.0,0.49460886199220633
2024-09-02 11:00:00,1,2499.814,2500.219,2497.082,5.041357142857188,1.0,3.0,3.0,0.0,11.0,0.0,1.0,2.0,3.0,0.0,0.0,0.0,1.0,1.0,0.0,0.0,0.0,0.45757542859267825
2024-09-02 14:00:00,0,2501.951,2502.489,2497.672,5.399714285714318,1.0,5.0,1.0,0.0,14.0,0.0,1.0,4.0,5.0,0.0,0.0,0.0,1.0,1.0,1.0,1.0,0.0,0.8054466720938884
2024-09-02 17:00:00,0,2500.085,2501.351,2499.768,4.405857142857128,1.0,3.0,6.0,0.0,17.0,0.0,1.0,2.0,3.0,0.0,0.0,0.0,1.0,1.0,0.0,0.0,0.0,0.6542924188941579
2024-09-04 19:00:00,1,2493.424,2494.818,2491.432,7.252785714285859,1.0,2.0,2.0,0.0,19.0,2.0,1.0,1.0,2.0,0.0,0.0,0.0,0.0,1.0,0.0,0.0,0.0,0.5231526365263609
2024-09-04 20:00:00,0,2495.811,2496.951,2492.832,6.851357142857296,1.0,2.0,1.0,0.0,20.0,2.0,1.0,1.0,2.0,0.0,0.0,0.0,0.0,1.0,0.0,0.0,0.0,0.6329489505388415
2024-09-04 22:00:00,1,2495.352,2495.678,2494.374,6.5042857142858725,1.0,2.0,5.0,0.0,22.0,2.0,1.0,1.0,2.0,0.0,0.0,0.0,0.0,1.0,0.0,0.0,0.0,0.7734902472503508
2024-09-04 23:00:00,1,2495.829,2496.9,2495.046,5.865357142857322,1.0,3.0,4.0,0.0,23.0,2.0,1.0,2.0,3.0,0.0,0.0,0.0,0.0,1.0,0.0,0.0,1.0,0.7258125717742034
2024-09-05 01:00:00,1,2496.376,2499.335,2494.533,4.906571428571591,1.0,4.0,1.0,0.0,1.0,3.0,1.0,3.0,4.0,0.0,0.0,0.0,0.0,1.0,0.0,1.0,1.0,0.40563846459188874
2024-09-05 02:00:00,0,2498.094,2498.975,2496.191,4.783714285714463,1.0,5.0,0.0,0.0,2.0,3.0,1.0,4.0,5.0,0.0,1.0,0.0,1.0,1.0,0.0,1.0,1.0,0.6786285262644565
2024-09-05 03:00:00,0,2494.868,2498.677,2494.57,4.667214285714473,1.0,4.0,8.0,0.0,3.0,3.0,1.0,3.0,4.0,0.0,0.0,0.0,0.0,1.0,0.0,1.0,1.0,0.49903542404887374
2024-09-05 04:00:00,1,2494.212,2495.106,2493.759,4.1930714285716215,1.0,3.0,0.0,0.0,4.0,3.0,1.0,2.0,3.0,0.0,0.0,0.0,0.0,1.0,0.0,0.0,1.0,0.5044755326530317
2024-09-05 06:00:00,1,2504.468,2506.888,2500.747,3.752000000000148,1.0,5.0,0.0,0.0,6.0,3.0,1.0,4.0,5.0,0.0,1.0,0.0,0.0,1.0,1.0,1.0,1.0,0.8122143012135827
2024-09-05 07:00:00,1,2506.37,2507.623,2502.932,3.737142857142999,1.0,4.0,0.0,0.0,7.0,3.0,1.0,3.0,4.0,0.0,1.0,0.0,0.0,1.0,0.0,1.0,1.0,0.5030365320873698
2024-09-05 08:00:00,1,2514.682,2516.7,2505.907,4.23014285714297,1.0,4.0,0.0,0.0,8.0,3.0,1.0,3.0,4.0,0.0,1.0,0.0,0.0,1.0,1.0,1.0,0.0,0.5117751681176128
2024-09-05 13:00:00,0,2514.912,2519.426,2512.384,5.199357142857187,1.0,4.0,2.0,1.0,13.0,3.0,1.0,3.0,4.0,1.0,0.0,0.0,0.0,1.0,1.0,1.0,0.0,0.6014214104268122
2024-09-05 15:00:00,1,2507.154,2510.979,2503.797,6.146857142857178,1.0,4.0,0.0,1.0,15.0,3.0,1.0,3.0,4.0,1.0,0.0,0.0,0.0,1.0,1.0,1.0,0.0,0.6297250859213893
2024-09-05 16:00:00,1,2510.384,2511.61,2506.08,6.343000000000042,1.0,2.0,7.0,1.0,16.0,3.0,1.0,1.0,2.0,1.0,0.0,0.0,0.0,1.0,0.0,0.0,0.0,0.8710030143767684
2024-09-05 18:00:00,1,2515.663,2516.854,2514.756,6.54578571428572,1.0,2.0,4.0,1.0,18.0,3.0,1.0,1.0,2.0,1.0,0.0,0.0,0.0,1.0,0.0,0.0,0.0,0.6738901643448247
2024-09-05 23:00:00,0,2517.282,2518.011,2516.147,4.962214285714286,1.0,2.0,1.0,1.0,23.0,3.0,1.0,1.0,2.0,1.0,0.0,0.0,0.0,1.0,0.0,0.0,0.0,0.6087476157556935
2024-09-06 00:00:00,1,2515.95,2517.652,2515.52,4.926285714285704,1.0,2.0,8.0,1.0,0.0,4.0,1.0,1.0,2.0,1.0,0.0,0.0,0.0,1.0,0.0,0.0,0.0,0.5332493911413207
2024-09-06 03:00:00,1,2518.221,2518.474,2516.868,4.343928571428511,1.0,3.0,3.0,1.0,3.0,4.0,1.0,2.0,3.0,1.0,0.0,0.0,0.0,1.0,0.0,1.0,0.0,0.531747734705357
2024-09-06 04:00:00,1,2518.395,2519.561,2517.694,3.974285714285673,1.0,2.0,5.0,1.0,4.0,4.0,1.0,1.0,2.0,1.0,0.0,0.0,0.0,1.0,0.0,0.0,0.0,0.766610429271334
2024-09-06 13:00:00,0,2509.357,2523.046,2502.144,5.940428571428583,1.0,4.0,2.0,1.0,13.0,4.0,1.0,3.0,4.0,1.0,0.0,0.0,0.0,1.0,1.0,1.0,0.0,0.7445962692163989
2024-09-10 00:00:00,0,2505.393,2507.461,2504.79,5.031500000000018,1.0,3.0,0.0,0.0,0.0,1.0,1.0,2.0,3.0,0.0,1.0,0.0,0.0,1.0,0.0,0.0,1.0,0.21356993969317092
2024-09-10 03:00:00,1,2502.532,2504.41,2501.37,4.303857142857104,1.0,3.0,5.0,0.0,3.0,1.0,1.0,2.0,3.0,0.0,0.0,0.0,0.0,1.0,0.0,0.0,1.0,0.3540532418379453
2024-09-10 05:00:00,1,2503.884,2504.963,2500.736,3.746357142857148,1.0,3.0,1.0,0.0,5.0,1.0,1.0,2.0,3.0,0.0,0.0,0.0,0.0,1.0,0.0,1.0,1.0,0.4275989225873524
2024-09-10 06:00:00,1,2505.074,2506.57,2503.335,3.5397142857142887,1.0,4.0,0.0,0.0,6.0,1.0,1.0,3.0,4.0,0.0,1.0,0.0,0.0,1.0,1.0,1.0,1.0,0.32518882497388124
2024-09-10 07:00:00,0,2502.792,2507.773,2502.062,3.5082142857143026,1.0,4.0,8.0,0.0,7.0,1.0,1.0,3.0,4.0,0.0,0.0,0.0,0.0,1.0,1.0,1.0,1.0,0.4066462382398172
2024-09-10 08:00:00,1,2502.248,2503.113,2500.052,3.2162857142856995,1.0,5.0,0.0,0.0,8.0,1.0,1.0,4.0,5.0,0.0,0.0,0.0,1.0,1.0,1.0,1.0,0.0,0.8218188418254595
2024-09-10 11:00:00,1,2504.607,2507.149,2504.211,3.353071428571444,1.0,4.0,6.0,1.0,11.0,1.0,1.0,3.0,4.0,1.0,0.0,0.0,0.0,1.0,1.0,1.0,0.0,0.7442407921622438
2024-09-10 14:00:00,1,2508.999,2509.242,2500.854,4.858357142857163,1.0,4.0,3.0,1.0,14.0,1.0,1.0,3.0,4.0,1.0,0.0,0.0,0.0,1.0,1.0,1.0,0.0,0.439322401963574
2024-09-10 20:00:00,1,2516.448,2517.427,2515.75,5.488214285714321,1.0,2.0,0.0,1.0,20.0,1.0,1.0,1.0,2.0,1.0,1.0,0.0,0.0,1.0,0.0,0.0,0.0,0.45242284532668553
2024-09-10 22:00:00,1,2516.436,2517.135,2516.287,5.140857142857191,1.0,2.0,0.0,1.0,22.0,1.0,1.0,1.0,2.0,1.0,1.0,0.0,0.0,1.0,0.0,0.0,0.0,0.5746915162799793
2024-09-10 23:00:00,0,2518.678,2518.849,2516.338,5.101571428571496,1.0,2.0,0.0,1.0,23.0,1.0,1.0,1.0,2.0,1.0,1.0,0.0,0.0,1.0,0.0,0.0,0.0,0.4746462261645279
2024-09-11 00:00:00,1,2516.657,2519.161,2516.231,4.889214285714323,1.0,2.0,0.0,1.0,0.0,2.0,1.0,1.0,2.0,1.0,1.0,0.0,0.0,1.0,0.0,0.0,0.0,0.534401261943845
2024-09-11 01:00:00,1,2518.784,2522.609,2514.94,5.114428571428594,1.0,4.0,4.0,1.0,1.0,2.0,1.0,3.0,4.0,1.0,0.0,0.0,0.0,1.0,1.0,1.0,0.0,0.6439307686815299
2024-09-11 02:00:00,1,2518.794,2520.326,2517.556,5.102428571428585,1.0,3.0,5.0,1.0,2.0,2.0,1.0,2.0,3.0,1.0,0.0,0.0,0.0,1.0,0.0,1.0,0.0,0.5609695308740775
2024-09-11 05:00:00,0,2521.209,2522.486,2519.322,3.7386428571428496,1.0,3.0,0.0,1.0,5.0,2.0,1.0,2.0,3.0,1.0,1.0,0.0,0.0,1.0,0.0,1.0,0.0,0.5577266851830913
2024-09-11 14:00:00,1,2509.395,2510.45,2500.844,6.510857142857113,1.0,4.0,0.0,1.0,14.0,2.0,1.0,3.0,4.0,1.0,0.0,0.0,0.0,1.0,1.0,1.0,0.0,0.5537628582558619
2024-09-11 15:00:00,1,2514.743,2514.959,2508.634,6.41485714285711,1.0,4.0,7.0,1.0,15.0,2.0,1.0,3.0,4.0,1.0,0.0,0.0,0.0,1.0,1.0,1.0,0.0,0.9440827038036926
2024-09-11 17:00:00,0,2514.548,2516.882,2512.374,6.759785714285694,1.0,3.0,8.0,1.0,17.0,2.0,1.0,2.0,3.0,1.0,0.0,0.0,0.0,1.0,0.0,1.0,0.0,0.6057750209963014
2024-09-11 22:00:00,0,2512.883,2513.892,2512.31,6.286214285714258,1.0,2.0,4.0,1.0,22.0,2.0,1.0,1.0,2.0,1.0,0.0,0.0,0.0,1.0,0.0,0.0,0.0,0.7946286273097951
2024-09-12 00:00:00,1,2512.22,2512.476,2511.063,5.820571428571384,1.0,3.0,3.0,1.0,0.0,3.0,1.0,2.0,3.0,1.0,0.0,0.0,0.0,1.0,0.0,0.0,1.0,0.7836390044976947
2024-09-12 01:00:00,0,2513.235,2515.189,2511.691,5.81728571428565,1.0,4.0,4.0,1.0,1.0,3.0,1.0,3.0,4.0,1.0,0.0,0.0,0.0,1.0,0.0,1.0,1.0,0.6250504378724734
2024-09-12 02:00:00,1,2512.188,2514.086,2510.973,5.788571428571361,1.0,4.0,0.0,1.0,2.0,3.0,1.0,3.0,4.0,1.0,0.0,0.0,0.0,1.0,0.0,1.0,1.0,0.35426475123169404
2024-09-12 03:00:00,1,2515.844,2516.156,2512.105,4.527285714285654,1.0,3.0,7.0,1.0,3.0,3.0,1.0,2.0,3.0,1.0,0.0,0.0,0.0,1.0,0.0,1.0,0.0,0.8963329126001366
2024-09-12 08:00:00,1,2517.403,2519.297,2515.08,3.218071428571388,1.0,4.0,1.0,1.0,8.0,3.0,1.0,3.0,4.0,1.0,0.0,0.0,0.0,1.0,0.0,1.0,1.0,0.3455673909458461
2024-09-12 14:00:00,1,2553.338,2554.768,2541.849,7.569142857142879,1.0,3.0,0.0,1.0,14.0,3.0,1.0,2.0,3.0,1.0,1.0,0.0,0.0,1.0,1.0,1.0,0.0,0.7184674611013403
2024-09-12 23:00:00,1,2558.422,2558.652,2556.742,8.300785714285764,2.0,2.0,7.0,1.0,23.0,3.0,2.0,0.0,2.0,1.0,1.0,0.0,0.0,1.0,0.0,0.0,0.0,0.9358616170337734
2024-09-13 01:00:00,1,2563.186,2568.027,2559.882,8.540500000000034,1.0,3.0,4.0,1.0,1.0,4.0,1.0,2.0,3.0,1.0,0.0,0.0,0.0,1.0,1.0,1.0,0.0,0.9109854672476523
2024-09-13 02:00:00,1,2565.37,2565.624,2561.565,8.303499999999985,1.0,2.0,0.0,1.0,2.0,4.0,1.0,1.0,2.0,1.0,1.0,0.0,0.0,0.0,0.0,1.0,0.0,0.5680664301476972
2024-09-13 03:00:00,1,2567.853,2570.093,2564.63,7.515928571428536,1.0,2.0,0.0,1.0,3.0,4.0,1.0,1.0,2.0,1.0,1.0,0.0,0.0,1.0,0.0,1.0,0.0,0.32035023333779733
2024-09-13 07:00:00,1,2569.848,2571.135,2563.872,4.894285714285713,1.0,2.0,0.0,1.0,7.0,4.0,1.0,1.0,2.0,1.0,1.0,0.0,0.0,0.0,0.0,1.0,0.0,0.4315065685061663
2024-09-13 08:00:00,1,2569.979,2571.029,2565.625,4.941357142857116,1.0,2.0,0.0,1.0,8.0,4.0,1.0,1.0,2.0,1.0,1.0,0.0,0.0,0.0,0.0,1.0,0.0,0.45730888286639226
2024-09-13 09:00:00,0,2568.522,2573.019,2566.983,4.885642857142784,1.0,2.0,8.0,1.0,9.0,4.0,1.0,1.0,2.0,1.0,0.0,0.0,0.0,1.0,0.0,1.0,0.0,0.5097767278784099
2024-09-13 11:00:00,1,2567.288,2568.34,2563.654,4.925642857142813,1.0,2.0,5.0,1.0,11.0,4.0,1.0,1.0,2.0,1.0,0.0,0.0,0.0,1.0,0.0,1.0,0.0,0.5612682036388588
2024-09-13 12:00:00,1,2575.768,2575.953,2566.033,5.465714285714252,1.0,3.0,0.0,1.0,12.0,4.0,1.0,2.0,3.0,1.0,1.0,0.0,0.0,0.0,1.0,1.0,0.0,0.6069841185899799
2024-09-13 14:00:00,1,2578.296,2580.202,2573.131,6.121714285714298,1.0,3.0,5.0,1.0,14.0,4.0,1.0,2.0,3.0,1.0,0.0,0.0,0.0,0.0,1.0,1.0,0.0,0.6806018715044375
2024-09-13 15:00:00,1,2582.14,2582.45,2573.677,6.16657142857142,1.0,3.0,0.0,1.0,15.0,4.0,1.0,2.0,3.0,1.0,1.0,0.0,0.0,0.0,1.0,1.0,0.0,0.48521639018362006
2024-09-13 16:00:00,0,2584.25,2585.232,2580.094,6.243642857142861,1.0,3.0,0.0,1.0,16.0,4.0,1.0,2.0,3.0,1.0,1.0,0.0,0.0,0.0,1.0,1.0,0.0,0.47772827189153705
2024-09-15 22:00:00,1,2580.122,2580.454,2577.561,5.80542857142856,1.0,2.0,0.0,1.0,22.0,6.0,1.0,1.0,2.0,1.0,0.0,0.0,0.0,0.0,0.0,0.0,0.0,0.39395003396101697
2024-09-16 00:00:00,1,2581.361,2582.341,2578.887,5.3871428571428295,1.0,2.0,7.0,1.0,0.0,0.0,1.0,1.0,2.0,1.0,0.0,0.0,0.0,0.0,0.0,0.0,0.0,0.8562722660027503
2024-09-16 01:00:00,1,2581.686,2582.935,2579.827,5.334714285714232,1.0,4.0,5.0,1.0,1.0,0.0,1.0,3.0,4.0,1.0,0.0,0.0,0.0,0.0,0.0,1.0,1.0,0.3806998887736376
2024-09-16 02:00:00,1,2585.359,2585.998,2581.502,5.321142857142799,1.0,3.0,0.0,1.0,2.0,0.0,1.0,2.0,3.0,1.0,1.0,0.0,0.0,0.0,0.0,1.0,0.0,0.26273146396473446
2024-09-16 03:00:00,0,2586.294,2589.027,2583.795,4.986285714285649,1.0,4.0,0.0,1.0,3.0,0.0,1.0,3.0,4.0,1.0,1.0,0.0,0.0,0.0,0.0,1.0,1.0,0.21502866063687723
2024-09-16 04:00:00,1,2585.733,2586.778,2584.865,4.408499999999939,1.0,3.0,0.0,1.0,4.0,0.0,1.0,2.0,3.0,1.0,1.0,0.0,0.0,0.0,0.0,0.0,1.0,0.39758679894084814
2024-09-16 05:00:00,0,2588.741,2589.444,2585.404,4.19199999999991,1.0,4.0,0.0,1.0,5.0,0.0,1.0,3.0,4.0,1.0,1.0,0.0,0.0,0.0,0.0,1.0,1.0,0.3669103364790427
2024-09-18 14:00:00,1,2571.551,2574.775,2567.965,5.299714285714247,1.0,4.0,5.0,1.0,14.0,2.0,1.0,3.0,4.0,1.0,0.0,0.0,0.0,1.0,1.0,1.0,0.0,0.4455413702990437
2024-09-18 15:00:00,0,2569.701,2574.47,2567.98,5.418214285714222,1.0,4.0,6.0,1.0,15.0,2.0,1.0,3.0,4.0,1.0,0.0,0.0,0.0,1.0,1.0,1.0,0.0,0.6283225921662899
2024-09-20 17:00:00,1,2619.586,2625.402,2619.212,7.808357142857176,1.0,2.0,2.0,1.0,17.0,4.0,1.0,1.0,2.0,1.0,0.0,0.0,0.0,1.0,0.0,0.0,0.0,0.7895603861759181
2024-09-20 19:00:00,1,2621.087,2623.369,2620.652,7.881928571428618,1.0,2.0,6.0,1.0,19.0,4.0,1.0,1.0,2.0,1.0,0.0,0.0,0.0,1.0,0.0,0.0,0.0,0.803235553929593
2024-09-22 22:00:00,1,2620.476,2622.12,2619.741,7.007500000000034,1.0,2.0,8.0,1.0,22.0,6.0,1.0,1.0,2.0,1.0,0.0,0.0,0.0,1.0,0.0,0.0,0.0,0.8160922827230394
2024-09-23 01:00:00,1,2620.118,2621.505,2616.029,6.014071428571469,1.0,4.0,0.0,1.0,1.0,0.0,1.0,3.0,4.0,1.0,0.0,0.0,0.0,1.0,0.0,1.0,1.0,0.28917632794760456
2024-09-23 02:00:00,1,2625.404,2626.803,2618.845,6.205285714285765,1.0,4.0,0.0,1.0,2.0,0.0,1.0,3.0,4.0,1.0,1.0,0.0,0.0,1.0,0.0,1.0,1.0,0.23242783217591176
2024-09-23 03:00:00,1,2628.553,2631.128,2624.857,6.227357142857207,1.0,4.0,0.0,1.0,3.0,0.0,1.0,3.0,4.0,1.0,1.0,0.0,0.0,1.0,0.0,1.0,1.0,0.23242783217591176
2024-09-23 06:00:00,0,2624.442,2630.162,2624.442,4.447000000000019,1.0,4.0,8.0,1.0,6.0,0.0,1.0,3.0,4.0,1.0,0.0,0.0,0.0,1.0,0.0,1.0,1.0,0.4693771861100263
2024-09-23 17:00:00,0,2627.965,2629.11,2626.396,5.818285714285691,1.0,2.0,5.0,1.0,17.0,0.0,1.0,1.0,2.0,1.0,0.0,0.0,0.0,1.0,0.0,0.0,0.0,0.3752602068371421
2024-09-23 20:00:00,0,2628.302,2628.501,2626.197,5.402214285714275,1.0,2.0,7.0,1.0,20.0,0.0,1.0,1.0,2.0,1.0,0.0,0.0,0.0,1.0,0.0,0.0,0.0,0.6982323440939583
2024-09-23 22:00:00,0,2627.498,2628.32,2626.932,4.697214285714316,1.0,3.0,4.0,1.0,22.0,0.0,1.0,2.0,3.0,1.0,0.0,0.0,0.0,1.0,0.0,0.0,1.0,0.4508912839231094
2024-09-23 23:00:00,0,2626.3,2627.507,2625.814,4.4547857142857605,1.0,2.0,2.0,1.0,23.0,0.0,1.0,1.0,2.0,1.0,0.0,0.0,0.0,1.0,0.0,0.0,0.0,0.7287912055162149
2024-09-24 00:00:00,1,2625.1,2626.614,2623.745,4.179214285714352,1.0,4.0,0.0,1.0,0.0,1.0,1.0,3.0,4.0,1.0,0.0,0.0,0.0,1.0,0.0,1.0,1.0,0.4860492109995422
2024-09-24 04:00:00,0,2638.057,2638.294,2632.021,3.946928571428608,1.0,4.0,0.0,1.0,4.0,1.0,1.0,3.0,4.0,1.0,1.0,0.0,0.0,1.0,0.0,1.0,1.0,0.4384832626259503
2024-09-24 22:00:00,0,2659.109,2659.894,2657.59,7.243857142857029,1.0,2.0,5.0,1.0,22.0,1.0,1.0,1.0,2.0,1.0,0.0,0.0,0.0,0.0,0.0,0.0,0.0,0.8220074311683191
2024-09-24 23:00:00,1,2658.204,2659.283,2656.633,7.172285714285603,1.0,2.0,2.0,1.0,23.0,1.0,1.0,1.0,2.0,1.0,0.0,0.0,0.0,1.0,0.0,0.0,0.0,0.8353380258785591
2024-09-25 01:00:00,0,2660.029,2662.94,2655.427,7.343714285714181,1.0,4.0,5.0,1.0,1.0,2.0,1.0,3.0,4.0,1.0,0.0,0.0,0.0,1.0,1.0,1.0,0.0,0.6713867354588006
2024-09-25 09:00:00,1,2656.878,2657.703,2652.698,6.126000000000009,1.0,3.0,3.0,1.0,9.0,2.0,1.0,2.0,3.0,1.0,0.0,0.0,0.0,1.0,0.0,0.0,1.0,0.6824141372285354
2024-09-25 10:00:00,1,2655.526,2658.2,2654.36,5.827642857142856,1.0,3.0,2.0,1.0,10.0,2.0,1.0,2.0,3.0,1.0,0.0,0.0,0.0,1.0,0.0,0.0,1.0,0.7169784167283035
2024-09-25 11:00:00,1,2657.431,2658.021,2653.842,5.602571428571439,1.0,3.0,7.0,1.0,11.0,2.0,1.0,2.0,3.0,1.0,0.0,0.0,0.0,1.0,0.0,0.0,1.0,0.9186543727718212
2024-09-27 14:00:00,1,2649.488,2666.895,2649.399,6.978857142857156,1.0,4.0,0.0,1.0,14.0,4.0,1.0,3.0,4.0,1.0,1.0,0.0,1.0,1.0,1.0,1.0,0.0,0.7713368665009472
2024-09-27 15:00:00,1,2649.799,2654.686,2644.705,7.221285714285743,1.0,4.0,5.0,1.0,15.0,4.0,1.0,3.0,4.0,1.0,0.0,0.0,1.0,1.0,1.0,1.0,0.0,0.7528042824082728
2024-10-01 17:00:00,0,2662.414,2671.812,2661.164,7.854357142857127,1.0,3.0,2.0,1.0,17.0,1.0,1.0,2.0,3.0,1.0,0.0,0.0,0.0,1.0,1.0,1.0,0.0,0.8223759782548109
2024-10-01 23:00:00,0,2660.361,2662.281,2660.136,8.071285714285588,1.0,2.0,2.0,1.0,23.0,1.0,1.0,1.0,2.0,1.0,0.0,0.0,0.0,1.0,0.0,0.0,1.0,0.8440958762730212
2024-10-02 05:00:00,1,2647.978,2656.197,2644.495,6.62471428571426,1.0,4.0,0.0,1.0,5.0,2.0,1.0,3.0,4.0,1.0,0.0,0.0,0.0,1.0,0.0,1.0,1.0,0.5913514565308844
2024-10-02 09:00:00,1,2652.876,2655.604,2651.509,5.168499999999962,1.0,3.0,5.0,1.0,9.0,2.0,1.0,2.0,3.0,1.0,0.0,0.0,0.0,1.0,0.0,1.0,0.0,0.5815947362679823
2024-10-02 10:00:00,1,2649.146,2654.341,2648.739,5.125999999999976,1.0,3.0,2.0,1.0,10.0,2.0,1.0,2.0,3.0,1.0,0.0,0.0,1.0,1.0,0.0,0.0,0.0,0.6040792010765158
2024-10-02 11:00:00,1,2649.577,2652.652,2647.941,5.021642857142849,1.0,4.0,5.0,1.0,11.0,2.0,1.0,3.0,4.0,1.0,0.0,0.0,1.0,1.0,0.0,1.0,0.0,0.5940063806059107
2024-10-02 12:00:00,1,2649.597,2652.979,2643.693,5.513285714285693,1.0,5.0,5.0,1.0,12.0,2.0,1.0,4.0,5.0,1.0,0.0,0.0,1.0,1.0,1.0,1.0,0.0,0.9229383673026954
2024-10-02 13:00:00,0,2659.402,2660.821,2649.165,6.192642857142833,1.0,4.0,1.0,1.0,13.0,2.0,1.0,3.0,4.0,1.0,0.0,0.0,0.0,1.0,1.0,1.0,0.0,0.6870360449778352
2024-10-04 08:00:00,1,2659.021,2661.595,2658.772,3.691928571428466,1.0,3.0,8.0,1.0,8.0,4.0,1.0,2.0,3.0,1.0,0.0,0.0,0.0,1.0,0.0,1.0,0.0,0.6079324185313028
2024-10-04 10:00:00,0,2658.343,2660.741,2657.131,3.697142857142776,1.0,3.0,4.0,1.0,10.0,4.0,1.0,2.0,3.0,1.0,0.0,0.0,0.0,1.0,0.0,1.0,0.0,0.6253686588257283
2024-10-04 19:00:00,0,2651.624,2652.076,2642.763,10.449214285714268,1.0,2.0,7.0,1.0,19.0,4.0,1.0,1.0,2.0,1.0,0.0,0.0,0.0,1.0,0.0,0.0,0.0,0.9156622048101145
2024-10-06 22:00:00,1,2650.826,2652.212,2649.91,10.122571428571389,1.0,3.0,8.0,1.0,22.0,6.0,1.0,2.0,3.0,1.0,0.0,0.0,1.0,1.0,0.0,0.0,0.0,0.8380189904056115
2024-10-06 23:00:00,0,2650.128,2652.397,2649.675,10.115357142857096,1.0,3.0,6.0,0.0,23.0,6.0,1.0,2.0,3.0,0.0,0.0,0.0,1.0,1.0,0.0,0.0,0.0,0.880947656187212
2024-10-07 02:00:00,1,2645.3,2648.621,2645.204,10.306142857142763,1.0,3.0,6.0,0.0,2.0,0.0,1.0,2.0,3.0,0.0,0.0,0.0,0.0,1.0,0.0,1.0,0.0,0.7625621860765052
2024-10-07 03:00:00,1,2647.421,2647.499,2643.891,8.454571428571333,1.0,3.0,1.0,0.0,3.0,0.0,1.0,2.0,3.0,0.0,0.0,0.0,0.0,1.0,0.0,1.0,0.0,0.6947201470730832
2024-10-07 04:00:00,0,2646.815,2648.661,2646.342,7.350142857142763,1.0,2.0,6.0,0.0,4.0,0.0,1.0,1.0,2.0,0.0,0.0,0.0,0.0,1.0,0.0,0.0,0.0,0.5033483683020489
2024-10-07 06:00:00,1,2643.222,2643.891,2639.587,5.496857142857087,1.0,3.0,0.0,0.0,6.0,0.0,1.0,2.0,3.0,0.0,0.0,0.0,0.0,1.0,0.0,1.0,0.0,0.4528396511380744
2024-10-07 10:00:00,0,2655.441,2658.508,2655.185,4.873428571428446,1.0,3.0,6.0,0.0,10.0,0.0,1.0,2.0,3.0,0.0,0.0,0.0,0.0,1.0,0.0,1.0,0.0,0.5987160126998105
2024-10-08 14:00:00,0,2620.941,2640.364,2619.491,9.838214285714328,1.0,4.0,0.0,0.0,14.0,1.0,1.0,3.0,4.0,0.0,1.0,0.0,0.0,1.0,1.0,1.0,0.0,0.622032610695023
2024-10-11 08:00:00,1,2639.239,2646.226,2639.003,5.269857142857161,1.0,3.0,8.0,1.0,8.0,4.0,1.0,2.0,3.0,1.0,0.0,0.0,0.0,1.0,0.0,0.0,1.0,0.48633901016788145
2024-10-11 09:00:00,1,2637.9,2641.642,2636.144,5.248714285714316,1.0,3.0,0.0,1.0,9.0,4.0,1.0,2.0,3.0,1.0,0.0,0.0,0.0,1.0,0.0,1.0,0.0,0.4568867202393949
2024-10-11 10:00:00,1,2641.641,2642.289,2636.976,5.237928571428613,1.0,2.0,1.0,1.0,10.0,4.0,1.0,1.0,2.0,1.0,0.0,0.0,0.0,1.0,0.0,0.0,0.0,0.5086429755697294
2024-10-11 11:00:00,1,2644.635,2644.782,2638.658,5.483857142857199,1.0,3.0,0.0,1.0,11.0,4.0,1.0,2.0,3.0,1.0,1.0,0.0,0.0,1.0,0.0,1.0,0.0,0.6830899404814553
2024-10-11 14:00:00,1,2653.034,2655.354,2646.466,6.723499999999993,1.0,4.0,0.0,1.0,14.0,4.0,1.0,3.0,4.0,1.0,1.0,0.0,0.0,1.0,1.0,1.0,0.0,0.6401780704872289
2024-10-11 15:00:00,1,2658.776,2659.318,2653.027,6.811285714285726,1.0,4.0,0.0,1.0,15.0,4.0,1.0,3.0,4.0,1.0,1.0,0.0,0.0,1.0,1.0,1.0,0.0,0.6961004879186917
2024-10-11 17:00:00,0,2659.474,2661.196,2656.304,6.403571428571435,1.0,2.0,0.0,1.0,17.0,4.0,1.0,1.0,2.0,1.0,1.0,0.0,0.0,1.0,0.0,0.0,0.0,0.5192330144248462
2024-10-11 18:00:00,0,2658.597,2659.522,2656.123,6.4873571428571335,1.0,2.0,0.0,1.0,18.0,4.0,1.0,1.0,2.0,1.0,1.0,0.0,0.0,1.0,0.0,0.0,0.0,0.4719993851067588
2024-10-11 20:00:00,0,2656.864,2657.207,2654.71,6.067571428571455,1.0,2.0,3.0,1.0,20.0,4.0,1.0,1.0,2.0,1.0,0.0,0.0,0.0,1.0,0.0,0.0,0.0,0.4503586745701648
2024-10-13 22:00:00,0,2650.375,2652.472,2646.866,6.262500000000013,1.0,3.0,5.0,1.0,22.0,6.0,1.0,2.0,3.0,1.0,0.0,0.0,1.0,1.0,0.0,0.0,0.0,0.6813811255674276
2024-10-13 23:00:00,0,2648.091,2650.705,2647.627,5.966428571428586,1.0,2.0,2.0,1.0,23.0,6.0,1.0,1.0,2.0,1.0,0.0,0.0,0.0,1.0,0.0,0.0,0.0,0.6644911098290611
2024-10-14 01:00:00,1,2646.064,2648.438,2643.556,5.774357142857135,1.0,4.0,5.0,1.0,1.0,0.0,1.0,3.0,4.0,1.0,0.0,0.0,0.0,1.0,1.0,1.0,0.0,0.4874472357532236
2024-10-14 03:00:00,1,2655.553,2657.455,2653.755,5.8027142857142735,1.0,3.0,5.0,1.0,3.0,0.0,1.0,2.0,3.0,1.0,0.0,0.0,0.0,1.0,0.0,1.0,0.0,0.3660754619300343
2024-10-14 04:00:00,1,2659.153,2660.37,2655.194,5.403142857142841,1.0,2.0,0.0,1.0,4.0,0.0,1.0,1.0,2.0,1.0,1.0,0.0,0.0,1.0,0.0,0.0,0.0,0.44947542842090066
2024-10-14 13:00:00,1,2655.583,2661.162,2647.64,6.3172142857143045,1.0,5.0,1.0,1.0,13.0,0.0,1.0,4.0,5.0,1.0,0.0,0.0,0.0,1.0,1.0,1.0,1.0,0.825621387750726
2024-10-14 14:00:00,1,2645.69,2657.038,2644.718,6.96578571428576,1.0,5.0,0.0,1.0,14.0,0.0,1.0,4.0,5.0,1.0,1.0,0.0,0.0,1.0,1.0,1.0,1.0,0.7158954137793391
2024-10-14 17:00:00,1,2648.604,2649.886,2647.253,6.307071428571492,1.0,4.0,5.0,1.0,17.0,0.0,1.0,3.0,4.0,1.0,0.0,0.0,1.0,1.0,0.0,0.0,1.0,0.37241166553536065
2024-10-14 18:00:00,1,2649.207,2650.94,2648.389,6.119571428571492,1.0,3.0,4.0,1.0,18.0,0.0,1.0,2.0,3.0,1.0,0.0,0.0,1.0,1.0,0.0,0.0,0.0,0.5980306713315373
2024-10-15 01:00:00,0,2648.429,2651.249,2647.272,5.409714285714277,1.0,5.0,5.0,1.0,1.0,1.0,1.0,4.0,5.0,1.0,0.0,0.0,0.0,1.0,1.0,1.0,1.0,0.797980224346138
2024-10-15 04:00:00,1,2644.372,2645.743,2642.848,4.695285714285709,1.0,4.0,0.0,1.0,4.0,1.0,1.0,3.0,4.0,1.0,1.0,0.0,0.0,1.0,0.0,1.0,1.0,0.24100228141769994
2024-10-15 18:00:00,0,2665.152,2665.85,2663.853,7.214214285714271,1.0,2.0,0.0,1.0,18.0,1.0,1.0,1.0,2.0,1.0,1.0,0.0,0.0,1.0,0.0,0.0,0.0,0.4994577167468584
2024-10-15 22:00:00,0,2662.103,2662.873,2661.557,6.793285714285763,1.0,3.0,5.0,1.0,22.0,1.0,1.0,2.0,3.0,1.0,0.0,0.0,0.0,1.0,0.0,0.0,1.0,0.6637967650381251
2024-10-15 23:00:00,0,2660.5,2662.613,2660.413,6.519285714285745,1.0,3.0,2.0,1.0,23.0,1.0,1.0,2.0,3.0,1.0,0.0,0.0,0.0,1.0,0.0,0.0,1.0,0.785841561786783
2024-10-16 00:00:00,1,2660.161,2660.522,2658.722,6.21514285714287,1.0,4.0,0.0,1.0,0.0,2.0,1.0,3.0,4.0,1.0,0.0,0.0,0.0,1.0,0.0,1.0,1.0,0.5792147873156197
2024-10-16 04:00:00,1,2666.686,2668.285,2665.592,5.588142857142851,1.0,4.0,0.0,1.0,4.0,2.0,1.0,3.0,4.0,1.0,1.0,0.0,0.0,1.0,0.0,1.0,1.0,0.5502639806151401
2024-10-16 06:00:00,0,2677.168,2677.704,2667.071,4.9776428571428495,1.0,4.0,0.0,1.0,6.0,2.0,1.0,3.0,4.0,1.0,1.0,0.0,0.0,1.0,1.0,1.0,0.0,0.46872055340795593
2024-10-16 07:00:00,1,2676.115,2677.49,2673.25,4.715857142857138,1.0,3.0,0.0,1.0,7.0,2.0,1.0,2.0,3.0,1.0,1.0,0.0,0.0,1.0,0.0,1.0,0.0,0.3901768787536335
2024-10-16 09:00:00,0,2680.221,2682.744,2678.048,4.585642857142863,1.0,3.0,0.0,1.0,9.0,2.0,1.0,2.0,3.0,1.0,1.0,0.0,0.0,1.0,0.0,1.0,0.0,0.41213531363628936
2024-10-16 10:00:00,1,2674.263,2681.006,2673.135,4.645428571428544,1.0,4.0,2.0,1.0,10.0,2.0,1.0,3.0,4.0,1.0,0.0,0.0,0.0,1.0,1.0,1.0,0.0,0.5084111436902813
2024-10-16 12:00:00,0,2681.711,2681.969,2676.479,5.282499999999962,1.0,4.0,0.0,1.0,12.0,2.0,1.0,3.0,4.0,1.0,1.0,0.0,0.0,1.0,1.0,1.0,0.0,0.4823223802680467
2024-10-16 14:00:00,1,2672.13,2681.5,2670.03,6.745999999999965,1.0,4.0,6.0,1.0,14.0,2.0,1.0,3.0,4.0,1.0,0.0,0.0,0.0,1.0,1.0,1.0,0.0,0.6857025063477376
2024-10-16 23:00:00,1,2674.087,2674.739,2673.456,5.609071428571399,1.0,2.0,4.0,1.0,23.0,2.0,1.0,1.0,2.0,1.0,0.0,0.0,0.0,1.0,0.0,0.0,0.0,0.7005910850467352
2024-10-17 01:00:00,1,2682.999,2683.022,2676.482,5.455999999999968,1.0,5.0,0.0,1.0,1.0,3.0,1.0,4.0,5.0,1.0,1.0,0.0,0.0,1.0,1.0,1.0,1.0,0.8687087149551239
2024-10-17 02:00:00,1,2681.941,2684.943,2678.879,5.339357142857125,1.0,5.0,0.0,1.0,2.0,3.0,1.0,4.0,5.0,1.0,1.0,0.0,0.0,1.0,1.0,1.0,1.0,0.6918409811513532
2024-10-17 05:00:00,0,2683.507,2684.294,2678.048,4.4375,1.0,5.0,0.0,1.0,5.0,3.0,1.0,4.0,5.0,1.0,1.0,0.0,0.0,1.0,1.0,1.0,1.0,0.8446994262503297
2024-10-17 07:00:00,0,2681.953,2683.761,2678.854,4.074714285714273,1.0,5.0,0.0,1.0,7.0,3.0,1.0,4.0,5.0,1.0,1.0,0.0,0.0,1.0,1.0,1.0,1.0,0.8806146083290507
2024-10-17 12:00:00,1,2680.646,2682.259,2673.132,5.820500000000005,1.0,3.0,0.0,1.0,12.0,3.0,1.0,2.0,3.0,1.0,0.0,0.0,0.0,1.0,1.0,1.0,0.0,0.5671924464161273
2024-10-17 14:00:00,0,2695.643,2696.541,2684.686,7.181000000000007,1.0,3.0,0.0,1.0,14.0,3.0,1.0,2.0,3.0,1.0,1.0,0.0,0.0,1.0,1.0,1.0,0.0,0.7853716537065533
2024-10-17 17:00:00,1,2691.99,2694.202,2690.383,7.341285714285765,1.0,3.0,5.0,1.0,17.0,3.0,1.0,2.0,3.0,1.0,0.0,0.0,0.0,1.0,0.0,1.0,0.0,0.42569336396444624
2024-10-17 22:00:00,1,2692.617,2693.375,2692.341,6.593928571428608,1.0,2.0,4.0,1.0,22.0,3.0,1.0,1.0,2.0,1.0,0.0,0.0,0.0,1.0,0.0,0.0,0.0,0.8323295376595107
2024-10-17 23:00:00,1,2693.706,2694.383,2692.303,6.465571428571463,1.0,2.0,0.0,1.0,23.0,3.0,1.0,1.0,2.0,1.0,1.0,0.0,0.0,1.0,0.0,0.0,0.0,0.6108510867695406
2024-10-18 02:00:00,1,2708.157,2711.964,2703.977,6.635071428571466,1.0,5.0,0.0,1.0,2.0,4.0,1.0,4.0,5.0,1.0,1.0,0.0,0.0,1.0,1.0,1.0,1.0,0.8281584175416644
2024-10-18 03:00:00,1,2709.959,2710.854,2706.92,6.26414285714288,1.0,4.0,0.0,1.0,3.0,4.0,1.0,3.0,4.0,1.0,1.0,0.0,0.0,1.0,0.0,1.0,1.0,0.33032247127612496
2024-10-18 06:00:00,0,2707.348,2711.598,2702.643,4.990428571428571,1.0,5.0,8.0,1.0,6.0,4.0,1.0,4.0,5.0,1.0,0.0,0.0,0.0,1.0,1.0,1.0,1.0,0.8513495386902685
2024-10-18 08:00:00,1,2706.255,2706.264,2701.682,4.867785714285707,1.0,3.0,0.0,1.0,8.0,4.0,1.0,2.0,3.0,1.0,0.0,0.0,0.0,1.0,0.0,0.0,1.0,0.45055835535840116
2024-10-18 09:00:00,1,2711.383,2713.162,2706.135,5.151714285714239,1.0,3.0,0.0,1.0,9.0,4.0,1.0,2.0,3.0,1.0,1.0,0.0,0.0,1.0,0.0,1.0,0.0,0.5131127810039167
2024-10-18 11:00:00,1,2709.779,2713.13,2707.963,5.484571428571404,1.0,4.0,8.0,1.0,11.0,4.0,1.0,3.0,4.0,1.0,0.0,0.0,0.0,1.0,1.0,1.0,0.0,0.6187242188514387
2024-10-18 14:00:00,1,2717.464,2720.155,2712.091,6.962999999999998,1.0,4.0,0.0,1.0,14.0,4.0,1.0,3.0,4.0,1.0,1.0,0.0,0.0,1.0,1.0,1.0,0.0,0.7969348436098189
2024-10-18 16:00:00,1,2717.549,2718.999,2714.686,6.100999999999983,1.0,2.0,0.0,1.0,16.0,4.0,1.0,1.0,2.0,1.0,1.0,0.0,0.0,1.0,0.0,0.0,0.0,0.5250591358012193
2024-10-18 19:00:00,1,2719.624,2720.504,2718.028,6.389857142857181,1.0,2.0,0.0,1.0,19.0,4.0,1.0,1.0,2.0,1.0,1.0,0.0,0.0,1.0,0.0,0.0,0.0,0.4829046361236818
2024-10-21 02:00:00,1,2730.741,2731.482,2724.75,5.771999999999999,1.0,4.0,0.0,1.0,2.0,0.0,1.0,3.0,4.0,1.0,1.0,0.0,0.0,1.0,1.0,1.0,0.0,0.34155097429999115
2024-10-21 03:00:00,0,2731.512,2732.826,2729.348,5.4536428571428655,1.0,2.0,0.0,1.0,3.0,0.0,1.0,1.0,2.0,1.0,1.0,0.0,0.0,1.0,0.0,1.0,0.0,0.39053455496880635
2024-10-21 04:00:00,0,2730.381,2731.989,2729.564,4.850285714285714,2.0,2.0,2.0,1.0,4.0,0.0,2.0,0.0,2.0,1.0,1.0,0.0,0.0,1.0,0.0,0.0,0.0,0.3312032822588896
2024-10-21 06:00:00,1,2730.24,2730.597,2723.554,4.804214285714254,1.0,3.0,0.0,1.0,6.0,0.0,1.0,2.0,3.0,1.0,1.0,0.0,0.0,1.0,0.0,1.0,1.0,0.24768014802751892
2024-10-21 09:00:00,0,2734.519,2736.899,2730.725,4.843142857142831,1.0,3.0,0.0,1.0,9.0,0.0,1.0,2.0,3.0,1.0,1.0,0.0,0.0,1.0,0.0,1.0,1.0,0.24639728520468118
2024-10-21 10:00:00,1,2733.362,2734.965,2727.748,5.181785714285687,1.0,4.0,0.0,1.0,10.0,0.0,1.0,3.0,4.0,1.0,1.0,0.0,0.0,1.0,1.0,1.0,1.0,0.3066786292647517
2024-10-21 12:00:00,0,2738.688,2739.858,2732.731,5.551428571428589,1.0,4.0,0.0,1.0,12.0,0.0,1.0,3.0,4.0,1.0,1.0,0.0,0.0,1.0,1.0,1.0,1.0,0.40378719107599237
2024-10-21 14:00:00,0,2725.227,2739.545,2722.236,6.765785714285779,1.0,3.0,2.0,1.0,14.0,0.0,1.0,2.0,3.0,1.0,0.0,0.0,0.0,1.0,1.0,1.0,0.0,0.6468517884356035
2024-10-21 19:00:00,1,2719.854,2721.025,2714.204,7.345642857142918,1.0,2.0,0.0,1.0,19.0,0.0,1.0,1.0,2.0,1.0,0.0,0.0,0.0,1.0,0.0,0.0,0.0,0.23618991989281915
2024-10-21 20:00:00,1,2719.873,2720.988,2718.823,6.997214285714335,1.0,2.0,5.0,1.0,20.0,0.0,1.0,1.0,2.0,1.0,0.0,0.0,0.0,1.0,0.0,0.0,0.0,0.6147488378820783
2024-10-22 02:00:00,1,2728.789,2730.678,2727.664,6.264285714285767,1.0,3.0,4.0,1.0,2.0,1.0,1.0,2.0,3.0,1.0,0.0,0.0,0.0,1.0,0.0,1.0,0.0,0.42003864492840587
2024-10-22 05:00:00,1,2730.435,2735.122,2729.015,5.140714285714337,1.0,4.0,2.0,1.0,5.0,1.0,1.0,3.0,4.0,1.0,0.0,0.0,0.0,1.0,0.0,1.0,1.0,0.3674294014550985
2024-10-22 06:00:00,1,2735.072,2737.141,2729.575,4.946642857142933,1.0,4.0,1.0,1.0,6.0,1.0,1.0,3.0,4.0,1.0,0.0,0.0,0.0,1.0,0.0,1.0,1.0,0.3493426845180869
2024-10-22 11:00:00,1,2731.976,2739.283,2729.436,5.585714285714338,1.0,4.0,0.0,1.0,11.0,1.0,1.0,3.0,4.0,1.0,0.0,0.0,0.0,1.0,1.0,1.0,1.0,0.38768666037394434
2024-10-22 12:00:00,1,2736.164,2738.036,2731.501,5.832500000000047,1.0,4.0,0.0,1.0,12.0,1.0,1.0,3.0,4.0,1.0,1.0,0.0,0.0,1.0,1.0,1.0,1.0,0.4356818436032552
2024-10-22 18:00:00,1,2744.659,2747.227,2744.102,6.855428571428612,2.0,2.0,2.0,1.0,18.0,1.0,2.0,0.0,2.0,1.0,1.0,0.0,0.0,1.0,0.0,0.0,0.0,0.467145685839306
2024-10-22 20:00:00,0,2748.585,2748.863,2746.755,6.392285714285696,1.0,3.0,0.0,1.0,20.0,1.0,1.0,2.0,3.0,1.0,1.0,0.0,1.0,0.0,0.0,0.0,0.0,0.3389849492025705
2024-10-22 23:00:00,0,2746.553,2748.111,2745.824,5.8949285714285065,1.0,2.0,0.0,1.0,23.0,1.0,1.0,1.0,2.0,1.0,1.0,0.0,0.0,1.0,0.0,0.0,0.0,0.5679552558030116
2024-10-23 00:00:00,1,2745.213,2747.037,2744.739,5.610214285714229,1.0,2.0,0.0,1.0,0.0,2.0,1.0,1.0,2.0,1.0,1.0,0.0,0.0,1.0,0.0,0.0,0.0,0.7487652901738844
2024-10-23 03:00:00,1,2746.071,2747.054,2738.19,5.33564285714283,1.0,3.0,0.0,1.0,3.0,2.0,1.0,2.0,3.0,1.0,1.0,0.0,0.0,1.0,0.0,1.0,0.0,0.34399657141474305
2024-10-23 04:00:00,1,2749.921,2750.721,2745.347,5.246214285714229,1.0,4.0,0.0,1.0,4.0,2.0,1.0,3.0,4.0,1.0,1.0,0.0,1.0,1.0,0.0,1.0,0.0,0.38079946354646205
2024-10-23 05:00:00,1,2751.441,2753.317,2748.839,4.888499999999957,1.0,4.0,0.0,1.0,5.0,2.0,1.0,3.0,4.0,1.0,1.0,0.0,1.0,1.0,0.0,1.0,0.0,0.40572941684062097
2024-10-23 06:00:00,1,2750.513,2753.188,2748.096,4.721357142857089,1.0,4.0,0.0,1.0,6.0,2.0,1.0,3.0,4.0,1.0,1.0,0.0,1.0,1.0,0.0,1.0,0.0,0.38401752312499726
2024-10-23 09:00:00,1,2750.622,2757.578,2749.83,4.8395714285713565,1.0,5.0,2.0,1.0,9.0,2.0,1.0,4.0,5.0,1.0,0.0,0.0,1.0,1.0,1.0,1.0,0.0,0.9267290316690066
2024-10-23 10:00:00,1,2750.742,2752.519,2749.675,4.679785714285637,1.0,3.0,5.0,1.0,10.0,2.0,1.0,2.0,3.0,1.0,0.0,0.0,1.0,1.0,0.0,0.0,0.0,0.5371513089965904
2024-10-23 11:00:00,0,2749.967,2752.911,2749.134,4.798999999999945,1.0,5.0,8.0,1.0,11.0,2.0,1.0,4.0,5.0,1.0,0.0,0.0,1.0,1.0,1.0,1.0,0.0,0.9032335169920962
2024-10-23 14:00:00,0,2717.801,2738.674,2716.402,7.545571428571391,1.0,3.0,0.0,1.0,14.0,2.0,1.0,2.0,3.0,1.0,1.0,0.0,0.0,1.0,1.0,1.0,0.0,0.4396983875118816
2024-10-27 23:00:00,0,2735.815,2740.176,2734.551,7.147714285714236,1.0,2.0,4.0,1.0,23.0,6.0,1.0,1.0,2.0,1.0,0.0,0.0,0.0,1.0,0.0,0.0,0.0,0.7607627367975417
2024-10-28 00:00:00,0,2732.466,2736.296,2732.145,7.124928571428525,1.0,3.0,8.0,1.0,0.0,0.0,1.0,2.0,3.0,1.0,0.0,0.0,0.0,1.0,0.0,1.0,0.0,0.5991316217479499
2024-10-28 01:00:00,1,2732.264,2732.962,2724.631,7.326857142857112,1.0,4.0,0.0,1.0,1.0,0.0,1.0,3.0,4.0,1.0,0.0,0.0,0.0,1.0,1.0,1.0,0.0,0.4261011439078195
2024-10-28 02:00:00,0,2734.174,2735.578,2730.681,7.090642857142809,1.0,3.0,1.0,1.0,2.0,0.0,1.0,2.0,3.0,1.0,0.0,0.0,0.0,1.0,0.0,1.0,0.0,0.7513517559736775
2024-10-28 03:00:00,1,2729.702,2734.683,2729.584,6.787714285714238,1.0,2.0,2.0,1.0,3.0,0.0,1.0,1.0,2.0,1.0,0.0,0.0,0.0,1.0,0.0,0.0,0.0,0.5950158555666665
2024-10-28 15:00:00,1,2740.704,2744.656,2739.66,6.231714285714328,1.0,4.0,2.0,1.0,15.0,0.0,1.0,3.0,4.0,1.0,0.0,0.0,0.0,1.0,1.0,1.0,0.0,0.656696260925713
2024-10-28 19:00:00,1,2742.498,2743.487,2740.313,5.806714285714309,1.0,2.0,0.0,1.0,19.0,0.0,1.0,1.0,2.0,1.0,1.0,0.0,0.0,1.0,0.0,0.0,0.0,0.24418923618595978
2024-10-28 23:00:00,1,2744.427,2744.427,2741.188,4.597428571428639,1.0,2.0,0.0,1.0,23.0,0.0,1.0,1.0,2.0,1.0,1.0,0.0,0.0,1.0,0.0,0.0,0.0,0.37055807204278896
2024-10-29 00:00:00,1,2745.758,2746.796,2743.203,4.452428571428625,1.0,3.0,0.0,1.0,0.0,1.0,1.0,2.0,3.0,1.0,1.0,0.0,0.0,1.0,0.0,0.0,1.0,0.26292982152369687
2024-10-29 01:00:00,1,2752.022,2752.452,2745.541,4.552714285714338,1.0,6.0,0.0,1.0,1.0,1.0,1.0,5.0,6.0,1.0,1.0,0.0,1.0,1.0,1.0,1.0,1.0,0.5271032281029411
2024-10-29 03:00:00,1,2751.687,2753.347,2748.561,4.92278571428577,1.0,5.0,2.0,1.0,3.0,1.0,1.0,4.0,5.0,1.0,0.0,0.0,1.0,1.0,0.0,1.0,1.0,0.8154683066079249
2024-10-29 05:00:00,1,2750.008,2756.866,2749.732,4.453142857142926,1.0,6.0,2.0,1.0,5.0,1.0,1.0,5.0,6.0,1.0,0.0,0.0,1.0,1.0,1.0,1.0,1.0,0.89725464459716
2024-10-29 09:00:00,1,2752.451,2756.639,2750.096,5.130714285714346,1.0,5.0,2.0,1.0,9.0,1.0,1.0,4.0,5.0,1.0,0.0,0.0,1.0,1.0,1.0,1.0,0.0,0.8808808920077908
2024-10-29 12:00:00,1,2749.1,2753.787,2748.937,5.868571428571483,1.0,5.0,2.0,1.0,12.0,1.0,1.0,4.0,5.0,1.0,0.0,0.0,1.0,1.0,1.0,1.0,0.0,0.9177486003189682
2024-10-29 14:00:00,0,2769.536,2771.699,2760.811,7.292714285714347,1.0,4.0,0.0,1.0,14.0,1.0,1.0,3.0,4.0,1.0,1.0,0.0,0.0,1.0,1.0,1.0,0.0,0.6941975403385722
2024-10-29 16:00:00,1,2769.345,2770.28,2764.065,7.412857142857222,1.0,4.0,0.0,1.0,16.0,1.0,1.0,3.0,4.0,1.0,1.0,0.0,0.0,1.0,1.0,1.0,0.0,0.39996824824622906
2024-10-29 18:00:00,1,2772.925,2773.518,2768.207,7.616785714285795,1.0,2.0,0.0,1.0,18.0,1.0,1.0,1.0,2.0,1.0,1.0,0.0,0.0,1.0,0.0,0.0,0.0,0.5400085522399214
2024-10-29 19:00:00,1,2772.196,2774.752,2771.0,7.375214285714362,1.0,2.0,0.0,1.0,19.0,1.0,1.0,1.0,2.0,1.0,1.0,0.0,0.0,1.0,0.0,0.0,0.0,0.2367805022913927
2024-10-29 22:00:00,1,2774.547,2775.399,2772.938,6.899857142857205,1.0,2.0,0.0,1.0,22.0,1.0,1.0,1.0,2.0,1.0,1.0,0.0,0.0,1.0,0.0,0.0,0.0,0.7321996168628643
2024-10-30 00:00:00,1,2778.1,2779.163,2774.778,6.241928571428616,1.0,2.0,0.0,1.0,0.0,2.0,1.0,1.0,2.0,1.0,1.0,0.0,0.0,1.0,0.0,1.0,0.0,0.5180246679486916
2024-10-30 01:00:00,0,2781.673,2782.15,2776.956,6.200500000000018,1.0,4.0,0.0,1.0,1.0,2.0,1.0,3.0,4.0,1.0,1.0,0.0,0.0,1.0,1.0,1.0,1.0,0.47004401959551856
2024-10-30 02:00:00,0,2780.417,2781.872,2776.064,6.104142857142863,1.0,3.0,0.0,1.0,2.0,2.0,1.0,2.0,3.0,1.0,1.0,0.0,0.0,1.0,0.0,1.0,1.0,0.38691320218040204
2024-10-30 03:00:00,1,2778.924,2781.258,2777.214,6.046571428571432,1.0,3.0,0.0,1.0,3.0,2.0,1.0,2.0,3.0,1.0,1.0,0.0,0.0,1.0,0.0,1.0,1.0,0.3753184087300839
2024-10-30 04:00:00,1,2780.161,2781.007,2777.406,5.170500000000012,1.0,2.0,0.0,1.0,4.0,2.0,1.0,1.0,2.0,1.0,1.0,0.0,0.0,1.0,0.0,0.0,1.0,0.5037895794207365
2024-10-30 05:00:00,1,2783.115,2784.975,2777.941,4.894071428571449,1.0,3.0,0.0,1.0,5.0,2.0,1.0,2.0,3.0,1.0,1.0,0.0,0.0,1.0,0.0,1.0,1.0,0.3918456712182214
2024-10-30 07:00:00,1,2782.222,2788.103,2780.394,4.92507142857143,1.0,4.0,2.0,1.0,7.0,2.0,1.0,3.0,4.0,1.0,0.0,0.0,0.0,1.0,0.0,1.0,1.0,0.5908141495602599
2024-10-30 08:00:00,1,2781.982,2784.587,2779.541,4.832428571428571,1.0,4.0,5.0,1.0,8.0,2.0,1.0,3.0,4.0,1.0,0.0,0.0,0.0,1.0,0.0,1.0,1.0,0.5624937907387881
2024-10-30 09:00:00,0,2784.557,2784.629,2780.275,4.7640714285714045,1.0,2.0,1.0,1.0,9.0,2.0,1.0,1.0,2.0,1.0,0.0,0.0,0.0,1.0,0.0,0.0,1.0,0.5645441298614065
2024-10-30 12:00:00,1,2782.443,2783.441,2773.618,5.543642857142816,1.0,3.0,1.0,1.0,12.0,2.0,1.0,2.0,3.0,1.0,0.0,0.0,0.0,1.0,1.0,1.0,0.0,0.7159106598866323
2024-10-30 15:00:00,1,2784.634,2785.936,2771.956,7.394499999999978,1.0,4.0,3.0,1.0,15.0,2.0,1.0,3.0,4.0,1.0,0.0,0.0,0.0,1.0,1.0,1.0,0.0,0.4538847309682993
2024-10-30 17:00:00,0,2788.625,2789.575,2783.887,7.419571428571381,1.0,2.0,0.0,1.0,17.0,2.0,1.0,1.0,2.0,1.0,1.0,0.0,0.0,1.0,0.0,0.0,0.0,0.40514140283451583
2024-10-30 19:00:00,0,2787.285,2788.147,2784.456,7.121642857142758,1.0,2.0,0.0,1.0,19.0,2.0,1.0,1.0,2.0,1.0,1.0,0.0,0.0,1.0,0.0,0.0,0.0,0.5421327521592025
2024-10-30 20:00:00,1,2786.412,2788.06,2784.777,6.740857142857034,1.0,2.0,0.0,1.0,20.0,2.0,1.0,1.0,2.0,1.0,1.0,0.0,0.0,1.0,0.0,0.0,0.0,0.45681365554388825
2024-10-31 02:00:00,1,2787.108,2789.007,2784.341,6.186785714285634,1.0,4.0,0.0,1.0,2.0,3.0,1.0,3.0,4.0,1.0,1.0,0.0,0.0,1.0,0.0,1.0,1.0,0.40801554392426026
2024-10-31 03:00:00,0,2784.547,2788.444,2784.321,5.77964285714279,1.0,4.0,8.0,1.0,3.0,3.0,1.0,3.0,4.0,1.0,0.0,0.0,0.0,1.0,0.0,1.0,1.0,0.518090335403543
2024-10-31 04:00:00,1,2784.461,2785.434,2782.083,4.827642857142791,1.0,4.0,5.0,1.0,4.0,3.0,1.0,3.0,4.0,1.0,0.0,0.0,0.0,1.0,0.0,1.0,1.0,0.5501823760262474
2024-10-31 05:00:00,0,2785.082,2786.563,2782.618,4.638428571428514,1.0,4.0,1.0,1.0,5.0,3.0,1.0,3.0,4.0,1.0,0.0,0.0,0.0,1.0,0.0,1.0,1.0,0.3579984642354455
2024-10-31 06:00:00,1,2779.863,2786.006,2779.688,4.09114285714278,1.0,4.0,2.0,1.0,6.0,3.0,1.0,3.0,4.0,1.0,0.0,0.0,0.0,1.0,0.0,1.0,1.0,0.7573153545504671
2024-10-31 08:00:00,1,2779.013,2783.153,2776.893,4.2417857142856645,1.0,3.0,8.0,1.0,8.0,3.0,1.0,2.0,3.0,1.0,0.0,0.0,0.0,1.0,0.0,1.0,0.0,0.5307125744705478
2024-10-31 10:00:00,1,2780.817,2781.148,2773.241,4.574071428571415,1.0,4.0,1.0,1.0,10.0,3.0,1.0,3.0,4.0,1.0,0.0,0.0,0.0,1.0,1.0,1.0,0.0,0.4152590159359299
2024-10-31 12:00:00,0,2773.711,2781.941,2771.911,5.341142857142846,1.0,3.0,0.0,1.0,12.0,3.0,1.0,2.0,3.0,1.0,1.0,0.0,0.0,1.0,1.0,1.0,0.0,0.5241375328782396
2024-10-31 13:00:00,1,2755.386,2773.962,2754.516,6.520928571428548,1.0,3.0,0.0,1.0,13.0,3.0,1.0,2.0,3.0,1.0,1.0,0.0,0.0,1.0,1.0,1.0,0.0,0.7485017189550138
2024-10-31 14:00:00,1,2734.775,2756.907,2734.555,7.861642857142864,1.0,3.0,0.0,1.0,14.0,3.0,1.0,2.0,3.0,1.0,1.0,0.0,0.0,1.0,1.0,1.0,0.0,0.80164149609084
2024-11-01 14:00:00,0,2747.153,2758.888,2739.674,7.037928571428536,1.0,3.0,8.0,0.0,14.0,4.0,1.0,2.0,3.0,0.0,0.0,0.0,0.0,1.0,1.0,1.0,0.0,0.825453395325265
2024-11-01 16:00:00,0,2743.128,2746.215,2740.376,7.264499999999933,1.0,3.0,0.0,0.0,16.0,4.0,1.0,2.0,3.0,0.0,1.0,0.0,0.0,1.0,1.0,1.0,0.0,0.7360413488725012
2024-11-01 17:00:00,1,2736.305,2743.937,2735.015,7.583785714285633,1.0,2.0,0.0,0.0,17.0,4.0,1.0,1.0,2.0,0.0,1.0,0.0,0.0,1.0,0.0,1.0,0.0,0.5355524537507138
2024-11-01 18:00:00,0,2736.204,2738.022,2733.456,7.744357142857033,2.0,2.0,5.0,0.0,18.0,4.0,2.0,0.0,2.0,0.0,1.0,0.0,0.0,1.0,0.0,0.0,0.0,0.4522020381675193
2024-11-01 20:00:00,1,2736.69,2736.82,2733.267,7.562357142857048,2.0,2.0,1.0,0.0,20.0,4.0,2.0,0.0,2.0,0.0,1.0,0.0,0.0,1.0,0.0,0.0,0.0,0.5080077015251645
2024-11-03 23:00:00,1,2738.352,2740.334,2732.568,7.683214285714192,1.0,2.0,0.0,0.0,23.0,6.0,1.0,1.0,2.0,0.0,0.0,0.0,0.0,1.0,0.0,0.0,0.0,0.5668029319943002
2024-11-04 02:00:00,1,2739.966,2740.991,2736.913,7.187214285714227,1.0,3.0,5.0,0.0,2.0,0.0,1.0,2.0,3.0,0.0,0.0,0.0,0.0,1.0,0.0,1.0,0.0,0.616160506544178
2024-11-04 04:00:00,1,2740.976,2742.26,2739.62,6.5359999999999605,1.0,2.0,5.0,0.0,4.0,0.0,1.0,1.0,2.0,0.0,0.0,0.0,0.0,1.0,0.0,0.0,0.0,0.5938200746620718
2024-11-04 05:00:00,1,2741.516,2743.732,2737.647,6.244571428571395,1.0,3.0,5.0,0.0,5.0,0.0,1.0,2.0,3.0,0.0,0.0,0.0,0.0,1.0,0.0,1.0,0.0,0.4077324799714904
2024-11-04 07:00:00,1,2735.837,2744.781,2735.052,5.43692857142852,1.0,3.0,0.0,0.0,7.0,0.0,1.0,2.0,3.0,0.0,1.0,0.0,0.0,1.0,0.0,1.0,0.0,0.4178425369476146
2024-11-05 20:00:00,1,2743.0,2743.471,2739.61,6.909571428571488,1.0,2.0,7.0,0.0,20.0,1.0,1.0,1.0,2.0,0.0,0.0,0.0,0.0,1.0,0.0,0.0,0.0,0.8959808916982591
2024-11-06 02:00:00,1,2737.485,2748.413,2736.778,7.787071428571478,1.0,5.0,8.0,0.0,2.0,2.0,1.0,4.0,5.0,0.0,0.0,0.0,0.0,1.0,1.0,1.0,1.0,0.8391214742716961
2024-11-06 03:00:00,0,2734.08,2743.536,2730.607,8.308928571428623,1.0,5.0,0.0,0.0,3.0,2.0,1.0,4.0,5.0,0.0,1.0,0.0,0.0,1.0,1.0,1.0,1.0,0.8535631437050657
2024-11-06 09:00:00,1,2724.559,2728.552,2716.426,12.33700000000002,1.0,3.0,5.0,0.0,9.0,2.0,1.0,2.0,3.0,0.0,0.0,0.0,0.0,1.0,1.0,0.0,0.0,0.7135443863140986
2024-11-06 10:00:00,1,2720.219,2727.167,2718.63,12.745642857142846,1.0,2.0,8.0,0.0,10.0,2.0,1.0,1.0,2.0,0.0,0.0,0.0,0.0,1.0,0.0,0.0,0.0,0.6604842756095781
2024-11-06 11:00:00,0,2699.272,2722.78,2696.018,14.381428571428582,1.0,4.0,0.0,0.0,11.0,2.0,1.0,3.0,4.0,0.0,1.0,0.0,1.0,1.0,1.0,1.0,0.0,0.5650555108899383
2024-11-13 15:00:00,0,2605.385,2606.863,2593.58,7.081071428571314,1.0,4.0,3.0,0.0,15.0,2.0,1.0,3.0,4.0,0.0,0.0,0.0,0.0,1.0,1.0,1.0,0.0,0.7227325977015692
2024-11-13 18:00:00,0,2582.697,2585.476,2579.513,8.216499999999867,1.0,4.0,5.0,0.0,18.0,2.0,1.0,3.0,4.0,0.0,0.0,0.0,0.0,0.0,1.0,1.0,0.0,0.6369933437747172
2024-11-13 21:00:00,1,2573.064,2577.085,2572.604,8.661499999999933,2.0,2.0,6.0,0.0,21.0,2.0,2.0,0.0,2.0,0.0,1.0,0.0,0.0,0.0,0.0,0.0,0.0,0.9089392657681976
2024-11-14 00:00:00,0,2572.457,2574.782,2569.612,8.89507142857136,2.0,2.0,4.0,0.0,0.0,3.0,2.0,0.0,2.0,0.0,1.0,0.0,0.0,0.0,0.0,0.0,0.0,0.553235245731407
2024-11-14 02:00:00,0,2560.596,2564.583,2558.875,9.453357142857126,1.0,2.0,0.0,0.0,2.0,3.0,1.0,1.0,2.0,0.0,1.0,0.0,0.0,0.0,0.0,1.0,0.0,0.5064973800573703
2024-11-14 06:00:00,1,2554.996,2560.514,2551.893,8.42035714285719,1.0,2.0,0.0,0.0,6.0,3.0,1.0,1.0,2.0,0.0,1.0,0.0,0.0,0.0,0.0,1.0,0.0,0.45463770615195154
2024-11-14 07:00:00,1,2557.014,2558.947,2550.361,7.513142857142936,1.0,2.0,3.0,0.0,7.0,3.0,1.0,1.0,2.0,0.0,0.0,0.0,0.0,0.0,0.0,1.0,0.0,0.29696526123124334
2024-11-18 05:00:00,1,2585.589,2592.383,2585.078,8.042214285714408,1.0,4.0,2.0,0.0,5.0,0.0,1.0,3.0,4.0,0.0,0.0,0.0,0.0,1.0,0.0,1.0,1.0,0.6244808819971235
2024-11-18 06:00:00,1,2585.979,2587.725,2580.397,7.77635714285725,1.0,4.0,5.0,0.0,6.0,0.0,1.0,3.0,4.0,0.0,0.0,0.0,0.0,1.0,0.0,1.0,1.0,0.4514822820832463
2024-11-18 07:00:00,1,2582.838,2587.121,2581.64,7.360928571428693,1.0,4.0,2.0,0.0,7.0,0.0,1.0,3.0,4.0,0.0,0.0,0.0,0.0,1.0,0.0,1.0,1.0,0.22221989077025442
2024-11-18 08:00:00,1,2585.661,2590.082,2582.015,7.604928571428705,1.0,4.0,4.0,0.0,8.0,0.0,1.0,3.0,4.0,0.0,0.0,0.0,0.0,1.0,0.0,1.0,1.0,0.46080789305754954
2024-11-18 09:00:00,1,2595.651,2597.284,2583.778,7.97228571428585,1.0,4.0,0.0,0.0,9.0,0.0,1.0,3.0,4.0,0.0,1.0,0.0,0.0,1.0,0.0,1.0,1.0,0.4385255590061292
2024-11-18 10:00:00,1,2593.968,2596.706,2589.486,8.105642857143007,1.0,4.0,0.0,0.0,10.0,0.0,1.0,3.0,4.0,0.0,1.0,0.0,0.0,1.0,0.0,1.0,1.0,0.4360194348573017
2024-11-18 11:00:00,1,2594.417,2595.405,2590.428,8.168000000000152,1.0,4.0,0.0,0.0,11.0,0.0,1.0,3.0,4.0,0.0,1.0,0.0,0.0,1.0,0.0,1.0,1.0,0.4173681673026996
2024-11-18 13:00:00,1,2603.939,2605.031,2592.87,8.44171428571443,1.0,5.0,0.0,0.0,13.0,0.0,1.0,4.0,5.0,0.0,1.0,0.0,0.0,1.0,1.0,1.0,1.0,0.6545800461569321
2024-11-18 14:00:00,1,2608.155,2610.251,2602.673,8.460285714285874,1.0,4.0,0.0,0.0,14.0,0.0,1.0,3.0,4.0,0.0,1.0,0.0,0.0,1.0,1.0,1.0,0.0,0.580690588485641
2024-11-18 15:00:00,0,2612.936,2613.346,2605.888,7.498285714285852,1.0,3.0,0.0,0.0,15.0,0.0,1.0,2.0,3.0,0.0,1.0,0.0,0.0,1.0,1.0,1.0,0.0,0.32148766779657567
2024-11-18 23:00:00,1,2612.704,2613.107,2610.36,6.239071428571476,1.0,2.0,0.0,1.0,23.0,0.0,1.0,1.0,2.0,1.0,1.0,0.0,0.0,1.0,0.0,0.0,1.0,0.4502100246056762
2024-11-19 01:00:00,1,2615.622,2617.813,2611.534,5.398285714285716,1.0,4.0,0.0,1.0,1.0,1.0,1.0,3.0,4.0,1.0,1.0,0.0,0.0,1.0,1.0,1.0,1.0,0.37782928368100266
2024-11-19 02:00:00,1,2622.427,2624.161,2615.633,5.65271428571428,1.0,4.0,0.0,1.0,2.0,1.0,1.0,3.0,4.0,1.0,1.0,0.0,0.0,0.0,1.0,1.0,1.0,0.326628052901706
2024-11-19 03:00:00,0,2624.435,2625.582,2621.321,5.470142857142848,1.0,3.0,0.0,1.0,3.0,1.0,1.0,2.0,3.0,1.0,1.0,0.0,0.0,0.0,0.0,1.0,1.0,0.28142889013235195
2024-11-19 04:00:00,0,2622.948,2625.134,2621.492,4.861642857142832,1.0,2.0,0.0,1.0,4.0,1.0,1.0,1.0,2.0,1.0,1.0,0.0,0.0,1.0,0.0,0.0,1.0,0.33997077886515115
2024-11-19 05:00:00,1,2622.516,2623.465,2620.826,4.508857142857096,1.0,3.0,0.0,1.0,5.0,1.0,1.0,2.0,3.0,1.0,1.0,0.0,0.0,1.0,0.0,1.0,1.0,0.43591843988206247
2024-11-19 07:00:00,1,2619.057,2625.324,2617.687,4.484642857142815,1.0,4.0,2.0,1.0,7.0,1.0,1.0,3.0,4.0,1.0,0.0,0.0,0.0,1.0,1.0,1.0,1.0,0.5820931196541743
2024-11-19 10:00:00,0,2635.048,2636.476,2629.845,5.264357142857177,1.0,3.0,0.0,1.0,10.0,1.0,1.0,2.0,3.0,1.0,1.0,0.0,0.0,0.0,1.0,1.0,0.0,0.42636634712129307
2024-11-19 11:00:00,1,2629.639,2636.042,2629.023,5.528714285714289,1.0,3.0,2.0,1.0,11.0,1.0,1.0,2.0,3.0,1.0,0.0,0.0,0.0,1.0,1.0,1.0,0.0,0.7008949839160725
2024-11-19 12:00:00,0,2639.205,2639.339,2628.679,6.108857142857135,1.0,3.0,0.0,1.0,12.0,1.0,1.0,2.0,3.0,1.0,1.0,0.0,0.0,0.0,1.0,1.0,0.0,0.3679108537146543
2024-11-19 17:00:00,1,2628.114,2633.144,2625.622,7.633928571428571,1.0,2.0,4.0,1.0,17.0,1.0,1.0,1.0,2.0,1.0,0.0,0.0,0.0,1.0,0.0,0.0,0.0,0.7237983923761434
2024-11-19 23:00:00,1,2635.166,2635.553,2632.009,6.946714285714312,1.0,2.0,7.0,1.0,23.0,1.0,1.0,1.0,2.0,1.0,0.0,0.0,0.0,0.0,0.0,0.0,0.0,0.942663595479064
2024-11-20 00:00:00,1,2637.79,2639.102,2634.686,6.604857142857132,1.0,3.0,0.0,1.0,0.0,2.0,1.0,2.0,3.0,1.0,1.0,0.0,0.0,0.0,0.0,0.0,1.0,0.5536928435345388
2024-11-20 01:00:00,0,2639.606,2641.487,2635.772,6.539428571428549,1.0,4.0,0.0,1.0,1.0,2.0,1.0,3.0,4.0,1.0,1.0,0.0,0.0,0.0,0.0,1.0,1.0,0.3357624728344553
2024-11-20 05:00:00,0,2636.853,2638.488,2634.888,4.495428571428549,1.0,4.0,5.0,1.0,5.0,2.0,1.0,3.0,4.0,1.0,0.0,0.0,0.0,0.0,0.0,1.0,1.0,0.6470911943206982
2024-11-20 06:00:00,0,2629.517,2637.086,2628.521,4.549857142857101,1.0,5.0,8.0,1.0,6.0,2.0,1.0,4.0,5.0,1.0,0.0,0.0,0.0,1.0,1.0,1.0,1.0,0.7801939052931739
2024-11-20 07:00:00,1,2621.591,2630.181,2621.232,4.74971428571426,1.0,5.0,0.0,1.0,7.0,2.0,1.0,4.0,5.0,1.0,1.0,0.0,0.0,1.0,1.0,1.0,1.0,0.8013337541036754
2024-11-21 00:00:00,0,2658.455,2658.877,2651.776,6.22735714285711,1.0,2.0,0.0,1.0,0.0,3.0,1.0,1.0,2.0,1.0,1.0,0.0,0.0,0.0,0.0,0.0,0.0,0.5245925948469656
2024-11-21 03:00:00,1,2656.901,2657.248,2650.319,6.502785714285762,1.0,2.0,0.0,1.0,3.0,3.0,1.0,1.0,2.0,1.0,1.0,0.0,0.0,0.0,0.0,0.0,0.0,0.2843100370165678
2024-11-21 04:00:00,1,2656.929,2658.997,2656.814,5.993785714285748,1.0,2.0,0.0,1.0,4.0,3.0,1.0,1.0,2.0,1.0,1.0,0.0,0.0,0.0,0.0,0.0,0.0,0.40804176425449146
2024-11-21 07:00:00,1,2663.099,2664.723,2660.017,5.1885714285715165,1.0,2.0,0.0,1.0,7.0,3.0,1.0,1.0,2.0,1.0,1.0,0.0,0.0,0.0,0.0,1.0,0.0,0.3923647224283033
2024-11-21 08:00:00,1,2668.826,2670.302,2662.009,5.335285714285809,1.0,3.0,0.0,1.0,8.0,3.0,1.0,2.0,3.0,1.0,1.0,0.0,0.0,0.0,1.0,1.0,0.0,0.5610156464699957
2024-11-21 12:00:00,1,2663.336,2671.816,2662.897,6.029714285714396,1.0,4.0,2.0,1.0,12.0,3.0,1.0,3.0,4.0,1.0,0.0,0.0,0.0,1.0,1.0,1.0,1.0,0.743300859589919
2024-11-21 13:00:00,1,2665.385,2667.722,2660.381,6.270785714285823,1.0,5.0,0.0,1.0,13.0,3.0,1.0,4.0,5.0,1.0,0.0,0.0,0.0,1.0,1.0,1.0,1.0,0.8494424396753737
2024-11-21 14:00:00,1,2664.956,2671.595,2661.373,6.493714285714369,1.0,5.0,5.0,1.0,14.0,3.0,1.0,4.0,5.0,1.0,0.0,0.0,0.0,1.0,1.0,1.0,1.0,0.9141736469969546
2024-11-21 16:00:00,1,2664.688,2669.771,2661.298,6.512928571428672,1.0,5.0,2.0,1.0,16.0,3.0,1.0,4.0,5.0,1.0,0.0,0.0,0.0,1.0,1.0,1.0,1.0,0.9117894994526278
2024-11-21 18:00:00,0,2672.341,2673.126,2668.997,6.944571428571537,1.0,3.0,0.0,1.0,18.0,3.0,1.0,2.0,3.0,1.0,1.0,0.0,0.0,1.0,0.0,0.0,1.0,0.6698692832662053
2024-11-21 20:00:00,1,2671.444,2671.846,2668.551,6.926714285714395,1.0,3.0,0.0,1.0,20.0,3.0,1.0,2.0,3.0,1.0,1.0,0.0,0.0,1.0,0.0,0.0,1.0,0.6526741439966599
2024-11-22 01:00:00,1,2677.847,2679.441,2673.037,6.236071428571482,1.0,4.0,0.0,1.0,1.0,4.0,1.0,3.0,4.0,1.0,1.0,0.0,0.0,1.0,1.0,1.0,0.0,0.4817814541274269
2024-11-22 02:00:00,1,2685.985,2686.425,2677.29,6.516428571428638,1.0,3.0,0.0,1.0,2.0,4.0,1.0,2.0,3.0,1.0,1.0,0.0,0.0,1.0,0.0,1.0,0.0,0.5206163677401692
2024-11-22 03:00:00,1,2686.153,2690.519,2681.413,6.529785714285773,1.0,3.0,5.0,1.0,3.0,4.0,1.0,2.0,3.0,1.0,0.0,0.0,0.0,1.0,0.0,1.0,0.0,0.6763894181485025
2024-11-22 04:00:00,1,2688.701,2692.38,2682.966,6.677857142857192,1.0,3.0,0.0,1.0,4.0,4.0,1.0,2.0,3.0,1.0,1.0,0.0,0.0,1.0,0.0,1.0,0.0,0.6024969836407696
2024-11-22 07:00:00,1,2696.457,2698.953,2690.452,6.472071428571423,1.0,2.0,0.0,1.0,7.0,4.0,1.0,1.0,2.0,1.0,1.0,0.0,0.0,0.0,0.0,1.0,0.0,0.2366839335698753
2024-11-22 10:00:00,0,2707.639,2708.59,2702.622,6.813142857142858,1.0,3.0,0.0,1.0,10.0,4.0,1.0,2.0,3.0,1.0,1.0,0.0,0.0,0.0,1.0,1.0,0.0,0.5230841933936303
2024-11-22 17:00:00,1,2706.746,2707.32,2703.528,8.936285714285727,1.0,2.0,0.0,1.0,17.0,4.0,1.0,1.0,2.0,1.0,1.0,0.0,0.0,0.0,0.0,0.0,0.0,0.7068825375231933
2024-11-22 18:00:00,0,2710.778,2711.418,2706.68,8.602285714285731,1.0,2.0,0.0,1.0,18.0,4.0,1.0,1.0,2.0,1.0,1.0,0.0,0.0,0.0,0.0,0.0,0.0,0.6222258425049668
2024-11-22 19:00:00,1,2708.221,2711.459,2706.937,8.492928571428592,1.0,2.0,0.0,1.0,19.0,4.0,1.0,1.0,2.0,1.0,1.0,0.0,0.0,0.0,0.0,0.0,0.0,0.5890764200959131
2024-11-25 00:00:00,0,2710.636,2720.143,2709.706,8.442571428571455,1.0,3.0,8.0,1.0,0.0,0.0,1.0,2.0,3.0,1.0,0.0,0.0,0.0,0.0,0.0,1.0,0.0,0.6070989646865627
2024-11-25 04:00:00,0,2672.543,2676.375,2663.825,11.124285714285763,1.0,3.0,5.0,1.0,4.0,0.0,1.0,2.0,3.0,1.0,0.0,0.0,0.0,1.0,0.0,1.0,0.0,0.6882414070040931
2024-11-26 19:00:00,1,2628.025,2629.018,2622.697,8.914357142857105,1.0,2.0,1.0,0.0,19.0,1.0,1.0,1.0,2.0,0.0,0.0,0.0,0.0,1.0,0.0,0.0,0.0,0.538785496591713
2024-11-26 23:00:00,1,2632.254,2634.138,2630.779,8.114785714285679,1.0,2.0,4.0,0.0,23.0,1.0,1.0,1.0,2.0,0.0,0.0,0.0,0.0,1.0,0.0,0.0,0.0,0.8513462962074163
2024-11-27 03:00:00,1,2637.722,2639.453,2635.875,7.480714285714255,1.0,4.0,5.0,0.0,3.0,2.0,1.0,3.0,4.0,0.0,0.0,0.0,0.0,1.0,0.0,1.0,1.0,0.5646949562412994
2024-11-27 04:00:00,1,2638.996,2640.656,2636.555,6.484285714285696,1.0,3.0,0.0,0.0,4.0,2.0,1.0,2.0,3.0,0.0,1.0,0.0,0.0,1.0,0.0,0.0,1.0,0.4206435047876435
2024-11-27 05:00:00,1,2642.024,2645.734,2638.121,5.8015,1.0,3.0,0.0,0.0,5.0,2.0,1.0,2.0,3.0,0.0,1.0,0.0,0.0,1.0,0.0,1.0,1.0,0.43326497822084553
2024-11-27 06:00:00,0,2647.665,2648.002,2638.927,5.55257142857142,1.0,4.0,0.0,0.0,6.0,2.0,1.0,3.0,4.0,0.0,1.0,0.0,0.0,1.0,1.0,1.0,1.0,0.5297512976376931
2024-11-27 07:00:00,1,2646.625,2648.503,2645.842,5.376857142857132,1.0,3.0,0.0,0.0,7.0,2.0,1.0,2.0,3.0,0.0,1.0,0.0,0.0,1.0,0.0,1.0,1.0,0.3789823258985079
2024-11-27 10:00:00,0,2648.541,2649.951,2647.696,5.4824285714285645,1.0,3.0,5.0,0.0,10.0,2.0,1.0,2.0,3.0,0.0,0.0,0.0,1.0,1.0,0.0,0.0,1.0,0.674795636271547
2024-11-28 00:00:00,0,2635.678,2638.432,2635.071,6.460785714285813,2.0,2.0,8.0,0.0,0.0,3.0,2.0,0.0,2.0,0.0,1.0,0.0,0.0,1.0,0.0,0.0,0.0,0.5405540253460236
2024-11-28 01:00:00,1,2628.729,2636.315,2620.844,7.404785714285806,1.0,4.0,0.0,0.0,1.0,3.0,1.0,3.0,4.0,0.0,0.0,0.0,0.0,1.0,1.0,1.0,0.0,0.30356722105780826
2024-11-28 02:00:00,1,2628.166,2630.178,2625.591,7.075714285714379,1.0,3.0,5.0,0.0,2.0,3.0,1.0,2.0,3.0,0.0,0.0,0.0,0.0,1.0,0.0,1.0,0.0,0.848127330645675
2024-11-28 03:00:00,1,2630.275,2632.186,2625.637,7.145071428571522,1.0,3.0,1.0,0.0,3.0,3.0,1.0,2.0,3.0,0.0,0.0,0.0,0.0,1.0,0.0,1.0,0.0,0.7258244184536982
2024-11-28 07:00:00,1,2637.344,2639.309,2634.52,5.623214285714312,1.0,3.0,5.0,0.0,7.0,3.0,1.0,2.0,3.0,0.0,0.0,0.0,0.0,1.0,0.0,1.0,0.0,0.7288795744330216
2024-11-28 14:00:00,1,2641.324,2647.975,2640.781,6.36121428571427,1.0,4.0,2.0,0.0,14.0,3.0,1.0,3.0,4.0,0.0,0.0,0.0,0.0,1.0,1.0,1.0,0.0,0.6920023514288285
2024-11-28 16:00:00,0,2642.003,2642.458,2637.479,5.774857142857139,1.0,2.0,1.0,0.0,16.0,3.0,1.0,1.0,2.0,0.0,0.0,0.0,0.0,1.0,0.0,0.0,0.0,0.5408219426229489
2024-11-28 23:00:00,1,2638.769,2639.268,2637.144,5.232500000000008,1.0,3.0,5.0,0.0,23.0,3.0,1.0,2.0,3.0,0.0,0.0,0.0,0.0,1.0,0.0,0.0,1.0,0.4459939194655175
2024-11-29 03:00:00,1,2660.047,2660.627,2654.707,6.1179285714285925,1.0,5.0,0.0,1.0,3.0,4.0,1.0,4.0,5.0,1.0,1.0,0.0,0.0,1.0,1.0,1.0,1.0,0.7851955798784309
2024-11-29 04:00:00,1,2659.84,2664.317,2658.323,6.195500000000038,1.0,4.0,5.0,1.0,4.0,4.0,1.0,3.0,4.0,1.0,0.0,0.0,0.0,1.0,0.0,1.0,1.0,0.6343860103013385
2024-11-29 07:00:00,1,2660.522,2665.482,2658.996,6.3947857142856845,1.0,4.0,2.0,1.0,7.0,4.0,1.0,3.0,4.0,1.0,0.0,0.0,0.0,1.0,0.0,1.0,1.0,0.6525033251051521
2024-11-29 08:00:00,1,2657.324,2662.539,2654.471,6.457214285714274,1.0,4.0,0.0,1.0,8.0,4.0,1.0,3.0,4.0,1.0,0.0,0.0,0.0,1.0,1.0,1.0,0.0,0.5605861874174151
2024-11-29 10:00:00,0,2662.755,2665.917,2661.31,6.57321428571426,1.0,3.0,0.0,1.0,10.0,4.0,1.0,2.0,3.0,1.0,1.0,0.0,0.0,1.0,1.0,0.0,0.0,0.7648033945865934
2024-11-29 13:00:00,1,2657.938,2663.287,2656.12,7.309928571428535,1.0,4.0,2.0,1.0,13.0,4.0,1.0,3.0,4.0,1.0,0.0,0.0,0.0,1.0,1.0,1.0,0.0,0.5387353978414653
2024-11-29 15:00:00,0,2658.946,2658.946,2650.537,7.486357142857124,1.0,4.0,7.0,1.0,15.0,4.0,1.0,3.0,4.0,1.0,0.0,0.0,0.0,1.0,1.0,1.0,0.0,0.8745847806839283
2024-12-02 02:00:00,1,2626.749,2638.08,2625.498,8.872285714285681,1.0,3.0,0.0,1.0,2.0,0.0,1.0,2.0,3.0,1.0,1.0,0.0,0.0,1.0,1.0,1.0,0.0,0.77285830853269
2024-12-03 15:00:00,1,2640.435,2647.239,2635.166,6.540642857142822,1.0,4.0,0.0,0.0,15.0,1.0,1.0,3.0,4.0,0.0,0.0,0.0,0.0,1.0,1.0,1.0,0.0,0.5568492918857578
2024-12-03 20:00:00,1,2642.079,2644.226,2640.626,6.786785714285737,1.0,2.0,4.0,0.0,20.0,1.0,1.0,1.0,2.0,0.0,0.0,0.0,0.0,1.0,0.0,0.0,0.0,0.5146865225987692
2024-12-04 04:00:00,0,2648.367,2648.681,2643.679,5.944785714285737,1.0,3.0,1.0,1.0,4.0,2.0,1.0,2.0,3.0,1.0,0.0,0.0,0.0,1.0,0.0,0.0,1.0,0.6246557539979212
2024-12-04 09:00:00,1,2640.885,2642.735,2638.593,4.7385000000000606,1.0,3.0,5.0,1.0,9.0,2.0,1.0,2.0,3.0,1.0,0.0,0.0,0.0,1.0,0.0,1.0,0.0,0.6095425377104423
2024-12-04 10:00:00,1,2644.36,2644.529,2640.207,4.610714285714331,1.0,3.0,7.0,1.0,10.0,2.0,1.0,2.0,3.0,1.0,0.0,0.0,0.0,1.0,0.0,1.0,0.0,0.8866111265279697
2024-12-04 18:00:00,1,2649.101,2652.974,2648.799,6.894928571428603,1.0,3.0,2.0,1.0,18.0,2.0,1.0,2.0,3.0,1.0,0.0,0.0,1.0,1.0,0.0,0.0,0.0,0.6237856780865587
2024-12-04 21:00:00,1,2649.897,2651.2,2648.903,6.764785714285771,1.0,3.0,5.0,1.0,21.0,2.0,1.0,2.0,3.0,1.0,0.0,0.0,1.0,1.0,0.0,0.0,0.0,0.656319213802895
2024-12-04 23:00:00,0,2650.397,2651.638,2648.708,6.569714285714326,1.0,3.0,1.0,1.0,23.0,2.0,1.0,2.0,3.0,1.0,0.0,0.0,1.0,1.0,0.0,0.0,0.0,0.7315749848841798
2024-12-05 00:00:00,1,2648.382,2650.474,2647.685,6.473071428571465,1.0,2.0,2.0,1.0,0.0,3.0,1.0,1.0,2.0,1.0,0.0,0.0,0.0,1.0,0.0,0.0,0.0,0.7299624880690896
2024-12-05 01:00:00,1,2647.074,2650.717,2646.167,6.489357142857183,1.0,4.0,6.0,1.0,1.0,3.0,1.0,3.0,4.0,1.0,0.0,0.0,0.0,1.0,0.0,1.0,1.0,0.6470869399080863
2024-12-05 02:00:00,1,2646.529,2649.704,2645.259,6.501142857142928,1.0,4.0,5.0,1.0,2.0,3.0,1.0,3.0,4.0,1.0,0.0,0.0,0.0,1.0,0.0,1.0,1.0,0.5243232961188613
2024-12-05 03:00:00,1,2648.882,2649.308,2644.575,6.10100000000008,1.0,4.0,1.0,1.0,3.0,3.0,1.0,3.0,4.0,1.0,0.0,0.0,1.0,1.0,0.0,0.0,1.0,0.5329619563720334
2024-12-05 08:00:00,1,2643.158,2650.172,2642.005,5.267000000000086,1.0,4.0,2.0,1.0,8.0,3.0,1.0,3.0,4.0,1.0,0.0,0.0,0.0,1.0,0.0,1.0,1.0,0.5299752517592428
2024-12-05 14:00:00,1,2640.395,2650.262,2639.544,6.459785714285739,1.0,3.0,0.0,1.0,14.0,3.0,1.0,2.0,3.0,1.0,1.0,0.0,0.0,1.0,1.0,1.0,0.0,0.6222764329605563
2024-12-05 16:00:00,0,2635.196,2643.395,2632.835,7.295571428571423,1.0,3.0,0.0,1.0,16.0,3.0,1.0,2.0,3.0,1.0,1.0,0.0,0.0,1.0,1.0,1.0,0.0,0.8034757842292466
2024-12-09 02:00:00,1,2646.077,2648.627,2640.956,9.002214285714283,1.0,4.0,5.0,0.0,2.0,0.0,1.0,3.0,4.0,0.0,0.0,0.0,0.0,1.0,0.0,1.0,1.0,0.6185609869939142
2024-12-09 07:00:00,0,2650.49,2651.245,2643.019,7.952071428571409,1.0,5.0,0.0,0.0,7.0,0.0,1.0,4.0,5.0,0.0,1.0,0.0,1.0,1.0,0.0,1.0,1.0,0.6062829403376584
2024-12-09 08:00:00,1,2649.296,2651.073,2646.094,7.848285714285664,1.0,4.0,0.0,0.0,8.0,0.0,1.0,3.0,4.0,0.0,1.0,0.0,1.0,1.0,0.0,1.0,0.0,0.5235616968036434
2024-12-09 10:00:00,0,2657.451,2658.392,2653.477,8.162857142857124,1.0,2.0,0.0,1.0,10.0,0.0,1.0,1.0,2.0,1.0,1.0,0.0,0.0,1.0,0.0,0.0,0.0,0.5069468298723547
2024-12-09 12:00:00,1,2656.18,2658.307,2653.322,8.47699999999996,1.0,3.0,5.0,1.0,12.0,0.0,1.0,2.0,3.0,1.0,0.0,0.0,0.0,1.0,0.0,1.0,0.0,0.6996086487863635
2024-12-09 14:00:00,0,2674.044,2675.24,2662.623,8.190071428571368,1.0,3.0,0.0,1.0,14.0,0.0,1.0,2.0,3.0,1.0,1.0,0.0,0.0,1.0,1.0,1.0,0.0,0.6409524346497484
2024-12-09 16:00:00,0,2667.608,2670.569,2665.59,7.2881428571428,1.0,4.0,5.0,1.0,16.0,0.0,1.0,3.0,4.0,1.0,0.0,0.0,0.0,1.0,1.0,1.0,0.0,0.6846026366246654
2024-12-09 20:00:00,1,2657.886,2660.242,2656.649,6.7619999999999765,1.0,3.0,0.0,1.0,20.0,0.0,1.0,2.0,3.0,1.0,0.0,0.0,0.0,1.0,0.0,0.0,1.0,0.26126357754095614
2024-12-10 00:00:00,1,2664.961,2665.473,2657.958,6.106785714285674,1.0,3.0,7.0,1.0,0.0,1.0,1.0,2.0,3.0,1.0,0.0,0.0,0.0,1.0,0.0,0.0,1.0,0.9322630290082254
2024-12-10 01:00:00,1,2667.441,2668.662,2660.568,6.3338571428570765,1.0,5.0,3.0,1.0,1.0,1.0,1.0,4.0,5.0,1.0,0.0,0.0,0.0,1.0,1.0,1.0,1.0,0.7952363090660065
2024-12-10 02:00:00,1,2669.013,2671.451,2666.171,6.207999999999954,1.0,5.0,4.0,1.0,2.0,1.0,1.0,4.0,5.0,1.0,0.0,0.0,0.0,1.0,1.0,1.0,1.0,0.8086201863195734
2024-12-10 04:00:00,1,2670.309,2673.86,2669.594,5.778785714285699,1.0,4.0,0.0,1.0,4.0,1.0,1.0,3.0,4.0,1.0,0.0,0.0,0.0,1.0,0.0,1.0,1.0,0.32381687959349376
2024-12-10 05:00:00,1,2668.94,2671.681,2668.273,5.120999999999997,1.0,4.0,2.0,1.0,5.0,1.0,1.0,3.0,4.0,1.0,0.0,0.0,0.0,1.0,0.0,1.0,1.0,0.3776362596017539
2024-12-10 06:00:00,0,2669.991,2670.985,2665.684,4.799499999999982,1.0,3.0,3.0,1.0,6.0,1.0,1.0,2.0,3.0,1.0,0.0,0.0,0.0,1.0,0.0,1.0,0.0,0.4324917163761771
2024-12-10 07:00:00,0,2664.689,2670.85,2663.647,4.958357142857137,1.0,3.0,8.0,1.0,7.0,1.0,1.0,2.0,3.0,1.0,0.0,0.0,0.0,1.0,0.0,1.0,0.0,0.5420425012916986
2024-12-10 08:00:00,1,2663.223,2665.649,2661.123,4.868785714285683,1.0,4.0,0.0,1.0,8.0,1.0,1.0,3.0,4.0,1.0,0.0,0.0,0.0,1.0,1.0,1.0,0.0,0.3666458818504689
2024-12-10 09:00:00,1,2664.912,2666.978,2661.633,5.036714285714295,1.0,3.0,1.0,1.0,9.0,1.0,1.0,2.0,3.0,1.0,0.0,0.0,0.0,1.0,0.0,1.0,0.0,0.4431186914793889
2024-12-10 10:00:00,0,2675.438,2676.839,2664.456,5.603428571428561,1.0,4.0,0.0,1.0,10.0,1.0,1.0,3.0,4.0,1.0,1.0,0.0,0.0,1.0,1.0,1.0,0.0,0.5507414535330112
2024-12-10 11:00:00,1,2674.496,2675.507,2669.74,5.758714285714275,1.0,4.0,0.0,1.0,11.0,1.0,1.0,3.0,4.0,1.0,1.0,0.0,0.0,1.0,1.0,1.0,0.0,0.5359273252541521
2024-12-10 14:00:00,1,2688.964,2691.777,2679.494,6.897285714285674,1.0,4.0,0.0,1.0,14.0,1.0,1.0,3.0,4.0,1.0,1.0,0.0,0.0,1.0,1.0,1.0,0.0,0.7231223190046461
2024-12-10 18:00:00,1,2692.462,2695.211,2691.85,6.792071428571392,1.0,2.0,0.0,1.0,18.0,1.0,1.0,1.0,2.0,1.0,1.0,0.0,0.0,1.0,0.0,0.0,0.0,0.359682738576895
2024-12-10 23:00:00,1,2695.991,2698.332,2693.584,6.286214285714258,1.0,2.0,0.0,1.0,23.0,1.0,1.0,1.0,2.0,1.0,1.0,0.0,0.0,1.0,0.0,0.0,1.0,0.48549761053735035
2024-12-11 00:00:00,1,2701.046,2701.89,2693.416,6.509714285714218,1.0,4.0,0.0,1.0,0.0,2.0,1.0,3.0,4.0,1.0,1.0,0.0,1.0,0.0,0.0,1.0,1.0,0.39255537674620095
2024-12-11 01:00:00,0,2699.961,2703.81,2696.611,6.139428571428523,1.0,5.0,0.0,1.0,1.0,2.0,1.0,4.0,5.0,1.0,1.0,0.0,1.0,1.0,1.0,1.0,1.0,0.8725929050696389
2024-12-11 05:00:00,1,2688.609,2693.656,2675.566,7.071642857142836,1.0,5.0,0.0,1.0,5.0,2.0,1.0,4.0,5.0,1.0,0.0,0.0,0.0,1.0,1.0,1.0,1.0,0.8963293982585036
2024-12-11 14:00:00,1,2706.58,2706.886,2696.588,9.203571428571488,1.0,3.0,0.0,1.0,14.0,2.0,1.0,2.0,3.0,1.0,1.0,0.0,0.0,0.0,0.0,1.0,0.0,0.6214036833585623
2024-12-11 15:00:00,1,2713.101,2715.932,2705.276,9.45050000000005,1.0,3.0,0.0,1.0,15.0,2.0,1.0,2.0,3.0,1.0,1.0,0.0,0.0,0.0,0.0,1.0,0.0,0.6801322119805654
2024-12-11 16:00:00,1,2715.161,2718.57,2711.186,9.54535714285719,1.0,3.0,0.0,1.0,16.0,2.0,1.0,2.0,3.0,1.0,1.0,0.0,0.0,0.0,0.0,1.0,0.0,0.6834321882517079
2024-12-11 17:00:00,1,2718.069,2719.918,2714.212,9.238785714285768,1.0,2.0,0.0,1.0,17.0,2.0,1.0,1.0,2.0,1.0,1.0,0.0,0.0,0.0,0.0,0.0,0.0,0.6315198341033702
2024-12-11 19:00:00,1,2717.944,2719.67,2713.339,7.958928571428617,1.0,2.0,0.0,1.0,19.0,2.0,1.0,1.0,2.0,1.0,1.0,0.0,0.0,0.0,0.0,0.0,0.0,0.5519468035748386
2024-12-11 20:00:00,1,2717.175,2720.065,2716.154,7.406500000000051,1.0,2.0,0.0,1.0,20.0,2.0,1.0,1.0,2.0,1.0,1.0,0.0,0.0,0.0,0.0,0.0,0.0,0.2779878551966417
2024-12-11 21:00:00,1,2718.104,2718.83,2716.047,7.002500000000022,1.0,2.0,0.0,1.0,21.0,2.0,1.0,1.0,2.0,1.0,1.0,0.0,0.0,0.0,0.0,0.0,0.0,0.7991459999728259
2024-12-11 23:00:00,1,2719.922,2720.433,2716.918,6.816285714285706,1.0,3.0,0.0,1.0,23.0,2.0,1.0,2.0,3.0,1.0,1.0,0.0,0.0,0.0,0.0,0.0,1.0,0.46848811934616746
2024-12-12 00:00:00,0,2724.19,2724.341,2718.836,6.501714285714278,1.0,2.0,0.0,1.0,0.0,3.0,1.0,1.0,2.0,1.0,1.0,0.0,0.0,1.0,0.0,0.0,1.0,0.5517427116327505
2024-12-12 07:00:00,1,2716.047,2720.389,2715.343,7.083571428571466,1.0,4.0,0.0,1.0,7.0,3.0,1.0,3.0,4.0,1.0,0.0,0.0,0.0,1.0,0.0,1.0,1.0,0.6462586636209322
2024-12-12 09:00:00,0,2714.908,2718.685,2714.03,6.822571428571434,1.0,4.0,2.0,1.0,9.0,3.0,1.0,3.0,4.0,1.0,0.0,0.0,0.0,1.0,1.0,1.0,0.0,0.7622177846637632
2024-12-12 11:00:00,0,2710.934,2713.406,2707.31,6.951499999999994,1.0,4.0,5.0,1.0,11.0,3.0,1.0,3.0,4.0,1.0,0.0,0.0,0.0,1.0,1.0,1.0,0.0,0.8653856083844288
2024-12-12 13:00:00,0,2697.359,2711.522,2697.345,7.970285714285735,1.0,4.0,0.0,1.0,13.0,3.0,1.0,3.0,4.0,1.0,1.0,0.0,0.0,1.0,1.0,1.0,0.0,0.7805925410803581
2024-12-16 13:00:00,1,2661.97,2664.238,2658.84,5.340642857142809,1.0,4.0,0.0,0.0,13.0,0.0,1.0,3.0,4.0,0.0,1.0,0.0,0.0,1.0,1.0,1.0,0.0,0.3371252675068326
2024-12-16 14:00:00,1,2654.841,2663.035,2654.145,5.386285714285642,1.0,4.0,2.0,0.0,14.0,0.0,1.0,3.0,4.0,0.0,0.0,0.0,0.0,1.0,1.0,1.0,0.0,0.36335639046437895
2024-12-16 15:00:00,1,2654.472,2656.937,2650.833,5.192999999999919,1.0,4.0,5.0,0.0,15.0,0.0,1.0,3.0,4.0,0.0,0.0,0.0,0.0,1.0,1.0,1.0,0.0,0.30193791854138413
2024-12-16 16:00:00,1,2652.195,2655.791,2648.505,5.409285714285651,1.0,4.0,0.0,0.0,16.0,0.0,1.0,3.0,4.0,0.0,0.0,0.0,0.0,1.0,1.0,1.0,0.0,0.33993952943020256
2024-12-16 18:00:00,0,2655.337,2655.669,2651.337,5.524571428571368,1.0,2.0,1.0,0.0,18.0,0.0,1.0,1.0,2.0,0.0,0.0,0.0,0.0,1.0,0.0,0.0,0.0,0.4655264540912489
2024-12-16 23:00:00,1,2651.744,2653.006,2651.608,4.662214285714201,1.0,3.0,0.0,0.0,23.0,0.0,1.0,2.0,3.0,0.0,1.0,0.0,0.0,1.0,0.0,0.0,1.0,0.1541245580846207
2024-12-17 00:00:00,1,2655.24,2655.483,2651.122,4.663714285714215,1.0,3.0,7.0,0.0,0.0,1.0,1.0,2.0,3.0,0.0,0.0,0.0,0.0,1.0,0.0,0.0,1.0,0.821757104056942
2024-12-17 01:00:00,0,2658.015,2658.625,2654.313,4.742928571428495,1.0,5.0,0.0,0.0,1.0,1.0,1.0,4.0,5.0,0.0,0.0,0.0,0.0,1.0,1.0,1.0,1.0,0.4950764447119913
2024-12-17 02:00:00,0,2654.973,2658.607,2653.94,4.615357142857063,1.0,4.0,8.0,0.0,2.0,1.0,1.0,3.0,4.0,0.0,0.0,0.0,0.0,1.0,0.0,1.0,1.0,0.2857797711253928
2024-12-17 04:00:00,1,2651.714,2655.289,2650.882,4.3928571428570775,1.0,2.0,0.0,0.0,4.0,1.0,1.0,1.0,2.0,0.0,1.0,0.0,0.0,1.0,0.0,0.0,0.0,0.5045122081781754
2024-12-17 05:00:00,0,2653.791,2654.823,2649.0,4.173785714285649,1.0,5.0,1.0,0.0,5.0,1.0,1.0,4.0,5.0,0.0,0.0,0.0,0.0,1.0,1.0,1.0,1.0,0.8156782127701518
2024-12-17 09:00:00,1,2639.781,2646.121,2638.014,5.326499999999994,1.0,5.0,0.0,0.0,9.0,1.0,1.0,4.0,5.0,0.0,1.0,0.0,0.0,1.0,1.0,1.0,1.0,0.6749168929718792
2024-12-17 11:00:00,1,2642.187,2642.528,2636.207,5.757500000000001,1.0,5.0,7.0,0.0,11.0,1.0,1.0,4.0,5.0,0.0,0.0,0.0,0.0,1.0,1.0,1.0,1.0,0.9746876282518421
2024-12-17 12:00:00,1,2642.741,2645.538,2640.697,5.985857142857152,1.0,5.0,5.0,0.0,12.0,1.0,1.0,4.0,5.0,0.0,0.0,0.0,0.0,1.0,1.0,1.0,1.0,0.8422655516973283
2024-12-20 17:00:00,1,2625.547,2627.553,2622.142,6.613857142857212,1.0,4.0,5.0,0.0,17.0,4.0,1.0,3.0,4.0,0.0,0.0,0.0,0.0,1.0,1.0,1.0,0.0,0.7101328330440342
2024-12-20 20:00:00,1,2622.786,2628.12,2622.216,6.5622857142857685,1.0,3.0,8.0,0.0,20.0,4.0,1.0,2.0,3.0,0.0,0.0,0.0,0.0,1.0,1.0,0.0,0.0,0.7812316486578053
2024-12-20 21:00:00,1,2622.643,2624.034,2619.202,6.537714285714336,1.0,3.0,5.0,0.0,21.0,4.0,1.0,2.0,3.0,0.0,0.0,0.0,0.0,1.0,0.0,0.0,1.0,0.7906649736851079
2024-12-23 05:00:00,1,2626.668,2629.291,2624.979,6.00057142857148,1.0,3.0,4.0,0.0,5.0,0.0,1.0,2.0,3.0,0.0,0.0,0.0,0.0,1.0,0.0,1.0,0.0,0.46147751066488113
2024-12-23 06:00:00,0,2631.564,2632.975,2624.504,5.549357142857194,1.0,3.0,0.0,0.0,6.0,0.0,1.0,2.0,3.0,0.0,1.0,0.0,0.0,1.0,0.0,1.0,0.0,0.4278486701614184
2024-12-23 13:00:00,1,2617.306,2619.857,2613.945,5.745571428571436,1.0,4.0,1.0,0.0,13.0,0.0,1.0,3.0,4.0,0.0,0.0,0.0,0.0,1.0,1.0,1.0,0.0,0.5911662039197597
2024-12-23 14:00:00,0,2615.719,2619.898,2613.658,5.643142857142883,1.0,4.0,0.0,0.0,14.0,0.0,1.0,3.0,4.0,0.0,1.0,0.0,0.0,1.0,1.0,1.0,0.0,0.4956043141362226
2024-12-23 15:00:00,1,2609.762,2616.618,2609.214,5.762500000000013,1.0,4.0,0.0,0.0,15.0,0.0,1.0,3.0,4.0,0.0,1.0,0.0,0.0,1.0,1.0,1.0,0.0,0.43822963766782347
2024-12-26 18:00:00,1,2634.761,2635.975,2629.183,5.006714285714224,1.0,5.0,1.0,1.0,18.0,3.0,1.0,4.0,5.0,1.0,0.0,0.0,0.0,1.0,1.0,1.0,1.0,0.7632621747777173
2024-12-26 19:00:00,1,2634.95,2635.812,2632.689,5.058999999999936,1.0,3.0,5.0,1.0,19.0,3.0,1.0,2.0,3.0,1.0,0.0,0.0,0.0,1.0,0.0,0.0,1.0,0.3353040430568181
2024-12-26 20:00:00,0,2634.406,2636.162,2633.73,5.037999999999913,1.0,4.0,8.0,1.0,20.0,3.0,1.0,3.0,4.0,1.0,0.0,0.0,0.0,1.0,1.0,0.0,1.0,0.40980668865952535
2024-12-26 23:00:00,1,2632.684,2634.49,2624.659,5.131214285714187,1.0,2.0,0.0,1.0,23.0,3.0,1.0,1.0,2.0,1.0,0.0,0.0,0.0,1.0,0.0,0.0,0.0,0.48908412658096984
2024-12-27 01:00:00,1,2632.154,2633.866,2630.624,5.192857142857098,1.0,4.0,4.0,1.0,1.0,4.0,1.0,3.0,4.0,1.0,0.0,0.0,0.0,1.0,1.0,1.0,0.0,0.5949052462088543
2024-12-27 06:00:00,0,2634.695,2637.029,2631.256,4.196428571428539,1.0,4.0,1.0,1.0,6.0,4.0,1.0,3.0,4.0,1.0,0.0,0.0,0.0,1.0,1.0,1.0,0.0,0.6485478302378316
2024-12-27 09:00:00,1,2624.044,2627.707,2623.635,4.219285714285661,1.0,2.0,0.0,1.0,9.0,4.0,1.0,1.0,2.0,1.0,1.0,0.0,0.0,1.0,0.0,0.0,0.0,0.5767892752434163
2024-12-27 10:00:00,0,2626.676,2628.089,2623.452,4.327428571428494,1.0,2.0,1.0,1.0,10.0,4.0,1.0,1.0,2.0,1.0,0.0,0.0,0.0,1.0,0.0,0.0,0.0,0.6549094386602022
2024-12-27 13:00:00,1,2618.778,2627.301,2618.052,4.694857142857115,1.0,4.0,0.0,1.0,13.0,4.0,1.0,3.0,4.0,1.0,1.0,0.0,0.0,1.0,1.0,1.0,0.0,0.4969516554021945
2024-12-31 12:00:00,1,2611.17,2612.818,2609.323,4.354928571428478,1.0,4.0,5.0,0.0,12.0,1.0,1.0,3.0,4.0,0.0,0.0,0.0,0.0,1.0,1.0,1.0,0.0,0.6101405124344583
2024-12-31 13:00:00,1,2613.236,2616.23,2605.3,4.888142857142774,1.0,4.0,0.0,0.0,13.0,1.0,1.0,3.0,4.0,0.0,0.0,0.0,0.0,1.0,1.0,1.0,0.0,0.3476537566879193
2024-12-31 14:00:00,1,2613.634,2617.843,2611.277,5.09499999999993,1.0,4.0,5.0,0.0,14.0,1.0,1.0,3.0,4.0,0.0,0.0,0.0,0.0,1.0,1.0,1.0,0.0,0.47549551104414756
2024-12-31 15:00:00,1,2625.656,2626.638,2612.436,5.757142857142786,1.0,4.0,0.0,0.0,15.0,1.0,1.0,3.0,4.0,0.0,1.0,0.0,0.0,1.0,1.0,1.0,0.0,0.47604625969567294
2025-01-02 01:00:00,1,2632.94,2634.386,2623.813,5.916571428571452,1.0,4.0,0.0,1.0,1.0,3.0,1.0,3.0,4.0,1.0,1.0,0.0,0.0,1.0,1.0,1.0,0.0,0.5099664216095285
2025-01-02 03:00:00,0,2633.644,2635.345,2632.204,5.871071428571407,1.0,3.0,0.0,1.0,3.0,3.0,1.0,2.0,3.0,1.0,1.0,0.0,0.0,1.0,0.0,1.0,0.0,0.4120809877874001
2025-01-02 04:00:00,1,2633.925,2634.213,2631.05,5.316285714285706,1.0,2.0,0.0,1.0,4.0,3.0,1.0,1.0,2.0,1.0,1.0,0.0,0.0,1.0,0.0,0.0,0.0,0.47569606134367215
2025-01-02 07:00:00,1,2635.915,2635.994,2632.992,4.236428571428568,1.0,4.0,0.0,1.0,7.0,3.0,1.0,3.0,4.0,1.0,1.0,0.0,0.0,1.0,0.0,1.0,1.0,0.5152183426435887
2025-01-02 09:00:00,1,2636.139,2639.978,2635.885,4.372428571428535,1.0,5.0,0.0,1.0,9.0,3.0,1.0,4.0,5.0,1.0,1.0,0.0,0.0,1.0,1.0,1.0,1.0,0.8573084701096815
2025-01-02 12:00:00,1,2643.446,2646.436,2640.305,5.442214285714239,1.0,5.0,0.0,1.0,12.0,3.0,1.0,4.0,5.0,1.0,1.0,0.0,0.0,1.0,1.0,1.0,1.0,0.8744707124239423
2025-01-02 13:00:00,1,2643.006,2647.341,2636.069,5.94792857142852,1.0,5.0,5.0,1.0,13.0,3.0,1.0,4.0,5.0,1.0,0.0,0.0,0.0,1.0,1.0,1.0,1.0,0.9270082104518034
2025-01-02 15:00:00,1,2654.105,2655.876,2645.189,6.350071428571384,1.0,4.0,0.0,1.0,15.0,3.0,1.0,3.0,4.0,1.0,1.0,0.0,0.0,1.0,1.0,1.0,0.0,0.6401784258206809
2025-01-02 16:00:00,1,2659.284,2660.441,2650.035,6.79099999999994,1.0,3.0,0.0,1.0,16.0,3.0,1.0,2.0,3.0,1.0,1.0,0.0,0.0,1.0,1.0,1.0,0.0,0.7089403502560201
2025-01-03 02:00:00,1,2662.413,2664.053,2656.109,6.745214285714285,1.0,3.0,0.0,1.0,2.0,4.0,1.0,2.0,3.0,1.0,1.0,0.0,0.0,1.0,1.0,1.0,0.0,0.5036866146690641
2025-01-03 04:00:00,0,2662.838,2664.409,2661.68,5.983357142857163,2.0,2.0,1.0,1.0,4.0,4.0,2.0,0.0,2.0,1.0,1.0,0.0,0.0,1.0,0.0,0.0,0.0,0.4650884311283867
2025-01-03 05:00:00,1,2658.55,2662.925,2655.913,5.717571428571481,1.0,2.0,2.0,1.0,5.0,4.0,1.0,1.0,2.0,1.0,0.0,0.0,0.0,1.0,0.0,1.0,0.0,0.6493663015460108
2025-01-03 06:00:00,0,2659.61,2660.247,2656.696,5.207857142857165,1.0,2.0,3.0,1.0,6.0,4.0,1.0,1.0,2.0,1.0,0.0,0.0,0.0,1.0,0.0,1.0,0.0,0.432632169242859
2025-01-03 07:00:00,1,2654.195,2659.55,2651.924,5.013571428571465,1.0,2.0,8.0,1.0,7.0,4.0,1.0,1.0,2.0,1.0,0.0,0.0,0.0,1.0,0.0,1.0,0.0,0.44938859514003243
2025-01-03 09:00:00,0,2653.582,2656.006,2652.821,4.736785714285783,1.0,2.0,4.0,1.0,9.0,4.0,1.0,1.0,2.0,1.0,0.0,0.0,0.0,1.0,0.0,1.0,0.0,0.5456388478277637
2025-01-03 15:00:00,1,2643.842,2648.302,2640.927,5.784785714285785,1.0,4.0,0.0,1.0,15.0,4.0,1.0,3.0,4.0,1.0,1.0,0.0,0.0,1.0,1.0,1.0,1.0,0.5353146116532376
2025-01-03 16:00:00,1,2639.968,2647.264,2638.954,5.810928571428641,1.0,4.0,0.0,1.0,16.0,4.0,1.0,3.0,4.0,1.0,1.0,0.0,0.0,1.0,1.0,1.0,1.0,0.5479552324557542
2025-01-03 17:00:00,0,2641.763,2642.617,2639.05,5.779428571428623,1.0,4.0,0.0,1.0,17.0,4.0,1.0,3.0,4.0,1.0,1.0,0.0,0.0,1.0,1.0,1.0,1.0,0.5099527289906415
2025-01-03 20:00:00,1,2638.163,2640.094,2636.881,5.521071428571466,1.0,2.0,0.0,1.0,20.0,4.0,1.0,1.0,2.0,1.0,1.0,0.0,0.0,1.0,0.0,0.0,1.0,0.3914710880101467
2025-01-06 04:00:00,0,2635.534,2640.824,2634.197,5.23114285714288,1.0,4.0,0.0,1.0,4.0,0.0,1.0,3.0,4.0,1.0,1.0,0.0,0.0,1.0,0.0,1.0,1.0,0.24614916175337995
2025-01-06 05:00:00,1,2633.892,2636.24,2631.45,5.032357142857173,1.0,5.0,0.0,1.0,5.0,0.0,1.0,4.0,5.0,1.0,1.0,0.0,0.0,1.0,1.0,1.0,1.0,0.6690586665801385
2025-01-06 06:00:00,1,2631.535,2635.346,2630.173,4.875071428571475,1.0,4.0,0.0,1.0,6.0,0.0,1.0,3.0,4.0,1.0,1.0,0.0,0.0,1.0,0.0,1.0,1.0,0.28309953612210303
2025-01-06 12:00:00,1,2645.403,2647.861,2641.973,6.390857142857191,1.0,4.0,5.0,1.0,12.0,0.0,1.0,3.0,4.0,1.0,0.0,0.0,0.0,1.0,1.0,1.0,0.0,0.5802341410036468
2025-01-06 13:00:00,1,2624.272,2648.848,2621.621,8.140285714285742,1.0,4.0,0.0,1.0,13.0,0.0,1.0,3.0,4.0,1.0,1.0,0.0,0.0,1.0,1.0,1.0,0.0,0.6367784176545549
2025-01-07 17:00:00,0,2652.404,2656.052,2650.199,7.1342857142856895,1.0,4.0,5.0,1.0,17.0,1.0,1.0,3.0,4.0,1.0,0.0,0.0,0.0,1.0,1.0,1.0,1.0,0.6615139886454696
2025-01-07 19:00:00,1,2649.245,2650.364,2646.928,6.965857142857105,1.0,4.0,5.0,1.0,19.0,1.0,1.0,3.0,4.0,1.0,0.0,0.0,1.0,1.0,1.0,0.0,1.0,0.5204050748153626
2025-01-07 20:00:00,0,2650.439,2651.437,2647.195,6.777499999999951,1.0,2.0,3.0,1.0,20.0,1.0,1.0,1.0,2.0,1.0,0.0,0.0,1.0,1.0,0.0,0.0,0.0,0.4256191846449636
2025-01-07 21:00:00,1,2648.743,2650.541,2647.757,6.673714285714238,1.0,2.0,2.0,1.0,21.0,1.0,1.0,1.0,2.0,1.0,0.0,0.0,1.0,1.0,0.0,0.0,0.0,0.8059576944248393
2025-01-07 23:00:00,1,2649.807,2650.193,2648.355,6.461571428571395,1.0,2.0,3.0,1.0,23.0,1.0,1.0,1.0,2.0,1.0,0.0,0.0,1.0,1.0,0.0,0.0,0.0,0.676794172199531
2025-01-08 01:00:00,1,2648.781,2650.899,2647.083,6.396714285714227,1.0,3.0,2.0,1.0,1.0,2.0,1.0,2.0,3.0,1.0,0.0,0.0,1.0,1.0,0.0,1.0,0.0,0.5622529873761953
2025-01-08 02:00:00,0,2648.928,2650.435,2645.912,6.241928571428518,1.0,3.0,5.0,1.0,2.0,2.0,1.0,2.0,3.0,1.0,0.0,0.0,1.0,1.0,0.0,0.0,1.0,0.5140100389689599
2025-01-08 03:00:00,1,2646.75,2648.932,2645.569,6.098428571428518,1.0,2.0,2.0,1.0,3.0,2.0,1.0,1.0,2.0,1.0,0.0,0.0,0.0,1.0,0.0,0.0,1.0,0.6698725010493832
2025-01-08 07:00:00,1,2652.619,2654.452,2651.59,3.76049999999993,1.0,4.0,4.0,1.0,7.0,2.0,1.0,3.0,4.0,1.0,0.0,0.0,0.0,1.0,0.0,1.0,1.0,0.7120837364886466
2025-01-08 08:00:00,1,2651.948,2653.796,2649.578,3.6437142857142,1.0,4.0,2.0,1.0,8.0,2.0,1.0,3.0,4.0,1.0,0.0,0.0,0.0,1.0,0.0,1.0,1.0,0.6261327613363179
2025-01-08 09:00:00,1,2653.462,2655.026,2651.754,3.496142857142786,1.0,4.0,1.0,1.0,9.0,2.0,1.0,3.0,4.0,1.0,0.0,0.0,0.0,1.0,0.0,1.0,1.0,0.5208907076938547
2025-01-08 13:00:00,1,2660.212,2660.31,2651.566,4.301499999999903,1.0,3.0,0.0,1.0,13.0,2.0,1.0,2.0,3.0,1.0,1.0,0.0,0.0,1.0,1.0,1.0,0.0,0.6212033043569517
2025-01-08 14:00:00,1,2661.406,2667.595,2660.002,4.643714285714201,1.0,3.0,4.0,1.0,14.0,2.0,1.0,2.0,3.0,1.0,0.0,0.0,0.0,1.0,1.0,1.0,0.0,0.39446063831179634
2025-01-08 15:00:00,1,2665.818,2667.835,2659.398,4.973785714285635,1.0,3.0,0.0,1.0,15.0,2.0,1.0,2.0,3.0,1.0,1.0,0.0,0.0,1.0,1.0,1.0,0.0,0.42723912211951914
2025-01-08 17:00:00,1,2655.575,2669.906,2649.388,6.405499999999912,1.0,4.0,2.0,1.0,17.0,2.0,1.0,3.0,4.0,1.0,0.0,0.0,0.0,1.0,1.0,1.0,0.0,0.6458554324078213
2025-01-08 19:00:00,1,2658.301,2660.59,2653.373,7.018857142857087,1.0,3.0,7.0,1.0,19.0,2.0,1.0,2.0,3.0,1.0,0.0,0.0,0.0,1.0,1.0,0.0,0.0,0.9429305078437432
2025-01-08 23:00:00,0,2662.507,2663.216,2661.979,6.973499999999993,1.0,2.0,5.0,1.0,23.0,2.0,1.0,1.0,2.0,1.0,0.0,0.0,0.0,1.0,0.0,0.0,0.0,0.8352390251994704
2025-01-09 00:00:00,0,2659.96,2662.849,2659.494,6.979428571428571,1.0,2.0,2.0,1.0,0.0,3.0,1.0,1.0,2.0,1.0,0.0,0.0,0.0,1.0,0.0,0.0,0.0,0.8375422330230952
2025-01-09 02:00:00,1,2658.774,2660.14,2656.267,6.962500000000026,1.0,2.0,5.0,1.0,2.0,3.0,1.0,1.0,2.0,1.0,0.0,0.0,0.0,1.0,0.0,0.0,0.0,0.863681186110524
2025-01-09 03:00:00,0,2659.369,2662.148,2658.488,6.744142857142898,1.0,2.0,4.0,1.0,3.0,3.0,1.0,1.0,2.0,1.0,0.0,0.0,0.0,1.0,0.0,0.0,0.0,0.6433776344465071
2025-01-09 04:00:00,1,2658.923,2659.792,2655.437,6.43064285714289,1.0,2.0,0.0,1.0,4.0,3.0,1.0,1.0,2.0,1.0,0.0,0.0,0.0,1.0,0.0,0.0,0.0,0.4283177669145088
2025-01-09 06:00:00,0,2666.702,2666.973,2658.27,6.150928571428624,1.0,3.0,0.0,1.0,6.0,3.0,1.0,2.0,3.0,1.0,1.0,0.0,0.0,1.0,0.0,1.0,0.0,0.5253852953092298
2025-01-09 09:00:00,1,2664.974,2666.552,2662.302,4.71035714285722,1.0,3.0,5.0,1.0,9.0,3.0,1.0,2.0,3.0,1.0,0.0,0.0,0.0,1.0,0.0,1.0,0.0,0.6011757778982157
2025-01-09 10:00:00,1,2667.419,2668.581,2664.477,4.374285714285796,1.0,3.0,0.0,1.0,10.0,3.0,1.0,2.0,3.0,1.0,1.0,0.0,0.0,1.0,0.0,1.0,0.0,0.4890412656689912
2025-01-09 11:00:00,1,2670.266,2673.299,2665.211,4.538928571428642,1.0,4.0,0.0,1.0,11.0,3.0,1.0,3.0,4.0,1.0,1.0,0.0,0.0,1.0,1.0,1.0,0.0,0.49657866622493696
2025-01-09 12:00:00,1,2674.021,2675.199,2669.443,4.725500000000076,1.0,4.0,0.0,1.0,12.0,3.0,1.0,3.0,4.0,1.0,1.0,0.0,0.0,1.0,1.0,1.0,0.0,0.48251704092493203
2025-01-09 14:00:00,0,2672.486,2675.797,2667.198,5.433571428571505,1.0,4.0,5.0,1.0,14.0,3.0,1.0,3.0,4.0,1.0,0.0,0.0,0.0,1.0,1.0,1.0,0.0,0.5570723711366944
2025-01-09 17:00:00,1,2665.938,2668.608,2662.644,5.899428571428676,1.0,4.0,0.0,1.0,17.0,3.0,1.0,3.0,4.0,1.0,0.0,0.0,0.0,1.0,1.0,1.0,0.0,0.5851246918766373
2025-01-09 18:00:00,1,2671.32,2672.51,2665.038,6.122071428571546,1.0,3.0,1.0,1.0,18.0,3.0,1.0,2.0,3.0,1.0,0.0,0.0,0.0,1.0,1.0,0.0,0.0,0.7101672794916334
2025-01-10 03:00:00,1,2673.658,2674.771,2672.525,4.422928571428656,1.0,4.0,5.0,1.0,3.0,4.0,1.0,3.0,4.0,1.0,0.0,0.0,0.0,1.0,0.0,1.0,1.0,0.624037490153358
2025-01-10 06:00:00,0,2678.163,2678.552,2674.233,3.609500000000058,1.0,4.0,0.0,1.0,6.0,4.0,1.0,3.0,4.0,1.0,1.0,0.0,0.0,1.0,0.0,1.0,1.0,0.43816977871650215
2025-01-10 07:00:00,1,2676.146,2678.751,2673.499,3.644714285714372,1.0,5.0,0.0,1.0,7.0,4.0,1.0,4.0,5.0,1.0,1.0,0.0,0.0,1.0,1.0,1.0,1.0,0.7985465285804373
2025-01-10 08:00:00,1,2680.057,2680.469,2675.713,3.558428571428619,1.0,5.0,0.0,1.0,8.0,4.0,1.0,4.0,5.0,1.0,1.0,0.0,0.0,1.0,1.0,1.0,1.0,0.7297683983147611
2025-01-10 11:00:00,1,2681.402,2683.088,2680.242,3.544857142857154,1.0,4.0,0.0,1.0,11.0,4.0,1.0,3.0,4.0,1.0,1.0,0.0,0.0,1.0,1.0,1.0,1.0,0.37978518777693887
2025-01-10 21:00:00,1,2689.551,2693.773,2689.005,8.147142857142853,1.0,2.0,6.0,1.0,21.0,4.0,1.0,1.0,2.0,1.0,0.0,0.0,0.0,1.0,0.0,0.0,0.0,0.91831901346506
2025-01-12 23:00:00,1,2691.105,2691.375,2687.575,8.078857142857162,1.0,2.0,3.0,1.0,23.0,6.0,1.0,1.0,2.0,1.0,0.0,0.0,0.0,1.0,0.0,0.0,0.0,0.8091055344741316
2025-01-13 00:00:00,0,2689.726,2693.356,2688.07,8.110357142857149,1.0,2.0,2.0,1.0,0.0,0.0,1.0,1.0,2.0,1.0,0.0,0.0,0.0,1.0,0.0,0.0,0.0,0.6859906938973692
2025-01-13 01:00:00,1,2685.548,2690.051,2679.294,8.558357142857176,1.0,4.0,0.0,1.0,1.0,0.0,1.0,3.0,4.0,1.0,0.0,0.0,0.0,1.0,1.0,1.0,0.0,0.6945668312149269
2025-01-13 05:00:00,1,2686.936,2686.979,2683.273,6.949357142857123,1.0,3.0,3.0,1.0,5.0,0.0,1.0,2.0,3.0,1.0,0.0,0.0,0.0,1.0,0.0,1.0,0.0,0.7582602165134793
2025-01-13 06:00:00,0,2689.96,2691.323,2686.899,6.149071428571427,1.0,2.0,0.0,1.0,6.0,0.0,1.0,1.0,2.0,1.0,0.0,0.0,0.0,1.0,0.0,0.0,0.0,0.4267089551961141
2025-01-13 09:00:00,0,2684.871,2688.325,2682.876,5.371857142857119,1.0,3.0,8.0,1.0,9.0,0.0,1.0,2.0,3.0,1.0,0.0,0.0,0.0,1.0,0.0,1.0,0.0,0.5329730279854749
2025-01-13 11:00:00,0,2675.952,2680.579,2675.449,5.612357142857101,1.0,3.0,0.0,1.0,11.0,0.0,1.0,2.0,3.0,1.0,1.0,0.0,0.0,1.0,0.0,1.0,0.0,0.4633322087843617
2025-01-13 14:00:00,0,2671.724,2674.242,2664.018,6.883357142857092,1.0,4.0,3.0,1.0,14.0,0.0,1.0,3.0,4.0,1.0,0.0,0.0,0.0,1.0,1.0,1.0,0.0,0.6995595763734876
2025-01-13 16:00:00,1,2661.322,2668.0,2660.625,7.075428571428509,1.0,4.0,0.0,1.0,16.0,0.0,1.0,3.0,4.0,1.0,1.0,0.0,0.0,1.0,1.0,1.0,0.0,0.7290086216753078
2025-01-13 18:00:00,1,2659.293,2662.449,2657.525,7.075357142857066,1.0,2.0,0.0,1.0,18.0,0.0,1.0,1.0,2.0,1.0,1.0,0.0,0.0,1.0,0.0,0.0,0.0,0.43375018873578136
2025-01-15 03:00:00,0,2676.091,2676.339,2672.339,5.345214285714259,1.0,2.0,0.0,1.0,3.0,2.0,1.0,1.0,2.0,1.0,1.0,0.0,0.0,1.0,0.0,0.0,0.0,0.4461651066596162
2025-01-15 04:00:00,1,2675.564,2676.716,2674.183,4.539571428571402,1.0,3.0,0.0,1.0,4.0,2.0,1.0,2.0,3.0,1.0,1.0,0.0,0.0,1.0,0.0,0.0,1.0,0.45908982455605957
2025-01-15 06:00:00,1,2681.001,2683.326,2679.045,4.190142857142844,1.0,4.0,0.0,1.0,6.0,2.0,1.0,3.0,4.0,1.0,1.0,0.0,0.0,1.0,0.0,1.0,1.0,0.5764778010676956
2025-01-15 08:00:00,1,2683.909,2685.327,2681.151,4.189857142857136,1.0,5.0,0.0,1.0,8.0,2.0,1.0,4.0,5.0,1.0,1.0,0.0,0.0,1.0,1.0,1.0,1.0,0.8977291557437074
2025-01-15 09:00:00,1,2685.934,2688.549,2682.929,4.174357142857128,1.0,4.0,0.0,1.0,9.0,2.0,1.0,3.0,4.0,1.0,1.0,0.0,0.0,1.0,0.0,1.0,1.0,0.6075279983439317
2025-01-15 10:00:00,0,2688.343,2689.064,2684.743,4.165857142857119,1.0,5.0,0.0,1.0,10.0,2.0,1.0,4.0,5.0,1.0,1.0,0.0,0.0,1.0,1.0,1.0,1.0,0.896925968493973
2025-01-15 11:00:00,1,2686.779,2689.002,2685.198,4.102714285714261,1.0,5.0,0.0,1.0,11.0,2.0,1.0,4.0,5.0,1.0,1.0,0.0,0.0,1.0,1.0,1.0,1.0,0.9023228939540507
2025-01-15 13:00:00,0,2693.807,2694.261,2682.127,4.76921428571427,1.0,4.0,0.0,1.0,13.0,2.0,1.0,3.0,4.0,1.0,1.0,0.0,0.0,1.0,1.0,1.0,0.0,0.5039258636046778
2025-01-15 15:00:00,1,2678.475,2683.017,2676.64,5.933642857142851,1.0,4.0,0.0,1.0,15.0,2.0,1.0,3.0,4.0,1.0,0.0,0.0,0.0,1.0,1.0,1.0,0.0,0.550552954038703
2025-01-15 16:00:00,1,2689.305,2689.97,2676.925,6.461714285714249,1.0,4.0,7.0,1.0,16.0,2.0,1.0,3.0,4.0,1.0,0.0,0.0,0.0,1.0,1.0,1.0,0.0,0.9440827038036926
2025-01-15 17:00:00,1,2692.601,2692.994,2688.491,6.497642857142831,1.0,4.0,0.0,1.0,17.0,2.0,1.0,3.0,4.0,1.0,1.0,0.0,0.0,1.0,1.0,1.0,0.0,0.6322571155776086
2025-01-15 18:00:00,1,2694.03,2695.046,2691.09,6.5992857142856725,1.0,3.0,0.0,1.0,18.0,2.0,1.0,2.0,3.0,1.0,1.0,0.0,0.0,1.0,0.0,1.0,0.0,0.6862678339440615
2025-01-15 20:00:00,1,2696.253,2696.605,2693.239,6.372214285714238,1.0,2.0,0.0,1.0,20.0,2.0,1.0,1.0,2.0,1.0,1.0,0.0,0.0,1.0,0.0,0.0,0.0,0.5935408616996473
2025-01-16 03:00:00,0,2697.194,2698.553,2695.717,6.42357142857132,1.0,2.0,5.0,1.0,3.0,3.0,1.0,1.0,2.0,1.0,0.0,0.0,0.0,1.0,0.0,0.0,0.0,0.5381329099127827
2025-01-16 04:00:00,0,2697.464,2698.06,2696.743,5.650928571428461,1.0,2.0,1.0,1.0,4.0,3.0,1.0,1.0,2.0,1.0,0.0,0.0,0.0,1.0,0.0,0.0,0.0,0.730796163633354
2025-01-16 05:00:00,0,2694.6,2697.5,2693.736,4.642071428571334,1.0,3.0,8.0,1.0,5.0,3.0,1.0,2.0,3.0,1.0,0.0,0.0,0.0,1.0,0.0,1.0,0.0,0.5054330728520066
2025-01-16 06:00:00,1,2693.815,2695.489,2689.907,4.585285714285614,1.0,3.0,0.0,1.0,6.0,3.0,1.0,2.0,3.0,1.0,0.0,0.0,0.0,1.0,0.0,1.0,0.0,0.28450074692766236
2025-01-16 09:00:00,1,2705.379,2706.135,2697.448,4.574714285714241,1.0,3.0,0.0,1.0,9.0,3.0,1.0,2.0,3.0,1.0,1.0,0.0,0.0,1.0,0.0,1.0,0.0,0.3687644275404133
2025-01-16 10:00:00,1,2707.797,2708.6,2704.646,4.670499999999947,1.0,3.0,0.0,1.0,10.0,3.0,1.0,2.0,3.0,1.0,1.0,0.0,0.0,1.0,0.0,1.0,0.0,0.3925123761510095
2025-01-16 11:00:00,1,2706.412,2711.137,2706.169,4.784928571428542,1.0,3.0,6.0,1.0,11.0,3.0,1.0,2.0,3.0,1.0,0.0,0.0,0.0,1.0,0.0,1.0,0.0,0.7085968402383414
2025-01-16 14:00:00,1,2718.674,2719.379,2712.916,6.0738571428571175,1.0,4.0,0.0,1.0,14.0,3.0,1.0,3.0,4.0,1.0,1.0,0.0,0.0,1.0,1.0,1.0,0.0,0.6339333741212962
2025-01-16 15:00:00,1,2716.877,2719.718,2712.632,6.029285714285671,1.0,4.0,0.0,1.0,15.0,3.0,1.0,3.0,4.0,1.0,1.0,0.0,0.0,1.0,1.0,1.0,0.0,0.6057302641328993
2025-01-16 18:00:00,1,2715.24,2723.282,2714.729,6.922428571428587,1.0,2.0,2.0,1.0,18.0,3.0,1.0,1.0,2.0,1.0,0.0,0.0,0.0,1.0,0.0,0.0,0.0,0.6347569926505581
2025-01-16 19:00:00,0,2715.346,2717.173,2714.633,6.835000000000004,1.0,2.0,5.0,1.0,19.0,3.0,1.0,1.0,2.0,1.0,0.0,0.0,0.0,1.0,0.0,0.0,0.0,0.44518352894901053
2025-01-16 23:00:00,1,2714.578,2715.219,2712.401,6.163285714285751,1.0,2.0,5.0,1.0,23.0,3.0,1.0,1.0,2.0,1.0,0.0,0.0,0.0,1.0,0.0,0.0,0.0,0.7563313555003075
2025-01-17 00:00:00,0,2714.7,2716.068,2713.712,5.711071428571456,1.0,2.0,5.0,1.0,0.0,4.0,1.0,1.0,2.0,1.0,0.0,0.0,0.0,1.0,0.0,0.0,0.0,0.8234929769441743
2025-01-17 01:00:00,1,2714.649,2714.855,2709.82,5.788285714285751,1.0,4.0,0.0,1.0,1.0,4.0,1.0,3.0,4.0,1.0,0.0,0.0,0.0,1.0,0.0,1.0,1.0,0.4163532274786785
2025-01-17 03:00:00,0,2715.428,2717.34,2714.547,5.33907142857145,1.0,3.0,0.0,1.0,3.0,4.0,1.0,2.0,3.0,1.0,0.0,0.0,0.0,1.0,0.0,0.0,1.0,0.3329654474082561
2025-01-17 07:00:00,1,2710.528,2714.639,2708.585,3.853857142857221,1.0,4.0,2.0,1.0,7.0,4.0,1.0,3.0,4.0,1.0,0.0,0.0,0.0,1.0,0.0,1.0,1.0,0.7384547999151021
2025-01-17 09:00:00,1,2704.76,2712.019,2703.909,3.698642857142886,1.0,4.0,8.0,1.0,9.0,4.0,1.0,3.0,4.0,1.0,0.0,0.0,0.0,1.0,0.0,1.0,1.0,0.6063493823213181
2025-01-17 10:00:00,1,2703.999,2706.229,2702.803,3.761928571428598,1.0,3.0,0.0,1.0,10.0,4.0,1.0,2.0,3.0,1.0,1.0,0.0,0.0,1.0,0.0,1.0,0.0,0.6390173712684617
2025-01-17 11:00:00,1,2708.041,2708.814,2703.656,3.938285714285744,1.0,3.0,7.0,1.0,11.0,4.0,1.0,2.0,3.0,1.0,0.0,0.0,0.0,1.0,0.0,1.0,0.0,0.9392708793603264
2025-01-21 08:00:00,0,2723.267,2730.056,2721.418,6.935142857142929,1.0,4.0,8.0,1.0,8.0,1.0,1.0,3.0,4.0,1.0,0.0,0.0,0.0,1.0,1.0,1.0,0.0,0.7862407787809248
2025-01-21 10:00:00,1,2719.824,2723.968,2718.902,6.82528571428572,1.0,3.0,6.0,1.0,10.0,1.0,1.0,2.0,3.0,1.0,0.0,0.0,0.0,1.0,0.0,1.0,0.0,0.7011676839232617
2025-01-21 13:00:00,1,2726.239,2730.029,2724.621,7.236642857142864,1.0,4.0,5.0,1.0,13.0,1.0,1.0,3.0,4.0,1.0,0.0,0.0,0.0,1.0,1.0,1.0,0.0,0.7703721883180353
2025-01-21 16:00:00,1,2743.056,2744.972,2737.837,6.770999999999991,1.0,4.0,0.0,1.0,16.0,1.0,1.0,3.0,4.0,1.0,1.0,0.0,0.0,1.0,1.0,1.0,0.0,0.6183193777363333
2025-01-21 19:00:00,0,2742.838,2745.348,2741.429,6.878428571428556,1.0,2.0,0.0,1.0,19.0,1.0,1.0,1.0,2.0,1.0,1.0,0.0,0.0,1.0,0.0,0.0,0.0,0.4489709107834048
2025-01-21 20:00:00,1,2742.392,2743.245,2740.084,6.699714285714273,1.0,2.0,0.0,1.0,20.0,1.0,1.0,1.0,2.0,1.0,1.0,0.0,0.0,1.0,0.0,0.0,0.0,0.4688641387179802
2025-01-21 21:00:00,0,2744.674,2745.863,2741.999,6.25428571428571,1.0,2.0,0.0,1.0,21.0,1.0,1.0,1.0,2.0,1.0,1.0,0.0,0.0,1.0,0.0,0.0,0.0,0.7284319019969739
2025-01-21 23:00:00,1,2744.259,2745.134,2741.983,5.8623571428571335,1.0,3.0,0.0,1.0,23.0,1.0,1.0,2.0,3.0,1.0,1.0,0.0,0.0,1.0,0.0,1.0,0.0,0.5255950499437955
2025-01-22 00:00:00,1,2748.223,2749.087,2742.713,5.861785714285718,1.0,4.0,0.0,1.0,0.0,2.0,1.0,3.0,4.0,1.0,1.0,0.0,1.0,1.0,0.0,1.0,0.0,0.6978702402199557
2025-01-22 03:00:00,1,2750.266,2751.086,2747.884,5.261928571428565,1.0,4.0,0.0,1.0,3.0,2.0,1.0,3.0,4.0,1.0,1.0,0.0,1.0,1.0,0.0,1.0,0.0,0.34228401556159344
2025-01-22 04:00:00,1,2752.075,2752.965,2749.308,5.136857142857155,1.0,4.0,0.0,1.0,4.0,2.0,1.0,3.0,4.0,1.0,1.0,0.0,1.0,1.0,0.0,1.0,0.0,0.41111334692700774
2025-01-22 05:00:00,0,2758.062,2758.831,2750.231,4.803642857142871,1.0,3.0,0.0,1.0,5.0,2.0,1.0,2.0,3.0,1.0,1.0,0.0,0.0,1.0,1.0,1.0,0.0,0.44269800477483057
2025-01-22 06:00:00,1,2746.814,2758.217,2745.549,5.294428571428592,1.0,3.0,0.0,1.0,6.0,2.0,1.0,2.0,3.0,1.0,0.0,0.0,0.0,1.0,1.0,1.0,0.0,0.4194471529521575
2025-01-22 07:00:00,1,2748.781,2754.003,2746.455,5.323928571428594,1.0,4.0,4.0,1.0,7.0,2.0,1.0,3.0,4.0,1.0,0.0,0.0,1.0,1.0,1.0,1.0,0.0,0.5631543025299556
2025-01-22 09:00:00,1,2758.438,2762.335,2752.846,5.666428571428567,1.0,3.0,0.0,1.0,9.0,2.0,1.0,2.0,3.0,1.0,1.0,0.0,0.0,1.0,1.0,1.0,0.0,0.7170519050418305
2025-01-22 11:00:00,1,2756.534,2760.611,2756.37,5.830357142857143,1.0,2.0,2.0,1.0,11.0,2.0,1.0,1.0,2.0,1.0,0.0,0.0,0.0,1.0,0.0,0.0,0.0,0.7213836716223377
2025-01-22 12:00:00,1,2758.236,2758.722,2751.778,6.0503571428571705,1.0,4.0,3.0,1.0,12.0,2.0,1.0,3.0,4.0,1.0,0.0,0.0,0.0,1.0,1.0,1.0,0.0,0.7035966795198674
2025-01-22 13:00:00,0,2757.612,2761.606,2750.854,6.593285714285782,1.0,4.0,5.0,1.0,13.0,2.0,1.0,3.0,4.0,1.0,0.0,0.0,0.0,1.0,1.0,1.0,0.0,0.7815852677434347
2025-01-22 14:00:00,1,2753.872,2758.242,2750.329,6.703214285714369,1.0,4.0,0.0,1.0,14.0,2.0,1.0,3.0,4.0,1.0,0.0,0.0,0.0,1.0,1.0,1.0,0.0,0.5790338839437651
2025-01-22 23:00:00,0,2755.583,2756.66,2753.88,5.434928571428633,1.0,3.0,5.0,1.0,23.0,2.0,1.0,2.0,3.0,1.0,0.0,0.0,0.0,1.0,0.0,0.0,1.0,0.5766637770595561
2025-01-29 07:00:00,1,2759.074,2760.605,2757.414,2.7332857142857523,1.0,2.0,5.0,1.0,7.0,2.0,1.0,1.0,2.0,1.0,0.0,0.0,0.0,1.0,0.0,1.0,0.0,0.5424969681836237
2025-01-29 09:00:00,0,2762.843,2764.469,2760.372,3.0337857142857763,1.0,3.0,0.0,1.0,9.0,2.0,1.0,2.0,3.0,1.0,1.0,0.0,0.0,1.0,1.0,1.0,0.0,0.5206230403370954
2025-01-29 13:00:00,1,2758.68,2759.544,2752.204,3.764214285714291,1.0,3.0,3.0,1.0,13.0,2.0,1.0,2.0,3.0,1.0,0.0,0.0,0.0,1.0,1.0,1.0,0.0,0.6932597467991956
2025-01-29 15:00:00,1,2754.11,2759.724,2748.2,4.536214285714323,1.0,3.0,8.0,1.0,15.0,2.0,1.0,2.0,3.0,1.0,0.0,0.0,0.0,1.0,1.0,1.0,0.0,0.44952057500478887
2025-01-29 16:00:00,1,2751.511,2756.29,2748.248,4.94771428571432,1.0,4.0,0.0,1.0,16.0,2.0,1.0,3.0,4.0,1.0,1.0,0.0,1.0,1.0,1.0,1.0,0.0,0.3792665355512845
2025-01-29 18:00:00,1,2751.511,2753.881,2748.752,5.196714285714312,1.0,2.0,0.0,1.0,18.0,2.0,1.0,1.0,2.0,1.0,1.0,0.0,1.0,1.0,0.0,0.0,0.0,0.34293613971324355
2025-01-29 20:00:00,1,2754.903,2759.037,2752.745,6.168000000000022,1.0,4.0,5.0,1.0,20.0,2.0,1.0,3.0,4.0,1.0,0.0,0.0,0.0,1.0,1.0,1.0,0.0,0.6761339335988868
2025-01-29 21:00:00,1,2759.022,2759.596,2754.037,6.337142857142908,1.0,2.0,1.0,1.0,21.0,2.0,1.0,1.0,2.0,1.0,0.0,0.0,0.0,1.0,0.0,0.0,0.0,0.8038854477885369
2025-01-30 00:00:00,0,2762.159,2762.529,2758.925,5.982357142857154,1.0,3.0,0.0,1.0,0.0,3.0,1.0,2.0,3.0,1.0,1.0,0.0,0.0,1.0,0.0,0.0,1.0,0.6794827088850447
2025-01-30 02:00:00,1,2760.307,2761.688,2759.184,5.748785714285726,1.0,4.0,5.0,1.0,2.0,3.0,1.0,3.0,4.0,1.0,0.0,0.0,0.0,1.0,0.0,1.0,1.0,0.6143264284932576
2025-01-30 06:00:00,1,2765.558,2766.445,2760.209,4.939428571428672,1.0,3.0,0.0,1.0,6.0,3.0,1.0,2.0,3.0,1.0,1.0,0.0,0.0,1.0,0.0,1.0,1.0,0.41191641337430346
2025-01-30 07:00:00,1,2769.113,2769.528,2764.96,4.691285714285804,1.0,3.0,0.0,1.0,7.0,3.0,1.0,2.0,3.0,1.0,1.0,0.0,0.0,1.0,0.0,1.0,1.0,0.38530969696198275
2025-01-30 08:00:00,0,2776.195,2776.627,2768.322,5.035000000000049,1.0,3.0,0.0,1.0,8.0,3.0,1.0,2.0,3.0,1.0,1.0,0.0,0.0,1.0,0.0,1.0,1.0,0.45555455906522463
2025-01-30 09:00:00,1,2774.269,2776.453,2771.466,5.024857142857205,1.0,2.0,0.0,1.0,9.0,3.0,1.0,1.0,2.0,1.0,1.0,0.0,0.0,1.0,0.0,1.0,0.0,0.38083224275952965
2025-01-30 13:00:00,1,2785.773,2786.083,2778.819,4.500642857142923,1.0,3.0,0.0,1.0,13.0,3.0,1.0,2.0,3.0,1.0,1.0,0.0,0.0,1.0,1.0,1.0,0.0,0.6160239754844764
2025-01-30 15:00:00,0,2795.411,2796.778,2786.742,5.386571428571448,1.0,3.0,0.0,1.0,15.0,3.0,1.0,2.0,3.0,1.0,1.0,0.0,0.0,1.0,1.0,1.0,0.0,0.37371362625405696
2025-01-30 17:00:00,1,2795.536,2795.916,2788.797,6.069928571428558,1.0,3.0,0.0,1.0,17.0,3.0,1.0,2.0,3.0,1.0,1.0,0.0,0.0,1.0,1.0,1.0,0.0,0.6521676716350027
2025-01-30 23:00:00,0,2796.146,2796.944,2792.607,6.244571428571395,2.0,2.0,3.0,1.0,23.0,3.0,2.0,0.0,2.0,1.0,1.0,0.0,0.0,1.0,0.0,0.0,0.0,0.6094032966713241
2025-01-31 04:00:00,1,2795.854,2796.484,2794.499,5.543928571428523,2.0,2.0,8.0,1.0,4.0,4.0,2.0,0.0,2.0,1.0,1.0,0.0,0.0,1.0,0.0,0.0,0.0,0.3926563467106238
2025-01-31 07:00:00,1,2798.232,2801.063,2792.329,4.672785714285737,1.0,3.0,0.0,1.0,7.0,4.0,1.0,2.0,3.0,1.0,1.0,0.0,1.0,1.0,0.0,1.0,0.0,0.41571006752248235
2025-01-31 11:00:00,1,2800.195,2800.867,2792.336,4.774571428571464,1.0,5.0,0.0,1.0,11.0,4.0,1.0,4.0,5.0,1.0,1.0,0.0,1.0,1.0,1.0,1.0,0.0,0.8721446648724466
2025-01-31 12:00:00,1,2805.492,2807.873,2799.977,4.786642857142884,1.0,4.0,0.0,1.0,12.0,4.0,1.0,3.0,4.0,1.0,1.0,0.0,0.0,1.0,1.0,1.0,0.0,0.515541163633287
2025-01-31 13:00:00,1,2806.383,2808.54,2803.225,4.856500000000032,1.0,4.0,0.0,1.0,13.0,4.0,1.0,3.0,4.0,1.0,1.0,0.0,0.0,1.0,1.0,1.0,0.0,0.5112883746447966
2025-01-31 14:00:00,1,2812.315,2812.532,2804.505,5.055000000000031,1.0,4.0,0.0,1.0,14.0,4.0,1.0,3.0,4.0,1.0,1.0,0.0,0.0,1.0,1.0,1.0,0.0,0.44909889255905544
2025-01-31 17:00:00,0,2808.744,2816.241,2802.916,6.448785714285772,1.0,4.0,5.0,1.0,17.0,4.0,1.0,3.0,4.0,1.0,0.0,0.0,0.0,1.0,1.0,1.0,0.0,0.6585674121756868
2025-01-31 18:00:00,1,2798.89,2808.969,2795.25,7.286928571428624,1.0,5.0,8.0,1.0,18.0,4.0,1.0,4.0,5.0,1.0,0.0,0.0,1.0,1.0,1.0,1.0,0.0,0.7942951576710315
2025-01-31 19:00:00,0,2796.26,2802.906,2795.44,7.634714285714316,1.0,4.0,6.0,1.0,19.0,4.0,1.0,3.0,4.0,1.0,0.0,0.0,0.0,1.0,1.0,1.0,0.0,0.793782495692737
2025-02-03 16:00:00,1,2814.199,2825.325,2812.768,9.140714285714305,1.0,4.0,6.0,1.0,16.0,0.0,1.0,3.0,4.0,1.0,0.0,0.0,0.0,1.0,1.0,1.0,0.0,0.7871117045437078
2025-02-03 17:00:00,0,2817.193,2822.174,2814.004,9.272,1.0,3.0,4.0,1.0,17.0,0.0,1.0,2.0,3.0,1.0,0.0,0.0,0.0,1.0,0.0,1.0,0.0,0.7194071560867261
2025-02-03 23:00:00,1,2814.023,2815.229,2811.888,8.256500000000026,1.0,2.0,0.0,1.0,23.0,0.0,1.0,1.0,2.0,1.0,0.0,0.0,0.0,1.0,0.0,0.0,0.0,0.6691230444260856
2025-02-04 02:00:00,1,2821.117,2824.726,2816.747,8.37714285714284,1.0,3.0,0.0,1.0,2.0,1.0,1.0,2.0,3.0,1.0,0.0,0.0,0.0,1.0,0.0,1.0,0.0,0.7110079761279767
2025-02-04 03:00:00,0,2821.403,2824.37,2817.381,8.131857142857111,1.0,3.0,5.0,1.0,3.0,1.0,1.0,2.0,3.0,1.0,0.0,0.0,0.0,1.0,0.0,1.0,0.0,0.8263945447502101
2025-02-04 04:00:00,0,2819.184,2821.48,2818.036,8.069857142857115,1.0,4.0,8.0,1.0,4.0,1.0,1.0,3.0,4.0,1.0,0.0,0.0,0.0,1.0,1.0,1.0,0.0,0.7743038374870419
2025-02-04 16:00:00,1,2840.402,2842.454,2832.438,8.258357142857124,1.0,4.0,1.0,1.0,16.0,1.0,1.0,3.0,4.0,1.0,0.0,0.0,0.0,0.0,1.0,1.0,0.0,0.6819036885188468
2025-02-04 17:00:00,0,2844.06,2844.741,2839.375,8.14242857142855,1.0,2.0,0.0,1.0,17.0,1.0,1.0,1.0,2.0,1.0,1.0,0.0,0.0,0.0,0.0,0.0,0.0,0.5713760625656329
2025-02-04 18:00:00,1,2842.656,2844.955,2842.449,8.075428571428542,1.0,2.0,0.0,1.0,18.0,1.0,1.0,1.0,2.0,1.0,1.0,0.0,0.0,1.0,0.0,0.0,0.0,0.5941968787195531
2025-02-04 19:00:00,0,2843.057,2844.118,2841.868,7.803571428571396,1.0,2.0,0.0,1.0,19.0,1.0,1.0,1.0,2.0,1.0,1.0,0.0,0.0,1.0,0.0,0.0,0.0,0.5427234831610803
2025-02-04 23:00:00,1,2841.206,2842.704,2840.386,6.974357142857083,1.0,2.0,5.0,1.0,23.0,1.0,1.0,1.0,2.0,1.0,0.0,0.0,0.0,1.0,0.0,0.0,0.0,0.8403828256209767
2025-02-05 00:00:00,1,2845.348,2848.257,2840.627,6.961214285714244,1.0,2.0,0.0,1.0,0.0,2.0,1.0,1.0,2.0,1.0,1.0,0.0,0.0,1.0,0.0,0.0,0.0,0.7361854757786129
2025-02-05 03:00:00,1,2852.338,2854.316,2849.841,7.244000000000012,1.0,3.0,0.0,1.0,3.0,2.0,1.0,2.0,3.0,1.0,1.0,0.0,0.0,0.0,0.0,1.0,0.0,0.6432848250859826
2025-02-05 04:00:00,1,2855.324,2858.131,2851.866,6.568214285714313,1.0,2.0,0.0,1.0,4.0,2.0,1.0,1.0,2.0,1.0,1.0,0.0,0.0,0.0,0.0,0.0,0.0,0.5656430542512383
2025-02-05 05:00:00,1,2859.339,2860.606,2853.581,6.184071428571444,1.0,3.0,0.0,1.0,5.0,2.0,1.0,2.0,3.0,1.0,1.0,0.0,0.0,0.0,0.0,1.0,0.0,0.3544724184039516
2025-02-05 08:00:00,1,2867.471,2869.828,2863.53,5.703499999999979,1.0,3.0,0.0,1.0,8.0,2.0,1.0,2.0,3.0,1.0,1.0,0.0,0.0,0.0,0.0,1.0,0.0,0.5851563423991415
2025-02-05 09:00:00,1,2870.312,2872.316,2865.336,6.023071428571419,1.0,3.0,0.0,1.0,9.0,2.0,1.0,2.0,3.0,1.0,1.0,0.0,0.0,0.0,0.0,1.0,0.0,0.38344853520511046
2025-02-05 10:00:00,1,2867.845,2877.069,2866.05,6.649428571428546,1.0,3.0,6.0,1.0,10.0,2.0,1.0,2.0,3.0,1.0,0.0,0.0,0.0,0.0,0.0,1.0,0.0,0.7455358382089171
2025-02-05 11:00:00,1,2868.658,2870.517,2864.744,6.7710714285714015,1.0,4.0,5.0,1.0,11.0,2.0,1.0,3.0,4.0,1.0,0.0,0.0,0.0,0.0,1.0,1.0,0.0,0.6009497978153093
2025-02-05 14:00:00,0,2870.908,2872.622,2860.616,7.804499999999962,1.0,3.0,7.0,1.0,14.0,2.0,1.0,2.0,3.0,1.0,0.0,0.0,0.0,0.0,1.0,1.0,0.0,0.9617086964611831
2025-02-05 19:00:00,1,2863.512,2869.023,2862.652,8.823642857142788,1.0,4.0,6.0,1.0,19.0,2.0,1.0,3.0,4.0,1.0,0.0,0.0,0.0,1.0,1.0,1.0,0.0,0.8361624189692335
2025-02-05 20:00:00,1,2862.601,2866.19,2859.882,8.932428571428513,1.0,3.0,0.0,1.0,20.0,2.0,1.0,2.0,3.0,1.0,0.0,0.0,0.0,1.0,0.0,1.0,0.0,0.6847989348381481
2025-02-05 21:00:00,1,2867.349,2867.376,2861.189,8.701571428571404,1.0,2.0,1.0,1.0,21.0,2.0,1.0,1.0,2.0,1.0,0.0,0.0,0.0,0.0,0.0,0.0,0.0,0.8552266921620816
2025-02-06 00:00:00,1,2869.814,2870.003,2867.299,8.297357142857143,1.0,2.0,3.0,1.0,0.0,3.0,1.0,1.0,2.0,1.0,0.0,0.0,0.0,0.0,0.0,0.0,0.0,0.7556833190231288
2025-02-06 01:00:00,1,2871.559,2871.91,2863.675,8.098499999999992,1.0,4.0,3.0,1.0,1.0,3.0,1.0,3.0,4.0,1.0,0.0,0.0,0.0,0.0,1.0,1.0,0.0,0.8558217328864931
2025-02-06 02:00:00,1,2870.679,2873.32,2868.298,8.044857142857186,1.0,2.0,0.0,1.0,2.0,3.0,1.0,1.0,2.0,1.0,0.0,0.0,0.0,1.0,0.0,0.0,0.0,0.7378385855997137
2025-02-06 04:00:00,1,2868.5,2872.366,2868.292,7.65021428571429,1.0,2.0,6.0,1.0,4.0,3.0,1.0,1.0,2.0,1.0,0.0,0.0,0.0,1.0,0.0,0.0,0.0,0.8422147711459927
2025-02-06 05:00:00,1,2868.333,2869.978,2865.406,7.119214285714309,1.0,3.0,5.0,1.0,5.0,3.0,1.0,2.0,3.0,1.0,0.0,0.0,0.0,1.0,0.0,1.0,0.0,0.8854470274154973
2025-02-06 06:00:00,1,2859.198,2871.403,2858.068,7.249071428571402,1.0,4.0,0.0,1.0,6.0,3.0,1.0,3.0,4.0,1.0,1.0,0.0,0.0,1.0,1.0,1.0,0.0,0.7174908613381943
2025-02-06 07:00:00,1,2855.837,2861.855,2855.002,6.440214285714286,1.0,3.0,0.0,1.0,7.0,3.0,1.0,2.0,3.0,1.0,1.0,0.0,0.0,1.0,0.0,1.0,0.0,0.45896316919816793
2025-02-07 07:00:00,1,2864.214,2865.694,2860.242,4.584928571428561,1.0,4.0,1.0,1.0,7.0,4.0,1.0,3.0,4.0,1.0,0.0,0.0,0.0,1.0,0.0,1.0,1.0,0.39057702112171866
2025-02-07 09:00:00,0,2868.975,2870.669,2865.513,4.597928571428546,1.0,4.0,0.0,1.0,9.0,4.0,1.0,3.0,4.0,1.0,1.0,0.0,0.0,1.0,1.0,1.0,0.0,0.4994534688528448
2025-02-07 10:00:00,0,2867.538,2869.287,2863.332,4.74799999999995,1.0,4.0,0.0,1.0,10.0,4.0,1.0,3.0,4.0,1.0,1.0,0.0,0.0,1.0,1.0,1.0,0.0,0.5324126374223516
2025-02-07 11:00:00,0,2867.628,2868.257,2865.014,4.716428571428488,1.0,2.0,0.0,1.0,11.0,4.0,1.0,1.0,2.0,1.0,1.0,0.0,0.0,1.0,0.0,0.0,0.0,0.4709894470277806
2025-02-07 12:00:00,1,2863.592,2868.102,2863.541,4.879785714285617,1.0,4.0,2.0,1.0,12.0,4.0,1.0,3.0,4.0,1.0,0.0,0.0,0.0,1.0,1.0,1.0,0.0,0.6841509685222376
2025-02-07 16:00:00,1,2860.715,2881.532,2860.307,8.821999999999987,1.0,4.0,2.0,1.0,16.0,4.0,1.0,3.0,4.0,1.0,0.0,0.0,0.0,1.0,1.0,1.0,0.0,0.8740479724067688
2025-02-07 17:00:00,1,2860.073,2862.704,2853.334,9.159285714285716,1.0,4.0,5.0,1.0,17.0,4.0,1.0,3.0,4.0,1.0,0.0,0.0,0.0,1.0,1.0,1.0,0.0,0.8353821656564183
2025-02-07 18:00:00,1,2861.249,2865.224,2859.665,9.3099285714286,1.0,2.0,1.0,1.0,18.0,4.0,1.0,1.0,2.0,1.0,0.0,0.0,0.0,1.0,0.0,0.0,0.0,0.6973130762252365
2025-02-07 19:00:00,1,2860.146,2863.307,2859.101,9.250071428571411,1.0,2.0,6.0,1.0,19.0,4.0,1.0,1.0,2.0,1.0,0.0,0.0,0.0,1.0,0.0,0.0,0.0,0.7876460216285629
2025-02-10 00:00:00,1,2867.932,2869.187,2865.83,9.235928571428564,1.0,2.0,5.0,1.0,0.0,0.0,1.0,1.0,2.0,1.0,0.0,0.0,0.0,1.0,0.0,0.0,0.0,0.6236123676577309
2025-02-10 03:00:00,1,2875.572,2875.767,2871.213,9.597785714285724,1.0,2.0,3.0,1.0,3.0,0.0,1.0,1.0,2.0,1.0,0.0,0.0,0.0,1.0,0.0,0.0,0.0,0.6697987827889978
2025-02-10 05:00:00,1,2879.22,2880.055,2876.025,7.353000000000001,1.0,3.0,5.0,1.0,5.0,0.0,1.0,2.0,3.0,1.0,0.0,0.0,0.0,1.0,0.0,1.0,0.0,0.540527406407975
2025-02-10 06:00:00,1,2888.606,2892.338,2878.923,7.368428571428597,1.0,3.0,0.0,1.0,6.0,0.0,1.0,2.0,3.0,1.0,1.0,0.0,0.0,1.0,0.0,1.0,0.0,0.3232293661505452
2025-02-10 07:00:00,1,2895.506,2896.593,2886.674,6.560857142857133,1.0,3.0,0.0,1.0,7.0,0.0,1.0,2.0,3.0,1.0,1.0,0.0,0.0,1.0,0.0,1.0,0.0,0.5231864584099971
2025-02-10 08:00:00,1,2896.676,2898.897,2892.213,6.368999999999947,1.0,4.0,0.0,1.0,8.0,0.0,1.0,3.0,4.0,1.0,1.0,0.0,0.0,1.0,1.0,1.0,0.0,0.500707496048624
2025-02-10 09:00:00,1,2902.972,2903.258,2896.233,6.473714285714193,1.0,2.0,0.0,1.0,9.0,0.0,1.0,1.0,2.0,1.0,1.0,0.0,0.0,1.0,0.0,1.0,0.0,0.2979095714900858
2025-02-10 11:00:00,1,2904.547,2905.78,2898.281,6.971499999999943,2.0,2.0,3.0,1.0,11.0,0.0,2.0,0.0,2.0,1.0,1.0,0.0,0.0,1.0,0.0,0.0,0.0,0.45552099399406965
2025-02-10 13:00:00,1,2901.003,2911.062,2899.606,7.136428571428529,1.0,4.0,6.0,1.0,13.0,0.0,1.0,3.0,4.0,1.0,0.0,0.0,1.0,1.0,1.0,1.0,0.0,0.7737106751367816
2025-02-10 16:00:00,1,2900.957,2910.293,2899.02,8.145285714285658,1.0,2.0,2.0,1.0,16.0,0.0,1.0,1.0,2.0,1.0,0.0,0.0,1.0,1.0,0.0,0.0,0.0,0.6354488915634751
2025-02-10 20:00:00,1,2907.295,2907.715,2902.88,7.846928571428537,1.0,2.0,7.0,1.0,20.0,0.0,1.0,1.0,2.0,1.0,0.0,0.0,0.0,1.0,0.0,0.0,1.0,0.7547703463172865
2025-02-10 23:00:00,1,2917.847,2921.675,2908.068,7.857499999999975,1.0,3.0,0.0,1.0,23.0,0.0,1.0,2.0,3.0,1.0,1.0,0.0,0.0,1.0,0.0,1.0,1.0,0.5951438134684786
2025-02-11 00:00:00,1,2922.589,2925.082,2916.374,7.977714285714293,1.0,2.0,0.0,1.0,0.0,1.0,1.0,1.0,2.0,1.0,1.0,0.0,0.0,0.0,0.0,0.0,1.0,0.45203403416478827
2025-02-11 01:00:00,0,2933.94,2936.25,2919.656,8.585357142857154,1.0,4.0,0.0,1.0,1.0,1.0,1.0,3.0,4.0,1.0,1.0,0.0,0.0,0.0,1.0,1.0,1.0,0.5481808327936966
2025-02-11 03:00:00,1,2919.716,2925.735,2911.592,11.408857142857087,1.0,4.0,5.0,1.0,3.0,1.0,1.0,3.0,4.0,1.0,0.0,0.0,0.0,1.0,1.0,1.0,1.0,0.7411233931557384
2025-02-11 04:00:00,1,2916.379,2920.759,2914.918,11.007785714285676,1.0,3.0,2.0,1.0,4.0,1.0,1.0,2.0,3.0,1.0,0.0,0.0,0.0,1.0,0.0,1.0,1.0,0.6944109516850441
2025-02-11 05:00:00,0,2922.971,2923.755,2915.317,10.687071428571404,1.0,3.0,1.0,1.0,5.0,1.0,1.0,2.0,3.0,1.0,0.0,0.0,0.0,1.0,0.0,1.0,1.0,0.6287183433258753
2025-02-11 13:00:00,1,2896.363,2898.238,2881.733,12.72314285714281,1.0,4.0,0.0,1.0,13.0,1.0,1.0,3.0,4.0,1.0,0.0,0.0,0.0,1.0,1.0,1.0,0.0,0.5514753778228199
2025-02-11 17:00:00,1,2905.535,2907.337,2899.562,10.055642857142823,1.0,2.0,1.0,1.0,17.0,1.0,1.0,1.0,2.0,1.0,0.0,0.0,0.0,1.0,0.0,0.0,0.0,0.6857362455632516
2025-02-11 18:00:00,0,2905.849,2907.23,2903.272,9.921142857142838,1.0,2.0,5.0,1.0,18.0,1.0,1.0,1.0,2.0,1.0,0.0,0.0,0.0,1.0,0.0,0.0,0.0,0.7004915796668214
2025-02-11 19:00:00,0,2900.082,2906.496,2899.586,9.811999999999996,1.0,3.0,8.0,1.0,19.0,1.0,1.0,2.0,3.0,1.0,0.0,0.0,1.0,1.0,0.0,0.0,0.0,0.6913638550716412
2025-02-11 23:00:00,0,2898.536,2900.906,2897.001,8.320357142857087,1.0,3.0,4.0,1.0,23.0,1.0,1.0,2.0,3.0,1.0,0.0,0.0,1.0,1.0,0.0,0.0,0.0,0.8440221468550019
2025-02-12 00:00:00,1,2892.178,2898.84,2889.238,8.337857142857112,1.0,2.0,2.0,1.0,0.0,2.0,1.0,1.0,2.0,1.0,0.0,0.0,0.0,1.0,0.0,0.0,0.0,0.8155653749636816
2025-02-12 01:00:00,1,2893.319,2897.731,2883.76,8.956214285714266,1.0,4.0,5.0,1.0,1.0,2.0,1.0,3.0,4.0,1.0,0.0,0.0,0.0,1.0,1.0,1.0,0.0,0.8868392641716323
2025-02-12 02:00:00,0,2892.444,2897.773,2891.752,9.060642857142868,1.0,3.0,6.0,1.0,2.0,2.0,1.0,2.0,3.0,1.0,0.0,0.0,0.0,1.0,0.0,1.0,0.0,0.8962444516465862
2025-02-12 04:00:00,1,2885.25,2890.543,2883.994,7.54071428571433,1.0,3.0,0.0,1.0,4.0,2.0,1.0,2.0,3.0,1.0,1.0,0.0,0.0,1.0,0.0,1.0,0.0,0.5035860880223008
2025-02-12 07:00:00,1,2892.773,2895.873,2890.762,6.635071428571466,1.0,3.0,5.0,1.0,7.0,2.0,1.0,2.0,3.0,1.0,0.0,0.0,0.0,1.0,0.0,1.0,0.0,0.7510885873515656
2025-02-12 08:00:00,0,2891.661,2894.144,2888.04,6.515714285714304,1.0,3.0,2.0,1.0,8.0,2.0,1.0,2.0,3.0,1.0,0.0,0.0,0.0,1.0,0.0,1.0,0.0,0.7684826232802593
2025-02-12 10:00:00,1,2882.681,2889.91,2879.317,6.997999999999983,1.0,3.0,0.0,1.0,10.0,2.0,1.0,2.0,3.0,1.0,1.0,0.0,0.0,1.0,0.0,1.0,0.0,0.7440906727062738
2025-02-12 18:00:00,1,2901.095,2903.851,2900.457,9.0051428571428,1.0,3.0,2.0,1.0,18.0,2.0,1.0,2.0,3.0,1.0,0.0,0.0,1.0,1.0,0.0,0.0,0.0,0.6909132066511678
2025-02-12 23:00:00,1,2905.781,2906.403,2900.485,8.966285714285666,1.0,2.0,0.0,1.0,23.0,2.0,1.0,1.0,2.0,1.0,1.0,0.0,0.0,1.0,0.0,0.0,0.0,0.8078225330088237
2025-02-13 00:00:00,0,2906.395,2909.108,2904.579,8.787857142857092,1.0,3.0,0.0,1.0,0.0,3.0,1.0,2.0,3.0,1.0,1.0,0.0,0.0,1.0,0.0,0.0,1.0,0.8114563676475547
2025-02-13 01:00:00,1,2906.027,2907.39,2901.454,8.455214285714224,1.0,4.0,0.0,1.0,1.0,3.0,1.0,3.0,4.0,1.0,1.0,0.0,0.0,1.0,0.0,1.0,1.0,0.7865807630536932
2025-02-13 03:00:00,1,2916.446,2918.169,2907.271,8.539357142857073,1.0,4.0,0.0,1.0,3.0,3.0,1.0,3.0,4.0,1.0,1.0,0.0,0.0,1.0,0.0,1.0,1.0,0.8311468770734424
2025-02-13 04:00:00,0,2918.438,2919.175,2916.166,7.216785714285639,1.0,2.0,0.0,1.0,4.0,3.0,1.0,1.0,2.0,1.0,1.0,0.0,0.0,1.0,0.0,0.0,0.0,0.7340326135410095
2025-02-13 09:00:00,1,2915.401,2918.296,2909.744,6.439928571428449,1.0,4.0,7.0,1.0,9.0,3.0,1.0,3.0,4.0,1.0,0.0,0.0,0.0,1.0,0.0,1.0,1.0,0.8808675547236137
2025-02-13 13:00:00,1,2908.624,2917.999,2905.793,6.582857142857002,1.0,5.0,0.0,1.0,13.0,3.0,1.0,4.0,5.0,1.0,0.0,0.0,0.0,1.0,1.0,1.0,1.0,0.8728096355961179
2025-02-13 15:00:00,0,2920.227,2920.959,2914.476,7.075428571428412,1.0,4.0,0.0,1.0,15.0,3.0,1.0,3.0,4.0,1.0,1.0,0.0,0.0,1.0,1.0,1.0,0.0,0.8294672898719722
2025-02-13 16:00:00,1,2913.737,2920.824,2912.887,7.368357142856992,1.0,2.0,2.0,1.0,16.0,3.0,1.0,1.0,2.0,1.0,0.0,0.0,0.0,1.0,0.0,0.0,0.0,0.4324948564827782
2025-02-13 17:00:00,1,2918.996,2919.199,2913.398,7.00428571428558,1.0,2.0,0.0,1.0,17.0,3.0,1.0,1.0,2.0,1.0,1.0,0.0,0.0,1.0,0.0,0.0,0.0,0.700602917576447
2025-02-13 18:00:00,1,2924.1,2925.362,2914.248,7.583214285714154,1.0,4.0,0.0,1.0,18.0,3.0,1.0,3.0,4.0,1.0,1.0,0.0,0.0,1.0,1.0,1.0,0.0,0.7049031851099978
2025-02-13 19:00:00,1,2926.812,2927.402,2923.787,7.397071428571313,1.0,2.0,0.0,1.0,19.0,3.0,1.0,1.0,2.0,1.0,1.0,0.0,0.0,1.0,0.0,0.0,0.0,0.3141517407587933
2025-02-13 20:00:00,1,2928.418,2929.063,2924.879,7.239142857142757,1.0,2.0,0.0,1.0,20.0,3.0,1.0,1.0,2.0,1.0,1.0,0.0,0.0,1.0,0.0,0.0,0.0,0.6433019854805705
2025-02-13 21:00:00,1,2928.708,2929.569,2928.165,6.793999999999902,1.0,2.0,0.0,1.0,21.0,3.0,1.0,1.0,2.0,1.0,1.0,0.0,0.0,1.0,0.0,0.0,0.0,0.7180023039098168
2025-02-13 23:00:00,0,2931.217,2932.484,2927.289,6.542714285714185,1.0,2.0,0.0,1.0,23.0,3.0,1.0,1.0,2.0,1.0,1.0,0.0,0.0,1.0,0.0,0.0,0.0,0.7256957068193993
2025-02-14 02:00:00,1,2927.32,2930.534,2925.961,6.378499999999933,1.0,3.0,2.0,1.0,2.0,4.0,1.0,2.0,3.0,1.0,0.0,0.0,0.0,1.0,0.0,1.0,0.0,0.5484619350993754
2025-02-14 03:00:00,1,2924.33,2930.377,2923.164,6.484571428571338,1.0,3.0,0.0,1.0,3.0,4.0,1.0,2.0,3.0,1.0,0.0,0.0,0.0,1.0,0.0,1.0,0.0,0.32392034419040616
2025-02-14 04:00:00,1,2928.57,2929.251,2923.698,6.0093571428571,1.0,2.0,1.0,1.0,4.0,4.0,1.0,1.0,2.0,1.0,0.0,0.0,0.0,1.0,0.0,0.0,0.0,0.5864239719962591
2025-02-14 05:00:00,1,2931.021,2932.439,2926.726,5.640428571428531,1.0,3.0,0.0,1.0,5.0,4.0,1.0,2.0,3.0,1.0,1.0,0.0,0.0,1.0,0.0,1.0,0.0,0.6849163776180003
2025-02-14 06:00:00,1,2934.315,2936.842,2929.844,5.677214285714269,1.0,4.0,0.0,1.0,6.0,4.0,1.0,3.0,4.0,1.0,1.0,0.0,0.0,1.0,1.0,1.0,0.0,0.7256365070872285
2025-02-14 11:00:00,1,2931.181,2937.598,2929.246,5.58171428571427,1.0,2.0,2.0,1.0,11.0,4.0,1.0,1.0,2.0,1.0,0.0,0.0,0.0,1.0,0.0,0.0,0.0,0.655804232386619
2025-02-14 12:00:00,0,2930.818,2933.052,2927.696,5.864,1.0,4.0,5.0,1.0,12.0,4.0,1.0,3.0,4.0,1.0,0.0,0.0,0.0,1.0,1.0,1.0,0.0,0.7054504926060995
2025-02-14 14:00:00,0,2921.059,2928.531,2914.082,7.359928571428619,1.0,4.0,5.0,1.0,14.0,4.0,1.0,3.0,4.0,1.0,0.0,0.0,0.0,1.0,1.0,1.0,0.0,0.5079193048156824
2025-02-14 15:00:00,0,2901.939,2921.816,2892.899,8.994571428571492,1.0,5.0,8.0,1.0,15.0,4.0,1.0,4.0,5.0,1.0,0.0,0.0,1.0,1.0,1.0,1.0,0.0,0.875000446302028
2025-02-14 17:00:00,1,2886.953,2897.432,2885.328,10.119785714285756,1.0,3.0,0.0,1.0,17.0,4.0,1.0,2.0,3.0,1.0,1.0,0.0,0.0,1.0,1.0,1.0,0.0,0.8525998968007068
2025-02-14 18:00:00,1,2883.695,2887.97,2882.112,10.141571428571426,1.0,2.0,0.0,1.0,18.0,4.0,1.0,1.0,2.0,1.0,1.0,0.0,0.0,1.0,0.0,1.0,0.0,0.6003392391678467
2025-02-18 07:00:00,1,2911.501,2915.349,2908.465,4.806714285714179,1.0,4.0,0.0,1.0,7.0,1.0,1.0,3.0,4.0,1.0,1.0,0.0,0.0,1.0,0.0,1.0,1.0,0.25773464375848676
2025-02-18 12:00:00,1,2918.112,2918.882,2912.054,5.576142857142778,1.0,4.0,0.0,1.0,12.0,1.0,1.0,3.0,4.0,1.0,1.0,0.0,0.0,1.0,1.0,1.0,0.0,0.527757603510941
2025-02-18 14:00:00,1,2927.9,2928.735,2917.76,6.62307142857136,1.0,4.0,0.0,1.0,14.0,1.0,1.0,3.0,4.0,1.0,1.0,0.0,0.0,1.0,1.0,1.0,0.0,0.6318431035468377
2025-02-18 15:00:00,1,2927.02,2929.609,2923.599,6.48528571428564,1.0,4.0,0.0,1.0,15.0,1.0,1.0,3.0,4.0,1.0,1.0,0.0,0.0,1.0,1.0,1.0,0.0,0.5610233422572928
2025-02-18 17:00:00,1,2931.193,2933.684,2929.64,6.175714285714256,1.0,4.0,0.0,1.0,17.0,1.0,1.0,3.0,4.0,1.0,1.0,0.0,0.0,1.0,1.0,1.0,0.0,0.592226667226846
2025-02-18 19:00:00,0,2935.821,2936.994,2931.933,6.233642857142805,1.0,2.0,0.0,1.0,19.0,1.0,1.0,1.0,2.0,1.0,1.0,0.0,0.0,1.0,0.0,0.0,0.0,0.4175616158365261
2025-02-18 20:00:00,1,2933.386,2936.788,2932.393,6.2360714285713845,1.0,2.0,0.0,1.0,20.0,1.0,1.0,1.0,2.0,1.0,1.0,0.0,0.0,1.0,0.0,0.0,0.0,0.4886770172119792
2025-02-18 21:00:00,0,2935.356,2936.493,2933.202,5.979428571428506,1.0,3.0,0.0,1.0,21.0,1.0,1.0,2.0,3.0,1.0,1.0,0.0,0.0,1.0,0.0,0.0,1.0,0.6015754006963997
2025-02-18 23:00:00,0,2934.061,2935.663,2933.124,5.80092857142852,1.0,2.0,0.0,1.0,23.0,1.0,1.0,1.0,2.0,1.0,1.0,0.0,0.0,1.0,0.0,0.0,0.0,0.47268850038040927
2025-02-19 03:00:00,0,2928.825,2930.482,2924.907,7.008357142857092,1.0,4.0,5.0,1.0,3.0,2.0,1.0,3.0,4.0,1.0,0.0,0.0,0.0,1.0,0.0,1.0,1.0,0.8836401189803862
2025-02-19 04:00:00,1,2929.263,2929.567,2926.487,6.645428571428511,1.0,3.0,3.0,1.0,4.0,2.0,1.0,2.0,3.0,1.0,0.0,0.0,0.0,1.0,0.0,0.0,1.0,0.7063766436379747
2025-02-19 06:00:00,1,2931.728,2935.872,2930.754,6.259999999999958,1.0,3.0,6.0,1.0,6.0,2.0,1.0,2.0,3.0,1.0,0.0,0.0,0.0,1.0,0.0,1.0,0.0,0.6780281047602429
2025-02-19 07:00:00,1,2934.25,2935.887,2930.441,5.9649285714285725,1.0,5.0,1.0,1.0,7.0,2.0,1.0,4.0,5.0,1.0,0.0,0.0,0.0,1.0,1.0,1.0,1.0,0.8988451173461143
2025-02-19 08:00:00,1,2938.602,2940.04,2933.718,6.127642857142844,1.0,5.0,0.0,1.0,8.0,2.0,1.0,4.0,5.0,1.0,1.0,0.0,0.0,1.0,1.0,1.0,1.0,0.894162435672859
2025-02-19 09:00:00,0,2945.517,2946.666,2938.121,6.35150000000002,1.0,5.0,0.0,1.0,9.0,2.0,1.0,4.0,5.0,1.0,1.0,0.0,0.0,1.0,1.0,1.0,1.0,0.8893262904761906
2025-02-19 13:00:00,1,2936.258,2941.657,2932.459,7.486857142857161,1.0,5.0,1.0,1.0,13.0,2.0,1.0,4.0,5.0,1.0,0.0,0.0,0.0,1.0,1.0,1.0,1.0,0.6955467963392842
2025-02-19 15:00:00,1,2925.721,2939.168,2925.498,7.95921428571426,1.0,5.0,0.0,1.0,15.0,2.0,1.0,4.0,5.0,1.0,1.0,0.0,0.0,1.0,1.0,1.0,1.0,0.8734479621413819
2025-02-20 10:00:00,0,2952.316,2954.857,2949.058,5.65050000000003,1.0,4.0,0.0,1.0,10.0,3.0,1.0,3.0,4.0,1.0,1.0,0.0,0.0,1.0,1.0,1.0,0.0,0.7286892936199674
2025-02-20 11:00:00,0,2948.768,2952.903,2947.163,5.678357142857164,1.0,4.0,2.0,1.0,11.0,3.0,1.0,3.0,4.0,1.0,0.0,0.0,1.0,1.0,0.0,1.0,0.0,0.8084211275728342
2025-02-20 17:00:00,1,2940.565,2946.996,2939.971,8.046214285714216,1.0,4.0,6.0,1.0,17.0,3.0,1.0,3.0,4.0,1.0,0.0,0.0,0.0,1.0,1.0,1.0,0.0,0.8998425977782611
2025-02-20 18:00:00,0,2941.764,2942.505,2937.407,8.169142857142788,1.0,3.0,3.0,1.0,18.0,3.0,1.0,2.0,3.0,1.0,0.0,0.0,0.0,1.0,1.0,0.0,0.0,0.7852035273097682
2025-02-20 19:00:00,0,2937.888,2941.905,2933.528,8.230142857142807,1.0,2.0,2.0,1.0,19.0,3.0,1.0,1.0,2.0,1.0,0.0,0.0,0.0,1.0,0.0,0.0,0.0,0.7319200825059266
2025-02-20 20:00:00,1,2937.804,2938.778,2935.521,8.103499999999908,1.0,2.0,5.0,1.0,20.0,3.0,1.0,1.0,2.0,1.0,0.0,0.0,0.0,1.0,0.0,0.0,0.0,0.7900297482392918
2025-02-20 21:00:00,1,2938.627,2940.308,2937.47,7.747642857142799,1.0,2.0,1.0,1.0,21.0,3.0,1.0,1.0,2.0,1.0,0.0,0.0,0.0,1.0,0.0,0.0,0.0,0.8568944266992179
2025-02-21 01:00:00,1,2928.821,2949.759,2926.847,8.937357142857113,1.0,5.0,0.0,1.0,1.0,4.0,1.0,4.0,5.0,1.0,0.0,0.0,0.0,1.0,1.0,1.0,1.0,0.8900710744789293
2025-02-21 04:00:00,1,2928.495,2932.302,2926.608,9.044071428571442,1.0,3.0,0.0,1.0,4.0,4.0,1.0,2.0,3.0,1.0,1.0,0.0,0.0,1.0,0.0,0.0,1.0,0.823212777729389
2025-02-21 06:00:00,1,2929.735,2931.498,2925.618,8.46664285714285,1.0,4.0,5.0,1.0,6.0,4.0,1.0,3.0,4.0,1.0,0.0,0.0,0.0,1.0,0.0,1.0,1.0,0.810844322719918
2025-02-24 15:00:00,1,2936.524,2940.476,2930.694,9.153357142857171,1.0,4.0,0.0,1.0,15.0,0.0,1.0,3.0,4.0,1.0,0.0,0.0,0.0,1.0,1.0,1.0,0.0,0.6892242834005249
2025-02-24 16:00:00,1,2943.415,2943.666,2936.466,8.527000000000044,1.0,4.0,1.0,1.0,16.0,0.0,1.0,3.0,4.0,1.0,0.0,0.0,0.0,1.0,1.0,1.0,0.0,0.80416026044922
2025-02-24 17:00:00,1,2943.316,2944.82,2940.99,8.442500000000077,1.0,3.0,5.0,1.0,17.0,0.0,1.0,2.0,3.0,1.0,0.0,0.0,0.0,1.0,0.0,1.0,0.0,0.6907406511547388
2025-02-24 18:00:00,1,2947.358,2947.956,2942.801,8.435285714285815,1.0,2.0,7.0,1.0,18.0,0.0,1.0,1.0,2.0,1.0,0.0,0.0,0.0,1.0,0.0,0.0,0.0,0.8148097405683769
2025-02-24 20:00:00,1,2950.601,2951.53,2947.038,8.02200000000013,1.0,3.0,3.0,1.0,20.0,0.0,1.0,2.0,3.0,1.0,0.0,0.0,1.0,1.0,0.0,0.0,0.0,0.6106128652308915
2025-02-24 21:00:00,0,2952.675,2953.187,2950.291,7.748500000000116,1.0,2.0,0.0,1.0,21.0,0.0,1.0,1.0,2.0,1.0,1.0,0.0,0.0,1.0,0.0,0.0,0.0,0.7720139486412606
2025-02-25 00:00:00,1,2949.689,2952.552,2948.269,7.314642857142969,1.0,4.0,5.0,1.0,0.0,1.0,1.0,3.0,4.0,1.0,0.0,0.0,1.0,1.0,0.0,0.0,1.0,0.4528423187092955
2025-02-25 01:00:00,0,2949.563,2952.496,2945.239,7.129785714285812,1.0,6.0,5.0,1.0,1.0,1.0,1.0,5.0,6.0,1.0,0.0,0.0,1.0,1.0,1.0,1.0,1.0,0.887424505742223
2025-02-25 05:00:00,0,2937.976,2940.964,2936.566,5.728285714285773,1.0,4.0,4.0,1.0,5.0,1.0,1.0,3.0,4.0,1.0,0.0,0.0,0.0,1.0,0.0,1.0,1.0,0.5117661042376852
2025-02-25 06:00:00,1,2935.866,2938.475,2933.489,5.385714285714324,1.0,4.0,8.0,1.0,6.0,1.0,1.0,3.0,4.0,1.0,0.0,0.0,0.0,1.0,0.0,1.0,1.0,0.3731783067232203
2025-02-25 07:00:00,1,2931.736,2940.449,2930.471,5.584142857142881,1.0,5.0,0.0,1.0,7.0,1.0,1.0,4.0,5.0,1.0,1.0,0.0,0.0,1.0,1.0,1.0,1.0,0.7872448957072838
2025-02-25 10:00:00,1,2937.565,2941.546,2937.381,6.302142857142826,1.0,3.0,6.0,1.0,10.0,1.0,1.0,2.0,3.0,1.0,0.0,0.0,0.0,1.0,0.0,1.0,0.0,0.6271704327787683
2025-02-25 11:00:00,1,2938.626,2940.583,2937.126,6.228214285714232,1.0,2.0,4.0,1.0,11.0,1.0,1.0,1.0,2.0,1.0,0.0,0.0,0.0,1.0,0.0,0.0,0.0,0.5881678492162832
2025-02-25 12:00:00,0,2928.574,2941.321,2924.018,7.257285714285672,1.0,4.0,2.0,1.0,12.0,1.0,1.0,3.0,4.0,1.0,0.0,0.0,0.0,1.0,1.0,1.0,0.0,0.7761441690121637
2025-03-04 01:00:00,1,2888.346,2893.061,2881.944,7.86814285714289,1.0,5.0,8.0,0.0,1.0,1.0,1.0,4.0,5.0,0.0,0.0,0.0,0.0,1.0,1.0,1.0,1.0,0.7137094563444568
2025-03-04 03:00:00,1,2888.606,2893.016,2884.891,8.222357142857131,1.0,3.0,1.0,0.0,3.0,1.0,1.0,2.0,3.0,0.0,0.0,0.0,0.0,1.0,0.0,0.0,1.0,0.6351635887904267
2025-03-04 04:00:00,1,2891.348,2892.713,2886.733,8.117285714285702,1.0,3.0,0.0,0.0,4.0,1.0,1.0,2.0,3.0,0.0,1.0,0.0,0.0,1.0,0.0,0.0,1.0,0.6053007474400199
2025-03-04 05:00:00,1,2889.713,2894.468,2888.468,7.700785714285693,1.0,4.0,6.0,0.0,5.0,1.0,1.0,3.0,4.0,0.0,0.0,0.0,0.0,1.0,0.0,1.0,1.0,0.7323293921411759
2025-03-04 09:00:00,1,2918.149,2921.34,2912.493,8.814999999999989,1.0,2.0,0.0,1.0,9.0,1.0,1.0,1.0,2.0,1.0,1.0,0.0,0.0,0.0,0.0,1.0,0.0,0.4292060024199725
2025-03-04 11:00:00,1,2919.932,2921.773,2913.069,8.103357142857151,2.0,2.0,7.0,1.0,11.0,1.0,2.0,0.0,2.0,1.0,1.0,0.0,0.0,0.0,0.0,0.0,0.0,0.8072251649570051
2025-03-04 12:00:00,0,2924.768,2925.576,2918.625,8.238000000000024,1.0,3.0,0.0,1.0,12.0,1.0,1.0,2.0,3.0,1.0,1.0,0.0,0.0,0.0,1.0,1.0,0.0,0.5813178986075506
2025-03-04 15:00:00,1,2906.102,2912.365,2900.354,9.8031428571429,1.0,4.0,0.0,1.0,15.0,1.0,1.0,3.0,4.0,1.0,0.0,0.0,0.0,1.0,1.0,1.0,0.0,0.7173113783768593
2025-03-04 18:00:00,1,2911.197,2915.179,2908.239,10.20900000000006,1.0,2.0,5.0,1.0,18.0,1.0,1.0,1.0,2.0,1.0,0.0,0.0,0.0,1.0,0.0,0.0,0.0,0.7004915796668214
2025-03-04 19:00:00,1,2916.087,2916.501,2911.106,10.165785714285771,1.0,2.0,7.0,1.0,19.0,1.0,1.0,1.0,2.0,1.0,0.0,0.0,0.0,1.0,0.0,0.0,0.0,0.9003638054273534
2025-03-04 20:00:00,1,2917.196,2920.523,2914.352,10.209142857142949,1.0,2.0,0.0,1.0,20.0,1.0,1.0,1.0,2.0,1.0,0.0,0.0,0.0,1.0,0.0,0.0,0.0,0.5860531110197273
2025-03-04 23:00:00,1,2914.363,2918.216,2914.267,8.25785714285725,1.0,3.0,2.0,1.0,23.0,1.0,1.0,2.0,3.0,1.0,0.0,0.0,0.0,1.0,0.0,0.0,1.0,0.8474344126269582
2025-03-05 00:00:00,0,2914.133,2917.157,2912.193,7.980500000000087,1.0,3.0,5.0,1.0,0.0,2.0,1.0,2.0,3.0,1.0,0.0,0.0,0.0,1.0,0.0,0.0,1.0,0.8624783229061886
2025-03-05 03:00:00,1,2908.743,2913.503,2903.322,8.87971428571437,1.0,4.0,1.0,1.0,3.0,2.0,1.0,3.0,4.0,1.0,0.0,0.0,0.0,1.0,0.0,1.0,1.0,0.8401972677704668
2025-03-05 11:00:00,1,2913.218,2917.231,2911.97,7.578214285714304,1.0,2.0,5.0,1.0,11.0,2.0,1.0,1.0,2.0,1.0,0.0,0.0,0.0,1.0,0.0,0.0,0.0,0.7235340415071423
2025-03-05 17:00:00,1,2915.897,2925.359,2913.659,10.628928571428528,1.0,4.0,2.0,1.0,17.0,2.0,1.0,3.0,4.0,1.0,0.0,0.0,0.0,1.0,1.0,1.0,0.0,0.8126472771657128
2025-03-05 21:00:00,0,2918.914,2922.381,2917.732,10.27728571428572,1.0,2.0,2.0,1.0,21.0,2.0,1.0,1.0,2.0,1.0,0.0,0.0,0.0,1.0,0.0,0.0,0.0,0.9057847690075093
2025-03-05 23:00:00,1,2918.236,2918.966,2916.711,10.0625,1.0,2.0,5.0,1.0,23.0,2.0,1.0,1.0,2.0,1.0,0.0,0.0,0.0,1.0,0.0,0.0,0.0,0.8612024528380381
2025-03-06 00:00:00,1,2916.75,2920.314,2916.554,9.66799999999999,1.0,2.0,2.0,1.0,0.0,3.0,1.0,1.0,2.0,1.0,0.0,0.0,0.0,1.0,0.0,0.0,0.0,0.8233648349173223
2025-03-06 01:00:00,1,2924.606,2925.68,2915.899,9.639142857142849,1.0,3.0,7.0,1.0,1.0,3.0,1.0,2.0,3.0,1.0,0.0,0.0,0.0,0.0,0.0,1.0,0.0,0.9622244863249387
2025-03-06 02:00:00,0,2925.546,2926.584,2922.893,9.526999999999946,1.0,2.0,0.0,1.0,2.0,3.0,1.0,1.0,2.0,1.0,0.0,0.0,0.0,0.0,0.0,0.0,0.0,0.642028406376974
2025-03-06 03:00:00,1,2921.261,2925.609,2920.081,9.422285714285636,1.0,2.0,2.0,1.0,3.0,3.0,1.0,1.0,2.0,1.0,0.0,0.0,0.0,1.0,0.0,0.0,0.0,0.8641683934163789
2025-03-06 06:00:00,1,2920.587,2923.073,2919.782,6.374714285714195,1.0,4.0,4.0,1.0,6.0,3.0,1.0,3.0,4.0,1.0,0.0,0.0,0.0,1.0,0.0,1.0,1.0,0.6400371541397993
2025-03-06 07:00:00,1,2910.147,2922.558,2909.757,6.224428571428494,1.0,5.0,2.0,1.0,7.0,3.0,1.0,4.0,5.0,1.0,0.0,0.0,0.0,1.0,1.0,1.0,1.0,0.9253480540313932
2025-03-07 18:00:00,1,2906.545,2908.782,2901.86,9.576785714285734,1.0,4.0,0.0,1.0,18.0,4.0,1.0,3.0,4.0,1.0,0.0,0.0,0.0,1.0,1.0,1.0,0.0,0.7532940122748087
2025-03-07 19:00:00,1,2905.229,2909.52,2904.505,9.495928571428587,1.0,2.0,6.0,1.0,19.0,4.0,1.0,1.0,2.0,1.0,0.0,0.0,0.0,1.0,0.0,0.0,0.0,0.7876460216285629
2025-03-07 20:00:00,1,2909.699,2911.138,2904.716,9.45128571428573,1.0,2.0,1.0,1.0,20.0,4.0,1.0,1.0,2.0,1.0,0.0,0.0,0.0,1.0,0.0,0.0,0.0,0.7139288442733687
2025-03-09 22:00:00,1,2911.935,2915.158,2909.626,9.187571428571411,1.0,2.0,5.0,1.0,22.0,6.0,1.0,1.0,2.0,1.0,0.0,0.0,0.0,1.0,0.0,0.0,0.0,0.8361076416766239
2025-03-10 02:00:00,1,2911.484,2914.551,2909.474,9.514928571428529,1.0,4.0,5.0,1.0,2.0,0.0,1.0,3.0,4.0,1.0,0.0,0.0,0.0,1.0,0.0,1.0,1.0,0.7096077041434141
2025-03-10 03:00:00,1,2910.943,2913.643,2908.128,8.747428571428502,1.0,4.0,5.0,1.0,3.0,0.0,1.0,3.0,4.0,1.0,0.0,0.0,0.0,1.0,0.0,1.0,1.0,0.7277758317529928
2025-03-10 04:00:00,0,2910.984,2912.667,2910.254,7.115785714285656,1.0,3.0,5.0,1.0,4.0,0.0,1.0,2.0,3.0,1.0,0.0,0.0,0.0,1.0,0.0,0.0,1.0,0.695611885103329
2025-03-10 05:00:00,1,2909.848,2911.952,2906.962,5.903142857142809,1.0,4.0,2.0,1.0,5.0,0.0,1.0,3.0,4.0,1.0,0.0,0.0,0.0,1.0,0.0,1.0,1.0,0.4575120976539641
2025-03-10 06:00:00,1,2914.351,2914.599,2909.279,5.721285714285679,1.0,4.0,1.0,1.0,6.0,0.0,1.0,3.0,4.0,1.0,0.0,0.0,0.0,1.0,0.0,1.0,1.0,0.5145799596164612
2025-03-10 07:00:00,1,2908.444,2915.429,2904.333,5.717142857142822,1.0,4.0,2.0,1.0,7.0,0.0,1.0,3.0,4.0,1.0,0.0,0.0,0.0,1.0,0.0,1.0,1.0,0.44005060104531507
2025-03-10 08:00:00,1,2897.822,2910.641,2897.509,6.160714285714254,1.0,5.0,0.0,1.0,8.0,0.0,1.0,4.0,5.0,1.0,1.0,0.0,0.0,1.0,1.0,1.0,1.0,0.8003936651693686
2025-03-11 16:00:00,1,2917.098,2918.093,2915.149,6.441142857142852,1.0,2.0,5.0,1.0,16.0,1.0,1.0,1.0,2.0,1.0,0.0,0.0,0.0,1.0,0.0,0.0,0.0,0.5967517703303804
2025-03-11 17:00:00,1,2917.776,2920.591,2914.071,6.607714285714272,1.0,3.0,5.0,1.0,17.0,1.0,1.0,2.0,3.0,1.0,0.0,0.0,0.0,1.0,0.0,1.0,0.0,0.7028481790679986
2025-03-11 23:00:00,1,2915.551,2919.6,2915.429,5.553785714285693,1.0,2.0,2.0,1.0,23.0,1.0,1.0,1.0,2.0,1.0,0.0,0.0,0.0,1.0,0.0,0.0,1.0,0.6949806510144011
2025-03-12 03:00:00,1,2914.941,2920.02,2914.862,5.675571428571435,1.0,4.0,6.0,1.0,3.0,2.0,1.0,3.0,4.0,1.0,0.0,0.0,0.0,1.0,0.0,1.0,1.0,0.8045257624231772
2025-03-12 04:00:00,1,2914.952,2916.072,2912.597,4.825857142857136,1.0,4.0,5.0,1.0,4.0,2.0,1.0,3.0,4.0,1.0,0.0,0.0,0.0,1.0,0.0,1.0,1.0,0.5460713011201538
2025-03-12 05:00:00,1,2916.045,2916.507,2912.074,4.486928571428572,1.0,4.0,1.0,1.0,5.0,2.0,1.0,3.0,4.0,1.0,0.0,0.0,0.0,1.0,0.0,1.0,1.0,0.640775395686612
2025-03-12 06:00:00,1,2911.951,2921.121,2911.334,4.760357142857141,1.0,5.0,2.0,1.0,6.0,2.0,1.0,4.0,5.0,1.0,0.0,0.0,0.0,1.0,1.0,1.0,1.0,0.8937314126891717
2025-03-12 10:00:00,1,2914.377,2916.991,2912.758,5.701642857142913,1.0,4.0,5.0,1.0,10.0,2.0,1.0,3.0,4.0,1.0,0.0,0.0,0.0,1.0,1.0,1.0,0.0,0.7741997123129502
2025-03-12 11:00:00,1,2915.304,2916.699,2912.638,5.712285714285762,1.0,2.0,1.0,1.0,11.0,2.0,1.0,1.0,2.0,1.0,0.0,0.0,0.0,1.0,0.0,0.0,0.0,0.7086137587052324
2025-03-12 22:00:00,1,2938.064,2938.909,2933.385,7.299000000000076,1.0,2.0,0.0,1.0,22.0,2.0,1.0,1.0,2.0,1.0,1.0,0.0,0.0,1.0,0.0,0.0,0.0,0.8035957458808214
2025-03-13 04:00:00,0,2944.637,2946.17,2943.529,5.474500000000035,1.0,4.0,0.0,1.0,4.0,3.0,1.0,3.0,4.0,1.0,1.0,0.0,0.0,1.0,0.0,1.0,1.0,0.5986323724134969
2025-03-13 07:00:00,1,2935.294,2938.036,2932.895,4.712785714285701,1.0,4.0,0.0,1.0,7.0,3.0,1.0,3.0,4.0,1.0,0.0,0.0,0.0,1.0,0.0,1.0,1.0,0.352721238032856
2025-03-13 08:00:00,1,2941.572,2944.915,2934.764,5.09985714285712,1.0,4.0,1.0,1.0,8.0,3.0,1.0,3.0,4.0,1.0,0.0,0.0,0.0,1.0,0.0,1.0,1.0,0.558957082206147
2025-03-13 09:00:00,0,2947.729,2948.859,2941.1,5.388499999999989,1.0,2.0,0.0,1.0,9.0,3.0,1.0,1.0,2.0,1.0,1.0,0.0,0.0,1.0,0.0,0.0,0.0,0.46580494565199376
2025-03-13 11:00:00,1,2946.333,2948.542,2944.084,5.587857142857112,1.0,3.0,0.0,1.0,11.0,3.0,1.0,2.0,3.0,1.0,1.0,0.0,0.0,1.0,0.0,1.0,0.0,0.6296379985645688
2025-03-13 12:00:00,1,2942.42,2949.149,2940.889,5.77321428571424,1.0,4.0,2.0,1.0,12.0,3.0,1.0,3.0,4.0,1.0,0.0,0.0,0.0,1.0,1.0,1.0,0.0,0.7139910013742643
2025-03-13 14:00:00,1,2969.861,2971.165,2949.822,7.806571428571358,1.0,4.0,0.0,1.0,14.0,3.0,1.0,3.0,4.0,1.0,1.0,0.0,0.0,0.0,1.0,1.0,0.0,0.6814012539149232
2025-03-13 15:00:00,1,2977.772,2978.486,2966.445,8.309571428571351,1.0,3.0,0.0,1.0,15.0,3.0,1.0,2.0,3.0,1.0,1.0,0.0,0.0,0.0,1.0,1.0,0.0,0.7809480032717655
2025-03-13 16:00:00,1,2980.086,2985.348,2976.579,8.32657142857134,1.0,3.0,4.0,1.0,16.0,3.0,1.0,2.0,3.0,1.0,0.0,0.0,0.0,0.0,1.0,1.0,0.0,0.812831049013107
2025-03-13 17:00:00,1,2979.482,2982.246,2976.33,8.459571428571346,1.0,3.0,5.0,1.0,17.0,3.0,1.0,2.0,3.0,1.0,0.0,0.0,0.0,0.0,1.0,1.0,0.0,0.8366090180258785
2025-03-13 18:00:00,1,2983.261,2984.392,2979.06,8.651785714285618,2.0,2.0,1.0,1.0,18.0,3.0,2.0,0.0,2.0,1.0,1.0,0.0,0.0,0.0,0.0,0.0,0.0,0.5923314161831447
2025-03-13 19:00:00,1,2982.946,2985.474,2980.602,8.500428571428497,2.0,2.0,5.0,1.0,19.0,3.0,2.0,0.0,2.0,1.0,1.0,0.0,0.0,0.0,0.0,0.0,0.0,0.6178724664374368
2025-03-14 03:00:00,0,2992.631,2992.96,2983.871,8.327500000000002,1.0,3.0,0.0,1.0,3.0,4.0,1.0,2.0,3.0,1.0,1.0,0.0,0.0,0.0,0.0,1.0,1.0,0.7734394321857778
2025-03-14 05:00:00,1,2986.394,2986.594,2981.863,6.854642857142868,1.0,3.0,3.0,1.0,5.0,4.0,1.0,2.0,3.0,1.0,0.0,0.0,0.0,0.0,0.0,1.0,1.0,0.821661957861279
2025-03-14 08:00:00,1,2992.872,2993.222,2985.183,6.42957142857147,1.0,3.0,0.0,1.0,8.0,4.0,1.0,2.0,3.0,1.0,1.0,0.0,0.0,0.0,0.0,1.0,1.0,0.37988242499032576
2025-03-14 09:00:00,0,2998.738,2999.479,2992.6,6.540071428571472,1.0,2.0,0.0,1.0,9.0,4.0,1.0,1.0,2.0,1.0,1.0,0.0,1.0,0.0,0.0,0.0,0.0,0.4896924677177966
2025-03-14 13:00:00,1,2986.038,2996.076,2983.133,7.981071428571438,1.0,4.0,2.0,1.0,13.0,4.0,1.0,3.0,4.0,1.0,0.0,0.0,0.0,1.0,1.0,1.0,0.0,0.8501568028275337
2025-03-14 14:00:00,1,2985.404,2993.381,2981.94,8.517785714285699,1.0,4.0,5.0,1.0,14.0,4.0,1.0,3.0,4.0,1.0,0.0,0.0,0.0,1.0,1.0,1.0,0.0,0.8602508800843279
2025-03-17 14:00:00,0,2998.673,3000.512,2987.118,6.436857142857174,1.0,5.0,0.0,1.0,14.0,0.0,1.0,4.0,5.0,1.0,1.0,0.0,1.0,0.0,1.0,1.0,0.0,0.62594248345492
2025-03-17 15:00:00,1,2997.115,2999.335,2992.882,6.580928571428623,1.0,4.0,0.0,1.0,15.0,0.0,1.0,3.0,4.0,1.0,1.0,0.0,0.0,1.0,1.0,1.0,0.0,0.6728906319754673
2025-03-17 18:00:00,1,2999.297,3000.339,2996.714,6.517500000000057,1.0,3.0,0.0,1.0,18.0,0.0,1.0,2.0,3.0,1.0,1.0,0.0,1.0,1.0,0.0,0.0,0.0,0.5278599892850113
2025-03-17 20:00:00,1,3001.427,3001.955,3000.085,6.210142857142922,1.0,3.0,0.0,1.0,20.0,0.0,1.0,2.0,3.0,1.0,1.0,0.0,1.0,1.0,0.0,0.0,0.0,0.464597722216871
2025-03-17 23:00:00,1,2999.831,3002.8,2999.583,5.771071428571498,1.0,4.0,0.0,1.0,23.0,0.0,1.0,3.0,4.0,1.0,1.0,0.0,1.0,1.0,0.0,0.0,1.0,0.3179970327323586
2025-03-18 01:00:00,1,3005.751,3008.477,2999.49,5.684500000000071,1.0,5.0,0.0,1.0,1.0,1.0,1.0,4.0,5.0,1.0,1.0,0.0,0.0,1.0,1.0,1.0,1.0,0.8145497191612034
2025-03-18 02:00:00,1,3010.902,3012.233,3002.843,6.019714285714372,1.0,5.0,0.0,1.0,2.0,1.0,1.0,4.0,5.0,1.0,1.0,0.0,0.0,1.0,1.0,1.0,1.0,0.6667919800132938
2025-03-18 04:00:00,1,3014.502,3017.11,3011.21,5.493000000000068,1.0,2.0,0.0,1.0,4.0,1.0,1.0,1.0,2.0,1.0,1.0,0.0,0.0,1.0,0.0,0.0,1.0,0.48275848833373464
2025-03-18 08:00:00,1,3026.561,3027.308,3016.321,5.640071428571479,1.0,3.0,0.0,1.0,8.0,1.0,1.0,2.0,3.0,1.0,1.0,0.0,0.0,0.0,1.0,1.0,0.0,0.5163827864970031
2025-03-18 11:00:00,1,3026.839,3029.533,3022.356,6.717500000000006,1.0,2.0,0.0,1.0,11.0,1.0,1.0,1.0,2.0,1.0,1.0,0.0,0.0,0.0,1.0,0.0,0.0,0.43738977970155135
2025-03-18 12:00:00,1,3034.26,3035.843,3026.779,7.225071428571417,1.0,3.0,0.0,1.0,12.0,1.0,1.0,2.0,3.0,1.0,1.0,0.0,0.0,0.0,1.0,1.0,0.0,0.5482651360643999
2025-03-18 16:00:00,1,3036.003,3036.948,3030.453,7.868071428571381,1.0,3.0,0.0,1.0,16.0,1.0,1.0,2.0,3.0,1.0,1.0,0.0,0.0,1.0,1.0,1.0,0.0,0.7545075487414133
2025-03-18 19:00:00,0,3035.615,3037.935,3035.142,7.375928571428501,2.0,2.0,0.0,1.0,19.0,1.0,2.0,0.0,2.0,1.0,1.0,0.0,0.0,1.0,0.0,0.0,0.0,0.17573923100485375
2025-03-18 22:00:00,0,3034.536,3034.721,3032.602,6.88578571428567,2.0,2.0,3.0,1.0,22.0,1.0,2.0,0.0,2.0,1.0,1.0,0.0,0.0,1.0,0.0,0.0,0.0,0.7528601095084786
2025-03-19 01:00:00,1,3029.37,3032.704,3027.32,5.807071428571395,1.0,3.0,0.0,1.0,1.0,2.0,1.0,2.0,3.0,1.0,0.0,0.0,0.0,1.0,0.0,1.0,0.0,0.3920283058902848
2025-03-19 02:00:00,1,3033.337,3033.829,3028.98,5.640785714285714,1.0,4.0,1.0,1.0,2.0,2.0,1.0,3.0,4.0,1.0,0.0,0.0,0.0,1.0,0.0,1.0,1.0,0.6309058449577637
2025-03-19 03:00:00,1,3036.325,3039.029,3032.295,5.474357142857149,1.0,4.0,0.0,1.0,3.0,2.0,1.0,3.0,4.0,1.0,1.0,0.0,0.0,1.0,0.0,1.0,1.0,0.513483629118758
2025-03-19 06:00:00,0,3042.17,3044.734,3034.506,5.081357142857184,1.0,5.0,0.0,1.0,6.0,2.0,1.0,4.0,5.0,1.0,1.0,0.0,0.0,1.0,1.0,1.0,1.0,0.808054919358729
2025-03-19 08:00:00,1,3025.156,3037.049,3024.695,5.555928571428597,1.0,5.0,0.0,1.0,8.0,2.0,1.0,4.0,5.0,1.0,1.0,0.0,0.0,1.0,1.0,1.0,1.0,0.9000159776545446
2025-03-20 05:00:00,1,3046.794,3053.604,3044.873,7.167357142857197,1.0,5.0,2.0,1.0,5.0,3.0,1.0,4.0,5.0,1.0,0.0,0.0,0.0,1.0,1.0,1.0,1.0,0.9522482329661082
2025-03-20 07:00:00,1,3042.268,3048.999,3041.78,7.1567142857142825,1.0,3.0,8.0,1.0,7.0,3.0,1.0,2.0,3.0,1.0,0.0,0.0,0.0,1.0,0.0,1.0,1.0,0.7981311849115292
2025-03-20 08:00:00,0,3041.815,3043.968,3038.65,7.18971428571425,1.0,2.0,5.0,1.0,8.0,3.0,1.0,1.0,2.0,1.0,0.0,0.0,0.0,1.0,0.0,1.0,0.0,0.7579669243388379
2025-03-20 10:00:00,1,3034.167,3041.484,3025.619,6.614499999999907,1.0,4.0,0.0,1.0,10.0,3.0,1.0,3.0,4.0,1.0,0.0,0.0,0.0,1.0,1.0,1.0,0.0,0.6920959891714196
2025-03-20 13:00:00,1,3032.871,3041.069,3029.883,7.749714285714162,1.0,4.0,2.0,1.0,13.0,3.0,1.0,3.0,4.0,1.0,0.0,0.0,0.0,1.0,1.0,1.0,0.0,0.7795519663314658
2025-03-20 15:00:00,1,3040.765,3041.932,3037.589,7.916642857142766,1.0,3.0,5.0,1.0,15.0,3.0,1.0,2.0,3.0,1.0,0.0,0.0,0.0,1.0,0.0,1.0,0.0,0.8054337483317783
2025-03-20 16:00:00,1,3038.308,3043.203,3033.884,8.071714285714181,1.0,2.0,2.0,1.0,16.0,3.0,1.0,1.0,2.0,1.0,0.0,0.0,0.0,1.0,0.0,0.0,0.0,0.7989485697258576
2025-03-20 17:00:00,1,3041.654,3041.875,3034.82,8.21799999999988,1.0,2.0,7.0,1.0,17.0,3.0,1.0,1.0,2.0,1.0,0.0,0.0,0.0,1.0,0.0,0.0,0.0,0.9429883134774861
2025-03-20 20:00:00,1,3044.628,3045.812,3044.226,7.151071428571315,1.0,2.0,5.0,1.0,20.0,3.0,1.0,1.0,2.0,1.0,0.0,0.0,0.0,1.0,0.0,0.0,0.0,0.6880420953142071
2025-03-20 22:00:00,0,3045.723,3046.058,3043.518,6.807214285714183,1.0,3.0,3.0,1.0,22.0,3.0,1.0,2.0,3.0,1.0,0.0,0.0,0.0,1.0,0.0,0.0,1.0,0.703165076294382
2025-03-20 23:00:00,0,3046.409,3046.606,3044.424,6.583214285714218,1.0,3.0,3.0,1.0,23.0,3.0,1.0,2.0,3.0,1.0,0.0,0.0,0.0,1.0,0.0,0.0,1.0,0.7828514809860527
2025-03-21 04:00:00,1,3029.863,3032.028,3027.857,5.045214285714272,1.0,4.0,0.0,1.0,4.0,4.0,1.0,3.0,4.0,1.0,1.0,0.0,0.0,1.0,0.0,1.0,1.0,0.42924500296576346
2025-03-24 12:00:00,0,3024.227,3028.651,3022.388,6.731928571428625,1.0,4.0,5.0,1.0,12.0,0.0,1.0,3.0,4.0,1.0,0.0,0.0,0.0,1.0,1.0,1.0,0.0,0.5021915103166315
2025-03-24 14:00:00,1,3012.134,3024.069,3007.975,7.717357142857184,1.0,4.0,0.0,1.0,14.0,0.0,1.0,3.0,4.0,1.0,1.0,0.0,0.0,1.0,1.0,1.0,0.0,0.6035852423315958
2025-03-24 15:00:00,0,3014.036,3015.332,3005.746,7.877928571428583,1.0,4.0,3.0,1.0,15.0,0.0,1.0,3.0,4.0,1.0,0.0,0.0,0.0,1.0,1.0,1.0,0.0,0.7203630050058489
2025-03-24 17:00:00,1,3007.03,3009.948,3005.764,7.654857142857119,1.0,3.0,0.0,0.0,17.0,0.0,1.0,2.0,3.0,0.0,1.0,0.0,0.0,1.0,1.0,0.0,0.0,0.5610657355049418
2025-03-25 16:00:00,1,3023.171,3025.544,3021.406,6.982428571428533,1.0,3.0,4.0,0.0,16.0,1.0,1.0,2.0,3.0,0.0,0.0,0.0,0.0,1.0,1.0,1.0,0.0,0.8035095556780478
2025-03-26 02:00:00,1,3024.249,3027.109,3022.848,5.671785714285696,1.0,4.0,5.0,1.0,2.0,2.0,1.0,3.0,4.0,1.0,0.0,0.0,0.0,1.0,1.0,1.0,1.0,0.7627292700833518
2025-03-26 12:00:00,0,3027.139,3029.958,3025.289,6.161714285714262,1.0,5.0,5.0,1.0,12.0,2.0,1.0,4.0,5.0,1.0,0.0,0.0,0.0,1.0,1.0,1.0,1.0,0.9306799490969152
2025-03-26 13:00:00,1,3016.718,3027.485,3015.873,6.897785714285679,1.0,5.0,0.0,1.0,13.0,2.0,1.0,4.0,5.0,1.0,1.0,0.0,0.0,1.0,1.0,1.0,1.0,0.8773214464428126
2025-03-27 17:00:00,1,3052.835,3053.259,3047.835,9.120500000000025,1.0,2.0,1.0,1.0,17.0,3.0,1.0,1.0,2.0,1.0,0.0,0.0,0.0,1.0,0.0,0.0,0.0,0.7806576072507181
2025-03-27 18:00:00,1,3055.882,3057.583,3052.715,8.976714285714284,1.0,2.0,0.0,1.0,18.0,3.0,1.0,1.0,2.0,1.0,1.0,0.0,0.0,1.0,0.0,0.0,0.0,0.7067473753246499
2025-03-27 19:00:00,0,3057.468,3057.852,3054.938,8.718071428571388,1.0,2.0,0.0,1.0,19.0,3.0,1.0,1.0,2.0,1.0,1.0,0.0,0.0,1.0,0.0,0.0,0.0,0.6966562577491964
2025-03-27 20:00:00,0,3056.669,3057.603,3055.134,8.424928571428543,1.0,2.0,0.0,1.0,20.0,3.0,1.0,1.0,2.0,1.0,1.0,0.0,0.0,1.0,0.0,0.0,0.0,0.7633993160535955
2025-03-27 22:00:00,1,3055.028,3057.637,3054.487,8.110357142857115,1.0,3.0,6.0,1.0,22.0,3.0,1.0,2.0,3.0,1.0,0.0,0.0,0.0,1.0,0.0,0.0,1.0,0.9301229665702905
2025-03-27 23:00:00,1,3055.71,3056.156,3054.163,7.950714285714249,1.0,3.0,0.0,1.0,23.0,3.0,1.0,2.0,3.0,1.0,1.0,0.0,0.0,1.0,0.0,0.0,1.0,0.7976546207605503
2025-03-28 00:00:00,1,3061.977,3063.491,3054.998,8.099714285714267,1.0,4.0,0.0,1.0,0.0,4.0,1.0,3.0,4.0,1.0,1.0,0.0,0.0,1.0,0.0,1.0,1.0,0.7914048710540499
2025-03-28 01:00:00,1,3073.88,3074.058,3061.78,7.827428571428527,1.0,5.0,0.0,1.0,1.0,4.0,1.0,4.0,5.0,1.0,1.0,0.0,0.0,1.0,1.0,1.0,1.0,0.9032224973346245
2025-03-28 02:00:00,1,3071.917,3077.57,3070.015,7.880928571428577,1.0,4.0,6.0,1.0,2.0,4.0,1.0,3.0,4.0,1.0,0.0,0.0,0.0,1.0,0.0,1.0,1.0,0.9235059190157588
2025-03-28 04:00:00,1,3073.891,3075.422,3072.527,6.618428571428565,1.0,3.0,0.0,1.0,4.0,4.0,1.0,2.0,3.0,1.0,1.0,0.0,0.0,1.0,0.0,0.0,1.0,0.7048572876647108
2025-03-28 06:00:00,0,3084.699,3084.943,3076.653,5.956285714285741,1.0,3.0,0.0,1.0,6.0,4.0,1.0,2.0,3.0,1.0,1.0,0.0,0.0,1.0,0.0,1.0,1.0,0.5460736819245059
2025-03-28 08:00:00,1,3072.958,3081.245,3066.167,6.772357142857183,1.0,3.0,0.0,1.0,8.0,4.0,1.0,2.0,3.0,1.0,0.0,0.0,0.0,1.0,0.0,1.0,0.0,0.5839179009838791
2025-03-28 09:00:00,1,3072.84,3076.235,3069.617,6.897357142857183,1.0,2.0,5.0,1.0,9.0,4.0,1.0,1.0,2.0,1.0,0.0,0.0,0.0,1.0,0.0,0.0,0.0,0.7898816964173014
2025-03-28 10:00:00,1,3074.271,3074.625,3067.365,7.207785714285786,1.0,3.0,3.0,1.0,10.0,4.0,1.0,2.0,3.0,1.0,0.0,0.0,0.0,1.0,0.0,1.0,0.0,0.8121870226789185
2025-03-28 11:00:00,1,3076.369,3079.925,3073.999,7.454714285714382,1.0,3.0,4.0,1.0,11.0,4.0,1.0,2.0,3.0,1.0,0.0,0.0,0.0,1.0,0.0,1.0,0.0,0.5172347210551754
2025-03-28 12:00:00,1,3077.456,3081.869,3072.495,7.899285714285822,1.0,4.0,5.0,1.0,12.0,4.0,1.0,3.0,4.0,1.0,0.0,0.0,0.0,1.0,1.0,1.0,0.0,0.8411919439148771
2025-03-28 13:00:00,0,3083.518,3084.095,3070.73,8.711571428571526,1.0,4.0,0.0,1.0,13.0,4.0,1.0,3.0,4.0,1.0,1.0,0.0,0.0,1.0,1.0,1.0,0.0,0.7973083211541019
2025-03-28 18:00:00,1,3079.683,3080.492,3073.488,10.290285714285831,1.0,2.0,3.0,1.0,18.0,4.0,1.0,1.0,2.0,1.0,0.0,0.0,0.0,1.0,0.0,0.0,0.0,0.6500484393406664
2025-03-28 20:00:00,1,3085.002,3085.955,3080.762,9.55907142857151,1.0,3.0,0.0,1.0,20.0,4.0,1.0,2.0,3.0,1.0,1.0,0.0,0.0,1.0,0.0,0.0,1.0,0.705060371453031
2025-03-30 22:00:00,1,3090.003,3097.884,3088.571,9.89107142857152,1.0,3.0,6.0,1.0,22.0,6.0,1.0,2.0,3.0,1.0,0.0,0.0,0.0,1.0,0.0,0.0,1.0,0.924764329001704
2025-03-31 02:00:00,1,3106.648,3107.283,3093.848,10.785214285714314,1.0,5.0,0.0,1.0,2.0,0.0,1.0,4.0,5.0,1.0,1.0,0.0,0.0,0.0,1.0,1.0,1.0,0.6742247454826207
2025-03-31 04:00:00,1,3113.29,3115.964,3105.913,10.344928571428584,1.0,3.0,0.0,1.0,4.0,0.0,1.0,2.0,3.0,1.0,1.0,0.0,0.0,0.0,0.0,1.0,1.0,0.5694517614490395
2025-03-31 05:00:00,1,3116.585,3120.089,3107.573,9.9019285714286,1.0,2.0,0.0,1.0,5.0,0.0,1.0,1.0,2.0,1.0,1.0,0.0,0.0,0.0,0.0,1.0,0.0,0.4500834586078095
2025-03-31 07:00:00,0,3124.523,3125.44,3118.605,9.67364285714286,1.0,4.0,0.0,1.0,7.0,0.0,1.0,3.0,4.0,1.0,1.0,0.0,0.0,0.0,1.0,1.0,0.0,0.5551311770159536
2025-03-31 11:00:00,1,3119.48,3119.68,3113.319,10.49442857142854,1.0,2.0,3.0,1.0,11.0,0.0,1.0,1.0,2.0,1.0,0.0,0.0,0.0,0.0,0.0,0.0,0.0,0.5337315842615302
2025-03-31 12:00:00,0,3124.488,3126.766,3118.095,10.193642857142844,1.0,4.0,0.0,1.0,12.0,0.0,1.0,3.0,4.0,1.0,1.0,0.0,0.0,0.0,1.0,1.0,0.0,0.5573684774885607
2025-03-31 13:00:00,1,3113.513,3124.765,3099.753,11.75742857142856,1.0,4.0,0.0,1.0,13.0,0.0,1.0,3.0,4.0,1.0,0.0,0.0,0.0,1.0,1.0,1.0,0.0,0.5568798115153248
2025-03-31 15:00:00,1,3113.807,3127.236,3112.824,11.49149999999999,1.0,4.0,0.0,1.0,15.0,0.0,1.0,3.0,4.0,1.0,0.0,0.0,0.0,1.0,1.0,1.0,0.0,0.6342750625518722
2025-03-31 17:00:00,1,3117.905,3120.315,3115.894,11.028357142857136,1.0,2.0,5.0,1.0,17.0,0.0,1.0,1.0,2.0,1.0,0.0,0.0,0.0,1.0,0.0,0.0,0.0,0.5386689039986757
2025-03-31 19:00:00,1,3124.36,3124.613,3120.862,10.119499999999984,1.0,2.0,0.0,1.0,19.0,0.0,1.0,1.0,2.0,1.0,1.0,0.0,0.0,0.0,0.0,0.0,0.0,0.43014267748407475
2025-03-31 23:00:00,1,3120.581,3126.447,3120.051,9.02914285714285,1.0,3.0,6.0,1.0,23.0,0.0,1.0,2.0,3.0,1.0,0.0,0.0,0.0,1.0,0.0,0.0,1.0,0.8173946587429458
2025-04-01 01:00:00,1,3135.442,3138.257,3126.515,8.753071428571436,1.0,5.0,0.0,1.0,1.0,1.0,1.0,4.0,5.0,1.0,1.0,0.0,0.0,1.0,1.0,1.0,1.0,0.8135761648756715
2025-04-01 02:00:00,1,3145.131,3145.704,3132.952,9.209571428571442,1.0,5.0,0.0,1.0,2.0,1.0,1.0,4.0,5.0,1.0,1.0,0.0,0.0,0.0,1.0,1.0,1.0,0.752712861455328
2025-04-01 03:00:00,0,3146.028,3147.4,3142.553,8.93642857142858,1.0,4.0,0.0,1.0,3.0,1.0,1.0,3.0,4.0,1.0,1.0,0.0,0.0,0.0,0.0,1.0,1.0,0.5881110460505764
2025-04-01 07:00:00,1,3127.638,3137.727,3124.073,8.05878571428577,1.0,5.0,0.0,1.0,7.0,1.0,1.0,4.0,5.0,1.0,0.0,0.0,0.0,1.0,1.0,1.0,1.0,0.6832814962102679
2025-04-01 11:00:00,1,3130.319,3135.828,3128.645,8.953571428571422,1.0,2.0,6.0,1.0,11.0,1.0,1.0,1.0,2.0,1.0,0.0,0.0,0.0,1.0,0.0,0.0,0.0,0.7954758882742302
2025-04-01 12:00:00,1,3133.235,3134.596,3127.689,9.14342857142859,1.0,4.0,7.0,1.0,12.0,1.0,1.0,3.0,4.0,1.0,0.0,0.0,0.0,1.0,1.0,1.0,0.0,0.950456339464459
2025-04-01 13:00:00,1,3133.774,3137.058,3128.163,9.321928571428575,1.0,4.0,5.0,1.0,13.0,1.0,1.0,3.0,4.0,1.0,0.0,0.0,0.0,1.0,1.0,1.0,0.0,0.7561087219593436
2025-04-01 14:00:00,1,3128.694,3135.429,3123.703,9.60578571428573,1.0,4.0,2.0,1.0,14.0,1.0,1.0,3.0,4.0,1.0,0.0,0.0,0.0,1.0,1.0,1.0,0.0,0.781011780549181
2025-04-01 15:00:00,1,3113.725,3133.031,3113.376,10.170999999999983,1.0,4.0,0.0,1.0,15.0,1.0,1.0,3.0,4.0,1.0,1.0,0.0,0.0,1.0,1.0,1.0,0.0,0.7555704991897394
2025-04-03 01:00:00,1,3153.397,3163.014,3147.902,14.937357142857111,1.0,4.0,5.0,1.0,1.0,3.0,1.0,3.0,4.0,1.0,0.0,0.0,0.0,1.0,1.0,1.0,0.0,0.8309662641119377
2025-04-03 02:00:00,1,3145.192,3155.337,3142.241,15.189999999999957,1.0,3.0,2.0,1.0,2.0,3.0,1.0,2.0,3.0,1.0,0.0,0.0,0.0,1.0,0.0,1.0,0.0,0.8437452261970748
2025-04-03 04:00:00,0,3140.371,3149.688,3139.083,14.63321428571427,1.0,2.0,8.0,1.0,4.0,3.0,1.0,1.0,2.0,1.0,0.0,0.0,0.0,1.0,0.0,0.0,0.0,0.7238830610525073
2025-04-03 07:00:00,1,3128.957,3130.173,3119.805,16.00535714285713,1.0,2.0,3.0,1.0,7.0,3.0,1.0,1.0,2.0,1.0,0.0,0.0,0.0,1.0,0.0,0.0,0.0,0.615177815199863
2025-04-03 08:00:00,1,3129.008,3132.019,3126.041,15.672714285714262,1.0,2.0,5.0,1.0,8.0,3.0,1.0,1.0,2.0,1.0,0.0,0.0,0.0,1.0,0.0,0.0,0.0,0.6951822627851281
2025-04-04 12:00:00,0,3071.138,3111.885,3069.359,16.67907142857137,1.0,3.0,0.0,0.0,12.0,4.0,1.0,2.0,3.0,0.0,1.0,0.0,0.0,0.0,1.0,1.0,0.0,0.5192486331854919
2025-04-10 06:00:00,0,3122.128,3126.345,3118.913,20.47142857142863,1.0,2.0,5.0,1.0,6.0,3.0,1.0,1.0,2.0,1.0,0.0,0.0,0.0,0.0,0.0,1.0,0.0,0.58607149948146
2025-04-10 08:00:00,1,3105.075,3115.783,3104.686,18.182357142857136,1.0,2.0,6.0,1.0,8.0,3.0,1.0,1.0,2.0,1.0,0.0,0.0,0.0,0.0,0.0,1.0,0.0,0.7294028862120455
2025-04-10 12:00:00,1,3123.114,3133.965,3116.312,15.112071428571394,1.0,4.0,5.0,1.0,12.0,3.0,1.0,3.0,4.0,1.0,0.0,0.0,0.0,0.0,1.0,1.0,0.0,0.6548836155726903
2025-04-10 13:00:00,1,3116.997,3136.632,3116.011,15.909071428571384,1.0,4.0,6.0,1.0,13.0,3.0,1.0,3.0,4.0,1.0,0.0,0.0,0.0,0.0,1.0,1.0,0.0,0.7764711725323151
2025-04-10 15:00:00,1,3157.924,3174.993,3154.437,17.07085714285709,1.0,3.0,4.0,1.0,15.0,3.0,1.0,2.0,3.0,1.0,0.0,0.0,0.0,0.0,1.0,1.0,0.0,0.6841029909643721
2025-04-10 16:00:00,1,3158.613,3167.312,3153.956,16.13578571428564,1.0,3.0,5.0,1.0,16.0,3.0,1.0,2.0,3.0,1.0,0.0,0.0,0.0,0.0,1.0,1.0,0.0,0.7196038519328837
2025-04-10 17:00:00,1,3162.772,3165.549,3151.542,15.954928571428516,1.0,2.0,3.0,1.0,17.0,3.0,1.0,1.0,2.0,1.0,0.0,0.0,0.0,0.0,0.0,1.0,0.0,0.45994225807484324
2025-04-10 20:00:00,1,3175.69,3176.428,3168.437,15.851785714285665,2.0,2.0,1.0,1.0,20.0,3.0,2.0,0.0,2.0,1.0,1.0,0.0,0.0,0.0,0.0,0.0,0.0,0.5054291520545343
2025-04-10 23:00:00,1,3188.972,3191.324,3183.107,15.48442857142855,2.0,2.0,5.0,1.0,23.0,3.0,2.0,0.0,2.0,1.0,1.0,0.0,0.0,0.0,0.0,0.0,0.0,0.7155358108505185
2025-04-11 01:00:00,1,3207.168,3219.465,3200.993,17.51064285714288,1.0,3.0,5.0,1.0,1.0,4.0,1.0,2.0,3.0,1.0,0.0,0.0,0.0,0.0,1.0,1.0,0.0,0.7958457182931781
2025-04-11 02:00:00,0,3217.388,3219.899,3205.993,17.614785714285745,1.0,2.0,0.0,1.0,2.0,4.0,1.0,1.0,2.0,1.0,1.0,0.0,0.0,0.0,0.0,1.0,0.0,0.389921543010298
2025-04-11 06:00:00,1,3197.189,3209.574,3190.225,15.492357142857111,1.0,3.0,5.0,1.0,6.0,4.0,1.0,2.0,3.0,1.0,0.0,0.0,0.0,0.0,1.0,1.0,0.0,0.7202121677878158
2025-04-11 12:00:00,0,3233.669,3234.017,3211.033,18.65464285714289,1.0,3.0,0.0,1.0,12.0,4.0,1.0,2.0,3.0,1.0,1.0,0.0,0.0,0.0,1.0,1.0,0.0,0.5597969692030805
2025-04-13 23:00:00,1,3223.733,3224.524,3216.864,16.260999999999903,1.0,2.0,3.0,1.0,23.0,6.0,1.0,1.0,2.0,1.0,0.0,0.0,0.0,0.0,0.0,0.0,0.0,0.6238970928509415
2025-04-14 01:00:00,0,3239.702,3243.607,3215.391,15.570285714285578,1.0,4.0,1.0,1.0,1.0,0.0,1.0,3.0,4.0,1.0,0.0,0.0,0.0,0.0,1.0,1.0,0.0,0.6114124117677925
2025-04-14 03:00:00,1,3232.39,3234.715,3226.909,14.699071428571315,1.0,2.0,5.0,1.0,3.0,0.0,1.0,1.0,2.0,1.0,0.0,0.0,0.0,0.0,0.0,0.0,0.0,0.5806275756781516
2025-04-14 04:00:00,1,3227.431,3235.8,3226.137,13.636071428571343,1.0,2.0,2.0,1.0,4.0,0.0,1.0,1.0,2.0,1.0,0.0,0.0,0.0,0.0,0.0,0.0,0.0,0.5314206733762312
2025-04-14 05:00:00,0,3234.408,3236.061,3221.386,13.61628571428566,1.0,3.0,1.0,1.0,5.0,0.0,1.0,2.0,3.0,1.0,0.0,0.0,0.0,0.0,0.0,1.0,0.0,0.6808756786628973
2025-04-14 09:00:00,1,3223.843,3231.749,3220.894,12.515642857142891,1.0,3.0,6.0,1.0,9.0,0.0,1.0,2.0,3.0,1.0,0.0,0.0,0.0,0.0,0.0,1.0,0.0,0.6964844773548591
2025-04-14 12:00:00,1,3206.788,3227.712,3200.48,13.74021428571434,1.0,4.0,8.0,1.0,12.0,0.0,1.0,3.0,4.0,1.0,0.0,0.0,0.0,0.0,1.0,1.0,0.0,0.648869074767621
2025-04-16 10:00:00,1,3304.074,3306.814,3299.598,13.201999999999869,1.0,3.0,5.0,1.0,10.0,2.0,1.0,2.0,3.0,1.0,0.0,0.0,0.0,0.0,0.0,0.0,1.0,0.7060946913894605
2025-04-16 11:00:00,1,3306.842,3313.718,3293.164,14.157285714285567,1.0,4.0,5.0,1.0,11.0,2.0,1.0,3.0,4.0,1.0,0.0,0.0,0.0,0.0,1.0,1.0,1.0,0.6369274429090528
2025-04-16 12:00:00,1,3307.343,3313.432,3302.406,14.05899999999984,1.0,4.0,5.0,1.0,12.0,2.0,1.0,3.0,4.0,1.0,0.0,0.0,0.0,0.0,1.0,1.0,1.0,0.6283762991411886
2025-04-16 14:00:00,1,3308.425,3319.601,3306.152,14.284857142857,1.0,4.0,6.0,1.0,14.0,2.0,1.0,3.0,4.0,1.0,0.0,0.0,0.0,0.0,1.0,1.0,1.0,0.7539020756452273
2025-04-16 17:00:00,1,3328.006,3332.84,3324.413,14.264642857142755,2.0,2.0,5.0,1.0,17.0,2.0,2.0,0.0,2.0,1.0,1.0,0.0,0.0,0.0,0.0,0.0,0.0,0.5088546923545676
2025-04-16 20:00:00,1,3342.198,3342.659,3334.437,13.812928571428529,2.0,2.0,7.0,1.0,20.0,2.0,2.0,0.0,2.0,1.0,1.0,0.0,0.0,0.0,0.0,0.0,0.0,0.7997765725446129
2025-04-17 01:00:00,1,3323.912,3356.281,3320.801,14.537857142857124,1.0,4.0,0.0,1.0,1.0,3.0,1.0,3.0,4.0,1.0,0.0,0.0,0.0,1.0,1.0,1.0,0.0,0.6482924926667957
2025-04-17 06:00:00,0,3328.931,3332.994,3325.204,12.446071428571486,1.0,4.0,5.0,1.0,6.0,3.0,1.0,3.0,4.0,1.0,0.0,0.0,0.0,0.0,1.0,1.0,0.0,0.6513695075168244
2025-04-17 09:00:00,1,3321.573,3326.921,3320.597,12.444285714285732,1.0,2.0,2.0,1.0,9.0,3.0,1.0,1.0,2.0,1.0,0.0,0.0,0.0,1.0,0.0,0.0,0.0,0.6816371527197136
2025-04-17 11:00:00,0,3327.371,3332.47,3322.372,13.046357142857136,1.0,2.0,5.0,1.0,11.0,3.0,1.0,1.0,2.0,1.0,0.0,0.0,0.0,1.0,0.0,0.0,0.0,0.6764131481389473
2025-04-22 10:00:00,1,3452.297,3468.35,3451.385,20.349928571428563,1.0,2.0,6.0,1.0,10.0,1.0,1.0,1.0,2.0,1.0,0.0,0.0,0.0,0.0,0.0,0.0,0.0,0.7163062144539066
2025-04-22 12:00:00,1,3431.593,3464.803,3424.256,22.78621428571429,1.0,4.0,2.0,1.0,12.0,1.0,1.0,3.0,4.0,1.0,0.0,0.0,0.0,1.0,1.0,1.0,0.0,0.6924728254135285
2025-04-22 15:00:00,0,3417.721,3433.191,3410.324,23.729999999999983,1.0,4.0,2.0,1.0,15.0,1.0,1.0,3.0,4.0,1.0,0.0,0.0,0.0,1.0,1.0,1.0,0.0,0.7614087294779239
2025-04-25 02:00:00,0,3348.738,3353.375,3344.552,14.80528571428574,1.0,4.0,4.0,1.0,2.0,4.0,1.0,3.0,4.0,1.0,0.0,0.0,1.0,1.0,0.0,1.0,0.0,0.8366309292113983
2025-04-25 04:00:00,0,3324.761,3327.821,3316.342,15.522571428571414,1.0,4.0,5.0,0.0,4.0,4.0,1.0,3.0,4.0,0.0,0.0,0.0,0.0,0.0,1.0,1.0,0.0,0.7261053004696387
2025-04-28 20:00:00,0,3344.162,3352.376,3342.333,14.585071428571448,1.0,2.0,2.0,0.0,20.0,0.0,1.0,1.0,2.0,0.0,0.0,0.0,0.0,1.0,0.0,0.0,0.0,0.5652636437805135
2025-04-28 23:00:00,0,3337.682,3342.929,3333.82,14.678357142857164,1.0,2.0,5.0,0.0,23.0,0.0,1.0,1.0,2.0,0.0,0.0,0.0,0.0,1.0,0.0,0.0,0.0,0.7282455366095663
2025-04-29 10:00:00,1,3312.914,3315.542,3306.159,12.219071428571429,1.0,2.0,1.0,0.0,10.0,1.0,1.0,1.0,2.0,0.0,0.0,0.0,0.0,1.0,0.0,0.0,0.0,0.4650910256374677
2025-04-29 12:00:00,1,3312.869,3314.623,3300.378,11.93185714285713,1.0,4.0,3.0,0.0,12.0,1.0,1.0,3.0,4.0,0.0,0.0,0.0,0.0,1.0,1.0,1.0,0.0,0.5877818132687347
2025-04-29 19:00:00,1,3320.535,3324.963,3317.887,12.526714285714238,1.0,2.0,5.0,0.0,19.0,1.0,1.0,1.0,2.0,0.0,0.0,0.0,0.0,1.0,0.0,0.0,0.0,0.5636122418152832
2025-04-29 22:00:00,0,3318.859,3323.433,3315.968,11.674357142857096,1.0,2.0,4.0,0.0,22.0,1.0,1.0,1.0,2.0,0.0,0.0,0.0,0.0,1.0,0.0,0.0,0.0,0.8258590735081486
2025-04-29 23:00:00,1,3317.122,3319.374,3310.949,11.334928571428527,1.0,2.0,2.0,0.0,23.0,1.0,1.0,1.0,2.0,0.0,0.0,0.0,0.0,1.0,0.0,0.0,0.0,0.8023878483956028
2025-04-30 01:00:00,1,3308.233,3322.721,3307.787,12.39028571428571,1.0,4.0,6.0,0.0,1.0,2.0,1.0,3.0,4.0,0.0,0.0,0.0,0.0,1.0,1.0,1.0,0.0,0.8017038676558828
2025-04-30 03:00:00,1,3304.753,3311.302,3303.782,11.910357142857135,1.0,3.0,6.0,0.0,3.0,2.0,1.0,2.0,3.0,0.0,0.0,0.0,0.0,1.0,0.0,1.0,0.0,0.7894480480714497
2025-04-30 04:00:00,1,3308.044,3308.905,3301.313,10.914642857142846,1.0,2.0,7.0,0.0,4.0,2.0,1.0,1.0,2.0,0.0,0.0,0.0,0.0,1.0,0.0,0.0,0.0,0.9271928614913625
2025-04-30 05:00:00,1,3309.5,3314.658,3307.623,10.124571428571404,1.0,4.0,4.0,0.0,5.0,2.0,1.0,3.0,4.0,0.0,0.0,0.0,0.0,1.0,0.0,1.0,1.0,0.8030226503932547
2025-04-30 06:00:00,0,3305.877,3311.256,3304.935,9.834357142857112,1.0,4.0,2.0,0.0,6.0,2.0,1.0,3.0,4.0,0.0,0.0,0.0,0.0,1.0,0.0,1.0,1.0,0.6901206226620473
2025-04-30 09:00:00,1,3276.008,3286.863,3275.076,10.598999999999998,1.0,4.0,0.0,0.0,9.0,2.0,1.0,3.0,4.0,0.0,1.0,0.0,0.0,1.0,1.0,1.0,1.0,0.6592737729091985
2025-04-30 10:00:00,1,3272.633,3280.844,3271.84,10.736714285714276,1.0,3.0,0.0,0.0,10.0,2.0,1.0,2.0,3.0,0.0,1.0,0.0,0.0,1.0,0.0,1.0,1.0,0.5299283274690977
2025-04-30 15:00:00,1,3307.955,3314.697,3299.055,14.835571428571418,1.0,4.0,5.0,0.0,15.0,2.0,1.0,3.0,4.0,0.0,0.0,0.0,0.0,1.0,1.0,1.0,0.0,0.6747859016213777
2025-04-30 17:00:00,0,3305.324,3313.502,3304.943,14.844357142857104,1.0,2.0,8.0,0.0,17.0,2.0,1.0,1.0,2.0,0.0,0.0,0.0,0.0,1.0,0.0,0.0,0.0,0.682085958215481
2025-04-30 23:00:00,0,3272.887,3285.35,3269.738,15.476214285714248,1.0,3.0,5.0,0.0,23.0,2.0,1.0,2.0,3.0,0.0,0.0,0.0,0.0,1.0,0.0,1.0,0.0,0.7972081731272747
2025-05-01 01:00:00,0,3238.862,3251.386,3234.437,17.71464285714283,1.0,3.0,0.0,0.0,1.0,3.0,1.0,2.0,3.0,0.0,1.0,0.0,0.0,0.0,1.0,1.0,0.0,0.4863908028155338
2025-05-01 05:00:00,0,3236.714,3238.822,3223.359,14.912785714285748,1.0,2.0,1.0,0.0,5.0,3.0,1.0,1.0,2.0,0.0,0.0,0.0,0.0,0.0,0.0,1.0,0.0,0.38844750274549517
2025-05-01 09:00:00,1,3218.563,3236.276,3215.873,15.521857142857144,2.0,2.0,2.0,0.0,9.0,3.0,2.0,0.0,2.0,0.0,1.0,0.0,0.0,0.0,0.0,0.0,0.0,0.46809744881474485
2025-05-05 08:00:00,1,3282.653,3282.86,3263.06,11.411000000000058,1.0,3.0,0.0,0.0,8.0,0.0,1.0,2.0,3.0,0.0,1.0,0.0,0.0,1.0,0.0,1.0,0.0,0.45435207810922545
2025-05-05 09:00:00,1,3308.625,3309.015,3282.177,12.740500000000043,1.0,3.0,0.0,0.0,9.0,0.0,1.0,2.0,3.0,0.0,1.0,0.0,0.0,1.0,1.0,1.0,0.0,0.5119050261270005
2025-05-05 14:00:00,1,3312.629,3328.838,3309.89,13.542642857142935,1.0,3.0,6.0,1.0,14.0,0.0,1.0,2.0,3.0,1.0,0.0,0.0,0.0,1.0,1.0,1.0,0.0,0.7347743536660079
2025-05-05 15:00:00,1,3312.065,3317.882,3309.006,12.424928571428676,1.0,3.0,5.0,1.0,15.0,0.0,1.0,2.0,3.0,1.0,0.0,0.0,0.0,1.0,1.0,1.0,0.0,0.6880171292859525
2025-05-05 16:00:00,1,3309.774,3313.591,3305.577,12.085000000000068,1.0,2.0,0.0,1.0,16.0,0.0,1.0,1.0,2.0,1.0,0.0,0.0,0.0,1.0,0.0,0.0,0.0,0.4640777485918381
2025-05-05 17:00:00,1,3317.129,3318.199,3309.14,11.43121428571437,1.0,2.0,7.0,1.0,17.0,0.0,1.0,1.0,2.0,1.0,0.0,0.0,0.0,1.0,0.0,0.0,0.0,0.7989831012249895
2025-05-05 19:00:00,1,3328.793,3337.673,3322.778,12.196785714285786,1.0,2.0,4.0,1.0,19.0,0.0,1.0,1.0,2.0,1.0,0.0,0.0,0.0,0.0,0.0,1.0,0.0,0.4038220320685026
2025-05-06 00:00:00,1,3329.569,3334.408,3323.211,10.023357142857256,1.0,3.0,2.0,1.0,0.0,1.0,1.0,2.0,3.0,1.0,0.0,0.0,0.0,0.0,1.0,1.0,0.0,0.773493469921103
2025-05-06 01:00:00,0,3379.645,3381.812,3329.638,13.033642857142954,1.0,3.0,0.0,1.0,1.0,1.0,1.0,2.0,3.0,1.0,1.0,0.0,0.0,0.0,1.0,1.0,0.0,0.5442487649506076
2025-05-06 03:00:00,1,3360.401,3372.425,3352.407,15.408571428571513,1.0,4.0,5.0,1.0,3.0,1.0,1.0,3.0,4.0,1.0,0.0,0.0,0.0,0.0,1.0,1.0,0.0,0.7152123936059992
2025-05-06 06:00:00,1,3364.654,3367.984,3358.742,15.141642857142902,1.0,3.0,1.0,1.0,6.0,1.0,1.0,2.0,3.0,1.0,0.0,0.0,0.0,0.0,0.0,1.0,0.0,0.46332285741027707
2025-05-06 09:00:00,0,3383.135,3383.227,3371.412,16.184142857142888,1.0,2.0,0.0,1.0,9.0,1.0,1.0,1.0,2.0,1.0,1.0,0.0,0.0,0.0,0.0,0.0,0.0,0.40496332807615953
2025-05-06 10:00:00,1,3383.55,3383.816,3376.666,15.630928571428578,1.0,2.0,0.0,1.0,10.0,1.0,1.0,1.0,2.0,1.0,1.0,0.0,0.0,0.0,0.0,0.0,0.0,0.40251150699576266
2025-05-06 13:00:00,1,3391.781,3397.595,3387.824,16.87449999999993,1.0,3.0,5.0,1.0,13.0,1.0,1.0,2.0,3.0,1.0,0.0,0.0,0.0,0.0,1.0,1.0,0.0,0.6759877730875484
2025-05-06 15:00:00,1,3395.098,3399.87,3385.266,14.799428571428509,2.0,2.0,1.0,1.0,15.0,1.0,2.0,0.0,2.0,1.0,1.0,0.0,0.0,0.0,0.0,0.0,0.0,0.41110690952697654
2025-05-06 16:00:00,1,3408.809,3411.696,3394.673,13.82621428571422,1.0,2.0,0.0,1.0,16.0,1.0,1.0,1.0,2.0,1.0,1.0,0.0,0.0,0.0,0.0,1.0,0.0,0.3772311940461677
2025-05-06 17:00:00,1,3414.054,3417.874,3407.439,13.141714285714215,1.0,2.0,0.0,1.0,17.0,1.0,1.0,1.0,2.0,1.0,1.0,0.0,0.0,0.0,0.0,1.0,0.0,0.37670145739121014
2025-05-06 19:00:00,0,3423.168,3424.094,3412.565,12.768071428571345,1.0,2.0,0.0,1.0,19.0,1.0,1.0,1.0,2.0,1.0,1.0,0.0,0.0,0.0,0.0,0.0,1.0,0.29664874544555514
2025-05-07 00:00:00,1,3379.565,3401.666,3360.747,18.761785714285647,1.0,4.0,2.0,1.0,0.0,2.0,1.0,3.0,4.0,1.0,0.0,0.0,0.0,1.0,1.0,1.0,1.0,0.8392143655372427
2025-05-07 01:00:00,1,3374.737,3385.199,3360.068,20.046142857142804,1.0,5.0,0.0,1.0,1.0,2.0,1.0,4.0,5.0,1.0,0.0,0.0,0.0,1.0,1.0,1.0,1.0,0.7950009668884188
2025-05-07 07:00:00,1,3388.016,3397.425,3383.74,19.93621428571425,1.0,2.0,0.0,1.0,7.0,2.0,1.0,1.0,2.0,1.0,0.0,0.0,0.0,0.0,0.0,0.0,0.0,0.3815189918723825
2025-05-07 14:00:00,1,3385.874,3394.709,3375.662,15.656857142857072,1.0,4.0,8.0,1.0,14.0,2.0,1.0,3.0,4.0,1.0,0.0,0.0,0.0,0.0,1.0,1.0,0.0,0.6872506357313556
2025-05-07 15:00:00,1,3385.27,3389.568,3381.943,14.40642857142851,1.0,3.0,5.0,1.0,15.0,2.0,1.0,2.0,3.0,1.0,0.0,0.0,0.0,0.0,0.0,1.0,0.0,0.6832183455716101
2025-05-07 16:00:00,1,3386.933,3389.76,3378.834,13.615928571428542,1.0,2.0,1.0,1.0,16.0,2.0,1.0,1.0,2.0,1.0,0.0,0.0,0.0,0.0,0.0,0.0,0.0,0.585309261991477
2025-05-07 17:00:00,1,3385.194,3389.888,3383.774,12.436357142857135,1.0,2.0,6.0,1.0,17.0,2.0,1.0,1.0,2.0,1.0,0.0,0.0,0.0,0.0,0.0,0.0,0.0,0.7909224559090476
2025-05-07 18:00:00,1,3384.565,3398.001,3376.028,13.11007142857144,1.0,4.0,5.0,1.0,18.0,2.0,1.0,3.0,4.0,1.0,0.0,0.0,0.0,0.0,1.0,1.0,0.0,0.576391968807121
2025-05-08 05:00:00,0,3355.404,3384.272,3354.925,15.28407142857142,1.0,4.0,0.0,1.0,5.0,3.0,1.0,3.0,4.0,1.0,1.0,0.0,0.0,1.0,1.0,1.0,0.0,0.7177216099315791
2025-05-13 10:00:00,1,3252.834,3256.268,3251.131,12.086857142857102,1.0,2.0,5.0,0.0,10.0,1.0,1.0,1.0,2.0,0.0,0.0,0.0,0.0,1.0,0.0,0.0,0.0,0.5594702234517448
2025-05-13 11:00:00,1,3249.167,3258.576,3248.781,12.367357142857111,1.0,4.0,6.0,0.0,11.0,1.0,1.0,3.0,4.0,0.0,0.0,0.0,1.0,0.0,0.0,1.0,0.0,0.6400611087893132
2025-05-13 19:00:00,1,3249.324,3251.176,3246.332,11.450214285714342,1.0,3.0,5.0,0.0,19.0,1.0,1.0,2.0,3.0,0.0,0.0,0.0,1.0,0.0,0.0,0.0,0.0,0.5575168561045799
2025-05-14 01:00:00,0,3238.942,3251.807,3237.202,11.068857142857173,1.0,4.0,6.0,0.0,1.0,2.0,1.0,3.0,4.0,0.0,0.0,0.0,0.0,0.0,1.0,1.0,0.0,0.7897198097129294
2025-05-14 03:00:00,1,3228.366,3233.732,3226.212,10.883428571428569,1.0,3.0,0.0,0.0,3.0,2.0,1.0,2.0,3.0,0.0,1.0,0.0,0.0,0.0,0.0,1.0,0.0,0.5277138895410852
2025-05-14 04:00:00,1,3224.028,3230.489,3222.507,10.043571428571406,1.0,3.0,0.0,0.0,4.0,2.0,1.0,2.0,3.0,0.0,1.0,0.0,0.0,0.0,0.0,1.0,0.0,0.641531617708859
2025-05-15 23:00:00,1,3237.15,3251.171,3236.489,12.137928571428542,1.0,2.0,2.0,0.0,23.0,3.0,1.0,1.0,2.0,0.0,0.0,0.0,0.0,1.0,0.0,1.0,0.0,0.730363908468124
2025-05-16 01:00:00,0,3222.256,3244.615,3214.907,13.168499999999929,1.0,4.0,2.0,0.0,1.0,4.0,1.0,3.0,4.0,0.0,0.0,0.0,0.0,1.0,1.0,1.0,0.0,0.7405235122593257
2025-05-16 05:00:00,1,3218.54,3222.29,3211.964,12.83671428571425,1.0,2.0,5.0,0.0,5.0,4.0,1.0,1.0,2.0,0.0,0.0,0.0,0.0,1.0,0.0,1.0,0.0,0.6004959926800875
2025-05-16 06:00:00,0,3214.877,3231.343,3212.835,13.050857142857078,1.0,3.0,6.0,0.0,6.0,4.0,1.0,2.0,3.0,0.0,0.0,0.0,0.0,1.0,1.0,1.0,0.0,0.769678787685074
2025-05-16 10:00:00,1,3175.921,3211.166,3168.921,16.01471428571423,1.0,3.0,2.0,0.0,10.0,4.0,1.0,2.0,3.0,0.0,0.0,0.0,0.0,1.0,1.0,1.0,0.0,0.7163923047288774
2025-05-16 11:00:00,1,3163.124,3179.257,3154.289,17.11171428571421,1.0,4.0,0.0,0.0,11.0,4.0,1.0,3.0,4.0,0.0,0.0,0.0,0.0,1.0,1.0,1.0,0.0,0.5497744064023175
2025-05-16 12:00:00,1,3177.431,3182.061,3154.853,17.971571428571355,1.0,4.0,7.0,0.0,12.0,4.0,1.0,3.0,4.0,0.0,0.0,0.0,0.0,1.0,1.0,1.0,0.0,0.9334491330715593
2025-05-16 14:00:00,1,3173.342,3188.606,3165.997,18.91378571428569,1.0,4.0,2.0,0.0,14.0,4.0,1.0,3.0,4.0,0.0,0.0,0.0,0.0,1.0,1.0,1.0,0.0,0.7030205685892925
2025-05-16 15:00:00,1,3183.479,3185.181,3172.703,17.683071428571434,1.0,2.0,7.0,0.0,15.0,4.0,1.0,1.0,2.0,0.0,0.0,0.0,0.0,1.0,0.0,0.0,0.0,0.89052145903787
2025-05-16 17:00:00,1,3189.388,3192.142,3183.434,17.149142857142838,1.0,2.0,5.0,0.0,17.0,4.0,1.0,1.0,2.0,0.0,0.0,0.0,0.0,1.0,0.0,0.0,0.0,0.5985385364131244
2025-05-16 18:00:00,1,3187.399,3191.222,3184.763,16.836857142857166,1.0,2.0,2.0,0.0,18.0,4.0,1.0,1.0,2.0,0.0,0.0,0.0,0.0,1.0,0.0,0.0,0.0,0.4731110392576653
2025-05-19 03:00:00,1,3212.27,3230.547,3208.04,16.969999999999995,1.0,3.0,2.0,0.0,3.0,0.0,1.0,2.0,3.0,0.0,0.0,0.0,0.0,1.0,0.0,1.0,0.0,0.6257787748726351
2025-05-19 06:00:00,1,3224.253,3231.694,3220.222,15.551571428571378,1.0,3.0,5.0,0.0,6.0,0.0,1.0,2.0,3.0,0.0,0.0,0.0,0.0,1.0,0.0,1.0,0.0,0.5035766657074073
2025-05-19 10:00:00,1,3241.651,3245.302,3234.183,16.819499999999966,1.0,2.0,5.0,0.0,10.0,0.0,1.0,1.0,2.0,0.0,0.0,0.0,0.0,0.0,0.0,0.0,0.0,0.4736873811404862
2025-05-19 11:00:00,0,3243.82,3248.559,3239.083,16.723071428571398,1.0,2.0,0.0,1.0,11.0,0.0,1.0,1.0,2.0,1.0,0.0,0.0,0.0,0.0,0.0,0.0,0.0,0.33248523669478813
2025-05-19 13:00:00,1,3229.999,3241.648,3224.556,14.970642857142852,1.0,4.0,5.0,1.0,13.0,0.0,1.0,3.0,4.0,1.0,0.0,0.0,0.0,1.0,1.0,1.0,0.0,0.6601071732923567
2025-05-19 15:00:00,1,3231.662,3239.849,3229.602,13.584142857142911,1.0,3.0,6.0,1.0,15.0,0.0,1.0,2.0,3.0,1.0,0.0,0.0,0.0,1.0,0.0,1.0,0.0,0.7101906748298468
2025-05-19 16:00:00,1,3231.897,3234.278,3228.084,13.0978571428572,1.0,2.0,5.0,1.0,16.0,0.0,1.0,1.0,2.0,1.0,0.0,0.0,0.0,1.0,0.0,0.0,0.0,0.5348194606809745
2025-05-19 19:00:00,0,3233.01,3235.866,3231.623,11.55321428571431,1.0,2.0,5.0,1.0,19.0,0.0,1.0,1.0,2.0,1.0,0.0,0.0,0.0,1.0,0.0,0.0,0.0,0.5070377447392245
2025-05-20 01:00:00,1,3221.119,3232.778,3220.539,10.141285714285718,1.0,4.0,2.0,1.0,1.0,1.0,1.0,3.0,4.0,1.0,0.0,0.0,0.0,1.0,1.0,1.0,0.0,0.8429199670087865
2025-05-20 02:00:00,1,3206.722,3223.056,3206.386,10.65514285714286,1.0,4.0,0.0,1.0,2.0,1.0,1.0,3.0,4.0,1.0,1.0,0.0,0.0,1.0,1.0,1.0,0.0,0.7815165328321655
2025-05-21 07:00:00,1,3309.906,3320.061,3307.74,12.421928571428614,1.0,3.0,8.0,1.0,7.0,2.0,1.0,2.0,3.0,1.0,0.0,0.0,0.0,0.0,0.0,1.0,0.0,0.6935059715054388
2025-05-21 11:00:00,1,3311.177,3316.455,3306.475,12.77800000000002,1.0,3.0,5.0,1.0,11.0,2.0,1.0,2.0,3.0,1.0,0.0,0.0,0.0,0.0,0.0,1.0,0.0,0.7018061086547012
2025-05-21 12:00:00,1,3302.621,3312.685,3290.693,13.33635714285713,1.0,4.0,0.0,1.0,12.0,2.0,1.0,3.0,4.0,1.0,0.0,0.0,0.0,0.0,1.0,1.0,0.0,0.4781958030684983
2025-05-21 13:00:00,1,3303.575,3309.535,3295.439,13.744857142857134,1.0,4.0,5.0,1.0,13.0,2.0,1.0,3.0,4.0,1.0,0.0,0.0,0.0,0.0,1.0,1.0,0.0,0.636882587870763
2025-05-21 14:00:00,1,3304.364,3307.789,3295.27,13.548357142857151,1.0,4.0,5.0,1.0,14.0,2.0,1.0,3.0,4.0,1.0,0.0,0.0,0.0,0.0,1.0,1.0,0.0,0.6362584483575088
2025-05-21 16:00:00,1,3303.074,3314.675,3302.769,12.000285714285772,1.0,2.0,2.0,1.0,16.0,2.0,1.0,1.0,2.0,1.0,0.0,0.0,0.0,0.0,0.0,0.0,0.0,0.5934480555224345
2025-05-21 17:00:00,1,3316.346,3316.366,3302.811,12.211500000000049,1.0,4.0,0.0,1.0,17.0,2.0,1.0,3.0,4.0,1.0,1.0,0.0,0.0,0.0,1.0,1.0,0.0,0.6130051575922985
2025-05-21 19:00:00,1,3318.389,3324.897,3314.359,11.262714285714342,1.0,3.0,4.0,1.0,19.0,2.0,1.0,2.0,3.0,1.0,0.0,0.0,0.0,0.0,0.0,1.0,0.0,0.5506963539820471
2025-05-22 00:00:00,1,3323.774,3326.271,3319.389,10.475071428571416,1.0,3.0,0.0,1.0,0.0,3.0,1.0,2.0,3.0,1.0,1.0,0.0,0.0,0.0,0.0,1.0,0.0,0.7080362129171148
2025-05-22 01:00:00,1,3338.147,3342.939,3320.376,11.38999999999997,1.0,4.0,0.0,1.0,1.0,3.0,1.0,3.0,4.0,1.0,1.0,0.0,0.0,0.0,1.0,1.0,0.0,0.5663958783765933
2025-05-22 02:00:00,0,3341.187,3344.736,3336.523,11.263785714285664,1.0,4.0,0.0,1.0,2.0,3.0,1.0,3.0,4.0,1.0,1.0,0.0,0.0,0.0,1.0,1.0,0.0,0.6356427085703885
2025-05-22 05:00:00,0,3332.309,3339.533,3326.198,9.962285714285697,1.0,3.0,2.0,1.0,5.0,3.0,1.0,2.0,3.0,1.0,0.0,0.0,0.0,0.0,0.0,1.0,0.0,0.8515405787714975
2025-05-22 07:00:00,1,3327.621,3331.268,3322.607,9.621714285714264,1.0,4.0,5.0,1.0,7.0,3.0,1.0,3.0,4.0,1.0,0.0,0.0,0.0,0.0,1.0,1.0,0.0,0.7774429072394498
2025-05-22 08:00:00,0,3311.249,3329.903,3310.167,10.063214285714269,1.0,4.0,2.0,1.0,8.0,3.0,1.0,3.0,4.0,1.0,0.0,0.0,0.0,1.0,1.0,1.0,0.0,0.8632221946532467
2025-05-22 10:00:00,1,3289.694,3307.466,3288.511,11.040999999999972,1.0,3.0,0.0,1.0,10.0,3.0,1.0,2.0,3.0,1.0,1.0,0.0,0.0,1.0,1.0,1.0,0.0,0.6615384634042296
2025-05-22 11:00:00,1,3314.466,3314.721,3282.977,12.830357142857142,1.0,3.0,1.0,1.0,11.0,3.0,1.0,2.0,3.0,1.0,0.0,0.0,0.0,1.0,1.0,1.0,0.0,0.7306292435300226
2025-05-22 13:00:00,1,3287.816,3315.775,3286.88,14.975071428571416,1.0,3.0,0.0,1.0,13.0,3.0,1.0,2.0,3.0,1.0,1.0,0.0,0.0,1.0,1.0,1.0,0.0,0.6704075354539334
2025-05-23 18:00:00,0,3361.923,3365.876,3361.062,12.724071428571408,1.0,2.0,0.0,1.0,18.0,4.0,1.0,1.0,2.0,1.0,1.0,0.0,0.0,0.0,0.0,0.0,0.0,0.4547237944633863
2025-05-26 01:00:00,1,3344.928,3347.706,3335.554,13.420857142857196,1.0,4.0,3.0,1.0,1.0,0.0,1.0,3.0,4.0,1.0,0.0,0.0,0.0,1.0,1.0,1.0,0.0,0.7319205645832653
2025-05-26 02:00:00,1,3348.214,3356.859,3343.229,12.589071428571485,1.0,3.0,4.0,1.0,2.0,0.0,1.0,2.0,3.0,1.0,0.0,0.0,0.0,1.0,0.0,1.0,0.0,0.755065677457089
2025-05-26 03:00:00,1,3347.636,3350.023,3344.307,11.88442857142864,1.0,3.0,5.0,1.0,3.0,0.0,1.0,2.0,3.0,1.0,0.0,0.0,0.0,1.0,0.0,1.0,0.0,0.7111338892462997
2025-05-26 05:00:00,0,3347.386,3351.906,3344.289,9.168428571428615,1.0,3.0,8.0,1.0,5.0,0.0,1.0,2.0,3.0,1.0,0.0,0.0,0.0,1.0,0.0,1.0,0.0,0.7159545515996554
2025-05-26 07:00:00,1,3337.296,3338.765,3332.124,9.117071428571505,1.0,3.0,5.0,1.0,7.0,0.0,1.0,2.0,3.0,1.0,0.0,0.0,0.0,1.0,0.0,1.0,0.0,0.6242207275378362
2025-05-26 08:00:00,0,3334.657,3339.689,3331.001,9.055785714285744,1.0,3.0,2.0,1.0,8.0,0.0,1.0,2.0,3.0,1.0,0.0,0.0,0.0,1.0,0.0,1.0,0.0,0.6606288586841882
2025-05-28 10:00:00,1,3313.357,3324.739,3311.763,10.150071428571437,1.0,2.0,2.0,0.0,10.0,2.0,1.0,1.0,2.0,0.0,0.0,0.0,0.0,1.0,0.0,0.0,0.0,0.7180208297876403
2025-05-28 12:00:00,1,3312.335,3314.569,3305.319,10.571428571428603,1.0,4.0,5.0,0.0,12.0,2.0,1.0,3.0,4.0,0.0,0.0,0.0,0.0,1.0,1.0,1.0,0.0,0.7543673225670278
2025-05-28 13:00:00,0,3305.229,3316.438,3297.414,10.97935714285716,1.0,4.0,8.0,0.0,13.0,2.0,1.0,3.0,4.0,0.0,0.0,0.0,0.0,1.0,1.0,1.0,0.0,0.6726673880451962
2025-05-28 15:00:00,1,3296.094,3302.761,3292.571,10.904071428571472,1.0,4.0,0.0,0.0,15.0,2.0,1.0,3.0,4.0,0.0,1.0,0.0,0.0,1.0,1.0,1.0,0.0,0.6747329964430089
2025-05-28 16:00:00,1,3293.41,3299.189,3288.591,10.70657142857148,1.0,2.0,0.0,0.0,16.0,2.0,1.0,1.0,2.0,0.0,1.0,0.0,0.0,1.0,0.0,0.0,0.0,0.5848600537149712
2025-05-28 17:00:00,0,3296.766,3299.122,3291.311,10.378714285714327,1.0,2.0,7.0,0.0,17.0,2.0,1.0,1.0,2.0,0.0,0.0,0.0,0.0,1.0,0.0,0.0,0.0,0.9362452718958829
2025-05-28 22:00:00,0,3286.582,3294.982,3282.092,10.696142857142863,1.0,3.0,5.0,0.0,22.0,2.0,1.0,2.0,3.0,0.0,0.0,0.0,0.0,1.0,0.0,1.0,0.0,0.8219094136399409
2025-05-29 17:00:00,1,3324.133,3324.538,3318.087,11.425642857142876,1.0,2.0,3.0,0.0,17.0,3.0,1.0,1.0,2.0,0.0,0.0,0.0,0.0,1.0,0.0,0.0,0.0,0.572468488952058
2025-05-29 18:00:00,0,3321.275,3325.849,3317.542,11.562857142857183,1.0,2.0,2.0,0.0,18.0,3.0,1.0,1.0,2.0,0.0,0.0,0.0,0.0,1.0,0.0,0.0,0.0,0.5453402965475421
2025-05-29 22:00:00,1,3314.293,3321.072,3313.54,10.55535714285718,1.0,2.0,2.0,1.0,22.0,3.0,1.0,1.0,2.0,1.0,0.0,0.0,0.0,1.0,0.0,0.0,0.0,0.9065744722247013
2025-05-30 00:00:00,0,3312.593,3318.865,3309.516,10.24985714285718,1.0,2.0,8.0,1.0,0.0,4.0,1.0,1.0,2.0,1.0,0.0,0.0,0.0,1.0,0.0,1.0,0.0,0.6715800414721644
2025-05-30 08:00:00,0,3295.797,3299.312,3291.58,9.83414285714288,1.0,2.0,5.0,0.0,8.0,4.0,1.0,1.0,2.0,0.0,0.0,0.0,0.0,1.0,0.0,1.0,0.0,0.7290141300623438
2025-05-30 14:00:00,1,3282.705,3287.38,3271.526,13.954142857142935,1.0,4.0,0.0,0.0,14.0,4.0,1.0,3.0,4.0,0.0,0.0,0.0,0.0,1.0,1.0,1.0,0.0,0.5519375627609813
2025-05-30 18:00:00,1,3293.823,3295.042,3291.044,13.225928571428636,1.0,2.0,7.0,0.0,18.0,4.0,1.0,1.0,2.0,0.0,0.0,0.0,0.0,1.0,0.0,0.0,0.0,0.8640927859623252
2025-05-30 19:00:00,1,3294.826,3295.194,3291.66,12.42028571428578,1.0,2.0,3.0,0.0,19.0,4.0,1.0,1.0,2.0,0.0,0.0,0.0,0.0,1.0,0.0,0.0,0.0,0.4598289123251304
2025-05-30 20:00:00,1,3289.665,3295.834,3288.642,11.948071428571504,1.0,2.0,2.0,0.0,20.0,4.0,1.0,1.0,2.0,0.0,0.0,0.0,0.0,1.0,0.0,0.0,0.0,0.5811772831037844
2025-06-02 00:00:00,1,3311.418,3314.959,3303.212,13.0800714285715,1.0,3.0,5.0,0.0,0.0,0.0,1.0,2.0,3.0,0.0,0.0,0.0,0.0,1.0,0.0,1.0,0.0,0.5562819263001028
2025-06-02 01:00:00,1,3303.576,3313.828,3301.452,13.384714285714349,1.0,3.0,2.0,0.0,1.0,0.0,1.0,2.0,3.0,0.0,0.0,0.0,0.0,1.0,0.0,1.0,0.0,0.5698098994444377
2025-06-02 03:00:00,1,3308.701,3308.973,3303.38,12.037714285714337,1.0,2.0,3.0,0.0,3.0,0.0,1.0,1.0,2.0,0.0,0.0,0.0,0.0,1.0,0.0,0.0,0.0,0.4962350079491673
2025-06-02 04:00:00,1,3313.854,3318.296,3308.762,10.355928571428583,1.0,2.0,0.0,0.0,4.0,0.0,1.0,1.0,2.0,0.0,1.0,0.0,0.0,1.0,0.0,0.0,0.0,0.529886917305586
2025-06-02 05:00:00,1,3323.704,3325.72,3313.815,10.073857142857118,1.0,3.0,0.0,1.0,5.0,0.0,1.0,2.0,3.0,1.0,1.0,0.0,0.0,1.0,0.0,1.0,0.0,0.7357913421434236
2025-06-02 06:00:00,1,3344.458,3345.466,3323.686,10.425642857142812,1.0,3.0,0.0,1.0,6.0,0.0,1.0,2.0,3.0,1.0,1.0,0.0,0.0,1.0,1.0,1.0,0.0,0.6694031468012007
2025-06-02 08:00:00,0,3352.101,3356.424,3350.008,10.815285714285697,1.0,2.0,5.0,1.0,8.0,0.0,1.0,1.0,2.0,1.0,0.0,0.0,0.0,1.0,0.0,1.0,0.0,0.4715580260301276
2025-06-02 10:00:00,1,3348.629,3351.442,3344.546,11.343214285714271,1.0,3.0,5.0,1.0,10.0,0.0,1.0,2.0,3.0,1.0,0.0,0.0,1.0,1.0,0.0,1.0,0.0,0.5447018809925496
2025-06-02 11:00:00,1,3356.324,3360.152,3346.11,11.832499999999982,1.0,3.0,0.0,1.0,11.0,0.0,1.0,2.0,3.0,1.0,1.0,0.0,0.0,0.0,1.0,1.0,0.0,0.5016135467788644
2025-06-02 13:00:00,1,3371.107,3376.267,3350.32,12.01864285714279,1.0,4.0,7.0,1.0,13.0,0.0,1.0,3.0,4.0,1.0,0.0,0.0,0.0,0.0,1.0,1.0,1.0,0.7941465702524907
2025-06-02 14:00:00,1,3376.002,3379.064,3367.624,11.996714285714232,1.0,4.0,0.0,1.0,14.0,0.0,1.0,3.0,4.0,1.0,1.0,0.0,0.0,0.0,1.0,1.0,1.0,0.3622220304612985
2025-06-02 15:00:00,1,3374.294,3378.84,3369.812,11.757571428571412,1.0,4.0,0.0,1.0,15.0,0.0,1.0,3.0,4.0,1.0,1.0,0.0,0.0,0.0,1.0,1.0,1.0,0.4276375729838372
2025-06-02 16:00:00,1,3371.719,3379.25,3369.285,11.874999999999968,1.0,2.0,6.0,1.0,16.0,0.0,1.0,1.0,2.0,1.0,0.0,0.0,0.0,0.0,0.0,0.0,1.0,0.5566153950252327
2025-06-02 18:00:00,1,3379.252,3380.116,3370.74,11.80292857142857,1.0,2.0,0.0,1.0,18.0,0.0,1.0,1.0,2.0,1.0,1.0,0.0,0.0,0.0,0.0,0.0,1.0,0.26097526112564395
2025-06-02 19:00:00,0,3381.539,3382.344,3377.858,11.273000000000009,1.0,2.0,0.0,1.0,19.0,0.0,1.0,1.0,2.0,1.0,1.0,0.0,0.0,0.0,0.0,0.0,1.0,0.2644849673385878
2025-06-03 06:00:00,1,3358.847,3367.319,3351.149,9.787214285714231,1.0,5.0,0.0,1.0,6.0,1.0,1.0,4.0,5.0,1.0,0.0,0.0,0.0,1.0,1.0,1.0,1.0,0.7000390334215881
2025-06-03 08:00:00,1,3361.147,3364.913,3359.648,9.739999999999943,1.0,3.0,4.0,1.0,8.0,1.0,1.0,2.0,3.0,1.0,0.0,0.0,0.0,1.0,0.0,0.0,1.0,0.6691941264241957
2025-06-03 09:00:00,1,3356.812,3362.688,3354.962,9.622142857142794,1.0,3.0,8.0,1.0,9.0,1.0,1.0,2.0,3.0,1.0,0.0,0.0,0.0,1.0,0.0,0.0,1.0,0.6206327321196715
2025-06-03 11:00:00,1,3359.294,3360.474,3353.305,9.757714285714266,1.0,3.0,7.0,1.0,11.0,1.0,1.0,2.0,3.0,1.0,0.0,0.0,0.0,1.0,0.0,0.0,1.0,0.9023957467343598
2025-06-03 12:00:00,0,3359.349,3363.089,3349.03,10.074214285714236,1.0,5.0,5.0,1.0,12.0,1.0,1.0,4.0,5.0,1.0,0.0,0.0,0.0,1.0,1.0,1.0,1.0,0.8427691747164171
2025-06-04 20:00:00,1,3373.792,3375.042,3370.508,11.122714285714403,1.0,2.0,5.0,1.0,20.0,2.0,1.0,1.0,2.0,1.0,0.0,0.0,0.0,1.0,0.0,0.0,0.0,0.6606016218743239
2025-06-04 22:00:00,1,3373.534,3376.05,3372.316,10.558785714285866,1.0,3.0,5.0,1.0,22.0,2.0,1.0,2.0,3.0,1.0,0.0,0.0,0.0,1.0,0.0,0.0,1.0,0.8811307415488056
2025-06-04 23:00:00,0,3378.042,3379.08,3372.459,10.130357142857292,1.0,3.0,7.0,1.0,23.0,2.0,1.0,2.0,3.0,1.0,0.0,0.0,0.0,1.0,0.0,0.0,1.0,0.967533468512692
2025-06-05 03:00:00,1,3369.674,3377.463,3369.277,9.49328571428584,1.0,4.0,6.0,1.0,3.0,3.0,1.0,3.0,4.0,1.0,0.0,0.0,0.0,1.0,0.0,1.0,1.0,0.9181349223857388
2025-06-05 04:00:00,1,3368.487,3372.505,3363.902,9.25428571428584,1.0,4.0,5.0,1.0,4.0,3.0,1.0,3.0,4.0,1.0,0.0,0.0,0.0,1.0,0.0,1.0,1.0,0.8727783938446002
2025-06-05 05:00:00,1,3364.281,3369.788,3361.149,7.47764285714298,1.0,4.0,0.0,1.0,5.0,3.0,1.0,3.0,4.0,1.0,0.0,0.0,0.0,1.0,0.0,1.0,1.0,0.4287597931552534
2025-06-05 06:00:00,1,3365.959,3370.062,3363.72,7.262857142857261,1.0,4.0,4.0,1.0,6.0,3.0,1.0,3.0,4.0,1.0,0.0,0.0,0.0,1.0,0.0,1.0,1.0,0.8005882244204044
2025-06-05 09:00:00,1,3389.565,3391.361,3374.017,8.21214285714294,1.0,4.0,0.0,1.0,9.0,3.0,1.0,3.0,4.0,1.0,1.0,0.0,0.0,1.0,1.0,1.0,0.0,0.772853584780664
2025-06-05 10:00:00,0,3399.949,3400.457,3388.194,8.775142857142912,1.0,5.0,0.0,1.0,10.0,3.0,1.0,4.0,5.0,1.0,1.0,0.0,1.0,1.0,1.0,1.0,0.0,0.9060154561990811
2025-06-09 20:00:00,1,3325.683,3329.5,3324.884,8.025071428571405,1.0,2.0,6.0,0.0,20.0,0.0,1.0,1.0,2.0,0.0,0.0,0.0,0.0,1.0,0.0,0.0,0.0,0.7397924679586443
2025-06-10 00:00:00,1,3316.578,3326.851,3314.554,8.181714285714277,1.0,5.0,2.0,0.0,0.0,1.0,1.0,4.0,5.0,0.0,0.0,0.0,0.0,1.0,1.0,1.0,1.0,0.8252751982717288
2025-06-10 01:00:00,1,3306.264,3319.964,3302.957,8.849714285714299,1.0,5.0,0.0,0.0,1.0,1.0,1.0,4.0,5.0,0.0,1.0,0.0,0.0,1.0,1.0,1.0,1.0,0.7214256436827935
2025-06-10 14:00:00,1,3328.561,3343.727,3325.455,10.637285714285715,1.0,4.0,8.0,0.0,14.0,1.0,1.0,3.0,4.0,0.0,0.0,0.0,0.0,1.0,1.0,1.0,0.0,0.7447552596815177
2025-06-11 02:00:00,1,3338.267,3339.566,3327.142,10.073785714285709,1.0,3.0,1.0,0.0,2.0,2.0,1.0,2.0,3.0,0.0,0.0,0.0,0.0,1.0,0.0,1.0,0.0,0.7122790469120448
2025-06-11 07:00:00,1,3345.696,3348.531,3335.18,8.791857142857127,1.0,3.0,0.0,0.0,7.0,2.0,1.0,2.0,3.0,0.0,1.0,0.0,0.0,1.0,0.0,1.0,0.0,0.6006943190674543
2025-06-11 08:00:00,0,3344.572,3346.717,3342.509,8.707357142857129,1.0,2.0,0.0,0.0,8.0,2.0,1.0,1.0,2.0,0.0,1.0,0.0,0.0,1.0,0.0,0.0,0.0,0.616709600937325
2025-06-11 11:00:00,1,3333.072,3335.234,3326.11,9.073357142857114,1.0,3.0,0.0,0.0,11.0,2.0,1.0,2.0,3.0,0.0,0.0,0.0,0.0,1.0,1.0,1.0,0.0,0.6416171963375711
2025-06-11 13:00:00,1,3330.022,3344.462,3327.882,11.269642857142864,1.0,4.0,2.0,0.0,13.0,2.0,1.0,3.0,4.0,0.0,0.0,0.0,0.0,1.0,1.0,1.0,0.0,0.6648277128480585
2025-06-11 14:00:00,1,3337.564,3341.262,3328.51,11.452214285714264,1.0,4.0,1.0,0.0,14.0,2.0,1.0,3.0,4.0,0.0,0.0,0.0,0.0,1.0,1.0,1.0,0.0,0.6527915828361259
2025-06-12 03:00:00,1,3373.436,3376.612,3371.603,12.033499999999972,1.0,2.0,0.0,1.0,3.0,3.0,1.0,1.0,2.0,1.0,1.0,0.0,0.0,1.0,0.0,0.0,0.0,0.6349953564313421
2025-06-12 06:00:00,0,3375.018,3375.601,3365.254,10.617857142857147,1.0,3.0,0.0,1.0,6.0,3.0,1.0,2.0,3.0,1.0,1.0,0.0,0.0,1.0,0.0,1.0,0.0,0.6856523636081008
2025-06-12 07:00:00,1,3346.168,3375.196,3338.57,12.777000000000012,1.0,4.0,0.0,1.0,7.0,3.0,1.0,3.0,4.0,1.0,0.0,0.0,0.0,1.0,1.0,1.0,0.0,0.548930387354934
2025-06-12 10:00:00,1,3382.528,3385.913,3362.532,13.371642857142888,1.0,4.0,0.0,1.0,10.0,3.0,1.0,3.0,4.0,1.0,1.0,0.0,0.0,1.0,1.0,1.0,0.0,0.6508957468887113
2025-06-12 14:00:00,1,3383.86,3393.17,3382.938,14.140071428571446,1.0,4.0,2.0,1.0,14.0,3.0,1.0,3.0,4.0,1.0,0.0,0.0,0.0,1.0,1.0,1.0,0.0,0.7679517726391968
2025-06-12 16:00:00,1,3383.79,3391.348,3380.961,14.109928571428586,1.0,2.0,2.0,1.0,16.0,3.0,1.0,1.0,2.0,1.0,0.0,0.0,0.0,1.0,0.0,0.0,0.0,0.6679941849911878
2025-06-12 18:00:00,1,3385.904,3386.311,3381.881,14.254428571428596,1.0,2.0,7.0,1.0,18.0,3.0,1.0,1.0,2.0,1.0,0.0,0.0,0.0,1.0,0.0,0.0,0.0,0.87367804141431
2025-06-12 20:00:00,1,3385.813,3389.0,3384.716,13.5819285714286,1.0,2.0,8.0,1.0,20.0,3.0,1.0,1.0,2.0,1.0,0.0,0.0,0.0,1.0,0.0,0.0,0.0,0.7010661917569235
2025-06-13 00:00:00,1,3416.859,3419.974,3391.759,12.44300000000005,1.0,3.0,0.0,1.0,0.0,4.0,1.0,2.0,3.0,1.0,1.0,0.0,0.0,0.0,1.0,1.0,0.0,0.605596083477426
2025-06-13 02:00:00,0,3441.434,3444.195,3424.798,12.449857142857192,1.0,3.0,0.0,1.0,2.0,4.0,1.0,2.0,3.0,1.0,1.0,0.0,0.0,0.0,1.0,1.0,0.0,0.6668475402885063
2025-06-13 04:00:00,1,3425.305,3430.31,3422.611,12.062428571428654,1.0,3.0,5.0,1.0,4.0,4.0,1.0,2.0,3.0,1.0,0.0,0.0,0.0,0.0,0.0,1.0,0.0,0.7824141672836404
2025-06-13 05:00:00,1,3425.995,3428.834,3418.008,12.10485714285723,1.0,2.0,5.0,1.0,5.0,4.0,1.0,1.0,2.0,1.0,0.0,0.0,0.0,0.0,0.0,1.0,0.0,0.6056138373950242
2025-06-13 06:00:00,1,3416.193,3428.693,3408.376,12.663214285714371,1.0,3.0,2.0,1.0,6.0,4.0,1.0,2.0,3.0,1.0,0.0,0.0,0.0,1.0,1.0,1.0,0.0,0.7490741222710056
2025-06-13 08:00:00,1,3424.446,3426.111,3414.309,13.061142857142906,1.0,2.0,1.0,1.0,8.0,4.0,1.0,1.0,2.0,1.0,0.0,0.0,0.0,1.0,0.0,0.0,0.0,0.5965240310678546
2025-06-13 09:00:00,1,3424.255,3427.373,3420.051,13.26771428571432,1.0,2.0,5.0,1.0,9.0,4.0,1.0,1.0,2.0,1.0,0.0,0.0,0.0,1.0,0.0,0.0,0.0,0.648879991481206
2025-06-13 14:00:00,1,3427.856,3439.879,3423.727,14.326999999999998,1.0,4.0,8.0,1.0,14.0,4.0,1.0,3.0,4.0,1.0,0.0,0.0,0.0,0.0,1.0,1.0,0.0,0.696855745159245
2025-06-13 16:00:00,1,3430.047,3431.099,3419.217,13.07850000000001,1.0,2.0,3.0,1.0,16.0,4.0,1.0,1.0,2.0,1.0,0.0,0.0,0.0,1.0,0.0,0.0,0.0,0.5916818386717514
2025-06-13 17:00:00,1,3430.415,3433.517,3427.411,12.043571428571406,1.0,2.0,5.0,1.0,17.0,4.0,1.0,1.0,2.0,1.0,0.0,0.0,0.0,1.0,0.0,0.0,0.0,0.6334574117328153
2025-06-16 02:00:00,0,3438.432,3446.399,3437.889,11.41842857142852,1.0,3.0,6.0,1.0,2.0,0.0,1.0,2.0,3.0,1.0,0.0,0.0,0.0,0.0,0.0,1.0,0.0,0.7790895860429773
2025-06-16 08:00:00,1,3413.919,3418.536,3409.773,10.300357142857106,1.0,2.0,0.0,1.0,8.0,0.0,1.0,1.0,2.0,1.0,1.0,0.0,0.0,1.0,0.0,0.0,0.0,0.5236427342814911
2025-06-16 11:00:00,1,3415.0,3422.667,3410.826,10.804214285714254,1.0,2.0,0.0,1.0,11.0,0.0,1.0,1.0,2.0,1.0,0.0,0.0,0.0,1.0,0.0,0.0,0.0,0.394697843043351
2025-06-16 12:00:00,0,3415.685,3417.822,3411.092,10.013285714285692,1.0,4.0,5.0,1.0,12.0,0.0,1.0,3.0,4.0,1.0,0.0,0.0,0.0,1.0,1.0,1.0,0.0,0.7412144583760496
2025-06-18 05:00:00,0,3386.407,3395.707,3384.238,9.154000000000028,1.0,3.0,2.0,0.0,5.0,2.0,1.0,2.0,3.0,0.0,0.0,0.0,0.0,1.0,0.0,1.0,0.0,0.8120819624525712
2025-06-18 11:00:00,1,3382.048,3387.026,3378.918,8.544999999999975,1.0,4.0,4.0,0.0,11.0,2.0,1.0,3.0,4.0,0.0,0.0,0.0,0.0,1.0,1.0,1.0,0.0,0.7691400096711051
2025-06-18 13:00:00,1,3392.333,3396.852,3385.618,9.02999999999994,1.0,4.0,0.0,0.0,13.0,2.0,1.0,3.0,4.0,0.0,0.0,0.0,0.0,1.0,1.0,1.0,0.0,0.6214621496114202
2025-06-18 18:00:00,0,3379.067,3395.854,3378.326,9.867214285714194,1.0,4.0,6.0,0.0,18.0,2.0,1.0,3.0,4.0,0.0,0.0,0.0,0.0,1.0,1.0,1.0,0.0,0.8137960973583276
2025-06-18 19:00:00,1,3366.818,3379.223,3362.867,10.216285714285602,1.0,4.0,0.0,0.0,19.0,2.0,1.0,3.0,4.0,0.0,1.0,0.0,0.0,1.0,1.0,1.0,0.0,0.6570628585310958
2025-06-20 16:00:00,0,3371.518,3373.365,3367.784,9.89542857142851,1.0,2.0,0.0,0.0,16.0,4.0,1.0,1.0,2.0,0.0,1.0,0.0,0.0,1.0,0.0,0.0,0.0,0.6957471255024898
2025-06-20 17:00:00,1,3367.356,3371.806,3366.605,9.431071428571386,1.0,2.0,8.0,0.0,17.0,4.0,1.0,1.0,2.0,0.0,0.0,0.0,0.0,1.0,0.0,0.0,0.0,0.7705816050513996
2025-06-20 19:00:00,1,3365.625,3370.724,3364.853,8.831999999999946,1.0,2.0,6.0,0.0,19.0,4.0,1.0,1.0,2.0,0.0,0.0,0.0,0.0,1.0,0.0,0.0,0.0,0.7964488080662174
2025-06-20 20:00:00,0,3368.546,3369.314,3364.69,8.564785714285629,1.0,2.0,1.0,0.0,20.0,4.0,1.0,1.0,2.0,0.0,0.0,0.0,0.0,1.0,0.0,0.0,0.0,0.7118793111531301
2025-06-23 03:00:00,1,3363.372,3366.423,3360.365,10.588285714285671,1.0,3.0,4.0,0.0,3.0,0.0,1.0,2.0,3.0,0.0,0.0,0.0,0.0,1.0,0.0,1.0,0.0,0.7156288728192023
2025-06-23 04:00:00,1,3358.472,3365.061,3356.759,8.974357142857084,1.0,2.0,2.0,0.0,4.0,0.0,1.0,1.0,2.0,0.0,0.0,0.0,0.0,1.0,0.0,0.0,0.0,0.6148571503825943
2025-06-23 05:00:00,1,3356.776,3360.673,3346.971,9.290142857142785,1.0,3.0,0.0,0.0,5.0,0.0,1.0,2.0,3.0,0.0,0.0,0.0,0.0,1.0,0.0,1.0,0.0,0.621872153482246
2025-06-23 06:00:00,1,3357.578,3359.838,3352.644,9.382999999999972,1.0,3.0,5.0,0.0,6.0,0.0,1.0,2.0,3.0,0.0,0.0,0.0,0.0,1.0,0.0,1.0,0.0,0.5747360121655264
2025-06-23 10:00:00,1,3367.724,3368.19,3363.979,9.63128571428576,1.0,2.0,3.0,0.0,10.0,0.0,1.0,1.0,2.0,0.0,0.0,0.0,0.0,1.0,0.0,0.0,0.0,0.5113027123683201
2025-06-23 12:00:00,1,3360.462,3381.012,3355.868,10.659785714285752,1.0,4.0,2.0,0.0,12.0,0.0,1.0,3.0,4.0,0.0,0.0,0.0,0.0,1.0,1.0,1.0,0.0,0.716502061149011
2025-06-23 15:00:00,1,3387.24,3389.82,3384.496,11.335214285714368,1.0,3.0,0.0,0.0,15.0,0.0,1.0,2.0,3.0,0.0,1.0,0.0,0.0,1.0,0.0,1.0,0.0,0.5073928416775961
2025-06-23 17:00:00,0,3382.526,3391.543,3375.573,12.25150000000011,1.0,4.0,2.0,0.0,17.0,0.0,1.0,3.0,4.0,0.0,0.0,0.0,0.0,1.0,1.0,1.0,0.0,0.631956220974127
2025-06-23 19:00:00,0,3376.362,3382.142,3375.676,11.92085714285726,1.0,2.0,6.0,1.0,19.0,0.0,1.0,1.0,2.0,1.0,0.0,0.0,0.0,1.0,0.0,0.0,0.0,0.6053102303580177
2025-06-23 23:00:00,1,3344.235,3357.332,3341.446,13.693642857142938,1.0,4.0,0.0,0.0,23.0,0.0,1.0,3.0,4.0,0.0,1.0,0.0,0.0,1.0,1.0,1.0,0.0,0.5724945512355204
2025-06-24 00:00:00,1,3351.064,3355.22,3333.143,14.7413571428572,1.0,5.0,3.0,0.0,0.0,1.0,1.0,4.0,5.0,0.0,0.0,0.0,1.0,1.0,1.0,1.0,0.0,0.8261965776619
2025-06-24 02:00:00,1,3351.894,3352.948,3345.84,14.795428571428602,1.0,2.0,1.0,0.0,2.0,1.0,1.0,1.0,2.0,0.0,0.0,0.0,0.0,1.0,0.0,0.0,0.0,0.5098538971050418
2025-06-24 04:00:00,0,3348.605,3353.443,3347.05,11.907214285714288,1.0,2.0,8.0,0.0,4.0,1.0,1.0,1.0,2.0,0.0,0.0,0.0,1.0,1.0,0.0,0.0,0.0,0.6520669419537499
2025-06-26 11:00:00,1,3332.921,3344.121,3331.499,7.704071428571524,1.0,4.0,2.0,0.0,11.0,3.0,1.0,3.0,4.0,0.0,0.0,0.0,0.0,1.0,1.0,1.0,0.0,0.7236351349290292
2025-06-26 12:00:00,1,3322.06,3344.056,3321.614,8.998785714285825,1.0,4.0,0.0,0.0,12.0,3.0,1.0,3.0,4.0,0.0,1.0,0.0,0.0,1.0,1.0,1.0,0.0,0.7115154695634225
2025-06-30 08:00:00,0,3289.186,3296.594,3288.128,9.493571428571386,1.0,2.0,2.0,0.0,8.0,0.0,1.0,1.0,2.0,0.0,0.0,0.0,0.0,1.0,0.0,0.0,0.0,0.534257763544572
2025-06-30 11:00:00,1,3277.932,3283.821,3274.488,9.920285714285717,1.0,3.0,0.0,0.0,11.0,0.0,1.0,2.0,3.0,0.0,0.0,0.0,0.0,1.0,0.0,1.0,0.0,0.5256035362444436
2025-06-30 12:00:00,1,3282.089,3288.981,3277.993,8.804000000000022,1.0,4.0,4.0,0.0,12.0,0.0,1.0,3.0,4.0,0.0,0.0,0.0,0.0,1.0,1.0,1.0,0.0,0.6978985720778184
2025-06-30 14:00:00,1,3287.644,3289.576,3279.178,9.106214285714325,1.0,4.0,3.0,0.0,14.0,0.0,1.0,3.0,4.0,0.0,0.0,0.0,0.0,1.0,1.0,1.0,0.0,0.600175761202289
2025-06-30 15:00:00,1,3289.625,3290.76,3283.619,8.437285714285768,1.0,3.0,3.0,0.0,15.0,0.0,1.0,2.0,3.0,0.0,0.0,0.0,0.0,1.0,0.0,1.0,0.0,0.6495338377143904
2025-06-30 16:00:00,1,3297.227,3297.51,3289.073,8.348857142857241,1.0,2.0,0.0,0.0,16.0,0.0,1.0,1.0,2.0,0.0,1.0,0.0,0.0,1.0,0.0,0.0,0.0,0.48743109855839717
2025-06-30 17:00:00,1,3294.048,3298.564,3291.983,8.463000000000095,1.0,2.0,0.0,0.0,17.0,0.0,1.0,1.0,2.0,0.0,1.0,0.0,0.0,1.0,0.0,0.0,0.0,0.4865874424808284
2025-06-30 19:00:00,1,3308.534,3309.446,3298.022,8.631857142857209,1.0,3.0,0.0,0.0,19.0,0.0,1.0,2.0,3.0,0.0,1.0,0.0,0.0,1.0,0.0,1.0,0.0,0.4974091754268799
2025-07-01 00:00:00,1,3314.722,3314.839,3309.899,8.2179285714286,1.0,3.0,0.0,0.0,0.0,1.0,1.0,2.0,3.0,0.0,1.0,0.0,0.0,1.0,0.0,1.0,0.0,0.558711808452441
2025-07-01 01:00:00,1,3317.842,3320.968,3313.872,8.270928571428612,1.0,4.0,0.0,0.0,1.0,1.0,1.0,3.0,4.0,0.0,1.0,0.0,0.0,1.0,1.0,1.0,0.0,0.6156995758161439
2025-07-01 02:00:00,1,3316.124,3319.385,3314.344,7.96435714285719,1.0,4.0,0.0,0.0,2.0,1.0,1.0,3.0,4.0,0.0,1.0,0.0,0.0,1.0,1.0,1.0,0.0,0.6798015020269843
2025-07-01 05:00:00,1,3328.779,3332.368,3322.905,7.256357142857139,1.0,3.0,0.0,0.0,5.0,1.0,1.0,2.0,3.0,0.0,1.0,0.0,0.0,1.0,1.0,1.0,0.0,0.7065079026841276
2025-07-01 06:00:00,1,3331.279,3334.567,3325.06,7.425357142857138,1.0,3.0,0.0,0.0,6.0,1.0,1.0,2.0,3.0,0.0,1.0,0.0,0.0,1.0,1.0,1.0,0.0,0.271558755870957
2025-07-01 07:00:00,1,3339.497,3339.892,3330.678,7.480857142857109,1.0,3.0,0.0,1.0,7.0,1.0,1.0,2.0,3.0,1.0,1.0,0.0,0.0,1.0,1.0,1.0,0.0,0.367425827981764
2025-07-01 09:00:00,1,3345.818,3348.056,3338.174,7.623928571428548,1.0,3.0,0.0,1.0,9.0,1.0,1.0,2.0,3.0,1.0,1.0,0.0,0.0,1.0,1.0,1.0,0.0,0.6372508229202858
2025-07-01 10:00:00,0,3348.643,3349.724,3344.386,7.189214285714278,1.0,2.0,0.0,1.0,10.0,1.0,1.0,1.0,2.0,1.0,1.0,0.0,1.0,1.0,0.0,0.0,0.0,0.5855152978085336
2025-07-02 01:00:00,1,3332.194,3342.877,3330.975,7.3539285714285665,1.0,3.0,2.0,1.0,1.0,2.0,1.0,2.0,3.0,1.0,0.0,0.0,0.0,1.0,1.0,1.0,0.0,0.6788134195300621
2025-07-02 05:00:00,0,3338.743,3343.951,3336.561,6.577928571428596,1.0,2.0,2.0,1.0,5.0,2.0,1.0,1.0,2.0,1.0,0.0,0.0,0.0,1.0,0.0,1.0,0.0,0.7248987980851254
2025-07-02 06:00:00,1,3333.488,3339.366,3329.884,6.562142857142882,1.0,2.0,0.0,1.0,6.0,2.0,1.0,1.0,2.0,1.0,1.0,0.0,0.0,1.0,0.0,1.0,0.0,0.5105082685613687
2025-07-02 08:00:00,1,3333.558,3338.054,3332.853,6.790714285714265,1.0,2.0,6.0,1.0,8.0,2.0,1.0,1.0,2.0,1.0,0.0,0.0,0.0,1.0,0.0,0.0,0.0,0.7575461128264818
2025-07-02 09:00:00,1,3341.636,3342.272,3333.033,7.230357142857136,1.0,3.0,1.0,1.0,9.0,2.0,1.0,2.0,3.0,1.0,0.0,0.0,0.0,1.0,0.0,1.0,0.0,0.7401675897343536
2025-07-02 17:00:00,1,3349.616,3350.572,3347.378,7.70728571428562,1.0,3.0,0.0,1.0,17.0,2.0,1.0,2.0,3.0,1.0,1.0,0.0,1.0,1.0,0.0,0.0,0.0,0.6645865430689171
2025-07-02 18:00:00,1,3354.906,3355.215,3348.486,7.999928571428492,1.0,2.0,0.0,1.0,18.0,2.0,1.0,1.0,2.0,1.0,1.0,0.0,0.0,0.0,0.0,0.0,0.0,0.6031411615894154
2025-07-02 19:00:00,1,3358.258,3359.519,3354.63,7.82128571428562,1.0,2.0,0.0,1.0,19.0,2.0,1.0,1.0,2.0,1.0,1.0,0.0,0.0,0.0,0.0,0.0,0.0,0.5519468035748386
2025-07-02 20:00:00,1,3357.315,3360.174,3355.54,7.474999999999909,1.0,2.0,0.0,1.0,20.0,2.0,1.0,1.0,2.0,1.0,1.0,0.0,0.0,0.0,0.0,0.0,0.0,0.2779878551966417
2025-07-02 23:00:00,0,3349.395,3362.315,3348.754,8.012142857142797,1.0,5.0,2.0,1.0,23.0,2.0,1.0,4.0,5.0,1.0,0.0,0.0,1.0,1.0,1.0,1.0,0.0,0.9154739804471053
2025-07-03 01:00:00,0,3345.975,3348.183,3341.88,7.891785714285659,1.0,4.0,0.0,1.0,1.0,3.0,1.0,3.0,4.0,1.0,0.0,0.0,0.0,1.0,1.0,1.0,0.0,0.7913613150313629
2025-07-08 00:00:00,1,3334.261,3337.3,3331.148,8.120642857142943,1.0,4.0,5.0,0.0,0.0,1.0,1.0,3.0,4.0,0.0,0.0,0.0,0.0,1.0,1.0,1.0,0.0,0.7465427186943918
2025-07-08 01:00:00,1,3334.844,3336.971,3329.717,7.610142857142916,1.0,4.0,1.0,0.0,1.0,1.0,1.0,3.0,4.0,0.0,0.0,0.0,0.0,1.0,1.0,1.0,0.0,0.6012951153327185
2025-07-08 02:00:00,1,3334.459,3338.035,3332.838,7.42257142857144,1.0,3.0,5.0,0.0,2.0,1.0,1.0,2.0,3.0,0.0,0.0,0.0,0.0,1.0,0.0,1.0,0.0,0.44373185048842645
2025-07-08 05:00:00,1,3334.061,3336.596,3329.486,6.510285714285764,1.0,3.0,1.0,0.0,5.0,1.0,1.0,2.0,3.0,0.0,0.0,0.0,0.0,1.0,0.0,1.0,0.0,0.3783007359507301
2025-07-08 06:00:00,0,3335.704,3335.993,3330.784,6.457928571428608,1.0,3.0,3.0,1.0,6.0,1.0,1.0,2.0,3.0,1.0,0.0,0.0,0.0,1.0,0.0,1.0,0.0,0.4464780537960977
2025-07-08 09:00:00,1,3322.038,3326.736,3321.088,6.568642857142842,1.0,3.0,6.0,0.0,9.0,1.0,1.0,2.0,3.0,0.0,0.0,0.0,0.0,1.0,1.0,1.0,0.0,0.7420519560961729
2025-07-08 11:00:00,0,3324.971,3327.509,3319.94,6.957357142857128,1.0,2.0,5.0,0.0,11.0,1.0,1.0,1.0,2.0,0.0,0.0,0.0,0.0,1.0,0.0,1.0,0.0,0.7021446857741276
2025-07-08 14:00:00,1,3296.625,3315.919,3294.284,8.315142857142812,1.0,3.0,0.0,0.0,14.0,1.0,1.0,2.0,3.0,0.0,1.0,0.0,0.0,1.0,1.0,1.0,0.0,0.6439529813585047
2025-07-13 22:00:00,1,3369.181,3371.157,3359.658,8.965714285714219,1.0,3.0,0.0,1.0,22.0,6.0,1.0,2.0,3.0,1.0,1.0,0.0,0.0,1.0,1.0,1.0,0.0,0.8529682887494555
2025-07-14 00:00:00,1,3367.628,3373.318,3364.916,8.812285714285638,1.0,3.0,5.0,1.0,0.0,0.0,1.0,2.0,3.0,1.0,0.0,0.0,0.0,1.0,1.0,1.0,0.0,0.7970319551729338
2025-07-14 06:00:00,1,3368.882,3369.697,3356.649,7.834785714285772,1.0,3.0,1.0,1.0,6.0,0.0,1.0,2.0,3.0,1.0,0.0,0.0,0.0,1.0,0.0,1.0,0.0,0.6671074239495567
2025-07-14 08:00:00,1,3365.875,3372.62,3365.324,8.113928571428621,1.0,2.0,2.0,1.0,8.0,0.0,1.0,1.0,2.0,1.0,0.0,0.0,0.0,1.0,0.0,0.0,0.0,0.6015522951571938
2025-07-14 09:00:00,1,3370.233,3370.357,3364.034,8.192857142857195,1.0,2.0,0.0,1.0,9.0,0.0,1.0,1.0,2.0,1.0,1.0,0.0,0.0,1.0,0.0,0.0,0.0,0.5094923406908923
2025-07-14 10:00:00,1,3372.015,3374.647,3369.76,8.237071428571458,1.0,2.0,0.0,1.0,10.0,0.0,1.0,1.0,2.0,1.0,1.0,0.0,0.0,1.0,0.0,0.0,0.0,0.5069468298723547
2025-07-14 11:00:00,1,3364.169,3373.041,3363.917,8.505571428571491,1.0,3.0,2.0,1.0,11.0,0.0,1.0,2.0,3.0,1.0,0.0,0.0,0.0,1.0,0.0,1.0,0.0,0.6994897462213231
2025-07-14 12:00:00,0,3350.065,3366.607,3349.319,8.593857142857198,1.0,5.0,0.0,1.0,12.0,0.0,1.0,4.0,5.0,1.0,1.0,0.0,1.0,1.0,1.0,1.0,0.0,0.7799950695102761
2025-07-16 20:00:00,1,3347.547,3349.516,3346.257,11.38771428571431,1.0,2.0,5.0,1.0,20.0,2.0,1.0,1.0,2.0,1.0,0.0,0.0,0.0,1.0,0.0,0.0,0.0,0.6606016218743239
2025-07-16 22:00:00,0,3349.595,3352.247,3346.27,11.51135714285715,1.0,3.0,5.0,1.0,22.0,2.0,1.0,2.0,3.0,1.0,0.0,0.0,1.0,1.0,0.0,0.0,0.0,0.8021322043941288
2025-07-17 05:00:00,0,3339.325,3342.928,3335.878,9.6385714285714,1.0,3.0,8.0,1.0,5.0,3.0,1.0,2.0,3.0,1.0,0.0,0.0,0.0,1.0,0.0,1.0,0.0,0.8415830310973827
2025-07-17 09:00:00,1,3325.609,3332.523,3324.656,6.939285714285721,1.0,2.0,2.0,0.0,9.0,3.0,1.0,1.0,2.0,0.0,0.0,0.0,0.0,1.0,0.0,0.0,0.0,0.8008327169456255
