datetime,session,is_win,prob_win,prob_cal
2024-01-02 10:00:00,London,0,0.8022492017336029,0.6978785968370901
2024-01-02 13:00:00,London,0,0.8245096661425038,0.7021896005259017
2024-01-05 16:00:00,London,1,0.7615785955528659,0.6899117780208445
2024-01-05 18:00:00,NY,0,0.4304521164182064,0.6211232105875587
2024-01-08 01:00:00,Other,0,0.5234622871906499,0.6410901927627851
2024-01-08 04:00:00,Other,0,0.5737090745218851,0.6516818517012447
2024-01-08 10:00:00,London,0,0.732296165332188,0.6841047850250921
2024-01-09 14:00:00,London,0,0.632915585268682,0.6639718180668278
2024-01-09 15:00:00,London,1,0.7703207762091946,0.6916340054888771
2024-01-10 13:00:00,London,0,0.9310867626458555,0.722328130623331
2024-01-10 15:00:00,London,0,0.9155217988984702,0.7194397523679702
2024-01-10 16:00:00,London,0,0.7998248781607461,0.6974069654506213
2024-01-10 17:00:00,NY,0,0.6166572490158204,0.6606181417933409
2024-01-10 18:00:00,NY,1,0.5917428847420013,0.655447621102574
2024-01-11 14:00:00,London,1,0.8597918446672863,0.708949221758228
2024-01-11 15:00:00,London,0,0.7504491214104967,0.6877116102522712
2024-01-12 17:00:00,NY,1,0.5260329589681998,0.6416355290165129
2024-01-12 19:00:00,NY,0,0.4361221557653167,0.6223530391804107
2024-01-12 20:00:00,NY,0,0.4786950231133376,0.6315358904675676
2024-01-15 00:00:00,Other,1,0.344125054883883,0.6022146564598598
2024-01-15 05:00:00,Other,1,0.5283053935207874,0.6421172930931318
2024-01-15 06:00:00,Other,0,0.5572942611897775,0.6482375870421575
2024-01-15 07:00:00,London,1,0.4906650130220628,0.6341010309864418
2024-01-15 08:00:00,London,0,0.3525556815983989,0.6040757640813815
2024-01-15 11:00:00,London,0,0.6987639027827259,0.6773838109252621
2024-01-15 12:00:00,London,1,0.7386474738456348,0.6853692834135394
2024-01-15 14:00:00,London,1,0.7657637420383858,0.6907369214683501
2024-01-15 17:00:00,NY,0,0.6139325535558354,0.6600545159241981
2024-01-16 01:00:00,Other,0,0.5899958753374182,0.6550836592099561
2024-01-16 02:00:00,Other,1,0.3025385446935237,0.5929918350832213
2024-01-16 03:00:00,Other,0,0.32296342079585844,0.5975301756924579
2024-01-16 05:00:00,Other,1,0.3975863910828901,0.6139643857314304
2024-01-16 06:00:00,Other,0,0.568374359099401,0.6505642036317713
2024-01-16 07:00:00,London,0,0.4311095271333422,0.6212658827901529
2024-01-16 08:00:00,London,0,0.5238819366124532,0.6411792411590727
2024-01-16 09:00:00,London,0,0.5129510095744827,0.6388565705863317
2024-01-16 11:00:00,London,0,0.4514852548209771,0.6256773442653434
2024-01-16 12:00:00,London,1,0.6266356237753646,0.6626783595859969
2024-01-16 13:00:00,London,0,0.9105891005887066,0.7185205801773281
2024-01-16 17:00:00,NY,1,0.4612820145395845,0.6277910372624245
2024-01-19 14:00:00,London,1,0.894391443731051,0.7154894212000728
2024-01-19 15:00:00,London,1,0.8729487476534992,0.7114466398473114
2024-01-19 17:00:00,NY,0,0.7174421638023906,0.6811368267203749
2024-01-22 00:00:00,Other,1,0.47146348393515475,0.6299825657391883
2024-01-22 01:00:00,Other,0,0.3879654333790598,0.6118592304774263
2024-01-22 03:00:00,Other,0,0.6158145889644886,0.6604438790879452
2024-01-22 04:00:00,Other,0,0.719176859867077,0.6814841988115848
2024-01-22 05:00:00,Other,1,0.6476684734476527,0.667000729711635
2024-01-22 06:00:00,Other,1,0.4786612932045714,0.6315286516287544
2024-01-23 09:00:00,London,1,0.8149525957701668,0.7003430992202815
2024-01-23 13:00:00,London,1,0.739062064315551,0.6854517300644727
2024-01-23 14:00:00,London,1,0.615805686398781,0.6604420377988653
2024-01-23 15:00:00,London,1,0.9413064059420492,0.7242145947973481
2024-01-23 16:00:00,London,0,0.7927007585556929,0.6960186209598074
2024-01-23 17:00:00,NY,1,0.657254660094511,0.6689615176823267
2024-01-23 19:00:00,NY,0,0.6692054143136206,0.6713977643534011
2024-01-23 23:00:00,Other,0,0.8846161929704641,0.7136506407902882
2024-01-24 00:00:00,Other,1,0.5949102911512798,0.6561070353026919
2024-01-24 01:00:00,Other,0,0.7954882318992772,0.696562269543305
2024-01-24 02:00:00,Other,1,0.5158674509744439,0.6394769146588302
2024-01-24 07:00:00,London,1,0.8260257426027725,0.7024819156322012
2024-01-24 08:00:00,London,1,0.8349472377295177,0.70419871483632
2024-01-24 09:00:00,London,1,0.7437733407926455,0.6863878058399822
2024-01-24 10:00:00,London,1,0.3959144592558784,0.6135988548348839
2024-01-24 11:00:00,London,0,0.7042233500339561,0.6784831704603539
2024-01-24 12:00:00,London,0,0.6470520933008501,0.6668744544760958
2024-01-24 15:00:00,London,1,0.5268433420658002,0.6418073659317911
2024-01-24 16:00:00,London,1,0.7771806143660844,0.6929816885074404
2024-01-24 18:00:00,NY,0,0.5406454447790101,0.6447283974479643
2024-01-26 14:00:00,London,0,0.3964768680213853,0.6137218273800396
2024-01-29 01:00:00,Other,1,0.788376395667724,0.6951741440485705
2024-01-29 05:00:00,Other,1,0.662787883611932,0.670090640861579
2024-01-29 09:00:00,London,0,0.5853016966548611,0.6541048007600013
2024-01-29 11:00:00,London,1,0.751522266627453,0.6879241297156025
2024-01-29 12:00:00,London,0,0.7795854166034563,0.6934533583603174
2024-01-29 15:00:00,London,1,0.3358414828035672,0.6003831281196376
2024-01-29 20:00:00,NY,1,0.6183578924532586,0.6609697035595209
2024-01-30 00:00:00,Other,0,0.3963817005950926,0.6137010197253853
2024-01-30 03:00:00,Other,1,0.6322373875895168,0.6638322503698005
2024-01-30 04:00:00,Other,1,0.5740939456185742,0.6517624196626852
2024-01-30 05:00:00,Other,1,0.7369417424949735,0.6850299538511776
2024-01-30 08:00:00,London,0,0.5297791614415011,0.6424295837296551
2024-01-30 09:00:00,London,1,0.40702042313847386,0.616024510273719
2024-01-30 10:00:00,London,0,0.7176692890799158,0.681182319916719
2024-01-30 12:00:00,London,1,0.8542186379187807,0.7078874931734698
2024-01-30 13:00:00,London,1,0.5472199301594842,0.6461160333041576
2024-01-30 15:00:00,London,1,0.4788535677171803,0.6315699152278669
2024-01-30 19:00:00,NY,1,0.5416325736413986,0.6449369006025008
2024-01-30 20:00:00,NY,1,0.5717167799614565,0.6512646510781014
2024-01-30 21:00:00,NY,1,0.8123213577940943,0.6998335748254321
2024-01-31 00:00:00,Other,0,0.4962335753262861,0.635291783509893
2024-01-31 02:00:00,Other,1,0.24907938783572933,0.5810398494623652
2024-01-31 05:00:00,Other,0,0.8124399254350295,0.6998565454238926
2024-01-31 06:00:00,Other,1,0.8287732217954479,0.7030112360713254
2024-01-31 07:00:00,London,1,0.5890073175476378,0.654877628141951
2024-01-31 11:00:00,London,1,0.44332917667252864,0.623913966482228
2024-01-31 16:00:00,London,0,0.8950144311453611,0.7156063673326011
2024-01-31 19:00:00,NY,0,0.49537090831025304,0.6351074231951941
2024-02-01 19:00:00,NY,0,0.5715458202415526,0.6512288400848407
2024-02-01 20:00:00,NY,0,0.4019785025023245,0.6149240108384095
2024-02-01 21:00:00,NY,1,0.6434968138811435,0.6661456319265415
2024-02-01 23:00:00,Other,1,0.6942411984714544,0.6764715927497806
2024-02-02 00:00:00,Other,1,0.8680341124058027,0.7105152442491182
2024-02-02 01:00:00,Other,0,0.6140992014903756,0.6600890014671994
2024-02-02 02:00:00,Other,1,0.4162766756732927,0.6180417747673398
2024-02-02 07:00:00,London,1,0.6800122497313823,0.6735929073590611
2024-02-02 08:00:00,London,1,0.5968273153881749,0.6565058437624707
2024-02-02 10:00:00,London,0,0.5383556022472711,0.6442445212654677
2024-02-06 19:00:00,NY,1,0.6139669599902658,0.6600616360108719
2024-02-06 20:00:00,NY,0,0.7669355011649913,0.6909677280944108
2024-02-06 21:00:00,NY,0,0.8595970694799596,0.7089121543210258
2024-02-06 23:00:00,Other,1,0.8542116833377846,0.7078861668645994
2024-02-07 00:00:00,Other,0,0.7108063216260257,0.6798061460062987
2024-02-07 01:00:00,Other,0,0.5708689110901674,0.6510870309194032
2024-02-07 02:00:00,Other,1,0.4593006668146503,0.6273639440403082
2024-02-07 03:00:00,Other,1,0.6631891020151748,0.6701724384368187
2024-02-07 05:00:00,Other,1,0.8079235503714913,0.6989808608505446
2024-02-07 06:00:00,Other,1,0.6182308471509663,0.6609434465296008
2024-02-07 07:00:00,London,0,0.40888663014670806,0.6164315466473723
2024-02-07 08:00:00,London,1,0.713925953772514,0.6804320897243549
2024-02-07 11:00:00,London,0,0.7585802278050936,0.689319875320372
2024-02-07 12:00:00,London,1,0.7294376058478554,0.6835347753382577
2024-02-07 16:00:00,London,0,0.7771955350350366,0.6929846162434452
2024-02-07 17:00:00,NY,1,0.623855685046895,0.6621050068520042
2024-02-07 18:00:00,NY,0,0.9654742389143904,0.7286440680965207
2024-02-07 21:00:00,NY,1,0.8216368378888117,0.7016352364069581
2024-02-08 01:00:00,Other,1,0.6247594048484886,0.6622914482979755
2024-02-08 02:00:00,Other,0,0.38761273990603856,0.6117819779433369
2024-02-08 03:00:00,Other,1,0.38073943033174706,0.6102753590723917
2024-02-08 04:00:00,Other,1,0.37491326303034206,0.608996620529666
2024-02-08 08:00:00,London,1,0.6538479634423415,0.6682653688975946
2024-02-08 09:00:00,London,0,0.6730082375319377,0.6721710747359405
2024-02-08 12:00:00,London,1,0.669081290678656,0.6713725079127916
2024-02-08 13:00:00,London,1,0.596811664375009,0.6565025886940515
2024-02-09 14:00:00,London,1,0.5735203534262195,0.651642342124415
2024-02-09 15:00:00,London,1,0.38510411059764,0.6112323361632848
2024-02-09 17:00:00,NY,1,0.678394615388694,0.6732648055729513
2024-02-09 19:00:00,NY,1,0.5988620904856341,0.6569289071437167
2024-02-09 21:00:00,NY,1,0.762065595960728,0.6900078573228166
2024-02-11 23:00:00,Other,0,0.7971550991587499,0.6968871009251769
2024-02-12 00:00:00,Other,0,0.7601354859415473,0.6896269736788117
2024-02-12 02:00:00,Other,1,0.4296933270380737,0.6209585109916557
2024-02-12 04:00:00,Other,1,0.5707112764125416,0.6510540033819797
2024-02-12 08:00:00,London,0,0.30502208067881936,0.5935445336562594
2024-02-12 09:00:00,London,1,0.1502016219926374,0.5586910398551148
2024-02-12 11:00:00,London,0,0.24001633456831628,0.5790037281294499
2024-02-12 12:00:00,London,0,0.2169898033819745,0.5738185966101975
2024-02-12 14:00:00,London,1,0.5872655211127431,0.6545144686751736
2024-02-12 15:00:00,London,1,0.8197628154423588,0.7012732904619122
2024-02-14 20:00:00,NY,1,0.22860625779630514,0.5764365020843801
2024-02-14 21:00:00,NY,1,0.5197387924103919,0.640299652509666
2024-02-14 23:00:00,Other,0,0.6908019363252287,0.6757770023115166
2024-02-15 02:00:00,Other,0,0.5360287589665077,0.6437525242286839
2024-02-15 03:00:00,Other,1,0.39311787964649386,0.6129871584830245
2024-02-15 07:00:00,London,1,0.763304903119515,0.6902522836940583
2024-02-15 08:00:00,London,1,0.8629695351141429,0.7095535710832792
2024-02-15 09:00:00,London,1,0.6610612879796498,0.6697385172773318
2024-02-15 12:00:00,London,1,0.6562213050471022,0.6687504324635885
2024-02-15 13:00:00,London,0,0.5095866175972656,0.6381403691019936
2024-02-15 17:00:00,NY,1,0.9218296815457475,0.7206125082316699
2024-02-15 20:00:00,NY,0,0.2379652287308057,0.578542547353571
2024-02-15 21:00:00,NY,0,0.45680767259228716,0.6268262794429094
2024-02-16 00:00:00,Other,1,0.44658695974011725,0.6246187095652331
2024-02-16 01:00:00,Other,0,0.3529862315819369,0.6041707300183045
2024-02-16 03:00:00,Other,1,0.6730917403096592,0.6721880447025625
2024-02-16 05:00:00,Other,1,0.5220099764852791,0.6407819415828591
2024-02-16 07:00:00,London,1,0.7451636690779296,0.6866637586054399
2024-02-16 09:00:00,London,1,0.7894901754007855,0.6953917728446768
2024-02-16 10:00:00,London,0,0.7760271453231268,0.6927553075758555
2024-02-19 08:00:00,London,0,0.41090425432528543,0.6168714249477874
2024-02-19 14:00:00,London,0,0.6485543122664343,0.667182165835534
2024-02-19 16:00:00,London,1,0.3992838182446093,0.6143353592168038
2024-02-20 06:00:00,Other,1,0.39781480362776345,0.6140143131155027
2024-02-20 07:00:00,London,1,0.14854278970343573,0.5583138025973399
2024-02-20 08:00:00,London,1,0.14872178481070608,0.5583545113602766
2024-02-20 09:00:00,London,1,0.25887058141377495,0.5832364564314544
2024-02-20 10:00:00,London,1,0.4436352793409357,0.6239802068245246
2024-02-20 11:00:00,London,1,0.554536310393483,0.6476573673844985
2024-02-20 12:00:00,London,1,0.6202426600999363,0.6613591206467612
2024-02-20 17:00:00,NY,0,0.36392420105281864,0.6065806532590651
2024-02-21 00:00:00,Other,1,0.6256940702865464,0.6624842209155153
2024-02-21 01:00:00,Other,1,0.9116341927167758,0.7187154783080416
2024-02-21 02:00:00,Other,1,0.49763925258981584,0.6355921053483832
2024-02-21 03:00:00,Other,0,0.43381430073696425,0.6218526556356857
2024-02-21 04:00:00,Other,0,0.42656965257080937,0.6202802061787568
2024-02-21 09:00:00,London,1,0.5842901301940663,0.6538936914244999
2024-02-21 10:00:00,London,0,0.4989500931009039,0.6358720702716258
2024-02-21 12:00:00,London,1,0.7092635042818937,0.6794963453179356
2024-02-21 13:00:00,London,1,0.6683423655041593,0.6712221323208349
2024-02-21 15:00:00,London,0,0.9179724725180901,0.7198957359931433
2024-02-21 17:00:00,NY,1,0.8253921700789983,0.7023597764630702
2024-02-22 09:00:00,London,0,0.7889544148501253,0.6952870979417515
2024-02-22 14:00:00,London,0,0.7592960437077989,0.6894612397209927
2024-02-22 16:00:00,London,1,0.4548005697403966,0.6263931791704765
2024-02-23 19:00:00,NY,0,0.38329475867047885,0.6108357306412844
2024-02-26 02:00:00,Other,1,0.8011911483996792,0.6976728128870231
2024-02-26 04:00:00,Other,1,0.6971692458342377,0.6770623262992991
2024-02-26 05:00:00,Other,1,0.46335831718710396,0.6282383846800514
2024-02-26 10:00:00,London,0,0.5944431884174723,0.6560098281258824
2024-02-26 14:00:00,London,1,0.6582009196940709,0.6691547521474106
2024-02-27 09:00:00,London,1,0.3160094574325727,0.5959868607975091
2024-02-27 13:00:00,London,1,0.6921348149501929,0.6760462814297505
2024-02-27 15:00:00,London,0,0.6405796967880102,0.6655470373851963
2024-02-27 17:00:00,NY,1,0.4851064389281963,0.6329107774122416
2024-02-27 18:00:00,NY,0,0.6125691208867291,0.6597723082161364
2024-02-27 19:00:00,NY,1,0.4143672687800491,0.6176259780153752
2024-02-28 00:00:00,Other,1,0.42114147320284145,0.619100361694633
2024-02-28 01:00:00,Other,0,0.47649583235667153,0.6310637941691436
2024-02-28 02:00:00,Other,0,0.3509224900138987,0.6037154615014146
2024-02-28 04:00:00,Other,0,0.42656965257080937,0.6202802061787568
2024-02-28 05:00:00,Other,0,0.42012659562652166,0.6188796159225848
2024-02-28 07:00:00,London,1,0.6160410597363691,0.6604907176790085
2024-02-28 08:00:00,London,0,0.5712519984935726,0.6511672891492212
2024-02-28 09:00:00,London,1,0.5284944375409235,0.6421573581714994
2024-02-28 15:00:00,London,1,0.8181942949741328,0.7009701550514594
2024-02-28 17:00:00,NY,1,0.7162287692643863,0.6808937253015165
2024-02-28 21:00:00,NY,1,0.7411534353608076,0.6858674477958888
2024-02-28 23:00:00,Other,1,0.8689505658655908,0.710689060730844
2024-02-29 03:00:00,Other,0,0.4766955512777921,0.6311066778447069
2024-02-29 04:00:00,Other,1,0.2924083606489748,0.5907349875325993
2024-02-29 06:00:00,Other,0,0.5135341384941748,0.6389806426361093
2024-02-29 08:00:00,London,0,0.5927764068653916,0.655662853368793
2024-02-29 10:00:00,London,0,0.4410283041420988,0.6234159115375252
2024-02-29 11:00:00,London,1,0.5285796230367054,0.6421754113257955
2024-02-29 16:00:00,London,1,0.6426968006831624,0.6659815218092177
2024-02-29 17:00:00,NY,1,0.7813469043091524,0.693798593986449
2024-02-29 19:00:00,NY,0,0.2964629015088713,0.5916387408291367
2024-02-29 20:00:00,NY,0,0.7419933968740913,0.6860343294923741
2024-02-29 23:00:00,Other,0,0.6609058233443884,0.6697068023209543
2024-03-01 00:00:00,Other,1,0.734034404614892,0.6844511274690429
2024-03-01 01:00:00,Other,1,0.8826477857919567,0.713279512628714
2024-03-01 07:00:00,London,1,0.3623670231713289,0.6062378794474573
2024-03-01 19:00:00,NY,0,0.24476787851590986,0.580071558008424
2024-03-03 23:00:00,Other,0,0.6356909941742129,0.664542676711021
2024-03-04 01:00:00,Other,1,0.31469102824745765,0.5956940424027282
2024-03-04 02:00:00,Other,0,0.3365730942367741,0.6005450039771112
2024-03-04 03:00:00,Other,1,0.3942865628641739,0.6132428282443659
2024-03-04 05:00:00,Other,1,0.42094145421144524,0.6190568595041079
2024-03-04 10:00:00,London,0,0.3901095195332093,0.6123287412393751
2024-03-04 12:00:00,London,1,0.7650053249238647,0.6905874819249905
2024-03-04 14:00:00,London,1,0.7877508216114931,0.6950518707097318
2024-03-04 15:00:00,London,1,0.36214585359170487,0.606189185998034
2024-03-04 20:00:00,NY,0,0.3870540865034334,0.6116596012939529
2024-03-04 21:00:00,NY,0,0.6754554705642546,0.6726682302208886
2024-03-05 03:00:00,Other,1,0.4242040973900207,0.6197662136763396
2024-03-05 05:00:00,Other,0,0.45360605942362,0.626135326942329
2024-03-05 06:00:00,Other,1,0.49517511567331063,0.6350655748873637
2024-03-05 09:00:00,London,1,0.6293087940538867,0.6632292408286851
2024-03-05 10:00:00,London,1,0.8258604404560217,0.7024500517159913
2024-03-05 11:00:00,London,1,0.660883317044917,0.6697022108832377
2024-03-05 14:00:00,London,1,0.6184011665125795,0.6609786469798669
2024-03-05 15:00:00,London,1,0.5345537869589724,0.6434404929569488
2024-03-05 16:00:00,London,1,0.6464436122006718,0.6667497739839315
2024-03-05 18:00:00,NY,1,0.5928630721730828,0.6556808986257164
2024-03-05 19:00:00,NY,1,0.6876388871378524,0.6751375114404607
2024-03-05 20:00:00,NY,0,0.6025211971240576,0.6576890687875123
2024-03-06 00:00:00,Other,0,0.7218296354788145,0.6820150258255127
2024-03-06 02:00:00,Other,1,0.5785243588673563,0.6526892454184774
2024-03-06 05:00:00,Other,1,0.8874701761717837,0.7141882263704118
2024-03-06 06:00:00,Other,1,0.35834409414222884,0.6053518486259817
2024-03-06 07:00:00,London,1,0.6759990607415021,0.6727786080397654
2024-03-06 09:00:00,London,1,0.5017391978401134,0.6364674517205701
2024-03-06 11:00:00,London,1,0.5045530006592395,0.6370676819653315
2024-03-06 13:00:00,London,1,0.735266368418944,0.6846964710526591
2024-03-06 19:00:00,NY,1,0.41417624874536124,0.6175843715726009
2024-03-06 23:00:00,Other,1,0.38316431150159364,0.6108071312641117
2024-03-07 00:00:00,Other,0,0.5728536625942163,0.6515027508226292
2024-03-07 01:00:00,Other,1,0.6226671769070116,0.6618597355956204
2024-03-07 03:00:00,Other,1,0.5232986322131665,0.6410554630125702
2024-03-07 07:00:00,London,1,0.6160258784349086,0.6604875779867234
2024-03-07 08:00:00,London,1,0.8314861327982054,0.7035333626478706
2024-03-07 15:00:00,London,1,0.47774657947404936,0.6313323206276752
2024-03-07 16:00:00,London,1,0.5797354047131386,0.6529423907388331
2024-03-08 00:00:00,Other,0,0.5897216412700688,0.6550265103319478
2024-03-08 03:00:00,Other,1,0.5526555347065044,0.6472614383231198
2024-03-08 04:00:00,Other,0,0.48650481743316765,0.6332103645073053
2024-03-08 05:00:00,Other,1,0.8297227129420081,0.7031940354485398
2024-03-08 06:00:00,Other,1,0.954489885958909,0.7266364025603735
2024-03-08 09:00:00,London,1,0.740761251306011,0.6857895130732824
2024-03-08 10:00:00,London,1,0.7517608791866306,0.6879713724258673
2024-03-08 14:00:00,London,1,0.6744909127432713,0.6724723264652143
2024-03-08 15:00:00,London,0,0.9448914878361533,0.724874488719023
2024-03-08 19:00:00,NY,1,0.6908032539607256,0.6757772685685893
2024-03-10 22:00:00,Other,1,0.7568204463646482,0.6889721909980954
2024-03-10 23:00:00,Other,1,0.7471011996855887,0.6870480999542734
2024-03-11 00:00:00,Other,0,0.7175023654157251,0.6811488854406843
2024-03-11 01:00:00,Other,1,0.7338153419322401,0.6844074907192614
2024-03-11 08:00:00,London,1,0.51237944366292,0.6387349408073569
2024-03-11 12:00:00,London,1,0.5836998832598739,0.6537704815511843
2024-03-11 15:00:00,London,0,0.5196693084268347,0.6402848930155781
2024-03-11 16:00:00,London,0,0.44553586577076215,0.6243913881639653
2024-03-11 18:00:00,NY,1,0.36107521892694927,0.6059534416107579
2024-03-11 19:00:00,NY,1,0.27960621318465256,0.587877401354641
2024-03-11 22:00:00,Other,1,0.6163009552182204,0.6605444652852368
2024-03-12 01:00:00,Other,0,0.4210709792748914,0.6190850301671612
2024-03-12 02:00:00,Other,0,0.5605723416416595,0.6489266629428891
2024-03-12 03:00:00,Other,0,0.37805009545850954,0.609685285861368
2024-03-12 06:00:00,Other,1,0.5397264287039293,0.6445342318034539
2024-03-12 07:00:00,London,0,0.827577367881178,0.7027809135770539
2024-03-12 10:00:00,London,0,0.3273685961252318,0.5985068335543874
2024-03-12 11:00:00,London,0,0.5850978511048301,0.654062263998526
2024-03-12 14:00:00,London,0,0.586003415327778,0.6542512106156676
2024-03-12 18:00:00,NY,1,0.43373703094720206,0.6218358976897735
2024-03-14 00:00:00,Other,0,0.7614406189293669,0.6898845539182715
2024-03-14 06:00:00,Other,0,0.45414247289145243,0.6262511283761671
2024-03-14 07:00:00,London,1,0.5640049165269345,0.6496475498725853
2024-03-14 08:00:00,London,1,0.4682088206026238,0.6292825872760821
2024-03-14 09:00:00,London,0,0.5767518033857004,0.65231857188093
2024-03-14 10:00:00,London,0,0.5853299699596677,0.6541107003989695
2024-03-14 11:00:00,London,1,0.7062766444797846,0.6788961284413477
2024-03-14 12:00:00,London,1,0.5113894212171854,0.6385242209825501
2024-03-14 13:00:00,London,1,0.7616577859618996,0.6899274024488351
2024-03-14 14:00:00,London,0,0.7863434644580921,0.6947766911616956
2024-03-14 15:00:00,London,1,0.6816148147769243,0.6739177851334508
2024-03-14 17:00:00,NY,1,0.5254037472277805,0.6415020833156747
2024-03-15 03:00:00,Other,1,0.5845609921052796,0.6539502250240051
2024-03-15 04:00:00,Other,1,0.6654358917038169,0.670630307597622
2024-03-15 05:00:00,Other,0,0.4552458386289812,0.626489278499455
2024-03-15 14:00:00,London,0,0.7861632119337433,0.6947414364564644
2024-03-15 15:00:00,London,0,0.5066041292068563,0.6375049523927928
2024-03-15 17:00:00,NY,0,0.46905903206867405,0.6294654942843207
2024-03-18 00:00:00,Other,0,0.42629580779473575,0.6202207184284824
2024-03-18 02:00:00,Other,0,0.247336441226801,0.5806484881072539
2024-03-20 05:00:00,Other,0,0.47417172520631096,0.630564609453054
2024-03-20 06:00:00,Other,1,0.34920782666785855,0.6033370640775355
2024-03-20 07:00:00,London,0,0.5176274073312682,0.6398510426288018
2024-03-20 08:00:00,London,0,0.25998790354894946,0.5834869140427347
2024-03-20 11:00:00,London,1,0.6561545748617504,0.6687367990386389
2024-03-21 07:00:00,London,1,0.8288045406501284,0.703017266724388
2024-03-21 11:00:00,London,1,0.5283568413244073,0.642128196889303
2024-03-21 12:00:00,London,0,0.5884315048536293,0.6547575928515303
2024-03-21 13:00:00,London,0,0.7212387921193334,0.6818968374669566
2024-03-21 15:00:00,London,1,0.7221338039125055,0.6820758605072238
2024-03-21 16:00:00,London,1,0.8484378890329627,0.7067838267996202
2024-03-21 22:00:00,Other,1,0.7478644666558256,0.6871994361251408
2024-03-22 00:00:00,Other,1,0.5104081552863156,0.6383153123185034
2024-03-22 01:00:00,Other,1,0.7998729600720468,0.6974163234252404
2024-03-22 02:00:00,Other,1,0.9251189601716628,0.7212228558644421
2024-03-22 03:00:00,Other,1,0.7840655855132228,0.6943310042330744
2024-03-22 05:00:00,Other,1,0.7808350429588415,0.6936982961892808
2024-03-22 06:00:00,Other,0,0.5995902859826838,0.657080250526516
2024-03-25 14:00:00,London,0,0.42305960358994366,0.6195174393002479
2024-03-25 15:00:00,London,1,0.5171501911156201,0.6397496137333506
2024-03-25 17:00:00,NY,0,0.5168448903451839,0.6396847176915198
2024-03-25 20:00:00,NY,1,0.6076115038383357,0.6587452097661779
2024-03-25 22:00:00,Other,1,0.7931916381034839,0.6961143983427203
2024-03-26 01:00:00,Other,1,0.6681740536019818,0.6711878749564172
2024-03-26 03:00:00,Other,1,0.5103206494616627,0.6382966800416093
2024-03-26 04:00:00,Other,1,0.869489170450621,0.710791184728692
2024-03-26 07:00:00,London,1,0.7351483405144552,0.6846729704454788
2024-03-26 08:00:00,London,1,0.7312310961223306,0.6838924699893073
2024-03-26 15:00:00,London,1,0.742641863688168,0.6861631325500526
2024-03-26 17:00:00,NY,1,0.460270704272704,0.6275730672122427
2024-03-26 18:00:00,NY,1,0.3766623224053586,0.6093806656349546
2024-03-26 22:00:00,Other,1,0.6695616842045159,0.671470251966328
2024-03-27 00:00:00,Other,1,0.7083683230427241,0.6793165186252916
2024-03-27 01:00:00,Other,1,0.7378010289922775,0.6852009206724267
2024-03-27 02:00:00,Other,1,0.6847654817795746,0.6745560126756233
2024-03-27 03:00:00,Other,1,0.6516945120271153,0.6678249371706175
2024-03-27 04:00:00,Other,1,0.7468048638953496,0.6869893334609797
2024-03-27 06:00:00,Other,1,0.5526731365188162,0.6472651446844474
2024-03-27 08:00:00,London,1,0.555330307134966,0.6478244537391695
2024-03-27 09:00:00,London,1,0.5675390554271482,0.6503890532709203
2024-03-27 10:00:00,London,0,0.6318184721597608,0.6637460266071216
2024-03-27 13:00:00,London,1,0.9173829948886922,0.7197860964301945
2024-03-27 14:00:00,London,0,0.6036971417111515,0.6579331940224242
2024-03-27 18:00:00,NY,1,0.9169512406429036,0.7197057759142501
2024-03-27 20:00:00,NY,0,0.6020207734714085,0.6575851558660334
2024-03-27 22:00:00,Other,0,0.7779979170211823,0.6931420368560322
2024-03-28 00:00:00,Other,1,0.5710165026637979,0.6511179529156171
2024-03-28 01:00:00,Other,1,0.7330654047286274,0.6842580804486392
2024-03-28 02:00:00,Other,1,0.3398445703202251,0.6012685794572716
2024-03-28 05:00:00,Other,1,0.8133852244758794,0.70003964619159
2024-03-28 06:00:00,Other,0,0.8287330064673804,0.7030034922396272
2024-03-28 07:00:00,London,1,0.93176504262785,0.7224535815101796
2024-03-28 08:00:00,London,1,0.9017457859296639,0.7168681163267863
2024-03-28 09:00:00,London,1,0.6313875487180289,0.6636573198972661
2024-03-28 10:00:00,London,1,0.6557999587562904,0.6686643438368619
2024-03-28 13:00:00,London,1,0.6001584205251329,0.6571983057174454
2024-03-28 14:00:00,London,1,0.32596719036309174,0.5981962166114845
2024-03-28 15:00:00,London,1,0.3558092186730626,0.6047931982578477
2024-03-28 17:00:00,NY,1,0.5786420958624268,0.6527138598136845
2024-03-31 23:00:00,Other,1,0.9121199906414621,0.7188060462834714
2024-04-01 00:00:00,Other,1,0.7078821227666381,0.6792188269370019
2024-04-01 03:00:00,Other,1,0.4467266883415542,0.6246489247102767
2024-04-01 04:00:00,Other,0,0.573593399175661,0.6516576348151154
2024-04-01 08:00:00,London,0,0.5878479257995769,0.6546359184343965
2024-04-01 11:00:00,London,1,0.33834166973442376,0.6009362270315686
2024-04-01 12:00:00,London,1,0.3278435768164683,0.5986120935175554
2024-04-01 13:00:00,London,0,0.4828713424500647,0.6324317195375202
2024-04-01 14:00:00,London,1,0.7498510918688328,0.6875931456715642
2024-04-01 16:00:00,London,1,0.7054803317602643,0.6787360074372313
2024-04-01 17:00:00,NY,1,0.4960052873345922,0.6352430000097039
2024-04-01 18:00:00,NY,1,0.3707527461086991,0.6080825439904775
2024-04-01 22:00:00,Other,0,0.6984579908961435,0.6773221517389798
2024-04-01 23:00:00,Other,1,0.7386547631495127,0.6853707330863874
2024-04-02 00:00:00,Other,1,0.913470881337967,0.7190578013462124
2024-04-02 02:00:00,Other,1,0.7105868103306467,0.6797620773820123
2024-04-02 08:00:00,London,1,0.6232908245309897,0.6619884480033069
2024-04-02 10:00:00,London,0,0.47317875555663574,0.6303512486196081
2024-04-02 11:00:00,London,1,0.6812589002649994,0.6738456472741029
2024-04-02 14:00:00,London,0,0.7472212649774509,0.6870719084499338
2024-04-02 15:00:00,London,1,0.7151425400704081,0.6806760177193528
2024-04-02 16:00:00,London,1,0.7313833842974555,0.6839228324078617
2024-04-03 00:00:00,Other,1,0.7370143742914388,0.6850444068828272
2024-04-03 02:00:00,Other,1,0.7400810695363808,0.6856543226765519
2024-04-03 04:00:00,Other,1,0.7481865329923401,0.6872632816171828
2024-04-03 06:00:00,Other,0,0.646014141307637,0.6666617594326868
2024-04-03 11:00:00,London,1,0.6431230652798302,0.6660689682882082
2024-04-03 13:00:00,London,1,0.6422529417981216,0.6658904538030281
2024-04-03 15:00:00,London,1,0.6167334906655669,0.6606339064760368
2024-04-03 16:00:00,London,1,0.3670339432500194,0.6072648710428734
2024-04-03 18:00:00,NY,1,0.5158253375909275,0.6394679602035368
2024-04-03 20:00:00,NY,1,0.299718137937076,0.5923638820902264
2024-04-03 22:00:00,Other,0,0.7198832706060456,0.6816255994719721
2024-04-03 23:00:00,Other,1,0.6115256364107654,0.6595562477949497
2024-04-04 00:00:00,Other,0,0.5277933165465527,0.6420087559954251
2024-04-04 03:00:00,Other,1,0.8507446523385668,0.7072245288943202
2024-04-04 04:00:00,Other,0,0.7578593047055195,0.6891774665940673
2024-04-04 07:00:00,London,1,0.46876201632244263,0.6294016011499368
2024-04-04 09:00:00,London,1,0.9165309633874319,0.7196275769970867
2024-04-04 11:00:00,London,0,0.7515432383807116,0.6879282820529421
2024-04-04 12:00:00,London,1,0.7495136299527339,0.6875262865065169
2024-04-04 13:00:00,London,1,0.8452689000497919,0.7061777659520941
2024-04-04 14:00:00,London,0,0.5129030649155518,0.6388463686004519
2024-04-04 17:00:00,NY,1,0.8660268967704687,0.7101343354364565
2024-04-04 19:00:00,NY,1,0.5235121585982841,0.641100775840893
2024-04-04 23:00:00,Other,1,0.8756746079123683,0.7119624617325544
2024-04-05 00:00:00,Other,0,0.7863588001525404,0.6947796904894148
2024-04-05 20:00:00,NY,1,0.6015684977166023,0.6574912278459306
2024-04-08 07:00:00,London,0,0.42806679025055955,0.6206053679226403
2024-04-08 09:00:00,London,1,0.5089891292183516,0.6380131132972132
2024-04-08 11:00:00,London,0,0.511111219811198,0.6384649980284093
2024-04-08 16:00:00,London,1,0.5166855778697134,0.6396508515209758
2024-04-08 20:00:00,NY,1,0.7553116233379765,0.68867391926332
2024-04-08 23:00:00,Other,1,0.5811325821453007,0.6532343357719183
2024-04-09 04:00:00,Other,1,0.4857842369286342,0.6330560009617157
2024-04-09 08:00:00,London,1,0.5356116221005193,0.6436642910221426
2024-04-09 10:00:00,London,1,0.6676068236445625,0.6710724103963105
2024-04-09 13:00:00,London,1,0.29478386584553895,0.5912645601664103
2024-04-09 14:00:00,London,0,0.7553910398407102,0.688689622624926
2024-04-09 15:00:00,London,1,0.711388643844377,0.6799230362399625
2024-04-09 19:00:00,NY,1,0.6522178516432081,0.6679319995319478
2024-04-09 22:00:00,Other,1,0.8061365914437176,0.6986339842190125
2024-04-09 23:00:00,Other,0,0.7378573764552451,0.6852121300194072
2024-04-10 00:00:00,Other,0,0.8497613571381141,0.7070367199593361
2024-04-10 01:00:00,Other,1,0.8508898132572169,0.7072522485861015
2024-04-10 04:00:00,Other,1,0.6540392900634402,0.6683044854893713
2024-04-10 06:00:00,Other,0,0.627674962558317,0.6628925968976533
2024-04-10 09:00:00,London,1,0.6536808958048415,0.6682312101379797
2024-04-10 10:00:00,London,1,0.6542990589863309,0.6683575913424262
2024-04-10 11:00:00,London,0,0.6679785216758407,0.6711480750780079
2024-04-12 18:00:00,NY,1,0.7243009499914316,0.6825091168637615
2024-04-15 06:00:00,Other,1,0.32478159311744303,0.5979333713269431
2024-04-15 08:00:00,London,1,0.5511356575437909,0.6469413355151991
2024-04-15 10:00:00,London,1,0.8371608749372921,0.7046238032819216
2024-04-15 11:00:00,London,0,0.6303278387513934,0.6634391267741258
2024-04-16 17:00:00,NY,0,0.708916940587149,0.679426732883144
2024-04-17 01:00:00,Other,1,0.8668132779427963,0.7102836021348947
2024-04-17 02:00:00,Other,0,0.8422487071497743,0.7055994817649386
2024-04-17 04:00:00,Other,0,0.8549525492023807,0.708027437587437
2024-04-17 06:00:00,Other,1,0.28804273252416995,0.5897612074513156
2024-04-17 07:00:00,London,1,0.703705231389192,0.6783789224490564
2024-04-17 12:00:00,London,1,0.6828978623779488,0.6741777688298985
2024-04-17 13:00:00,London,1,0.576641046698719,0.6522954045136383
2024-04-17 14:00:00,London,0,0.6746285680921464,0.6725002882399976
2024-04-17 17:00:00,NY,1,0.6666830570830647,0.670884325494613
2024-04-17 18:00:00,NY,0,0.585317466173508,0.6541080913067799
2024-04-19 10:00:00,London,1,0.787169575121312,0.694938236873056
2024-04-24 17:00:00,NY,0,0.672934590561138,0.6721561073557225
2024-04-24 20:00:00,NY,1,0.5625270515421272,0.6493372618712109
2024-04-25 00:00:00,Other,1,0.9548827225030598,0.7267083628305041
2024-04-25 01:00:00,Other,1,0.8097925099914549,0.6993434117691235
2024-04-25 02:00:00,Other,1,0.8142171368833279,0.7002007315835252
2024-04-25 17:00:00,NY,1,0.9106256390936434,0.7185273955901769
2024-04-25 19:00:00,NY,0,0.5786968216423389,0.6527253006463237
2024-04-25 23:00:00,Other,1,0.7150931153120642,0.6806661098823821
2024-04-26 03:00:00,Other,1,0.5833555312705528,0.6536985909796844
2024-04-26 04:00:00,Other,1,0.7509831091263828,0.6878173679628119
2024-04-26 07:00:00,London,1,0.4211426349172226,0.6191006143506601
2024-04-26 12:00:00,London,0,0.766485022640883,0.6908790065942096
2024-04-26 14:00:00,London,1,0.43368788896063926,0.6218252398317259
2024-04-26 17:00:00,NY,0,0.5347796694832243,0.643488286452664
2024-04-29 17:00:00,NY,1,0.3665871382040344,0.607166589061686
2024-04-29 18:00:00,NY,0,0.32145722226042334,0.597196063060921
2024-04-29 20:00:00,NY,0,0.628024154847949,0.6629645603604717
2024-04-29 22:00:00,Other,1,0.6596539225141698,0.6694513569374453
2024-04-30 01:00:00,Other,0,0.5653610551506146,0.6499321692395073
2024-04-30 02:00:00,Other,0,0.5590876099180215,0.6486146384435103
2024-04-30 04:00:00,Other,0,0.501186910484696,0.6363495897997701
2024-04-30 05:00:00,Other,0,0.5070898325773325,0.637608463924547
2024-04-30 07:00:00,London,0,0.5139385954909035,0.6390666878579224
2024-04-30 08:00:00,London,1,0.5924213614171846,0.6555889219104848
2024-04-30 10:00:00,London,0,0.7240098414361402,0.6824509367323556
2024-04-30 12:00:00,London,1,0.5237488062574942,0.6411509923355381
2024-04-30 13:00:00,London,1,0.6149616414661855,0.6602674446687825
2024-04-30 14:00:00,London,1,0.6270858816015025,0.6627711787501908
2024-04-30 17:00:00,NY,0,0.5155878379245741,0.6394174594731513
2024-05-06 14:00:00,London,1,0.6061728466344569,0.6584468751099806
2024-05-06 17:00:00,NY,1,0.26667049958363315,0.584983973103721
2024-05-06 20:00:00,NY,1,0.3098702634013096,0.5946227890889271
2024-05-07 00:00:00,Other,0,0.5054905587856625,0.6372675837434063
2024-05-07 03:00:00,Other,0,0.41846499862946895,0.6185180963378004
2024-05-07 11:00:00,London,1,0.6952680458798497,0.6766788234153838
2024-05-07 14:00:00,London,1,0.6016907110375881,0.6575166101610892
2024-05-07 15:00:00,London,1,0.39627017854979896,0.6136766357256251
2024-05-07 17:00:00,NY,0,0.4789306305482364,0.6315864529676123
2024-05-07 18:00:00,NY,1,0.4198318280512966,0.6188154918890493
2024-05-07 19:00:00,NY,0,0.35313544218320536,0.6042036394039836
2024-05-07 20:00:00,NY,1,0.5642319938486869,0.6496952151197586
2024-05-07 23:00:00,Other,1,0.5428530436061566,0.6451946144204753
2024-05-08 00:00:00,Other,1,0.7476653504841769,0.6871599603634333
2024-05-10 11:00:00,London,0,0.8831981201989141,0.7133833029500876
2024-05-10 15:00:00,London,1,0.8184501249140188,0.7010196092959643
2024-05-10 18:00:00,NY,0,0.5951234866887702,0.6561513983631204
2024-05-12 22:00:00,Other,1,0.44128548816184443,0.6234715954635881
2024-05-13 01:00:00,Other,0,0.369796713113475,0.6078723936388074
2024-05-13 02:00:00,Other,0,0.507309741493692,0.6376553260055302
2024-05-13 03:00:00,Other,0,0.402536609179824,0.615045886825141
2024-05-13 04:00:00,Other,0,0.4048366652787378,0.6155480068124234
2024-05-13 05:00:00,Other,1,0.41723491118159667,0.6182503771961942
2024-05-13 06:00:00,Other,1,0.6294553653231026,0.6632594331177705
2024-05-13 07:00:00,London,1,0.7406986055116687,0.6857770631455041
2024-05-13 08:00:00,London,1,0.41531415361022644,0.6178321953601866
2024-05-13 09:00:00,London,1,0.45596886551518284,0.6266453031618461
2024-05-13 13:00:00,London,1,0.43836786426524965,0.6228396981467825
2024-05-13 14:00:00,London,0,0.35224877688351125,0.6040080656532446
2024-05-16 03:00:00,Other,1,0.887522306805598,0.714198040235169
2024-05-16 05:00:00,Other,1,0.8382264729099402,0.7048283052832284
2024-05-16 08:00:00,London,0,0.6793388998941344,0.673456353683733
2024-05-16 11:00:00,London,0,0.6191992047260297,0.6611435563877569
2024-05-16 13:00:00,London,1,0.5792515365866244,0.6528412579879318
2024-05-16 15:00:00,London,1,0.9253172678248808,0.7212596270204271
2024-05-16 16:00:00,London,0,0.5588780931478321,0.6485705971154405
2024-05-16 17:00:00,NY,0,0.5763202424008864,0.6522282966786008
2024-05-16 22:00:00,Other,1,0.6235574277719177,0.662043463978228
2024-05-16 23:00:00,Other,1,0.7126304763685057,0.6801722353039857
2024-05-17 00:00:00,Other,0,0.7675348462223763,0.6910857469527055
2024-05-17 01:00:00,Other,1,0.7417583202110994,0.685987629825833
2024-05-17 06:00:00,Other,0,0.36550562240398937,0.6069286562832801
2024-05-17 08:00:00,London,1,0.6031580265592029,0.657821284485487
2024-05-17 10:00:00,London,1,0.6483552215272488,0.6671413926969687
2024-05-17 11:00:00,London,1,0.8046269127630867,0.698340754963549
2024-05-17 12:00:00,London,1,0.648845896889813,0.6672418769041839
2024-05-17 13:00:00,London,1,0.7483086315220264,0.6872874842173622
2024-05-17 14:00:00,London,1,0.7035870505175494,0.6783551413887052
2024-05-20 00:00:00,Other,1,0.4669182570551691,0.6290048759378504
2024-05-20 02:00:00,Other,1,0.6756376892699298,0.6727052324735354
2024-05-20 04:00:00,Other,1,0.5182488997550178,0.6399831176817145
2024-05-20 09:00:00,London,0,0.39220484806065387,0.6127873736179152
2024-05-20 12:00:00,London,1,0.6547533585955888,0.6684504557737154
2024-05-20 14:00:00,London,1,0.5990107682947045,0.6569598099585788
2024-05-20 22:00:00,Other,1,0.6788213192028666,0.6733513696039426
2024-05-21 01:00:00,Other,0,0.8770245650090832,0.7122177143690381
2024-05-27 05:00:00,Other,0,0.27383145169977136,0.5865864547999866
2024-05-27 06:00:00,Other,0,0.38878458481003675,0.6120386323563833
2024-05-27 07:00:00,London,1,0.40412871672553063,0.6153934823541027
2024-05-27 08:00:00,London,1,0.41961894048400805,0.6187691775379758
2024-05-27 09:00:00,London,1,0.5397498775117574,0.6445391865553954
2024-05-27 12:00:00,London,1,0.44624140010571106,0.6245439810080603
2024-05-27 13:00:00,London,0,0.5123467531634142,0.6387279836994212
2024-05-27 16:00:00,London,0,0.5036239238260953,0.636869541779686
2024-05-27 22:00:00,Other,1,0.6769744983134842,0.6729766259840188
2024-05-28 00:00:00,Other,1,0.5342932264999345,0.6433853585607894
2024-05-28 02:00:00,Other,0,0.8047129710021538,0.698357474659703
2024-05-28 04:00:00,Other,1,0.6733843253146186,0.6722475021403788
2024-05-28 05:00:00,Other,0,0.48934669088609833,0.6338188870725283
2024-05-28 10:00:00,London,1,0.6951209570704255,0.676649143305009
2024-05-28 17:00:00,NY,1,0.6416733065620179,0.6657715094874266
2024-05-28 20:00:00,NY,1,0.5396252273041902,0.6445128475110443
2024-05-28 22:00:00,Other,1,0.723691683170609,0.6823873440032798
2024-05-29 00:00:00,Other,1,0.6206357054495302,0.6614403013334159
2024-05-29 03:00:00,Other,0,0.48278002987275453,0.632412142550664
2024-05-29 04:00:00,Other,0,0.6309006771499069,0.6635570822357334
2024-05-29 08:00:00,London,0,0.435768185453866,0.6222763090873921
2024-05-30 15:00:00,London,0,0.594140801166393,0.6559468923653043
2024-05-30 19:00:00,NY,1,0.39687604029625406,0.6138090989230339
2024-05-30 20:00:00,NY,1,0.5452971193389321,0.6457104508770065
2024-05-30 22:00:00,Other,1,0.6880098145607734,0.6752125377282212
2024-05-30 23:00:00,Other,1,0.6607318444527965,0.6696713086058406
2024-05-31 00:00:00,Other,1,0.9409942072633107,0.7241570830738638
2024-05-31 01:00:00,Other,1,0.8504258680212223,0.7071636489644856
2024-05-31 02:00:00,Other,1,0.4548895375963275,0.6264123812901132
2024-05-31 14:00:00,London,0,0.5390565786727699,0.6443926788761649
2024-05-31 15:00:00,London,0,0.7400529079137571,0.6856487246982078
2024-05-31 18:00:00,NY,1,0.27101372508377797,0.5859561192384445
2024-06-03 18:00:00,NY,1,0.3675326020839899,0.6073745488423943
2024-06-03 23:00:00,Other,0,0.5355523028358102,0.6436517429597642
2024-06-04 02:00:00,Other,1,0.5501060728289241,0.6467244187276531
2024-06-04 04:00:00,Other,0,0.788130967413377,0.695126176459517
2024-06-04 11:00:00,London,1,0.6527637064909154,0.6680436494632115
2024-06-04 12:00:00,London,0,0.6338412399635417,0.6641622642508448
2024-06-05 18:00:00,NY,0,0.5976980889432852,0.6566869224380517
2024-06-05 19:00:00,NY,1,0.5044460125131495,0.6370448674374145
2024-06-05 20:00:00,NY,1,0.5289738616031379,0.6422589560904582
2024-06-05 22:00:00,Other,0,0.706507811245661,0.6789426031247605
2024-06-05 23:00:00,Other,1,0.7565314407056015,0.6889150710415832
2024-06-06 00:00:00,Other,1,0.6455419883941557,0.6665649843382343
2024-06-06 02:00:00,Other,0,0.49200063683783307,0.6343867839514673
2024-06-06 05:00:00,Other,1,0.6141444198895133,0.660098358512495
2024-06-06 17:00:00,NY,0,0.6377731565197351,0.6649706297737674
2024-06-06 18:00:00,NY,1,0.5810696965637363,0.6532211980892261
2024-06-06 19:00:00,NY,1,0.5449528688148725,0.6456378152667064
2024-06-06 20:00:00,NY,1,0.6129937574429045,0.6598602130336352
2024-06-07 00:00:00,Other,1,0.6034529363214094,0.6578825040381848
2024-06-07 03:00:00,Other,1,0.5387995869158153,0.644338364589464
2024-06-07 04:00:00,Other,0,0.5998460508977713,0.6571333994560729
2024-06-07 06:00:00,Other,1,0.8651377748906547,0.7099655122336397
2024-06-07 07:00:00,London,0,0.8402537962796165,0.7052171474795763
2024-06-07 09:00:00,London,0,0.785460440104774,0.6946039629713926
2024-06-07 10:00:00,London,1,0.7978889454492567,0.6970300471854031
2024-06-07 12:00:00,London,1,0.6941921340817766,0.6764616892068851
2024-06-07 14:00:00,London,1,0.743670220284392,0.6863673331939345
2024-06-07 15:00:00,London,1,0.7111781923871188,0.6798807946738433
2024-06-07 18:00:00,NY,0,0.5687335597608647,0.650639510008416
2024-06-10 17:00:00,NY,0,0.4498706848251423,0.6253285307071996
2024-06-10 18:00:00,NY,0,0.44160230068637274,0.6235401853087391
2024-06-10 20:00:00,NY,0,0.43301665215777413,0.6216796509797038
2024-06-10 23:00:00,Other,1,0.6135480024053332,0.6599749317743316
2024-06-11 00:00:00,Other,0,0.2945887481105315,0.5912210704319768
2024-06-11 01:00:00,Other,1,0.6871660562754411,0.6750418604395659
2024-06-11 03:00:00,Other,0,0.2558337259156068,0.5825555017323623
2024-06-11 05:00:00,Other,1,0.6981550602281302,0.6772610873632233
2024-06-11 14:00:00,London,0,0.6118518673285225,0.6596238032164258
2024-06-11 17:00:00,NY,1,0.8948902509492713,0.7155830587500247
2024-06-11 18:00:00,NY,1,0.5237756805262596,0.6411566948440167
2024-06-11 20:00:00,NY,0,0.5944390429831728,0.6560089653750034
2024-06-11 23:00:00,Other,1,0.5882265282651182,0.6547148581791075
2024-06-12 03:00:00,Other,0,0.363329422905878,0.606449740074943
2024-06-12 04:00:00,Other,1,0.6851787431721247,0.6746396786631154
2024-06-12 08:00:00,London,1,0.6326356629754163,0.6639142157498181
2024-06-12 12:00:00,London,1,0.6301375821974103,0.6633999457736546
2024-06-12 15:00:00,London,1,0.8884675976459022,0.7143759611161319
2024-06-12 17:00:00,NY,0,0.31122170237379,0.5949231924452748
2024-06-13 00:00:00,Other,0,0.8150139441299856,0.7003549730797577
2024-06-14 12:00:00,London,1,0.6749054787083842,0.6725565330692989
2024-06-14 13:00:00,London,1,0.6844375142640864,0.6744896067611259
2024-06-14 14:00:00,London,1,0.6887689588383652,0.6753660593396899
2024-06-14 17:00:00,NY,0,0.3112708370959152,0.5949341129735838
2024-06-14 20:00:00,NY,0,0.5867572604069526,0.6544084638011589
2024-06-16 23:00:00,Other,0,0.732623744237994,0.6841700704416475
2024-06-17 00:00:00,Other,1,0.6076354175701637,0.6587501677007945
2024-06-17 01:00:00,Other,0,0.35487777808043874,0.6045878531905194
2024-06-17 08:00:00,London,1,0.6161597431805071,0.660515262485745
2024-06-17 13:00:00,London,1,0.44352886089514826,0.6239571784941925
2024-06-17 14:00:00,London,0,0.507572718008822,0.6377113622566286
2024-06-18 20:00:00,NY,0,0.6417051910211599,0.6657780529006263
2024-06-18 22:00:00,Other,1,0.7041967866882765,0.678477826217346
2024-06-19 00:00:00,Other,1,0.9484614397676272,0.7255306233494182
2024-06-19 03:00:00,Other,1,0.5100072176500291,0.6382299388052963
2024-06-19 05:00:00,Other,1,0.8905325597869279,0.7147643931260772
2024-06-19 06:00:00,Other,1,0.662510328015463,0.6700340487604267
2024-06-19 07:00:00,London,0,0.6306425187976408,0.6635039263321632
2024-06-19 09:00:00,London,1,0.4417479590680014,0.6235717186563653
2024-06-19 10:00:00,London,1,0.5344174329349075,0.643411641022528
2024-06-19 11:00:00,London,0,0.8838167892787705,0.7134999540096496
2024-06-20 07:00:00,London,0,0.8080748041044153,0.6990102111255372
2024-06-20 09:00:00,London,1,0.5829211034973181,0.6536078852203298
2024-06-20 11:00:00,London,1,0.757927547387069,0.6891909485595984
2024-06-20 12:00:00,London,1,0.5936277236885722,0.6558400931920662
2024-06-20 14:00:00,London,0,0.698584243908572,0.6773475998732781
2024-06-20 17:00:00,NY,1,0.22969855807866316,0.5766824466913175
2024-06-20 18:00:00,NY,1,0.3899727933334266,0.6122988072308756
2024-06-20 23:00:00,Other,1,0.5787944704615883,0.6527457144224704
2024-06-21 00:00:00,Other,0,0.5896449257728525,0.6550105224401198
2024-06-21 02:00:00,Other,1,0.7037438530912273,0.6783866939379806
2024-06-21 05:00:00,Other,1,0.6850322684458069,0.6746100256968273
2024-06-21 12:00:00,London,0,0.838984328779831,0.7049736975173024
2024-06-21 14:00:00,London,0,0.4037963903848317,0.6153209372031447
2024-06-21 16:00:00,London,0,0.7767756450874299,0.6929022194339922
2024-06-25 11:00:00,London,0,0.7027288651437116,0.6781824244760352
2024-06-25 12:00:00,London,1,0.6215625204727718,0.6616316906796145
2024-06-25 14:00:00,London,0,0.5680743581889922,0.6505013027183334
2024-06-25 15:00:00,London,0,0.6617283383232184,0.669874578756361
2024-06-27 17:00:00,NY,1,0.4111637247993208,0.6169279803023116
2024-06-28 00:00:00,Other,1,0.533944293174526,0.6433115185819273
2024-06-28 02:00:00,Other,1,0.5189334386849904,0.640128566392723
2024-06-28 05:00:00,Other,1,0.7407412262817994,0.6857855334240952
2024-06-28 07:00:00,London,1,0.8284527986202039,0.7029495324018801
2024-06-28 09:00:00,London,1,0.7132081032121967,0.6802881128986933
2024-06-28 10:00:00,London,1,0.7512498609371874,0.6878701915533273
2024-06-28 11:00:00,London,0,0.7480831385163521,0.6872427857715167
2024-06-28 14:00:00,London,1,0.7370419924854188,0.6850499025448102
2024-06-28 16:00:00,London,1,0.7198108806248303,0.6816111108694771
2024-06-28 17:00:00,NY,0,0.6321838657859827,0.6638212347895044
2024-06-28 20:00:00,NY,0,0.4277228846605985,0.6205306850028196
2024-06-30 23:00:00,Other,1,0.5183417615623783,0.6400028501786541
2024-07-01 01:00:00,Other,0,0.41825852280222753,0.6184731634737778
2024-07-01 03:00:00,Other,1,0.30926230206540134,0.5944876258450852
2024-07-01 04:00:00,Other,1,0.2939455093456343,0.5910776890243912
2024-07-02 14:00:00,London,1,0.6061753624432679,0.6584473969233628
2024-07-02 15:00:00,London,1,0.7394603427415207,0.685530921844743
2024-07-03 01:00:00,Other,1,0.6059455090482867,0.6583997205811962
2024-07-03 03:00:00,Other,1,0.25721870569212363,0.5828660952325762
2024-07-03 04:00:00,Other,1,0.6264344266670424,0.6626368794119497
2024-07-03 05:00:00,Other,1,0.361466297489512,0.6060395594131771
2024-07-03 07:00:00,London,1,0.830090050244881,0.703264739071854
2024-07-03 08:00:00,London,1,0.8717748556371857,0.7112243320269869
2024-07-03 10:00:00,London,1,0.8708342139715908,0.7110461229950996
2024-07-03 12:00:00,London,1,0.9549899578197374,0.7267280042710046
2024-07-03 13:00:00,London,1,0.7452578946235748,0.6866824557422766
2024-07-03 15:00:00,London,0,0.6248661618821717,0.6623134694227841
2024-07-03 17:00:00,NY,1,0.5095665974945046,0.6381361054426369
2024-07-03 18:00:00,NY,0,0.5730903778338472,0.6515523170877193
2024-07-03 19:00:00,NY,1,0.5354381132428478,0.6436275873826547
2024-07-03 23:00:00,Other,0,0.5716059683160478,0.6512414395181193
2024-07-04 05:00:00,Other,0,0.593030621134888,0.6557157840231738
2024-07-08 01:00:00,Other,0,0.7349770776230495,0.6846388685077905
2024-07-08 03:00:00,Other,1,0.33792240144899366,0.6008434931619225
2024-07-08 05:00:00,Other,0,0.4220550689663255,0.6192990355976425
2024-07-08 07:00:00,London,0,0.3475781680089584,0.6029773111089521
2024-07-08 08:00:00,London,0,0.4056277286743523,0.6157206452276739
2024-07-08 09:00:00,London,1,0.4350818691952057,0.6221275189606608
2024-07-08 10:00:00,London,1,0.5294678995633227,0.6423636375662237
2024-07-08 13:00:00,London,0,0.45671138545597684,0.6268055068770633
2024-07-10 14:00:00,London,0,0.6036683917455385,0.6579272265473567
2024-07-10 18:00:00,NY,0,0.6037400856989835,0.6579421075809309
2024-07-10 22:00:00,Other,1,0.9496610357511265,0.7257508830208467
2024-07-11 06:00:00,Other,1,0.6587226161654661,0.6692612627270073
2024-07-11 08:00:00,London,1,0.9013528004766542,0.7167945468978137
2024-07-11 09:00:00,London,1,0.4777330665452498,0.6313294199329692
2024-07-11 13:00:00,London,1,0.6136455041183217,0.6599951109354892
2024-07-11 14:00:00,London,0,0.529731928101937,0.6424195768841723
2024-07-11 17:00:00,NY,1,0.7043747993222074,0.6785136394416275
2024-07-11 20:00:00,NY,1,0.5951494265685795,0.6561567959096243
2024-07-11 23:00:00,Other,0,0.5917657297426275,0.6554523792920351
2024-07-12 00:00:00,Other,0,0.7558212255480565,0.6887746775236481
2024-07-12 04:00:00,Other,1,0.7520482392290513,0.6880282614238328
2024-07-12 05:00:00,Other,0,0.721162521012952,0.6818815789965204
2024-07-12 07:00:00,London,0,0.6567823368200638,0.6688650438217686
2024-07-12 11:00:00,London,1,0.6441818202584528,0.6662861182344321
2024-07-12 13:00:00,London,1,0.9494012072042738,0.7257031848304881
2024-07-12 18:00:00,NY,0,0.575835108912781,0.6521268019604627
2024-07-14 23:00:00,Other,1,0.5581778396856488,0.6484233824733042
2024-07-15 01:00:00,Other,1,0.3189924613269894,0.5966491227196824
2024-07-15 03:00:00,Other,1,0.41525524488243776,0.617819367158137
2024-07-15 04:00:00,Other,0,0.5918639584528917,0.6554728381533996
2024-07-15 07:00:00,London,1,0.6431196618610026,0.6660682701356433
2024-07-15 11:00:00,London,1,0.443604737599582,0.6239735978273526
2024-07-15 14:00:00,London,1,0.7179813432201677,0.6812448187341441
2024-07-15 15:00:00,London,0,0.44691559295962174,0.6246897722156219
2024-07-15 23:00:00,Other,1,0.4683718538160548,0.6293176636814412
2024-07-16 01:00:00,Other,1,0.9376920695834287,0.7235483249455601
2024-07-16 04:00:00,Other,1,0.6063567714593252,0.6584850226393644
2024-07-16 06:00:00,Other,1,0.4772112809859672,0.63121740582108
2024-07-16 07:00:00,London,1,0.3659401925337452,0.6070242675375113
2024-07-16 09:00:00,London,1,0.5863471482660305,0.6543229179945319
2024-07-16 12:00:00,London,1,0.8276767443471346,0.7028000574967648
2024-07-16 13:00:00,London,1,0.6221280622950531,0.6617484503392637
2024-07-16 14:00:00,London,1,0.2983618995602066,0.5920618131221616
2024-07-16 15:00:00,London,1,0.7112235030146067,0.679889889618275
2024-07-16 18:00:00,NY,1,0.5773133510235819,0.6524360216879335
2024-07-16 19:00:00,NY,1,0.4826925920323535,0.6323933958799492
2024-07-16 23:00:00,Other,1,0.5572971300049885,0.6482381903580702
2024-07-17 00:00:00,Other,1,0.6320937250892773,0.663802682095658
2024-07-17 01:00:00,Other,0,0.7344858917123801,0.6845410523338307
2024-07-17 06:00:00,Other,1,0.448619804908909,0.625058199632783
2024-07-17 08:00:00,London,1,0.7202285408122655,0.6816946992657026
2024-07-17 10:00:00,London,1,0.6049132374020171,0.6581855666491174
2024-07-17 13:00:00,London,0,0.7106081814238393,0.6797663679385209
2024-07-17 15:00:00,London,1,0.6898810681463926,0.675590892941947
2024-07-17 16:00:00,London,1,0.7242123356231853,0.6824914072506453
2024-07-17 17:00:00,NY,1,0.644995010092976,0.666452855062255
2024-07-23 12:00:00,London,1,0.5833652701478698,0.6537006242674027
2024-07-23 14:00:00,London,1,0.6385529990608934,0.6651308434024437
2024-07-23 16:00:00,London,1,0.5696283534270524,0.6508270707088064
2024-07-23 17:00:00,NY,1,0.5507015239926647,0.6468498779982688
2024-07-23 18:00:00,NY,1,0.38462373069947425,0.6111270523969778
2024-07-23 20:00:00,NY,0,0.4140124667256576,0.6175486965218459
2024-07-23 22:00:00,Other,1,0.6493946948305899,0.667354245873955
2024-07-24 03:00:00,Other,1,0.4744176747419931,0.6306174491072589
2024-07-24 04:00:00,Other,0,0.5576068830505814,0.6483033290789214
2024-07-24 07:00:00,London,0,0.7230857490776891,0.6822662124900641
2024-07-24 09:00:00,London,1,0.5456515261452547,0.6457852224054085
2024-07-24 10:00:00,London,1,0.5869579605164507,0.6544503244480788
2024-07-24 11:00:00,London,1,0.670505069669128,0.6716621562097562
2024-07-24 12:00:00,London,1,0.6301375821974103,0.6633999457736546
2024-07-24 13:00:00,London,0,0.6239752011821246,0.662129666458589
2024-07-24 18:00:00,NY,0,0.5509472937596789,0.6469016548447727
2024-07-24 19:00:00,NY,0,0.2645082913854126,0.584499757764988
2024-07-25 00:00:00,Other,0,0.6462307091749113,0.6667061436922423
2024-07-25 02:00:00,Other,1,0.6657734855151967,0.6706990772686147
2024-07-25 03:00:00,Other,1,0.817132353757912,0.7007648220618081
2024-07-25 08:00:00,London,0,0.6206388035324361,0.6614409411823958
2024-07-25 14:00:00,London,1,0.6766091133813802,0.6729024585155686
2024-07-25 15:00:00,London,1,0.6138638149059484,0.6600402908931858
2024-07-25 16:00:00,London,1,0.4935070064913087,0.634708953998069
2024-07-26 16:00:00,London,0,0.6440545550399177,0.6662600199490484
2024-07-26 18:00:00,NY,1,0.5930447827180886,0.6557187325318489
2024-07-29 00:00:00,Other,1,0.4210852751994754,0.619088139367056
2024-07-29 01:00:00,Other,1,0.38849559308488013,0.6119753439112542
2024-07-29 05:00:00,Other,1,0.3308768807197808,0.5992840859042712
2024-07-29 07:00:00,London,1,0.40996545959513037,0.6166667745955875
2024-07-29 13:00:00,London,1,0.5495038135769547,0.6465975044512706
2024-07-29 14:00:00,London,1,0.5059801124146985,0.6373719452361944
2024-07-29 15:00:00,London,1,0.5819322526483481,0.6534013778200795
2024-07-29 16:00:00,London,1,0.4726923990929817,0.6302467259065792
2024-07-29 20:00:00,NY,0,0.4155490876010104,0.6178833538993035
2024-07-29 23:00:00,Other,1,0.7102626487883992,0.6796969935292039
2024-07-30 01:00:00,Other,1,0.5435843566314299,0.6453489977615885
2024-07-30 04:00:00,Other,1,0.630928618042357,0.6635628351361609
2024-07-30 07:00:00,London,1,0.6295267293600284,0.6632741329490851
2024-07-30 10:00:00,London,0,0.7000485071733396,0.677642666662769
2024-07-30 11:00:00,London,1,0.5447781131129503,0.6456009398775366
2024-07-30 15:00:00,London,1,0.4869698661715327,0.6333099732494968
2024-07-30 22:00:00,Other,1,0.7703991455708139,0.6916494204291287
2024-07-30 23:00:00,Other,0,0.6237870483385105,0.66209084473209
2024-07-31 00:00:00,Other,1,0.6960290893740124,0.6768323667885919
2024-07-31 01:00:00,Other,1,0.6333095753505003,0.6640528849530778
2024-07-31 04:00:00,Other,0,0.6762576111218825,0.6728311008571563
2024-07-31 07:00:00,London,1,0.6408075871368609,0.6655938198777757
2024-07-31 08:00:00,London,1,0.5984134138733799,0.656835641248755
2024-07-31 11:00:00,London,1,0.6092308243818627,0.6590808583013644
2024-07-31 13:00:00,London,1,0.5765458367283678,0.6522754885318021
2024-07-31 19:00:00,NY,0,0.5030906348495079,0.6367557885526264
2024-08-01 00:00:00,Other,0,0.5831687071558993,0.6536595846600556
2024-08-01 04:00:00,Other,0,0.7543936782800625,0.6884923786022238
2024-08-02 10:00:00,London,1,0.6768724854073692,0.6729559198177367
2024-08-02 14:00:00,London,1,0.7823981427279041,0.6940045236583436
2024-08-09 06:00:00,Other,1,0.5665529270084831,0.6501822250341223
2024-08-09 07:00:00,London,1,0.7095944282045097,0.6795628088190465
2024-08-09 08:00:00,London,1,0.8216323973237977,0.7016343790607138
2024-08-09 10:00:00,London,0,0.7439729293955518,0.686427428358014
2024-08-09 12:00:00,London,1,0.8314946877908618,0.7035350083006318
2024-08-09 13:00:00,London,1,0.7419228456977185,0.6860203143903427
2024-08-09 14:00:00,London,1,0.6421889885823053,0.665877331289034
2024-08-09 16:00:00,London,0,0.6693206664118058,0.6714212147432579
2024-08-09 20:00:00,NY,1,0.947496609084954,0.7253533895200526
2024-08-12 06:00:00,Other,1,0.39812737799890746,0.6140826330622189
2024-08-12 07:00:00,London,1,0.42715243011072995,0.6204067918688261
2024-08-12 09:00:00,London,1,0.43150519098565465,0.6213517402076182
2024-08-12 10:00:00,London,0,0.4995508376663948,0.6360003445627608
2024-08-12 11:00:00,London,1,0.45568006896696356,0.6265829858389786
2024-08-12 13:00:00,London,1,0.6469275050683008,0.6668489276919839
2024-08-12 16:00:00,London,1,0.5790684962247687,0.6528029973238487
2024-08-12 17:00:00,NY,1,0.539033411428007,0.6443877827144626
2024-08-12 18:00:00,NY,1,0.5223742684272182,0.6408592730374231
2024-08-12 20:00:00,NY,1,0.47670748652307315,0.6311092405167167
2024-08-12 22:00:00,Other,1,0.5637498552045792,0.6495940070093256
2024-08-12 23:00:00,Other,0,0.49328975721470625,0.6346624979303477
2024-08-13 08:00:00,London,1,0.5497909769535061,0.6466580210565557
2024-08-13 09:00:00,London,1,0.5905234734566044,0.6551935951588891
2024-08-13 12:00:00,London,1,0.614754339077631,0.6602245569055193
2024-08-13 17:00:00,NY,1,0.6625540380650252,0.6700429613325434
2024-08-13 18:00:00,NY,1,0.5925314732242571,0.6556118514049951
2024-08-14 01:00:00,Other,0,0.41109199126191714,0.6169123452535166
2024-08-14 14:00:00,London,1,0.7972481777659863,0.696905233860586
2024-08-14 15:00:00,London,1,0.7371591479352746,0.6850732143820701
2024-08-18 23:00:00,Other,0,0.6577229561438447,0.6690571549474821
2024-08-19 00:00:00,Other,1,0.7273702703344028,0.6831221953320796
2024-08-19 01:00:00,Other,1,0.8098358455283081,0.6993518152780994
2024-08-19 02:00:00,Other,1,0.6772170353287229,0.6730258524584841
2024-08-19 03:00:00,Other,0,0.6805291351643571,0.673697710469971
2024-08-19 05:00:00,Other,1,0.38724435745310853,0.6117012829609032
2024-08-19 08:00:00,London,0,0.5330475123977605,0.6431217139126215
2024-08-19 09:00:00,London,1,0.39962402329269936,0.6144096952257634
2024-08-19 17:00:00,NY,1,0.4428115751193738,0.6238019474282406
2024-08-19 18:00:00,NY,1,0.5223742684272182,0.6408592730374231
2024-08-19 19:00:00,NY,0,0.4558970891270676,0.6266298154455856
2024-08-19 22:00:00,Other,1,0.569209127108619,0.6507392010843147
2024-08-20 00:00:00,Other,0,0.62809962370274,0.6629801124035699
2024-08-20 05:00:00,Other,1,0.7210362856879307,0.681856324040923
2024-08-20 07:00:00,London,1,0.4048299681051618,0.6155465451245441
2024-08-20 08:00:00,London,1,0.548092547519092,0.6463000269806807
2024-08-20 11:00:00,London,1,0.578432253722707,0.652669989113992
2024-08-20 14:00:00,London,0,0.6686727858439193,0.6712893791308067
2024-08-20 16:00:00,London,1,0.7141356740991318,0.6804741461202488
2024-08-20 19:00:00,NY,1,0.5321671725864049,0.6429353452797321
2024-08-20 20:00:00,NY,1,0.7736399866176793,0.6922865066672924
2024-08-20 23:00:00,Other,1,0.7207440324670136,0.6817978510250601
2024-08-21 00:00:00,Other,1,0.7532155020612614,0.688259287488348
2024-08-21 01:00:00,Other,1,0.7947112771977635,0.6964107930937262
2024-08-21 02:00:00,Other,0,0.6683888095672854,0.6712315849930541
2024-08-21 05:00:00,Other,1,0.8421350081068576,0.7055776985623956
2024-08-21 06:00:00,Other,0,0.5915747462445945,0.6554126000166204
2024-08-21 10:00:00,London,1,0.6816445736959151,0.6739238163905613
2024-08-26 17:00:00,NY,1,0.6133067048922461,0.6599249898334196
2024-08-26 19:00:00,NY,0,0.33925553179719253,0.6011383301911629
2024-08-26 20:00:00,NY,0,0.3868765539966358,0.6116207086983025
2024-08-26 22:00:00,Other,0,0.5147749615419882,0.6392445902024886
2024-08-27 01:00:00,Other,0,0.5631174979727208,0.6494612453603502
2024-08-27 02:00:00,Other,0,0.4370824157728978,0.6225611637247002
2024-08-27 03:00:00,Other,1,0.4680634754130976,0.6292513152785648
2024-08-27 05:00:00,Other,1,0.5798229066628211,0.6529606779525238
2024-08-27 06:00:00,Other,0,0.8577912253301427,0.708568353801083
2024-08-27 10:00:00,London,1,0.5350190547477908,0.6435389338156278
2024-08-28 05:00:00,Other,1,0.502782884174709,0.6366901368177471
2024-08-28 09:00:00,London,0,0.5946985457226024,0.6560629712942145
2024-08-28 11:00:00,London,1,0.6318671780118639,0.6637560521072042
2024-09-02 11:00:00,London,1,0.4786481902953817,0.6315258395729282
2024-09-02 14:00:00,London,0,0.7112774898761831,0.6799007259152848
2024-09-02 17:00:00,NY,0,0.7095500474810666,0.6795538957181517
2024-09-04 19:00:00,NY,1,0.4012522621751845,0.6147653972460649
2024-09-04 20:00:00,NY,0,0.5446757308214758,0.645579335275745
2024-09-04 22:00:00,Other,1,0.7828870892122085,0.6941002781973797
2024-09-04 23:00:00,Other,1,0.7114279700565181,0.6799309294233348
2024-09-05 01:00:00,Other,1,0.45556513228165685,0.6265581833120548
2024-09-05 02:00:00,Other,0,0.6731835068231917,0.6722066935591663
2024-09-05 03:00:00,Other,0,0.4809179279969622,0.632012821512191
2024-09-05 04:00:00,Other,1,0.5399518684420049,0.6445818661185744
2024-09-05 06:00:00,Other,1,0.8076883777303977,0.6989352231592321
2024-09-05 07:00:00,London,1,0.5904595876031993,0.655180284107078
2024-09-05 08:00:00,London,1,0.519599926377752,0.6402701549091893
2024-09-05 13:00:00,London,0,0.6881026108499434,0.6752313059266015
2024-09-05 15:00:00,London,1,0.6627786734690359,0.6700887630417588
2024-09-05 16:00:00,London,1,0.9277971747714454,0.7217192118764367
2024-09-05 18:00:00,NY,1,0.5742012904546693,0.6517848894167214
2024-09-05 23:00:00,Other,0,0.6216370298782661,0.6616470747404648
2024-09-06 00:00:00,Other,1,0.7059640025125019,0.6788332680206762
2024-09-06 03:00:00,Other,1,0.6587985673153229,0.6692767676170586
2024-09-06 04:00:00,Other,1,0.8168658807107045,0.7007132851502318
2024-09-06 13:00:00,London,0,0.8000340504847407,0.6974476745620906
2024-09-10 00:00:00,Other,0,0.4822489674969408,0.6322982766244772
2024-09-10 03:00:00,Other,1,0.5356107192974494,0.6436641000497559
2024-09-10 05:00:00,Other,1,0.5621395173113936,0.649255875454919
2024-09-10 06:00:00,Other,1,0.41358265778048214,0.6174550693790206
2024-09-10 07:00:00,London,0,0.373892554670013,0.608772438740098
2024-09-10 08:00:00,London,1,0.7740070190291829,0.6923586119838542
2024-09-10 11:00:00,London,1,0.7842353346166703,0.6943642296897429
2024-09-10 14:00:00,London,1,0.43081342605767203,0.6212016251113998
2024-09-10 20:00:00,NY,1,0.5282869253733979,0.6421133789365298
2024-09-10 22:00:00,Other,1,0.7073323802774191,0.6791083488664611
2024-09-10 23:00:00,Other,0,0.6117528260902413,0.6596032945874332
2024-09-11 00:00:00,Other,1,0.6795165751841736,0.6734923886496148
2024-09-11 01:00:00,Other,1,0.6748106791920593,0.6725372783791813
2024-09-11 02:00:00,Other,1,0.6004645173368426,0.6572619028683306
2024-09-11 05:00:00,Other,0,0.547743528681812,0.6462264406324381
2024-09-11 14:00:00,London,1,0.5795767870455553,0.6529092397531469
2024-09-11 15:00:00,London,1,0.9265538024968294,0.7214888440679865
2024-09-11 17:00:00,NY,0,0.5050747210087841,0.6371789266008744
2024-09-11 22:00:00,Other,0,0.7812924584942554,0.6937879263536255
2024-09-12 00:00:00,Other,1,0.6998776941892537,0.6776082530660787
2024-09-12 01:00:00,Other,0,0.6693409766976182,0.671425347196555
2024-09-12 02:00:00,Other,1,0.4230774748818184,0.6195213243995059
2024-09-12 03:00:00,Other,1,0.8505300050991514,0.7071835373896384
2024-09-12 08:00:00,London,1,0.3523620220608808,0.6040330462501209
2024-09-12 14:00:00,London,1,0.6086575501138405,0.6589620497262971
2024-09-12 23:00:00,Other,1,0.9049365653739242,0.7174650226443078
2024-09-13 01:00:00,Other,1,0.8907274661321855,0.7148010398025377
2024-09-13 02:00:00,Other,1,0.5292719350830534,0.6423221163672774
2024-09-13 03:00:00,Other,1,0.31497076673383245,0.5957561770201104
2024-09-13 07:00:00,London,1,0.5547849080919259,0.6477096854453809
2024-09-13 08:00:00,London,1,0.6080308344087387,0.6588321427965484
2024-09-13 09:00:00,London,0,0.7064357761182364,0.678928121277342
2024-09-13 11:00:00,London,1,0.7343846726834776,0.6845208932527935
2024-09-13 12:00:00,London,1,0.8197134951447861,0.7012637614087012
2024-09-13 14:00:00,London,1,0.711166105559427,0.6798783685305944
2024-09-13 15:00:00,London,1,0.7099753374472833,0.6796393024656753
2024-09-13 16:00:00,London,0,0.7404306140133805,0.6857238007702882
2024-09-15 22:00:00,Other,1,0.6064841373637705,0.6585114381791073
2024-09-16 00:00:00,Other,1,0.827138355073527,0.7026963334699334
2024-09-16 01:00:00,Other,1,0.33706767363795337,0.6006544218454773
2024-09-16 02:00:00,Other,1,0.2744496324079813,0.5867247061764498
2024-09-16 03:00:00,Other,0,0.43273572187144843,0.6216187116967589
2024-09-16 04:00:00,Other,1,0.409649865312291,0.6165979680714442
2024-09-16 05:00:00,Other,0,0.5034868866183956,0.6368403125140404
2024-09-18 14:00:00,London,1,0.34683097905526533,0.6028123292179826
2024-09-18 15:00:00,London,0,0.616476374386314,0.6605807404549273
2024-09-20 17:00:00,NY,1,0.6388804841024666,0.6651981117524023
2024-09-20 19:00:00,NY,1,0.7646536835676649,0.6905181805098135
2024-09-22 22:00:00,Other,1,0.7849887973225136,0.6945116825989761
2024-09-23 01:00:00,Other,1,0.383276249341139,0.6108316726825026
2024-09-23 02:00:00,Other,1,0.33871023038070974,0.6010177393941764
2024-09-23 03:00:00,Other,1,0.38108312705080594,0.610350747144474
2024-09-23 06:00:00,Other,0,0.3595954926484303,0.6056275376410676
2024-09-23 17:00:00,NY,0,0.32039728282317204,0.5969608877862281
2024-09-23 20:00:00,NY,0,0.7574852673072914,0.6891035663852544
2024-09-23 22:00:00,Other,0,0.46704952088175644,0.6290331259881805
2024-09-23 23:00:00,Other,0,0.6382600931210871,0.6650706722236212
2024-09-24 00:00:00,Other,1,0.6869008318987344,0.6749882006592982
2024-09-24 04:00:00,Other,0,0.5121018880945432,0.6386758702955087
2024-09-24 22:00:00,Other,0,0.6448134243464108,0.6664156262435157
2024-09-24 23:00:00,Other,1,0.6320172622803013,0.6637869441787968
2024-09-25 01:00:00,Other,0,0.6229078660053929,0.6619094134006172
2024-09-25 09:00:00,London,1,0.6724793220003151,0.6720635746993949
2024-09-25 10:00:00,London,1,0.7251699731915929,0.6826827634603041
2024-09-25 11:00:00,London,1,0.95011500338629,0.7258342080327012
2024-09-27 14:00:00,London,1,0.7870691116141666,0.6949185938241613
2024-09-27 15:00:00,London,1,0.5399900721695549,0.6445899380957838
2024-10-01 17:00:00,NY,0,0.7236840272502012,0.6823858136719597
2024-10-01 23:00:00,Other,0,0.7185845023223529,0.6813656021451262
2024-10-02 05:00:00,Other,1,0.48033498219663895,0.6318877736409592
2024-10-02 09:00:00,London,1,0.6161443016873023,0.6605120690944775
2024-10-02 10:00:00,London,1,0.7584046342829278,0.6892851924677224
2024-10-02 11:00:00,London,1,0.7166804301406687,0.680984226254683
2024-10-02 12:00:00,London,1,0.8231774648379114,0.7019326019670813
2024-10-02 13:00:00,London,0,0.6179346424116288,0.6608822247043169
2024-10-04 08:00:00,London,1,0.5836498560772718,0.6537600377821092
2024-10-04 10:00:00,London,0,0.736112062470355,0.6848648300579582
2024-10-04 19:00:00,NY,0,0.9044723466529765,0.7173782276319955
2024-10-06 22:00:00,Other,1,0.7416517214248183,0.6859664519705394
2024-10-06 23:00:00,Other,0,0.8924689922785494,0.7151283593528531
2024-10-07 02:00:00,Other,1,0.7406720074101587,0.6857717770842472
2024-10-07 03:00:00,Other,1,0.6841311946937803,0.6744275777287287
2024-10-07 04:00:00,Other,0,0.4893978279953815,0.6338298330181074
2024-10-07 06:00:00,Other,1,0.4562771829418017,0.6267118281142705
2024-10-07 10:00:00,London,0,0.6656851503031734,0.6706810836178871
2024-10-08 14:00:00,London,0,0.6793700024928355,0.6734626618617859
2024-10-11 08:00:00,London,1,0.7091881001505622,0.6794811999646582
2024-10-11 09:00:00,London,1,0.6767182041103905,0.6729246031450514
2024-10-11 10:00:00,London,1,0.7089210219045552,0.67942755272247
2024-10-11 11:00:00,London,1,0.827002545284876,0.7026701655750713
2024-10-11 14:00:00,London,1,0.6391017330267579,0.6652435544566573
2024-10-11 15:00:00,London,1,0.6964027082544896,0.6769077318503997
2024-10-11 17:00:00,NY,0,0.7005905440706263,0.6777518577795364
2024-10-11 18:00:00,NY,0,0.6262638716658281,0.6626017146638079
2024-10-11 20:00:00,NY,0,0.5136551184531671,0.6390063811592104
2024-10-13 22:00:00,Other,0,0.7535663132482863,0.6883287021669294
2024-10-13 23:00:00,Other,0,0.6694788476934724,0.6714533985596775
2024-10-14 01:00:00,Other,1,0.34647969499631104,0.6027347564078464
2024-10-14 03:00:00,Other,1,0.27964987626007265,0.5878871576449574
2024-10-14 04:00:00,Other,1,0.4833389933335341,0.6325319748400919
2024-10-14 13:00:00,London,1,0.7348347751474463,0.6846105316670087
2024-10-14 14:00:00,London,1,0.7014671414322408,0.6779284036660628
2024-10-14 17:00:00,NY,1,0.5218745966062381,0.6407532014405135
2024-10-14 18:00:00,NY,1,0.5246916697040251,0.6413510366773132
2024-10-15 01:00:00,Other,0,0.7826991251601338,0.6940634695849531
2024-10-15 04:00:00,Other,1,0.3940306152149491,0.613186840581264
2024-10-15 18:00:00,NY,0,0.41928706426448353,0.6186969725280776
2024-10-15 22:00:00,Other,0,0.6067673580223627,0.6585701742868281
2024-10-15 23:00:00,Other,0,0.7047031046212708,0.6785796835809016
2024-10-16 00:00:00,Other,1,0.48839128868295617,0.6336143569522664
2024-10-16 04:00:00,Other,1,0.6255202401102583,0.6624483729232453
2024-10-16 06:00:00,Other,0,0.4974282281302206,0.6355470268685477
2024-10-16 07:00:00,London,1,0.45010752134256377,0.6253797052978883
2024-10-16 09:00:00,London,0,0.4430606084531165,0.6238558447438711
2024-10-16 10:00:00,London,1,0.5981208714244906,0.6567748242635268
2024-10-16 12:00:00,London,0,0.5742697588303347,0.6517992210767573
2024-10-16 14:00:00,London,1,0.6576444089472403,0.6690411147039363
2024-10-16 23:00:00,Other,1,0.61034751497089,0.6593122301358308
2024-10-17 01:00:00,Other,1,0.7848263272040552,0.6944798905110481
2024-10-17 02:00:00,Other,1,0.6857914137832487,0.6747636951390162
2024-10-17 05:00:00,Other,0,0.8294726567903674,0.7031459000657315
2024-10-17 07:00:00,London,0,0.8840557518843466,0.7135450031895169
2024-10-17 12:00:00,London,1,0.5787997504080316,0.6527468181949769
2024-10-17 14:00:00,London,0,0.5913271756226122,0.6553610311684724
2024-10-17 17:00:00,NY,1,0.23719432242963534,0.5783691774906243
2024-10-17 22:00:00,Other,1,0.7451637604385043,0.6866637767343755
2024-10-17 23:00:00,Other,1,0.6544953082929967,0.6683977087237688
2024-10-18 02:00:00,Other,1,0.7644737187967603,0.6904827097718775
2024-10-18 03:00:00,Other,1,0.513204646753295,0.6389105391206596
2024-10-18 06:00:00,Other,0,0.819841187815722,0.7012884322362084
2024-10-18 08:00:00,London,1,0.7494115873370777,0.6875060679206295
2024-10-18 09:00:00,London,1,0.7014064935297877,0.6779161908702027
2024-10-18 11:00:00,London,1,0.8010111595592392,0.69763779841626
2024-10-18 14:00:00,London,1,0.7870691116141666,0.6949185938241613
2024-10-18 16:00:00,London,1,0.6184258261391647,0.6609837433166856
2024-10-18 19:00:00,NY,1,0.5451224434724926,0.6456735957432612
2024-10-21 02:00:00,Other,1,0.3428045859436616,0.6019228861920891
2024-10-21 03:00:00,Other,0,0.3533928840024868,0.6042604176819801
2024-10-21 04:00:00,Other,0,0.4261273750740822,0.6201841277176585
2024-10-21 06:00:00,Other,1,0.3229038044351683,0.5975169530062834
2024-10-21 09:00:00,London,0,0.4117572920549998,0.6170573449945352
2024-10-21 10:00:00,London,1,0.39959394203959586,0.6144031225803616
2024-10-21 12:00:00,London,0,0.5667910992253883,0.6502321838884779
2024-10-21 14:00:00,London,0,0.47233661086344225,0.6301702558353285
2024-10-21 19:00:00,NY,1,0.2410520978796589,0.5792365619478983
2024-10-21 20:00:00,NY,1,0.4842037215630644,0.6327173256496731
2024-10-22 02:00:00,Other,1,0.4771815940690881,0.6312110323683033
2024-10-22 05:00:00,Other,1,0.5565536367875145,0.6480818168511581
2024-10-22 06:00:00,Other,1,0.47057334852624005,0.6297911789964443
2024-10-22 11:00:00,London,1,0.6765074186769134,0.6728818145317244
2024-10-22 12:00:00,London,1,0.5807205219873979,0.6531482463606324
2024-10-22 18:00:00,NY,1,0.5109432761989122,0.6384292444939232
2024-10-22 20:00:00,NY,0,0.5154667932539664,0.6393917199586291
2024-10-22 23:00:00,Other,0,0.5335094107490385,0.6432194808385178
2024-10-23 00:00:00,Other,1,0.7032746286006133,0.6782922695331032
2024-10-23 03:00:00,Other,1,0.37627755381826233,0.609296192696356
2024-10-23 04:00:00,Other,1,0.44415146286609747,0.6240918979721162
2024-10-23 05:00:00,Other,1,0.5055733090349409,0.6372852250883456
2024-10-23 06:00:00,Other,1,0.4290586468760554,0.6208207285965867
2024-10-23 09:00:00,London,1,0.8977681908369312,0.7161229512239972
2024-10-23 10:00:00,London,1,0.6133615520093451,0.6599363419886267
2024-10-23 11:00:00,London,0,0.8438661171114765,0.7059092539485925
2024-10-23 14:00:00,London,0,0.3218541790405079,0.5972841268044292
2024-10-27 23:00:00,Other,0,0.6356909941742129,0.664542676711021
2024-10-28 00:00:00,Other,0,0.42597102617258253,0.620150160900665
2024-10-28 01:00:00,Other,1,0.42828759956294415,0.6206533161064414
2024-10-28 02:00:00,Other,0,0.5588846509411531,0.6485719756301991
2024-10-28 03:00:00,Other,1,0.4648260243622835,0.6285544753804011
2024-10-28 15:00:00,London,1,0.5966504776953279,0.6564690645345357
2024-10-28 19:00:00,NY,1,0.29114461550128806,0.5904531742689941
2024-10-28 23:00:00,Other,1,0.4714403773841589,0.6299775981487667
2024-10-29 00:00:00,Other,1,0.48116267932169804,0.6320653178996513
2024-10-29 01:00:00,Other,1,0.5634944836071544,0.6495403952373054
2024-10-29 03:00:00,Other,1,0.8067852550909733,0.6987599262406833
2024-10-29 05:00:00,Other,1,0.8419787820061742,0.7055477662175772
2024-10-29 09:00:00,London,1,0.8082665902977834,0.6990474242441914
2024-10-29 12:00:00,London,1,0.8045169336550919,0.6983193870709511
2024-10-29 14:00:00,London,0,0.48728477431233763,0.6333774169250347
2024-10-29 16:00:00,London,1,0.3322144544860516,0.5995802910298307
2024-10-29 18:00:00,NY,1,0.46440383026327403,0.6284635613982862
2024-10-29 19:00:00,NY,1,0.19472498466123353,0.5687894935581422
2024-10-29 22:00:00,Other,1,0.6791498352920702,0.6734180065607306
2024-10-30 00:00:00,Other,1,0.42898366382458775,0.6208044492762096
2024-10-30 01:00:00,Other,0,0.3736663930217033,0.6087227598400267
2024-10-30 02:00:00,Other,0,0.39063704245997155,0.6124442259740084
2024-10-30 03:00:00,Other,1,0.4395149042057051,0.6230881733542253
2024-10-30 04:00:00,Other,1,0.5906595294482582,0.6552219425382935
2024-10-30 05:00:00,Other,1,0.5061006959843174,0.6373976488731911
2024-10-30 07:00:00,London,1,0.7223241566715782,0.6821139285204655
2024-10-30 08:00:00,London,1,0.6867896470169242,0.6749657045416309
2024-10-30 09:00:00,London,0,0.6171716881240809,0.6607245067893011
2024-10-30 12:00:00,London,1,0.691869864416706,0.6759927632158099
2024-10-30 15:00:00,London,1,0.27056065166436716,0.5858547387508266
2024-10-30 17:00:00,NY,0,0.32925202208869275,0.5989241640720827
2024-10-30 19:00:00,NY,0,0.4515448069626549,0.6256902074843591
2024-10-30 20:00:00,NY,1,0.4404842674982811,0.6232981092778926
2024-10-31 02:00:00,Other,1,0.4590631514255798,0.6273127325949787
2024-10-31 03:00:00,Other,0,0.6349326671940981,0.664386748261995
2024-10-31 04:00:00,Other,1,0.7018351708358268,0.6780025093085248
2024-10-31 05:00:00,Other,0,0.33115673059666895,0.5993460645466805
2024-10-31 06:00:00,Other,1,0.8443363404986197,0.7059992771405889
2024-10-31 08:00:00,London,1,0.5428218090959191,0.6451880200067855
2024-10-31 10:00:00,London,1,0.47487902388332986,0.63071655664086
2024-10-31 12:00:00,London,0,0.6593125714625184,0.6693816882626548
2024-10-31 13:00:00,London,1,0.625703263784887,0.6624861167855314
2024-10-31 14:00:00,London,1,0.6861581914095705,0.6748379263624781
2024-11-01 14:00:00,London,0,0.7232104421753016,0.6822911417455797
2024-11-01 16:00:00,London,0,0.555340478274609,0.6478265938895152
2024-11-01 17:00:00,NY,1,0.3791033993495677,0.6099164320592229
2024-11-01 18:00:00,NY,0,0.4327093735916143,0.6216129960416396
2024-11-01 20:00:00,NY,1,0.3728246404447139,0.6085378398114809
2024-11-03 23:00:00,Other,1,0.5344560949489031,0.6434198218467798
2024-11-04 02:00:00,Other,1,0.3949333575444429,0.6133842990016307
2024-11-04 04:00:00,Other,1,0.41530319922118003,0.6178298099006969
2024-11-04 05:00:00,Other,1,0.41689371662765096,0.6181761060735493
2024-11-04 07:00:00,London,1,0.4699709249420211,0.6296616296149429
2024-11-05 20:00:00,NY,1,0.8865709746448875,0.7140189151670481
2024-11-06 02:00:00,Other,1,0.8381724304609225,0.7048179358209731
2024-11-06 03:00:00,Other,0,0.8464720134607466,0.7064079443749217
2024-11-06 09:00:00,London,1,0.818131232201605,0.7009579637257475
2024-11-06 10:00:00,London,1,0.7085951935711804,0.6793620980969146
2024-11-06 11:00:00,London,0,0.7210261502608474,0.6818542962755902
2024-11-13 15:00:00,London,0,0.5281265156803056,0.6420793807576346
2024-11-13 18:00:00,NY,0,0.6733345324994755,0.6722373839217799
2024-11-13 21:00:00,NY,1,0.8531363724666751,0.707681051671192
2024-11-14 00:00:00,Other,0,0.728070680916466,0.6832620092046638
2024-11-14 02:00:00,Other,0,0.46166463388596896,0.6278734905562351
2024-11-14 06:00:00,Other,1,0.3554579654380206,0.6047157654307419
2024-11-14 07:00:00,London,1,0.23520275648519426,0.5779212029682796
2024-11-18 05:00:00,Other,1,0.6832623873392089,0.6742516129148856
2024-11-18 06:00:00,Other,1,0.45835763872548074,0.6271605979268604
2024-11-18 07:00:00,London,1,0.25635180251526263,0.5826716925002713
2024-11-18 08:00:00,London,1,0.4871413079718496,0.6333466914782798
2024-11-18 09:00:00,London,1,0.6598687794405234,0.6694952047481461
2024-11-18 10:00:00,London,1,0.6765771024779808,0.6728959603873395
2024-11-18 11:00:00,London,1,0.6639970822617821,0.6703371324817323
2024-11-18 13:00:00,London,1,0.7244600879605082,0.6825409193173724
2024-11-18 14:00:00,London,1,0.6387570504834962,0.6651727581736511
2024-11-18 15:00:00,London,0,0.2960980759732429,0.591557446829991
2024-11-18 23:00:00,Other,1,0.5851318048131117,0.6540693493416118
2024-11-19 01:00:00,Other,1,0.4446419569522898,0.6241980182442219
2024-11-19 02:00:00,Other,1,0.5942810752442119,0.6559760882445144
2024-11-19 03:00:00,Other,0,0.5030854310057026,0.6367546784710981
2024-11-19 04:00:00,Other,0,0.5578487896469405,0.6483541963668985
2024-11-19 05:00:00,Other,1,0.4321350430999878,0.6214883998200199
2024-11-19 07:00:00,London,1,0.6362651960672459,0.6646607211837442
2024-11-19 10:00:00,London,0,0.4992603546326169,0.6359383214367954
2024-11-19 11:00:00,London,1,0.7164235156443175,0.6809327490238412
2024-11-19 12:00:00,London,0,0.5288604368460565,0.6422349206550462
2024-11-19 17:00:00,NY,1,0.5503936521381919,0.6467850131077322
2024-11-19 23:00:00,Other,1,0.9229237477505295,0.7208156103209461
2024-11-20 00:00:00,Other,1,0.535971527862749,0.6437404192259394
2024-11-20 01:00:00,Other,0,0.43999121762756294,0.6231913347804536
2024-11-20 05:00:00,Other,0,0.6692051308273312,0.6713977066712806
2024-11-20 06:00:00,Other,0,0.6589768648918315,0.6693131643614456
2024-11-20 07:00:00,London,1,0.777542564074098,0.6930527059489656
2024-11-21 00:00:00,Other,0,0.5228751618388389,0.6409655901362631
2024-11-21 03:00:00,Other,1,0.43825111670913386,0.6228144043201944
2024-11-21 04:00:00,Other,1,0.49339875161021784,0.6346858053456216
2024-11-21 07:00:00,London,1,0.3961408158840106,0.6136483502071368
2024-11-21 08:00:00,London,1,0.5917193397084546,0.6554427170766381
2024-11-21 12:00:00,London,1,0.6912044984331339,0.6758583434986312
2024-11-21 13:00:00,London,1,0.7952934620342121,0.6965243008755181
2024-11-21 14:00:00,London,1,0.7789370712152339,0.6933262338754569
2024-11-21 16:00:00,London,1,0.8507135724271284,0.7072185937253123
2024-11-21 18:00:00,NY,0,0.637005237883173,0.6648128286784061
2024-11-21 20:00:00,NY,1,0.629733203991021,0.6633166615866077
2024-11-22 01:00:00,Other,1,0.4573229792297462,0.626937441489779
2024-11-22 02:00:00,Other,1,0.49920674349862154,0.6359268740433306
2024-11-22 03:00:00,Other,1,0.6719495202780905,0.6719558764554914
2024-11-22 04:00:00,Other,1,0.5270768650234045,0.6418568763277241
2024-11-22 07:00:00,London,1,0.4632503955580328,0.6282151379547267
2024-11-22 10:00:00,London,0,0.6680214972440314,0.6711568228237794
2024-11-22 17:00:00,NY,1,0.6806333378662675,0.6737188363912516
2024-11-22 18:00:00,NY,0,0.640642403959137,0.665559910557656
2024-11-22 19:00:00,NY,1,0.5499134414628353,0.6466838277101928
2024-11-25 00:00:00,Other,0,0.5456215262656232,0.6457788934100535
2024-11-25 04:00:00,Other,0,0.6569267426795901,0.66889454078532
2024-11-26 19:00:00,NY,1,0.44067150484850864,0.6233386541171163
2024-11-26 23:00:00,Other,1,0.77441465063664,0.6924386822064907
2024-11-27 03:00:00,Other,1,0.5824354038093902,0.6535064609911158
2024-11-27 04:00:00,Other,1,0.49140498060502225,0.6342593566487128
2024-11-27 05:00:00,Other,1,0.463185764814013,0.628201215965001
2024-11-27 06:00:00,Other,0,0.6310891646337898,0.6635958899963084
2024-11-27 07:00:00,London,1,0.5002784019978901,0.636155672226654
2024-11-27 10:00:00,London,0,0.7488989463017007,0.687404483122788
2024-11-28 00:00:00,Other,0,0.6469358996331139,0.6668506476784622
2024-11-28 01:00:00,Other,1,0.3812180981925327,0.6103803509142637
2024-11-28 02:00:00,Other,1,0.7622158959286881,0.6900375063812185
2024-11-28 03:00:00,Other,1,0.5260343977690154,0.6416358341379199
2024-11-28 07:00:00,London,1,0.7492091630766295,0.6874659577396225
2024-11-28 14:00:00,London,1,0.6680489305303431,0.6711624068511064
2024-11-28 16:00:00,London,0,0.5042503021934591,0.6370031318850353
2024-11-28 23:00:00,Other,1,0.43535907825329173,0.6221876193474098
2024-11-29 03:00:00,Other,1,0.7890895952363185,0.6953135108885748
2024-11-29 04:00:00,Other,1,0.7191782028217079,0.6814844676595481
2024-11-29 07:00:00,London,1,0.7743098709274455,0.6924181016538001
2024-11-29 08:00:00,London,1,0.6514862882919371,0.667782334912363
2024-11-29 10:00:00,London,0,0.6942887975082572,0.6764812003631571
2024-11-29 13:00:00,London,1,0.45246460197227767,0.6258888599689142
2024-11-29 15:00:00,London,0,0.7676466048937839,0.691107750935345
2024-12-02 02:00:00,Other,1,0.6787941748861087,0.6733458632753665
2024-12-03 15:00:00,London,1,0.5826226988215943,0.6535455737504925
2024-12-03 20:00:00,NY,1,0.4599085105992715,0.627494990147891
2024-12-04 04:00:00,Other,0,0.5339562821090719,0.6433140557488913
2024-12-04 09:00:00,London,1,0.6943241127183676,0.6764883284550044
2024-12-04 10:00:00,London,1,0.8777631137319669,0.7123573036033766
2024-12-04 18:00:00,NY,1,0.613530545547986,0.6599713188048573
2024-12-04 21:00:00,NY,1,0.5880972733963001,0.6546879091115922
2024-12-04 23:00:00,Other,0,0.6000323999569744,0.6571721210238083
2024-12-05 00:00:00,Other,1,0.685884776726461,0.6747825914687737
2024-12-05 01:00:00,Other,1,0.8045251557976618,0.6983209845846299
2024-12-05 02:00:00,Other,1,0.6637941393373561,0.6702957696938306
2024-12-05 03:00:00,Other,1,0.5092943529959338,0.6380781236713731
2024-12-05 08:00:00,London,1,0.7299834922731593,0.6836436702283019
2024-12-05 14:00:00,London,1,0.6132508738345767,0.6599134338353637
2024-12-05 16:00:00,London,0,0.5685634291423606,0.6506038430808323
2024-12-09 02:00:00,Other,1,0.7054166592278015,0.6787232024733432
2024-12-09 07:00:00,London,0,0.7255401767992607,0.6827567214147525
2024-12-09 08:00:00,London,1,0.6334302641361372,0.6640777157869868
2024-12-09 10:00:00,London,0,0.5744424560100879,0.6518353684758705
2024-12-09 12:00:00,London,1,0.6329509109250301,0.6639790870222041
2024-12-09 14:00:00,London,0,0.617461532785802,0.6607844276834356
2024-12-09 16:00:00,London,0,0.3890584119541878,0.6120985963099069
2024-12-09 20:00:00,NY,1,0.30751201244874865,0.5940984178676147
2024-12-10 00:00:00,Other,1,0.8994743998453031,0.7164427384240429
2024-12-10 01:00:00,Other,1,0.7093244022280856,0.6795085767445393
2024-12-10 02:00:00,Other,1,0.746094930335534,0.686848521764281
2024-12-10 04:00:00,Other,1,0.42585374745092236,0.6201246813122037
2024-12-10 05:00:00,Other,1,0.5576836847600128,0.6483194790432699
2024-12-10 06:00:00,Other,0,0.4772112809859672,0.63121740582108
2024-12-10 07:00:00,London,0,0.5289967585359409,0.6422638080109833
2024-12-10 08:00:00,London,1,0.5389888517571556,0.644378365396013
2024-12-10 09:00:00,London,1,0.518103314799878,0.6399521809252852
2024-12-10 10:00:00,London,0,0.6547522646104807,0.6684502321654371
2024-12-10 11:00:00,London,1,0.6336669282404722,0.6641264050603777
2024-12-10 14:00:00,London,1,0.6335964792260826,0.6641119118399467
2024-12-10 18:00:00,NY,1,0.3908586188959607,0.6124927294744728
2024-12-10 23:00:00,Other,1,0.6195428149043272,0.6612145491527848
2024-12-11 00:00:00,Other,1,0.525531101089674,0.6415290947933111
2024-12-11 01:00:00,Other,0,0.6799286063756426,0.6735759462951326
2024-12-11 05:00:00,Other,1,0.8075191218026412,0.6989023748527905
2024-12-11 14:00:00,London,1,0.6887178177288981,0.6753557182661404
2024-12-11 15:00:00,London,1,0.7164690187264486,0.6809418666693631
2024-12-11 16:00:00,London,1,0.7154649759010883,0.6807406501785858
2024-12-11 17:00:00,NY,1,0.6352024953185704,0.664442234878529
2024-12-11 19:00:00,NY,1,0.5319622010062474,0.6428919464237673
2024-12-11 20:00:00,NY,1,0.299718137937076,0.5923638820902264
2024-12-11 21:00:00,NY,1,0.7484160446751362,0.6873087750105236
2024-12-11 23:00:00,Other,1,0.5357388675969141,0.6436912071507251
2024-12-12 00:00:00,Other,0,0.5442139352557253,0.6454818802881329
2024-12-12 07:00:00,London,1,0.5680402072425277,0.6504941419888166
2024-12-12 09:00:00,London,0,0.6895371263526899,0.6755213673496754
2024-12-12 11:00:00,London,0,0.7487202072600315,0.68736906001335
2024-12-12 13:00:00,London,0,0.7180831646633699,0.6812652103225216
2024-12-16 13:00:00,London,1,0.44334325907840055,0.6239170140039212
2024-12-16 14:00:00,London,1,0.4248871553692867,0.6199146574973945
2024-12-16 15:00:00,London,1,0.25827976227945926,0.583104001736028
2024-12-16 16:00:00,London,1,0.4653785559974477,0.6286734420975021
2024-12-16 18:00:00,NY,0,0.4480944697758118,0.6249446447522979
2024-12-16 23:00:00,Other,1,0.40290610488583817,0.6151265671396982
2024-12-17 00:00:00,Other,1,0.7790561732314081,0.6933495890374938
2024-12-17 01:00:00,Other,0,0.6197983344143142,0.6612673369392927
2024-12-17 02:00:00,Other,0,0.3711000322602476,0.6081588727678865
2024-12-17 04:00:00,Other,1,0.6108193571338847,0.6594099702949239
2024-12-17 05:00:00,Other,0,0.8081586280663869,0.6990264761798949
2024-12-17 09:00:00,London,1,0.7313872440621294,0.6839236019271404
2024-12-17 11:00:00,London,1,0.9365333859104168,0.7233345217908502
2024-12-17 12:00:00,London,1,0.770337169894882,0.6916372300966612
2024-12-20 17:00:00,NY,1,0.6491329790061755,0.6673006606967724
2024-12-20 20:00:00,NY,1,0.7190569971159657,0.6814602028332479
2024-12-20 21:00:00,NY,1,0.7620635421899736,0.6900074521730638
2024-12-23 05:00:00,Other,1,0.44184084274731733,0.6235918263473463
2024-12-23 06:00:00,Other,0,0.46054434553258805,0.6276320508710649
2024-12-23 13:00:00,London,1,0.47978308087841826,0.6317693687869292
2024-12-23 14:00:00,London,0,0.5775541069392992,0.6524863710173816
2024-12-23 15:00:00,London,1,0.4624045534368539,0.6280329198349349
2024-12-26 18:00:00,NY,1,0.6993764191406062,0.6775072503439526
2024-12-26 19:00:00,NY,1,0.35864912313485914,0.6054190541430294
2024-12-26 20:00:00,NY,0,0.4402373706028514,0.623244642973764
2024-12-26 23:00:00,Other,1,0.6907864612375442,0.6757738752230529
2024-12-27 01:00:00,Other,1,0.7176160642224759,0.681171659286769
2024-12-27 06:00:00,Other,0,0.7034976879587405,0.6783371587073538
2024-12-27 09:00:00,London,1,0.6504237349082629,0.6675648953731633
2024-12-27 10:00:00,London,0,0.7084697259415312,0.6793368914189489
2024-12-27 13:00:00,London,1,0.6785973845456919,0.6733059421723063
2024-12-31 12:00:00,London,1,0.6744812442662456,0.6724703624724231
2024-12-31 13:00:00,London,1,0.6055634498812449,0.6583204665338322
2024-12-31 14:00:00,London,1,0.3830758554133844,0.6107877376226342
2024-12-31 15:00:00,London,1,0.6073433553858263,0.658689613285143
2025-01-02 01:00:00,Other,1,0.49471218204970774,0.6349666203066353
2025-01-02 03:00:00,Other,0,0.4971073805887134,0.6354784837190874
2025-01-02 04:00:00,Other,1,0.5345421861561,0.6434380383166658
2025-01-02 07:00:00,London,1,0.5005584067819417,0.6362154428694532
2025-01-02 09:00:00,London,1,0.7558636996607067,0.6887830746741136
2025-01-02 12:00:00,London,1,0.8711762059941963,0.7111109225610851
2025-01-02 13:00:00,London,1,0.8168804402630672,0.7007161011549458
2025-01-02 15:00:00,London,1,0.684532848339729,0.6745089104519526
2025-01-02 16:00:00,London,1,0.5871547107382985,0.6544913589314065
2025-01-03 02:00:00,Other,1,0.4937913110566984,0.6347697452207092
2025-01-03 04:00:00,Other,0,0.5093735991620819,0.638095001683798
2025-01-03 05:00:00,Other,1,0.7129429199655958,0.6802349173084833
2025-01-03 06:00:00,Other,0,0.571321221120925,0.6511817906316609
2025-01-03 07:00:00,London,1,0.5905656161155101,0.655202375735077
2025-01-03 09:00:00,London,0,0.7163389273057427,0.6809157993318061
2025-01-03 15:00:00,London,1,0.6832397234704306,0.6742470220064459
2025-01-03 16:00:00,London,1,0.6767549093427614,0.6729320538686758
2025-01-03 17:00:00,NY,0,0.6662600582968426,0.6707981818950112
2025-01-03 20:00:00,NY,1,0.649041377875363,0.6672819047409634
2025-01-06 04:00:00,Other,0,0.33013154748694246,0.5991190006893301
2025-01-06 05:00:00,Other,1,0.6955889644425122,0.6767435745817997
2025-01-06 06:00:00,Other,1,0.410179487150098,0.6167134346708598
2025-01-06 12:00:00,London,1,0.5025335304074791,0.6366369390230429
2025-01-06 13:00:00,London,1,0.6317293793412511,0.6637276875655429
2025-01-07 17:00:00,NY,0,0.501928994678667,0.636507951889364
2025-01-07 19:00:00,NY,1,0.527035272477275,0.6418480583008095
2025-01-07 20:00:00,NY,0,0.38170952363449195,0.6104881303817041
2025-01-07 21:00:00,NY,1,0.689482653368306,0.6755103552805891
2025-01-07 23:00:00,Other,1,0.6645803664842432,0.6704559998011008
2025-01-08 01:00:00,Other,1,0.5577128235536383,0.6483256062982782
2025-01-08 02:00:00,Other,0,0.5329822014657262,0.6431078890234805
2025-01-08 03:00:00,Other,1,0.6266486894093203,0.6626810532000069
2025-01-08 07:00:00,London,1,0.7218845616564584,0.6820260117004028
2025-01-08 08:00:00,London,1,0.6484015526515557,0.6671508813846251
2025-01-08 09:00:00,London,1,0.40411243689955445,0.6153899286703471
2025-01-08 13:00:00,London,1,0.7191410041255095,0.6814770207559108
2025-01-08 14:00:00,London,1,0.3904474766245341,0.612402727885125
2025-01-08 15:00:00,London,1,0.4656320689359831,0.6287280212669336
2025-01-08 17:00:00,NY,1,0.6728377707752226,0.6721364299982566
2025-01-08 19:00:00,NY,1,0.9000681914928681,0.7165539790930429
2025-01-08 23:00:00,Other,0,0.7025186681571511,0.6781401131623329
2025-01-09 00:00:00,Other,0,0.8235449733690615,0.7020035117771795
2025-01-09 02:00:00,Other,1,0.7821344733073593,0.6939528800838975
2025-01-09 03:00:00,Other,0,0.6365351589050868,0.6647162130528353
2025-01-09 04:00:00,Other,1,0.4934858799645285,0.6347044364619774
2025-01-09 06:00:00,Other,0,0.5280328211872519,0.6420595219314945
2025-01-09 09:00:00,London,1,0.6647084311289924,0.6704820951393395
2025-01-09 10:00:00,London,1,0.547209384510305,0.6461138094614001
2025-01-09 11:00:00,London,1,0.5905677428602586,0.655202818847269
2025-01-09 12:00:00,London,1,0.6318851225385532,0.6637597457299449
2025-01-09 14:00:00,London,0,0.47095754951348073,0.6298737905082297
2025-01-09 17:00:00,NY,1,0.630379183375571,0.6634497001837896
2025-01-09 18:00:00,NY,1,0.5711412510288651,0.6511440880259468
2025-01-10 03:00:00,Other,1,0.7751923304027891,0.6925914080776667
2025-01-10 06:00:00,Other,0,0.4877721388175378,0.6334817851687868
2025-01-10 07:00:00,London,1,0.7947939381914952,0.6964269108533409
2025-01-10 08:00:00,London,1,0.7106274833696528,0.6797702430575913
2025-01-10 11:00:00,London,1,0.5269368312788509,0.6418271874208055
2025-01-10 21:00:00,NY,1,0.8948653596063034,0.7155783865145303
2025-01-12 23:00:00,Other,1,0.6715818590364067,0.6718811275355311
2025-01-13 00:00:00,Other,0,0.6284735857795621,0.6630571704353687
2025-01-13 01:00:00,Other,1,0.7133299549207424,0.6803125547008427
2025-01-13 05:00:00,Other,1,0.594074739381632,0.6559331422187442
2025-01-13 06:00:00,Other,0,0.5070759075282891,0.6376054964407605
2025-01-13 09:00:00,London,0,0.4292930036039313,0.6208716072506802
2025-01-13 11:00:00,London,0,0.5384969471349165,0.644274397991434
2025-01-13 14:00:00,London,0,0.5531519780141403,0.6473659661159362
2025-01-13 16:00:00,London,1,0.6357299976150264,0.6645506956930288
2025-01-13 18:00:00,NY,1,0.5274507848100783,0.6419361466726003
2025-01-15 03:00:00,Other,0,0.46222900262368205,0.6279950967022446
2025-01-15 04:00:00,Other,1,0.37272734829232784,0.6085164642194494
2025-01-15 06:00:00,Other,1,0.5730130209623112,0.6515361195424529
2025-01-15 08:00:00,London,1,0.8408763232560674,0.7053364887927336
2025-01-15 09:00:00,London,1,0.6462530411597752,0.6667107203278331
2025-01-15 10:00:00,London,0,0.8557754270307666,0.7081842995501247
2025-01-15 11:00:00,London,1,0.8893794260513257,0.7145475207562944
2025-01-15 13:00:00,London,0,0.6281475163966821,0.6629899815798211
2025-01-15 15:00:00,London,1,0.6152666697333055,0.6603305456756299
2025-01-15 16:00:00,London,1,0.932567463537471,0.722601947731878
2025-01-15 17:00:00,NY,1,0.6569063378763127,0.6688903728927157
2025-01-15 18:00:00,NY,1,0.5716979871097453,0.651260714616336
2025-01-15 20:00:00,NY,1,0.6142493915106981,0.6601200798129091
2025-01-16 03:00:00,Other,0,0.5896488780765918,0.6550113461284784
2025-01-16 04:00:00,Other,0,0.6908451035011376,0.6757857251244176
2025-01-16 05:00:00,Other,0,0.4625457697197377,0.6280633443162097
2025-01-16 06:00:00,Other,1,0.2849987369004143,0.5890818085275172
2025-01-16 09:00:00,London,1,0.4710439744320476,0.6298923726853165
2025-01-16 10:00:00,London,1,0.5424614998415271,0.6451119454079445
2025-01-16 11:00:00,London,1,0.8780561586745622,0.7124126793086262
2025-01-16 14:00:00,London,1,0.6156710428222313,0.6604141893087722
2025-01-16 15:00:00,London,1,0.6069595758176051,0.6586100348684446
2025-01-16 18:00:00,NY,1,0.5707443759551339,0.6510609385016255
2025-01-16 19:00:00,NY,0,0.38318300087279755,0.6108112287886953
2025-01-16 23:00:00,Other,1,0.7171856259546616,0.6810854380338285
2025-01-17 00:00:00,Other,0,0.8121919597531487,0.6998085048632012
2025-01-17 01:00:00,Other,1,0.474429930757459,0.6306200821005543
2025-01-17 03:00:00,Other,0,0.5090890917608765,0.6380344051250215
2025-01-17 07:00:00,London,1,0.8423105935737872,0.7056113379740351
2025-01-17 09:00:00,London,1,0.6089348629393102,0.6590195240864393
2025-01-17 10:00:00,London,1,0.7396605074820382,0.6855707175708685
2025-01-17 11:00:00,London,1,0.9590910004609886,0.7274784983289683
2025-01-21 08:00:00,London,0,0.596473939070417,0.6564323456352171
2025-01-21 10:00:00,London,1,0.679379108599106,0.6734645087354435
2025-01-21 13:00:00,London,1,0.5178424623947162,0.6398967469647207
2025-01-21 16:00:00,London,1,0.5245020111013904,0.6413108013629678
2025-01-21 19:00:00,NY,0,0.4456651030370332,0.6244193414265052
2025-01-21 20:00:00,NY,1,0.4134442189567475,0.6174249107941561
2025-01-21 21:00:00,NY,0,0.703867179760716,0.6784115091651384
2025-01-21 23:00:00,Other,1,0.5464757083691844,0.6459590779765709
2025-01-22 00:00:00,Other,1,0.5855918694802298,0.6541653473140712
2025-01-22 03:00:00,Other,1,0.4000090555934274,0.6144938197102999
2025-01-22 04:00:00,Other,1,0.5202252743749216,0.6404029815171436
2025-01-22 05:00:00,Other,0,0.4653363195917302,0.6286643486410709
2025-01-22 06:00:00,Other,1,0.43571435616466836,0.6222646399834659
2025-01-22 07:00:00,London,1,0.534207028637026,0.6433671183216972
2025-01-22 09:00:00,London,1,0.7024782556240613,0.6781319780420271
2025-01-22 11:00:00,London,1,0.6741350724652803,0.6724000393596566
2025-01-22 12:00:00,London,1,0.5790486938154946,0.6527988579363304
2025-01-22 13:00:00,London,0,0.5716694347531681,0.6512547338315111
2025-01-22 14:00:00,London,1,0.47972831438138197,0.6317576183215763
2025-01-22 23:00:00,Other,0,0.5040967803754992,0.6369703916563534
2025-01-29 07:00:00,London,1,0.6355603804329456,0.6645158222546336
2025-01-29 09:00:00,London,0,0.4701442389311915,0.6296989021808622
2025-01-29 13:00:00,London,1,0.684859694914048,0.6745750873823874
2025-01-29 15:00:00,London,1,0.425003797548278,0.6199400042183051
2025-01-29 16:00:00,London,1,0.41653775887425903,0.6180986154146235
2025-01-29 18:00:00,NY,1,0.46926890833608564,0.6295106395036677
2025-01-29 20:00:00,NY,1,0.6363896716422318,0.6646863081682496
2025-01-29 21:00:00,NY,1,0.7024501482416369,0.6781263199084232
2025-01-30 00:00:00,Other,0,0.5955059973556222,0.6562309867456283
2025-01-30 02:00:00,Other,1,0.7111660047205894,0.6798783482895546
2025-01-30 06:00:00,Other,1,0.5282813649255458,0.6421122004462482
2025-01-30 07:00:00,London,1,0.46756365331880767,0.6291437669155866
2025-01-30 08:00:00,London,0,0.6418410400446231,0.6658059314822363
2025-01-30 09:00:00,London,1,0.5543209053417,0.6476120319416571
2025-01-30 13:00:00,London,1,0.6754403390758668,0.6726651574476971
2025-01-30 15:00:00,London,0,0.46193902016982163,0.6279326153764446
2025-01-30 17:00:00,NY,1,0.5832785997374892,0.653682528978083
2025-01-30 23:00:00,Other,0,0.6052420535406615,0.6582537894860336
2025-01-31 04:00:00,Other,1,0.6860184064979941,0.6748096366726476
2025-01-31 07:00:00,London,1,0.5487537943033723,0.646439423762772
2025-01-31 11:00:00,London,1,0.9018630778406129,0.7168900718934769
2025-01-31 12:00:00,London,1,0.7408137923799122,0.6857999546308017
2025-01-31 13:00:00,London,1,0.7381611501682461,0.6852725567946266
2025-01-31 14:00:00,London,1,0.6275619925718959,0.6628693138063972
2025-01-31 17:00:00,NY,0,0.6807277598865331,0.6737379787805879
2025-01-31 18:00:00,NY,1,0.5054189375512477,0.6372523146704389
2025-01-31 19:00:00,NY,0,0.7264821337984386,0.6829448605969092
2025-02-03 16:00:00,London,1,0.68947705798572,0.6755092241265056
2025-02-03 17:00:00,NY,0,0.6293520000212999,0.6632381409860341
2025-02-03 23:00:00,Other,1,0.6297028279633153,0.6633104050465013
2025-02-04 02:00:00,Other,1,0.7146697117404249,0.6805812264318097
2025-02-04 03:00:00,Other,0,0.8239588452696626,0.7020833556540828
2025-02-04 04:00:00,Other,0,0.7295226750625595,0.6835517464976639
2025-02-04 16:00:00,London,1,0.7042403073204547,0.6784865820490776
2025-02-04 17:00:00,NY,0,0.6118927150212949,0.659632261439881
2025-02-04 18:00:00,NY,1,0.5773133510235819,0.6524360216879335
2025-02-04 19:00:00,NY,0,0.4598824122408125,0.627489363941757
2025-02-04 23:00:00,Other,1,0.7109752638644262,0.6798400603087549
2025-02-05 00:00:00,Other,1,0.7481257969183427,0.6872512420181965
2025-02-05 03:00:00,Other,1,0.545109458265068,0.6456708559049935
2025-02-05 04:00:00,Other,1,0.5359845229715327,0.6437431678493221
2025-02-05 05:00:00,Other,1,0.5052847957167745,0.6372237159619288
2025-02-05 08:00:00,London,1,0.693057016194479,0.6762325239275401
2025-02-05 09:00:00,London,1,0.5290816252847234,0.6422817912448797
2025-02-05 10:00:00,London,1,0.7247071709202358,0.6825902934989638
2025-02-05 11:00:00,London,1,0.6088200708005306,0.6589957334540125
2025-02-05 14:00:00,London,0,0.9093074299713655,0.718281450672415
2025-02-05 19:00:00,NY,1,0.7760772865699224,0.6927651502757403
2025-02-05 20:00:00,NY,1,0.6866752569246504,0.6749425590689277
2025-02-05 21:00:00,NY,1,0.7046412654532668,0.6785672441368051
2025-02-06 00:00:00,Other,1,0.777430108765246,0.6930306422936041
2025-02-06 01:00:00,Other,1,0.8792611743190244,0.7126403201805825
2025-02-06 02:00:00,Other,1,0.659439483004031,0.6694075913765192
2025-02-06 04:00:00,Other,1,0.859466009122823,0.7088872108124156
2025-02-06 05:00:00,Other,1,0.7161302511856823,0.6808739830590247
2025-02-06 06:00:00,Other,1,0.506903122102972,0.6375686743013735
2025-02-06 07:00:00,London,1,0.5350570117862256,0.6435469641901461
2025-02-07 07:00:00,London,1,0.4329944808471583,0.6216748417276928
2025-02-07 09:00:00,London,0,0.5678981111927026,0.650464346730603
2025-02-07 10:00:00,London,0,0.7261039574206872,0.6828693337631282
2025-02-07 11:00:00,London,0,0.7326814999299363,0.6841815802109907
2025-02-07 12:00:00,London,1,0.8615623746269503,0.7092860415935235
2025-02-07 16:00:00,London,1,0.7984674509859656,0.697142707679371
2025-02-07 17:00:00,NY,1,0.7036048190126963,0.6783587169304091
2025-02-07 18:00:00,NY,1,0.561514589141212,0.6491246154309859
2025-02-07 19:00:00,NY,1,0.7535247972289336,0.6883204878725918
2025-02-10 00:00:00,Other,1,0.6096866739164718,0.6591753168534303
2025-02-10 03:00:00,Other,1,0.5851866127447692,0.6540807863280685
2025-02-10 05:00:00,Other,1,0.34801159462761094,0.6030730024693448
2025-02-10 06:00:00,Other,1,0.26196723481852197,0.583930492746683
2025-02-10 07:00:00,London,1,0.405514937492567,0.6156960319258244
2025-02-10 08:00:00,London,1,0.47199137892226034,0.6300960483971775
2025-02-10 09:00:00,London,1,0.34672886076597303,0.6027897793317304
2025-02-10 11:00:00,London,1,0.4681320101759862,0.6292660611299267
2025-02-10 13:00:00,London,1,0.5837979242194533,0.6537909483371853
2025-02-10 16:00:00,London,1,0.535409301241625,0.6436214923990117
2025-02-10 20:00:00,NY,1,0.8026871105635405,0.6979637437872763
2025-02-10 23:00:00,Other,1,0.6545468504589832,0.6684082445936486
2025-02-11 00:00:00,Other,1,0.6742815035505183,0.6724297870652469
2025-02-11 01:00:00,Other,0,0.7418022481939827,0.6859963567211168
2025-02-11 03:00:00,Other,1,0.8363344865880724,0.7044651520534677
2025-02-11 04:00:00,Other,1,0.773773989007908,0.6923128331818864
2025-02-11 05:00:00,Other,0,0.6937663334981615,0.6763757356214962
2025-02-11 13:00:00,London,1,0.6647446635060529,0.6704894779085108
2025-02-11 17:00:00,NY,1,0.5681127979081441,0.6505093626313555
2025-02-11 18:00:00,NY,0,0.6037956059698331,0.6579536313380266
2025-02-11 19:00:00,NY,0,0.5639720259816268,0.6496406456506431
2025-02-11 23:00:00,Other,0,0.838599889284749,0.704899949229505
2025-02-12 00:00:00,Other,1,0.7744764344593191,0.6924508172624069
2025-02-12 01:00:00,Other,1,0.8716448282933149,0.7111997016176709
2025-02-12 02:00:00,Other,0,0.9142096419503065,0.7191954203516945
2025-02-12 04:00:00,Other,1,0.4379739266271897,0.6227543472969878
2025-02-12 07:00:00,London,1,0.585667152374888,0.6541810547912552
2025-02-12 08:00:00,London,0,0.6490990456615904,0.6672937126750283
2025-02-12 10:00:00,London,1,0.6903323430446164,0.675682103474614
2025-02-12 18:00:00,NY,1,0.695141424246683,0.6766532733308424
2025-02-12 23:00:00,Other,1,0.6691323385964963,0.6713828951657718
2025-02-13 00:00:00,Other,0,0.7563598442147814,0.6888811534678749
2025-02-13 01:00:00,Other,1,0.758137765553757,0.6892324770620842
2025-02-13 03:00:00,Other,1,0.7566641984297179,0.6889413103959292
2025-02-13 04:00:00,Other,0,0.5087338120304152,0.6379587287719124
2025-02-13 09:00:00,London,1,0.9216170011680065,0.7205730158155206
2025-02-13 13:00:00,London,1,0.7837856395117944,0.694276205219614
2025-02-13 15:00:00,London,0,0.7378214404544531,0.6852049812024715
2025-02-13 16:00:00,London,1,0.320829039352106,0.5970566896473052
2025-02-13 17:00:00,NY,1,0.6535989070566579,0.668214446016509
2025-02-13 18:00:00,NY,1,0.6034953598928422,0.6578913102048365
2025-02-13 19:00:00,NY,1,0.2186206778434672,0.5741863867494026
2025-02-13 20:00:00,NY,1,0.4606936287138087,0.6276642274146182
2025-02-13 21:00:00,NY,1,0.5943901940774851,0.6559987988267916
2025-02-13 23:00:00,Other,0,0.6432995635985165,0.6661051728709159
2025-02-14 02:00:00,Other,1,0.6680502648603458,0.6711626784518646
2025-02-14 03:00:00,Other,1,0.4677107698202541,0.6291754237870979
2025-02-14 04:00:00,Other,1,0.4868258749320186,0.6332791329974929
2025-02-14 05:00:00,Other,1,0.7837022648787972,0.6942598836966648
2025-02-14 06:00:00,Other,1,0.7949102172323554,0.6964495828537673
2025-02-14 11:00:00,London,1,0.8532604190651562,0.7077047178319537
2025-02-14 12:00:00,London,0,0.7288827512167779,0.6834240708218283
2025-02-14 14:00:00,London,0,0.3468179781853675,0.6028094583741573
2025-02-14 15:00:00,London,0,0.7374194899091919,0.6851250144364015
2025-02-14 17:00:00,NY,1,0.7665356934356269,0.6908889868821918
2025-02-14 18:00:00,NY,1,0.48421393191365797,0.632719513960532
2025-02-18 07:00:00,London,1,0.4738489374160216,0.6304952571639887
2025-02-18 12:00:00,London,1,0.683815234770843,0.6743635901411553
2025-02-18 14:00:00,London,1,0.5202987426741006,0.6404185850886682
2025-02-18 15:00:00,London,1,0.5817147499135361,0.6533559477196196
2025-02-18 17:00:00,NY,1,0.6030959339806907,0.6578083941782806
2025-02-18 19:00:00,NY,0,0.43556287360107554,0.6222318008595293
2025-02-18 20:00:00,NY,1,0.5191487047315207,0.6401743001379807
2025-02-18 21:00:00,NY,0,0.5938124073046002,0.6558785376563174
2025-02-18 23:00:00,Other,0,0.45920693302143906,0.627343734141537
2025-02-19 03:00:00,Other,0,0.8151235687232371,0.7003761900429525
2025-02-19 04:00:00,Other,1,0.5806123812168968,0.65312565145733
2025-02-19 06:00:00,Other,1,0.7838806064572138,0.6942947954741607
2025-02-19 07:00:00,London,1,0.7947061831171873,0.696409799802118
2025-02-19 08:00:00,London,1,0.7807312484837883,0.6936779557155163
2025-02-19 09:00:00,London,0,0.7835052997756916,0.6942213236239226
2025-02-19 13:00:00,London,1,0.5008584128844484,0.6362794783861889
2025-02-19 15:00:00,London,1,0.8178822844891684,0.7009098342505012
2025-02-20 10:00:00,London,0,0.7897337255242746,0.6954393500802105
2025-02-20 11:00:00,London,0,0.8585805467917341,0.7087186559374722
2025-02-20 17:00:00,NY,1,0.7939405464173818,0.6962604879378875
2025-02-20 18:00:00,NY,0,0.6840318814953301,0.6744074657142558
2025-02-20 19:00:00,NY,0,0.5216816921186664,0.6407122475060426
2025-02-20 20:00:00,NY,1,0.6640381774963461,0.6703455079809724
2025-02-20 21:00:00,NY,1,0.5686111042893676,0.6506138380773588
2025-02-21 01:00:00,Other,1,0.8755156792713433,0.7119324023134791
2025-02-21 04:00:00,Other,1,0.7677308059378197,0.69112432856908
2025-02-21 06:00:00,Other,1,0.7766895128583222,0.6928853158145615
2025-02-24 15:00:00,London,1,0.6667361188507762,0.6708951307000485
2025-02-24 16:00:00,London,1,0.6742909752624577,0.672431711210742
2025-02-24 17:00:00,NY,1,0.6266792608988998,0.6626873557838522
2025-02-24 18:00:00,NY,1,0.8103549060409057,0.6994524596667367
2025-02-24 20:00:00,NY,1,0.6114157411529166,0.6595334893849628
2025-02-24 21:00:00,NY,0,0.5442617425063516,0.6454919698477232
2025-02-25 00:00:00,Other,1,0.5875611398346084,0.6545761170294324
2025-02-25 01:00:00,Other,0,0.7979070168093338,0.6970335668332008
2025-02-25 05:00:00,Other,0,0.5692557131581153,0.650748966002713
2025-02-25 06:00:00,Other,1,0.4927832289514497,0.6345541733979131
2025-02-25 07:00:00,London,1,0.8084353914953268,0.6990801753149909
2025-02-25 10:00:00,London,1,0.7107761112170398,0.6798000812187339
2025-02-25 11:00:00,London,1,0.6133393614941672,0.6599317490588186
2025-02-25 12:00:00,London,0,0.5306424451182572,0.6426124569474173
2025-03-04 01:00:00,Other,1,0.8069858839724308,0.6987988735041829
2025-03-04 03:00:00,Other,1,0.7212134494586107,0.6818917675662546
2025-03-04 04:00:00,Other,1,0.7447182249405321,0.686575361094381
2025-03-04 05:00:00,Other,1,0.8019646739386213,0.6978232659855412
2025-03-04 09:00:00,London,1,0.45288487810819017,0.6259796148789923
2025-03-04 11:00:00,London,1,0.863874086845721,0.7097254677415309
2025-03-04 12:00:00,London,0,0.6902044116838142,0.6756562476682612
2025-03-04 15:00:00,London,1,0.7025830496747153,0.6781530730619828
2025-03-04 18:00:00,NY,1,0.6037956059698331,0.6579536313380266
2025-03-04 19:00:00,NY,1,0.8681467877581079,0.7105366178284349
2025-03-04 20:00:00,NY,1,0.5796700555235642,0.6529287329818929
2025-03-04 23:00:00,Other,1,0.8141035209875116,0.7001787347549238
2025-03-05 00:00:00,Other,0,0.871619711906495,0.7111949438062377
2025-03-05 03:00:00,Other,1,0.7294103034384101,0.6835293284517643
2025-03-05 11:00:00,London,1,0.6137843543969982,0.6600238466812148
2025-03-05 17:00:00,NY,1,0.6896429182580945,0.6755427533185246
2025-03-05 21:00:00,NY,0,0.7619112796838358,0.6899774143586019
2025-03-05 23:00:00,Other,1,0.7291298894852496,0.6834733823812692
2025-03-06 00:00:00,Other,1,0.7612035592443949,0.6898377767114753
2025-03-06 01:00:00,Other,1,0.9501520902959296,0.7258410145777716
2025-03-06 02:00:00,Other,0,0.6456409748699172,0.6665852743217248
2025-03-06 03:00:00,Other,1,0.7613038524230292,0.6898575672849302
2025-03-06 06:00:00,Other,1,0.6965152081551813,0.6769304231276208
2025-03-06 07:00:00,London,1,0.8682419243195252,0.7105546637164776
2025-03-07 18:00:00,NY,1,0.749124310255705,0.6874491433960522
2025-03-07 19:00:00,NY,1,0.7535247972289336,0.6883204878725918
2025-03-07 20:00:00,NY,1,0.5354471740891501,0.6436295041336823
2025-03-09 22:00:00,Other,1,0.7738893905844194,0.6923355043215139
2025-03-10 02:00:00,Other,1,0.7229533136048113,0.6822397341964758
2025-03-10 03:00:00,Other,1,0.7237644936259171,0.6824018977872878
2025-03-10 04:00:00,Other,0,0.4948616173199104,0.6349985641555805
2025-03-10 05:00:00,Other,1,0.5017600044407493,0.6364718916720948
2025-03-10 06:00:00,Other,1,0.4258067224325775,0.6201144646257567
2025-03-10 07:00:00,London,1,0.4132027115836161,0.6173722967940065
2025-03-10 08:00:00,London,1,0.7174773858726526,0.6811438819277515
2025-03-11 16:00:00,London,1,0.6418107198103832,0.6657997093433975
2025-03-11 17:00:00,NY,1,0.6212853103634759,0.6615744517210695
2025-03-11 23:00:00,Other,1,0.6687540230065491,0.6713059113600934
2025-03-12 03:00:00,Other,1,0.8828989077454796,0.7133268757634025
2025-03-12 04:00:00,Other,1,0.6705736440405119,0.6716761034305369
2025-03-12 05:00:00,Other,1,0.5763098841338496,0.6522261297712239
2025-03-12 06:00:00,Other,1,0.8761939335733383,0.7120606728398035
2025-03-12 10:00:00,London,1,0.7625142011253399,0.6900963471974402
2025-03-12 11:00:00,London,1,0.642598375426278,0.665961328638951
2025-03-12 22:00:00,Other,1,0.6104726141523076,0.6593381452361685
2025-03-13 04:00:00,Other,0,0.6285793705426267,0.6630789667032903
2025-03-13 07:00:00,London,1,0.4499516215388977,0.6253460194707318
2025-03-13 08:00:00,London,1,0.6177813187192452,0.6608505324954786
2025-03-13 09:00:00,London,0,0.6626544001219542,0.6700634249071391
2025-03-13 11:00:00,London,1,0.7689612297027488,0.6913665201825087
2025-03-13 12:00:00,London,1,0.6662458772511751,0.6707952937296027
2025-03-13 14:00:00,London,1,0.69919093965226,0.6774698735787381
2025-03-13 15:00:00,London,1,0.7323659361422509,0.684118690730684
2025-03-13 16:00:00,London,1,0.7181415595071806,0.6812769046345257
2025-03-13 17:00:00,NY,1,0.683358855712254,0.6742711536646616
2025-03-13 18:00:00,NY,1,0.5372820559107755,0.6440175641238327
2025-03-13 19:00:00,NY,1,0.510083999274156,0.6382462889489818
2025-03-14 03:00:00,Other,0,0.7609775038411657,0.6897931672799922
2025-03-14 05:00:00,Other,1,0.8492002477669868,0.7069295167125683
2025-03-14 08:00:00,London,1,0.6541991196816488,0.6683371607602121
2025-03-14 09:00:00,London,0,0.6455764969218052,0.6665720578741546
2025-03-14 13:00:00,London,1,0.7909099556843309,0.6956690664729558
2025-03-14 14:00:00,London,1,0.7612529394325807,0.6898475208532656
2025-03-17 14:00:00,London,0,0.7125905631470176,0.6801642274995253
2025-03-17 15:00:00,London,1,0.511953109876208,0.6386442049795988
2025-03-17 18:00:00,NY,1,0.47320811314130884,0.6303575574577422
2025-03-17 20:00:00,NY,1,0.46468481907596215,0.6285240696798845
2025-03-17 23:00:00,Other,1,0.4715435188535396,0.6299997719322722
2025-03-18 01:00:00,Other,1,0.787686748515071,0.6950393455681821
2025-03-18 02:00:00,Other,1,0.6282165084938092,0.6630041984289258
2025-03-18 04:00:00,Other,1,0.5985672162080877,0.6568676133284055
2025-03-18 08:00:00,London,1,0.6661216396394413,0.6707699904759232
2025-03-18 11:00:00,London,1,0.43974757746160603,0.6231385678381428
2025-03-18 12:00:00,London,1,0.5132597804312751,0.6389222699170567
2025-03-18 16:00:00,London,1,0.6859750874943896,0.6748008695078632
2025-03-18 19:00:00,NY,0,0.16426492013768643,0.5618864294221555
2025-03-18 22:00:00,Other,0,0.6431066859228746,0.66606560833947
2025-03-19 01:00:00,Other,1,0.34562795977744154,0.6025466493141713
2025-03-19 02:00:00,Other,1,0.6174152749590628,0.660774864939661
2025-03-19 03:00:00,Other,1,0.5444025451400514,0.645521685018323
2025-03-19 06:00:00,Other,0,0.7739618073926384,0.6923497304432368
2025-03-19 08:00:00,London,1,0.8480817306353898,0.7067157489320864
2025-03-20 05:00:00,Other,1,0.8524889321781485,0.7075575118872284
2025-03-20 07:00:00,London,1,0.535241412539593,0.6435859757563281
2025-03-20 08:00:00,London,0,0.45320138229623064,0.626047955305641
2025-03-20 10:00:00,London,1,0.5959924069858714,0.6563321805483775
2025-03-20 13:00:00,London,1,0.6014039806227285,0.6574570580958149
2025-03-20 15:00:00,London,1,0.6987246125551154,0.6773758919854791
2025-03-20 16:00:00,London,1,0.6085766092530502,0.6589452734789815
2025-03-20 17:00:00,NY,1,0.909148147763088,0.71825172374501
2025-03-20 20:00:00,NY,1,0.53723243612911,0.6440070724995861
2025-03-20 22:00:00,Other,0,0.5559015030877672,0.6479446321790215
2025-03-20 23:00:00,Other,0,0.6584153246194324,0.6691985275785582
2025-03-21 04:00:00,Other,1,0.6072698704730767,0.6586743765503597
2025-03-24 12:00:00,London,0,0.38487472132642947,0.6111820627339396
2025-03-24 14:00:00,London,1,0.5247058136419166,0.6413540371774801
2025-03-24 15:00:00,London,0,0.6235212901194633,0.6620360069056634
2025-03-24 17:00:00,NY,1,0.5425916473168904,0.6451394251962403
2025-03-25 16:00:00,London,1,0.6971079314441934,0.6770499619047025
2025-03-26 02:00:00,Other,1,0.7684997510533754,0.6912756969207778
2025-03-26 12:00:00,London,0,0.7940556659882785,0.696282940809233
2025-03-26 13:00:00,London,1,0.7841336706156009,0.6943443309593701
2025-03-27 17:00:00,NY,1,0.5765079884347125,0.6522675712935928
2025-03-27 18:00:00,NY,1,0.5915269568113758,0.6554026457843894
2025-03-27 19:00:00,NY,0,0.5133251526426923,0.6389361789521524
2025-03-27 20:00:00,NY,0,0.60462939691447,0.6581266701050451
2025-03-27 22:00:00,Other,1,0.892554866833117,0.7151444936128033
2025-03-27 23:00:00,Other,1,0.7643115250205873,0.690450739743912
2025-03-28 00:00:00,Other,1,0.7863588001525404,0.6947796904894148
2025-03-28 01:00:00,Other,1,0.8801979193690422,0.7128172074428595
2025-03-28 02:00:00,Other,1,0.9376849600855552,0.7235470133949073
2025-03-28 04:00:00,Other,1,0.5627564205882323,0.6493854277808753
2025-03-28 06:00:00,Other,0,0.6457162628420229,0.666600706236024
2025-03-28 08:00:00,London,1,0.609352399076223,0.6591060515550043
2025-03-28 09:00:00,London,1,0.789909542908096,0.6954736932071739
2025-03-28 10:00:00,London,1,0.7044634372147478,0.6785314711499931
2025-03-28 11:00:00,London,1,0.5111896395881449,0.6384816922983266
2025-03-28 12:00:00,London,1,0.7828821469988025,0.6940993104056342
2025-03-28 13:00:00,London,0,0.7977773962617689,0.6970083209236337
2025-03-28 18:00:00,NY,1,0.5531406228938833,0.6473635754151108
2025-03-28 20:00:00,NY,1,0.721707511232527,0.6819905988287163
2025-03-30 22:00:00,Other,1,0.9037991985772611,0.7172523403809179
2025-03-31 02:00:00,Other,1,0.7995269701608048,0.6973489812518014
2025-03-31 04:00:00,Other,1,0.661654115879843,0.6698594406519289
2025-03-31 05:00:00,Other,1,0.4363719410722365,0.6224071814165394
2025-03-31 07:00:00,London,0,0.5590266361524318,0.648601821756114
2025-03-31 11:00:00,London,1,0.4936200040064257,0.6347331161261676
2025-03-31 12:00:00,London,0,0.6325303242407571,0.6638925379172154
2025-03-31 13:00:00,London,1,0.6400752724362251,0.6654434750053985
2025-03-31 15:00:00,London,1,0.6667361188507762,0.6708951307000485
2025-03-31 17:00:00,NY,1,0.5014756770894307,0.6364112166226508
2025-03-31 19:00:00,NY,1,0.4364502731458989,0.6224241596631835
2025-03-31 23:00:00,Other,1,0.7965678865289868,0.6967726900608705
2025-04-01 01:00:00,Other,1,0.8314979862394111,0.7035356427943249
2025-04-01 02:00:00,Other,1,0.8254578383279294,0.7023724372325544
2025-04-01 03:00:00,Other,0,0.7382660129104672,0.6852934146723267
2025-04-01 07:00:00,London,1,0.7371977013219707,0.685080885611978
2025-04-01 11:00:00,London,1,0.7802110676000639,0.6935760051558099
2025-04-01 12:00:00,London,1,0.8920056822865939,0.7150413023851804
2025-04-01 13:00:00,London,1,0.7278756475857587,0.6832230805568825
2025-04-01 14:00:00,London,1,0.6900471476033688,0.6756244620493556
2025-04-01 15:00:00,London,1,0.698564053223587,0.6773435302171159
2025-04-03 01:00:00,Other,1,0.8752909016898262,0.7118898851798021
2025-04-03 02:00:00,Other,1,0.841824599829204,0.7055182237426479
2025-04-03 04:00:00,Other,0,0.7350815463686245,0.6846596706041943
2025-04-03 07:00:00,London,1,0.6197815129942327,0.6612638619247571
2025-04-03 08:00:00,London,1,0.7299788104586274,0.6836427363729551
2025-04-04 12:00:00,London,0,0.7148491815234279,0.6806172077850895
2025-04-10 06:00:00,Other,0,0.48606931361733036,0.6331170736679456
2025-04-10 08:00:00,London,1,0.734837843887631,0.684611142762938
2025-04-10 12:00:00,London,1,0.7035549609698268,0.6783486839787681
2025-04-10 13:00:00,London,1,0.8094561197546937,0.6992781753392051
2025-04-10 15:00:00,London,1,0.7066843321151617,0.6789780891928269
2025-04-10 16:00:00,London,1,0.6846943921890304,0.674541619255981
2025-04-10 17:00:00,NY,1,0.4183361545808947,0.6184900577868666
2025-04-10 20:00:00,NY,1,0.5138360438600272,0.6390448716047564
2025-04-10 23:00:00,Other,1,0.6487093566553271,0.6672139166905029
2025-04-11 01:00:00,Other,1,0.8604888535793426,0.7090818459088447
2025-04-11 02:00:00,Other,0,0.5140856235886587,0.6390979647815411
2025-04-11 06:00:00,Other,1,0.7642962447227984,0.690447727749319
2025-04-11 12:00:00,London,0,0.78592122839703,0.6946941044967169
2025-04-13 23:00:00,Other,1,0.6580201909474543,0.669117850166252
2025-04-14 01:00:00,Other,0,0.7033971339271592,0.6783169233020985
2025-04-14 03:00:00,Other,1,0.5947013993952031,0.6560635651584387
2025-04-14 04:00:00,Other,1,0.5982566119977903,0.6568030441669
2025-04-14 05:00:00,Other,0,0.671497046869718,0.6718638832031858
2025-04-14 09:00:00,London,1,0.685839155613281,0.6747733579877492
2025-04-14 12:00:00,London,1,0.48373145870044737,0.6326161029776877
2025-04-16 10:00:00,London,1,0.8070560360132913,0.6988124911566509
2025-04-16 11:00:00,London,1,0.7508532032609084,0.6877916415553933
2025-04-16 12:00:00,London,1,0.7047485613567955,0.6785888274058637
2025-04-16 14:00:00,London,1,0.8262903390205535,0.7025329155823334
2025-04-16 17:00:00,NY,1,0.5523138710534975,0.647189491712775
2025-04-16 20:00:00,NY,1,0.8857654446681649,0.7138671903910355
2025-04-17 01:00:00,Other,1,0.7335733597884588,0.6843592846892289
2025-04-17 06:00:00,Other,0,0.7059176379383266,0.6788239453143985
2025-04-17 09:00:00,London,1,0.690143707247379,0.675643978509938
2025-04-17 11:00:00,London,0,0.6837562885484684,0.674351651747329
2025-04-22 10:00:00,London,1,0.799778203343501,0.6973978811759199
2025-04-22 12:00:00,London,1,0.6974142058105864,0.6771117213975274
2025-04-22 15:00:00,London,0,0.7196257274849759,0.6815740515151691
2025-04-25 02:00:00,Other,0,0.9036382218024327,0.7172222306442937
2025-04-25 04:00:00,Other,0,0.8606202174096111,0.7091068373169145
2025-04-28 20:00:00,NY,0,0.5175339494535429,0.6398311798078465
2025-04-28 23:00:00,Other,0,0.627507562469135,0.6628580954911848
2025-04-29 10:00:00,London,1,0.5824166711470175,0.6535025489409212
2025-04-29 12:00:00,London,1,0.7066100217174079,0.6789631507928827
2025-04-29 19:00:00,NY,1,0.5949502761371538,0.6561153558360694
2025-04-29 22:00:00,Other,0,0.8105258463399635,0.6994856003087093
2025-04-29 23:00:00,Other,1,0.7172074367306509,0.6810898072568652
2025-04-30 01:00:00,Other,1,0.9246858070964384,0.7211425281963963
2025-04-30 03:00:00,Other,1,0.9027906306885761,0.7170636617983848
2025-04-30 04:00:00,Other,1,0.9542405712868162,0.7265907266686679
2025-04-30 05:00:00,Other,1,0.8408553446737206,0.7053324675590854
2025-04-30 06:00:00,Other,0,0.7072181022542158,0.6790853806570428
2025-04-30 09:00:00,London,1,0.7075707631359114,0.6791562575395316
2025-04-30 10:00:00,London,1,0.7156889156542544,0.6807855349509186
2025-04-30 15:00:00,London,1,0.7023523336501769,0.67810662901486
2025-04-30 17:00:00,NY,0,0.5904990098264377,0.6551884980240158
2025-04-30 23:00:00,Other,0,0.8084645343732704,0.6990858294559931
2025-05-01 01:00:00,Other,0,0.6724362178270474,0.6720548131474355
2025-05-01 05:00:00,Other,0,0.43600504318720346,0.6223276533821869
2025-05-01 09:00:00,London,1,0.643437262410377,0.6661334172650257
2025-05-05 08:00:00,London,1,0.6324225125072005,0.6638703504472422
2025-05-05 09:00:00,London,1,0.6337918306395617,0.664152100018478
2025-05-05 14:00:00,London,1,0.6846649801702391,0.6745356641453272
2025-05-05 15:00:00,London,1,0.6135050894189277,0.6599660502277191
2025-05-05 16:00:00,London,1,0.5833351069874322,0.6536943267693207
2025-05-05 17:00:00,NY,1,0.8164668675152785,0.7006361049577001
2025-05-05 19:00:00,NY,1,0.3764463438785855,0.6093332500430514
2025-05-06 00:00:00,Other,1,0.7864480422982175,0.6947971439809152
2025-05-06 01:00:00,Other,0,0.7175666169677757,0.6811617551188082
2025-05-06 03:00:00,Other,1,0.8363344865880724,0.7044651520534677
2025-05-06 06:00:00,Other,1,0.5427700645130921,0.6451770952644362
2025-05-06 09:00:00,London,0,0.5971207250578626,0.656566863833816
2025-05-06 10:00:00,London,1,0.6151135472755147,0.6602988700399285
2025-05-06 13:00:00,London,1,0.743964402087253,0.6864257355643195
2025-05-06 15:00:00,London,1,0.5346308133964451,0.6434567909650711
2025-05-06 16:00:00,London,1,0.4659572797994712,0.6287980315763847
2025-05-06 17:00:00,NY,1,0.4626797385733586,0.6280922064298576
2025-05-06 19:00:00,NY,0,0.4675154019457594,0.6291333838311071
2025-05-07 00:00:00,Other,1,0.8470570745618908,0.706519839574685
2025-05-07 01:00:00,Other,1,0.8430015312109246,0.705743688996914
2025-05-07 07:00:00,London,1,0.5474738581145451,0.6461695791510285
2025-05-07 14:00:00,London,1,0.5856168444219435,0.654170558273813
2025-05-07 15:00:00,London,1,0.710224830456167,0.679689400060746
2025-05-07 16:00:00,London,1,0.5992342327902467,0.6570062547505663
2025-05-07 17:00:00,NY,1,0.7779359045011804,0.6931298721239596
2025-05-07 18:00:00,NY,1,0.6357249084675389,0.6645496493860557
2025-05-08 05:00:00,Other,0,0.7330841126079032,0.6842618080897449
2025-05-13 10:00:00,London,1,0.7146795392463395,0.6805831967743795
2025-05-13 11:00:00,London,1,0.8230786255614074,0.7019135295306146
2025-05-13 19:00:00,NY,1,0.7201362100295527,0.6816762216572958
2025-05-14 01:00:00,Other,0,0.9246858070964384,0.7211425281963963
2025-05-14 03:00:00,Other,1,0.712994204750436,0.6802452053694565
2025-05-14 04:00:00,Other,1,0.7150791892036745,0.6806633181829856
2025-05-15 23:00:00,Other,1,0.5999584672183702,0.6571567587519876
2025-05-16 01:00:00,Other,0,0.8380895045260419,0.7048020238921912
2025-05-16 05:00:00,Other,1,0.7085667448457442,0.6793563827872793
2025-05-16 06:00:00,Other,0,0.8538339298681733,0.7078141201474741
2025-05-16 10:00:00,London,1,0.7997445571027934,0.697391332544756
2025-05-16 11:00:00,London,1,0.7572443737089951,0.6890559668759468
2025-05-16 12:00:00,London,1,0.9331860061297303,0.722716281817287
2025-05-16 14:00:00,London,1,0.7143772470841724,0.6805225864699509
2025-05-16 15:00:00,London,1,0.9298717214984606,0.7221033161325107
2025-05-16 17:00:00,NY,1,0.6348123804436427,0.6643620114055376
2025-05-16 18:00:00,NY,1,0.5361554418107722,0.6437793183787991
2025-05-19 03:00:00,Other,1,0.6887492540826339,0.675362074926868
2025-05-19 06:00:00,Other,1,0.4950937302818456,0.6350481791437274
2025-05-19 10:00:00,London,1,0.5424978231625294,0.645119614935941
2025-05-19 11:00:00,London,0,0.5663815892529788,0.6501462832956927
2025-05-19 13:00:00,London,1,0.6019545926721396,0.6575714122977616
2025-05-19 15:00:00,London,1,0.6937279332414364,0.6763679834268147
2025-05-19 16:00:00,London,1,0.5014756770894307,0.6364112166226508
2025-05-19 19:00:00,NY,0,0.4741038649381169,0.6305500298418061
2025-05-20 01:00:00,Other,1,0.8050423536393211,0.6984214634085896
2025-05-20 02:00:00,Other,1,0.7299743705939455,0.6836418507766228
2025-05-21 07:00:00,London,1,0.5726894561808934,0.65146836539565
2025-05-21 11:00:00,London,1,0.7618547252835768,0.6899662570961809
2025-05-21 12:00:00,London,1,0.6940206157818584,0.6764270673593616
2025-05-21 13:00:00,London,1,0.700928147480022,0.6778198568002713
2025-05-21 14:00:00,London,1,0.7009351947732605,0.6778212761637722
2025-05-21 16:00:00,London,1,0.6066542013057828,0.6585467077083148
2025-05-21 17:00:00,NY,1,0.7146169938798062,0.6805706567788528
2025-05-21 19:00:00,NY,1,0.6554893069314857,0.668600864852847
2025-05-22 00:00:00,Other,1,0.7225065610031434,0.6821504046704535
2025-05-22 01:00:00,Other,1,0.7468027859477621,0.6869889213609833
2025-05-22 02:00:00,Other,0,0.7468027859477621,0.6869889213609833
2025-05-22 05:00:00,Other,0,0.8333478384445947,0.7038913588535066
2025-05-22 07:00:00,London,1,0.7186382582886128,0.6813763656661865
2025-05-22 08:00:00,London,0,0.7750184275671911,0.6925572595555128
2025-05-22 10:00:00,London,1,0.7216318838832676,0.6819754715268691
2025-05-22 11:00:00,London,1,0.690205995344351,0.6756565677434803
2025-05-22 13:00:00,London,1,0.6972627075137983,0.6770811729008455
2025-05-23 18:00:00,NY,0,0.6265136418104741,0.6626532112473911
2025-05-26 01:00:00,Other,1,0.7255451921315715,0.6827577232965709
2025-05-26 02:00:00,Other,1,0.6997843662577797,0.6775894495261683
2025-05-26 03:00:00,Other,1,0.6671538211108624,0.6709801829704707
2025-05-26 05:00:00,Other,0,0.5229293004136912,0.6409770804870003
2025-05-26 07:00:00,London,1,0.5201566968995062,0.6403884164157762
2025-05-26 08:00:00,London,0,0.6230431794267675,0.6619373402839378
2025-05-28 10:00:00,London,1,0.7054970529030675,0.6787393701241552
2025-05-28 12:00:00,London,1,0.7168741401443993,0.681023036460917
2025-05-28 13:00:00,London,0,0.6051945590853811,0.6582439357316778
2025-05-28 15:00:00,London,1,0.7332329386387951,0.684291461597076
2025-05-28 16:00:00,London,1,0.6516954122820452,0.6678251213554401
2025-05-28 17:00:00,NY,0,0.9156549067445511,0.7194645306537597
2025-05-28 22:00:00,Other,0,0.8258673147173764,0.7024513768492209
2025-05-29 17:00:00,NY,1,0.5755157362716101,0.6520599785062368
2025-05-29 18:00:00,NY,0,0.5604010068420948,0.6488906624869616
2025-05-29 22:00:00,Other,1,0.7314170653426332,0.6839295473463818
2025-05-30 00:00:00,Other,0,0.6284947573235707,0.6630615327509263
2025-05-30 08:00:00,London,0,0.6423645872355935,0.6659133616339531
2025-05-30 14:00:00,London,1,0.7165320603059102,0.6809544983491574
2025-05-30 18:00:00,NY,1,0.9052905414235524,0.7175311947159941
2025-05-30 19:00:00,NY,1,0.49680421909005146,0.6354137138160553
2025-05-30 20:00:00,NY,1,0.5898024870141171,0.6550433586082377
2025-06-02 00:00:00,Other,1,0.6719034564631036,0.6719465117347954
2025-06-02 01:00:00,Other,1,0.6829784806125622,0.6741941009112503
2025-06-02 03:00:00,Other,1,0.5771364492219568,0.6523990240088418
2025-06-02 04:00:00,Other,1,0.6011377483901069,0.657401758930922
2025-06-02 05:00:00,Other,1,0.6617611803530846,0.6698812769694094
2025-06-02 06:00:00,Other,1,0.5062159577290651,0.6374222173738283
2025-06-02 08:00:00,London,0,0.37029240301481664,0.6079813586882375
2025-06-02 10:00:00,London,1,0.6128964378155904,0.6598400676853077
2025-06-02 11:00:00,London,1,0.6208418323178767,0.6614828715561105
2025-06-02 13:00:00,London,1,0.8259916024021001,0.7024753348716262
2025-06-02 14:00:00,London,1,0.6174673764170844,0.6607856357107228
2025-06-02 15:00:00,London,1,0.635143064506849,0.6644300141011041
2025-06-02 16:00:00,London,1,0.6118216289241752,0.659617541764673
2025-06-02 18:00:00,NY,1,0.5027117371399937,0.6366749584614162
2025-06-02 19:00:00,NY,0,0.4364502731458989,0.6224241596631835
2025-06-03 06:00:00,Other,1,0.7053528254033395,0.6787103648027693
2025-06-03 08:00:00,London,1,0.7772632051878812,0.692997894296273
2025-06-03 09:00:00,London,1,0.6516857032914354,0.6678231349723706
2025-06-03 11:00:00,London,1,0.9086160135001565,0.7181523974092837
2025-06-03 12:00:00,London,0,0.7932918381284724,0.6961339466624368
2025-06-04 20:00:00,NY,1,0.6628684717678367,0.6701070714323493
2025-06-04 22:00:00,Other,1,0.8297657753382136,0.7032023244310786
2025-06-04 23:00:00,Other,0,0.9489837629362016,0.7256265414300084
2025-06-05 03:00:00,Other,1,0.9220928367875867,0.7206613685463765
2025-06-05 04:00:00,Other,1,0.8549032487243576,0.7080180380582282
2025-06-05 05:00:00,Other,1,0.4374211561894031,0.6226345707675872
2025-06-05 06:00:00,Other,1,0.6253543858967174,0.6624141680269426
2025-06-05 09:00:00,London,1,0.7294285849106139,0.6835329756484073
2025-06-05 10:00:00,London,0,0.8416663287918482,0.7054878960149864
2025-06-09 20:00:00,NY,1,0.6336351774256612,0.6641198731185688
2025-06-10 00:00:00,Other,1,0.8804614520939887,0.7128669590839825
2025-06-10 01:00:00,Other,1,0.8249389273797942,0.7022723832840643
2025-06-10 14:00:00,London,1,0.606850804258113,0.6585874789718805
2025-06-11 02:00:00,Other,1,0.680612136448349,0.6737145381003066
2025-06-11 07:00:00,London,1,0.6275332761298367,0.6628633952275554
2025-06-11 08:00:00,London,0,0.6498972131943513,0.667457122187364
2025-06-11 11:00:00,London,1,0.7063961820669279,0.6789201611946297
2025-06-11 13:00:00,London,1,0.6959551420973475,0.6768174493199756
2025-06-11 14:00:00,London,1,0.6948350520955011,0.676591448298565
2025-06-12 03:00:00,Other,1,0.6422964403796453,0.66589937909871
2025-06-12 06:00:00,Other,0,0.5699773410856285,0.650900210529698
2025-06-12 07:00:00,London,1,0.6238689487240767,0.6621077435725027
2025-06-12 10:00:00,London,1,0.7322831121080152,0.6841021834092456
2025-06-12 14:00:00,London,1,0.6889346075001372,0.675399553429858
2025-06-12 16:00:00,London,1,0.5939861210074872,0.6559146967174198
2025-06-12 18:00:00,NY,1,0.8905736940358563,0.7147721275044863
2025-06-12 20:00:00,NY,1,0.6240897444419357,0.662153299191227
2025-06-13 00:00:00,Other,1,0.7523852709850507,0.6880949767637503
2025-06-13 02:00:00,Other,0,0.7512334233171403,0.6878669366308844
2025-06-13 04:00:00,Other,1,0.8446380246025017,0.7060570254031244
2025-06-13 05:00:00,Other,1,0.7215850623166216,0.6819661058868648
2025-06-13 06:00:00,Other,1,0.7807225012432526,0.6936762414952421
2025-06-13 08:00:00,London,1,0.6447756200147448,0.6664078753157494
2025-06-13 09:00:00,London,1,0.7825370650993044,0.6940317317094382
2025-06-13 14:00:00,London,1,0.666710257147997,0.670889864388247
2025-06-13 16:00:00,London,1,0.6408522771570627,0.6656029936910702
2025-06-13 17:00:00,NY,1,0.6484591054566597,0.6671626681015242
2025-06-16 02:00:00,Other,0,0.7496748656818347,0.6875582320811916
2025-06-16 08:00:00,London,1,0.5357279014679835,0.6436888875308042
2025-06-16 11:00:00,London,1,0.5663815892529788,0.6501462832956927
2025-06-16 12:00:00,London,0,0.617257682752726,0.6607422853840115
2025-06-18 05:00:00,Other,0,0.8133074568497548,0.7000245853132132
2025-06-18 11:00:00,London,1,0.784935851970598,0.6945013224771907
2025-06-18 13:00:00,London,1,0.7015667097851324,0.6779484534278594
2025-06-18 18:00:00,NY,0,0.7973927099797381,0.6969333894194992
2025-06-18 19:00:00,NY,1,0.6216063420370664,0.6616407386204928
2025-06-20 16:00:00,London,0,0.6303950770270808,0.6634529731337404
2025-06-20 17:00:00,NY,1,0.6132906168777735,0.6599216599309967
2025-06-20 19:00:00,NY,1,0.7497972766600716,0.687582484132562
2025-06-20 20:00:00,NY,0,0.49716752254499585,0.6354913323555145
2025-06-23 03:00:00,Other,1,0.6854189784638247,0.6746883098876364
2025-06-23 04:00:00,Other,1,0.6011766997043417,0.6574098497853061
2025-06-23 05:00:00,Other,1,0.6722533085325206,0.6720176328319545
2025-06-23 06:00:00,Other,1,0.4950937302818456,0.6350481791437274
2025-06-23 10:00:00,London,1,0.5306660132301934,0.6426174489032169
2025-06-23 12:00:00,London,1,0.6254784209282398,0.6624397485164566
2025-06-23 15:00:00,London,1,0.6280248344940593,0.6629647004183068
2025-06-23 17:00:00,NY,0,0.6210899024452696,0.6615341006186574
2025-06-23 19:00:00,NY,0,0.5939262558267319,0.6559022357931575
2025-06-23 23:00:00,Other,1,0.692765990283594,0.6761737560228234
2025-06-24 00:00:00,Other,1,0.8814171593857448,0.7130473413279247
2025-06-24 02:00:00,Other,1,0.6026256399395421,0.6577107544203227
2025-06-24 04:00:00,Other,0,0.6979731723365199,0.6772244197289121
2025-06-26 11:00:00,London,1,0.6868072008533147,0.6749692562757266
2025-06-26 12:00:00,London,1,0.71608141736278,0.6808641969072371
2025-06-30 08:00:00,London,0,0.5401256595031313,0.6446185853658679
2025-06-30 11:00:00,London,1,0.6474460987344987,0.6669551754932288
2025-06-30 12:00:00,London,1,0.6430271680592758,0.6660492963517511
2025-06-30 14:00:00,London,1,0.5957906257412359,0.6562902032261706
2025-06-30 15:00:00,London,1,0.6196582452838632,0.6612383964166175
2025-06-30 16:00:00,London,1,0.5486002997475803,0.6464070679449938
2025-06-30 17:00:00,NY,1,0.5486002997475803,0.6464070679449938
2025-06-30 19:00:00,NY,1,0.5709385751380336,0.6511016264329882
2025-07-01 00:00:00,Other,1,0.7305959163530146,0.6837658142629831
2025-07-01 01:00:00,Other,1,0.7351417650187682,0.6846716611667838
2025-07-01 02:00:00,Other,1,0.7292409160218671,0.6834955341908953
2025-07-01 05:00:00,Other,1,0.5212632464506376,0.6406234037668258
2025-07-01 06:00:00,Other,1,0.2901376030190439,0.5902285694507851
2025-07-01 07:00:00,London,1,0.28048029778803163,0.5880726979227695
2025-07-01 09:00:00,London,1,0.5770801005224108,0.6523872387164593
2025-07-01 10:00:00,London,0,0.5013805899026311,0.636390924184513
2025-07-02 01:00:00,Other,1,0.5916248970325562,0.6554230459572475
2025-07-02 05:00:00,Other,0,0.5362062110765597,0.6437900561178259
2025-07-02 06:00:00,Other,1,0.36222020649129266,0.6062055560215693
2025-07-02 08:00:00,London,1,0.7735387746607942,0.6922666214308754
2025-07-02 09:00:00,London,1,0.5081348625564621,0.6378311340604317
2025-07-02 17:00:00,NY,1,0.6524889733175657,0.6679874575074348
2025-07-02 18:00:00,NY,1,0.624580168819749,0.6622544751096238
2025-07-02 19:00:00,NY,1,0.5091151496020186,0.6380399553056395
2025-07-02 20:00:00,NY,1,0.299718137937076,0.5923638820902264
2025-07-02 23:00:00,Other,0,0.847910180148605,0.7066829546291091
2025-07-03 01:00:00,Other,0,0.7452985970966027,0.6866905321298846
2025-07-08 00:00:00,Other,1,0.8472942025796184,0.7065651841249178
2025-07-08 01:00:00,Other,1,0.6333559924928414,0.6640624350475526
2025-07-08 02:00:00,Other,1,0.46661507679256486,0.6289396233806113
2025-07-08 05:00:00,Other,1,0.43460457006217645,0.6220240291961264
2025-07-08 06:00:00,Other,0,0.5169158313735865,0.6396997976762998
2025-07-08 09:00:00,London,1,0.6924326185201821,0.6761064302385161
2025-07-08 11:00:00,London,0,0.5921386181227138,0.6555300406111172
2025-07-08 14:00:00,London,1,0.6874605641008099,0.6751014394173627
2025-07-13 22:00:00,Other,1,0.7744388934726028,0.692443443811024
2025-07-14 00:00:00,Other,1,0.6932067193512398,0.676262751856958
2025-07-14 06:00:00,Other,1,0.5094943634801615,0.6381207216629202
2025-07-14 08:00:00,London,1,0.5432110290319336,0.6452701904714296
2025-07-14 09:00:00,London,1,0.555920968305619,0.6479487272903841
2025-07-14 10:00:00,London,1,0.5744424560100879,0.6518353684758705
2025-07-14 11:00:00,London,1,0.6424126805948803,0.6659232293691704
2025-07-14 12:00:00,London,0,0.7274842448506991,0.6831449488393453
2025-07-16 20:00:00,NY,1,0.6628684717678367,0.6701070714323493
2025-07-16 22:00:00,Other,0,0.8297657753382136,0.7032023244310786
2025-07-17 05:00:00,Other,0,0.7219044468837241,0.6820299889273771
2025-07-17 09:00:00,London,1,0.7527310349917764,0.6881634125436416
