datetime,session,prob_cal,thr_used,direction,entry_price,sl_price,tp_price,lot_size,risk_usd,risk_pct,atr,atr_mult_sl,rrr,spread,pip_value,side,tf
2024-01-09 01:30:00,Off,0.7142857142857143,0.7,long,2031.856,2029.8297142857143,2034.9085714285713,0.25,50.0,0.005,1.526285714285726,1.0,2.0,0.5,100.0,LONG,M15
2024-01-10 06:30:00,Off,0.7142857142857143,0.7,long,2025.34,2023.071857142857,2028.8762857142856,0.22,50.0,0.005,1.7681428571428828,1.0,2.0,0.5,100.0,LONG,M15
2024-01-19 14:00:00,London,0.8253968253968254,0.7,long,2033.444,2030.6779999999999,2037.9759999999999,0.18,50.0,0.005,2.265999999999979,1.0,2.0,0.5,100.0,LONG,M15
2024-01-23 07:15:00,London,0.8253968253968254,0.7,long,2029.434,2026.5372857142856,2034.2274285714284,0.17,50.0,0.005,2.396714285714227,1.0,2.0,0.5,100.0,LONG,M15
2024-01-24 03:15:00,Off,0.8253968253968254,0.7,long,2024.644,2022.693142857143,2027.5457142857144,0.26,50.0,0.005,1.4508571428571682,1.0,2.0,0.5,100.0,LONG,M15
2024-01-29 01:15:00,Off,0.8181818181818182,0.7,long,2023.191,2020.1085714285714,2028.355857142857,0.16,50.0,0.005,2.582428571428572,1.0,2.0,0.5,100.0,LONG,M15
2024-01-29 21:30:00,NY,0.8253968253968254,0.7,long,2031.562,2029.1337857142858,2035.4184285714284,0.21,50.0,0.005,1.9282142857142617,1.0,2.0,0.5,100.0,LONG,M15
2024-01-29 23:15:00,Off,0.8253968253968254,0.7,long,2030.668,2028.1039285714285,2034.7961428571427,0.2,50.0,0.005,2.0640714285714075,1.0,2.0,0.5,100.0,LONG,M15
2024-01-29 23:30:00,Off,0.8181818181818182,0.7,long,2030.724,2028.292357142857,2034.5872857142856,0.21,50.0,0.005,1.931642857142817,1.0,2.0,0.5,100.0,LONG,M15
2024-02-02 00:00:00,Off,0.7142857142857143,0.7,long,2055.51,2053.7200000000003,2058.09,0.28,50.0,0.005,1.290000000000061,1.0,2.0,0.5,100.0,LONG,M15
2024-02-05 20:30:00,NY,0.8181818181818182,0.7,long,2025.732,2023.6481428571428,2028.8997142857143,0.24,50.0,0.005,1.5838571428571413,1.0,2.0,0.5,100.0,LONG,M15
2024-02-05 21:00:00,NY,0.8253968253968254,0.7,long,2024.924,2023.0257857142856,2027.7204285714286,0.26,50.0,0.005,1.3982142857143052,1.0,2.0,0.5,100.0,LONG,M15
2024-02-05 21:30:00,NY,0.8253968253968254,0.7,long,2024.786,2022.9827857142857,2027.3924285714286,0.28,50.0,0.005,1.3032142857143103,1.0,2.0,0.5,100.0,LONG,M15
2024-02-05 21:45:00,NY,0.8253968253968254,0.7,long,2024.667,2022.932357142857,2027.1362857142856,0.29,50.0,0.005,1.2346428571428791,1.0,2.0,0.5,100.0,LONG,M15
2024-02-05 23:15:00,Off,0.8461538461538461,0.7,long,2024.035,2022.3357857142857,2026.4334285714287,0.29,50.0,0.005,1.199214285714301,1.0,2.0,0.5,100.0,LONG,M15
2024-02-06 17:15:00,NY,0.8253968253968254,0.7,long,2034.332,2030.843142857143,2040.3097142857143,0.14,50.0,0.005,2.9888571428571304,1.0,2.0,0.5,100.0,LONG,M15
2024-02-06 19:00:00,NY,0.8253968253968254,0.7,long,2035.14,2032.4503571428572,2039.5192857142858,0.19,50.0,0.005,2.1896428571428714,1.0,2.0,0.5,100.0,LONG,M15
2024-02-06 20:30:00,NY,0.8253968253968254,0.7,long,2035.636,2033.4095714285713,2039.088857142857,0.22,50.0,0.005,1.7264285714285763,1.0,2.0,0.5,100.0,LONG,M15
2024-02-06 23:00:00,Off,0.8181818181818182,0.7,long,2035.693,2034.3040714285714,2037.470857142857,0.36,50.0,0.005,0.8889285714285506,1.0,2.0,0.5,100.0,LONG,M15
2024-02-08 19:30:00,NY,0.8253968253968254,0.7,long,2032.005,2029.6802142857143,2035.6545714285717,0.22,50.0,0.005,1.8247857142857324,1.0,2.0,0.5,100.0,LONG,M15
2024-02-15 23:30:00,Off,0.8461538461538461,0.7,long,2003.556,2002.1424285714286,2005.383142857143,0.35000000000000003,50.0,0.005,0.913571428571426,1.0,2.0,0.5,100.0,LONG,M15
2024-03-04 19:00:00,NY,0.8253968253968254,0.7,long,2113.928,2109.294857142857,2122.194285714286,0.11,50.0,0.005,4.133142857142892,1.0,2.0,0.5,100.0,LONG,M15
2024-03-05 15:00:00,London,0.8253968253968254,0.7,long,2135.034,2128.7894285714287,2146.523142857143,0.08,50.0,0.005,5.744571428571395,1.0,2.0,0.5,100.0,LONG,M15
2024-03-05 21:15:00,NY,0.7142857142857143,0.7,long,2129.158,2126.5610714285713,2133.351857142857,0.19,50.0,0.005,2.0969285714286343,1.0,2.0,0.5,100.0,LONG,M15
2024-03-07 06:45:00,Off,0.7142857142857143,0.7,long,2155.353,2151.809928571429,2161.439142857143,0.14,50.0,0.005,3.0430714285714333,1.0,2.0,0.5,100.0,LONG,M15
2024-03-11 22:45:00,Off,0.8253968253968254,0.7,long,2181.201,2178.9689285714285,2184.6651428571427,0.22,50.0,0.005,1.7320714285713816,1.0,2.0,0.5,100.0,LONG,M15
2024-03-13 14:15:00,London,0.8461538461538461,0.7,long,2166.85,2163.285857142857,2172.9782857142854,0.14,50.0,0.005,3.064142857142867,1.0,2.0,0.5,100.0,LONG,M15
2024-03-18 23:30:00,Off,0.8253968253968254,0.7,long,2161.252,2159.8334999999997,2163.089,0.35000000000000003,50.0,0.005,0.9185000000000272,1.0,2.0,0.5,100.0,LONG,M15
2024-03-19 23:15:00,Off,0.8253968253968254,0.7,long,2157.809,2156.396928571429,2159.633142857143,0.35000000000000003,50.0,0.005,0.9120714285714452,1.0,2.0,0.5,100.0,LONG,M15
2024-03-19 23:30:00,Off,0.8181818181818182,0.7,long,2157.439,2156.054071428571,2159.208857142857,0.36,50.0,0.005,0.8849285714285803,1.0,2.0,0.5,100.0,LONG,M15
2024-03-20 15:30:00,London,0.7142857142857143,0.7,long,2155.455,2151.293857142857,2162.7772857142854,0.12,50.0,0.005,3.661142857142847,1.0,2.0,0.5,100.0,LONG,M15
2024-03-21 00:45:00,Off,0.8253968253968254,0.7,long,2198.931,2191.5480714285713,2212.6968571428574,0.07,50.0,0.005,6.88292857142866,1.0,2.0,0.5,100.0,LONG,M15
2024-03-26 13:30:00,London,0.8253968253968254,0.7,long,2180.796,2175.8735714285713,2189.640857142857,0.1,50.0,0.005,4.422428571428619,1.0,2.0,0.5,100.0,LONG,M15
2024-03-27 05:30:00,Off,0.8253968253968254,0.7,long,2176.895,2174.471285714286,2180.7424285714287,0.21,50.0,0.005,1.923714285714303,1.0,2.0,0.5,100.0,LONG,M15
2024-03-27 13:00:00,London,0.8253968253968254,0.7,long,2186.088,2181.865142857143,2193.5337142857143,0.12,50.0,0.005,3.7228571428571033,1.0,2.0,0.5,100.0,LONG,M15
2024-03-27 13:30:00,London,0.8461538461538461,0.7,long,2190.384,2186.0660714285714,2198.0198571428573,0.12,50.0,0.005,3.817928571428573,1.0,2.0,0.5,100.0,LONG,M15
2024-03-27 18:30:00,NY,0.8253968253968254,0.7,long,2190.835,2188.364857142857,2194.7752857142855,0.2,50.0,0.005,1.970142857142784,1.0,2.0,0.5,100.0,LONG,M15
2024-03-28 13:45:00,London,0.8253968253968254,0.7,long,2206.6,2200.5469999999996,2217.706,0.08,50.0,0.005,5.553000000000111,1.0,2.0,0.5,100.0,LONG,M15
2024-04-02 10:45:00,London,0.8253968253968254,0.7,long,2262.101,2258.232785714286,2268.8374285714285,0.13,50.0,0.005,3.3682142857142674,1.0,2.0,0.5,100.0,LONG,M15
2024-04-02 23:45:00,Off,0.8253968253968254,0.7,long,2280.206,2276.536285714286,2286.5454285714286,0.14,50.0,0.005,3.1697142857143,1.0,2.0,0.5,100.0,LONG,M15
2024-04-03 05:00:00,Off,0.8181818181818182,0.7,long,2281.787,2278.9309285714285,2286.499142857143,0.18,50.0,0.005,2.3560714285714703,1.0,2.0,0.5,100.0,LONG,M15
2024-04-05 12:30:00,London,0.8253968253968254,0.7,long,2289.106,2284.4927857142857,2297.332428571429,0.11,50.0,0.005,4.113214285714321,1.0,2.0,0.5,100.0,LONG,M15
2024-04-05 13:45:00,London,0.8253968253968254,0.7,long,2299.753,2293.8665714285717,2310.525857142857,0.08,50.0,0.005,5.386428571428529,1.0,2.0,0.5,100.0,LONG,M15
2024-04-05 19:00:00,NY,0.8181818181818182,0.7,long,2321.95,2318.2645714285713,2328.3208571428568,0.14,50.0,0.005,3.1854285714284742,1.0,2.0,0.5,100.0,LONG,M15
2024-04-05 19:45:00,NY,0.8253968253968254,0.7,long,2323.12,2319.754142857143,2328.851714285714,0.15,50.0,0.005,2.865857142857002,1.0,2.0,0.5,100.0,LONG,M15
2024-04-08 06:00:00,Off,0.8253968253968254,0.7,long,2332.374,2326.8830714285714,2342.355857142857,0.09,50.0,0.005,4.990928571428542,1.0,2.0,0.5,100.0,LONG,M15
2024-04-09 03:00:00,Off,0.8181818181818182,0.7,long,2344.5,2340.450714285714,2351.5985714285716,0.12,50.0,0.005,3.549285714285783,1.0,2.0,0.5,100.0,LONG,M15
2024-04-10 13:00:00,London,0.7142857142857143,0.7,long,2322.192,2316.02,2333.536,0.08,50.0,0.005,5.671999999999993,1.0,2.0,0.5,100.0,LONG,M15
2024-04-10 15:00:00,London,0.8253968253968254,0.7,long,2332.16,2321.239285714286,2353.0014285714283,0.05,50.0,0.005,10.420714285714212,1.0,2.0,0.5,100.0,LONG,M15
2024-04-11 07:00:00,London,0.8253968253968254,0.7,long,2338.749,2335.314714285714,2344.6175714285714,0.15,50.0,0.005,2.9342857142858065,1.0,2.0,0.5,100.0,LONG,M15
2024-04-15 20:30:00,NY,0.7142857142857143,0.7,long,2382.452,2376.4230000000002,2393.51,0.08,50.0,0.005,5.528999999999996,1.0,2.0,0.5,100.0,LONG,M15
2024-04-16 17:45:00,NY,0.7142857142857143,0.7,long,2384.702,2376.6113571428573,2399.883285714286,0.06,50.0,0.005,7.590642857142841,1.0,2.0,0.5,100.0,LONG,M15
2024-04-17 11:45:00,London,0.8181818181818182,0.7,long,2387.298,2383.4737857142854,2393.9464285714284,0.13,50.0,0.005,3.3242142857142687,1.0,2.0,0.5,100.0,LONG,M15
2024-04-19 03:15:00,Off,0.8253968253968254,0.7,long,2385.818,2375.449142857143,2405.5557142857147,0.05,50.0,0.005,9.868857142857124,1.0,2.0,0.5,100.0,LONG,M15
2024-04-23 14:45:00,London,0.8253968253968254,0.7,long,2320.35,2313.2738571428567,2333.502285714286,0.07,50.0,0.005,6.576142857142973,1.0,2.0,0.5,100.0,LONG,M15
2024-05-01 14:45:00,London,0.8253968253968254,0.7,long,2304.382,2299.2205,2313.705,0.1,50.0,0.005,4.6614999999999975,1.0,2.0,0.5,100.0,LONG,M15
2024-05-01 20:00:00,NY,0.8253968253968254,0.7,long,2314.122,2305.7731428571424,2329.8197142857143,0.06,50.0,0.005,7.848857142857241,1.0,2.0,0.5,100.0,LONG,M15
2024-05-01 23:00:00,Off,0.8461538461538461,0.7,long,2321.491,2315.507642857143,2332.4577142857142,0.08,50.0,0.005,5.483357142857195,1.0,2.0,0.5,100.0,LONG,M15
2024-05-01 23:45:00,Off,0.8461538461538461,0.7,long,2323.809,2319.342642857143,2331.7417142857144,0.11,50.0,0.005,3.966357142857175,1.0,2.0,0.5,100.0,LONG,M15
2024-05-06 14:30:00,London,0.8253968253968254,0.7,long,2321.258,2315.2971428571427,2332.179714285714,0.08,50.0,0.005,5.460857142857192,1.0,2.0,0.5,100.0,LONG,M15
2024-05-09 13:00:00,London,0.8253968253968254,0.7,long,2314.832,2310.033,2323.43,0.1,50.0,0.005,4.298999999999978,1.0,2.0,0.5,100.0,LONG,M15
2024-05-14 16:30:00,London,0.8253968253968254,0.7,long,2352.092,2347.272,2360.732,0.1,50.0,0.005,4.320000000000001,1.0,2.0,0.5,100.0,LONG,M15
2024-05-15 13:30:00,London,0.8181818181818182,0.7,long,2361.817,2356.243785714286,2371.9634285714287,0.09,50.0,0.005,5.07321428571426,1.0,2.0,0.5,100.0,LONG,M15
2024-05-17 19:00:00,NY,0.8181818181818182,0.7,long,2414.364,2410.1257142857144,2421.8405714285714,0.12,50.0,0.005,3.738285714285699,1.0,2.0,0.5,100.0,LONG,M15
2024-05-20 02:45:00,Off,0.8181818181818182,0.7,long,2434.011,2428.1649285714284,2444.703142857143,0.09,50.0,0.005,5.346071428571512,1.0,2.0,0.5,100.0,LONG,M15
2024-05-20 06:30:00,Off,0.7142857142857143,0.7,long,2435.551,2430.391071428571,2444.870857142857,0.1,50.0,0.005,4.659928571428607,1.0,2.0,0.5,100.0,LONG,M15
2024-06-05 17:00:00,NY,0.8181818181818182,0.7,long,2353.766,2347.979714285714,2364.3385714285714,0.09,50.0,0.005,5.286285714285701,1.0,2.0,0.5,100.0,LONG,M15
2024-06-06 04:15:00,Off,0.7142857142857143,0.7,long,2368.873,2364.4027142857144,2376.813571428572,0.11,50.0,0.005,3.970285714285768,1.0,2.0,0.5,100.0,LONG,M15
2024-07-03 11:15:00,London,0.8253968253968254,0.7,long,2344.639,2341.509,2349.899,0.16,50.0,0.005,2.629999999999979,1.0,2.0,0.5,100.0,LONG,M15
2024-07-11 13:45:00,London,0.8253968253968254,0.7,long,2406.613,2399.352785714286,2420.1334285714283,0.07,50.0,0.005,6.760214285714191,1.0,2.0,0.5,100.0,LONG,M15
2024-07-15 13:00:00,London,0.8253968253968254,0.7,long,2412.465,2408.8129285714285,2418.769142857143,0.14,50.0,0.005,3.1520714285714866,1.0,2.0,0.5,100.0,LONG,M15
2024-07-23 12:45:00,London,0.8253968253968254,0.7,long,2405.453,2401.8242142857143,2411.7105714285713,0.14,50.0,0.005,3.128785714285673,1.0,2.0,0.5,100.0,LONG,M15
2024-07-23 14:30:00,London,0.8181818181818182,0.7,long,2405.81,2401.4432857142856,2413.543428571428,0.11,50.0,0.005,3.8667142857142216,1.0,2.0,0.5,100.0,LONG,M15
2024-07-26 06:15:00,Off,0.8181818181818182,0.7,long,2367.711,2363.9546428571425,2374.223714285714,0.13,50.0,0.005,3.256357142857106,1.0,2.0,0.5,100.0,LONG,M15
2024-07-26 16:00:00,London,0.7142857142857143,0.7,long,2386.353,2380.9012142857146,2396.2565714285715,0.09,50.0,0.005,4.951785714285669,1.0,2.0,0.5,100.0,LONG,M15
2024-07-31 15:30:00,London,0.8461538461538461,0.7,long,2422.816,2418.398357142857,2430.6512857142857,0.11,50.0,0.005,3.91764285714284,1.0,2.0,0.5,100.0,LONG,M15
2024-07-31 18:00:00,NY,0.8181818181818182,0.7,long,2422.356,2418.8933571428574,2428.2812857142862,0.14,50.0,0.005,2.962642857142945,1.0,2.0,0.5,100.0,LONG,M15
2024-08-02 08:00:00,London,0.8253968253968254,0.7,long,2462.91,2458.629357142857,2470.4712857142854,0.12,50.0,0.005,3.780642857142766,1.0,2.0,0.5,100.0,LONG,M15
2024-08-05 06:15:00,Off,0.7142857142857143,0.7,long,2428.069,2421.5167142857144,2440.1735714285714,0.08,50.0,0.005,6.05228571428568,1.0,2.0,0.5,100.0,LONG,M15
2024-08-05 07:30:00,London,0.7142857142857143,0.7,long,2436.755,2428.9578571428574,2451.349285714286,0.06,50.0,0.005,7.297142857142879,1.0,2.0,0.5,100.0,LONG,M15
2024-08-07 13:45:00,London,0.8461538461538461,0.7,long,2400.04,2395.6164285714285,2407.887142857143,0.11,50.0,0.005,3.923571428571417,1.0,2.0,0.5,100.0,LONG,M15
2024-08-11 22:15:00,Off,0.8253968253968254,0.7,long,2432.53,2430.0047142857143,2436.580571428572,0.2,50.0,0.005,2.025285714285831,1.0,2.0,0.5,100.0,LONG,M15
2024-08-12 14:30:00,London,0.8181818181818182,0.7,long,2451.702,2447.5020000000004,2459.1020000000003,0.12,50.0,0.005,3.700000000000013,1.0,2.0,0.5,100.0,LONG,M15
2024-08-14 13:15:00,London,0.8181818181818182,0.7,long,2450.928,2445.321357142857,2461.1412857142855,0.09,50.0,0.005,5.106642857142853,1.0,2.0,0.5,100.0,LONG,M15
2024-08-16 00:00:00,Off,0.7142857142857143,0.7,long,2457.867,2455.840857142857,2460.9192857142857,0.25,50.0,0.005,1.5261428571427589,1.0,2.0,0.5,100.0,LONG,M15
2024-08-16 14:15:00,London,0.8181818181818182,0.7,long,2481.651,2473.909642857143,2496.133714285714,0.06,50.0,0.005,7.241357142857136,1.0,2.0,0.5,100.0,LONG,M15
2024-08-18 22:15:00,Off,0.8253968253968254,0.7,long,2504.241,2500.537,2510.649,0.13,50.0,0.005,3.204000000000048,1.0,2.0,0.5,100.0,LONG,M15
2024-08-21 20:45:00,NY,0.8253968253968254,0.7,long,2512.061,2508.604142857143,2517.9747142857145,0.14,50.0,0.005,2.956857142857092,1.0,2.0,0.5,100.0,LONG,M15
2024-08-21 22:45:00,Off,0.7142857142857143,0.7,long,2513.869,2511.0678571428575,2518.471285714286,0.18,50.0,0.005,2.301142857142817,1.0,2.0,0.5,100.0,LONG,M15
2024-08-23 16:45:00,London,0.8253968253968254,0.7,long,2510.244,2502.0087857142858,2525.714428571429,0.06,50.0,0.005,7.735214285714327,1.0,2.0,0.5,100.0,LONG,M15
2024-09-04 18:00:00,NY,0.8253968253968254,0.7,long,2493.559,2490.614857142857,2498.4472857142864,0.17,50.0,0.005,2.444142857143009,1.0,2.0,0.5,100.0,LONG,M15
2024-09-11 08:45:00,London,0.8253968253968254,0.7,long,2524.299,2520.5775,2530.742,0.13,50.0,0.005,3.2215000000000407,1.0,2.0,0.5,100.0,LONG,M15
2024-09-16 04:30:00,Off,0.7142857142857143,0.7,long,2585.071,2582.655714285714,2588.9015714285715,0.21,50.0,0.005,1.9152857142857689,1.0,2.0,0.5,100.0,LONG,M15
2024-09-18 12:45:00,London,0.8181818181818182,0.7,long,2576.215,2573.041,2581.563,0.16,50.0,0.005,2.6740000000000106,1.0,2.0,0.5,100.0,LONG,M15
2024-09-18 13:30:00,London,0.8253968253968254,0.7,long,2573.328,2569.7957142857144,2579.3925714285715,0.14,50.0,0.005,3.032285714285698,1.0,2.0,0.5,100.0,LONG,M15
2024-09-25 14:45:00,London,0.8253968253968254,0.7,long,2658.952,2654.0060714285714,2667.8438571428574,0.1,50.0,0.005,4.4459285714286,1.0,2.0,0.5,100.0,LONG,M15
2024-09-30 02:15:00,Off,0.8253968253968254,0.7,long,2653.321,2649.440857142857,2660.0812857142855,0.13,50.0,0.005,3.380142857142833,1.0,2.0,0.5,100.0,LONG,M15
2024-10-01 13:00:00,London,0.8181818181818182,0.7,long,2650.088,2646.630571428572,2656.0028571428575,0.14,50.0,0.005,2.957428571428572,1.0,2.0,0.5,100.0,LONG,M15
2024-10-29 15:30:00,London,0.8253968253968254,0.7,long,2763.684,2758.023571428572,2774.0048571428574,0.09,50.0,0.005,5.160428571428546,1.0,2.0,0.5,100.0,LONG,M15
2024-10-30 08:45:00,London,0.8253968253968254,0.7,long,2781.982,2778.564214285714,2787.8175714285712,0.15,50.0,0.005,2.917785714285725,1.0,2.0,0.5,100.0,LONG,M15
2024-11-05 11:00:00,London,0.8253968253968254,0.7,long,2739.935,2736.3166428571426,2746.171714285714,0.14,50.0,0.005,3.118357142857186,1.0,2.0,0.5,100.0,LONG,M15
2024-11-07 16:15:00,London,0.7142857142857143,0.7,long,2691.909,2685.6672142857146,2703.3925714285715,0.08,50.0,0.005,5.741785714285633,1.0,2.0,0.5,100.0,LONG,M15
2024-11-08 02:00:00,Off,0.8253968253968254,0.7,long,2698.402,2694.804785714286,2704.5964285714285,0.14,50.0,0.005,3.097214285714212,1.0,2.0,0.5,100.0,LONG,M15
2024-11-12 15:30:00,London,0.7142857142857143,0.7,long,2601.187,2594.362357142857,2613.8362857142856,0.07,50.0,0.005,6.3246428571428295,1.0,2.0,0.5,100.0,LONG,M15
2024-11-12 16:30:00,London,0.8253968253968254,0.7,long,2600.42,2593.650642857143,2612.9587142857144,0.07,50.0,0.005,6.269357142857156,1.0,2.0,0.5,100.0,LONG,M15
2024-11-13 05:30:00,Off,0.8461538461538461,0.7,long,2605.05,2601.331642857143,2611.4867142857147,0.13,50.0,0.005,3.2183571428571605,1.0,2.0,0.5,100.0,LONG,M15
2024-11-15 12:15:00,London,0.7142857142857143,0.7,long,2568.232,2564.2825714285714,2575.130857142857,0.13,50.0,0.005,3.449428571428565,1.0,2.0,0.5,100.0,LONG,M15
2024-11-15 12:45:00,London,0.8253968253968254,0.7,long,2569.086,2565.198357142857,2575.8612857142857,0.13,50.0,0.005,3.387642857142867,1.0,2.0,0.5,100.0,LONG,M15
2024-11-18 12:00:00,London,0.8253968253968254,0.7,long,2592.475,2588.1992857142855,2600.0264285714284,0.12,50.0,0.005,3.775714285714327,1.0,2.0,0.5,100.0,LONG,M15
2024-11-19 12:00:00,London,0.8461538461538461,0.7,long,2631.241,2627.1927142857144,2638.337571428571,0.12,50.0,0.005,3.5482857142856443,1.0,2.0,0.5,100.0,LONG,M15
2024-11-20 18:15:00,NY,0.8253968253968254,0.7,long,2648.076,2643.6051428571427,2656.017714285714,0.11,50.0,0.005,3.9708571428571497,1.0,2.0,0.5,100.0,LONG,M15
2024-11-20 18:45:00,NY,0.8461538461538461,0.7,long,2648.57,2644.533142857143,2655.6437142857144,0.12,50.0,0.005,3.5368571428571483,1.0,2.0,0.5,100.0,LONG,M15
2024-11-20 20:45:00,NY,0.8181818181818182,0.7,long,2648.907,2645.7768571428574,2654.1672857142858,0.16,50.0,0.005,2.630142857142833,1.0,2.0,0.5,100.0,LONG,M15
2024-11-20 21:45:00,NY,0.8461538461538461,0.7,long,2649.955,2647.2822142857144,2654.3005714285714,0.19,50.0,0.005,2.172785714285705,1.0,2.0,0.5,100.0,LONG,M15
2024-11-22 03:45:00,Off,0.7142857142857143,0.7,long,2686.153,2682.099142857143,2693.260714285714,0.12,50.0,0.005,3.553857142857136,1.0,2.0,0.5,100.0,LONG,M15
2024-11-26 14:30:00,London,0.8253968253968254,0.7,long,2622.387,2616.2007142857146,2633.7595714285717,0.08,50.0,0.005,5.6862857142856615,1.0,2.0,0.5,100.0,LONG,M15
2024-11-26 18:45:00,NY,0.8253968253968254,0.7,long,2623.412,2619.3745,2630.487,0.12,50.0,0.005,3.537500000000039,1.0,2.0,0.5,100.0,LONG,M15
2024-11-26 19:30:00,NY,0.8461538461538461,0.7,long,2626.855,2623.0327857142856,2633.499428571429,0.13,50.0,0.005,3.322214285714316,1.0,2.0,0.5,100.0,LONG,M15
2024-11-29 03:15:00,Off,0.8253968253968254,0.7,long,2658.69,2653.7588571428573,2667.552285714286,0.1,50.0,0.005,4.431142857142894,1.0,2.0,0.5,100.0,LONG,M15
2024-12-02 13:00:00,London,0.8253968253968254,0.7,long,2640.299,2635.7110714285714,2648.4748571428568,0.11,50.0,0.005,4.08792857142849,1.0,2.0,0.5,100.0,LONG,M15
2024-12-04 17:00:00,NY,0.8253968253968254,0.7,long,2650.921,2646.0609285714286,2659.6411428571428,0.1,50.0,0.005,4.36007142857144,1.0,2.0,0.5,100.0,LONG,M15
2024-12-09 04:45:00,Off,0.7142857142857143,0.7,long,2635.92,2631.491285714286,2643.7774285714286,0.11,50.0,0.005,3.9287142857142814,1.0,2.0,0.5,100.0,LONG,M15
2024-12-09 06:45:00,Off,0.8253968253968254,0.7,long,2643.819,2640.3072857142856,2649.8424285714286,0.14,50.0,0.005,3.0117142857142687,1.0,2.0,0.5,100.0,LONG,M15
2024-12-10 13:15:00,London,0.8253968253968254,0.7,long,2674.779,2670.386357142857,2682.5642857142857,0.11,50.0,0.005,3.892642857142911,1.0,2.0,0.5,100.0,LONG,M15
2024-12-11 10:45:00,London,0.8253968253968254,0.7,long,2694.506,2690.177642857143,2702.162714285714,0.12,50.0,0.005,3.828357142857125,1.0,2.0,0.5,100.0,LONG,M15
2024-12-11 19:00:00,NY,0.7142857142857143,0.7,long,2715.887,2711.8725000000004,2722.916,0.12,50.0,0.005,3.514499999999998,1.0,2.0,0.5,100.0,LONG,M15
2025-01-15 13:30:00,London,0.8253968253968254,0.7,long,2686.798,2683.1639999999998,2693.066,0.14,50.0,0.005,3.1339999999999497,1.0,2.0,0.5,100.0,LONG,M15
2025-01-20 11:30:00,London,0.8253968253968254,0.7,long,2707.771,2704.175,2713.963,0.14,50.0,0.005,3.096000000000036,1.0,2.0,0.5,100.0,LONG,M15
2025-01-22 18:00:00,NY,0.8253968253968254,0.7,long,2755.868,2752.2597142857144,2762.0845714285715,0.14,50.0,0.005,3.1082857142856875,1.0,2.0,0.5,100.0,LONG,M15
2025-01-24 14:30:00,London,0.7142857142857143,0.7,long,2778.326,2774.36,2785.2580000000003,0.13,50.0,0.005,3.4660000000000246,1.0,2.0,0.5,100.0,LONG,M15
2025-02-03 15:30:00,London,0.8253968253968254,0.7,long,2816.749,2810.521357142857,2828.2042857142856,0.08,50.0,0.005,5.7276428571428175,1.0,2.0,0.5,100.0,LONG,M15
2025-02-05 07:00:00,London,0.8253968253968254,0.7,long,2856.906,2853.3645,2862.989,0.14,50.0,0.005,3.0415000000000094,1.0,2.0,0.5,100.0,LONG,M15
2025-02-05 11:15:00,London,0.8181818181818182,0.7,long,2869.532,2865.2174285714286,2877.1611428571427,0.12,50.0,0.005,3.814571428571331,1.0,2.0,0.5,100.0,LONG,M15
2025-02-05 12:45:00,London,0.8253968253968254,0.7,long,2870.255,2866.313785714286,2877.1374285714287,0.13,50.0,0.005,3.4412142857142305,1.0,2.0,0.5,100.0,LONG,M15
2025-02-10 01:45:00,Off,0.8181818181818182,0.7,long,2871.866,2867.678142857143,2879.2417142857144,0.12,50.0,0.005,3.6878571428571183,1.0,2.0,0.5,100.0,LONG,M15
2025-02-10 10:30:00,London,0.8253968253968254,0.7,long,2901.402,2897.1770714285717,2908.851857142857,0.12,50.0,0.005,3.724928571428466,1.0,2.0,0.5,100.0,LONG,M15
2025-02-11 02:30:00,Off,0.8253968253968254,0.7,long,2917.124,2908.8800714285712,2932.611857142857,0.06,50.0,0.005,7.743928571428602,1.0,2.0,0.5,100.0,LONG,M15
2025-02-11 06:00:00,Off,0.8253968253968254,0.7,long,2926.491,2921.0490714285716,2936.3748571428573,0.09,50.0,0.005,4.941928571428564,1.0,2.0,0.5,100.0,LONG,M15
2025-02-12 19:15:00,NY,0.8461538461538461,0.7,long,2895.066,2890.4242857142854,2903.3494285714287,0.11,50.0,0.005,4.141714285714345,1.0,2.0,0.5,100.0,LONG,M15
2025-02-13 06:30:00,Off,0.7142857142857143,0.7,long,2914.073,2910.1800714285714,2920.8588571428572,0.13,50.0,0.005,3.3929285714286186,1.0,2.0,0.5,100.0,LONG,M15
2025-02-17 08:30:00,London,0.7142857142857143,0.7,long,2898.119,2893.076142857143,2907.2047142857145,0.1,50.0,0.005,4.5428571428571365,1.0,2.0,0.5,100.0,LONG,M15
2025-02-17 11:00:00,London,0.8253968253968254,0.7,long,2899.378,2895.1180714285715,2906.8978571428574,0.12,50.0,0.005,3.759928571428613,1.0,2.0,0.5,100.0,LONG,M15
2025-02-19 12:30:00,London,0.7142857142857143,0.7,long,2936.075,2931.798357142857,2943.6282857142855,0.12,50.0,0.005,3.776642857142796,1.0,2.0,0.5,100.0,LONG,M15
2025-02-21 12:00:00,London,0.7142857142857143,0.7,long,2931.09,2927.285142857143,2937.6997142857144,0.13,50.0,0.005,3.3048571428571125,1.0,2.0,0.5,100.0,LONG,M15
2025-02-25 20:15:00,NY,0.8253968253968254,0.7,long,2912.687,2908.4920714285713,2920.0768571428566,0.12,50.0,0.005,3.694928571428461,1.0,2.0,0.5,100.0,LONG,M15
2025-02-26 02:00:00,Off,0.8253968253968254,0.7,long,2916.752,2912.203571428571,2924.848857142857,0.11,50.0,0.005,4.048428571428531,1.0,2.0,0.5,100.0,LONG,M15
2025-03-03 18:30:00,NY,0.8253968253968254,0.7,long,2887.447,2882.7745,2895.792,0.11,50.0,0.005,4.172499999999998,1.0,2.0,0.5,100.0,LONG,M15
2025-03-04 21:15:00,NY,0.7142857142857143,0.7,long,2915.207,2911.5505714285714,2921.5198571428573,0.14,50.0,0.005,3.156428571428608,1.0,2.0,0.5,100.0,LONG,M15
2025-03-05 21:30:00,NY,0.8253968253968254,0.7,long,2918.279,2915.292857142857,2923.2512857142856,0.17,50.0,0.005,2.48614285714286,1.0,2.0,0.5,100.0,LONG,M15
2025-03-05 23:00:00,Off,0.8253968253968254,0.7,long,2917.602,2914.993857142857,2921.8182857142856,0.19,50.0,0.005,2.108142857142866,1.0,2.0,0.5,100.0,LONG,M15
2025-03-05 23:15:00,Off,0.7142857142857143,0.7,long,2917.444,2914.9838571428572,2921.364285714286,0.2,50.0,0.005,1.9601428571428576,1.0,2.0,0.5,100.0,LONG,M15
2025-03-12 11:15:00,London,0.7142857142857143,0.7,long,2913.32,2909.6347142857144,2919.6905714285713,0.14,50.0,0.005,3.1852857142856528,1.0,2.0,0.5,100.0,LONG,M15
2025-03-12 11:30:00,London,0.8461538461538461,0.7,long,2915.065,2911.3373571428574,2921.520285714286,0.13,50.0,0.005,3.227642857142817,1.0,2.0,0.5,100.0,LONG,M15
2025-03-12 12:30:00,London,0.8461538461538461,0.7,long,2918.962,2915.2545,2925.377,0.13,50.0,0.005,3.2074999999999494,1.0,2.0,0.5,100.0,LONG,M15
2025-03-14 10:45:00,London,0.7142857142857143,0.7,long,2993.213,2988.2123571428574,3002.214285714286,0.1,50.0,0.005,4.500642857142858,1.0,2.0,0.5,100.0,LONG,M15
2025-03-18 05:15:00,Off,0.8253968253968254,0.7,long,3007.472,3003.8592857142858,3013.6974285714286,0.14,50.0,0.005,3.112714285714316,1.0,2.0,0.5,100.0,LONG,M15
2025-03-18 14:15:00,London,0.8253968253968254,0.7,long,3029.139,3023.1752142857144,3040.0665714285715,0.08,50.0,0.005,5.463785714285677,1.0,2.0,0.5,100.0,LONG,M15
2025-03-19 06:15:00,Off,0.8253968253968254,0.7,long,3036.779,3032.8475714285714,3043.641857142857,0.13,50.0,0.005,3.4314285714286337,1.0,2.0,0.5,100.0,LONG,M15
2025-03-19 06:30:00,Off,0.8461538461538461,0.7,long,3039.952,3035.8527142857147,3047.1505714285718,0.12,50.0,0.005,3.59928571428577,1.0,2.0,0.5,100.0,LONG,M15
2025-03-25 12:30:00,London,0.8253968253968254,0.7,long,3018.809,3015.2877142857146,3024.851571428572,0.14,50.0,0.005,3.021285714285731,1.0,2.0,0.5,100.0,LONG,M15
2025-03-26 12:45:00,London,0.8461538461538461,0.7,long,3027.139,3023.394285714286,3033.6284285714287,0.13,50.0,0.005,3.2447142857142484,1.0,2.0,0.5,100.0,LONG,M15
2025-03-27 07:30:00,London,0.8253968253968254,0.7,long,3033.473,3029.4269999999997,3040.565,0.12,50.0,0.005,3.546000000000049,1.0,2.0,0.5,100.0,LONG,M15
2025-04-02 05:30:00,Off,0.8253968253968254,0.7,long,3116.402,3111.701857142857,3124.802285714286,0.11,50.0,0.005,4.2001428571428665,1.0,2.0,0.5,100.0,LONG,M15
2025-04-02 07:00:00,London,0.8253968253968254,0.7,long,3113.612,3108.7022857142856,3122.4314285714286,0.1,50.0,0.005,4.409714285714309,1.0,2.0,0.5,100.0,LONG,M15
2025-04-02 07:15:00,London,0.8253968253968254,0.7,long,3116.701,3111.6851428571426,3125.7327142857143,0.1,50.0,0.005,4.515857142857191,1.0,2.0,0.5,100.0,LONG,M15
2025-04-03 23:00:00,Off,0.7142857142857143,0.7,long,3111.238,3106.16,3120.394,0.1,50.0,0.005,4.577999999999975,1.0,2.0,0.5,100.0,LONG,M15
2025-04-03 23:45:00,Off,0.8253968253968254,0.7,long,3112.884,3108.274214285714,3121.1035714285713,0.11,50.0,0.005,4.109785714285668,1.0,2.0,0.5,100.0,LONG,M15
2025-04-07 06:30:00,Off,0.7142857142857143,0.7,long,3027.811,3016.9243571428574,3048.5842857142857,0.05,50.0,0.005,10.386642857142729,1.0,2.0,0.5,100.0,LONG,M15
2025-04-07 13:00:00,London,0.8253968253968254,0.7,long,3027.529,3018.4129285714284,3044.7611428571427,0.05,50.0,0.005,8.616071428571363,1.0,2.0,0.5,100.0,LONG,M15
2025-04-08 12:45:00,London,0.8461538461538461,0.7,long,3002.581,2995.838142857143,3015.0667142857146,0.07,50.0,0.005,6.242857142857149,1.0,2.0,0.5,100.0,LONG,M15
2025-04-09 06:00:00,Off,0.8461538461538461,0.7,long,3020.433,3012.972214285714,3034.3545714285715,0.07,50.0,0.005,6.960785714285781,1.0,2.0,0.5,100.0,LONG,M15
2025-04-09 07:30:00,London,0.8181818181818182,0.7,long,3046.143,3037.074357142857,3063.280285714286,0.06,50.0,0.005,8.568642857142907,1.0,2.0,0.5,100.0,LONG,M15
2025-04-09 12:45:00,London,0.8461538461538461,0.7,long,3047.418,3037.526642857143,3066.200714285714,0.05,50.0,0.005,9.391357142857064,1.0,2.0,0.5,100.0,LONG,M15
2025-04-10 03:45:00,Off,0.8253968253968254,0.7,long,3125.406,3114.7906428571428,3145.6367142857143,0.05,50.0,0.005,10.11535714285716,1.0,2.0,0.5,100.0,LONG,M15
2025-04-11 05:45:00,Off,0.7142857142857143,0.7,long,3195.822,3187.7965000000004,3210.873,0.06,50.0,0.005,7.525499999999965,1.0,2.0,0.5,100.0,LONG,M15
2025-04-11 13:45:00,London,0.8253968253968254,0.7,long,3224.124,3213.471857142857,3244.4282857142857,0.05,50.0,0.005,10.152142857142865,1.0,2.0,0.5,100.0,LONG,M15
2025-04-14 04:00:00,Off,0.7142857142857143,0.7,long,3234.542,3226.8320714285715,3248.9618571428573,0.06,50.0,0.005,7.209928571428626,1.0,2.0,0.5,100.0,LONG,M15
2025-04-14 18:30:00,NY,0.8253968253968254,0.7,long,3204.361,3198.780214285714,3214.522571428571,0.09,50.0,0.005,5.080785714285704,1.0,2.0,0.5,100.0,LONG,M15
2025-04-16 01:30:00,Off,0.8253968253968254,0.7,long,3265.761,3258.4714285714285,3279.340142857143,0.07,50.0,0.005,6.789571428571337,1.0,2.0,0.5,100.0,LONG,M15
2025-04-16 08:30:00,London,0.8461538461538461,0.7,long,3292.344,3284.9854285714287,3306.061142857143,0.07,50.0,0.005,6.858571428571395,1.0,2.0,0.5,100.0,LONG,M15
2025-04-16 10:15:00,London,0.8461538461538461,0.7,long,3303.964,3295.2658571428574,3320.3602857142855,0.06,50.0,0.005,8.198142857142784,1.0,2.0,0.5,100.0,LONG,M15
2025-04-16 11:15:00,London,0.8461538461538461,0.7,long,3295.083,3286.1825000000003,3311.884,0.06,50.0,0.005,8.400499999999933,1.0,2.0,0.5,100.0,LONG,M15
2025-04-16 11:30:00,London,0.8461538461538461,0.7,long,3302.909,3294.130785714286,3319.4654285714287,0.06,50.0,0.005,8.278214285714252,1.0,2.0,0.5,100.0,LONG,M15
2025-04-16 13:30:00,London,0.8461538461538461,0.7,long,3298.835,3291.096857142857,3313.3112857142855,0.06,50.0,0.005,7.238142857142845,1.0,2.0,0.5,100.0,LONG,M15
2025-04-16 23:15:00,Off,0.8461538461538461,0.7,long,3351.103,3346.023857142857,3360.261285714286,0.1,50.0,0.005,4.579142857142967,1.0,2.0,0.5,100.0,LONG,M15
2025-04-17 13:30:00,London,0.7142857142857143,0.7,long,3329.596,3320.9995714285715,3345.788857142857,0.06,50.0,0.005,8.096428571428564,1.0,2.0,0.5,100.0,LONG,M15
2025-04-21 07:45:00,London,0.8253968253968254,0.7,long,3385.082,3379.5604285714285,3395.125142857143,0.09,50.0,0.005,5.021571428571568,1.0,2.0,0.5,100.0,LONG,M15
2025-04-21 11:00:00,London,0.8315089578055446,0.7,long,3388.86,3383.411785714286,3398.7564285714284,0.09,50.0,0.005,4.948214285714228,1.0,2.0,0.5,100.0,LONG,M15
2025-04-21 15:00:00,London,0.8253968253968254,0.7,long,3412.049,3401.9010714285714,3431.344857142857,0.05,50.0,0.005,9.6479285714285,1.0,2.0,0.5,100.0,LONG,M15
2025-04-21 15:15:00,London,0.8461538461538461,0.7,long,3420.812,3410.2494285714283,3440.9371428571426,0.05,50.0,0.005,10.062571428571378,1.0,2.0,0.5,100.0,LONG,M15
2025-04-22 05:30:00,Off,0.8253968253968254,0.7,long,3488.101,3478.751357142857,3505.800285714286,0.05,50.0,0.005,8.849642857142888,1.0,2.0,0.5,100.0,LONG,M15
2025-04-23 18:45:00,NY,0.7142857142857143,0.7,long,3282.766,3273.7605714285714,3299.7768571428574,0.06,50.0,0.005,8.505428571428638,1.0,2.0,0.5,100.0,LONG,M15
2025-04-24 05:30:00,Off,0.7142857142857143,0.7,long,3331.082,3322.1862857142855,3347.8734285714286,0.06,50.0,0.005,8.395714285714316,1.0,2.0,0.5,100.0,LONG,M15
2025-04-27 23:45:00,Off,0.8253968253968254,0.7,long,3302.739,3294.1782857142857,3318.8604285714287,0.06,50.0,0.005,8.060714285714214,1.0,2.0,0.5,100.0,LONG,M15
2025-04-29 18:00:00,NY,0.8253968253968254,0.7,long,3318.23,3311.502,3330.6859999999997,0.07,50.0,0.005,6.227999999999903,1.0,2.0,0.5,100.0,LONG,M15
2025-04-29 19:00:00,NY,0.8253968253968254,0.7,long,3322.935,3316.9514285714286,3333.9021428571427,0.08,50.0,0.005,5.483571428571362,1.0,2.0,0.5,100.0,LONG,M15
2025-04-30 14:30:00,London,0.8253968253968254,0.7,long,3294.265,3282.6022857142857,3316.5904285714287,0.04,50.0,0.005,11.162714285714337,1.0,2.0,0.5,100.0,LONG,M15
2025-05-05 03:30:00,Off,0.7142857142857143,0.7,long,3255.289,3247.6890714285714,3269.4888571428573,0.07,50.0,0.005,7.099928571428661,1.0,2.0,0.5,100.0,LONG,M15
2025-05-05 07:30:00,London,0.8253968253968254,0.7,long,3264.275,3258.8905714285715,3274.043857142857,0.09,50.0,0.005,4.884428571428608,1.0,2.0,0.5,100.0,LONG,M15
2025-05-05 11:45:00,London,0.8253968253968254,0.7,long,3312.919,3305.654857142857,3326.4472857142855,0.07,50.0,0.005,6.76414285714288,1.0,2.0,0.5,100.0,LONG,M15
2025-05-05 23:00:00,Off,0.8253968253968254,0.7,long,3331.78,3326.0305000000003,3342.279,0.09,50.0,0.005,5.249499999999963,1.0,2.0,0.5,100.0,LONG,M15
2025-05-06 03:00:00,Off,0.8253968253968254,0.7,long,3356.92,3344.7605714285714,3380.2388571428573,0.04,50.0,0.005,11.659428571428602,1.0,2.0,0.5,100.0,LONG,M15
2025-05-06 04:30:00,Off,0.8253968253968254,0.7,long,3360.606,3349.7262142857144,3381.365571428572,0.05,50.0,0.005,10.379785714285749,1.0,2.0,0.5,100.0,LONG,M15
2025-05-06 04:45:00,Off,0.8253968253968254,0.7,long,3363.248,3352.5057857142856,3383.7324285714285,0.05,50.0,0.005,10.242214285714324,1.0,2.0,0.5,100.0,LONG,M15
2025-05-06 12:15:00,London,0.8461538461538461,0.7,long,3376.384,3370.444285714286,3387.2634285714284,0.08,50.0,0.005,5.439714285714184,1.0,2.0,0.5,100.0,LONG,M15
2025-05-06 14:45:00,London,0.8253968253968254,0.7,long,3386.29,3377.6004285714284,3402.669142857143,0.06,50.0,0.005,8.189571428571428,1.0,2.0,0.5,100.0,LONG,M15
2025-05-12 22:45:00,Off,0.8253968253968254,0.7,long,3233.906,3228.9954285714284,3242.7271428571426,0.1,50.0,0.005,4.410571428571367,1.0,2.0,0.5,100.0,LONG,M15
2025-05-13 11:15:00,London,0.8253968253968254,0.7,long,3255.841,3251.0197857142857,3264.4834285714287,0.1,50.0,0.005,4.321214285714307,1.0,2.0,0.5,100.0,LONG,M15
2025-05-14 01:30:00,Off,0.8212398804675624,0.7,long,3244.872,3239.0451428571428,3255.525714285714,0.09,50.0,0.005,5.326857142857112,1.0,2.0,0.5,100.0,LONG,M15
2025-05-14 10:45:00,London,0.8461538461538461,0.7,long,3235.753,3229.6992142857143,3246.860571428572,0.08,50.0,0.005,5.553785714285725,1.0,2.0,0.5,100.0,LONG,M15
2025-05-14 12:45:00,London,0.7142857142857143,0.7,long,3184.754,3176.4524285714283,3200.3571428571427,0.06,50.0,0.005,7.801571428571476,1.0,2.0,0.5,100.0,LONG,M15
2025-05-14 13:00:00,London,0.8181818181818182,0.7,long,3179.424,3170.652714285714,3195.9665714285716,0.06,50.0,0.005,8.271285714285796,1.0,2.0,0.5,100.0,LONG,M15
2025-05-19 14:00:00,London,0.8253968253968254,0.7,long,3222.872,3214.7871428571425,3238.041714285714,0.06,50.0,0.005,7.5848571428571825,1.0,2.0,0.5,100.0,LONG,M15
2025-05-19 14:45:00,London,0.8253968253968254,0.7,long,3233.939,3224.9551428571426,3250.9067142857143,0.06,50.0,0.005,8.483857142857167,1.0,2.0,0.5,100.0,LONG,M15
2025-05-19 16:30:00,London,0.8181818181818182,0.7,long,3231.867,3223.9015714285715,3246.7978571428575,0.06,50.0,0.005,7.465428571428577,1.0,2.0,0.5,100.0,LONG,M15
2025-05-19 18:00:00,NY,0.7142857142857143,0.7,long,3228.199,3222.749142857143,3238.0987142857143,0.09,50.0,0.005,4.949857142857127,1.0,2.0,0.5,100.0,LONG,M15
2025-05-19 19:15:00,NY,0.8181818181818182,0.7,long,3234.219,3229.696,3242.265,0.11,50.0,0.005,4.022999999999944,1.0,2.0,0.5,100.0,LONG,M15
2025-05-20 13:00:00,London,0.8461538461538461,0.7,long,3236.46,3230.7680714285716,3246.8438571428574,0.09,50.0,0.005,5.191928571428629,1.0,2.0,0.5,100.0,LONG,M15
2025-05-20 23:30:00,Off,0.8253968253968254,0.7,long,3292.037,3286.746357142857,3301.618285714286,0.09,50.0,0.005,4.790642857142919,1.0,2.0,0.5,100.0,LONG,M15
2025-05-21 00:00:00,Off,0.8461538461538461,0.7,long,3294.661,3289.1247857142857,3304.7334285714287,0.09,50.0,0.005,5.036214285714356,1.0,2.0,0.5,100.0,LONG,M15
2025-05-21 08:00:00,London,0.8253968253968254,0.7,long,3305.237,3298.3636428571426,3317.9837142857145,0.07,50.0,0.005,6.37335714285723,1.0,2.0,0.5,100.0,LONG,M15
2025-05-21 10:30:00,London,0.8461538461538461,0.7,long,3311.147,3305.1972857142855,3322.046428571429,0.08,50.0,0.005,5.4497142857143706,1.0,2.0,0.5,100.0,LONG,M15
2025-05-23 14:00:00,London,0.8181818181818182,0.7,long,3343.888,3332.8377142857144,3364.9885714285715,0.05,50.0,0.005,10.550285714285726,1.0,2.0,0.5,100.0,LONG,M15
2025-05-29 14:30:00,London,0.8253968253968254,0.7,long,3308.047,3299.927357142857,3323.286285714286,0.06,50.0,0.005,7.61964285714287,1.0,2.0,0.5,100.0,LONG,M15
2025-05-30 01:00:00,Off,0.8253968253968254,0.7,long,3316.109,3311.8997142857143,3323.5275714285713,0.12,50.0,0.005,3.709285714285704,1.0,2.0,0.5,100.0,LONG,M15
2025-06-02 10:45:00,London,0.8253968253968254,0.7,long,3348.629,3343.3307142857143,3358.2255714285716,0.09,50.0,0.005,4.798285714285742,1.0,2.0,0.5,100.0,LONG,M15
2025-06-04 07:00:00,London,0.8253968253968254,0.7,long,3359.77,3354.4024285714286,3369.505142857143,0.09,50.0,0.005,4.867571428571442,1.0,2.0,0.5,100.0,LONG,M15
2025-06-04 08:00:00,London,0.8253968253968254,0.7,long,3355.751,3350.0766428571433,3366.0997142857145,0.09,50.0,0.005,5.174357142857128,1.0,2.0,0.5,100.0,LONG,M15
2025-06-11 02:00:00,Off,0.7142857142857143,0.7,long,3332.251,3326.6104285714287,3342.5321428571433,0.09,50.0,0.005,5.140571428571515,1.0,2.0,0.5,100.0,LONG,M15
2025-06-11 06:15:00,Off,0.8253968253968254,0.7,long,3333.348,3329.2225,3340.5989999999997,0.12,50.0,0.005,3.625499999999972,1.0,2.0,0.5,100.0,LONG,M15
2025-06-11 23:45:00,Off,0.8461538461538461,0.7,long,3365.376,3359.9020714285716,3375.3238571428574,0.09,50.0,0.005,4.973928571428554,1.0,2.0,0.5,100.0,LONG,M15
2025-06-12 01:00:00,Off,0.8253968253968254,0.7,long,3367.237,3360.775285714286,3379.160428571429,0.08,50.0,0.005,5.961714285714314,1.0,2.0,0.5,100.0,LONG,M15
2025-06-12 11:30:00,London,0.8253968253968254,0.7,long,3376.788,3369.7365714285716,3389.890857142857,0.07,50.0,0.005,6.551428571428557,1.0,2.0,0.5,100.0,LONG,M15
2025-06-12 15:15:00,London,0.8253968253968254,0.7,long,3388.253,3378.7995714285717,3406.159857142857,0.05,50.0,0.005,8.953428571428535,1.0,2.0,0.5,100.0,LONG,M15
2025-06-17 12:15:00,London,0.8253968253968254,0.7,long,3388.253,3382.2362857142857,3399.2864285714286,0.08,50.0,0.005,5.51671428571428,1.0,2.0,0.5,100.0,LONG,M15
2025-06-19 13:30:00,London,0.7142857142857143,0.7,long,3367.707,3362.518714285714,3377.0835714285713,0.1,50.0,0.005,4.68828571428581,1.0,2.0,0.5,100.0,LONG,M15
2025-06-23 12:30:00,London,0.8253968253968254,0.7,long,3359.922,3354.0132857142858,3370.7394285714286,0.08,50.0,0.005,5.408714285714268,1.0,2.0,0.5,100.0,LONG,M15
2025-06-23 17:15:00,NY,0.8181818181818182,0.7,long,3379.403,3372.233357142857,3392.7422857142856,0.07,50.0,0.005,6.66964285714289,1.0,2.0,0.5,100.0,LONG,M15
2025-06-23 18:15:00,NY,0.8253968253968254,0.7,long,3384.733,3378.400642857143,3396.3977142857148,0.08,50.0,0.005,5.832357142857226,1.0,2.0,0.5,100.0,LONG,M15
2025-06-23 18:30:00,NY,0.8253968253968254,0.7,long,3378.98,3372.3485,3391.2430000000004,0.08,50.0,0.005,6.13150000000009,1.0,2.0,0.5,100.0,LONG,M15
2025-06-25 17:30:00,NY,0.8253968253968254,0.7,long,3327.49,3323.1956428571425,3335.0787142857143,0.12,50.0,0.005,3.7943571428571823,1.0,2.0,0.5,100.0,LONG,M15
2025-06-26 05:30:00,Off,0.8253968253968254,0.7,long,3335.523,3331.7980000000002,3341.9730000000004,0.13,50.0,0.005,3.225000000000039,1.0,2.0,0.5,100.0,LONG,M15
2025-06-26 12:15:00,London,0.8253968253968254,0.7,long,3342.818,3337.8113571428576,3351.831285714286,0.1,50.0,0.005,4.506642857142879,1.0,2.0,0.5,100.0,LONG,M15
2025-07-01 13:45:00,London,0.7142857142857143,0.7,long,3351.512,3346.0815000000002,3361.373,0.09,50.0,0.005,4.930499999999971,1.0,2.0,0.5,100.0,LONG,M15
2025-07-02 13:45:00,London,0.8181818181818182,0.7,long,3337.44,3331.812142857143,3347.695714285714,0.09,50.0,0.005,5.127857142857108,1.0,2.0,0.5,100.0,LONG,M15
2025-07-15 19:30:00,NY,0.8253968253968254,0.7,long,3329.494,3325.819,3335.844,0.14,50.0,0.005,3.175000000000052,1.0,2.0,0.5,100.0,LONG,M15
2025-07-16 17:00:00,NY,0.8253968253968254,0.7,long,3351.268,3338.254785714286,3376.294428571429,0.04,50.0,0.005,12.513214285714314,1.0,2.0,0.5,100.0,LONG,M15
2024-01-02 13:00:00,London,0.7021896005259017,0.7,long,2066.272,2061.2974285714286,2075.2211428571427,0.1,50.0,0.005,4.474571428571478,1.0,2.0,0.5,100.0,LONG,H1
2024-01-10 13:00:00,London,0.722328130623331,0.7,long,2030.197,2025.7509285714284,2038.0891428571429,0.11,50.0,0.005,3.946071428571437,1.0,2.0,0.5,100.0,LONG,H1
2024-01-10 15:00:00,London,0.7194397523679702,0.7,long,2027.812,2022.9757142857143,2036.4845714285714,0.1,50.0,0.005,4.3362857142857205,1.0,2.0,0.5,100.0,LONG,H1
2024-01-11 14:00:00,London,0.708949221758228,0.7,long,2029.689,2024.4475714285716,2039.1718571428573,0.1,50.0,0.005,4.741428571428595,1.0,2.0,0.5,100.0,LONG,H1
2024-01-16 13:00:00,London,0.7185205801773281,0.7,long,2037.632,2032.9192142857144,2046.0575714285715,0.11,50.0,0.005,4.21278571428575,1.0,2.0,0.5,100.0,LONG,H1
2024-01-19 14:00:00,London,0.7154894212000728,0.7,long,2029.646,2025.3319999999999,2037.274,0.12,50.0,0.005,3.814000000000013,1.0,2.0,0.5,100.0,LONG,H1
2024-01-19 15:00:00,London,0.7114466398473114,0.7,long,2027.661,2022.9490714285714,2036.0848571428573,0.11,50.0,0.005,4.211928571428595,1.0,2.0,0.5,100.0,LONG,H1
2024-01-23 09:00:00,London,0.7003430992202815,0.7,long,2028.67,2024.3770000000002,2036.256,0.12,50.0,0.005,3.792999999999974,1.0,2.0,0.5,100.0,LONG,H1
2024-01-23 15:00:00,London,0.7242145947973481,0.7,long,2025.108,2019.8298571428572,2034.6642857142856,0.09,50.0,0.005,4.778142857142825,1.0,2.0,0.5,100.0,LONG,H1
2024-01-23 23:00:00,Off,0.7136506407902882,0.7,long,2029.137,2024.837142857143,2036.7367142857142,0.12,50.0,0.005,3.799857142857133,1.0,2.0,0.5,100.0,LONG,H1
2024-01-24 07:00:00,London,0.7024819156322012,0.7,long,2029.528,2025.9340714285713,2035.7158571428572,0.14,50.0,0.005,3.093928571428592,1.0,2.0,0.5,100.0,LONG,H1
2024-01-24 08:00:00,London,0.70419871483632,0.7,long,2030.899,2027.2622142857142,2037.1725714285712,0.14,50.0,0.005,3.136785714285728,1.0,2.0,0.5,100.0,LONG,H1
2024-01-30 12:00:00,London,0.7078874931734698,0.7,long,2035.884,2032.1619285714287,2042.328142857143,0.13,50.0,0.005,3.2220714285713905,1.0,2.0,0.5,100.0,LONG,H1
2024-01-31 06:00:00,Off,0.7030112360713254,0.7,long,2034.272,2031.3902857142857,2039.0354285714286,0.17,50.0,0.005,2.3817142857143057,1.0,2.0,0.5,100.0,LONG,H1
2024-01-31 16:00:00,London,0.7156063673326011,0.7,long,2049.962,2045.3229999999999,2058.2400000000002,0.11,50.0,0.005,4.139000000000043,1.0,2.0,0.5,100.0,LONG,H1
2024-02-02 00:00:00,Off,0.7105152442491182,0.7,long,2054.988,2047.483857142857,2068.9962857142855,0.07,50.0,0.005,7.004142857142889,1.0,2.0,0.5,100.0,LONG,H1
2024-02-06 21:00:00,NY,0.7089121543210258,0.7,long,2035.82,2031.3626428571429,2043.7347142857143,0.11,50.0,0.005,3.9573571428571768,1.0,2.0,0.5,100.0,LONG,H1
2024-02-06 23:00:00,Off,0.7078861668645994,0.7,long,2035.069,2030.721357142857,2042.7642857142857,0.12,50.0,0.005,3.8476428571429033,1.0,2.0,0.5,100.0,LONG,H1
2024-02-07 18:00:00,NY,0.7286440680965207,0.7,long,2034.76,2030.168642857143,2042.9427142857141,0.11,50.0,0.005,4.091357142857127,1.0,2.0,0.5,100.0,LONG,H1
2024-02-07 21:00:00,NY,0.7016352364069581,0.7,long,2034.943,2030.5410714285715,2042.7468571428572,0.11,50.0,0.005,3.901928571428568,1.0,2.0,0.5,100.0,LONG,H1
2024-02-12 15:00:00,London,0.7012732904619122,0.7,long,2013.132,2009.4895714285715,2019.4168571428572,0.14,50.0,0.005,3.1424285714285816,1.0,2.0,0.5,100.0,LONG,H1
2024-02-15 08:00:00,London,0.7095535710832792,0.7,long,1995.201,1992.3395,1999.924,0.17,50.0,0.005,2.3614999999999617,1.0,2.0,0.5,100.0,LONG,H1
2024-02-15 17:00:00,NY,0.7206125082316699,0.7,long,2003.605,1999.4462857142858,2010.9224285714286,0.12,50.0,0.005,3.658714285714301,1.0,2.0,0.5,100.0,LONG,H1
2024-02-21 01:00:00,Off,0.7187154783080416,0.7,long,2025.355,2022.2361428571428,2030.5927142857142,0.16,50.0,0.005,2.6188571428571583,1.0,2.0,0.5,100.0,LONG,H1
2024-02-21 15:00:00,London,0.7198957359931433,0.7,long,2024.149,2020.6754285714285,2030.0961428571427,0.14,50.0,0.005,2.973571428571404,1.0,2.0,0.5,100.0,LONG,H1
2024-02-21 17:00:00,NY,0.7023597764630702,0.7,long,2024.115,2020.7355714285713,2029.873857142857,0.15,50.0,0.005,2.8794285714285643,1.0,2.0,0.5,100.0,LONG,H1
2024-02-28 15:00:00,London,0.7009701550514594,0.7,long,2031.787,2028.2160714285715,2037.9288571428572,0.14,50.0,0.005,3.0709285714285506,1.0,2.0,0.5,100.0,LONG,H1
2024-02-28 23:00:00,Off,0.710689060730844,0.7,long,2034.303,2030.640285714286,2040.6284285714287,0.14,50.0,0.005,3.1627142857142547,1.0,2.0,0.5,100.0,LONG,H1
2024-03-01 01:00:00,Off,0.713279512628714,0.7,long,2044.289,2040.0624285714287,2051.742142857143,0.12,50.0,0.005,3.726571428571365,1.0,2.0,0.5,100.0,LONG,H1
2024-03-05 10:00:00,London,0.7024500517159913,0.7,long,2123.725,2119.197714285714,2131.779571428571,0.11,50.0,0.005,4.027285714285654,1.0,2.0,0.5,100.0,LONG,H1
2024-03-06 05:00:00,Off,0.7141882263704118,0.7,long,2125.244,2120.719857142857,2133.2922857142858,0.11,50.0,0.005,4.024142857142806,1.0,2.0,0.5,100.0,LONG,H1
2024-03-07 08:00:00,London,0.7035333626478706,0.7,long,2155.27,2149.1873571428573,2166.435285714286,0.08,50.0,0.005,5.582642857142868,1.0,2.0,0.5,100.0,LONG,H1
2024-03-08 05:00:00,Off,0.7031940354485398,0.7,long,2157.681,2153.261285714286,2165.5204285714285,0.11,50.0,0.005,3.919714285714333,1.0,2.0,0.5,100.0,LONG,H1
2024-03-08 06:00:00,Off,0.7266364025603735,0.7,long,2161.168,2156.777785714286,2168.948428571429,0.11,50.0,0.005,3.890214285714332,1.0,2.0,0.5,100.0,LONG,H1
2024-03-08 15:00:00,London,0.724874488719023,0.7,long,2177.164,2169.790142857143,2190.9117142857144,0.07,50.0,0.005,6.87385714285717,1.0,2.0,0.5,100.0,LONG,H1
2024-03-12 07:00:00,London,0.7027809135770539,0.7,long,2176.924,2172.923142857143,2183.9257142857145,0.12,50.0,0.005,3.50085714285722,1.0,2.0,0.5,100.0,LONG,H1
2024-03-21 07:00:00,London,0.703017266724388,0.7,long,2206.572,2196.999928571429,2224.716142857143,0.05,50.0,0.005,9.07207142857143,1.0,2.0,0.5,100.0,LONG,H1
2024-03-21 16:00:00,London,0.7067838267996202,0.7,long,2179.865,2172.178571428571,2194.237857142857,0.07,50.0,0.005,7.186428571428613,1.0,2.0,0.5,100.0,LONG,H1
2024-03-22 02:00:00,Off,0.7212228558644421,0.7,long,2172.579,2165.1442142857145,2186.4485714285715,0.07,50.0,0.005,6.934785714285714,1.0,2.0,0.5,100.0,LONG,H1
2024-03-26 04:00:00,Off,0.710791184728692,0.7,long,2172.263,2168.8384285714283,2178.1121428571428,0.15,50.0,0.005,2.924571428571458,1.0,2.0,0.5,100.0,LONG,H1
2024-03-27 13:00:00,London,0.7197860964301945,0.7,long,2193.302,2186.552285714286,2205.8014285714285,0.07,50.0,0.005,6.249714285714195,1.0,2.0,0.5,100.0,LONG,H1
2024-03-27 18:00:00,NY,0.7197057759142501,0.7,long,2192.389,2185.6400000000003,2204.887,0.07,50.0,0.005,6.248999999999926,1.0,2.0,0.5,100.0,LONG,H1
2024-03-28 05:00:00,Off,0.70003964619159,0.7,long,2197.203,2192.818214285714,2204.9725714285714,0.11,50.0,0.005,3.884785714285759,1.0,2.0,0.5,100.0,LONG,H1
2024-03-28 06:00:00,Off,0.7030034922396272,0.7,long,2198.666,2194.416857142857,2206.164285714286,0.12,50.0,0.005,3.74914285714291,1.0,2.0,0.5,100.0,LONG,H1
2024-03-28 07:00:00,London,0.7224535815101796,0.7,long,2193.719,2189.24,2201.677,0.11,50.0,0.005,3.979000000000074,1.0,2.0,0.5,100.0,LONG,H1
2024-03-28 08:00:00,London,0.7168681163267863,0.7,long,2194.729,2190.150357142857,2202.886285714286,0.11,50.0,0.005,4.07864285714293,1.0,2.0,0.5,100.0,LONG,H1
2024-03-31 23:00:00,Off,0.7188060462834714,0.7,long,2244.928,2234.7055,2264.373,0.05,50.0,0.005,9.722500000000082,1.0,2.0,0.5,100.0,LONG,H1
2024-04-02 00:00:00,Off,0.7190578013462124,0.7,long,2250.372,2241.992142857143,2266.131714285714,0.06,50.0,0.005,7.879857142857157,1.0,2.0,0.5,100.0,LONG,H1
2024-04-04 03:00:00,Off,0.7072245288943202,0.7,long,2299.175,2292.3302857142858,2311.8644285714286,0.07,50.0,0.005,6.344714285714255,1.0,2.0,0.5,100.0,LONG,H1
2024-04-04 09:00:00,London,0.7196275769970867,0.7,long,2293.21,2288.3695714285714,2301.8908571428574,0.1,50.0,0.005,4.3404285714286415,1.0,2.0,0.5,100.0,LONG,H1
2024-04-04 13:00:00,London,0.7061777659520941,0.7,long,2287.503,2282.289142857143,2296.9307142857147,0.1,50.0,0.005,4.713857142857218,1.0,2.0,0.5,100.0,LONG,H1
2024-04-04 17:00:00,NY,0.7101343354364565,0.7,long,2293.969,2287.900857142857,2305.105285714286,0.08,50.0,0.005,5.568142857142935,1.0,2.0,0.5,100.0,LONG,H1
2024-04-04 23:00:00,Off,0.7119624617325544,0.7,long,2288.891,2280.543142857143,2304.5867142857146,0.06,50.0,0.005,7.847857142857167,1.0,2.0,0.5,100.0,LONG,H1
2024-04-10 00:00:00,Off,0.7070367199593361,0.7,long,2351.63,2342.8222142857144,2368.2455714285716,0.06,50.0,0.005,8.307785714285696,1.0,2.0,0.5,100.0,LONG,H1
2024-04-10 01:00:00,Off,0.7072522485861015,0.7,long,2349.319,2340.5934285714284,2365.7701428571427,0.06,50.0,0.005,8.225571428571422,1.0,2.0,0.5,100.0,LONG,H1
2024-04-15 10:00:00,London,0.7046238032819216,0.7,long,2356.745,2346.259857142857,2376.7152857142855,0.05,50.0,0.005,9.985142857142916,1.0,2.0,0.5,100.0,LONG,H1
2024-04-17 01:00:00,Off,0.7102836021348947,0.7,long,2384.596,2373.8555,2405.077,0.05,50.0,0.005,10.240500000000011,1.0,2.0,0.5,100.0,LONG,H1
2024-04-17 02:00:00,Off,0.7055994817649386,0.7,long,2382.338,2371.711071428572,2402.5918571428574,0.05,50.0,0.005,10.126928571428577,1.0,2.0,0.5,100.0,LONG,H1
2024-04-17 04:00:00,Off,0.708027437587437,0.7,long,2381.919,2372.580857142857,2399.5952857142856,0.05,50.0,0.005,8.838142857142852,1.0,2.0,0.5,100.0,LONG,H1
2024-04-25 00:00:00,Off,0.7267083628305041,0.7,long,2319.111,2311.5822857142857,2333.1684285714286,0.07,50.0,0.005,7.028714285714321,1.0,2.0,0.5,100.0,LONG,H1
2024-04-25 02:00:00,Off,0.7002007315835252,0.7,long,2319.855,2312.3391428571426,2333.8867142857143,0.07,50.0,0.005,7.015857142857191,1.0,2.0,0.5,100.0,LONG,H1
2024-04-25 17:00:00,NY,0.7185273955901769,0.7,long,2332.2,2323.0899285714286,2349.4201428571428,0.05,50.0,0.005,8.610071428571375,1.0,2.0,0.5,100.0,LONG,H1
2024-05-10 11:00:00,London,0.7133833029500876,0.7,long,2372.126,2366.1202142857146,2383.1375714285714,0.08,50.0,0.005,5.505785714285691,1.0,2.0,0.5,100.0,LONG,H1
2024-05-10 15:00:00,London,0.7010196092959643,0.7,long,2364.804,2356.316428571429,2380.779142857143,0.06,50.0,0.005,7.987571428571463,1.0,2.0,0.5,100.0,LONG,H1
2024-05-16 03:00:00,Off,0.714198040235169,0.7,long,2388.637,2379.940285714286,2405.0304285714287,0.06,50.0,0.005,8.196714285714345,1.0,2.0,0.5,100.0,LONG,H1
2024-05-16 05:00:00,Off,0.7048283052832284,0.7,long,2390.16,2383.903357142857,2401.6732857142856,0.08,50.0,0.005,5.756642857142879,1.0,2.0,0.5,100.0,LONG,H1
2024-05-16 15:00:00,London,0.7212596270204271,0.7,long,2381.506,2374.8495,2393.819,0.08,50.0,0.005,6.156499999999953,1.0,2.0,0.5,100.0,LONG,H1
2024-05-21 01:00:00,Off,0.7122177143690381,0.7,long,2420.466,2410.9717857142855,2438.4544285714287,0.05,50.0,0.005,8.994214285714309,1.0,2.0,0.5,100.0,LONG,H1
2024-05-31 00:00:00,Off,0.7241570830738638,0.7,long,2346.319,2339.8661428571427,2358.224714285714,0.08,50.0,0.005,5.9528571428571535,1.0,2.0,0.5,100.0,LONG,H1
2024-05-31 01:00:00,Off,0.7071636489644856,0.7,long,2346.547,2340.5115714285716,2357.6178571428572,0.08,50.0,0.005,5.535428571428546,1.0,2.0,0.5,100.0,LONG,H1
2024-06-07 06:00:00,Off,0.7099655122336397,0.7,long,2375.404,2369.128357142857,2386.9552857142858,0.08,50.0,0.005,5.775642857142917,1.0,2.0,0.5,100.0,LONG,H1
2024-06-07 07:00:00,London,0.7052171474795763,0.7,long,2373.584,2367.3149999999996,2385.122,0.08,50.0,0.005,5.76900000000007,1.0,2.0,0.5,100.0,LONG,H1
2024-06-11 17:00:00,NY,0.7155830587500247,0.7,long,2312.702,2306.3278571428573,2324.450285714286,0.08,50.0,0.005,5.874142857142845,1.0,2.0,0.5,100.0,LONG,H1
2024-06-12 15:00:00,London,0.7143759611161319,0.7,long,2335.542,2327.9182142857144,2349.7895714285714,0.07,50.0,0.005,7.123785714285759,1.0,2.0,0.5,100.0,LONG,H1
2024-06-13 00:00:00,Off,0.7003549730797577,0.7,long,2320.728,2311.4660714285715,2338.2518571428573,0.05,50.0,0.005,8.761928571428532,1.0,2.0,0.5,100.0,LONG,H1
2024-06-19 00:00:00,Off,0.7255306233494182,0.7,long,2329.447,2323.221,2340.899,0.08,50.0,0.005,5.72599999999995,1.0,2.0,0.5,100.0,LONG,H1
2024-06-19 05:00:00,Off,0.7147643931260772,0.7,long,2329.3,2325.2322142857147,2336.4355714285716,0.12,50.0,0.005,3.567785714285687,1.0,2.0,0.5,100.0,LONG,H1
2024-06-19 11:00:00,London,0.7134999540096496,0.7,long,2330.407,2326.8604285714287,2336.500142857143,0.14,50.0,0.005,3.0465714285713994,1.0,2.0,0.5,100.0,LONG,H1
2024-06-21 12:00:00,London,0.7049736975173024,0.7,long,2360.65,2355.318357142857,2370.313285714286,0.09,50.0,0.005,4.8316428571428265,1.0,2.0,0.5,100.0,LONG,H1
2024-06-28 07:00:00,London,0.7029495324018801,0.7,long,2327.146,2322.8694285714287,2334.699142857143,0.12,50.0,0.005,3.7765714285714176,1.0,2.0,0.5,100.0,LONG,H1
2024-07-03 07:00:00,London,0.703264739071854,0.7,long,2345.304,2340.8922142857145,2353.1275714285716,0.11,50.0,0.005,3.9117857142857377,1.0,2.0,0.5,100.0,LONG,H1
2024-07-03 08:00:00,London,0.7112243320269869,0.7,long,2344.59,2340.081142857143,2352.6077142857143,0.11,50.0,0.005,4.0088571428571935,1.0,2.0,0.5,100.0,LONG,H1
2024-07-03 10:00:00,London,0.7110461229950996,0.7,long,2346.988,2342.3629285714283,2355.238142857143,0.11,50.0,0.005,4.125071428571475,1.0,2.0,0.5,100.0,LONG,H1
2024-07-03 12:00:00,London,0.7267280042710046,0.7,long,2350.472,2345.009785714286,2360.3964285714287,0.09,50.0,0.005,4.962214285714318,1.0,2.0,0.5,100.0,LONG,H1
2024-07-10 22:00:00,Off,0.7257508830208467,0.7,long,2372.84,2367.3593571428573,2382.8012857142858,0.09,50.0,0.005,4.980642857142747,1.0,2.0,0.5,100.0,LONG,H1
2024-07-11 08:00:00,London,0.7167945468978137,0.7,long,2381.328,2377.9022142857143,2387.1795714285713,0.15,50.0,0.005,2.9257857142856665,1.0,2.0,0.5,100.0,LONG,H1
2024-07-12 13:00:00,London,0.7257031848304881,0.7,long,2403.718,2397.6547857142855,2414.8444285714286,0.08,50.0,0.005,5.563214285714269,1.0,2.0,0.5,100.0,LONG,H1
2024-07-16 01:00:00,Off,0.7235483249455601,0.7,long,2427.222,2420.7559285714287,2439.154142857143,0.08,50.0,0.005,5.966071428571468,1.0,2.0,0.5,100.0,LONG,H1
2024-07-16 12:00:00,London,0.7028000574967648,0.7,long,2432.553,2426.4632857142856,2443.7324285714285,0.08,50.0,0.005,5.589714285714308,1.0,2.0,0.5,100.0,LONG,H1
2024-07-25 03:00:00,Off,0.7007648220618081,0.7,long,2374.724,2364.7414285714285,2393.689142857143,0.05,50.0,0.005,9.482571428571418,1.0,2.0,0.5,100.0,LONG,H1
2024-08-09 08:00:00,London,0.7016343790607138,0.7,long,2424.477,2419.144,2434.143,0.09,50.0,0.005,4.832999999999986,1.0,2.0,0.5,100.0,LONG,H1
2024-08-09 12:00:00,London,0.7035350083006318,0.7,long,2429.61,2423.5827142857142,2440.6645714285714,0.08,50.0,0.005,5.527285714285654,1.0,2.0,0.5,100.0,LONG,H1
2024-08-09 20:00:00,NY,0.7253533895200526,0.7,long,2430.805,2424.0246428571427,2443.365714285714,0.07,50.0,0.005,6.280357142857058,1.0,2.0,0.5,100.0,LONG,H1
2024-08-21 05:00:00,Off,0.7055776985623956,0.7,long,2515.191,2508.8355714285713,2526.901857142857,0.08,50.0,0.005,5.85542857142858,1.0,2.0,0.5,100.0,LONG,H1
2024-08-27 06:00:00,Off,0.708568353801083,0.7,long,2514.85,2510.0663571428568,2523.4172857142858,0.1,50.0,0.005,4.283642857142922,1.0,2.0,0.5,100.0,LONG,H1
2024-09-05 16:00:00,London,0.7217192118764367,0.7,long,2510.384,2503.541,2523.07,0.07,50.0,0.005,6.343000000000042,1.0,2.0,0.5,100.0,LONG,H1
2024-09-06 04:00:00,Off,0.7007132851502318,0.7,long,2518.395,2513.9207142857144,2526.3435714285715,0.11,50.0,0.005,3.974285714285673,1.0,2.0,0.5,100.0,LONG,H1
2024-09-11 15:00:00,London,0.7214888440679865,0.7,long,2514.743,2507.8281428571427,2527.572714285714,0.07,50.0,0.005,6.41485714285711,1.0,2.0,0.5,100.0,LONG,H1
2024-09-12 03:00:00,Off,0.7071835373896384,0.7,long,2515.844,2510.8167142857146,2524.8985714285714,0.1,50.0,0.005,4.527285714285654,1.0,2.0,0.5,100.0,LONG,H1
2024-09-12 23:00:00,Off,0.7174650226443078,0.7,long,2558.422,2549.6212142857144,2575.0235714285714,0.06,50.0,0.005,8.300785714285764,1.0,2.0,0.5,100.0,LONG,H1
2024-09-13 01:00:00,Off,0.7148010398025377,0.7,long,2563.186,2554.1455,2580.2670000000003,0.06,50.0,0.005,8.540500000000034,1.0,2.0,0.5,100.0,LONG,H1
2024-09-13 12:00:00,London,0.7012637614087012,0.7,long,2575.768,2569.802285714286,2586.6994285714286,0.08,50.0,0.005,5.465714285714252,1.0,2.0,0.5,100.0,LONG,H1
2024-09-16 00:00:00,Off,0.7026963334699334,0.7,long,2581.361,2575.473857142857,2592.1352857142856,0.08,50.0,0.005,5.3871428571428295,1.0,2.0,0.5,100.0,LONG,H1
2024-09-25 11:00:00,London,0.7258342080327012,0.7,long,2657.431,2651.3284285714285,2668.636142857143,0.08,50.0,0.005,5.602571428571439,1.0,2.0,0.5,100.0,LONG,H1
2024-10-02 12:00:00,London,0.7019326019670813,0.7,long,2649.597,2643.5837142857144,2660.6235714285717,0.08,50.0,0.005,5.513285714285693,1.0,2.0,0.5,100.0,LONG,H1
2024-10-04 19:00:00,NY,0.7173782276319955,0.7,long,2651.624,2640.6747857142855,2672.5224285714285,0.05,50.0,0.005,10.449214285714268,1.0,2.0,0.5,100.0,LONG,H1
2024-10-06 23:00:00,Off,0.7151283593528531,0.7,long,2650.128,2639.512642857143,2670.3587142857145,0.05,50.0,0.005,10.115357142857096,1.0,2.0,0.5,100.0,LONG,H1
2024-10-11 11:00:00,London,0.7026701655750713,0.7,long,2644.635,2638.651142857143,2655.6027142857147,0.08,50.0,0.005,5.483857142857199,1.0,2.0,0.5,100.0,LONG,H1
2024-10-17 05:00:00,Off,0.7031459000657315,0.7,long,2683.507,2678.5695,2692.382,0.1,50.0,0.005,4.4375,1.0,2.0,0.5,100.0,LONG,H1
2024-10-17 07:00:00,London,0.7135450031895169,0.7,long,2681.953,2677.3782857142855,2690.1024285714284,0.11,50.0,0.005,4.074714285714273,1.0,2.0,0.5,100.0,LONG,H1
2024-10-18 06:00:00,Off,0.7012884322362084,0.7,long,2707.348,2701.857571428571,2717.328857142857,0.09,50.0,0.005,4.990428571428571,1.0,2.0,0.5,100.0,LONG,H1
2024-10-23 09:00:00,London,0.7161229512239972,0.7,long,2750.622,2745.2824285714287,2760.3011428571426,0.09,50.0,0.005,4.8395714285713565,1.0,2.0,0.5,100.0,LONG,H1
2024-10-23 11:00:00,London,0.7059092539485925,0.7,long,2749.967,2744.668,2759.565,0.09,50.0,0.005,4.798999999999945,1.0,2.0,0.5,100.0,LONG,H1
2024-10-29 05:00:00,Off,0.7055477662175772,0.7,long,2750.008,2745.0548571428567,2758.9142857142856,0.1,50.0,0.005,4.453142857142926,1.0,2.0,0.5,100.0,LONG,H1
2024-10-31 06:00:00,Off,0.7059992771405889,0.7,long,2779.863,2775.2718571428572,2788.0452857142855,0.11,50.0,0.005,4.09114285714278,1.0,2.0,0.5,100.0,LONG,H1
2024-11-05 20:00:00,NY,0.7140189151670481,0.7,long,2743.0,2735.5904285714287,2756.819142857143,0.07,50.0,0.005,6.909571428571488,1.0,2.0,0.5,100.0,LONG,H1
2024-11-06 02:00:00,Off,0.7048179358209731,0.7,long,2737.485,2729.1979285714287,2753.059142857143,0.06,50.0,0.005,7.787071428571478,1.0,2.0,0.5,100.0,LONG,H1
2024-11-06 03:00:00,Off,0.7064079443749217,0.7,long,2734.08,2725.2710714285713,2750.697857142857,0.06,50.0,0.005,8.308928571428623,1.0,2.0,0.5,100.0,LONG,H1
2024-11-06 09:00:00,London,0.7009579637257475,0.7,long,2724.559,2711.722,2749.233,0.04,50.0,0.005,12.33700000000002,1.0,2.0,0.5,100.0,LONG,H1
2024-11-13 21:00:00,NY,0.707681051671192,0.7,long,2573.064,2563.9025,2590.3869999999997,0.05,50.0,0.005,8.661499999999933,1.0,2.0,0.5,100.0,LONG,H1
2024-11-19 23:00:00,Off,0.7208156103209461,0.7,long,2635.166,2627.719285714286,2649.0594285714287,0.07,50.0,0.005,6.946714285714312,1.0,2.0,0.5,100.0,LONG,H1
2024-11-21 16:00:00,London,0.7072185937253123,0.7,long,2664.688,2657.6750714285713,2677.7138571428573,0.07,50.0,0.005,6.512928571428672,1.0,2.0,0.5,100.0,LONG,H1
2024-12-04 10:00:00,London,0.7123573036033766,0.7,long,2644.36,2639.2492857142856,2653.5814285714287,0.1,50.0,0.005,4.610714285714331,1.0,2.0,0.5,100.0,LONG,H1
2024-12-10 00:00:00,Off,0.7164427384240429,0.7,long,2664.961,2658.354214285714,2677.174571428571,0.08,50.0,0.005,6.106785714285674,1.0,2.0,0.5,100.0,LONG,H1
2024-12-17 11:00:00,London,0.7233345217908502,0.7,long,2642.187,2635.9294999999997,2653.7019999999998,0.08,50.0,0.005,5.757500000000001,1.0,2.0,0.5,100.0,LONG,H1
2025-01-02 12:00:00,London,0.7111109225610851,0.7,long,2643.446,2637.5037857142856,2654.3304285714285,0.08,50.0,0.005,5.442214285714239,1.0,2.0,0.5,100.0,LONG,H1
2025-01-02 13:00:00,London,0.7007161011549458,0.7,long,2643.006,2636.5580714285716,2654.901857142857,0.08,50.0,0.005,5.94792857142852,1.0,2.0,0.5,100.0,LONG,H1
2025-01-08 19:00:00,NY,0.7165539790930429,0.7,long,2658.301,2650.782142857143,2672.338714285714,0.07,50.0,0.005,7.018857142857087,1.0,2.0,0.5,100.0,LONG,H1
2025-01-09 00:00:00,Off,0.7020035117771795,0.7,long,2659.96,2652.4805714285712,2673.918857142857,0.07,50.0,0.005,6.979428571428571,1.0,2.0,0.5,100.0,LONG,H1
2025-01-10 21:00:00,NY,0.7155783865145303,0.7,long,2689.551,2680.9038571428573,2705.8452857142856,0.06,50.0,0.005,8.147142857142853,1.0,2.0,0.5,100.0,LONG,H1
2025-01-15 08:00:00,London,0.7053364887927336,0.7,long,2683.909,2679.219142857143,2692.2887142857144,0.11,50.0,0.005,4.189857142857136,1.0,2.0,0.5,100.0,LONG,H1
2025-01-15 10:00:00,London,0.7081842995501247,0.7,long,2688.343,2683.677142857143,2696.674714285714,0.11,50.0,0.005,4.165857142857119,1.0,2.0,0.5,100.0,LONG,H1
2025-01-15 11:00:00,London,0.7145475207562944,0.7,long,2686.779,2682.1762857142858,2694.9844285714285,0.11,50.0,0.005,4.102714285714261,1.0,2.0,0.5,100.0,LONG,H1
2025-01-15 16:00:00,London,0.722601947731878,0.7,long,2689.305,2682.3432857142857,2702.228428571428,0.07,50.0,0.005,6.461714285714249,1.0,2.0,0.5,100.0,LONG,H1
2025-01-16 11:00:00,London,0.7124126793086262,0.7,long,2706.412,2701.127071428571,2715.981857142857,0.09,50.0,0.005,4.784928571428542,1.0,2.0,0.5,100.0,LONG,H1
2025-01-17 07:00:00,London,0.7056113379740351,0.7,long,2710.528,2706.1741428571427,2718.235714285714,0.11,50.0,0.005,3.853857142857221,1.0,2.0,0.5,100.0,LONG,H1
2025-01-17 11:00:00,London,0.7274784983289683,0.7,long,2708.041,2703.6027142857142,2715.9175714285716,0.11,50.0,0.005,3.938285714285744,1.0,2.0,0.5,100.0,LONG,H1
2025-01-31 11:00:00,London,0.7168900718934769,0.7,long,2800.195,2794.9204285714286,2809.7441428571433,0.09,50.0,0.005,4.774571428571464,1.0,2.0,0.5,100.0,LONG,H1
2025-02-04 03:00:00,Off,0.7020833556540828,0.7,long,2821.403,2812.771142857143,2837.666714285714,0.06,50.0,0.005,8.131857142857111,1.0,2.0,0.5,100.0,LONG,H1
2025-02-05 14:00:00,London,0.718281450672415,0.7,long,2870.908,2862.6035,2886.517,0.06,50.0,0.005,7.804499999999962,1.0,2.0,0.5,100.0,LONG,H1
2025-02-06 01:00:00,Off,0.7126403201805825,0.7,long,2871.559,2862.9605,2887.7560000000003,0.06,50.0,0.005,8.098499999999992,1.0,2.0,0.5,100.0,LONG,H1
2025-02-06 04:00:00,Off,0.7088872108124156,0.7,long,2868.5,2860.3497857142856,2883.8004285714287,0.06,50.0,0.005,7.65021428571429,1.0,2.0,0.5,100.0,LONG,H1
2025-02-07 12:00:00,London,0.7092860415935235,0.7,long,2863.592,2858.2122142857143,2873.3515714285713,0.09,50.0,0.005,4.879785714285617,1.0,2.0,0.5,100.0,LONG,H1
2025-02-11 03:00:00,Off,0.7044651520534677,0.7,long,2919.716,2907.807142857143,2942.5337142857143,0.04,50.0,0.005,11.408857142857087,1.0,2.0,0.5,100.0,LONG,H1
2025-02-11 23:00:00,Off,0.704899949229505,0.7,long,2898.536,2889.715642857143,2915.1767142857143,0.06,50.0,0.005,8.320357142857087,1.0,2.0,0.5,100.0,LONG,H1
2025-02-12 01:00:00,Off,0.7111997016176709,0.7,long,2893.319,2883.8627857142856,2911.2314285714283,0.05,50.0,0.005,8.956214285714266,1.0,2.0,0.5,100.0,LONG,H1
2025-02-12 02:00:00,Off,0.7191954203516945,0.7,long,2892.444,2882.883357142857,2910.565285714286,0.05,50.0,0.005,9.060642857142868,1.0,2.0,0.5,100.0,LONG,H1
2025-02-13 09:00:00,London,0.7205730158155206,0.7,long,2915.401,2908.4610714285714,2928.280857142857,0.07,50.0,0.005,6.439928571428449,1.0,2.0,0.5,100.0,LONG,H1
2025-02-14 11:00:00,London,0.7077047178319537,0.7,long,2931.181,2925.0992857142855,2942.3444285714286,0.08,50.0,0.005,5.58171428571427,1.0,2.0,0.5,100.0,LONG,H1
2025-02-19 03:00:00,Off,0.7003761900429525,0.7,long,2928.825,2921.3166428571426,2942.841714285714,0.07,50.0,0.005,7.008357142857092,1.0,2.0,0.5,100.0,LONG,H1
2025-02-19 15:00:00,London,0.7009098342505012,0.7,long,2925.721,2917.261785714286,2941.6394285714287,0.06,50.0,0.005,7.95921428571426,1.0,2.0,0.5,100.0,LONG,H1
2025-02-20 11:00:00,London,0.7087186559374722,0.7,long,2948.768,2942.5896428571427,2960.124714285714,0.08,50.0,0.005,5.678357142857164,1.0,2.0,0.5,100.0,LONG,H1
2025-02-21 01:00:00,Off,0.7119324023134791,0.7,long,2928.821,2919.3836428571426,2946.695714285714,0.05,50.0,0.005,8.937357142857113,1.0,2.0,0.5,100.0,LONG,H1
2025-03-04 11:00:00,London,0.7097254677415309,0.7,long,2919.932,2911.3286428571428,2936.1387142857143,0.06,50.0,0.005,8.103357142857151,1.0,2.0,0.5,100.0,LONG,H1
2025-03-04 19:00:00,NY,0.7105366178284349,0.7,long,2916.087,2905.421214285714,2936.4185714285713,0.05,50.0,0.005,10.165785714285771,1.0,2.0,0.5,100.0,LONG,H1
2025-03-04 23:00:00,Off,0.7001787347549238,0.7,long,2914.363,2905.6051428571427,2930.8787142857145,0.06,50.0,0.005,8.25785714285725,1.0,2.0,0.5,100.0,LONG,H1
2025-03-05 00:00:00,Off,0.7111949438062377,0.7,long,2914.133,2905.6524999999997,2930.094,0.06,50.0,0.005,7.980500000000087,1.0,2.0,0.5,100.0,LONG,H1
2025-03-06 01:00:00,Off,0.7258410145777716,0.7,long,2924.606,2914.4668571428574,2943.884285714286,0.05,50.0,0.005,9.639142857142849,1.0,2.0,0.5,100.0,LONG,H1
2025-03-06 07:00:00,London,0.7105546637164776,0.7,long,2910.147,2903.4225714285712,2922.595857142857,0.07,50.0,0.005,6.224428571428494,1.0,2.0,0.5,100.0,LONG,H1
2025-03-12 03:00:00,Off,0.7133268757634025,0.7,long,2914.941,2908.7654285714284,2926.2921428571426,0.08,50.0,0.005,5.675571428571435,1.0,2.0,0.5,100.0,LONG,H1
2025-03-12 06:00:00,Off,0.7120606728398035,0.7,long,2911.951,2906.690642857143,2921.4717142857144,0.1,50.0,0.005,4.760357142857141,1.0,2.0,0.5,100.0,LONG,H1
2025-03-14 05:00:00,Off,0.7069295167125683,0.7,long,2986.394,2979.0393571428567,3000.1032857142854,0.07,50.0,0.005,6.854642857142868,1.0,2.0,0.5,100.0,LONG,H1
2025-03-19 08:00:00,London,0.7067157489320864,0.7,long,3025.156,3019.1000714285715,3036.2678571428573,0.08,50.0,0.005,5.555928571428597,1.0,2.0,0.5,100.0,LONG,H1
2025-03-20 05:00:00,Off,0.7075575118872284,0.7,long,3046.794,3039.1266428571425,3061.128714285714,0.07,50.0,0.005,7.167357142857197,1.0,2.0,0.5,100.0,LONG,H1
2025-03-20 17:00:00,NY,0.71825172374501,0.7,long,3041.654,3032.936,3058.0899999999997,0.06,50.0,0.005,8.21799999999988,1.0,2.0,0.5,100.0,LONG,H1
2025-03-27 22:00:00,Off,0.7151444936128033,0.7,long,3055.028,3046.4176428571427,3071.248714285714,0.06,50.0,0.005,8.110357142857115,1.0,2.0,0.5,100.0,LONG,H1
2025-03-28 01:00:00,Off,0.7128172074428595,0.7,long,3073.88,3065.5525714285714,3089.534857142857,0.06,50.0,0.005,7.827428571428527,1.0,2.0,0.5,100.0,LONG,H1
2025-03-28 02:00:00,Off,0.7235470133949073,0.7,long,3071.917,3063.536071428571,3087.678857142857,0.06,50.0,0.005,7.880928571428577,1.0,2.0,0.5,100.0,LONG,H1
2025-03-30 22:00:00,Off,0.7172523403809179,0.7,long,3090.003,3079.6119285714285,3109.785142857143,0.05,50.0,0.005,9.89107142857152,1.0,2.0,0.5,100.0,LONG,H1
2025-04-01 01:00:00,Off,0.7035356427943249,0.7,long,3135.442,3126.1889285714287,3152.948142857143,0.05,50.0,0.005,8.753071428571436,1.0,2.0,0.5,100.0,LONG,H1
2025-04-01 02:00:00,Off,0.7023724372325544,0.7,long,3145.131,3135.4214285714284,3163.550142857143,0.05,50.0,0.005,9.209571428571442,1.0,2.0,0.5,100.0,LONG,H1
2025-04-01 12:00:00,London,0.7150413023851804,0.7,long,3133.235,3123.5915714285716,3151.5218571428572,0.05,50.0,0.005,9.14342857142859,1.0,2.0,0.5,100.0,LONG,H1
2025-04-03 01:00:00,Off,0.7118898851798021,0.7,long,3153.397,3137.9596428571426,3183.271714285714,0.03,50.0,0.005,14.937357142857111,1.0,2.0,0.5,100.0,LONG,H1
2025-04-03 02:00:00,Off,0.7055182237426479,0.7,long,3145.192,3129.502,3175.572,0.03,50.0,0.005,15.189999999999957,1.0,2.0,0.5,100.0,LONG,H1
2025-04-11 01:00:00,Off,0.7090818459088447,0.7,long,3207.168,3189.157357142857,3242.1892857142857,0.03,50.0,0.005,17.51064285714288,1.0,2.0,0.5,100.0,LONG,H1
2025-04-16 14:00:00,London,0.7025329155823334,0.7,long,3308.425,3293.640142857143,3336.994714285714,0.03,50.0,0.005,14.284857142857,1.0,2.0,0.5,100.0,LONG,H1
2025-04-16 20:00:00,NY,0.7138671903910355,0.7,long,3342.198,3327.8850714285713,3369.823857142857,0.03,50.0,0.005,13.812928571428529,1.0,2.0,0.5,100.0,LONG,H1
2025-04-25 02:00:00,Off,0.7172222306442937,0.7,long,3348.738,3333.432714285714,3378.348571428571,0.03,50.0,0.005,14.80528571428574,1.0,2.0,0.5,100.0,LONG,H1
2025-04-25 04:00:00,Off,0.7091068373169145,0.7,long,3324.761,3308.7384285714284,3355.8061428571427,0.03,50.0,0.005,15.522571428571414,1.0,2.0,0.5,100.0,LONG,H1
2025-04-30 01:00:00,Off,0.7211425281963963,0.7,long,3308.233,3295.3427142857145,3333.0135714285716,0.04,50.0,0.005,12.39028571428571,1.0,2.0,0.5,100.0,LONG,H1
2025-04-30 03:00:00,Off,0.7170636617983848,0.7,long,3304.753,3292.342642857143,3328.5737142857142,0.04,50.0,0.005,11.910357142857135,1.0,2.0,0.5,100.0,LONG,H1
2025-04-30 04:00:00,Off,0.7265907266686679,0.7,long,3308.044,3296.629357142857,3329.8732857142854,0.04,50.0,0.005,10.914642857142846,1.0,2.0,0.5,100.0,LONG,H1
2025-04-30 05:00:00,Off,0.7053324675590854,0.7,long,3309.5,3298.8754285714285,3329.749142857143,0.05,50.0,0.005,10.124571428571404,1.0,2.0,0.5,100.0,LONG,H1
2025-05-05 17:00:00,NY,0.7006361049577001,0.7,long,3317.129,3305.1977857142856,3339.9914285714285,0.04,50.0,0.005,11.43121428571437,1.0,2.0,0.5,100.0,LONG,H1
2025-05-06 03:00:00,Off,0.7044651520534677,0.7,long,3360.401,3344.4924285714283,3391.218142857143,0.03,50.0,0.005,15.408571428571513,1.0,2.0,0.5,100.0,LONG,H1
2025-05-07 00:00:00,Off,0.706519839574685,0.7,long,3379.565,3360.3032142857146,3417.0885714285714,0.03,50.0,0.005,18.761785714285647,1.0,2.0,0.5,100.0,LONG,H1
2025-05-07 01:00:00,Off,0.705743688996914,0.7,long,3374.737,3354.190857142857,3414.8292857142856,0.02,50.0,0.005,20.046142857142804,1.0,2.0,0.5,100.0,LONG,H1
2025-05-13 11:00:00,London,0.7019135295306146,0.7,long,3249.167,3236.2996428571428,3273.901714285714,0.04,50.0,0.005,12.367357142857111,1.0,2.0,0.5,100.0,LONG,H1
2025-05-14 01:00:00,Off,0.7211425281963963,0.7,long,3238.942,3227.3731428571427,3261.0797142857145,0.04,50.0,0.005,11.068857142857173,1.0,2.0,0.5,100.0,LONG,H1
2025-05-16 01:00:00,Off,0.7048020238921912,0.7,long,3222.256,3208.5875,3248.593,0.04,50.0,0.005,13.168499999999929,1.0,2.0,0.5,100.0,LONG,H1
2025-05-16 06:00:00,Off,0.7078141201474741,0.7,long,3214.877,3201.3261428571427,3240.978714285714,0.04,50.0,0.005,13.050857142857078,1.0,2.0,0.5,100.0,LONG,H1
2025-05-16 12:00:00,London,0.722716281817287,0.7,long,3177.431,3158.959428571429,3213.374142857143,0.03,50.0,0.005,17.971571428571355,1.0,2.0,0.5,100.0,LONG,H1
2025-05-16 15:00:00,London,0.7221033161325107,0.7,long,3183.479,3165.2959285714282,3218.8451428571425,0.03,50.0,0.005,17.683071428571434,1.0,2.0,0.5,100.0,LONG,H1
2025-05-22 05:00:00,Off,0.7038913588535066,0.7,long,3332.309,3321.8467142857144,3352.2335714285714,0.05,50.0,0.005,9.962285714285697,1.0,2.0,0.5,100.0,LONG,H1
2025-05-28 17:00:00,NY,0.7194645306537597,0.7,long,3296.766,3285.8872857142856,3317.5234285714287,0.05,50.0,0.005,10.378714285714327,1.0,2.0,0.5,100.0,LONG,H1
2025-05-28 22:00:00,Off,0.7024513768492209,0.7,long,3286.582,3275.385857142857,3307.9742857142855,0.04,50.0,0.005,10.696142857142863,1.0,2.0,0.5,100.0,LONG,H1
2025-05-30 18:00:00,NY,0.7175311947159941,0.7,long,3293.823,3280.0970714285713,3320.274857142857,0.04,50.0,0.005,13.225928571428636,1.0,2.0,0.5,100.0,LONG,H1
2025-06-02 13:00:00,London,0.7024753348716262,0.7,long,3371.107,3358.588357142857,3395.1442857142856,0.04,50.0,0.005,12.01864285714279,1.0,2.0,0.5,100.0,LONG,H1
2025-06-03 11:00:00,London,0.7181523974092837,0.7,long,3359.294,3349.0362857142854,3378.8094285714283,0.05,50.0,0.005,9.757714285714266,1.0,2.0,0.5,100.0,LONG,H1
2025-06-04 22:00:00,Off,0.7032023244310786,0.7,long,3373.534,3362.475214285714,3394.651571428572,0.05,50.0,0.005,10.558785714285866,1.0,2.0,0.5,100.0,LONG,H1
2025-06-04 23:00:00,Off,0.7256265414300084,0.7,long,3378.042,3367.4116428571424,3398.3027142857145,0.05,50.0,0.005,10.130357142857292,1.0,2.0,0.5,100.0,LONG,H1
2025-06-05 03:00:00,Off,0.7206613685463765,0.7,long,3369.674,3359.680714285714,3388.6605714285715,0.05,50.0,0.005,9.49328571428584,1.0,2.0,0.5,100.0,LONG,H1
2025-06-05 04:00:00,Off,0.7080180380582282,0.7,long,3368.487,3358.7327142857143,3386.9955714285716,0.05,50.0,0.005,9.25428571428584,1.0,2.0,0.5,100.0,LONG,H1
2025-06-05 10:00:00,London,0.7054878960149864,0.7,long,3399.949,3390.6738571428573,3417.499285714286,0.05,50.0,0.005,8.775142857142912,1.0,2.0,0.5,100.0,LONG,H1
2025-06-10 00:00:00,Off,0.7128669590839825,0.7,long,3316.578,3307.8962857142856,3332.9414285714283,0.06,50.0,0.005,8.181714285714277,1.0,2.0,0.5,100.0,LONG,H1
2025-06-10 01:00:00,Off,0.7022723832840643,0.7,long,3306.264,3296.914285714286,3323.9634285714287,0.05,50.0,0.005,8.849714285714299,1.0,2.0,0.5,100.0,LONG,H1
2025-06-12 18:00:00,NY,0.7147721275044863,0.7,long,3385.904,3371.1495714285716,3414.4128571428573,0.03,50.0,0.005,14.254428571428596,1.0,2.0,0.5,100.0,LONG,H1
2025-06-13 04:00:00,Off,0.7060570254031244,0.7,long,3425.305,3412.742571428571,3449.429857142857,0.04,50.0,0.005,12.062428571428654,1.0,2.0,0.5,100.0,LONG,H1
2025-06-18 05:00:00,Off,0.7000245853132132,0.7,long,3386.407,3376.753,3404.715,0.05,50.0,0.005,9.154000000000028,1.0,2.0,0.5,100.0,LONG,H1
2025-06-24 00:00:00,Off,0.7130473413279247,0.7,long,3351.064,3335.8226428571425,3380.546714285714,0.03,50.0,0.005,14.7413571428572,1.0,2.0,0.5,100.0,LONG,H1
2025-07-02 23:00:00,Off,0.7066829546291091,0.7,long,3349.395,3340.882857142857,3365.4192857142857,0.06,50.0,0.005,8.012142857142797,1.0,2.0,0.5,100.0,LONG,H1
2025-07-08 00:00:00,Off,0.7065651841249178,0.7,long,3334.261,3325.640357142857,3350.502285714286,0.06,50.0,0.005,8.120642857142943,1.0,2.0,0.5,100.0,LONG,H1
2025-07-16 22:00:00,Off,0.7032023244310786,0.7,long,3349.595,3337.583642857143,3372.617714285714,0.04,50.0,0.005,11.51135714285715,1.0,2.0,0.5,100.0,LONG,H1
2024-01-01 20:00:00,NY,0.7615894039735099,0.7,long,2063.543,2055.5549285714287,2078.519142857143,0.06,50.0,0.005,7.488071428571369,1.0,2.0,0.5,100.0,LONG,H4
2024-01-02 12:00:00,London,0.7615894039735099,0.7,long,2059.305,2050.4902857142856,2075.9344285714283,0.06,50.0,0.005,8.314714285714217,1.0,2.0,0.5,100.0,LONG,H4
2024-01-02 20:00:00,NY,0.725,0.7,long,2059.476,2051.3095000000003,2074.809,0.06,50.0,0.005,7.666499999999944,1.0,2.0,0.5,100.0,LONG,H4
2024-01-03 04:00:00,Off,0.725,0.7,long,2062.915,2054.6314285714284,2078.4821428571427,0.06,50.0,0.005,7.783571428571382,1.0,2.0,0.5,100.0,LONG,H4
2024-01-03 20:00:00,NY,0.7615894039735099,0.7,long,2042.666,2033.0607142857143,2060.8765714285714,0.05,50.0,0.005,9.10528571428571,1.0,2.0,0.5,100.0,LONG,H4
2024-01-04 00:00:00,Off,0.7615894039735099,0.7,long,2044.684,2034.9375,2063.177,0.05,50.0,0.005,9.2465,1.0,2.0,0.5,100.0,LONG,H4
2024-01-04 04:00:00,Off,0.7615894039735099,0.7,long,2047.599,2037.5817142857143,2066.6335714285715,0.05,50.0,0.005,9.517285714285745,1.0,2.0,0.5,100.0,LONG,H4
2024-01-04 08:00:00,London,0.7615894039735099,0.7,long,2045.136,2035.2642142857142,2063.8795714285716,0.05,50.0,0.005,9.371785714285725,1.0,2.0,0.5,100.0,LONG,H4
2024-01-04 16:00:00,London,0.7615894039735099,0.7,long,2044.3,2034.5026428571427,2062.894714285714,0.05,50.0,0.005,9.29735714285716,1.0,2.0,0.5,100.0,LONG,H4
2024-01-04 20:00:00,NY,0.7615894039735099,0.7,long,2043.865,2034.9685714285713,2060.657857142857,0.06,50.0,0.005,8.396428571428617,1.0,2.0,0.5,100.0,LONG,H4
2024-01-05 16:00:00,London,0.725,0.7,long,2045.682,2034.4572857142857,2067.131428571429,0.04,50.0,0.005,10.724714285714333,1.0,2.0,0.5,100.0,LONG,H4
2024-01-07 20:00:00,NY,0.725,0.7,long,2044.208,2034.6101428571428,2062.4037142857146,0.05,50.0,0.005,9.097857142857183,1.0,2.0,0.5,100.0,LONG,H4
2024-01-08 00:00:00,Off,0.772093023255814,0.7,long,2036.098,2026.192357142857,2054.909285714286,0.05,50.0,0.005,9.40564285714288,1.0,2.0,0.5,100.0,LONG,H4
2024-01-08 04:00:00,Off,0.772093023255814,0.7,long,2031.393,2021.2242142857142,2050.7305714285717,0.05,50.0,0.005,9.668785714285734,1.0,2.0,0.5,100.0,LONG,H4
2024-01-12 16:00:00,London,0.725,0.7,long,2047.283,2036.3646428571428,2068.119714285714,0.05,50.0,0.005,10.418357142857158,1.0,2.0,0.5,100.0,LONG,H4
2024-01-12 20:00:00,NY,0.725,0.7,long,2049.032,2038.6618571428573,2068.7722857142858,0.05,50.0,0.005,9.870142857142858,1.0,2.0,0.5,100.0,LONG,H4
2024-01-14 20:00:00,NY,0.725,0.7,long,2047.612,2037.6289285714286,2066.578142857143,0.05,50.0,0.005,9.483071428571456,1.0,2.0,0.5,100.0,LONG,H4
2024-01-15 00:00:00,Off,0.772093023255814,0.7,long,2057.376,2046.9398571428574,2077.248285714286,0.05,50.0,0.005,9.936142857142888,1.0,2.0,0.5,100.0,LONG,H4
2024-01-15 04:00:00,Off,0.772093023255814,0.7,long,2054.114,2043.744,2073.8540000000003,0.05,50.0,0.005,9.87000000000002,1.0,2.0,0.5,100.0,LONG,H4
2024-01-15 08:00:00,London,0.772093023255814,0.7,long,2053.257,2042.7216428571428,2073.3277142857146,0.05,50.0,0.005,10.035357142857167,1.0,2.0,0.5,100.0,LONG,H4
2024-01-15 20:00:00,NY,0.7615894039735099,0.7,long,2053.841,2045.6642142857143,2069.194571428571,0.06,50.0,0.005,7.676785714285708,1.0,2.0,0.5,100.0,LONG,H4
2024-01-16 00:00:00,Off,0.772093023255814,0.7,long,2049.436,2041.6763571428573,2063.9552857142858,0.06,50.0,0.005,7.259642857142841,1.0,2.0,0.5,100.0,LONG,H4
2024-01-16 08:00:00,London,0.772093023255814,0.7,long,2039.874,2031.8842142857143,2054.8535714285713,0.06,50.0,0.005,7.489785714285729,1.0,2.0,0.5,100.0,LONG,H4
2024-01-16 20:00:00,NY,0.7615894039735099,0.7,long,2027.826,2020.367642857143,2041.7427142857143,0.07,50.0,0.005,6.958357142857137,1.0,2.0,0.5,100.0,LONG,H4
2024-02-01 20:00:00,NY,0.7615894039735099,0.7,long,2054.627,2044.0490714285713,2074.782857142857,0.05,50.0,0.005,10.077928571428597,1.0,2.0,0.5,100.0,LONG,H4
2024-02-02 16:00:00,London,0.75,0.7,long,2038.052,2025.7212857142856,2061.7134285714287,0.04,50.0,0.005,11.83071428571431,1.0,2.0,0.5,100.0,LONG,H4
2024-02-02 20:00:00,NY,0.7615894039735099,0.7,long,2039.607,2028.4312857142857,2060.9584285714286,0.04,50.0,0.005,10.675714285714305,1.0,2.0,0.5,100.0,LONG,H4
2024-02-04 20:00:00,NY,0.7615894039735099,0.7,long,2039.716,2029.3299285714284,2059.488142857143,0.05,50.0,0.005,9.88607142857146,1.0,2.0,0.5,100.0,LONG,H4
2024-02-05 00:00:00,Off,0.7615894039735099,0.7,long,2032.222,2022.2289285714285,2051.208142857143,0.05,50.0,0.005,9.493071428571444,1.0,2.0,0.5,100.0,LONG,H4
2024-02-05 08:00:00,London,0.7615894039735099,0.7,long,2027.577,2017.6975714285713,2046.335857142857,0.05,50.0,0.005,9.37942857142858,1.0,2.0,0.5,100.0,LONG,H4
2024-02-05 16:00:00,London,0.7615894039735099,0.7,long,2025.928,2016.9785714285715,2042.8268571428573,0.06,50.0,0.005,8.449428571428582,1.0,2.0,0.5,100.0,LONG,H4
2024-02-05 20:00:00,NY,0.772093023255814,0.7,long,2024.859,2016.7142142857142,2040.1485714285714,0.06,50.0,0.005,7.644785714285717,1.0,2.0,0.5,100.0,LONG,H4
2024-02-06 08:00:00,London,0.7615894039735099,0.7,long,2026.696,2018.1605,2042.767,0.06,50.0,0.005,8.035500000000038,1.0,2.0,0.5,100.0,LONG,H4
2024-02-06 12:00:00,London,0.725,0.7,long,2036.285,2027.0682142857142,2053.7185714285715,0.05,50.0,0.005,8.716785714285736,1.0,2.0,0.5,100.0,LONG,H4
2024-02-06 20:00:00,NY,0.772093023255814,0.7,long,2035.069,2027.7152142857142,2048.7765714285715,0.07,50.0,0.005,6.853785714285745,1.0,2.0,0.5,100.0,LONG,H4
2024-02-07 00:00:00,Off,0.772093023255814,0.7,long,2034.442,2027.2134285714285,2047.899142857143,0.07,50.0,0.005,6.728571428571464,1.0,2.0,0.5,100.0,LONG,H4
2024-02-07 04:00:00,Off,0.772093023255814,0.7,long,2035.124,2027.8514285714286,2048.669142857143,0.07,50.0,0.005,6.772571428571447,1.0,2.0,0.5,100.0,LONG,H4
2024-02-07 16:00:00,London,0.725,0.7,long,2035.511,2028.1285714285714,2049.275857142857,0.07,50.0,0.005,6.882428571428607,1.0,2.0,0.5,100.0,LONG,H4
2024-02-08 00:00:00,Off,0.7615894039735099,0.7,long,2032.755,2026.3215714285716,2044.6218571428574,0.08,50.0,0.005,5.933428571428619,1.0,2.0,0.5,100.0,LONG,H4
2024-02-08 20:00:00,NY,0.772093023255814,0.7,long,2034.123,2027.2855,2046.798,0.07,50.0,0.005,6.337500000000026,1.0,2.0,0.5,100.0,LONG,H4
2024-02-09 00:00:00,Off,0.772093023255814,0.7,long,2033.548,2026.9702142857143,2045.7035714285714,0.08,50.0,0.005,6.077785714285743,1.0,2.0,0.5,100.0,LONG,H4
2024-02-09 16:00:00,London,0.725,0.7,long,2024.749,2017.1069285714286,2039.0331428571428,0.07,50.0,0.005,7.142071428571447,1.0,2.0,0.5,100.0,LONG,H4
2024-02-11 20:00:00,NY,0.772093023255814,0.7,long,2025.266,2018.7739285714285,2037.250142857143,0.08,50.0,0.005,5.992071428571437,1.0,2.0,0.5,100.0,LONG,H4
2024-02-12 04:00:00,Off,0.772093023255814,0.7,long,2025.501,2019.0809285714286,2037.3411428571428,0.08,50.0,0.005,5.920071428571434,1.0,2.0,0.5,100.0,LONG,H4
2024-02-12 16:00:00,London,0.7615894039735099,0.7,long,2019.158,2012.4469285714285,2031.5801428571428,0.07,50.0,0.005,6.211071428571439,1.0,2.0,0.5,100.0,LONG,H4
2024-02-13 08:00:00,London,0.7615894039735099,0.7,long,2027.666,2020.736357142857,2040.5252857142857,0.07,50.0,0.005,6.429642857142848,1.0,2.0,0.5,100.0,LONG,H4
2024-02-13 20:00:00,NY,0.725,0.7,long,1991.193,1982.3425714285713,2007.893857142857,0.06,50.0,0.005,8.350428571428584,1.0,2.0,0.5,100.0,LONG,H4
2024-02-14 04:00:00,Off,0.725,0.7,long,1989.439,1980.3074285714285,2006.702142857143,0.05,50.0,0.005,8.631571428571435,1.0,2.0,0.5,100.0,LONG,H4
2024-02-14 08:00:00,London,0.725,0.7,long,1992.2,1982.8797857142858,2009.8404285714287,0.05,50.0,0.005,8.820214285714282,1.0,2.0,0.5,100.0,LONG,H4
2024-02-22 12:00:00,London,0.725,0.7,long,2023.306,2017.2099285714285,2034.498142857143,0.08,50.0,0.005,5.596071428571463,1.0,2.0,0.5,100.0,LONG,H4
2024-02-22 20:00:00,NY,0.7615894039735099,0.7,long,2024.677,2018.858357142857,2035.3142857142857,0.09,50.0,0.005,5.3186428571429065,1.0,2.0,0.5,100.0,LONG,H4
2024-02-23 00:00:00,Off,0.7615894039735099,0.7,long,2025.688,2019.8357857142857,2036.3924285714288,0.09,50.0,0.005,5.3522142857143375,1.0,2.0,0.5,100.0,LONG,H4
2024-02-23 04:00:00,Off,0.7615894039735099,0.7,long,2021.801,2015.4746428571427,2033.4537142857143,0.08,50.0,0.005,5.826357142857205,1.0,2.0,0.5,100.0,LONG,H4
2024-02-23 12:00:00,London,0.725,0.7,long,2030.038,2023.4117857142858,2042.2904285714287,0.08,50.0,0.005,6.1262142857143385,1.0,2.0,0.5,100.0,LONG,H4
2024-02-23 20:00:00,NY,0.772093023255814,0.7,long,2035.524,2028.7530714285713,2048.065857142857,0.07,50.0,0.005,6.2709285714286125,1.0,2.0,0.5,100.0,LONG,H4
2024-02-25 20:00:00,NY,0.772093023255814,0.7,long,2034.224,2027.7471428571428,2046.1777142857143,0.08,50.0,0.005,5.97685714285717,1.0,2.0,0.5,100.0,LONG,H4
2024-02-26 00:00:00,Off,0.772093023255814,0.7,long,2032.442,2025.8724285714286,2044.5811428571428,0.08,50.0,0.005,6.069571428571456,1.0,2.0,0.5,100.0,LONG,H4
2024-02-26 12:00:00,London,0.7615894039735099,0.7,long,2029.104,2022.4252857142858,2041.4614285714285,0.07,50.0,0.005,6.178714285714299,1.0,2.0,0.5,100.0,LONG,H4
2024-02-27 00:00:00,Off,0.772093023255814,0.7,long,2033.372,2027.178142857143,2044.7597142857144,0.08,50.0,0.005,5.693857142857122,1.0,2.0,0.5,100.0,LONG,H4
2024-02-27 04:00:00,Off,0.7615894039735099,0.7,long,2035.386,2029.2787857142857,2046.6004285714284,0.08,50.0,0.005,5.607214285714268,1.0,2.0,0.5,100.0,LONG,H4
2024-02-28 20:00:00,NY,0.725,0.7,long,2034.303,2029.0112857142858,2043.8864285714287,0.09,50.0,0.005,4.791714285714257,1.0,2.0,0.5,100.0,LONG,H4
2024-02-29 20:00:00,NY,0.7615894039735099,0.7,long,2043.981,2037.2670714285714,2056.408857142857,0.07,50.0,0.005,6.213928571428547,1.0,2.0,0.5,100.0,LONG,H4
2024-03-01 00:00:00,Off,0.772093023255814,0.7,long,2046.518,2039.9941428571428,2058.5657142857144,0.08,50.0,0.005,6.023857142857098,1.0,2.0,0.5,100.0,LONG,H4
2024-03-03 20:00:00,NY,0.725,0.7,long,2083.44,2073.8427142857145,2101.6345714285717,0.05,50.0,0.005,9.097285714285704,1.0,2.0,0.5,100.0,LONG,H4
2024-03-04 04:00:00,Off,0.7615894039735099,0.7,long,2087.334,2077.2741428571426,2106.453714285714,0.05,50.0,0.005,9.559857142857124,1.0,2.0,0.5,100.0,LONG,H4
2024-03-04 08:00:00,London,0.7615894039735099,0.7,long,2082.112,2071.8967142857146,2101.5425714285716,0.05,50.0,0.005,9.715285714285724,1.0,2.0,0.5,100.0,LONG,H4
2024-03-04 16:00:00,London,0.7615894039735099,0.7,long,2116.24,2105.362428571428,2136.9951428571426,0.05,50.0,0.005,10.377571428571498,1.0,2.0,0.5,100.0,LONG,H4
2024-03-04 20:00:00,NY,0.772093023255814,0.7,long,2114.48,2103.5989285714286,2135.242142857143,0.05,50.0,0.005,10.381071428571529,1.0,2.0,0.5,100.0,LONG,H4
2024-03-05 00:00:00,Off,0.772093023255814,0.7,long,2112.96,2101.809142857143,2134.2617142857143,0.04,50.0,0.005,10.65085714285723,1.0,2.0,0.5,100.0,LONG,H4
2024-03-05 12:00:00,London,0.7615894039735099,0.7,long,2126.618,2114.545357142857,2149.7632857142858,0.04,50.0,0.005,11.572642857142926,1.0,2.0,0.5,100.0,LONG,H4
2024-03-05 20:00:00,NY,0.725,0.7,long,2128.162,2118.167857142857,2147.1502857142855,0.05,50.0,0.005,9.494142857142933,1.0,2.0,0.5,100.0,LONG,H4
2024-03-06 00:00:00,Off,0.7615894039735099,0.7,long,2124.697,2114.557357142857,2143.976285714286,0.05,50.0,0.005,9.639642857142915,1.0,2.0,0.5,100.0,LONG,H4
2024-03-06 04:00:00,Off,0.7615894039735099,0.7,long,2128.478,2118.113714285714,2148.206571428572,0.05,50.0,0.005,9.864285714285772,1.0,2.0,0.5,100.0,LONG,H4
2024-03-06 08:00:00,London,0.7615894039735099,0.7,long,2132.474,2121.8692142857144,2152.6835714285717,0.05,50.0,0.005,10.104785714285786,1.0,2.0,0.5,100.0,LONG,H4
2024-03-06 12:00:00,London,0.772093023255814,0.7,long,2140.923,2129.587428571428,2162.5941428571427,0.04,50.0,0.005,10.835571428571516,1.0,2.0,0.5,100.0,LONG,H4
2024-03-06 20:00:00,NY,0.7615894039735099,0.7,long,2147.192,2136.7949285714285,2166.986142857143,0.05,50.0,0.005,9.897071428571442,1.0,2.0,0.5,100.0,LONG,H4
2024-03-07 04:00:00,Off,0.772093023255814,0.7,long,2155.951,2145.484785714286,2175.883428571429,0.05,50.0,0.005,9.966214285714289,1.0,2.0,0.5,100.0,LONG,H4
2024-03-07 12:00:00,London,0.772093023255814,0.7,long,2153.701,2142.520857142857,2175.061285714286,0.04,50.0,0.005,10.680142857142885,1.0,2.0,0.5,100.0,LONG,H4
2024-03-07 20:00:00,NY,0.7615894039735099,0.7,long,2161.467,2151.606642857143,2180.1877142857147,0.05,50.0,0.005,9.360357142857213,1.0,2.0,0.5,100.0,LONG,H4
2024-03-08 12:00:00,London,0.725,0.7,long,2177.164,2165.321428571429,2199.8491428571433,0.04,50.0,0.005,11.34257142857148,1.0,2.0,0.5,100.0,LONG,H4
2024-03-10 20:00:00,NY,0.7615894039735099,0.7,long,2181.567,2169.8965,2203.908,0.04,50.0,0.005,11.170500000000043,1.0,2.0,0.5,100.0,LONG,H4
2024-03-11 04:00:00,Off,0.772093023255814,0.7,long,2182.2,2170.3942857142856,2204.8114285714287,0.04,50.0,0.005,11.305714285714364,1.0,2.0,0.5,100.0,LONG,H4
2024-03-11 12:00:00,London,0.772093023255814,0.7,long,2184.27,2172.346,2207.118,0.04,50.0,0.005,11.424000000000076,1.0,2.0,0.5,100.0,LONG,H4
2024-03-11 16:00:00,London,0.7615894039735099,0.7,long,2181.291,2170.0320714285717,2202.8088571428575,0.04,50.0,0.005,10.758928571428635,1.0,2.0,0.5,100.0,LONG,H4
2024-03-11 20:00:00,NY,0.7615894039735099,0.7,long,2183.552,2172.835642857143,2203.9847142857143,0.05,50.0,0.005,10.216357142857175,1.0,2.0,0.5,100.0,LONG,H4
2024-03-12 08:00:00,London,0.725,0.7,long,2171.956,2161.0265,2192.815,0.05,50.0,0.005,10.429500000000028,1.0,2.0,0.5,100.0,LONG,H4
2024-03-12 12:00:00,London,0.772093023255814,0.7,long,2163.015,2150.6995714285713,2186.645857142857,0.04,50.0,0.005,11.815428571428615,1.0,2.0,0.5,100.0,LONG,H4
2024-03-13 04:00:00,Off,0.725,0.7,long,2159.648,2149.859142857143,2178.2257142857147,0.05,50.0,0.005,9.288857142857198,1.0,2.0,0.5,100.0,LONG,H4
2024-03-13 08:00:00,London,0.725,0.7,long,2163.925,2154.527642857143,2181.7197142857144,0.05,50.0,0.005,8.897357142857215,1.0,2.0,0.5,100.0,LONG,H4
2024-03-13 12:00:00,London,0.7615894039735099,0.7,long,2171.759,2161.8465,2190.5840000000003,0.05,50.0,0.005,9.41250000000004,1.0,2.0,0.5,100.0,LONG,H4
2024-03-13 20:00:00,NY,0.7615894039735099,0.7,long,2175.361,2165.7425,2193.598,0.05,50.0,0.005,9.118500000000008,1.0,2.0,0.5,100.0,LONG,H4
2024-03-14 00:00:00,Off,0.725,0.7,long,2172.264,2162.7670714285714,2190.257857142857,0.05,50.0,0.005,8.996928571428564,1.0,2.0,0.5,100.0,LONG,H4
2024-03-14 16:00:00,London,0.725,0.7,long,2163.449,2153.230785714286,2182.8854285714287,0.05,50.0,0.005,9.718214285714309,1.0,2.0,0.5,100.0,LONG,H4
2024-03-14 20:00:00,NY,0.772093023255814,0.7,long,2161.62,2153.287357142857,2177.2852857142857,0.06,50.0,0.005,7.832642857142899,1.0,2.0,0.5,100.0,LONG,H4
2024-03-15 20:00:00,NY,0.725,0.7,long,2155.697,2148.009,2170.0730000000003,0.07,50.0,0.005,7.188000000000004,1.0,2.0,0.5,100.0,LONG,H4
2024-03-17 20:00:00,NY,0.7615894039735099,0.7,long,2156.516,2149.3143571428573,2169.9192857142857,0.07,50.0,0.005,6.701642857142848,1.0,2.0,0.5,100.0,LONG,H4
2024-03-21 12:00:00,London,0.9444444444444444,0.7,long,2174.68,2159.5489285714284,2203.9421428571427,0.03,50.0,0.005,14.6310714285714,1.0,2.0,0.5,100.0,LONG,H4
2024-03-21 16:00:00,London,0.772093023255814,0.7,long,2181.426,2166.1894285714284,2210.8991428571426,0.03,50.0,0.005,14.73657142857139,1.0,2.0,0.5,100.0,LONG,H4
2024-03-21 20:00:00,NY,0.772093023255814,0.7,long,2181.491,2166.8447857142855,2209.7834285714284,0.03,50.0,0.005,14.146214285714256,1.0,2.0,0.5,100.0,LONG,H4
2024-03-22 12:00:00,London,0.725,0.7,long,2166.095,2149.1815714285713,2198.921857142857,0.03,50.0,0.005,16.41342857142857,1.0,2.0,0.5,100.0,LONG,H4
2024-03-22 20:00:00,NY,0.725,0.7,long,2165.338,2148.9435000000003,2197.1270000000004,0.03,50.0,0.005,15.89450000000001,1.0,2.0,0.5,100.0,LONG,H4
2024-03-24 20:00:00,NY,0.772093023255814,0.7,long,2168.337,2154.0508571428572,2195.909285714286,0.03,50.0,0.005,13.78614285714288,1.0,2.0,0.5,100.0,LONG,H4
2024-03-25 00:00:00,Off,0.772093023255814,0.7,long,2170.602,2157.3020714285713,2196.201857142857,0.04,50.0,0.005,12.799928571428577,1.0,2.0,0.5,100.0,LONG,H4
2024-03-25 08:00:00,London,0.772093023255814,0.7,long,2170.398,2157.9815000000003,2194.231,0.04,50.0,0.005,11.91650000000001,1.0,2.0,0.5,100.0,LONG,H4
2024-03-25 12:00:00,London,0.7615894039735099,0.7,long,2175.412,2163.277214285714,2198.6815714285713,0.04,50.0,0.005,11.634785714285726,1.0,2.0,0.5,100.0,LONG,H4
2024-03-25 16:00:00,London,0.725,0.7,long,2170.945,2161.3376428571432,2189.1597142857145,0.05,50.0,0.005,9.107357142857122,1.0,2.0,0.5,100.0,LONG,H4
2024-03-25 20:00:00,NY,0.7615894039735099,0.7,long,2172.878,2163.8722857142857,2189.8894285714287,0.06,50.0,0.005,8.50571428571428,1.0,2.0,0.5,100.0,LONG,H4
2024-03-26 12:00:00,London,0.772093023255814,0.7,long,2174.245,2163.0659285714287,2195.6031428571428,0.04,50.0,0.005,10.6790714285714,1.0,2.0,0.5,100.0,LONG,H4
2024-03-26 16:00:00,London,0.7615894039735099,0.7,long,2177.876,2167.3887142857147,2197.8505714285716,0.05,50.0,0.005,9.98728571428569,1.0,2.0,0.5,100.0,LONG,H4
2024-03-27 00:00:00,Off,0.772093023255814,0.7,long,2177.725,2167.2500714285716,2197.674857142857,0.05,50.0,0.005,9.974928571428563,1.0,2.0,0.5,100.0,LONG,H4
2024-03-27 08:00:00,London,0.772093023255814,0.7,long,2188.403,2177.3543571428568,2209.5002857142854,0.05,50.0,0.005,10.548642857142829,1.0,2.0,0.5,100.0,LONG,H4
2024-03-27 12:00:00,London,0.772093023255814,0.7,long,2190.495,2179.1877142857143,2212.109571428571,0.04,50.0,0.005,10.807285714285692,1.0,2.0,0.5,100.0,LONG,H4
2024-03-27 16:00:00,London,0.7615894039735099,0.7,long,2193.284,2182.1769285714286,2214.4981428571427,0.05,50.0,0.005,10.607071428571414,1.0,2.0,0.5,100.0,LONG,H4
2024-03-27 20:00:00,NY,0.725,0.7,long,2190.969,2180.2560714285714,2211.3948571428573,0.05,50.0,0.005,10.212928571428554,1.0,2.0,0.5,100.0,LONG,H4
2024-03-28 00:00:00,Off,0.725,0.7,long,2194.774,2183.9180714285712,2215.485857142857,0.05,50.0,0.005,10.355928571428583,1.0,2.0,0.5,100.0,LONG,H4
2024-03-28 04:00:00,Off,0.772093023255814,0.7,long,2193.719,2182.4747857142856,2215.207428571429,0.04,50.0,0.005,10.744214285714309,1.0,2.0,0.5,100.0,LONG,H4
2024-03-28 16:00:00,London,0.772093023255814,0.7,long,2221.638,2209.6760714285715,2244.561857142857,0.04,50.0,0.005,11.461928571428611,1.0,2.0,0.5,100.0,LONG,H4
2024-03-28 20:00:00,NY,0.772093023255814,0.7,long,2232.587,2221.264714285714,2254.2315714285714,0.04,50.0,0.005,10.822285714285758,1.0,2.0,0.5,100.0,LONG,H4
2024-03-31 20:00:00,NY,0.725,0.7,long,2244.928,2232.9069999999997,2267.97,0.04,50.0,0.005,11.521000000000056,1.0,2.0,0.5,100.0,LONG,H4
2024-04-01 04:00:00,Off,0.772093023255814,0.7,long,2257.535,2244.3561428571425,2282.892714285714,0.04,50.0,0.005,12.6788571428572,1.0,2.0,0.5,100.0,LONG,H4
2024-04-01 08:00:00,London,0.772093023255814,0.7,long,2246.851,2232.9953571428573,2273.5622857142857,0.04,50.0,0.005,13.355642857142907,1.0,2.0,0.5,100.0,LONG,H4
2024-04-01 12:00:00,London,0.9444444444444444,0.7,long,2239.638,2225.1910714285714,2267.531857142857,0.03,50.0,0.005,13.94692857142864,1.0,2.0,0.5,100.0,LONG,H4
2024-04-01 16:00:00,London,0.9444444444444444,0.7,long,2244.669,2230.347357142857,2272.3122857142857,0.03,50.0,0.005,13.821642857142932,1.0,2.0,0.5,100.0,LONG,H4
2024-04-01 20:00:00,NY,0.9444444444444444,0.7,long,2248.935,2234.0775714285714,2277.6498571428574,0.03,50.0,0.005,14.35742857142863,1.0,2.0,0.5,100.0,LONG,H4
2024-04-02 00:00:00,Off,0.9444444444444444,0.7,long,2251.531,2236.4503571428572,2280.692285714286,0.03,50.0,0.005,14.580642857142916,1.0,2.0,0.5,100.0,LONG,H4
2024-04-02 04:00:00,Off,0.9444444444444444,0.7,long,2256.373,2241.2705,2285.578,0.03,50.0,0.005,14.60250000000003,1.0,2.0,0.5,100.0,LONG,H4
2024-04-02 08:00:00,London,0.772093023255814,0.7,long,2260.526,2245.156571428571,2290.264857142857,0.03,50.0,0.005,14.869428571428603,1.0,2.0,0.5,100.0,LONG,H4
2024-04-02 20:00:00,NY,0.7615894039735099,0.7,long,2280.206,2263.8419285714285,2311.934142857143,0.03,50.0,0.005,15.864071428571476,1.0,2.0,0.5,100.0,LONG,H4
2024-04-03 04:00:00,Off,0.725,0.7,long,2271.188,2255.0759285714284,2302.412142857143,0.03,50.0,0.005,15.612071428571458,1.0,2.0,0.5,100.0,LONG,H4
2024-04-03 08:00:00,London,0.772093023255814,0.7,long,2273.785,2258.5909285714283,2303.173142857143,0.03,50.0,0.005,14.694071428571435,1.0,2.0,0.5,100.0,LONG,H4
2024-04-03 20:00:00,NY,0.772093023255814,0.7,long,2297.448,2282.6449285714284,2326.054142857143,0.03,50.0,0.005,14.303071428571457,1.0,2.0,0.5,100.0,LONG,H4
2024-04-04 04:00:00,Off,0.7615894039735099,0.7,long,2292.952,2278.5995000000003,2320.657,0.03,50.0,0.005,13.85250000000006,1.0,2.0,0.5,100.0,LONG,H4
2024-04-04 08:00:00,London,0.772093023255814,0.7,long,2289.261,2275.0640714285714,2316.654857142857,0.04,50.0,0.005,13.696928571428607,1.0,2.0,0.5,100.0,LONG,H4
2024-04-04 12:00:00,London,0.9444444444444444,0.7,long,2292.081,2277.3674285714287,2320.508142857143,0.03,50.0,0.005,14.213571428571443,1.0,2.0,0.5,100.0,LONG,H4
2024-04-04 20:00:00,NY,0.9444444444444444,0.7,long,2288.891,2274.4434285714287,2316.7861428571427,0.03,50.0,0.005,13.947571428571402,1.0,2.0,0.5,100.0,LONG,H4
2024-04-05 08:00:00,London,0.725,0.7,long,2291.132,2276.7635714285716,2318.868857142857,0.03,50.0,0.005,13.868428571428469,1.0,2.0,0.5,100.0,LONG,H4
2024-04-07 20:00:00,NY,0.7615894039735099,0.7,long,2311.647,2295.541,2342.859,0.03,50.0,0.005,15.605999999999929,1.0,2.0,0.5,100.0,LONG,H4
2024-04-08 04:00:00,Off,0.772093023255814,0.7,long,2337.761,2317.993785714286,2376.295428571428,0.03,50.0,0.005,19.26721428571416,1.0,2.0,0.5,100.0,LONG,H4
2024-04-08 12:00:00,London,0.772093023255814,0.7,long,2327.835,2307.041142857143,2368.422714285714,0.02,50.0,0.005,20.293857142856982,1.0,2.0,0.5,100.0,LONG,H4
2024-04-09 00:00:00,Off,0.7615894039735099,0.7,long,2343.943,2324.6007857142863,2381.6274285714285,0.03,50.0,0.005,18.84221428571413,1.0,2.0,0.5,100.0,LONG,H4
2024-04-09 12:00:00,London,0.7615894039735099,0.7,long,2340.29,2320.377214285714,2379.1155714285715,0.03,50.0,0.005,19.41278571428565,1.0,2.0,0.5,100.0,LONG,H4
2024-04-09 16:00:00,London,0.7615894039735099,0.7,long,2351.118,2333.830214285714,2384.6935714285714,0.03,50.0,0.005,16.78778571428565,1.0,2.0,0.5,100.0,LONG,H4
2024-04-09 20:00:00,NY,0.7615894039735099,0.7,long,2354.776,2337.8402857142855,2387.6474285714285,0.03,50.0,0.005,16.435714285714248,1.0,2.0,0.5,100.0,LONG,H4
2024-04-10 00:00:00,Off,0.772093023255814,0.7,long,2351.249,2334.0492142857142,2384.648571428571,0.03,50.0,0.005,16.69978571428565,1.0,2.0,0.5,100.0,LONG,H4
2024-04-10 04:00:00,Off,0.725,0.7,long,2353.072,2337.0228571428574,2384.170285714286,0.03,50.0,0.005,15.5491428571428,1.0,2.0,0.5,100.0,LONG,H4
2024-04-10 16:00:00,London,0.9444444444444444,0.7,long,2329.635,2314.4120000000003,2359.081,0.03,50.0,0.005,14.722999999999988,1.0,2.0,0.5,100.0,LONG,H4
2024-04-10 20:00:00,NY,0.772093023255814,0.7,long,2335.429,2321.039,2363.2090000000003,0.03,50.0,0.005,13.890000000000002,1.0,2.0,0.5,100.0,LONG,H4
2024-04-11 00:00:00,Off,0.9444444444444444,0.7,long,2343.967,2329.746,2371.409,0.04,50.0,0.005,13.721000000000004,1.0,2.0,0.5,100.0,LONG,H4
2024-04-11 04:00:00,Off,0.9444444444444444,0.7,long,2336.396,2321.578785714286,2365.0304285714287,0.03,50.0,0.005,14.317214285714304,1.0,2.0,0.5,100.0,LONG,H4
2024-04-11 08:00:00,London,0.772093023255814,0.7,long,2337.253,2322.195857142857,2366.367285714286,0.03,50.0,0.005,14.557142857142903,1.0,2.0,0.5,100.0,LONG,H4
2024-04-11 12:00:00,London,0.9444444444444444,0.7,long,2344.618,2329.4294999999997,2373.995,0.03,50.0,0.005,14.688500000000042,1.0,2.0,0.5,100.0,LONG,H4
2024-04-11 20:00:00,NY,0.772093023255814,0.7,long,2377.0,2361.9376428571427,2406.124714285714,0.03,50.0,0.005,14.56235714285718,1.0,2.0,0.5,100.0,LONG,H4
2024-04-12 00:00:00,Off,0.7615894039735099,0.7,long,2384.242,2368.5108571428573,2414.704285714286,0.03,50.0,0.005,15.231142857142911,1.0,2.0,0.5,100.0,LONG,H4
2024-04-12 16:00:00,London,0.725,0.7,long,2343.263,2320.1849285714284,2388.4191428571426,0.02,50.0,0.005,22.578071428571416,1.0,2.0,0.5,100.0,LONG,H4
2024-04-12 20:00:00,NY,0.725,0.7,long,2344.382,2323.4222142857143,2385.3015714285716,0.02,50.0,0.005,20.459785714285708,1.0,2.0,0.5,100.0,LONG,H4
2024-04-14 20:00:00,NY,0.7615894039735099,0.7,long,2364.486,2342.9539285714286,2406.550142857143,0.02,50.0,0.005,21.032071428571435,1.0,2.0,0.5,100.0,LONG,H4
2024-04-15 00:00:00,Off,0.772093023255814,0.7,long,2358.508,2336.272571428571,2401.978857142857,0.02,50.0,0.005,21.735428571428592,1.0,2.0,0.5,100.0,LONG,H4
2024-04-15 04:00:00,Off,0.772093023255814,0.7,long,2353.047,2330.889142857143,2396.3627142857144,0.02,50.0,0.005,21.657857142857143,1.0,2.0,0.5,100.0,LONG,H4
2024-04-15 08:00:00,London,0.75,0.7,long,2357.947,2335.4843571428573,2401.8722857142857,0.02,50.0,0.005,21.962642857142846,1.0,2.0,0.5,100.0,LONG,H4
2024-04-15 16:00:00,London,0.772093023255814,0.7,long,2386.284,2360.3462142857143,2437.1595714285713,0.02,50.0,0.005,25.43778571428568,1.0,2.0,0.5,100.0,LONG,H4
2024-04-15 20:00:00,NY,0.772093023255814,0.7,long,2381.833,2357.3277857142857,2429.8434285714284,0.02,50.0,0.005,24.00521428571424,1.0,2.0,0.5,100.0,LONG,H4
2024-04-16 00:00:00,Off,0.7615894039735099,0.7,long,2387.87,2363.219642857143,2436.170714285714,0.02,50.0,0.005,24.15035714285708,1.0,2.0,0.5,100.0,LONG,H4
2024-04-16 08:00:00,London,0.725,0.7,long,2373.952,2349.458428571429,2421.939142857143,0.02,50.0,0.005,23.99357142857136,1.0,2.0,0.5,100.0,LONG,H4
2024-04-16 12:00:00,London,0.7615894039735099,0.7,long,2385.939,2360.0687857142857,2436.679428571428,0.02,50.0,0.005,25.37021428571422,1.0,2.0,0.5,100.0,LONG,H4
2024-04-17 04:00:00,Off,0.7615894039735099,0.7,long,2382.496,2363.4470714285717,2419.593857142857,0.03,50.0,0.005,18.5489285714285,1.0,2.0,0.5,100.0,LONG,H4
2024-04-17 08:00:00,London,0.7615894039735099,0.7,long,2387.298,2368.657357142857,2423.579285714285,0.03,50.0,0.005,18.14064285714276,1.0,2.0,0.5,100.0,LONG,H4
2024-04-17 16:00:00,London,0.772093023255814,0.7,long,2372.657,2353.1772142857144,2410.6165714285717,0.03,50.0,0.005,18.97978571428565,1.0,2.0,0.5,100.0,LONG,H4
2024-04-18 04:00:00,Off,0.7615894039735099,0.7,long,2377.808,2362.080142857143,2408.2637142857143,0.03,50.0,0.005,15.22785714285708,1.0,2.0,0.5,100.0,LONG,H4
2024-04-18 08:00:00,London,0.725,0.7,long,2380.92,2365.3305714285716,2411.098857142857,0.03,50.0,0.005,15.089428571428536,1.0,2.0,0.5,100.0,LONG,H4
2024-04-18 12:00:00,London,0.9444444444444444,0.7,long,2384.106,2368.711642857143,2413.8947142857146,0.03,50.0,0.005,14.894357142857125,1.0,2.0,0.5,100.0,LONG,H4
2024-04-19 04:00:00,Off,0.725,0.7,long,2385.425,2369.6681428571433,2415.9387142857145,0.03,50.0,0.005,15.256857142857111,1.0,2.0,0.5,100.0,LONG,H4
2024-04-19 12:00:00,London,0.725,0.7,long,2394.756,2377.5515,2428.165,0.03,50.0,0.005,16.704499999999957,1.0,2.0,0.5,100.0,LONG,H4
2024-04-19 20:00:00,NY,0.725,0.7,long,2390.677,2374.121857142857,2422.7872857142856,0.03,50.0,0.005,16.05514285714282,1.0,2.0,0.5,100.0,LONG,H4
2024-04-21 20:00:00,NY,0.772093023255814,0.7,long,2386.483,2370.9763571428575,2416.496285714286,0.03,50.0,0.005,15.006642857142811,1.0,2.0,0.5,100.0,LONG,H4
2024-04-22 04:00:00,Off,0.772093023255814,0.7,long,2360.983,2344.307285714286,2393.334428571429,0.03,50.0,0.005,16.175714285714257,1.0,2.0,0.5,100.0,LONG,H4
2024-04-22 08:00:00,London,0.725,0.7,long,2342.059,2324.214642857143,2376.747714285714,0.03,50.0,0.005,17.344357142857103,1.0,2.0,0.5,100.0,LONG,H4
2024-04-22 12:00:00,London,0.772093023255814,0.7,long,2334.797,2316.1552142857145,2371.080571428571,0.03,50.0,0.005,18.141785714285657,1.0,2.0,0.5,100.0,LONG,H4
2024-04-22 16:00:00,London,0.7615894039735099,0.7,long,2329.332,2311.5060714285714,2363.983857142857,0.03,50.0,0.005,17.325928571428513,1.0,2.0,0.5,100.0,LONG,H4
2024-04-22 20:00:00,NY,0.772093023255814,0.7,long,2333.738,2316.102,2368.0099999999998,0.03,50.0,0.005,17.135999999999935,1.0,2.0,0.5,100.0,LONG,H4
2024-04-23 00:00:00,Off,0.772093023255814,0.7,long,2302.602,2282.5189285714287,2341.7681428571427,0.02,50.0,0.005,19.5830714285714,1.0,2.0,0.5,100.0,LONG,H4
2024-04-23 04:00:00,Off,0.7615894039735099,0.7,long,2309.051,2290.987642857143,2344.177714285714,0.03,50.0,0.005,17.56335714285712,1.0,2.0,0.5,100.0,LONG,H4
2024-05-06 20:00:00,NY,0.772093023255814,0.7,long,2325.943,2312.7739285714288,2351.281142857143,0.04,50.0,0.005,12.669071428571442,1.0,2.0,0.5,100.0,LONG,H4
2024-05-07 04:00:00,Off,0.772093023255814,0.7,long,2319.253,2305.635357142857,2345.488285714286,0.04,50.0,0.005,13.117642857142885,1.0,2.0,0.5,100.0,LONG,H4
2024-05-07 08:00:00,London,0.7615894039735099,0.7,long,2312.348,2298.9347857142857,2338.1744285714285,0.04,50.0,0.005,12.913214285714307,1.0,2.0,0.5,100.0,LONG,H4
2024-05-07 12:00:00,London,0.772093023255814,0.7,long,2314.703,2300.8009285714284,2341.5071428571428,0.04,50.0,0.005,13.402071428571457,1.0,2.0,0.5,100.0,LONG,H4
2024-05-08 04:00:00,Off,0.772093023255814,0.7,long,2305.691,2293.8592857142853,2328.3544285714283,0.04,50.0,0.005,11.331714285714302,1.0,2.0,0.5,100.0,LONG,H4
2024-05-08 12:00:00,London,0.772093023255814,0.7,long,2320.391,2309.3780714285713,2341.416857142857,0.05,50.0,0.005,10.512928571428606,1.0,2.0,0.5,100.0,LONG,H4
2024-05-09 00:00:00,Off,0.7615894039735099,0.7,long,2312.274,2302.2281428571428,2331.365714285714,0.05,50.0,0.005,9.545857142857228,1.0,2.0,0.5,100.0,LONG,H4
2024-05-09 12:00:00,London,0.772093023255814,0.7,long,2330.397,2318.5622857142857,2353.066428571429,0.04,50.0,0.005,11.33471428571436,1.0,2.0,0.5,100.0,LONG,H4
2024-05-09 20:00:00,NY,0.772093023255814,0.7,long,2346.516,2334.8167857142857,2368.9144285714287,0.04,50.0,0.005,11.199214285714366,1.0,2.0,0.5,100.0,LONG,H4
2024-05-10 04:00:00,Off,0.7615894039735099,0.7,long,2366.7,2353.6602857142852,2391.7794285714285,0.04,50.0,0.005,12.539714285714354,1.0,2.0,0.5,100.0,LONG,H4
2024-05-10 16:00:00,London,0.725,0.7,long,2363.315,2350.3314285714287,2388.282142857143,0.04,50.0,0.005,12.48357142857146,1.0,2.0,0.5,100.0,LONG,H4
2024-05-10 20:00:00,NY,0.7615894039735099,0.7,long,2360.449,2348.0595714285714,2384.2278571428574,0.04,50.0,0.005,11.889428571428589,1.0,2.0,0.5,100.0,LONG,H4
2024-05-13 00:00:00,Off,0.7615894039735099,0.7,long,2357.07,2344.8982142857144,2380.4135714285717,0.04,50.0,0.005,11.671785714285727,1.0,2.0,0.5,100.0,LONG,H4
2024-05-13 04:00:00,Off,0.772093023255814,0.7,long,2348.569,2336.0107857142857,2372.6854285714285,0.04,50.0,0.005,12.058214285714287,1.0,2.0,0.5,100.0,LONG,H4
2024-05-13 08:00:00,London,0.772093023255814,0.7,long,2344.544,2332.0112142857142,2368.609571428571,0.04,50.0,0.005,12.032785714285705,1.0,2.0,0.5,100.0,LONG,H4
2024-05-13 16:00:00,London,0.7615894039735099,0.7,long,2337.334,2325.8909285714285,2359.2201428571425,0.04,50.0,0.005,10.943071428571397,1.0,2.0,0.5,100.0,LONG,H4
2024-05-14 00:00:00,Off,0.7615894039735099,0.7,long,2343.059,2332.0690714285715,2364.038857142857,0.05,50.0,0.005,10.489928571428534,1.0,2.0,0.5,100.0,LONG,H4
2024-05-14 04:00:00,Off,0.772093023255814,0.7,long,2339.151,2328.1644285714283,2360.1241428571425,0.05,50.0,0.005,10.486571428571422,1.0,2.0,0.5,100.0,LONG,H4
2024-05-14 12:00:00,London,0.772093023255814,0.7,long,2347.925,2336.9982142857143,2368.7785714285715,0.05,50.0,0.005,10.426785714285709,1.0,2.0,0.5,100.0,LONG,H4
2024-05-14 16:00:00,London,0.7615894039735099,0.7,long,2356.487,2345.9832142857144,2376.4945714285714,0.05,50.0,0.005,10.003785714285709,1.0,2.0,0.5,100.0,LONG,H4
2024-05-15 04:00:00,Off,0.772093023255814,0.7,long,2362.401,2351.822714285714,2382.5575714285715,0.05,50.0,0.005,10.078285714285746,1.0,2.0,0.5,100.0,LONG,H4
2024-05-15 08:00:00,London,0.7615894039735099,0.7,long,2362.742,2351.9764285714286,2383.2731428571433,0.05,50.0,0.005,10.26557142857145,1.0,2.0,0.5,100.0,LONG,H4
2024-05-15 12:00:00,London,0.772093023255814,0.7,long,2377.551,2365.1186428571427,2401.4157142857143,0.04,50.0,0.005,11.932357142857168,1.0,2.0,0.5,100.0,LONG,H4
2024-05-15 16:00:00,London,0.772093023255814,0.7,long,2386.313,2373.791,2410.357,0.04,50.0,0.005,12.022000000000032,1.0,2.0,0.5,100.0,LONG,H4
2024-05-15 20:00:00,NY,0.7615894039735099,0.7,long,2391.769,2380.0411428571424,2414.224714285714,0.04,50.0,0.005,11.22785714285718,1.0,2.0,0.5,100.0,LONG,H4
2024-05-16 12:00:00,London,0.772093023255814,0.7,long,2381.506,2368.4182857142855,2406.6814285714286,0.04,50.0,0.005,12.587714285714323,1.0,2.0,0.5,100.0,LONG,H4
2024-05-16 16:00:00,London,0.772093023255814,0.7,long,2378.106,2365.3355,2402.6470000000004,0.04,50.0,0.005,12.270500000000052,1.0,2.0,0.5,100.0,LONG,H4
2024-05-17 04:00:00,Off,0.725,0.7,long,2383.814,2372.1020714285714,2406.237857142857,0.04,50.0,0.005,11.211928571428643,1.0,2.0,0.5,100.0,LONG,H4
2024-05-17 12:00:00,London,0.7615894039735099,0.7,long,2407.708,2394.1750714285713,2433.7738571428577,0.04,50.0,0.005,13.032928571428686,1.0,2.0,0.5,100.0,LONG,H4
2024-05-19 20:00:00,NY,0.7615894039735099,0.7,long,2420.194,2408.4829285714286,2442.616142857143,0.04,50.0,0.005,11.21107142857152,1.0,2.0,0.5,100.0,LONG,H4
2024-05-20 12:00:00,London,0.9444444444444444,0.7,long,2424.838,2409.7149285714286,2454.0841428571434,0.03,50.0,0.005,14.623071428571524,1.0,2.0,0.5,100.0,LONG,H4
2024-05-20 16:00:00,London,0.772093023255814,0.7,long,2426.734,2411.6489285714283,2455.904142857143,0.03,50.0,0.005,14.585071428571544,1.0,2.0,0.5,100.0,LONG,H4
2024-05-20 20:00:00,NY,0.772093023255814,0.7,long,2426.133,2410.974571428571,2455.449857142857,0.03,50.0,0.005,14.65842857142869,1.0,2.0,0.5,100.0,LONG,H4
2024-05-21 04:00:00,Off,0.772093023255814,0.7,long,2419.209,2401.936428571428,2452.754142857143,0.03,50.0,0.005,16.772571428571545,1.0,2.0,0.5,100.0,LONG,H4
2024-05-21 20:00:00,NY,0.772093023255814,0.7,long,2421.654,2406.4825,2450.9970000000003,0.03,50.0,0.005,14.671500000000083,1.0,2.0,0.5,100.0,LONG,H4
2024-05-22 00:00:00,Off,0.772093023255814,0.7,long,2414.163,2398.6565714285716,2444.1758571428572,0.03,50.0,0.005,15.006428571428614,1.0,2.0,0.5,100.0,LONG,H4
2024-05-22 04:00:00,Off,0.772093023255814,0.7,long,2417.232,2402.0215,2446.6530000000002,0.03,50.0,0.005,14.71050000000004,1.0,2.0,0.5,100.0,LONG,H4
2024-05-22 12:00:00,London,0.772093023255814,0.7,long,2391.965,2376.384857142857,2422.125285714286,0.03,50.0,0.005,15.080142857142878,1.0,2.0,0.5,100.0,LONG,H4
2024-05-22 16:00:00,London,0.772093023255814,0.7,long,2379.305,2363.692928571428,2409.5291428571427,0.03,50.0,0.005,15.112071428571458,1.0,2.0,0.5,100.0,LONG,H4
2024-05-22 20:00:00,NY,0.772093023255814,0.7,long,2382.124,2367.8137857142856,2409.744428571428,0.03,50.0,0.005,13.810214285714308,1.0,2.0,0.5,100.0,LONG,H4
2024-05-23 08:00:00,London,0.772093023255814,0.7,long,2368.041,2353.6388571428574,2395.8452857142856,0.03,50.0,0.005,13.902142857142833,1.0,2.0,0.5,100.0,LONG,H4
2024-05-23 16:00:00,London,0.7615894039735099,0.7,long,2331.58,2315.502571428571,2362.734857142857,0.03,50.0,0.005,15.57742857142856,1.0,2.0,0.5,100.0,LONG,H4
2024-05-23 20:00:00,NY,0.7615894039735099,0.7,long,2332.012,2316.4492142857143,2362.1375714285714,0.03,50.0,0.005,15.062785714285676,1.0,2.0,0.5,100.0,LONG,H4
2024-06-07 08:00:00,London,0.7615894039735099,0.7,long,2336.496,2321.7521428571426,2364.9837142857145,0.03,50.0,0.005,14.243857142857223,1.0,2.0,0.5,100.0,LONG,H4
2024-06-24 04:00:00,Off,0.772093023255814,0.7,long,2330.705,2317.9089285714285,2355.2971428571427,0.04,50.0,0.005,12.296071428571397,1.0,2.0,0.5,100.0,LONG,H4
2024-06-24 08:00:00,London,0.772093023255814,0.7,long,2326.191,2313.393,2350.787,0.04,50.0,0.005,12.298000000000002,1.0,2.0,0.5,100.0,LONG,H4
2024-06-24 12:00:00,London,0.772093023255814,0.7,long,2327.626,2314.775642857143,2352.3267142857144,0.04,50.0,0.005,12.350357142857124,1.0,2.0,0.5,100.0,LONG,H4
2024-06-24 16:00:00,London,0.7615894039735099,0.7,long,2331.64,2320.3911428571428,2353.137714285714,0.04,50.0,0.005,10.748857142857135,1.0,2.0,0.5,100.0,LONG,H4
2024-06-25 00:00:00,Off,0.772093023255814,0.7,long,2324.146,2312.8430714285714,2345.7518571428573,0.04,50.0,0.005,10.80292857142857,1.0,2.0,0.5,100.0,LONG,H4
2024-06-25 16:00:00,London,0.7615894039735099,0.7,long,2319.776,2310.222214285714,2337.8835714285715,0.05,50.0,0.005,9.053785714285723,1.0,2.0,0.5,100.0,LONG,H4
2024-06-26 04:00:00,Off,0.772093023255814,0.7,long,2316.085,2306.0852142857143,2335.0845714285715,0.05,50.0,0.005,9.499785714285704,1.0,2.0,0.5,100.0,LONG,H4
2024-06-26 08:00:00,London,0.7615894039735099,0.7,long,2313.005,2302.6285000000003,2332.7580000000003,0.05,50.0,0.005,9.87649999999998,1.0,2.0,0.5,100.0,LONG,H4
2024-06-28 16:00:00,London,0.725,0.7,long,2325.004,2314.5859285714287,2344.840142857143,0.05,50.0,0.005,9.918071428571466,1.0,2.0,0.5,100.0,LONG,H4
2024-06-30 20:00:00,NY,0.725,0.7,long,2324.933,2316.133142857143,2341.5327142857145,0.06,50.0,0.005,8.299857142857165,1.0,2.0,0.5,100.0,LONG,H4
2024-07-01 12:00:00,London,0.772093023255814,0.7,long,2327.713,2317.1993571428575,2347.740285714286,0.05,50.0,0.005,10.013642857142909,1.0,2.0,0.5,100.0,LONG,H4
2024-07-01 16:00:00,London,0.7615894039735099,0.7,long,2330.9,2321.070285714286,2349.5594285714287,0.05,50.0,0.005,9.329714285714315,1.0,2.0,0.5,100.0,LONG,H4
2024-07-01 20:00:00,NY,0.772093023255814,0.7,long,2332.222,2322.6932142857145,2350.2795714285717,0.05,50.0,0.005,9.028785714285732,1.0,2.0,0.5,100.0,LONG,H4
2024-07-02 00:00:00,Off,0.7615894039735099,0.7,long,2326.033,2316.1149285714287,2344.869142857143,0.05,50.0,0.005,9.418071428571434,1.0,2.0,0.5,100.0,LONG,H4
2024-07-02 04:00:00,Off,0.725,0.7,long,2330.679,2320.8165,2349.404,0.05,50.0,0.005,9.362499999999986,1.0,2.0,0.5,100.0,LONG,H4
2024-07-02 20:00:00,NY,0.7615894039735099,0.7,long,2330.18,2320.5370714285714,2348.4658571428567,0.05,50.0,0.005,9.142928571428554,1.0,2.0,0.5,100.0,LONG,H4
2024-07-03 16:00:00,London,0.7615894039735099,0.7,long,2354.28,2343.416571428572,2375.0068571428574,0.05,50.0,0.005,10.36342857142852,1.0,2.0,0.5,100.0,LONG,H4
2024-07-03 20:00:00,NY,0.725,0.7,long,2358.699,2348.8320000000003,2377.433,0.05,50.0,0.005,9.36699999999993,1.0,2.0,0.5,100.0,LONG,H4
2024-07-04 04:00:00,Off,0.7615894039735099,0.7,long,2357.455,2346.9894285714286,2377.3861428571427,0.05,50.0,0.005,9.965571428571366,1.0,2.0,0.5,100.0,LONG,H4
2024-07-04 20:00:00,NY,0.772093023255814,0.7,long,2356.721,2348.4545,2372.254,0.06,50.0,0.005,7.766499999999951,1.0,2.0,0.5,100.0,LONG,H4
2024-07-08 00:00:00,Off,0.7615894039735099,0.7,long,2382.88,2373.6572142857144,2400.3255714285715,0.05,50.0,0.005,8.722785714285724,1.0,2.0,0.5,100.0,LONG,H4
2024-07-08 04:00:00,Off,0.772093023255814,0.7,long,2377.828,2368.314714285714,2395.8545714285715,0.05,50.0,0.005,9.013285714285724,1.0,2.0,0.5,100.0,LONG,H4
2024-07-08 08:00:00,London,0.7615894039735099,0.7,long,2375.284,2365.6758571428572,2393.500285714286,0.05,50.0,0.005,9.108142857142834,1.0,2.0,0.5,100.0,LONG,H4
2024-07-08 12:00:00,London,0.772093023255814,0.7,long,2355.459,2344.1367857142855,2377.1034285714286,0.04,50.0,0.005,10.822214285714283,1.0,2.0,0.5,100.0,LONG,H4
2024-07-08 16:00:00,London,0.772093023255814,0.7,long,2359.132,2347.6339285714284,2381.128142857143,0.04,50.0,0.005,10.99807142857146,1.0,2.0,0.5,100.0,LONG,H4
2024-07-08 20:00:00,NY,0.772093023255814,0.7,long,2361.711,2350.0827142857142,2383.9675714285713,0.04,50.0,0.005,11.128285714285736,1.0,2.0,0.5,100.0,LONG,H4
2024-07-09 00:00:00,Off,0.772093023255814,0.7,long,2367.625,2355.7102142857143,2390.4545714285714,0.04,50.0,0.005,11.414785714285731,1.0,2.0,0.5,100.0,LONG,H4
2024-07-09 04:00:00,Off,0.7615894039735099,0.7,long,2358.933,2346.7729285714286,2382.253142857143,0.04,50.0,0.005,11.660071428571428,1.0,2.0,0.5,100.0,LONG,H4
2024-07-09 16:00:00,London,0.772093023255814,0.7,long,2363.496,2352.330214285714,2384.8275714285714,0.04,50.0,0.005,10.665785714285708,1.0,2.0,0.5,100.0,LONG,H4
2024-07-09 20:00:00,NY,0.725,0.7,long,2364.966,2354.2475,2385.403,0.05,50.0,0.005,10.21849999999998,1.0,2.0,0.5,100.0,LONG,H4
2024-07-10 00:00:00,Off,0.7615894039735099,0.7,long,2368.144,2357.1746428571428,2389.082714285714,0.05,50.0,0.005,10.469357142857104,1.0,2.0,0.5,100.0,LONG,H4
2024-07-10 04:00:00,Off,0.7615894039735099,0.7,long,2372.606,2361.521928571429,2393.774142857143,0.05,50.0,0.005,10.584071428571374,1.0,2.0,0.5,100.0,LONG,H4
2024-07-10 08:00:00,London,0.725,0.7,long,2378.346,2367.509642857143,2399.018714285714,0.05,50.0,0.005,10.336357142857066,1.0,2.0,0.5,100.0,LONG,H4
2024-07-10 20:00:00,NY,0.725,0.7,long,2372.852,2363.6572857142855,2390.2414285714285,0.05,50.0,0.005,8.694714285714229,1.0,2.0,0.5,100.0,LONG,H4
2024-07-11 16:00:00,London,0.772093023255814,0.7,long,2414.082,2402.333142857143,2436.579714285714,0.04,50.0,0.005,11.24885714285704,1.0,2.0,0.5,100.0,LONG,H4
2024-07-12 04:00:00,Off,0.725,0.7,long,2404.174,2393.125142857143,2425.271714285714,0.05,50.0,0.005,10.548857142857027,1.0,2.0,0.5,100.0,LONG,H4
2024-07-12 08:00:00,London,0.725,0.7,long,2401.715,2390.4468571428574,2423.2512857142856,0.04,50.0,0.005,10.768142857142752,1.0,2.0,0.5,100.0,LONG,H4
2024-07-14 20:00:00,NY,0.7615894039735099,0.7,long,2408.657,2397.572,2429.8269999999998,0.05,50.0,0.005,10.584999999999908,1.0,2.0,0.5,100.0,LONG,H4
2024-07-15 00:00:00,Off,0.772093023255814,0.7,long,2411.555,2400.1100714285712,2433.444857142857,0.04,50.0,0.005,10.944928571428491,1.0,2.0,0.5,100.0,LONG,H4
2024-07-15 12:00:00,London,0.772093023255814,0.7,long,2433.281,2419.478,2459.8869999999997,0.04,50.0,0.005,13.30299999999995,1.0,2.0,0.5,100.0,LONG,H4
2024-07-15 16:00:00,London,0.772093023255814,0.7,long,2421.091,2409.1737857142857,2443.9254285714283,0.04,50.0,0.005,11.417214285714246,1.0,2.0,0.5,100.0,LONG,H4
2024-07-15 20:00:00,NY,0.772093023255814,0.7,long,2422.496,2411.0867142857146,2444.3145714285715,0.04,50.0,0.005,10.909285714285684,1.0,2.0,0.5,100.0,LONG,H4
2024-07-16 00:00:00,Off,0.772093023255814,0.7,long,2428.577,2416.6929285714286,2451.345142857143,0.04,50.0,0.005,11.384071428571392,1.0,2.0,0.5,100.0,LONG,H4
2024-07-16 08:00:00,London,0.772093023255814,0.7,long,2439.521,2427.2950714285716,2462.9728571428573,0.04,50.0,0.005,11.72592857142854,1.0,2.0,0.5,100.0,LONG,H4
2024-07-17 16:00:00,London,0.772093023255814,0.7,long,2457.986,2441.9782142857143,2489.0015714285714,0.03,50.0,0.005,15.507785714285708,1.0,2.0,0.5,100.0,LONG,H4
2024-07-17 20:00:00,NY,0.772093023255814,0.7,long,2461.296,2446.814214285714,2489.2595714285712,0.03,50.0,0.005,13.981785714285706,1.0,2.0,0.5,100.0,LONG,H4
2024-07-18 00:00:00,Off,0.772093023255814,0.7,long,2468.009,2454.1332142857145,2494.7605714285714,0.04,50.0,0.005,13.375785714285712,1.0,2.0,0.5,100.0,LONG,H4
2024-07-18 04:00:00,Off,0.772093023255814,0.7,long,2471.93,2457.4630714285713,2499.863857142857,0.03,50.0,0.005,13.966928571428555,1.0,2.0,0.5,100.0,LONG,H4
2024-07-18 08:00:00,London,0.772093023255814,0.7,long,2464.468,2449.9531428571427,2492.497714285714,0.03,50.0,0.005,14.01485714285715,1.0,2.0,0.5,100.0,LONG,H4
2024-07-18 12:00:00,London,0.9444444444444444,0.7,long,2461.226,2446.853357142857,2488.971285714286,0.03,50.0,0.005,13.872642857142864,1.0,2.0,0.5,100.0,LONG,H4
2024-07-18 16:00:00,London,1.0,0.7,long,2442.916,2427.6832142857143,2472.3815714285715,0.03,50.0,0.005,14.732785714285717,1.0,2.0,0.5,100.0,LONG,H4
2024-07-18 20:00:00,NY,0.772093023255814,0.7,long,2441.25,2428.271142857143,2466.2077142857142,0.04,50.0,0.005,12.478857142857157,1.0,2.0,0.5,100.0,LONG,H4
2024-07-19 00:00:00,Off,0.7615894039735099,0.7,long,2428.7,2415.004857142857,2455.0902857142855,0.04,50.0,0.005,13.195142857142889,1.0,2.0,0.5,100.0,LONG,H4
2024-07-19 04:00:00,Off,0.772093023255814,0.7,long,2418.127,2403.517857142857,2446.3452857142856,0.03,50.0,0.005,14.109142857142874,1.0,2.0,0.5,100.0,LONG,H4
2024-07-19 12:00:00,London,0.772093023255814,0.7,long,2405.38,2390.860857142857,2433.418285714286,0.03,50.0,0.005,14.019142857142892,1.0,2.0,0.5,100.0,LONG,H4
2024-07-19 16:00:00,London,0.7615894039735099,0.7,long,2398.712,2384.3255714285715,2426.4848571428574,0.03,50.0,0.005,13.886428571428626,1.0,2.0,0.5,100.0,LONG,H4
2024-07-19 20:00:00,NY,0.7615894039735099,0.7,long,2400.451,2387.7056428571427,2424.9417142857146,0.04,50.0,0.005,12.245357142857204,1.0,2.0,0.5,100.0,LONG,H4
2024-07-21 20:00:00,NY,0.772093023255814,0.7,long,2411.528,2398.9411428571425,2435.7017142857144,0.04,50.0,0.005,12.0868571428572,1.0,2.0,0.5,100.0,LONG,H4
2024-07-22 00:00:00,Off,0.772093023255814,0.7,long,2406.732,2393.8355,2431.525,0.04,50.0,0.005,12.39650000000006,1.0,2.0,0.5,100.0,LONG,H4
2024-07-22 04:00:00,Off,0.772093023255814,0.7,long,2402.513,2389.8371428571427,2426.8647142857144,0.04,50.0,0.005,12.175857142857208,1.0,2.0,0.5,100.0,LONG,H4
2024-07-22 08:00:00,London,0.772093023255814,0.7,long,2398.056,2385.383357142857,2422.4012857142857,0.04,50.0,0.005,12.172642857142916,1.0,2.0,0.5,100.0,LONG,H4
2024-07-22 20:00:00,NY,0.772093023255814,0.7,long,2395.783,2383.921857142857,2418.505285714286,0.04,50.0,0.005,11.361142857142925,1.0,2.0,0.5,100.0,LONG,H4
2024-07-23 04:00:00,Off,0.7615894039735099,0.7,long,2397.788,2386.3100714285715,2419.7438571428575,0.04,50.0,0.005,10.977928571428654,1.0,2.0,0.5,100.0,LONG,H4
2024-07-23 12:00:00,London,0.772093023255814,0.7,long,2405.479,2394.3082857142854,2426.8204285714287,0.04,50.0,0.005,10.670714285714372,1.0,2.0,0.5,100.0,LONG,H4
2024-07-23 16:00:00,London,0.725,0.7,long,2407.545,2397.0995,2427.436,0.05,50.0,0.005,9.94550000000007,1.0,2.0,0.5,100.0,LONG,H4
2024-07-23 20:00:00,NY,0.725,0.7,long,2408.513,2398.471571428571,2427.5958571428573,0.05,50.0,0.005,9.54142857142863,1.0,2.0,0.5,100.0,LONG,H4
2024-07-24 00:00:00,Off,0.772093023255814,0.7,long,2416.406,2405.6012857142855,2437.0154285714284,0.05,50.0,0.005,10.304714285714324,1.0,2.0,0.5,100.0,LONG,H4
2024-07-24 04:00:00,Off,0.7615894039735099,0.7,long,2414.574,2404.042857142857,2434.636285714286,0.05,50.0,0.005,10.0311428571429,1.0,2.0,0.5,100.0,LONG,H4
2024-07-24 08:00:00,London,0.725,0.7,long,2417.432,2406.9669999999996,2437.362,0.05,50.0,0.005,9.965000000000048,1.0,2.0,0.5,100.0,LONG,H4
2024-07-25 12:00:00,London,0.9444444444444444,0.7,long,2363.151,2348.4391428571425,2391.574714285714,0.03,50.0,0.005,14.211857142857168,1.0,2.0,0.5,100.0,LONG,H4
2024-08-02 20:00:00,NY,0.725,0.7,long,2441.892,2423.004,2478.6679999999997,0.03,50.0,0.005,18.388000000000016,1.0,2.0,0.5,100.0,LONG,H4
2024-08-14 20:00:00,NY,0.772093023255814,0.7,long,2449.408,2436.5684285714287,2474.0871428571427,0.04,50.0,0.005,12.33957142857139,1.0,2.0,0.5,100.0,LONG,H4
2024-08-15 00:00:00,Off,0.772093023255814,0.7,long,2453.681,2441.3490714285717,2477.344857142857,0.04,50.0,0.005,11.831928571428534,1.0,2.0,0.5,100.0,LONG,H4
2024-08-15 04:00:00,Off,0.772093023255814,0.7,long,2455.71,2443.1912857142856,2479.7474285714284,0.04,50.0,0.005,12.018714285714234,1.0,2.0,0.5,100.0,LONG,H4
2024-08-15 08:00:00,London,0.725,0.7,long,2463.533,2451.408214285714,2486.7825714285714,0.04,50.0,0.005,11.62478571428567,1.0,2.0,0.5,100.0,LONG,H4
2024-08-15 16:00:00,London,0.772093023255814,0.7,long,2455.566,2441.2419285714286,2483.2141428571426,0.03,50.0,0.005,13.824071428571347,1.0,2.0,0.5,100.0,LONG,H4
2024-08-15 20:00:00,NY,0.772093023255814,0.7,long,2457.298,2443.8939285714287,2483.1061428571425,0.04,50.0,0.005,12.904071428571342,1.0,2.0,0.5,100.0,LONG,H4
2024-08-16 08:00:00,London,0.725,0.7,long,2472.113,2458.349142857143,2498.640714285714,0.04,50.0,0.005,13.263857142857075,1.0,2.0,0.5,100.0,LONG,H4
2024-08-16 12:00:00,London,0.772093023255814,0.7,long,2491.691,2476.739642857143,2520.5937142857138,0.03,50.0,0.005,14.451357142857075,1.0,2.0,0.5,100.0,LONG,H4
2024-08-18 20:00:00,NY,0.7615894039735099,0.7,long,2506.414,2493.7103571428574,2530.8212857142858,0.04,50.0,0.005,12.2036428571428,1.0,2.0,0.5,100.0,LONG,H4
2024-08-19 00:00:00,Off,0.772093023255814,0.7,long,2503.22,2489.888571428571,2528.8828571428567,0.04,50.0,0.005,12.83142857142853,1.0,2.0,0.5,100.0,LONG,H4
2024-08-19 08:00:00,London,0.772093023255814,0.7,long,2494.391,2480.168642857143,2521.8357142857144,0.04,50.0,0.005,13.722357142857096,1.0,2.0,0.5,100.0,LONG,H4
2024-08-19 16:00:00,London,0.772093023255814,0.7,long,2505.436,2492.7459285714285,2529.816142857143,0.04,50.0,0.005,12.1900714285714,1.0,2.0,0.5,100.0,LONG,H4
2024-08-20 00:00:00,Off,0.772093023255814,0.7,long,2501.778,2489.0030714285713,2526.327857142857,0.04,50.0,0.005,12.27492857142855,1.0,2.0,0.5,100.0,LONG,H4
2024-08-20 16:00:00,London,0.772093023255814,0.7,long,2514.951,2501.736785714286,2540.3794285714284,0.04,50.0,0.005,12.714214285714304,1.0,2.0,0.5,100.0,LONG,H4
2024-08-20 20:00:00,NY,0.772093023255814,0.7,long,2512.964,2500.69,2536.5119999999997,0.04,50.0,0.005,11.773999999999983,1.0,2.0,0.5,100.0,LONG,H4
2024-08-21 00:00:00,Off,0.772093023255814,0.7,long,2517.386,2504.7588571428573,2541.6402857142857,0.04,50.0,0.005,12.12714285714284,1.0,2.0,0.5,100.0,LONG,H4
2024-08-21 04:00:00,Off,0.772093023255814,0.7,long,2509.751,2496.693928571429,2534.865142857143,0.04,50.0,0.005,12.557071428571394,1.0,2.0,0.5,100.0,LONG,H4
2024-08-21 08:00:00,London,0.7615894039735099,0.7,long,2511.823,2498.975571428571,2536.517857142857,0.04,50.0,0.005,12.347428571428509,1.0,2.0,0.5,100.0,LONG,H4
2024-08-21 12:00:00,London,0.772093023255814,0.7,long,2508.369,2494.545857142857,2535.0152857142857,0.04,50.0,0.005,13.323142857142816,1.0,2.0,0.5,100.0,LONG,H4
2024-08-21 16:00:00,London,0.772093023255814,0.7,long,2511.559,2498.0631428571432,2537.5507142857145,0.04,50.0,0.005,12.99585714285711,1.0,2.0,0.5,100.0,LONG,H4
2024-08-21 20:00:00,NY,0.772093023255814,0.7,long,2512.783,2500.406,2536.537,0.04,50.0,0.005,11.876999999999953,1.0,2.0,0.5,100.0,LONG,H4
2024-08-22 00:00:00,Off,0.772093023255814,0.7,long,2502.329,2489.3805,2527.226,0.04,50.0,0.005,12.448499999999967,1.0,2.0,0.5,100.0,LONG,H4
2024-08-22 04:00:00,Off,0.772093023255814,0.7,long,2507.102,2493.594,2533.118,0.04,50.0,0.005,13.00799999999994,1.0,2.0,0.5,100.0,LONG,H4
2024-08-22 16:00:00,London,1.0,0.7,long,2482.983,2468.6582142857146,2510.6325714285717,0.03,50.0,0.005,13.824785714285683,1.0,2.0,0.5,100.0,LONG,H4
2024-08-22 20:00:00,NY,0.772093023255814,0.7,long,2487.564,2474.718785714286,2512.2544285714284,0.04,50.0,0.005,12.345214285714226,1.0,2.0,0.5,100.0,LONG,H4
2024-08-23 00:00:00,Off,0.7615894039735099,0.7,long,2493.17,2480.8520000000003,2516.806,0.04,50.0,0.005,11.817999999999952,1.0,2.0,0.5,100.0,LONG,H4
2024-08-23 08:00:00,London,0.725,0.7,long,2501.571,2489.1572142857144,2525.3985714285714,0.04,50.0,0.005,11.91378571428569,1.0,2.0,0.5,100.0,LONG,H4
2024-08-23 12:00:00,London,0.7615894039735099,0.7,long,2509.845,2496.5505714285714,2535.433857142857,0.04,50.0,0.005,12.79442857142856,1.0,2.0,0.5,100.0,LONG,H4
2024-08-23 20:00:00,NY,0.7615894039735099,0.7,long,2512.357,2500.1035714285713,2535.863857142857,0.04,50.0,0.005,11.753428571428556,1.0,2.0,0.5,100.0,LONG,H4
2024-08-25 20:00:00,NY,0.7615894039735099,0.7,long,2515.917,2504.4140714285713,2537.922857142857,0.04,50.0,0.005,11.002928571428551,1.0,2.0,0.5,100.0,LONG,H4
2024-08-26 00:00:00,Off,0.772093023255814,0.7,long,2509.769,2498.051357142857,2532.2042857142856,0.04,50.0,0.005,11.21764285714286,1.0,2.0,0.5,100.0,LONG,H4
2024-08-27 00:00:00,Off,0.772093023255814,0.7,long,2508.973,2498.909071428571,2528.100857142857,0.05,50.0,0.005,9.563928571428573,1.0,2.0,0.5,100.0,LONG,H4
2024-08-28 04:00:00,Off,0.772093023255814,0.7,long,2509.984,2498.4105,2532.131,0.04,50.0,0.005,11.0735,1.0,2.0,0.5,100.0,LONG,H4
2024-08-28 08:00:00,London,0.772093023255814,0.7,long,2501.485,2489.692142857143,2524.0707142857145,0.04,50.0,0.005,11.292857142857104,1.0,2.0,0.5,100.0,LONG,H4
2024-08-28 16:00:00,London,0.772093023255814,0.7,long,2507.607,2495.0271428571427,2531.766714285714,0.04,50.0,0.005,12.079857142857106,1.0,2.0,0.5,100.0,LONG,H4
2024-08-28 20:00:00,NY,0.772093023255814,0.7,long,2508.11,2496.279285714286,2530.7714285714287,0.04,50.0,0.005,11.330714285714228,1.0,2.0,0.5,100.0,LONG,H4
2024-08-29 00:00:00,Off,0.772093023255814,0.7,long,2516.543,2504.789285714286,2539.0504285714287,0.04,50.0,0.005,11.25371428571423,1.0,2.0,0.5,100.0,LONG,H4
2024-08-29 04:00:00,Off,0.7615894039735099,0.7,long,2519.091,2507.075214285714,2542.122571428571,0.04,50.0,0.005,11.515785714285682,1.0,2.0,0.5,100.0,LONG,H4
2024-08-29 12:00:00,London,0.772093023255814,0.7,long,2522.535,2509.9725,2546.66,0.04,50.0,0.005,12.062499999999934,1.0,2.0,0.5,100.0,LONG,H4
2024-08-29 20:00:00,NY,0.772093023255814,0.7,long,2519.615,2507.943857142857,2541.9572857142853,0.04,50.0,0.005,11.171142857142806,1.0,2.0,0.5,100.0,LONG,H4
2024-08-30 00:00:00,Off,0.725,0.7,long,2513.556,2502.477142857143,2534.713714285714,0.05,50.0,0.005,10.578857142857098,1.0,2.0,0.5,100.0,LONG,H4
2024-08-30 04:00:00,Off,0.725,0.7,long,2519.369,2507.8114285714287,2541.484142857143,0.04,50.0,0.005,11.057571428571398,1.0,2.0,0.5,100.0,LONG,H4
2024-09-01 20:00:00,NY,0.7615894039735099,0.7,long,2502.98,2492.4029285714287,2523.134142857143,0.05,50.0,0.005,10.077071428571506,1.0,2.0,0.5,100.0,LONG,H4
2024-09-02 04:00:00,Off,0.772093023255814,0.7,long,2498.157,2487.1140714285716,2519.2428571428577,0.05,50.0,0.005,10.542928571428677,1.0,2.0,0.5,100.0,LONG,H4
2024-09-02 12:00:00,London,0.772093023255814,0.7,long,2501.485,2490.5116428571428,2522.431714285715,0.05,50.0,0.005,10.47335714285727,1.0,2.0,0.5,100.0,LONG,H4
2024-09-02 16:00:00,London,0.75,0.7,long,2500.085,2490.457,2518.3410000000003,0.05,50.0,0.005,9.128000000000124,1.0,2.0,0.5,100.0,LONG,H4
2024-09-02 20:00:00,NY,0.7615894039735099,0.7,long,2497.242,2488.1622857142856,2514.401428571429,0.06,50.0,0.005,8.579714285714415,1.0,2.0,0.5,100.0,LONG,H4
2024-09-03 00:00:00,Off,0.7615894039735099,0.7,long,2494.717,2485.308,2512.5350000000003,0.05,50.0,0.005,8.909000000000137,1.0,2.0,0.5,100.0,LONG,H4
2024-09-03 04:00:00,Off,0.7615894039735099,0.7,long,2500.843,2491.326714285714,2518.8755714285717,0.05,50.0,0.005,9.016285714285816,1.0,2.0,0.5,100.0,LONG,H4
2024-09-03 20:00:00,NY,0.725,0.7,long,2493.223,2483.4058571428573,2511.857285714286,0.05,50.0,0.005,9.317142857142894,1.0,2.0,0.5,100.0,LONG,H4
2024-09-04 00:00:00,Off,0.7615894039735099,0.7,long,2495.016,2484.9192142857146,2514.2095714285715,0.05,50.0,0.005,9.596785714285716,1.0,2.0,0.5,100.0,LONG,H4
2024-09-06 20:00:00,NY,0.7615894039735099,0.7,long,2497.54,2486.6742142857142,2518.2715714285714,0.05,50.0,0.005,10.365785714285789,1.0,2.0,0.5,100.0,LONG,H4
2024-09-09 00:00:00,Off,0.772093023255814,0.7,long,2499.28,2488.5634285714286,2519.7131428571433,0.05,50.0,0.005,10.216571428571472,1.0,2.0,0.5,100.0,LONG,H4
2024-09-09 04:00:00,Off,0.772093023255814,0.7,long,2494.286,2482.914642857143,2516.0287142857146,0.04,50.0,0.005,10.87135714285718,1.0,2.0,0.5,100.0,LONG,H4
2024-09-09 08:00:00,London,0.7615894039735099,0.7,long,2497.242,2486.204,2518.318,0.05,50.0,0.005,10.538000000000045,1.0,2.0,0.5,100.0,LONG,H4
2024-09-09 12:00:00,London,0.772093023255814,0.7,long,2499.081,2488.0720714285717,2520.0988571428575,0.05,50.0,0.005,10.508928571428603,1.0,2.0,0.5,100.0,LONG,H4
2024-09-09 16:00:00,London,0.7615894039735099,0.7,long,2505.96,2495.828285714286,2525.2234285714285,0.05,50.0,0.005,9.631714285714322,1.0,2.0,0.5,100.0,LONG,H4
2024-09-09 20:00:00,NY,0.772093023255814,0.7,long,2506.813,2497.2737142857145,2524.8915714285718,0.05,50.0,0.005,9.03928571428576,1.0,2.0,0.5,100.0,LONG,H4
2024-09-10 08:00:00,London,0.725,0.7,long,2504.607,2494.4595714285715,2523.9018571428574,0.05,50.0,0.005,9.647428571428623,1.0,2.0,0.5,100.0,LONG,H4
2024-09-10 12:00:00,London,0.772093023255814,0.7,long,2512.597,2501.6019285714287,2533.587142857143,0.05,50.0,0.005,10.495071428571496,1.0,2.0,0.5,100.0,LONG,H4
2024-09-10 16:00:00,London,0.725,0.7,long,2517.255,2507.831357142857,2535.1022857142857,0.05,50.0,0.005,8.923642857142893,1.0,2.0,0.5,100.0,LONG,H4
2024-09-10 20:00:00,NY,0.725,0.7,long,2518.678,2510.520642857143,2533.992714285714,0.06,50.0,0.005,7.657357142857173,1.0,2.0,0.5,100.0,LONG,H4
2024-09-11 16:00:00,London,0.725,0.7,long,2512.93,2503.058642857143,2531.672714285714,0.05,50.0,0.005,9.371357142857116,1.0,2.0,0.5,100.0,LONG,H4
2024-09-11 20:00:00,NY,0.725,0.7,long,2511.901,2502.703857142857,2529.2952857142855,0.05,50.0,0.005,8.69714285714284,1.0,2.0,0.5,100.0,LONG,H4
2024-09-12 00:00:00,Off,0.725,0.7,long,2515.844,2506.8120714285715,2532.907857142857,0.06,50.0,0.005,8.531928571428548,1.0,2.0,0.5,100.0,LONG,H4
2024-09-12 04:00:00,Off,0.725,0.7,long,2515.941,2506.528,2533.767,0.05,50.0,0.005,8.912999999999979,1.0,2.0,0.5,100.0,LONG,H4
2024-09-12 20:00:00,NY,0.7615894039735099,0.7,long,2558.422,2547.4584285714286,2579.349142857143,0.05,50.0,0.005,10.46357142857138,1.0,2.0,0.5,100.0,LONG,H4
2024-09-13 20:00:00,NY,0.7615894039735099,0.7,long,2579.067,2567.9379285714285,2600.3251428571425,0.04,50.0,0.005,10.629071428571349,1.0,2.0,0.5,100.0,LONG,H4
2024-09-15 20:00:00,NY,0.7615894039735099,0.7,long,2579.163,2568.560142857143,2599.3687142857143,0.05,50.0,0.005,10.10285714285708,1.0,2.0,0.5,100.0,LONG,H4
2024-09-16 00:00:00,Off,0.7615894039735099,0.7,long,2586.294,2575.1541428571427,2607.5737142857142,0.04,50.0,0.005,10.639857142857084,1.0,2.0,0.5,100.0,LONG,H4
2024-09-16 12:00:00,London,0.772093023255814,0.7,long,2579.847,2567.5907142857145,2603.3595714285716,0.04,50.0,0.005,11.756285714285598,1.0,2.0,0.5,100.0,LONG,H4
2024-09-16 20:00:00,NY,0.7615894039735099,0.7,long,2583.659,2574.5392142857145,2600.8985714285714,0.05,50.0,0.005,8.619785714285594,1.0,2.0,0.5,100.0,LONG,H4
2024-09-17 00:00:00,Off,0.75,0.7,long,2577.184,2567.620071428572,2595.311857142857,0.05,50.0,0.005,9.063928571428471,1.0,2.0,0.5,100.0,LONG,H4
2024-09-17 08:00:00,London,0.725,0.7,long,2579.824,2569.8675000000003,2598.737,0.05,50.0,0.005,9.45649999999994,1.0,2.0,0.5,100.0,LONG,H4
2024-09-17 12:00:00,London,0.7615894039735099,0.7,long,2565.668,2554.913642857143,2586.1767142857143,0.05,50.0,0.005,10.254357142857089,1.0,2.0,0.5,100.0,LONG,H4
2024-09-17 16:00:00,London,0.725,0.7,long,2568.615,2558.3224285714286,2588.2001428571425,0.05,50.0,0.005,9.792571428571364,1.0,2.0,0.5,100.0,LONG,H4
2024-09-17 20:00:00,NY,0.725,0.7,long,2574.05,2563.859928571429,2593.430142857143,0.05,50.0,0.005,9.690071428571368,1.0,2.0,0.5,100.0,LONG,H4
2024-09-18 04:00:00,Off,0.725,0.7,long,2571.566,2560.719714285714,2592.258571428571,0.05,50.0,0.005,10.34628571428568,1.0,2.0,0.5,100.0,LONG,H4
2024-09-18 08:00:00,London,0.725,0.7,long,2577.407,2566.3720000000003,2598.477,0.05,50.0,0.005,10.534999999999952,1.0,2.0,0.5,100.0,LONG,H4
2024-09-18 20:00:00,NY,0.772093023255814,0.7,long,2559.239,2545.285,2586.147,0.04,50.0,0.005,13.453999999999985,1.0,2.0,0.5,100.0,LONG,H4
2024-09-19 04:00:00,Off,0.772093023255814,0.7,long,2584.344,2567.9479285714287,2616.136142857143,0.03,50.0,0.005,15.896071428571434,1.0,2.0,0.5,100.0,LONG,H4
2024-09-19 08:00:00,London,0.7615894039735099,0.7,long,2589.435,2572.7484285714286,2621.8081428571427,0.03,50.0,0.005,16.186571428571433,1.0,2.0,0.5,100.0,LONG,H4
2024-09-19 12:00:00,London,0.772093023255814,0.7,long,2589.022,2571.6912857142856,2622.6834285714285,0.03,50.0,0.005,16.83071428571426,1.0,2.0,0.5,100.0,LONG,H4
2024-09-19 20:00:00,NY,0.772093023255814,0.7,long,2587.282,2571.692142857143,2617.4617142857146,0.03,50.0,0.005,15.089857142857127,1.0,2.0,0.5,100.0,LONG,H4
2024-09-22 20:00:00,NY,0.772093023255814,0.7,long,2620.234,2607.2501428571427,2645.2017142857144,0.04,50.0,0.005,12.4838571428572,1.0,2.0,0.5,100.0,LONG,H4
2024-09-23 08:00:00,London,0.7615894039735099,0.7,long,2624.063,2611.8120714285715,2647.5648571428574,0.04,50.0,0.005,11.75092857142863,1.0,2.0,0.5,100.0,LONG,H4
2024-09-23 12:00:00,London,0.772093023255814,0.7,long,2629.242,2616.9032857142856,2652.919428571429,0.04,50.0,0.005,11.838714285714332,1.0,2.0,0.5,100.0,LONG,H4
2024-09-23 16:00:00,London,0.772093023255814,0.7,long,2626.24,2615.0579999999995,2647.604,0.04,50.0,0.005,10.682000000000048,1.0,2.0,0.5,100.0,LONG,H4
2024-09-23 20:00:00,NY,0.772093023255814,0.7,long,2626.3,2615.4032142857145,2647.0935714285715,0.05,50.0,0.005,10.396785714285768,1.0,2.0,0.5,100.0,LONG,H4
2024-09-24 04:00:00,Off,0.7615894039735099,0.7,long,2628.996,2616.8805714285713,2652.2268571428576,0.04,50.0,0.005,11.615428571428668,1.0,2.0,0.5,100.0,LONG,H4
2024-09-24 08:00:00,London,0.7615894039735099,0.7,long,2626.367,2614.649142857143,2648.8027142857145,0.04,50.0,0.005,11.217857142857222,1.0,2.0,0.5,100.0,LONG,H4
2024-09-24 20:00:00,NY,0.772093023255814,0.7,long,2658.204,2645.564928571429,2682.482142857143,0.04,50.0,0.005,12.139071428571436,1.0,2.0,0.5,100.0,LONG,H4
2024-09-25 08:00:00,London,0.7615894039735099,0.7,long,2657.431,2644.0455,2683.202,0.04,50.0,0.005,12.885499999999997,1.0,2.0,0.5,100.0,LONG,H4
2024-09-25 16:00:00,London,0.772093023255814,0.7,long,2659.754,2646.5207857142855,2685.2204285714283,0.04,50.0,0.005,12.733214285714244,1.0,2.0,0.5,100.0,LONG,H4
2024-09-25 20:00:00,NY,0.772093023255814,0.7,long,2656.256,2643.7898571428573,2680.1882857142855,0.04,50.0,0.005,11.966142857142811,1.0,2.0,0.5,100.0,LONG,H4
2024-09-26 00:00:00,Off,0.7615894039735099,0.7,long,2662.516,2649.907,2686.734,0.04,50.0,0.005,12.108999999999956,1.0,2.0,0.5,100.0,LONG,H4
2024-09-26 04:00:00,Off,0.772093023255814,0.7,long,2664.684,2651.6245000000004,2689.803,0.04,50.0,0.005,12.55949999999994,1.0,2.0,0.5,100.0,LONG,H4
2024-09-26 12:00:00,London,0.9444444444444444,0.7,long,2671.357,2656.8286428571428,2699.413714285714,0.03,50.0,0.005,14.028357142857072,1.0,2.0,0.5,100.0,LONG,H4
2024-09-26 16:00:00,London,0.772093023255814,0.7,long,2673.675,2659.002428571429,2702.020142857143,0.03,50.0,0.005,14.172571428571375,1.0,2.0,0.5,100.0,LONG,H4
2024-09-26 20:00:00,NY,0.772093023255814,0.7,long,2672.601,2659.485142857143,2697.8327142857142,0.04,50.0,0.005,12.615857142857132,1.0,2.0,0.5,100.0,LONG,H4
2024-09-27 12:00:00,London,0.7615894039735099,0.7,long,2649.799,2636.2262142857144,2675.9445714285716,0.04,50.0,0.005,13.072785714285764,1.0,2.0,0.5,100.0,LONG,H4
2024-09-27 16:00:00,London,0.7615894039735099,0.7,long,2652.079,2637.974285714286,2679.288428571429,0.04,50.0,0.005,13.60471428571431,1.0,2.0,0.5,100.0,LONG,H4
2024-09-27 20:00:00,NY,0.7615894039735099,0.7,long,2657.983,2644.194214285714,2684.5605714285716,0.04,50.0,0.005,13.288785714285725,1.0,2.0,0.5,100.0,LONG,H4
2024-09-29 20:00:00,NY,0.772093023255814,0.7,long,2663.543,2650.2037142857143,2689.2215714285717,0.04,50.0,0.005,12.839285714285747,1.0,2.0,0.5,100.0,LONG,H4
2024-09-30 08:00:00,London,0.7615894039735099,0.7,long,2641.542,2626.0181428571427,2671.5897142857143,0.03,50.0,0.005,15.023857142857196,1.0,2.0,0.5,100.0,LONG,H4
2024-09-30 12:00:00,London,0.9444444444444444,0.7,long,2633.868,2618.736357142857,2663.1312857142857,0.03,50.0,0.005,14.63164285714291,1.0,2.0,0.5,100.0,LONG,H4
2024-10-01 00:00:00,Off,0.772093023255814,0.7,long,2637.922,2624.1425,2664.481,0.04,50.0,0.005,13.2795,1.0,2.0,0.5,100.0,LONG,H4
2024-10-01 04:00:00,Off,0.772093023255814,0.7,long,2645.559,2631.617642857143,2672.4417142857146,0.04,50.0,0.005,13.441357142857148,1.0,2.0,0.5,100.0,LONG,H4
2024-10-01 08:00:00,London,0.772093023255814,0.7,long,2650.229,2636.533357142857,2676.6202857142857,0.04,50.0,0.005,13.19564285714286,1.0,2.0,0.5,100.0,LONG,H4
2024-10-01 12:00:00,London,0.772093023255814,0.7,long,2663.338,2648.714428571429,2691.585142857143,0.03,50.0,0.005,14.123571428571395,1.0,2.0,0.5,100.0,LONG,H4
2024-10-02 04:00:00,Off,0.772093023255814,0.7,long,2655.423,2642.080357142857,2681.1082857142856,0.04,50.0,0.005,12.84264285714286,1.0,2.0,0.5,100.0,LONG,H4
2024-10-02 16:00:00,London,0.772093023255814,0.7,long,2658.64,2645.9305714285715,2683.058857142857,0.04,50.0,0.005,12.209428571428557,1.0,2.0,0.5,100.0,LONG,H4
2024-10-02 20:00:00,NY,0.772093023255814,0.7,long,2660.328,2648.514642857143,2682.954714285714,0.04,50.0,0.005,11.313357142857123,1.0,2.0,0.5,100.0,LONG,H4
2024-10-03 04:00:00,Off,0.772093023255814,0.7,long,2645.187,2633.3070714285714,2667.946857142857,0.04,50.0,0.005,11.379928571428536,1.0,2.0,0.5,100.0,LONG,H4
2024-10-03 08:00:00,London,0.7615894039735099,0.7,long,2648.018,2635.9935714285716,2671.0668571428573,0.04,50.0,0.005,11.524428571428546,1.0,2.0,0.5,100.0,LONG,H4
2024-10-03 16:00:00,London,0.772093023255814,0.7,long,2657.974,2645.1925714285717,2682.536857142857,0.04,50.0,0.005,12.281428571428544,1.0,2.0,0.5,100.0,LONG,H4
2024-10-03 20:00:00,NY,0.772093023255814,0.7,long,2655.804,2644.465,2677.482,0.04,50.0,0.005,10.839000000000008,1.0,2.0,0.5,100.0,LONG,H4
2024-10-04 16:00:00,London,0.7615894039735099,0.7,long,2651.624,2638.5397857142857,2676.7924285714284,0.04,50.0,0.005,12.584214285714229,1.0,2.0,0.5,100.0,LONG,H4
2024-10-04 20:00:00,NY,0.725,0.7,long,2653.519,2641.7319285714284,2676.0931428571425,0.04,50.0,0.005,11.287071428571348,1.0,2.0,0.5,100.0,LONG,H4
2024-10-07 00:00:00,Off,0.772093023255814,0.7,long,2647.421,2635.8389285714284,2669.5851428571427,0.04,50.0,0.005,11.082071428571355,1.0,2.0,0.5,100.0,LONG,H4
2024-10-07 08:00:00,London,0.7615894039735099,0.7,long,2656.913,2645.4333571428574,2678.8722857142857,0.04,50.0,0.005,10.97964285714277,1.0,2.0,0.5,100.0,LONG,H4
2024-10-07 16:00:00,London,0.772093023255814,0.7,long,2643.26,2631.3646428571433,2666.0507142857145,0.04,50.0,0.005,11.395357142857067,1.0,2.0,0.5,100.0,LONG,H4
2024-10-07 20:00:00,NY,0.772093023255814,0.7,long,2642.944,2631.4927142857146,2664.846571428571,0.04,50.0,0.005,10.9512857142856,1.0,2.0,0.5,100.0,LONG,H4
2024-10-08 08:00:00,London,0.772093023255814,0.7,long,2650.745,2636.984857142857,2677.2652857142853,0.04,50.0,0.005,13.260142857142748,1.0,2.0,0.5,100.0,LONG,H4
2024-10-23 16:00:00,London,0.772093023255814,0.7,long,2716.202,2702.890928571429,2741.8241428571428,0.04,50.0,0.005,12.811071428571363,1.0,2.0,0.5,100.0,LONG,H4
2024-10-23 20:00:00,NY,0.7615894039735099,0.7,long,2721.258,2709.088142857143,2744.597714285714,0.04,50.0,0.005,11.669857142857088,1.0,2.0,0.5,100.0,LONG,H4
2024-10-24 00:00:00,Off,0.772093023255814,0.7,long,2722.877,2710.884357142857,2745.8622857142855,0.04,50.0,0.005,11.49264285714282,1.0,2.0,0.5,100.0,LONG,H4
2024-10-24 04:00:00,Off,0.772093023255814,0.7,long,2733.54,2720.8047142857145,2758.0105714285714,0.04,50.0,0.005,12.235285714285672,1.0,2.0,0.5,100.0,LONG,H4
2024-10-24 08:00:00,London,0.7615894039735099,0.7,long,2738.556,2726.198428571429,2762.271142857143,0.04,50.0,0.005,11.857571428571386,1.0,2.0,0.5,100.0,LONG,H4
2024-10-24 12:00:00,London,0.772093023255814,0.7,long,2731.099,2717.833,2756.631,0.04,50.0,0.005,12.765999999999948,1.0,2.0,0.5,100.0,LONG,H4
2024-10-24 16:00:00,London,0.772093023255814,0.7,long,2737.049,2723.635642857143,2762.875714285714,0.04,50.0,0.005,12.913357142857064,1.0,2.0,0.5,100.0,LONG,H4
2024-10-24 20:00:00,NY,0.772093023255814,0.7,long,2733.844,2721.0867857142857,2758.3584285714282,0.04,50.0,0.005,12.257214285714197,1.0,2.0,0.5,100.0,LONG,H4
2024-10-25 00:00:00,Off,0.7615894039735099,0.7,long,2726.042,2713.354142857143,2750.4177142857143,0.04,50.0,0.005,12.187857142857084,1.0,2.0,0.5,100.0,LONG,H4
2024-10-25 16:00:00,London,0.725,0.7,long,2742.519,2728.4727857142857,2769.6114285714284,0.04,50.0,0.005,13.546214285714248,1.0,2.0,0.5,100.0,LONG,H4
2024-10-27 20:00:00,NY,0.7615894039735099,0.7,long,2735.815,2723.996142857143,2758.452714285714,0.04,50.0,0.005,11.318857142857109,1.0,2.0,0.5,100.0,LONG,H4
2024-10-28 00:00:00,Off,0.772093023255814,0.7,long,2729.702,2717.602928571429,2752.900142857143,0.04,50.0,0.005,11.599071428571376,1.0,2.0,0.5,100.0,LONG,H4
2024-10-28 08:00:00,London,0.772093023255814,0.7,long,2732.319,2719.8415714285716,2756.273857142857,0.04,50.0,0.005,11.97742857142852,1.0,2.0,0.5,100.0,LONG,H4
2024-10-28 16:00:00,London,0.7615894039735099,0.7,long,2742.498,2730.6130000000003,2765.268,0.04,50.0,0.005,11.38499999999996,1.0,2.0,0.5,100.0,LONG,H4
2024-10-29 00:00:00,Off,0.772093023255814,0.7,long,2751.687,2739.5385714285712,2774.9838571428572,0.04,50.0,0.005,11.6484285714286,1.0,2.0,0.5,100.0,LONG,H4
2024-10-29 20:00:00,NY,0.7615894039735099,0.7,long,2774.915,2763.1739285714284,2797.397142857143,0.04,50.0,0.005,11.24107142857146,1.0,2.0,0.5,100.0,LONG,H4
2024-10-30 04:00:00,Off,0.7615894039735099,0.7,long,2782.222,2770.638142857143,2804.3897142857145,0.04,50.0,0.005,11.083857142857209,1.0,2.0,0.5,100.0,LONG,H4
2024-10-30 08:00:00,London,0.725,0.7,long,2778.58,2767.2375714285713,2800.264857142857,0.04,50.0,0.005,10.842428571428629,1.0,2.0,0.5,100.0,LONG,H4
2024-10-30 20:00:00,NY,0.725,0.7,long,2785.49,2775.3019999999997,2804.866,0.05,50.0,0.005,9.688000000000004,1.0,2.0,0.5,100.0,LONG,H4
2024-10-31 00:00:00,Off,0.7615894039735099,0.7,long,2784.547,2774.250785714286,2804.1394285714287,0.05,50.0,0.005,9.796214285714282,1.0,2.0,0.5,100.0,LONG,H4
2024-10-31 04:00:00,Off,0.772093023255814,0.7,long,2782.048,2771.4724285714283,2802.1991428571428,0.05,50.0,0.005,10.075571428571427,1.0,2.0,0.5,100.0,LONG,H4
2024-10-31 16:00:00,London,0.772093023255814,0.7,long,2746.442,2733.073214285714,2772.1795714285713,0.04,50.0,0.005,12.868785714285682,1.0,2.0,0.5,100.0,LONG,H4
2024-11-01 00:00:00,Off,0.7615894039735099,0.7,long,2751.77,2739.9927857142857,2774.3244285714286,0.04,50.0,0.005,11.277214285714276,1.0,2.0,0.5,100.0,LONG,H4
2024-11-01 04:00:00,Off,0.7615894039735099,0.7,long,2749.642,2737.361857142857,2773.2022857142856,0.04,50.0,0.005,11.780142857142826,1.0,2.0,0.5,100.0,LONG,H4
2024-11-01 20:00:00,NY,0.7615894039735099,0.7,long,2736.69,2724.041857142857,2760.9862857142857,0.04,50.0,0.005,12.14814285714283,1.0,2.0,0.5,100.0,LONG,H4
2024-11-03 20:00:00,NY,0.772093023255814,0.7,long,2738.352,2725.6565,2762.743,0.04,50.0,0.005,12.195499999999972,1.0,2.0,0.5,100.0,LONG,H4
2024-11-04 00:00:00,Off,0.772093023255814,0.7,long,2740.989,2728.027,2765.913,0.04,50.0,0.005,12.461999999999987,1.0,2.0,0.5,100.0,LONG,H4
2024-11-04 04:00:00,Off,0.772093023255814,0.7,long,2735.837,2722.645285714286,2761.2204285714283,0.04,50.0,0.005,12.691714285714268,1.0,2.0,0.5,100.0,LONG,H4
2024-11-04 08:00:00,London,0.772093023255814,0.7,long,2740.609,2727.0649285714285,2766.697142857143,0.04,50.0,0.005,13.04407142857141,1.0,2.0,0.5,100.0,LONG,H4
2024-11-04 16:00:00,London,0.772093023255814,0.7,long,2738.309,2727.7500714285716,2758.4268571428574,0.05,50.0,0.005,10.058928571428591,1.0,2.0,0.5,100.0,LONG,H4
2024-11-04 20:00:00,NY,0.7615894039735099,0.7,long,2736.003,2726.0994285714287,2754.810142857143,0.05,50.0,0.005,9.403571428571436,1.0,2.0,0.5,100.0,LONG,H4
2024-11-05 00:00:00,Off,0.772093023255814,0.7,long,2735.294,2724.8844285714285,2755.1131428571425,0.05,50.0,0.005,9.909571428571423,1.0,2.0,0.5,100.0,LONG,H4
2024-11-05 04:00:00,Off,0.7615894039735099,0.7,long,2736.532,2725.9317142857144,2756.7325714285716,0.05,50.0,0.005,10.100285714285716,1.0,2.0,0.5,100.0,LONG,H4
2024-11-05 20:00:00,NY,0.725,0.7,long,2745.707,2735.9582142857143,2764.2045714285714,0.05,50.0,0.005,9.24878571428576,1.0,2.0,0.5,100.0,LONG,H4
2024-11-06 04:00:00,Off,0.772093023255814,0.7,long,2725.921,2712.5905,2751.582,0.04,50.0,0.005,12.83050000000006,1.0,2.0,0.5,100.0,LONG,H4
2024-11-06 12:00:00,London,0.772093023255814,0.7,long,2675.715,2656.9032142857145,2712.338571428572,0.03,50.0,0.005,18.311785714285765,1.0,2.0,0.5,100.0,LONG,H4
2024-11-06 16:00:00,London,0.7615894039735099,0.7,long,2667.084,2648.0402857142853,2704.1714285714284,0.03,50.0,0.005,18.543714285714323,1.0,2.0,0.5,100.0,LONG,H4
2024-11-06 20:00:00,NY,0.7615894039735099,0.7,long,2664.048,2645.1345714285712,2700.874857142857,0.03,50.0,0.005,18.41342857142857,1.0,2.0,0.5,100.0,LONG,H4
2024-11-25 04:00:00,Off,0.772093023255814,0.7,long,2667.774,2650.468714285714,2701.3845714285712,0.03,50.0,0.005,16.805285714285706,1.0,2.0,0.5,100.0,LONG,H4
2024-11-25 08:00:00,London,0.7615894039735099,0.7,long,2686.776,2668.6451428571427,2722.037714285714,0.03,50.0,0.005,17.630857142857135,1.0,2.0,0.5,100.0,LONG,H4
2024-11-25 20:00:00,NY,0.7615894039735099,0.7,long,2610.46,2587.0480000000002,2656.284,0.02,50.0,0.005,22.91199999999997,1.0,2.0,0.5,100.0,LONG,H4
2024-11-26 00:00:00,Off,0.772093023255814,0.7,long,2630.375,2605.542214285714,2679.040571428571,0.02,50.0,0.005,24.332785714285688,1.0,2.0,0.5,100.0,LONG,H4
2024-11-26 04:00:00,Off,0.7615894039735099,0.7,long,2614.036,2589.2788571428573,2662.5502857142856,0.02,50.0,0.005,24.25714285714285,1.0,2.0,0.5,100.0,LONG,H4
2024-11-26 08:00:00,London,0.7615894039735099,0.7,long,2633.213,2608.111428571429,2682.416142857143,0.02,50.0,0.005,24.60157142857143,1.0,2.0,0.5,100.0,LONG,H4
2024-11-26 12:00:00,London,0.772093023255814,0.7,long,2629.512,2603.7850000000003,2679.9660000000003,0.02,50.0,0.005,25.227,1.0,2.0,0.5,100.0,LONG,H4
2024-11-26 16:00:00,London,0.7615894039735099,0.7,long,2628.025,2602.918142857143,2677.238714285714,0.02,50.0,0.005,24.606857142857148,1.0,2.0,0.5,100.0,LONG,H4
2024-11-27 00:00:00,Off,0.772093023255814,0.7,long,2637.722,2612.689928571429,2686.786142857143,0.02,50.0,0.005,24.532071428571435,1.0,2.0,0.5,100.0,LONG,H4
2024-11-27 04:00:00,Off,0.7615894039735099,0.7,long,2646.625,2621.503,2695.869,0.02,50.0,0.005,24.62200000000004,1.0,2.0,0.5,100.0,LONG,H4
2024-11-27 08:00:00,London,0.7615894039735099,0.7,long,2651.103,2629.5819285714288,2693.145142857143,0.02,50.0,0.005,21.021071428571467,1.0,2.0,0.5,100.0,LONG,H4
2024-11-27 16:00:00,London,0.772093023255814,0.7,long,2634.703,2613.6530714285714,2675.802857142857,0.02,50.0,0.005,20.54992857142861,1.0,2.0,0.5,100.0,LONG,H4
2024-11-27 20:00:00,NY,0.7615894039735099,0.7,long,2637.168,2620.1747142857143,2670.1545714285717,0.03,50.0,0.005,16.493285714285776,1.0,2.0,0.5,100.0,LONG,H4
2024-11-28 08:00:00,London,0.772093023255814,0.7,long,2646.884,2631.9883571428572,2675.6752857142856,0.03,50.0,0.005,14.395642857142873,1.0,2.0,0.5,100.0,LONG,H4
2024-11-28 12:00:00,London,0.9444444444444444,0.7,long,2638.104,2623.8409285714283,2665.630142857143,0.04,50.0,0.005,13.763071428571427,1.0,2.0,0.5,100.0,LONG,H4
2024-11-28 16:00:00,London,0.772093023255814,0.7,long,2640.597,2627.464642857143,2665.8617142857147,0.04,50.0,0.005,12.632357142857147,1.0,2.0,0.5,100.0,LONG,H4
2024-11-29 16:00:00,London,0.725,0.7,long,2655.23,2642.5907857142856,2679.508428571429,0.04,50.0,0.005,12.13921428571429,1.0,2.0,0.5,100.0,LONG,H4
2024-12-01 20:00:00,NY,0.7615894039735099,0.7,long,2645.659,2633.7687142857144,2668.4395714285715,0.04,50.0,0.005,11.39028571428571,1.0,2.0,0.5,100.0,LONG,H4
2024-12-02 00:00:00,Off,0.772093023255814,0.7,long,2629.272,2616.368857142857,2654.078285714286,0.04,50.0,0.005,12.403142857142871,1.0,2.0,0.5,100.0,LONG,H4
2024-12-02 08:00:00,London,0.772093023255814,0.7,long,2641.885,2628.319785714286,2668.015428571429,0.04,50.0,0.005,13.065214285714289,1.0,2.0,0.5,100.0,LONG,H4
2024-12-02 20:00:00,NY,0.772093023255814,0.7,long,2642.211,2628.7554999999998,2668.122,0.04,50.0,0.005,12.95550000000006,1.0,2.0,0.5,100.0,LONG,H4
2024-12-03 00:00:00,Off,0.772093023255814,0.7,long,2640.427,2626.5205714285717,2667.2398571428575,0.04,50.0,0.005,13.406428571428608,1.0,2.0,0.5,100.0,LONG,H4
2024-12-03 04:00:00,Off,0.772093023255814,0.7,long,2644.622,2630.034642857143,2672.796714285714,0.03,50.0,0.005,14.08735714285714,1.0,2.0,0.5,100.0,LONG,H4
2024-12-03 12:00:00,London,0.772093023255814,0.7,long,2640.435,2626.3839285714284,2667.537142857143,0.04,50.0,0.005,13.551071428571406,1.0,2.0,0.5,100.0,LONG,H4
2024-12-03 16:00:00,London,0.772093023255814,0.7,long,2640.998,2627.0268571428574,2667.940285714286,0.04,50.0,0.005,13.471142857142857,1.0,2.0,0.5,100.0,LONG,H4
2024-12-03 20:00:00,NY,0.772093023255814,0.7,long,2642.721,2629.5235714285714,2668.1158571428573,0.04,50.0,0.005,12.697428571428548,1.0,2.0,0.5,100.0,LONG,H4
2024-12-04 00:00:00,Off,0.772093023255814,0.7,long,2644.501,2631.057642857143,2670.3877142857145,0.04,50.0,0.005,12.943357142857137,1.0,2.0,0.5,100.0,LONG,H4
2024-12-04 16:00:00,London,0.772093023255814,0.7,long,2651.7,2639.1765,2675.747,0.04,50.0,0.005,12.02349999999998,1.0,2.0,0.5,100.0,LONG,H4
2024-12-04 20:00:00,NY,0.772093023255814,0.7,long,2650.397,2638.6485,2672.894,0.04,50.0,0.005,11.248499999999988,1.0,2.0,0.5,100.0,LONG,H4
2024-12-05 00:00:00,Off,0.772093023255814,0.7,long,2648.882,2637.4680714285714,2670.7098571428573,0.04,50.0,0.005,10.913928571428576,1.0,2.0,0.5,100.0,LONG,H4
2024-12-05 16:00:00,London,0.772093023255814,0.7,long,2629.8,2616.8375714285717,2654.724857142857,0.04,50.0,0.005,12.462428571428584,1.0,2.0,0.5,100.0,LONG,H4
2024-12-05 20:00:00,NY,0.772093023255814,0.7,long,2633.713,2621.795785714286,2656.547428571429,0.04,50.0,0.005,11.41721428571431,1.0,2.0,0.5,100.0,LONG,H4
2024-12-12 04:00:00,Off,0.772093023255814,0.7,long,2716.047,2701.108,2744.925,0.03,50.0,0.005,14.439000000000012,1.0,2.0,0.5,100.0,LONG,H4
2024-12-12 08:00:00,London,0.772093023255814,0.7,long,2710.934,2696.1168571428575,2739.568285714286,0.03,50.0,0.005,14.31714285714286,1.0,2.0,0.5,100.0,LONG,H4
2024-12-12 12:00:00,London,0.772093023255814,0.7,long,2679.785,2663.0320714285713,2712.290857142857,0.03,50.0,0.005,16.25292857142855,1.0,2.0,0.5,100.0,LONG,H4
2024-12-12 16:00:00,London,0.772093023255814,0.7,long,2683.133,2666.806857142857,2714.7852857142857,0.03,50.0,0.005,15.826142857142877,1.0,2.0,0.5,100.0,LONG,H4
2024-12-12 20:00:00,NY,0.9444444444444444,0.7,long,2680.623,2665.393,2710.083,0.03,50.0,0.005,14.730000000000018,1.0,2.0,0.5,100.0,LONG,H4
2024-12-13 20:00:00,NY,0.7615894039735099,0.7,long,2648.392,2633.8804999999998,2676.415,0.03,50.0,0.005,14.011500000000035,1.0,2.0,0.5,100.0,LONG,H4
2024-12-15 20:00:00,NY,0.772093023255814,0.7,long,2651.479,2637.3344285714284,2678.7681428571427,0.04,50.0,0.005,13.644571428571483,1.0,2.0,0.5,100.0,LONG,H4
2024-12-16 12:00:00,London,0.772093023255814,0.7,long,2654.472,2640.988642857143,2680.4387142857145,0.04,50.0,0.005,12.983357142857196,1.0,2.0,0.5,100.0,LONG,H4
2024-12-16 16:00:00,London,0.772093023255814,0.7,long,2653.299,2641.9605,2674.976,0.04,50.0,0.005,10.838500000000067,1.0,2.0,0.5,100.0,LONG,H4
2024-12-16 20:00:00,NY,0.772093023255814,0.7,long,2651.744,2640.946,2672.34,0.05,50.0,0.005,10.298000000000034,1.0,2.0,0.5,100.0,LONG,H4
2024-12-17 12:00:00,London,0.7615894039735099,0.7,long,2640.206,2629.2730714285717,2661.0718571428574,0.05,50.0,0.005,10.432928571428617,1.0,2.0,0.5,100.0,LONG,H4
2024-12-17 20:00:00,NY,0.725,0.7,long,2647.378,2637.423142857143,2666.2877142857146,0.05,50.0,0.005,9.454857142857204,1.0,2.0,0.5,100.0,LONG,H4
2024-12-18 04:00:00,Off,0.7615894039735099,0.7,long,2644.61,2634.5712857142858,2663.687428571429,0.05,50.0,0.005,9.538714285714311,1.0,2.0,0.5,100.0,LONG,H4
2024-12-26 16:00:00,London,0.7615894039735099,0.7,long,2634.95,2626.324357142857,2651.2012857142854,0.06,50.0,0.005,8.125642857142793,1.0,2.0,0.5,100.0,LONG,H4
2024-12-26 20:00:00,NY,0.772093023255814,0.7,long,2632.684,2623.9998571428573,2649.0522857142855,0.06,50.0,0.005,8.184142857142758,1.0,2.0,0.5,100.0,LONG,H4
2024-12-27 00:00:00,Off,0.7615894039735099,0.7,long,2633.698,2625.1493571428573,2649.7952857142855,0.06,50.0,0.005,8.048642857142795,1.0,2.0,0.5,100.0,LONG,H4
2024-12-27 12:00:00,London,0.725,0.7,long,2618.134,2608.3115000000003,2636.779,0.05,50.0,0.005,9.322499999999923,1.0,2.0,0.5,100.0,LONG,H4
2024-12-29 20:00:00,NY,0.725,0.7,long,2624.035,2614.3126428571427,2642.479714285714,0.05,50.0,0.005,9.222357142857064,1.0,2.0,0.5,100.0,LONG,H4
2024-12-30 00:00:00,Off,0.772093023255814,0.7,long,2626.579,2616.720357142857,2645.2962857142857,0.05,50.0,0.005,9.358642857142806,1.0,2.0,0.5,100.0,LONG,H4
2025-01-03 04:00:00,Off,0.725,0.7,long,2654.195,2643.261285714286,2675.062428571429,0.05,50.0,0.005,10.43371428571436,1.0,2.0,0.5,100.0,LONG,H4
2025-01-03 16:00:00,London,0.725,0.7,long,2639.433,2628.917857142857,2659.463285714286,0.05,50.0,0.005,10.01514285714292,1.0,2.0,0.5,100.0,LONG,H4
2025-01-05 20:00:00,NY,0.7615894039735099,0.7,long,2641.063,2630.6435,2660.902,0.05,50.0,0.005,9.919500000000037,1.0,2.0,0.5,100.0,LONG,H4
2025-01-06 00:00:00,Off,0.772093023255814,0.7,long,2640.19,2629.437142857143,2660.6957142857145,0.05,50.0,0.005,10.252857142857206,1.0,2.0,0.5,100.0,LONG,H4
2025-01-06 04:00:00,Off,0.772093023255814,0.7,long,2626.937,2616.0451428571428,2647.720714285714,0.05,50.0,0.005,10.3918571428572,1.0,2.0,0.5,100.0,LONG,H4
2025-01-07 00:00:00,Off,0.772093023255814,0.7,long,2639.563,2627.107,2663.475,0.04,50.0,0.005,11.956,1.0,2.0,0.5,100.0,LONG,H4
2025-01-07 08:00:00,London,0.7615894039735099,0.7,long,2648.389,2636.164,2671.839,0.04,50.0,0.005,11.724999999999977,1.0,2.0,0.5,100.0,LONG,H4
2025-01-08 08:00:00,London,0.772093023255814,0.7,long,2650.89,2638.0756428571426,2675.518714285714,0.04,50.0,0.005,12.3143571428571,1.0,2.0,0.5,100.0,LONG,H4
2025-01-08 16:00:00,London,0.772093023255814,0.7,long,2658.301,2645.257071428571,2683.388857142857,0.04,50.0,0.005,12.543928571428555,1.0,2.0,0.5,100.0,LONG,H4
2025-01-08 20:00:00,NY,0.7615894039735099,0.7,long,2662.507,2651.508,2683.505,0.05,50.0,0.005,10.499000000000024,1.0,2.0,0.5,100.0,LONG,H4
2025-01-09 00:00:00,Off,0.7615894039735099,0.7,long,2659.369,2648.534285714286,2680.038428571429,0.05,50.0,0.005,10.334714285714329,1.0,2.0,0.5,100.0,LONG,H4
2025-01-09 04:00:00,Off,0.7615894039735099,0.7,long,2662.45,2651.072357142857,2684.2052857142858,0.04,50.0,0.005,10.877642857142908,1.0,2.0,0.5,100.0,LONG,H4
2025-01-09 16:00:00,London,0.772093023255814,0.7,long,2670.19,2658.2955,2692.9790000000003,0.04,50.0,0.005,11.394500000000107,1.0,2.0,0.5,100.0,LONG,H4
2025-01-09 20:00:00,NY,0.7615894039735099,0.7,long,2669.952,2659.4527857142857,2689.950428571429,0.05,50.0,0.005,9.999214285714386,1.0,2.0,0.5,100.0,LONG,H4
2025-01-10 16:00:00,London,0.7615894039735099,0.7,long,2685.855,2673.1341428571427,2710.2967142857146,0.04,50.0,0.005,12.220857142857312,1.0,2.0,0.5,100.0,LONG,H4
2025-01-10 20:00:00,NY,0.725,0.7,long,2689.551,2677.7412142857142,2712.1705714285717,0.04,50.0,0.005,11.309785714285876,1.0,2.0,0.5,100.0,LONG,H4
2025-01-12 20:00:00,NY,0.7615894039735099,0.7,long,2691.105,2680.499857142857,2711.315285714286,0.05,50.0,0.005,10.105142857143036,1.0,2.0,0.5,100.0,LONG,H4
2025-01-13 04:00:00,Off,0.772093023255814,0.7,long,2685.102,2673.8006428571425,2706.7047142857145,0.04,50.0,0.005,10.801357142857276,1.0,2.0,0.5,100.0,LONG,H4
2025-01-13 08:00:00,London,0.7615894039735099,0.7,long,2675.952,2664.4517142857144,2697.952571428572,0.04,50.0,0.005,11.000285714285836,1.0,2.0,0.5,100.0,LONG,H4
2025-01-13 12:00:00,London,0.772093023255814,0.7,long,2661.867,2650.1305714285713,2684.3398571428575,0.04,50.0,0.005,11.236428571428664,1.0,2.0,0.5,100.0,LONG,H4
2025-01-14 00:00:00,Off,0.7615894039735099,0.7,long,2669.78,2657.7595714285717,2692.8208571428577,0.04,50.0,0.005,11.52042857142864,1.0,2.0,0.5,100.0,LONG,H4
2025-01-14 12:00:00,London,0.772093023255814,0.7,long,2671.779,2658.8678571428572,2696.601285714286,0.04,50.0,0.005,12.41114285714288,1.0,2.0,0.5,100.0,LONG,H4
2025-01-14 20:00:00,NY,0.725,0.7,long,2675.589,2664.9195,2695.928,0.05,50.0,0.005,10.169500000000005,1.0,2.0,0.5,100.0,LONG,H4
2025-01-15 00:00:00,Off,0.772093023255814,0.7,long,2676.091,2665.5869285714284,2696.099142857143,0.05,50.0,0.005,10.004071428571413,1.0,2.0,0.5,100.0,LONG,H4
2025-01-15 04:00:00,Off,0.7615894039735099,0.7,long,2681.313,2670.3767857142857,2702.1854285714285,0.05,50.0,0.005,10.436214285714252,1.0,2.0,0.5,100.0,LONG,H4
2025-01-15 08:00:00,London,0.772093023255814,0.7,long,2686.779,2676.282,2706.7729999999997,0.05,50.0,0.005,9.99699999999994,1.0,2.0,0.5,100.0,LONG,H4
2025-01-15 12:00:00,London,0.772093023255814,0.7,long,2678.475,2667.166142857143,2700.092714285714,0.04,50.0,0.005,10.808857142857116,1.0,2.0,0.5,100.0,LONG,H4
2025-01-16 08:00:00,London,0.7615894039735099,0.7,long,2706.412,2695.2415,2727.7529999999997,0.04,50.0,0.005,10.670499999999947,1.0,2.0,0.5,100.0,LONG,H4
2025-01-16 20:00:00,NY,0.772093023255814,0.7,long,2714.578,2703.294,2736.1459999999997,0.04,50.0,0.005,10.783999999999976,1.0,2.0,0.5,100.0,LONG,H4
2025-01-17 20:00:00,NY,0.725,0.7,long,2702.879,2691.8024285714287,2724.032142857143,0.05,50.0,0.005,10.576571428571404,1.0,2.0,0.5,100.0,LONG,H4
2025-01-19 20:00:00,NY,0.7615894039735099,0.7,long,2696.424,2685.823785714286,2716.6244285714283,0.05,50.0,0.005,10.100214285714271,1.0,2.0,0.5,100.0,LONG,H4
2025-01-20 04:00:00,Off,0.7615894039735099,0.7,long,2703.592,2692.136,2725.504,0.04,50.0,0.005,10.956,1.0,2.0,0.5,100.0,LONG,H4
2025-01-20 08:00:00,London,0.7615894039735099,0.7,long,2708.333,2696.920285714286,2730.158428571429,0.04,50.0,0.005,10.912714285714303,1.0,2.0,0.5,100.0,LONG,H4
2025-01-20 12:00:00,London,0.772093023255814,0.7,long,2707.065,2695.9365000000003,2728.322,0.04,50.0,0.005,10.6285,1.0,2.0,0.5,100.0,LONG,H4
2025-01-20 20:00:00,NY,0.7615894039735099,0.7,long,2710.445,2700.552785714286,2729.229428571429,0.05,50.0,0.005,9.392214285714315,1.0,2.0,0.5,100.0,LONG,H4
2025-01-21 08:00:00,London,0.7615894039735099,0.7,long,2723.998,2712.1292857142857,2746.7354285714287,0.04,50.0,0.005,11.368714285714336,1.0,2.0,0.5,100.0,LONG,H4
2025-01-21 16:00:00,London,0.725,0.7,long,2742.838,2730.6910714285714,2766.1318571428574,0.04,50.0,0.005,11.64692857142862,1.0,2.0,0.5,100.0,LONG,H4
2025-01-21 20:00:00,NY,0.7615894039735099,0.7,long,2744.259,2732.726714285714,2766.3235714285715,0.04,50.0,0.005,11.032285714285765,1.0,2.0,0.5,100.0,LONG,H4
2025-01-23 00:00:00,Off,0.772093023255814,0.7,long,2749.972,2738.7927142857143,2771.3305714285716,0.04,50.0,0.005,10.67928571428573,1.0,2.0,0.5,100.0,LONG,H4
2025-01-23 04:00:00,Off,0.772093023255814,0.7,long,2752.683,2741.4037857142857,2774.2414285714285,0.04,50.0,0.005,10.77921428571426,1.0,2.0,0.5,100.0,LONG,H4
2025-01-23 08:00:00,London,0.772093023255814,0.7,long,2751.924,2741.375,2772.022,0.05,50.0,0.005,10.048999999999978,1.0,2.0,0.5,100.0,LONG,H4
2025-01-24 00:00:00,Off,0.7615894039735099,0.7,long,2772.308,2761.0674285714285,2793.789142857143,0.04,50.0,0.005,10.74057142857136,1.0,2.0,0.5,100.0,LONG,H4
2025-01-26 20:00:00,NY,0.725,0.7,long,2767.553,2757.208,2787.243,0.05,50.0,0.005,9.844999999999995,1.0,2.0,0.5,100.0,LONG,H4
2025-01-27 04:00:00,Off,0.772093023255814,0.7,long,2749.478,2737.521928571429,2772.390142857143,0.04,50.0,0.005,11.456071428571445,1.0,2.0,0.5,100.0,LONG,H4
2025-02-05 20:00:00,NY,0.772093023255814,0.7,long,2869.279,2854.4657857142856,2897.9054285714283,0.03,50.0,0.005,14.313214285714205,1.0,2.0,0.5,100.0,LONG,H4
2025-02-06 04:00:00,Off,0.9444444444444444,0.7,long,2855.837,2840.535785714286,2885.4394285714284,0.03,50.0,0.005,14.801214285714227,1.0,2.0,0.5,100.0,LONG,H4
2025-02-06 08:00:00,London,0.7615894039735099,0.7,long,2865.972,2850.2163571428573,2896.483285714286,0.03,50.0,0.005,15.255642857142805,1.0,2.0,0.5,100.0,LONG,H4
2025-02-06 16:00:00,London,0.772093023255814,0.7,long,2853.746,2836.7810714285715,2886.6758571428572,0.03,50.0,0.005,16.46492857142854,1.0,2.0,0.5,100.0,LONG,H4
2025-02-06 20:00:00,NY,0.9444444444444444,0.7,long,2858.0,2842.8818571428574,2887.2362857142857,0.03,50.0,0.005,14.618142857142857,1.0,2.0,0.5,100.0,LONG,H4
2025-02-07 00:00:00,Off,0.772093023255814,0.7,long,2867.193,2852.0452142857143,2896.4885714285715,0.03,50.0,0.005,14.647785714285712,1.0,2.0,0.5,100.0,LONG,H4
2025-02-07 12:00:00,London,0.725,0.7,long,2880.315,2863.669428571429,2912.606142857143,0.03,50.0,0.005,16.145571428571397,1.0,2.0,0.5,100.0,LONG,H4
2025-02-09 20:00:00,NY,0.7615894039735099,0.7,long,2867.495,2851.764857142857,2897.9552857142858,0.03,50.0,0.005,15.230142857142871,1.0,2.0,0.5,100.0,LONG,H4
2025-02-10 00:00:00,Off,0.772093023255814,0.7,long,2875.572,2859.8672142857145,2905.9815714285714,0.03,50.0,0.005,15.204785714285729,1.0,2.0,0.5,100.0,LONG,H4
2025-02-10 04:00:00,Off,0.725,0.7,long,2895.506,2878.8997142857143,2927.718571428571,0.03,50.0,0.005,16.1062857142857,1.0,2.0,0.5,100.0,LONG,H4
2025-02-11 08:00:00,London,0.7615894039735099,0.7,long,2903.981,2885.3925000000004,2940.1580000000004,0.03,50.0,0.005,18.08849999999997,1.0,2.0,0.5,100.0,LONG,H4
2025-02-11 12:00:00,London,0.7615894039735099,0.7,long,2904.794,2884.962857142857,2943.4562857142855,0.03,50.0,0.005,19.331142857142822,1.0,2.0,0.5,100.0,LONG,H4
2025-02-11 20:00:00,NY,0.7615894039735099,0.7,long,2898.536,2882.0304285714287,2930.5471428571427,0.03,50.0,0.005,16.005571428571393,1.0,2.0,0.5,100.0,LONG,H4
2025-02-12 00:00:00,Off,0.7615894039735099,0.7,long,2889.001,2871.7333571428576,2922.536285714286,0.03,50.0,0.005,16.767642857142814,1.0,2.0,0.5,100.0,LONG,H4
2025-02-12 04:00:00,Off,0.7615894039735099,0.7,long,2892.773,2875.383428571429,2926.552142857143,0.03,50.0,0.005,16.889571428571376,1.0,2.0,0.5,100.0,LONG,H4
2025-02-12 20:00:00,NY,0.7615894039735099,0.7,long,2905.781,2887.3975714285716,2941.547857142857,0.03,50.0,0.005,17.883428571428503,1.0,2.0,0.5,100.0,LONG,H4
2025-02-13 00:00:00,Off,0.772093023255814,0.7,long,2916.446,2897.8444285714286,2952.6491428571426,0.03,50.0,0.005,18.101571428571333,1.0,2.0,0.5,100.0,LONG,H4
2025-02-13 04:00:00,Off,0.7615894039735099,0.7,long,2914.569,2896.576357142857,2949.5542857142855,0.03,50.0,0.005,17.492642857142755,1.0,2.0,0.5,100.0,LONG,H4
2025-02-13 16:00:00,London,0.772093023255814,0.7,long,2926.812,2911.1659285714286,2957.1041428571425,0.03,50.0,0.005,15.146071428571336,1.0,2.0,0.5,100.0,LONG,H4
2025-02-13 20:00:00,NY,0.9444444444444444,0.7,long,2931.217,2916.8020714285717,2959.046857142857,0.03,50.0,0.005,13.914928571428488,1.0,2.0,0.5,100.0,LONG,H4
2025-02-14 00:00:00,Off,0.772093023255814,0.7,long,2924.33,2909.800142857143,2952.389714285714,0.03,50.0,0.005,14.029857142857022,1.0,2.0,0.5,100.0,LONG,H4
2025-02-14 12:00:00,London,0.725,0.7,long,2901.939,2885.252214285714,2934.312571428571,0.03,50.0,0.005,16.186785714285634,1.0,2.0,0.5,100.0,LONG,H4
2025-02-14 16:00:00,London,0.725,0.7,long,2880.499,2863.069571428571,2914.357857142857,0.03,50.0,0.005,16.92942857142852,1.0,2.0,0.5,100.0,LONG,H4
2025-02-17 00:00:00,Off,0.772093023255814,0.7,long,2903.603,2887.013,2935.783,0.03,50.0,0.005,16.089999999999982,1.0,2.0,0.5,100.0,LONG,H4
2025-02-17 04:00:00,Off,0.772093023255814,0.7,long,2902.49,2885.8656428571426,2934.738714285714,0.03,50.0,0.005,16.124357142857175,1.0,2.0,0.5,100.0,LONG,H4
2025-02-17 08:00:00,London,0.7615894039735099,0.7,long,2900.992,2884.283785714286,2933.408428571429,0.03,50.0,0.005,16.208214285714316,1.0,2.0,0.5,100.0,LONG,H4
2025-02-17 12:00:00,London,0.772093023255814,0.7,long,2899.232,2882.6185,2931.459,0.03,50.0,0.005,16.113500000000027,1.0,2.0,0.5,100.0,LONG,H4
2025-02-17 16:00:00,London,0.7615894039735099,0.7,long,2897.392,2881.5504285714283,2928.075142857143,0.03,50.0,0.005,15.341571428571472,1.0,2.0,0.5,100.0,LONG,H4
2025-02-18 00:00:00,Off,0.7615894039735099,0.7,long,2909.016,2893.2377857142856,2939.5724285714286,0.03,50.0,0.005,15.278214285714316,1.0,2.0,0.5,100.0,LONG,H4
2025-02-18 04:00:00,Off,0.7615894039735099,0.7,long,2911.501,2895.884142857143,2941.7347142857147,0.03,50.0,0.005,15.116857142857205,1.0,2.0,0.5,100.0,LONG,H4
2025-02-18 12:00:00,London,0.7701141202076951,0.7,long,2927.02,2911.297,2957.466,0.03,50.0,0.005,15.223000000000022,1.0,2.0,0.5,100.0,LONG,H4
2025-02-18 20:00:00,NY,0.772093023255814,0.7,long,2934.061,2921.801428571429,2957.580142857143,0.04,50.0,0.005,11.75957142857143,1.0,2.0,0.5,100.0,LONG,H4
2025-02-19 00:00:00,Off,0.772093023255814,0.7,long,2928.825,2916.111571428571,2953.251857142857,0.04,50.0,0.005,12.21342857142856,1.0,2.0,0.5,100.0,LONG,H4
2025-02-19 08:00:00,London,0.7615894039735099,0.7,long,2935.079,2923.670142857143,2956.8967142857146,0.04,50.0,0.005,10.908857142857157,1.0,2.0,0.5,100.0,LONG,H4
2025-02-19 12:00:00,London,0.772093023255814,0.7,long,2925.721,2914.3862142857142,2947.3905714285715,0.04,50.0,0.005,10.834785714285706,1.0,2.0,0.5,100.0,LONG,H4
2025-02-19 16:00:00,London,0.772093023255814,0.7,long,2931.754,2920.2547142857143,2953.752571428571,0.04,50.0,0.005,10.999285714285731,1.0,2.0,0.5,100.0,LONG,H4
2025-02-19 20:00:00,NY,0.7615894039735099,0.7,long,2935.384,2924.066357142857,2957.0192857142856,0.04,50.0,0.005,10.817642857142866,1.0,2.0,0.5,100.0,LONG,H4
2025-02-20 00:00:00,Off,0.772093023255814,0.7,long,2941.913,2930.208071428571,2964.322857142857,0.04,50.0,0.005,11.204928571428582,1.0,2.0,0.5,100.0,LONG,H4
2025-02-20 04:00:00,Off,0.772093023255814,0.7,long,2948.925,2936.321785714286,2973.131428571429,0.04,50.0,0.005,12.103214285714298,1.0,2.0,0.5,100.0,LONG,H4
2025-02-20 12:00:00,London,0.772093023255814,0.7,long,2938.545,2925.427642857143,2963.7797142857144,0.04,50.0,0.005,12.617357142857143,1.0,2.0,0.5,100.0,LONG,H4
2025-02-20 20:00:00,NY,0.772093023255814,0.7,long,2941.53,2928.699,2966.1920000000005,0.04,50.0,0.005,12.331000000000031,1.0,2.0,0.5,100.0,LONG,H4
2025-02-21 04:00:00,Off,0.75,0.7,long,2930.07,2916.0867142857146,2957.0365714285717,0.04,50.0,0.005,13.48328571428572,1.0,2.0,0.5,100.0,LONG,H4
2025-02-21 20:00:00,NY,0.7615894039735099,0.7,long,2936.453,2922.18,2963.999,0.04,50.0,0.005,13.773000000000009,1.0,2.0,0.5,100.0,LONG,H4
2025-02-23 20:00:00,NY,0.772093023255814,0.7,long,2936.867,2923.281142857143,2963.0387142857144,0.04,50.0,0.005,13.085857142857126,1.0,2.0,0.5,100.0,LONG,H4
2025-02-25 04:00:00,Off,0.772093023255814,0.7,long,2931.736,2917.5979285714284,2959.012142857143,0.04,50.0,0.005,13.63807142857146,1.0,2.0,0.5,100.0,LONG,H4
2025-02-25 08:00:00,London,0.772093023255814,0.7,long,2938.626,2924.2678571428573,2966.342285714286,0.03,50.0,0.005,13.858142857142932,1.0,2.0,0.5,100.0,LONG,H4
2025-03-07 16:00:00,London,0.725,0.7,long,2905.229,2889.118,2936.4509999999996,0.03,50.0,0.005,15.610999999999974,1.0,2.0,0.5,100.0,LONG,H4
2025-03-07 20:00:00,NY,0.7615894039735099,0.7,long,2911.256,2896.6876428571427,2939.392714285714,0.03,50.0,0.005,14.0683571428571,1.0,2.0,0.5,100.0,LONG,H4
2025-03-09 20:00:00,NY,0.772093023255814,0.7,long,2916.187,2902.4322857142856,2942.6964285714284,0.04,50.0,0.005,13.25471428571424,1.0,2.0,0.5,100.0,LONG,H4
2025-03-10 04:00:00,Off,0.772093023255814,0.7,long,2908.444,2894.3919285714287,2935.5481428571425,0.04,50.0,0.005,13.55207142857135,1.0,2.0,0.5,100.0,LONG,H4
2025-03-10 08:00:00,London,0.772093023255814,0.7,long,2904.027,2889.5070714285716,2932.066857142857,0.03,50.0,0.005,14.019928571428506,1.0,2.0,0.5,100.0,LONG,H4
2025-03-14 20:00:00,NY,0.7615894039735099,0.7,long,2986.37,2971.775642857143,3014.5587142857144,0.03,50.0,0.005,14.094357142857136,1.0,2.0,0.5,100.0,LONG,H4
2025-03-16 20:00:00,NY,0.772093023255814,0.7,long,2990.061,2975.796642857143,3017.5897142857143,0.04,50.0,0.005,13.764357142857111,1.0,2.0,0.5,100.0,LONG,H4
2025-03-17 00:00:00,Off,0.772093023255814,0.7,long,2986.917,2972.6991428571428,3014.3527142857142,0.04,50.0,0.005,13.717857142857124,1.0,2.0,0.5,100.0,LONG,H4
2025-03-17 04:00:00,Off,0.772093023255814,0.7,long,2985.538,2971.466785714286,3012.6804285714284,0.04,50.0,0.005,13.571214285714277,1.0,2.0,0.5,100.0,LONG,H4
2025-03-17 12:00:00,London,0.9444444444444444,0.7,long,2997.115,2982.573214285714,3025.198571428571,0.03,50.0,0.005,14.04178571428575,1.0,2.0,0.5,100.0,LONG,H4
2025-03-17 16:00:00,London,0.772093023255814,0.7,long,3000.173,2987.898357142857,3023.7222857142856,0.04,50.0,0.005,11.774642857142908,1.0,2.0,0.5,100.0,LONG,H4
2025-03-17 20:00:00,NY,0.772093023255814,0.7,long,2999.831,2987.979714285714,3022.5335714285716,0.04,50.0,0.005,11.351285714285757,1.0,2.0,0.5,100.0,LONG,H4
2025-03-18 12:00:00,London,0.7615894039735099,0.7,long,3031.758,3019.7296428571426,3054.814714285714,0.04,50.0,0.005,11.528357142857203,1.0,2.0,0.5,100.0,LONG,H4
2025-03-18 20:00:00,NY,0.7615894039735099,0.7,long,3031.774,3020.9517857142855,3052.4184285714286,0.05,50.0,0.005,10.322214285714349,1.0,2.0,0.5,100.0,LONG,H4
2025-03-19 00:00:00,Off,0.7615894039735099,0.7,long,3036.325,3025.174071428571,3057.6268571428573,0.04,50.0,0.005,10.650928571428624,1.0,2.0,0.5,100.0,LONG,H4
2025-03-19 04:00:00,Off,0.772093023255814,0.7,long,3035.896,3024.528428571429,3057.631142857143,0.04,50.0,0.005,10.867571428571509,1.0,2.0,0.5,100.0,LONG,H4
2025-03-20 08:00:00,London,0.772093023255814,0.7,long,3034.433,3020.7284285714286,3060.842142857143,0.04,50.0,0.005,13.20457142857143,1.0,2.0,0.5,100.0,LONG,H4
2025-03-20 12:00:00,London,0.772093023255814,0.7,long,3040.765,3027.092071428571,3067.110857142857,0.04,50.0,0.005,13.17292857142859,1.0,2.0,0.5,100.0,LONG,H4
2025-03-20 16:00:00,London,0.772093023255814,0.7,long,3044.602,3031.000642857143,3070.804714285714,0.04,50.0,0.005,13.101357142857166,1.0,2.0,0.5,100.0,LONG,H4
2025-03-20 20:00:00,NY,0.772093023255814,0.7,long,3046.409,3033.5595,3071.108,0.04,50.0,0.005,12.349500000000036,1.0,2.0,0.5,100.0,LONG,H4
2025-03-21 00:00:00,Off,0.7615894039735099,0.7,long,3030.585,3017.071,3056.6130000000003,0.04,50.0,0.005,13.014000000000026,1.0,2.0,0.5,100.0,LONG,H4
2025-03-21 04:00:00,Off,0.7615894039735099,0.7,long,3031.927,3017.846785714286,3059.087428571429,0.04,50.0,0.005,13.58021428571432,1.0,2.0,0.5,100.0,LONG,H4
2025-03-21 16:00:00,London,0.725,0.7,long,3020.001,3004.4467142857143,3050.1095714285716,0.03,50.0,0.005,15.054285714285763,1.0,2.0,0.5,100.0,LONG,H4
2025-03-21 20:00:00,NY,0.7615894039735099,0.7,long,3023.493,3008.7251428571426,3052.028714285714,0.03,50.0,0.005,14.267857142857142,1.0,2.0,0.5,100.0,LONG,H4
2025-03-23 20:00:00,NY,0.772093023255814,0.7,long,3024.721,3011.269357142857,3050.6242857142856,0.04,50.0,0.005,12.951642857142849,1.0,2.0,0.5,100.0,LONG,H4
2025-03-24 00:00:00,Off,0.9444444444444444,0.7,long,3016.959,3003.159357142857,3043.5582857142854,0.04,50.0,0.005,13.299642857142835,1.0,2.0,0.5,100.0,LONG,H4
2025-03-24 04:00:00,Off,0.772093023255814,0.7,long,3022.361,3008.473857142857,3049.1352857142856,0.04,50.0,0.005,13.387142857142862,1.0,2.0,0.5,100.0,LONG,H4
2025-03-24 20:00:00,NY,0.8771483394876003,0.7,long,3009.91,2996.342857142857,3036.0442857142857,0.04,50.0,0.005,13.067142857142828,1.0,2.0,0.5,100.0,LONG,H4
2025-03-25 00:00:00,Off,0.772093023255814,0.7,long,3015.248,3001.277857142857,3042.1882857142855,0.04,50.0,0.005,13.470142857142816,1.0,2.0,0.5,100.0,LONG,H4
2025-03-25 04:00:00,Off,0.772093023255814,0.7,long,3011.13,2997.657928571429,3037.0741428571428,0.04,50.0,0.005,12.972071428571391,1.0,2.0,0.5,100.0,LONG,H4
2025-03-25 20:00:00,NY,0.772093023255814,0.7,long,3021.041,3009.284785714286,3043.5534285714284,0.04,50.0,0.005,11.25621428571422,1.0,2.0,0.5,100.0,LONG,H4
2025-03-26 08:00:00,London,0.772093023255814,0.7,long,3027.584,3014.1851428571426,3053.381714285714,0.04,50.0,0.005,12.898857142857098,1.0,2.0,0.5,100.0,LONG,H4
2025-03-26 12:00:00,London,0.772093023255814,0.7,long,3015.878,3002.1039285714287,3042.426142857143,0.04,50.0,0.005,13.274071428571396,1.0,2.0,0.5,100.0,LONG,H4
2025-03-26 20:00:00,NY,0.7615894039735099,0.7,long,3021.623,3009.554,3044.761,0.04,50.0,0.005,11.56899999999996,1.0,2.0,0.5,100.0,LONG,H4
2025-03-27 12:00:00,London,0.9444444444444444,0.7,long,3052.206,3037.8680714285715,3079.8818571428574,0.03,50.0,0.005,13.83792857142862,1.0,2.0,0.5,100.0,LONG,H4
2025-03-27 20:00:00,NY,0.772093023255814,0.7,long,3055.71,3043.088357142857,3079.953285714286,0.04,50.0,0.005,12.121642857142888,1.0,2.0,0.5,100.0,LONG,H4
2025-03-28 04:00:00,Off,0.7615894039735099,0.7,long,3079.348,3064.9627857142855,3107.1184285714285,0.03,50.0,0.005,13.88521428571432,1.0,2.0,0.5,100.0,LONG,H4
2025-03-28 08:00:00,London,0.725,0.7,long,3076.369,3061.6727142857144,3104.7615714285716,0.03,50.0,0.005,14.19628571428575,1.0,2.0,0.5,100.0,LONG,H4
2025-03-28 16:00:00,London,0.772093023255814,0.7,long,3080.734,3066.0322857142855,3109.1374285714287,0.03,50.0,0.005,14.201714285714322,1.0,2.0,0.5,100.0,LONG,H4
2025-03-28 20:00:00,NY,0.7615894039735099,0.7,long,3085.002,3071.186857142857,3111.632285714286,0.04,50.0,0.005,13.315142857142876,1.0,2.0,0.5,100.0,LONG,H4
2025-03-30 20:00:00,NY,0.772093023255814,0.7,long,3089.213,3074.885071428572,3116.8688571428575,0.03,50.0,0.005,13.827928571428597,1.0,2.0,0.5,100.0,LONG,H4
2025-03-31 08:00:00,London,0.7615894039735099,0.7,long,3119.48,3102.0769285714287,3153.2861428571427,0.03,50.0,0.005,16.90307142857143,1.0,2.0,0.5,100.0,LONG,H4
2025-03-31 12:00:00,London,0.772093023255814,0.7,long,3113.807,3096.022214285714,3148.376571428571,0.03,50.0,0.005,17.284785714285686,1.0,2.0,0.5,100.0,LONG,H4
2025-03-31 16:00:00,London,0.7615894039735099,0.7,long,3124.36,3107.5352142857146,3157.0095714285712,0.03,50.0,0.005,16.32478571428565,1.0,2.0,0.5,100.0,LONG,H4
2025-03-31 20:00:00,NY,0.772093023255814,0.7,long,3120.581,3104.018142857143,3152.7067142857145,0.03,50.0,0.005,16.06285714285712,1.0,2.0,0.5,100.0,LONG,H4
2025-04-01 20:00:00,NY,0.7615894039735099,0.7,long,3115.168,3096.299642857143,3151.9047142857144,0.03,50.0,0.005,18.36835714285712,1.0,2.0,0.5,100.0,LONG,H4
2025-04-02 04:00:00,Off,0.7615894039735099,0.7,long,3125.314,3104.8180714285713,3165.305857142857,0.02,50.0,0.005,19.99592857142856,1.0,2.0,0.5,100.0,LONG,H4
2025-04-02 08:00:00,London,0.725,0.7,long,3121.23,3101.5237142857145,3159.6425714285715,0.03,50.0,0.005,19.20628571428571,1.0,2.0,0.5,100.0,LONG,H4
2025-04-02 12:00:00,London,0.772093023255814,0.7,long,3125.883,3106.651,3163.3469999999998,0.03,50.0,0.005,18.73199999999997,1.0,2.0,0.5,100.0,LONG,H4
2025-04-03 00:00:00,Off,0.772093023255814,0.7,long,3148.066,3125.471714285714,3192.254571428571,0.02,50.0,0.005,22.094285714285725,1.0,2.0,0.5,100.0,LONG,H4
2025-04-03 04:00:00,Off,0.772093023255814,0.7,long,3128.957,3104.4412857142856,3176.9884285714284,0.02,50.0,0.005,24.015714285714303,1.0,2.0,0.5,100.0,LONG,H4
2025-04-03 08:00:00,London,0.7615894039735099,0.7,long,3093.188,3067.2612142857142,3144.0415714285714,0.02,50.0,0.005,25.426785714285707,1.0,2.0,0.5,100.0,LONG,H4
2025-04-03 12:00:00,London,0.772093023255814,0.7,long,3110.521,3080.5524285714287,3169.458142857143,0.02,50.0,0.005,29.46857142857139,1.0,2.0,0.5,100.0,LONG,H4
2025-04-03 16:00:00,London,0.7615894039735099,0.7,long,3107.593,3077.5009999999997,3166.7769999999996,0.02,50.0,0.005,29.591999999999967,1.0,2.0,0.5,100.0,LONG,H4
2025-04-03 20:00:00,NY,0.7615894039735099,0.7,long,3112.884,3083.572,3170.508,0.02,50.0,0.005,28.812,1.0,2.0,0.5,100.0,LONG,H4
2025-04-04 16:00:00,London,0.725,0.7,long,3036.427,2997.8719285714287,3112.537142857143,0.01,50.0,0.005,38.05507142857141,1.0,2.0,0.5,100.0,LONG,H4
2025-04-04 20:00:00,NY,0.725,0.7,long,3038.506,3000.5596428571425,3113.398714285714,0.01,50.0,0.005,37.44635714285716,1.0,2.0,0.5,100.0,LONG,H4
2025-04-06 20:00:00,NY,0.7615894039735099,0.7,long,2999.944,2958.7277142857142,3081.3765714285714,0.01,50.0,0.005,40.71628571428573,1.0,2.0,0.5,100.0,LONG,H4
2025-04-07 00:00:00,Off,0.772093023255814,0.7,long,3018.922,2976.131,3103.504,0.01,50.0,0.005,42.29100000000004,1.0,2.0,0.5,100.0,LONG,H4
2025-04-07 04:00:00,Off,0.772093023255814,0.7,long,3018.569,2975.2541428571426,3104.1987142857142,0.01,50.0,0.005,42.8148571428572,1.0,2.0,0.5,100.0,LONG,H4
2025-04-14 04:00:00,Off,0.772093023255814,0.7,long,3228.013,3199.654071428571,3283.730857142857,0.02,50.0,0.005,27.85892857142861,1.0,2.0,0.5,100.0,LONG,H4
2025-04-14 08:00:00,London,0.725,0.7,long,3223.359,3195.0374285714283,3279.0021428571426,0.02,50.0,0.005,27.821571428571456,1.0,2.0,0.5,100.0,LONG,H4
2025-04-14 16:00:00,London,0.7615894039735099,0.7,long,3212.699,3186.4050714285713,3264.286857142857,0.02,50.0,0.005,25.793928571428587,1.0,2.0,0.5,100.0,LONG,H4
2025-04-15 04:00:00,Off,0.7615894039735099,0.7,long,3225.671,3202.294,3271.4249999999997,0.02,50.0,0.005,22.87700000000005,1.0,2.0,0.5,100.0,LONG,H4
2025-04-15 08:00:00,London,0.725,0.7,long,3220.164,3197.979285714286,3263.533428571429,0.02,50.0,0.005,21.68471428571433,1.0,2.0,0.5,100.0,LONG,H4
2025-04-15 16:00:00,London,0.7615894039735099,0.7,long,3229.793,3210.096,3268.1870000000004,0.03,50.0,0.005,19.19700000000002,1.0,2.0,0.5,100.0,LONG,H4
2025-04-16 08:00:00,London,0.7615894039735099,0.7,long,3306.842,3285.163857142857,3349.1982857142857,0.02,50.0,0.005,21.178142857142834,1.0,2.0,0.5,100.0,LONG,H4
2025-04-16 16:00:00,London,0.7615894039735099,0.7,long,3336.694,3314.2892142857145,3380.5035714285714,0.02,50.0,0.005,21.90478571428568,1.0,2.0,0.5,100.0,LONG,H4
2025-04-17 00:00:00,Off,0.772093023255814,0.7,long,3344.529,3321.714857142857,3389.1572857142855,0.02,50.0,0.005,22.31414285714284,1.0,2.0,0.5,100.0,LONG,H4
2025-04-17 04:00:00,Off,0.772093023255814,0.7,long,3323.323,3298.850214285714,3371.2685714285712,0.02,50.0,0.005,23.97278571428569,1.0,2.0,0.5,100.0,LONG,H4
2025-04-17 08:00:00,London,0.725,0.7,long,3327.371,3302.717785714286,3375.6774285714287,0.02,50.0,0.005,24.15321428571425,1.0,2.0,0.5,100.0,LONG,H4
2025-04-17 16:00:00,London,0.772093023255814,0.7,long,3320.746,3292.1325714285717,3376.9728571428573,0.02,50.0,0.005,28.11342857142849,1.0,2.0,0.5,100.0,LONG,H4
2025-04-17 20:00:00,NY,0.772093023255814,0.7,long,3327.671,3299.3674285714287,3383.2781428571425,0.02,50.0,0.005,27.80357142857133,1.0,2.0,0.5,100.0,LONG,H4
2025-04-20 20:00:00,NY,0.7615894039735099,0.7,long,3348.078,3318.8429285714287,3405.5481428571425,0.02,50.0,0.005,28.73507142857134,1.0,2.0,0.5,100.0,LONG,H4
2025-04-21 12:00:00,London,0.772093023255814,0.7,long,3422.941,3393.510214285714,3480.802571428571,0.02,50.0,0.005,28.930785714285644,1.0,2.0,0.5,100.0,LONG,H4
2025-04-21 20:00:00,NY,0.772093023255814,0.7,long,3434.548,3405.343214285714,3491.957571428571,0.02,50.0,0.005,28.70478571428563,1.0,2.0,0.5,100.0,LONG,H4
2025-04-22 00:00:00,Off,0.772093023255814,0.7,long,3487.777,3454.340142857143,3553.650714285714,0.01,50.0,0.005,32.93685714285708,1.0,2.0,0.5,100.0,LONG,H4
2025-04-22 08:00:00,London,0.7615894039735099,0.7,long,3456.705,3423.1095714285716,3522.895857142857,0.01,50.0,0.005,33.09542857142849,1.0,2.0,0.5,100.0,LONG,H4
2025-04-22 12:00:00,London,0.7615894039735099,0.7,long,3417.721,3381.647214285714,3488.868571428571,0.01,50.0,0.005,35.57378571428564,1.0,2.0,0.5,100.0,LONG,H4
2025-04-22 16:00:00,London,0.7615894039735099,0.7,long,3374.789,3339.014571428572,3445.337857142857,0.01,50.0,0.005,35.27442857142852,1.0,2.0,0.5,100.0,LONG,H4
2025-04-22 20:00:00,NY,0.7615894039735099,0.7,long,3336.561,3297.9805714285717,3412.721857142857,0.01,50.0,0.005,38.08042857142852,1.0,2.0,0.5,100.0,LONG,H4
2025-04-23 00:00:00,Off,0.772093023255814,0.7,long,3338.878,3296.9717142857144,3421.6905714285717,0.01,50.0,0.005,41.40628571428569,1.0,2.0,0.5,100.0,LONG,H4
2025-04-23 08:00:00,London,0.725,0.7,long,3324.594,3280.5785714285716,3411.6248571428573,0.01,50.0,0.005,43.51542857142853,1.0,2.0,0.5,100.0,LONG,H4
2025-05-07 00:00:00,Off,0.772093023255814,0.7,long,3375.541,3343.293857142857,3439.035285714286,0.02,50.0,0.005,31.747142857142894,1.0,2.0,0.5,100.0,LONG,H4
2025-05-07 04:00:00,Off,0.7615894039735099,0.7,long,3388.016,3355.2219285714286,3452.604142857143,0.02,50.0,0.005,32.29407142857148,1.0,2.0,0.5,100.0,LONG,H4
2025-05-07 16:00:00,London,0.772093023255814,0.7,long,3371.904,3340.5644285714284,3433.583142857143,0.02,50.0,0.005,30.839571428571453,1.0,2.0,0.5,100.0,LONG,H4
2025-05-07 20:00:00,NY,0.7615894039735099,0.7,long,3376.488,3345.6041428571425,3437.255714285714,0.02,50.0,0.005,30.383857142857128,1.0,2.0,0.5,100.0,LONG,H4
2025-05-08 00:00:00,Off,0.772093023255814,0.7,long,3396.864,3365.340714285714,3458.9105714285715,0.02,50.0,0.005,31.02328571428575,1.0,2.0,0.5,100.0,LONG,H4
2025-05-08 04:00:00,Off,0.772093023255814,0.7,long,3342.884,3306.462642857143,3414.7267142857145,0.01,50.0,0.005,35.92135714285717,1.0,2.0,0.5,100.0,LONG,H4
2025-05-08 08:00:00,London,0.725,0.7,long,3344.381,3311.3584285714282,3409.4261428571426,0.02,50.0,0.005,32.522571428571446,1.0,2.0,0.5,100.0,LONG,H4
2025-05-08 16:00:00,London,0.772093023255814,0.7,long,3306.384,3270.6020714285714,3376.947857142857,0.01,50.0,0.005,35.28192857142858,1.0,2.0,0.5,100.0,LONG,H4
2025-05-08 20:00:00,NY,0.772093023255814,0.7,long,3316.412,3281.0979285714284,3386.0401428571427,0.01,50.0,0.005,34.81407142857146,1.0,2.0,0.5,100.0,LONG,H4
2025-05-09 00:00:00,Off,0.7615894039735099,0.7,long,3308.106,3271.4318571428576,3380.454285714286,0.01,50.0,0.005,36.17414285714286,1.0,2.0,0.5,100.0,LONG,H4
2025-05-09 12:00:00,London,0.725,0.7,long,3345.064,3312.2651428571426,3409.661714285714,0.02,50.0,0.005,32.29885714285712,1.0,2.0,0.5,100.0,LONG,H4
2025-05-09 20:00:00,NY,0.725,0.7,long,3326.805,3295.3934999999997,3388.6279999999997,0.02,50.0,0.005,30.9115,1.0,2.0,0.5,100.0,LONG,H4
2025-05-11 20:00:00,NY,0.725,0.7,long,3287.534,3254.214785714286,3353.1724285714286,0.02,50.0,0.005,32.81921428571426,1.0,2.0,0.5,100.0,LONG,H4
2025-05-12 00:00:00,Off,0.772093023255814,0.7,long,3283.25,3248.6597142857145,3351.4305714285715,0.01,50.0,0.005,34.09028571428569,1.0,2.0,0.5,100.0,LONG,H4
2025-05-12 04:00:00,Off,0.772093023255814,0.7,long,3222.647,3186.163,3294.615,0.01,50.0,0.005,35.98399999999996,1.0,2.0,0.5,100.0,LONG,H4
2025-05-12 12:00:00,London,0.772093023255814,0.7,long,3239.262,3205.6633571428574,3305.4592857142857,0.01,50.0,0.005,33.098642857142785,1.0,2.0,0.5,100.0,LONG,H4
2025-05-12 16:00:00,London,0.7615894039735099,0.7,long,3235.394,3203.4368571428568,3298.3082857142854,0.02,50.0,0.005,31.4571428571428,1.0,2.0,0.5,100.0,LONG,H4
2025-05-12 20:00:00,NY,0.772093023255814,0.7,long,3236.88,3207.0563571428575,3295.527285714286,0.02,50.0,0.005,29.32364285714279,1.0,2.0,0.5,100.0,LONG,H4
2025-05-13 04:00:00,Off,0.725,0.7,long,3259.098,3230.014857142857,3316.2642857142855,0.02,50.0,0.005,28.58314285714277,1.0,2.0,0.5,100.0,LONG,H4
2025-05-13 08:00:00,London,0.725,0.7,long,3249.167,3220.916857142857,3304.6672857142853,0.02,50.0,0.005,27.750142857142787,1.0,2.0,0.5,100.0,LONG,H4
2025-05-13 16:00:00,London,0.7615894039735099,0.7,long,3249.324,3220.9019285714285,3305.168142857143,0.02,50.0,0.005,27.92207142857137,1.0,2.0,0.5,100.0,LONG,H4
2025-05-13 20:00:00,NY,0.7615894039735099,0.7,long,3254.414,3226.92,3308.402,0.02,50.0,0.005,26.993999999999915,1.0,2.0,0.5,100.0,LONG,H4
2025-05-14 00:00:00,Off,0.772093023255814,0.7,long,3228.366,3199.2090714285714,3285.679857142857,0.02,50.0,0.005,28.656928571428484,1.0,2.0,0.5,100.0,LONG,H4
2025-05-14 04:00:00,Off,0.7615894039735099,0.7,long,3238.085,3212.0462142857145,3289.1625714285715,0.02,50.0,0.005,25.538785714285627,1.0,2.0,0.5,100.0,LONG,H4
2025-05-14 12:00:00,London,0.772093023255814,0.7,long,3182.674,3158.5424285714284,3229.9371428571426,0.02,50.0,0.005,23.631571428571338,1.0,2.0,0.5,100.0,LONG,H4
2025-05-14 20:00:00,NY,0.7615894039735099,0.7,long,3186.128,3163.5580714285716,3230.2678571428573,0.02,50.0,0.005,22.06992857142849,1.0,2.0,0.5,100.0,LONG,H4
2025-05-22 04:00:00,Off,0.7615894039735099,0.7,long,3327.621,3303.9515714285717,3373.9598571428573,0.02,50.0,0.005,23.16942857142853,1.0,2.0,0.5,100.0,LONG,H4
2025-05-22 08:00:00,London,0.7615894039735099,0.7,long,3314.466,3289.4630714285713,3363.471857142857,0.02,50.0,0.005,24.50292857142855,1.0,2.0,0.5,100.0,LONG,H4
2025-05-23 20:00:00,NY,0.725,0.7,long,3356.306,3333.4556428571427,3401.0067142857147,0.02,50.0,0.005,22.350357142857224,1.0,2.0,0.5,100.0,LONG,H4
2025-05-25 20:00:00,NY,0.7615894039735099,0.7,long,3342.713,3320.375857142857,3386.387285714286,0.02,50.0,0.005,21.83714285714294,1.0,2.0,0.5,100.0,LONG,H4
2025-05-26 00:00:00,Off,0.772093023255814,0.7,long,3347.636,3324.268857142857,3393.3702857142857,0.02,50.0,0.005,22.867142857142944,1.0,2.0,0.5,100.0,LONG,H4
2025-05-26 08:00:00,London,0.75,0.7,long,3333.13,3310.266357142857,3377.857285714286,0.02,50.0,0.005,22.363642857142946,1.0,2.0,0.5,100.0,LONG,H4
2025-05-26 16:00:00,London,0.7615894039735099,0.7,long,3341.558,3323.1232857142854,3377.4274285714287,0.03,50.0,0.005,17.934714285714367,1.0,2.0,0.5,100.0,LONG,H4
2025-05-27 00:00:00,Off,0.772093023255814,0.7,long,3341.217,3322.978,3376.695,0.03,50.0,0.005,17.739000000000065,1.0,2.0,0.5,100.0,LONG,H4
2025-05-27 04:00:00,Off,0.772093023255814,0.7,long,3296.244,3276.0772857142856,3335.5774285714288,0.02,50.0,0.005,19.66671428571437,1.0,2.0,0.5,100.0,LONG,H4
2025-05-27 16:00:00,London,0.7615894039735099,0.7,long,3304.38,3286.381642857143,3339.3767142857146,0.03,50.0,0.005,17.498357142857166,1.0,2.0,0.5,100.0,LONG,H4
2025-05-27 20:00:00,NY,0.7615894039735099,0.7,long,3309.411,3291.1435714285717,3344.945857142857,0.03,50.0,0.005,17.76742857142858,1.0,2.0,0.5,100.0,LONG,H4
2025-05-28 08:00:00,London,0.725,0.7,long,3311.143,3291.151714285714,3350.1255714285717,0.03,50.0,0.005,19.491285714285727,1.0,2.0,0.5,100.0,LONG,H4
2025-05-28 12:00:00,London,0.772093023255814,0.7,long,3296.094,3275.8109285714286,3335.660142857143,0.02,50.0,0.005,19.783071428571443,1.0,2.0,0.5,100.0,LONG,H4
2025-06-03 16:00:00,London,0.7615894039735099,0.7,long,3352.657,3332.195785714286,3392.5794285714287,0.02,50.0,0.005,19.961214285714245,1.0,2.0,0.5,100.0,LONG,H4
2025-06-03 20:00:00,NY,0.7615894039735099,0.7,long,3359.996,3339.7228571428573,3399.5422857142858,0.02,50.0,0.005,19.77314285714283,1.0,2.0,0.5,100.0,LONG,H4
2025-06-04 04:00:00,Off,0.772093023255814,0.7,long,3354.721,3333.7924285714284,3395.5781428571427,0.02,50.0,0.005,20.428571428571395,1.0,2.0,0.5,100.0,LONG,H4
2025-06-04 08:00:00,London,0.7615894039735099,0.7,long,3346.577,3325.0960000000005,3388.539,0.02,50.0,0.005,20.980999999999995,1.0,2.0,0.5,100.0,LONG,H4
2025-06-04 20:00:00,NY,0.7615894039735099,0.7,long,3378.042,3359.0310714285715,3415.063857142857,0.03,50.0,0.005,18.51092857142862,1.0,2.0,0.5,100.0,LONG,H4
2025-06-05 04:00:00,Off,0.7615894039735099,0.7,long,3371.304,3352.117642857143,3408.6767142857143,0.03,50.0,0.005,18.6863571428572,1.0,2.0,0.5,100.0,LONG,H4
2025-06-05 16:00:00,London,0.772093023255814,0.7,long,3356.909,3333.496857142857,3402.733285714286,0.02,50.0,0.005,22.91214285714292,1.0,2.0,0.5,100.0,LONG,H4
2025-06-05 20:00:00,NY,0.772093023255814,0.7,long,3361.81,3339.7179285714283,3404.994142857143,0.02,50.0,0.005,21.592071428571508,1.0,2.0,0.5,100.0,LONG,H4
2025-06-06 00:00:00,Off,0.725,0.7,long,3369.747,3347.312357142857,3413.616285714286,0.02,50.0,0.005,21.93464285714296,1.0,2.0,0.5,100.0,LONG,H4
2025-06-06 12:00:00,London,0.725,0.7,long,3332.228,3307.4012857142857,3380.881428571429,0.02,50.0,0.005,24.326714285714388,1.0,2.0,0.5,100.0,LONG,H4
2025-06-16 04:00:00,Off,0.7615894039735099,0.7,long,3412.619,3387.901785714286,3461.053428571429,0.02,50.0,0.005,24.217214285714267,1.0,2.0,0.5,100.0,LONG,H4
2025-06-16 08:00:00,London,0.7615894039735099,0.7,long,3415.0,3392.0198571428573,3459.960285714286,0.02,50.0,0.005,22.48014285714284,1.0,2.0,0.5,100.0,LONG,H4
2025-06-16 16:00:00,London,0.7615894039735099,0.7,long,3384.094,3361.6527142857144,3427.9765714285713,0.02,50.0,0.005,21.941285714285705,1.0,2.0,0.5,100.0,LONG,H4
2025-06-16 20:00:00,NY,0.772093023255814,0.7,long,3402.769,3379.8682857142853,3447.5704285714282,0.02,50.0,0.005,22.40071428571429,1.0,2.0,0.5,100.0,LONG,H4
2025-06-17 00:00:00,Off,0.772093023255814,0.7,long,3387.583,3363.747142857143,3434.2547142857143,0.02,50.0,0.005,23.33585714285713,1.0,2.0,0.5,100.0,LONG,H4
2025-06-17 16:00:00,London,0.725,0.7,long,3385.71,3364.019928571429,3428.090142857143,0.02,50.0,0.005,21.19007142857137,1.0,2.0,0.5,100.0,LONG,H4
2025-06-17 20:00:00,NY,0.7615894039735099,0.7,long,3387.369,3366.225785714286,3428.6554285714287,0.02,50.0,0.005,20.64321428571423,1.0,2.0,0.5,100.0,LONG,H4
2025-06-18 00:00:00,Off,0.725,0.7,long,3390.96,3368.7442142857144,3434.3915714285713,0.02,50.0,0.005,21.71578571428563,1.0,2.0,0.5,100.0,LONG,H4
2025-06-18 08:00:00,London,0.725,0.7,long,3382.048,3360.1065,3424.9309999999996,0.02,50.0,0.005,21.441499999999937,1.0,2.0,0.5,100.0,LONG,H4
2025-06-18 20:00:00,NY,0.7615894039735099,0.7,long,3375.023,3352.986142857143,3418.0967142857144,0.02,50.0,0.005,21.53685714285705,1.0,2.0,0.5,100.0,LONG,H4
2025-06-19 04:00:00,Off,0.772093023255814,0.7,long,3365.992,3343.6562857142862,3409.6634285714285,0.02,50.0,0.005,21.835714285714143,1.0,2.0,0.5,100.0,LONG,H4
2025-06-19 08:00:00,London,0.725,0.7,long,3371.967,3350.5600000000004,3413.781,0.02,50.0,0.005,20.906999999999893,1.0,2.0,0.5,100.0,LONG,H4
2025-06-19 12:00:00,London,0.7615894039735099,0.7,long,3369.26,3348.120785714286,3410.5384285714285,0.02,50.0,0.005,20.6392142857142,1.0,2.0,0.5,100.0,LONG,H4
2025-06-19 16:00:00,London,0.7615894039735099,0.7,long,3373.455,3353.4910714285716,3412.3828571428567,0.03,50.0,0.005,19.463928571428465,1.0,2.0,0.5,100.0,LONG,H4
2025-06-19 20:00:00,NY,0.772093023255814,0.7,long,3368.739,3350.1997142857144,3404.8175714285712,0.03,50.0,0.005,18.0392857142856,1.0,2.0,0.5,100.0,LONG,H4
2025-06-20 00:00:00,Off,0.7615894039735099,0.7,long,3355.507,3336.2655714285715,3392.989857142857,0.03,50.0,0.005,18.74142857142845,1.0,2.0,0.5,100.0,LONG,H4
2025-06-20 12:00:00,London,0.725,0.7,long,3369.856,3350.174142857143,3408.2197142857144,0.03,50.0,0.005,19.18185714285704,1.0,2.0,0.5,100.0,LONG,H4
2025-06-20 20:00:00,NY,0.725,0.7,long,3368.546,3350.479714285714,3403.678571428571,0.03,50.0,0.005,17.566285714285577,1.0,2.0,0.5,100.0,LONG,H4
2025-06-22 20:00:00,NY,0.7615894039735099,0.7,long,3372.755,3355.5867857142857,3406.0914285714284,0.03,50.0,0.005,16.66821428571419,1.0,2.0,0.5,100.0,LONG,H4
2025-06-23 00:00:00,Off,0.772093023255814,0.7,long,3363.372,3345.899,3397.3179999999998,0.03,50.0,0.005,16.972999999999892,1.0,2.0,0.5,100.0,LONG,H4
2025-06-23 04:00:00,Off,0.7615894039735099,0.7,long,3357.627,3340.1659285714286,3391.5491428571427,0.03,50.0,0.005,16.96107142857136,1.0,2.0,0.5,100.0,LONG,H4
2025-06-24 00:00:00,Off,0.772093023255814,0.7,long,3352.476,3330.6345,3395.159,0.02,50.0,0.005,21.341499999999964,1.0,2.0,0.5,100.0,LONG,H4
2025-06-24 08:00:00,London,0.725,0.7,long,3321.214,3298.7357857142856,3365.1704285714286,0.02,50.0,0.005,21.978214285714262,1.0,2.0,0.5,100.0,LONG,H4
2025-07-03 00:00:00,Off,0.9444444444444444,0.7,long,3347.509,3332.200642857143,3377.125714285714,0.03,50.0,0.005,14.808357142857046,1.0,2.0,0.5,100.0,LONG,H4
2025-07-04 00:00:00,Off,0.725,0.7,long,3338.35,3322.111142857143,3369.827714285714,0.03,50.0,0.005,15.738857142857114,1.0,2.0,0.5,100.0,LONG,H4
2025-07-04 04:00:00,Off,0.725,0.7,long,3342.947,3326.589642857143,3374.6617142857144,0.03,50.0,0.005,15.857357142857122,1.0,2.0,0.5,100.0,LONG,H4
2025-07-04 12:00:00,London,0.772093023255814,0.7,long,3332.393,3316.9522142857145,3362.2745714285716,0.03,50.0,0.005,14.9407857142857,1.0,2.0,0.5,100.0,LONG,H4
2025-07-07 16:00:00,London,0.772093023255814,0.7,long,3336.988,3321.0275714285713,3367.908857142857,0.03,50.0,0.005,15.460428571428595,1.0,2.0,0.5,100.0,LONG,H4
2025-07-08 00:00:00,Off,0.772093023255814,0.7,long,3331.469,3317.623285714286,3358.160428571429,0.04,50.0,0.005,13.345714285714296,1.0,2.0,0.5,100.0,LONG,H4
2025-07-08 04:00:00,Off,0.772093023255814,0.7,long,3333.915,3319.7992142857142,3361.1465714285714,0.04,50.0,0.005,13.61578571428572,1.0,2.0,0.5,100.0,LONG,H4
2025-07-08 12:00:00,London,0.7701141202076951,0.7,long,3298.241,3281.6268571428573,3330.469285714286,0.03,50.0,0.005,16.114142857142888,1.0,2.0,0.5,100.0,LONG,H4
2025-07-08 16:00:00,London,0.7615894039735099,0.7,long,3302.992,3286.2559285714287,3335.464142857143,0.03,50.0,0.005,16.23607142857145,1.0,2.0,0.5,100.0,LONG,H4
2025-07-08 20:00:00,NY,0.7615894039735099,0.7,long,3302.277,3285.566142857143,3334.6987142857142,0.03,50.0,0.005,16.210857142857158,1.0,2.0,0.5,100.0,LONG,H4
2025-07-09 00:00:00,Off,0.772093023255814,0.7,long,3293.276,3275.1814999999997,3328.4649999999997,0.03,50.0,0.005,17.59450000000002,1.0,2.0,0.5,100.0,LONG,H4
2025-07-14 08:00:00,London,0.772093023255814,0.7,long,3364.169,3349.0150714285714,3393.476857142857,0.03,50.0,0.005,14.653928571428551,1.0,2.0,0.5,100.0,LONG,H4
2025-07-14 12:00:00,London,0.772093023255814,0.7,long,3345.105,3328.976285714286,3376.3624285714286,0.03,50.0,0.005,15.628714285714263,1.0,2.0,0.5,100.0,LONG,H4
2025-07-14 16:00:00,London,0.772093023255814,0.7,long,3344.125,3328.7685714285717,3373.837857142857,0.03,50.0,0.005,14.856428571428523,1.0,2.0,0.5,100.0,LONG,H4
2025-07-14 20:00:00,NY,0.772093023255814,0.7,long,3345.337,3330.5850714285716,3373.840857142857,0.03,50.0,0.005,14.25192857142854,1.0,2.0,0.5,100.0,LONG,H4
2025-07-15 00:00:00,Off,0.772093023255814,0.7,long,3357.841,3342.4505,3387.622,0.03,50.0,0.005,14.890499999999976,1.0,2.0,0.5,100.0,LONG,H4
2025-07-15 04:00:00,Off,0.772093023255814,0.7,long,3364.347,3349.282571428572,3393.4758571428574,0.03,50.0,0.005,14.564428571428577,1.0,2.0,0.5,100.0,LONG,H4
2025-07-15 12:00:00,London,0.7615894039735099,0.7,long,3328.996,3312.825714285714,3360.3365714285715,0.03,50.0,0.005,15.670285714285717,1.0,2.0,0.5,100.0,LONG,H4
2025-07-15 16:00:00,London,0.772093023255814,0.7,long,3330.455,3315.190071428571,3359.984857142857,0.03,50.0,0.005,14.764928571428625,1.0,2.0,0.5,100.0,LONG,H4
2025-07-15 20:00:00,NY,0.772093023255814,0.7,long,3331.056,3316.0502857142856,3360.0674285714285,0.03,50.0,0.005,14.505714285714314,1.0,2.0,0.5,100.0,LONG,H4
2025-07-16 00:00:00,Off,0.772093023255814,0.7,long,3334.338,3318.9995714285715,3364.014857142857,0.03,50.0,0.005,14.838428571428592,1.0,2.0,0.5,100.0,LONG,H4
2025-07-16 04:00:00,Off,0.772093023255814,0.7,long,3337.808,3323.166357142857,3366.0912857142857,0.03,50.0,0.005,14.14164285714287,1.0,2.0,0.5,100.0,LONG,H4
2025-07-16 08:00:00,London,0.7615894039735099,0.7,long,3339.259,3325.3388571428573,3366.0992857142855,0.04,50.0,0.005,13.420142857142862,1.0,2.0,0.5,100.0,LONG,H4
2025-07-16 16:00:00,London,0.772093023255814,0.7,long,3347.08,3329.9832857142856,3380.2734285714287,0.03,50.0,0.005,16.596714285714306,1.0,2.0,0.5,100.0,LONG,H4
2025-07-16 20:00:00,NY,0.7615894039735099,0.7,long,3346.526,3330.7629285714283,3377.052142857143,0.03,50.0,0.005,15.26307142857146,1.0,2.0,0.5,100.0,LONG,H4
2025-07-17 00:00:00,Off,0.7615894039735099,0.7,long,3341.486,3325.5395,3372.379,0.03,50.0,0.005,15.446500000000048,1.0,2.0,0.5,100.0,LONG,H4
2025-07-17 04:00:00,Off,0.7615894039735099,0.7,long,3325.886,3308.9267857142854,3358.8044285714286,0.03,50.0,0.005,16.459214285714356,1.0,2.0,0.5,100.0,LONG,H4
2025-07-17 16:00:00,London,0.772093023255814,0.7,long,3339.763,3322.0544285714286,3374.180142857143,0.03,50.0,0.005,17.2085714285715,1.0,2.0,0.5,100.0,LONG,H4
2025-07-18 20:00:00,NY,0.7615894039735099,0.7,long,3350.395,3337.6435714285712,3374.897857142857,0.04,50.0,0.005,12.251428571428573,1.0,2.0,0.5,100.0,LONG,H4
2025-07-20 20:00:00,NY,0.7615894039735099,0.7,long,3349.122,3337.3090714285713,3371.747857142857,0.04,50.0,0.005,11.31292857142856,1.0,2.0,0.5,100.0,LONG,H4
