datetime,session,prob_cal,thr_used,direction,entry_price,sl_price,tp_price,lot_size,risk_usd,risk_pct,atr,atr_mult_sl,rrr,spread,pip_value,side
2024-01-01 20:00:00,NY,0.7615894039735099,0.7,long,2063.543,2055.5549285714287,2078.519142857143,0.06,50.0,0.005,7.488071428571369,1.0,2.0,0.5,100.0,LONG
2024-01-02 12:00:00,London,0.7615894039735099,0.7,long,2059.305,2050.4902857142856,2075.9344285714283,0.06,50.0,0.005,8.314714285714217,1.0,2.0,0.5,100.0,LONG
2024-01-02 20:00:00,NY,0.725,0.7,long,2059.476,2051.3095000000003,2074.809,0.06,50.0,0.005,7.666499999999944,1.0,2.0,0.5,100.0,LONG
2024-01-03 04:00:00,Off,0.725,0.7,long,2062.915,2054.6314285714284,2078.4821428571427,0.06,50.0,0.005,7.783571428571382,1.0,2.0,0.5,100.0,LONG
2024-01-03 20:00:00,NY,0.7615894039735099,0.7,long,2042.666,2033.0607142857143,2060.8765714285714,0.05,50.0,0.005,9.10528571428571,1.0,2.0,0.5,100.0,LONG
2024-01-04 00:00:00,Off,0.7615894039735099,0.7,long,2044.684,2034.9375,2063.177,0.05,50.0,0.005,9.2465,1.0,2.0,0.5,100.0,LONG
2024-01-04 04:00:00,Off,0.7615894039735099,0.7,long,2047.599,2037.5817142857143,2066.6335714285715,0.05,50.0,0.005,9.517285714285745,1.0,2.0,0.5,100.0,LONG
2024-01-04 08:00:00,London,0.7615894039735099,0.7,long,2045.136,2035.2642142857142,2063.8795714285716,0.05,50.0,0.005,9.371785714285725,1.0,2.0,0.5,100.0,LONG
2024-01-04 16:00:00,London,0.7615894039735099,0.7,long,2044.3,2034.5026428571427,2062.894714285714,0.05,50.0,0.005,9.29735714285716,1.0,2.0,0.5,100.0,LONG
2024-01-04 20:00:00,NY,0.7615894039735099,0.7,long,2043.865,2034.9685714285713,2060.657857142857,0.06,50.0,0.005,8.396428571428617,1.0,2.0,0.5,100.0,LONG
2024-01-05 16:00:00,London,0.725,0.7,long,2045.682,2034.4572857142857,2067.131428571429,0.04,50.0,0.005,10.724714285714333,1.0,2.0,0.5,100.0,LONG
2024-01-07 20:00:00,NY,0.725,0.7,long,2044.208,2034.6101428571428,2062.4037142857146,0.05,50.0,0.005,9.097857142857183,1.0,2.0,0.5,100.0,LONG
2024-01-08 00:00:00,Off,0.772093023255814,0.7,long,2036.098,2026.192357142857,2054.909285714286,0.05,50.0,0.005,9.40564285714288,1.0,2.0,0.5,100.0,LONG
2024-01-08 04:00:00,Off,0.772093023255814,0.7,long,2031.393,2021.2242142857142,2050.7305714285717,0.05,50.0,0.005,9.668785714285734,1.0,2.0,0.5,100.0,LONG
2024-01-12 16:00:00,London,0.725,0.7,long,2047.283,2036.3646428571428,2068.119714285714,0.05,50.0,0.005,10.418357142857158,1.0,2.0,0.5,100.0,LONG
2024-01-12 20:00:00,NY,0.725,0.7,long,2049.032,2038.6618571428573,2068.7722857142858,0.05,50.0,0.005,9.870142857142858,1.0,2.0,0.5,100.0,LONG
2024-01-14 20:00:00,NY,0.725,0.7,long,2047.612,2037.6289285714286,2066.578142857143,0.05,50.0,0.005,9.483071428571456,1.0,2.0,0.5,100.0,LONG
2024-01-15 00:00:00,Off,0.772093023255814,0.7,long,2057.376,2046.9398571428574,2077.248285714286,0.05,50.0,0.005,9.936142857142888,1.0,2.0,0.5,100.0,LONG
2024-01-15 04:00:00,Off,0.772093023255814,0.7,long,2054.114,2043.744,2073.8540000000003,0.05,50.0,0.005,9.87000000000002,1.0,2.0,0.5,100.0,LONG
2024-01-15 08:00:00,London,0.772093023255814,0.7,long,2053.257,2042.7216428571428,2073.3277142857146,0.05,50.0,0.005,10.035357142857167,1.0,2.0,0.5,100.0,LONG
2024-01-15 20:00:00,NY,0.7615894039735099,0.7,long,2053.841,2045.6642142857143,2069.194571428571,0.06,50.0,0.005,7.676785714285708,1.0,2.0,0.5,100.0,LONG
2024-01-16 00:00:00,Off,0.772093023255814,0.7,long,2049.436,2041.6763571428573,2063.9552857142858,0.06,50.0,0.005,7.259642857142841,1.0,2.0,0.5,100.0,LONG
2024-01-16 08:00:00,London,0.772093023255814,0.7,long,2039.874,2031.8842142857143,2054.8535714285713,0.06,50.0,0.005,7.489785714285729,1.0,2.0,0.5,100.0,LONG
2024-01-16 20:00:00,NY,0.7615894039735099,0.7,long,2027.826,2020.367642857143,2041.7427142857143,0.07,50.0,0.005,6.958357142857137,1.0,2.0,0.5,100.0,LONG
2024-02-01 20:00:00,NY,0.7615894039735099,0.7,long,2054.627,2044.0490714285713,2074.782857142857,0.05,50.0,0.005,10.077928571428597,1.0,2.0,0.5,100.0,LONG
2024-02-02 16:00:00,London,0.75,0.7,long,2038.052,2025.7212857142856,2061.7134285714287,0.04,50.0,0.005,11.83071428571431,1.0,2.0,0.5,100.0,LONG
2024-02-02 20:00:00,NY,0.7615894039735099,0.7,long,2039.607,2028.4312857142857,2060.9584285714286,0.04,50.0,0.005,10.675714285714305,1.0,2.0,0.5,100.0,LONG
2024-02-04 20:00:00,NY,0.7615894039735099,0.7,long,2039.716,2029.3299285714284,2059.488142857143,0.05,50.0,0.005,9.88607142857146,1.0,2.0,0.5,100.0,LONG
2024-02-05 00:00:00,Off,0.7615894039735099,0.7,long,2032.222,2022.2289285714285,2051.208142857143,0.05,50.0,0.005,9.493071428571444,1.0,2.0,0.5,100.0,LONG
2024-02-05 08:00:00,London,0.7615894039735099,0.7,long,2027.577,2017.6975714285713,2046.335857142857,0.05,50.0,0.005,9.37942857142858,1.0,2.0,0.5,100.0,LONG
2024-02-05 16:00:00,London,0.7615894039735099,0.7,long,2025.928,2016.9785714285715,2042.8268571428573,0.06,50.0,0.005,8.449428571428582,1.0,2.0,0.5,100.0,LONG
2024-02-05 20:00:00,NY,0.772093023255814,0.7,long,2024.859,2016.7142142857142,2040.1485714285714,0.06,50.0,0.005,7.644785714285717,1.0,2.0,0.5,100.0,LONG
2024-02-06 08:00:00,London,0.7615894039735099,0.7,long,2026.696,2018.1605,2042.767,0.06,50.0,0.005,8.035500000000038,1.0,2.0,0.5,100.0,LONG
2024-02-06 12:00:00,London,0.725,0.7,long,2036.285,2027.0682142857142,2053.7185714285715,0.05,50.0,0.005,8.716785714285736,1.0,2.0,0.5,100.0,LONG
2024-02-06 20:00:00,NY,0.772093023255814,0.7,long,2035.069,2027.7152142857142,2048.7765714285715,0.07,50.0,0.005,6.853785714285745,1.0,2.0,0.5,100.0,LONG
2024-02-07 00:00:00,Off,0.772093023255814,0.7,long,2034.442,2027.2134285714285,2047.899142857143,0.07,50.0,0.005,6.728571428571464,1.0,2.0,0.5,100.0,LONG
2024-02-07 04:00:00,Off,0.772093023255814,0.7,long,2035.124,2027.8514285714286,2048.669142857143,0.07,50.0,0.005,6.772571428571447,1.0,2.0,0.5,100.0,LONG
2024-02-07 16:00:00,London,0.725,0.7,long,2035.511,2028.1285714285714,2049.275857142857,0.07,50.0,0.005,6.882428571428607,1.0,2.0,0.5,100.0,LONG
2024-02-08 00:00:00,Off,0.7615894039735099,0.7,long,2032.755,2026.3215714285716,2044.6218571428574,0.08,50.0,0.005,5.933428571428619,1.0,2.0,0.5,100.0,LONG
2024-02-08 20:00:00,NY,0.772093023255814,0.7,long,2034.123,2027.2855,2046.798,0.07,50.0,0.005,6.337500000000026,1.0,2.0,0.5,100.0,LONG
2024-02-09 00:00:00,Off,0.772093023255814,0.7,long,2033.548,2026.9702142857143,2045.7035714285714,0.08,50.0,0.005,6.077785714285743,1.0,2.0,0.5,100.0,LONG
2024-02-09 16:00:00,London,0.725,0.7,long,2024.749,2017.1069285714286,2039.0331428571428,0.07,50.0,0.005,7.142071428571447,1.0,2.0,0.5,100.0,LONG
2024-02-11 20:00:00,NY,0.772093023255814,0.7,long,2025.266,2018.7739285714285,2037.250142857143,0.08,50.0,0.005,5.992071428571437,1.0,2.0,0.5,100.0,LONG
2024-02-12 04:00:00,Off,0.772093023255814,0.7,long,2025.501,2019.0809285714286,2037.3411428571428,0.08,50.0,0.005,5.920071428571434,1.0,2.0,0.5,100.0,LONG
2024-02-12 16:00:00,London,0.7615894039735099,0.7,long,2019.158,2012.4469285714285,2031.5801428571428,0.07,50.0,0.005,6.211071428571439,1.0,2.0,0.5,100.0,LONG
2024-02-13 08:00:00,London,0.7615894039735099,0.7,long,2027.666,2020.736357142857,2040.5252857142857,0.07,50.0,0.005,6.429642857142848,1.0,2.0,0.5,100.0,LONG
2024-02-13 20:00:00,NY,0.725,0.7,long,1991.193,1982.3425714285713,2007.893857142857,0.06,50.0,0.005,8.350428571428584,1.0,2.0,0.5,100.0,LONG
2024-02-14 04:00:00,Off,0.725,0.7,long,1989.439,1980.3074285714285,2006.702142857143,0.05,50.0,0.005,8.631571428571435,1.0,2.0,0.5,100.0,LONG
2024-02-14 08:00:00,London,0.725,0.7,long,1992.2,1982.8797857142858,2009.8404285714287,0.05,50.0,0.005,8.820214285714282,1.0,2.0,0.5,100.0,LONG
2024-02-22 12:00:00,London,0.725,0.7,long,2023.306,2017.2099285714285,2034.498142857143,0.08,50.0,0.005,5.596071428571463,1.0,2.0,0.5,100.0,LONG
2024-02-22 20:00:00,NY,0.7615894039735099,0.7,long,2024.677,2018.858357142857,2035.3142857142857,0.09,50.0,0.005,5.3186428571429065,1.0,2.0,0.5,100.0,LONG
2024-02-23 00:00:00,Off,0.7615894039735099,0.7,long,2025.688,2019.8357857142857,2036.3924285714288,0.09,50.0,0.005,5.3522142857143375,1.0,2.0,0.5,100.0,LONG
2024-02-23 04:00:00,Off,0.7615894039735099,0.7,long,2021.801,2015.4746428571427,2033.4537142857143,0.08,50.0,0.005,5.826357142857205,1.0,2.0,0.5,100.0,LONG
2024-02-23 12:00:00,London,0.725,0.7,long,2030.038,2023.4117857142858,2042.2904285714287,0.08,50.0,0.005,6.1262142857143385,1.0,2.0,0.5,100.0,LONG
2024-02-23 20:00:00,NY,0.772093023255814,0.7,long,2035.524,2028.7530714285713,2048.065857142857,0.07,50.0,0.005,6.2709285714286125,1.0,2.0,0.5,100.0,LONG
2024-02-25 20:00:00,NY,0.772093023255814,0.7,long,2034.224,2027.7471428571428,2046.1777142857143,0.08,50.0,0.005,5.97685714285717,1.0,2.0,0.5,100.0,LONG
2024-02-26 00:00:00,Off,0.772093023255814,0.7,long,2032.442,2025.8724285714286,2044.5811428571428,0.08,50.0,0.005,6.069571428571456,1.0,2.0,0.5,100.0,LONG
2024-02-26 12:00:00,London,0.7615894039735099,0.7,long,2029.104,2022.4252857142858,2041.4614285714285,0.07,50.0,0.005,6.178714285714299,1.0,2.0,0.5,100.0,LONG
2024-02-27 00:00:00,Off,0.772093023255814,0.7,long,2033.372,2027.178142857143,2044.7597142857144,0.08,50.0,0.005,5.693857142857122,1.0,2.0,0.5,100.0,LONG
2024-02-27 04:00:00,Off,0.7615894039735099,0.7,long,2035.386,2029.2787857142857,2046.6004285714284,0.08,50.0,0.005,5.607214285714268,1.0,2.0,0.5,100.0,LONG
2024-02-28 20:00:00,NY,0.725,0.7,long,2034.303,2029.0112857142858,2043.8864285714287,0.09,50.0,0.005,4.791714285714257,1.0,2.0,0.5,100.0,LONG
2024-02-29 20:00:00,NY,0.7615894039735099,0.7,long,2043.981,2037.2670714285714,2056.408857142857,0.07,50.0,0.005,6.213928571428547,1.0,2.0,0.5,100.0,LONG
2024-03-01 00:00:00,Off,0.772093023255814,0.7,long,2046.518,2039.9941428571428,2058.5657142857144,0.08,50.0,0.005,6.023857142857098,1.0,2.0,0.5,100.0,LONG
2024-03-03 20:00:00,NY,0.725,0.7,long,2083.44,2073.8427142857145,2101.6345714285717,0.05,50.0,0.005,9.097285714285704,1.0,2.0,0.5,100.0,LONG
2024-03-04 04:00:00,Off,0.7615894039735099,0.7,long,2087.334,2077.2741428571426,2106.453714285714,0.05,50.0,0.005,9.559857142857124,1.0,2.0,0.5,100.0,LONG
2024-03-04 08:00:00,London,0.7615894039735099,0.7,long,2082.112,2071.8967142857146,2101.5425714285716,0.05,50.0,0.005,9.715285714285724,1.0,2.0,0.5,100.0,LONG
2024-03-04 16:00:00,London,0.7615894039735099,0.7,long,2116.24,2105.362428571428,2136.9951428571426,0.05,50.0,0.005,10.377571428571498,1.0,2.0,0.5,100.0,LONG
2024-03-04 20:00:00,NY,0.772093023255814,0.7,long,2114.48,2103.5989285714286,2135.242142857143,0.05,50.0,0.005,10.381071428571529,1.0,2.0,0.5,100.0,LONG
2024-03-05 00:00:00,Off,0.772093023255814,0.7,long,2112.96,2101.809142857143,2134.2617142857143,0.04,50.0,0.005,10.65085714285723,1.0,2.0,0.5,100.0,LONG
2024-03-05 12:00:00,London,0.7615894039735099,0.7,long,2126.618,2114.545357142857,2149.7632857142858,0.04,50.0,0.005,11.572642857142926,1.0,2.0,0.5,100.0,LONG
2024-03-05 20:00:00,NY,0.725,0.7,long,2128.162,2118.167857142857,2147.1502857142855,0.05,50.0,0.005,9.494142857142933,1.0,2.0,0.5,100.0,LONG
2024-03-06 00:00:00,Off,0.7615894039735099,0.7,long,2124.697,2114.557357142857,2143.976285714286,0.05,50.0,0.005,9.639642857142915,1.0,2.0,0.5,100.0,LONG
2024-03-06 04:00:00,Off,0.7615894039735099,0.7,long,2128.478,2118.113714285714,2148.206571428572,0.05,50.0,0.005,9.864285714285772,1.0,2.0,0.5,100.0,LONG
2024-03-06 08:00:00,London,0.7615894039735099,0.7,long,2132.474,2121.8692142857144,2152.6835714285717,0.05,50.0,0.005,10.104785714285786,1.0,2.0,0.5,100.0,LONG
2024-03-06 12:00:00,London,0.772093023255814,0.7,long,2140.923,2129.587428571428,2162.5941428571427,0.04,50.0,0.005,10.835571428571516,1.0,2.0,0.5,100.0,LONG
2024-03-06 20:00:00,NY,0.7615894039735099,0.7,long,2147.192,2136.7949285714285,2166.986142857143,0.05,50.0,0.005,9.897071428571442,1.0,2.0,0.5,100.0,LONG
2024-03-07 04:00:00,Off,0.772093023255814,0.7,long,2155.951,2145.484785714286,2175.883428571429,0.05,50.0,0.005,9.966214285714289,1.0,2.0,0.5,100.0,LONG
2024-03-07 12:00:00,London,0.772093023255814,0.7,long,2153.701,2142.520857142857,2175.061285714286,0.04,50.0,0.005,10.680142857142885,1.0,2.0,0.5,100.0,LONG
2024-03-07 20:00:00,NY,0.7615894039735099,0.7,long,2161.467,2151.606642857143,2180.1877142857147,0.05,50.0,0.005,9.360357142857213,1.0,2.0,0.5,100.0,LONG
2024-03-08 12:00:00,London,0.725,0.7,long,2177.164,2165.321428571429,2199.8491428571433,0.04,50.0,0.005,11.34257142857148,1.0,2.0,0.5,100.0,LONG
2024-03-10 20:00:00,NY,0.7615894039735099,0.7,long,2181.567,2169.8965,2203.908,0.04,50.0,0.005,11.170500000000043,1.0,2.0,0.5,100.0,LONG
2024-03-11 04:00:00,Off,0.772093023255814,0.7,long,2182.2,2170.3942857142856,2204.8114285714287,0.04,50.0,0.005,11.305714285714364,1.0,2.0,0.5,100.0,LONG
2024-03-11 12:00:00,London,0.772093023255814,0.7,long,2184.27,2172.346,2207.118,0.04,50.0,0.005,11.424000000000076,1.0,2.0,0.5,100.0,LONG
2024-03-11 16:00:00,London,0.7615894039735099,0.7,long,2181.291,2170.0320714285717,2202.8088571428575,0.04,50.0,0.005,10.758928571428635,1.0,2.0,0.5,100.0,LONG
2024-03-11 20:00:00,NY,0.7615894039735099,0.7,long,2183.552,2172.835642857143,2203.9847142857143,0.05,50.0,0.005,10.216357142857175,1.0,2.0,0.5,100.0,LONG
2024-03-12 08:00:00,London,0.725,0.7,long,2171.956,2161.0265,2192.815,0.05,50.0,0.005,10.429500000000028,1.0,2.0,0.5,100.0,LONG
2024-03-12 12:00:00,London,0.772093023255814,0.7,long,2163.015,2150.6995714285713,2186.645857142857,0.04,50.0,0.005,11.815428571428615,1.0,2.0,0.5,100.0,LONG
2024-03-13 04:00:00,Off,0.725,0.7,long,2159.648,2149.859142857143,2178.2257142857147,0.05,50.0,0.005,9.288857142857198,1.0,2.0,0.5,100.0,LONG
2024-03-13 08:00:00,London,0.725,0.7,long,2163.925,2154.527642857143,2181.7197142857144,0.05,50.0,0.005,8.897357142857215,1.0,2.0,0.5,100.0,LONG
2024-03-13 12:00:00,London,0.7615894039735099,0.7,long,2171.759,2161.8465,2190.5840000000003,0.05,50.0,0.005,9.41250000000004,1.0,2.0,0.5,100.0,LONG
2024-03-13 20:00:00,NY,0.7615894039735099,0.7,long,2175.361,2165.7425,2193.598,0.05,50.0,0.005,9.118500000000008,1.0,2.0,0.5,100.0,LONG
2024-03-14 00:00:00,Off,0.725,0.7,long,2172.264,2162.7670714285714,2190.257857142857,0.05,50.0,0.005,8.996928571428564,1.0,2.0,0.5,100.0,LONG
2024-03-14 16:00:00,London,0.725,0.7,long,2163.449,2153.230785714286,2182.8854285714287,0.05,50.0,0.005,9.718214285714309,1.0,2.0,0.5,100.0,LONG
2024-03-14 20:00:00,NY,0.772093023255814,0.7,long,2161.62,2153.287357142857,2177.2852857142857,0.06,50.0,0.005,7.832642857142899,1.0,2.0,0.5,100.0,LONG
2024-03-15 20:00:00,NY,0.725,0.7,long,2155.697,2148.009,2170.0730000000003,0.07,50.0,0.005,7.188000000000004,1.0,2.0,0.5,100.0,LONG
2024-03-17 20:00:00,NY,0.7615894039735099,0.7,long,2156.516,2149.3143571428573,2169.9192857142857,0.07,50.0,0.005,6.701642857142848,1.0,2.0,0.5,100.0,LONG
2024-03-21 12:00:00,London,0.9444444444444444,0.7,long,2174.68,2159.5489285714284,2203.9421428571427,0.03,50.0,0.005,14.6310714285714,1.0,2.0,0.5,100.0,LONG
2024-03-21 16:00:00,London,0.772093023255814,0.7,long,2181.426,2166.1894285714284,2210.8991428571426,0.03,50.0,0.005,14.73657142857139,1.0,2.0,0.5,100.0,LONG
2024-03-21 20:00:00,NY,0.772093023255814,0.7,long,2181.491,2166.8447857142855,2209.7834285714284,0.03,50.0,0.005,14.146214285714256,1.0,2.0,0.5,100.0,LONG
2024-03-22 12:00:00,London,0.725,0.7,long,2166.095,2149.1815714285713,2198.921857142857,0.03,50.0,0.005,16.41342857142857,1.0,2.0,0.5,100.0,LONG
2024-03-22 20:00:00,NY,0.725,0.7,long,2165.338,2148.9435000000003,2197.1270000000004,0.03,50.0,0.005,15.89450000000001,1.0,2.0,0.5,100.0,LONG
2024-03-24 20:00:00,NY,0.772093023255814,0.7,long,2168.337,2154.0508571428572,2195.909285714286,0.03,50.0,0.005,13.78614285714288,1.0,2.0,0.5,100.0,LONG
2024-03-25 00:00:00,Off,0.772093023255814,0.7,long,2170.602,2157.3020714285713,2196.201857142857,0.04,50.0,0.005,12.799928571428577,1.0,2.0,0.5,100.0,LONG
2024-03-25 08:00:00,London,0.772093023255814,0.7,long,2170.398,2157.9815000000003,2194.231,0.04,50.0,0.005,11.91650000000001,1.0,2.0,0.5,100.0,LONG
2024-03-25 12:00:00,London,0.7615894039735099,0.7,long,2175.412,2163.277214285714,2198.6815714285713,0.04,50.0,0.005,11.634785714285726,1.0,2.0,0.5,100.0,LONG
2024-03-25 16:00:00,London,0.725,0.7,long,2170.945,2161.3376428571432,2189.1597142857145,0.05,50.0,0.005,9.107357142857122,1.0,2.0,0.5,100.0,LONG
2024-03-25 20:00:00,NY,0.7615894039735099,0.7,long,2172.878,2163.8722857142857,2189.8894285714287,0.06,50.0,0.005,8.50571428571428,1.0,2.0,0.5,100.0,LONG
2024-03-26 12:00:00,London,0.772093023255814,0.7,long,2174.245,2163.0659285714287,2195.6031428571428,0.04,50.0,0.005,10.6790714285714,1.0,2.0,0.5,100.0,LONG
2024-03-26 16:00:00,London,0.7615894039735099,0.7,long,2177.876,2167.3887142857147,2197.8505714285716,0.05,50.0,0.005,9.98728571428569,1.0,2.0,0.5,100.0,LONG
2024-03-27 00:00:00,Off,0.772093023255814,0.7,long,2177.725,2167.2500714285716,2197.674857142857,0.05,50.0,0.005,9.974928571428563,1.0,2.0,0.5,100.0,LONG
2024-03-27 08:00:00,London,0.772093023255814,0.7,long,2188.403,2177.3543571428568,2209.5002857142854,0.05,50.0,0.005,10.548642857142829,1.0,2.0,0.5,100.0,LONG
2024-03-27 12:00:00,London,0.772093023255814,0.7,long,2190.495,2179.1877142857143,2212.109571428571,0.04,50.0,0.005,10.807285714285692,1.0,2.0,0.5,100.0,LONG
2024-03-27 16:00:00,London,0.7615894039735099,0.7,long,2193.284,2182.1769285714286,2214.4981428571427,0.05,50.0,0.005,10.607071428571414,1.0,2.0,0.5,100.0,LONG
2024-03-27 20:00:00,NY,0.725,0.7,long,2190.969,2180.2560714285714,2211.3948571428573,0.05,50.0,0.005,10.212928571428554,1.0,2.0,0.5,100.0,LONG
2024-03-28 00:00:00,Off,0.725,0.7,long,2194.774,2183.9180714285712,2215.485857142857,0.05,50.0,0.005,10.355928571428583,1.0,2.0,0.5,100.0,LONG
2024-03-28 04:00:00,Off,0.772093023255814,0.7,long,2193.719,2182.4747857142856,2215.207428571429,0.04,50.0,0.005,10.744214285714309,1.0,2.0,0.5,100.0,LONG
2024-03-28 16:00:00,London,0.772093023255814,0.7,long,2221.638,2209.6760714285715,2244.561857142857,0.04,50.0,0.005,11.461928571428611,1.0,2.0,0.5,100.0,LONG
2024-03-28 20:00:00,NY,0.772093023255814,0.7,long,2232.587,2221.264714285714,2254.2315714285714,0.04,50.0,0.005,10.822285714285758,1.0,2.0,0.5,100.0,LONG
2024-03-31 20:00:00,NY,0.725,0.7,long,2244.928,2232.9069999999997,2267.97,0.04,50.0,0.005,11.521000000000056,1.0,2.0,0.5,100.0,LONG
2024-04-01 04:00:00,Off,0.772093023255814,0.7,long,2257.535,2244.3561428571425,2282.892714285714,0.04,50.0,0.005,12.6788571428572,1.0,2.0,0.5,100.0,LONG
2024-04-01 08:00:00,London,0.772093023255814,0.7,long,2246.851,2232.9953571428573,2273.5622857142857,0.04,50.0,0.005,13.355642857142907,1.0,2.0,0.5,100.0,LONG
2024-04-01 12:00:00,London,0.9444444444444444,0.7,long,2239.638,2225.1910714285714,2267.531857142857,0.03,50.0,0.005,13.94692857142864,1.0,2.0,0.5,100.0,LONG
2024-04-01 16:00:00,London,0.9444444444444444,0.7,long,2244.669,2230.347357142857,2272.3122857142857,0.03,50.0,0.005,13.821642857142932,1.0,2.0,0.5,100.0,LONG
2024-04-01 20:00:00,NY,0.9444444444444444,0.7,long,2248.935,2234.0775714285714,2277.6498571428574,0.03,50.0,0.005,14.35742857142863,1.0,2.0,0.5,100.0,LONG
2024-04-02 00:00:00,Off,0.9444444444444444,0.7,long,2251.531,2236.4503571428572,2280.692285714286,0.03,50.0,0.005,14.580642857142916,1.0,2.0,0.5,100.0,LONG
2024-04-02 04:00:00,Off,0.9444444444444444,0.7,long,2256.373,2241.2705,2285.578,0.03,50.0,0.005,14.60250000000003,1.0,2.0,0.5,100.0,LONG
2024-04-02 08:00:00,London,0.772093023255814,0.7,long,2260.526,2245.156571428571,2290.264857142857,0.03,50.0,0.005,14.869428571428603,1.0,2.0,0.5,100.0,LONG
2024-04-02 20:00:00,NY,0.7615894039735099,0.7,long,2280.206,2263.8419285714285,2311.934142857143,0.03,50.0,0.005,15.864071428571476,1.0,2.0,0.5,100.0,LONG
2024-04-03 04:00:00,Off,0.725,0.7,long,2271.188,2255.0759285714284,2302.412142857143,0.03,50.0,0.005,15.612071428571458,1.0,2.0,0.5,100.0,LONG
2024-04-03 08:00:00,London,0.772093023255814,0.7,long,2273.785,2258.5909285714283,2303.173142857143,0.03,50.0,0.005,14.694071428571435,1.0,2.0,0.5,100.0,LONG
2024-04-03 20:00:00,NY,0.772093023255814,0.7,long,2297.448,2282.6449285714284,2326.054142857143,0.03,50.0,0.005,14.303071428571457,1.0,2.0,0.5,100.0,LONG
2024-04-04 04:00:00,Off,0.7615894039735099,0.7,long,2292.952,2278.5995000000003,2320.657,0.03,50.0,0.005,13.85250000000006,1.0,2.0,0.5,100.0,LONG
2024-04-04 08:00:00,London,0.772093023255814,0.7,long,2289.261,2275.0640714285714,2316.654857142857,0.04,50.0,0.005,13.696928571428607,1.0,2.0,0.5,100.0,LONG
2024-04-04 12:00:00,London,0.9444444444444444,0.7,long,2292.081,2277.3674285714287,2320.508142857143,0.03,50.0,0.005,14.213571428571443,1.0,2.0,0.5,100.0,LONG
2024-04-04 20:00:00,NY,0.9444444444444444,0.7,long,2288.891,2274.4434285714287,2316.7861428571427,0.03,50.0,0.005,13.947571428571402,1.0,2.0,0.5,100.0,LONG
2024-04-05 08:00:00,London,0.725,0.7,long,2291.132,2276.7635714285716,2318.868857142857,0.03,50.0,0.005,13.868428571428469,1.0,2.0,0.5,100.0,LONG
2024-04-07 20:00:00,NY,0.7615894039735099,0.7,long,2311.647,2295.541,2342.859,0.03,50.0,0.005,15.605999999999929,1.0,2.0,0.5,100.0,LONG
2024-04-08 04:00:00,Off,0.772093023255814,0.7,long,2337.761,2317.993785714286,2376.295428571428,0.03,50.0,0.005,19.26721428571416,1.0,2.0,0.5,100.0,LONG
2024-04-08 12:00:00,London,0.772093023255814,0.7,long,2327.835,2307.041142857143,2368.422714285714,0.02,50.0,0.005,20.293857142856982,1.0,2.0,0.5,100.0,LONG
2024-04-09 00:00:00,Off,0.7615894039735099,0.7,long,2343.943,2324.6007857142863,2381.6274285714285,0.03,50.0,0.005,18.84221428571413,1.0,2.0,0.5,100.0,LONG
2024-04-09 12:00:00,London,0.7615894039735099,0.7,long,2340.29,2320.377214285714,2379.1155714285715,0.03,50.0,0.005,19.41278571428565,1.0,2.0,0.5,100.0,LONG
2024-04-09 16:00:00,London,0.7615894039735099,0.7,long,2351.118,2333.830214285714,2384.6935714285714,0.03,50.0,0.005,16.78778571428565,1.0,2.0,0.5,100.0,LONG
2024-04-09 20:00:00,NY,0.7615894039735099,0.7,long,2354.776,2337.8402857142855,2387.6474285714285,0.03,50.0,0.005,16.435714285714248,1.0,2.0,0.5,100.0,LONG
2024-04-10 00:00:00,Off,0.772093023255814,0.7,long,2351.249,2334.0492142857142,2384.648571428571,0.03,50.0,0.005,16.69978571428565,1.0,2.0,0.5,100.0,LONG
2024-04-10 04:00:00,Off,0.725,0.7,long,2353.072,2337.0228571428574,2384.170285714286,0.03,50.0,0.005,15.5491428571428,1.0,2.0,0.5,100.0,LONG
2024-04-10 16:00:00,London,0.9444444444444444,0.7,long,2329.635,2314.4120000000003,2359.081,0.03,50.0,0.005,14.722999999999988,1.0,2.0,0.5,100.0,LONG
2024-04-10 20:00:00,NY,0.772093023255814,0.7,long,2335.429,2321.039,2363.2090000000003,0.03,50.0,0.005,13.890000000000002,1.0,2.0,0.5,100.0,LONG
2024-04-11 00:00:00,Off,0.9444444444444444,0.7,long,2343.967,2329.746,2371.409,0.04,50.0,0.005,13.721000000000004,1.0,2.0,0.5,100.0,LONG
2024-04-11 04:00:00,Off,0.9444444444444444,0.7,long,2336.396,2321.578785714286,2365.0304285714287,0.03,50.0,0.005,14.317214285714304,1.0,2.0,0.5,100.0,LONG
2024-04-11 08:00:00,London,0.772093023255814,0.7,long,2337.253,2322.195857142857,2366.367285714286,0.03,50.0,0.005,14.557142857142903,1.0,2.0,0.5,100.0,LONG
2024-04-11 12:00:00,London,0.9444444444444444,0.7,long,2344.618,2329.4294999999997,2373.995,0.03,50.0,0.005,14.688500000000042,1.0,2.0,0.5,100.0,LONG
2024-04-11 20:00:00,NY,0.772093023255814,0.7,long,2377.0,2361.9376428571427,2406.124714285714,0.03,50.0,0.005,14.56235714285718,1.0,2.0,0.5,100.0,LONG
2024-04-12 00:00:00,Off,0.7615894039735099,0.7,long,2384.242,2368.5108571428573,2414.704285714286,0.03,50.0,0.005,15.231142857142911,1.0,2.0,0.5,100.0,LONG
2024-04-12 16:00:00,London,0.725,0.7,long,2343.263,2320.1849285714284,2388.4191428571426,0.02,50.0,0.005,22.578071428571416,1.0,2.0,0.5,100.0,LONG
2024-04-12 20:00:00,NY,0.725,0.7,long,2344.382,2323.4222142857143,2385.3015714285716,0.02,50.0,0.005,20.459785714285708,1.0,2.0,0.5,100.0,LONG
2024-04-14 20:00:00,NY,0.7615894039735099,0.7,long,2364.486,2342.9539285714286,2406.550142857143,0.02,50.0,0.005,21.032071428571435,1.0,2.0,0.5,100.0,LONG
2024-04-15 00:00:00,Off,0.772093023255814,0.7,long,2358.508,2336.272571428571,2401.978857142857,0.02,50.0,0.005,21.735428571428592,1.0,2.0,0.5,100.0,LONG
2024-04-15 04:00:00,Off,0.772093023255814,0.7,long,2353.047,2330.889142857143,2396.3627142857144,0.02,50.0,0.005,21.657857142857143,1.0,2.0,0.5,100.0,LONG
2024-04-15 08:00:00,London,0.75,0.7,long,2357.947,2335.4843571428573,2401.8722857142857,0.02,50.0,0.005,21.962642857142846,1.0,2.0,0.5,100.0,LONG
2024-04-15 16:00:00,London,0.772093023255814,0.7,long,2386.284,2360.3462142857143,2437.1595714285713,0.02,50.0,0.005,25.43778571428568,1.0,2.0,0.5,100.0,LONG
2024-04-15 20:00:00,NY,0.772093023255814,0.7,long,2381.833,2357.3277857142857,2429.8434285714284,0.02,50.0,0.005,24.00521428571424,1.0,2.0,0.5,100.0,LONG
2024-04-16 00:00:00,Off,0.7615894039735099,0.7,long,2387.87,2363.219642857143,2436.170714285714,0.02,50.0,0.005,24.15035714285708,1.0,2.0,0.5,100.0,LONG
2024-04-16 08:00:00,London,0.725,0.7,long,2373.952,2349.458428571429,2421.939142857143,0.02,50.0,0.005,23.99357142857136,1.0,2.0,0.5,100.0,LONG
2024-04-16 12:00:00,London,0.7615894039735099,0.7,long,2385.939,2360.0687857142857,2436.679428571428,0.02,50.0,0.005,25.37021428571422,1.0,2.0,0.5,100.0,LONG
2024-04-17 04:00:00,Off,0.7615894039735099,0.7,long,2382.496,2363.4470714285717,2419.593857142857,0.03,50.0,0.005,18.5489285714285,1.0,2.0,0.5,100.0,LONG
2024-04-17 08:00:00,London,0.7615894039735099,0.7,long,2387.298,2368.657357142857,2423.579285714285,0.03,50.0,0.005,18.14064285714276,1.0,2.0,0.5,100.0,LONG
2024-04-17 16:00:00,London,0.772093023255814,0.7,long,2372.657,2353.1772142857144,2410.6165714285717,0.03,50.0,0.005,18.97978571428565,1.0,2.0,0.5,100.0,LONG
2024-04-18 04:00:00,Off,0.7615894039735099,0.7,long,2377.808,2362.080142857143,2408.2637142857143,0.03,50.0,0.005,15.22785714285708,1.0,2.0,0.5,100.0,LONG
2024-04-18 08:00:00,London,0.725,0.7,long,2380.92,2365.3305714285716,2411.098857142857,0.03,50.0,0.005,15.089428571428536,1.0,2.0,0.5,100.0,LONG
2024-04-18 12:00:00,London,0.9444444444444444,0.7,long,2384.106,2368.711642857143,2413.8947142857146,0.03,50.0,0.005,14.894357142857125,1.0,2.0,0.5,100.0,LONG
2024-04-19 04:00:00,Off,0.725,0.7,long,2385.425,2369.6681428571433,2415.9387142857145,0.03,50.0,0.005,15.256857142857111,1.0,2.0,0.5,100.0,LONG
2024-04-19 12:00:00,London,0.725,0.7,long,2394.756,2377.5515,2428.165,0.03,50.0,0.005,16.704499999999957,1.0,2.0,0.5,100.0,LONG
2024-04-19 20:00:00,NY,0.725,0.7,long,2390.677,2374.121857142857,2422.7872857142856,0.03,50.0,0.005,16.05514285714282,1.0,2.0,0.5,100.0,LONG
2024-04-21 20:00:00,NY,0.772093023255814,0.7,long,2386.483,2370.9763571428575,2416.496285714286,0.03,50.0,0.005,15.006642857142811,1.0,2.0,0.5,100.0,LONG
2024-04-22 04:00:00,Off,0.772093023255814,0.7,long,2360.983,2344.307285714286,2393.334428571429,0.03,50.0,0.005,16.175714285714257,1.0,2.0,0.5,100.0,LONG
2024-04-22 08:00:00,London,0.725,0.7,long,2342.059,2324.214642857143,2376.747714285714,0.03,50.0,0.005,17.344357142857103,1.0,2.0,0.5,100.0,LONG
2024-04-22 12:00:00,London,0.772093023255814,0.7,long,2334.797,2316.1552142857145,2371.080571428571,0.03,50.0,0.005,18.141785714285657,1.0,2.0,0.5,100.0,LONG
2024-04-22 16:00:00,London,0.7615894039735099,0.7,long,2329.332,2311.5060714285714,2363.983857142857,0.03,50.0,0.005,17.325928571428513,1.0,2.0,0.5,100.0,LONG
2024-04-22 20:00:00,NY,0.772093023255814,0.7,long,2333.738,2316.102,2368.0099999999998,0.03,50.0,0.005,17.135999999999935,1.0,2.0,0.5,100.0,LONG
2024-04-23 00:00:00,Off,0.772093023255814,0.7,long,2302.602,2282.5189285714287,2341.7681428571427,0.02,50.0,0.005,19.5830714285714,1.0,2.0,0.5,100.0,LONG
2024-04-23 04:00:00,Off,0.7615894039735099,0.7,long,2309.051,2290.987642857143,2344.177714285714,0.03,50.0,0.005,17.56335714285712,1.0,2.0,0.5,100.0,LONG
2024-05-06 20:00:00,NY,0.772093023255814,0.7,long,2325.943,2312.7739285714288,2351.281142857143,0.04,50.0,0.005,12.669071428571442,1.0,2.0,0.5,100.0,LONG
2024-05-07 04:00:00,Off,0.772093023255814,0.7,long,2319.253,2305.635357142857,2345.488285714286,0.04,50.0,0.005,13.117642857142885,1.0,2.0,0.5,100.0,LONG
2024-05-07 08:00:00,London,0.7615894039735099,0.7,long,2312.348,2298.9347857142857,2338.1744285714285,0.04,50.0,0.005,12.913214285714307,1.0,2.0,0.5,100.0,LONG
2024-05-07 12:00:00,London,0.772093023255814,0.7,long,2314.703,2300.8009285714284,2341.5071428571428,0.04,50.0,0.005,13.402071428571457,1.0,2.0,0.5,100.0,LONG
2024-05-08 04:00:00,Off,0.772093023255814,0.7,long,2305.691,2293.8592857142853,2328.3544285714283,0.04,50.0,0.005,11.331714285714302,1.0,2.0,0.5,100.0,LONG
2024-05-08 12:00:00,London,0.772093023255814,0.7,long,2320.391,2309.3780714285713,2341.416857142857,0.05,50.0,0.005,10.512928571428606,1.0,2.0,0.5,100.0,LONG
2024-05-09 00:00:00,Off,0.7615894039735099,0.7,long,2312.274,2302.2281428571428,2331.365714285714,0.05,50.0,0.005,9.545857142857228,1.0,2.0,0.5,100.0,LONG
2024-05-09 12:00:00,London,0.772093023255814,0.7,long,2330.397,2318.5622857142857,2353.066428571429,0.04,50.0,0.005,11.33471428571436,1.0,2.0,0.5,100.0,LONG
2024-05-09 20:00:00,NY,0.772093023255814,0.7,long,2346.516,2334.8167857142857,2368.9144285714287,0.04,50.0,0.005,11.199214285714366,1.0,2.0,0.5,100.0,LONG
2024-05-10 04:00:00,Off,0.7615894039735099,0.7,long,2366.7,2353.6602857142852,2391.7794285714285,0.04,50.0,0.005,12.539714285714354,1.0,2.0,0.5,100.0,LONG
2024-05-10 16:00:00,London,0.725,0.7,long,2363.315,2350.3314285714287,2388.282142857143,0.04,50.0,0.005,12.48357142857146,1.0,2.0,0.5,100.0,LONG
2024-05-10 20:00:00,NY,0.7615894039735099,0.7,long,2360.449,2348.0595714285714,2384.2278571428574,0.04,50.0,0.005,11.889428571428589,1.0,2.0,0.5,100.0,LONG
2024-05-13 00:00:00,Off,0.7615894039735099,0.7,long,2357.07,2344.8982142857144,2380.4135714285717,0.04,50.0,0.005,11.671785714285727,1.0,2.0,0.5,100.0,LONG
2024-05-13 04:00:00,Off,0.772093023255814,0.7,long,2348.569,2336.0107857142857,2372.6854285714285,0.04,50.0,0.005,12.058214285714287,1.0,2.0,0.5,100.0,LONG
2024-05-13 08:00:00,London,0.772093023255814,0.7,long,2344.544,2332.0112142857142,2368.609571428571,0.04,50.0,0.005,12.032785714285705,1.0,2.0,0.5,100.0,LONG
2024-05-13 16:00:00,London,0.7615894039735099,0.7,long,2337.334,2325.8909285714285,2359.2201428571425,0.04,50.0,0.005,10.943071428571397,1.0,2.0,0.5,100.0,LONG
2024-05-14 00:00:00,Off,0.7615894039735099,0.7,long,2343.059,2332.0690714285715,2364.038857142857,0.05,50.0,0.005,10.489928571428534,1.0,2.0,0.5,100.0,LONG
2024-05-14 04:00:00,Off,0.772093023255814,0.7,long,2339.151,2328.1644285714283,2360.1241428571425,0.05,50.0,0.005,10.486571428571422,1.0,2.0,0.5,100.0,LONG
2024-05-14 12:00:00,London,0.772093023255814,0.7,long,2347.925,2336.9982142857143,2368.7785714285715,0.05,50.0,0.005,10.426785714285709,1.0,2.0,0.5,100.0,LONG
2024-05-14 16:00:00,London,0.7615894039735099,0.7,long,2356.487,2345.9832142857144,2376.4945714285714,0.05,50.0,0.005,10.003785714285709,1.0,2.0,0.5,100.0,LONG
2024-05-15 04:00:00,Off,0.772093023255814,0.7,long,2362.401,2351.822714285714,2382.5575714285715,0.05,50.0,0.005,10.078285714285746,1.0,2.0,0.5,100.0,LONG
2024-05-15 08:00:00,London,0.7615894039735099,0.7,long,2362.742,2351.9764285714286,2383.2731428571433,0.05,50.0,0.005,10.26557142857145,1.0,2.0,0.5,100.0,LONG
2024-05-15 12:00:00,London,0.772093023255814,0.7,long,2377.551,2365.1186428571427,2401.4157142857143,0.04,50.0,0.005,11.932357142857168,1.0,2.0,0.5,100.0,LONG
2024-05-15 16:00:00,London,0.772093023255814,0.7,long,2386.313,2373.791,2410.357,0.04,50.0,0.005,12.022000000000032,1.0,2.0,0.5,100.0,LONG
2024-05-15 20:00:00,NY,0.7615894039735099,0.7,long,2391.769,2380.0411428571424,2414.224714285714,0.04,50.0,0.005,11.22785714285718,1.0,2.0,0.5,100.0,LONG
2024-05-16 12:00:00,London,0.772093023255814,0.7,long,2381.506,2368.4182857142855,2406.6814285714286,0.04,50.0,0.005,12.587714285714323,1.0,2.0,0.5,100.0,LONG
2024-05-16 16:00:00,London,0.772093023255814,0.7,long,2378.106,2365.3355,2402.6470000000004,0.04,50.0,0.005,12.270500000000052,1.0,2.0,0.5,100.0,LONG
2024-05-17 04:00:00,Off,0.725,0.7,long,2383.814,2372.1020714285714,2406.237857142857,0.04,50.0,0.005,11.211928571428643,1.0,2.0,0.5,100.0,LONG
2024-05-17 12:00:00,London,0.7615894039735099,0.7,long,2407.708,2394.1750714285713,2433.7738571428577,0.04,50.0,0.005,13.032928571428686,1.0,2.0,0.5,100.0,LONG
2024-05-19 20:00:00,NY,0.7615894039735099,0.7,long,2420.194,2408.4829285714286,2442.616142857143,0.04,50.0,0.005,11.21107142857152,1.0,2.0,0.5,100.0,LONG
2024-05-20 12:00:00,London,0.9444444444444444,0.7,long,2424.838,2409.7149285714286,2454.0841428571434,0.03,50.0,0.005,14.623071428571524,1.0,2.0,0.5,100.0,LONG
2024-05-20 16:00:00,London,0.772093023255814,0.7,long,2426.734,2411.6489285714283,2455.904142857143,0.03,50.0,0.005,14.585071428571544,1.0,2.0,0.5,100.0,LONG
2024-05-20 20:00:00,NY,0.772093023255814,0.7,long,2426.133,2410.974571428571,2455.449857142857,0.03,50.0,0.005,14.65842857142869,1.0,2.0,0.5,100.0,LONG
2024-05-21 04:00:00,Off,0.772093023255814,0.7,long,2419.209,2401.936428571428,2452.754142857143,0.03,50.0,0.005,16.772571428571545,1.0,2.0,0.5,100.0,LONG
2024-05-21 20:00:00,NY,0.772093023255814,0.7,long,2421.654,2406.4825,2450.9970000000003,0.03,50.0,0.005,14.671500000000083,1.0,2.0,0.5,100.0,LONG
2024-05-22 00:00:00,Off,0.772093023255814,0.7,long,2414.163,2398.6565714285716,2444.1758571428572,0.03,50.0,0.005,15.006428571428614,1.0,2.0,0.5,100.0,LONG
2024-05-22 04:00:00,Off,0.772093023255814,0.7,long,2417.232,2402.0215,2446.6530000000002,0.03,50.0,0.005,14.71050000000004,1.0,2.0,0.5,100.0,LONG
2024-05-22 12:00:00,London,0.772093023255814,0.7,long,2391.965,2376.384857142857,2422.125285714286,0.03,50.0,0.005,15.080142857142878,1.0,2.0,0.5,100.0,LONG
2024-05-22 16:00:00,London,0.772093023255814,0.7,long,2379.305,2363.692928571428,2409.5291428571427,0.03,50.0,0.005,15.112071428571458,1.0,2.0,0.5,100.0,LONG
2024-05-22 20:00:00,NY,0.772093023255814,0.7,long,2382.124,2367.8137857142856,2409.744428571428,0.03,50.0,0.005,13.810214285714308,1.0,2.0,0.5,100.0,LONG
2024-05-23 08:00:00,London,0.772093023255814,0.7,long,2368.041,2353.6388571428574,2395.8452857142856,0.03,50.0,0.005,13.902142857142833,1.0,2.0,0.5,100.0,LONG
2024-05-23 16:00:00,London,0.7615894039735099,0.7,long,2331.58,2315.502571428571,2362.734857142857,0.03,50.0,0.005,15.57742857142856,1.0,2.0,0.5,100.0,LONG
2024-05-23 20:00:00,NY,0.7615894039735099,0.7,long,2332.012,2316.4492142857143,2362.1375714285714,0.03,50.0,0.005,15.062785714285676,1.0,2.0,0.5,100.0,LONG
2024-06-07 08:00:00,London,0.7615894039735099,0.7,long,2336.496,2321.7521428571426,2364.9837142857145,0.03,50.0,0.005,14.243857142857223,1.0,2.0,0.5,100.0,LONG
2024-06-24 04:00:00,Off,0.772093023255814,0.7,long,2330.705,2317.9089285714285,2355.2971428571427,0.04,50.0,0.005,12.296071428571397,1.0,2.0,0.5,100.0,LONG
2024-06-24 08:00:00,London,0.772093023255814,0.7,long,2326.191,2313.393,2350.787,0.04,50.0,0.005,12.298000000000002,1.0,2.0,0.5,100.0,LONG
2024-06-24 12:00:00,London,0.772093023255814,0.7,long,2327.626,2314.775642857143,2352.3267142857144,0.04,50.0,0.005,12.350357142857124,1.0,2.0,0.5,100.0,LONG
2024-06-24 16:00:00,London,0.7615894039735099,0.7,long,2331.64,2320.3911428571428,2353.137714285714,0.04,50.0,0.005,10.748857142857135,1.0,2.0,0.5,100.0,LONG
2024-06-25 00:00:00,Off,0.772093023255814,0.7,long,2324.146,2312.8430714285714,2345.7518571428573,0.04,50.0,0.005,10.80292857142857,1.0,2.0,0.5,100.0,LONG
2024-06-25 16:00:00,London,0.7615894039735099,0.7,long,2319.776,2310.222214285714,2337.8835714285715,0.05,50.0,0.005,9.053785714285723,1.0,2.0,0.5,100.0,LONG
2024-06-26 04:00:00,Off,0.772093023255814,0.7,long,2316.085,2306.0852142857143,2335.0845714285715,0.05,50.0,0.005,9.499785714285704,1.0,2.0,0.5,100.0,LONG
2024-06-26 08:00:00,London,0.7615894039735099,0.7,long,2313.005,2302.6285000000003,2332.7580000000003,0.05,50.0,0.005,9.87649999999998,1.0,2.0,0.5,100.0,LONG
2024-06-28 16:00:00,London,0.725,0.7,long,2325.004,2314.5859285714287,2344.840142857143,0.05,50.0,0.005,9.918071428571466,1.0,2.0,0.5,100.0,LONG
2024-06-30 20:00:00,NY,0.725,0.7,long,2324.933,2316.133142857143,2341.5327142857145,0.06,50.0,0.005,8.299857142857165,1.0,2.0,0.5,100.0,LONG
2024-07-01 12:00:00,London,0.772093023255814,0.7,long,2327.713,2317.1993571428575,2347.740285714286,0.05,50.0,0.005,10.013642857142909,1.0,2.0,0.5,100.0,LONG
2024-07-01 16:00:00,London,0.7615894039735099,0.7,long,2330.9,2321.070285714286,2349.5594285714287,0.05,50.0,0.005,9.329714285714315,1.0,2.0,0.5,100.0,LONG
2024-07-01 20:00:00,NY,0.772093023255814,0.7,long,2332.222,2322.6932142857145,2350.2795714285717,0.05,50.0,0.005,9.028785714285732,1.0,2.0,0.5,100.0,LONG
2024-07-02 00:00:00,Off,0.7615894039735099,0.7,long,2326.033,2316.1149285714287,2344.869142857143,0.05,50.0,0.005,9.418071428571434,1.0,2.0,0.5,100.0,LONG
2024-07-02 04:00:00,Off,0.725,0.7,long,2330.679,2320.8165,2349.404,0.05,50.0,0.005,9.362499999999986,1.0,2.0,0.5,100.0,LONG
2024-07-02 20:00:00,NY,0.7615894039735099,0.7,long,2330.18,2320.5370714285714,2348.4658571428567,0.05,50.0,0.005,9.142928571428554,1.0,2.0,0.5,100.0,LONG
2024-07-03 16:00:00,London,0.7615894039735099,0.7,long,2354.28,2343.416571428572,2375.0068571428574,0.05,50.0,0.005,10.36342857142852,1.0,2.0,0.5,100.0,LONG
2024-07-03 20:00:00,NY,0.725,0.7,long,2358.699,2348.8320000000003,2377.433,0.05,50.0,0.005,9.36699999999993,1.0,2.0,0.5,100.0,LONG
2024-07-04 04:00:00,Off,0.7615894039735099,0.7,long,2357.455,2346.9894285714286,2377.3861428571427,0.05,50.0,0.005,9.965571428571366,1.0,2.0,0.5,100.0,LONG
2024-07-04 20:00:00,NY,0.772093023255814,0.7,long,2356.721,2348.4545,2372.254,0.06,50.0,0.005,7.766499999999951,1.0,2.0,0.5,100.0,LONG
2024-07-08 00:00:00,Off,0.7615894039735099,0.7,long,2382.88,2373.6572142857144,2400.3255714285715,0.05,50.0,0.005,8.722785714285724,1.0,2.0,0.5,100.0,LONG
2024-07-08 04:00:00,Off,0.772093023255814,0.7,long,2377.828,2368.314714285714,2395.8545714285715,0.05,50.0,0.005,9.013285714285724,1.0,2.0,0.5,100.0,LONG
2024-07-08 08:00:00,London,0.7615894039735099,0.7,long,2375.284,2365.6758571428572,2393.500285714286,0.05,50.0,0.005,9.108142857142834,1.0,2.0,0.5,100.0,LONG
2024-07-08 12:00:00,London,0.772093023255814,0.7,long,2355.459,2344.1367857142855,2377.1034285714286,0.04,50.0,0.005,10.822214285714283,1.0,2.0,0.5,100.0,LONG
2024-07-08 16:00:00,London,0.772093023255814,0.7,long,2359.132,2347.6339285714284,2381.128142857143,0.04,50.0,0.005,10.99807142857146,1.0,2.0,0.5,100.0,LONG
2024-07-08 20:00:00,NY,0.772093023255814,0.7,long,2361.711,2350.0827142857142,2383.9675714285713,0.04,50.0,0.005,11.128285714285736,1.0,2.0,0.5,100.0,LONG
2024-07-09 00:00:00,Off,0.772093023255814,0.7,long,2367.625,2355.7102142857143,2390.4545714285714,0.04,50.0,0.005,11.414785714285731,1.0,2.0,0.5,100.0,LONG
2024-07-09 04:00:00,Off,0.7615894039735099,0.7,long,2358.933,2346.7729285714286,2382.253142857143,0.04,50.0,0.005,11.660071428571428,1.0,2.0,0.5,100.0,LONG
2024-07-09 16:00:00,London,0.772093023255814,0.7,long,2363.496,2352.330214285714,2384.8275714285714,0.04,50.0,0.005,10.665785714285708,1.0,2.0,0.5,100.0,LONG
2024-07-09 20:00:00,NY,0.725,0.7,long,2364.966,2354.2475,2385.403,0.05,50.0,0.005,10.21849999999998,1.0,2.0,0.5,100.0,LONG
2024-07-10 00:00:00,Off,0.7615894039735099,0.7,long,2368.144,2357.1746428571428,2389.082714285714,0.05,50.0,0.005,10.469357142857104,1.0,2.0,0.5,100.0,LONG
2024-07-10 04:00:00,Off,0.7615894039735099,0.7,long,2372.606,2361.521928571429,2393.774142857143,0.05,50.0,0.005,10.584071428571374,1.0,2.0,0.5,100.0,LONG
2024-07-10 08:00:00,London,0.725,0.7,long,2378.346,2367.509642857143,2399.018714285714,0.05,50.0,0.005,10.336357142857066,1.0,2.0,0.5,100.0,LONG
2024-07-10 20:00:00,NY,0.725,0.7,long,2372.852,2363.6572857142855,2390.2414285714285,0.05,50.0,0.005,8.694714285714229,1.0,2.0,0.5,100.0,LONG
2024-07-11 16:00:00,London,0.772093023255814,0.7,long,2414.082,2402.333142857143,2436.579714285714,0.04,50.0,0.005,11.24885714285704,1.0,2.0,0.5,100.0,LONG
2024-07-12 04:00:00,Off,0.725,0.7,long,2404.174,2393.125142857143,2425.271714285714,0.05,50.0,0.005,10.548857142857027,1.0,2.0,0.5,100.0,LONG
2024-07-12 08:00:00,London,0.725,0.7,long,2401.715,2390.4468571428574,2423.2512857142856,0.04,50.0,0.005,10.768142857142752,1.0,2.0,0.5,100.0,LONG
2024-07-14 20:00:00,NY,0.7615894039735099,0.7,long,2408.657,2397.572,2429.8269999999998,0.05,50.0,0.005,10.584999999999908,1.0,2.0,0.5,100.0,LONG
2024-07-15 00:00:00,Off,0.772093023255814,0.7,long,2411.555,2400.1100714285712,2433.444857142857,0.04,50.0,0.005,10.944928571428491,1.0,2.0,0.5,100.0,LONG
2024-07-15 12:00:00,London,0.772093023255814,0.7,long,2433.281,2419.478,2459.8869999999997,0.04,50.0,0.005,13.30299999999995,1.0,2.0,0.5,100.0,LONG
2024-07-15 16:00:00,London,0.772093023255814,0.7,long,2421.091,2409.1737857142857,2443.9254285714283,0.04,50.0,0.005,11.417214285714246,1.0,2.0,0.5,100.0,LONG
2024-07-15 20:00:00,NY,0.772093023255814,0.7,long,2422.496,2411.0867142857146,2444.3145714285715,0.04,50.0,0.005,10.909285714285684,1.0,2.0,0.5,100.0,LONG
2024-07-16 00:00:00,Off,0.772093023255814,0.7,long,2428.577,2416.6929285714286,2451.345142857143,0.04,50.0,0.005,11.384071428571392,1.0,2.0,0.5,100.0,LONG
2024-07-16 08:00:00,London,0.772093023255814,0.7,long,2439.521,2427.2950714285716,2462.9728571428573,0.04,50.0,0.005,11.72592857142854,1.0,2.0,0.5,100.0,LONG
2024-07-17 16:00:00,London,0.772093023255814,0.7,long,2457.986,2441.9782142857143,2489.0015714285714,0.03,50.0,0.005,15.507785714285708,1.0,2.0,0.5,100.0,LONG
2024-07-17 20:00:00,NY,0.772093023255814,0.7,long,2461.296,2446.814214285714,2489.2595714285712,0.03,50.0,0.005,13.981785714285706,1.0,2.0,0.5,100.0,LONG
2024-07-18 00:00:00,Off,0.772093023255814,0.7,long,2468.009,2454.1332142857145,2494.7605714285714,0.04,50.0,0.005,13.375785714285712,1.0,2.0,0.5,100.0,LONG
2024-07-18 04:00:00,Off,0.772093023255814,0.7,long,2471.93,2457.4630714285713,2499.863857142857,0.03,50.0,0.005,13.966928571428555,1.0,2.0,0.5,100.0,LONG
2024-07-18 08:00:00,London,0.772093023255814,0.7,long,2464.468,2449.9531428571427,2492.497714285714,0.03,50.0,0.005,14.01485714285715,1.0,2.0,0.5,100.0,LONG
2024-07-18 12:00:00,London,0.9444444444444444,0.7,long,2461.226,2446.853357142857,2488.971285714286,0.03,50.0,0.005,13.872642857142864,1.0,2.0,0.5,100.0,LONG
2024-07-18 16:00:00,London,1.0,0.7,long,2442.916,2427.6832142857143,2472.3815714285715,0.03,50.0,0.005,14.732785714285717,1.0,2.0,0.5,100.0,LONG
2024-07-18 20:00:00,NY,0.772093023255814,0.7,long,2441.25,2428.271142857143,2466.2077142857142,0.04,50.0,0.005,12.478857142857157,1.0,2.0,0.5,100.0,LONG
2024-07-19 00:00:00,Off,0.7615894039735099,0.7,long,2428.7,2415.004857142857,2455.0902857142855,0.04,50.0,0.005,13.195142857142889,1.0,2.0,0.5,100.0,LONG
2024-07-19 04:00:00,Off,0.772093023255814,0.7,long,2418.127,2403.517857142857,2446.3452857142856,0.03,50.0,0.005,14.109142857142874,1.0,2.0,0.5,100.0,LONG
2024-07-19 12:00:00,London,0.772093023255814,0.7,long,2405.38,2390.860857142857,2433.418285714286,0.03,50.0,0.005,14.019142857142892,1.0,2.0,0.5,100.0,LONG
2024-07-19 16:00:00,London,0.7615894039735099,0.7,long,2398.712,2384.3255714285715,2426.4848571428574,0.03,50.0,0.005,13.886428571428626,1.0,2.0,0.5,100.0,LONG
2024-07-19 20:00:00,NY,0.7615894039735099,0.7,long,2400.451,2387.7056428571427,2424.9417142857146,0.04,50.0,0.005,12.245357142857204,1.0,2.0,0.5,100.0,LONG
2024-07-21 20:00:00,NY,0.772093023255814,0.7,long,2411.528,2398.9411428571425,2435.7017142857144,0.04,50.0,0.005,12.0868571428572,1.0,2.0,0.5,100.0,LONG
2024-07-22 00:00:00,Off,0.772093023255814,0.7,long,2406.732,2393.8355,2431.525,0.04,50.0,0.005,12.39650000000006,1.0,2.0,0.5,100.0,LONG
2024-07-22 04:00:00,Off,0.772093023255814,0.7,long,2402.513,2389.8371428571427,2426.8647142857144,0.04,50.0,0.005,12.175857142857208,1.0,2.0,0.5,100.0,LONG
2024-07-22 08:00:00,London,0.772093023255814,0.7,long,2398.056,2385.383357142857,2422.4012857142857,0.04,50.0,0.005,12.172642857142916,1.0,2.0,0.5,100.0,LONG
2024-07-22 20:00:00,NY,0.772093023255814,0.7,long,2395.783,2383.921857142857,2418.505285714286,0.04,50.0,0.005,11.361142857142925,1.0,2.0,0.5,100.0,LONG
2024-07-23 04:00:00,Off,0.7615894039735099,0.7,long,2397.788,2386.3100714285715,2419.7438571428575,0.04,50.0,0.005,10.977928571428654,1.0,2.0,0.5,100.0,LONG
2024-07-23 12:00:00,London,0.772093023255814,0.7,long,2405.479,2394.3082857142854,2426.8204285714287,0.04,50.0,0.005,10.670714285714372,1.0,2.0,0.5,100.0,LONG
2024-07-23 16:00:00,London,0.725,0.7,long,2407.545,2397.0995,2427.436,0.05,50.0,0.005,9.94550000000007,1.0,2.0,0.5,100.0,LONG
2024-07-23 20:00:00,NY,0.725,0.7,long,2408.513,2398.471571428571,2427.5958571428573,0.05,50.0,0.005,9.54142857142863,1.0,2.0,0.5,100.0,LONG
2024-07-24 00:00:00,Off,0.772093023255814,0.7,long,2416.406,2405.6012857142855,2437.0154285714284,0.05,50.0,0.005,10.304714285714324,1.0,2.0,0.5,100.0,LONG
2024-07-24 04:00:00,Off,0.7615894039735099,0.7,long,2414.574,2404.042857142857,2434.636285714286,0.05,50.0,0.005,10.0311428571429,1.0,2.0,0.5,100.0,LONG
2024-07-24 08:00:00,London,0.725,0.7,long,2417.432,2406.9669999999996,2437.362,0.05,50.0,0.005,9.965000000000048,1.0,2.0,0.5,100.0,LONG
2024-07-25 12:00:00,London,0.9444444444444444,0.7,long,2363.151,2348.4391428571425,2391.574714285714,0.03,50.0,0.005,14.211857142857168,1.0,2.0,0.5,100.0,LONG
2024-08-02 20:00:00,NY,0.725,0.7,long,2441.892,2423.004,2478.6679999999997,0.03,50.0,0.005,18.388000000000016,1.0,2.0,0.5,100.0,LONG
2024-08-14 20:00:00,NY,0.772093023255814,0.7,long,2449.408,2436.5684285714287,2474.0871428571427,0.04,50.0,0.005,12.33957142857139,1.0,2.0,0.5,100.0,LONG
2024-08-15 00:00:00,Off,0.772093023255814,0.7,long,2453.681,2441.3490714285717,2477.344857142857,0.04,50.0,0.005,11.831928571428534,1.0,2.0,0.5,100.0,LONG
2024-08-15 04:00:00,Off,0.772093023255814,0.7,long,2455.71,2443.1912857142856,2479.7474285714284,0.04,50.0,0.005,12.018714285714234,1.0,2.0,0.5,100.0,LONG
2024-08-15 08:00:00,London,0.725,0.7,long,2463.533,2451.408214285714,2486.7825714285714,0.04,50.0,0.005,11.62478571428567,1.0,2.0,0.5,100.0,LONG
2024-08-15 16:00:00,London,0.772093023255814,0.7,long,2455.566,2441.2419285714286,2483.2141428571426,0.03,50.0,0.005,13.824071428571347,1.0,2.0,0.5,100.0,LONG
2024-08-15 20:00:00,NY,0.772093023255814,0.7,long,2457.298,2443.8939285714287,2483.1061428571425,0.04,50.0,0.005,12.904071428571342,1.0,2.0,0.5,100.0,LONG
2024-08-16 08:00:00,London,0.725,0.7,long,2472.113,2458.349142857143,2498.640714285714,0.04,50.0,0.005,13.263857142857075,1.0,2.0,0.5,100.0,LONG
2024-08-16 12:00:00,London,0.772093023255814,0.7,long,2491.691,2476.739642857143,2520.5937142857138,0.03,50.0,0.005,14.451357142857075,1.0,2.0,0.5,100.0,LONG
2024-08-18 20:00:00,NY,0.7615894039735099,0.7,long,2506.414,2493.7103571428574,2530.8212857142858,0.04,50.0,0.005,12.2036428571428,1.0,2.0,0.5,100.0,LONG
2024-08-19 00:00:00,Off,0.772093023255814,0.7,long,2503.22,2489.888571428571,2528.8828571428567,0.04,50.0,0.005,12.83142857142853,1.0,2.0,0.5,100.0,LONG
2024-08-19 08:00:00,London,0.772093023255814,0.7,long,2494.391,2480.168642857143,2521.8357142857144,0.04,50.0,0.005,13.722357142857096,1.0,2.0,0.5,100.0,LONG
2024-08-19 16:00:00,London,0.772093023255814,0.7,long,2505.436,2492.7459285714285,2529.816142857143,0.04,50.0,0.005,12.1900714285714,1.0,2.0,0.5,100.0,LONG
2024-08-20 00:00:00,Off,0.772093023255814,0.7,long,2501.778,2489.0030714285713,2526.327857142857,0.04,50.0,0.005,12.27492857142855,1.0,2.0,0.5,100.0,LONG
2024-08-20 16:00:00,London,0.772093023255814,0.7,long,2514.951,2501.736785714286,2540.3794285714284,0.04,50.0,0.005,12.714214285714304,1.0,2.0,0.5,100.0,LONG
2024-08-20 20:00:00,NY,0.772093023255814,0.7,long,2512.964,2500.69,2536.5119999999997,0.04,50.0,0.005,11.773999999999983,1.0,2.0,0.5,100.0,LONG
2024-08-21 00:00:00,Off,0.772093023255814,0.7,long,2517.386,2504.7588571428573,2541.6402857142857,0.04,50.0,0.005,12.12714285714284,1.0,2.0,0.5,100.0,LONG
2024-08-21 04:00:00,Off,0.772093023255814,0.7,long,2509.751,2496.693928571429,2534.865142857143,0.04,50.0,0.005,12.557071428571394,1.0,2.0,0.5,100.0,LONG
2024-08-21 08:00:00,London,0.7615894039735099,0.7,long,2511.823,2498.975571428571,2536.517857142857,0.04,50.0,0.005,12.347428571428509,1.0,2.0,0.5,100.0,LONG
2024-08-21 12:00:00,London,0.772093023255814,0.7,long,2508.369,2494.545857142857,2535.0152857142857,0.04,50.0,0.005,13.323142857142816,1.0,2.0,0.5,100.0,LONG
2024-08-21 16:00:00,London,0.772093023255814,0.7,long,2511.559,2498.0631428571432,2537.5507142857145,0.04,50.0,0.005,12.99585714285711,1.0,2.0,0.5,100.0,LONG
2024-08-21 20:00:00,NY,0.772093023255814,0.7,long,2512.783,2500.406,2536.537,0.04,50.0,0.005,11.876999999999953,1.0,2.0,0.5,100.0,LONG
2024-08-22 00:00:00,Off,0.772093023255814,0.7,long,2502.329,2489.3805,2527.226,0.04,50.0,0.005,12.448499999999967,1.0,2.0,0.5,100.0,LONG
2024-08-22 04:00:00,Off,0.772093023255814,0.7,long,2507.102,2493.594,2533.118,0.04,50.0,0.005,13.00799999999994,1.0,2.0,0.5,100.0,LONG
2024-08-22 16:00:00,London,1.0,0.7,long,2482.983,2468.6582142857146,2510.6325714285717,0.03,50.0,0.005,13.824785714285683,1.0,2.0,0.5,100.0,LONG
2024-08-22 20:00:00,NY,0.772093023255814,0.7,long,2487.564,2474.718785714286,2512.2544285714284,0.04,50.0,0.005,12.345214285714226,1.0,2.0,0.5,100.0,LONG
2024-08-23 00:00:00,Off,0.7615894039735099,0.7,long,2493.17,2480.8520000000003,2516.806,0.04,50.0,0.005,11.817999999999952,1.0,2.0,0.5,100.0,LONG
2024-08-23 08:00:00,London,0.725,0.7,long,2501.571,2489.1572142857144,2525.3985714285714,0.04,50.0,0.005,11.91378571428569,1.0,2.0,0.5,100.0,LONG
2024-08-23 12:00:00,London,0.7615894039735099,0.7,long,2509.845,2496.5505714285714,2535.433857142857,0.04,50.0,0.005,12.79442857142856,1.0,2.0,0.5,100.0,LONG
2024-08-23 20:00:00,NY,0.7615894039735099,0.7,long,2512.357,2500.1035714285713,2535.863857142857,0.04,50.0,0.005,11.753428571428556,1.0,2.0,0.5,100.0,LONG
2024-08-25 20:00:00,NY,0.7615894039735099,0.7,long,2515.917,2504.4140714285713,2537.922857142857,0.04,50.0,0.005,11.002928571428551,1.0,2.0,0.5,100.0,LONG
2024-08-26 00:00:00,Off,0.772093023255814,0.7,long,2509.769,2498.051357142857,2532.2042857142856,0.04,50.0,0.005,11.21764285714286,1.0,2.0,0.5,100.0,LONG
2024-08-27 00:00:00,Off,0.772093023255814,0.7,long,2508.973,2498.909071428571,2528.100857142857,0.05,50.0,0.005,9.563928571428573,1.0,2.0,0.5,100.0,LONG
2024-08-28 04:00:00,Off,0.772093023255814,0.7,long,2509.984,2498.4105,2532.131,0.04,50.0,0.005,11.0735,1.0,2.0,0.5,100.0,LONG
2024-08-28 08:00:00,London,0.772093023255814,0.7,long,2501.485,2489.692142857143,2524.0707142857145,0.04,50.0,0.005,11.292857142857104,1.0,2.0,0.5,100.0,LONG
2024-08-28 16:00:00,London,0.772093023255814,0.7,long,2507.607,2495.0271428571427,2531.766714285714,0.04,50.0,0.005,12.079857142857106,1.0,2.0,0.5,100.0,LONG
2024-08-28 20:00:00,NY,0.772093023255814,0.7,long,2508.11,2496.279285714286,2530.7714285714287,0.04,50.0,0.005,11.330714285714228,1.0,2.0,0.5,100.0,LONG
2024-08-29 00:00:00,Off,0.772093023255814,0.7,long,2516.543,2504.789285714286,2539.0504285714287,0.04,50.0,0.005,11.25371428571423,1.0,2.0,0.5,100.0,LONG
2024-08-29 04:00:00,Off,0.7615894039735099,0.7,long,2519.091,2507.075214285714,2542.122571428571,0.04,50.0,0.005,11.515785714285682,1.0,2.0,0.5,100.0,LONG
2024-08-29 12:00:00,London,0.772093023255814,0.7,long,2522.535,2509.9725,2546.66,0.04,50.0,0.005,12.062499999999934,1.0,2.0,0.5,100.0,LONG
2024-08-29 20:00:00,NY,0.772093023255814,0.7,long,2519.615,2507.943857142857,2541.9572857142853,0.04,50.0,0.005,11.171142857142806,1.0,2.0,0.5,100.0,LONG
2024-08-30 00:00:00,Off,0.725,0.7,long,2513.556,2502.477142857143,2534.713714285714,0.05,50.0,0.005,10.578857142857098,1.0,2.0,0.5,100.0,LONG
2024-08-30 04:00:00,Off,0.725,0.7,long,2519.369,2507.8114285714287,2541.484142857143,0.04,50.0,0.005,11.057571428571398,1.0,2.0,0.5,100.0,LONG
2024-09-01 20:00:00,NY,0.7615894039735099,0.7,long,2502.98,2492.4029285714287,2523.134142857143,0.05,50.0,0.005,10.077071428571506,1.0,2.0,0.5,100.0,LONG
2024-09-02 04:00:00,Off,0.772093023255814,0.7,long,2498.157,2487.1140714285716,2519.2428571428577,0.05,50.0,0.005,10.542928571428677,1.0,2.0,0.5,100.0,LONG
2024-09-02 12:00:00,London,0.772093023255814,0.7,long,2501.485,2490.5116428571428,2522.431714285715,0.05,50.0,0.005,10.47335714285727,1.0,2.0,0.5,100.0,LONG
2024-09-02 16:00:00,London,0.75,0.7,long,2500.085,2490.457,2518.3410000000003,0.05,50.0,0.005,9.128000000000124,1.0,2.0,0.5,100.0,LONG
2024-09-02 20:00:00,NY,0.7615894039735099,0.7,long,2497.242,2488.1622857142856,2514.401428571429,0.06,50.0,0.005,8.579714285714415,1.0,2.0,0.5,100.0,LONG
2024-09-03 00:00:00,Off,0.7615894039735099,0.7,long,2494.717,2485.308,2512.5350000000003,0.05,50.0,0.005,8.909000000000137,1.0,2.0,0.5,100.0,LONG
2024-09-03 04:00:00,Off,0.7615894039735099,0.7,long,2500.843,2491.326714285714,2518.8755714285717,0.05,50.0,0.005,9.016285714285816,1.0,2.0,0.5,100.0,LONG
2024-09-03 20:00:00,NY,0.725,0.7,long,2493.223,2483.4058571428573,2511.857285714286,0.05,50.0,0.005,9.317142857142894,1.0,2.0,0.5,100.0,LONG
2024-09-04 00:00:00,Off,0.7615894039735099,0.7,long,2495.016,2484.9192142857146,2514.2095714285715,0.05,50.0,0.005,9.596785714285716,1.0,2.0,0.5,100.0,LONG
2024-09-06 20:00:00,NY,0.7615894039735099,0.7,long,2497.54,2486.6742142857142,2518.2715714285714,0.05,50.0,0.005,10.365785714285789,1.0,2.0,0.5,100.0,LONG
2024-09-09 00:00:00,Off,0.772093023255814,0.7,long,2499.28,2488.5634285714286,2519.7131428571433,0.05,50.0,0.005,10.216571428571472,1.0,2.0,0.5,100.0,LONG
2024-09-09 04:00:00,Off,0.772093023255814,0.7,long,2494.286,2482.914642857143,2516.0287142857146,0.04,50.0,0.005,10.87135714285718,1.0,2.0,0.5,100.0,LONG
2024-09-09 08:00:00,London,0.7615894039735099,0.7,long,2497.242,2486.204,2518.318,0.05,50.0,0.005,10.538000000000045,1.0,2.0,0.5,100.0,LONG
2024-09-09 12:00:00,London,0.772093023255814,0.7,long,2499.081,2488.0720714285717,2520.0988571428575,0.05,50.0,0.005,10.508928571428603,1.0,2.0,0.5,100.0,LONG
2024-09-09 16:00:00,London,0.7615894039735099,0.7,long,2505.96,2495.828285714286,2525.2234285714285,0.05,50.0,0.005,9.631714285714322,1.0,2.0,0.5,100.0,LONG
2024-09-09 20:00:00,NY,0.772093023255814,0.7,long,2506.813,2497.2737142857145,2524.8915714285718,0.05,50.0,0.005,9.03928571428576,1.0,2.0,0.5,100.0,LONG
2024-09-10 08:00:00,London,0.725,0.7,long,2504.607,2494.4595714285715,2523.9018571428574,0.05,50.0,0.005,9.647428571428623,1.0,2.0,0.5,100.0,LONG
2024-09-10 12:00:00,London,0.772093023255814,0.7,long,2512.597,2501.6019285714287,2533.587142857143,0.05,50.0,0.005,10.495071428571496,1.0,2.0,0.5,100.0,LONG
2024-09-10 16:00:00,London,0.725,0.7,long,2517.255,2507.831357142857,2535.1022857142857,0.05,50.0,0.005,8.923642857142893,1.0,2.0,0.5,100.0,LONG
2024-09-10 20:00:00,NY,0.725,0.7,long,2518.678,2510.520642857143,2533.992714285714,0.06,50.0,0.005,7.657357142857173,1.0,2.0,0.5,100.0,LONG
2024-09-11 16:00:00,London,0.725,0.7,long,2512.93,2503.058642857143,2531.672714285714,0.05,50.0,0.005,9.371357142857116,1.0,2.0,0.5,100.0,LONG
2024-09-11 20:00:00,NY,0.725,0.7,long,2511.901,2502.703857142857,2529.2952857142855,0.05,50.0,0.005,8.69714285714284,1.0,2.0,0.5,100.0,LONG
2024-09-12 00:00:00,Off,0.725,0.7,long,2515.844,2506.8120714285715,2532.907857142857,0.06,50.0,0.005,8.531928571428548,1.0,2.0,0.5,100.0,LONG
2024-09-12 04:00:00,Off,0.725,0.7,long,2515.941,2506.528,2533.767,0.05,50.0,0.005,8.912999999999979,1.0,2.0,0.5,100.0,LONG
2024-09-12 20:00:00,NY,0.7615894039735099,0.7,long,2558.422,2547.4584285714286,2579.349142857143,0.05,50.0,0.005,10.46357142857138,1.0,2.0,0.5,100.0,LONG
2024-09-13 20:00:00,NY,0.7615894039735099,0.7,long,2579.067,2567.9379285714285,2600.3251428571425,0.04,50.0,0.005,10.629071428571349,1.0,2.0,0.5,100.0,LONG
2024-09-15 20:00:00,NY,0.7615894039735099,0.7,long,2579.163,2568.560142857143,2599.3687142857143,0.05,50.0,0.005,10.10285714285708,1.0,2.0,0.5,100.0,LONG
2024-09-16 00:00:00,Off,0.7615894039735099,0.7,long,2586.294,2575.1541428571427,2607.5737142857142,0.04,50.0,0.005,10.639857142857084,1.0,2.0,0.5,100.0,LONG
2024-09-16 12:00:00,London,0.772093023255814,0.7,long,2579.847,2567.5907142857145,2603.3595714285716,0.04,50.0,0.005,11.756285714285598,1.0,2.0,0.5,100.0,LONG
2024-09-16 20:00:00,NY,0.7615894039735099,0.7,long,2583.659,2574.5392142857145,2600.8985714285714,0.05,50.0,0.005,8.619785714285594,1.0,2.0,0.5,100.0,LONG
2024-09-17 00:00:00,Off,0.75,0.7,long,2577.184,2567.620071428572,2595.311857142857,0.05,50.0,0.005,9.063928571428471,1.0,2.0,0.5,100.0,LONG
2024-09-17 08:00:00,London,0.725,0.7,long,2579.824,2569.8675000000003,2598.737,0.05,50.0,0.005,9.45649999999994,1.0,2.0,0.5,100.0,LONG
2024-09-17 12:00:00,London,0.7615894039735099,0.7,long,2565.668,2554.913642857143,2586.1767142857143,0.05,50.0,0.005,10.254357142857089,1.0,2.0,0.5,100.0,LONG
2024-09-17 16:00:00,London,0.725,0.7,long,2568.615,2558.3224285714286,2588.2001428571425,0.05,50.0,0.005,9.792571428571364,1.0,2.0,0.5,100.0,LONG
2024-09-17 20:00:00,NY,0.725,0.7,long,2574.05,2563.859928571429,2593.430142857143,0.05,50.0,0.005,9.690071428571368,1.0,2.0,0.5,100.0,LONG
2024-09-18 04:00:00,Off,0.725,0.7,long,2571.566,2560.719714285714,2592.258571428571,0.05,50.0,0.005,10.34628571428568,1.0,2.0,0.5,100.0,LONG
2024-09-18 08:00:00,London,0.725,0.7,long,2577.407,2566.3720000000003,2598.477,0.05,50.0,0.005,10.534999999999952,1.0,2.0,0.5,100.0,LONG
2024-09-18 20:00:00,NY,0.772093023255814,0.7,long,2559.239,2545.285,2586.147,0.04,50.0,0.005,13.453999999999985,1.0,2.0,0.5,100.0,LONG
2024-09-19 04:00:00,Off,0.772093023255814,0.7,long,2584.344,2567.9479285714287,2616.136142857143,0.03,50.0,0.005,15.896071428571434,1.0,2.0,0.5,100.0,LONG
2024-09-19 08:00:00,London,0.7615894039735099,0.7,long,2589.435,2572.7484285714286,2621.8081428571427,0.03,50.0,0.005,16.186571428571433,1.0,2.0,0.5,100.0,LONG
2024-09-19 12:00:00,London,0.772093023255814,0.7,long,2589.022,2571.6912857142856,2622.6834285714285,0.03,50.0,0.005,16.83071428571426,1.0,2.0,0.5,100.0,LONG
2024-09-19 20:00:00,NY,0.772093023255814,0.7,long,2587.282,2571.692142857143,2617.4617142857146,0.03,50.0,0.005,15.089857142857127,1.0,2.0,0.5,100.0,LONG
2024-09-22 20:00:00,NY,0.772093023255814,0.7,long,2620.234,2607.2501428571427,2645.2017142857144,0.04,50.0,0.005,12.4838571428572,1.0,2.0,0.5,100.0,LONG
2024-09-23 08:00:00,London,0.7615894039735099,0.7,long,2624.063,2611.8120714285715,2647.5648571428574,0.04,50.0,0.005,11.75092857142863,1.0,2.0,0.5,100.0,LONG
2024-09-23 12:00:00,London,0.772093023255814,0.7,long,2629.242,2616.9032857142856,2652.919428571429,0.04,50.0,0.005,11.838714285714332,1.0,2.0,0.5,100.0,LONG
2024-09-23 16:00:00,London,0.772093023255814,0.7,long,2626.24,2615.0579999999995,2647.604,0.04,50.0,0.005,10.682000000000048,1.0,2.0,0.5,100.0,LONG
2024-09-23 20:00:00,NY,0.772093023255814,0.7,long,2626.3,2615.4032142857145,2647.0935714285715,0.05,50.0,0.005,10.396785714285768,1.0,2.0,0.5,100.0,LONG
2024-09-24 04:00:00,Off,0.7615894039735099,0.7,long,2628.996,2616.8805714285713,2652.2268571428576,0.04,50.0,0.005,11.615428571428668,1.0,2.0,0.5,100.0,LONG
2024-09-24 08:00:00,London,0.7615894039735099,0.7,long,2626.367,2614.649142857143,2648.8027142857145,0.04,50.0,0.005,11.217857142857222,1.0,2.0,0.5,100.0,LONG
2024-09-24 20:00:00,NY,0.772093023255814,0.7,long,2658.204,2645.564928571429,2682.482142857143,0.04,50.0,0.005,12.139071428571436,1.0,2.0,0.5,100.0,LONG
2024-09-25 08:00:00,London,0.7615894039735099,0.7,long,2657.431,2644.0455,2683.202,0.04,50.0,0.005,12.885499999999997,1.0,2.0,0.5,100.0,LONG
2024-09-25 16:00:00,London,0.772093023255814,0.7,long,2659.754,2646.5207857142855,2685.2204285714283,0.04,50.0,0.005,12.733214285714244,1.0,2.0,0.5,100.0,LONG
2024-09-25 20:00:00,NY,0.772093023255814,0.7,long,2656.256,2643.7898571428573,2680.1882857142855,0.04,50.0,0.005,11.966142857142811,1.0,2.0,0.5,100.0,LONG
2024-09-26 00:00:00,Off,0.7615894039735099,0.7,long,2662.516,2649.907,2686.734,0.04,50.0,0.005,12.108999999999956,1.0,2.0,0.5,100.0,LONG
2024-09-26 04:00:00,Off,0.772093023255814,0.7,long,2664.684,2651.6245000000004,2689.803,0.04,50.0,0.005,12.55949999999994,1.0,2.0,0.5,100.0,LONG
2024-09-26 12:00:00,London,0.9444444444444444,0.7,long,2671.357,2656.8286428571428,2699.413714285714,0.03,50.0,0.005,14.028357142857072,1.0,2.0,0.5,100.0,LONG
2024-09-26 16:00:00,London,0.772093023255814,0.7,long,2673.675,2659.002428571429,2702.020142857143,0.03,50.0,0.005,14.172571428571375,1.0,2.0,0.5,100.0,LONG
2024-09-26 20:00:00,NY,0.772093023255814,0.7,long,2672.601,2659.485142857143,2697.8327142857142,0.04,50.0,0.005,12.615857142857132,1.0,2.0,0.5,100.0,LONG
2024-09-27 12:00:00,London,0.7615894039735099,0.7,long,2649.799,2636.2262142857144,2675.9445714285716,0.04,50.0,0.005,13.072785714285764,1.0,2.0,0.5,100.0,LONG
2024-09-27 16:00:00,London,0.7615894039735099,0.7,long,2652.079,2637.974285714286,2679.288428571429,0.04,50.0,0.005,13.60471428571431,1.0,2.0,0.5,100.0,LONG
2024-09-27 20:00:00,NY,0.7615894039735099,0.7,long,2657.983,2644.194214285714,2684.5605714285716,0.04,50.0,0.005,13.288785714285725,1.0,2.0,0.5,100.0,LONG
2024-09-29 20:00:00,NY,0.772093023255814,0.7,long,2663.543,2650.2037142857143,2689.2215714285717,0.04,50.0,0.005,12.839285714285747,1.0,2.0,0.5,100.0,LONG
2024-09-30 08:00:00,London,0.7615894039735099,0.7,long,2641.542,2626.0181428571427,2671.5897142857143,0.03,50.0,0.005,15.023857142857196,1.0,2.0,0.5,100.0,LONG
2024-09-30 12:00:00,London,0.9444444444444444,0.7,long,2633.868,2618.736357142857,2663.1312857142857,0.03,50.0,0.005,14.63164285714291,1.0,2.0,0.5,100.0,LONG
2024-10-01 00:00:00,Off,0.772093023255814,0.7,long,2637.922,2624.1425,2664.481,0.04,50.0,0.005,13.2795,1.0,2.0,0.5,100.0,LONG
2024-10-01 04:00:00,Off,0.772093023255814,0.7,long,2645.559,2631.617642857143,2672.4417142857146,0.04,50.0,0.005,13.441357142857148,1.0,2.0,0.5,100.0,LONG
2024-10-01 08:00:00,London,0.772093023255814,0.7,long,2650.229,2636.533357142857,2676.6202857142857,0.04,50.0,0.005,13.19564285714286,1.0,2.0,0.5,100.0,LONG
2024-10-01 12:00:00,London,0.772093023255814,0.7,long,2663.338,2648.714428571429,2691.585142857143,0.03,50.0,0.005,14.123571428571395,1.0,2.0,0.5,100.0,LONG
2024-10-02 04:00:00,Off,0.772093023255814,0.7,long,2655.423,2642.080357142857,2681.1082857142856,0.04,50.0,0.005,12.84264285714286,1.0,2.0,0.5,100.0,LONG
2024-10-02 16:00:00,London,0.772093023255814,0.7,long,2658.64,2645.9305714285715,2683.058857142857,0.04,50.0,0.005,12.209428571428557,1.0,2.0,0.5,100.0,LONG
2024-10-02 20:00:00,NY,0.772093023255814,0.7,long,2660.328,2648.514642857143,2682.954714285714,0.04,50.0,0.005,11.313357142857123,1.0,2.0,0.5,100.0,LONG
2024-10-03 04:00:00,Off,0.772093023255814,0.7,long,2645.187,2633.3070714285714,2667.946857142857,0.04,50.0,0.005,11.379928571428536,1.0,2.0,0.5,100.0,LONG
2024-10-03 08:00:00,London,0.7615894039735099,0.7,long,2648.018,2635.9935714285716,2671.0668571428573,0.04,50.0,0.005,11.524428571428546,1.0,2.0,0.5,100.0,LONG
2024-10-03 16:00:00,London,0.772093023255814,0.7,long,2657.974,2645.1925714285717,2682.536857142857,0.04,50.0,0.005,12.281428571428544,1.0,2.0,0.5,100.0,LONG
2024-10-03 20:00:00,NY,0.772093023255814,0.7,long,2655.804,2644.465,2677.482,0.04,50.0,0.005,10.839000000000008,1.0,2.0,0.5,100.0,LONG
2024-10-04 16:00:00,London,0.7615894039735099,0.7,long,2651.624,2638.5397857142857,2676.7924285714284,0.04,50.0,0.005,12.584214285714229,1.0,2.0,0.5,100.0,LONG
2024-10-04 20:00:00,NY,0.725,0.7,long,2653.519,2641.7319285714284,2676.0931428571425,0.04,50.0,0.005,11.287071428571348,1.0,2.0,0.5,100.0,LONG
2024-10-07 00:00:00,Off,0.772093023255814,0.7,long,2647.421,2635.8389285714284,2669.5851428571427,0.04,50.0,0.005,11.082071428571355,1.0,2.0,0.5,100.0,LONG
2024-10-07 08:00:00,London,0.7615894039735099,0.7,long,2656.913,2645.4333571428574,2678.8722857142857,0.04,50.0,0.005,10.97964285714277,1.0,2.0,0.5,100.0,LONG
2024-10-07 16:00:00,London,0.772093023255814,0.7,long,2643.26,2631.3646428571433,2666.0507142857145,0.04,50.0,0.005,11.395357142857067,1.0,2.0,0.5,100.0,LONG
2024-10-07 20:00:00,NY,0.772093023255814,0.7,long,2642.944,2631.4927142857146,2664.846571428571,0.04,50.0,0.005,10.9512857142856,1.0,2.0,0.5,100.0,LONG
2024-10-08 08:00:00,London,0.772093023255814,0.7,long,2650.745,2636.984857142857,2677.2652857142853,0.04,50.0,0.005,13.260142857142748,1.0,2.0,0.5,100.0,LONG
2024-10-23 16:00:00,London,0.772093023255814,0.7,long,2716.202,2702.890928571429,2741.8241428571428,0.04,50.0,0.005,12.811071428571363,1.0,2.0,0.5,100.0,LONG
2024-10-23 20:00:00,NY,0.7615894039735099,0.7,long,2721.258,2709.088142857143,2744.597714285714,0.04,50.0,0.005,11.669857142857088,1.0,2.0,0.5,100.0,LONG
2024-10-24 00:00:00,Off,0.772093023255814,0.7,long,2722.877,2710.884357142857,2745.8622857142855,0.04,50.0,0.005,11.49264285714282,1.0,2.0,0.5,100.0,LONG
2024-10-24 04:00:00,Off,0.772093023255814,0.7,long,2733.54,2720.8047142857145,2758.0105714285714,0.04,50.0,0.005,12.235285714285672,1.0,2.0,0.5,100.0,LONG
2024-10-24 08:00:00,London,0.7615894039735099,0.7,long,2738.556,2726.198428571429,2762.271142857143,0.04,50.0,0.005,11.857571428571386,1.0,2.0,0.5,100.0,LONG
2024-10-24 12:00:00,London,0.772093023255814,0.7,long,2731.099,2717.833,2756.631,0.04,50.0,0.005,12.765999999999948,1.0,2.0,0.5,100.0,LONG
2024-10-24 16:00:00,London,0.772093023255814,0.7,long,2737.049,2723.635642857143,2762.875714285714,0.04,50.0,0.005,12.913357142857064,1.0,2.0,0.5,100.0,LONG
2024-10-24 20:00:00,NY,0.772093023255814,0.7,long,2733.844,2721.0867857142857,2758.3584285714282,0.04,50.0,0.005,12.257214285714197,1.0,2.0,0.5,100.0,LONG
2024-10-25 00:00:00,Off,0.7615894039735099,0.7,long,2726.042,2713.354142857143,2750.4177142857143,0.04,50.0,0.005,12.187857142857084,1.0,2.0,0.5,100.0,LONG
2024-10-25 16:00:00,London,0.725,0.7,long,2742.519,2728.4727857142857,2769.6114285714284,0.04,50.0,0.005,13.546214285714248,1.0,2.0,0.5,100.0,LONG
2024-10-27 20:00:00,NY,0.7615894039735099,0.7,long,2735.815,2723.996142857143,2758.452714285714,0.04,50.0,0.005,11.318857142857109,1.0,2.0,0.5,100.0,LONG
2024-10-28 00:00:00,Off,0.772093023255814,0.7,long,2729.702,2717.602928571429,2752.900142857143,0.04,50.0,0.005,11.599071428571376,1.0,2.0,0.5,100.0,LONG
2024-10-28 08:00:00,London,0.772093023255814,0.7,long,2732.319,2719.8415714285716,2756.273857142857,0.04,50.0,0.005,11.97742857142852,1.0,2.0,0.5,100.0,LONG
2024-10-28 16:00:00,London,0.7615894039735099,0.7,long,2742.498,2730.6130000000003,2765.268,0.04,50.0,0.005,11.38499999999996,1.0,2.0,0.5,100.0,LONG
2024-10-29 00:00:00,Off,0.772093023255814,0.7,long,2751.687,2739.5385714285712,2774.9838571428572,0.04,50.0,0.005,11.6484285714286,1.0,2.0,0.5,100.0,LONG
2024-10-29 20:00:00,NY,0.7615894039735099,0.7,long,2774.915,2763.1739285714284,2797.397142857143,0.04,50.0,0.005,11.24107142857146,1.0,2.0,0.5,100.0,LONG
2024-10-30 04:00:00,Off,0.7615894039735099,0.7,long,2782.222,2770.638142857143,2804.3897142857145,0.04,50.0,0.005,11.083857142857209,1.0,2.0,0.5,100.0,LONG
2024-10-30 08:00:00,London,0.725,0.7,long,2778.58,2767.2375714285713,2800.264857142857,0.04,50.0,0.005,10.842428571428629,1.0,2.0,0.5,100.0,LONG
2024-10-30 20:00:00,NY,0.725,0.7,long,2785.49,2775.3019999999997,2804.866,0.05,50.0,0.005,9.688000000000004,1.0,2.0,0.5,100.0,LONG
2024-10-31 00:00:00,Off,0.7615894039735099,0.7,long,2784.547,2774.250785714286,2804.1394285714287,0.05,50.0,0.005,9.796214285714282,1.0,2.0,0.5,100.0,LONG
2024-10-31 04:00:00,Off,0.772093023255814,0.7,long,2782.048,2771.4724285714283,2802.1991428571428,0.05,50.0,0.005,10.075571428571427,1.0,2.0,0.5,100.0,LONG
2024-10-31 16:00:00,London,0.772093023255814,0.7,long,2746.442,2733.073214285714,2772.1795714285713,0.04,50.0,0.005,12.868785714285682,1.0,2.0,0.5,100.0,LONG
2024-11-01 00:00:00,Off,0.7615894039735099,0.7,long,2751.77,2739.9927857142857,2774.3244285714286,0.04,50.0,0.005,11.277214285714276,1.0,2.0,0.5,100.0,LONG
2024-11-01 04:00:00,Off,0.7615894039735099,0.7,long,2749.642,2737.361857142857,2773.2022857142856,0.04,50.0,0.005,11.780142857142826,1.0,2.0,0.5,100.0,LONG
2024-11-01 20:00:00,NY,0.7615894039735099,0.7,long,2736.69,2724.041857142857,2760.9862857142857,0.04,50.0,0.005,12.14814285714283,1.0,2.0,0.5,100.0,LONG
2024-11-03 20:00:00,NY,0.772093023255814,0.7,long,2738.352,2725.6565,2762.743,0.04,50.0,0.005,12.195499999999972,1.0,2.0,0.5,100.0,LONG
2024-11-04 00:00:00,Off,0.772093023255814,0.7,long,2740.989,2728.027,2765.913,0.04,50.0,0.005,12.461999999999987,1.0,2.0,0.5,100.0,LONG
2024-11-04 04:00:00,Off,0.772093023255814,0.7,long,2735.837,2722.645285714286,2761.2204285714283,0.04,50.0,0.005,12.691714285714268,1.0,2.0,0.5,100.0,LONG
2024-11-04 08:00:00,London,0.772093023255814,0.7,long,2740.609,2727.0649285714285,2766.697142857143,0.04,50.0,0.005,13.04407142857141,1.0,2.0,0.5,100.0,LONG
2024-11-04 16:00:00,London,0.772093023255814,0.7,long,2738.309,2727.7500714285716,2758.4268571428574,0.05,50.0,0.005,10.058928571428591,1.0,2.0,0.5,100.0,LONG
2024-11-04 20:00:00,NY,0.7615894039735099,0.7,long,2736.003,2726.0994285714287,2754.810142857143,0.05,50.0,0.005,9.403571428571436,1.0,2.0,0.5,100.0,LONG
2024-11-05 00:00:00,Off,0.772093023255814,0.7,long,2735.294,2724.8844285714285,2755.1131428571425,0.05,50.0,0.005,9.909571428571423,1.0,2.0,0.5,100.0,LONG
2024-11-05 04:00:00,Off,0.7615894039735099,0.7,long,2736.532,2725.9317142857144,2756.7325714285716,0.05,50.0,0.005,10.100285714285716,1.0,2.0,0.5,100.0,LONG
2024-11-05 20:00:00,NY,0.725,0.7,long,2745.707,2735.9582142857143,2764.2045714285714,0.05,50.0,0.005,9.24878571428576,1.0,2.0,0.5,100.0,LONG
2024-11-06 04:00:00,Off,0.772093023255814,0.7,long,2725.921,2712.5905,2751.582,0.04,50.0,0.005,12.83050000000006,1.0,2.0,0.5,100.0,LONG
2024-11-06 12:00:00,London,0.772093023255814,0.7,long,2675.715,2656.9032142857145,2712.338571428572,0.03,50.0,0.005,18.311785714285765,1.0,2.0,0.5,100.0,LONG
2024-11-06 16:00:00,London,0.7615894039735099,0.7,long,2667.084,2648.0402857142853,2704.1714285714284,0.03,50.0,0.005,18.543714285714323,1.0,2.0,0.5,100.0,LONG
2024-11-06 20:00:00,NY,0.7615894039735099,0.7,long,2664.048,2645.1345714285712,2700.874857142857,0.03,50.0,0.005,18.41342857142857,1.0,2.0,0.5,100.0,LONG
2024-11-25 04:00:00,Off,0.772093023255814,0.7,long,2667.774,2650.468714285714,2701.3845714285712,0.03,50.0,0.005,16.805285714285706,1.0,2.0,0.5,100.0,LONG
2024-11-25 08:00:00,London,0.7615894039735099,0.7,long,2686.776,2668.6451428571427,2722.037714285714,0.03,50.0,0.005,17.630857142857135,1.0,2.0,0.5,100.0,LONG
2024-11-25 20:00:00,NY,0.7615894039735099,0.7,long,2610.46,2587.0480000000002,2656.284,0.02,50.0,0.005,22.91199999999997,1.0,2.0,0.5,100.0,LONG
2024-11-26 00:00:00,Off,0.772093023255814,0.7,long,2630.375,2605.542214285714,2679.040571428571,0.02,50.0,0.005,24.332785714285688,1.0,2.0,0.5,100.0,LONG
2024-11-26 04:00:00,Off,0.7615894039735099,0.7,long,2614.036,2589.2788571428573,2662.5502857142856,0.02,50.0,0.005,24.25714285714285,1.0,2.0,0.5,100.0,LONG
2024-11-26 08:00:00,London,0.7615894039735099,0.7,long,2633.213,2608.111428571429,2682.416142857143,0.02,50.0,0.005,24.60157142857143,1.0,2.0,0.5,100.0,LONG
2024-11-26 12:00:00,London,0.772093023255814,0.7,long,2629.512,2603.7850000000003,2679.9660000000003,0.02,50.0,0.005,25.227,1.0,2.0,0.5,100.0,LONG
2024-11-26 16:00:00,London,0.7615894039735099,0.7,long,2628.025,2602.918142857143,2677.238714285714,0.02,50.0,0.005,24.606857142857148,1.0,2.0,0.5,100.0,LONG
2024-11-27 00:00:00,Off,0.772093023255814,0.7,long,2637.722,2612.689928571429,2686.786142857143,0.02,50.0,0.005,24.532071428571435,1.0,2.0,0.5,100.0,LONG
2024-11-27 04:00:00,Off,0.7615894039735099,0.7,long,2646.625,2621.503,2695.869,0.02,50.0,0.005,24.62200000000004,1.0,2.0,0.5,100.0,LONG
2024-11-27 08:00:00,London,0.7615894039735099,0.7,long,2651.103,2629.5819285714288,2693.145142857143,0.02,50.0,0.005,21.021071428571467,1.0,2.0,0.5,100.0,LONG
2024-11-27 16:00:00,London,0.772093023255814,0.7,long,2634.703,2613.6530714285714,2675.802857142857,0.02,50.0,0.005,20.54992857142861,1.0,2.0,0.5,100.0,LONG
2024-11-27 20:00:00,NY,0.7615894039735099,0.7,long,2637.168,2620.1747142857143,2670.1545714285717,0.03,50.0,0.005,16.493285714285776,1.0,2.0,0.5,100.0,LONG
2024-11-28 08:00:00,London,0.772093023255814,0.7,long,2646.884,2631.9883571428572,2675.6752857142856,0.03,50.0,0.005,14.395642857142873,1.0,2.0,0.5,100.0,LONG
2024-11-28 12:00:00,London,0.9444444444444444,0.7,long,2638.104,2623.8409285714283,2665.630142857143,0.04,50.0,0.005,13.763071428571427,1.0,2.0,0.5,100.0,LONG
2024-11-28 16:00:00,London,0.772093023255814,0.7,long,2640.597,2627.464642857143,2665.8617142857147,0.04,50.0,0.005,12.632357142857147,1.0,2.0,0.5,100.0,LONG
2024-11-29 16:00:00,London,0.725,0.7,long,2655.23,2642.5907857142856,2679.508428571429,0.04,50.0,0.005,12.13921428571429,1.0,2.0,0.5,100.0,LONG
2024-12-01 20:00:00,NY,0.7615894039735099,0.7,long,2645.659,2633.7687142857144,2668.4395714285715,0.04,50.0,0.005,11.39028571428571,1.0,2.0,0.5,100.0,LONG
2024-12-02 00:00:00,Off,0.772093023255814,0.7,long,2629.272,2616.368857142857,2654.078285714286,0.04,50.0,0.005,12.403142857142871,1.0,2.0,0.5,100.0,LONG
2024-12-02 08:00:00,London,0.772093023255814,0.7,long,2641.885,2628.319785714286,2668.015428571429,0.04,50.0,0.005,13.065214285714289,1.0,2.0,0.5,100.0,LONG
2024-12-02 20:00:00,NY,0.772093023255814,0.7,long,2642.211,2628.7554999999998,2668.122,0.04,50.0,0.005,12.95550000000006,1.0,2.0,0.5,100.0,LONG
2024-12-03 00:00:00,Off,0.772093023255814,0.7,long,2640.427,2626.5205714285717,2667.2398571428575,0.04,50.0,0.005,13.406428571428608,1.0,2.0,0.5,100.0,LONG
2024-12-03 04:00:00,Off,0.772093023255814,0.7,long,2644.622,2630.034642857143,2672.796714285714,0.03,50.0,0.005,14.08735714285714,1.0,2.0,0.5,100.0,LONG
2024-12-03 12:00:00,London,0.772093023255814,0.7,long,2640.435,2626.3839285714284,2667.537142857143,0.04,50.0,0.005,13.551071428571406,1.0,2.0,0.5,100.0,LONG
2024-12-03 16:00:00,London,0.772093023255814,0.7,long,2640.998,2627.0268571428574,2667.940285714286,0.04,50.0,0.005,13.471142857142857,1.0,2.0,0.5,100.0,LONG
2024-12-03 20:00:00,NY,0.772093023255814,0.7,long,2642.721,2629.5235714285714,2668.1158571428573,0.04,50.0,0.005,12.697428571428548,1.0,2.0,0.5,100.0,LONG
2024-12-04 00:00:00,Off,0.772093023255814,0.7,long,2644.501,2631.057642857143,2670.3877142857145,0.04,50.0,0.005,12.943357142857137,1.0,2.0,0.5,100.0,LONG
2024-12-04 16:00:00,London,0.772093023255814,0.7,long,2651.7,2639.1765,2675.747,0.04,50.0,0.005,12.02349999999998,1.0,2.0,0.5,100.0,LONG
2024-12-04 20:00:00,NY,0.772093023255814,0.7,long,2650.397,2638.6485,2672.894,0.04,50.0,0.005,11.248499999999988,1.0,2.0,0.5,100.0,LONG
2024-12-05 00:00:00,Off,0.772093023255814,0.7,long,2648.882,2637.4680714285714,2670.7098571428573,0.04,50.0,0.005,10.913928571428576,1.0,2.0,0.5,100.0,LONG
2024-12-05 16:00:00,London,0.772093023255814,0.7,long,2629.8,2616.8375714285717,2654.724857142857,0.04,50.0,0.005,12.462428571428584,1.0,2.0,0.5,100.0,LONG
2024-12-05 20:00:00,NY,0.772093023255814,0.7,long,2633.713,2621.795785714286,2656.547428571429,0.04,50.0,0.005,11.41721428571431,1.0,2.0,0.5,100.0,LONG
2024-12-12 04:00:00,Off,0.772093023255814,0.7,long,2716.047,2701.108,2744.925,0.03,50.0,0.005,14.439000000000012,1.0,2.0,0.5,100.0,LONG
2024-12-12 08:00:00,London,0.772093023255814,0.7,long,2710.934,2696.1168571428575,2739.568285714286,0.03,50.0,0.005,14.31714285714286,1.0,2.0,0.5,100.0,LONG
2024-12-12 12:00:00,London,0.772093023255814,0.7,long,2679.785,2663.0320714285713,2712.290857142857,0.03,50.0,0.005,16.25292857142855,1.0,2.0,0.5,100.0,LONG
2024-12-12 16:00:00,London,0.772093023255814,0.7,long,2683.133,2666.806857142857,2714.7852857142857,0.03,50.0,0.005,15.826142857142877,1.0,2.0,0.5,100.0,LONG
2024-12-12 20:00:00,NY,0.9444444444444444,0.7,long,2680.623,2665.393,2710.083,0.03,50.0,0.005,14.730000000000018,1.0,2.0,0.5,100.0,LONG
2024-12-13 20:00:00,NY,0.7615894039735099,0.7,long,2648.392,2633.8804999999998,2676.415,0.03,50.0,0.005,14.011500000000035,1.0,2.0,0.5,100.0,LONG
2024-12-15 20:00:00,NY,0.772093023255814,0.7,long,2651.479,2637.3344285714284,2678.7681428571427,0.04,50.0,0.005,13.644571428571483,1.0,2.0,0.5,100.0,LONG
2024-12-16 12:00:00,London,0.772093023255814,0.7,long,2654.472,2640.988642857143,2680.4387142857145,0.04,50.0,0.005,12.983357142857196,1.0,2.0,0.5,100.0,LONG
2024-12-16 16:00:00,London,0.772093023255814,0.7,long,2653.299,2641.9605,2674.976,0.04,50.0,0.005,10.838500000000067,1.0,2.0,0.5,100.0,LONG
2024-12-16 20:00:00,NY,0.772093023255814,0.7,long,2651.744,2640.946,2672.34,0.05,50.0,0.005,10.298000000000034,1.0,2.0,0.5,100.0,LONG
2024-12-17 12:00:00,London,0.7615894039735099,0.7,long,2640.206,2629.2730714285717,2661.0718571428574,0.05,50.0,0.005,10.432928571428617,1.0,2.0,0.5,100.0,LONG
2024-12-17 20:00:00,NY,0.725,0.7,long,2647.378,2637.423142857143,2666.2877142857146,0.05,50.0,0.005,9.454857142857204,1.0,2.0,0.5,100.0,LONG
2024-12-18 04:00:00,Off,0.7615894039735099,0.7,long,2644.61,2634.5712857142858,2663.687428571429,0.05,50.0,0.005,9.538714285714311,1.0,2.0,0.5,100.0,LONG
2024-12-26 16:00:00,London,0.7615894039735099,0.7,long,2634.95,2626.324357142857,2651.2012857142854,0.06,50.0,0.005,8.125642857142793,1.0,2.0,0.5,100.0,LONG
2024-12-26 20:00:00,NY,0.772093023255814,0.7,long,2632.684,2623.9998571428573,2649.0522857142855,0.06,50.0,0.005,8.184142857142758,1.0,2.0,0.5,100.0,LONG
2024-12-27 00:00:00,Off,0.7615894039735099,0.7,long,2633.698,2625.1493571428573,2649.7952857142855,0.06,50.0,0.005,8.048642857142795,1.0,2.0,0.5,100.0,LONG
2024-12-27 12:00:00,London,0.725,0.7,long,2618.134,2608.3115000000003,2636.779,0.05,50.0,0.005,9.322499999999923,1.0,2.0,0.5,100.0,LONG
2024-12-29 20:00:00,NY,0.725,0.7,long,2624.035,2614.3126428571427,2642.479714285714,0.05,50.0,0.005,9.222357142857064,1.0,2.0,0.5,100.0,LONG
2024-12-30 00:00:00,Off,0.772093023255814,0.7,long,2626.579,2616.720357142857,2645.2962857142857,0.05,50.0,0.005,9.358642857142806,1.0,2.0,0.5,100.0,LONG
2025-01-03 04:00:00,Off,0.725,0.7,long,2654.195,2643.261285714286,2675.062428571429,0.05,50.0,0.005,10.43371428571436,1.0,2.0,0.5,100.0,LONG
2025-01-03 16:00:00,London,0.725,0.7,long,2639.433,2628.917857142857,2659.463285714286,0.05,50.0,0.005,10.01514285714292,1.0,2.0,0.5,100.0,LONG
2025-01-05 20:00:00,NY,0.7615894039735099,0.7,long,2641.063,2630.6435,2660.902,0.05,50.0,0.005,9.919500000000037,1.0,2.0,0.5,100.0,LONG
2025-01-06 00:00:00,Off,0.772093023255814,0.7,long,2640.19,2629.437142857143,2660.6957142857145,0.05,50.0,0.005,10.252857142857206,1.0,2.0,0.5,100.0,LONG
2025-01-06 04:00:00,Off,0.772093023255814,0.7,long,2626.937,2616.0451428571428,2647.720714285714,0.05,50.0,0.005,10.3918571428572,1.0,2.0,0.5,100.0,LONG
2025-01-07 00:00:00,Off,0.772093023255814,0.7,long,2639.563,2627.107,2663.475,0.04,50.0,0.005,11.956,1.0,2.0,0.5,100.0,LONG
2025-01-07 08:00:00,London,0.7615894039735099,0.7,long,2648.389,2636.164,2671.839,0.04,50.0,0.005,11.724999999999977,1.0,2.0,0.5,100.0,LONG
2025-01-08 08:00:00,London,0.772093023255814,0.7,long,2650.89,2638.0756428571426,2675.518714285714,0.04,50.0,0.005,12.3143571428571,1.0,2.0,0.5,100.0,LONG
2025-01-08 16:00:00,London,0.772093023255814,0.7,long,2658.301,2645.257071428571,2683.388857142857,0.04,50.0,0.005,12.543928571428555,1.0,2.0,0.5,100.0,LONG
2025-01-08 20:00:00,NY,0.7615894039735099,0.7,long,2662.507,2651.508,2683.505,0.05,50.0,0.005,10.499000000000024,1.0,2.0,0.5,100.0,LONG
2025-01-09 00:00:00,Off,0.7615894039735099,0.7,long,2659.369,2648.534285714286,2680.038428571429,0.05,50.0,0.005,10.334714285714329,1.0,2.0,0.5,100.0,LONG
2025-01-09 04:00:00,Off,0.7615894039735099,0.7,long,2662.45,2651.072357142857,2684.2052857142858,0.04,50.0,0.005,10.877642857142908,1.0,2.0,0.5,100.0,LONG
2025-01-09 16:00:00,London,0.772093023255814,0.7,long,2670.19,2658.2955,2692.9790000000003,0.04,50.0,0.005,11.394500000000107,1.0,2.0,0.5,100.0,LONG
2025-01-09 20:00:00,NY,0.7615894039735099,0.7,long,2669.952,2659.4527857142857,2689.950428571429,0.05,50.0,0.005,9.999214285714386,1.0,2.0,0.5,100.0,LONG
2025-01-10 16:00:00,London,0.7615894039735099,0.7,long,2685.855,2673.1341428571427,2710.2967142857146,0.04,50.0,0.005,12.220857142857312,1.0,2.0,0.5,100.0,LONG
2025-01-10 20:00:00,NY,0.725,0.7,long,2689.551,2677.7412142857142,2712.1705714285717,0.04,50.0,0.005,11.309785714285876,1.0,2.0,0.5,100.0,LONG
2025-01-12 20:00:00,NY,0.7615894039735099,0.7,long,2691.105,2680.499857142857,2711.315285714286,0.05,50.0,0.005,10.105142857143036,1.0,2.0,0.5,100.0,LONG
2025-01-13 04:00:00,Off,0.772093023255814,0.7,long,2685.102,2673.8006428571425,2706.7047142857145,0.04,50.0,0.005,10.801357142857276,1.0,2.0,0.5,100.0,LONG
2025-01-13 08:00:00,London,0.7615894039735099,0.7,long,2675.952,2664.4517142857144,2697.952571428572,0.04,50.0,0.005,11.000285714285836,1.0,2.0,0.5,100.0,LONG
2025-01-13 12:00:00,London,0.772093023255814,0.7,long,2661.867,2650.1305714285713,2684.3398571428575,0.04,50.0,0.005,11.236428571428664,1.0,2.0,0.5,100.0,LONG
2025-01-14 00:00:00,Off,0.7615894039735099,0.7,long,2669.78,2657.7595714285717,2692.8208571428577,0.04,50.0,0.005,11.52042857142864,1.0,2.0,0.5,100.0,LONG
2025-01-14 12:00:00,London,0.772093023255814,0.7,long,2671.779,2658.8678571428572,2696.601285714286,0.04,50.0,0.005,12.41114285714288,1.0,2.0,0.5,100.0,LONG
2025-01-14 20:00:00,NY,0.725,0.7,long,2675.589,2664.9195,2695.928,0.05,50.0,0.005,10.169500000000005,1.0,2.0,0.5,100.0,LONG
2025-01-15 00:00:00,Off,0.772093023255814,0.7,long,2676.091,2665.5869285714284,2696.099142857143,0.05,50.0,0.005,10.004071428571413,1.0,2.0,0.5,100.0,LONG
2025-01-15 04:00:00,Off,0.7615894039735099,0.7,long,2681.313,2670.3767857142857,2702.1854285714285,0.05,50.0,0.005,10.436214285714252,1.0,2.0,0.5,100.0,LONG
2025-01-15 08:00:00,London,0.772093023255814,0.7,long,2686.779,2676.282,2706.7729999999997,0.05,50.0,0.005,9.99699999999994,1.0,2.0,0.5,100.0,LONG
2025-01-15 12:00:00,London,0.772093023255814,0.7,long,2678.475,2667.166142857143,2700.092714285714,0.04,50.0,0.005,10.808857142857116,1.0,2.0,0.5,100.0,LONG
2025-01-16 08:00:00,London,0.7615894039735099,0.7,long,2706.412,2695.2415,2727.7529999999997,0.04,50.0,0.005,10.670499999999947,1.0,2.0,0.5,100.0,LONG
2025-01-16 20:00:00,NY,0.772093023255814,0.7,long,2714.578,2703.294,2736.1459999999997,0.04,50.0,0.005,10.783999999999976,1.0,2.0,0.5,100.0,LONG
2025-01-17 20:00:00,NY,0.725,0.7,long,2702.879,2691.8024285714287,2724.032142857143,0.05,50.0,0.005,10.576571428571404,1.0,2.0,0.5,100.0,LONG
2025-01-19 20:00:00,NY,0.7615894039735099,0.7,long,2696.424,2685.823785714286,2716.6244285714283,0.05,50.0,0.005,10.100214285714271,1.0,2.0,0.5,100.0,LONG
2025-01-20 04:00:00,Off,0.7615894039735099,0.7,long,2703.592,2692.136,2725.504,0.04,50.0,0.005,10.956,1.0,2.0,0.5,100.0,LONG
2025-01-20 08:00:00,London,0.7615894039735099,0.7,long,2708.333,2696.920285714286,2730.158428571429,0.04,50.0,0.005,10.912714285714303,1.0,2.0,0.5,100.0,LONG
2025-01-20 12:00:00,London,0.772093023255814,0.7,long,2707.065,2695.9365000000003,2728.322,0.04,50.0,0.005,10.6285,1.0,2.0,0.5,100.0,LONG
2025-01-20 20:00:00,NY,0.7615894039735099,0.7,long,2710.445,2700.552785714286,2729.229428571429,0.05,50.0,0.005,9.392214285714315,1.0,2.0,0.5,100.0,LONG
2025-01-21 08:00:00,London,0.7615894039735099,0.7,long,2723.998,2712.1292857142857,2746.7354285714287,0.04,50.0,0.005,11.368714285714336,1.0,2.0,0.5,100.0,LONG
2025-01-21 16:00:00,London,0.725,0.7,long,2742.838,2730.6910714285714,2766.1318571428574,0.04,50.0,0.005,11.64692857142862,1.0,2.0,0.5,100.0,LONG
2025-01-21 20:00:00,NY,0.7615894039735099,0.7,long,2744.259,2732.726714285714,2766.3235714285715,0.04,50.0,0.005,11.032285714285765,1.0,2.0,0.5,100.0,LONG
2025-01-23 00:00:00,Off,0.772093023255814,0.7,long,2749.972,2738.7927142857143,2771.3305714285716,0.04,50.0,0.005,10.67928571428573,1.0,2.0,0.5,100.0,LONG
2025-01-23 04:00:00,Off,0.772093023255814,0.7,long,2752.683,2741.4037857142857,2774.2414285714285,0.04,50.0,0.005,10.77921428571426,1.0,2.0,0.5,100.0,LONG
2025-01-23 08:00:00,London,0.772093023255814,0.7,long,2751.924,2741.375,2772.022,0.05,50.0,0.005,10.048999999999978,1.0,2.0,0.5,100.0,LONG
2025-01-24 00:00:00,Off,0.7615894039735099,0.7,long,2772.308,2761.0674285714285,2793.789142857143,0.04,50.0,0.005,10.74057142857136,1.0,2.0,0.5,100.0,LONG
2025-01-26 20:00:00,NY,0.725,0.7,long,2767.553,2757.208,2787.243,0.05,50.0,0.005,9.844999999999995,1.0,2.0,0.5,100.0,LONG
2025-01-27 04:00:00,Off,0.772093023255814,0.7,long,2749.478,2737.521928571429,2772.390142857143,0.04,50.0,0.005,11.456071428571445,1.0,2.0,0.5,100.0,LONG
2025-02-05 20:00:00,NY,0.772093023255814,0.7,long,2869.279,2854.4657857142856,2897.9054285714283,0.03,50.0,0.005,14.313214285714205,1.0,2.0,0.5,100.0,LONG
2025-02-06 04:00:00,Off,0.9444444444444444,0.7,long,2855.837,2840.535785714286,2885.4394285714284,0.03,50.0,0.005,14.801214285714227,1.0,2.0,0.5,100.0,LONG
2025-02-06 08:00:00,London,0.7615894039735099,0.7,long,2865.972,2850.2163571428573,2896.483285714286,0.03,50.0,0.005,15.255642857142805,1.0,2.0,0.5,100.0,LONG
2025-02-06 16:00:00,London,0.772093023255814,0.7,long,2853.746,2836.7810714285715,2886.6758571428572,0.03,50.0,0.005,16.46492857142854,1.0,2.0,0.5,100.0,LONG
2025-02-06 20:00:00,NY,0.9444444444444444,0.7,long,2858.0,2842.8818571428574,2887.2362857142857,0.03,50.0,0.005,14.618142857142857,1.0,2.0,0.5,100.0,LONG
2025-02-07 00:00:00,Off,0.772093023255814,0.7,long,2867.193,2852.0452142857143,2896.4885714285715,0.03,50.0,0.005,14.647785714285712,1.0,2.0,0.5,100.0,LONG
2025-02-07 12:00:00,London,0.725,0.7,long,2880.315,2863.669428571429,2912.606142857143,0.03,50.0,0.005,16.145571428571397,1.0,2.0,0.5,100.0,LONG
2025-02-09 20:00:00,NY,0.7615894039735099,0.7,long,2867.495,2851.764857142857,2897.9552857142858,0.03,50.0,0.005,15.230142857142871,1.0,2.0,0.5,100.0,LONG
2025-02-10 00:00:00,Off,0.772093023255814,0.7,long,2875.572,2859.8672142857145,2905.9815714285714,0.03,50.0,0.005,15.204785714285729,1.0,2.0,0.5,100.0,LONG
2025-02-10 04:00:00,Off,0.725,0.7,long,2895.506,2878.8997142857143,2927.718571428571,0.03,50.0,0.005,16.1062857142857,1.0,2.0,0.5,100.0,LONG
2025-02-11 08:00:00,London,0.7615894039735099,0.7,long,2903.981,2885.3925000000004,2940.1580000000004,0.03,50.0,0.005,18.08849999999997,1.0,2.0,0.5,100.0,LONG
2025-02-11 12:00:00,London,0.7615894039735099,0.7,long,2904.794,2884.962857142857,2943.4562857142855,0.03,50.0,0.005,19.331142857142822,1.0,2.0,0.5,100.0,LONG
2025-02-11 20:00:00,NY,0.7615894039735099,0.7,long,2898.536,2882.0304285714287,2930.5471428571427,0.03,50.0,0.005,16.005571428571393,1.0,2.0,0.5,100.0,LONG
2025-02-12 00:00:00,Off,0.7615894039735099,0.7,long,2889.001,2871.7333571428576,2922.536285714286,0.03,50.0,0.005,16.767642857142814,1.0,2.0,0.5,100.0,LONG
2025-02-12 04:00:00,Off,0.7615894039735099,0.7,long,2892.773,2875.383428571429,2926.552142857143,0.03,50.0,0.005,16.889571428571376,1.0,2.0,0.5,100.0,LONG
2025-02-12 20:00:00,NY,0.7615894039735099,0.7,long,2905.781,2887.3975714285716,2941.547857142857,0.03,50.0,0.005,17.883428571428503,1.0,2.0,0.5,100.0,LONG
2025-02-13 00:00:00,Off,0.772093023255814,0.7,long,2916.446,2897.8444285714286,2952.6491428571426,0.03,50.0,0.005,18.101571428571333,1.0,2.0,0.5,100.0,LONG
2025-02-13 04:00:00,Off,0.7615894039735099,0.7,long,2914.569,2896.576357142857,2949.5542857142855,0.03,50.0,0.005,17.492642857142755,1.0,2.0,0.5,100.0,LONG
2025-02-13 16:00:00,London,0.772093023255814,0.7,long,2926.812,2911.1659285714286,2957.1041428571425,0.03,50.0,0.005,15.146071428571336,1.0,2.0,0.5,100.0,LONG
2025-02-13 20:00:00,NY,0.9444444444444444,0.7,long,2931.217,2916.8020714285717,2959.046857142857,0.03,50.0,0.005,13.914928571428488,1.0,2.0,0.5,100.0,LONG
2025-02-14 00:00:00,Off,0.772093023255814,0.7,long,2924.33,2909.800142857143,2952.389714285714,0.03,50.0,0.005,14.029857142857022,1.0,2.0,0.5,100.0,LONG
2025-02-14 12:00:00,London,0.725,0.7,long,2901.939,2885.252214285714,2934.312571428571,0.03,50.0,0.005,16.186785714285634,1.0,2.0,0.5,100.0,LONG
2025-02-14 16:00:00,London,0.725,0.7,long,2880.499,2863.069571428571,2914.357857142857,0.03,50.0,0.005,16.92942857142852,1.0,2.0,0.5,100.0,LONG
2025-02-17 00:00:00,Off,0.772093023255814,0.7,long,2903.603,2887.013,2935.783,0.03,50.0,0.005,16.089999999999982,1.0,2.0,0.5,100.0,LONG
2025-02-17 04:00:00,Off,0.772093023255814,0.7,long,2902.49,2885.8656428571426,2934.738714285714,0.03,50.0,0.005,16.124357142857175,1.0,2.0,0.5,100.0,LONG
2025-02-17 08:00:00,London,0.7615894039735099,0.7,long,2900.992,2884.283785714286,2933.408428571429,0.03,50.0,0.005,16.208214285714316,1.0,2.0,0.5,100.0,LONG
2025-02-17 12:00:00,London,0.772093023255814,0.7,long,2899.232,2882.6185,2931.459,0.03,50.0,0.005,16.113500000000027,1.0,2.0,0.5,100.0,LONG
2025-02-17 16:00:00,London,0.7615894039735099,0.7,long,2897.392,2881.5504285714283,2928.075142857143,0.03,50.0,0.005,15.341571428571472,1.0,2.0,0.5,100.0,LONG
2025-02-18 00:00:00,Off,0.7615894039735099,0.7,long,2909.016,2893.2377857142856,2939.5724285714286,0.03,50.0,0.005,15.278214285714316,1.0,2.0,0.5,100.0,LONG
2025-02-18 04:00:00,Off,0.7615894039735099,0.7,long,2911.501,2895.884142857143,2941.7347142857147,0.03,50.0,0.005,15.116857142857205,1.0,2.0,0.5,100.0,LONG
2025-02-18 12:00:00,London,0.7701141202076951,0.7,long,2927.02,2911.297,2957.466,0.03,50.0,0.005,15.223000000000022,1.0,2.0,0.5,100.0,LONG
2025-02-18 20:00:00,NY,0.772093023255814,0.7,long,2934.061,2921.801428571429,2957.580142857143,0.04,50.0,0.005,11.75957142857143,1.0,2.0,0.5,100.0,LONG
2025-02-19 00:00:00,Off,0.772093023255814,0.7,long,2928.825,2916.111571428571,2953.251857142857,0.04,50.0,0.005,12.21342857142856,1.0,2.0,0.5,100.0,LONG
2025-02-19 08:00:00,London,0.7615894039735099,0.7,long,2935.079,2923.670142857143,2956.8967142857146,0.04,50.0,0.005,10.908857142857157,1.0,2.0,0.5,100.0,LONG
2025-02-19 12:00:00,London,0.772093023255814,0.7,long,2925.721,2914.3862142857142,2947.3905714285715,0.04,50.0,0.005,10.834785714285706,1.0,2.0,0.5,100.0,LONG
2025-02-19 16:00:00,London,0.772093023255814,0.7,long,2931.754,2920.2547142857143,2953.752571428571,0.04,50.0,0.005,10.999285714285731,1.0,2.0,0.5,100.0,LONG
2025-02-19 20:00:00,NY,0.7615894039735099,0.7,long,2935.384,2924.066357142857,2957.0192857142856,0.04,50.0,0.005,10.817642857142866,1.0,2.0,0.5,100.0,LONG
2025-02-20 00:00:00,Off,0.772093023255814,0.7,long,2941.913,2930.208071428571,2964.322857142857,0.04,50.0,0.005,11.204928571428582,1.0,2.0,0.5,100.0,LONG
2025-02-20 04:00:00,Off,0.772093023255814,0.7,long,2948.925,2936.321785714286,2973.131428571429,0.04,50.0,0.005,12.103214285714298,1.0,2.0,0.5,100.0,LONG
2025-02-20 12:00:00,London,0.772093023255814,0.7,long,2938.545,2925.427642857143,2963.7797142857144,0.04,50.0,0.005,12.617357142857143,1.0,2.0,0.5,100.0,LONG
2025-02-20 20:00:00,NY,0.772093023255814,0.7,long,2941.53,2928.699,2966.1920000000005,0.04,50.0,0.005,12.331000000000031,1.0,2.0,0.5,100.0,LONG
2025-02-21 04:00:00,Off,0.75,0.7,long,2930.07,2916.0867142857146,2957.0365714285717,0.04,50.0,0.005,13.48328571428572,1.0,2.0,0.5,100.0,LONG
2025-02-21 20:00:00,NY,0.7615894039735099,0.7,long,2936.453,2922.18,2963.999,0.04,50.0,0.005,13.773000000000009,1.0,2.0,0.5,100.0,LONG
2025-02-23 20:00:00,NY,0.772093023255814,0.7,long,2936.867,2923.281142857143,2963.0387142857144,0.04,50.0,0.005,13.085857142857126,1.0,2.0,0.5,100.0,LONG
2025-02-25 04:00:00,Off,0.772093023255814,0.7,long,2931.736,2917.5979285714284,2959.012142857143,0.04,50.0,0.005,13.63807142857146,1.0,2.0,0.5,100.0,LONG
2025-02-25 08:00:00,London,0.772093023255814,0.7,long,2938.626,2924.2678571428573,2966.342285714286,0.03,50.0,0.005,13.858142857142932,1.0,2.0,0.5,100.0,LONG
2025-03-07 16:00:00,London,0.725,0.7,long,2905.229,2889.118,2936.4509999999996,0.03,50.0,0.005,15.610999999999974,1.0,2.0,0.5,100.0,LONG
2025-03-07 20:00:00,NY,0.7615894039735099,0.7,long,2911.256,2896.6876428571427,2939.392714285714,0.03,50.0,0.005,14.0683571428571,1.0,2.0,0.5,100.0,LONG
2025-03-09 20:00:00,NY,0.772093023255814,0.7,long,2916.187,2902.4322857142856,2942.6964285714284,0.04,50.0,0.005,13.25471428571424,1.0,2.0,0.5,100.0,LONG
2025-03-10 04:00:00,Off,0.772093023255814,0.7,long,2908.444,2894.3919285714287,2935.5481428571425,0.04,50.0,0.005,13.55207142857135,1.0,2.0,0.5,100.0,LONG
2025-03-10 08:00:00,London,0.772093023255814,0.7,long,2904.027,2889.5070714285716,2932.066857142857,0.03,50.0,0.005,14.019928571428506,1.0,2.0,0.5,100.0,LONG
2025-03-14 20:00:00,NY,0.7615894039735099,0.7,long,2986.37,2971.775642857143,3014.5587142857144,0.03,50.0,0.005,14.094357142857136,1.0,2.0,0.5,100.0,LONG
2025-03-16 20:00:00,NY,0.772093023255814,0.7,long,2990.061,2975.796642857143,3017.5897142857143,0.04,50.0,0.005,13.764357142857111,1.0,2.0,0.5,100.0,LONG
2025-03-17 00:00:00,Off,0.772093023255814,0.7,long,2986.917,2972.6991428571428,3014.3527142857142,0.04,50.0,0.005,13.717857142857124,1.0,2.0,0.5,100.0,LONG
2025-03-17 04:00:00,Off,0.772093023255814,0.7,long,2985.538,2971.466785714286,3012.6804285714284,0.04,50.0,0.005,13.571214285714277,1.0,2.0,0.5,100.0,LONG
2025-03-17 12:00:00,London,0.9444444444444444,0.7,long,2997.115,2982.573214285714,3025.198571428571,0.03,50.0,0.005,14.04178571428575,1.0,2.0,0.5,100.0,LONG
2025-03-17 16:00:00,London,0.772093023255814,0.7,long,3000.173,2987.898357142857,3023.7222857142856,0.04,50.0,0.005,11.774642857142908,1.0,2.0,0.5,100.0,LONG
2025-03-17 20:00:00,NY,0.772093023255814,0.7,long,2999.831,2987.979714285714,3022.5335714285716,0.04,50.0,0.005,11.351285714285757,1.0,2.0,0.5,100.0,LONG
2025-03-18 12:00:00,London,0.7615894039735099,0.7,long,3031.758,3019.7296428571426,3054.814714285714,0.04,50.0,0.005,11.528357142857203,1.0,2.0,0.5,100.0,LONG
2025-03-18 20:00:00,NY,0.7615894039735099,0.7,long,3031.774,3020.9517857142855,3052.4184285714286,0.05,50.0,0.005,10.322214285714349,1.0,2.0,0.5,100.0,LONG
2025-03-19 00:00:00,Off,0.7615894039735099,0.7,long,3036.325,3025.174071428571,3057.6268571428573,0.04,50.0,0.005,10.650928571428624,1.0,2.0,0.5,100.0,LONG
2025-03-19 04:00:00,Off,0.772093023255814,0.7,long,3035.896,3024.528428571429,3057.631142857143,0.04,50.0,0.005,10.867571428571509,1.0,2.0,0.5,100.0,LONG
2025-03-20 08:00:00,London,0.772093023255814,0.7,long,3034.433,3020.7284285714286,3060.842142857143,0.04,50.0,0.005,13.20457142857143,1.0,2.0,0.5,100.0,LONG
2025-03-20 12:00:00,London,0.772093023255814,0.7,long,3040.765,3027.092071428571,3067.110857142857,0.04,50.0,0.005,13.17292857142859,1.0,2.0,0.5,100.0,LONG
2025-03-20 16:00:00,London,0.772093023255814,0.7,long,3044.602,3031.000642857143,3070.804714285714,0.04,50.0,0.005,13.101357142857166,1.0,2.0,0.5,100.0,LONG
2025-03-20 20:00:00,NY,0.772093023255814,0.7,long,3046.409,3033.5595,3071.108,0.04,50.0,0.005,12.349500000000036,1.0,2.0,0.5,100.0,LONG
2025-03-21 00:00:00,Off,0.7615894039735099,0.7,long,3030.585,3017.071,3056.6130000000003,0.04,50.0,0.005,13.014000000000026,1.0,2.0,0.5,100.0,LONG
2025-03-21 04:00:00,Off,0.7615894039735099,0.7,long,3031.927,3017.846785714286,3059.087428571429,0.04,50.0,0.005,13.58021428571432,1.0,2.0,0.5,100.0,LONG
2025-03-21 16:00:00,London,0.725,0.7,long,3020.001,3004.4467142857143,3050.1095714285716,0.03,50.0,0.005,15.054285714285763,1.0,2.0,0.5,100.0,LONG
2025-03-21 20:00:00,NY,0.7615894039735099,0.7,long,3023.493,3008.7251428571426,3052.028714285714,0.03,50.0,0.005,14.267857142857142,1.0,2.0,0.5,100.0,LONG
2025-03-23 20:00:00,NY,0.772093023255814,0.7,long,3024.721,3011.269357142857,3050.6242857142856,0.04,50.0,0.005,12.951642857142849,1.0,2.0,0.5,100.0,LONG
2025-03-24 00:00:00,Off,0.9444444444444444,0.7,long,3016.959,3003.159357142857,3043.5582857142854,0.04,50.0,0.005,13.299642857142835,1.0,2.0,0.5,100.0,LONG
2025-03-24 04:00:00,Off,0.772093023255814,0.7,long,3022.361,3008.473857142857,3049.1352857142856,0.04,50.0,0.005,13.387142857142862,1.0,2.0,0.5,100.0,LONG
2025-03-24 20:00:00,NY,0.8771483394876003,0.7,long,3009.91,2996.342857142857,3036.0442857142857,0.04,50.0,0.005,13.067142857142828,1.0,2.0,0.5,100.0,LONG
2025-03-25 00:00:00,Off,0.772093023255814,0.7,long,3015.248,3001.277857142857,3042.1882857142855,0.04,50.0,0.005,13.470142857142816,1.0,2.0,0.5,100.0,LONG
2025-03-25 04:00:00,Off,0.772093023255814,0.7,long,3011.13,2997.657928571429,3037.0741428571428,0.04,50.0,0.005,12.972071428571391,1.0,2.0,0.5,100.0,LONG
2025-03-25 20:00:00,NY,0.772093023255814,0.7,long,3021.041,3009.284785714286,3043.5534285714284,0.04,50.0,0.005,11.25621428571422,1.0,2.0,0.5,100.0,LONG
2025-03-26 08:00:00,London,0.772093023255814,0.7,long,3027.584,3014.1851428571426,3053.381714285714,0.04,50.0,0.005,12.898857142857098,1.0,2.0,0.5,100.0,LONG
2025-03-26 12:00:00,London,0.772093023255814,0.7,long,3015.878,3002.1039285714287,3042.426142857143,0.04,50.0,0.005,13.274071428571396,1.0,2.0,0.5,100.0,LONG
2025-03-26 20:00:00,NY,0.7615894039735099,0.7,long,3021.623,3009.554,3044.761,0.04,50.0,0.005,11.56899999999996,1.0,2.0,0.5,100.0,LONG
2025-03-27 12:00:00,London,0.9444444444444444,0.7,long,3052.206,3037.8680714285715,3079.8818571428574,0.03,50.0,0.005,13.83792857142862,1.0,2.0,0.5,100.0,LONG
2025-03-27 20:00:00,NY,0.772093023255814,0.7,long,3055.71,3043.088357142857,3079.953285714286,0.04,50.0,0.005,12.121642857142888,1.0,2.0,0.5,100.0,LONG
2025-03-28 04:00:00,Off,0.7615894039735099,0.7,long,3079.348,3064.9627857142855,3107.1184285714285,0.03,50.0,0.005,13.88521428571432,1.0,2.0,0.5,100.0,LONG
2025-03-28 08:00:00,London,0.725,0.7,long,3076.369,3061.6727142857144,3104.7615714285716,0.03,50.0,0.005,14.19628571428575,1.0,2.0,0.5,100.0,LONG
2025-03-28 16:00:00,London,0.772093023255814,0.7,long,3080.734,3066.0322857142855,3109.1374285714287,0.03,50.0,0.005,14.201714285714322,1.0,2.0,0.5,100.0,LONG
2025-03-28 20:00:00,NY,0.7615894039735099,0.7,long,3085.002,3071.186857142857,3111.632285714286,0.04,50.0,0.005,13.315142857142876,1.0,2.0,0.5,100.0,LONG
2025-03-30 20:00:00,NY,0.772093023255814,0.7,long,3089.213,3074.885071428572,3116.8688571428575,0.03,50.0,0.005,13.827928571428597,1.0,2.0,0.5,100.0,LONG
2025-03-31 08:00:00,London,0.7615894039735099,0.7,long,3119.48,3102.0769285714287,3153.2861428571427,0.03,50.0,0.005,16.90307142857143,1.0,2.0,0.5,100.0,LONG
2025-03-31 12:00:00,London,0.772093023255814,0.7,long,3113.807,3096.022214285714,3148.376571428571,0.03,50.0,0.005,17.284785714285686,1.0,2.0,0.5,100.0,LONG
2025-03-31 16:00:00,London,0.7615894039735099,0.7,long,3124.36,3107.5352142857146,3157.0095714285712,0.03,50.0,0.005,16.32478571428565,1.0,2.0,0.5,100.0,LONG
2025-03-31 20:00:00,NY,0.772093023255814,0.7,long,3120.581,3104.018142857143,3152.7067142857145,0.03,50.0,0.005,16.06285714285712,1.0,2.0,0.5,100.0,LONG
2025-04-01 20:00:00,NY,0.7615894039735099,0.7,long,3115.168,3096.299642857143,3151.9047142857144,0.03,50.0,0.005,18.36835714285712,1.0,2.0,0.5,100.0,LONG
2025-04-02 04:00:00,Off,0.7615894039735099,0.7,long,3125.314,3104.8180714285713,3165.305857142857,0.02,50.0,0.005,19.99592857142856,1.0,2.0,0.5,100.0,LONG
2025-04-02 08:00:00,London,0.725,0.7,long,3121.23,3101.5237142857145,3159.6425714285715,0.03,50.0,0.005,19.20628571428571,1.0,2.0,0.5,100.0,LONG
2025-04-02 12:00:00,London,0.772093023255814,0.7,long,3125.883,3106.651,3163.3469999999998,0.03,50.0,0.005,18.73199999999997,1.0,2.0,0.5,100.0,LONG
2025-04-03 00:00:00,Off,0.772093023255814,0.7,long,3148.066,3125.471714285714,3192.254571428571,0.02,50.0,0.005,22.094285714285725,1.0,2.0,0.5,100.0,LONG
2025-04-03 04:00:00,Off,0.772093023255814,0.7,long,3128.957,3104.4412857142856,3176.9884285714284,0.02,50.0,0.005,24.015714285714303,1.0,2.0,0.5,100.0,LONG
2025-04-03 08:00:00,London,0.7615894039735099,0.7,long,3093.188,3067.2612142857142,3144.0415714285714,0.02,50.0,0.005,25.426785714285707,1.0,2.0,0.5,100.0,LONG
2025-04-03 12:00:00,London,0.772093023255814,0.7,long,3110.521,3080.5524285714287,3169.458142857143,0.02,50.0,0.005,29.46857142857139,1.0,2.0,0.5,100.0,LONG
2025-04-03 16:00:00,London,0.7615894039735099,0.7,long,3107.593,3077.5009999999997,3166.7769999999996,0.02,50.0,0.005,29.591999999999967,1.0,2.0,0.5,100.0,LONG
2025-04-03 20:00:00,NY,0.7615894039735099,0.7,long,3112.884,3083.572,3170.508,0.02,50.0,0.005,28.812,1.0,2.0,0.5,100.0,LONG
2025-04-04 16:00:00,London,0.725,0.7,long,3036.427,2997.8719285714287,3112.537142857143,0.01,50.0,0.005,38.05507142857141,1.0,2.0,0.5,100.0,LONG
2025-04-04 20:00:00,NY,0.725,0.7,long,3038.506,3000.5596428571425,3113.398714285714,0.01,50.0,0.005,37.44635714285716,1.0,2.0,0.5,100.0,LONG
2025-04-06 20:00:00,NY,0.7615894039735099,0.7,long,2999.944,2958.7277142857142,3081.3765714285714,0.01,50.0,0.005,40.71628571428573,1.0,2.0,0.5,100.0,LONG
2025-04-07 00:00:00,Off,0.772093023255814,0.7,long,3018.922,2976.131,3103.504,0.01,50.0,0.005,42.29100000000004,1.0,2.0,0.5,100.0,LONG
2025-04-07 04:00:00,Off,0.772093023255814,0.7,long,3018.569,2975.2541428571426,3104.1987142857142,0.01,50.0,0.005,42.8148571428572,1.0,2.0,0.5,100.0,LONG
2025-04-14 04:00:00,Off,0.772093023255814,0.7,long,3228.013,3199.654071428571,3283.730857142857,0.02,50.0,0.005,27.85892857142861,1.0,2.0,0.5,100.0,LONG
2025-04-14 08:00:00,London,0.725,0.7,long,3223.359,3195.0374285714283,3279.0021428571426,0.02,50.0,0.005,27.821571428571456,1.0,2.0,0.5,100.0,LONG
2025-04-14 16:00:00,London,0.7615894039735099,0.7,long,3212.699,3186.4050714285713,3264.286857142857,0.02,50.0,0.005,25.793928571428587,1.0,2.0,0.5,100.0,LONG
2025-04-15 04:00:00,Off,0.7615894039735099,0.7,long,3225.671,3202.294,3271.4249999999997,0.02,50.0,0.005,22.87700000000005,1.0,2.0,0.5,100.0,LONG
2025-04-15 08:00:00,London,0.725,0.7,long,3220.164,3197.979285714286,3263.533428571429,0.02,50.0,0.005,21.68471428571433,1.0,2.0,0.5,100.0,LONG
2025-04-15 16:00:00,London,0.7615894039735099,0.7,long,3229.793,3210.096,3268.1870000000004,0.03,50.0,0.005,19.19700000000002,1.0,2.0,0.5,100.0,LONG
2025-04-16 08:00:00,London,0.7615894039735099,0.7,long,3306.842,3285.163857142857,3349.1982857142857,0.02,50.0,0.005,21.178142857142834,1.0,2.0,0.5,100.0,LONG
2025-04-16 16:00:00,London,0.7615894039735099,0.7,long,3336.694,3314.2892142857145,3380.5035714285714,0.02,50.0,0.005,21.90478571428568,1.0,2.0,0.5,100.0,LONG
2025-04-17 00:00:00,Off,0.772093023255814,0.7,long,3344.529,3321.714857142857,3389.1572857142855,0.02,50.0,0.005,22.31414285714284,1.0,2.0,0.5,100.0,LONG
2025-04-17 04:00:00,Off,0.772093023255814,0.7,long,3323.323,3298.850214285714,3371.2685714285712,0.02,50.0,0.005,23.97278571428569,1.0,2.0,0.5,100.0,LONG
2025-04-17 08:00:00,London,0.725,0.7,long,3327.371,3302.717785714286,3375.6774285714287,0.02,50.0,0.005,24.15321428571425,1.0,2.0,0.5,100.0,LONG
2025-04-17 16:00:00,London,0.772093023255814,0.7,long,3320.746,3292.1325714285717,3376.9728571428573,0.02,50.0,0.005,28.11342857142849,1.0,2.0,0.5,100.0,LONG
2025-04-17 20:00:00,NY,0.772093023255814,0.7,long,3327.671,3299.3674285714287,3383.2781428571425,0.02,50.0,0.005,27.80357142857133,1.0,2.0,0.5,100.0,LONG
2025-04-20 20:00:00,NY,0.7615894039735099,0.7,long,3348.078,3318.8429285714287,3405.5481428571425,0.02,50.0,0.005,28.73507142857134,1.0,2.0,0.5,100.0,LONG
2025-04-21 12:00:00,London,0.772093023255814,0.7,long,3422.941,3393.510214285714,3480.802571428571,0.02,50.0,0.005,28.930785714285644,1.0,2.0,0.5,100.0,LONG
2025-04-21 20:00:00,NY,0.772093023255814,0.7,long,3434.548,3405.343214285714,3491.957571428571,0.02,50.0,0.005,28.70478571428563,1.0,2.0,0.5,100.0,LONG
2025-04-22 00:00:00,Off,0.772093023255814,0.7,long,3487.777,3454.340142857143,3553.650714285714,0.01,50.0,0.005,32.93685714285708,1.0,2.0,0.5,100.0,LONG
2025-04-22 08:00:00,London,0.7615894039735099,0.7,long,3456.705,3423.1095714285716,3522.895857142857,0.01,50.0,0.005,33.09542857142849,1.0,2.0,0.5,100.0,LONG
2025-04-22 12:00:00,London,0.7615894039735099,0.7,long,3417.721,3381.647214285714,3488.868571428571,0.01,50.0,0.005,35.57378571428564,1.0,2.0,0.5,100.0,LONG
2025-04-22 16:00:00,London,0.7615894039735099,0.7,long,3374.789,3339.014571428572,3445.337857142857,0.01,50.0,0.005,35.27442857142852,1.0,2.0,0.5,100.0,LONG
2025-04-22 20:00:00,NY,0.7615894039735099,0.7,long,3336.561,3297.9805714285717,3412.721857142857,0.01,50.0,0.005,38.08042857142852,1.0,2.0,0.5,100.0,LONG
2025-04-23 00:00:00,Off,0.772093023255814,0.7,long,3338.878,3296.9717142857144,3421.6905714285717,0.01,50.0,0.005,41.40628571428569,1.0,2.0,0.5,100.0,LONG
2025-04-23 08:00:00,London,0.725,0.7,long,3324.594,3280.5785714285716,3411.6248571428573,0.01,50.0,0.005,43.51542857142853,1.0,2.0,0.5,100.0,LONG
2025-05-07 00:00:00,Off,0.772093023255814,0.7,long,3375.541,3343.293857142857,3439.035285714286,0.02,50.0,0.005,31.747142857142894,1.0,2.0,0.5,100.0,LONG
2025-05-07 04:00:00,Off,0.7615894039735099,0.7,long,3388.016,3355.2219285714286,3452.604142857143,0.02,50.0,0.005,32.29407142857148,1.0,2.0,0.5,100.0,LONG
2025-05-07 16:00:00,London,0.772093023255814,0.7,long,3371.904,3340.5644285714284,3433.583142857143,0.02,50.0,0.005,30.839571428571453,1.0,2.0,0.5,100.0,LONG
2025-05-07 20:00:00,NY,0.7615894039735099,0.7,long,3376.488,3345.6041428571425,3437.255714285714,0.02,50.0,0.005,30.383857142857128,1.0,2.0,0.5,100.0,LONG
2025-05-08 00:00:00,Off,0.772093023255814,0.7,long,3396.864,3365.340714285714,3458.9105714285715,0.02,50.0,0.005,31.02328571428575,1.0,2.0,0.5,100.0,LONG
2025-05-08 04:00:00,Off,0.772093023255814,0.7,long,3342.884,3306.462642857143,3414.7267142857145,0.01,50.0,0.005,35.92135714285717,1.0,2.0,0.5,100.0,LONG
2025-05-08 08:00:00,London,0.725,0.7,long,3344.381,3311.3584285714282,3409.4261428571426,0.02,50.0,0.005,32.522571428571446,1.0,2.0,0.5,100.0,LONG
2025-05-08 16:00:00,London,0.772093023255814,0.7,long,3306.384,3270.6020714285714,3376.947857142857,0.01,50.0,0.005,35.28192857142858,1.0,2.0,0.5,100.0,LONG
2025-05-08 20:00:00,NY,0.772093023255814,0.7,long,3316.412,3281.0979285714284,3386.0401428571427,0.01,50.0,0.005,34.81407142857146,1.0,2.0,0.5,100.0,LONG
2025-05-09 00:00:00,Off,0.7615894039735099,0.7,long,3308.106,3271.4318571428576,3380.454285714286,0.01,50.0,0.005,36.17414285714286,1.0,2.0,0.5,100.0,LONG
2025-05-09 12:00:00,London,0.725,0.7,long,3345.064,3312.2651428571426,3409.661714285714,0.02,50.0,0.005,32.29885714285712,1.0,2.0,0.5,100.0,LONG
2025-05-09 20:00:00,NY,0.725,0.7,long,3326.805,3295.3934999999997,3388.6279999999997,0.02,50.0,0.005,30.9115,1.0,2.0,0.5,100.0,LONG
2025-05-11 20:00:00,NY,0.725,0.7,long,3287.534,3254.214785714286,3353.1724285714286,0.02,50.0,0.005,32.81921428571426,1.0,2.0,0.5,100.0,LONG
2025-05-12 00:00:00,Off,0.772093023255814,0.7,long,3283.25,3248.6597142857145,3351.4305714285715,0.01,50.0,0.005,34.09028571428569,1.0,2.0,0.5,100.0,LONG
2025-05-12 04:00:00,Off,0.772093023255814,0.7,long,3222.647,3186.163,3294.615,0.01,50.0,0.005,35.98399999999996,1.0,2.0,0.5,100.0,LONG
2025-05-12 12:00:00,London,0.772093023255814,0.7,long,3239.262,3205.6633571428574,3305.4592857142857,0.01,50.0,0.005,33.098642857142785,1.0,2.0,0.5,100.0,LONG
2025-05-12 16:00:00,London,0.7615894039735099,0.7,long,3235.394,3203.4368571428568,3298.3082857142854,0.02,50.0,0.005,31.4571428571428,1.0,2.0,0.5,100.0,LONG
2025-05-12 20:00:00,NY,0.772093023255814,0.7,long,3236.88,3207.0563571428575,3295.527285714286,0.02,50.0,0.005,29.32364285714279,1.0,2.0,0.5,100.0,LONG
2025-05-13 04:00:00,Off,0.725,0.7,long,3259.098,3230.014857142857,3316.2642857142855,0.02,50.0,0.005,28.58314285714277,1.0,2.0,0.5,100.0,LONG
2025-05-13 08:00:00,London,0.725,0.7,long,3249.167,3220.916857142857,3304.6672857142853,0.02,50.0,0.005,27.750142857142787,1.0,2.0,0.5,100.0,LONG
2025-05-13 16:00:00,London,0.7615894039735099,0.7,long,3249.324,3220.9019285714285,3305.168142857143,0.02,50.0,0.005,27.92207142857137,1.0,2.0,0.5,100.0,LONG
2025-05-13 20:00:00,NY,0.7615894039735099,0.7,long,3254.414,3226.92,3308.402,0.02,50.0,0.005,26.993999999999915,1.0,2.0,0.5,100.0,LONG
2025-05-14 00:00:00,Off,0.772093023255814,0.7,long,3228.366,3199.2090714285714,3285.679857142857,0.02,50.0,0.005,28.656928571428484,1.0,2.0,0.5,100.0,LONG
2025-05-14 04:00:00,Off,0.7615894039735099,0.7,long,3238.085,3212.0462142857145,3289.1625714285715,0.02,50.0,0.005,25.538785714285627,1.0,2.0,0.5,100.0,LONG
2025-05-14 12:00:00,London,0.772093023255814,0.7,long,3182.674,3158.5424285714284,3229.9371428571426,0.02,50.0,0.005,23.631571428571338,1.0,2.0,0.5,100.0,LONG
2025-05-14 20:00:00,NY,0.7615894039735099,0.7,long,3186.128,3163.5580714285716,3230.2678571428573,0.02,50.0,0.005,22.06992857142849,1.0,2.0,0.5,100.0,LONG
2025-05-22 04:00:00,Off,0.7615894039735099,0.7,long,3327.621,3303.9515714285717,3373.9598571428573,0.02,50.0,0.005,23.16942857142853,1.0,2.0,0.5,100.0,LONG
2025-05-22 08:00:00,London,0.7615894039735099,0.7,long,3314.466,3289.4630714285713,3363.471857142857,0.02,50.0,0.005,24.50292857142855,1.0,2.0,0.5,100.0,LONG
2025-05-23 20:00:00,NY,0.725,0.7,long,3356.306,3333.4556428571427,3401.0067142857147,0.02,50.0,0.005,22.350357142857224,1.0,2.0,0.5,100.0,LONG
2025-05-25 20:00:00,NY,0.7615894039735099,0.7,long,3342.713,3320.375857142857,3386.387285714286,0.02,50.0,0.005,21.83714285714294,1.0,2.0,0.5,100.0,LONG
2025-05-26 00:00:00,Off,0.772093023255814,0.7,long,3347.636,3324.268857142857,3393.3702857142857,0.02,50.0,0.005,22.867142857142944,1.0,2.0,0.5,100.0,LONG
2025-05-26 08:00:00,London,0.75,0.7,long,3333.13,3310.266357142857,3377.857285714286,0.02,50.0,0.005,22.363642857142946,1.0,2.0,0.5,100.0,LONG
2025-05-26 16:00:00,London,0.7615894039735099,0.7,long,3341.558,3323.1232857142854,3377.4274285714287,0.03,50.0,0.005,17.934714285714367,1.0,2.0,0.5,100.0,LONG
2025-05-27 00:00:00,Off,0.772093023255814,0.7,long,3341.217,3322.978,3376.695,0.03,50.0,0.005,17.739000000000065,1.0,2.0,0.5,100.0,LONG
2025-05-27 04:00:00,Off,0.772093023255814,0.7,long,3296.244,3276.0772857142856,3335.5774285714288,0.02,50.0,0.005,19.66671428571437,1.0,2.0,0.5,100.0,LONG
2025-05-27 16:00:00,London,0.7615894039735099,0.7,long,3304.38,3286.381642857143,3339.3767142857146,0.03,50.0,0.005,17.498357142857166,1.0,2.0,0.5,100.0,LONG
2025-05-27 20:00:00,NY,0.7615894039735099,0.7,long,3309.411,3291.1435714285717,3344.945857142857,0.03,50.0,0.005,17.76742857142858,1.0,2.0,0.5,100.0,LONG
2025-05-28 08:00:00,London,0.725,0.7,long,3311.143,3291.151714285714,3350.1255714285717,0.03,50.0,0.005,19.491285714285727,1.0,2.0,0.5,100.0,LONG
2025-05-28 12:00:00,London,0.772093023255814,0.7,long,3296.094,3275.8109285714286,3335.660142857143,0.02,50.0,0.005,19.783071428571443,1.0,2.0,0.5,100.0,LONG
2025-06-03 16:00:00,London,0.7615894039735099,0.7,long,3352.657,3332.195785714286,3392.5794285714287,0.02,50.0,0.005,19.961214285714245,1.0,2.0,0.5,100.0,LONG
2025-06-03 20:00:00,NY,0.7615894039735099,0.7,long,3359.996,3339.7228571428573,3399.5422857142858,0.02,50.0,0.005,19.77314285714283,1.0,2.0,0.5,100.0,LONG
2025-06-04 04:00:00,Off,0.772093023255814,0.7,long,3354.721,3333.7924285714284,3395.5781428571427,0.02,50.0,0.005,20.428571428571395,1.0,2.0,0.5,100.0,LONG
2025-06-04 08:00:00,London,0.7615894039735099,0.7,long,3346.577,3325.0960000000005,3388.539,0.02,50.0,0.005,20.980999999999995,1.0,2.0,0.5,100.0,LONG
2025-06-04 20:00:00,NY,0.7615894039735099,0.7,long,3378.042,3359.0310714285715,3415.063857142857,0.03,50.0,0.005,18.51092857142862,1.0,2.0,0.5,100.0,LONG
2025-06-05 04:00:00,Off,0.7615894039735099,0.7,long,3371.304,3352.117642857143,3408.6767142857143,0.03,50.0,0.005,18.6863571428572,1.0,2.0,0.5,100.0,LONG
2025-06-05 16:00:00,London,0.772093023255814,0.7,long,3356.909,3333.496857142857,3402.733285714286,0.02,50.0,0.005,22.91214285714292,1.0,2.0,0.5,100.0,LONG
2025-06-05 20:00:00,NY,0.772093023255814,0.7,long,3361.81,3339.7179285714283,3404.994142857143,0.02,50.0,0.005,21.592071428571508,1.0,2.0,0.5,100.0,LONG
2025-06-06 00:00:00,Off,0.725,0.7,long,3369.747,3347.312357142857,3413.616285714286,0.02,50.0,0.005,21.93464285714296,1.0,2.0,0.5,100.0,LONG
2025-06-06 12:00:00,London,0.725,0.7,long,3332.228,3307.4012857142857,3380.881428571429,0.02,50.0,0.005,24.326714285714388,1.0,2.0,0.5,100.0,LONG
2025-06-16 04:00:00,Off,0.7615894039735099,0.7,long,3412.619,3387.901785714286,3461.053428571429,0.02,50.0,0.005,24.217214285714267,1.0,2.0,0.5,100.0,LONG
2025-06-16 08:00:00,London,0.7615894039735099,0.7,long,3415.0,3392.0198571428573,3459.960285714286,0.02,50.0,0.005,22.48014285714284,1.0,2.0,0.5,100.0,LONG
2025-06-16 16:00:00,London,0.7615894039735099,0.7,long,3384.094,3361.6527142857144,3427.9765714285713,0.02,50.0,0.005,21.941285714285705,1.0,2.0,0.5,100.0,LONG
2025-06-16 20:00:00,NY,0.772093023255814,0.7,long,3402.769,3379.8682857142853,3447.5704285714282,0.02,50.0,0.005,22.40071428571429,1.0,2.0,0.5,100.0,LONG
2025-06-17 00:00:00,Off,0.772093023255814,0.7,long,3387.583,3363.747142857143,3434.2547142857143,0.02,50.0,0.005,23.33585714285713,1.0,2.0,0.5,100.0,LONG
2025-06-17 16:00:00,London,0.725,0.7,long,3385.71,3364.019928571429,3428.090142857143,0.02,50.0,0.005,21.19007142857137,1.0,2.0,0.5,100.0,LONG
2025-06-17 20:00:00,NY,0.7615894039735099,0.7,long,3387.369,3366.225785714286,3428.6554285714287,0.02,50.0,0.005,20.64321428571423,1.0,2.0,0.5,100.0,LONG
2025-06-18 00:00:00,Off,0.725,0.7,long,3390.96,3368.7442142857144,3434.3915714285713,0.02,50.0,0.005,21.71578571428563,1.0,2.0,0.5,100.0,LONG
2025-06-18 08:00:00,London,0.725,0.7,long,3382.048,3360.1065,3424.9309999999996,0.02,50.0,0.005,21.441499999999937,1.0,2.0,0.5,100.0,LONG
2025-06-18 20:00:00,NY,0.7615894039735099,0.7,long,3375.023,3352.986142857143,3418.0967142857144,0.02,50.0,0.005,21.53685714285705,1.0,2.0,0.5,100.0,LONG
2025-06-19 04:00:00,Off,0.772093023255814,0.7,long,3365.992,3343.6562857142862,3409.6634285714285,0.02,50.0,0.005,21.835714285714143,1.0,2.0,0.5,100.0,LONG
2025-06-19 08:00:00,London,0.725,0.7,long,3371.967,3350.5600000000004,3413.781,0.02,50.0,0.005,20.906999999999893,1.0,2.0,0.5,100.0,LONG
2025-06-19 12:00:00,London,0.7615894039735099,0.7,long,3369.26,3348.120785714286,3410.5384285714285,0.02,50.0,0.005,20.6392142857142,1.0,2.0,0.5,100.0,LONG
2025-06-19 16:00:00,London,0.7615894039735099,0.7,long,3373.455,3353.4910714285716,3412.3828571428567,0.03,50.0,0.005,19.463928571428465,1.0,2.0,0.5,100.0,LONG
2025-06-19 20:00:00,NY,0.772093023255814,0.7,long,3368.739,3350.1997142857144,3404.8175714285712,0.03,50.0,0.005,18.0392857142856,1.0,2.0,0.5,100.0,LONG
2025-06-20 00:00:00,Off,0.7615894039735099,0.7,long,3355.507,3336.2655714285715,3392.989857142857,0.03,50.0,0.005,18.74142857142845,1.0,2.0,0.5,100.0,LONG
2025-06-20 12:00:00,London,0.725,0.7,long,3369.856,3350.174142857143,3408.2197142857144,0.03,50.0,0.005,19.18185714285704,1.0,2.0,0.5,100.0,LONG
2025-06-20 20:00:00,NY,0.725,0.7,long,3368.546,3350.479714285714,3403.678571428571,0.03,50.0,0.005,17.566285714285577,1.0,2.0,0.5,100.0,LONG
2025-06-22 20:00:00,NY,0.7615894039735099,0.7,long,3372.755,3355.5867857142857,3406.0914285714284,0.03,50.0,0.005,16.66821428571419,1.0,2.0,0.5,100.0,LONG
2025-06-23 00:00:00,Off,0.772093023255814,0.7,long,3363.372,3345.899,3397.3179999999998,0.03,50.0,0.005,16.972999999999892,1.0,2.0,0.5,100.0,LONG
2025-06-23 04:00:00,Off,0.7615894039735099,0.7,long,3357.627,3340.1659285714286,3391.5491428571427,0.03,50.0,0.005,16.96107142857136,1.0,2.0,0.5,100.0,LONG
2025-06-24 00:00:00,Off,0.772093023255814,0.7,long,3352.476,3330.6345,3395.159,0.02,50.0,0.005,21.341499999999964,1.0,2.0,0.5,100.0,LONG
2025-06-24 08:00:00,London,0.725,0.7,long,3321.214,3298.7357857142856,3365.1704285714286,0.02,50.0,0.005,21.978214285714262,1.0,2.0,0.5,100.0,LONG
2025-07-03 00:00:00,Off,0.9444444444444444,0.7,long,3347.509,3332.200642857143,3377.125714285714,0.03,50.0,0.005,14.808357142857046,1.0,2.0,0.5,100.0,LONG
2025-07-04 00:00:00,Off,0.725,0.7,long,3338.35,3322.111142857143,3369.827714285714,0.03,50.0,0.005,15.738857142857114,1.0,2.0,0.5,100.0,LONG
2025-07-04 04:00:00,Off,0.725,0.7,long,3342.947,3326.589642857143,3374.6617142857144,0.03,50.0,0.005,15.857357142857122,1.0,2.0,0.5,100.0,LONG
2025-07-04 12:00:00,London,0.772093023255814,0.7,long,3332.393,3316.9522142857145,3362.2745714285716,0.03,50.0,0.005,14.9407857142857,1.0,2.0,0.5,100.0,LONG
2025-07-07 16:00:00,London,0.772093023255814,0.7,long,3336.988,3321.0275714285713,3367.908857142857,0.03,50.0,0.005,15.460428571428595,1.0,2.0,0.5,100.0,LONG
2025-07-08 00:00:00,Off,0.772093023255814,0.7,long,3331.469,3317.623285714286,3358.160428571429,0.04,50.0,0.005,13.345714285714296,1.0,2.0,0.5,100.0,LONG
2025-07-08 04:00:00,Off,0.772093023255814,0.7,long,3333.915,3319.7992142857142,3361.1465714285714,0.04,50.0,0.005,13.61578571428572,1.0,2.0,0.5,100.0,LONG
2025-07-08 12:00:00,London,0.7701141202076951,0.7,long,3298.241,3281.6268571428573,3330.469285714286,0.03,50.0,0.005,16.114142857142888,1.0,2.0,0.5,100.0,LONG
2025-07-08 16:00:00,London,0.7615894039735099,0.7,long,3302.992,3286.2559285714287,3335.464142857143,0.03,50.0,0.005,16.23607142857145,1.0,2.0,0.5,100.0,LONG
2025-07-08 20:00:00,NY,0.7615894039735099,0.7,long,3302.277,3285.566142857143,3334.6987142857142,0.03,50.0,0.005,16.210857142857158,1.0,2.0,0.5,100.0,LONG
2025-07-09 00:00:00,Off,0.772093023255814,0.7,long,3293.276,3275.1814999999997,3328.4649999999997,0.03,50.0,0.005,17.59450000000002,1.0,2.0,0.5,100.0,LONG
2025-07-14 08:00:00,London,0.772093023255814,0.7,long,3364.169,3349.0150714285714,3393.476857142857,0.03,50.0,0.005,14.653928571428551,1.0,2.0,0.5,100.0,LONG
2025-07-14 12:00:00,London,0.772093023255814,0.7,long,3345.105,3328.976285714286,3376.3624285714286,0.03,50.0,0.005,15.628714285714263,1.0,2.0,0.5,100.0,LONG
2025-07-14 16:00:00,London,0.772093023255814,0.7,long,3344.125,3328.7685714285717,3373.837857142857,0.03,50.0,0.005,14.856428571428523,1.0,2.0,0.5,100.0,LONG
2025-07-14 20:00:00,NY,0.772093023255814,0.7,long,3345.337,3330.5850714285716,3373.840857142857,0.03,50.0,0.005,14.25192857142854,1.0,2.0,0.5,100.0,LONG
2025-07-15 00:00:00,Off,0.772093023255814,0.7,long,3357.841,3342.4505,3387.622,0.03,50.0,0.005,14.890499999999976,1.0,2.0,0.5,100.0,LONG
2025-07-15 04:00:00,Off,0.772093023255814,0.7,long,3364.347,3349.282571428572,3393.4758571428574,0.03,50.0,0.005,14.564428571428577,1.0,2.0,0.5,100.0,LONG
2025-07-15 12:00:00,London,0.7615894039735099,0.7,long,3328.996,3312.825714285714,3360.3365714285715,0.03,50.0,0.005,15.670285714285717,1.0,2.0,0.5,100.0,LONG
2025-07-15 16:00:00,London,0.772093023255814,0.7,long,3330.455,3315.190071428571,3359.984857142857,0.03,50.0,0.005,14.764928571428625,1.0,2.0,0.5,100.0,LONG
2025-07-15 20:00:00,NY,0.772093023255814,0.7,long,3331.056,3316.0502857142856,3360.0674285714285,0.03,50.0,0.005,14.505714285714314,1.0,2.0,0.5,100.0,LONG
2025-07-16 00:00:00,Off,0.772093023255814,0.7,long,3334.338,3318.9995714285715,3364.014857142857,0.03,50.0,0.005,14.838428571428592,1.0,2.0,0.5,100.0,LONG
2025-07-16 04:00:00,Off,0.772093023255814,0.7,long,3337.808,3323.166357142857,3366.0912857142857,0.03,50.0,0.005,14.14164285714287,1.0,2.0,0.5,100.0,LONG
2025-07-16 08:00:00,London,0.7615894039735099,0.7,long,3339.259,3325.3388571428573,3366.0992857142855,0.04,50.0,0.005,13.420142857142862,1.0,2.0,0.5,100.0,LONG
2025-07-16 16:00:00,London,0.772093023255814,0.7,long,3347.08,3329.9832857142856,3380.2734285714287,0.03,50.0,0.005,16.596714285714306,1.0,2.0,0.5,100.0,LONG
2025-07-16 20:00:00,NY,0.7615894039735099,0.7,long,3346.526,3330.7629285714283,3377.052142857143,0.03,50.0,0.005,15.26307142857146,1.0,2.0,0.5,100.0,LONG
2025-07-17 00:00:00,Off,0.7615894039735099,0.7,long,3341.486,3325.5395,3372.379,0.03,50.0,0.005,15.446500000000048,1.0,2.0,0.5,100.0,LONG
2025-07-17 04:00:00,Off,0.7615894039735099,0.7,long,3325.886,3308.9267857142854,3358.8044285714286,0.03,50.0,0.005,16.459214285714356,1.0,2.0,0.5,100.0,LONG
2025-07-17 16:00:00,London,0.772093023255814,0.7,long,3339.763,3322.0544285714286,3374.180142857143,0.03,50.0,0.005,17.2085714285715,1.0,2.0,0.5,100.0,LONG
2025-07-18 20:00:00,NY,0.7615894039735099,0.7,long,3350.395,3337.6435714285712,3374.897857142857,0.04,50.0,0.005,12.251428571428573,1.0,2.0,0.5,100.0,LONG
2025-07-20 20:00:00,NY,0.7615894039735099,0.7,long,3349.122,3337.3090714285713,3371.747857142857,0.04,50.0,0.005,11.31292857142856,1.0,2.0,0.5,100.0,LONG
