ticket_id,tf,datetime,side,lots,entry,sl,tp,comment
20240109013000_0,M15,2024-01-09 01:30:00,BUY,0.24,2031.856,2030.3297142857143,2034.9085714285713,ZENO|M15|Off p=0.71
20240110063000_1,M15,2024-01-10 06:30:00,BUY,0.22,2025.34,2023.571857142857,2028.8762857142856,ZENO|M15|Off p=0.71
20240119140000_2,M15,2024-01-19 14:00:00,BUY,0.18,2033.444,2031.1779999999999,2037.9759999999999,ZENO|M15|London p=0.83
20240123071500_3,M15,2024-01-23 07:15:00,BUY,0.17,2029.434,2027.0372857142856,2034.2274285714284,ZENO|M15|London p=0.83
20240124031500_4,M15,2024-01-24 03:15:00,BUY,0.25,2024.644,2023.193142857143,2027.5457142857144,ZENO|M15|Off p=0.83
20240129011500_5,M15,2024-01-29 01:15:00,BUY,0.16,2023.191,2020.6085714285714,2028.355857142857,ZENO|M15|Off p=0.82
20240129213000_6,M15,2024-01-29 21:30:00,BUY,0.2,2031.562,2029.6337857142858,2035.4184285714284,ZENO|M15|NY p=0.83
20240129231500_7,M15,2024-01-29 23:15:00,BUY,0.19,2030.668,2028.6039285714285,2034.7961428571427,ZENO|M15|Off p=0.83
20240129233000_8,M15,2024-01-29 23:30:00,BUY,0.2,2030.724,2028.792357142857,2034.5872857142856,ZENO|M15|Off p=0.82
20240202000000_9,M15,2024-02-02 00:00:00,BUY,0.27,2055.51,2054.2200000000003,2058.09,ZENO|M15|Off p=0.71
20240205203000_10,M15,2024-02-05 20:30:00,BUY,0.23,2025.732,2024.1481428571428,2028.8997142857143,ZENO|M15|NY p=0.82
20240205210000_11,M15,2024-02-05 21:00:00,BUY,0.26,2024.924,2023.5257857142856,2027.7204285714286,ZENO|M15|NY p=0.83
20240205213000_12,M15,2024-02-05 21:30:00,BUY,0.27,2024.786,2023.4827857142857,2027.3924285714286,ZENO|M15|NY p=0.83
20240205214500_13,M15,2024-02-05 21:45:00,BUY,0.28,2024.667,2023.432357142857,2027.1362857142856,ZENO|M15|NY p=0.83
20240205231500_14,M15,2024-02-05 23:15:00,BUY,0.29,2024.035,2022.8357857142857,2026.4334285714287,ZENO|M15|Off p=0.85
20240206171500_15,M15,2024-02-06 17:15:00,BUY,0.14,2034.332,2031.343142857143,2040.3097142857143,ZENO|M15|NY p=0.83
20240206190000_16,M15,2024-02-06 19:00:00,BUY,0.18,2035.14,2032.9503571428572,2039.5192857142858,ZENO|M15|NY p=0.83
20240206203000_17,M15,2024-02-06 20:30:00,BUY,0.22,2035.636,2033.9095714285713,2039.088857142857,ZENO|M15|NY p=0.83
20240206230000_18,M15,2024-02-06 23:00:00,BUY,0.35,2035.693,2034.8040714285714,2037.470857142857,ZENO|M15|Off p=0.82
20240208193000_19,M15,2024-02-08 19:30:00,BUY,0.21,2032.005,2030.1802142857143,2035.6545714285717,ZENO|M15|NY p=0.83
20240215233000_20,M15,2024-02-15 23:30:00,BUY,0.35,2003.556,2002.6424285714286,2005.383142857143,ZENO|M15|Off p=0.85
20240304190000_21,M15,2024-03-04 19:00:00,BUY,0.1,2113.928,2109.794857142857,2122.194285714286,ZENO|M15|NY p=0.83
20240305150000_22,M15,2024-03-05 15:00:00,BUY,0.08,2135.034,2129.2894285714287,2146.523142857143,ZENO|M15|London p=0.83
20240305211500_23,M15,2024-03-05 21:15:00,BUY,0.19,2129.158,2127.0610714285713,2133.351857142857,ZENO|M15|NY p=0.71
20240307064500_24,M15,2024-03-07 06:45:00,BUY,0.14,2155.353,2152.309928571429,2161.439142857143,ZENO|M15|Off p=0.71
20240311224500_25,M15,2024-03-11 22:45:00,BUY,0.22,2181.201,2179.4689285714285,2184.6651428571427,ZENO|M15|Off p=0.83
20240313141500_26,M15,2024-03-13 14:15:00,BUY,0.14,2166.85,2163.785857142857,2172.9782857142854,ZENO|M15|London p=0.85
20240318233000_27,M15,2024-03-18 23:30:00,BUY,0.35,2161.252,2160.3334999999997,2163.089,ZENO|M15|Off p=0.83
20240319231500_28,M15,2024-03-19 23:15:00,BUY,0.35,2157.809,2156.896928571429,2159.633142857143,ZENO|M15|Off p=0.83
20240319233000_29,M15,2024-03-19 23:30:00,BUY,0.36,2157.439,2156.554071428571,2159.208857142857,ZENO|M15|Off p=0.82
20240320153000_30,M15,2024-03-20 15:30:00,BUY,0.12,2155.455,2151.793857142857,2162.7772857142854,ZENO|M15|London p=0.71
20240321004500_31,M15,2024-03-21 00:45:00,BUY,0.06,2198.931,2192.0480714285713,2212.6968571428574,ZENO|M15|Off p=0.83
20240326133000_32,M15,2024-03-26 13:30:00,BUY,0.1,2180.796,2176.3735714285713,2189.640857142857,ZENO|M15|London p=0.83
20240327053000_33,M15,2024-03-27 05:30:00,BUY,0.2,2176.895,2174.971285714286,2180.7424285714287,ZENO|M15|Off p=0.83
20240327130000_34,M15,2024-03-27 13:00:00,BUY,0.11,2186.088,2182.365142857143,2193.5337142857143,ZENO|M15|London p=0.83
20240327133000_35,M15,2024-03-27 13:30:00,BUY,0.11,2190.384,2186.5660714285714,2198.0198571428573,ZENO|M15|London p=0.85
20240327183000_36,M15,2024-03-27 18:30:00,BUY,0.2,2190.835,2188.864857142857,2194.7752857142855,ZENO|M15|NY p=0.83
20240328134500_37,M15,2024-03-28 13:45:00,BUY,0.08,2206.6,2201.0469999999996,2217.706,ZENO|M15|London p=0.83
20240402104500_38,M15,2024-04-02 10:45:00,BUY,0.12,2262.101,2258.732785714286,2268.8374285714285,ZENO|M15|London p=0.83
20240402234500_39,M15,2024-04-02 23:45:00,BUY,0.13,2280.206,2277.036285714286,2286.5454285714286,ZENO|M15|Off p=0.83
20240403050000_40,M15,2024-04-03 05:00:00,BUY,0.17,2281.787,2279.4309285714285,2286.499142857143,ZENO|M15|Off p=0.82
20240405123000_41,M15,2024-04-05 12:30:00,BUY,0.1,2289.106,2284.9927857142857,2297.332428571429,ZENO|M15|London p=0.83
20240405134500_42,M15,2024-04-05 13:45:00,BUY,0.08,2299.753,2294.3665714285717,2310.525857142857,ZENO|M15|London p=0.83
20240405190000_43,M15,2024-04-05 19:00:00,BUY,0.13,2321.95,2318.7645714285713,2328.3208571428568,ZENO|M15|NY p=0.82
20240405194500_44,M15,2024-04-05 19:45:00,BUY,0.14,2323.12,2320.254142857143,2328.851714285714,ZENO|M15|NY p=0.83
20240408060000_45,M15,2024-04-08 06:00:00,BUY,0.09,2332.374,2327.3830714285714,2342.355857142857,ZENO|M15|Off p=0.83
20240409030000_46,M15,2024-04-09 03:00:00,BUY,0.12,2344.5,2340.950714285714,2351.5985714285716,ZENO|M15|Off p=0.82
20240410130000_47,M15,2024-04-10 13:00:00,BUY,0.08,2322.192,2316.52,2333.536,ZENO|M15|London p=0.71
20240410150000_48,M15,2024-04-10 15:00:00,BUY,0.04,2332.16,2321.739285714286,2353.0014285714283,ZENO|M15|London p=0.83
20240411070000_49,M15,2024-04-11 07:00:00,BUY,0.14,2338.749,2335.814714285714,2344.6175714285714,ZENO|M15|London p=0.83
20240415203000_50,M15,2024-04-15 20:30:00,BUY,0.08,2382.452,2376.9230000000002,2393.51,ZENO|M15|NY p=0.71
20240416174500_51,M15,2024-04-16 17:45:00,BUY,0.06,2384.702,2377.1113571428573,2399.883285714286,ZENO|M15|NY p=0.71
20240417114500_52,M15,2024-04-17 11:45:00,BUY,0.13,2387.298,2383.9737857142854,2393.9464285714284,ZENO|M15|London p=0.82
20240419031500_53,M15,2024-04-19 03:15:00,BUY,0.04,2385.818,2375.949142857143,2405.5557142857147,ZENO|M15|Off p=0.83
20240423144500_54,M15,2024-04-23 14:45:00,BUY,0.07,2320.35,2313.7738571428567,2333.502285714286,ZENO|M15|London p=0.83
20240501144500_55,M15,2024-05-01 14:45:00,BUY,0.09,2304.382,2299.7205,2313.705,ZENO|M15|London p=0.83
20240501200000_56,M15,2024-05-01 20:00:00,BUY,0.05,2314.122,2306.2731428571424,2329.8197142857143,ZENO|M15|NY p=0.83
20240501230000_57,M15,2024-05-01 23:00:00,BUY,0.08,2321.491,2316.007642857143,2332.4577142857142,ZENO|M15|Off p=0.85
20240501234500_58,M15,2024-05-01 23:45:00,BUY,0.11,2323.809,2319.842642857143,2331.7417142857144,ZENO|M15|Off p=0.85
20240506143000_59,M15,2024-05-06 14:30:00,BUY,0.08,2321.258,2315.7971428571427,2332.179714285714,ZENO|M15|London p=0.83
20240509130000_60,M15,2024-05-09 13:00:00,BUY,0.1,2314.832,2310.533,2323.43,ZENO|M15|London p=0.83
20240514163000_61,M15,2024-05-14 16:30:00,BUY,0.1,2352.092,2347.772,2360.732,ZENO|M15|London p=0.83
20240515133000_62,M15,2024-05-15 13:30:00,BUY,0.08,2361.817,2356.743785714286,2371.9634285714287,ZENO|M15|London p=0.82
20240517190000_63,M15,2024-05-17 19:00:00,BUY,0.11,2414.364,2410.6257142857144,2421.8405714285714,ZENO|M15|NY p=0.82
20240520024500_64,M15,2024-05-20 02:45:00,BUY,0.08,2434.011,2428.6649285714284,2444.703142857143,ZENO|M15|Off p=0.82
20240520063000_65,M15,2024-05-20 06:30:00,BUY,0.09,2435.551,2430.891071428571,2444.870857142857,ZENO|M15|Off p=0.71
20240605170000_66,M15,2024-06-05 17:00:00,BUY,0.08,2353.766,2348.479714285714,2364.3385714285714,ZENO|M15|NY p=0.82
20240606041500_67,M15,2024-06-06 04:15:00,BUY,0.11,2368.873,2364.9027142857144,2376.813571428572,ZENO|M15|Off p=0.71
20240703111500_68,M15,2024-07-03 11:15:00,BUY,0.15,2344.639,2342.009,2349.899,ZENO|M15|London p=0.83
20240711134500_69,M15,2024-07-11 13:45:00,BUY,0.06,2406.613,2399.852785714286,2420.1334285714283,ZENO|M15|London p=0.83
20240715130000_70,M15,2024-07-15 13:00:00,BUY,0.13,2412.465,2409.3129285714285,2418.769142857143,ZENO|M15|London p=0.83
20240723124500_71,M15,2024-07-23 12:45:00,BUY,0.13,2405.453,2402.3242142857143,2411.7105714285713,ZENO|M15|London p=0.83
20240723143000_72,M15,2024-07-23 14:30:00,BUY,0.11,2405.81,2401.9432857142856,2413.543428571428,ZENO|M15|London p=0.82
20240726061500_73,M15,2024-07-26 06:15:00,BUY,0.13,2367.711,2364.4546428571425,2374.223714285714,ZENO|M15|Off p=0.82
20240726160000_74,M15,2024-07-26 16:00:00,BUY,0.09,2386.353,2381.4012142857146,2396.2565714285715,ZENO|M15|London p=0.71
20240731153000_75,M15,2024-07-31 15:30:00,BUY,0.11,2422.816,2418.898357142857,2430.6512857142857,ZENO|M15|London p=0.85
20240731180000_76,M15,2024-07-31 18:00:00,BUY,0.14,2422.356,2419.3933571428574,2428.2812857142862,ZENO|M15|NY p=0.82
20240802080000_77,M15,2024-08-02 08:00:00,BUY,0.11,2462.91,2459.129357142857,2470.4712857142854,ZENO|M15|London p=0.83
20240805061500_78,M15,2024-08-05 06:15:00,BUY,0.07,2428.069,2422.0167142857144,2440.1735714285714,ZENO|M15|Off p=0.71
20240805073000_79,M15,2024-08-05 07:30:00,BUY,0.06,2436.755,2429.4578571428574,2451.349285714286,ZENO|M15|London p=0.71
20240807134500_80,M15,2024-08-07 13:45:00,BUY,0.11,2400.04,2396.1164285714285,2407.887142857143,ZENO|M15|London p=0.85
20240811221500_81,M15,2024-08-11 22:15:00,BUY,0.19,2432.53,2430.5047142857143,2436.580571428572,ZENO|M15|Off p=0.83
20240812143000_82,M15,2024-08-12 14:30:00,BUY,0.11,2451.702,2448.0020000000004,2459.1020000000003,ZENO|M15|London p=0.82
20240814131500_83,M15,2024-08-14 13:15:00,BUY,0.08,2450.928,2445.821357142857,2461.1412857142855,ZENO|M15|London p=0.82
20240816000000_84,M15,2024-08-16 00:00:00,BUY,0.24,2457.867,2456.340857142857,2460.9192857142857,ZENO|M15|Off p=0.71
20240816141500_85,M15,2024-08-16 14:15:00,BUY,0.06,2481.651,2474.409642857143,2496.133714285714,ZENO|M15|London p=0.82
20240818221500_86,M15,2024-08-18 22:15:00,BUY,0.13,2504.241,2501.037,2510.649,ZENO|M15|Off p=0.83
20240821204500_87,M15,2024-08-21 20:45:00,BUY,0.14,2512.061,2509.104142857143,2517.9747142857145,ZENO|M15|NY p=0.83
20240821224500_88,M15,2024-08-21 22:45:00,BUY,0.17,2513.869,2511.5678571428575,2518.471285714286,ZENO|M15|Off p=0.71
20240823164500_89,M15,2024-08-23 16:45:00,BUY,0.06,2510.244,2502.5087857142858,2525.714428571429,ZENO|M15|London p=0.83
20240904180000_90,M15,2024-09-04 18:00:00,BUY,0.16,2493.559,2491.114857142857,2498.4472857142864,ZENO|M15|NY p=0.83
20240911084500_91,M15,2024-09-11 08:45:00,BUY,0.13,2524.299,2521.0775,2530.742,ZENO|M15|London p=0.83
20240916043000_92,M15,2024-09-16 04:30:00,BUY,0.2,2585.071,2583.155714285714,2588.9015714285715,ZENO|M15|Off p=0.71
20240918124500_93,M15,2024-09-18 12:45:00,BUY,0.15,2576.215,2573.541,2581.563,ZENO|M15|London p=0.82
20240918133000_94,M15,2024-09-18 13:30:00,BUY,0.14,2573.328,2570.2957142857144,2579.3925714285715,ZENO|M15|London p=0.83
20240925144500_95,M15,2024-09-25 14:45:00,BUY,0.1,2658.952,2654.5060714285714,2667.8438571428574,ZENO|M15|London p=0.83
20240930021500_96,M15,2024-09-30 02:15:00,BUY,0.12,2653.321,2649.940857142857,2660.0812857142855,ZENO|M15|Off p=0.83
20241001130000_97,M15,2024-10-01 13:00:00,BUY,0.14,2650.088,2647.130571428572,2656.0028571428575,ZENO|M15|London p=0.82
20241029153000_98,M15,2024-10-29 15:30:00,BUY,0.08,2763.684,2758.523571428572,2774.0048571428574,ZENO|M15|London p=0.83
20241030084500_99,M15,2024-10-30 08:45:00,BUY,0.14,2781.982,2779.064214285714,2787.8175714285712,ZENO|M15|London p=0.83
20241105110000_100,M15,2024-11-05 11:00:00,BUY,0.13,2739.935,2736.8166428571426,2746.171714285714,ZENO|M15|London p=0.83
20241107161500_101,M15,2024-11-07 16:15:00,BUY,0.08,2691.909,2686.1672142857146,2703.3925714285715,ZENO|M15|London p=0.71
20241108020000_102,M15,2024-11-08 02:00:00,BUY,0.13,2698.402,2695.304785714286,2704.5964285714285,ZENO|M15|Off p=0.83
20241112153000_103,M15,2024-11-12 15:30:00,BUY,0.07,2601.187,2594.862357142857,2613.8362857142856,ZENO|M15|London p=0.71
20241112163000_104,M15,2024-11-12 16:30:00,BUY,0.07,2600.42,2594.150642857143,2612.9587142857144,ZENO|M15|London p=0.83
20241113053000_105,M15,2024-11-13 05:30:00,BUY,0.13,2605.05,2601.831642857143,2611.4867142857147,ZENO|M15|Off p=0.85
20241115121500_106,M15,2024-11-15 12:15:00,BUY,0.12,2568.232,2564.7825714285714,2575.130857142857,ZENO|M15|London p=0.71
20241115124500_107,M15,2024-11-15 12:45:00,BUY,0.12,2569.086,2565.698357142857,2575.8612857142857,ZENO|M15|London p=0.83
20241118120000_108,M15,2024-11-18 12:00:00,BUY,0.11,2592.475,2588.6992857142855,2600.0264285714284,ZENO|M15|London p=0.83
20241119120000_109,M15,2024-11-19 12:00:00,BUY,0.12,2631.241,2627.6927142857144,2638.337571428571,ZENO|M15|London p=0.85
20241120181500_110,M15,2024-11-20 18:15:00,BUY,0.11,2648.076,2644.1051428571427,2656.017714285714,ZENO|M15|NY p=0.83
20241120184500_111,M15,2024-11-20 18:45:00,BUY,0.12,2648.57,2645.033142857143,2655.6437142857144,ZENO|M15|NY p=0.85
20241120204500_112,M15,2024-11-20 20:45:00,BUY,0.15,2648.907,2646.2768571428574,2654.1672857142858,ZENO|M15|NY p=0.82
20241120214500_113,M15,2024-11-20 21:45:00,BUY,0.18,2649.955,2647.7822142857144,2654.3005714285714,ZENO|M15|NY p=0.85
20241122034500_114,M15,2024-11-22 03:45:00,BUY,0.12,2686.153,2682.599142857143,2693.260714285714,ZENO|M15|Off p=0.71
20241126143000_115,M15,2024-11-26 14:30:00,BUY,0.08,2622.387,2616.7007142857146,2633.7595714285717,ZENO|M15|London p=0.83
20241126184500_116,M15,2024-11-26 18:45:00,BUY,0.12,2623.412,2619.8745,2630.487,ZENO|M15|NY p=0.83
20241126193000_117,M15,2024-11-26 19:30:00,BUY,0.13,2626.855,2623.5327857142856,2633.499428571429,ZENO|M15|NY p=0.85
20241129031500_118,M15,2024-11-29 03:15:00,BUY,0.1,2658.69,2654.2588571428573,2667.552285714286,ZENO|M15|Off p=0.83
20241202130000_119,M15,2024-12-02 13:00:00,BUY,0.1,2640.299,2636.2110714285714,2648.4748571428568,ZENO|M15|London p=0.83
20241204170000_120,M15,2024-12-04 17:00:00,BUY,0.1,2650.921,2646.5609285714286,2659.6411428571428,ZENO|M15|NY p=0.83
20241209044500_121,M15,2024-12-09 04:45:00,BUY,0.11,2635.92,2631.991285714286,2643.7774285714286,ZENO|M15|Off p=0.71
20241209064500_122,M15,2024-12-09 06:45:00,BUY,0.14,2643.819,2640.8072857142856,2649.8424285714286,ZENO|M15|Off p=0.83
20241210131500_123,M15,2024-12-10 13:15:00,BUY,0.11,2674.779,2670.886357142857,2682.5642857142857,ZENO|M15|London p=0.83
20241211104500_124,M15,2024-12-11 10:45:00,BUY,0.11,2694.506,2690.677642857143,2702.162714285714,ZENO|M15|London p=0.83
20241211190000_125,M15,2024-12-11 19:00:00,BUY,0.12,2715.887,2712.3725000000004,2722.916,ZENO|M15|NY p=0.71
20250115133000_126,M15,2025-01-15 13:30:00,BUY,0.13,2686.798,2683.6639999999998,2693.066,ZENO|M15|London p=0.83
20250120113000_127,M15,2025-01-20 11:30:00,BUY,0.13,2707.771,2704.675,2713.963,ZENO|M15|London p=0.83
20250122180000_128,M15,2025-01-22 18:00:00,BUY,0.13,2755.868,2752.7597142857144,2762.0845714285715,ZENO|M15|NY p=0.83
20250124143000_129,M15,2025-01-24 14:30:00,BUY,0.12,2778.326,2774.86,2785.2580000000003,ZENO|M15|London p=0.71
20250203153000_130,M15,2025-02-03 15:30:00,BUY,0.08,2816.749,2811.021357142857,2828.2042857142856,ZENO|M15|London p=0.83
20250205070000_131,M15,2025-02-05 07:00:00,BUY,0.14,2856.906,2853.8645,2862.989,ZENO|M15|London p=0.83
20250205111500_132,M15,2025-02-05 11:15:00,BUY,0.11,2869.532,2865.7174285714286,2877.1611428571427,ZENO|M15|London p=0.82
20250205124500_133,M15,2025-02-05 12:45:00,BUY,0.12,2870.255,2866.813785714286,2877.1374285714287,ZENO|M15|London p=0.83
20250210014500_134,M15,2025-02-10 01:45:00,BUY,0.11,2871.866,2868.178142857143,2879.2417142857144,ZENO|M15|Off p=0.82
20250210103000_135,M15,2025-02-10 10:30:00,BUY,0.11,2901.402,2897.6770714285717,2908.851857142857,ZENO|M15|London p=0.83
20250211023000_136,M15,2025-02-11 02:30:00,BUY,0.06,2917.124,2909.3800714285712,2932.611857142857,ZENO|M15|Off p=0.83
20250211060000_137,M15,2025-02-11 06:00:00,BUY,0.09,2926.491,2921.5490714285716,2936.3748571428573,ZENO|M15|Off p=0.83
20250212191500_138,M15,2025-02-12 19:15:00,BUY,0.1,2895.066,2890.9242857142854,2903.3494285714287,ZENO|M15|NY p=0.85
20250213063000_139,M15,2025-02-13 06:30:00,BUY,0.12,2914.073,2910.6800714285714,2920.8588571428572,ZENO|M15|Off p=0.71
20250217083000_140,M15,2025-02-17 08:30:00,BUY,0.09,2898.119,2893.576142857143,2907.2047142857145,ZENO|M15|London p=0.71
20250217110000_141,M15,2025-02-17 11:00:00,BUY,0.11,2899.378,2895.6180714285715,2906.8978571428574,ZENO|M15|London p=0.83
20250219123000_142,M15,2025-02-19 12:30:00,BUY,0.11,2936.075,2932.298357142857,2943.6282857142855,ZENO|M15|London p=0.71
20250221120000_143,M15,2025-02-21 12:00:00,BUY,0.13,2931.09,2927.785142857143,2937.6997142857144,ZENO|M15|London p=0.71
20250225201500_144,M15,2025-02-25 20:15:00,BUY,0.11,2912.687,2908.9920714285713,2920.0768571428566,ZENO|M15|NY p=0.83
20250226020000_145,M15,2025-02-26 02:00:00,BUY,0.1,2916.752,2912.703571428571,2924.848857142857,ZENO|M15|Off p=0.83
20250303183000_146,M15,2025-03-03 18:30:00,BUY,0.1,2887.447,2883.2745,2895.792,ZENO|M15|NY p=0.83
20250304211500_147,M15,2025-03-04 21:15:00,BUY,0.13,2915.207,2912.0505714285714,2921.5198571428573,ZENO|M15|NY p=0.71
20250305213000_148,M15,2025-03-05 21:30:00,BUY,0.16,2918.279,2915.792857142857,2923.2512857142856,ZENO|M15|NY p=0.83
20250305230000_149,M15,2025-03-05 23:00:00,BUY,0.19,2917.602,2915.493857142857,2921.8182857142856,ZENO|M15|Off p=0.83
20250305231500_150,M15,2025-03-05 23:15:00,BUY,0.2,2917.444,2915.4838571428572,2921.364285714286,ZENO|M15|Off p=0.71
20250312111500_151,M15,2025-03-12 11:15:00,BUY,0.13,2913.32,2910.1347142857144,2919.6905714285713,ZENO|M15|London p=0.71
20250312113000_152,M15,2025-03-12 11:30:00,BUY,0.13,2915.065,2911.8373571428574,2921.520285714286,ZENO|M15|London p=0.85
20250312123000_153,M15,2025-03-12 12:30:00,BUY,0.13,2918.962,2915.7545,2925.377,ZENO|M15|London p=0.85
20250314104500_154,M15,2025-03-14 10:45:00,BUY,0.09,2993.213,2988.7123571428574,3002.214285714286,ZENO|M15|London p=0.71
20250318051500_155,M15,2025-03-18 05:15:00,BUY,0.13,3007.472,3004.3592857142858,3013.6974285714286,ZENO|M15|Off p=0.83
20250318141500_156,M15,2025-03-18 14:15:00,BUY,0.08,3029.139,3023.6752142857144,3040.0665714285715,ZENO|M15|London p=0.83
20250319061500_157,M15,2025-03-19 06:15:00,BUY,0.12,3036.779,3033.3475714285714,3043.641857142857,ZENO|M15|Off p=0.83
20250319063000_158,M15,2025-03-19 06:30:00,BUY,0.12,3039.952,3036.3527142857147,3047.1505714285718,ZENO|M15|Off p=0.85
20250325123000_159,M15,2025-03-25 12:30:00,BUY,0.14,3018.809,3015.7877142857146,3024.851571428572,ZENO|M15|London p=0.83
20250326124500_160,M15,2025-03-26 12:45:00,BUY,0.13,3027.139,3023.894285714286,3033.6284285714287,ZENO|M15|London p=0.85
20250327073000_161,M15,2025-03-27 07:30:00,BUY,0.12,3033.473,3029.9269999999997,3040.565,ZENO|M15|London p=0.83
20250402053000_162,M15,2025-04-02 05:30:00,BUY,0.1,3116.402,3112.201857142857,3124.802285714286,ZENO|M15|Off p=0.83
20250402070000_163,M15,2025-04-02 07:00:00,BUY,0.1,3113.612,3109.2022857142856,3122.4314285714286,ZENO|M15|London p=0.83
20250402071500_164,M15,2025-04-02 07:15:00,BUY,0.09,3116.701,3112.1851428571426,3125.7327142857143,ZENO|M15|London p=0.83
20250403230000_165,M15,2025-04-03 23:00:00,BUY,0.09,3111.238,3106.66,3120.394,ZENO|M15|Off p=0.71
20250403234500_166,M15,2025-04-03 23:45:00,BUY,0.1,3112.884,3108.774214285714,3121.1035714285713,ZENO|M15|Off p=0.83
20250407063000_167,M15,2025-04-07 06:30:00,BUY,0.04,3027.811,3017.4243571428574,3048.5842857142857,ZENO|M15|Off p=0.71
20250407130000_168,M15,2025-04-07 13:00:00,BUY,0.05,3027.529,3018.9129285714284,3044.7611428571427,ZENO|M15|London p=0.83
20250408124500_169,M15,2025-04-08 12:45:00,BUY,0.07,3002.581,2996.338142857143,3015.0667142857146,ZENO|M15|London p=0.85
20250409060000_170,M15,2025-04-09 06:00:00,BUY,0.06,3020.433,3013.472214285714,3034.3545714285715,ZENO|M15|Off p=0.85
20250409073000_171,M15,2025-04-09 07:30:00,BUY,0.05,3046.143,3037.574357142857,3063.280285714286,ZENO|M15|London p=0.82
20250409124500_172,M15,2025-04-09 12:45:00,BUY,0.05,3047.418,3038.026642857143,3066.200714285714,ZENO|M15|London p=0.85
20250410034500_173,M15,2025-04-10 03:45:00,BUY,0.04,3125.406,3115.2906428571428,3145.6367142857143,ZENO|M15|Off p=0.83
20250411054500_174,M15,2025-04-11 05:45:00,BUY,0.06,3195.822,3188.2965000000004,3210.873,ZENO|M15|Off p=0.71
20250411134500_175,M15,2025-04-11 13:45:00,BUY,0.04,3224.124,3213.971857142857,3244.4282857142857,ZENO|M15|London p=0.83
20250414040000_176,M15,2025-04-14 04:00:00,BUY,0.06,3234.542,3227.3320714285715,3248.9618571428573,ZENO|M15|Off p=0.71
20250414183000_177,M15,2025-04-14 18:30:00,BUY,0.08,3204.361,3199.280214285714,3214.522571428571,ZENO|M15|NY p=0.83
20250416013000_178,M15,2025-04-16 01:30:00,BUY,0.06,3265.761,3258.9714285714285,3279.340142857143,ZENO|M15|Off p=0.83
20250416083000_179,M15,2025-04-16 08:30:00,BUY,0.06,3292.344,3285.4854285714287,3306.061142857143,ZENO|M15|London p=0.85
20250416101500_180,M15,2025-04-16 10:15:00,BUY,0.05,3303.964,3295.7658571428574,3320.3602857142855,ZENO|M15|London p=0.85
20250416111500_181,M15,2025-04-16 11:15:00,BUY,0.05,3295.083,3286.6825000000003,3311.884,ZENO|M15|London p=0.85
20250416113000_182,M15,2025-04-16 11:30:00,BUY,0.05,3302.909,3294.630785714286,3319.4654285714287,ZENO|M15|London p=0.85
20250416133000_183,M15,2025-04-16 13:30:00,BUY,0.06,3298.835,3291.596857142857,3313.3112857142855,ZENO|M15|London p=0.85
20250416231500_184,M15,2025-04-16 23:15:00,BUY,0.09,3351.103,3346.523857142857,3360.261285714286,ZENO|M15|Off p=0.85
20250417133000_185,M15,2025-04-17 13:30:00,BUY,0.05,3329.596,3321.4995714285715,3345.788857142857,ZENO|M15|London p=0.71
20250421074500_186,M15,2025-04-21 07:45:00,BUY,0.09,3385.082,3380.0604285714285,3395.125142857143,ZENO|M15|London p=0.83
20250421110000_187,M15,2025-04-21 11:00:00,BUY,0.09,3388.86,3383.911785714286,3398.7564285714284,ZENO|M15|London p=0.83
20250421150000_188,M15,2025-04-21 15:00:00,BUY,0.04,3412.049,3402.4010714285714,3431.344857142857,ZENO|M15|London p=0.83
20250421151500_189,M15,2025-04-21 15:15:00,BUY,0.04,3420.812,3410.7494285714283,3440.9371428571426,ZENO|M15|London p=0.85
20250422053000_190,M15,2025-04-22 05:30:00,BUY,0.05,3488.101,3479.251357142857,3505.800285714286,ZENO|M15|Off p=0.83
20250423184500_191,M15,2025-04-23 18:45:00,BUY,0.05,3282.766,3274.2605714285714,3299.7768571428574,ZENO|M15|NY p=0.71
20250424053000_192,M15,2025-04-24 05:30:00,BUY,0.05,3331.082,3322.6862857142855,3347.8734285714286,ZENO|M15|Off p=0.71
20250427234500_193,M15,2025-04-27 23:45:00,BUY,0.05,3302.739,3294.6782857142857,3318.8604285714287,ZENO|M15|Off p=0.83
20250429180000_194,M15,2025-04-29 18:00:00,BUY,0.07,3318.23,3312.002,3330.6859999999997,ZENO|M15|NY p=0.83
20250429190000_195,M15,2025-04-29 19:00:00,BUY,0.08,3322.935,3317.4514285714286,3333.9021428571427,ZENO|M15|NY p=0.83
20250430143000_196,M15,2025-04-30 14:30:00,BUY,0.04,3294.265,3283.1022857142857,3316.5904285714287,ZENO|M15|London p=0.83
20250505033000_197,M15,2025-05-05 03:30:00,BUY,0.06,3255.289,3248.1890714285714,3269.4888571428573,ZENO|M15|Off p=0.71
20250505073000_198,M15,2025-05-05 07:30:00,BUY,0.09,3264.275,3259.3905714285715,3274.043857142857,ZENO|M15|London p=0.83
20250505114500_199,M15,2025-05-05 11:45:00,BUY,0.06,3312.919,3306.154857142857,3326.4472857142855,ZENO|M15|London p=0.83
20250505230000_200,M15,2025-05-05 23:00:00,BUY,0.08,3331.78,3326.5305000000003,3342.279,ZENO|M15|Off p=0.83
20250506030000_201,M15,2025-05-06 03:00:00,BUY,0.04,3356.92,3345.2605714285714,3380.2388571428573,ZENO|M15|Off p=0.83
20250506043000_202,M15,2025-05-06 04:30:00,BUY,0.04,3360.606,3350.2262142857144,3381.365571428572,ZENO|M15|Off p=0.83
20250506044500_203,M15,2025-05-06 04:45:00,BUY,0.04,3363.248,3353.0057857142856,3383.7324285714285,ZENO|M15|Off p=0.83
20250506121500_204,M15,2025-05-06 12:15:00,BUY,0.08,3376.384,3370.944285714286,3387.2634285714284,ZENO|M15|London p=0.85
20250506144500_205,M15,2025-05-06 14:45:00,BUY,0.05,3386.29,3378.1004285714284,3402.669142857143,ZENO|M15|London p=0.83
20250512224500_206,M15,2025-05-12 22:45:00,BUY,0.1,3233.906,3229.4954285714284,3242.7271428571426,ZENO|M15|Off p=0.83
20250513111500_207,M15,2025-05-13 11:15:00,BUY,0.1,3255.841,3251.5197857142857,3264.4834285714287,ZENO|M15|London p=0.83
20250514013000_208,M15,2025-05-14 01:30:00,BUY,0.08,3244.872,3239.5451428571428,3255.525714285714,ZENO|M15|Off p=0.82
20250514104500_209,M15,2025-05-14 10:45:00,BUY,0.08,3235.753,3230.1992142857143,3246.860571428572,ZENO|M15|London p=0.85
20250514124500_210,M15,2025-05-14 12:45:00,BUY,0.06,3184.754,3176.9524285714283,3200.3571428571427,ZENO|M15|London p=0.71
20250514130000_211,M15,2025-05-14 13:00:00,BUY,0.05,3179.424,3171.152714285714,3195.9665714285716,ZENO|M15|London p=0.82
20250519140000_212,M15,2025-05-19 14:00:00,BUY,0.06,3222.872,3215.2871428571425,3238.041714285714,ZENO|M15|London p=0.83
20250519144500_213,M15,2025-05-19 14:45:00,BUY,0.05,3233.939,3225.4551428571426,3250.9067142857143,ZENO|M15|London p=0.83
20250519163000_214,M15,2025-05-19 16:30:00,BUY,0.06,3231.867,3224.4015714285715,3246.7978571428575,ZENO|M15|London p=0.82
20250519180000_215,M15,2025-05-19 18:00:00,BUY,0.09,3228.199,3223.249142857143,3238.0987142857143,ZENO|M15|NY p=0.71
20250519191500_216,M15,2025-05-19 19:15:00,BUY,0.11,3234.219,3230.196,3242.265,ZENO|M15|NY p=0.82
20250520130000_217,M15,2025-05-20 13:00:00,BUY,0.08,3236.46,3231.2680714285716,3246.8438571428574,ZENO|M15|London p=0.85
20250520233000_218,M15,2025-05-20 23:30:00,BUY,0.09,3292.037,3287.246357142857,3301.618285714286,ZENO|M15|Off p=0.83
20250521000000_219,M15,2025-05-21 00:00:00,BUY,0.09,3294.661,3289.6247857142857,3304.7334285714287,ZENO|M15|Off p=0.85
20250521080000_220,M15,2025-05-21 08:00:00,BUY,0.07,3305.237,3298.8636428571426,3317.9837142857145,ZENO|M15|London p=0.83
20250521103000_221,M15,2025-05-21 10:30:00,BUY,0.08,3311.147,3305.6972857142855,3322.046428571429,ZENO|M15|London p=0.85
20250523140000_222,M15,2025-05-23 14:00:00,BUY,0.04,3343.888,3333.3377142857144,3364.9885714285715,ZENO|M15|London p=0.82
20250529143000_223,M15,2025-05-29 14:30:00,BUY,0.06,3308.047,3300.427357142857,3323.286285714286,ZENO|M15|London p=0.83
20250530010000_224,M15,2025-05-30 01:00:00,BUY,0.11,3316.109,3312.3997142857143,3323.5275714285713,ZENO|M15|Off p=0.83
20250602104500_225,M15,2025-06-02 10:45:00,BUY,0.09,3348.629,3343.8307142857143,3358.2255714285716,ZENO|M15|London p=0.83
20250604070000_226,M15,2025-06-04 07:00:00,BUY,0.09,3359.77,3354.9024285714286,3369.505142857143,ZENO|M15|London p=0.83
20250604080000_227,M15,2025-06-04 08:00:00,BUY,0.08,3355.751,3350.5766428571433,3366.0997142857145,ZENO|M15|London p=0.83
20250611020000_228,M15,2025-06-11 02:00:00,BUY,0.08,3332.251,3327.1104285714287,3342.5321428571433,ZENO|M15|Off p=0.71
20250611061500_229,M15,2025-06-11 06:15:00,BUY,0.12,3333.348,3329.7225,3340.5989999999997,ZENO|M15|Off p=0.83
20250611234500_230,M15,2025-06-11 23:45:00,BUY,0.09,3365.376,3360.4020714285716,3375.3238571428574,ZENO|M15|Off p=0.85
20250612010000_231,M15,2025-06-12 01:00:00,BUY,0.07,3367.237,3361.275285714286,3379.160428571429,ZENO|M15|Off p=0.83
20250612113000_232,M15,2025-06-12 11:30:00,BUY,0.07,3376.788,3370.2365714285716,3389.890857142857,ZENO|M15|London p=0.83
20250612151500_233,M15,2025-06-12 15:15:00,BUY,0.05,3388.253,3379.2995714285717,3406.159857142857,ZENO|M15|London p=0.83
20250617121500_234,M15,2025-06-17 12:15:00,BUY,0.08,3388.253,3382.7362857142857,3399.2864285714286,ZENO|M15|London p=0.83
20250619133000_235,M15,2025-06-19 13:30:00,BUY,0.09,3367.707,3363.018714285714,3377.0835714285713,ZENO|M15|London p=0.71
20250623123000_236,M15,2025-06-23 12:30:00,BUY,0.08,3359.922,3354.5132857142858,3370.7394285714286,ZENO|M15|London p=0.83
20250623171500_237,M15,2025-06-23 17:15:00,BUY,0.06,3379.403,3372.733357142857,3392.7422857142856,ZENO|M15|NY p=0.82
20250623181500_238,M15,2025-06-23 18:15:00,BUY,0.07,3384.733,3378.900642857143,3396.3977142857148,ZENO|M15|NY p=0.83
20250623183000_239,M15,2025-06-23 18:30:00,BUY,0.07,3378.98,3372.8485,3391.2430000000004,ZENO|M15|NY p=0.83
20250625173000_240,M15,2025-06-25 17:30:00,BUY,0.11,3327.49,3323.6956428571425,3335.0787142857143,ZENO|M15|NY p=0.83
20250626053000_241,M15,2025-06-26 05:30:00,BUY,0.13,3335.523,3332.2980000000002,3341.9730000000004,ZENO|M15|Off p=0.83
20250626121500_242,M15,2025-06-26 12:15:00,BUY,0.09,3342.818,3338.3113571428576,3351.831285714286,ZENO|M15|London p=0.83
20250701134500_243,M15,2025-07-01 13:45:00,BUY,0.09,3351.512,3346.5815000000002,3361.373,ZENO|M15|London p=0.71
20250702134500_244,M15,2025-07-02 13:45:00,BUY,0.08,3337.44,3332.312142857143,3347.695714285714,ZENO|M15|London p=0.82
20250715193000_245,M15,2025-07-15 19:30:00,BUY,0.13,3329.494,3326.319,3335.844,ZENO|M15|NY p=0.83
20250716170000_246,M15,2025-07-16 17:00:00,BUY,0.03,3351.268,3338.754785714286,3376.294428571429,ZENO|M15|NY p=0.83
20240102130000_0,H1,2024-01-02 13:00:00,BUY,0.1,2066.272,2061.7974285714286,2075.2211428571427,ZENO|H1|London p=0.70
20240110130000_1,H1,2024-01-10 13:00:00,BUY,0.11,2030.197,2026.2509285714284,2038.0891428571429,ZENO|H1|London p=0.72
20240110150000_2,H1,2024-01-10 15:00:00,BUY,0.1,2027.812,2023.4757142857143,2036.4845714285714,ZENO|H1|London p=0.72
20240111140000_3,H1,2024-01-11 14:00:00,BUY,0.09,2029.689,2024.9475714285716,2039.1718571428573,ZENO|H1|London p=0.71
20240116130000_4,H1,2024-01-16 13:00:00,BUY,0.1,2037.632,2033.4192142857144,2046.0575714285715,ZENO|H1|London p=0.72
20240119140000_5,H1,2024-01-19 14:00:00,BUY,0.11,2029.646,2025.8319999999999,2037.274,ZENO|H1|London p=0.72
20240119150000_6,H1,2024-01-19 15:00:00,BUY,0.1,2027.661,2023.4490714285714,2036.0848571428573,ZENO|H1|London p=0.71
20240123090000_7,H1,2024-01-23 09:00:00,BUY,0.11,2028.67,2024.8770000000002,2036.256,ZENO|H1|London p=0.70
20240123150000_8,H1,2024-01-23 15:00:00,BUY,0.09,2025.108,2020.3298571428572,2034.6642857142856,ZENO|H1|London p=0.72
20240123230000_9,H1,2024-01-23 23:00:00,BUY,0.11,2029.137,2025.337142857143,2036.7367142857142,ZENO|H1|Off p=0.71
20240124070000_10,H1,2024-01-24 07:00:00,BUY,0.13,2029.528,2026.4340714285713,2035.7158571428572,ZENO|H1|London p=0.70
20240124080000_11,H1,2024-01-24 08:00:00,BUY,0.13,2030.899,2027.7622142857142,2037.1725714285712,ZENO|H1|London p=0.70
20240130120000_12,H1,2024-01-30 12:00:00,BUY,0.13,2035.884,2032.6619285714287,2042.328142857143,ZENO|H1|London p=0.71
20240131060000_13,H1,2024-01-31 06:00:00,BUY,0.17,2034.272,2031.8902857142857,2039.0354285714286,ZENO|H1|Off p=0.70
20240131160000_14,H1,2024-01-31 16:00:00,BUY,0.1,2049.962,2045.8229999999999,2058.2400000000002,ZENO|H1|London p=0.72
20240202000000_15,H1,2024-02-02 00:00:00,BUY,0.06,2054.988,2047.983857142857,2068.9962857142855,ZENO|H1|Off p=0.71
20240206210000_16,H1,2024-02-06 21:00:00,BUY,0.11,2035.82,2031.8626428571429,2043.7347142857143,ZENO|H1|NY p=0.71
20240206230000_17,H1,2024-02-06 23:00:00,BUY,0.11,2035.069,2031.221357142857,2042.7642857142857,ZENO|H1|Off p=0.71
20240207180000_18,H1,2024-02-07 18:00:00,BUY,0.1,2034.76,2030.668642857143,2042.9427142857141,ZENO|H1|NY p=0.73
20240207210000_19,H1,2024-02-07 21:00:00,BUY,0.11,2034.943,2031.0410714285715,2042.7468571428572,ZENO|H1|NY p=0.70
20240212150000_20,H1,2024-02-12 15:00:00,BUY,0.13,2013.132,2009.9895714285715,2019.4168571428572,ZENO|H1|London p=0.70
20240215080000_21,H1,2024-02-15 08:00:00,BUY,0.17,1995.201,1992.8395,1999.924,ZENO|H1|London p=0.71
20240215170000_22,H1,2024-02-15 17:00:00,BUY,0.12,2003.605,1999.9462857142858,2010.9224285714286,ZENO|H1|NY p=0.72
20240221010000_23,H1,2024-02-21 01:00:00,BUY,0.16,2025.355,2022.7361428571428,2030.5927142857142,ZENO|H1|Off p=0.72
20240221150000_24,H1,2024-02-21 15:00:00,BUY,0.14,2024.149,2021.1754285714285,2030.0961428571427,ZENO|H1|London p=0.72
20240221170000_25,H1,2024-02-21 17:00:00,BUY,0.14,2024.115,2021.2355714285713,2029.873857142857,ZENO|H1|NY p=0.70
20240228150000_26,H1,2024-02-28 15:00:00,BUY,0.14,2031.787,2028.7160714285715,2037.9288571428572,ZENO|H1|London p=0.70
20240228230000_27,H1,2024-02-28 23:00:00,BUY,0.13,2034.303,2031.140285714286,2040.6284285714287,ZENO|H1|Off p=0.71
20240301010000_28,H1,2024-03-01 01:00:00,BUY,0.11,2044.289,2040.5624285714287,2051.742142857143,ZENO|H1|Off p=0.71
20240305100000_29,H1,2024-03-05 10:00:00,BUY,0.11,2123.725,2119.697714285714,2131.779571428571,ZENO|H1|London p=0.70
20240306050000_30,H1,2024-03-06 05:00:00,BUY,0.11,2125.244,2121.219857142857,2133.2922857142858,ZENO|H1|Off p=0.71
20240307080000_31,H1,2024-03-07 08:00:00,BUY,0.08,2155.27,2149.6873571428573,2166.435285714286,ZENO|H1|London p=0.70
20240308050000_32,H1,2024-03-08 05:00:00,BUY,0.11,2157.681,2153.761285714286,2165.5204285714285,ZENO|H1|Off p=0.70
20240308060000_33,H1,2024-03-08 06:00:00,BUY,0.11,2161.168,2157.277785714286,2168.948428571429,ZENO|H1|Off p=0.73
20240308150000_34,H1,2024-03-08 15:00:00,BUY,0.06,2177.164,2170.290142857143,2190.9117142857144,ZENO|H1|London p=0.72
20240312070000_35,H1,2024-03-12 07:00:00,BUY,0.12,2176.924,2173.423142857143,2183.9257142857145,ZENO|H1|London p=0.70
20240321070000_36,H1,2024-03-21 07:00:00,BUY,0.05,2206.572,2197.499928571429,2224.716142857143,ZENO|H1|London p=0.70
20240321160000_37,H1,2024-03-21 16:00:00,BUY,0.06,2179.865,2172.678571428571,2194.237857142857,ZENO|H1|London p=0.71
20240322020000_38,H1,2024-03-22 02:00:00,BUY,0.06,2172.579,2165.6442142857145,2186.4485714285715,ZENO|H1|Off p=0.72
20240326040000_39,H1,2024-03-26 04:00:00,BUY,0.14,2172.263,2169.3384285714283,2178.1121428571428,ZENO|H1|Off p=0.71
20240327130000_40,H1,2024-03-27 13:00:00,BUY,0.07,2193.302,2187.052285714286,2205.8014285714285,ZENO|H1|London p=0.72
20240327180000_41,H1,2024-03-27 18:00:00,BUY,0.07,2192.389,2186.1400000000003,2204.887,ZENO|H1|NY p=0.72
20240328050000_42,H1,2024-03-28 05:00:00,BUY,0.11,2197.203,2193.318214285714,2204.9725714285714,ZENO|H1|Off p=0.70
20240328060000_43,H1,2024-03-28 06:00:00,BUY,0.11,2198.666,2194.916857142857,2206.164285714286,ZENO|H1|Off p=0.70
20240328070000_44,H1,2024-03-28 07:00:00,BUY,0.11,2193.719,2189.74,2201.677,ZENO|H1|London p=0.72
20240328080000_45,H1,2024-03-28 08:00:00,BUY,0.1,2194.729,2190.650357142857,2202.886285714286,ZENO|H1|London p=0.72
20240331230000_46,H1,2024-03-31 23:00:00,BUY,0.04,2244.928,2235.2055,2264.373,ZENO|H1|Off p=0.72
20240402000000_47,H1,2024-04-02 00:00:00,BUY,0.05,2250.372,2242.492142857143,2266.131714285714,ZENO|H1|Off p=0.72
20240404030000_48,H1,2024-04-04 03:00:00,BUY,0.07,2299.175,2292.8302857142858,2311.8644285714286,ZENO|H1|Off p=0.71
20240404090000_49,H1,2024-04-04 09:00:00,BUY,0.1,2293.21,2288.8695714285714,2301.8908571428574,ZENO|H1|London p=0.72
20240404130000_50,H1,2024-04-04 13:00:00,BUY,0.09,2287.503,2282.789142857143,2296.9307142857147,ZENO|H1|London p=0.71
20240404170000_51,H1,2024-04-04 17:00:00,BUY,0.08,2293.969,2288.400857142857,2305.105285714286,ZENO|H1|NY p=0.71
20240404230000_52,H1,2024-04-04 23:00:00,BUY,0.05,2288.891,2281.043142857143,2304.5867142857146,ZENO|H1|Off p=0.71
20240410000000_53,H1,2024-04-10 00:00:00,BUY,0.05,2351.63,2343.3222142857144,2368.2455714285716,ZENO|H1|Off p=0.71
20240410010000_54,H1,2024-04-10 01:00:00,BUY,0.05,2349.319,2341.0934285714284,2365.7701428571427,ZENO|H1|Off p=0.71
20240415100000_55,H1,2024-04-15 10:00:00,BUY,0.04,2356.745,2346.759857142857,2376.7152857142855,ZENO|H1|London p=0.70
20240417010000_56,H1,2024-04-17 01:00:00,BUY,0.04,2384.596,2374.3555,2405.077,ZENO|H1|Off p=0.71
20240417020000_57,H1,2024-04-17 02:00:00,BUY,0.04,2382.338,2372.211071428572,2402.5918571428574,ZENO|H1|Off p=0.71
20240417040000_58,H1,2024-04-17 04:00:00,BUY,0.05,2381.919,2373.080857142857,2399.5952857142856,ZENO|H1|Off p=0.71
20240425000000_59,H1,2024-04-25 00:00:00,BUY,0.06,2319.111,2312.0822857142857,2333.1684285714286,ZENO|H1|Off p=0.73
20240425020000_60,H1,2024-04-25 02:00:00,BUY,0.06,2319.855,2312.8391428571426,2333.8867142857143,ZENO|H1|Off p=0.70
20240425170000_61,H1,2024-04-25 17:00:00,BUY,0.05,2332.2,2323.5899285714286,2349.4201428571428,ZENO|H1|NY p=0.72
20240510110000_62,H1,2024-05-10 11:00:00,BUY,0.08,2372.126,2366.6202142857146,2383.1375714285714,ZENO|H1|London p=0.71
20240510150000_63,H1,2024-05-10 15:00:00,BUY,0.05,2364.804,2356.816428571429,2380.779142857143,ZENO|H1|London p=0.70
20240516030000_64,H1,2024-05-16 03:00:00,BUY,0.05,2388.637,2380.440285714286,2405.0304285714287,ZENO|H1|Off p=0.71
20240516050000_65,H1,2024-05-16 05:00:00,BUY,0.07,2390.16,2384.403357142857,2401.6732857142856,ZENO|H1|Off p=0.70
20240516150000_66,H1,2024-05-16 15:00:00,BUY,0.07,2381.506,2375.3495,2393.819,ZENO|H1|London p=0.72
20240521010000_67,H1,2024-05-21 01:00:00,BUY,0.05,2420.466,2411.4717857142855,2438.4544285714287,ZENO|H1|Off p=0.71
20240531000000_68,H1,2024-05-31 00:00:00,BUY,0.07,2346.319,2340.3661428571427,2358.224714285714,ZENO|H1|Off p=0.72
20240531010000_69,H1,2024-05-31 01:00:00,BUY,0.08,2346.547,2341.0115714285716,2357.6178571428572,ZENO|H1|Off p=0.71
20240607060000_70,H1,2024-06-07 06:00:00,BUY,0.07,2375.404,2369.628357142857,2386.9552857142858,ZENO|H1|Off p=0.71
20240607070000_71,H1,2024-06-07 07:00:00,BUY,0.07,2373.584,2367.8149999999996,2385.122,ZENO|H1|London p=0.71
20240611170000_72,H1,2024-06-11 17:00:00,BUY,0.07,2312.702,2306.8278571428573,2324.450285714286,ZENO|H1|NY p=0.72
20240612150000_73,H1,2024-06-12 15:00:00,BUY,0.06,2335.542,2328.4182142857144,2349.7895714285714,ZENO|H1|London p=0.71
20240613000000_74,H1,2024-06-13 00:00:00,BUY,0.05,2320.728,2311.9660714285715,2338.2518571428573,ZENO|H1|Off p=0.70
20240619000000_75,H1,2024-06-19 00:00:00,BUY,0.08,2329.447,2323.721,2340.899,ZENO|H1|Off p=0.73
20240619050000_76,H1,2024-06-19 05:00:00,BUY,0.12,2329.3,2325.7322142857147,2336.4355714285716,ZENO|H1|Off p=0.71
20240619110000_77,H1,2024-06-19 11:00:00,BUY,0.14,2330.407,2327.3604285714287,2336.500142857143,ZENO|H1|London p=0.71
20240621120000_78,H1,2024-06-21 12:00:00,BUY,0.09,2360.65,2355.818357142857,2370.313285714286,ZENO|H1|London p=0.70
20240628070000_79,H1,2024-06-28 07:00:00,BUY,0.11,2327.146,2323.3694285714287,2334.699142857143,ZENO|H1|London p=0.70
20240703070000_80,H1,2024-07-03 07:00:00,BUY,0.11,2345.304,2341.3922142857145,2353.1275714285716,ZENO|H1|London p=0.70
20240703080000_81,H1,2024-07-03 08:00:00,BUY,0.11,2344.59,2340.581142857143,2352.6077142857143,ZENO|H1|London p=0.71
20240703100000_82,H1,2024-07-03 10:00:00,BUY,0.1,2346.988,2342.8629285714283,2355.238142857143,ZENO|H1|London p=0.71
20240703120000_83,H1,2024-07-03 12:00:00,BUY,0.09,2350.472,2345.509785714286,2360.3964285714287,ZENO|H1|London p=0.73
20240710220000_84,H1,2024-07-10 22:00:00,BUY,0.09,2372.84,2367.8593571428573,2382.8012857142858,ZENO|H1|Off p=0.73
20240711080000_85,H1,2024-07-11 08:00:00,BUY,0.14,2381.328,2378.4022142857143,2387.1795714285713,ZENO|H1|London p=0.72
20240712130000_86,H1,2024-07-12 13:00:00,BUY,0.08,2403.718,2398.1547857142855,2414.8444285714286,ZENO|H1|London p=0.73
20240716010000_87,H1,2024-07-16 01:00:00,BUY,0.07,2427.222,2421.2559285714287,2439.154142857143,ZENO|H1|Off p=0.72
20240716120000_88,H1,2024-07-16 12:00:00,BUY,0.08,2432.553,2426.9632857142856,2443.7324285714285,ZENO|H1|London p=0.70
20240725030000_89,H1,2024-07-25 03:00:00,BUY,0.05,2374.724,2365.2414285714285,2393.689142857143,ZENO|H1|Off p=0.70
20240809080000_90,H1,2024-08-09 08:00:00,BUY,0.09,2424.477,2419.644,2434.143,ZENO|H1|London p=0.70
20240809120000_91,H1,2024-08-09 12:00:00,BUY,0.08,2429.61,2424.0827142857142,2440.6645714285714,ZENO|H1|London p=0.70
20240809200000_92,H1,2024-08-09 20:00:00,BUY,0.07,2430.805,2424.5246428571427,2443.365714285714,ZENO|H1|NY p=0.73
20240821050000_93,H1,2024-08-21 05:00:00,BUY,0.07,2515.191,2509.3355714285713,2526.901857142857,ZENO|H1|Off p=0.71
20240827060000_94,H1,2024-08-27 06:00:00,BUY,0.1,2514.85,2510.5663571428568,2523.4172857142858,ZENO|H1|Off p=0.71
20240905160000_95,H1,2024-09-05 16:00:00,BUY,0.07,2510.384,2504.041,2523.07,ZENO|H1|London p=0.72
20240906040000_96,H1,2024-09-06 04:00:00,BUY,0.11,2518.395,2514.4207142857144,2526.3435714285715,ZENO|H1|Off p=0.70
20240911150000_97,H1,2024-09-11 15:00:00,BUY,0.07,2514.743,2508.3281428571427,2527.572714285714,ZENO|H1|London p=0.72
20240912030000_98,H1,2024-09-12 03:00:00,BUY,0.09,2515.844,2511.3167142857146,2524.8985714285714,ZENO|H1|Off p=0.71
20240912230000_99,H1,2024-09-12 23:00:00,BUY,0.05,2558.422,2550.1212142857144,2575.0235714285714,ZENO|H1|Off p=0.72
20240913010000_100,H1,2024-09-13 01:00:00,BUY,0.05,2563.186,2554.6455,2580.2670000000003,ZENO|H1|Off p=0.71
20240913120000_101,H1,2024-09-13 12:00:00,BUY,0.08,2575.768,2570.302285714286,2586.6994285714286,ZENO|H1|London p=0.70
20240916000000_102,H1,2024-09-16 00:00:00,BUY,0.08,2581.361,2575.973857142857,2592.1352857142856,ZENO|H1|Off p=0.70
20240925110000_103,H1,2024-09-25 11:00:00,BUY,0.08,2657.431,2651.8284285714285,2668.636142857143,ZENO|H1|London p=0.73
20241002120000_104,H1,2024-10-02 12:00:00,BUY,0.08,2649.597,2644.0837142857144,2660.6235714285717,ZENO|H1|London p=0.70
20241004190000_105,H1,2024-10-04 19:00:00,BUY,0.04,2651.624,2641.1747857142855,2672.5224285714285,ZENO|H1|NY p=0.72
20241006230000_106,H1,2024-10-06 23:00:00,BUY,0.04,2650.128,2640.012642857143,2670.3587142857145,ZENO|H1|Off p=0.72
20241011110000_107,H1,2024-10-11 11:00:00,BUY,0.08,2644.635,2639.151142857143,2655.6027142857147,ZENO|H1|London p=0.70
20241017050000_108,H1,2024-10-17 05:00:00,BUY,0.1,2683.507,2679.0695,2692.382,ZENO|H1|Off p=0.70
20241017070000_109,H1,2024-10-17 07:00:00,BUY,0.1,2681.953,2677.8782857142855,2690.1024285714284,ZENO|H1|London p=0.71
20241018060000_110,H1,2024-10-18 06:00:00,BUY,0.09,2707.348,2702.357571428571,2717.328857142857,ZENO|H1|Off p=0.70
20241023090000_111,H1,2024-10-23 09:00:00,BUY,0.09,2750.622,2745.7824285714287,2760.3011428571426,ZENO|H1|London p=0.72
20241023110000_112,H1,2024-10-23 11:00:00,BUY,0.09,2749.967,2745.168,2759.565,ZENO|H1|London p=0.71
20241029050000_113,H1,2024-10-29 05:00:00,BUY,0.1,2750.008,2745.5548571428567,2758.9142857142856,ZENO|H1|Off p=0.71
20241031060000_114,H1,2024-10-31 06:00:00,BUY,0.1,2779.863,2775.7718571428572,2788.0452857142855,ZENO|H1|Off p=0.71
20241105200000_115,H1,2024-11-05 20:00:00,BUY,0.06,2743.0,2736.0904285714287,2756.819142857143,ZENO|H1|NY p=0.71
20241106020000_116,H1,2024-11-06 02:00:00,BUY,0.06,2737.485,2729.6979285714287,2753.059142857143,ZENO|H1|Off p=0.70
20241106030000_117,H1,2024-11-06 03:00:00,BUY,0.05,2734.08,2725.7710714285713,2750.697857142857,ZENO|H1|Off p=0.71
20241106090000_118,H1,2024-11-06 09:00:00,BUY,0.03,2724.559,2712.222,2749.233,ZENO|H1|London p=0.70
20241113210000_119,H1,2024-11-13 21:00:00,BUY,0.05,2573.064,2564.4025,2590.3869999999997,ZENO|H1|NY p=0.71
20241119230000_120,H1,2024-11-19 23:00:00,BUY,0.06,2635.166,2628.219285714286,2649.0594285714287,ZENO|H1|Off p=0.72
20241121160000_121,H1,2024-11-21 16:00:00,BUY,0.07,2664.688,2658.1750714285713,2677.7138571428573,ZENO|H1|London p=0.71
20241204100000_122,H1,2024-12-04 10:00:00,BUY,0.09,2644.36,2639.7492857142856,2653.5814285714287,ZENO|H1|London p=0.71
20241210000000_123,H1,2024-12-10 00:00:00,BUY,0.07,2664.961,2658.854214285714,2677.174571428571,ZENO|H1|Off p=0.72
20241217110000_124,H1,2024-12-17 11:00:00,BUY,0.07,2642.187,2636.4294999999997,2653.7019999999998,ZENO|H1|London p=0.72
20250102120000_125,H1,2025-01-02 12:00:00,BUY,0.08,2643.446,2638.0037857142856,2654.3304285714285,ZENO|H1|London p=0.71
20250102130000_126,H1,2025-01-02 13:00:00,BUY,0.07,2643.006,2637.0580714285716,2654.901857142857,ZENO|H1|London p=0.70
20250108190000_127,H1,2025-01-08 19:00:00,BUY,0.06,2658.301,2651.282142857143,2672.338714285714,ZENO|H1|NY p=0.72
20250109000000_128,H1,2025-01-09 00:00:00,BUY,0.06,2659.96,2652.9805714285712,2673.918857142857,ZENO|H1|Off p=0.70
20250110210000_129,H1,2025-01-10 21:00:00,BUY,0.05,2689.551,2681.4038571428573,2705.8452857142856,ZENO|H1|NY p=0.72
20250115080000_130,H1,2025-01-15 08:00:00,BUY,0.1,2683.909,2679.719142857143,2692.2887142857144,ZENO|H1|London p=0.71
20250115100000_131,H1,2025-01-15 10:00:00,BUY,0.1,2688.343,2684.177142857143,2696.674714285714,ZENO|H1|London p=0.71
20250115110000_132,H1,2025-01-15 11:00:00,BUY,0.1,2686.779,2682.6762857142858,2694.9844285714285,ZENO|H1|London p=0.71
20250115160000_133,H1,2025-01-15 16:00:00,BUY,0.07,2689.305,2682.8432857142857,2702.228428571428,ZENO|H1|London p=0.72
20250116110000_134,H1,2025-01-16 11:00:00,BUY,0.09,2706.412,2701.627071428571,2715.981857142857,ZENO|H1|London p=0.71
20250117070000_135,H1,2025-01-17 07:00:00,BUY,0.11,2710.528,2706.6741428571427,2718.235714285714,ZENO|H1|London p=0.71
20250117110000_136,H1,2025-01-17 11:00:00,BUY,0.11,2708.041,2704.1027142857142,2715.9175714285716,ZENO|H1|London p=0.73
20250131110000_137,H1,2025-01-31 11:00:00,BUY,0.09,2800.195,2795.4204285714286,2809.7441428571433,ZENO|H1|London p=0.72
20250204030000_138,H1,2025-02-04 03:00:00,BUY,0.05,2821.403,2813.271142857143,2837.666714285714,ZENO|H1|Off p=0.70
20250205140000_139,H1,2025-02-05 14:00:00,BUY,0.06,2870.908,2863.1035,2886.517,ZENO|H1|London p=0.72
20250206010000_140,H1,2025-02-06 01:00:00,BUY,0.05,2871.559,2863.4605,2887.7560000000003,ZENO|H1|Off p=0.71
20250206040000_141,H1,2025-02-06 04:00:00,BUY,0.06,2868.5,2860.8497857142856,2883.8004285714287,ZENO|H1|Off p=0.71
20250207120000_142,H1,2025-02-07 12:00:00,BUY,0.09,2863.592,2858.7122142857143,2873.3515714285713,ZENO|H1|London p=0.71
20250211030000_143,H1,2025-02-11 03:00:00,BUY,0.04,2919.716,2908.307142857143,2942.5337142857143,ZENO|H1|Off p=0.70
20250211230000_144,H1,2025-02-11 23:00:00,BUY,0.05,2898.536,2890.215642857143,2915.1767142857143,ZENO|H1|Off p=0.70
20250212010000_145,H1,2025-02-12 01:00:00,BUY,0.05,2893.319,2884.3627857142856,2911.2314285714283,ZENO|H1|Off p=0.71
20250212020000_146,H1,2025-02-12 02:00:00,BUY,0.05,2892.444,2883.383357142857,2910.565285714286,ZENO|H1|Off p=0.72
20250213090000_147,H1,2025-02-13 09:00:00,BUY,0.07,2915.401,2908.9610714285714,2928.280857142857,ZENO|H1|London p=0.72
20250214110000_148,H1,2025-02-14 11:00:00,BUY,0.08,2931.181,2925.5992857142855,2942.3444285714286,ZENO|H1|London p=0.71
20250219030000_149,H1,2025-02-19 03:00:00,BUY,0.06,2928.825,2921.8166428571426,2942.841714285714,ZENO|H1|Off p=0.70
20250219150000_150,H1,2025-02-19 15:00:00,BUY,0.05,2925.721,2917.761785714286,2941.6394285714287,ZENO|H1|London p=0.70
20250220110000_151,H1,2025-02-20 11:00:00,BUY,0.08,2948.768,2943.0896428571427,2960.124714285714,ZENO|H1|London p=0.71
20250221010000_152,H1,2025-02-21 01:00:00,BUY,0.05,2928.821,2919.8836428571426,2946.695714285714,ZENO|H1|Off p=0.71
20250304110000_153,H1,2025-03-04 11:00:00,BUY,0.05,2919.932,2911.8286428571428,2936.1387142857143,ZENO|H1|London p=0.71
20250304190000_154,H1,2025-03-04 19:00:00,BUY,0.04,2916.087,2905.921214285714,2936.4185714285713,ZENO|H1|NY p=0.71
20250304230000_155,H1,2025-03-04 23:00:00,BUY,0.05,2914.363,2906.1051428571427,2930.8787142857145,ZENO|H1|Off p=0.70
20250305000000_156,H1,2025-03-05 00:00:00,BUY,0.05,2914.133,2906.1524999999997,2930.094,ZENO|H1|Off p=0.71
20250306010000_157,H1,2025-03-06 01:00:00,BUY,0.04,2924.606,2914.9668571428574,2943.884285714286,ZENO|H1|Off p=0.73
20250306070000_158,H1,2025-03-06 07:00:00,BUY,0.07,2910.147,2903.9225714285712,2922.595857142857,ZENO|H1|London p=0.71
20250312030000_159,H1,2025-03-12 03:00:00,BUY,0.08,2914.941,2909.2654285714284,2926.2921428571426,ZENO|H1|Off p=0.71
20250312060000_160,H1,2025-03-12 06:00:00,BUY,0.09,2911.951,2907.190642857143,2921.4717142857144,ZENO|H1|Off p=0.71
20250314050000_161,H1,2025-03-14 05:00:00,BUY,0.06,2986.394,2979.5393571428567,3000.1032857142854,ZENO|H1|Off p=0.71
20250319080000_162,H1,2025-03-19 08:00:00,BUY,0.08,3025.156,3019.6000714285715,3036.2678571428573,ZENO|H1|London p=0.71
20250320050000_163,H1,2025-03-20 05:00:00,BUY,0.06,3046.794,3039.6266428571425,3061.128714285714,ZENO|H1|Off p=0.71
20250320170000_164,H1,2025-03-20 17:00:00,BUY,0.05,3041.654,3033.436,3058.0899999999997,ZENO|H1|NY p=0.72
20250327220000_165,H1,2025-03-27 22:00:00,BUY,0.05,3055.028,3046.9176428571427,3071.248714285714,ZENO|H1|Off p=0.72
20250328010000_166,H1,2025-03-28 01:00:00,BUY,0.06,3073.88,3066.0525714285714,3089.534857142857,ZENO|H1|Off p=0.71
20250328020000_167,H1,2025-03-28 02:00:00,BUY,0.05,3071.917,3064.036071428571,3087.678857142857,ZENO|H1|Off p=0.72
20250330220000_168,H1,2025-03-30 22:00:00,BUY,0.04,3090.003,3080.1119285714285,3109.785142857143,ZENO|H1|Off p=0.72
20250401010000_169,H1,2025-04-01 01:00:00,BUY,0.05,3135.442,3126.6889285714287,3152.948142857143,ZENO|H1|Off p=0.70
20250401020000_170,H1,2025-04-01 02:00:00,BUY,0.05,3145.131,3135.9214285714284,3163.550142857143,ZENO|H1|Off p=0.70
20250401120000_171,H1,2025-04-01 12:00:00,BUY,0.05,3133.235,3124.0915714285716,3151.5218571428572,ZENO|H1|London p=0.72
20250403010000_172,H1,2025-04-03 01:00:00,BUY,0.03,3153.397,3138.4596428571426,3183.271714285714,ZENO|H1|Off p=0.71
20250403020000_173,H1,2025-04-03 02:00:00,BUY,0.03,3145.192,3130.002,3175.572,ZENO|H1|Off p=0.71
20250411010000_174,H1,2025-04-11 01:00:00,BUY,0.02,3207.168,3189.657357142857,3242.1892857142857,ZENO|H1|Off p=0.71
20250416140000_175,H1,2025-04-16 14:00:00,BUY,0.03,3308.425,3294.140142857143,3336.994714285714,ZENO|H1|London p=0.70
20250416200000_176,H1,2025-04-16 20:00:00,BUY,0.03,3342.198,3328.3850714285713,3369.823857142857,ZENO|H1|NY p=0.71
20250425020000_177,H1,2025-04-25 02:00:00,BUY,0.03,3348.738,3333.932714285714,3378.348571428571,ZENO|H1|Off p=0.72
20250425040000_178,H1,2025-04-25 04:00:00,BUY,0.03,3324.761,3309.2384285714284,3355.8061428571427,ZENO|H1|Off p=0.71
20250430010000_179,H1,2025-04-30 01:00:00,BUY,0.03,3308.233,3295.8427142857145,3333.0135714285716,ZENO|H1|Off p=0.72
20250430030000_180,H1,2025-04-30 03:00:00,BUY,0.04,3304.753,3292.842642857143,3328.5737142857142,ZENO|H1|Off p=0.72
20250430040000_181,H1,2025-04-30 04:00:00,BUY,0.04,3308.044,3297.129357142857,3329.8732857142854,ZENO|H1|Off p=0.73
20250430050000_182,H1,2025-04-30 05:00:00,BUY,0.04,3309.5,3299.3754285714285,3329.749142857143,ZENO|H1|Off p=0.71
20250505170000_183,H1,2025-05-05 17:00:00,BUY,0.04,3317.129,3305.6977857142856,3339.9914285714285,ZENO|H1|NY p=0.70
20250506030000_184,H1,2025-05-06 03:00:00,BUY,0.03,3360.401,3344.9924285714283,3391.218142857143,ZENO|H1|Off p=0.70
20250507000000_185,H1,2025-05-07 00:00:00,BUY,0.02,3379.565,3360.8032142857146,3417.0885714285714,ZENO|H1|Off p=0.71
20250507010000_186,H1,2025-05-07 01:00:00,BUY,0.02,3374.737,3354.690857142857,3414.8292857142856,ZENO|H1|Off p=0.71
20250513110000_187,H1,2025-05-13 11:00:00,BUY,0.03,3249.167,3236.7996428571428,3273.901714285714,ZENO|H1|London p=0.70
20250514010000_188,H1,2025-05-14 01:00:00,BUY,0.04,3238.942,3227.8731428571427,3261.0797142857145,ZENO|H1|Off p=0.72
20250516010000_189,H1,2025-05-16 01:00:00,BUY,0.03,3222.256,3209.0875,3248.593,ZENO|H1|Off p=0.70
20250516060000_190,H1,2025-05-16 06:00:00,BUY,0.03,3214.877,3201.8261428571427,3240.978714285714,ZENO|H1|Off p=0.71
20250516120000_191,H1,2025-05-16 12:00:00,BUY,0.02,3177.431,3159.459428571429,3213.374142857143,ZENO|H1|London p=0.72
20250516150000_192,H1,2025-05-16 15:00:00,BUY,0.02,3183.479,3165.7959285714282,3218.8451428571425,ZENO|H1|London p=0.72
20250522050000_193,H1,2025-05-22 05:00:00,BUY,0.04,3332.309,3322.3467142857144,3352.2335714285714,ZENO|H1|Off p=0.70
20250528170000_194,H1,2025-05-28 17:00:00,BUY,0.04,3296.766,3286.3872857142856,3317.5234285714287,ZENO|H1|NY p=0.72
20250528220000_195,H1,2025-05-28 22:00:00,BUY,0.04,3286.582,3275.885857142857,3307.9742857142855,ZENO|H1|Off p=0.70
20250530180000_196,H1,2025-05-30 18:00:00,BUY,0.03,3293.823,3280.5970714285713,3320.274857142857,ZENO|H1|NY p=0.72
20250602130000_197,H1,2025-06-02 13:00:00,BUY,0.03,3371.107,3359.088357142857,3395.1442857142856,ZENO|H1|London p=0.70
20250603110000_198,H1,2025-06-03 11:00:00,BUY,0.04,3359.294,3349.5362857142854,3378.8094285714283,ZENO|H1|London p=0.72
20250604220000_199,H1,2025-06-04 22:00:00,BUY,0.04,3373.534,3362.975214285714,3394.651571428572,ZENO|H1|Off p=0.70
20250604230000_200,H1,2025-06-04 23:00:00,BUY,0.04,3378.042,3367.9116428571424,3398.3027142857145,ZENO|H1|Off p=0.73
20250605030000_201,H1,2025-06-05 03:00:00,BUY,0.05,3369.674,3360.180714285714,3388.6605714285715,ZENO|H1|Off p=0.72
20250605040000_202,H1,2025-06-05 04:00:00,BUY,0.05,3368.487,3359.2327142857143,3386.9955714285716,ZENO|H1|Off p=0.71
20250605100000_203,H1,2025-06-05 10:00:00,BUY,0.05,3399.949,3391.1738571428573,3417.499285714286,ZENO|H1|London p=0.71
20250610000000_204,H1,2025-06-10 00:00:00,BUY,0.05,3316.578,3308.3962857142856,3332.9414285714283,ZENO|H1|Off p=0.71
20250610010000_205,H1,2025-06-10 01:00:00,BUY,0.05,3306.264,3297.414285714286,3323.9634285714287,ZENO|H1|Off p=0.70
20250612180000_206,H1,2025-06-12 18:00:00,BUY,0.03,3385.904,3371.6495714285716,3414.4128571428573,ZENO|H1|NY p=0.71
20250613040000_207,H1,2025-06-13 04:00:00,BUY,0.03,3425.305,3413.242571428571,3449.429857142857,ZENO|H1|Off p=0.71
20250618050000_208,H1,2025-06-18 05:00:00,BUY,0.05,3386.407,3377.253,3404.715,ZENO|H1|Off p=0.70
20250624000000_209,H1,2025-06-24 00:00:00,BUY,0.03,3351.064,3336.3226428571425,3380.546714285714,ZENO|H1|Off p=0.71
20250702230000_210,H1,2025-07-02 23:00:00,BUY,0.05,3349.395,3341.382857142857,3365.4192857142857,ZENO|H1|Off p=0.71
20250708000000_211,H1,2025-07-08 00:00:00,BUY,0.05,3334.261,3326.140357142857,3350.502285714286,ZENO|H1|Off p=0.71
20250716220000_212,H1,2025-07-16 22:00:00,BUY,0.04,3349.595,3338.083642857143,3372.617714285714,ZENO|H1|Off p=0.70
20240101200000_0,H4,2024-01-01 20:00:00,BUY,0.06,2063.543,2056.0549285714287,2078.519142857143,ZENO|H4|NY p=0.76
20240102120000_1,H4,2024-01-02 12:00:00,BUY,0.05,2059.305,2050.9902857142856,2075.9344285714283,ZENO|H4|London p=0.76
20240102200000_2,H4,2024-01-02 20:00:00,BUY,0.06,2059.476,2051.8095000000003,2074.809,ZENO|H4|NY p=0.72
20240103040000_3,H4,2024-01-03 04:00:00,BUY,0.06,2062.915,2055.1314285714284,2078.4821428571427,ZENO|H4|Off p=0.72
20240103200000_4,H4,2024-01-03 20:00:00,BUY,0.05,2042.666,2033.5607142857143,2060.8765714285714,ZENO|H4|NY p=0.76
20240104000000_5,H4,2024-01-04 00:00:00,BUY,0.05,2044.684,2035.4375,2063.177,ZENO|H4|Off p=0.76
20240104040000_6,H4,2024-01-04 04:00:00,BUY,0.04,2047.599,2038.0817142857143,2066.6335714285715,ZENO|H4|Off p=0.76
20240104080000_7,H4,2024-01-04 08:00:00,BUY,0.05,2045.136,2035.7642142857142,2063.8795714285716,ZENO|H4|London p=0.76
20240104160000_8,H4,2024-01-04 16:00:00,BUY,0.05,2044.3,2035.0026428571427,2062.894714285714,ZENO|H4|London p=0.76
20240104200000_9,H4,2024-01-04 20:00:00,BUY,0.05,2043.865,2035.4685714285713,2060.657857142857,ZENO|H4|NY p=0.76
20240105160000_10,H4,2024-01-05 16:00:00,BUY,0.04,2045.682,2034.9572857142857,2067.131428571429,ZENO|H4|London p=0.72
20240107200000_11,H4,2024-01-07 20:00:00,BUY,0.05,2044.208,2035.1101428571428,2062.4037142857146,ZENO|H4|NY p=0.72
20240108000000_12,H4,2024-01-08 00:00:00,BUY,0.05,2036.098,2026.692357142857,2054.909285714286,ZENO|H4|Off p=0.77
20240108040000_13,H4,2024-01-08 04:00:00,BUY,0.04,2031.393,2021.7242142857142,2050.7305714285717,ZENO|H4|Off p=0.77
20240112160000_14,H4,2024-01-12 16:00:00,BUY,0.04,2047.283,2036.8646428571428,2068.119714285714,ZENO|H4|London p=0.72
20240112200000_15,H4,2024-01-12 20:00:00,BUY,0.04,2049.032,2039.1618571428573,2068.7722857142858,ZENO|H4|NY p=0.72
20240114200000_16,H4,2024-01-14 20:00:00,BUY,0.05,2047.612,2038.1289285714286,2066.578142857143,ZENO|H4|NY p=0.72
20240115000000_17,H4,2024-01-15 00:00:00,BUY,0.04,2057.376,2047.4398571428574,2077.248285714286,ZENO|H4|Off p=0.77
20240115040000_18,H4,2024-01-15 04:00:00,BUY,0.04,2054.114,2044.244,2073.8540000000003,ZENO|H4|Off p=0.77
20240115080000_19,H4,2024-01-15 08:00:00,BUY,0.04,2053.257,2043.2216428571428,2073.3277142857146,ZENO|H4|London p=0.77
20240115200000_20,H4,2024-01-15 20:00:00,BUY,0.06,2053.841,2046.1642142857143,2069.194571428571,ZENO|H4|NY p=0.76
20240116000000_21,H4,2024-01-16 00:00:00,BUY,0.06,2049.436,2042.1763571428573,2063.9552857142858,ZENO|H4|Off p=0.77
20240116080000_22,H4,2024-01-16 08:00:00,BUY,0.06,2039.874,2032.3842142857143,2054.8535714285713,ZENO|H4|London p=0.77
20240116200000_23,H4,2024-01-16 20:00:00,BUY,0.06,2027.826,2020.867642857143,2041.7427142857143,ZENO|H4|NY p=0.76
20240201200000_24,H4,2024-02-01 20:00:00,BUY,0.04,2054.627,2044.5490714285713,2074.782857142857,ZENO|H4|NY p=0.76
20240202160000_25,H4,2024-02-02 16:00:00,BUY,0.04,2038.052,2026.2212857142856,2061.7134285714287,ZENO|H4|London p=0.75
20240202200000_26,H4,2024-02-02 20:00:00,BUY,0.04,2039.607,2028.9312857142857,2060.9584285714286,ZENO|H4|NY p=0.76
20240204200000_27,H4,2024-02-04 20:00:00,BUY,0.04,2039.716,2029.8299285714284,2059.488142857143,ZENO|H4|NY p=0.76
20240205000000_28,H4,2024-02-05 00:00:00,BUY,0.05,2032.222,2022.7289285714285,2051.208142857143,ZENO|H4|Off p=0.76
20240205080000_29,H4,2024-02-05 08:00:00,BUY,0.05,2027.577,2018.1975714285713,2046.335857142857,ZENO|H4|London p=0.76
20240205160000_30,H4,2024-02-05 16:00:00,BUY,0.05,2025.928,2017.4785714285715,2042.8268571428573,ZENO|H4|London p=0.76
20240205200000_31,H4,2024-02-05 20:00:00,BUY,0.06,2024.859,2017.2142142857142,2040.1485714285714,ZENO|H4|NY p=0.77
20240206080000_32,H4,2024-02-06 08:00:00,BUY,0.05,2026.696,2018.6605,2042.767,ZENO|H4|London p=0.76
20240206120000_33,H4,2024-02-06 12:00:00,BUY,0.05,2036.285,2027.5682142857142,2053.7185714285715,ZENO|H4|London p=0.72
20240206200000_34,H4,2024-02-06 20:00:00,BUY,0.06,2035.069,2028.2152142857142,2048.7765714285715,ZENO|H4|NY p=0.77
20240207000000_35,H4,2024-02-07 00:00:00,BUY,0.06,2034.442,2027.7134285714285,2047.899142857143,ZENO|H4|Off p=0.77
20240207040000_36,H4,2024-02-07 04:00:00,BUY,0.06,2035.124,2028.3514285714286,2048.669142857143,ZENO|H4|Off p=0.77
20240207160000_37,H4,2024-02-07 16:00:00,BUY,0.06,2035.511,2028.6285714285714,2049.275857142857,ZENO|H4|London p=0.72
20240208000000_38,H4,2024-02-08 00:00:00,BUY,0.07,2032.755,2026.8215714285716,2044.6218571428574,ZENO|H4|Off p=0.76
20240208200000_39,H4,2024-02-08 20:00:00,BUY,0.07,2034.123,2027.7855,2046.798,ZENO|H4|NY p=0.77
20240209000000_40,H4,2024-02-09 00:00:00,BUY,0.07,2033.548,2027.4702142857143,2045.7035714285714,ZENO|H4|Off p=0.77
20240209160000_41,H4,2024-02-09 16:00:00,BUY,0.06,2024.749,2017.6069285714286,2039.0331428571428,ZENO|H4|London p=0.72
20240211200000_42,H4,2024-02-11 20:00:00,BUY,0.07,2025.266,2019.2739285714285,2037.250142857143,ZENO|H4|NY p=0.77
20240212040000_43,H4,2024-02-12 04:00:00,BUY,0.07,2025.501,2019.5809285714286,2037.3411428571428,ZENO|H4|Off p=0.77
20240212160000_44,H4,2024-02-12 16:00:00,BUY,0.07,2019.158,2012.9469285714285,2031.5801428571428,ZENO|H4|London p=0.76
20240213080000_45,H4,2024-02-13 08:00:00,BUY,0.07,2027.666,2021.236357142857,2040.5252857142857,ZENO|H4|London p=0.76
20240213200000_46,H4,2024-02-13 20:00:00,BUY,0.05,1991.193,1982.8425714285713,2007.893857142857,ZENO|H4|NY p=0.72
20240214040000_47,H4,2024-02-14 04:00:00,BUY,0.05,1989.439,1980.8074285714285,2006.702142857143,ZENO|H4|Off p=0.72
20240214080000_48,H4,2024-02-14 08:00:00,BUY,0.05,1992.2,1983.3797857142858,2009.8404285714287,ZENO|H4|London p=0.72
20240222120000_49,H4,2024-02-22 12:00:00,BUY,0.08,2023.306,2017.7099285714285,2034.498142857143,ZENO|H4|London p=0.72
20240222200000_50,H4,2024-02-22 20:00:00,BUY,0.08,2024.677,2019.358357142857,2035.3142857142857,ZENO|H4|NY p=0.76
20240223000000_51,H4,2024-02-23 00:00:00,BUY,0.08,2025.688,2020.3357857142857,2036.3924285714288,ZENO|H4|Off p=0.76
20240223040000_52,H4,2024-02-23 04:00:00,BUY,0.07,2021.801,2015.9746428571427,2033.4537142857143,ZENO|H4|Off p=0.76
20240223120000_53,H4,2024-02-23 12:00:00,BUY,0.07,2030.038,2023.9117857142858,2042.2904285714287,ZENO|H4|London p=0.72
20240223200000_54,H4,2024-02-23 20:00:00,BUY,0.07,2035.524,2029.2530714285713,2048.065857142857,ZENO|H4|NY p=0.77
20240225200000_55,H4,2024-02-25 20:00:00,BUY,0.07,2034.224,2028.2471428571428,2046.1777142857143,ZENO|H4|NY p=0.77
20240226000000_56,H4,2024-02-26 00:00:00,BUY,0.07,2032.442,2026.3724285714286,2044.5811428571428,ZENO|H4|Off p=0.77
20240226120000_57,H4,2024-02-26 12:00:00,BUY,0.07,2029.104,2022.9252857142858,2041.4614285714285,ZENO|H4|London p=0.76
20240227000000_58,H4,2024-02-27 00:00:00,BUY,0.08,2033.372,2027.678142857143,2044.7597142857144,ZENO|H4|Off p=0.77
20240227040000_59,H4,2024-02-27 04:00:00,BUY,0.08,2035.386,2029.7787857142857,2046.6004285714284,ZENO|H4|Off p=0.76
20240228200000_60,H4,2024-02-28 20:00:00,BUY,0.09,2034.303,2029.5112857142858,2043.8864285714287,ZENO|H4|NY p=0.72
20240229200000_61,H4,2024-02-29 20:00:00,BUY,0.07,2043.981,2037.7670714285714,2056.408857142857,ZENO|H4|NY p=0.76
20240301000000_62,H4,2024-03-01 00:00:00,BUY,0.07,2046.518,2040.4941428571428,2058.5657142857144,ZENO|H4|Off p=0.77
20240303200000_63,H4,2024-03-03 20:00:00,BUY,0.05,2083.44,2074.3427142857145,2101.6345714285717,ZENO|H4|NY p=0.72
20240304040000_64,H4,2024-03-04 04:00:00,BUY,0.04,2087.334,2077.7741428571426,2106.453714285714,ZENO|H4|Off p=0.76
20240304080000_65,H4,2024-03-04 08:00:00,BUY,0.04,2082.112,2072.3967142857146,2101.5425714285716,ZENO|H4|London p=0.76
20240304160000_66,H4,2024-03-04 16:00:00,BUY,0.04,2116.24,2105.862428571428,2136.9951428571426,ZENO|H4|London p=0.76
20240304200000_67,H4,2024-03-04 20:00:00,BUY,0.04,2114.48,2104.0989285714286,2135.242142857143,ZENO|H4|NY p=0.77
20240305000000_68,H4,2024-03-05 00:00:00,BUY,0.04,2112.96,2102.309142857143,2134.2617142857143,ZENO|H4|Off p=0.77
20240305120000_69,H4,2024-03-05 12:00:00,BUY,0.04,2126.618,2115.045357142857,2149.7632857142858,ZENO|H4|London p=0.76
20240305200000_70,H4,2024-03-05 20:00:00,BUY,0.05,2128.162,2118.667857142857,2147.1502857142855,ZENO|H4|NY p=0.72
20240306000000_71,H4,2024-03-06 00:00:00,BUY,0.04,2124.697,2115.057357142857,2143.976285714286,ZENO|H4|Off p=0.76
20240306040000_72,H4,2024-03-06 04:00:00,BUY,0.04,2128.478,2118.613714285714,2148.206571428572,ZENO|H4|Off p=0.76
20240306080000_73,H4,2024-03-06 08:00:00,BUY,0.04,2132.474,2122.3692142857144,2152.6835714285717,ZENO|H4|London p=0.76
20240306120000_74,H4,2024-03-06 12:00:00,BUY,0.04,2140.923,2130.087428571428,2162.5941428571427,ZENO|H4|London p=0.77
20240306200000_75,H4,2024-03-06 20:00:00,BUY,0.04,2147.192,2137.2949285714285,2166.986142857143,ZENO|H4|NY p=0.76
20240307040000_76,H4,2024-03-07 04:00:00,BUY,0.04,2155.951,2145.984785714286,2175.883428571429,ZENO|H4|Off p=0.77
20240307120000_77,H4,2024-03-07 12:00:00,BUY,0.04,2153.701,2143.020857142857,2175.061285714286,ZENO|H4|London p=0.77
20240307200000_78,H4,2024-03-07 20:00:00,BUY,0.05,2161.467,2152.106642857143,2180.1877142857147,ZENO|H4|NY p=0.76
20240308120000_79,H4,2024-03-08 12:00:00,BUY,0.04,2177.164,2165.821428571429,2199.8491428571433,ZENO|H4|London p=0.72
20240310200000_80,H4,2024-03-10 20:00:00,BUY,0.04,2181.567,2170.3965,2203.908,ZENO|H4|NY p=0.76
20240311040000_81,H4,2024-03-11 04:00:00,BUY,0.04,2182.2,2170.8942857142856,2204.8114285714287,ZENO|H4|Off p=0.77
20240311120000_82,H4,2024-03-11 12:00:00,BUY,0.04,2184.27,2172.846,2207.118,ZENO|H4|London p=0.77
20240311160000_83,H4,2024-03-11 16:00:00,BUY,0.04,2181.291,2170.5320714285717,2202.8088571428575,ZENO|H4|London p=0.76
20240311200000_84,H4,2024-03-11 20:00:00,BUY,0.04,2183.552,2173.335642857143,2203.9847142857143,ZENO|H4|NY p=0.76
20240312080000_85,H4,2024-03-12 08:00:00,BUY,0.04,2171.956,2161.5265,2192.815,ZENO|H4|London p=0.72
20240312120000_86,H4,2024-03-12 12:00:00,BUY,0.04,2163.015,2151.1995714285713,2186.645857142857,ZENO|H4|London p=0.77
20240313040000_87,H4,2024-03-13 04:00:00,BUY,0.05,2159.648,2150.359142857143,2178.2257142857147,ZENO|H4|Off p=0.72
20240313080000_88,H4,2024-03-13 08:00:00,BUY,0.05,2163.925,2155.027642857143,2181.7197142857144,ZENO|H4|London p=0.72
20240313120000_89,H4,2024-03-13 12:00:00,BUY,0.05,2171.759,2162.3465,2190.5840000000003,ZENO|H4|London p=0.76
20240313200000_90,H4,2024-03-13 20:00:00,BUY,0.05,2175.361,2166.2425,2193.598,ZENO|H4|NY p=0.76
20240314000000_91,H4,2024-03-14 00:00:00,BUY,0.05,2172.264,2163.2670714285714,2190.257857142857,ZENO|H4|Off p=0.72
20240314160000_92,H4,2024-03-14 16:00:00,BUY,0.04,2163.449,2153.730785714286,2182.8854285714287,ZENO|H4|London p=0.72
20240314200000_93,H4,2024-03-14 20:00:00,BUY,0.06,2161.62,2153.787357142857,2177.2852857142857,ZENO|H4|NY p=0.77
20240315200000_94,H4,2024-03-15 20:00:00,BUY,0.06,2155.697,2148.509,2170.0730000000003,ZENO|H4|NY p=0.72
20240317200000_95,H4,2024-03-17 20:00:00,BUY,0.06,2156.516,2149.8143571428573,2169.9192857142857,ZENO|H4|NY p=0.76
20240321120000_96,H4,2024-03-21 12:00:00,BUY,0.03,2174.68,2160.0489285714284,2203.9421428571427,ZENO|H4|London p=0.94
20240321160000_97,H4,2024-03-21 16:00:00,BUY,0.03,2181.426,2166.6894285714284,2210.8991428571426,ZENO|H4|London p=0.77
20240321200000_98,H4,2024-03-21 20:00:00,BUY,0.03,2181.491,2167.3447857142855,2209.7834285714284,ZENO|H4|NY p=0.77
20240322120000_99,H4,2024-03-22 12:00:00,BUY,0.02,2166.095,2149.6815714285713,2198.921857142857,ZENO|H4|London p=0.72
20240322200000_100,H4,2024-03-22 20:00:00,BUY,0.03,2165.338,2149.4435000000003,2197.1270000000004,ZENO|H4|NY p=0.72
20240324200000_101,H4,2024-03-24 20:00:00,BUY,0.03,2168.337,2154.5508571428572,2195.909285714286,ZENO|H4|NY p=0.77
20240325000000_102,H4,2024-03-25 00:00:00,BUY,0.03,2170.602,2157.8020714285713,2196.201857142857,ZENO|H4|Off p=0.77
20240325080000_103,H4,2024-03-25 08:00:00,BUY,0.04,2170.398,2158.4815000000003,2194.231,ZENO|H4|London p=0.77
20240325120000_104,H4,2024-03-25 12:00:00,BUY,0.04,2175.412,2163.777214285714,2198.6815714285713,ZENO|H4|London p=0.76
20240325160000_105,H4,2024-03-25 16:00:00,BUY,0.05,2170.945,2161.8376428571432,2189.1597142857145,ZENO|H4|London p=0.72
20240325200000_106,H4,2024-03-25 20:00:00,BUY,0.05,2172.878,2164.3722857142857,2189.8894285714287,ZENO|H4|NY p=0.76
20240326120000_107,H4,2024-03-26 12:00:00,BUY,0.04,2174.245,2163.5659285714287,2195.6031428571428,ZENO|H4|London p=0.77
20240326160000_108,H4,2024-03-26 16:00:00,BUY,0.04,2177.876,2167.8887142857147,2197.8505714285716,ZENO|H4|London p=0.76
20240327000000_109,H4,2024-03-27 00:00:00,BUY,0.04,2177.725,2167.7500714285716,2197.674857142857,ZENO|H4|Off p=0.77
20240327080000_110,H4,2024-03-27 08:00:00,BUY,0.04,2188.403,2177.8543571428568,2209.5002857142854,ZENO|H4|London p=0.77
20240327120000_111,H4,2024-03-27 12:00:00,BUY,0.04,2190.495,2179.6877142857143,2212.109571428571,ZENO|H4|London p=0.77
20240327160000_112,H4,2024-03-27 16:00:00,BUY,0.04,2193.284,2182.6769285714286,2214.4981428571427,ZENO|H4|London p=0.76
20240327200000_113,H4,2024-03-27 20:00:00,BUY,0.04,2190.969,2180.7560714285714,2211.3948571428573,ZENO|H4|NY p=0.72
20240328000000_114,H4,2024-03-28 00:00:00,BUY,0.04,2194.774,2184.4180714285712,2215.485857142857,ZENO|H4|Off p=0.72
20240328040000_115,H4,2024-03-28 04:00:00,BUY,0.04,2193.719,2182.9747857142856,2215.207428571429,ZENO|H4|Off p=0.77
20240328160000_116,H4,2024-03-28 16:00:00,BUY,0.04,2221.638,2210.1760714285715,2244.561857142857,ZENO|H4|London p=0.77
20240328200000_117,H4,2024-03-28 20:00:00,BUY,0.04,2232.587,2221.764714285714,2254.2315714285714,ZENO|H4|NY p=0.77
20240331200000_118,H4,2024-03-31 20:00:00,BUY,0.04,2244.928,2233.4069999999997,2267.97,ZENO|H4|NY p=0.72
20240401040000_119,H4,2024-04-01 04:00:00,BUY,0.03,2257.535,2244.8561428571425,2282.892714285714,ZENO|H4|Off p=0.77
20240401080000_120,H4,2024-04-01 08:00:00,BUY,0.03,2246.851,2233.4953571428573,2273.5622857142857,ZENO|H4|London p=0.77
20240401120000_121,H4,2024-04-01 12:00:00,BUY,0.03,2239.638,2225.6910714285714,2267.531857142857,ZENO|H4|London p=0.94
20240401160000_122,H4,2024-04-01 16:00:00,BUY,0.03,2244.669,2230.847357142857,2272.3122857142857,ZENO|H4|London p=0.94
20240401200000_123,H4,2024-04-01 20:00:00,BUY,0.03,2248.935,2234.5775714285714,2277.6498571428574,ZENO|H4|NY p=0.94
20240402000000_124,H4,2024-04-02 00:00:00,BUY,0.03,2251.531,2236.9503571428572,2280.692285714286,ZENO|H4|Off p=0.94
20240402040000_125,H4,2024-04-02 04:00:00,BUY,0.03,2256.373,2241.7705,2285.578,ZENO|H4|Off p=0.94
20240402080000_126,H4,2024-04-02 08:00:00,BUY,0.03,2260.526,2245.656571428571,2290.264857142857,ZENO|H4|London p=0.77
20240402200000_127,H4,2024-04-02 20:00:00,BUY,0.03,2280.206,2264.3419285714285,2311.934142857143,ZENO|H4|NY p=0.76
20240403040000_128,H4,2024-04-03 04:00:00,BUY,0.03,2271.188,2255.5759285714284,2302.412142857143,ZENO|H4|Off p=0.72
20240403080000_129,H4,2024-04-03 08:00:00,BUY,0.03,2273.785,2259.0909285714283,2303.173142857143,ZENO|H4|London p=0.77
20240403200000_130,H4,2024-04-03 20:00:00,BUY,0.03,2297.448,2283.1449285714284,2326.054142857143,ZENO|H4|NY p=0.77
20240404040000_131,H4,2024-04-04 04:00:00,BUY,0.03,2292.952,2279.0995000000003,2320.657,ZENO|H4|Off p=0.76
20240404080000_132,H4,2024-04-04 08:00:00,BUY,0.03,2289.261,2275.5640714285714,2316.654857142857,ZENO|H4|London p=0.77
20240404120000_133,H4,2024-04-04 12:00:00,BUY,0.03,2292.081,2277.8674285714287,2320.508142857143,ZENO|H4|London p=0.94
20240404200000_134,H4,2024-04-04 20:00:00,BUY,0.03,2288.891,2274.9434285714287,2316.7861428571427,ZENO|H4|NY p=0.94
20240405080000_135,H4,2024-04-05 08:00:00,BUY,0.03,2291.132,2277.2635714285716,2318.868857142857,ZENO|H4|London p=0.72
20240407200000_136,H4,2024-04-07 20:00:00,BUY,0.03,2311.647,2296.041,2342.859,ZENO|H4|NY p=0.76
20240408040000_137,H4,2024-04-08 04:00:00,BUY,0.02,2337.761,2318.493785714286,2376.295428571428,ZENO|H4|Off p=0.77
20240408120000_138,H4,2024-04-08 12:00:00,BUY,0.02,2327.835,2307.541142857143,2368.422714285714,ZENO|H4|London p=0.77
20240409000000_139,H4,2024-04-09 00:00:00,BUY,0.02,2343.943,2325.1007857142863,2381.6274285714285,ZENO|H4|Off p=0.76
20240409120000_140,H4,2024-04-09 12:00:00,BUY,0.02,2340.29,2320.877214285714,2379.1155714285715,ZENO|H4|London p=0.76
20240409160000_141,H4,2024-04-09 16:00:00,BUY,0.02,2351.118,2334.330214285714,2384.6935714285714,ZENO|H4|London p=0.76
20240409200000_142,H4,2024-04-09 20:00:00,BUY,0.02,2354.776,2338.3402857142855,2387.6474285714285,ZENO|H4|NY p=0.76
20240410000000_143,H4,2024-04-10 00:00:00,BUY,0.02,2351.249,2334.5492142857142,2384.648571428571,ZENO|H4|Off p=0.77
20240410040000_144,H4,2024-04-10 04:00:00,BUY,0.03,2353.072,2337.5228571428574,2384.170285714286,ZENO|H4|Off p=0.72
20240410160000_145,H4,2024-04-10 16:00:00,BUY,0.03,2329.635,2314.9120000000003,2359.081,ZENO|H4|London p=0.94
20240410200000_146,H4,2024-04-10 20:00:00,BUY,0.03,2335.429,2321.539,2363.2090000000003,ZENO|H4|NY p=0.77
20240411000000_147,H4,2024-04-11 00:00:00,BUY,0.03,2343.967,2330.246,2371.409,ZENO|H4|Off p=0.94
20240411040000_148,H4,2024-04-11 04:00:00,BUY,0.03,2336.396,2322.078785714286,2365.0304285714287,ZENO|H4|Off p=0.94
20240411080000_149,H4,2024-04-11 08:00:00,BUY,0.03,2337.253,2322.695857142857,2366.367285714286,ZENO|H4|London p=0.77
20240411120000_150,H4,2024-04-11 12:00:00,BUY,0.03,2344.618,2329.9294999999997,2373.995,ZENO|H4|London p=0.94
20240411200000_151,H4,2024-04-11 20:00:00,BUY,0.03,2377.0,2362.4376428571427,2406.124714285714,ZENO|H4|NY p=0.77
20240412000000_152,H4,2024-04-12 00:00:00,BUY,0.03,2384.242,2369.0108571428573,2414.704285714286,ZENO|H4|Off p=0.76
20240412160000_153,H4,2024-04-12 16:00:00,BUY,0.02,2343.263,2320.6849285714284,2388.4191428571426,ZENO|H4|London p=0.72
20240412200000_154,H4,2024-04-12 20:00:00,BUY,0.02,2344.382,2323.9222142857143,2385.3015714285716,ZENO|H4|NY p=0.72
20240414200000_155,H4,2024-04-14 20:00:00,BUY,0.02,2364.486,2343.4539285714286,2406.550142857143,ZENO|H4|NY p=0.76
20240415000000_156,H4,2024-04-15 00:00:00,BUY,0.02,2358.508,2336.772571428571,2401.978857142857,ZENO|H4|Off p=0.77
20240415040000_157,H4,2024-04-15 04:00:00,BUY,0.02,2353.047,2331.389142857143,2396.3627142857144,ZENO|H4|Off p=0.77
20240415080000_158,H4,2024-04-15 08:00:00,BUY,0.02,2357.947,2335.9843571428573,2401.8722857142857,ZENO|H4|London p=0.75
20240415160000_159,H4,2024-04-15 16:00:00,BUY,0.01,2386.284,2360.8462142857143,2437.1595714285713,ZENO|H4|London p=0.77
20240415200000_160,H4,2024-04-15 20:00:00,BUY,0.02,2381.833,2357.8277857142857,2429.8434285714284,ZENO|H4|NY p=0.77
20240416000000_161,H4,2024-04-16 00:00:00,BUY,0.02,2387.87,2363.719642857143,2436.170714285714,ZENO|H4|Off p=0.76
20240416080000_162,H4,2024-04-16 08:00:00,BUY,0.02,2373.952,2349.958428571429,2421.939142857143,ZENO|H4|London p=0.72
20240416120000_163,H4,2024-04-16 12:00:00,BUY,0.01,2385.939,2360.5687857142857,2436.679428571428,ZENO|H4|London p=0.76
20240417040000_164,H4,2024-04-17 04:00:00,BUY,0.02,2382.496,2363.9470714285717,2419.593857142857,ZENO|H4|Off p=0.76
20240417080000_165,H4,2024-04-17 08:00:00,BUY,0.02,2387.298,2369.157357142857,2423.579285714285,ZENO|H4|London p=0.76
20240417160000_166,H4,2024-04-17 16:00:00,BUY,0.02,2372.657,2353.6772142857144,2410.6165714285717,ZENO|H4|London p=0.77
20240418040000_167,H4,2024-04-18 04:00:00,BUY,0.03,2377.808,2362.580142857143,2408.2637142857143,ZENO|H4|Off p=0.76
20240418080000_168,H4,2024-04-18 08:00:00,BUY,0.03,2380.92,2365.8305714285716,2411.098857142857,ZENO|H4|London p=0.72
20240418120000_169,H4,2024-04-18 12:00:00,BUY,0.03,2384.106,2369.211642857143,2413.8947142857146,ZENO|H4|London p=0.94
20240419040000_170,H4,2024-04-19 04:00:00,BUY,0.03,2385.425,2370.1681428571433,2415.9387142857145,ZENO|H4|Off p=0.72
20240419120000_171,H4,2024-04-19 12:00:00,BUY,0.02,2394.756,2378.0515,2428.165,ZENO|H4|London p=0.72
20240419200000_172,H4,2024-04-19 20:00:00,BUY,0.03,2390.677,2374.621857142857,2422.7872857142856,ZENO|H4|NY p=0.72
20240421200000_173,H4,2024-04-21 20:00:00,BUY,0.03,2386.483,2371.4763571428575,2416.496285714286,ZENO|H4|NY p=0.77
20240422040000_174,H4,2024-04-22 04:00:00,BUY,0.02,2360.983,2344.807285714286,2393.334428571429,ZENO|H4|Off p=0.77
20240422080000_175,H4,2024-04-22 08:00:00,BUY,0.02,2342.059,2324.714642857143,2376.747714285714,ZENO|H4|London p=0.72
20240422120000_176,H4,2024-04-22 12:00:00,BUY,0.02,2334.797,2316.6552142857145,2371.080571428571,ZENO|H4|London p=0.77
20240422160000_177,H4,2024-04-22 16:00:00,BUY,0.02,2329.332,2312.0060714285714,2363.983857142857,ZENO|H4|London p=0.76
20240422200000_178,H4,2024-04-22 20:00:00,BUY,0.02,2333.738,2316.602,2368.0099999999998,ZENO|H4|NY p=0.77
20240423000000_179,H4,2024-04-23 00:00:00,BUY,0.02,2302.602,2283.0189285714287,2341.7681428571427,ZENO|H4|Off p=0.77
20240423040000_180,H4,2024-04-23 04:00:00,BUY,0.02,2309.051,2291.487642857143,2344.177714285714,ZENO|H4|Off p=0.76
20240506200000_181,H4,2024-05-06 20:00:00,BUY,0.03,2325.943,2313.2739285714288,2351.281142857143,ZENO|H4|NY p=0.77
20240507040000_182,H4,2024-05-07 04:00:00,BUY,0.03,2319.253,2306.135357142857,2345.488285714286,ZENO|H4|Off p=0.77
20240507080000_183,H4,2024-05-07 08:00:00,BUY,0.03,2312.348,2299.4347857142857,2338.1744285714285,ZENO|H4|London p=0.76
20240507120000_184,H4,2024-05-07 12:00:00,BUY,0.03,2314.703,2301.3009285714284,2341.5071428571428,ZENO|H4|London p=0.77
20240508040000_185,H4,2024-05-08 04:00:00,BUY,0.04,2305.691,2294.3592857142853,2328.3544285714283,ZENO|H4|Off p=0.77
20240508120000_186,H4,2024-05-08 12:00:00,BUY,0.04,2320.391,2309.8780714285713,2341.416857142857,ZENO|H4|London p=0.77
20240509000000_187,H4,2024-05-09 00:00:00,BUY,0.04,2312.274,2302.7281428571428,2331.365714285714,ZENO|H4|Off p=0.76
20240509120000_188,H4,2024-05-09 12:00:00,BUY,0.04,2330.397,2319.0622857142857,2353.066428571429,ZENO|H4|London p=0.77
20240509200000_189,H4,2024-05-09 20:00:00,BUY,0.04,2346.516,2335.3167857142857,2368.9144285714287,ZENO|H4|NY p=0.77
20240510040000_190,H4,2024-05-10 04:00:00,BUY,0.03,2366.7,2354.1602857142852,2391.7794285714285,ZENO|H4|Off p=0.76
20240510160000_191,H4,2024-05-10 16:00:00,BUY,0.03,2363.315,2350.8314285714287,2388.282142857143,ZENO|H4|London p=0.72
20240510200000_192,H4,2024-05-10 20:00:00,BUY,0.04,2360.449,2348.5595714285714,2384.2278571428574,ZENO|H4|NY p=0.76
20240513000000_193,H4,2024-05-13 00:00:00,BUY,0.04,2357.07,2345.3982142857144,2380.4135714285717,ZENO|H4|Off p=0.76
20240513040000_194,H4,2024-05-13 04:00:00,BUY,0.03,2348.569,2336.5107857142857,2372.6854285714285,ZENO|H4|Off p=0.77
20240513080000_195,H4,2024-05-13 08:00:00,BUY,0.03,2344.544,2332.5112142857142,2368.609571428571,ZENO|H4|London p=0.77
20240513160000_196,H4,2024-05-13 16:00:00,BUY,0.04,2337.334,2326.3909285714285,2359.2201428571425,ZENO|H4|London p=0.76
20240514000000_197,H4,2024-05-14 00:00:00,BUY,0.04,2343.059,2332.5690714285715,2364.038857142857,ZENO|H4|Off p=0.76
20240514040000_198,H4,2024-05-14 04:00:00,BUY,0.04,2339.151,2328.6644285714283,2360.1241428571425,ZENO|H4|Off p=0.77
20240514120000_199,H4,2024-05-14 12:00:00,BUY,0.04,2347.925,2337.4982142857143,2368.7785714285715,ZENO|H4|London p=0.77
20240514160000_200,H4,2024-05-14 16:00:00,BUY,0.04,2356.487,2346.4832142857144,2376.4945714285714,ZENO|H4|London p=0.76
20240515040000_201,H4,2024-05-15 04:00:00,BUY,0.04,2362.401,2352.322714285714,2382.5575714285715,ZENO|H4|Off p=0.77
20240515080000_202,H4,2024-05-15 08:00:00,BUY,0.04,2362.742,2352.4764285714286,2383.2731428571433,ZENO|H4|London p=0.76
20240515120000_203,H4,2024-05-15 12:00:00,BUY,0.04,2377.551,2365.6186428571427,2401.4157142857143,ZENO|H4|London p=0.77
20240515160000_204,H4,2024-05-15 16:00:00,BUY,0.03,2386.313,2374.291,2410.357,ZENO|H4|London p=0.77
20240515200000_205,H4,2024-05-15 20:00:00,BUY,0.04,2391.769,2380.5411428571424,2414.224714285714,ZENO|H4|NY p=0.76
20240516120000_206,H4,2024-05-16 12:00:00,BUY,0.03,2381.506,2368.9182857142855,2406.6814285714286,ZENO|H4|London p=0.77
20240516160000_207,H4,2024-05-16 16:00:00,BUY,0.03,2378.106,2365.8355,2402.6470000000004,ZENO|H4|London p=0.77
20240517040000_208,H4,2024-05-17 04:00:00,BUY,0.04,2383.814,2372.6020714285714,2406.237857142857,ZENO|H4|Off p=0.72
20240517120000_209,H4,2024-05-17 12:00:00,BUY,0.03,2407.708,2394.6750714285713,2433.7738571428577,ZENO|H4|London p=0.76
20240519200000_210,H4,2024-05-19 20:00:00,BUY,0.04,2420.194,2408.9829285714286,2442.616142857143,ZENO|H4|NY p=0.76
20240520120000_211,H4,2024-05-20 12:00:00,BUY,0.03,2424.838,2410.2149285714286,2454.0841428571434,ZENO|H4|London p=0.94
20240520160000_212,H4,2024-05-20 16:00:00,BUY,0.03,2426.734,2412.1489285714283,2455.904142857143,ZENO|H4|London p=0.77
20240520200000_213,H4,2024-05-20 20:00:00,BUY,0.03,2426.133,2411.474571428571,2455.449857142857,ZENO|H4|NY p=0.77
20240521040000_214,H4,2024-05-21 04:00:00,BUY,0.02,2419.209,2402.436428571428,2452.754142857143,ZENO|H4|Off p=0.77
20240521200000_215,H4,2024-05-21 20:00:00,BUY,0.03,2421.654,2406.9825,2450.9970000000003,ZENO|H4|NY p=0.77
20240522000000_216,H4,2024-05-22 00:00:00,BUY,0.03,2414.163,2399.1565714285716,2444.1758571428572,ZENO|H4|Off p=0.77
20240522040000_217,H4,2024-05-22 04:00:00,BUY,0.03,2417.232,2402.5215,2446.6530000000002,ZENO|H4|Off p=0.77
20240522120000_218,H4,2024-05-22 12:00:00,BUY,0.03,2391.965,2376.884857142857,2422.125285714286,ZENO|H4|London p=0.77
20240522160000_219,H4,2024-05-22 16:00:00,BUY,0.03,2379.305,2364.192928571428,2409.5291428571427,ZENO|H4|London p=0.77
20240522200000_220,H4,2024-05-22 20:00:00,BUY,0.03,2382.124,2368.3137857142856,2409.744428571428,ZENO|H4|NY p=0.77
20240523080000_221,H4,2024-05-23 08:00:00,BUY,0.03,2368.041,2354.1388571428574,2395.8452857142856,ZENO|H4|London p=0.77
20240523160000_222,H4,2024-05-23 16:00:00,BUY,0.03,2331.58,2316.002571428571,2362.734857142857,ZENO|H4|London p=0.76
20240523200000_223,H4,2024-05-23 20:00:00,BUY,0.03,2332.012,2316.9492142857143,2362.1375714285714,ZENO|H4|NY p=0.76
20240607080000_224,H4,2024-06-07 08:00:00,BUY,0.03,2336.496,2322.2521428571426,2364.9837142857145,ZENO|H4|London p=0.76
20240624040000_225,H4,2024-06-24 04:00:00,BUY,0.03,2330.705,2318.4089285714285,2355.2971428571427,ZENO|H4|Off p=0.77
20240624080000_226,H4,2024-06-24 08:00:00,BUY,0.03,2326.191,2313.893,2350.787,ZENO|H4|London p=0.77
20240624120000_227,H4,2024-06-24 12:00:00,BUY,0.03,2327.626,2315.275642857143,2352.3267142857144,ZENO|H4|London p=0.77
20240624160000_228,H4,2024-06-24 16:00:00,BUY,0.04,2331.64,2320.8911428571428,2353.137714285714,ZENO|H4|London p=0.76
20240625000000_229,H4,2024-06-25 00:00:00,BUY,0.04,2324.146,2313.3430714285714,2345.7518571428573,ZENO|H4|Off p=0.77
20240625160000_230,H4,2024-06-25 16:00:00,BUY,0.05,2319.776,2310.722214285714,2337.8835714285715,ZENO|H4|London p=0.76
20240626040000_231,H4,2024-06-26 04:00:00,BUY,0.05,2316.085,2306.5852142857143,2335.0845714285715,ZENO|H4|Off p=0.77
20240626080000_232,H4,2024-06-26 08:00:00,BUY,0.04,2313.005,2303.1285000000003,2332.7580000000003,ZENO|H4|London p=0.76
20240628160000_233,H4,2024-06-28 16:00:00,BUY,0.04,2325.004,2315.0859285714287,2344.840142857143,ZENO|H4|London p=0.72
20240630200000_234,H4,2024-06-30 20:00:00,BUY,0.05,2324.933,2316.633142857143,2341.5327142857145,ZENO|H4|NY p=0.72
20240701120000_235,H4,2024-07-01 12:00:00,BUY,0.04,2327.713,2317.6993571428575,2347.740285714286,ZENO|H4|London p=0.77
20240701160000_236,H4,2024-07-01 16:00:00,BUY,0.05,2330.9,2321.570285714286,2349.5594285714287,ZENO|H4|London p=0.76
20240701200000_237,H4,2024-07-01 20:00:00,BUY,0.05,2332.222,2323.1932142857145,2350.2795714285717,ZENO|H4|NY p=0.77
20240702000000_238,H4,2024-07-02 00:00:00,BUY,0.05,2326.033,2316.6149285714287,2344.869142857143,ZENO|H4|Off p=0.76
20240702040000_239,H4,2024-07-02 04:00:00,BUY,0.05,2330.679,2321.3165,2349.404,ZENO|H4|Off p=0.72
20240702200000_240,H4,2024-07-02 20:00:00,BUY,0.05,2330.18,2321.0370714285714,2348.4658571428567,ZENO|H4|NY p=0.76
20240703160000_241,H4,2024-07-03 16:00:00,BUY,0.04,2354.28,2343.916571428572,2375.0068571428574,ZENO|H4|London p=0.76
20240703200000_242,H4,2024-07-03 20:00:00,BUY,0.05,2358.699,2349.3320000000003,2377.433,ZENO|H4|NY p=0.72
20240704040000_243,H4,2024-07-04 04:00:00,BUY,0.04,2357.455,2347.4894285714286,2377.3861428571427,ZENO|H4|Off p=0.76
20240704200000_244,H4,2024-07-04 20:00:00,BUY,0.06,2356.721,2348.9545,2372.254,ZENO|H4|NY p=0.77
20240708000000_245,H4,2024-07-08 00:00:00,BUY,0.05,2382.88,2374.1572142857144,2400.3255714285715,ZENO|H4|Off p=0.76
20240708040000_246,H4,2024-07-08 04:00:00,BUY,0.05,2377.828,2368.814714285714,2395.8545714285715,ZENO|H4|Off p=0.77
20240708080000_247,H4,2024-07-08 08:00:00,BUY,0.05,2375.284,2366.1758571428572,2393.500285714286,ZENO|H4|London p=0.76
20240708120000_248,H4,2024-07-08 12:00:00,BUY,0.04,2355.459,2344.6367857142855,2377.1034285714286,ZENO|H4|London p=0.77
20240708160000_249,H4,2024-07-08 16:00:00,BUY,0.04,2359.132,2348.1339285714284,2381.128142857143,ZENO|H4|London p=0.77
20240708200000_250,H4,2024-07-08 20:00:00,BUY,0.04,2361.711,2350.5827142857142,2383.9675714285713,ZENO|H4|NY p=0.77
20240709000000_251,H4,2024-07-09 00:00:00,BUY,0.04,2367.625,2356.2102142857143,2390.4545714285714,ZENO|H4|Off p=0.77
20240709040000_252,H4,2024-07-09 04:00:00,BUY,0.04,2358.933,2347.2729285714286,2382.253142857143,ZENO|H4|Off p=0.76
20240709160000_253,H4,2024-07-09 16:00:00,BUY,0.04,2363.496,2352.830214285714,2384.8275714285714,ZENO|H4|London p=0.77
20240709200000_254,H4,2024-07-09 20:00:00,BUY,0.04,2364.966,2354.7475,2385.403,ZENO|H4|NY p=0.72
20240710000000_255,H4,2024-07-10 00:00:00,BUY,0.04,2368.144,2357.6746428571428,2389.082714285714,ZENO|H4|Off p=0.76
20240710040000_256,H4,2024-07-10 04:00:00,BUY,0.04,2372.606,2362.021928571429,2393.774142857143,ZENO|H4|Off p=0.76
20240710080000_257,H4,2024-07-10 08:00:00,BUY,0.04,2378.346,2368.009642857143,2399.018714285714,ZENO|H4|London p=0.72
20240710200000_258,H4,2024-07-10 20:00:00,BUY,0.05,2372.852,2364.1572857142855,2390.2414285714285,ZENO|H4|NY p=0.72
20240711160000_259,H4,2024-07-11 16:00:00,BUY,0.04,2414.082,2402.833142857143,2436.579714285714,ZENO|H4|London p=0.77
20240712040000_260,H4,2024-07-12 04:00:00,BUY,0.04,2404.174,2393.625142857143,2425.271714285714,ZENO|H4|Off p=0.72
20240712080000_261,H4,2024-07-12 08:00:00,BUY,0.04,2401.715,2390.9468571428574,2423.2512857142856,ZENO|H4|London p=0.72
20240714200000_262,H4,2024-07-14 20:00:00,BUY,0.04,2408.657,2398.072,2429.8269999999998,ZENO|H4|NY p=0.76
20240715000000_263,H4,2024-07-15 00:00:00,BUY,0.04,2411.555,2400.6100714285712,2433.444857142857,ZENO|H4|Off p=0.77
20240715120000_264,H4,2024-07-15 12:00:00,BUY,0.03,2433.281,2419.978,2459.8869999999997,ZENO|H4|London p=0.77
20240715160000_265,H4,2024-07-15 16:00:00,BUY,0.04,2421.091,2409.6737857142857,2443.9254285714283,ZENO|H4|London p=0.77
20240715200000_266,H4,2024-07-15 20:00:00,BUY,0.04,2422.496,2411.5867142857146,2444.3145714285715,ZENO|H4|NY p=0.77
20240716000000_267,H4,2024-07-16 00:00:00,BUY,0.04,2428.577,2417.1929285714286,2451.345142857143,ZENO|H4|Off p=0.77
20240716080000_268,H4,2024-07-16 08:00:00,BUY,0.04,2439.521,2427.7950714285716,2462.9728571428573,ZENO|H4|London p=0.77
20240717160000_269,H4,2024-07-17 16:00:00,BUY,0.03,2457.986,2442.4782142857143,2489.0015714285714,ZENO|H4|London p=0.77
20240717200000_270,H4,2024-07-17 20:00:00,BUY,0.03,2461.296,2447.314214285714,2489.2595714285712,ZENO|H4|NY p=0.77
20240718000000_271,H4,2024-07-18 00:00:00,BUY,0.03,2468.009,2454.6332142857145,2494.7605714285714,ZENO|H4|Off p=0.77
20240718040000_272,H4,2024-07-18 04:00:00,BUY,0.03,2471.93,2457.9630714285713,2499.863857142857,ZENO|H4|Off p=0.77
20240718080000_273,H4,2024-07-18 08:00:00,BUY,0.03,2464.468,2450.4531428571427,2492.497714285714,ZENO|H4|London p=0.77
20240718120000_274,H4,2024-07-18 12:00:00,BUY,0.03,2461.226,2447.353357142857,2488.971285714286,ZENO|H4|London p=0.94
20240718160000_275,H4,2024-07-18 16:00:00,BUY,0.03,2442.916,2428.1832142857143,2472.3815714285715,ZENO|H4|London p=1.00
20240718200000_276,H4,2024-07-18 20:00:00,BUY,0.03,2441.25,2428.771142857143,2466.2077142857142,ZENO|H4|NY p=0.77
20240719000000_277,H4,2024-07-19 00:00:00,BUY,0.03,2428.7,2415.504857142857,2455.0902857142855,ZENO|H4|Off p=0.76
20240719040000_278,H4,2024-07-19 04:00:00,BUY,0.03,2418.127,2404.017857142857,2446.3452857142856,ZENO|H4|Off p=0.77
20240719120000_279,H4,2024-07-19 12:00:00,BUY,0.03,2405.38,2391.360857142857,2433.418285714286,ZENO|H4|London p=0.77
20240719160000_280,H4,2024-07-19 16:00:00,BUY,0.03,2398.712,2384.8255714285715,2426.4848571428574,ZENO|H4|London p=0.76
20240719200000_281,H4,2024-07-19 20:00:00,BUY,0.03,2400.451,2388.2056428571427,2424.9417142857146,ZENO|H4|NY p=0.76
20240721200000_282,H4,2024-07-21 20:00:00,BUY,0.03,2411.528,2399.4411428571425,2435.7017142857144,ZENO|H4|NY p=0.77
20240722000000_283,H4,2024-07-22 00:00:00,BUY,0.03,2406.732,2394.3355,2431.525,ZENO|H4|Off p=0.77
20240722040000_284,H4,2024-07-22 04:00:00,BUY,0.03,2402.513,2390.3371428571427,2426.8647142857144,ZENO|H4|Off p=0.77
20240722080000_285,H4,2024-07-22 08:00:00,BUY,0.03,2398.056,2385.883357142857,2422.4012857142857,ZENO|H4|London p=0.77
20240722200000_286,H4,2024-07-22 20:00:00,BUY,0.04,2395.783,2384.421857142857,2418.505285714286,ZENO|H4|NY p=0.77
20240723040000_287,H4,2024-07-23 04:00:00,BUY,0.04,2397.788,2386.8100714285715,2419.7438571428575,ZENO|H4|Off p=0.76
20240723120000_288,H4,2024-07-23 12:00:00,BUY,0.04,2405.479,2394.8082857142854,2426.8204285714287,ZENO|H4|London p=0.77
20240723160000_289,H4,2024-07-23 16:00:00,BUY,0.04,2407.545,2397.5995,2427.436,ZENO|H4|London p=0.72
20240723200000_290,H4,2024-07-23 20:00:00,BUY,0.04,2408.513,2398.971571428571,2427.5958571428573,ZENO|H4|NY p=0.72
20240724000000_291,H4,2024-07-24 00:00:00,BUY,0.04,2416.406,2406.1012857142855,2437.0154285714284,ZENO|H4|Off p=0.77
20240724040000_292,H4,2024-07-24 04:00:00,BUY,0.04,2414.574,2404.542857142857,2434.636285714286,ZENO|H4|Off p=0.76
20240724080000_293,H4,2024-07-24 08:00:00,BUY,0.04,2417.432,2407.4669999999996,2437.362,ZENO|H4|London p=0.72
20240725120000_294,H4,2024-07-25 12:00:00,BUY,0.03,2363.151,2348.9391428571425,2391.574714285714,ZENO|H4|London p=0.94
20240802200000_295,H4,2024-08-02 20:00:00,BUY,0.02,2441.892,2423.504,2478.6679999999997,ZENO|H4|NY p=0.72
20240814200000_296,H4,2024-08-14 20:00:00,BUY,0.03,2449.408,2437.0684285714287,2474.0871428571427,ZENO|H4|NY p=0.77
20240815000000_297,H4,2024-08-15 00:00:00,BUY,0.04,2453.681,2441.8490714285717,2477.344857142857,ZENO|H4|Off p=0.77
20240815040000_298,H4,2024-08-15 04:00:00,BUY,0.03,2455.71,2443.6912857142856,2479.7474285714284,ZENO|H4|Off p=0.77
20240815080000_299,H4,2024-08-15 08:00:00,BUY,0.04,2463.533,2451.908214285714,2486.7825714285714,ZENO|H4|London p=0.72
20240815160000_300,H4,2024-08-15 16:00:00,BUY,0.03,2455.566,2441.7419285714286,2483.2141428571426,ZENO|H4|London p=0.77
20240815200000_301,H4,2024-08-15 20:00:00,BUY,0.03,2457.298,2444.3939285714287,2483.1061428571425,ZENO|H4|NY p=0.77
20240816080000_302,H4,2024-08-16 08:00:00,BUY,0.03,2472.113,2458.849142857143,2498.640714285714,ZENO|H4|London p=0.72
20240816120000_303,H4,2024-08-16 12:00:00,BUY,0.03,2491.691,2477.239642857143,2520.5937142857138,ZENO|H4|London p=0.77
20240818200000_304,H4,2024-08-18 20:00:00,BUY,0.03,2506.414,2494.2103571428574,2530.8212857142858,ZENO|H4|NY p=0.76
20240819000000_305,H4,2024-08-19 00:00:00,BUY,0.03,2503.22,2490.388571428571,2528.8828571428567,ZENO|H4|Off p=0.77
20240819080000_306,H4,2024-08-19 08:00:00,BUY,0.03,2494.391,2480.668642857143,2521.8357142857144,ZENO|H4|London p=0.77
20240819160000_307,H4,2024-08-19 16:00:00,BUY,0.03,2505.436,2493.2459285714285,2529.816142857143,ZENO|H4|London p=0.77
20240820000000_308,H4,2024-08-20 00:00:00,BUY,0.03,2501.778,2489.5030714285713,2526.327857142857,ZENO|H4|Off p=0.77
20240820160000_309,H4,2024-08-20 16:00:00,BUY,0.03,2514.951,2502.236785714286,2540.3794285714284,ZENO|H4|London p=0.77
20240820200000_310,H4,2024-08-20 20:00:00,BUY,0.04,2512.964,2501.19,2536.5119999999997,ZENO|H4|NY p=0.77
20240821000000_311,H4,2024-08-21 00:00:00,BUY,0.03,2517.386,2505.2588571428573,2541.6402857142857,ZENO|H4|Off p=0.77
20240821040000_312,H4,2024-08-21 04:00:00,BUY,0.03,2509.751,2497.193928571429,2534.865142857143,ZENO|H4|Off p=0.77
20240821080000_313,H4,2024-08-21 08:00:00,BUY,0.03,2511.823,2499.475571428571,2536.517857142857,ZENO|H4|London p=0.76
20240821120000_314,H4,2024-08-21 12:00:00,BUY,0.03,2508.369,2495.045857142857,2535.0152857142857,ZENO|H4|London p=0.77
20240821160000_315,H4,2024-08-21 16:00:00,BUY,0.03,2511.559,2498.5631428571432,2537.5507142857145,ZENO|H4|London p=0.77
20240821200000_316,H4,2024-08-21 20:00:00,BUY,0.04,2512.783,2500.906,2536.537,ZENO|H4|NY p=0.77
20240822000000_317,H4,2024-08-22 00:00:00,BUY,0.03,2502.329,2489.8805,2527.226,ZENO|H4|Off p=0.77
20240822040000_318,H4,2024-08-22 04:00:00,BUY,0.03,2507.102,2494.094,2533.118,ZENO|H4|Off p=0.77
20240822160000_319,H4,2024-08-22 16:00:00,BUY,0.03,2482.983,2469.1582142857146,2510.6325714285717,ZENO|H4|London p=1.00
20240822200000_320,H4,2024-08-22 20:00:00,BUY,0.03,2487.564,2475.218785714286,2512.2544285714284,ZENO|H4|NY p=0.77
20240823000000_321,H4,2024-08-23 00:00:00,BUY,0.04,2493.17,2481.3520000000003,2516.806,ZENO|H4|Off p=0.76
20240823080000_322,H4,2024-08-23 08:00:00,BUY,0.04,2501.571,2489.6572142857144,2525.3985714285714,ZENO|H4|London p=0.72
20240823120000_323,H4,2024-08-23 12:00:00,BUY,0.03,2509.845,2497.0505714285714,2535.433857142857,ZENO|H4|London p=0.76
20240823200000_324,H4,2024-08-23 20:00:00,BUY,0.04,2512.357,2500.6035714285713,2535.863857142857,ZENO|H4|NY p=0.76
20240825200000_325,H4,2024-08-25 20:00:00,BUY,0.04,2515.917,2504.9140714285713,2537.922857142857,ZENO|H4|NY p=0.76
20240826000000_326,H4,2024-08-26 00:00:00,BUY,0.04,2509.769,2498.551357142857,2532.2042857142856,ZENO|H4|Off p=0.77
20240827000000_327,H4,2024-08-27 00:00:00,BUY,0.04,2508.973,2499.409071428571,2528.100857142857,ZENO|H4|Off p=0.77
20240828040000_328,H4,2024-08-28 04:00:00,BUY,0.04,2509.984,2498.9105,2532.131,ZENO|H4|Off p=0.77
20240828080000_329,H4,2024-08-28 08:00:00,BUY,0.04,2501.485,2490.192142857143,2524.0707142857145,ZENO|H4|London p=0.77
20240828160000_330,H4,2024-08-28 16:00:00,BUY,0.03,2507.607,2495.5271428571427,2531.766714285714,ZENO|H4|London p=0.77
20240828200000_331,H4,2024-08-28 20:00:00,BUY,0.04,2508.11,2496.779285714286,2530.7714285714287,ZENO|H4|NY p=0.77
20240829000000_332,H4,2024-08-29 00:00:00,BUY,0.04,2516.543,2505.289285714286,2539.0504285714287,ZENO|H4|Off p=0.77
20240829040000_333,H4,2024-08-29 04:00:00,BUY,0.04,2519.091,2507.575214285714,2542.122571428571,ZENO|H4|Off p=0.76
20240829120000_334,H4,2024-08-29 12:00:00,BUY,0.03,2522.535,2510.4725,2546.66,ZENO|H4|London p=0.77
20240829200000_335,H4,2024-08-29 20:00:00,BUY,0.04,2519.615,2508.443857142857,2541.9572857142853,ZENO|H4|NY p=0.77
20240830000000_336,H4,2024-08-30 00:00:00,BUY,0.04,2513.556,2502.977142857143,2534.713714285714,ZENO|H4|Off p=0.72
20240830040000_337,H4,2024-08-30 04:00:00,BUY,0.04,2519.369,2508.3114285714287,2541.484142857143,ZENO|H4|Off p=0.72
20240901200000_338,H4,2024-09-01 20:00:00,BUY,0.04,2502.98,2492.9029285714287,2523.134142857143,ZENO|H4|NY p=0.76
20240902040000_339,H4,2024-09-02 04:00:00,BUY,0.04,2498.157,2487.6140714285716,2519.2428571428577,ZENO|H4|Off p=0.77
20240902120000_340,H4,2024-09-02 12:00:00,BUY,0.04,2501.485,2491.0116428571428,2522.431714285715,ZENO|H4|London p=0.77
20240902160000_341,H4,2024-09-02 16:00:00,BUY,0.05,2500.085,2490.957,2518.3410000000003,ZENO|H4|London p=0.75
20240902200000_342,H4,2024-09-02 20:00:00,BUY,0.05,2497.242,2488.6622857142856,2514.401428571429,ZENO|H4|NY p=0.76
20240903000000_343,H4,2024-09-03 00:00:00,BUY,0.05,2494.717,2485.808,2512.5350000000003,ZENO|H4|Off p=0.76
20240903040000_344,H4,2024-09-03 04:00:00,BUY,0.05,2500.843,2491.826714285714,2518.8755714285717,ZENO|H4|Off p=0.76
20240903200000_345,H4,2024-09-03 20:00:00,BUY,0.05,2493.223,2483.9058571428573,2511.857285714286,ZENO|H4|NY p=0.72
20240904000000_346,H4,2024-09-04 00:00:00,BUY,0.04,2495.016,2485.4192142857146,2514.2095714285715,ZENO|H4|Off p=0.76
20240906200000_347,H4,2024-09-06 20:00:00,BUY,0.04,2497.54,2487.1742142857142,2518.2715714285714,ZENO|H4|NY p=0.76
20240909000000_348,H4,2024-09-09 00:00:00,BUY,0.04,2499.28,2489.0634285714286,2519.7131428571433,ZENO|H4|Off p=0.77
20240909040000_349,H4,2024-09-09 04:00:00,BUY,0.04,2494.286,2483.414642857143,2516.0287142857146,ZENO|H4|Off p=0.77
20240909080000_350,H4,2024-09-09 08:00:00,BUY,0.04,2497.242,2486.704,2518.318,ZENO|H4|London p=0.76
20240909120000_351,H4,2024-09-09 12:00:00,BUY,0.04,2499.081,2488.5720714285717,2520.0988571428575,ZENO|H4|London p=0.77
20240909160000_352,H4,2024-09-09 16:00:00,BUY,0.04,2505.96,2496.328285714286,2525.2234285714285,ZENO|H4|London p=0.76
20240909200000_353,H4,2024-09-09 20:00:00,BUY,0.05,2506.813,2497.7737142857145,2524.8915714285718,ZENO|H4|NY p=0.77
20240910080000_354,H4,2024-09-10 08:00:00,BUY,0.04,2504.607,2494.9595714285715,2523.9018571428574,ZENO|H4|London p=0.72
20240910120000_355,H4,2024-09-10 12:00:00,BUY,0.04,2512.597,2502.1019285714287,2533.587142857143,ZENO|H4|London p=0.77
20240910160000_356,H4,2024-09-10 16:00:00,BUY,0.05,2517.255,2508.331357142857,2535.1022857142857,ZENO|H4|London p=0.72
20240910200000_357,H4,2024-09-10 20:00:00,BUY,0.06,2518.678,2511.020642857143,2533.992714285714,ZENO|H4|NY p=0.72
20240911160000_358,H4,2024-09-11 16:00:00,BUY,0.05,2512.93,2503.558642857143,2531.672714285714,ZENO|H4|London p=0.72
20240911200000_359,H4,2024-09-11 20:00:00,BUY,0.05,2511.901,2503.203857142857,2529.2952857142855,ZENO|H4|NY p=0.72
20240912000000_360,H4,2024-09-12 00:00:00,BUY,0.05,2515.844,2507.3120714285715,2532.907857142857,ZENO|H4|Off p=0.72
20240912040000_361,H4,2024-09-12 04:00:00,BUY,0.05,2515.941,2507.028,2533.767,ZENO|H4|Off p=0.72
20240912200000_362,H4,2024-09-12 20:00:00,BUY,0.04,2558.422,2547.9584285714286,2579.349142857143,ZENO|H4|NY p=0.76
20240913200000_363,H4,2024-09-13 20:00:00,BUY,0.04,2579.067,2568.4379285714285,2600.3251428571425,ZENO|H4|NY p=0.76
20240915200000_364,H4,2024-09-15 20:00:00,BUY,0.04,2579.163,2569.060142857143,2599.3687142857143,ZENO|H4|NY p=0.76
20240916000000_365,H4,2024-09-16 00:00:00,BUY,0.04,2586.294,2575.6541428571427,2607.5737142857142,ZENO|H4|Off p=0.76
20240916120000_366,H4,2024-09-16 12:00:00,BUY,0.04,2579.847,2568.0907142857145,2603.3595714285716,ZENO|H4|London p=0.77
20240916200000_367,H4,2024-09-16 20:00:00,BUY,0.05,2583.659,2575.0392142857145,2600.8985714285714,ZENO|H4|NY p=0.76
20240917000000_368,H4,2024-09-17 00:00:00,BUY,0.05,2577.184,2568.120071428572,2595.311857142857,ZENO|H4|Off p=0.75
20240917080000_369,H4,2024-09-17 08:00:00,BUY,0.05,2579.824,2570.3675000000003,2598.737,ZENO|H4|London p=0.72
20240917120000_370,H4,2024-09-17 12:00:00,BUY,0.04,2565.668,2555.413642857143,2586.1767142857143,ZENO|H4|London p=0.76
20240917160000_371,H4,2024-09-17 16:00:00,BUY,0.04,2568.615,2558.8224285714286,2588.2001428571425,ZENO|H4|London p=0.72
20240917200000_372,H4,2024-09-17 20:00:00,BUY,0.04,2574.05,2564.359928571429,2593.430142857143,ZENO|H4|NY p=0.72
20240918040000_373,H4,2024-09-18 04:00:00,BUY,0.04,2571.566,2561.219714285714,2592.258571428571,ZENO|H4|Off p=0.72
20240918080000_374,H4,2024-09-18 08:00:00,BUY,0.04,2577.407,2566.8720000000003,2598.477,ZENO|H4|London p=0.72
20240918200000_375,H4,2024-09-18 20:00:00,BUY,0.03,2559.239,2545.785,2586.147,ZENO|H4|NY p=0.77
20240919040000_376,H4,2024-09-19 04:00:00,BUY,0.03,2584.344,2568.4479285714287,2616.136142857143,ZENO|H4|Off p=0.77
20240919080000_377,H4,2024-09-19 08:00:00,BUY,0.02,2589.435,2573.2484285714286,2621.8081428571427,ZENO|H4|London p=0.76
20240919120000_378,H4,2024-09-19 12:00:00,BUY,0.02,2589.022,2572.1912857142856,2622.6834285714285,ZENO|H4|London p=0.77
20240919200000_379,H4,2024-09-19 20:00:00,BUY,0.03,2587.282,2572.192142857143,2617.4617142857146,ZENO|H4|NY p=0.77
20240922200000_380,H4,2024-09-22 20:00:00,BUY,0.03,2620.234,2607.7501428571427,2645.2017142857144,ZENO|H4|NY p=0.77
20240923080000_381,H4,2024-09-23 08:00:00,BUY,0.04,2624.063,2612.3120714285715,2647.5648571428574,ZENO|H4|London p=0.76
20240923120000_382,H4,2024-09-23 12:00:00,BUY,0.04,2629.242,2617.4032857142856,2652.919428571429,ZENO|H4|London p=0.77
20240923160000_383,H4,2024-09-23 16:00:00,BUY,0.04,2626.24,2615.5579999999995,2647.604,ZENO|H4|London p=0.77
20240923200000_384,H4,2024-09-23 20:00:00,BUY,0.04,2626.3,2615.9032142857145,2647.0935714285715,ZENO|H4|NY p=0.77
20240924040000_385,H4,2024-09-24 04:00:00,BUY,0.04,2628.996,2617.3805714285713,2652.2268571428576,ZENO|H4|Off p=0.76
20240924080000_386,H4,2024-09-24 08:00:00,BUY,0.04,2626.367,2615.149142857143,2648.8027142857145,ZENO|H4|London p=0.76
20240924200000_387,H4,2024-09-24 20:00:00,BUY,0.03,2658.204,2646.064928571429,2682.482142857143,ZENO|H4|NY p=0.77
20240925080000_388,H4,2024-09-25 08:00:00,BUY,0.03,2657.431,2644.5455,2683.202,ZENO|H4|London p=0.76
20240925160000_389,H4,2024-09-25 16:00:00,BUY,0.03,2659.754,2647.0207857142855,2685.2204285714283,ZENO|H4|London p=0.77
20240925200000_390,H4,2024-09-25 20:00:00,BUY,0.04,2656.256,2644.2898571428573,2680.1882857142855,ZENO|H4|NY p=0.77
20240926000000_391,H4,2024-09-26 00:00:00,BUY,0.03,2662.516,2650.407,2686.734,ZENO|H4|Off p=0.76
20240926040000_392,H4,2024-09-26 04:00:00,BUY,0.03,2664.684,2652.1245000000004,2689.803,ZENO|H4|Off p=0.77
20240926120000_393,H4,2024-09-26 12:00:00,BUY,0.03,2671.357,2657.3286428571428,2699.413714285714,ZENO|H4|London p=0.94
20240926160000_394,H4,2024-09-26 16:00:00,BUY,0.03,2673.675,2659.502428571429,2702.020142857143,ZENO|H4|London p=0.77
20240926200000_395,H4,2024-09-26 20:00:00,BUY,0.03,2672.601,2659.985142857143,2697.8327142857142,ZENO|H4|NY p=0.77
20240927120000_396,H4,2024-09-27 12:00:00,BUY,0.03,2649.799,2636.7262142857144,2675.9445714285716,ZENO|H4|London p=0.76
20240927160000_397,H4,2024-09-27 16:00:00,BUY,0.03,2652.079,2638.474285714286,2679.288428571429,ZENO|H4|London p=0.76
20240927200000_398,H4,2024-09-27 20:00:00,BUY,0.03,2657.983,2644.694214285714,2684.5605714285716,ZENO|H4|NY p=0.76
20240929200000_399,H4,2024-09-29 20:00:00,BUY,0.03,2663.543,2650.7037142857143,2689.2215714285717,ZENO|H4|NY p=0.77
20240930080000_400,H4,2024-09-30 08:00:00,BUY,0.03,2641.542,2626.5181428571427,2671.5897142857143,ZENO|H4|London p=0.76
20240930120000_401,H4,2024-09-30 12:00:00,BUY,0.03,2633.868,2619.236357142857,2663.1312857142857,ZENO|H4|London p=0.94
20241001000000_402,H4,2024-10-01 00:00:00,BUY,0.03,2637.922,2624.6425,2664.481,ZENO|H4|Off p=0.77
20241001040000_403,H4,2024-10-01 04:00:00,BUY,0.03,2645.559,2632.117642857143,2672.4417142857146,ZENO|H4|Off p=0.77
20241001080000_404,H4,2024-10-01 08:00:00,BUY,0.03,2650.229,2637.033357142857,2676.6202857142857,ZENO|H4|London p=0.77
20241001120000_405,H4,2024-10-01 12:00:00,BUY,0.03,2663.338,2649.214428571429,2691.585142857143,ZENO|H4|London p=0.77
20241002040000_406,H4,2024-10-02 04:00:00,BUY,0.03,2655.423,2642.580357142857,2681.1082857142856,ZENO|H4|Off p=0.77
20241002160000_407,H4,2024-10-02 16:00:00,BUY,0.03,2658.64,2646.4305714285715,2683.058857142857,ZENO|H4|London p=0.77
20241002200000_408,H4,2024-10-02 20:00:00,BUY,0.04,2660.328,2649.014642857143,2682.954714285714,ZENO|H4|NY p=0.77
20241003040000_409,H4,2024-10-03 04:00:00,BUY,0.04,2645.187,2633.8070714285714,2667.946857142857,ZENO|H4|Off p=0.77
20241003080000_410,H4,2024-10-03 08:00:00,BUY,0.04,2648.018,2636.4935714285716,2671.0668571428573,ZENO|H4|London p=0.76
20241003160000_411,H4,2024-10-03 16:00:00,BUY,0.03,2657.974,2645.6925714285717,2682.536857142857,ZENO|H4|London p=0.77
20241003200000_412,H4,2024-10-03 20:00:00,BUY,0.04,2655.804,2644.965,2677.482,ZENO|H4|NY p=0.77
20241004160000_413,H4,2024-10-04 16:00:00,BUY,0.03,2651.624,2639.0397857142857,2676.7924285714284,ZENO|H4|London p=0.76
20241004200000_414,H4,2024-10-04 20:00:00,BUY,0.04,2653.519,2642.2319285714284,2676.0931428571425,ZENO|H4|NY p=0.72
20241007000000_415,H4,2024-10-07 00:00:00,BUY,0.04,2647.421,2636.3389285714284,2669.5851428571427,ZENO|H4|Off p=0.77
20241007080000_416,H4,2024-10-07 08:00:00,BUY,0.04,2656.913,2645.9333571428574,2678.8722857142857,ZENO|H4|London p=0.76
20241007160000_417,H4,2024-10-07 16:00:00,BUY,0.04,2643.26,2631.8646428571433,2666.0507142857145,ZENO|H4|London p=0.77
20241007200000_418,H4,2024-10-07 20:00:00,BUY,0.04,2642.944,2631.9927142857146,2664.846571428571,ZENO|H4|NY p=0.77
20241008080000_419,H4,2024-10-08 08:00:00,BUY,0.03,2650.745,2637.484857142857,2677.2652857142853,ZENO|H4|London p=0.77
20241023160000_420,H4,2024-10-23 16:00:00,BUY,0.03,2716.202,2703.390928571429,2741.8241428571428,ZENO|H4|London p=0.77
20241023200000_421,H4,2024-10-23 20:00:00,BUY,0.04,2721.258,2709.588142857143,2744.597714285714,ZENO|H4|NY p=0.76
20241024000000_422,H4,2024-10-24 00:00:00,BUY,0.04,2722.877,2711.384357142857,2745.8622857142855,ZENO|H4|Off p=0.77
20241024040000_423,H4,2024-10-24 04:00:00,BUY,0.03,2733.54,2721.3047142857145,2758.0105714285714,ZENO|H4|Off p=0.77
20241024080000_424,H4,2024-10-24 08:00:00,BUY,0.04,2738.556,2726.698428571429,2762.271142857143,ZENO|H4|London p=0.76
20241024120000_425,H4,2024-10-24 12:00:00,BUY,0.03,2731.099,2718.333,2756.631,ZENO|H4|London p=0.77
20241024160000_426,H4,2024-10-24 16:00:00,BUY,0.03,2737.049,2724.135642857143,2762.875714285714,ZENO|H4|London p=0.77
20241024200000_427,H4,2024-10-24 20:00:00,BUY,0.03,2733.844,2721.5867857142857,2758.3584285714282,ZENO|H4|NY p=0.77
20241025000000_428,H4,2024-10-25 00:00:00,BUY,0.03,2726.042,2713.854142857143,2750.4177142857143,ZENO|H4|Off p=0.76
20241025160000_429,H4,2024-10-25 16:00:00,BUY,0.03,2742.519,2728.9727857142857,2769.6114285714284,ZENO|H4|London p=0.72
20241027200000_430,H4,2024-10-27 20:00:00,BUY,0.04,2735.815,2724.496142857143,2758.452714285714,ZENO|H4|NY p=0.76
20241028000000_431,H4,2024-10-28 00:00:00,BUY,0.04,2729.702,2718.102928571429,2752.900142857143,ZENO|H4|Off p=0.77
20241028080000_432,H4,2024-10-28 08:00:00,BUY,0.04,2732.319,2720.3415714285716,2756.273857142857,ZENO|H4|London p=0.77
20241028160000_433,H4,2024-10-28 16:00:00,BUY,0.04,2742.498,2731.1130000000003,2765.268,ZENO|H4|London p=0.76
20241029000000_434,H4,2024-10-29 00:00:00,BUY,0.04,2751.687,2740.0385714285712,2774.9838571428572,ZENO|H4|Off p=0.77
20241029200000_435,H4,2024-10-29 20:00:00,BUY,0.04,2774.915,2763.6739285714284,2797.397142857143,ZENO|H4|NY p=0.76
20241030040000_436,H4,2024-10-30 04:00:00,BUY,0.04,2782.222,2771.138142857143,2804.3897142857145,ZENO|H4|Off p=0.76
20241030080000_437,H4,2024-10-30 08:00:00,BUY,0.04,2778.58,2767.7375714285713,2800.264857142857,ZENO|H4|London p=0.72
20241030200000_438,H4,2024-10-30 20:00:00,BUY,0.04,2785.49,2775.8019999999997,2804.866,ZENO|H4|NY p=0.72
20241031000000_439,H4,2024-10-31 00:00:00,BUY,0.04,2784.547,2774.750785714286,2804.1394285714287,ZENO|H4|Off p=0.76
20241031040000_440,H4,2024-10-31 04:00:00,BUY,0.04,2782.048,2771.9724285714283,2802.1991428571428,ZENO|H4|Off p=0.77
20241031160000_441,H4,2024-10-31 16:00:00,BUY,0.03,2746.442,2733.573214285714,2772.1795714285713,ZENO|H4|London p=0.77
20241101000000_442,H4,2024-11-01 00:00:00,BUY,0.04,2751.77,2740.4927857142857,2774.3244285714286,ZENO|H4|Off p=0.76
20241101040000_443,H4,2024-11-01 04:00:00,BUY,0.04,2749.642,2737.861857142857,2773.2022857142856,ZENO|H4|Off p=0.76
20241101200000_444,H4,2024-11-01 20:00:00,BUY,0.03,2736.69,2724.541857142857,2760.9862857142857,ZENO|H4|NY p=0.76
20241103200000_445,H4,2024-11-03 20:00:00,BUY,0.03,2738.352,2726.1565,2762.743,ZENO|H4|NY p=0.77
20241104000000_446,H4,2024-11-04 00:00:00,BUY,0.03,2740.989,2728.527,2765.913,ZENO|H4|Off p=0.77
20241104040000_447,H4,2024-11-04 04:00:00,BUY,0.03,2735.837,2723.145285714286,2761.2204285714283,ZENO|H4|Off p=0.77
20241104080000_448,H4,2024-11-04 08:00:00,BUY,0.03,2740.609,2727.5649285714285,2766.697142857143,ZENO|H4|London p=0.77
20241104160000_449,H4,2024-11-04 16:00:00,BUY,0.04,2738.309,2728.2500714285716,2758.4268571428574,ZENO|H4|London p=0.77
20241104200000_450,H4,2024-11-04 20:00:00,BUY,0.05,2736.003,2726.5994285714287,2754.810142857143,ZENO|H4|NY p=0.76
20241105000000_451,H4,2024-11-05 00:00:00,BUY,0.04,2735.294,2725.3844285714285,2755.1131428571425,ZENO|H4|Off p=0.77
20241105040000_452,H4,2024-11-05 04:00:00,BUY,0.04,2736.532,2726.4317142857144,2756.7325714285716,ZENO|H4|Off p=0.76
20241105200000_453,H4,2024-11-05 20:00:00,BUY,0.05,2745.707,2736.4582142857143,2764.2045714285714,ZENO|H4|NY p=0.72
20241106040000_454,H4,2024-11-06 04:00:00,BUY,0.03,2725.921,2713.0905,2751.582,ZENO|H4|Off p=0.77
20241106120000_455,H4,2024-11-06 12:00:00,BUY,0.02,2675.715,2657.4032142857145,2712.338571428572,ZENO|H4|London p=0.77
20241106160000_456,H4,2024-11-06 16:00:00,BUY,0.02,2667.084,2648.5402857142853,2704.1714285714284,ZENO|H4|London p=0.76
20241106200000_457,H4,2024-11-06 20:00:00,BUY,0.02,2664.048,2645.6345714285712,2700.874857142857,ZENO|H4|NY p=0.76
20241125040000_458,H4,2024-11-25 04:00:00,BUY,0.02,2667.774,2650.968714285714,2701.3845714285712,ZENO|H4|Off p=0.77
20241125080000_459,H4,2024-11-25 08:00:00,BUY,0.02,2686.776,2669.1451428571427,2722.037714285714,ZENO|H4|London p=0.76
20241125200000_460,H4,2024-11-25 20:00:00,BUY,0.02,2610.46,2587.5480000000002,2656.284,ZENO|H4|NY p=0.76
20241126000000_461,H4,2024-11-26 00:00:00,BUY,0.02,2630.375,2606.042214285714,2679.040571428571,ZENO|H4|Off p=0.77
20241126040000_462,H4,2024-11-26 04:00:00,BUY,0.02,2614.036,2589.7788571428573,2662.5502857142856,ZENO|H4|Off p=0.76
20241126080000_463,H4,2024-11-26 08:00:00,BUY,0.01,2633.213,2608.611428571429,2682.416142857143,ZENO|H4|London p=0.76
20241126120000_464,H4,2024-11-26 12:00:00,BUY,0.01,2629.512,2604.2850000000003,2679.9660000000003,ZENO|H4|London p=0.77
20241126160000_465,H4,2024-11-26 16:00:00,BUY,0.01,2628.025,2603.418142857143,2677.238714285714,ZENO|H4|London p=0.76
20241127000000_466,H4,2024-11-27 00:00:00,BUY,0.01,2637.722,2613.189928571429,2686.786142857143,ZENO|H4|Off p=0.77
20241127040000_467,H4,2024-11-27 04:00:00,BUY,0.01,2646.625,2622.003,2695.869,ZENO|H4|Off p=0.76
20241127080000_468,H4,2024-11-27 08:00:00,BUY,0.02,2651.103,2630.0819285714288,2693.145142857143,ZENO|H4|London p=0.76
20241127160000_469,H4,2024-11-27 16:00:00,BUY,0.02,2634.703,2614.1530714285714,2675.802857142857,ZENO|H4|London p=0.77
20241127200000_470,H4,2024-11-27 20:00:00,BUY,0.02,2637.168,2620.6747142857143,2670.1545714285717,ZENO|H4|NY p=0.76
20241128080000_471,H4,2024-11-28 08:00:00,BUY,0.03,2646.884,2632.4883571428572,2675.6752857142856,ZENO|H4|London p=0.77
20241128120000_472,H4,2024-11-28 12:00:00,BUY,0.03,2638.104,2624.3409285714283,2665.630142857143,ZENO|H4|London p=0.94
20241128160000_473,H4,2024-11-28 16:00:00,BUY,0.03,2640.597,2627.964642857143,2665.8617142857147,ZENO|H4|London p=0.77
20241129160000_474,H4,2024-11-29 16:00:00,BUY,0.03,2655.23,2643.0907857142856,2679.508428571429,ZENO|H4|London p=0.72
20241201200000_475,H4,2024-12-01 20:00:00,BUY,0.04,2645.659,2634.2687142857144,2668.4395714285715,ZENO|H4|NY p=0.76
20241202000000_476,H4,2024-12-02 00:00:00,BUY,0.03,2629.272,2616.868857142857,2654.078285714286,ZENO|H4|Off p=0.77
20241202080000_477,H4,2024-12-02 08:00:00,BUY,0.03,2641.885,2628.819785714286,2668.015428571429,ZENO|H4|London p=0.77
20241202200000_478,H4,2024-12-02 20:00:00,BUY,0.03,2642.211,2629.2554999999998,2668.122,ZENO|H4|NY p=0.77
20241203000000_479,H4,2024-12-03 00:00:00,BUY,0.03,2640.427,2627.0205714285717,2667.2398571428575,ZENO|H4|Off p=0.77
20241203040000_480,H4,2024-12-03 04:00:00,BUY,0.03,2644.622,2630.534642857143,2672.796714285714,ZENO|H4|Off p=0.77
20241203120000_481,H4,2024-12-03 12:00:00,BUY,0.03,2640.435,2626.8839285714284,2667.537142857143,ZENO|H4|London p=0.77
20241203160000_482,H4,2024-12-03 16:00:00,BUY,0.03,2640.998,2627.5268571428574,2667.940285714286,ZENO|H4|London p=0.77
20241203200000_483,H4,2024-12-03 20:00:00,BUY,0.03,2642.721,2630.0235714285714,2668.1158571428573,ZENO|H4|NY p=0.77
20241204000000_484,H4,2024-12-04 00:00:00,BUY,0.03,2644.501,2631.557642857143,2670.3877142857145,ZENO|H4|Off p=0.77
20241204160000_485,H4,2024-12-04 16:00:00,BUY,0.03,2651.7,2639.6765,2675.747,ZENO|H4|London p=0.77
20241204200000_486,H4,2024-12-04 20:00:00,BUY,0.04,2650.397,2639.1485,2672.894,ZENO|H4|NY p=0.77
20241205000000_487,H4,2024-12-05 00:00:00,BUY,0.04,2648.882,2637.9680714285714,2670.7098571428573,ZENO|H4|Off p=0.77
20241205160000_488,H4,2024-12-05 16:00:00,BUY,0.03,2629.8,2617.3375714285717,2654.724857142857,ZENO|H4|London p=0.77
20241205200000_489,H4,2024-12-05 20:00:00,BUY,0.04,2633.713,2622.295785714286,2656.547428571429,ZENO|H4|NY p=0.77
20241212040000_490,H4,2024-12-12 04:00:00,BUY,0.03,2716.047,2701.608,2744.925,ZENO|H4|Off p=0.77
20241212080000_491,H4,2024-12-12 08:00:00,BUY,0.03,2710.934,2696.6168571428575,2739.568285714286,ZENO|H4|London p=0.77
20241212120000_492,H4,2024-12-12 12:00:00,BUY,0.02,2679.785,2663.5320714285713,2712.290857142857,ZENO|H4|London p=0.77
20241212160000_493,H4,2024-12-12 16:00:00,BUY,0.03,2683.133,2667.306857142857,2714.7852857142857,ZENO|H4|London p=0.77
20241212200000_494,H4,2024-12-12 20:00:00,BUY,0.03,2680.623,2665.893,2710.083,ZENO|H4|NY p=0.94
20241213200000_495,H4,2024-12-13 20:00:00,BUY,0.03,2648.392,2634.3804999999998,2676.415,ZENO|H4|NY p=0.76
20241215200000_496,H4,2024-12-15 20:00:00,BUY,0.03,2651.479,2637.8344285714284,2678.7681428571427,ZENO|H4|NY p=0.77
20241216120000_497,H4,2024-12-16 12:00:00,BUY,0.03,2654.472,2641.488642857143,2680.4387142857145,ZENO|H4|London p=0.77
20241216160000_498,H4,2024-12-16 16:00:00,BUY,0.04,2653.299,2642.4605,2674.976,ZENO|H4|London p=0.77
20241216200000_499,H4,2024-12-16 20:00:00,BUY,0.04,2651.744,2641.446,2672.34,ZENO|H4|NY p=0.77
20241217120000_500,H4,2024-12-17 12:00:00,BUY,0.04,2640.206,2629.7730714285717,2661.0718571428574,ZENO|H4|London p=0.76
20241217200000_501,H4,2024-12-17 20:00:00,BUY,0.05,2647.378,2637.923142857143,2666.2877142857146,ZENO|H4|NY p=0.72
20241218040000_502,H4,2024-12-18 04:00:00,BUY,0.04,2644.61,2635.0712857142858,2663.687428571429,ZENO|H4|Off p=0.76
20241226160000_503,H4,2024-12-26 16:00:00,BUY,0.05,2634.95,2626.824357142857,2651.2012857142854,ZENO|H4|London p=0.76
20241226200000_504,H4,2024-12-26 20:00:00,BUY,0.05,2632.684,2624.4998571428573,2649.0522857142855,ZENO|H4|NY p=0.77
20241227000000_505,H4,2024-12-27 00:00:00,BUY,0.05,2633.698,2625.6493571428573,2649.7952857142855,ZENO|H4|Off p=0.76
20241227120000_506,H4,2024-12-27 12:00:00,BUY,0.05,2618.134,2608.8115000000003,2636.779,ZENO|H4|London p=0.72
20241229200000_507,H4,2024-12-29 20:00:00,BUY,0.05,2624.035,2614.8126428571427,2642.479714285714,ZENO|H4|NY p=0.72
20241230000000_508,H4,2024-12-30 00:00:00,BUY,0.05,2626.579,2617.220357142857,2645.2962857142857,ZENO|H4|Off p=0.77
20250103040000_509,H4,2025-01-03 04:00:00,BUY,0.04,2654.195,2643.761285714286,2675.062428571429,ZENO|H4|Off p=0.72
20250103160000_510,H4,2025-01-03 16:00:00,BUY,0.04,2639.433,2629.417857142857,2659.463285714286,ZENO|H4|London p=0.72
20250105200000_511,H4,2025-01-05 20:00:00,BUY,0.04,2641.063,2631.1435,2660.902,ZENO|H4|NY p=0.76
20250106000000_512,H4,2025-01-06 00:00:00,BUY,0.04,2640.19,2629.937142857143,2660.6957142857145,ZENO|H4|Off p=0.77
20250106040000_513,H4,2025-01-06 04:00:00,BUY,0.04,2626.937,2616.5451428571428,2647.720714285714,ZENO|H4|Off p=0.77
20250107000000_514,H4,2025-01-07 00:00:00,BUY,0.04,2639.563,2627.607,2663.475,ZENO|H4|Off p=0.77
20250107080000_515,H4,2025-01-07 08:00:00,BUY,0.04,2648.389,2636.664,2671.839,ZENO|H4|London p=0.76
20250108080000_516,H4,2025-01-08 08:00:00,BUY,0.03,2650.89,2638.5756428571426,2675.518714285714,ZENO|H4|London p=0.77
20250108160000_517,H4,2025-01-08 16:00:00,BUY,0.03,2658.301,2645.757071428571,2683.388857142857,ZENO|H4|London p=0.77
20250108200000_518,H4,2025-01-08 20:00:00,BUY,0.04,2662.507,2652.008,2683.505,ZENO|H4|NY p=0.76
20250109000000_519,H4,2025-01-09 00:00:00,BUY,0.04,2659.369,2649.034285714286,2680.038428571429,ZENO|H4|Off p=0.76
20250109040000_520,H4,2025-01-09 04:00:00,BUY,0.04,2662.45,2651.572357142857,2684.2052857142858,ZENO|H4|Off p=0.76
20250109160000_521,H4,2025-01-09 16:00:00,BUY,0.04,2670.19,2658.7955,2692.9790000000003,ZENO|H4|London p=0.77
20250109200000_522,H4,2025-01-09 20:00:00,BUY,0.04,2669.952,2659.9527857142857,2689.950428571429,ZENO|H4|NY p=0.76
20250110160000_523,H4,2025-01-10 16:00:00,BUY,0.03,2685.855,2673.6341428571427,2710.2967142857146,ZENO|H4|London p=0.76
20250110200000_524,H4,2025-01-10 20:00:00,BUY,0.04,2689.551,2678.2412142857142,2712.1705714285717,ZENO|H4|NY p=0.72
20250112200000_525,H4,2025-01-12 20:00:00,BUY,0.04,2691.105,2680.999857142857,2711.315285714286,ZENO|H4|NY p=0.76
20250113040000_526,H4,2025-01-13 04:00:00,BUY,0.04,2685.102,2674.3006428571425,2706.7047142857145,ZENO|H4|Off p=0.77
20250113080000_527,H4,2025-01-13 08:00:00,BUY,0.04,2675.952,2664.9517142857144,2697.952571428572,ZENO|H4|London p=0.76
20250113120000_528,H4,2025-01-13 12:00:00,BUY,0.04,2661.867,2650.6305714285713,2684.3398571428575,ZENO|H4|London p=0.77
20250114000000_529,H4,2025-01-14 00:00:00,BUY,0.04,2669.78,2658.2595714285717,2692.8208571428577,ZENO|H4|Off p=0.76
20250114120000_530,H4,2025-01-14 12:00:00,BUY,0.03,2671.779,2659.3678571428572,2696.601285714286,ZENO|H4|London p=0.77
20250114200000_531,H4,2025-01-14 20:00:00,BUY,0.04,2675.589,2665.4195,2695.928,ZENO|H4|NY p=0.72
20250115000000_532,H4,2025-01-15 00:00:00,BUY,0.04,2676.091,2666.0869285714284,2696.099142857143,ZENO|H4|Off p=0.77
20250115040000_533,H4,2025-01-15 04:00:00,BUY,0.04,2681.313,2670.8767857142857,2702.1854285714285,ZENO|H4|Off p=0.76
20250115080000_534,H4,2025-01-15 08:00:00,BUY,0.04,2686.779,2676.782,2706.7729999999997,ZENO|H4|London p=0.77
20250115120000_535,H4,2025-01-15 12:00:00,BUY,0.04,2678.475,2667.666142857143,2700.092714285714,ZENO|H4|London p=0.77
20250116080000_536,H4,2025-01-16 08:00:00,BUY,0.04,2706.412,2695.7415,2727.7529999999997,ZENO|H4|London p=0.76
20250116200000_537,H4,2025-01-16 20:00:00,BUY,0.04,2714.578,2703.794,2736.1459999999997,ZENO|H4|NY p=0.77
20250117200000_538,H4,2025-01-17 20:00:00,BUY,0.04,2702.879,2692.3024285714287,2724.032142857143,ZENO|H4|NY p=0.72
20250119200000_539,H4,2025-01-19 20:00:00,BUY,0.04,2696.424,2686.323785714286,2716.6244285714283,ZENO|H4|NY p=0.76
20250120040000_540,H4,2025-01-20 04:00:00,BUY,0.04,2703.592,2692.636,2725.504,ZENO|H4|Off p=0.76
20250120080000_541,H4,2025-01-20 08:00:00,BUY,0.04,2708.333,2697.420285714286,2730.158428571429,ZENO|H4|London p=0.76
20250120120000_542,H4,2025-01-20 12:00:00,BUY,0.04,2707.065,2696.4365000000003,2728.322,ZENO|H4|London p=0.77
20250120200000_543,H4,2025-01-20 20:00:00,BUY,0.05,2710.445,2701.052785714286,2729.229428571429,ZENO|H4|NY p=0.76
20250121080000_544,H4,2025-01-21 08:00:00,BUY,0.04,2723.998,2712.6292857142857,2746.7354285714287,ZENO|H4|London p=0.76
20250121160000_545,H4,2025-01-21 16:00:00,BUY,0.04,2742.838,2731.1910714285714,2766.1318571428574,ZENO|H4|London p=0.72
20250121200000_546,H4,2025-01-21 20:00:00,BUY,0.04,2744.259,2733.226714285714,2766.3235714285715,ZENO|H4|NY p=0.76
20250123000000_547,H4,2025-01-23 00:00:00,BUY,0.04,2749.972,2739.2927142857143,2771.3305714285716,ZENO|H4|Off p=0.77
20250123040000_548,H4,2025-01-23 04:00:00,BUY,0.04,2752.683,2741.9037857142857,2774.2414285714285,ZENO|H4|Off p=0.77
20250123080000_549,H4,2025-01-23 08:00:00,BUY,0.04,2751.924,2741.875,2772.022,ZENO|H4|London p=0.77
20250124000000_550,H4,2025-01-24 00:00:00,BUY,0.04,2772.308,2761.5674285714285,2793.789142857143,ZENO|H4|Off p=0.76
20250126200000_551,H4,2025-01-26 20:00:00,BUY,0.04,2767.553,2757.708,2787.243,ZENO|H4|NY p=0.72
20250127040000_552,H4,2025-01-27 04:00:00,BUY,0.04,2749.478,2738.021928571429,2772.390142857143,ZENO|H4|Off p=0.77
20250205200000_553,H4,2025-02-05 20:00:00,BUY,0.03,2869.279,2854.9657857142856,2897.9054285714283,ZENO|H4|NY p=0.77
20250206040000_554,H4,2025-02-06 04:00:00,BUY,0.03,2855.837,2841.035785714286,2885.4394285714284,ZENO|H4|Off p=0.94
20250206080000_555,H4,2025-02-06 08:00:00,BUY,0.03,2865.972,2850.7163571428573,2896.483285714286,ZENO|H4|London p=0.76
20250206160000_556,H4,2025-02-06 16:00:00,BUY,0.02,2853.746,2837.2810714285715,2886.6758571428572,ZENO|H4|London p=0.77
20250206200000_557,H4,2025-02-06 20:00:00,BUY,0.03,2858.0,2843.3818571428574,2887.2362857142857,ZENO|H4|NY p=0.94
20250207000000_558,H4,2025-02-07 00:00:00,BUY,0.03,2867.193,2852.5452142857143,2896.4885714285715,ZENO|H4|Off p=0.77
20250207120000_559,H4,2025-02-07 12:00:00,BUY,0.03,2880.315,2864.169428571429,2912.606142857143,ZENO|H4|London p=0.72
20250209200000_560,H4,2025-02-09 20:00:00,BUY,0.03,2867.495,2852.264857142857,2897.9552857142858,ZENO|H4|NY p=0.76
20250210000000_561,H4,2025-02-10 00:00:00,BUY,0.03,2875.572,2860.3672142857145,2905.9815714285714,ZENO|H4|Off p=0.77
20250210040000_562,H4,2025-02-10 04:00:00,BUY,0.03,2895.506,2879.3997142857143,2927.718571428571,ZENO|H4|Off p=0.72
20250211080000_563,H4,2025-02-11 08:00:00,BUY,0.02,2903.981,2885.8925000000004,2940.1580000000004,ZENO|H4|London p=0.76
20250211120000_564,H4,2025-02-11 12:00:00,BUY,0.02,2904.794,2885.462857142857,2943.4562857142855,ZENO|H4|London p=0.76
20250211200000_565,H4,2025-02-11 20:00:00,BUY,0.03,2898.536,2882.5304285714287,2930.5471428571427,ZENO|H4|NY p=0.76
20250212000000_566,H4,2025-02-12 00:00:00,BUY,0.02,2889.001,2872.2333571428576,2922.536285714286,ZENO|H4|Off p=0.76
20250212040000_567,H4,2025-02-12 04:00:00,BUY,0.02,2892.773,2875.883428571429,2926.552142857143,ZENO|H4|Off p=0.76
20250212200000_568,H4,2025-02-12 20:00:00,BUY,0.02,2905.781,2887.8975714285716,2941.547857142857,ZENO|H4|NY p=0.76
20250213000000_569,H4,2025-02-13 00:00:00,BUY,0.02,2916.446,2898.3444285714286,2952.6491428571426,ZENO|H4|Off p=0.77
20250213040000_570,H4,2025-02-13 04:00:00,BUY,0.02,2914.569,2897.076357142857,2949.5542857142855,ZENO|H4|Off p=0.76
20250213160000_571,H4,2025-02-13 16:00:00,BUY,0.03,2926.812,2911.6659285714286,2957.1041428571425,ZENO|H4|London p=0.77
20250213200000_572,H4,2025-02-13 20:00:00,BUY,0.03,2931.217,2917.3020714285717,2959.046857142857,ZENO|H4|NY p=0.94
20250214000000_573,H4,2025-02-14 00:00:00,BUY,0.03,2924.33,2910.300142857143,2952.389714285714,ZENO|H4|Off p=0.77
20250214120000_574,H4,2025-02-14 12:00:00,BUY,0.02,2901.939,2885.752214285714,2934.312571428571,ZENO|H4|London p=0.72
20250214160000_575,H4,2025-02-14 16:00:00,BUY,0.02,2880.499,2863.569571428571,2914.357857142857,ZENO|H4|London p=0.72
20250217000000_576,H4,2025-02-17 00:00:00,BUY,0.03,2903.603,2887.513,2935.783,ZENO|H4|Off p=0.77
20250217040000_577,H4,2025-02-17 04:00:00,BUY,0.03,2902.49,2886.3656428571426,2934.738714285714,ZENO|H4|Off p=0.77
20250217080000_578,H4,2025-02-17 08:00:00,BUY,0.02,2900.992,2884.783785714286,2933.408428571429,ZENO|H4|London p=0.76
20250217120000_579,H4,2025-02-17 12:00:00,BUY,0.03,2899.232,2883.1185,2931.459,ZENO|H4|London p=0.77
20250217160000_580,H4,2025-02-17 16:00:00,BUY,0.03,2897.392,2882.0504285714283,2928.075142857143,ZENO|H4|London p=0.76
20250218000000_581,H4,2025-02-18 00:00:00,BUY,0.03,2909.016,2893.7377857142856,2939.5724285714286,ZENO|H4|Off p=0.76
20250218040000_582,H4,2025-02-18 04:00:00,BUY,0.03,2911.501,2896.384142857143,2941.7347142857147,ZENO|H4|Off p=0.76
20250218120000_583,H4,2025-02-18 12:00:00,BUY,0.03,2927.02,2911.797,2957.466,ZENO|H4|London p=0.77
20250218200000_584,H4,2025-02-18 20:00:00,BUY,0.04,2934.061,2922.301428571429,2957.580142857143,ZENO|H4|NY p=0.77
20250219000000_585,H4,2025-02-19 00:00:00,BUY,0.03,2928.825,2916.611571428571,2953.251857142857,ZENO|H4|Off p=0.77
20250219080000_586,H4,2025-02-19 08:00:00,BUY,0.04,2935.079,2924.170142857143,2956.8967142857146,ZENO|H4|London p=0.76
20250219120000_587,H4,2025-02-19 12:00:00,BUY,0.04,2925.721,2914.8862142857142,2947.3905714285715,ZENO|H4|London p=0.77
20250219160000_588,H4,2025-02-19 16:00:00,BUY,0.04,2931.754,2920.7547142857143,2953.752571428571,ZENO|H4|London p=0.77
20250219200000_589,H4,2025-02-19 20:00:00,BUY,0.04,2935.384,2924.566357142857,2957.0192857142856,ZENO|H4|NY p=0.76
20250220000000_590,H4,2025-02-20 00:00:00,BUY,0.04,2941.913,2930.708071428571,2964.322857142857,ZENO|H4|Off p=0.77
20250220040000_591,H4,2025-02-20 04:00:00,BUY,0.03,2948.925,2936.821785714286,2973.131428571429,ZENO|H4|Off p=0.77
20250220120000_592,H4,2025-02-20 12:00:00,BUY,0.03,2938.545,2925.927642857143,2963.7797142857144,ZENO|H4|London p=0.77
20250220200000_593,H4,2025-02-20 20:00:00,BUY,0.03,2941.53,2929.199,2966.1920000000005,ZENO|H4|NY p=0.77
20250221040000_594,H4,2025-02-21 04:00:00,BUY,0.03,2930.07,2916.5867142857146,2957.0365714285717,ZENO|H4|Off p=0.75
20250221200000_595,H4,2025-02-21 20:00:00,BUY,0.03,2936.453,2922.68,2963.999,ZENO|H4|NY p=0.76
20250223200000_596,H4,2025-02-23 20:00:00,BUY,0.03,2936.867,2923.781142857143,2963.0387142857144,ZENO|H4|NY p=0.77
20250225040000_597,H4,2025-02-25 04:00:00,BUY,0.03,2931.736,2918.0979285714284,2959.012142857143,ZENO|H4|Off p=0.77
20250225080000_598,H4,2025-02-25 08:00:00,BUY,0.03,2938.626,2924.7678571428573,2966.342285714286,ZENO|H4|London p=0.77
20250307160000_599,H4,2025-03-07 16:00:00,BUY,0.03,2905.229,2889.618,2936.4509999999996,ZENO|H4|London p=0.72
20250307200000_600,H4,2025-03-07 20:00:00,BUY,0.03,2911.256,2897.1876428571427,2939.392714285714,ZENO|H4|NY p=0.76
20250309200000_601,H4,2025-03-09 20:00:00,BUY,0.03,2916.187,2902.9322857142856,2942.6964285714284,ZENO|H4|NY p=0.77
20250310040000_602,H4,2025-03-10 04:00:00,BUY,0.03,2908.444,2894.8919285714287,2935.5481428571425,ZENO|H4|Off p=0.77
20250310080000_603,H4,2025-03-10 08:00:00,BUY,0.03,2904.027,2890.0070714285716,2932.066857142857,ZENO|H4|London p=0.77
20250314200000_604,H4,2025-03-14 20:00:00,BUY,0.03,2986.37,2972.275642857143,3014.5587142857144,ZENO|H4|NY p=0.76
20250316200000_605,H4,2025-03-16 20:00:00,BUY,0.03,2990.061,2976.296642857143,3017.5897142857143,ZENO|H4|NY p=0.77
20250317000000_606,H4,2025-03-17 00:00:00,BUY,0.03,2986.917,2973.1991428571428,3014.3527142857142,ZENO|H4|Off p=0.77
20250317040000_607,H4,2025-03-17 04:00:00,BUY,0.03,2985.538,2971.966785714286,3012.6804285714284,ZENO|H4|Off p=0.77
20250317120000_608,H4,2025-03-17 12:00:00,BUY,0.03,2997.115,2983.073214285714,3025.198571428571,ZENO|H4|London p=0.94
20250317160000_609,H4,2025-03-17 16:00:00,BUY,0.04,3000.173,2988.398357142857,3023.7222857142856,ZENO|H4|London p=0.77
20250317200000_610,H4,2025-03-17 20:00:00,BUY,0.04,2999.831,2988.479714285714,3022.5335714285716,ZENO|H4|NY p=0.77
20250318120000_611,H4,2025-03-18 12:00:00,BUY,0.04,3031.758,3020.2296428571426,3054.814714285714,ZENO|H4|London p=0.76
20250318200000_612,H4,2025-03-18 20:00:00,BUY,0.04,3031.774,3021.4517857142855,3052.4184285714286,ZENO|H4|NY p=0.76
20250319000000_613,H4,2025-03-19 00:00:00,BUY,0.04,3036.325,3025.674071428571,3057.6268571428573,ZENO|H4|Off p=0.76
20250319040000_614,H4,2025-03-19 04:00:00,BUY,0.04,3035.896,3025.028428571429,3057.631142857143,ZENO|H4|Off p=0.77
20250320080000_615,H4,2025-03-20 08:00:00,BUY,0.03,3034.433,3021.2284285714286,3060.842142857143,ZENO|H4|London p=0.77
20250320120000_616,H4,2025-03-20 12:00:00,BUY,0.03,3040.765,3027.592071428571,3067.110857142857,ZENO|H4|London p=0.77
20250320160000_617,H4,2025-03-20 16:00:00,BUY,0.03,3044.602,3031.500642857143,3070.804714285714,ZENO|H4|London p=0.77
20250320200000_618,H4,2025-03-20 20:00:00,BUY,0.03,3046.409,3034.0595,3071.108,ZENO|H4|NY p=0.77
20250321000000_619,H4,2025-03-21 00:00:00,BUY,0.03,3030.585,3017.571,3056.6130000000003,ZENO|H4|Off p=0.76
20250321040000_620,H4,2025-03-21 04:00:00,BUY,0.03,3031.927,3018.346785714286,3059.087428571429,ZENO|H4|Off p=0.76
20250321160000_621,H4,2025-03-21 16:00:00,BUY,0.03,3020.001,3004.9467142857143,3050.1095714285716,ZENO|H4|London p=0.72
20250321200000_622,H4,2025-03-21 20:00:00,BUY,0.03,3023.493,3009.2251428571426,3052.028714285714,ZENO|H4|NY p=0.76
20250323200000_623,H4,2025-03-23 20:00:00,BUY,0.03,3024.721,3011.769357142857,3050.6242857142856,ZENO|H4|NY p=0.77
20250324000000_624,H4,2025-03-24 00:00:00,BUY,0.03,3016.959,3003.659357142857,3043.5582857142854,ZENO|H4|Off p=0.94
20250324040000_625,H4,2025-03-24 04:00:00,BUY,0.03,3022.361,3008.973857142857,3049.1352857142856,ZENO|H4|Off p=0.77
20250324200000_626,H4,2025-03-24 20:00:00,BUY,0.03,3009.91,2996.842857142857,3036.0442857142857,ZENO|H4|NY p=0.88
20250325000000_627,H4,2025-03-25 00:00:00,BUY,0.03,3015.248,3001.777857142857,3042.1882857142855,ZENO|H4|Off p=0.77
20250325040000_628,H4,2025-03-25 04:00:00,BUY,0.03,3011.13,2998.157928571429,3037.0741428571428,ZENO|H4|Off p=0.77
20250325200000_629,H4,2025-03-25 20:00:00,BUY,0.04,3021.041,3009.784785714286,3043.5534285714284,ZENO|H4|NY p=0.77
20250326080000_630,H4,2025-03-26 08:00:00,BUY,0.03,3027.584,3014.6851428571426,3053.381714285714,ZENO|H4|London p=0.77
20250326120000_631,H4,2025-03-26 12:00:00,BUY,0.03,3015.878,3002.6039285714287,3042.426142857143,ZENO|H4|London p=0.77
20250326200000_632,H4,2025-03-26 20:00:00,BUY,0.04,3021.623,3010.054,3044.761,ZENO|H4|NY p=0.76
20250327120000_633,H4,2025-03-27 12:00:00,BUY,0.03,3052.206,3038.3680714285715,3079.8818571428574,ZENO|H4|London p=0.94
20250327200000_634,H4,2025-03-27 20:00:00,BUY,0.03,3055.71,3043.588357142857,3079.953285714286,ZENO|H4|NY p=0.77
20250328040000_635,H4,2025-03-28 04:00:00,BUY,0.03,3079.348,3065.4627857142855,3107.1184285714285,ZENO|H4|Off p=0.76
20250328080000_636,H4,2025-03-28 08:00:00,BUY,0.03,3076.369,3062.1727142857144,3104.7615714285716,ZENO|H4|London p=0.72
20250328160000_637,H4,2025-03-28 16:00:00,BUY,0.03,3080.734,3066.5322857142855,3109.1374285714287,ZENO|H4|London p=0.77
20250328200000_638,H4,2025-03-28 20:00:00,BUY,0.03,3085.002,3071.686857142857,3111.632285714286,ZENO|H4|NY p=0.76
20250330200000_639,H4,2025-03-30 20:00:00,BUY,0.03,3089.213,3075.385071428572,3116.8688571428575,ZENO|H4|NY p=0.77
20250331080000_640,H4,2025-03-31 08:00:00,BUY,0.02,3119.48,3102.5769285714287,3153.2861428571427,ZENO|H4|London p=0.76
20250331120000_641,H4,2025-03-31 12:00:00,BUY,0.02,3113.807,3096.522214285714,3148.376571428571,ZENO|H4|London p=0.77
20250331160000_642,H4,2025-03-31 16:00:00,BUY,0.02,3124.36,3108.0352142857146,3157.0095714285712,ZENO|H4|London p=0.76
20250331200000_643,H4,2025-03-31 20:00:00,BUY,0.03,3120.581,3104.518142857143,3152.7067142857145,ZENO|H4|NY p=0.77
20250401200000_644,H4,2025-04-01 20:00:00,BUY,0.02,3115.168,3096.799642857143,3151.9047142857144,ZENO|H4|NY p=0.76
20250402040000_645,H4,2025-04-02 04:00:00,BUY,0.02,3125.314,3105.3180714285713,3165.305857142857,ZENO|H4|Off p=0.76
20250402080000_646,H4,2025-04-02 08:00:00,BUY,0.02,3121.23,3102.0237142857145,3159.6425714285715,ZENO|H4|London p=0.72
20250402120000_647,H4,2025-04-02 12:00:00,BUY,0.02,3125.883,3107.151,3163.3469999999998,ZENO|H4|London p=0.77
20250403000000_648,H4,2025-04-03 00:00:00,BUY,0.02,3148.066,3125.971714285714,3192.254571428571,ZENO|H4|Off p=0.77
20250403040000_649,H4,2025-04-03 04:00:00,BUY,0.02,3128.957,3104.9412857142856,3176.9884285714284,ZENO|H4|Off p=0.77
20250403080000_650,H4,2025-04-03 08:00:00,BUY,0.01,3093.188,3067.7612142857142,3144.0415714285714,ZENO|H4|London p=0.76
20250403120000_651,H4,2025-04-03 12:00:00,BUY,0.01,3110.521,3081.0524285714287,3169.458142857143,ZENO|H4|London p=0.77
20250403160000_652,H4,2025-04-03 16:00:00,BUY,0.01,3107.593,3078.0009999999997,3166.7769999999996,ZENO|H4|London p=0.76
20250403200000_653,H4,2025-04-03 20:00:00,BUY,0.01,3112.884,3084.072,3170.508,ZENO|H4|NY p=0.76
20250404160000_654,H4,2025-04-04 16:00:00,BUY,0.01,3036.427,2998.3719285714287,3112.537142857143,ZENO|H4|London p=0.72
20250404200000_655,H4,2025-04-04 20:00:00,BUY,0.01,3038.506,3001.0596428571425,3113.398714285714,ZENO|H4|NY p=0.72
20250406200000_656,H4,2025-04-06 20:00:00,BUY,0.01,2999.944,2959.2277142857142,3081.3765714285714,ZENO|H4|NY p=0.76
20250407000000_657,H4,2025-04-07 00:00:00,BUY,0.01,3018.922,2976.631,3103.504,ZENO|H4|Off p=0.77
20250407040000_658,H4,2025-04-07 04:00:00,BUY,0.01,3018.569,2975.7541428571426,3104.1987142857142,ZENO|H4|Off p=0.77
20250414040000_659,H4,2025-04-14 04:00:00,BUY,0.01,3228.013,3200.154071428571,3283.730857142857,ZENO|H4|Off p=0.77
20250414080000_660,H4,2025-04-14 08:00:00,BUY,0.01,3223.359,3195.5374285714283,3279.0021428571426,ZENO|H4|London p=0.72
20250414160000_661,H4,2025-04-14 16:00:00,BUY,0.01,3212.699,3186.9050714285713,3264.286857142857,ZENO|H4|London p=0.76
20250415040000_662,H4,2025-04-15 04:00:00,BUY,0.02,3225.671,3202.794,3271.4249999999997,ZENO|H4|Off p=0.76
20250415080000_663,H4,2025-04-15 08:00:00,BUY,0.02,3220.164,3198.479285714286,3263.533428571429,ZENO|H4|London p=0.72
20250415160000_664,H4,2025-04-15 16:00:00,BUY,0.02,3229.793,3210.596,3268.1870000000004,ZENO|H4|London p=0.76
20250416080000_665,H4,2025-04-16 08:00:00,BUY,0.02,3306.842,3285.663857142857,3349.1982857142857,ZENO|H4|London p=0.76
20250416160000_666,H4,2025-04-16 16:00:00,BUY,0.02,3336.694,3314.7892142857145,3380.5035714285714,ZENO|H4|London p=0.76
20250417000000_667,H4,2025-04-17 00:00:00,BUY,0.02,3344.529,3322.214857142857,3389.1572857142855,ZENO|H4|Off p=0.77
20250417040000_668,H4,2025-04-17 04:00:00,BUY,0.02,3323.323,3299.350214285714,3371.2685714285712,ZENO|H4|Off p=0.77
20250417080000_669,H4,2025-04-17 08:00:00,BUY,0.02,3327.371,3303.217785714286,3375.6774285714287,ZENO|H4|London p=0.72
20250417160000_670,H4,2025-04-17 16:00:00,BUY,0.01,3320.746,3292.6325714285717,3376.9728571428573,ZENO|H4|London p=0.77
20250417200000_671,H4,2025-04-17 20:00:00,BUY,0.01,3327.671,3299.8674285714287,3383.2781428571425,ZENO|H4|NY p=0.77
20250420200000_672,H4,2025-04-20 20:00:00,BUY,0.01,3348.078,3319.3429285714287,3405.5481428571425,ZENO|H4|NY p=0.76
20250421120000_673,H4,2025-04-21 12:00:00,BUY,0.01,3422.941,3394.010214285714,3480.802571428571,ZENO|H4|London p=0.77
20250421200000_674,H4,2025-04-21 20:00:00,BUY,0.01,3434.548,3405.843214285714,3491.957571428571,ZENO|H4|NY p=0.77
20250422000000_675,H4,2025-04-22 00:00:00,BUY,0.01,3487.777,3454.840142857143,3553.650714285714,ZENO|H4|Off p=0.77
20250422080000_676,H4,2025-04-22 08:00:00,BUY,0.01,3456.705,3423.6095714285716,3522.895857142857,ZENO|H4|London p=0.76
20250422120000_677,H4,2025-04-22 12:00:00,BUY,0.01,3417.721,3382.147214285714,3488.868571428571,ZENO|H4|London p=0.76
20250422160000_678,H4,2025-04-22 16:00:00,BUY,0.01,3374.789,3339.514571428572,3445.337857142857,ZENO|H4|London p=0.76
20250422200000_679,H4,2025-04-22 20:00:00,BUY,0.01,3336.561,3298.4805714285717,3412.721857142857,ZENO|H4|NY p=0.76
20250423000000_680,H4,2025-04-23 00:00:00,BUY,0.01,3338.878,3297.4717142857144,3421.6905714285717,ZENO|H4|Off p=0.77
20250423080000_681,H4,2025-04-23 08:00:00,BUY,0.01,3324.594,3281.0785714285716,3411.6248571428573,ZENO|H4|London p=0.72
20250507000000_682,H4,2025-05-07 00:00:00,BUY,0.01,3375.541,3343.793857142857,3439.035285714286,ZENO|H4|Off p=0.77
20250507040000_683,H4,2025-05-07 04:00:00,BUY,0.01,3388.016,3355.7219285714286,3452.604142857143,ZENO|H4|Off p=0.76
20250507160000_684,H4,2025-05-07 16:00:00,BUY,0.01,3371.904,3341.0644285714284,3433.583142857143,ZENO|H4|London p=0.77
20250507200000_685,H4,2025-05-07 20:00:00,BUY,0.01,3376.488,3346.1041428571425,3437.255714285714,ZENO|H4|NY p=0.76
20250508000000_686,H4,2025-05-08 00:00:00,BUY,0.01,3396.864,3365.840714285714,3458.9105714285715,ZENO|H4|Off p=0.77
20250508040000_687,H4,2025-05-08 04:00:00,BUY,0.01,3342.884,3306.962642857143,3414.7267142857145,ZENO|H4|Off p=0.77
20250508080000_688,H4,2025-05-08 08:00:00,BUY,0.01,3344.381,3311.8584285714282,3409.4261428571426,ZENO|H4|London p=0.72
20250508160000_689,H4,2025-05-08 16:00:00,BUY,0.01,3306.384,3271.1020714285714,3376.947857142857,ZENO|H4|London p=0.77
20250508200000_690,H4,2025-05-08 20:00:00,BUY,0.01,3316.412,3281.5979285714284,3386.0401428571427,ZENO|H4|NY p=0.77
20250509000000_691,H4,2025-05-09 00:00:00,BUY,0.01,3308.106,3271.9318571428576,3380.454285714286,ZENO|H4|Off p=0.76
20250509120000_692,H4,2025-05-09 12:00:00,BUY,0.01,3345.064,3312.7651428571426,3409.661714285714,ZENO|H4|London p=0.72
20250509200000_693,H4,2025-05-09 20:00:00,BUY,0.01,3326.805,3295.8934999999997,3388.6279999999997,ZENO|H4|NY p=0.72
20250511200000_694,H4,2025-05-11 20:00:00,BUY,0.01,3287.534,3254.714785714286,3353.1724285714286,ZENO|H4|NY p=0.72
20250512000000_695,H4,2025-05-12 00:00:00,BUY,0.01,3283.25,3249.1597142857145,3351.4305714285715,ZENO|H4|Off p=0.77
20250512040000_696,H4,2025-05-12 04:00:00,BUY,0.01,3222.647,3186.663,3294.615,ZENO|H4|Off p=0.77
20250512120000_697,H4,2025-05-12 12:00:00,BUY,0.01,3239.262,3206.1633571428574,3305.4592857142857,ZENO|H4|London p=0.77
20250512160000_698,H4,2025-05-12 16:00:00,BUY,0.01,3235.394,3203.9368571428568,3298.3082857142854,ZENO|H4|London p=0.76
20250512200000_699,H4,2025-05-12 20:00:00,BUY,0.01,3236.88,3207.5563571428575,3295.527285714286,ZENO|H4|NY p=0.77
20250513040000_700,H4,2025-05-13 04:00:00,BUY,0.01,3259.098,3230.514857142857,3316.2642857142855,ZENO|H4|Off p=0.72
20250513080000_701,H4,2025-05-13 08:00:00,BUY,0.01,3249.167,3221.416857142857,3304.6672857142853,ZENO|H4|London p=0.72
20250513160000_702,H4,2025-05-13 16:00:00,BUY,0.01,3249.324,3221.4019285714285,3305.168142857143,ZENO|H4|London p=0.76
20250513200000_703,H4,2025-05-13 20:00:00,BUY,0.01,3254.414,3227.42,3308.402,ZENO|H4|NY p=0.76
20250514000000_704,H4,2025-05-14 00:00:00,BUY,0.01,3228.366,3199.7090714285714,3285.679857142857,ZENO|H4|Off p=0.77
20250514040000_705,H4,2025-05-14 04:00:00,BUY,0.01,3238.085,3212.5462142857145,3289.1625714285715,ZENO|H4|Off p=0.76
20250514120000_706,H4,2025-05-14 12:00:00,BUY,0.02,3182.674,3159.0424285714284,3229.9371428571426,ZENO|H4|London p=0.77
20250514200000_707,H4,2025-05-14 20:00:00,BUY,0.02,3186.128,3164.0580714285716,3230.2678571428573,ZENO|H4|NY p=0.76
20250522040000_708,H4,2025-05-22 04:00:00,BUY,0.02,3327.621,3304.4515714285717,3373.9598571428573,ZENO|H4|Off p=0.76
20250522080000_709,H4,2025-05-22 08:00:00,BUY,0.01,3314.466,3289.9630714285713,3363.471857142857,ZENO|H4|London p=0.76
20250523200000_710,H4,2025-05-23 20:00:00,BUY,0.02,3356.306,3333.9556428571427,3401.0067142857147,ZENO|H4|NY p=0.72
20250525200000_711,H4,2025-05-25 20:00:00,BUY,0.02,3342.713,3320.875857142857,3386.387285714286,ZENO|H4|NY p=0.76
20250526000000_712,H4,2025-05-26 00:00:00,BUY,0.02,3347.636,3324.768857142857,3393.3702857142857,ZENO|H4|Off p=0.77
20250526080000_713,H4,2025-05-26 08:00:00,BUY,0.02,3333.13,3310.766357142857,3377.857285714286,ZENO|H4|London p=0.75
20250526160000_714,H4,2025-05-26 16:00:00,BUY,0.02,3341.558,3323.6232857142854,3377.4274285714287,ZENO|H4|London p=0.76
20250527000000_715,H4,2025-05-27 00:00:00,BUY,0.02,3341.217,3323.478,3376.695,ZENO|H4|Off p=0.77
20250527040000_716,H4,2025-05-27 04:00:00,BUY,0.02,3296.244,3276.5772857142856,3335.5774285714288,ZENO|H4|Off p=0.77
20250527160000_717,H4,2025-05-27 16:00:00,BUY,0.02,3304.38,3286.881642857143,3339.3767142857146,ZENO|H4|London p=0.76
20250527200000_718,H4,2025-05-27 20:00:00,BUY,0.02,3309.411,3291.6435714285717,3344.945857142857,ZENO|H4|NY p=0.76
20250528080000_719,H4,2025-05-28 08:00:00,BUY,0.02,3311.143,3291.651714285714,3350.1255714285717,ZENO|H4|London p=0.72
20250528120000_720,H4,2025-05-28 12:00:00,BUY,0.02,3296.094,3276.3109285714286,3335.660142857143,ZENO|H4|London p=0.77
20250603160000_721,H4,2025-06-03 16:00:00,BUY,0.02,3352.657,3332.695785714286,3392.5794285714287,ZENO|H4|London p=0.76
20250603200000_722,H4,2025-06-03 20:00:00,BUY,0.02,3359.996,3340.2228571428573,3399.5422857142858,ZENO|H4|NY p=0.76
20250604040000_723,H4,2025-06-04 04:00:00,BUY,0.02,3354.721,3334.2924285714284,3395.5781428571427,ZENO|H4|Off p=0.77
20250604080000_724,H4,2025-06-04 08:00:00,BUY,0.02,3346.577,3325.5960000000005,3388.539,ZENO|H4|London p=0.76
20250604200000_725,H4,2025-06-04 20:00:00,BUY,0.02,3378.042,3359.5310714285715,3415.063857142857,ZENO|H4|NY p=0.76
20250605040000_726,H4,2025-06-05 04:00:00,BUY,0.02,3371.304,3352.617642857143,3408.6767142857143,ZENO|H4|Off p=0.76
20250605160000_727,H4,2025-06-05 16:00:00,BUY,0.02,3356.909,3333.996857142857,3402.733285714286,ZENO|H4|London p=0.77
20250605200000_728,H4,2025-06-05 20:00:00,BUY,0.02,3361.81,3340.2179285714283,3404.994142857143,ZENO|H4|NY p=0.77
20250606000000_729,H4,2025-06-06 00:00:00,BUY,0.02,3369.747,3347.812357142857,3413.616285714286,ZENO|H4|Off p=0.72
20250606120000_730,H4,2025-06-06 12:00:00,BUY,0.02,3332.228,3307.9012857142857,3380.881428571429,ZENO|H4|London p=0.72
20250616040000_731,H4,2025-06-16 04:00:00,BUY,0.02,3412.619,3388.401785714286,3461.053428571429,ZENO|H4|Off p=0.76
20250616080000_732,H4,2025-06-16 08:00:00,BUY,0.02,3415.0,3392.5198571428573,3459.960285714286,ZENO|H4|London p=0.76
20250616160000_733,H4,2025-06-16 16:00:00,BUY,0.02,3384.094,3362.1527142857144,3427.9765714285713,ZENO|H4|London p=0.76
20250616200000_734,H4,2025-06-16 20:00:00,BUY,0.02,3402.769,3380.3682857142853,3447.5704285714282,ZENO|H4|NY p=0.77
20250617000000_735,H4,2025-06-17 00:00:00,BUY,0.02,3387.583,3364.247142857143,3434.2547142857143,ZENO|H4|Off p=0.77
20250617160000_736,H4,2025-06-17 16:00:00,BUY,0.02,3385.71,3364.519928571429,3428.090142857143,ZENO|H4|London p=0.72
20250617200000_737,H4,2025-06-17 20:00:00,BUY,0.02,3387.369,3366.725785714286,3428.6554285714287,ZENO|H4|NY p=0.76
20250618000000_738,H4,2025-06-18 00:00:00,BUY,0.02,3390.96,3369.2442142857144,3434.3915714285713,ZENO|H4|Off p=0.72
20250618080000_739,H4,2025-06-18 08:00:00,BUY,0.02,3382.048,3360.6065,3424.9309999999996,ZENO|H4|London p=0.72
20250618200000_740,H4,2025-06-18 20:00:00,BUY,0.02,3375.023,3353.486142857143,3418.0967142857144,ZENO|H4|NY p=0.76
20250619040000_741,H4,2025-06-19 04:00:00,BUY,0.02,3365.992,3344.1562857142862,3409.6634285714285,ZENO|H4|Off p=0.77
20250619080000_742,H4,2025-06-19 08:00:00,BUY,0.02,3371.967,3351.0600000000004,3413.781,ZENO|H4|London p=0.72
20250619120000_743,H4,2025-06-19 12:00:00,BUY,0.02,3369.26,3348.620785714286,3410.5384285714285,ZENO|H4|London p=0.76
20250619160000_744,H4,2025-06-19 16:00:00,BUY,0.02,3373.455,3353.9910714285716,3412.3828571428567,ZENO|H4|London p=0.76
20250619200000_745,H4,2025-06-19 20:00:00,BUY,0.02,3368.739,3350.6997142857144,3404.8175714285712,ZENO|H4|NY p=0.77
20250620000000_746,H4,2025-06-20 00:00:00,BUY,0.02,3355.507,3336.7655714285715,3392.989857142857,ZENO|H4|Off p=0.76
20250620120000_747,H4,2025-06-20 12:00:00,BUY,0.02,3369.856,3350.674142857143,3408.2197142857144,ZENO|H4|London p=0.72
20250620200000_748,H4,2025-06-20 20:00:00,BUY,0.02,3368.546,3350.979714285714,3403.678571428571,ZENO|H4|NY p=0.72
20250622200000_749,H4,2025-06-22 20:00:00,BUY,0.02,3372.755,3356.0867857142857,3406.0914285714284,ZENO|H4|NY p=0.76
20250623000000_750,H4,2025-06-23 00:00:00,BUY,0.02,3363.372,3346.399,3397.3179999999998,ZENO|H4|Off p=0.77
20250623040000_751,H4,2025-06-23 04:00:00,BUY,0.02,3357.627,3340.6659285714286,3391.5491428571427,ZENO|H4|Off p=0.76
20250624000000_752,H4,2025-06-24 00:00:00,BUY,0.02,3352.476,3331.1345,3395.159,ZENO|H4|Off p=0.77
20250624080000_753,H4,2025-06-24 08:00:00,BUY,0.02,3321.214,3299.2357857142856,3365.1704285714286,ZENO|H4|London p=0.72
20250703000000_754,H4,2025-07-03 00:00:00,BUY,0.03,3347.509,3332.700642857143,3377.125714285714,ZENO|H4|Off p=0.94
20250704000000_755,H4,2025-07-04 00:00:00,BUY,0.03,3338.35,3322.611142857143,3369.827714285714,ZENO|H4|Off p=0.72
20250704040000_756,H4,2025-07-04 04:00:00,BUY,0.03,3342.947,3327.089642857143,3374.6617142857144,ZENO|H4|Off p=0.72
20250704120000_757,H4,2025-07-04 12:00:00,BUY,0.03,3332.393,3317.4522142857145,3362.2745714285716,ZENO|H4|London p=0.77
20250707160000_758,H4,2025-07-07 16:00:00,BUY,0.03,3336.988,3321.5275714285713,3367.908857142857,ZENO|H4|London p=0.77
20250708000000_759,H4,2025-07-08 00:00:00,BUY,0.03,3331.469,3318.123285714286,3358.160428571429,ZENO|H4|Off p=0.77
20250708040000_760,H4,2025-07-08 04:00:00,BUY,0.03,3333.915,3320.2992142857142,3361.1465714285714,ZENO|H4|Off p=0.77
20250708120000_761,H4,2025-07-08 12:00:00,BUY,0.03,3298.241,3282.1268571428573,3330.469285714286,ZENO|H4|London p=0.77
20250708160000_762,H4,2025-07-08 16:00:00,BUY,0.02,3302.992,3286.7559285714287,3335.464142857143,ZENO|H4|London p=0.76
20250708200000_763,H4,2025-07-08 20:00:00,BUY,0.02,3302.277,3286.066142857143,3334.6987142857142,ZENO|H4|NY p=0.76
20250709000000_764,H4,2025-07-09 00:00:00,BUY,0.02,3293.276,3275.6814999999997,3328.4649999999997,ZENO|H4|Off p=0.77
20250714080000_765,H4,2025-07-14 08:00:00,BUY,0.03,3364.169,3349.5150714285714,3393.476857142857,ZENO|H4|London p=0.77
20250714120000_766,H4,2025-07-14 12:00:00,BUY,0.03,3345.105,3329.476285714286,3376.3624285714286,ZENO|H4|London p=0.77
20250714160000_767,H4,2025-07-14 16:00:00,BUY,0.03,3344.125,3329.2685714285717,3373.837857142857,ZENO|H4|London p=0.77
20250714200000_768,H4,2025-07-14 20:00:00,BUY,0.03,3345.337,3331.0850714285716,3373.840857142857,ZENO|H4|NY p=0.77
20250715000000_769,H4,2025-07-15 00:00:00,BUY,0.03,3357.841,3342.9505,3387.622,ZENO|H4|Off p=0.77
20250715040000_770,H4,2025-07-15 04:00:00,BUY,0.03,3364.347,3349.782571428572,3393.4758571428574,ZENO|H4|Off p=0.77
20250715120000_771,H4,2025-07-15 12:00:00,BUY,0.03,3328.996,3313.325714285714,3360.3365714285715,ZENO|H4|London p=0.76
20250715160000_772,H4,2025-07-15 16:00:00,BUY,0.03,3330.455,3315.690071428571,3359.984857142857,ZENO|H4|London p=0.77
20250715200000_773,H4,2025-07-15 20:00:00,BUY,0.03,3331.056,3316.5502857142856,3360.0674285714285,ZENO|H4|NY p=0.77
20250716000000_774,H4,2025-07-16 00:00:00,BUY,0.03,3334.338,3319.4995714285715,3364.014857142857,ZENO|H4|Off p=0.77
20250716040000_775,H4,2025-07-16 04:00:00,BUY,0.03,3337.808,3323.666357142857,3366.0912857142857,ZENO|H4|Off p=0.77
20250716080000_776,H4,2025-07-16 08:00:00,BUY,0.03,3339.259,3325.8388571428573,3366.0992857142855,ZENO|H4|London p=0.76
20250716160000_777,H4,2025-07-16 16:00:00,BUY,0.02,3347.08,3330.4832857142856,3380.2734285714287,ZENO|H4|London p=0.77
20250716200000_778,H4,2025-07-16 20:00:00,BUY,0.03,3346.526,3331.2629285714283,3377.052142857143,ZENO|H4|NY p=0.76
20250717000000_779,H4,2025-07-17 00:00:00,BUY,0.03,3341.486,3326.0395,3372.379,ZENO|H4|Off p=0.76
20250717040000_780,H4,2025-07-17 04:00:00,BUY,0.02,3325.886,3309.4267857142854,3358.8044285714286,ZENO|H4|Off p=0.76
20250717160000_781,H4,2025-07-17 16:00:00,BUY,0.02,3339.763,3322.5544285714286,3374.180142857143,ZENO|H4|London p=0.77
20250718200000_782,H4,2025-07-18 20:00:00,BUY,0.03,3350.395,3338.1435714285712,3374.897857142857,ZENO|H4|NY p=0.76
20250720200000_783,H4,2025-07-20 20:00:00,BUY,0.04,3349.122,3337.8090714285713,3371.747857142857,ZENO|H4|NY p=0.76
