Total Reward,Mean Reward,Trade Count,Win Rate (%),Sharpe,Max Drawdown,Status,Timeframe,DataCSV_Hash,Model_Hash,Features_Hash
13154.223000000078,657.711150000004,20.0,50.0,0.3154203916597137,-3370.521999999686,OK,M5,6e3f5fc79310fba4a1f792b8e90010fc4bdef2f98395246d5e0e26134df975c1,415cd4f211b2dee0e0e09461ab13e5771e14062cecdefb6cc683c9a9b428d5de,b4f841bdbeb15ef6bb8a5f36b8f30020cb9da79eeddfe76d8f355ea07bd1c98d
,,,,,,"EXCEPTION_Observation spaces do not match: Box(-inf, inf, (7,), float32) != Box(-inf, inf, (16,), float32)",M15,,,
-239.36999999992258,-26.596666666658066,9.0,22.22222222222222,-0.013007848969601042,-2972.825999999986,OK,H1,754c1816946ec027504d2223775fbe4b840a1d3712289e270b8788a905e1087d,8f84ec3ec161c298b7dafb00e94d5e1823203e1977dbbcad82b149a80bb9d32a,b4f841bdbeb15ef6bb8a5f36b8f30020cb9da79eeddfe76d8f355ea07bd1c98d
-1142.560999999996,-228.5121999999992,5.0,40.0,-0.08704702990033877,-4399.304999999991,OK,H4,d19e9ee25fd0f1adbdff737164e0f1bd461692597334fef8313534aae5503cac,7f74188d490f87a3eb8e5a62780607b5670391d76ee808e814ec2b5289a48992,b4f841bdbeb15ef6bb8a5f36b8f30020cb9da79eeddfe76d8f355ea07bd1c98d
