Total Reward,Mean Reward,Trade Count,Win Rate (%),Sharpe,Max Drawdown,Status,Timeframe,DataCSV_Hash,Model_Hash,Features_Hash
-3026.601000000178,-168.14450000000988,18.0,22.22222222222222,-0.08302060881824494,-8718.345000000152,BLOCKED_TOO_FEW_TRADES,M5,6e3f5fc79310fba4a1f792b8e90010fc4bdef2f98395246d5e0e26134df975c1,b5b9f95e52ea7904c2031422c68c9dad3e5319021de6edf88b724259bf9ab969,b4f841bdbeb15ef6bb8a5f36b8f30020cb9da79eeddfe76d8f355ea07bd1c98d
,,,,,,MISSING_FILES,M15,bd262acdee6ff6c3e4c0ab1bfd4c963f99a147192ca186d3a8ddc55853a8fa61,,b4f841bdbeb15ef6bb8a5f36b8f30020cb9da79eeddfe76d8f355ea07bd1c98d
-100.00900000006686,-11.11211111111854,9.0,44.44444444444444,-0.005595167040502375,-7741.402000000031,BLOCKED_TOO_FEW_TRADES,H1,754c1816946ec027504d2223775fbe4b840a1d3712289e270b8788a905e1087d,4805c825e9eea6a93a95f736e78bac0dda4dd739f98aac1496eaa7368642720b,b4f841bdbeb15ef6bb8a5f36b8f30020cb9da79eeddfe76d8f355ea07bd1c98d
3053.1890000000103,1017.7296666666701,3.0,66.66666666666666,0.3679086376241071,-2134.5669999999814,BLOCKED_TOO_FEW_TRADES,H4,5c39bd651888e80f0a2c92bcbf0939575a0214b7d252056e8f7506f31dc5cf31,f1a70a98a899dbe09a45c4a109f0c60ca3dc9942ec00baa317bea273ebc69164,b4f841bdbeb15ef6bb8a5f36b8f30020cb9da79eeddfe76d8f355ea07bd1c98d
