timeframe,total_reward,num_trades,win_rate,avg_reward
M5,-568.3499999998758,6317,2.6119993667880324,-0.49675478866550576
M15,-6751.149999996257,4530,3.9955849889624724,-0.4956953642384106
H1,-1912.4500000002054,1214,10.29654036243822,-0.48887973640856675
H4,-1618.75,0,0.0,0.0
Daily,-314.75,0,0.0,0.0
Weekly,-53.0,0,0.0,0.0
Monthly,-12.0,0,0.0,0.0
