forced,count,mean,min,sum
True,71,-278.11591549295787,-1051.1299999999983,-19746.230000000007
False,3,-35.15333333333425,-65.87999999999738,-105.46000000000276
