side,count,mean,min,sum
LONG,69,-277.9114492753625,-1051.1299999999983,-19175.89000000001
SHORT,5,-135.15999999999985,-319.4299999999976,-675.7999999999993
