forced,count,mean,min,sum
True,24,-133.79791666666677,-215.6999999999971,-3211.1500000000024
False,67,-39.026865671642064,-98.76999999999953,-2614.8000000000184
