side,count,mean,min,sum
LONG,53,-70.28754716981139,-215.6999999999971,-3725.2400000000034
SHORT,38,-55.281842105263614,-155.59999999999943,-2100.7100000000173
