forced,count,mean,min,sum
True,71,-195.63507042253516,-423.2400000000007,-13890.089999999997
False,41,-50.16390243902406,-97.16000000000348,-2056.7199999999866
