side,count,mean,min,sum
LONG,49,-143.4275510204078,-392.7099999999973,-7027.9499999999825
SHORT,63,-141.56920634920635,-423.2400000000007,-8918.86
