duration,count,mean,min,sum
3,20,-149.50550000000044,-423.2400000000007,-2990.1100000000088
2,78,-148.3111538461537,-392.7099999999973,-11568.26999999999
5,8,-116.53499999999951,-182.98999999999975,-932.2799999999961
4,5,-89.04599999999847,-228.9100000000008,-445.22999999999234
6,1,-10.919999999996437,-10.919999999996437,-10.919999999996437
