side,count,mean,min,sum
SHORT,12,-51.37249999999957,-125.90999999999894,-616.4699999999948
LONG,13,-33.203076923076736,-134.60000000000036,-431.6399999999976
