forced,count,mean,min,sum
True,7,-105.29571428571411,-134.60000000000036,-737.0699999999988
False,18,-17.279999999999646,-84.97999999999593,-311.0399999999936
