side,count,mean,min,sum
LONG,21,-10.654761904761688,-32.150000000001455,-223.74999999999545
SHORT,14,-6.147857142857122,-29.38000000000102,-86.06999999999971
