forced,count,mean,min,sum
True,1,-32.150000000001455,-32.150000000001455,-32.150000000001455
False,34,-8.166764705882168,-30.7300000000032,-277.6699999999937
