datetime,open,high,low,close,volume,spread,swing_high,swing_low,bos,choch,bias,bias_label,pattern_code,candle_pattern,conf_structure,conf_bos_or_choch,conf_candle,conf_sr_zone,conf_psych_level,conf_fib_zone,conf_volume,conf_liquidity,conf_spread,primary_score,secondary_score,total_confluence,score,num_confs,atr,hour,dow,bias_bull,regime_trend,setup_grade
2021-07-05 04:00:00,1785.46,1793.002,1784.662,1792.62,11572.0,200.0,0.0,0.0,0,0,1,bullish,0,none,0,0,0,1,0,0,1,1,1,1,3,4,1,4,6.2854999999999945,4,0,1,1,A
2021-07-05 12:00:00,1789.563,1793.098,1789.563,1790.823,11280.0,200.0,0.0,0.0,0,0,1,bullish,4,inverted_hammer,0,0,1,0,0,0,1,1,1,1,3,4,1,4,5.831124999999986,12,0,1,1,A
2021-07-06 04:00:00,1797.316,1809.087,1797.316,1807.293,13962.0,200.0,0.0,0.0,0,0,1,bullish,0,none,0,0,0,1,0,0,1,1,1,1,3,4,1,4,5.9299166666666565,4,1,1,1,A
2021-07-07 00:00:00,1795.503,1802.815,1793.869,1801.037,11872.0,200.0,0.0,0.0,0,0,1,bullish,1,bullish_engulfing,0,0,1,0,1,0,1,0,1,1,3,4,1,4,6.853428571428561,0,2,1,1,A
2021-07-07 12:00:00,1806.524,1809.674,1796.903,1803.435,23997.0,200.0,0.0,0.0,0,0,1,bullish,2,bearish_engulfing,0,0,1,0,0,0,1,1,1,1,3,4,1,4,7.664500000000008,12,2,1,1,A
2021-07-07 16:00:00,1803.47,1808.16,1800.512,1803.451,16306.0,200.0,0.0,0.0,0,0,1,bullish,5,doji,0,0,1,0,0,0,1,1,1,1,3,4,1,4,7.825285714285736,16,2,1,1,A
2021-07-08 04:00:00,1797.42,1810.799,1796.217,1807.313,15089.0,200.0,0.0,0.0,0,0,1,bullish,1,bullish_engulfing,0,0,1,0,0,0,1,1,1,1,3,4,1,4,9.17928571428573,4,3,1,1,A
2021-07-09 12:00:00,1800.146,1811.501,1798.427,1807.862,19492.0,200.0,0.0,0.0,0,0,1,bullish,1,bullish_engulfing,0,0,1,0,0,1,1,1,1,1,4,5,1,5,9.748928571428548,12,4,1,1,A
2021-07-11 20:00:00,1808.049,1808.455,1806.301,1806.405,2559.0,300.0,0.0,0.0,0,0,1,bullish,8,evening_star,0,0,1,0,0,1,0,0,0,1,1,2,1,2,8.522642857142825,20,6,1,1,A
2021-07-12 08:00:00,1803.978,1804.969,1798.196,1799.979,13421.0,200.0,0.0,0.0,0,0,1,bullish,2,bearish_engulfing,0,0,1,0,1,1,1,1,1,1,5,6,1,6,8.25799999999999,8,0,1,1,A
2021-07-13 04:00:00,1809.296,1812.275,1806.055,1809.886,10798.0,300.0,0.0,0.0,0,0,0,bullish,5,doji,0,0,1,0,0,1,0,0,0,1,1,2,1,2,6.788500000000015,4,1,1,1,A
2021-07-13 12:00:00,1809.353,1816.915,1798.539,1813.205,29182.0,200.0,0.0,0.0,0,0,0,bullish,3,hammer,0,0,1,0,0,1,1,1,1,1,4,5,1,5,7.199214285714301,12,1,1,1,A
2021-07-13 16:00:00,1813.215,1813.882,1805.148,1808.401,14573.0,200.0,0.0,0.0,0,0,0,bullish,2,bearish_engulfing,0,0,1,0,0,1,1,1,1,1,4,5,1,5,6.889214285714307,16,1,1,1,A
2021-07-14 04:00:00,1812.594,1814.987,1809.7,1812.595,10929.0,300.0,0.0,0.0,0,0,0,bullish,5,doji,0,0,1,0,0,0,0,1,0,1,1,2,1,2,7.533785714285727,4,2,1,1,A
2021-07-14 08:00:00,1812.605,1817.709,1811.467,1816.795,13200.0,300.0,0.0,0.0,0,0,0,bullish,0,none,0,0,0,1,0,0,1,1,0,1,2,3,1,3,7.370214285714302,8,2,1,1,A
2021-07-14 16:00:00,1822.574,1827.286,1820.049,1827.286,12588.0,200.0,0.0,0.0,0,0,0,bullish,0,none,0,0,0,1,0,0,1,1,1,1,3,4,1,4,7.834071428571439,16,2,1,1,A
2021-07-15 12:00:00,1825.702,1828.515,1820.217,1825.372,19357.0,300.0,0.0,0.0,0,0,1,bullish,5,doji,0,0,1,0,0,1,1,1,0,1,3,4,1,4,7.942500000000011,12,3,1,1,A
2021-07-15 16:00:00,1825.417,1830.194,1824.715,1828.382,13253.0,300.0,0.0,0.0,0,0,1,bullish,7,morning_star,0,0,1,0,0,1,1,1,0,1,3,4,1,4,8.035785714285728,16,3,1,1,A
2021-07-15 20:00:00,1828.332,1831.928,1828.191,1829.45,3909.0,300.0,0.0,0.0,0,0,1,bullish,4,inverted_hammer,0,0,1,0,0,1,0,0,0,1,1,2,1,2,6.990142857142879,20,3,1,1,A
2021-07-16 12:00:00,1817.766,1826.468,1809.357,1812.714,25871.0,300.0,0.0,0.0,0,0,1,bullish,6,shooting_star,0,0,1,0,0,0,1,1,0,1,2,3,1,3,7.927785714285733,12,4,1,1,A
2021-07-16 16:00:00,1812.691,1817.07,1808.937,1810.295,13576.0,300.0,0.0,0.0,0,0,1,bullish,6,shooting_star,0,0,1,0,0,0,0,1,0,1,1,2,1,2,8.062857142857167,16,4,1,1,A
2021-07-19 08:00:00,1805.8,1806.523,1798.965,1800.523,15294.0,200.0,0.0,0.0,0,0,1,bullish,0,none,0,0,0,1,1,0,1,1,1,1,4,5,1,5,7.8041428571428595,8,0,1,1,A
2021-07-20 08:00:00,1813.732,1818.95,1811.638,1817.766,15299.0,300.0,0.0,0.0,0,0,1,bullish,1,bullish_engulfing,0,0,1,0,0,1,1,1,0,1,3,4,1,4,8.433499999999997,8,1,1,1,A
2021-07-20 12:00:00,1817.721,1824.88,1804.85,1807.37,24977.0,300.0,1824.88,0.0,0,0,1,bullish,0,none,1,0,0,0,0,1,1,1,0,1,3,4,1,4,9.205214285714305,12,1,1,1,A
2021-07-20 20:00:00,1809.871,1810.987,1808.995,1809.737,3682.0,300.0,0.0,0.0,0,0,1,bullish,5,doji,0,0,1,0,0,1,0,0,0,1,1,2,1,2,7.8965714285714546,20,1,1,1,A
2021-07-21 04:00:00,1808.65,1813.643,1805.995,1807.265,12265.0,300.0,0.0,0.0,0,0,1,bullish,6,shooting_star,0,0,1,0,0,1,0,1,0,1,2,3,1,3,8.24171428571432,4,2,1,1,A
2021-07-21 12:00:00,1800.528,1805.701,1794.42,1804.077,22737.0,200.0,0.0,0.0,0,0,1,bullish,3,hammer,0,0,1,0,0,1,1,1,1,1,4,5,1,5,8.336214285714325,12,2,1,1,A
2021-07-22 08:00:00,1800.45,1800.45,1792.692,1796.559,14927.0,200.0,0.0,0.0,0,0,1,bullish,2,bearish_engulfing,0,0,1,0,0,1,1,1,1,1,4,5,1,5,6.92864285714292,8,3,1,1,A
2021-07-22 12:00:00,1796.512,1807.955,1793.977,1807.099,22688.0,200.0,0.0,0.0,0,0,1,bullish,1,bullish_engulfing,0,0,1,0,0,1,1,1,1,1,4,5,1,5,7.587214285714334,12,3,1,1,A
2021-07-22 16:00:00,1807.147,1807.938,1804.295,1807.142,11619.0,200.0,0.0,0.0,0,0,1,bullish,5,doji,0,0,1,0,0,1,0,1,1,1,3,4,1,4,7.325142857142899,16,3,1,1,A
2021-07-22 20:00:00,1807.19,1808.426,1806.102,1807.081,3447.0,200.0,0.0,0.0,0,0,1,bullish,5,doji,0,0,1,0,0,1,0,0,1,1,2,3,1,3,6.060428571428588,20,3,1,1,A
2021-07-25 20:00:00,1802.274,1802.712,1800.053,1800.344,2119.0,300.0,0.0,0.0,0,0,0,bullish,2,bearish_engulfing,0,0,1,0,1,0,0,0,0,1,1,2,1,2,6.974071428571392,20,6,1,1,A
2021-07-26 04:00:00,1806.618,1811.448,1804.466,1807.712,11979.0,300.0,1811.448,0.0,0,0,0,bullish,0,none,1,0,0,0,0,1,1,1,0,1,3,4,1,4,7.53414285714283,4,0,1,1,A
2021-07-26 08:00:00,1807.76,1809.808,1806.218,1807.837,11543.0,300.0,0.0,0.0,0,0,0,bullish,5,doji,0,0,1,0,0,1,1,1,0,1,3,4,1,4,7.35378571428568,8,0,1,1,A
2021-07-26 12:00:00,1807.882,1808.213,1796.559,1799.42,19238.0,200.0,0.0,0.0,0,0,0,bullish,2,bearish_engulfing,0,0,1,0,1,1,1,1,1,1,5,6,1,6,7.6320714285713915,12,0,1,1,A
2021-07-26 20:00:00,1797.43,1798.485,1796.435,1797.55,2933.0,200.0,0.0,0.0,0,0,0,bullish,5,doji,0,0,1,0,0,1,0,0,1,1,2,3,1,3,6.8357857142856835,20,0,1,1,A
2021-07-27 12:00:00,1798.546,1805.172,1794.499,1798.511,21308.0,200.0,0.0,0.0,0,0,0,bullish,5,doji,0,0,1,0,1,1,1,1,1,1,5,6,1,6,6.134571428571413,12,1,1,1,A
2021-07-28 20:00:00,1808.733,1810.216,1806.588,1809.307,4246.0,300.0,0.0,0.0,0,0,0,bullish,0,none,0,0,0,1,0,1,0,0,0,1,1,2,1,2,6.566857142857169,20,2,1,1,A
2021-07-29 00:00:00,1809.275,1817.448,1808.585,1814.997,11442.0,300.0,0.0,0.0,0,0,0,bullish,0,none,0,0,0,1,0,1,1,1,0,1,3,4,1,4,6.8840000000000305,0,3,1,1,A
2021-07-29 04:00:00,1815.0,1819.75,1814.49,1816.086,11039.0,300.0,0.0,0.0,0,0,0,bullish,4,inverted_hammer,0,0,1,0,0,1,0,0,0,1,1,2,1,2,7.113285714285747,4,3,1,1,A
2021-07-29 12:00:00,1824.934,1831.999,1823.272,1831.017,18957.0,300.0,0.0,0.0,0,0,0,bullish,0,none,0,0,0,1,0,0,1,1,0,1,2,3,1,3,7.741357142857185,12,3,1,1,A
2021-07-29 20:00:00,1828.643,1831.114,1827.69,1830.189,3414.0,300.0,0.0,0.0,0,0,1,bullish,0,none,0,0,0,1,0,1,0,0,0,1,1,2,1,2,7.204000000000032,20,3,1,1,A
2021-07-30 00:00:00,1830.198,1830.347,1826.602,1828.524,10424.0,300.0,0.0,0.0,0,0,1,bullish,2,bearish_engulfing,0,0,1,0,0,1,0,0,0,1,1,2,1,2,7.1565714285714455,0,4,1,1,A
2021-07-30 08:00:00,1829.163,1829.888,1826.524,1827.548,9386.0,300.0,0.0,0.0,0,0,1,bullish,8,evening_star,0,0,1,0,0,1,0,0,0,1,1,2,1,2,6.9562142857143145,8,4,1,1,A
2021-08-02 16:00:00,1814.51,1819.432,1812.563,1813.101,9997.0,300.0,0.0,0.0,0,0,1,bullish,6,shooting_star,0,0,1,0,0,1,0,1,0,1,2,3,1,3,6.021714285714276,16,0,1,1,A
2021-08-02 20:00:00,1813.045,1814.205,1812.275,1812.447,2884.0,300.0,0.0,0.0,0,0,1,bullish,6,shooting_star,0,0,1,0,0,1,0,0,0,1,1,2,1,2,5.844499999999974,20,0,1,1,A
2021-08-03 08:00:00,1809.624,1811.997,1808.383,1810.056,9452.0,300.0,0.0,0.0,0,0,1,bullish,5,doji,0,0,1,0,0,1,0,0,0,1,1,2,1,2,5.828642857142833,8,1,1,1,A
2021-08-03 12:00:00,1810.028,1814.924,1806.999,1809.219,17279.0,200.0,0.0,0.0,0,0,1,bullish,5,doji,0,0,1,0,0,1,1,1,1,1,4,5,1,5,6.154428571428541,12,1,1,1,A
2021-08-04 00:00:00,1811.063,1814.758,1808.852,1813.124,8170.0,200.0,0.0,0.0,0,0,1,bullish,1,bullish_engulfing,0,0,1,0,0,0,0,0,1,1,1,2,1,2,5.226928571428549,0,2,1,1,A
2021-08-05 04:00:00,1810.964,1814.55,1808.394,1813.655,8731.0,300.0,0.0,0.0,0,0,1,bullish,1,bullish_engulfing,0,0,1,0,0,1,0,1,0,1,2,3,1,3,5.760999999999967,4,3,1,1,A
2021-08-05 20:00:00,1804.377,1804.793,1803.317,1803.396,2264.0,300.0,0.0,0.0,0,0,1,bullish,2,bearish_engulfing,0,0,1,0,0,1,0,0,0,1,1,2,1,2,6.386714285714236,20,3,1,1,A
2021-08-06 20:00:00,1760.105,1764.096,1759.968,1763.819,2208.0,200.0,0.0,0.0,0,0,1,bullish,1,bullish_engulfing,0,0,1,0,0,0,0,0,1,1,1,2,1,2,8.037999999999963,20,4,1,1,A
2021-08-09 16:00:00,1728.376,1731.661,1723.809,1728.712,16660.0,200.0,0.0,0.0,0,0,0,bullish,5,doji,0,0,1,0,0,1,0,0,0,1,1,2,1,2,17.509285714285706,16,0,0,0,A
2021-08-10 12:00:00,1732.358,1733.707,1717.704,1731.463,31983.0,200.0,0.0,1717.704,0,0,0,bullish,0,none,1,0,0,0,0,0,1,1,0,1,2,3,1,3,18.9135,12,1,0,0,A
2021-08-11 08:00:00,1732.615,1738.387,1730.912,1737.596,12899.0,200.0,0.0,0.0,0,0,0,bullish,1,bullish_engulfing,0,0,1,0,0,0,0,1,0,1,1,2,1,2,9.207571428571425,8,2,0,0,A
2021-08-12 12:00:00,1749.438,1752.24,1741.322,1751.705,33560.0,200.0,0.0,0.0,0,0,0,bullish,3,hammer,0,0,1,0,1,0,1,1,0,1,3,4,1,4,8.0932857142857,12,3,0,0,A
2021-08-13 08:00:00,1757.582,1761.693,1755.659,1759.215,12427.0,200.0,0.0,0.0,0,0,0,bullish,0,none,0,0,0,1,0,0,0,1,0,1,1,2,1,2,6.699428571428549,8,4,0,0,A
2021-08-13 12:00:00,1759.246,1777.833,1756.989,1776.621,25224.0,200.0,0.0,0.0,0,0,0,bullish,0,none,0,0,0,1,0,0,1,1,0,1,2,3,1,3,7.777214285714275,12,4,0,0,A
2021-08-16 00:00:00,1778.763,1782.556,1776.703,1776.742,12166.0,200.0,0.0,0.0,0,0,0,bullish,6,shooting_star,0,0,1,0,0,0,0,1,0,1,1,2,1,2,6.2864999999999975,0,0,0,0,A
2021-08-16 12:00:00,1772.145,1789.175,1771.961,1786.016,22433.0,200.0,0.0,0.0,0,0,0,bullish,7,morning_star,0,0,1,0,0,0,1,1,0,1,2,3,1,3,6.875357142857167,12,0,0,0,A
2021-08-16 20:00:00,1787.341,1788.379,1786.473,1787.457,3326.0,200.0,0.0,0.0,0,0,0,bullish,5,doji,0,0,1,1,0,0,0,0,0,2,0,2,2,2,6.132857142857168,20,0,0,0,A
2021-08-17 04:00:00,1785.957,1795.275,1785.412,1792.837,11545.0,200.0,0.0,0.0,0,0,0,bullish,0,none,0,0,0,1,0,0,0,1,0,1,1,2,1,2,6.663428571428605,4,1,0,0,A
2021-08-17 08:00:00,1792.867,1795.519,1790.925,1791.272,10694.0,200.0,1795.519,0.0,0,0,0,bullish,0,none,1,0,0,0,0,0,0,1,0,1,1,2,1,2,6.577928571428613,8,1,0,0,A
2021-08-19 00:00:00,1787.379,1787.399,1774.073,1779.879,13249.0,200.0,0.0,1774.073,0,0,0,bullish,0,none,1,0,0,0,0,1,1,1,0,1,3,4,1,4,7.29592857142859,0,3,0,0,A
2021-08-19 04:00:00,1779.876,1782.666,1775.687,1781.403,14701.0,200.0,0.0,0.0,0,0,0,bullish,3,hammer,0,0,1,0,0,1,1,1,0,1,3,4,1,4,7.658285714285739,4,3,0,0,A
2021-08-19 12:00:00,1786.846,1792.366,1777.18,1783.145,22869.0,200.0,1792.366,0.0,0,0,0,bullish,0,none,1,0,0,0,0,1,1,1,0,1,3,4,1,4,8.611285714285714,12,3,0,0,A
2021-08-20 00:00:00,1778.97,1785.57,1778.921,1785.185,9413.0,200.0,0.0,0.0,0,0,0,bullish,7,morning_star,0,0,1,0,0,1,0,0,0,1,1,2,1,2,8.160071428571428,0,4,0,0,A
2021-08-20 04:00:00,1785.193,1788.339,1783.958,1785.336,11005.0,200.0,0.0,0.0,0,0,0,bullish,5,doji,0,0,1,0,0,1,0,0,0,1,1,2,1,2,8.317714285714276,4,4,0,0,A
2021-08-20 08:00:00,1785.382,1787.077,1779.759,1784.523,10759.0,200.0,0.0,0.0,0,0,0,bullish,2,bearish_engulfing,0,0,1,0,0,1,0,0,0,1,1,2,1,2,8.326571428571404,8,4,0,0,A
2021-08-20 12:00:00,1784.478,1786.627,1778.279,1784.875,20613.0,200.0,0.0,0.0,0,0,0,bullish,5,doji,0,0,1,0,0,1,1,1,0,1,3,4,1,4,8.504857142857125,12,4,0,0,A
2021-08-20 16:00:00,1784.879,1786.621,1781.655,1782.334,10029.0,200.0,0.0,0.0,0,0,0,bullish,2,bearish_engulfing,0,0,1,0,0,1,0,0,0,1,1,2,1,2,8.331642857142842,16,4,0,0,A
2021-08-23 08:00:00,1785.308,1793.01,1784.639,1790.796,11068.0,200.0,0.0,0.0,0,0,0,bullish,1,bullish_engulfing,0,0,1,0,0,1,0,1,0,1,2,3,1,3,7.192642857142881,8,0,0,0,A
2021-08-23 12:00:00,1790.798,1806.232,1789.795,1804.56,20572.0,200.0,0.0,0.0,0,0,0,bullish,0,none,0,0,0,1,0,0,1,1,0,1,2,3,1,3,7.487928571428597,12,0,0,0,A
2021-08-24 04:00:00,1801.027,1805.01,1800.678,1801.853,10111.0,300.0,0.0,0.0,0,0,0,bullish,4,inverted_hammer,0,0,1,0,1,1,0,1,0,1,3,4,1,4,6.227000000000024,4,1,0,0,A
2021-08-24 08:00:00,1801.9,1805.617,1800.68,1804.132,9004.0,300.0,0.0,0.0,0,0,0,bullish,0,none,0,0,0,1,0,1,0,1,0,1,2,3,1,3,6.266714285714313,8,1,0,0,A
2021-08-24 16:00:00,1806.577,1807.293,1803.069,1803.082,7600.0,300.0,0.0,0.0,0,0,1,bullish,8,evening_star,0,0,1,0,0,1,0,0,0,1,1,2,1,2,6.027857142857166,16,1,0,0,A
2021-08-25 04:00:00,1794.794,1797.375,1791.726,1794.346,9560.0,300.0,0.0,0.0,0,0,1,bullish,5,doji,0,0,1,0,0,1,0,1,0,1,2,3,1,3,6.421,4,2,0,0,A
2021-08-25 08:00:00,1794.391,1796.193,1790.247,1794.175,10720.0,200.0,0.0,0.0,0,0,1,bullish,5,doji,0,0,1,0,0,1,1,1,1,1,4,5,1,5,5.974071428571425,8,2,0,0,A
2021-08-26 00:00:00,1791.518,1791.867,1787.198,1787.852,7526.0,200.0,0.0,0.0,0,0,1,bullish,8,evening_star,0,0,1,0,0,1,0,0,1,1,2,3,1,3,5.576499999999961,0,3,0,0,A
2021-08-26 08:00:00,1786.934,1790.171,1783.264,1788.453,10492.0,200.0,0.0,0.0,0,0,1,bullish,7,morning_star,0,0,1,0,0,1,1,1,1,1,4,5,1,5,5.926142857142817,8,3,0,0,A
2021-08-26 12:00:00,1788.407,1798.112,1779.77,1793.039,25341.0,200.0,0.0,1779.77,0,0,1,bullish,0,none,1,0,0,0,0,1,1,1,1,1,4,5,1,5,6.926857142857118,12,3,0,0,A
2021-08-26 16:00:00,1792.99,1794.114,1790.146,1792.641,9968.0,200.0,0.0,0.0,0,0,1,bullish,5,doji,0,0,1,0,0,1,0,1,1,1,3,4,1,4,6.857642857142845,16,3,1,1,A
2021-08-26 20:00:00,1792.625,1793.65,1791.179,1793.451,2441.0,200.0,0.0,0.0,0,0,1,bullish,1,bullish_engulfing,0,0,1,0,0,1,0,0,0,1,1,2,1,2,6.4557142857142775,20,3,1,1,A
2021-08-27 16:00:00,1812.942,1819.125,1812.754,1818.982,11820.0,300.0,0.0,0.0,0,0,1,bullish,0,none,0,0,0,1,0,0,0,1,0,1,1,2,1,2,8.624642857142865,16,4,1,1,A
2021-08-30 04:00:00,1814.984,1818.064,1812.687,1815.012,8957.0,300.0,0.0,0.0,0,0,1,bullish,5,doji,0,0,1,0,0,1,0,0,0,1,1,2,1,2,8.159357142857191,4,0,1,1,A
2021-08-30 12:00:00,1817.141,1817.737,1809.049,1810.103,15783.0,300.0,0.0,0.0,0,0,1,bullish,2,bearish_engulfing,0,0,1,0,0,1,1,1,0,1,3,4,1,4,8.247071428571465,12,0,1,1,A
2021-08-30 20:00:00,1810.476,1811.065,1809.345,1810.386,2288.0,300.0,0.0,0.0,0,0,1,bullish,5,doji,0,0,1,0,0,1,0,0,0,1,1,2,1,2,7.029857142857168,20,0,1,1,A
2021-08-31 00:00:00,1810.341,1815.736,1809.685,1815.689,8393.0,300.0,0.0,0.0,0,0,1,bullish,1,bullish_engulfing,0,0,1,0,0,1,0,1,0,1,2,3,1,3,7.285571428571465,0,1,1,1,A
2021-08-31 04:00:00,1815.695,1819.047,1814.3,1815.278,9176.0,300.0,0.0,0.0,0,0,1,bullish,5,doji,0,0,1,0,0,1,0,1,0,1,2,3,1,3,7.175000000000035,4,1,1,1,A
2021-08-31 12:00:00,1812.605,1815.736,1801.544,1807.78,22795.0,300.0,0.0,1801.544,0,0,1,bullish,0,none,1,0,0,0,0,1,1,1,0,1,3,4,1,4,7.363214285714321,12,1,1,1,A
2021-08-31 20:00:00,1814.654,1815.477,1813.576,1814.435,3000.0,300.0,0.0,0.0,0,0,1,bullish,5,doji,0,0,1,0,0,1,0,0,0,1,1,2,1,2,5.616714285714319,20,1,1,1,A
2021-09-01 00:00:00,1814.426,1815.444,1810.214,1815.219,9224.0,300.0,0.0,0.0,0,0,1,bullish,1,bullish_engulfing,0,0,1,0,0,1,0,1,0,1,2,3,1,3,5.829714285714317,0,2,1,1,A
2021-09-01 12:00:00,1812.881,1819.911,1808.588,1815.325,22236.0,200.0,1819.911,0.0,0,0,1,bullish,0,none,1,0,0,0,0,1,1,1,1,1,4,5,1,5,6.1712142857143135,12,2,1,1,A
2021-09-02 04:00:00,1811.058,1815.19,1810.596,1814.66,7465.0,300.0,0.0,0.0,0,0,1,bullish,1,bullish_engulfing,0,0,1,0,0,1,0,0,0,1,1,2,1,2,6.025357142857193,4,3,1,1,A
2021-09-02 12:00:00,1815.383,1816.255,1804.63,1808.91,17947.0,300.0,0.0,1804.63,0,0,1,bullish,0,none,1,0,0,0,0,1,1,1,0,1,3,4,1,4,6.366357142857185,12,3,1,1,A
2021-09-03 00:00:00,1809.362,1814.758,1808.878,1812.54,7759.0,300.0,0.0,0.0,0,0,1,bullish,1,bullish_engulfing,0,0,1,0,0,1,0,0,0,1,1,2,1,2,5.154571428571493,0,4,1,1,A
2021-09-03 08:00:00,1811.135,1815.3,1811.025,1814.609,7686.0,300.0,0.0,0.0,0,0,1,bullish,7,morning_star,0,0,1,0,0,1,0,0,0,1,1,2,1,2,5.218571428571473,8,4,1,1,A
2021-09-03 16:00:00,1829.21,1832.694,1828.02,1828.498,8397.0,300.0,0.0,0.0,0,0,1,bullish,6,shooting_star,0,0,1,0,0,1,0,1,0,1,2,3,1,3,6.25042857142861,16,4,1,1,A
2021-09-05 20:00:00,1828.089,1830.149,1827.417,1827.555,2797.0,300.0,0.0,0.0,0,0,1,bullish,6,shooting_star,0,0,1,0,0,1,0,0,0,1,1,2,1,2,5.431928571428606,20,6,1,1,A
2021-09-06 08:00:00,1825.901,1826.868,1822.712,1823.762,7096.0,300.0,0.0,0.0,0,0,1,bullish,8,evening_star,0,0,1,0,0,1,0,0,0,1,1,2,1,2,5.346857142857159,8,0,1,1,A
2021-09-07 16:00:00,1797.28,1798.768,1792.991,1793.467,10365.0,200.0,0.0,0.0,0,0,1,bullish,0,none,0,0,0,1,0,0,1,1,1,1,3,4,1,4,5.428785714285725,16,1,1,1,A
2021-09-08 04:00:00,1798.042,1801.159,1794.183,1798.813,10499.0,200.0,0.0,0.0,0,0,1,bullish,5,doji,0,0,1,0,1,0,1,1,1,1,4,5,1,5,5.85557142857145,4,2,1,1,A
2021-09-08 08:00:00,1798.858,1799.784,1796.3,1796.873,10545.0,200.0,0.0,0.0,0,0,1,bullish,2,bearish_engulfing,0,0,1,0,0,0,1,1,1,1,3,4,1,4,5.8665000000000385,8,2,1,1,A
2021-09-09 04:00:00,1788.261,1792.796,1786.594,1792.295,10839.0,200.0,0.0,0.0,0,0,0,bullish,7,morning_star,0,0,1,0,0,0,1,1,0,1,2,3,1,3,7.5250714285714855,4,3,1,1,A
2021-09-10 00:00:00,1794.695,1799.835,1792.616,1798.039,10291.0,200.0,0.0,0.0,0,0,0,bullish,7,morning_star,0,0,1,0,1,0,0,0,1,1,2,3,1,3,7.111500000000043,0,4,1,1,A
2021-09-10 04:00:00,1798.055,1803.772,1796.125,1801.597,10337.0,300.0,1803.772,0.0,0,0,0,bullish,0,none,1,0,0,0,1,1,0,0,0,1,2,3,1,3,7.480142857142888,4,4,1,1,A
2021-09-10 08:00:00,1801.6,1803.278,1792.919,1797.605,11140.0,200.0,0.0,0.0,0,0,0,bullish,2,bearish_engulfing,0,0,1,0,0,1,0,1,1,1,3,4,1,4,7.822428571428596,8,4,1,1,A
2021-09-13 00:00:00,1787.29,1792.534,1783.442,1792.314,11019.0,200.0,0.0,1783.442,0,0,0,bullish,0,none,1,0,0,0,0,1,1,1,1,1,4,5,1,5,7.267785714285716,0,0,1,1,A
2021-09-13 08:00:00,1789.91,1791.287,1787.595,1789.795,9619.0,200.0,0.0,0.0,0,0,0,bullish,5,doji,0,0,1,0,0,1,0,0,1,1,2,3,1,3,7.305642857142857,8,0,1,1,A
2021-09-14 08:00:00,1790.573,1790.573,1781.866,1784.329,11286.0,200.0,0.0,0.0,0,0,0,bullish,0,none,0,0,0,1,0,1,1,1,0,1,3,4,1,4,6.152499999999999,8,1,1,1,A
2021-09-15 00:00:00,1803.701,1804.56,1801.308,1803.381,8415.0,300.0,0.0,0.0,0,0,0,bullish,5,doji,0,0,1,0,0,1,0,0,0,1,1,2,1,2,6.715428571428577,0,2,1,1,A
2021-09-15 08:00:00,1801.833,1803.327,1798.842,1802.03,10189.0,300.0,0.0,0.0,0,0,0,bullish,5,doji,0,0,1,0,0,1,0,1,0,1,2,3,1,3,6.596785714285716,8,2,1,1,A
2021-09-15 12:00:00,1802.076,1806.763,1791.246,1793.782,22355.0,200.0,0.0,0.0,0,0,0,bullish,2,bearish_engulfing,0,0,1,0,0,1,1,1,1,1,4,5,1,5,7.229785714285705,12,2,1,1,A
2021-09-16 00:00:00,1794.956,1796.083,1790.969,1791.351,8960.0,200.0,0.0,0.0,0,0,0,bullish,8,evening_star,0,0,1,0,0,1,0,0,1,1,2,3,1,3,6.510214285714255,0,3,1,1,A
2021-09-16 08:00:00,1785.838,1786.488,1771.094,1771.224,17879.0,200.0,0.0,0.0,0,0,0,bullish,0,none,0,0,0,1,0,0,1,1,1,1,3,4,1,4,7.943357142857102,8,3,1,1,A
2021-09-16 16:00:00,1754.72,1757.1,1753.092,1754.307,11570.0,200.0,0.0,0.0,0,0,0,bullish,5,doji,0,0,1,0,0,1,0,1,1,1,3,4,1,4,9.287214285714233,16,3,0,0,A
2021-09-17 00:00:00,1753.841,1759.42,1753.802,1757.987,12203.0,200.0,0.0,0.0,0,0,0,bullish,1,bullish_engulfing,0,0,1,0,0,1,0,1,0,1,2,3,1,3,7.626571428571408,0,4,0,0,A
2021-09-20 04:00:00,1746.259,1754.774,1744.99,1754.268,13891.0,200.0,0.0,0.0,0,0,0,bullish,7,morning_star,0,0,1,0,0,0,0,1,0,1,1,2,1,2,9.478214285714248,4,0,0,0,A
2021-09-20 08:00:00,1754.242,1760.113,1753.044,1755.727,13392.0,200.0,0.0,0.0,0,0,0,bullish,4,inverted_hammer,0,0,1,0,0,0,0,1,0,1,1,2,1,2,9.311642857142829,8,0,0,0,A
2021-09-21 08:00:00,1760.662,1768.316,1759.266,1767.908,12173.0,200.0,0.0,0.0,0,0,0,bullish,7,morning_star,0,0,1,0,0,0,0,1,0,1,1,2,1,2,7.563571428571403,8,1,0,0,A
2021-09-23 12:00:00,1773.198,1774.137,1745.817,1751.817,36646.0,200.0,0.0,0.0,0,0,0,bullish,8,evening_star,0,0,1,0,1,0,1,1,0,1,3,4,1,4,9.533714285714284,12,3,0,0,A
2021-09-24 00:00:00,1746.201,1752.755,1745.774,1752.199,12187.0,200.0,0.0,0.0,0,0,0,bullish,7,morning_star,0,0,1,0,1,1,0,0,0,1,2,3,1,3,9.229714285714278,0,4,0,0,A
2021-09-24 08:00:00,1754.794,1757.561,1749.47,1749.47,12543.0,200.0,0.0,0.0,0,0,0,bullish,2,bearish_engulfing,0,0,1,0,1,1,0,1,0,1,3,4,1,4,9.658071428571409,8,4,0,0,A
2021-09-24 12:00:00,1749.439,1753.874,1740.411,1752.588,29102.0,200.0,0.0,0.0,0,0,0,bullish,3,hammer,0,0,1,0,0,1,1,1,0,1,3,4,1,4,10.302285714285697,12,4,0,0,A
2021-09-27 00:00:00,1749.526,1760.795,1749.16,1759.254,12468.0,200.0,1760.795,0.0,0,0,0,bullish,0,none,1,0,0,0,0,1,0,1,0,1,2,3,1,3,9.362785714285678,0,0,0,0,A
2021-09-27 12:00:00,1748.237,1757.806,1748.098,1751.078,29705.0,200.0,0.0,0.0,0,0,0,bullish,4,inverted_hammer,0,0,1,0,1,1,1,1,0,1,4,5,1,5,9.519142857142842,12,0,0,0,A
2021-09-27 16:00:00,1751.063,1753.987,1749.82,1750.32,10005.0,200.0,0.0,0.0,0,0,0,bullish,6,shooting_star,0,0,1,0,1,1,0,0,0,1,2,3,1,3,7.793928571428572,16,0,0,0,A
2021-09-27 20:00:00,1750.29,1751.631,1749.827,1751.211,2915.0,200.0,0.0,0.0,0,0,0,bullish,1,bullish_engulfing,0,0,1,0,1,1,0,0,0,1,2,3,1,3,7.529285714285736,20,0,0,0,A
2021-09-28 00:00:00,1751.215,1754.411,1747.162,1749.802,10441.0,200.0,0.0,0.0,0,0,0,bullish,2,bearish_engulfing,0,0,1,0,1,1,0,0,0,1,2,3,1,3,7.239714285714318,0,1,0,0,A
2021-09-28 16:00:00,1736.558,1739.039,1732.778,1733.413,14426.0,200.0,0.0,0.0,0,0,0,bullish,2,bearish_engulfing,0,0,1,0,0,1,1,1,0,1,3,4,1,4,8.222642857142887,16,1,0,0,A
2021-09-29 04:00:00,1740.54,1741.946,1736.699,1740.067,16200.0,200.0,0.0,0.0,0,0,0,bullish,5,doji,0,0,1,0,0,0,1,1,0,1,2,3,1,3,8.307714285714317,4,2,0,0,A
2021-09-29 12:00:00,1743.481,1743.545,1725.449,1730.672,34448.0,200.0,0.0,0.0,0,0,0,bullish,8,evening_star,0,0,1,0,0,0,1,1,0,1,2,3,1,3,8.793642857142881,12,2,0,0,A
2021-10-01 08:00:00,1753.112,1756.651,1751.271,1754.503,16048.0,200.0,0.0,0.0,0,0,0,bullish,7,morning_star,0,0,1,0,0,0,0,1,0,1,1,2,1,2,9.748928571428596,8,4,0,0,A
2021-10-01 12:00:00,1754.534,1764.191,1749.685,1761.584,38007.0,200.0,0.0,0.0,0,0,0,bullish,0,none,0,0,0,1,0,0,1,1,0,1,2,3,1,3,10.410285714285758,12,4,0,0,A
2021-10-04 16:00:00,1765.475,1770.183,1763.571,1768.725,14682.0,200.0,0.0,0.0,0,0,1,bullish,0,none,0,0,0,1,0,1,0,1,0,1,2,3,1,3,7.795928571428606,16,0,0,0,A
2021-10-04 20:00:00,1768.755,1769.392,1767.365,1768.073,4350.0,200.0,0.0,0.0,0,0,1,bullish,0,none,0,0,0,1,0,1,0,0,0,1,1,2,1,2,7.530214285714318,20,0,0,0,A
2021-10-05 12:00:00,1757.052,1761.365,1748.561,1760.813,30849.0,200.0,0.0,0.0,0,0,1,bullish,3,hammer,0,0,1,0,0,1,1,1,0,1,3,4,1,4,8.34871428571429,12,1,0,0,A
2021-10-06 04:00:00,1755.602,1755.64,1747.243,1747.8,17083.0,200.0,0.0,0.0,0,0,1,bullish,0,none,0,0,0,1,1,1,1,1,0,1,4,5,1,5,7.890000000000019,4,2,0,0,A
2021-10-07 04:00:00,1760.121,1766.891,1756.009,1765.954,12986.0,200.0,1766.891,0.0,0,0,0,bullish,0,none,1,0,0,0,0,1,0,0,0,1,1,2,1,2,7.179857142857178,4,3,0,0,A
2021-10-07 20:00:00,1755.467,1758.03,1754.238,1755.094,3583.0,200.0,0.0,0.0,0,0,0,bullish,5,doji,0,0,1,0,0,1,0,0,0,1,1,2,1,2,6.738857142857195,20,3,0,0,A
2021-10-08 20:00:00,1756.991,1757.286,1755.95,1757.212,1406.0,200.0,0.0,0.0,0,0,1,bullish,3,hammer,0,0,1,0,0,1,0,0,0,1,1,2,1,2,7.4851428571428995,20,4,0,0,A
2021-10-10 20:00:00,1757.272,1757.764,1750.915,1753.953,5680.0,200.0,0.0,0.0,0,0,1,bullish,2,bearish_engulfing,0,0,1,0,0,1,0,0,0,1,1,2,1,2,7.639500000000031,20,6,0,0,A
2021-10-11 00:00:00,1753.956,1760.948,1753.848,1755.423,12819.0,200.0,0.0,0.0,0,0,1,bullish,4,inverted_hammer,0,0,1,0,0,1,0,1,0,1,2,3,1,3,7.965571428571463,0,0,0,0,A
2021-10-11 12:00:00,1754.879,1760.13,1750.128,1757.478,18404.0,200.0,0.0,1750.128,0,0,1,bullish,0,none,1,0,0,0,0,1,1,1,0,1,3,4,1,4,7.532142857142909,12,0,0,0,A
2021-10-11 20:00:00,1753.278,1754.543,1752.546,1753.295,3145.0,200.0,0.0,0.0,0,0,1,bullish,5,doji,0,0,1,0,0,1,0,0,0,1,1,2,1,2,6.8222857142857265,20,0,0,0,A
2021-10-12 04:00:00,1758.275,1762.582,1756.526,1756.715,13185.0,200.0,0.0,0.0,0,0,1,bullish,6,shooting_star,0,0,1,0,0,1,1,1,0,1,3,4,1,4,7.060928571428592,4,1,0,0,A
2021-10-12 08:00:00,1756.684,1764.896,1756.432,1761.86,12838.0,200.0,0.0,0.0,0,0,1,bullish,1,bullish_engulfing,0,0,1,0,0,1,0,1,0,1,2,3,1,3,7.241928571428583,8,1,0,0,A
2021-10-12 12:00:00,1761.83,1769.3,1753.938,1760.751,31888.0,200.0,0.0,0.0,0,0,1,bullish,5,doji,0,0,1,0,0,1,1,1,0,1,3,4,1,4,7.749214285714288,12,1,0,0,A
2021-10-13 00:00:00,1760.331,1762.934,1759.508,1762.015,10498.0,200.0,0.0,0.0,0,0,1,bullish,1,bullish_engulfing,0,0,1,0,0,1,0,0,0,1,1,2,1,2,6.193642857142842,0,2,0,0,A
2021-10-13 12:00:00,1773.538,1795.969,1757.826,1794.43,39203.0,200.0,0.0,0.0,0,0,1,bullish,0,none,0,0,0,1,0,0,1,1,0,1,2,3,1,3,8.638785714285698,12,2,0,0,A
2021-10-14 04:00:00,1788.535,1794.919,1788.202,1793.866,9973.0,200.0,0.0,0.0,0,0,1,bullish,1,bullish_engulfing,0,0,1,1,0,0,0,0,0,2,0,2,2,2,8.580499999999997,4,3,0,0,A
2021-10-14 12:00:00,1795.495,1799.608,1793.709,1798.195,19053.0,200.0,0.0,0.0,0,0,1,bullish,0,none,0,0,0,1,1,1,1,1,0,1,4,5,1,5,8.461071428571406,12,3,0,0,A
2021-10-15 16:00:00,1768.363,1769.315,1766.529,1768.267,10774.0,200.0,0.0,0.0,0,0,1,bullish,5,doji,0,0,1,0,0,0,0,1,0,1,1,2,1,2,8.513000000000018,16,4,0,0,A
2021-10-18 08:00:00,1764.373,1766.805,1760.276,1763.067,16592.0,200.0,0.0,1760.276,0,0,1,bullish,0,none,1,0,0,0,0,1,1,1,0,1,3,4,1,4,6.340785714285711,8,0,0,0,A
2021-10-18 20:00:00,1764.064,1764.954,1762.886,1763.948,2722.0,200.0,0.0,0.0,0,0,1,bullish,5,doji,0,0,1,0,0,1,0,0,0,1,1,2,1,2,6.321928571428576,20,0,0,0,A
2021-10-19 00:00:00,1763.964,1774.948,1763.269,1774.748,11296.0,200.0,0.0,0.0,0,0,1,bullish,7,morning_star,0,0,1,0,0,1,0,0,0,1,1,2,1,2,6.984785714285716,0,1,0,0,A
2021-10-20 00:00:00,1768.664,1774.569,1766.839,1774.049,12404.0,200.0,0.0,0.0,0,0,1,bullish,7,morning_star,0,0,1,0,0,0,0,1,0,1,1,2,1,2,7.114499999999972,0,2,0,0,A
2021-10-21 00:00:00,1781.376,1789.366,1781.205,1786.353,12507.0,200.0,0.0,0.0,0,0,1,bullish,1,bullish_engulfing,0,0,1,0,0,0,0,1,0,1,1,2,1,2,7.215642857142841,0,3,1,1,A
2021-10-22 04:00:00,1787.048,1794.373,1786.047,1793.107,12549.0,200.0,0.0,0.0,0,0,1,bullish,0,none,0,0,0,1,0,0,0,1,0,1,1,2,1,2,7.097214285714293,4,4,1,1,A
2021-10-22 16:00:00,1785.785,1798.483,1784.372,1794.074,15355.0,200.0,0.0,0.0,0,0,1,bullish,1,bullish_engulfing,0,0,1,0,0,0,1,1,0,1,2,3,1,3,9.376285714285716,16,4,1,1,A
2021-10-24 20:00:00,1792.926,1794.371,1792.388,1794.301,2852.0,200.0,0.0,0.0,0,0,1,bullish,7,morning_star,0,0,1,0,0,0,0,0,1,1,1,2,1,2,8.382500000000002,20,6,1,1,A
2021-10-25 04:00:00,1798.391,1801.003,1795.983,1798.954,12027.0,200.0,0.0,0.0,0,0,1,bullish,5,doji,0,0,1,0,1,0,0,1,1,1,3,4,1,4,8.285071428571428,4,0,1,1,A
2021-10-26 00:00:00,1807.777,1807.848,1802.631,1803.17,8972.0,200.0,0.0,0.0,0,0,1,bullish,8,evening_star,0,0,1,0,0,0,0,0,1,1,1,2,1,2,7.420214285714272,0,1,1,1,A
2021-10-26 12:00:00,1802.894,1804.56,1782.191,1789.841,33063.0,200.0,0.0,1782.191,0,0,1,bullish,0,none,1,0,0,0,0,1,1,1,1,1,4,5,1,5,8.580642857142834,12,1,1,1,A
2021-10-26 20:00:00,1793.419,1794.297,1791.895,1793.554,3548.0,200.0,0.0,0.0,0,0,1,bullish,5,doji,0,0,1,0,0,1,0,0,1,1,2,3,1,3,5.904571428571428,20,1,1,1,A
2021-10-27 00:00:00,1793.571,1794.35,1787.068,1789.059,11913.0,200.0,0.0,0.0,0,0,1,bullish,2,bearish_engulfing,0,0,1,0,0,1,0,1,1,1,3,4,1,4,6.258214285714287,0,2,1,1,A
2021-10-27 08:00:00,1787.49,1791.885,1783.397,1791.156,14174.0,200.0,0.0,0.0,0,0,1,bullish,1,bullish_engulfing,0,0,1,0,0,1,1,1,1,1,4,5,1,5,6.67614285714285,8,2,1,1,A
2021-10-28 00:00:00,1796.552,1803.165,1794.128,1798.764,13466.0,200.0,0.0,0.0,0,0,1,bullish,1,bullish_engulfing,0,0,1,0,1,0,1,1,0,1,3,4,1,4,7.149642857142875,0,3,1,1,A
2021-10-29 00:00:00,1799.559,1799.944,1795.102,1796.95,12734.0,200.0,0.0,0.0,0,0,1,bullish,8,evening_star,0,0,1,0,0,1,0,0,0,1,1,2,1,2,7.108714285714281,0,4,1,1,A
2021-11-01 00:00:00,1780.02,1787.262,1779.988,1784.362,11573.0,200.0,0.0,0.0,0,0,0,bullish,1,bullish_engulfing,0,0,1,0,0,1,0,0,0,1,1,2,1,2,7.72749999999998,0,0,1,1,A
2021-11-01 08:00:00,1781.786,1788.099,1780.952,1786.567,13289.0,200.0,0.0,0.0,0,0,0,bullish,7,morning_star,0,0,1,0,0,1,0,1,0,1,2,3,1,3,7.66799999999999,8,0,1,1,A
2021-11-01 16:00:00,1792.994,1794.938,1789.767,1792.592,10747.0,200.0,0.0,0.0,0,0,0,bullish,5,doji,0,0,1,0,0,1,0,0,0,1,1,2,1,2,6.888928571428567,16,0,1,1,A
2021-11-02 08:00:00,1794.086,1795.525,1788.046,1790.003,15044.0,200.0,0.0,0.0,0,0,0,bullish,8,evening_star,0,0,1,0,0,1,0,1,0,1,2,3,1,3,6.861285714285714,8,1,1,1,A
2021-11-04 08:00:00,1774.74,1782.026,1772.249,1780.866,15007.0,200.0,0.0,0.0,0,0,0,bullish,7,morning_star,0,0,1,0,0,1,1,1,0,1,3,4,1,4,8.098428571428583,8,3,1,1,A
2021-11-05 00:00:00,1791.322,1796.081,1790.057,1792.851,11436.0,200.0,0.0,0.0,0,0,0,bullish,4,inverted_hammer,0,0,1,0,0,1,0,1,0,1,2,3,1,3,8.683499999999981,0,4,1,1,A
2021-11-05 04:00:00,1792.84,1798.398,1792.616,1796.471,10606.0,200.0,0.0,0.0,0,0,0,bullish,0,none,0,0,0,1,0,1,0,0,0,1,1,2,1,2,8.978214285714264,4,4,1,1,A
2021-11-05 16:00:00,1809.92,1818.029,1807.734,1816.878,16328.0,200.0,0.0,0.0,0,0,0,bullish,0,none,0,0,0,1,0,0,0,1,0,1,1,2,1,2,10.885571428571406,16,4,1,1,A
2021-11-08 00:00:00,1815.83,1821.057,1812.874,1819.078,14369.0,200.0,0.0,0.0,0,0,0,bullish,0,none,0,0,0,1,0,0,0,1,0,1,1,2,1,2,8.329214285714263,0,0,1,1,A
2021-11-08 08:00:00,1816.261,1818.285,1812.403,1816.853,12965.0,200.0,0.0,0.0,0,0,0,bullish,5,doji,0,0,1,0,0,0,0,1,0,1,1,2,1,2,8.528285714285696,8,0,1,1,A
2021-11-09 08:00:00,1820.045,1828.506,1820.045,1823.764,14838.0,200.0,0.0,0.0,0,0,0,bullish,1,bullish_engulfing,0,0,1,0,0,0,1,1,0,1,2,3,1,3,8.055357142857149,8,1,1,1,A
2021-11-09 16:00:00,1825.845,1831.257,1823.421,1830.253,14680.0,200.0,0.0,0.0,0,0,0,bullish,0,none,0,0,0,1,0,0,1,1,0,1,2,3,1,3,6.819071428571452,16,1,1,1,A
2021-11-10 08:00:00,1824.086,1827.091,1822.71,1824.52,11723.0,200.0,0.0,0.0,0,0,0,bullish,5,doji,0,0,1,0,0,0,0,1,0,1,1,2,1,2,6.426214285714293,8,2,1,1,A
2021-11-12 08:00:00,1856.363,1858.672,1845.229,1849.131,17761.0,200.0,0.0,1845.229,0,0,1,bullish,0,none,1,0,0,0,1,1,1,1,0,1,4,5,1,5,10.945000000000002,8,4,1,1,A
2021-11-12 12:00:00,1849.099,1865.763,1849.033,1860.796,27143.0,200.0,0.0,0.0,0,0,1,bullish,1,bullish_engulfing,0,0,1,0,0,1,1,1,0,1,3,4,1,4,11.826142857142859,12,4,1,1,A
2021-11-15 16:00:00,1861.967,1867.863,1859.982,1867.073,12016.0,200.0,0.0,0.0,0,0,1,bullish,1,bullish_engulfing,0,0,1,0,0,1,0,1,0,1,2,3,1,3,7.573214285714276,16,0,1,1,A
2021-11-17 16:00:00,1862.823,1867.992,1862.29,1863.949,13993.0,200.0,0.0,0.0,0,0,1,bullish,4,inverted_hammer,0,0,1,0,0,1,1,1,0,1,3,4,1,4,8.2707142857143,16,2,1,1,A
2021-11-18 04:00:00,1864.923,1869.4,1862.579,1868.54,11222.0,200.0,0.0,0.0,0,0,1,bullish,1,bullish_engulfing,0,0,1,0,0,1,0,0,0,1,1,2,1,2,7.769928571428603,4,3,1,1,A
2021-11-18 08:00:00,1868.57,1869.75,1858.731,1862.705,14317.0,200.0,0.0,0.0,0,0,1,bullish,2,bearish_engulfing,0,0,1,0,0,1,1,1,0,1,3,4,1,4,8.066785714285743,8,3,1,1,A
2021-11-18 16:00:00,1860.062,1862.651,1858.204,1858.853,11697.0,200.0,0.0,0.0,0,0,1,bullish,6,shooting_star,0,0,1,0,0,1,0,1,0,1,2,3,1,3,8.04600000000005,16,3,1,1,A
2021-11-19 12:00:00,1861.69,1865.621,1851.717,1860.349,30795.0,200.0,0.0,0.0,0,0,1,bullish,5,doji,0,0,1,0,0,1,1,1,0,1,3,4,1,4,7.9190000000000635,12,4,1,1,A
2021-11-22 04:00:00,1847.106,1849.046,1839.893,1844.036,11907.0,200.0,0.0,0.0,0,0,1,bullish,8,evening_star,0,0,1,0,0,1,0,0,0,1,1,2,1,2,8.569928571428623,4,0,1,1,A
2021-11-22 16:00:00,1818.392,1822.133,1802.202,1803.68,23320.0,200.0,0.0,0.0,0,0,1,bullish,0,none,0,0,0,1,0,0,1,1,0,1,2,3,1,3,10.829428571428593,16,0,1,1,A
2021-11-23 04:00:00,1808.327,1809.831,1802.836,1807.66,13962.0,200.0,0.0,0.0,0,0,1,bullish,5,doji,0,0,1,0,0,0,0,1,0,1,1,2,1,2,11.265071428571414,4,1,1,1,A
2021-11-23 08:00:00,1807.628,1808.339,1792.492,1793.999,21802.0,200.0,0.0,0.0,0,0,1,bullish,0,none,0,0,0,1,0,0,1,1,0,1,2,3,1,3,11.83457142857141,8,1,1,1,A
2021-11-23 12:00:00,1793.975,1797.458,1783.987,1786.311,37843.0,200.0,0.0,0.0,0,0,1,bullish,0,none,0,0,0,1,0,0,1,1,0,1,2,3,1,3,11.839999999999984,12,1,1,1,A
2021-11-24 08:00:00,1794.048,1794.714,1785.436,1787.254,16222.0,200.0,0.0,0.0,0,0,1,bullish,8,evening_star,0,0,1,0,0,0,0,1,0,1,1,2,1,2,10.930357142857117,8,2,1,1,A
2021-11-24 16:00:00,1784.597,1791.362,1782.457,1784.849,16395.0,200.0,0.0,0.0,0,0,0,bullish,5,doji,0,0,1,0,0,0,0,1,0,1,1,2,1,2,10.890071428571398,16,2,1,1,A
2021-11-26 12:00:00,1811.734,1812.072,1795.371,1797.589,19280.0,200.0,0.0,0.0,0,0,0,bullish,8,evening_star,0,0,1,0,0,1,1,1,0,1,3,4,1,4,8.226857142857138,12,4,1,1,A
2021-11-26 16:00:00,1797.594,1799.702,1780.054,1787.433,17778.0,200.0,0.0,1780.054,0,0,0,bullish,0,none,1,0,0,0,0,1,1,1,0,1,3,4,1,4,8.967571428571416,16,4,1,1,A
2021-11-29 04:00:00,1794.401,1796.962,1791.146,1794.67,15189.0,200.0,0.0,0.0,0,0,0,bullish,5,doji,0,0,1,0,0,1,1,0,0,1,2,3,1,3,9.179142857142827,4,0,1,1,A
2021-11-29 08:00:00,1794.702,1799.361,1792.82,1793.483,17659.0,200.0,0.0,0.0,0,0,0,bullish,2,bearish_engulfing,0,0,1,0,0,1,1,1,0,1,3,4,1,4,9.284999999999984,8,0,1,1,A
2021-11-30 00:00:00,1786.816,1790.34,1783.01,1788.924,11382.0,200.0,0.0,0.0,0,0,0,bullish,3,hammer,0,0,1,0,0,1,0,0,0,1,1,2,1,2,10.321357142857112,0,1,0,0,A
2021-12-01 00:00:00,1773.209,1780.288,1772.598,1777.922,15273.0,200.0,0.0,0.0,0,0,0,bullish,7,morning_star,0,0,1,0,0,1,0,0,0,1,1,2,1,2,9.516285714285686,0,2,0,0,A
2021-12-01 08:00:00,1784.792,1788.582,1776.623,1785.053,19001.0,200.0,0.0,0.0,0,0,0,bullish,5,doji,0,0,1,0,0,1,1,0,0,1,2,3,1,3,10.005642857142854,8,2,0,0,A
2021-12-01 12:00:00,1785.085,1792.192,1782.675,1786.01,31554.0,200.0,0.0,0.0,0,0,0,bullish,5,doji,0,0,1,0,0,1,1,1,0,1,3,4,1,4,10.269999999999998,12,2,0,0,A
2021-12-01 16:00:00,1785.977,1787.873,1779.211,1782.149,24131.0,200.0,0.0,0.0,0,0,0,bullish,8,evening_star,0,0,1,0,0,1,1,1,0,1,3,4,1,4,10.42149999999999,16,2,0,0,A
2021-12-01 20:00:00,1782.118,1783.398,1777.321,1781.825,10920.0,200.0,0.0,0.0,0,0,0,bullish,5,doji,0,0,1,0,0,1,0,0,0,1,1,2,1,2,10.136999999999992,20,2,0,0,A
2021-12-02 08:00:00,1775.165,1779.005,1767.152,1777.214,17628.0,200.0,0.0,0.0,0,0,0,bullish,3,hammer,0,0,1,0,0,1,0,1,0,1,2,3,1,3,10.089214285714272,8,3,0,0,A
2021-12-02 12:00:00,1777.198,1781.192,1763.091,1767.304,34380.0,200.0,0.0,0.0,0,0,0,bullish,8,evening_star,0,0,1,0,0,1,1,1,0,1,3,4,1,4,10.813714285714273,12,3,0,0,A
2021-12-02 20:00:00,1766.628,1770.614,1766.267,1768.989,7640.0,200.0,0.0,0.0,0,0,0,bullish,7,morning_star,0,0,1,0,0,1,0,0,0,1,1,2,1,2,9.343714285714295,20,3,0,0,A
2021-12-03 12:00:00,1771.852,1778.404,1766.163,1770.748,43181.0,200.0,0.0,0.0,0,0,0,bullish,5,doji,0,0,1,0,0,1,1,1,0,1,3,4,1,4,8.415714285714282,12,4,0,0,A
2021-12-03 16:00:00,1770.715,1784.587,1769.767,1783.891,23593.0,200.0,0.0,0.0,0,0,0,bullish,1,bullish_engulfing,0,0,1,0,0,1,1,1,0,1,3,4,1,4,8.620071428571416,16,4,0,0,A
2021-12-03 20:00:00,1783.861,1786.072,1782.16,1783.414,6590.0,200.0,0.0,0.0,0,0,0,bullish,5,doji,0,0,1,0,0,1,0,0,0,1,1,2,1,2,8.219714285714256,20,4,0,0,A
2021-12-06 04:00:00,1783.93,1785.78,1781.071,1782.93,12093.0,200.0,0.0,0.0,0,0,0,bullish,8,evening_star,0,0,1,0,0,1,0,1,0,1,2,3,1,3,7.932571428571415,4,0,0,0,A
2021-12-07 04:00:00,1777.618,1784.52,1776.841,1782.665,10484.0,200.0,0.0,0.0,0,0,0,bullish,1,bullish_engulfing,0,0,1,0,0,1,0,0,0,1,1,2,1,2,6.6712142857142975,4,1,0,0,A
2021-12-07 12:00:00,1782.248,1784.496,1771.828,1782.502,23558.0,200.0,0.0,1771.828,0,0,0,bullish,0,none,1,0,0,0,0,1,1,1,0,1,3,4,1,4,7.053642857142871,12,1,0,0,A
2021-12-07 20:00:00,1784.825,1786.372,1783.623,1784.719,5204.0,200.0,0.0,0.0,0,0,0,bullish,5,doji,0,0,1,0,0,1,0,0,0,1,1,2,1,2,5.736785714285735,20,1,0,0,A
2021-12-08 04:00:00,1787.908,1791.522,1786.497,1789.806,9497.0,200.0,0.0,0.0,0,0,0,bullish,0,none,0,0,0,1,0,1,0,0,0,1,1,2,1,2,6.004642857142877,4,2,0,0,A
2021-12-09 08:00:00,1786.138,1787.554,1779.337,1780.322,13858.0,200.0,0.0,0.0,0,0,1,bullish,8,evening_star,0,0,1,0,0,1,1,1,0,1,3,4,1,4,6.385857142857178,8,3,0,0,A
2021-12-09 12:00:00,1780.291,1782.832,1773.544,1779.562,25490.0,200.0,0.0,0.0,0,0,1,bullish,5,doji,0,0,1,0,0,1,1,1,0,1,3,4,1,4,6.500785714285745,12,3,0,0,A
2021-12-09 20:00:00,1776.06,1776.505,1774.715,1776.327,4996.0,200.0,0.0,0.0,0,0,1,bullish,3,hammer,0,0,1,0,0,1,0,0,0,1,1,2,1,2,5.80435714285719,20,3,0,0,A
2021-12-10 12:00:00,1772.071,1789.123,1771.697,1783.125,32286.0,200.0,0.0,0.0,0,0,0,bullish,1,bullish_engulfing,0,0,1,0,0,1,1,1,0,1,3,4,1,4,6.761500000000069,12,4,0,0,A
2021-12-10 16:00:00,1783.159,1786.407,1781.37,1782.226,11730.0,200.0,0.0,0.0,0,0,0,bullish,6,shooting_star,0,0,1,0,0,1,0,1,0,1,2,3,1,3,6.374785714285784,16,4,0,0,A
2021-12-12 20:00:00,1782.732,1784.389,1782.71,1783.216,1672.0,200.0,0.0,0.0,0,0,0,bullish,4,inverted_hammer,0,0,1,0,0,1,0,0,0,1,1,2,1,2,5.686714285714321,20,6,0,0,A
2021-12-13 12:00:00,1788.004,1791.381,1781.725,1786.828,18847.0,200.0,1791.381,0.0,0,0,0,bullish,0,none,1,0,0,0,0,1,1,1,0,1,3,4,1,4,5.995500000000009,12,0,0,0,A
2021-12-13 16:00:00,1786.837,1790.098,1786.1,1787.782,10374.0,200.0,0.0,0.0,0,0,0,bullish,4,inverted_hammer,0,0,1,0,0,1,0,1,0,1,2,3,1,3,5.617642857142869,16,0,0,0,A
2021-12-14 04:00:00,1785.82,1788.379,1784.082,1784.618,8021.0,200.0,0.0,0.0,0,0,0,bullish,6,shooting_star,0,0,1,0,0,1,0,0,0,1,1,2,1,2,5.518714285714249,4,1,0,0,A
2021-12-14 08:00:00,1784.595,1785.671,1781.97,1784.763,11361.0,200.0,0.0,0.0,0,0,0,bullish,5,doji,0,0,1,0,0,1,1,1,0,1,3,4,1,4,5.197928571428536,8,1,0,0,A
2021-12-14 12:00:00,1784.765,1785.404,1766.419,1774.166,28393.0,200.0,0.0,0.0,0,0,0,bullish,2,bearish_engulfing,0,0,1,0,0,1,1,1,0,1,3,4,1,4,6.310142857142815,12,1,0,0,A
2021-12-15 00:00:00,1772.485,1773.861,1769.532,1769.96,8965.0,200.0,0.0,0.0,0,0,0,bullish,2,bearish_engulfing,0,0,1,0,0,1,0,1,0,1,2,3,1,3,5.499071428571402,0,2,0,0,A
2021-12-15 04:00:00,1769.968,1771.162,1766.649,1767.798,9478.0,200.0,0.0,0.0,0,0,0,bullish,0,none,0,0,0,1,0,1,0,1,0,1,2,3,1,3,5.701499999999994,4,2,0,0,A
2021-12-15 12:00:00,1769.744,1773.556,1763.888,1766.083,22459.0,200.0,0.0,0.0,0,0,0,bullish,0,none,0,0,0,1,0,1,1,1,0,1,3,4,1,4,6.0034285714285875,12,2,0,0,A
2021-12-16 12:00:00,1787.273,1798.089,1782.164,1797.321,29303.0,200.0,0.0,0.0,0,0,0,bullish,0,none,0,0,0,1,0,0,1,1,0,1,2,3,1,3,8.394571428571453,12,3,0,0,A
2021-12-17 04:00:00,1803.048,1809.541,1801.96,1808.888,12135.0,200.0,0.0,0.0,0,0,0,bullish,0,none,0,0,0,1,0,0,0,1,0,1,1,2,1,2,7.727285714285715,4,4,0,0,A
2021-12-20 00:00:00,1800.065,1802.507,1799.004,1801.797,10650.0,200.0,0.0,0.0,0,0,1,bullish,1,bullish_engulfing,0,0,1,0,1,1,0,0,0,1,2,3,1,3,6.351928571428549,0,0,0,0,A
2021-12-20 04:00:00,1801.79,1804.089,1797.962,1798.184,10099.0,200.0,0.0,0.0,0,0,1,bullish,8,evening_star,0,0,1,0,1,1,0,0,0,1,2,3,1,3,6.170928571428541,4,0,0,0,A
2021-12-20 20:00:00,1790.384,1791.988,1788.286,1791.617,6911.0,200.0,0.0,0.0,0,0,1,bullish,3,hammer,0,0,1,0,0,1,0,0,0,1,1,2,1,2,5.8997142857142535,20,0,0,0,A
2021-12-22 04:00:00,1789.143,1789.254,1786.077,1786.867,7959.0,200.0,0.0,0.0,0,0,1,bullish,0,none,0,0,0,1,0,1,0,0,0,1,1,2,1,2,5.556285714285715,4,2,0,0,A
2021-12-22 08:00:00,1786.902,1791.416,1785.846,1790.975,10907.0,200.0,0.0,0.0,0,0,1,bullish,7,morning_star,0,0,1,0,0,1,0,1,0,1,2,3,1,3,5.703928571428556,8,2,0,0,A
2021-12-23 04:00:00,1805.59,1808.214,1804.813,1805.899,8047.0,200.0,0.0,0.0,0,0,1,bullish,5,doji,0,0,1,1,0,0,0,0,0,2,0,2,2,2,5.2985714285714005,4,3,0,0,A
2021-12-23 12:00:00,1806.325,1809.956,1798.609,1805.932,18718.0,200.0,0.0,0.0,0,0,1,bullish,5,doji,0,0,1,0,0,0,1,1,0,1,2,3,1,3,5.780785714285685,12,3,0,0,A
2021-12-23 16:00:00,1805.934,1810.687,1805.705,1809.295,9618.0,200.0,0.0,0.0,0,0,1,bullish,0,none,0,0,0,1,0,0,0,1,0,1,1,2,1,2,5.7192142857142505,16,3,0,0,A
2021-12-27 00:00:00,1807.26,1811.842,1806.602,1810.962,8388.0,200.0,0.0,0.0,0,0,1,bullish,0,none,0,0,0,1,0,0,0,1,0,1,1,2,1,2,4.810357142857096,0,0,1,1,A
2021-12-29 00:00:00,1806.557,1807.626,1804.036,1806.625,8350.0,200.0,0.0,0.0,0,0,1,bullish,5,doji,0,0,1,0,0,0,0,1,0,1,1,2,1,2,5.373857142857121,0,2,1,1,A
2021-12-30 08:00:00,1798.206,1803.24,1797.982,1802.597,9108.0,200.0,0.0,0.0,0,0,1,bullish,7,morning_star,0,0,1,0,0,1,0,1,0,1,2,3,1,3,6.069214285714273,8,3,1,1,A
2021-12-31 12:00:00,1819.532,1827.424,1818.504,1821.971,19865.0,200.0,0.0,0.0,0,0,1,bullish,4,inverted_hammer,0,0,1,0,0,1,1,1,0,1,3,4,1,4,6.425785714285747,12,4,1,1,A
2021-12-31 16:00:00,1821.941,1828.722,1821.584,1827.615,13280.0,200.0,0.0,0.0,0,0,1,bullish,0,none,0,0,0,1,0,0,1,1,0,1,2,3,1,3,6.131714285714322,16,4,1,1,A
2022-01-03 20:00:00,1801.66,1804.517,1800.931,1804.101,5499.0,200.0,0.0,0.0,0,0,1,bullish,7,morning_star,0,0,1,0,0,1,0,0,0,1,1,2,1,2,6.7457857142857325,20,0,1,1,A
2022-01-04 00:00:00,1804.127,1807.045,1802.902,1804.171,11152.0,200.0,0.0,0.0,0,0,1,bullish,5,doji,0,0,1,0,0,1,1,1,0,1,3,4,1,4,6.43514285714288,0,1,1,1,A
2022-01-04 08:00:00,1805.743,1808.535,1801.898,1804.009,13070.0,200.0,0.0,0.0,0,0,1,bullish,2,bearish_engulfing,0,0,1,0,0,1,1,1,0,1,3,4,1,4,6.714571428571454,8,1,1,1,A
2022-01-04 12:00:00,1803.979,1816.68,1798.452,1814.542,27505.0,200.0,0.0,0.0,0,0,1,bullish,1,bullish_engulfing,0,0,1,0,0,1,1,1,0,1,3,4,1,4,7.76571428571432,12,1,1,1,A
2022-01-04 16:00:00,1814.568,1815.537,1811.62,1814.498,12829.0,200.0,0.0,0.0,0,0,1,bullish,5,doji,0,0,1,0,0,1,1,1,0,1,3,4,1,4,7.6775714285714685,16,1,1,1,A
2022-01-05 08:00:00,1813.436,1820.697,1813.313,1818.646,11318.0,200.0,0.0,0.0,0,0,1,bullish,7,morning_star,0,0,1,0,0,1,0,1,0,1,2,3,1,3,6.99471428571433,8,2,1,1,A
2022-01-05 12:00:00,1818.618,1829.591,1814.719,1823.269,23384.0,200.0,1829.591,0.0,0,0,1,bullish,0,none,1,0,0,0,0,1,1,1,0,1,3,4,1,4,7.6944285714286025,12,2,1,1,A
2022-01-05 16:00:00,1823.237,1825.576,1812.416,1812.87,19502.0,200.0,0.0,0.0,0,0,1,bullish,8,evening_star,0,0,1,0,0,1,1,1,0,1,3,4,1,4,8.198642857142886,16,2,1,1,A
2022-01-06 04:00:00,1806.972,1807.484,1799.079,1800.908,13957.0,200.0,0.0,0.0,0,0,1,bullish,0,none,0,0,0,1,1,1,1,1,0,1,4,5,1,5,7.315000000000022,4,3,1,1,A
2022-01-06 16:00:00,1790.632,1793.454,1786.332,1787.967,14659.0,200.0,0.0,0.0,0,0,1,bullish,0,none,0,0,0,1,0,0,0,1,0,1,1,2,1,2,8.673428571428563,16,3,1,1,A
2022-01-07 16:00:00,1789.186,1798.604,1789.186,1796.694,15908.0,200.0,0.0,0.0,0,0,0,bullish,7,morning_star,0,0,1,0,0,1,1,1,0,1,3,4,1,4,8.793214285714255,16,4,1,1,A
2022-01-10 16:00:00,1793.363,1801.623,1793.211,1800.849,14056.0,200.0,0.0,0.0,0,0,0,bullish,1,bullish_engulfing,0,0,1,0,1,1,0,1,0,1,3,4,1,4,6.694785714285688,16,0,1,1,A
2022-01-11 04:00:00,1805.941,1809.775,1805.529,1809.199,10430.0,200.0,0.0,0.0,0,0,0,bullish,0,none,0,0,0,1,0,0,0,1,0,1,1,2,1,2,6.649428571428563,4,1,1,1,A
2022-01-11 16:00:00,1811.271,1821.111,1809.841,1820.81,16918.0,200.0,0.0,0.0,0,0,0,bullish,0,none,0,0,0,1,0,0,1,1,0,1,2,3,1,3,6.840071428571442,16,1,1,1,A
2022-01-11 20:00:00,1820.767,1823.249,1820.048,1820.722,6615.0,200.0,0.0,0.0,0,0,0,bullish,5,doji,0,0,1,1,0,0,0,0,0,2,0,2,2,2,6.393571428571444,20,1,1,1,A
2022-01-12 08:00:00,1817.22,1818.457,1814.465,1817.166,10436.0,200.0,0.0,0.0,0,0,0,bullish,5,doji,0,0,1,0,0,0,0,1,0,1,1,2,1,2,6.654928571428643,8,2,1,1,A
2022-01-12 16:00:00,1823.718,1827.977,1820.099,1827.904,13170.0,200.0,0.0,0.0,0,0,0,bullish,0,none,0,0,0,1,0,0,1,1,0,1,2,3,1,3,6.802500000000074,16,2,1,1,A
2022-01-13 08:00:00,1826.595,1827.517,1819.0,1823.59,12174.0,200.0,0.0,0.0,0,0,0,bullish,8,evening_star,0,0,1,0,0,0,0,1,0,1,1,2,1,2,6.044571428571479,8,3,1,1,A
2022-01-13 16:00:00,1814.586,1821.917,1812.206,1820.959,13287.0,200.0,0.0,1812.206,0,0,0,bullish,0,none,1,0,0,0,0,0,1,1,0,1,2,3,1,3,6.854785714285754,16,3,1,1,A
2022-01-17 00:00:00,1816.377,1819.422,1813.109,1818.793,9598.0,200.0,0.0,0.0,0,0,0,bullish,1,bullish_engulfing,0,0,1,0,0,1,0,0,0,1,1,2,1,2,6.101642857142873,0,0,1,1,A
2022-01-17 16:00:00,1818.808,1819.95,1817.787,1818.267,3252.0,200.0,0.0,0.0,0,0,0,bullish,6,shooting_star,0,0,1,0,0,1,0,0,0,1,1,2,1,2,5.1052142857143314,16,0,1,1,A
2022-01-18 00:00:00,1818.985,1822.726,1815.062,1816.281,10674.0,200.0,0.0,0.0,0,0,0,bullish,8,evening_star,0,0,1,0,0,1,1,1,1,1,4,5,1,5,4.875500000000053,0,1,1,1,A
2022-01-18 04:00:00,1816.279,1818.207,1812.831,1816.185,13687.0,200.0,0.0,0.0,0,0,0,bullish,5,doji,0,0,1,0,0,1,1,1,1,1,4,5,1,5,4.713357142857197,4,1,1,1,A
2022-01-18 20:00:00,1813.958,1815.264,1813.07,1814.21,6378.0,200.0,0.0,0.0,0,0,0,bullish,5,doji,0,0,1,0,0,1,0,0,1,1,2,3,1,3,5.224500000000067,20,1,1,1,A
2022-01-19 00:00:00,1814.231,1814.428,1810.075,1811.708,9798.0,200.0,0.0,0.0,0,0,0,bullish,2,bearish_engulfing,0,0,1,0,0,1,0,0,1,1,2,3,1,3,5.358285714285785,0,2,1,1,A
2022-01-19 08:00:00,1811.442,1819.859,1811.314,1817.323,12941.0,200.0,0.0,0.0,0,0,0,bullish,1,bullish_engulfing,0,0,1,0,0,1,1,1,1,1,4,5,1,5,5.654000000000061,8,2,1,1,A
2022-01-19 12:00:00,1817.326,1838.527,1816.685,1838.255,25830.0,200.0,0.0,0.0,0,0,0,bullish,0,none,0,0,0,1,0,1,1,1,0,1,3,4,1,4,6.922642857142932,12,2,1,1,A
2022-01-19 16:00:00,1838.287,1843.218,1837.07,1842.725,17486.0,200.0,0.0,0.0,0,0,0,bullish,0,none,0,0,0,1,0,0,1,1,0,1,2,3,1,3,7.116428571428644,16,2,1,1,A
2022-01-20 00:00:00,1838.496,1843.936,1837.942,1839.572,12362.0,200.0,0.0,0.0,0,0,0,bullish,4,inverted_hammer,0,0,1,0,0,0,1,1,0,1,2,3,1,3,7.469642857142909,0,3,1,1,A
2022-01-21 04:00:00,1840.759,1842.732,1836.549,1837.999,10779.0,200.0,0.0,0.0,0,0,1,bullish,2,bearish_engulfing,0,0,1,0,0,1,0,0,0,1,1,2,1,2,7.1516428571428445,4,4,1,1,A
2022-01-21 08:00:00,1837.964,1838.976,1828.126,1831.803,14824.0,200.0,0.0,1828.126,0,0,1,bullish,0,none,1,0,0,0,0,1,1,1,0,1,3,4,1,4,7.615714285714278,8,4,1,1,A
2022-01-21 12:00:00,1831.807,1843.095,1831.104,1834.523,25836.0,200.0,0.0,0.0,0,0,1,bullish,4,inverted_hammer,0,0,1,0,0,1,1,1,0,1,3,4,1,4,8.17721428571427,12,4,1,1,A
2022-01-21 16:00:00,1834.555,1835.091,1830.136,1831.54,15327.0,200.0,0.0,0.0,0,0,1,bullish,2,bearish_engulfing,0,0,1,0,0,1,1,1,0,1,3,4,1,4,7.920785714285704,16,4,1,1,A
2022-01-21 20:00:00,1831.51,1835.008,1828.483,1834.664,5892.0,200.0,0.0,0.0,0,0,1,bullish,1,bullish_engulfing,0,0,1,0,0,1,0,0,0,1,1,2,1,2,6.826714285714274,20,4,1,1,A
2022-01-24 16:00:00,1834.451,1843.022,1832.511,1838.704,18885.0,200.0,0.0,0.0,0,0,1,bullish,7,morning_star,0,0,1,0,0,1,1,1,0,1,3,4,1,4,7.232285714285711,16,0,1,1,A
2022-01-25 12:00:00,1837.599,1852.794,1837.527,1846.895,27938.0,200.0,0.0,0.0,0,0,1,bullish,1,bullish_engulfing,0,0,1,0,0,1,1,1,0,1,3,4,1,4,7.4240714285714215,12,1,1,1,A
2022-01-26 08:00:00,1843.911,1847.657,1842.532,1843.001,11688.0,200.0,0.0,0.0,0,0,1,bullish,6,shooting_star,0,0,1,0,0,1,0,1,0,1,2,3,1,3,7.026214285714283,8,2,1,1,A
2022-01-26 20:00:00,1819.405,1822.078,1814.84,1821.928,19321.0,200.0,0.0,0.0,0,0,1,bullish,3,hammer,0,0,1,0,0,0,1,1,0,1,2,3,1,3,8.41235714285717,20,2,1,1,A
2022-01-27 00:00:00,1821.924,1821.949,1812.693,1815.907,15386.0,200.0,0.0,0.0,0,0,1,bullish,8,evening_star,0,0,1,0,0,0,1,1,0,1,2,3,1,3,8.322714285714321,0,3,1,1,A
2022-01-27 04:00:00,1815.876,1816.508,1809.849,1810.902,15416.0,200.0,0.0,0.0,0,0,1,bullish,0,none,0,0,0,1,0,0,0,1,0,1,1,2,1,2,8.339714285714324,4,3,1,1,A
2022-01-27 08:00:00,1810.871,1816.835,1807.24,1811.377,16452.0,200.0,0.0,0.0,0,0,1,bullish,5,doji,0,0,1,0,0,0,1,1,0,1,2,3,1,3,8.728928571428614,8,3,1,1,A
2022-01-27 16:00:00,1796.398,1798.359,1791.677,1792.901,20081.0,200.0,0.0,0.0,0,0,1,bullish,0,none,0,0,0,1,0,0,1,1,0,1,2,3,1,3,9.697785714285763,16,3,1,1,A
2022-01-28 12:00:00,1785.57,1792.755,1780.453,1782.833,35787.0,200.0,0.0,0.0,0,0,0,bullish,6,shooting_star,0,0,1,0,0,0,1,1,0,1,2,3,1,3,10.0936428571429,12,4,1,1,A
2022-01-28 16:00:00,1782.803,1788.304,1781.868,1786.902,17572.0,200.0,0.0,0.0,0,0,0,bullish,1,bullish_engulfing,0,0,1,0,0,0,0,1,0,1,1,2,1,2,10.187285714285768,16,4,1,1,A
2022-02-01 04:00:00,1796.587,1804.362,1796.288,1803.981,10408.0,200.0,0.0,0.0,0,0,0,bullish,1,bullish_engulfing,0,0,1,0,0,0,0,1,0,1,1,2,1,2,6.551785714285724,4,1,0,0,A
2022-02-02 08:00:00,1796.721,1803.598,1796.377,1802.784,12377.0,200.0,0.0,0.0,0,0,0,bullish,7,morning_star,0,0,1,0,0,0,0,1,0,1,1,2,1,2,6.188714285714257,8,2,0,0,A
2022-02-02 12:00:00,1802.799,1810.423,1800.506,1808.522,26345.0,200.0,0.0,0.0,0,0,0,bullish,0,none,0,0,0,1,0,0,1,1,0,1,2,3,1,3,6.616071428571396,12,2,0,0,A
2022-02-02 20:00:00,1807.422,1808.207,1805.081,1807.83,5704.0,200.0,0.0,0.0,0,0,0,bullish,3,hammer,0,0,1,0,0,1,0,0,0,1,1,2,1,2,5.89814285714283,20,2,0,0,A
2022-02-03 00:00:00,1807.797,1807.827,1805.936,1807.053,3039.0,200.0,0.0,0.0,0,0,0,bullish,8,evening_star,0,0,1,0,0,1,0,0,0,1,1,2,1,2,5.675714285714272,0,3,0,0,A
2022-02-03 08:00:00,1804.499,1806.04,1802.21,1804.241,10457.0,200.0,0.0,0.0,0,0,0,bullish,5,doji,0,0,1,0,0,1,0,1,0,1,2,3,1,3,5.73857142857139,8,3,0,0,A
2022-02-03 16:00:00,1803.054,1807.605,1801.049,1805.049,16859.0,200.0,0.0,0.0,0,0,0,bullish,7,morning_star,0,0,1,0,0,1,1,1,0,1,3,4,1,4,6.350285714285682,16,3,0,0,A
2022-02-04 04:00:00,1806.48,1809.033,1805.77,1807.279,9645.0,200.0,0.0,0.0,0,0,0,bullish,4,inverted_hammer,0,0,1,0,0,1,0,1,0,1,2,3,1,3,5.200999999999957,4,4,0,0,A
2022-02-04 12:00:00,1810.98,1814.862,1792.076,1803.835,42974.0,200.0,0.0,0.0,0,0,0,bullish,2,bearish_engulfing,0,0,1,0,0,1,1,1,0,1,3,4,1,4,6.777999999999987,12,4,0,0,A
2022-02-07 12:00:00,1813.553,1816.964,1811.635,1815.841,21092.0,200.0,0.0,0.0,0,0,0,bullish,0,none,0,0,0,1,0,1,1,1,0,1,3,4,1,4,6.644214285714286,12,0,0,0,A
2022-02-07 16:00:00,1815.874,1823.503,1814.243,1822.251,13459.0,200.0,0.0,0.0,0,0,0,bullish,0,none,0,0,0,1,0,0,1,1,0,1,2,3,1,3,6.124571428571422,16,0,0,0,A
2022-02-08 00:00:00,1821.979,1823.238,1820.223,1821.836,9083.0,200.0,0.0,0.0,0,0,0,bullish,5,doji,0,0,1,1,0,0,0,0,0,2,0,2,2,2,5.907428571428568,0,1,0,0,A
2022-02-08 08:00:00,1817.25,1820.976,1817.135,1818.046,11924.0,200.0,0.0,0.0,0,0,0,bullish,4,inverted_hammer,0,0,1,0,0,0,0,1,0,1,1,2,1,2,6.285285714285741,8,1,0,0,A
2022-02-08 16:00:00,1824.494,1828.737,1824.333,1826.886,10831.0,200.0,0.0,0.0,0,0,0,bullish,0,none,0,0,0,1,0,0,0,1,0,1,1,2,1,2,5.1818571428571625,16,1,1,1,A
2022-02-09 00:00:00,1825.52,1828.653,1825.342,1828.038,5822.0,200.0,0.0,0.0,0,0,0,bullish,1,bullish_engulfing,0,0,1,1,0,0,0,0,0,2,0,2,2,2,5.028714285714273,0,2,1,1,A
2022-02-09 16:00:00,1828.358,1835.783,1828.265,1833.269,12977.0,200.0,0.0,0.0,0,0,0,bullish,0,none,0,0,0,1,0,0,1,1,0,1,2,3,1,3,5.2507142857142854,16,2,1,1,A
2022-02-10 00:00:00,1832.543,1834.712,1831.505,1834.05,8075.0,200.0,0.0,0.0,0,0,0,bullish,7,morning_star,0,0,1,1,0,0,0,0,0,2,0,2,2,2,4.602928571428573,0,3,1,1,A
2022-02-10 16:00:00,1835.53,1841.879,1828.761,1829.669,27057.0,200.0,0.0,0.0,0,0,0,bullish,8,evening_star,0,0,1,0,0,0,1,1,0,1,2,3,1,3,6.251714285714262,16,3,1,1,A
2022-02-14 12:00:00,1856.38,1870.891,1851.234,1868.168,34137.0,200.0,0.0,0.0,0,0,0,bullish,0,none,0,0,0,1,0,0,1,1,0,1,2,3,1,3,10.152714285714328,12,0,1,1,A
2022-02-14 16:00:00,1868.143,1874.102,1860.037,1868.033,24906.0,200.0,0.0,0.0,0,0,0,bullish,5,doji,0,0,1,0,0,0,1,1,0,1,2,3,1,3,9.799000000000044,16,0,1,1,A
2022-02-15 12:00:00,1852.468,1857.119,1844.081,1847.88,32597.0,200.0,0.0,1844.081,0,0,1,bullish,0,none,1,0,0,0,0,1,1,1,0,1,3,4,1,4,11.88914285714288,12,1,1,1,A
2022-02-16 04:00:00,1852.702,1856.753,1852.206,1855.178,9810.0,200.0,0.0,0.0,0,0,1,bullish,7,morning_star,0,0,1,0,0,1,0,0,0,1,1,2,1,2,9.506428571428566,4,2,1,1,A
2022-02-16 08:00:00,1855.148,1859.565,1853.96,1856.399,11705.0,200.0,0.0,0.0,0,0,1,bullish,4,inverted_hammer,0,0,1,0,0,1,0,1,0,1,2,3,1,3,9.363785714285703,8,2,1,1,A
2022-02-16 20:00:00,1870.413,1872.512,1867.379,1869.906,8679.0,200.0,0.0,0.0,0,0,1,bullish,5,doji,0,0,1,0,0,1,0,0,0,1,1,2,1,2,9.268071428571423,20,2,1,1,A
2022-02-17 00:00:00,1869.938,1874.653,1867.772,1874.515,12243.0,200.0,0.0,0.0,0,0,1,bullish,7,morning_star,0,0,1,0,0,1,0,1,0,1,2,3,1,3,8.754928571428568,0,3,1,1,A
2022-02-17 04:00:00,1874.547,1877.138,1870.255,1876.097,19906.0,200.0,0.0,0.0,0,0,1,bullish,3,hammer,0,0,1,0,0,1,1,1,0,1,3,4,1,4,8.855214285714267,4,3,1,1,A
2022-02-17 12:00:00,1883.593,1897.438,1882.752,1895.307,34395.0,200.0,0.0,0.0,0,0,1,bullish,0,none,0,0,0,1,0,0,1,1,0,1,2,3,1,3,10.26485714285715,12,3,1,1,A
2022-02-17 16:00:00,1895.337,1900.989,1893.058,1899.854,19164.0,200.0,0.0,0.0,0,0,1,bullish,0,none,0,0,0,1,1,0,1,0,0,1,2,3,1,3,8.874928571428589,16,3,1,1,A
2022-02-17 20:00:00,1899.888,1900.234,1897.275,1899.944,7369.0,200.0,0.0,0.0,0,0,1,bullish,0,none,0,0,0,1,1,0,0,0,0,1,1,2,1,2,8.155000000000005,20,3,1,1,A
2022-02-18 08:00:00,1891.65,1895.788,1886.288,1891.165,15176.0,200.0,0.0,0.0,0,0,1,bullish,5,doji,0,0,1,0,0,0,0,1,0,1,1,2,1,2,8.844500000000007,8,4,1,1,A
2022-02-21 00:00:00,1904.861,1908.222,1891.47,1896.819,18238.0,200.0,0.0,0.0,0,0,1,bullish,8,evening_star,0,0,1,0,0,0,1,1,0,1,2,3,1,3,9.492571428571377,0,0,1,1,A
2022-02-22 12:00:00,1893.798,1907.09,1893.725,1897.845,29919.0,200.0,0.0,0.0,0,0,1,bullish,4,inverted_hammer,0,0,1,0,0,0,1,1,1,1,3,4,1,4,9.962499999999961,12,1,1,1,A
2022-02-23 04:00:00,1899.737,1899.797,1893.243,1894.815,11300.0,200.0,0.0,0.0,0,0,1,bullish,2,bearish_engulfing,0,0,1,0,0,0,0,0,1,1,1,2,1,2,9.325214285714294,4,2,1,1,A
2022-02-23 12:00:00,1894.715,1908.343,1893.519,1907.422,24559.0,200.0,0.0,0.0,0,0,1,bullish,1,bullish_engulfing,0,0,1,0,0,1,1,1,1,1,4,5,1,5,9.103071428571443,12,2,1,1,A
2022-02-23 16:00:00,1907.428,1910.458,1905.45,1907.072,16268.0,200.0,0.0,0.0,0,0,1,bullish,5,doji,0,0,1,0,0,1,1,1,1,1,4,5,1,5,8.936571428571451,16,2,1,1,A
2022-02-23 20:00:00,1907.103,1911.524,1904.583,1910.758,8799.0,200.0,0.0,0.0,0,0,1,bullish,7,morning_star,0,0,1,0,0,1,0,0,0,1,1,2,1,2,9.063928571428571,20,2,1,1,A
2022-02-24 00:00:00,1910.754,1930.968,1910.075,1929.177,25445.0,200.0,0.0,0.0,0,0,1,bullish,0,none,0,0,0,1,0,0,1,1,0,1,2,3,1,3,9.857142857142858,0,3,1,1,A
2022-02-24 12:00:00,1961.514,1966.938,1913.204,1928.779,70310.0,200.0,0.0,0.0,0,0,1,bullish,2,bearish_engulfing,0,0,1,0,0,1,1,1,0,1,3,4,1,4,15.830142857142878,12,3,1,1,A
2022-02-25 04:00:00,1914.171,1921.285,1910.87,1913.226,18439.0,200.0,0.0,0.0,0,0,0,bullish,5,doji,0,0,1,0,0,1,0,0,0,1,1,2,1,2,20.57878571428575,4,4,1,1,A
2022-02-27 20:00:00,1921.032,1927.297,1904.329,1910.211,13881.0,200.0,1927.297,0.0,0,0,0,bullish,0,none,1,0,0,0,0,1,0,0,0,1,1,2,1,2,24.96871428571431,20,6,1,1,A
2022-02-28 12:00:00,1905.601,1918.049,1904.336,1908.241,32405.0,200.0,0.0,0.0,0,0,0,bullish,4,inverted_hammer,0,0,1,0,0,1,1,1,0,1,3,4,1,4,23.414000000000037,12,0,1,1,A
2022-02-28 16:00:00,1908.21,1908.343,1890.826,1900.078,24191.0,200.0,0.0,0.0,0,0,0,bullish,8,evening_star,0,0,1,0,1,1,0,1,0,1,3,4,1,4,20.827071428571458,16,0,1,1,A
2022-03-01 00:00:00,1906.236,1907.804,1901.367,1905.654,9315.0,200.0,0.0,0.0,0,0,0,bullish,5,doji,0,0,1,0,0,1,0,0,0,1,1,2,1,2,15.795857142857178,0,1,1,1,A
2022-03-01 04:00:00,1905.623,1908.736,1904.588,1907.702,12258.0,200.0,0.0,0.0,0,0,0,bullish,1,bullish_engulfing,0,0,1,0,0,1,0,0,0,1,1,2,1,2,14.866857142857189,4,1,1,1,A
2022-03-02 04:00:00,1935.747,1947.856,1931.605,1944.728,21811.0,200.0,0.0,0.0,0,0,1,bullish,1,bullish_engulfing,0,0,1,0,0,0,0,1,0,1,1,2,1,2,13.976071428571458,4,2,1,1,A
2022-03-02 08:00:00,1944.744,1944.744,1913.468,1929.289,33046.0,200.0,0.0,0.0,0,0,1,bullish,2,bearish_engulfing,0,0,1,0,0,0,1,1,0,1,2,3,1,3,15.151785714285731,8,2,1,1,A
2022-03-03 08:00:00,1932.097,1938.651,1923.519,1932.426,21125.0,200.0,0.0,0.0,0,0,1,bullish,5,doji,0,0,1,0,0,0,0,1,0,1,1,2,1,2,14.18800000000002,8,3,1,1,A
2022-03-03 16:00:00,1926.226,1935.694,1923.018,1935.256,25424.0,200.0,0.0,0.0,0,0,1,bullish,1,bullish_engulfing,0,0,1,0,0,0,1,1,0,1,2,3,1,3,14.336285714285737,16,3,1,1,A
2022-03-04 08:00:00,1936.163,1949.008,1933.96,1946.384,21755.0,200.0,0.0,0.0,0,0,1,bullish,7,morning_star,0,0,1,0,0,0,0,1,0,1,1,2,1,2,13.43535714285716,8,4,1,1,A
2022-03-04 12:00:00,1946.354,1959.367,1939.835,1957.928,42642.0,200.0,0.0,0.0,0,0,1,bullish,0,none,0,0,0,1,0,0,1,1,0,1,2,3,1,3,13.669714285714301,12,4,1,1,A
2022-03-04 16:00:00,1957.958,1969.946,1956.684,1967.101,26501.0,200.0,0.0,0.0,0,0,1,bullish,0,none,0,0,0,1,0,0,1,1,0,1,2,3,1,3,12.383000000000022,16,4,1,1,A
2022-03-07 04:00:00,1989.952,1993.196,1975.882,1992.957,26848.0,200.0,0.0,0.0,0,0,1,bullish,3,hammer,0,0,1,0,0,0,1,1,0,1,2,3,1,3,13.672928571428574,4,0,1,1,A
2022-03-07 16:00:00,1980.886,1997.314,1974.719,1995.967,39053.0,200.0,0.0,0.0,0,0,1,bullish,7,morning_star,0,0,1,0,0,0,1,1,0,1,2,3,1,3,15.965642857142825,16,0,1,1,A
2022-03-08 04:00:00,1985.938,2020.965,1985.532,2016.123,31899.0,200.0,0.0,0.0,0,0,1,bullish,1,bullish_engulfing,0,0,1,0,0,0,1,1,0,1,2,3,1,3,17.509428571428543,4,1,1,1,A
2022-03-10 00:00:00,1989.862,1989.975,1970.412,1976.396,15700.0,200.0,0.0,1970.412,0,0,1,bullish,8,evening_star,1,0,1,0,0,0,0,0,0,2,0,2,2,2,29.45457142857143,0,3,1,1,A
2022-03-10 16:00:00,1995.189,2005.99,1990.136,1996.217,35509.0,200.0,0.0,0.0,0,0,1,bullish,5,doji,0,0,1,0,0,1,0,1,0,1,2,3,1,3,30.050785714285716,16,3,1,1,A
2022-03-11 08:00:00,1991.554,1994.983,1969.278,1979.571,28640.0,200.0,0.0,0.0,0,0,1,bullish,2,bearish_engulfing,0,0,1,0,0,0,0,1,0,1,1,2,1,2,22.63464285714284,8,4,1,1,A
2022-03-14 16:00:00,1954.638,1961.861,1950.622,1952.6,22973.0,200.0,0.0,0.0,0,0,1,bullish,6,shooting_star,0,0,1,0,0,0,0,1,0,1,1,2,1,2,13.994571428571428,16,0,1,1,A
2022-03-14 20:00:00,1952.631,1954.617,1950.197,1952.184,6612.0,200.0,0.0,0.0,0,0,1,bullish,5,doji,0,0,1,1,0,0,0,0,0,2,0,2,2,2,13.177857142857144,20,0,1,1,A
2022-03-15 00:00:00,1952.176,1952.208,1939.371,1942.142,18436.0,200.0,0.0,0.0,0,0,1,bullish,0,none,0,0,0,1,0,0,0,1,0,1,1,2,1,2,13.42135714285715,0,1,1,1,A
2022-03-17 00:00:00,1927.03,1938.148,1925.557,1936.342,17380.0,200.0,0.0,0.0,0,0,0,bullish,1,bullish_engulfing,0,0,1,0,0,0,0,1,0,1,1,2,1,2,14.354285714285718,0,3,1,1,A
2022-03-17 08:00:00,1935.503,1946.843,1934.724,1943.219,20860.0,200.0,0.0,0.0,0,0,0,bullish,1,bullish_engulfing,0,0,1,0,0,0,0,1,0,1,1,2,1,2,14.521357142857157,8,3,1,1,A
2022-03-17 12:00:00,1943.179,1949.689,1935.477,1948.238,37580.0,200.0,1949.689,0.0,0,0,0,bullish,0,none,1,0,0,0,0,0,1,1,0,1,2,3,1,3,14.276571428571433,12,3,1,1,A
2022-03-18 00:00:00,1943.915,1945.34,1931.652,1935.213,14495.0,200.0,0.0,0.0,0,0,0,bullish,8,evening_star,0,0,1,0,0,1,0,0,0,1,1,2,1,2,13.056928571428573,0,4,1,1,A
2022-03-18 08:00:00,1934.331,1940.667,1928.932,1939.93,18804.0,200.0,0.0,0.0,0,0,0,bullish,1,bullish_engulfing,0,0,1,0,0,1,0,1,0,1,2,3,1,3,13.32778571428571,8,4,1,1,A
2022-03-18 12:00:00,1939.953,1940.83,1921.309,1932.378,38515.0,200.0,0.0,0.0,0,0,0,bullish,2,bearish_engulfing,0,0,1,0,0,1,1,1,0,1,3,4,1,4,14.176642857142838,12,4,1,1,A
2022-03-20 20:00:00,1925.067,1926.334,1918.261,1918.985,4776.0,200.0,0.0,0.0,0,0,0,bullish,2,bearish_engulfing,0,0,1,0,0,1,0,0,0,1,1,2,1,2,10.933571428571424,20,6,1,1,A
2022-03-21 08:00:00,1925.033,1928.659,1922.519,1925.325,14959.0,200.0,0.0,0.0,0,0,0,bullish,5,doji,0,0,1,0,0,1,0,1,0,1,2,3,1,3,10.56921428571429,8,0,1,1,A
2022-03-22 12:00:00,1927.662,1930.671,1910.378,1917.897,35243.0,200.0,0.0,1910.378,0,0,0,bullish,0,none,1,0,0,0,0,1,1,1,0,1,3,4,1,4,10.862071428571426,12,1,1,1,A
2022-03-23 00:00:00,1919.663,1924.364,1915.575,1921.822,12689.0,200.0,0.0,0.0,0,0,0,bullish,1,bullish_engulfing,0,0,1,0,0,1,0,0,0,1,1,2,1,2,9.477357142857143,0,2,1,1,A
2022-03-23 12:00:00,1930.644,1936.657,1924.881,1929.4,26589.0,200.0,0.0,0.0,0,0,0,bullish,5,doji,0,0,1,0,0,1,1,1,0,1,3,4,1,4,9.990499999999981,12,2,1,1,A
2022-03-23 16:00:00,1929.404,1948.31,1927.726,1946.688,19357.0,200.0,0.0,0.0,0,0,0,bullish,0,none,0,0,0,1,0,1,1,1,0,1,3,4,1,4,11.022214285714247,16,2,1,1,A
2022-03-23 20:00:00,1946.72,1947.385,1943.832,1946.106,5817.0,200.0,0.0,0.0,0,0,0,bullish,0,none,0,0,0,1,0,1,0,0,0,1,1,2,1,2,9.874999999999952,20,2,1,1,A
2022-03-24 08:00:00,1943.883,1956.693,1937.879,1956.388,20274.0,200.0,0.0,0.0,0,0,0,bullish,0,none,0,0,0,1,0,0,1,1,0,1,2,3,1,3,10.536357142857128,8,3,1,1,A
2022-03-25 00:00:00,1959.236,1964.253,1957.76,1960.882,12685.0,200.0,0.0,0.0,0,0,1,bullish,4,inverted_hammer,0,0,1,0,0,1,0,0,0,1,1,2,1,2,10.31535714285714,0,4,1,1,A
2022-03-25 04:00:00,1960.867,1962.395,1953.164,1954.77,12108.0,200.0,0.0,0.0,0,0,1,bullish,8,evening_star,0,0,1,0,0,1,0,0,0,1,1,2,1,2,10.776999999999996,4,4,1,1,A
2022-03-25 12:00:00,1953.193,1961.617,1943.079,1957.14,37512.0,200.0,0.0,0.0,0,0,1,bullish,1,bullish_engulfing,0,0,1,0,0,1,1,1,0,1,3,4,1,4,11.828928571428573,12,4,1,1,A
2022-03-25 20:00:00,1954.432,1958.481,1953.892,1958.243,1816.0,200.0,0.0,0.0,0,0,1,bullish,7,morning_star,0,0,1,0,0,1,0,0,0,1,1,2,1,2,10.829428571428577,20,4,1,1,A
2022-03-28 00:00:00,1957.203,1958.405,1941.909,1944.528,19566.0,200.0,0.0,0.0,0,0,1,bullish,8,evening_star,0,0,1,0,0,0,1,1,0,1,2,3,1,3,10.530500000000009,0,0,1,1,A
2022-03-28 12:00:00,1929.98,1945.322,1929.449,1936.7,38192.0,200.0,0.0,0.0,0,0,1,bullish,1,bullish_engulfing,0,0,1,0,0,0,1,1,0,1,2,3,1,3,10.766857142857118,12,0,1,1,A
2022-03-29 04:00:00,1925.173,1925.173,1918.591,1919.246,16233.0,200.0,0.0,0.0,0,0,1,bullish,8,evening_star,0,0,1,1,0,0,0,0,0,2,0,2,2,2,10.943999999999992,4,1,1,1,A
2022-03-30 08:00:00,1920.884,1925.534,1916.952,1923.786,19625.0,200.0,0.0,0.0,0,0,0,bullish,1,bullish_engulfing,0,0,1,0,0,0,0,1,0,1,1,2,1,2,11.979928571428625,8,2,1,1,A
2022-03-31 16:00:00,1944.344,1949.703,1934.942,1936.619,18848.0,200.0,1949.703,0.0,0,0,0,bullish,0,none,1,0,0,0,0,1,0,1,0,1,2,3,1,3,11.410714285714318,16,3,1,1,A
2022-03-31 20:00:00,1936.582,1937.893,1934.757,1936.702,6491.0,200.0,0.0,0.0,0,0,0,bullish,5,doji,0,0,1,0,0,1,0,0,0,1,1,2,1,2,9.811428571428596,20,3,1,1,A
2022-04-01 00:00:00,1936.704,1938.585,1932.514,1938.199,13640.0,200.0,0.0,0.0,0,0,0,bullish,3,hammer,0,0,1,0,0,1,0,0,0,1,1,2,1,2,9.622928571428604,0,4,1,1,A
2022-04-01 04:00:00,1938.201,1939.493,1929.365,1930.67,15251.0,200.0,0.0,0.0,0,0,0,bullish,2,bearish_engulfing,0,0,1,0,0,1,0,0,0,1,1,2,1,2,9.979214285714306,4,4,1,1,A
2022-04-04 04:00:00,1918.973,1930.975,1915.28,1929.832,14640.0,200.0,0.0,1915.28,0,0,0,bullish,0,none,1,0,0,0,0,1,0,1,0,1,2,3,1,3,10.257571428571396,4,0,1,1,A
2022-04-04 08:00:00,1929.867,1933.024,1925.604,1929.185,15768.0,200.0,0.0,0.0,0,0,0,bullish,5,doji,0,0,1,0,0,1,0,1,0,1,2,3,1,3,9.737428571428527,8,0,1,1,A
2022-04-05 08:00:00,1927.564,1932.362,1925.434,1927.814,18778.0,200.0,0.0,0.0,0,0,0,bullish,5,doji,0,0,1,0,0,1,1,1,0,1,3,4,1,4,8.235714285714234,8,1,1,1,A
2022-04-05 16:00:00,1920.453,1925.629,1917.767,1920.454,20091.0,200.0,0.0,0.0,0,0,0,bullish,5,doji,0,0,1,0,0,1,1,1,0,1,3,4,1,4,8.703857142857098,16,1,1,1,A
2022-04-06 08:00:00,1921.828,1933.332,1918.206,1921.496,23367.0,200.0,0.0,0.0,0,0,0,bullish,5,doji,0,0,1,0,0,1,1,1,0,1,3,4,1,4,9.66821428571427,8,2,1,1,A
2022-04-06 12:00:00,1921.465,1931.882,1919.439,1927.888,31098.0,200.0,0.0,0.0,0,0,0,bullish,1,bullish_engulfing,0,0,1,0,0,1,1,1,0,1,3,4,1,4,9.43592857142856,12,2,1,1,A
2022-04-07 00:00:00,1923.783,1927.282,1921.083,1922.271,14019.0,200.0,0.0,0.0,0,0,0,bullish,6,shooting_star,0,0,1,0,0,1,0,0,0,1,1,2,1,2,9.377285714285692,0,3,1,1,A
2022-04-07 04:00:00,1922.268,1927.945,1920.496,1925.48,14162.0,200.0,0.0,0.0,0,0,0,bullish,1,bullish_engulfing,0,0,1,0,0,1,0,0,0,1,1,2,1,2,9.698642857142838,4,3,1,1,A
2022-04-08 00:00:00,1932.968,1935.461,1928.642,1930.913,11728.0,200.0,0.0,0.0,0,0,0,bullish,2,bearish_engulfing,0,0,1,0,0,1,0,0,0,1,1,2,1,2,8.652071428571405,0,4,1,1,A
2022-04-08 20:00:00,1944.076,1947.868,1943.274,1947.868,1983.0,200.0,0.0,0.0,0,0,0,bullish,0,none,0,0,0,1,0,1,0,0,0,1,1,2,1,2,7.89385714285712,20,4,1,1,A
2022-04-11 04:00:00,1942.876,1946.85,1939.975,1945.716,15460.0,200.0,0.0,0.0,0,0,0,bullish,1,bullish_engulfing,0,0,1,0,0,0,0,1,0,1,1,2,1,2,7.669785714285695,4,0,1,1,A
2022-04-11 08:00:00,1945.735,1961.474,1945.223,1960.432,22062.0,200.0,0.0,0.0,0,0,0,bullish,0,none,0,0,0,1,0,0,1,1,0,1,2,3,1,3,8.29849999999999,8,0,1,1,A
2022-04-11 16:00:00,1951.317,1954.583,1940.555,1953.732,17281.0,200.0,0.0,0.0,0,0,0,bullish,3,hammer,0,0,1,0,0,0,1,1,0,1,2,3,1,3,9.48992857142855,16,0,1,1,A
2022-04-13 08:00:00,1971.201,1980.171,1970.007,1978.01,17375.0,200.0,0.0,0.0,0,0,0,bullish,0,none,0,0,0,1,0,0,1,1,0,1,2,3,1,3,11.160714285714237,8,2,1,1,A
2022-04-14 12:00:00,1977.112,1979.865,1960.42,1966.711,35927.0,200.0,0.0,1960.42,0,0,1,bullish,0,none,1,0,0,0,0,1,1,1,0,1,3,4,1,4,9.898642857142802,12,3,1,1,A
2022-04-17 20:00:00,1972.91,1987.767,1971.978,1986.463,7352.0,200.0,0.0,0.0,0,0,1,bullish,0,none,0,0,0,1,0,1,0,0,1,1,2,3,1,3,8.762928571428526,20,6,1,1,A
2022-04-19 00:00:00,1977.192,1978.839,1974.66,1978.64,13755.0,200.0,0.0,0.0,0,0,1,bullish,3,hammer,0,0,1,0,0,1,0,0,1,1,2,3,1,3,9.25828571428568,0,1,1,1,A
2022-04-19 04:00:00,1978.674,1980.709,1972.442,1977.893,15474.0,200.0,0.0,0.0,0,0,1,bullish,5,doji,0,0,1,0,0,1,0,1,1,1,3,4,1,4,9.364142857142822,4,1,1,1,A
2022-04-19 12:00:00,1980.068,1981.721,1950.152,1956.236,44107.0,200.0,0.0,0.0,0,0,1,bullish,2,bearish_engulfing,0,0,1,0,0,1,1,1,0,1,3,4,1,4,10.695499999999972,12,1,1,1,A
2022-04-20 04:00:00,1944.042,1946.654,1939.088,1943.764,17995.0,200.0,0.0,0.0,0,0,1,bullish,5,doji,0,0,1,0,0,0,1,1,0,1,2,3,1,3,9.891428571428557,4,2,1,1,A
2022-04-20 12:00:00,1952.119,1954.465,1943.664,1950.894,30865.0,200.0,0.0,0.0,0,0,1,bullish,5,doji,0,0,1,0,1,0,1,1,0,1,3,4,1,4,10.652214285714276,12,2,1,1,A
2022-04-21 04:00:00,1951.287,1953.988,1949.606,1949.745,14355.0,200.0,0.0,0.0,0,0,1,bullish,6,shooting_star,0,0,1,0,1,0,0,0,0,1,1,2,1,2,9.608142857142834,4,3,1,1,A
2022-04-21 20:00:00,1951.105,1952.754,1950.332,1950.897,5399.0,200.0,0.0,0.0,0,0,1,bullish,5,doji,0,0,1,0,1,0,0,0,0,1,1,2,1,2,9.136285714285691,20,3,1,1,A
2022-04-22 00:00:00,1950.864,1953.551,1945.691,1950.425,16442.0,200.0,0.0,0.0,0,0,1,bullish,5,doji,0,0,1,0,1,0,0,1,0,1,2,3,1,3,8.655357142857108,0,4,1,1,A
2022-04-22 08:00:00,1950.936,1951.445,1930.301,1935.385,24400.0,200.0,0.0,0.0,0,0,1,bullish,2,bearish_engulfing,0,0,1,0,0,0,1,1,0,1,2,3,1,3,9.720785714285691,8,4,1,1,A
2022-04-22 16:00:00,1938.952,1940.564,1931.683,1932.59,19471.0,200.0,0.0,0.0,0,0,1,bullish,2,bearish_engulfing,0,0,1,0,0,0,0,1,0,1,1,2,1,2,10.168428571428551,16,4,1,1,A
2022-04-25 08:00:00,1915.482,1921.124,1905.109,1907.547,23910.0,200.0,0.0,0.0,0,0,1,bullish,0,none,0,0,0,1,0,0,1,1,0,1,2,3,1,3,11.107142857142858,8,0,1,1,A
2022-04-25 16:00:00,1895.775,1902.518,1894.441,1897.881,22568.0,200.0,0.0,0.0,0,0,0,bullish,4,inverted_hammer,0,0,1,0,0,1,1,1,0,1,3,4,1,4,11.179857142857145,16,0,1,1,A
2022-04-26 12:00:00,1903.51,1910.939,1900.327,1901.67,35564.0,200.0,0.0,0.0,0,0,0,bullish,6,shooting_star,0,0,1,0,1,0,1,1,0,1,3,4,1,4,10.742071428571437,12,1,0,0,A
2022-04-26 16:00:00,1901.621,1905.101,1896.461,1901.054,18935.0,200.0,0.0,0.0,0,0,0,bullish,5,doji,0,0,1,0,1,0,0,0,0,1,1,2,1,2,9.934857142857156,16,1,0,0,A
2022-04-27 00:00:00,1906.543,1906.789,1896.73,1899.066,15522.0,200.0,0.0,0.0,0,0,0,bullish,2,bearish_engulfing,0,0,1,0,1,0,0,0,0,1,1,2,1,2,10.192928571428572,0,2,0,0,A
2022-04-27 08:00:00,1897.414,1901.33,1886.015,1900.399,23160.0,200.0,0.0,0.0,0,0,0,bullish,3,hammer,0,0,1,0,1,0,1,1,0,1,3,4,1,4,10.671357142857135,8,2,0,0,A
2022-04-27 16:00:00,1884.962,1891.474,1884.773,1886.453,18323.0,200.0,0.0,0.0,0,0,0,bullish,4,inverted_hammer,0,0,1,0,0,0,0,1,0,1,1,2,1,2,10.959857142857118,16,2,0,0,A
2022-04-28 08:00:00,1884.955,1891.751,1879.953,1886.191,23661.0,200.0,0.0,0.0,0,0,0,bullish,5,doji,0,0,1,0,0,0,1,1,0,1,2,3,1,3,11.039214285714252,8,3,0,0,A
2022-04-28 12:00:00,1886.154,1895.048,1881.884,1885.829,39971.0,200.0,0.0,0.0,0,0,0,bullish,5,doji,0,0,1,0,0,0,1,1,0,1,2,3,1,3,11.127999999999977,12,3,0,0,A
2022-04-29 04:00:00,1904.329,1917.783,1903.461,1917.257,19136.0,200.0,0.0,0.0,0,0,0,bullish,0,none,0,0,0,1,0,0,0,1,0,1,1,2,1,2,11.27378571428567,4,4,0,0,A
2022-04-29 20:00:00,1896.598,1897.748,1895.409,1896.72,3184.0,200.0,0.0,0.0,0,0,0,bullish,5,doji,0,0,1,0,0,1,0,0,0,1,1,2,1,2,10.211785714285693,20,4,0,0,A
2022-05-03 04:00:00,1862.59,1864.577,1853.476,1855.62,17890.0,200.0,0.0,0.0,0,0,0,bullish,0,none,0,0,0,1,0,0,0,1,0,1,1,2,1,2,10.38764285714285,4,1,0,0,A
2022-05-04 04:00:00,1864.712,1871.852,1861.438,1870.811,11852.0,200.0,0.0,0.0,0,0,0,bullish,1,bullish_engulfing,0,0,1,0,0,1,0,0,0,1,1,2,1,2,10.48100000000001,4,2,0,0,A
2022-05-04 12:00:00,1868.904,1870.877,1861.459,1868.566,25526.0,200.0,0.0,0.0,0,0,0,bullish,5,doji,0,0,1,0,0,1,1,1,0,1,3,4,1,4,10.156357142857132,12,2,0,0,A
2022-05-04 16:00:00,1868.596,1889.724,1861.72,1884.094,51317.0,200.0,0.0,0.0,0,0,0,bullish,7,morning_star,0,0,1,0,0,1,1,1,0,1,3,4,1,4,11.464499999999978,16,2,0,0,A
2022-05-05 00:00:00,1893.971,1903.337,1893.033,1901.238,18346.0,200.0,0.0,0.0,0,0,0,bullish,0,none,0,0,0,1,1,0,1,1,0,1,3,4,1,4,10.811928571428552,0,3,0,0,A
2022-05-05 12:00:00,1897.314,1909.551,1874.307,1875.037,47643.0,200.0,1909.551,0.0,0,0,0,bullish,0,none,1,0,0,0,0,1,1,1,0,1,3,4,1,4,13.311142857142856,12,3,0,0,A
2022-05-05 20:00:00,1877.972,1879.295,1874.048,1874.231,6433.0,200.0,0.0,0.0,0,0,0,bullish,2,bearish_engulfing,0,0,1,0,0,1,0,0,0,1,1,2,1,2,11.810214285714292,20,3,0,0,A
2022-05-06 04:00:00,1876.917,1877.883,1873.048,1874.032,15784.0,200.0,0.0,0.0,0,0,0,bullish,2,bearish_engulfing,0,0,1,0,0,1,0,0,0,1,1,2,1,2,12.19207142857145,4,4,0,0,A
2022-05-06 08:00:00,1874.063,1885.529,1873.12,1881.765,17871.0,200.0,0.0,0.0,0,0,0,bullish,7,morning_star,0,0,1,0,0,1,0,0,0,1,1,2,1,2,12.593214285714307,8,4,0,0,A
2022-05-10 12:00:00,1860.376,1864.522,1841.314,1844.298,34587.0,200.0,0.0,0.0,0,0,0,bullish,2,bearish_engulfing,0,0,1,0,0,0,1,1,0,1,2,3,1,3,10.807857142857156,12,1,0,0,A
2022-05-10 16:00:00,1844.258,1847.382,1835.392,1836.852,25194.0,200.0,0.0,0.0,0,0,0,bullish,0,none,0,0,0,1,0,0,1,1,0,1,2,3,1,3,10.35314285714287,16,1,0,0,A
2022-05-11 00:00:00,1833.614,1840.002,1832.015,1836.457,14938.0,200.0,0.0,1832.015,↓,0,0,bullish,0,none,1,1,0,0,0,0,0,0,0,2,0,2,2,2,10.565785714285719,0,2,0,0,A
2022-05-11 12:00:00,1850.285,1857.973,1834.797,1852.242,52734.0,200.0,0.0,0.0,0,0,0,bullish,5,doji,0,0,1,0,0,0,1,1,0,1,2,3,1,3,12.09999999999999,12,2,0,0,A
2022-05-11 16:00:00,1852.257,1856.439,1850.022,1853.024,23788.0,200.0,0.0,0.0,0,0,0,bullish,5,doji,0,0,1,0,0,0,1,1,0,1,2,3,1,3,11.396857142857145,16,2,0,0,A
2022-05-12 16:00:00,1835.543,1837.146,1821.446,1823.954,24539.0,200.0,0.0,0.0,0,0,0,bullish,0,none,0,0,0,1,0,0,1,1,0,1,2,3,1,3,12.079285714285707,16,3,0,0,A
2022-05-13 04:00:00,1824.873,1828.559,1821.12,1824.247,16525.0,200.0,0.0,0.0,0,0,0,bullish,5,doji,0,0,1,0,0,1,0,0,0,1,1,2,1,2,10.966428571428569,4,4,0,0,A
2022-05-13 16:00:00,1809.039,1813.028,1806.865,1809.714,17302.0,200.0,0.0,0.0,0,0,0,bullish,5,doji,0,0,1,0,0,0,0,1,0,1,1,2,1,2,11.627500000000023,16,4,0,0,A
2022-05-16 00:00:00,1813.19,1817.573,1809.54,1810.739,17093.0,200.0,0.0,0.0,0,0,0,bullish,6,shooting_star,0,0,1,0,0,0,0,1,0,1,1,2,1,2,10.29464285714289,0,0,0,0,A
2022-05-16 20:00:00,1826.283,1829.184,1822.097,1826.353,6244.0,200.0,0.0,0.0,0,0,0,bullish,5,doji,0,0,1,0,0,1,0,0,0,1,1,2,1,2,11.577285714285738,20,0,0,0,A
2022-05-17 00:00:00,1826.388,1828.897,1821.832,1822.632,14638.0,200.0,0.0,0.0,0,0,0,bullish,2,bearish_engulfing,0,0,1,0,0,1,0,0,0,1,1,2,1,2,11.122285714285729,0,1,0,0,A
2022-05-17 04:00:00,1822.631,1830.23,1822.617,1824.102,13503.0,200.0,0.0,0.0,0,0,0,bullish,4,inverted_hammer,0,0,1,0,0,1,0,0,0,1,1,2,1,2,11.226000000000015,4,1,0,0,A
2022-05-17 08:00:00,1824.071,1836.051,1823.696,1834.589,17830.0,200.0,1836.051,0.0,0,0,0,bullish,0,none,1,0,0,0,0,1,0,1,0,1,2,3,1,3,11.577142857142869,8,1,0,0,A
2022-05-17 12:00:00,1834.583,1835.872,1817.796,1818.715,30107.0,200.0,0.0,0.0,0,0,0,bullish,8,evening_star,0,0,1,0,0,1,1,1,0,1,3,4,1,4,11.87800000000001,12,1,0,0,A
2022-05-18 04:00:00,1808.465,1816.55,1807.889,1815.543,14220.0,200.0,0.0,0.0,0,0,0,bullish,1,bullish_engulfing,0,0,1,0,0,1,0,1,0,1,2,3,1,3,11.66778571428571,4,2,0,0,A
2022-05-18 12:00:00,1808.872,1824.673,1807.231,1823.412,28648.0,200.0,0.0,1807.231,0,0,0,bullish,0,none,1,0,0,0,0,1,1,1,0,1,3,4,1,4,11.49471428571428,12,2,0,0,A
2022-05-18 20:00:00,1816.106,1817.351,1815.364,1816.015,5736.0,200.0,0.0,0.0,0,0,0,bullish,5,doji,0,0,1,0,0,1,0,0,0,1,1,2,1,2,9.92242857142857,20,2,0,0,A
2022-05-19 00:00:00,1816.029,1817.682,1813.877,1816.065,13389.0,200.0,0.0,0.0,0,0,0,bullish,5,doji,0,0,1,0,0,1,0,0,0,1,1,2,1,2,9.122499999999993,0,3,0,0,A
2022-05-19 08:00:00,1813.165,1832.347,1810.919,1830.476,22751.0,200.0,0.0,0.0,0,0,0,bullish,1,bullish_engulfing,0,0,1,0,0,1,1,1,0,1,3,4,1,4,10.108285714285703,8,3,0,0,A
2022-05-19 16:00:00,1842.366,1844.075,1839.898,1842.76,17634.0,200.0,0.0,0.0,0,0,0,bullish,5,doji,0,0,1,0,0,1,0,1,0,1,2,3,1,3,10.535357142857135,16,3,0,0,A
2022-05-19 20:00:00,1842.727,1844.5,1840.896,1842.072,5146.0,200.0,0.0,0.0,0,0,0,bullish,8,evening_star,0,0,1,0,0,1,0,0,0,1,1,2,1,2,9.501642857142851,20,3,0,0,A
2022-05-20 04:00:00,1841.571,1849.365,1840.957,1844.145,16679.0,200.0,0.0,0.0,0,0,0,bullish,4,inverted_hammer,0,0,1,0,0,0,0,1,0,1,1,2,1,2,9.670214285714271,4,4,0,0,A
2022-05-20 08:00:00,1844.123,1847.773,1841.154,1842.48,15112.0,200.0,0.0,0.0,0,0,0,bullish,6,shooting_star,0,0,1,0,0,1,0,0,0,1,1,2,1,2,9.468428571428555,8,4,0,0,A
2022-05-20 12:00:00,1842.463,1846.701,1832.312,1842.416,29021.0,200.0,0.0,0.0,0,0,0,bullish,5,doji,0,0,1,0,0,1,1,1,0,1,3,4,1,4,9.877571428571416,12,4,0,0,A
2022-05-20 16:00:00,1842.426,1845.418,1839.589,1844.646,15431.0,200.0,0.0,0.0,0,0,0,bullish,7,morning_star,0,0,1,0,0,0,0,1,0,1,1,2,1,2,9.36207142857141,16,4,0,0,A
2022-05-23 00:00:00,1846.284,1854.883,1845.756,1854.336,13158.0,200.0,0.0,0.0,0,0,0,bullish,7,morning_star,0,0,1,1,0,0,0,0,0,2,0,2,2,2,8.622571428571405,0,0,0,0,A
2022-05-23 04:00:00,1854.339,1858.086,1851.954,1856.452,14309.0,200.0,0.0,0.0,0,0,0,bullish,0,none,0,0,0,1,0,0,0,1,0,1,1,2,1,2,8.78878571428569,4,0,0,0,A
2022-05-23 12:00:00,1862.218,1864.52,1850.474,1851.941,25950.0,200.0,0.0,0.0,0,0,0,bullish,2,bearish_engulfing,0,0,1,0,0,0,1,1,0,1,2,3,1,3,8.465714285714284,12,0,0,0,A
2022-05-24 12:00:00,1858.076,1869.619,1854.011,1869.207,27743.0,200.0,0.0,0.0,0,0,0,bullish,0,none,0,0,0,1,0,0,1,1,0,1,2,3,1,3,8.48135714285713,12,1,0,0,A
2022-05-24 20:00:00,1866.797,1867.824,1864.906,1867.329,4290.0,200.0,0.0,0.0,0,0,1,bullish,3,hammer,0,0,1,1,0,0,0,0,0,2,0,2,2,2,7.741357142857136,20,1,0,0,A
2022-05-26 08:00:00,1847.84,1849.683,1840.804,1846.552,15755.0,200.0,0.0,1840.804,0,0,1,bullish,0,none,1,0,0,0,0,1,1,1,0,1,3,4,1,4,8.587428571428566,8,3,0,0,A
2022-05-26 12:00:00,1846.53,1853.406,1841.332,1846.418,24806.0,200.0,0.0,0.0,0,0,1,bullish,5,doji,0,0,1,0,0,1,1,1,0,1,3,4,1,4,8.76349999999999,12,3,0,0,A
2022-05-26 16:00:00,1846.451,1853.711,1846.062,1852.006,12041.0,200.0,0.0,0.0,0,0,1,bullish,7,morning_star,0,0,1,0,0,1,0,0,0,1,1,2,1,2,8.88092857142856,16,3,0,0,A
2022-05-27 08:00:00,1858.299,1860.399,1856.674,1858.242,13651.0,200.0,0.0,0.0,0,0,1,bullish,5,doji,0,0,1,0,0,1,0,1,0,1,2,3,1,3,8.062142857142833,8,4,0,0,A
2022-05-30 12:00:00,1854.41,1861.061,1854.031,1855.659,12812.0,200.0,0.0,0.0,0,0,1,bullish,4,inverted_hammer,0,0,1,0,0,1,0,1,0,1,2,3,1,3,6.796714285714269,12,0,0,0,A
2022-05-30 16:00:00,1855.628,1856.808,1855.164,1855.265,1925.0,200.0,0.0,0.0,0,0,1,bullish,6,shooting_star,0,0,1,0,0,1,0,0,0,1,1,2,1,2,6.051714285714281,16,0,0,0,A
2022-05-31 04:00:00,1852.196,1856.36,1851.071,1854.747,12067.0,200.0,0.0,0.0,0,0,1,bullish,1,bullish_engulfing,0,0,1,0,0,1,1,1,0,1,3,4,1,4,5.907714285714292,4,1,0,0,A
2022-05-31 08:00:00,1854.744,1857.07,1844.425,1848.655,15880.0,200.0,0.0,0.0,0,0,1,bullish,8,evening_star,0,0,1,0,1,1,1,1,0,1,4,5,1,5,6.329071428571426,8,1,0,0,A
2022-05-31 16:00:00,1843.587,1846.223,1835.015,1836.101,15286.0,200.0,0.0,0.0,0,0,1,bullish,0,none,0,0,0,1,0,0,1,1,0,1,2,3,1,3,7.125499999999988,16,1,0,0,A
2022-05-31 20:00:00,1836.067,1838.427,1835.387,1836.404,5321.0,200.0,0.0,0.0,0,0,1,bullish,5,doji,0,0,1,1,0,0,0,0,0,2,0,2,2,2,7.125499999999988,20,1,0,0,A
2022-06-01 00:00:00,1836.437,1837.954,1833.268,1836.72,13728.0,200.0,0.0,0.0,0,0,1,bullish,5,doji,0,0,1,0,0,0,1,0,0,1,1,2,1,2,7.334499999999983,0,2,0,0,A
2022-06-01 04:00:00,1836.721,1836.819,1829.502,1833.685,14833.0,200.0,0.0,0.0,0,0,1,bullish,2,bearish_engulfing,0,0,1,0,0,0,1,1,0,1,2,3,1,3,7.446357142857112,4,2,0,0,A
2022-06-01 12:00:00,1829.679,1848.855,1828.9,1845.561,33753.0,200.0,0.0,0.0,0,0,0,bullish,1,bullish_engulfing,0,0,1,0,0,1,1,1,0,1,3,4,1,4,8.225142857142828,12,2,0,0,A
2022-06-02 00:00:00,1845.953,1848.917,1844.074,1844.785,10921.0,200.0,0.0,0.0,0,0,0,bullish,6,shooting_star,0,0,1,0,0,1,0,0,0,1,1,2,1,2,8.07235714285712,0,3,0,0,A
2022-06-02 04:00:00,1844.816,1853.267,1844.065,1851.159,12212.0,200.0,0.0,0.0,0,0,0,bullish,7,morning_star,0,0,1,0,1,1,0,0,0,1,2,3,1,3,8.38221428571426,4,3,0,0,A
2022-06-02 12:00:00,1855.851,1869.698,1850.852,1867.937,32172.0,200.0,0.0,0.0,0,0,0,bullish,0,none,0,0,0,1,0,1,1,1,0,1,3,4,1,4,9.27621428571425,12,3,0,0,A
2022-06-02 20:00:00,1869.612,1870.543,1868.003,1869.855,3894.0,200.0,0.0,0.0,0,0,0,bullish,5,doji,0,0,1,1,0,0,0,0,0,2,0,2,2,2,7.736499999999962,20,3,0,0,A
2022-06-03 08:00:00,1864.572,1867.842,1863.31,1863.747,11176.0,200.0,0.0,0.0,0,0,1,bullish,6,shooting_star,0,0,1,0,0,1,0,1,0,1,2,3,1,3,7.510357142857141,8,4,0,0,A
2022-06-06 12:00:00,1853.82,1857.898,1841.781,1843.508,23077.0,200.0,0.0,0.0,0,0,1,bullish,2,bearish_engulfing,0,0,1,0,0,1,1,1,0,1,3,4,1,4,6.957714285714311,12,0,0,0,A
2022-06-07 00:00:00,1839.404,1842.484,1836.939,1840.163,12428.0,200.0,0.0,1836.939,0,0,1,bullish,0,none,1,0,0,0,0,1,0,1,0,1,2,3,1,3,6.110714285714299,0,1,0,0,A
2022-06-07 04:00:00,1840.154,1846.314,1838.426,1842.06,13326.0,200.0,0.0,0.0,0,0,1,bullish,4,inverted_hammer,0,0,1,0,0,1,1,1,0,1,3,4,1,4,6.22935714285716,4,1,0,0,A
2022-06-08 08:00:00,1849.95,1851.683,1846.688,1851.501,12915.0,200.0,0.0,0.0,0,0,1,bullish,3,hammer,0,0,1,0,0,0,1,1,0,1,2,3,1,3,6.853071428571427,8,2,0,0,A
2022-06-08 12:00:00,1851.47,1859.61,1844.488,1858.383,22399.0,200.0,1859.61,0.0,0,0,1,bullish,0,none,1,0,0,0,0,1,1,1,0,1,3,4,1,4,7.568785714285696,12,2,0,0,A
2022-06-08 20:00:00,1852.468,1854.389,1848.91,1852.692,4172.0,200.0,0.0,0.0,0,0,1,bullish,5,doji,0,0,1,0,0,1,0,0,0,1,1,2,1,2,6.966857142857115,20,2,0,0,A
2022-06-09 04:00:00,1855.026,1855.172,1848.946,1850.043,12223.0,200.0,0.0,0.0,0,0,1,bullish,8,evening_star,0,0,1,0,1,1,0,1,0,1,3,4,1,4,7.160285714285708,4,3,0,0,A
2022-06-09 12:00:00,1846.196,1852.433,1840.008,1845.726,27730.0,200.0,0.0,0.0,0,0,1,bullish,5,doji,0,0,1,0,0,1,1,1,0,1,3,4,1,4,7.5372857142856935,12,3,0,0,A
2022-06-09 16:00:00,1845.696,1850.467,1845.069,1847.06,12693.0,200.0,0.0,0.0,0,0,1,bullish,1,bullish_engulfing,0,0,1,0,0,1,0,1,0,1,2,3,1,3,7.221071428571414,16,3,0,0,A
2022-06-09 20:00:00,1847.028,1848.184,1846.243,1846.918,3630.0,200.0,0.0,0.0,0,0,1,bullish,5,doji,0,0,1,0,0,1,0,0,0,1,1,2,1,2,6.561071428571414,20,3,0,0,A
2022-06-14 08:00:00,1827.9,1830.172,1816.02,1817.195,24163.0,200.0,0.0,0.0,0,0,1,bullish,8,evening_star,0,0,1,0,0,0,1,1,0,1,2,3,1,3,14.565357142857172,8,1,0,0,A
2022-06-14 12:00:00,1817.177,1822.572,1809.397,1810.431,35984.0,200.0,0.0,0.0,0,0,1,bullish,0,none,0,0,0,1,0,0,1,1,0,1,2,3,1,3,14.553642857142872,12,1,0,0,A
2022-06-15 16:00:00,1821.274,1841.828,1813.637,1831.763,50415.0,200.0,0.0,0.0,0,0,0,bullish,7,morning_star,0,0,1,0,0,1,1,1,0,1,3,4,1,4,14.740785714285721,16,2,0,0,A
2022-06-16 12:00:00,1819.135,1846.862,1819.135,1845.261,37101.0,200.0,0.0,0.0,0,0,0,bullish,7,morning_star,0,0,1,0,0,0,1,1,0,1,2,3,1,3,13.804142857142844,12,3,0,0,A
2022-06-17 08:00:00,1848.69,1852.496,1844.511,1847.855,19908.0,200.0,0.0,0.0,0,0,0,bullish,5,doji,0,0,1,0,0,1,0,1,0,1,2,3,1,3,13.07357142857141,8,4,0,0,A
2022-06-20 08:00:00,1839.982,1843.735,1836.444,1838.017,13705.0,200.0,0.0,0.0,0,0,0,bullish,6,shooting_star,0,0,1,0,0,0,0,1,0,1,1,2,1,2,10.703499999999979,8,0,0,0,A
2022-06-20 12:00:00,1838.047,1843.124,1835.821,1838.235,14578.0,200.0,0.0,0.0,0,0,0,bullish,5,doji,0,0,1,0,0,0,0,1,0,1,1,2,1,2,9.748785714285711,12,0,0,0,A
2022-06-21 04:00:00,1840.207,1840.675,1832.472,1838.382,13912.0,200.0,0.0,0.0,0,0,0,bullish,8,evening_star,0,0,1,0,0,0,0,1,0,1,1,2,1,2,7.253071428571437,4,1,0,0,A
2022-06-21 12:00:00,1833.522,1843.581,1832.731,1835.207,26415.0,200.0,0.0,0.0,0,0,0,bullish,4,inverted_hammer,0,0,1,0,0,0,1,1,0,1,2,3,1,3,7.429928571428588,12,1,0,0,A
2022-06-22 16:00:00,1837.98,1841.676,1835.696,1837.687,13429.0,200.0,0.0,0.0,0,0,0,bullish,5,doji,0,0,1,0,0,1,0,0,0,1,1,2,1,2,7.75857142857147,16,2,0,0,A
2022-06-23 04:00:00,1832.751,1838.067,1831.038,1837.857,14919.0,200.0,0.0,0.0,0,0,0,bullish,1,bullish_engulfing,0,0,1,0,0,1,1,1,0,1,3,4,1,4,7.887714285714294,4,3,0,0,A
2022-06-23 08:00:00,1837.89,1837.965,1823.662,1829.359,17826.0,200.0,0.0,0.0,0,0,0,bullish,2,bearish_engulfing,0,0,1,0,0,1,1,1,0,1,3,4,1,4,8.636642857142858,8,3,0,0,A
2022-06-23 12:00:00,1829.326,1845.908,1828.431,1833.173,30825.0,200.0,0.0,0.0,0,0,0,bullish,4,inverted_hammer,0,0,1,0,0,1,1,1,0,1,3,4,1,4,9.299071428571422,12,3,0,0,A
2022-06-23 16:00:00,1833.165,1834.53,1822.481,1826.329,19409.0,200.0,0.0,0.0,0,0,0,bullish,8,evening_star,0,0,1,0,0,1,1,1,0,1,3,4,1,4,9.61207142857141,16,3,0,0,A
2022-06-23 20:00:00,1826.361,1826.394,1822.588,1824.582,5379.0,200.0,0.0,0.0,0,0,0,bullish,0,none,0,0,0,1,0,1,0,0,0,1,1,2,1,2,9.108928571428562,20,3,0,0,A
2022-06-24 20:00:00,1824.082,1827.606,1824.082,1827.1,1525.0,200.0,0.0,0.0,0,0,0,bullish,1,bullish_engulfing,0,0,1,0,0,1,0,0,0,1,1,2,1,2,8.398714285714261,20,4,0,0,A
2022-06-27 04:00:00,1834.855,1840.818,1834.324,1834.902,13952.0,200.0,1840.818,0.0,0,0,0,bullish,0,none,1,0,0,0,0,1,0,1,0,1,2,3,1,3,9.107928571428554,4,0,0,0,A
2022-06-27 08:00:00,1834.937,1840.461,1833.264,1833.815,15102.0,200.0,0.0,0.0,0,0,0,bullish,2,bearish_engulfing,0,0,1,0,0,1,0,1,0,1,2,3,1,3,9.119928571428561,8,0,0,0,A
2022-06-28 08:00:00,1826.908,1829.452,1820.212,1825.493,14683.0,200.0,0.0,0.0,0,0,0,bullish,8,evening_star,0,0,1,0,0,1,0,1,0,1,2,3,1,3,7.385357142857125,8,1,0,0,A
2022-06-28 20:00:00,1819.643,1820.89,1818.256,1818.377,4698.0,200.0,0.0,0.0,0,0,0,bullish,0,none,0,0,0,1,0,1,0,0,0,1,1,2,1,2,6.418214285714238,20,1,0,0,A
2022-06-29 00:00:00,1818.347,1822.909,1818.327,1820.709,9481.0,200.0,0.0,0.0,0,0,0,bullish,1,bullish_engulfing,0,0,1,0,0,1,0,0,0,1,1,2,1,2,6.493785714285683,0,2,0,0,A
2022-06-29 08:00:00,1816.821,1827.326,1811.848,1824.921,17550.0,200.0,0.0,0.0,0,0,0,bullish,1,bullish_engulfing,0,0,1,0,0,1,1,1,0,1,3,4,1,4,6.793571428571389,8,2,0,0,A
2022-06-29 12:00:00,1824.925,1832.88,1814.853,1818.506,31684.0,200.0,1832.88,0.0,0,0,0,bullish,0,none,1,0,0,0,0,1,1,1,0,1,3,4,1,4,7.617357142857112,12,2,0,0,A
2022-06-29 16:00:00,1818.504,1819.635,1815.627,1818.38,11282.0,200.0,0.0,0.0,0,0,0,bullish,5,doji,0,0,1,0,0,1,0,0,0,1,1,2,1,2,7.389571428571393,16,2,0,0,A
2022-06-30 08:00:00,1815.025,1817.02,1802.627,1805.321,17966.0,200.0,0.0,0.0,0,0,0,bullish,0,none,0,0,0,1,0,0,1,1,0,1,2,3,1,3,7.52914285714285,8,3,0,0,A
2022-07-01 00:00:00,1806.552,1807.215,1801.297,1801.388,13910.0,200.0,0.0,0.0,0,0,0,bullish,0,none,0,0,0,1,1,0,0,1,0,1,2,3,1,3,8.498214285714312,0,4,0,0,A
2022-07-01 04:00:00,1801.42,1803.092,1792.033,1794.641,19116.0,200.0,0.0,0.0,0,0,0,bullish,0,none,0,0,0,1,0,0,1,1,0,1,2,3,1,3,9.100000000000039,4,4,0,0,A
2022-07-01 16:00:00,1806.322,1809.304,1797.847,1805.313,15706.0,200.0,0.0,0.0,0,0,0,bullish,5,doji,0,0,1,0,0,1,0,0,0,1,1,2,1,2,10.615357142857192,16,4,0,0,A
2022-07-04 12:00:00,1805.231,1810.861,1805.065,1806.476,13746.0,200.0,0.0,0.0,0,0,0,bullish,4,inverted_hammer,0,0,1,0,0,1,0,1,0,1,2,3,1,3,9.407499999999995,12,0,0,0,A
2022-07-04 16:00:00,1806.483,1807.134,1805.466,1806.942,2022.0,200.0,0.0,0.0,0,0,0,bullish,3,hammer,0,0,1,0,0,1,0,0,0,1,1,2,1,2,7.925928571428569,16,0,0,0,A
2022-07-05 00:00:00,1809.285,1812.081,1806.523,1810.846,11855.0,200.0,0.0,0.0,0,0,0,bullish,3,hammer,0,0,1,0,0,1,0,1,0,1,2,3,1,3,7.643714285714266,0,1,0,0,A
2022-07-05 04:00:00,1810.814,1812.037,1805.501,1806.113,13465.0,200.0,0.0,0.0,0,0,0,bullish,8,evening_star,0,0,1,0,0,1,0,1,0,1,2,3,1,3,7.687857142857134,4,1,0,0,A
2022-07-06 00:00:00,1769.524,1772.784,1768.281,1769.207,15297.0,200.0,0.0,0.0,0,0,0,bullish,5,doji,0,0,1,0,0,0,1,1,0,1,2,3,1,3,7.8666428571428435,0,2,0,0,A
2022-07-06 12:00:00,1763.197,1767.914,1732.553,1733.709,42682.0,200.0,0.0,0.0,0,0,0,bullish,0,none,0,0,0,1,0,0,1,1,0,1,2,3,1,3,10.549928571428577,12,2,0,0,A
2022-07-08 16:00:00,1742.448,1744.488,1740.526,1741.286,11393.0,200.0,0.0,0.0,0,0,0,bullish,6,shooting_star,0,0,1,0,0,1,0,0,0,1,1,2,1,2,9.898571428571424,16,4,0,0,A
2022-07-10 20:00:00,1741.088,1744.589,1740.873,1741.965,3890.0,200.0,0.0,0.0,0,0,0,bullish,4,inverted_hammer,0,0,1,0,0,1,0,0,0,1,1,2,1,2,6.914000000000003,20,6,0,0,A
2022-07-11 04:00:00,1742.584,1742.734,1735.954,1736.735,13463.0,200.0,0.0,0.0,0,0,0,bullish,8,evening_star,0,0,1,0,0,1,0,1,0,1,2,3,1,3,6.835071428571431,4,0,0,0,A
2022-07-11 08:00:00,1736.733,1739.915,1733.596,1734.874,13455.0,200.0,0.0,0.0,0,0,0,bullish,6,shooting_star,0,0,1,0,0,1,0,1,0,1,2,3,1,3,6.824785714285716,8,0,0,0,A
2022-07-11 12:00:00,1734.844,1742.646,1734.11,1738.033,23367.0,200.0,0.0,0.0,0,0,0,bullish,1,bullish_engulfing,0,0,1,0,0,1,1,1,0,1,3,4,1,4,7.062928571428578,12,0,0,0,A
2022-07-11 20:00:00,1732.164,1734.45,1732.0,1733.238,3632.0,200.0,0.0,0.0,0,0,0,bullish,0,none,0,0,0,1,0,1,0,0,0,1,1,2,1,2,6.635428571428569,20,0,0,0,A
2022-07-12 00:00:00,1733.236,1743.94,1723.2,1733.39,21309.0,200.0,0.0,0.0,0,0,0,bullish,5,doji,0,0,1,0,0,1,1,1,0,1,3,4,1,4,7.907071428571434,0,1,0,0,A
2022-07-12 04:00:00,1733.359,1737.908,1725.554,1734.293,16908.0,200.0,0.0,0.0,0,0,0,bullish,5,doji,0,0,1,0,0,1,1,1,0,1,3,4,1,4,8.365928571428574,4,1,0,0,A
2022-07-12 12:00:00,1735.499,1736.815,1726.073,1731.889,25997.0,200.0,0.0,0.0,0,0,0,bullish,2,bearish_engulfing,0,0,1,0,0,1,1,1,0,1,3,4,1,4,8.321499999999983,12,1,0,0,A
2022-07-12 16:00:00,1731.919,1732.461,1724.491,1725.649,13348.0,200.0,0.0,0.0,0,0,0,bullish,0,none,0,0,0,1,0,1,0,0,0,1,1,2,1,2,7.495357142857139,16,1,0,0,A
2022-07-12 20:00:00,1725.676,1726.392,1724.88,1725.287,4182.0,200.0,0.0,0.0,0,0,0,bullish,0,none,0,0,0,1,0,1,0,0,0,1,1,2,1,2,7.3203571428571355,20,1,0,0,A
2022-07-13 08:00:00,1726.817,1731.823,1725.284,1729.396,12984.0,200.0,0.0,0.0,0,0,0,bullish,1,bullish_engulfing,0,0,1,0,0,1,0,0,0,1,1,2,1,2,7.904714285714265,8,2,0,0,A
2022-07-14 04:00:00,1731.977,1732.268,1714.927,1718.259,19154.0,200.0,0.0,0.0,0,0,0,bullish,8,evening_star,0,0,1,0,0,0,1,1,0,1,2,3,1,3,11.239928571428566,4,3,0,0,A
2022-07-15 00:00:00,1711.692,1716.563,1708.431,1708.439,14788.0,200.0,0.0,0.0,0,0,0,bullish,2,bearish_engulfing,0,0,1,0,0,1,0,0,0,1,1,2,1,2,10.188357142857171,0,4,0,0,A
2022-07-15 12:00:00,1704.476,1713.998,1698.877,1704.644,37383.0,200.0,0.0,0.0,0,0,0,bullish,5,doji,0,0,1,0,0,1,1,1,0,1,3,4,1,4,11.635285714285763,12,4,0,0,A
2022-07-18 20:00:00,1707.455,1710.116,1706.816,1708.215,4735.0,200.0,0.0,0.0,0,0,0,bullish,4,inverted_hammer,0,0,1,0,0,1,0,0,0,1,1,2,1,2,7.578571428571438,20,0,0,0,A
2022-07-19 08:00:00,1711.612,1718.373,1710.745,1713.946,15269.0,200.0,0.0,0.0,0,0,0,bullish,4,inverted_hammer,0,0,1,0,0,1,0,1,0,1,2,3,1,3,7.09085714285717,8,1,0,0,A
2022-07-19 16:00:00,1714.351,1714.443,1709.71,1712.103,11129.0,200.0,0.0,0.0,0,0,0,bullish,2,bearish_engulfing,0,0,1,0,0,1,0,0,0,1,1,2,1,2,6.350428571428584,16,1,0,0,A
2022-07-20 00:00:00,1709.924,1713.344,1709.515,1712.091,10418.0,200.0,0.0,0.0,0,0,0,bullish,1,bullish_engulfing,0,0,1,0,0,1,0,0,0,1,1,2,1,2,6.441357142857149,0,2,0,0,A
2022-07-20 16:00:00,1707.856,1707.972,1695.577,1695.695,16879.0,200.0,0.0,0.0,0,0,0,bullish,0,none,0,0,0,1,0,1,1,1,0,1,3,4,1,4,6.544428571428592,16,2,0,0,A
2022-07-20 20:00:00,1695.729,1697.316,1692.141,1695.406,5441.0,200.0,0.0,0.0,0,0,0,bullish,5,doji,0,0,1,0,0,1,0,0,0,1,1,2,1,2,6.028785714285732,20,2,0,0,A
2022-07-21 12:00:00,1684.839,1718.121,1683.776,1713.188,53655.0,200.0,0.0,0.0,0,0,0,bullish,7,morning_star,0,0,1,0,0,1,1,1,0,1,3,4,1,4,8.863071428571434,12,3,0,0,A
2022-07-22 08:00:00,1716.233,1730.139,1715.983,1728.487,18570.0,200.0,0.0,0.0,0,0,0,bullish,0,none,0,0,0,1,0,0,1,1,0,1,2,3,1,3,9.910357142857135,8,4,0,0,A
2022-07-22 16:00:00,1731.062,1731.31,1720.387,1724.079,17466.0,200.0,0.0,0.0,0,0,1,bullish,2,bearish_engulfing,0,0,1,0,0,1,1,1,0,1,3,4,1,4,10.843142857142848,16,4,0,0,A
2022-07-25 00:00:00,1724.676,1728.844,1719.868,1727.458,13281.0,200.0,0.0,0.0,0,0,1,bullish,3,hammer,0,0,1,0,0,1,0,0,0,1,1,2,1,2,10.183571428571424,0,0,0,0,A
2022-07-25 12:00:00,1726.005,1727.395,1714.721,1716.407,23585.0,200.0,0.0,0.0,0,0,1,bullish,2,bearish_engulfing,0,0,1,0,0,1,1,1,0,1,3,4,1,4,10.56464285714284,12,0,0,0,A
2022-07-25 20:00:00,1719.03,1719.79,1717.972,1718.99,4029.0,200.0,0.0,0.0,0,0,1,bullish,5,doji,0,0,1,0,0,1,0,0,0,1,1,2,1,2,7.980928571428568,20,0,0,0,A
2022-07-26 00:00:00,1719.03,1728.145,1718.705,1724.049,12763.0,200.0,0.0,0.0,0,0,1,bullish,7,morning_star,0,0,1,0,0,1,0,0,0,1,1,2,1,2,8.424499999999998,0,1,0,0,A
2022-07-26 04:00:00,1724.033,1727.866,1721.018,1724.791,12192.0,200.0,0.0,0.0,0,0,1,bullish,5,doji,0,0,1,0,0,1,0,0,0,1,1,2,1,2,8.470642857142852,4,1,0,0,A
2022-07-26 08:00:00,1724.759,1725.755,1716.109,1717.759,15155.0,200.0,0.0,0.0,0,0,1,bullish,8,evening_star,0,0,1,0,0,1,0,1,0,1,2,3,1,3,8.634428571428591,8,1,0,0,A
2022-07-26 12:00:00,1717.79,1721.827,1713.555,1716.934,23564.0,200.0,0.0,0.0,0,0,1,bullish,5,doji,0,0,1,0,0,1,1,1,0,1,3,4,1,4,8.214142857142877,12,1,0,0,A
2022-07-27 08:00:00,1719.769,1724.918,1719.631,1720.594,12894.0,200.0,0.0,0.0,0,0,1,bullish,4,inverted_hammer,0,0,1,0,0,0,0,1,0,1,1,2,1,2,6.711357142857131,8,2,0,0,A
2022-07-27 16:00:00,1718.84,1739.754,1718.472,1734.421,32909.0,200.0,0.0,0.0,0,0,1,bullish,7,morning_star,0,0,1,0,0,1,1,1,0,1,3,4,1,4,7.924928571428576,16,2,0,0,A
2022-07-28 04:00:00,1736.935,1744.638,1735.346,1744.07,15605.0,200.0,0.0,0.0,0,0,1,bullish,0,none,0,0,0,1,0,0,1,1,0,1,2,3,1,3,8.164642857142862,4,3,0,0,A
2022-07-28 12:00:00,1740.168,1756.831,1736.077,1752.966,44276.0,200.0,0.0,0.0,0,0,1,bullish,1,bullish_engulfing,0,0,1,0,0,0,1,1,0,1,2,3,1,3,9.24535714285714,12,3,0,0,A
2022-07-29 00:00:00,1754.898,1763.592,1752.66,1762.85,13277.0,200.0,0.0,0.0,0,0,1,bullish,1,bullish_engulfing,0,0,1,1,0,0,0,0,0,2,0,2,2,2,9.046642857142842,0,4,0,0,A
2022-08-01 00:00:00,1762.172,1765.814,1760.499,1762.018,12636.0,200.0,0.0,0.0,0,0,1,bullish,5,doji,0,0,1,0,0,1,0,0,0,1,1,2,1,2,8.659928571428575,0,0,0,0,A
2022-08-01 08:00:00,1764.426,1774.836,1762.226,1772.621,15970.0,200.0,0.0,0.0,0,0,1,bullish,0,none,0,0,0,1,0,0,0,1,0,1,1,2,1,2,9.002499999999989,8,0,0,0,A
2022-08-02 00:00:00,1772.261,1780.405,1770.84,1774.618,15034.0,200.0,0.0,0.0,0,0,1,bullish,4,inverted_hammer,0,0,1,0,0,0,0,1,0,1,1,2,1,2,8.274714285714285,0,1,0,0,A
2022-08-02 04:00:00,1774.636,1776.077,1768.674,1772.122,14466.0,200.0,0.0,0.0,0,0,1,bullish,2,bearish_engulfing,0,0,1,0,0,0,0,1,0,1,1,2,1,2,8.022642857142857,4,1,0,0,A
2022-08-03 12:00:00,1765.508,1772.769,1754.321,1758.447,31547.0,200.0,0.0,1754.321,0,0,1,bullish,0,none,1,0,0,0,0,1,1,1,0,1,3,4,1,4,10.367142857142865,12,2,0,0,A
2022-08-04 00:00:00,1763.617,1771.47,1763.358,1770.731,11025.0,200.0,0.0,0.0,0,0,1,bullish,7,morning_star,0,0,1,0,0,1,0,0,0,1,1,2,1,2,9.58085714285718,0,3,0,0,A
2022-08-04 08:00:00,1772.973,1786.471,1772.72,1785.613,15593.0,200.0,0.0,0.0,0,0,1,bullish,0,none,0,0,0,1,0,1,0,1,0,1,2,3,1,3,10.159785714285736,8,3,0,0,A
2022-08-04 12:00:00,1785.634,1790.147,1774.267,1787.68,29144.0,200.0,0.0,0.0,0,0,1,bullish,0,none,0,0,0,1,0,1,1,1,0,1,3,4,1,4,10.765285714285726,12,3,0,0,A
2022-08-04 20:00:00,1793.512,1793.661,1789.692,1793.38,5026.0,200.0,0.0,0.0,0,0,1,bullish,0,none,0,0,0,1,0,1,0,0,0,1,1,2,1,2,9.972142857142867,20,3,0,0,A
2022-08-05 12:00:00,1787.862,1789.161,1764.955,1773.561,44482.0,200.0,0.0,1764.955,0,0,1,bullish,0,none,1,0,0,0,0,1,1,1,0,1,3,4,1,4,9.629928571428584,12,4,0,0,A
2022-08-05 16:00:00,1773.528,1776.059,1771.547,1773.471,14606.0,200.0,0.0,0.0,0,0,1,bullish,5,doji,0,0,1,0,0,1,0,1,0,1,2,3,1,3,9.371642857142872,16,4,0,0,A
2022-08-05 20:00:00,1773.503,1775.715,1772.963,1775.628,1479.0,200.0,0.0,0.0,0,0,1,bullish,7,morning_star,0,0,1,0,0,1,0,0,0,1,1,2,1,2,8.250500000000004,20,4,0,0,A
2022-08-08 00:00:00,1774.562,1775.452,1771.119,1773.323,9480.0,200.0,0.0,0.0,0,0,1,bullish,2,bearish_engulfing,0,0,1,0,0,1,0,0,0,1,1,2,1,2,7.95278571428571,0,0,0,0,A
2022-08-08 04:00:00,1773.356,1779.14,1771.265,1777.692,10337.0,200.0,0.0,0.0,0,0,1,bullish,7,morning_star,0,0,1,0,0,1,0,1,0,1,2,3,1,3,7.935857142857133,4,0,0,0,A
2022-08-08 20:00:00,1788.517,1790.651,1787.854,1789.192,4288.0,200.0,0.0,0.0,0,0,1,bullish,4,inverted_hammer,0,0,1,0,0,1,0,0,0,1,1,2,1,2,6.74728571428573,20,0,1,1,A
2022-08-09 08:00:00,1787.056,1794.653,1786.39,1789.402,15562.0,200.0,0.0,0.0,0,0,1,bullish,4,inverted_hammer,0,0,1,0,0,1,1,1,0,1,3,4,1,4,7.213428571428592,8,1,1,1,A
2022-08-09 20:00:00,1794.0,1794.919,1793.261,1794.082,3515.0,200.0,0.0,0.0,0,0,1,bullish,5,doji,0,0,1,0,0,1,0,0,0,1,1,2,1,2,6.033071428571459,20,1,1,1,A
2022-08-10 08:00:00,1790.441,1795.267,1788.635,1792.329,12766.0,200.0,0.0,0.0,0,0,1,bullish,7,morning_star,0,0,1,0,0,0,0,1,0,1,1,2,1,2,6.344000000000035,8,2,1,1,A
2022-08-10 16:00:00,1798.004,1800.079,1788.084,1790.272,15216.0,200.0,0.0,0.0,0,0,1,bullish,2,bearish_engulfing,0,0,1,0,0,1,1,1,0,1,3,4,1,4,7.324571428571452,16,2,1,1,A
2022-08-11 00:00:00,1791.675,1792.399,1784.466,1785.797,10903.0,200.0,0.0,0.0,0,0,1,bullish,2,bearish_engulfing,0,0,1,0,0,0,0,1,0,1,1,2,1,2,7.1697857142857435,0,3,1,1,A
2022-08-11 04:00:00,1785.808,1788.304,1783.521,1788.013,12109.0,200.0,0.0,1783.521,0,0,1,bullish,0,none,1,0,0,0,0,1,0,1,0,1,2,3,1,3,7.3116428571428935,4,3,1,1,A
2022-08-12 04:00:00,1791.096,1794.095,1787.256,1788.752,11159.0,200.0,0.0,0.0,0,0,1,bullish,8,evening_star,0,0,1,0,0,1,0,0,0,1,1,2,1,2,7.738285714285715,4,4,1,1,A
2022-08-12 08:00:00,1788.728,1789.731,1784.81,1785.352,13839.0,200.0,0.0,0.0,0,0,1,bullish,0,none,0,0,0,1,0,1,1,1,0,1,3,4,1,4,7.831571428571432,8,4,1,1,A
2022-08-12 12:00:00,1785.321,1798.69,1784.934,1794.862,26655.0,200.0,0.0,0.0,0,0,1,bullish,1,bullish_engulfing,0,0,1,0,0,1,1,1,0,1,3,4,1,4,8.515857142857158,12,4,1,1,A
2022-08-14 20:00:00,1801.523,1801.765,1798.969,1799.103,3026.0,200.0,0.0,0.0,0,0,1,bullish,8,evening_star,0,0,1,0,1,1,0,0,0,1,2,3,1,3,6.603857142857156,20,6,1,1,A
2022-08-15 08:00:00,1786.875,1788.116,1772.814,1775.082,18179.0,200.0,0.0,0.0,0,0,1,bullish,0,none,0,0,0,1,0,1,1,1,0,1,3,4,1,4,7.803928571428563,8,0,1,1,A
2022-08-15 16:00:00,1780.767,1784.074,1777.405,1778.941,11495.0,200.0,0.0,0.0,0,0,1,bullish,6,shooting_star,0,0,1,0,0,1,0,1,0,1,2,3,1,3,7.622500000000026,16,0,1,1,A
2022-08-16 08:00:00,1775.823,1777.86,1773.709,1775.991,13756.0,200.0,0.0,0.0,0,0,1,bullish,5,doji,0,0,1,0,0,1,1,1,0,1,3,4,1,4,7.321999999999987,8,1,1,1,A
2022-08-16 12:00:00,1776.023,1778.551,1771.198,1774.258,25380.0,200.0,0.0,0.0,0,0,1,bullish,2,bearish_engulfing,0,0,1,0,0,0,1,1,0,1,2,3,1,3,7.495714285714257,12,1,1,1,A
2022-08-17 08:00:00,1773.516,1776.925,1766.812,1769.289,15135.0,200.0,0.0,0.0,0,0,1,bullish,0,none,0,0,0,1,0,0,1,1,0,1,2,3,1,3,7.071071428571405,8,2,1,1,A
2022-08-17 12:00:00,1769.32,1773.609,1761.312,1762.038,29765.0,200.0,0.0,0.0,0,0,1,bullish,0,none,0,0,0,1,0,0,1,1,0,1,2,3,1,3,7.278499999999975,12,2,1,1,A
2022-08-17 16:00:00,1762.056,1770.214,1759.7,1764.476,20494.0,200.0,0.0,0.0,0,0,1,bullish,4,inverted_hammer,0,0,1,0,0,0,1,1,0,1,2,3,1,3,6.936499999999975,16,2,1,1,A
2022-08-18 00:00:00,1764.911,1767.497,1761.804,1762.27,9842.0,200.0,0.0,0.0,0,0,1,bullish,2,bearish_engulfing,0,0,1,1,0,0,0,0,0,2,0,2,2,2,6.176714285714248,0,3,1,1,A
2022-08-18 16:00:00,1759.747,1761.214,1755.304,1759.562,13032.0,200.0,0.0,0.0,0,0,1,bullish,5,doji,0,0,1,0,0,0,0,1,0,1,1,2,1,2,7.260999999999983,16,3,1,1,A
2022-08-19 00:00:00,1758.39,1758.55,1753.432,1754.135,11872.0,200.0,0.0,0.0,0,0,1,bullish,0,none,0,0,0,1,0,0,0,1,0,1,1,2,1,2,6.938214285714269,0,4,1,1,A
2022-08-22 00:00:00,1745.668,1748.992,1744.879,1746.504,11088.0,200.0,0.0,0.0,0,0,1,bullish,4,inverted_hammer,0,0,1,1,0,0,0,0,0,2,0,2,2,2,6.037071428571413,0,0,0,0,A
2022-08-23 08:00:00,1738.24,1743.813,1734.396,1738.028,14503.0,200.0,0.0,0.0,0,0,0,bullish,5,doji,0,0,1,0,0,0,1,1,0,1,2,3,1,3,6.209142857142898,8,1,0,0,A
2022-08-23 12:00:00,1738.023,1754.057,1730.786,1749.703,30104.0,200.0,0.0,0.0,0,0,0,bullish,1,bullish_engulfing,0,0,1,0,1,0,1,1,0,1,3,4,1,4,7.532571428571471,12,1,0,0,A
2022-08-24 04:00:00,1745.436,1748.103,1744.186,1747.882,11791.0,200.0,0.0,0.0,0,0,0,bullish,1,bullish_engulfing,0,0,1,0,1,0,0,0,0,1,1,2,1,2,7.041714285714355,4,2,0,0,A
2022-08-24 08:00:00,1747.885,1753.604,1742.431,1745.417,15823.0,200.0,0.0,0.0,0,0,0,bullish,2,bearish_engulfing,0,0,1,0,0,0,1,1,0,1,2,3,1,3,7.546000000000065,8,2,0,0,A
2022-08-24 12:00:00,1745.448,1755.904,1742.897,1751.177,25986.0,200.0,0.0,0.0,0,0,0,bullish,7,morning_star,0,0,1,0,1,0,1,1,0,1,3,4,1,4,7.740357142857208,12,2,0,0,A
2022-08-25 00:00:00,1750.974,1757.682,1749.921,1756.393,10347.0,200.0,0.0,0.0,0,0,0,bullish,1,bullish_engulfing,0,0,1,1,0,0,0,0,0,2,0,2,2,2,7.114142857142903,0,3,0,0,A
2022-08-25 04:00:00,1756.392,1763.661,1755.448,1762.418,13073.0,200.0,0.0,0.0,0,0,0,bullish,0,none,0,0,0,1,0,0,0,1,0,1,1,2,1,2,7.576142857142908,4,3,0,0,A
2022-08-25 08:00:00,1762.425,1765.437,1761.786,1762.451,15025.0,200.0,1765.437,0.0,0,0,0,bullish,0,none,1,0,0,0,0,1,1,1,0,1,3,4,1,4,7.3875000000000295,8,3,0,0,A
2022-08-25 12:00:00,1762.482,1762.738,1752.222,1755.295,24369.0,200.0,0.0,0.0,0,0,0,bullish,2,bearish_engulfing,0,0,1,0,0,1,1,1,0,1,3,4,1,4,7.841357142857175,12,3,0,0,A
2022-08-26 04:00:00,1757.378,1758.757,1751.715,1753.127,12263.0,200.0,0.0,0.0,0,0,0,bullish,8,evening_star,0,0,1,0,0,0,0,1,0,1,1,2,1,2,6.429928571428604,4,4,0,0,A
2022-08-26 16:00:00,1737.088,1739.553,1734.13,1736.828,15111.0,200.0,0.0,0.0,0,0,0,bullish,5,doji,0,0,1,0,0,0,0,1,0,1,1,2,1,2,7.710785714285732,16,4,0,0,A
2022-08-28 20:00:00,1734.774,1738.525,1733.125,1734.735,6173.0,200.0,0.0,0.0,0,0,0,bullish,5,doji,0,0,1,1,0,0,0,0,0,2,0,2,2,2,6.941000000000031,20,6,0,0,A
2022-08-29 00:00:00,1734.741,1736.159,1723.341,1724.495,15028.0,200.0,0.0,0.0,0,0,0,bullish,0,none,0,0,0,1,0,0,1,1,0,1,2,3,1,3,7.705000000000041,0,0,0,0,A
2022-08-29 04:00:00,1724.493,1725.81,1720.445,1721.557,15029.0,200.0,0.0,0.0,0,0,0,bullish,0,none,0,0,0,1,0,0,1,1,0,1,2,3,1,3,7.533857142857187,4,0,0,0,A
2022-08-30 00:00:00,1739.51,1740.474,1733.866,1734.937,10974.0,200.0,0.0,0.0,0,0,0,bullish,8,evening_star,0,0,1,0,0,1,0,0,0,1,1,2,1,2,8.482142857142906,0,1,0,0,A
2022-08-30 08:00:00,1731.384,1737.851,1730.975,1732.956,15366.0,200.0,0.0,0.0,0,0,0,bullish,4,inverted_hammer,0,0,1,0,0,1,1,1,0,1,3,4,1,4,8.667285714285754,8,1,0,0,A
2022-08-30 12:00:00,1732.949,1733.392,1721.131,1726.082,27322.0,200.0,0.0,0.0,0,0,0,bullish,8,evening_star,0,0,1,0,0,1,1,1,0,1,3,4,1,4,8.868428571428597,12,1,0,0,A
2022-08-31 04:00:00,1723.959,1726.483,1719.398,1720.928,12770.0,200.0,0.0,0.0,0,0,0,bullish,2,bearish_engulfing,0,0,1,1,0,0,0,0,0,2,0,2,2,2,7.610214285714294,4,2,0,0,A
2022-09-01 00:00:00,1708.919,1708.919,1702.251,1704.638,13116.0,200.0,0.0,0.0,0,0,0,bullish,0,none,0,0,0,1,0,0,0,1,0,1,1,2,1,2,7.293428571428568,0,3,0,0,A
2022-09-01 16:00:00,1695.452,1699.602,1694.402,1694.657,14858.0,200.0,0.0,0.0,0,0,0,bullish,6,shooting_star,0,0,1,0,0,0,0,1,0,1,1,2,1,2,8.03035714285714,16,3,0,0,A
2022-09-02 12:00:00,1705.772,1717.932,1704.121,1716.129,38918.0,200.0,1717.932,0.0,0,0,0,bullish,0,none,1,0,0,0,0,1,1,1,0,1,3,4,1,4,8.248714285714252,12,4,0,0,A
2022-09-05 00:00:00,1707.929,1712.766,1707.72,1711.997,11247.0,200.0,0.0,0.0,0,0,0,bullish,1,bullish_engulfing,0,0,1,0,0,1,0,0,0,1,1,2,1,2,6.802571428571404,0,0,0,0,A
2022-09-05 08:00:00,1710.706,1715.705,1710.463,1713.617,12586.0,200.0,0.0,0.0,0,0,0,bullish,1,bullish_engulfing,0,0,1,0,0,1,0,1,0,1,2,3,1,3,6.700071428571407,8,0,0,0,A
2022-09-07 00:00:00,1703.475,1703.801,1692.425,1693.397,16201.0,200.0,0.0,0.0,0,0,1,bullish,0,none,0,0,0,1,0,0,1,1,0,1,2,3,1,3,6.449214285714285,0,2,0,0,A
2022-09-07 04:00:00,1693.365,1703.66,1691.358,1703.182,16115.0,200.0,0.0,1691.358,0,0,1,bullish,0,none,1,0,0,0,0,1,1,1,0,1,3,4,1,4,6.997000000000006,4,2,0,0,A
2022-09-07 08:00:00,1703.214,1707.165,1700.273,1701.064,17680.0,200.0,0.0,0.0,0,0,1,bullish,6,shooting_star,0,0,1,0,1,1,1,1,0,1,4,5,1,5,7.128857142857149,8,2,0,0,A
2022-09-07 12:00:00,1701.062,1713.411,1697.023,1710.456,26271.0,200.0,0.0,0.0,0,0,1,bullish,1,bullish_engulfing,0,0,1,0,0,1,1,1,0,1,3,4,1,4,7.880928571428577,12,2,0,0,A
2022-09-07 20:00:00,1717.198,1719.426,1716.043,1716.553,4705.0,200.0,0.0,0.0,0,0,1,bullish,6,shooting_star,0,0,1,0,0,1,0,0,0,1,1,2,1,2,8.171642857142874,20,2,0,0,A
2022-09-08 04:00:00,1714.417,1722.778,1713.856,1717.592,15215.0,200.0,0.0,0.0,0,0,1,bullish,7,morning_star,0,0,1,0,0,1,1,1,0,1,3,4,1,4,8.751071428571452,4,3,0,0,A
2022-09-08 12:00:00,1723.759,1726.585,1703.814,1707.148,40700.0,200.0,0.0,0.0,0,0,1,bullish,8,evening_star,0,0,1,0,0,1,1,1,0,1,3,4,1,4,9.787571428571466,12,3,0,0,A
2022-09-08 16:00:00,1707.119,1711.573,1704.803,1706.764,15267.0,200.0,0.0,0.0,0,0,1,bullish,5,doji,0,0,1,0,0,1,0,1,0,1,2,3,1,3,9.887428571428602,16,3,0,0,A
2022-09-08 20:00:00,1706.766,1710.889,1706.766,1710.648,3695.0,200.0,0.0,0.0,0,0,1,bullish,7,morning_star,0,0,1,0,0,1,0,0,0,1,1,2,1,2,9.192500000000027,20,3,0,0,A
2022-09-09 04:00:00,1719.259,1729.238,1718.179,1727.24,15495.0,200.0,0.0,0.0,0,0,1,bullish,0,none,0,0,0,1,0,1,0,1,0,1,2,3,1,3,10.153785714285748,4,4,0,0,A
2022-09-12 04:00:00,1713.589,1726.47,1711.946,1724.353,15240.0,200.0,0.0,0.0,0,0,1,bullish,1,bullish_engulfing,0,0,1,0,0,0,1,1,0,1,2,3,1,3,9.278357142857155,4,0,0,0,A
2022-09-12 08:00:00,1724.344,1729.866,1721.857,1729.537,18068.0,200.0,0.0,0.0,0,0,1,bullish,0,none,0,0,0,1,0,0,1,1,0,1,2,3,1,3,9.213142857142868,8,0,0,0,A
2022-09-12 16:00:00,1734.244,1734.806,1723.719,1724.433,14998.0,200.0,0.0,0.0,0,0,1,bullish,2,bearish_engulfing,0,0,1,0,0,0,0,1,0,1,1,2,1,2,8.367714285714296,16,0,0,0,A
2022-09-13 16:00:00,1700.947,1707.259,1700.573,1702.432,16109.0,200.0,0.0,0.0,0,0,1,bullish,4,inverted_hammer,0,0,1,0,0,0,1,1,0,1,2,3,1,3,9.21764285714286,16,1,0,0,A
2022-09-14 08:00:00,1703.113,1706.089,1701.007,1701.591,18372.0,200.0,0.0,0.0,0,0,1,bullish,6,shooting_star,0,0,1,0,1,0,1,1,0,1,3,4,1,4,9.364214285714281,8,2,0,0,A
2022-09-14 12:00:00,1701.568,1707.068,1698.993,1703.606,28082.0,200.0,0.0,0.0,0,0,1,bullish,1,bullish_engulfing,0,0,1,0,0,0,1,1,0,1,2,3,1,3,8.90357142857142,12,2,0,0,A
2022-09-14 16:00:00,1703.636,1703.774,1693.596,1695.624,14560.0,200.0,0.0,0.0,0,0,1,bullish,2,bearish_engulfing,0,0,1,1,0,0,0,0,0,2,0,2,2,2,9.058499999999981,16,2,0,0,A
2022-09-15 00:00:00,1697.494,1697.775,1690.201,1692.699,10366.0,200.0,0.0,0.0,0,0,1,bullish,8,evening_star,0,0,1,1,0,0,0,0,0,2,0,2,2,2,8.188928571428553,0,3,0,0,A
2022-09-15 12:00:00,1686.332,1692.102,1663.18,1664.369,39653.0,200.0,0.0,0.0,0,0,1,bullish,0,none,0,0,0,1,0,0,1,1,0,1,2,3,1,3,10.31657142857138,12,3,0,0,A
2022-09-15 16:00:00,1664.339,1669.239,1660.181,1663.87,17119.0,200.0,0.0,0.0,0,0,1,bullish,5,doji,0,0,1,0,0,0,0,1,0,1,1,2,1,2,10.282214285714238,16,3,0,0,A
2022-09-16 08:00:00,1655.718,1667.826,1654.107,1665.374,17797.0,200.0,0.0,0.0,0,0,0,bullish,7,morning_star,0,0,1,0,0,0,1,1,0,1,2,3,1,3,9.213857142857105,8,4,0,0,A
2022-09-19 12:00:00,1661.936,1675.291,1661.284,1670.616,27738.0,200.0,0.0,0.0,0,0,0,bullish,7,morning_star,0,0,1,0,0,0,1,1,0,1,2,3,1,3,10.942857142857113,12,0,0,0,A
2022-09-20 04:00:00,1676.955,1677.185,1670.166,1672.554,14208.0,200.0,0.0,0.0,0,0,0,bullish,2,bearish_engulfing,0,0,1,0,0,0,0,1,0,1,1,2,1,2,8.970357142857113,4,1,0,0,A
2022-09-21 04:00:00,1663.736,1675.903,1661.686,1670.981,17580.0,200.0,0.0,0.0,0,0,0,bullish,1,bullish_engulfing,0,0,1,0,0,0,1,1,0,1,2,3,1,3,7.403285714285695,4,2,0,0,A
2022-09-21 12:00:00,1675.138,1676.267,1665.724,1667.512,23664.0,200.0,0.0,0.0,0,0,0,bullish,2,bearish_engulfing,0,0,1,0,0,0,1,1,0,1,2,3,1,3,7.239071428571443,12,2,0,0,A
2022-09-21 20:00:00,1672.418,1674.76,1665.847,1667.043,7306.0,200.0,0.0,0.0,0,0,0,bullish,8,evening_star,0,0,1,0,0,1,0,0,0,1,1,2,1,2,8.896642857142897,20,2,0,0,A
2022-09-22 12:00:00,1672.165,1684.833,1667.916,1671.452,42422.0,200.0,0.0,0.0,0,0,0,bullish,5,doji,0,0,1,0,0,1,1,1,0,1,3,4,1,4,11.370500000000058,12,3,0,0,A
2022-09-22 16:00:00,1671.485,1676.339,1669.322,1671.802,18749.0,200.0,0.0,0.0,0,0,0,bullish,5,doji,0,0,1,0,0,1,0,1,0,1,2,3,1,3,11.410142857142919,16,3,0,0,A
2022-09-23 00:00:00,1672.737,1675.933,1668.558,1669.122,11137.0,200.0,0.0,0.0,0,0,0,bullish,2,bearish_engulfing,0,0,1,0,0,1,0,0,0,1,1,2,1,2,11.095785714285771,0,4,0,0,A
2022-09-23 04:00:00,1669.154,1674.125,1666.332,1667.355,15181.0,200.0,0.0,0.0,0,0,0,bullish,6,shooting_star,0,0,1,0,0,1,0,0,0,1,1,2,1,2,11.472642857142903,4,4,0,0,A
2022-09-23 12:00:00,1647.649,1657.593,1641.403,1646.197,40050.0,200.0,0.0,0.0,0,0,0,bullish,5,doji,0,0,1,0,0,0,1,1,0,1,2,3,1,3,13.245285714285744,12,4,0,0,A
2022-09-26 00:00:00,1644.085,1645.873,1626.434,1638.445,34736.0,200.0,0.0,0.0,0,0,0,bullish,2,bearish_engulfing,0,0,1,0,0,0,1,1,0,1,2,3,1,3,11.386285714285723,0,0,0,0,A
2022-09-26 20:00:00,1624.22,1628.649,1621.048,1627.669,7606.0,200.0,0.0,1621.048,↓,0,0,bullish,0,none,1,1,0,0,0,0,0,0,0,2,0,2,2,2,11.336714285714265,20,0,0,0,A
2022-09-27 08:00:00,1637.255,1642.334,1632.429,1636.678,19548.0,200.0,0.0,0.0,0,0,0,bullish,5,doji,0,0,1,0,0,0,0,1,0,1,1,2,1,2,11.865499999999965,8,1,0,0,A
2022-09-28 16:00:00,1658.761,1662.66,1655.215,1660.609,21867.0,200.0,0.0,0.0,0,0,0,bullish,0,none,0,0,0,1,0,0,1,1,0,1,2,3,1,3,11.230428571428563,16,2,0,0,A
2022-09-30 16:00:00,1671.32,1671.676,1660.055,1661.775,20183.0,200.0,0.0,0.0,0,0,0,bullish,2,bearish_engulfing,0,0,1,0,0,0,0,1,0,1,1,2,1,2,11.648357142857126,16,4,0,0,A
2022-10-03 04:00:00,1663.925,1668.288,1661.706,1663.732,18354.0,200.0,0.0,0.0,0,0,0,bullish,5,doji,0,0,1,0,0,0,0,1,0,1,1,2,1,2,9.07364285714287,4,0,0,0,A
2022-10-03 16:00:00,1690.344,1701.393,1687.257,1700.771,21448.0,200.0,0.0,0.0,0,0,0,bullish,0,none,0,0,0,1,1,0,1,1,0,1,3,4,1,4,9.961142857142883,16,0,0,0,A
2022-10-04 00:00:00,1701.0,1701.155,1695.125,1699.695,13603.0,200.0,0.0,0.0,0,0,0,bullish,2,bearish_engulfing,0,0,1,0,1,0,0,0,0,1,1,2,1,2,9.762142857142894,0,1,0,0,A
2022-10-04 04:00:00,1699.717,1710.488,1697.434,1708.095,20118.0,200.0,0.0,0.0,0,0,0,bullish,0,none,0,0,0,1,0,0,0,1,0,1,1,2,1,2,10.26214285714291,4,1,0,0,A
2022-10-04 12:00:00,1705.802,1728.85,1703.976,1725.718,38250.0,200.0,0.0,0.0,0,0,0,bullish,1,bullish_engulfing,0,0,1,0,0,0,1,1,0,1,2,3,1,3,11.139142857142897,12,1,0,0,A
2022-10-05 00:00:00,1725.562,1725.646,1717.838,1719.319,14554.0,200.0,0.0,0.0,0,0,1,bullish,8,evening_star,0,0,1,0,0,1,0,0,0,1,1,2,1,2,10.633857142857194,0,2,0,0,A
2022-10-05 04:00:00,1719.315,1727.552,1715.019,1716.296,17394.0,200.0,0.0,0.0,0,0,1,bullish,6,shooting_star,0,0,1,0,0,1,0,0,0,1,1,2,1,2,11.212571428571469,4,2,0,0,A
2022-10-06 08:00:00,1724.598,1724.798,1710.844,1714.887,20679.0,200.0,0.0,0.0,0,0,1,bullish,8,evening_star,0,0,1,0,0,1,1,1,0,1,3,4,1,4,10.73878571428572,8,3,0,0,A
2022-10-07 08:00:00,1710.863,1714.764,1706.192,1709.188,16504.0,200.0,0.0,0.0,0,0,1,bullish,2,bearish_engulfing,0,0,1,0,0,0,0,1,0,1,1,2,1,2,8.736357142857141,8,4,0,0,A
2022-10-10 04:00:00,1688.857,1689.566,1682.119,1682.724,15781.0,200.0,0.0,0.0,0,0,1,bullish,0,none,0,0,0,1,0,0,0,1,0,1,1,2,1,2,8.751500000000012,4,0,0,0,A
2022-10-10 12:00:00,1676.981,1679.131,1665.618,1666.868,30515.0,200.0,0.0,0.0,0,0,1,bullish,0,none,0,0,0,1,0,0,1,1,0,1,2,3,1,3,9.067785714285751,12,0,0,0,A
2022-10-11 04:00:00,1664.126,1669.62,1661.757,1664.656,19273.0,200.0,0.0,0.0,0,0,1,bullish,5,doji,0,0,1,0,0,0,1,1,0,1,2,3,1,3,9.082000000000026,4,1,0,0,A
2022-10-11 08:00:00,1664.633,1670.621,1660.867,1670.197,22328.0,200.0,0.0,1660.867,0,0,1,bullish,0,none,1,0,0,0,0,0,1,1,0,1,2,3,1,3,9.375000000000032,8,1,0,0,A
2022-10-12 04:00:00,1665.318,1675.218,1664.761,1668.944,23159.0,200.0,0.0,0.0,0,0,1,bullish,4,inverted_hammer,0,0,1,0,0,1,1,1,0,1,3,4,1,4,9.812071428571471,4,2,0,0,A
2022-10-12 12:00:00,1668.496,1673.159,1664.727,1669.458,34074.0,200.0,0.0,0.0,0,0,1,bullish,5,doji,0,0,1,0,0,1,1,1,0,1,3,4,1,4,9.541000000000038,12,2,0,0,A
2022-10-13 08:00:00,1672.263,1682.36,1670.637,1678.743,18989.0,200.0,1682.36,0.0,0,0,1,bullish,0,none,1,0,0,0,0,1,1,1,0,1,3,4,1,4,9.061071428571429,8,3,0,0,A
2022-10-13 12:00:00,1678.712,1678.88,1642.337,1665.661,77241.0,200.0,0.0,0.0,0,0,1,bullish,8,evening_star,0,0,1,0,0,1,1,1,0,1,3,4,1,4,11.109642857142878,12,3,0,0,A
2022-10-13 16:00:00,1665.694,1672.46,1662.883,1663.9,28234.0,200.0,0.0,0.0,0,0,1,bullish,6,shooting_star,0,0,1,0,0,1,1,1,0,1,3,4,1,4,11.097000000000012,16,3,0,0,A
2022-10-14 00:00:00,1663.418,1670.208,1658.996,1668.996,16484.0,200.0,0.0,0.0,0,0,1,bullish,1,bullish_engulfing,0,0,1,0,0,1,0,1,0,1,2,3,1,3,9.412500000000007,0,4,0,0,A
2022-10-14 12:00:00,1654.923,1663.959,1644.686,1644.686,44071.0,200.0,0.0,0.0,0,0,1,bullish,0,none,0,0,0,1,0,0,1,1,0,1,2,3,1,3,11.1875,12,4,0,0,A
2022-10-17 12:00:00,1657.939,1668.339,1657.032,1663.282,29122.0,200.0,1668.339,0.0,0,0,0,bullish,0,none,1,0,0,0,0,1,1,1,0,1,3,4,1,4,10.986928571428573,12,0,0,0,A
2022-10-18 20:00:00,1651.333,1654.466,1650.673,1652.305,4714.0,200.0,0.0,0.0,0,0,0,bullish,4,inverted_hammer,0,0,1,0,0,1,0,0,0,1,1,2,1,2,7.396428571428601,20,1,0,0,A
2022-10-19 00:00:00,1652.304,1653.366,1649.026,1649.241,11843.0,200.0,0.0,0.0,0,0,0,bullish,8,evening_star,0,0,1,0,1,1,0,0,0,1,2,3,1,3,7.558857142857164,0,2,0,0,A
2022-10-19 12:00:00,1635.216,1637.703,1630.342,1630.492,31815.0,200.0,0.0,0.0,0,0,0,bullish,0,none,0,0,0,1,0,0,1,1,0,1,2,3,1,3,8.52228571428574,12,2,0,0,A
2022-10-19 16:00:00,1630.508,1631.199,1627.661,1629.494,17291.0,200.0,0.0,0.0,0,0,0,bullish,0,none,0,0,0,1,0,0,1,1,0,1,2,3,1,3,8.239928571428598,16,2,0,0,A
2022-10-20 04:00:00,1626.217,1634.975,1625.126,1632.732,19217.0,200.0,0.0,0.0,0,0,0,bullish,1,bullish_engulfing,0,0,1,0,0,0,1,1,0,1,2,3,1,3,7.435428571428572,4,3,0,0,A
2022-10-20 16:00:00,1641.278,1641.45,1624.715,1626.845,18420.0,200.0,0.0,0.0,0,0,0,bullish,2,bearish_engulfing,0,0,1,0,0,0,1,1,0,1,2,3,1,3,8.804499999999978,16,3,0,0,A
2022-10-21 04:00:00,1621.593,1627.252,1616.886,1623.781,16096.0,200.0,0.0,1616.886,↓,0,0,bullish,0,none,1,1,0,0,0,0,0,0,0,2,0,2,2,2,8.885214285714255,4,4,0,0,A
2022-10-21 08:00:00,1623.773,1627.999,1619.183,1623.141,19563.0,200.0,0.0,0.0,0,0,0,bullish,5,doji,0,0,1,0,0,0,1,1,0,1,2,3,1,3,9.20492857142855,8,4,0,0,A
2022-10-21 12:00:00,1623.13,1650.951,1619.148,1650.92,72226.0,200.0,0.0,0.0,0,0,0,bullish,1,bullish_engulfing,0,0,1,0,1,0,1,1,0,1,3,4,1,4,10.617214285714274,12,4,0,0,A
2022-10-21 16:00:00,1650.875,1657.042,1647.339,1655.233,31430.0,200.0,0.0,0.0,0,0,0,bullish,0,none,0,0,0,1,0,0,1,1,0,1,2,3,1,3,10.384214285714263,16,4,0,0,A
2022-10-24 00:00:00,1661.219,1663.306,1651.907,1654.01,22092.0,200.0,0.0,0.0,0,0,1,bullish,8,evening_star,0,0,1,0,0,1,1,1,0,1,3,4,1,4,11.43664285714286,0,0,0,0,A
2022-10-24 08:00:00,1649.263,1652.252,1644.131,1650.034,24533.0,200.0,0.0,0.0,0,0,1,bullish,5,doji,0,0,1,0,1,1,1,1,0,1,4,5,1,5,11.51685714285715,8,0,0,0,A
2022-10-25 00:00:00,1651.773,1654.862,1647.173,1651.593,16730.0,200.0,0.0,0.0,0,0,1,bullish,5,doji,0,0,1,0,0,1,0,0,0,1,1,2,1,2,10.168357142857174,0,1,0,0,A
2022-10-25 08:00:00,1645.153,1648.283,1638.121,1643.788,17848.0,200.0,0.0,1638.121,0,0,1,bullish,0,none,1,0,0,0,0,1,0,1,0,1,2,3,1,3,10.162285714285742,8,1,0,0,A
2022-10-26 00:00:00,1652.765,1657.577,1649.733,1657.007,14363.0,200.0,0.0,0.0,0,0,1,bullish,7,morning_star,0,0,1,0,0,1,0,0,0,1,1,2,1,2,9.064142857142883,0,2,0,0,A
2022-10-26 04:00:00,1657.009,1671.475,1655.14,1670.899,17660.0,200.0,0.0,0.0,0,0,1,bullish,0,none,0,0,0,1,0,0,0,1,0,1,1,2,1,2,9.231214285714291,4,2,0,0,A
2022-10-26 12:00:00,1668.195,1672.607,1660.561,1667.116,33445.0,200.0,0.0,0.0,0,0,1,bullish,5,doji,0,0,1,0,0,1,1,1,0,1,3,4,1,4,9.163285714285719,12,2,0,0,A
2022-10-27 00:00:00,1667.524,1670.754,1662.268,1664.586,14779.0,200.0,0.0,0.0,0,0,1,bullish,2,bearish_engulfing,0,0,1,0,0,1,0,0,0,1,1,2,1,2,8.790785714285708,0,3,0,0,A
2022-10-27 08:00:00,1662.715,1666.66,1659.822,1661.968,17307.0,200.0,0.0,0.0,0,0,1,bullish,5,doji,0,0,1,0,0,1,0,1,0,1,2,3,1,3,9.227714285714294,8,3,0,0,A
2022-10-27 12:00:00,1661.936,1665.7,1654.798,1661.206,47329.0,200.0,0.0,0.0,0,0,1,bullish,5,doji,0,0,1,0,0,1,1,1,0,1,3,4,1,4,9.452500000000002,12,3,0,0,A
2022-10-27 16:00:00,1661.175,1662.57,1656.722,1662.295,17478.0,200.0,0.0,0.0,0,0,1,bullish,1,bullish_engulfing,0,0,1,0,0,1,0,1,0,1,2,3,1,3,9.144357142857157,16,3,0,0,A
2022-10-28 00:00:00,1661.861,1666.992,1660.504,1664.725,14912.0,200.0,0.0,0.0,0,0,1,bullish,1,bullish_engulfing,0,0,1,0,0,1,0,0,0,1,1,2,1,2,7.762000000000024,0,4,0,0,A
2022-10-28 04:00:00,1664.756,1665.391,1651.424,1652.673,17606.0,200.0,0.0,0.0,0,0,1,bullish,2,bearish_engulfing,0,0,1,0,0,1,0,1,0,1,2,3,1,3,8.552428571428598,4,4,0,0,A
2022-10-28 12:00:00,1650.404,1652.797,1637.811,1639.6,41293.0,200.0,0.0,0.0,0,0,1,bullish,0,none,0,0,0,1,0,1,1,1,0,1,3,4,1,4,8.43257142857148,12,4,0,0,A
2022-10-31 04:00:00,1644.323,1645.56,1640.426,1641.125,11701.0,200.0,0.0,0.0,0,0,1,bullish,8,evening_star,0,0,1,0,0,0,0,1,0,1,1,2,1,2,7.142642857142927,4,0,0,0,A
2022-10-31 12:00:00,1639.742,1642.036,1633.354,1638.937,25709.0,200.0,0.0,0.0,0,0,1,bullish,5,doji,0,0,1,0,0,0,1,1,0,1,2,3,1,3,6.9730714285714805,12,0,0,0,A
2022-10-31 16:00:00,1638.969,1640.282,1631.677,1632.029,15597.0,200.0,0.0,0.0,0,0,1,bullish,0,none,0,0,0,1,0,0,0,1,0,1,1,2,1,2,6.80900000000005,16,0,0,0,A
2022-10-31 20:00:00,1632.064,1633.786,1631.787,1632.416,5471.0,200.0,0.0,0.0,0,0,1,bullish,4,inverted_hammer,0,0,1,1,0,0,0,0,0,2,0,2,2,2,6.534071428571484,20,0,0,0,A
2022-11-01 12:00:00,1652.221,1656.969,1642.026,1644.387,37016.0,200.0,0.0,0.0,0,0,0,bullish,2,bearish_engulfing,0,0,1,0,0,0,1,1,0,1,2,3,1,3,7.763071428571477,12,1,0,0,A
2022-11-02 00:00:00,1646.804,1653.288,1646.624,1650.692,13634.0,200.0,0.0,0.0,0,0,0,bullish,7,morning_star,0,0,1,0,1,0,0,0,0,1,1,2,1,2,7.318571428571464,0,2,0,0,A
2022-11-02 12:00:00,1655.176,1658.829,1645.625,1646.384,25104.0,200.0,0.0,0.0,0,0,0,bullish,8,evening_star,0,0,1,0,0,0,1,1,0,1,2,3,1,3,8.0599285714286,12,2,0,0,A
2022-11-03 00:00:00,1633.718,1640.911,1632.747,1637.63,13527.0,200.0,0.0,0.0,0,0,0,bullish,1,bullish_engulfing,0,0,1,0,0,1,0,0,0,1,1,2,1,2,9.815857142857178,0,3,0,0,A
2022-11-04 00:00:00,1629.771,1640.044,1629.315,1639.144,12993.0,200.0,0.0,0.0,0,0,0,bullish,7,morning_star,0,0,1,0,0,1,0,0,0,1,1,2,1,2,9.90850000000002,0,4,0,0,A
2022-11-04 16:00:00,1671.133,1681.665,1667.702,1680.768,23563.0,200.0,0.0,0.0,0,0,0,bullish,0,none,0,0,0,1,0,0,1,1,0,1,2,3,1,3,13.51864285714287,16,4,0,0,A
2022-11-04 20:00:00,1680.737,1681.614,1679.623,1680.966,2114.0,200.0,0.0,0.0,0,0,0,bullish,5,doji,0,0,1,1,0,0,0,0,0,2,0,2,2,2,12.717714285714303,20,4,0,0,A
2022-11-07 08:00:00,1668.068,1680.35,1667.01,1676.972,19285.0,200.0,0.0,0.0,0,0,0,bullish,1,bullish_engulfing,0,0,1,0,0,0,0,1,0,1,1,2,1,2,11.014714285714263,8,0,0,0,A
2022-11-07 16:00:00,1678.964,1680.225,1675.08,1675.377,16424.0,200.0,0.0,0.0,0,0,0,bullish,2,bearish_engulfing,0,0,1,0,0,0,0,1,0,1,1,2,1,2,10.000142857142837,16,0,0,0,A
2022-11-08 12:00:00,1672.598,1714.146,1669.983,1713.058,38329.0,200.0,0.0,0.0,0,0,0,bullish,0,none,0,0,0,1,0,0,1,1,0,1,2,3,1,3,11.704357142857118,12,1,0,0,A
2022-11-09 04:00:00,1709.226,1712.699,1707.407,1711.618,16103.0,200.0,0.0,0.0,0,0,0,bullish,1,bullish_engulfing,0,0,1,0,0,0,0,1,0,1,1,2,1,2,9.10242857142857,4,2,0,0,A
2022-11-09 08:00:00,1711.652,1715.772,1703.868,1708.744,21823.0,200.0,0.0,0.0,0,0,0,bullish,2,bearish_engulfing,0,0,1,0,0,0,1,1,0,1,2,3,1,3,9.596999999999996,8,2,1,1,A
2022-11-09 16:00:00,1711.539,1714.36,1702.124,1703.74,23073.0,200.0,0.0,0.0,0,0,0,bullish,2,bearish_engulfing,0,0,1,0,0,0,1,1,0,1,2,3,1,3,10.336071428571424,16,2,1,1,A
2022-11-10 12:00:00,1707.397,1753.262,1706.85,1750.944,58603.0,200.0,0.0,0.0,0,0,0,bullish,0,none,0,0,0,1,1,0,1,1,0,1,3,4,1,4,13.397000000000016,12,3,1,1,A
2022-11-11 12:00:00,1759.31,1766.046,1755.506,1763.677,33479.0,200.0,0.0,0.0,0,0,0,bullish,7,morning_star,0,0,1,0,0,0,1,1,0,1,2,3,1,3,12.26264285714285,12,4,1,1,A
2022-11-14 00:00:00,1763.447,1766.277,1760.828,1763.414,19986.0,200.0,0.0,0.0,0,0,0,bullish,5,doji,0,0,1,0,0,0,0,1,0,1,1,2,1,2,11.066785714285711,0,0,1,1,A
2022-11-14 08:00:00,1762.247,1766.126,1753.101,1756.305,22209.0,200.0,0.0,1753.101,0,0,0,bullish,0,none,1,0,0,0,0,0,1,1,0,1,2,3,1,3,11.53435714285711,8,0,1,1,A
2022-11-14 12:00:00,1756.267,1775.007,1755.473,1771.461,29418.0,200.0,0.0,0.0,0,0,0,bullish,1,bullish_engulfing,0,0,1,0,0,0,1,1,0,1,2,3,1,3,12.488071428571402,12,0,1,1,A
2022-11-15 16:00:00,1771.108,1785.724,1767.952,1778.494,44647.0,200.0,0.0,0.0,0,0,1,bullish,1,bullish_engulfing,0,0,1,0,0,1,1,1,0,1,3,4,1,4,10.6242857142857,16,1,1,1,A
2022-11-16 00:00:00,1780.774,1781.399,1771.691,1771.834,20593.0,200.0,0.0,0.0,0,0,1,bullish,2,bearish_engulfing,0,0,1,0,0,1,0,1,0,1,2,3,1,3,10.506642857142847,0,2,1,1,A
2022-11-17 16:00:00,1760.204,1762.301,1755.417,1760.787,17838.0,200.0,0.0,0.0,0,0,1,bullish,5,doji,0,0,1,0,0,1,0,1,0,1,2,3,1,3,9.895857142857137,16,3,1,1,A
2022-11-18 08:00:00,1765.498,1767.674,1759.912,1760.31,19425.0,200.0,0.0,0.0,0,0,1,bullish,8,evening_star,0,0,1,0,0,0,0,1,0,1,1,2,1,2,7.825785714285709,8,4,1,1,A
2022-11-18 16:00:00,1757.246,1757.908,1747.487,1748.368,16148.0,200.0,0.0,0.0,0,0,1,bullish,0,none,0,0,0,1,1,0,0,1,0,1,2,3,1,3,8.406285714285689,16,4,1,1,A
2022-11-21 00:00:00,1752.256,1752.986,1743.817,1746.782,14968.0,200.0,0.0,0.0,0,0,1,bullish,8,evening_star,0,0,1,0,0,0,0,1,0,1,1,2,1,2,7.805714285714251,0,0,1,1,A
2022-11-21 04:00:00,1746.807,1747.418,1741.968,1742.496,16462.0,200.0,0.0,0.0,0,0,1,bullish,0,none,0,0,0,1,0,0,0,1,0,1,1,2,1,2,7.3577142857142395,4,0,1,1,A
2022-11-22 12:00:00,1748.549,1748.549,1741.51,1741.833,22481.0,200.0,0.0,0.0,0,0,0,bullish,2,bearish_engulfing,0,0,1,0,0,1,1,1,0,1,3,4,1,4,7.205571428571408,12,1,1,1,A
2022-11-23 00:00:00,1741.14,1742.851,1736.674,1737.174,11176.0,200.0,0.0,0.0,0,0,0,bullish,2,bearish_engulfing,0,0,1,0,0,1,0,0,0,1,1,2,1,2,6.290214285714293,0,2,1,1,A
2022-11-23 04:00:00,1737.166,1745.727,1732.665,1744.199,13799.0,200.0,0.0,0.0,0,0,0,bullish,1,bullish_engulfing,0,0,1,0,0,1,0,0,0,1,1,2,1,2,7.098714285714307,4,2,1,1,A
2022-11-24 00:00:00,1752.302,1756.54,1752.297,1756.243,13726.0,200.0,0.0,0.0,0,0,0,bullish,0,none,0,0,0,1,0,1,0,0,0,1,1,2,1,2,7.93042857142856,0,3,1,1,A
2022-11-24 12:00:00,1758.271,1758.537,1755.099,1756.79,14929.0,200.0,0.0,0.0,0,0,0,bullish,0,none,0,0,0,1,0,1,0,1,0,1,2,3,1,3,7.81642857142856,12,3,1,1,A
2022-11-25 00:00:00,1755.375,1759.644,1752.352,1759.516,14227.0,200.0,0.0,0.0,0,0,0,bullish,0,none,0,0,0,1,0,0,1,1,1,1,3,4,1,4,7.2915714285713875,0,4,1,1,A
2022-11-25 04:00:00,1759.54,1761.12,1751.394,1751.419,13834.0,200.0,0.0,0.0,0,0,0,bullish,2,bearish_engulfing,0,0,1,0,1,1,0,1,1,1,4,5,1,5,7.701214285714237,4,4,1,1,A
2022-11-25 08:00:00,1751.385,1754.362,1749.224,1751.011,16971.0,200.0,0.0,0.0,0,0,0,bullish,5,doji,0,0,1,0,1,1,1,1,1,1,5,6,1,6,7.626999999999953,8,4,1,1,A
2022-11-25 12:00:00,1751.024,1752.552,1745.947,1750.301,20501.0,200.0,0.0,0.0,0,0,0,bullish,5,doji,0,0,1,0,1,1,1,1,1,1,5,6,1,6,7.16578571428566,12,4,1,1,A
2022-11-28 12:00:00,1758.64,1759.113,1742.844,1745.444,28645.0,200.0,0.0,0.0,0,0,1,bullish,2,bearish_engulfing,0,0,1,0,0,1,1,1,0,1,3,4,1,4,7.136142857142837,12,0,1,1,A
2022-11-28 20:00:00,1740.274,1742.039,1739.601,1741.231,7065.0,200.0,0.0,1739.601,0,0,1,bullish,0,none,1,0,0,0,0,1,0,0,0,1,1,2,1,2,7.13557142857139,20,0,1,1,A
2022-11-30 00:00:00,1748.92,1754.754,1747.742,1754.744,12196.0,200.0,0.0,0.0,0,0,1,bullish,7,morning_star,0,0,1,0,0,1,0,0,0,1,1,2,1,2,7.749214285714272,0,2,1,1,A
2022-11-30 04:00:00,1754.741,1756.776,1752.887,1755.141,12590.0,200.0,0.0,0.0,0,0,1,bullish,5,doji,0,0,1,0,0,1,0,0,0,1,1,2,1,2,7.594857142857141,4,2,1,1,A
2022-11-30 08:00:00,1755.11,1763.097,1754.836,1762.171,17060.0,200.0,0.0,0.0,0,0,1,bullish,0,none,0,0,0,1,0,1,1,1,0,1,3,4,1,4,7.618785714285715,8,2,1,1,A
2022-11-30 12:00:00,1762.203,1764.696,1749.108,1752.565,33249.0,200.0,0.0,0.0,0,0,1,bullish,2,bearish_engulfing,0,0,1,0,0,1,1,1,0,1,3,4,1,4,8.328499999999995,12,2,1,1,A
2022-12-01 08:00:00,1775.41,1781.299,1774.727,1780.469,18320.0,200.0,0.0,0.0,0,0,1,bullish,7,morning_star,0,0,1,0,0,0,1,1,0,1,2,3,1,3,8.689642857142855,8,3,1,1,A
2022-12-01 16:00:00,1796.476,1803.323,1796.139,1803.295,20794.0,200.0,0.0,0.0,0,0,1,bullish,0,none,0,0,0,1,0,0,1,1,0,1,2,3,1,3,10.062428571428573,16,3,1,1,A
2022-12-04 20:00:00,1795.131,1799.341,1794.397,1798.946,3012.0,200.0,0.0,0.0,0,0,1,bullish,1,bullish_engulfing,0,0,1,0,1,1,0,0,0,1,2,3,1,3,9.107285714285695,20,6,1,1,A
2022-12-05 00:00:00,1798.977,1808.989,1798.631,1808.575,16056.0,200.0,0.0,0.0,0,0,1,bullish,0,none,0,0,0,1,0,0,0,1,0,1,1,2,1,2,9.33564285714283,0,0,1,1,A
2022-12-05 16:00:00,1777.921,1779.367,1765.756,1768.129,19897.0,200.0,0.0,1765.756,0,0,1,bullish,0,none,1,0,0,0,0,1,1,1,0,1,3,4,1,4,10.140499999999975,16,0,1,1,A
2022-12-06 04:00:00,1771.978,1774.85,1767.28,1771.542,14571.0,200.0,0.0,0.0,0,0,1,bullish,5,doji,0,0,1,0,0,1,0,0,0,1,1,2,1,2,10.265857142857092,4,1,1,1,A
2022-12-06 08:00:00,1771.539,1778.922,1769.275,1778.908,17627.0,200.0,0.0,0.0,0,0,1,bullish,1,bullish_engulfing,0,0,1,0,0,1,0,1,0,1,2,3,1,3,10.475499999999945,8,1,1,1,A
2022-12-07 04:00:00,1773.148,1775.136,1769.611,1772.79,14571.0,200.0,0.0,0.0,0,0,1,bullish,5,doji,0,0,1,0,0,1,0,0,0,1,1,2,1,2,9.389214285714242,4,2,1,1,A
2022-12-07 08:00:00,1772.76,1775.877,1771.112,1771.408,16640.0,200.0,0.0,0.0,0,0,1,bullish,6,shooting_star,0,0,1,0,0,1,0,1,0,1,2,3,1,3,8.989714285714237,8,2,1,1,A
2022-12-07 12:00:00,1771.42,1787.651,1770.766,1780.546,34370.0,200.0,0.0,0.0,0,0,1,bullish,7,morning_star,0,0,1,0,0,1,1,1,0,1,3,4,1,4,9.310642857142804,12,2,1,1,A
2022-12-08 08:00:00,1785.915,1785.915,1781.624,1783.678,14437.0,200.0,0.0,0.0,0,0,1,bullish,2,bearish_engulfing,0,0,1,0,0,1,0,1,0,1,2,3,1,3,7.690928571428539,8,3,1,1,A
2022-12-08 12:00:00,1783.657,1794.664,1783.385,1790.21,26489.0,200.0,0.0,0.0,0,0,1,bullish,1,bullish_engulfing,0,0,1,0,0,1,1,1,0,1,3,4,1,4,7.9558571428571145,12,3,1,1,A
2022-12-08 16:00:00,1790.179,1792.074,1786.57,1789.531,15946.0,200.0,0.0,0.0,0,0,1,bullish,5,doji,0,0,1,0,0,0,0,1,0,1,1,2,1,2,7.659928571428558,16,3,1,1,A
2022-12-12 12:00:00,1794.369,1794.678,1783.035,1784.871,22414.0,200.0,0.0,0.0,0,0,1,bullish,2,bearish_engulfing,0,0,1,0,0,0,1,1,0,1,2,3,1,3,7.956571428571432,12,0,1,1,A
2022-12-12 16:00:00,1784.901,1785.331,1777.541,1781.518,17682.0,200.0,0.0,1777.541,0,0,1,bullish,0,none,1,0,0,0,0,1,1,1,0,1,3,4,1,4,7.707357142857144,16,0,1,1,A
2022-12-12 20:00:00,1781.486,1782.071,1779.484,1781.893,6228.0,200.0,0.0,0.0,0,0,1,bullish,3,hammer,0,0,1,0,0,1,0,0,0,1,1,2,1,2,7.498999999999991,20,0,1,1,A
2022-12-14 00:00:00,1809.586,1812.618,1808.813,1809.935,12138.0,200.0,0.0,0.0,0,0,1,bullish,5,doji,0,0,1,0,0,1,0,1,0,1,2,3,1,3,8.493714285714272,0,2,1,1,A
2022-12-14 04:00:00,1809.924,1813.195,1807.402,1808.943,11355.0,200.0,0.0,0.0,0,0,1,bullish,8,evening_star,0,0,1,0,0,1,0,0,0,1,1,2,1,2,8.714785714285702,4,2,1,1,A
2022-12-14 16:00:00,1811.926,1812.286,1795.718,1805.085,49580.0,200.0,0.0,0.0,0,0,1,bullish,2,bearish_engulfing,0,0,1,0,0,1,1,1,0,1,3,4,1,4,9.353714285714286,16,2,1,1,A
2022-12-14 20:00:00,1805.12,1814.085,1804.191,1807.616,18040.0,200.0,0.0,0.0,0,0,1,bullish,4,inverted_hammer,0,0,1,0,0,1,1,1,0,1,3,4,1,4,9.228785714285712,20,2,1,1,A
2022-12-15 00:00:00,1807.617,1807.818,1792.443,1793.096,14414.0,200.0,0.0,0.0,0,0,1,bullish,2,bearish_engulfing,0,0,1,0,0,1,0,0,0,1,1,2,1,2,9.77057142857143,0,3,1,1,A
2022-12-15 12:00:00,1778.849,1786.044,1773.879,1778.905,40954.0,200.0,0.0,0.0,0,0,0,bullish,5,doji,0,0,1,0,0,1,1,1,0,1,3,4,1,4,11.363357142857158,12,3,1,1,A
2022-12-15 16:00:00,1778.935,1779.903,1774.432,1777.823,19789.0,200.0,0.0,0.0,0,0,0,bullish,2,bearish_engulfing,0,0,1,0,0,1,0,1,0,1,2,3,1,3,11.341214285714305,16,3,1,1,A
2022-12-16 00:00:00,1776.456,1784.102,1775.986,1779.47,13238.0,200.0,0.0,0.0,0,0,0,bullish,1,bullish_engulfing,0,0,1,0,0,1,0,0,0,1,1,2,1,2,8.755071428571439,0,4,1,1,A
2022-12-16 04:00:00,1779.473,1784.889,1776.483,1777.268,12998.0,200.0,0.0,0.0,0,0,0,bullish,6,shooting_star,0,0,1,0,0,1,0,0,0,1,1,2,1,2,9.126071428571436,4,4,1,1,A
2022-12-16 08:00:00,1777.305,1785.422,1774.271,1782.426,19210.0,200.0,0.0,0.0,0,0,0,bullish,7,morning_star,0,0,1,0,0,1,0,1,0,1,2,3,1,3,9.650785714285737,8,4,1,1,A
2022-12-16 20:00:00,1792.863,1794.228,1791.792,1793.062,5377.0,200.0,0.0,0.0,0,0,0,bullish,5,doji,0,0,1,0,0,1,0,0,0,1,1,2,1,2,9.704000000000033,20,4,1,1,A
2022-12-19 00:00:00,1790.997,1796.869,1790.865,1793.805,13902.0,200.0,0.0,0.0,0,0,0,bullish,1,bullish_engulfing,0,0,1,0,0,0,0,1,0,1,1,2,1,2,8.393571428571445,0,0,1,1,A
2022-12-19 08:00:00,1793.302,1798.712,1793.27,1794.849,14819.0,200.0,0.0,0.0,0,0,0,bullish,4,inverted_hammer,0,0,1,0,0,0,0,1,0,1,1,2,1,2,7.3665000000000065,8,0,1,1,A
2022-12-20 04:00:00,1792.226,1795.675,1786.914,1794.072,21808.0,200.0,0.0,0.0,0,0,0,bullish,3,hammer,0,0,1,0,0,0,1,1,0,1,2,3,1,3,6.931785714285687,4,1,1,1,A
2022-12-20 08:00:00,1794.042,1809.384,1793.947,1807.678,23001.0,200.0,0.0,0.0,0,0,0,bullish,0,none,0,0,0,1,0,0,1,1,0,1,2,3,1,3,7.433999999999985,8,1,1,1,A
2022-12-20 16:00:00,1815.278,1820.84,1813.775,1818.619,19232.0,200.0,0.0,0.0,0,0,0,bullish,0,none,0,0,0,1,0,0,1,0,0,1,1,2,1,2,7.9482142857142595,16,1,1,1,A
2022-12-21 08:00:00,1816.355,1817.273,1811.854,1813.676,16648.0,200.0,0.0,0.0,0,0,0,bullish,2,bearish_engulfing,0,0,1,0,0,0,1,1,0,1,2,3,1,3,8.032928571428556,8,2,1,1,A
2022-12-21 12:00:00,1813.707,1823.76,1813.201,1817.813,23550.0,200.0,1823.76,0.0,0,0,0,bullish,0,none,1,0,0,0,0,1,1,1,0,1,3,4,1,4,8.470499999999983,12,2,1,1,A
2022-12-22 16:00:00,1795.577,1797.461,1784.764,1788.995,20039.0,200.0,0.0,1784.764,0,0,0,bullish,0,none,1,0,0,0,0,1,1,1,0,1,3,4,1,4,8.724785714285726,16,3,1,1,A
2022-12-23 04:00:00,1792.773,1798.22,1792.479,1797.621,11180.0,200.0,0.0,0.0,0,0,0,bullish,7,morning_star,0,0,1,0,0,1,0,0,0,1,1,2,1,2,7.58928571428573,4,4,1,1,A
2022-12-23 08:00:00,1797.595,1799.592,1795.021,1797.736,13793.0,200.0,0.0,0.0,0,0,0,bullish,5,doji,0,0,1,0,0,1,0,1,0,1,2,3,1,3,7.5269285714286,8,4,1,1,A
2022-12-23 12:00:00,1797.74,1801.104,1791.14,1800.527,29092.0,200.0,0.0,0.0,0,0,0,bullish,3,hammer,0,0,1,0,1,1,1,1,0,1,4,5,1,5,7.920428571428586,12,4,1,1,A
2022-12-26 20:00:00,1799.575,1803.087,1799.248,1800.842,1600.0,1955.0,0.0,0.0,0,0,0,bullish,4,inverted_hammer,0,0,1,0,1,1,0,0,0,1,2,3,1,3,7.678928571428595,20,0,1,1,A
2022-12-27 04:00:00,1804.531,1808.346,1803.707,1805.569,10923.0,200.0,0.0,0.0,0,0,0,bullish,4,inverted_hammer,0,0,1,0,0,1,0,0,1,1,2,3,1,3,7.859071428571448,4,1,1,1,A
2022-12-27 20:00:00,1812.977,1814.791,1812.27,1812.353,5731.0,200.0,0.0,0.0,0,0,1,bullish,6,shooting_star,0,0,1,0,0,1,0,0,1,1,2,3,1,3,8.099642857142856,20,1,1,1,A
2022-12-28 04:00:00,1810.105,1812.239,1807.328,1810.305,11450.0,200.0,0.0,0.0,0,0,1,bullish,5,doji,0,0,1,0,0,1,0,0,1,1,2,3,1,3,8.037571428571434,4,2,1,1,A
2022-12-28 08:00:00,1810.337,1811.38,1799.236,1803.194,17177.0,200.0,0.0,0.0,0,0,1,bullish,2,bearish_engulfing,0,0,1,0,0,1,1,1,1,1,4,5,1,5,8.494928571428577,8,2,1,1,A
2022-12-28 20:00:00,1805.306,1805.937,1802.77,1805.765,5993.0,200.0,0.0,0.0,0,0,1,bullish,3,hammer,0,0,1,0,0,1,0,0,0,1,1,2,1,2,8.687357142857147,20,2,1,1,A
2022-12-29 08:00:00,1806.312,1811.985,1804.34,1806.651,14153.0,200.0,0.0,0.0,0,0,1,bullish,5,doji,0,0,1,0,0,1,1,1,0,1,3,4,1,4,8.91249999999999,8,3,1,1,A
2022-12-30 04:00:00,1816.89,1822.25,1815.257,1816.697,10817.0,200.0,0.0,0.0,0,0,1,bullish,5,doji,0,0,1,0,0,1,0,1,0,1,2,3,1,3,7.295285714285716,4,4,1,1,A
2022-12-30 12:00:00,1818.948,1824.99,1814.221,1818.458,26747.0,200.0,0.0,0.0,0,0,1,bullish,5,doji,0,0,1,0,0,1,1,1,0,1,3,4,1,4,7.856214285714275,12,4,1,1,A
2022-12-30 16:00:00,1818.414,1825.985,1814.286,1821.677,20345.0,200.0,0.0,0.0,0,0,1,bullish,1,bullish_engulfing,0,0,1,0,0,1,1,1,0,1,3,4,1,4,7.824428571428549,16,4,1,1,A
2023-01-03 00:00:00,1829.11,1843.079,1826.747,1841.151,16465.0,200.0,0.0,0.0,0,0,1,bullish,0,none,0,0,0,1,0,0,1,1,1,1,3,4,1,4,7.803999999999974,0,1,1,1,A
2023-01-03 04:00:00,1841.153,1849.934,1837.936,1847.464,16755.0,200.0,0.0,0.0,0,0,1,bullish,0,none,0,0,0,1,0,0,1,1,1,1,3,4,1,4,8.357714285714271,4,1,1,1,A
2023-01-03 08:00:00,1847.494,1847.972,1830.798,1833.158,24885.0,200.0,0.0,0.0,0,0,1,bullish,2,bearish_engulfing,0,0,1,0,0,0,1,1,1,1,3,4,1,4,9.205428571428554,8,1,1,1,A
2023-01-03 12:00:00,1833.127,1849.777,1827.552,1833.189,34678.0,200.0,0.0,0.0,0,0,1,bullish,5,doji,0,0,1,0,0,0,1,1,1,1,3,4,1,4,10.246857142857136,12,1,1,1,A
2023-01-04 00:00:00,1836.501,1847.142,1836.185,1845.591,13743.0,200.0,0.0,0.0,0,0,1,bullish,1,bullish_engulfing,0,0,1,0,0,0,0,0,1,1,1,2,1,2,10.363785714285736,0,2,1,1,A
2023-01-04 04:00:00,1845.623,1858.602,1844.636,1858.272,15417.0,200.0,0.0,0.0,0,0,1,bullish,0,none,0,0,0,1,0,0,0,0,1,1,1,2,1,2,11.05035714285717,4,2,1,1,A
2023-01-04 12:00:00,1860.137,1862.676,1848.939,1857.722,37314.0,200.0,0.0,0.0,0,0,1,bullish,2,bearish_engulfing,0,0,1,0,0,0,1,1,0,1,2,3,1,3,11.613285714285748,12,2,1,1,A
2023-01-05 12:00:00,1846.253,1848.762,1824.835,1826.851,40644.0,200.0,0.0,1824.835,0,0,1,bullish,0,none,1,0,0,0,0,1,1,1,0,1,3,4,1,4,11.838000000000013,12,3,1,1,A
2023-01-06 12:00:00,1836.625,1863.121,1834.604,1862.213,51144.0,200.0,0.0,0.0,0,0,1,bullish,1,bullish_engulfing,0,0,1,0,0,1,1,1,0,1,3,4,1,4,10.77071428571425,12,4,1,1,A
2023-01-06 16:00:00,1862.243,1869.783,1859.883,1868.842,20469.0,200.0,0.0,0.0,0,0,1,bullish,0,none,0,0,0,1,0,0,0,1,0,1,1,2,1,2,10.895714285714234,16,4,1,1,A
2023-01-08 20:00:00,1866.736,1869.889,1866.716,1869.602,3665.0,200.0,0.0,0.0,0,0,1,bullish,7,morning_star,0,0,1,1,0,0,0,0,0,2,0,2,2,2,9.503642857142804,20,6,1,1,A
2023-01-09 00:00:00,1869.595,1879.494,1867.099,1877.167,17925.0,200.0,0.0,0.0,0,0,1,bullish,0,none,0,0,0,1,0,0,0,1,0,1,1,2,1,2,9.972928571428513,0,0,1,1,A
2023-01-09 16:00:00,1874.696,1878.449,1869.008,1875.188,20947.0,200.0,0.0,0.0,0,0,1,bullish,5,doji,0,0,1,0,0,1,1,1,0,1,3,4,1,4,9.079357142857086,16,0,1,1,A
2023-01-10 04:00:00,1871.853,1875.18,1870.587,1872.018,12666.0,200.0,0.0,0.0,0,0,1,bullish,5,doji,0,0,1,0,0,1,0,0,0,1,1,2,1,2,8.699428571428532,4,1,1,1,A
2023-01-10 12:00:00,1875.128,1880.719,1870.417,1875.668,32262.0,200.0,0.0,0.0,0,0,1,bullish,5,doji,0,0,1,0,0,1,1,1,0,1,3,4,1,4,8.969785714285697,12,1,1,1,A
2023-01-10 16:00:00,1875.702,1877.342,1871.173,1876.61,18159.0,200.0,0.0,0.0,0,0,1,bullish,3,hammer,0,0,1,0,0,1,1,1,0,1,3,4,1,4,7.373499999999987,16,1,1,1,A
2023-01-11 08:00:00,1881.561,1886.576,1880.925,1883.006,18332.0,200.0,0.0,0.0,0,0,1,bullish,4,inverted_hammer,0,0,1,0,0,0,1,1,0,1,2,3,1,3,6.843428571428603,8,2,1,1,A
2023-01-11 16:00:00,1872.005,1878.463,1866.893,1877.694,19343.0,200.0,0.0,1866.893,0,0,1,bullish,0,none,1,0,0,0,0,1,1,1,0,1,3,4,1,4,7.697714285714336,16,2,1,1,A
2023-01-12 00:00:00,1876.935,1884.711,1875.822,1883.556,13522.0,200.0,0.0,0.0,0,0,1,bullish,1,bullish_engulfing,0,0,1,0,0,1,0,0,0,1,1,2,1,2,7.238928571428654,0,3,1,1,A
2023-01-12 20:00:00,1897.714,1899.478,1894.191,1898.022,8272.0,200.0,0.0,0.0,0,0,1,bullish,5,doji,0,0,1,0,1,0,0,0,0,1,1,2,1,2,8.674785714285772,20,3,1,1,A
2023-01-13 00:00:00,1898.023,1900.916,1895.957,1897.826,16162.0,200.0,0.0,0.0,0,0,1,bullish,5,doji,0,0,1,0,0,0,0,1,0,1,1,2,1,2,8.58835714285718,0,4,1,1,A
2023-01-13 16:00:00,1913.635,1921.854,1909.403,1919.966,19990.0,200.0,0.0,0.0,0,0,1,bullish,0,none,0,0,0,1,0,0,1,1,0,1,2,3,1,3,10.863357142857174,16,4,1,1,A
2023-01-13 20:00:00,1919.99,1921.422,1918.438,1920.251,4878.0,200.0,0.0,0.0,0,0,1,bullish,5,doji,0,0,1,1,0,0,0,0,0,2,0,2,2,2,10.076142857142875,20,4,1,1,A
2023-01-16 08:00:00,1917.067,1919.275,1910.813,1916.532,15941.0,200.0,0.0,0.0,0,0,1,bullish,5,doji,0,0,1,0,0,1,0,1,0,1,2,3,1,3,10.70278571428571,8,0,1,1,A
2023-01-16 20:00:00,1914.926,1918.284,1914.918,1917.856,1507.0,200.0,0.0,0.0,0,0,1,bullish,1,bullish_engulfing,0,0,1,0,0,1,0,0,0,1,1,2,1,2,8.425999999999997,20,0,1,1,A
2023-01-17 00:00:00,1917.882,1918.996,1909.315,1910.221,14554.0,200.0,0.0,0.0,0,0,1,bullish,2,bearish_engulfing,0,0,1,0,0,0,0,1,0,1,1,2,1,2,8.739857142857138,0,1,1,1,A
2023-01-17 08:00:00,1909.985,1912.576,1904.211,1912.496,16652.0,200.0,0.0,0.0,0,0,1,bullish,1,bullish_engulfing,0,0,1,0,0,0,0,1,0,1,1,2,1,2,8.88849999999999,8,1,1,1,A
2023-01-18 04:00:00,1900.062,1908.98,1896.559,1907.739,19400.0,200.0,0.0,1896.559,0,0,1,bullish,0,none,1,0,0,0,0,1,1,1,0,1,3,4,1,4,8.368214285714284,4,2,1,1,A
2023-01-18 12:00:00,1915.614,1925.862,1911.353,1912.264,39029.0,200.0,0.0,0.0,0,0,1,bullish,6,shooting_star,0,0,1,0,0,1,1,1,0,1,3,4,1,4,8.200500000000002,12,2,1,1,A
2023-01-19 00:00:00,1906.848,1910.754,1900.95,1908.98,16800.0,200.0,0.0,0.0,0,0,1,bullish,3,hammer,0,0,1,0,0,1,1,0,0,1,2,3,1,3,8.801785714285709,0,3,1,1,A
2023-01-19 08:00:00,1911.319,1916.715,1906.618,1908.096,17467.0,200.0,0.0,0.0,0,0,1,bullish,2,bearish_engulfing,0,0,1,0,0,1,1,1,0,1,3,4,1,4,9.056571428571406,8,3,1,1,A
2023-01-19 12:00:00,1908.095,1923.253,1906.807,1918.032,32965.0,200.0,0.0,0.0,0,0,1,bullish,1,bullish_engulfing,0,0,1,0,0,0,1,1,0,1,2,3,1,3,9.784428571428553,12,3,1,1,A
2023-01-19 16:00:00,1918.064,1931.358,1917.619,1929.653,22843.0,200.0,0.0,0.0,0,0,1,bullish,0,none,0,0,0,1,0,0,1,1,0,1,2,3,1,3,10.168285714285698,16,3,1,1,A
2023-01-20 12:00:00,1926.959,1930.914,1920.58,1926.318,28128.0,200.0,0.0,0.0,0,0,1,bullish,5,doji,0,0,1,0,0,1,1,1,0,1,3,4,1,4,10.043714285714275,12,4,1,1,A
2023-01-23 12:00:00,1925.548,1927.785,1911.296,1922.923,33244.0,200.0,0.0,1911.296,0,0,1,bullish,0,none,1,0,0,0,0,1,1,1,0,1,3,4,1,4,9.756928571428555,12,0,1,1,A
2023-01-23 16:00:00,1922.953,1929.596,1919.128,1926.375,20625.0,200.0,0.0,0.0,0,0,1,bullish,7,morning_star,0,0,1,0,0,1,1,1,0,1,3,4,1,4,9.329928571428566,16,0,1,1,A
2023-01-24 04:00:00,1933.427,1941.383,1931.802,1940.313,12900.0,200.0,0.0,0.0,0,0,1,bullish,0,none,0,0,0,1,0,1,0,0,0,1,1,2,1,2,9.017499999999993,4,1,1,1,A
2023-01-25 12:00:00,1925.871,1938.501,1919.727,1932.976,31402.0,200.0,0.0,0.0,0,0,1,bullish,1,bullish_engulfing,0,0,1,0,0,1,1,1,0,1,3,4,1,4,10.56457142857146,12,2,1,1,A
2023-01-25 16:00:00,1933.006,1943.164,1928.771,1942.317,20068.0,200.0,0.0,0.0,0,0,1,bullish,0,none,0,0,0,1,0,1,1,1,0,1,3,4,1,4,10.840000000000032,16,2,1,1,A
2023-01-25 20:00:00,1942.349,1948.739,1942.288,1948.321,9951.0,200.0,0.0,0.0,0,0,1,bullish,0,none,0,0,0,1,0,1,0,0,0,1,1,2,1,2,10.123000000000031,20,2,1,1,A
2023-01-27 12:00:00,1930.124,1935.025,1916.455,1924.088,29731.0,200.0,0.0,1916.455,0,0,1,bullish,0,none,1,0,0,0,0,1,1,1,0,1,3,4,1,4,11.388357142857169,12,4,1,1,A
2023-01-30 00:00:00,1928.859,1931.002,1924.385,1926.269,14854.0,200.0,0.0,0.0,0,0,1,bullish,2,bearish_engulfing,0,0,1,0,0,1,0,1,0,1,2,3,1,3,9.427142857142874,0,0,1,1,A
2023-01-30 04:00:00,1926.268,1934.425,1923.13,1924.485,17262.0,200.0,0.0,0.0,0,0,1,bullish,6,shooting_star,0,0,1,0,0,1,1,1,0,1,3,4,1,4,9.76135714285715,4,0,1,1,A
2023-01-30 12:00:00,1923.159,1930.325,1922.461,1925.602,21471.0,200.0,0.0,0.0,0,0,1,bullish,4,inverted_hammer,0,0,1,0,0,1,1,1,0,1,3,4,1,4,9.409642857142867,12,0,1,1,A
2023-01-31 00:00:00,1922.121,1927.356,1920.793,1921.003,13348.0,200.0,0.0,0.0,0,0,1,bullish,6,shooting_star,0,0,1,0,0,1,0,0,0,1,1,2,1,2,7.77928571428572,0,1,1,1,A
2023-01-31 04:00:00,1921.028,1921.858,1911.977,1914.494,14853.0,200.0,0.0,0.0,0,0,1,bullish,0,none,0,0,0,1,0,1,0,0,0,1,1,2,1,2,7.704928571428566,4,1,1,1,A
2023-01-31 16:00:00,1928.606,1931.088,1926.255,1928.614,17879.0,200.0,0.0,0.0,0,0,0,bullish,5,doji,0,0,1,0,0,0,1,1,0,1,2,3,1,3,8.717142857142822,16,1,1,1,A
2023-02-01 08:00:00,1924.956,1930.2,1923.27,1928.759,15215.0,200.0,0.0,0.0,0,0,0,bullish,7,morning_star,0,0,1,0,0,0,0,1,0,1,1,2,1,2,8.46635714285711,8,2,1,1,A
2023-02-01 12:00:00,1928.75,1933.176,1922.755,1931.843,28951.0,200.0,0.0,0.0,0,0,0,bullish,3,hammer,0,0,1,0,0,0,1,1,0,1,2,3,1,3,8.403928571428537,12,2,1,1,A
2023-02-01 16:00:00,1931.874,1944.003,1920.494,1942.948,47156.0,200.0,0.0,0.0,0,0,0,bullish,0,none,0,0,0,1,0,0,1,1,0,1,2,3,1,3,9.363142857142813,16,2,1,1,A
2023-02-02 00:00:00,1953.008,1957.251,1950.712,1952.341,17918.0,200.0,0.0,0.0,0,0,0,bullish,5,doji,0,0,1,0,0,0,0,1,0,1,1,2,1,2,10.11992857142853,0,3,1,1,A
2023-02-02 08:00:00,1955.506,1959.588,1951.55,1954.682,18721.0,200.0,0.0,0.0,0,0,1,bullish,5,doji,0,0,1,0,0,1,0,1,0,1,2,3,1,3,10.654214285714229,8,3,1,1,A
2023-02-03 00:00:00,1914.998,1918.515,1913.975,1916.279,14105.0,200.0,0.0,0.0,0,0,1,bullish,4,inverted_hammer,0,0,1,0,0,1,0,0,0,1,1,2,1,2,11.030285714285696,0,4,1,1,A
2023-02-03 08:00:00,1913.639,1916.117,1909.235,1914.384,18149.0,200.0,0.0,0.0,0,0,1,bullish,5,doji,0,0,1,0,0,1,0,1,0,1,2,3,1,3,11.651571428571417,8,4,1,1,A
2023-02-03 12:00:00,1914.377,1917.009,1869.067,1873.034,70334.0,200.0,0.0,0.0,0,0,1,bullish,8,evening_star,0,0,1,0,0,0,1,1,0,1,2,3,1,3,14.710785714285716,12,4,1,1,A
2023-02-03 20:00:00,1865.769,1867.093,1864.36,1865.805,6918.0,0.0,0.0,0.0,0,0,0,bullish,5,doji,0,0,1,0,0,0,0,0,1,1,1,2,1,2,14.635428571428601,20,4,1,1,A
2023-02-06 16:00:00,1865.946,1871.246,1863.525,1865.66,20753.0,200.0,0.0,0.0,0,0,0,bullish,5,doji,0,0,1,0,0,0,0,1,0,1,1,2,1,2,11.402428571428604,16,0,1,1,A
2023-02-09 08:00:00,1880.52,1886.103,1879.9,1882.1,17658.0,200.0,0.0,0.0,0,0,0,bullish,4,inverted_hammer,0,0,1,0,0,0,0,1,0,1,1,2,1,2,9.465285714285724,8,3,1,1,A
2023-02-09 16:00:00,1874.124,1875.557,1859.878,1861.888,30194.0,200.0,0.0,0.0,0,0,0,bullish,0,none,0,0,0,1,0,0,1,1,0,1,2,3,1,3,10.614857142857172,16,3,1,1,A
2023-02-10 08:00:00,1866.13,1872.159,1860.416,1864.728,25863.0,200.0,0.0,0.0,0,0,0,bullish,5,doji,0,0,1,0,0,1,1,1,0,1,3,4,1,4,9.897928571428597,8,4,1,1,A
2023-02-12 20:00:00,1863.97,1865.29,1862.633,1862.705,2215.0,200.0,0.0,0.0,0,0,0,bullish,8,evening_star,0,0,1,0,0,1,0,0,0,1,1,2,1,2,8.511500000000021,20,6,1,1,A
2023-02-13 04:00:00,1858.78,1866.533,1856.994,1863.868,14652.0,200.0,0.0,0.0,0,0,0,bullish,1,bullish_engulfing,0,0,1,0,0,1,0,1,0,1,2,3,1,3,8.83714285714286,4,0,1,1,A
2023-02-13 12:00:00,1862.133,1862.955,1853.145,1855.201,23995.0,200.0,0.0,0.0,0,0,0,bullish,0,none,0,0,0,1,0,1,1,1,0,1,3,4,1,4,9.45971428571428,12,0,1,1,A
2023-02-13 16:00:00,1855.169,1855.888,1850.417,1852.767,16035.0,200.0,0.0,0.0,0,0,0,bullish,0,none,0,0,0,1,0,1,0,1,0,1,2,3,1,3,8.599214285714279,16,0,1,1,A
2023-02-14 08:00:00,1858.732,1863.822,1853.571,1857.238,16329.0,200.0,0.0,0.0,0,0,0,bullish,2,bearish_engulfing,0,0,1,0,0,1,0,1,0,1,2,3,1,3,7.295785714285704,8,1,0,0,A
2023-02-14 12:00:00,1857.229,1870.282,1843.14,1852.265,75666.0,200.0,1870.282,0.0,0,0,0,bullish,0,none,1,0,0,0,0,1,1,1,0,1,3,4,1,4,8.39571428571425,12,1,0,0,A
2023-02-15 04:00:00,1848.241,1848.799,1834.882,1835.631,18924.0,200.0,0.0,0.0,0,0,0,bullish,0,none,0,0,0,1,0,0,0,1,0,1,1,2,1,2,9.878071428571404,4,2,0,0,A
2023-02-15 12:00:00,1834.875,1838.871,1830.262,1834.088,35505.0,200.0,0.0,0.0,0,0,0,bullish,5,doji,0,0,1,0,0,0,1,1,0,1,2,3,1,3,9.809642857142844,12,2,0,0,A
2023-02-15 16:00:00,1834.1,1837.997,1831.207,1835.388,18989.0,200.0,0.0,0.0,0,0,0,bullish,7,morning_star,0,0,1,0,0,0,0,1,0,1,1,2,1,2,9.55707142857141,16,2,0,0,A
2023-02-16 08:00:00,1841.262,1844.774,1834.759,1837.34,16402.0,200.0,0.0,0.0,0,0,0,bullish,8,evening_star,0,0,1,0,0,0,0,1,0,1,1,2,1,2,9.993928571428553,8,3,0,0,A
2023-02-16 16:00:00,1834.563,1845.266,1832.373,1842.731,23093.0,200.0,1845.266,0.0,0,0,0,bullish,0,none,1,0,0,0,0,0,1,1,0,1,2,3,1,3,10.550571428571418,16,3,0,0,A
2023-02-17 00:00:00,1834.288,1834.288,1825.646,1828.188,14482.0,200.0,0.0,0.0,0,0,0,bullish,0,none,0,0,0,1,0,0,0,1,0,1,1,2,1,2,8.846499999999992,0,4,0,0,A
2023-02-17 04:00:00,1828.205,1828.488,1821.773,1824.051,14822.0,200.0,0.0,0.0,0,0,0,bullish,0,none,0,0,0,1,0,0,0,1,0,1,1,2,1,2,9.128142857142864,4,4,0,0,A
2023-02-17 20:00:00,1842.713,1843.547,1840.909,1842.499,5390.0,200.0,0.0,0.0,0,0,0,bullish,5,doji,0,0,1,0,0,1,0,0,0,1,1,2,1,2,9.009857142857138,20,4,0,0,A
2023-02-20 00:00:00,1838.666,1843.138,1837.282,1842.815,11846.0,200.0,0.0,0.0,0,0,0,bullish,7,morning_star,0,0,1,0,0,1,0,0,0,1,1,2,1,2,8.965499999999988,0,0,0,0,A
2023-02-20 20:00:00,1841.31,1842.561,1841.212,1841.674,1015.0,200.0,0.0,0.0,0,0,1,bullish,4,inverted_hammer,0,0,1,0,0,1,0,0,1,1,2,3,1,3,6.828928571428589,20,0,0,0,A
2023-02-21 00:00:00,1841.705,1843.651,1837.083,1838.407,12378.0,200.0,0.0,0.0,0,0,1,bullish,2,bearish_engulfing,0,0,1,0,0,1,0,1,1,1,3,4,1,4,6.607142857142874,0,1,0,0,A
2023-02-22 00:00:00,1835.552,1838.384,1834.964,1836.15,12482.0,200.0,0.0,0.0,0,0,1,bullish,4,inverted_hammer,0,0,1,0,0,1,0,0,1,1,2,3,1,3,5.506357142857155,0,2,0,0,A
2023-02-22 12:00:00,1838.891,1845.822,1831.712,1836.029,25531.0,200.0,1845.822,0.0,0,0,1,bullish,0,none,1,0,0,0,0,1,1,1,0,1,3,4,1,4,6.466714285714277,12,2,0,0,A
2023-02-22 16:00:00,1835.996,1837.033,1824.667,1824.916,25565.0,200.0,0.0,0.0,0,0,1,bullish,0,none,0,0,0,1,0,0,1,1,0,1,2,3,1,3,6.893642857142838,16,2,0,0,A
2023-02-22 20:00:00,1824.886,1827.336,1823.473,1825.075,9290.0,200.0,0.0,0.0,0,0,1,bullish,5,doji,0,0,1,1,0,0,0,0,0,2,0,2,2,2,6.836999999999989,20,2,0,0,A
2023-02-23 08:00:00,1829.674,1829.674,1823.944,1826.383,14340.0,200.0,0.0,0.0,0,0,1,bullish,8,evening_star,0,0,1,0,0,0,1,1,0,1,2,3,1,3,7.371857142857136,8,3,0,0,A
2023-02-24 08:00:00,1822.022,1825.49,1817.152,1819.104,16407.0,200.0,0.0,0.0,0,0,1,bullish,0,none,0,0,0,1,0,0,0,1,0,1,1,2,1,2,7.307642857142858,8,4,0,0,A
2023-02-24 12:00:00,1819.07,1819.143,1808.931,1810.625,36289.0,200.0,0.0,0.0,0,0,1,bullish,0,none,0,0,0,1,0,0,1,1,0,1,2,3,1,3,7.65571428571429,12,4,0,0,A
2023-02-28 12:00:00,1808.998,1826.727,1807.228,1824.07,27513.0,200.0,0.0,0.0,0,0,0,bullish,1,bullish_engulfing,0,0,1,0,0,0,1,1,0,1,2,3,1,3,7.02071428571425,12,1,0,0,A
2023-02-28 16:00:00,1824.101,1831.104,1824.076,1828.939,19703.0,200.0,0.0,0.0,0,0,0,bullish,0,none,0,0,0,1,0,0,1,1,0,1,2,3,1,3,6.793714285714259,16,1,0,0,A
2023-03-01 04:00:00,1830.961,1836.724,1829.908,1835.555,14518.0,200.0,0.0,0.0,0,0,0,bullish,0,none,0,0,0,1,0,0,0,1,0,1,1,2,1,2,7.391999999999988,4,2,0,0,A
2023-03-01 08:00:00,1835.524,1838.486,1830.37,1835.249,18046.0,200.0,0.0,0.0,0,0,0,bullish,5,doji,0,0,1,0,0,0,1,1,0,1,2,3,1,3,7.402285714285719,8,2,0,0,A
2023-03-02 12:00:00,1836.653,1838.932,1830.055,1836.594,29042.0,200.0,0.0,0.0,0,0,0,bullish,5,doji,0,0,1,0,0,1,1,1,0,1,3,4,1,4,7.799357142857177,12,3,0,0,A
2023-03-02 20:00:00,1835.559,1838.106,1834.889,1837.818,6836.0,200.0,0.0,0.0,0,0,0,bullish,1,bullish_engulfing,0,0,1,0,0,1,0,0,0,1,1,2,1,2,6.4794285714286195,20,3,0,0,A
2023-03-03 00:00:00,1837.787,1841.455,1837.756,1838.742,13556.0,200.0,0.0,0.0,0,0,0,bullish,4,inverted_hammer,0,0,1,0,0,1,0,1,0,1,2,3,1,3,6.241214285714315,0,4,0,0,A
2023-03-03 04:00:00,1838.749,1844.774,1837.823,1842.722,11359.0,200.0,0.0,0.0,0,0,0,bullish,0,none,0,0,0,1,0,1,0,0,0,1,1,2,1,2,6.460714285714305,4,4,0,0,A
2023-03-03 08:00:00,1842.718,1849.129,1842.718,1848.416,15923.0,200.0,0.0,0.0,0,0,0,bullish,0,none,0,0,0,1,0,0,0,1,0,1,1,2,1,2,6.341499999999996,8,4,0,0,A
2023-03-07 08:00:00,1848.404,1849.626,1840.885,1841.913,14595.0,200.0,0.0,0.0,0,0,1,bullish,8,evening_star,0,0,1,0,0,0,1,1,0,1,2,3,1,3,6.393071428571424,8,1,0,0,A
2023-03-07 12:00:00,1841.906,1841.906,1815.301,1817.83,38066.0,200.0,0.0,0.0,0,0,1,bullish,0,none,0,0,0,1,0,0,1,1,0,1,2,3,1,3,7.836000000000013,12,1,0,0,A
2023-03-07 16:00:00,1817.767,1823.141,1812.67,1813.844,27082.0,200.0,0.0,0.0,0,0,1,bullish,0,none,0,0,0,1,0,0,1,1,0,1,2,3,1,3,7.895500000000019,16,1,0,0,A
2023-03-07 20:00:00,1813.884,1815.958,1813.139,1813.936,7519.0,200.0,0.0,0.0,0,0,1,bullish,5,doji,0,0,1,1,0,0,0,0,0,2,0,2,2,2,7.393285714285753,20,1,0,0,A
2023-03-08 04:00:00,1809.826,1815.03,1809.826,1814.197,11553.0,200.0,0.0,0.0,0,0,1,bullish,7,morning_star,0,0,1,0,0,1,0,0,0,1,1,2,1,2,7.620500000000026,4,2,0,0,A
2023-03-10 04:00:00,1829.202,1834.654,1827.702,1833.516,13746.0,200.0,0.0,0.0,0,0,1,bullish,7,morning_star,0,0,1,0,0,0,0,1,0,1,1,2,1,2,7.09578571428569,4,4,0,0,A
2023-03-12 20:00:00,1883.238,1894.368,1875.749,1877.746,25382.0,200.0,0.0,0.0,0,0,1,bullish,6,shooting_star,0,0,1,0,0,0,1,1,0,1,2,3,1,3,10.809857142857124,20,6,0,0,A
2023-03-13 08:00:00,1876.231,1893.764,1875.449,1889.662,37724.0,200.0,0.0,0.0,0,0,1,bullish,1,bullish_engulfing,0,0,1,0,0,0,1,1,0,1,2,3,1,3,13.367428571428556,8,0,0,0,A
2023-03-14 04:00:00,1902.894,1913.398,1901.454,1912.592,21198.0,200.0,0.0,0.0,0,0,1,bullish,0,none,0,0,0,1,0,0,0,1,0,1,1,2,1,2,14.6900714285714,4,1,1,1,A
2023-03-14 12:00:00,1904.149,1911.625,1895.228,1904.119,57953.0,200.0,0.0,0.0,0,0,1,bullish,5,doji,0,0,1,0,0,0,1,1,0,1,2,3,1,3,15.83728571428568,12,1,1,1,A
2023-03-14 16:00:00,1904.089,1910.288,1902.167,1902.42,26849.0,200.0,0.0,0.0,0,0,1,bullish,6,shooting_star,0,0,1,0,0,0,0,1,0,1,1,2,1,2,13.871714285714265,16,1,1,1,A
2023-03-16 16:00:00,1918.648,1921.126,1914.332,1920.549,29471.0,200.0,0.0,0.0,0,0,1,bullish,3,hammer,0,0,1,0,0,1,0,1,0,1,2,3,1,3,13.201071428571415,16,3,1,1,A
2023-03-16 20:00:00,1920.514,1922.06,1918.466,1921.294,5619.0,200.0,0.0,0.0,0,0,1,bullish,3,hammer,0,0,1,0,0,1,0,0,0,1,1,2,1,2,12.286571428571424,20,3,1,1,A
2023-03-17 08:00:00,1930.312,1936.986,1927.331,1935.014,19358.0,200.0,0.0,0.0,0,0,1,bullish,0,none,0,0,0,1,0,1,0,1,0,1,2,3,1,3,13.152214285714292,8,4,1,1,A
2023-03-20 16:00:00,1973.73,1984.349,1972.931,1977.152,26968.0,200.0,0.0,0.0,0,0,1,bullish,4,inverted_hammer,0,0,1,0,0,0,0,1,0,1,1,2,1,2,17.073499999999985,16,0,1,1,A
2023-03-22 04:00:00,1939.574,1943.485,1934.107,1939.791,18118.0,200.0,0.0,1934.107,0,0,1,bullish,5,doji,1,0,1,0,0,0,0,0,0,2,0,2,2,2,14.769857142857111,4,2,1,1,A
2023-03-23 04:00:00,1976.878,1983.618,1974.926,1976.814,22518.0,200.0,0.0,0.0,0,0,1,bullish,5,doji,0,0,1,0,0,1,0,1,0,1,2,3,1,3,12.592214285714297,4,3,1,1,A
2023-03-23 08:00:00,1976.846,1980.642,1974.25,1978.413,21800.0,200.0,0.0,0.0,0,0,1,bullish,7,morning_star,0,0,1,0,0,1,0,0,0,1,1,2,1,2,12.343142857142864,8,3,1,1,A
2023-03-23 12:00:00,1978.407,1987.033,1966.514,1984.001,37261.0,200.0,0.0,0.0,0,0,1,bullish,3,hammer,0,0,1,0,0,1,1,1,0,1,3,4,1,4,12.844142857142872,12,3,1,1,A
2023-03-23 16:00:00,1984.038,2003.277,1982.717,1997.711,43528.0,200.0,2003.277,0.0,0,0,1,bullish,0,none,1,0,0,0,1,0,1,1,0,1,3,4,1,4,13.728428571428578,16,3,1,1,A
2023-03-24 04:00:00,1992.829,1993.329,1985.267,1989.406,17739.0,200.0,0.0,0.0,0,0,1,bullish,2,bearish_engulfing,0,0,1,0,0,1,0,0,0,1,1,2,1,2,12.28457142857144,4,4,1,1,A
2023-03-24 12:00:00,1995.748,2002.989,1985.886,1987.25,55950.0,200.0,0.0,0.0,0,0,1,bullish,8,evening_star,0,0,1,0,0,1,1,1,0,1,3,4,1,4,13.623642857142856,12,4,1,1,A
2023-03-27 16:00:00,1956.831,1959.385,1950.706,1956.897,18330.0,200.0,0.0,0.0,0,0,1,bullish,5,doji,0,0,1,0,0,1,0,0,0,1,1,2,1,2,12.22628571428569,16,0,1,1,A
2023-03-28 00:00:00,1958.04,1963.955,1957.692,1959.685,15340.0,200.0,0.0,0.0,0,0,1,bullish,4,inverted_hammer,0,0,1,0,0,1,0,0,0,1,1,2,1,2,10.761714285714252,0,1,1,1,A
2023-03-28 16:00:00,1966.65,1975.255,1965.652,1973.314,18416.0,200.0,1975.255,0.0,0,0,1,bullish,0,none,1,0,0,0,0,1,0,1,0,1,2,3,1,3,10.159428571428537,16,1,1,1,A
2023-03-29 16:00:00,1961.78,1969.171,1961.067,1963.132,16486.0,200.0,0.0,0.0,0,0,1,bullish,4,inverted_hammer,0,0,1,0,0,1,0,1,0,1,2,3,1,3,8.626714285714277,16,2,1,1,A
2023-03-29 20:00:00,1963.164,1964.862,1962.673,1963.197,5108.0,200.0,0.0,0.0,0,0,1,bullish,5,doji,0,0,1,0,0,1,0,0,0,1,1,2,1,2,7.729428571428571,20,2,1,1,A
2023-03-30 04:00:00,1959.577,1971.474,1958.93,1966.63,16358.0,200.0,0.0,0.0,0,0,1,bullish,7,morning_star,0,0,1,0,0,1,0,1,0,1,2,3,1,3,8.4037857142857,4,3,1,1,A
2023-03-30 12:00:00,1968.635,1975.29,1963.913,1974.699,30467.0,200.0,0.0,0.0,0,0,1,bullish,0,none,0,0,0,1,0,1,1,1,0,1,3,4,1,4,8.578357142857126,12,3,1,1,A
2023-03-30 16:00:00,1974.73,1984.251,1974.73,1981.297,18545.0,200.0,0.0,0.0,0,0,1,bullish,0,none,0,0,0,1,0,1,1,1,0,1,3,4,1,4,8.590857142857121,16,3,1,1,A
2023-03-31 12:00:00,1980.204,1987.544,1974.764,1979.658,33405.0,200.0,0.0,0.0,0,0,1,bullish,5,doji,0,0,1,0,0,1,1,1,0,1,3,4,1,4,8.517714285714257,12,4,1,1,A
2023-04-02 20:00:00,1966.275,1967.407,1956.964,1957.027,9069.0,200.0,0.0,0.0,0,0,1,bullish,0,none,0,0,0,1,0,1,0,0,0,1,1,2,1,2,8.5410714285714,20,6,1,1,A
2023-04-03 12:00:00,1978.55,1990.476,1972.293,1987.944,35338.0,200.0,0.0,0.0,0,0,0,bullish,0,none,0,0,0,1,0,0,1,1,0,1,2,3,1,3,10.894642857142864,12,0,1,1,A
2023-04-04 08:00:00,1982.134,1984.281,1978.473,1981.953,15553.0,200.0,0.0,0.0,0,0,0,bullish,5,doji,0,0,1,0,0,0,0,1,0,1,1,2,1,2,10.188285714285744,8,1,1,1,A
2023-04-04 12:00:00,1981.987,2024.802,1981.44,2020.205,52557.0,200.0,0.0,0.0,0,0,0,bullish,7,morning_star,0,0,1,0,0,0,1,1,0,1,2,3,1,3,12.661642857142883,12,1,1,1,A
2023-04-05 00:00:00,2021.748,2025.234,2019.342,2023.003,13026.0,200.0,0.0,0.0,0,0,0,bullish,7,morning_star,0,0,1,1,0,0,0,0,0,2,0,2,2,2,11.854785714285706,0,2,1,1,A
2023-04-05 04:00:00,2022.993,2028.364,2022.077,2025.362,15112.0,200.0,0.0,0.0,0,0,0,bullish,0,none,0,0,0,1,0,0,0,1,0,1,1,2,1,2,11.417285714285706,4,2,1,1,A
2023-04-05 08:00:00,2025.331,2028.122,2021.468,2022.892,15254.0,200.0,0.0,0.0,0,0,0,bullish,8,evening_star,0,0,1,0,0,0,0,1,0,1,1,2,1,2,10.826642857142847,8,2,1,1,A
2023-04-06 12:00:00,2018.437,2020.681,2000.61,2011.174,34012.0,200.0,0.0,0.0,0,0,1,bullish,8,evening_star,0,0,1,0,0,0,1,1,0,1,2,3,1,3,11.122357142857108,12,3,1,1,A
2023-04-10 00:00:00,2005.529,2005.86,1988.663,1990.856,15580.0,200.0,0.0,0.0,0,0,1,bullish,2,bearish_engulfing,0,0,1,0,0,0,0,1,0,1,1,2,1,2,9.694142857142847,0,0,1,1,A
2023-04-10 12:00:00,2001.526,2001.961,1981.436,1988.632,36351.0,200.0,0.0,1981.436,0,0,1,bullish,0,none,1,0,0,0,0,1,1,1,0,1,3,4,1,4,10.895357142857149,12,0,1,1,A
2023-04-11 08:00:00,2002.003,2007.41,1999.345,2000.429,15363.0,200.0,0.0,0.0,0,0,1,bullish,6,shooting_star,0,0,1,0,1,1,0,1,0,1,3,4,1,4,9.540642857142887,8,1,1,1,A
2023-04-11 12:00:00,2000.418,2006.195,1995.351,2004.132,23095.0,200.0,0.0,0.0,0,0,1,bullish,1,bullish_engulfing,0,0,1,0,0,1,1,1,0,1,3,4,1,4,9.878642857142884,12,1,1,1,A
2023-04-11 16:00:00,2004.113,2006.714,2000.953,2004.051,13814.0,200.0,0.0,0.0,0,0,1,bullish,5,doji,0,0,1,0,0,1,0,0,0,1,1,2,1,2,8.856500000000015,16,1,1,1,A
2023-04-12 16:00:00,2005.748,2018.065,2005.209,2013.651,21347.0,200.0,0.0,0.0,0,0,1,bullish,1,bullish_engulfing,0,0,1,0,0,0,1,1,0,1,2,3,1,3,10.149785714285697,16,2,1,1,A
2023-04-13 08:00:00,2024.5,2029.098,2024.415,2028.573,15075.0,200.0,0.0,0.0,0,0,1,bullish,0,none,0,0,0,1,0,0,0,1,0,1,1,2,1,2,9.192357142857109,8,3,1,1,A
2023-04-14 04:00:00,2045.021,2046.461,2036.597,2039.196,16180.0,200.0,0.0,0.0,0,0,1,bullish,8,evening_star,0,0,1,0,0,0,0,1,0,1,1,2,1,2,10.240785714285705,4,4,1,1,A
2023-04-14 12:00:00,2033.248,2039.977,1993.504,1995.625,60300.0,200.0,0.0,0.0,0,0,1,bullish,0,none,0,0,0,1,0,0,1,1,0,1,2,3,1,3,12.54435714285715,12,4,1,1,A
2023-04-18 00:00:00,1993.915,2001.75,1993.311,2000.21,14281.0,200.0,0.0,0.0,0,0,0,bullish,7,morning_star,0,0,1,0,1,1,0,0,0,1,2,3,1,3,12.646357142857141,0,1,1,1,A
2023-04-18 04:00:00,2000.251,2004.072,1996.328,2002.28,14264.0,200.0,0.0,0.0,0,0,0,bullish,3,hammer,0,0,1,0,1,1,0,0,0,1,2,3,1,3,12.706285714285709,4,1,1,1,A
2023-04-18 08:00:00,2002.284,2005.114,1999.05,2003.852,15302.0,200.0,0.0,0.0,0,0,0,bullish,3,hammer,0,0,1,0,0,1,0,1,0,1,2,3,1,3,12.43485714285714,8,1,1,1,A
2023-04-18 12:00:00,2003.883,2011.821,1991.071,2008.39,33538.0,200.0,0.0,0.0,0,0,0,bullish,3,hammer,0,0,1,0,0,1,1,1,0,1,3,4,1,4,13.168071428571434,12,1,1,1,A
2023-04-20 04:00:00,1992.715,2001.159,1991.383,1997.111,16445.0,200.0,0.0,0.0,0,0,0,bullish,1,bullish_engulfing,0,0,1,0,0,0,0,1,0,1,1,2,1,2,10.672428571428586,4,3,1,1,A
2023-04-21 00:00:00,2005.287,2005.508,2000.506,2002.059,14299.0,200.0,0.0,0.0,0,0,0,bullish,8,evening_star,0,0,1,0,1,1,0,0,0,1,2,3,1,3,10.267285714285695,0,4,1,1,A
2023-04-21 12:00:00,1987.945,1997.939,1971.584,1975.808,45985.0,200.0,0.0,1971.584,0,0,0,bullish,0,none,1,0,0,0,0,1,1,1,0,1,3,4,1,4,12.355642857142843,12,4,1,1,A
2023-04-21 20:00:00,1982.67,1983.577,1981.73,1982.886,2059.0,200.0,0.0,0.0,0,0,0,bullish,5,doji,0,0,1,0,0,1,0,0,0,1,1,2,1,2,9.668571428571406,20,4,1,1,A
2023-04-24 04:00:00,1980.756,1983.123,1976.426,1982.662,17512.0,200.0,0.0,0.0,0,0,0,bullish,3,hammer,0,0,1,0,0,1,0,1,0,1,2,3,1,3,9.608714285714266,4,0,1,1,A
2023-04-24 08:00:00,1982.664,1986.882,1980.81,1983.039,15866.0,200.0,0.0,0.0,0,0,0,bullish,5,doji,0,0,1,0,0,1,0,1,0,1,2,3,1,3,9.34414285714284,8,0,1,1,A
2023-04-25 00:00:00,1995.015,2000.945,1992.814,1992.816,17763.0,200.0,0.0,0.0,0,0,0,bullish,6,shooting_star,0,0,1,0,0,1,1,1,0,1,3,4,1,4,9.214285714285698,0,1,1,1,A
2023-04-26 00:00:00,2000.178,2002.415,1993.117,1994.025,20847.0,200.0,0.0,0.0,0,0,0,bullish,2,bearish_engulfing,0,0,1,0,0,0,1,1,0,1,2,3,1,3,9.382142857142835,0,2,1,1,A
2023-04-27 04:00:00,1999.821,2003.178,1997.269,1999.344,17210.0,200.0,0.0,0.0,0,0,0,bullish,5,doji,0,0,1,0,1,0,0,1,0,1,2,3,1,3,10.43599999999997,4,3,1,1,A
2023-04-27 12:00:00,1996.876,2003.246,1974.016,1982.223,50242.0,200.0,0.0,1974.016,0,0,0,bullish,0,none,1,0,0,0,0,1,1,1,0,1,3,4,1,4,11.623714285714252,12,3,1,1,A
2023-04-28 00:00:00,1986.879,1991.546,1984.863,1988.894,17993.0,200.0,0.0,0.0,0,0,0,bullish,1,bullish_engulfing,0,0,1,0,0,1,0,1,0,1,2,3,1,3,9.512571428571423,0,4,1,1,A
2023-04-28 20:00:00,1989.175,1989.833,1987.911,1989.376,2298.0,200.0,0.0,0.0,0,0,0,bullish,5,doji,0,0,1,0,0,1,0,0,0,1,1,2,1,2,8.980714285714303,20,4,1,1,A
2023-04-30 20:00:00,1989.602,1991.877,1986.62,1986.895,4632.0,200.0,0.0,0.0,0,0,0,bullish,2,bearish_engulfing,0,0,1,0,0,1,0,0,0,1,1,2,1,2,8.707714285714312,20,6,1,1,A
2023-05-01 08:00:00,1980.868,1989.936,1977.054,1988.945,15433.0,200.0,0.0,0.0,0,0,0,bullish,1,bullish_engulfing,0,0,1,0,0,1,0,1,0,1,2,3,1,3,9.073071428571422,8,0,1,1,A
2023-05-01 12:00:00,1988.947,2005.933,1980.475,1982.917,49990.0,200.0,0.0,0.0,0,0,0,bullish,6,shooting_star,0,0,1,0,0,1,1,1,0,1,3,4,1,4,10.514642857142869,12,0,1,1,A
2023-05-02 08:00:00,1981.342,1990.15,1978.455,1986.348,16768.0,200.0,0.0,0.0,0,0,0,bullish,7,morning_star,0,0,1,0,0,0,0,1,0,1,1,2,1,2,8.541000000000006,8,1,1,1,A
2023-05-02 12:00:00,1986.314,2015.431,1984.415,2014.172,48177.0,200.0,0.0,0.0,0,0,0,bullish,0,none,0,0,0,1,0,0,1,1,0,1,2,3,1,3,10.389928571428575,12,1,1,1,A
2023-05-02 16:00:00,2014.203,2019.233,2011.16,2018.199,24133.0,200.0,0.0,0.0,0,0,0,bullish,0,none,0,0,0,1,0,0,1,1,0,1,2,3,1,3,9.617214285714292,16,1,1,1,A
2023-05-03 16:00:00,2023.492,2035.995,2016.941,2035.079,51081.0,200.0,0.0,0.0,0,0,0,bullish,0,none,0,0,0,1,0,0,1,1,0,1,2,3,1,3,10.657000000000023,16,2,1,1,A
2023-05-04 20:00:00,2049.586,2050.885,2047.48,2049.922,6461.0,200.0,0.0,0.0,0,0,1,bullish,5,doji,0,0,1,0,1,0,0,0,0,1,1,2,1,2,14.451928571428555,20,3,1,1,A
2023-05-05 00:00:00,2049.924,2052.957,2045.436,2049.749,14524.0,200.0,0.0,0.0,0,0,1,bullish,5,doji,0,0,1,0,1,0,0,0,0,1,1,2,1,2,14.41249999999999,0,4,1,1,A
2023-05-05 12:00:00,2035.436,2038.275,1999.451,2015.152,58137.0,200.0,0.0,1999.451,0,0,1,bullish,0,none,1,0,0,0,0,1,1,1,0,1,3,4,1,4,17.516214285714277,12,4,1,1,A
2023-05-08 00:00:00,2015.976,2023.938,2015.15,2023.189,14730.0,200.0,0.0,0.0,0,0,1,bullish,1,bullish_engulfing,0,0,1,0,0,1,0,0,0,1,1,2,1,2,12.429714285714274,0,0,1,1,A
2023-05-09 04:00:00,2024.894,2028.697,2021.575,2024.626,15302.0,200.0,0.0,0.0,0,0,1,bullish,5,doji,0,0,1,0,0,0,0,1,0,1,1,2,1,2,8.841285714285716,4,1,1,1,A
2023-05-09 08:00:00,2024.596,2032.768,2021.378,2031.009,16211.0,200.0,0.0,0.0,0,0,1,bullish,1,bullish_engulfing,0,0,1,0,0,0,0,1,0,1,1,2,1,2,8.812571428571427,8,1,1,1,A
2023-05-09 16:00:00,2026.912,2037.561,2026.835,2034.239,18482.0,200.0,0.0,0.0,0,0,1,bullish,7,morning_star,0,0,1,0,0,0,1,1,0,1,2,3,1,3,6.966857142857147,16,1,1,1,A
2023-05-10 08:00:00,2031.657,2032.041,2026.239,2029.246,14378.0,200.0,0.0,0.0,0,0,1,bullish,8,evening_star,0,0,1,0,0,0,0,1,0,1,1,2,1,2,7.055642857142824,8,2,1,1,A
2023-05-10 16:00:00,2024.983,2034.126,2024.489,2030.893,19080.0,200.0,0.0,0.0,0,0,1,bullish,1,bullish_engulfing,0,0,1,0,0,1,1,1,0,1,3,4,1,4,8.932785714285663,16,2,1,1,A
2023-05-11 00:00:00,2031.411,2036.348,2031.132,2032.367,13766.0,200.0,0.0,0.0,0,0,1,bullish,4,inverted_hammer,0,0,1,0,0,0,0,1,0,1,1,2,1,2,8.054714285714226,0,3,1,1,A
2023-05-11 08:00:00,2025.515,2039.078,2021.606,2036.736,22005.0,200.0,0.0,0.0,0,0,1,bullish,1,bullish_engulfing,0,0,1,0,0,0,1,1,0,1,2,3,1,3,9.563642857142781,8,3,1,1,A
2023-05-12 08:00:00,2008.723,2009.69,2000.895,2004.722,18151.0,200.0,0.0,2000.895,0,0,1,bullish,0,none,1,0,0,0,0,1,0,1,0,1,2,3,1,3,10.527428571428507,8,4,1,1,A
2023-05-12 12:00:00,2004.718,2022.461,2003.539,2009.417,37531.0,200.0,0.0,0.0,0,0,1,bullish,1,bullish_engulfing,0,0,1,0,0,1,1,1,0,1,3,4,1,4,11.484499999999944,12,4,1,1,A
2023-05-12 16:00:00,2009.383,2016.355,2008.309,2010.871,17198.0,200.0,0.0,0.0,0,0,1,bullish,4,inverted_hammer,0,0,1,0,0,1,0,1,0,1,2,3,1,3,11.64478571428567,16,4,1,1,A
2023-05-12 20:00:00,2010.902,2011.454,2010.36,2010.912,1618.0,200.0,0.0,0.0,0,0,1,bullish,5,doji,0,0,1,0,0,1,0,0,0,1,1,2,1,2,9.816571428571397,20,4,1,1,A
2023-05-14 20:00:00,2008.664,2011.957,2008.664,2009.558,3383.0,200.0,0.0,0.0,0,0,1,bullish,4,inverted_hammer,0,0,1,0,0,1,0,0,0,1,1,2,1,2,9.363428571428553,20,6,1,1,A
2023-05-16 04:00:00,2016.897,2017.682,2002.554,2010.024,17643.0,200.0,0.0,0.0,0,0,1,bullish,8,evening_star,0,0,1,0,0,0,1,1,0,1,2,3,1,3,8.05164285714287,4,1,1,1,A
2023-05-16 12:00:00,2005.472,2014.856,1994.431,1995.946,38790.0,200.0,0.0,0.0,0,0,1,bullish,0,none,0,0,0,1,0,0,1,1,0,1,2,3,1,3,8.754285714285727,12,1,1,1,A
2023-05-17 08:00:00,1987.588,1989.063,1983.675,1987.38,15716.0,200.0,0.0,0.0,0,0,1,bullish,5,doji,0,0,1,0,0,0,0,1,0,1,1,2,1,2,7.845285714285718,8,2,1,1,A
2023-05-18 04:00:00,1982.268,1982.718,1973.556,1974.507,15508.0,200.0,0.0,0.0,0,0,1,bullish,0,none,0,0,0,1,0,0,0,1,0,1,1,2,1,2,7.6953571428571355,4,3,1,1,A
2023-05-22 00:00:00,1980.827,1982.321,1976.283,1977.843,15425.0,200.0,0.0,0.0,0,0,0,bullish,8,evening_star,0,0,1,0,0,1,0,0,0,1,1,2,1,2,8.865285714285717,0,0,0,0,A
2023-05-22 12:00:00,1972.908,1978.535,1968.69,1972.417,30739.0,200.0,0.0,0.0,0,0,0,bullish,5,doji,0,0,1,0,0,1,1,1,0,1,3,4,1,4,9.566785714285711,12,0,0,0,A
2023-05-23 08:00:00,1957.173,1961.257,1954.232,1958.835,17693.0,200.0,0.0,1954.232,0,0,0,bullish,0,none,1,0,0,0,0,1,1,1,0,1,3,4,1,4,8.819499999999996,8,1,0,0,A
2023-05-24 08:00:00,1974.044,1981.984,1973.52,1981.856,16951.0,200.0,0.0,0.0,0,0,0,bullish,0,none,0,0,0,1,0,1,0,0,0,1,1,2,1,2,8.658214285714264,8,2,0,0,A
2023-05-25 12:00:00,1961.958,1963.062,1939.029,1945.393,48142.0,200.0,0.0,0.0,0,0,1,bullish,2,bearish_engulfing,0,0,1,0,0,0,1,1,0,1,2,3,1,3,9.950214285714278,12,3,0,0,A
2023-05-25 16:00:00,1945.426,1946.908,1938.813,1940.148,17596.0,200.0,0.0,0.0,0,0,1,bullish,0,none,0,0,0,1,0,0,0,1,0,1,1,2,1,2,10.026642857142829,16,3,0,0,A
2023-05-25 20:00:00,1940.153,1943.157,1939.377,1940.515,6034.0,200.0,0.0,0.0,0,0,1,bullish,5,doji,0,0,1,1,0,0,0,0,0,2,0,2,2,2,9.165857142857119,20,3,0,0,A
2023-05-29 00:00:00,1943.687,1946.165,1940.27,1945.542,12607.0,200.0,0.0,0.0,0,0,0,bullish,3,hammer,0,0,1,0,0,1,0,0,0,1,1,2,1,2,7.99985714285713,0,0,0,0,A
2023-05-29 04:00:00,1945.547,1948.874,1943.741,1944.176,11198.0,200.0,0.0,0.0,0,0,0,bullish,6,shooting_star,0,0,1,0,0,1,0,0,0,1,1,2,1,2,7.995714285714273,4,0,0,0,A
2023-05-29 12:00:00,1946.303,1949.718,1944.778,1945.922,13485.0,200.0,0.0,0.0,0,0,0,bullish,5,doji,0,0,1,0,0,1,0,1,0,1,2,3,1,3,7.912785714285714,12,0,0,0,A
2023-05-31 00:00:00,1958.544,1960.452,1953.625,1958.052,14888.0,200.0,0.0,0.0,0,0,0,bullish,5,doji,0,0,1,0,0,0,1,0,0,1,1,2,1,2,6.759714285714316,0,2,0,0,A
2023-05-31 04:00:00,1958.051,1965.186,1955.735,1956.067,18876.0,200.0,0.0,0.0,0,0,0,bullish,6,shooting_star,0,0,1,0,0,0,1,1,0,1,2,3,1,3,7.177142857142891,4,2,0,0,A
2023-05-31 08:00:00,1956.092,1960.772,1954.843,1960.324,16956.0,200.0,0.0,0.0,0,0,0,bullish,7,morning_star,0,0,1,0,0,0,1,1,0,1,2,3,1,3,7.179571428571454,8,2,0,0,A
2023-06-01 12:00:00,1967.828,1983.049,1958.663,1982.054,39919.0,200.0,0.0,0.0,0,0,0,bullish,0,none,0,0,0,1,0,0,1,1,0,1,2,3,1,3,10.162000000000003,12,3,0,0,A
2023-06-02 12:00:00,1978.802,1980.174,1960.987,1962.042,40665.0,200.0,0.0,0.0,0,0,0,bullish,2,bearish_engulfing,0,0,1,0,0,1,1,1,0,1,3,4,1,4,9.885428571428552,12,4,0,0,A
2023-06-02 20:00:00,1948.584,1948.935,1947.58,1947.992,1667.0,200.0,0.0,0.0,0,0,0,bullish,0,none,0,0,0,1,0,1,0,0,0,1,1,2,1,2,9.524285714285709,20,4,0,0,A
2023-06-05 00:00:00,1949.344,1949.466,1943.826,1947.086,15453.0,200.0,0.0,0.0,0,0,0,bullish,2,bearish_engulfing,0,0,1,0,0,1,0,1,0,1,2,3,1,3,9.333642857142829,0,0,0,0,A
2023-06-05 04:00:00,1947.085,1947.338,1938.476,1939.893,15037.0,200.0,0.0,0.0,0,0,0,bullish,0,none,0,0,0,1,0,0,0,1,0,1,1,2,1,2,9.577357142857116,4,0,0,0,A
2023-06-06 00:00:00,1961.231,1964.509,1959.007,1959.199,13064.0,200.0,0.0,0.0,0,0,0,bullish,2,bearish_engulfing,0,0,1,0,0,1,0,0,0,1,1,2,1,2,8.631357142857107,0,1,0,0,A
2023-06-06 04:00:00,1959.196,1962.714,1956.846,1957.491,16780.0,200.0,0.0,0.0,0,0,0,bullish,6,shooting_star,0,0,1,0,0,1,1,1,0,1,3,4,1,4,8.381999999999964,4,1,0,0,A
2023-06-06 08:00:00,1957.513,1964.896,1957.242,1962.727,16142.0,200.0,0.0,0.0,0,0,0,bullish,7,morning_star,0,0,1,0,0,1,0,1,0,1,2,3,1,3,8.424714285714263,8,1,0,0,A
2023-06-06 12:00:00,1962.733,1966.376,1954.345,1963.429,26683.0,200.0,0.0,0.0,0,0,0,bullish,5,doji,0,0,1,0,0,1,1,1,0,1,3,4,1,4,8.844785714285681,12,1,0,0,A
2023-06-06 16:00:00,1963.432,1966.288,1961.019,1962.84,12441.0,200.0,0.0,0.0,0,0,0,bullish,5,doji,0,0,1,0,0,1,0,0,0,1,1,2,1,2,7.850642857142832,16,1,0,0,A
2023-06-06 20:00:00,1962.871,1964.504,1962.45,1963.345,4062.0,200.0,0.0,0.0,0,0,0,bullish,4,inverted_hammer,0,0,1,0,0,1,0,0,0,1,1,2,1,2,6.989357142857102,20,1,0,0,A
2023-06-07 12:00:00,1961.223,1970.123,1946.404,1947.117,31843.0,200.0,0.0,0.0,0,0,0,bullish,8,evening_star,0,0,1,0,0,0,1,1,0,1,2,3,1,3,9.10678571428569,12,2,0,0,A
2023-06-07 16:00:00,1947.148,1947.653,1939.997,1940.077,18782.0,200.0,0.0,0.0,0,0,0,bullish,0,none,0,0,0,1,0,0,1,1,0,1,2,3,1,3,9.115928571428542,16,2,0,0,A
2023-06-09 08:00:00,1963.105,1966.877,1960.653,1966.443,14652.0,200.0,0.0,0.0,0,0,0,bullish,1,bullish_engulfing,0,0,1,0,0,0,0,1,0,1,1,2,1,2,8.268000000000029,8,4,0,0,A
2023-06-12 00:00:00,1959.941,1960.427,1954.226,1958.44,13103.0,200.0,0.0,0.0,0,0,0,bullish,2,bearish_engulfing,0,0,1,0,0,1,0,1,0,1,2,3,1,3,6.245214285714318,0,0,0,0,A
2023-06-12 04:00:00,1958.416,1962.069,1956.542,1960.59,13827.0,200.0,0.0,0.0,0,0,0,bullish,1,bullish_engulfing,0,0,1,0,0,1,0,1,0,1,2,3,1,3,6.4402857142857455,4,0,0,0,A
2023-06-12 12:00:00,1963.921,1965.897,1949.118,1955.393,28575.0,200.0,0.0,0.0,0,0,0,bullish,2,bearish_engulfing,0,0,1,0,0,1,1,1,0,1,3,4,1,4,7.427714285714306,12,0,0,0,A
2023-06-13 00:00:00,1959.953,1962.066,1955.9,1961.996,12680.0,200.0,0.0,0.0,0,0,0,bullish,3,hammer,0,0,1,0,0,1,0,0,0,1,1,2,1,2,6.163928571428561,0,1,0,0,A
2023-06-13 04:00:00,1962.006,1965.344,1958.233,1962.233,14818.0,200.0,0.0,0.0,0,0,0,bullish,5,doji,0,0,1,0,0,0,1,1,0,1,2,3,1,3,6.491428571428563,4,1,0,0,A
2023-06-13 16:00:00,1943.086,1947.049,1939.975,1943.482,16714.0,200.0,0.0,0.0,0,0,0,bullish,5,doji,0,0,1,0,0,0,1,1,0,1,2,3,1,3,7.521428571428568,16,1,0,0,A
2023-06-14 04:00:00,1949.275,1951.496,1945.204,1949.585,13211.0,200.0,0.0,0.0,0,0,0,bullish,5,doji,0,0,1,0,1,0,0,0,0,1,1,2,1,2,8.16492857142857,4,2,0,0,A
2023-06-14 16:00:00,1955.939,1957.393,1939.88,1944.901,41411.0,200.0,0.0,0.0,0,0,0,bullish,2,bearish_engulfing,0,0,1,0,0,0,1,1,0,1,2,3,1,3,9.589928571428588,16,2,0,0,A
2023-06-16 00:00:00,1958.223,1962.032,1955.137,1956.613,14387.0,200.0,0.0,0.0,0,0,0,bullish,6,shooting_star,0,0,1,0,0,1,0,0,0,1,1,2,1,2,10.068857142857187,0,4,0,0,A
2023-06-16 04:00:00,1956.617,1963.228,1954.629,1961.563,15208.0,200.0,0.0,0.0,0,0,0,bullish,7,morning_star,0,0,1,0,0,1,0,0,0,1,1,2,1,2,10.47142857142863,4,4,0,0,A
2023-06-16 20:00:00,1955.359,1958.211,1955.321,1957.441,1725.0,200.0,0.0,0.0,0,0,0,bullish,1,bullish_engulfing,0,0,1,0,0,1,0,0,0,1,1,2,1,2,10.190214285714319,20,4,0,0,A
2023-06-19 04:00:00,1955.627,1957.461,1952.687,1955.063,12771.0,200.0,0.0,0.0,0,0,0,bullish,5,doji,0,0,1,0,0,1,0,1,0,1,2,3,1,3,8.392357142857188,4,0,0,0,A
2023-06-19 16:00:00,1950.643,1951.858,1949.723,1949.958,2932.0,200.0,0.0,0.0,0,0,0,bullish,6,shooting_star,0,0,1,0,1,1,0,0,0,1,2,3,1,3,5.788285714285751,16,0,0,0,A
2023-06-20 00:00:00,1952.383,1952.95,1944.892,1950.173,14820.0,200.0,0.0,0.0,0,0,0,bullish,2,bearish_engulfing,0,0,1,0,1,1,1,1,0,1,4,5,1,5,6.259714285714316,0,1,0,0,A
2023-06-21 08:00:00,1934.789,1935.865,1932.083,1934.529,15466.0,200.0,0.0,0.0,0,0,0,bullish,5,doji,0,0,1,0,0,0,1,1,0,1,2,3,1,3,6.9746428571428725,8,2,0,0,A
2023-06-22 12:00:00,1927.306,1930.798,1912.757,1913.412,33334.0,200.0,0.0,0.0,0,0,0,bullish,0,none,0,0,0,1,0,0,1,1,0,1,2,3,1,3,8.026214285714266,12,3,0,0,A
2023-06-22 16:00:00,1913.378,1917.696,1913.0,1913.845,15864.0,200.0,0.0,0.0,0,0,0,bullish,0,none,0,0,0,1,0,0,0,1,0,1,1,2,1,2,7.959285714285686,16,3,0,0,A
2023-06-22 20:00:00,1913.81,1914.923,1912.355,1914.439,5097.0,200.0,0.0,0.0,0,0,0,bullish,3,hammer,0,0,1,1,0,0,0,0,0,2,0,2,2,2,6.362785714285694,20,3,0,0,A
2023-06-23 04:00:00,1912.349,1918.893,1912.07,1917.996,17329.0,200.0,0.0,0.0,0,0,0,bullish,1,bullish_engulfing,0,0,1,0,0,0,1,1,0,1,2,3,1,3,6.70828571428571,4,4,0,0,A
2023-06-23 12:00:00,1919.13,1937.231,1918.764,1920.996,34657.0,200.0,1937.231,0.0,0,0,0,bullish,0,none,1,0,0,0,0,1,1,1,0,1,3,4,1,4,7.582499999999982,12,4,0,0,A
2023-06-23 16:00:00,1921.006,1922.302,1917.865,1919.065,14292.0,200.0,0.0,0.0,0,0,0,bullish,2,bearish_engulfing,0,0,1,0,0,1,0,0,0,1,1,2,1,2,7.629285714285694,16,4,0,0,A
2023-06-23 20:00:00,1919.034,1921.682,1918.937,1921.192,1759.0,200.0,0.0,0.0,0,0,0,bullish,1,bullish_engulfing,0,0,1,0,0,1,0,0,0,1,1,2,1,2,6.648571428571423,20,4,0,0,A
2023-06-26 00:00:00,1925.293,1928.47,1924.059,1925.461,15180.0,200.0,0.0,0.0,0,0,0,bullish,5,doji,0,0,1,0,0,1,0,1,0,1,2,3,1,3,6.541071428571432,0,0,0,0,A
2023-06-26 12:00:00,1931.347,1933.051,1921.269,1925.644,23900.0,200.0,0.0,0.0,0,0,0,bullish,2,bearish_engulfing,0,0,1,0,0,1,1,1,0,1,3,4,1,4,7.108142857142866,12,0,0,0,A
2023-06-26 20:00:00,1922.78,1924.656,1920.902,1922.485,4474.0,200.0,0.0,0.0,0,0,0,bullish,5,doji,0,0,1,0,0,1,0,0,0,1,1,2,1,2,6.049214285714291,20,0,0,0,A
2023-06-27 04:00:00,1928.408,1929.615,1924.155,1928.152,12911.0,200.0,0.0,0.0,0,0,0,bullish,5,doji,0,0,1,0,0,1,0,0,0,1,1,2,1,2,6.442071428571434,4,1,0,0,A
2023-06-27 16:00:00,1913.444,1916.497,1910.8,1913.686,14804.0,200.0,0.0,0.0,0,0,0,bullish,5,doji,0,0,1,0,0,1,1,1,0,1,3,4,1,4,6.795071428571418,16,1,0,0,A
2023-06-28 00:00:00,1915.389,1917.174,1913.445,1915.176,12625.0,200.0,0.0,0.0,0,0,0,bullish,5,doji,0,0,1,0,0,1,0,0,0,1,1,2,1,2,6.752999999999994,0,2,0,0,A
2023-06-28 04:00:00,1915.176,1916.741,1908.997,1910.891,13521.0,200.0,0.0,0.0,0,0,0,bullish,0,none,0,0,0,1,0,1,0,1,0,1,2,3,1,3,7.005428571428557,4,2,0,0,A
2023-06-28 08:00:00,1910.89,1911.901,1905.571,1907.12,15337.0,200.0,0.0,0.0,0,0,0,bullish,0,none,0,0,0,1,0,0,1,1,0,1,2,3,1,3,7.142499999999992,8,2,0,0,A
2023-06-29 00:00:00,1909.712,1912.779,1902.715,1905.418,14013.0,200.0,0.0,0.0,0,0,0,bullish,2,bearish_engulfing,0,0,1,0,0,0,0,1,0,1,1,2,1,2,7.252000000000002,0,3,0,0,A
2023-06-29 04:00:00,1905.387,1907.308,1902.51,1905.661,14561.0,200.0,0.0,0.0,0,0,0,bullish,5,doji,0,0,1,0,0,0,0,1,0,1,1,2,1,2,7.3265714285714365,4,3,0,0,A
2023-06-30 08:00:00,1905.219,1906.604,1900.419,1905.239,14467.0,200.0,0.0,0.0,0,0,0,bullish,5,doji,0,0,1,0,0,0,0,1,0,1,1,2,1,2,6.864928571428583,8,4,0,0,A
2023-07-03 04:00:00,1918.338,1920.582,1912.068,1912.131,14440.0,200.0,0.0,0.0,0,0,0,bullish,2,bearish_engulfing,0,0,1,0,0,0,0,1,0,1,1,2,1,2,6.447142857142873,4,0,0,0,A
2023-07-03 08:00:00,1912.155,1914.318,1910.003,1912.502,13268.0,200.0,0.0,0.0,0,0,0,bullish,5,doji,0,0,1,0,0,0,0,1,0,1,1,2,1,2,6.412642857142877,8,0,0,0,A
2023-07-04 04:00:00,1922.918,1928.399,1922.696,1927.978,12301.0,200.0,0.0,0.0,0,0,0,bullish,0,none,0,0,0,1,0,0,0,1,0,1,1,2,1,2,6.424500000000031,4,1,0,0,A
2023-07-04 12:00:00,1928.477,1930.268,1926.099,1926.993,12243.0,200.0,0.0,0.0,0,0,0,bullish,2,bearish_engulfing,0,0,1,0,0,0,0,1,0,1,1,2,1,2,6.1972857142857425,12,1,0,0,A
2023-07-05 04:00:00,1924.358,1927.713,1920.809,1927.415,12988.0,200.0,0.0,0.0,0,0,0,bullish,1,bullish_engulfing,0,0,1,0,0,0,1,1,0,1,2,3,1,3,5.788214285714308,4,2,0,0,A
2023-07-05 08:00:00,1927.384,1929.556,1925.148,1927.471,13489.0,200.0,0.0,0.0,0,0,0,bullish,5,doji,0,0,1,0,0,0,1,1,0,1,2,3,1,3,5.788714285714312,8,2,0,0,A
2023-07-07 04:00:00,1911.091,1916.421,1910.212,1914.538,13389.0,200.0,0.0,0.0,0,0,0,bullish,1,bullish_engulfing,0,0,1,0,0,1,0,1,0,1,2,3,1,3,7.367214285714291,4,4,0,0,A
2023-07-09 20:00:00,1925.288,1928.14,1923.842,1924.848,4469.0,200.0,0.0,0.0,0,0,1,bullish,5,doji,0,0,1,0,0,1,0,0,0,1,1,2,1,2,7.0190000000000055,20,6,0,0,A
2023-07-10 04:00:00,1923.837,1925.658,1919.318,1924.845,13232.0,200.0,0.0,0.0,0,0,1,bullish,3,hammer,0,0,1,0,0,1,0,0,0,1,1,2,1,2,7.302428571428599,4,0,0,0,A
2023-07-10 08:00:00,1924.843,1926.183,1922.641,1924.621,12614.0,200.0,0.0,0.0,0,0,1,bullish,5,doji,0,0,1,0,0,1,0,0,0,1,1,2,1,2,7.230785714285746,8,0,0,0,A
2023-07-10 12:00:00,1924.652,1924.972,1912.299,1923.522,26426.0,200.0,0.0,1912.299,0,0,1,bullish,0,none,1,0,0,0,0,1,1,1,0,1,3,4,1,4,7.341428571428602,12,0,0,0,A
2023-07-10 16:00:00,1923.513,1926.794,1922.65,1925.798,12783.0,200.0,0.0,0.0,0,0,1,bullish,1,bullish_engulfing,0,0,1,0,0,1,0,1,0,1,2,3,1,3,5.8531428571428865,16,0,0,0,A
2023-07-11 00:00:00,1924.822,1928.891,1924.406,1926.616,13063.0,200.0,0.0,0.0,0,0,1,bullish,7,morning_star,0,0,1,0,0,1,0,1,0,1,2,3,1,3,5.845428571428605,0,1,0,0,A
2023-07-11 08:00:00,1932.228,1938.404,1931.936,1936.266,14294.0,200.0,0.0,0.0,0,0,1,bullish,0,none,0,0,0,1,0,1,0,1,0,1,2,3,1,3,6.491142857142888,8,1,0,0,A
2023-07-12 00:00:00,1933.244,1940.93,1933.171,1938.494,13507.0,200.0,0.0,0.0,0,0,1,bullish,0,none,0,0,0,1,0,1,0,1,0,1,2,3,1,3,5.704642857142874,0,2,0,0,A
2023-07-12 08:00:00,1934.641,1936.386,1933.343,1934.628,12168.0,200.0,0.0,0.0,0,0,1,bullish,5,doji,0,0,1,0,0,1,0,0,0,1,1,2,1,2,5.756000000000005,8,2,0,0,A
2023-07-12 16:00:00,1955.63,1959.618,1955.349,1958.686,13923.0,200.0,0.0,0.0,0,0,1,bullish,0,none,0,0,0,1,0,0,1,1,0,1,2,3,1,3,7.1200000000000205,16,2,0,0,A
2023-07-13 04:00:00,1960.276,1963.303,1955.23,1961.745,16207.0,200.0,0.0,0.0,0,0,1,bullish,0,none,0,0,0,1,0,0,1,1,0,1,2,3,1,3,6.893928571428595,4,3,0,0,A
2023-07-13 16:00:00,1954.974,1960.765,1954.744,1959.986,14122.0,200.0,0.0,0.0,0,0,1,bullish,7,morning_star,0,0,1,0,0,0,0,1,0,1,1,2,1,2,6.842214285714314,16,3,0,0,A
2023-07-14 04:00:00,1962.547,1962.547,1954.271,1956.849,14715.0,200.0,0.0,0.0,0,0,1,bullish,2,bearish_engulfing,0,0,1,0,0,0,0,1,0,1,1,2,1,2,7.048714285714319,4,4,0,0,A
2023-07-14 12:00:00,1959.233,1962.711,1950.661,1958.074,32699.0,200.0,0.0,0.0,0,0,1,bullish,5,doji,0,0,1,0,0,0,1,1,0,1,2,3,1,3,7.248928571428597,12,4,0,0,A
2023-07-17 04:00:00,1952.056,1956.8,1950.502,1952.254,13439.0,200.0,0.0,0.0,0,0,1,bullish,5,doji,0,0,1,0,0,0,0,1,0,1,1,2,1,2,6.117071428571454,4,0,1,1,A
2023-07-17 12:00:00,1957.577,1959.377,1945.553,1954.585,25449.0,200.0,0.0,1945.553,0,0,1,bullish,0,none,1,0,0,0,0,1,1,1,0,1,3,4,1,4,6.751142857142846,12,0,1,1,A
2023-07-17 20:00:00,1955.3,1956.253,1954.346,1955.398,3831.0,200.0,0.0,0.0,0,0,1,bullish,5,doji,0,0,1,0,0,1,0,0,0,1,1,2,1,2,5.949571428571403,20,0,1,1,A
2023-07-18 04:00:00,1959.762,1964.019,1957.732,1961.479,14173.0,200.0,0.0,0.0,0,0,1,bullish,0,none,0,0,0,1,0,1,0,1,0,1,2,3,1,3,6.295357142857126,4,1,1,1,A
2023-07-18 08:00:00,1961.482,1971.798,1960.518,1962.989,15674.0,200.0,0.0,0.0,0,0,1,bullish,4,inverted_hammer,0,0,1,0,0,1,1,1,0,1,3,4,1,4,6.5099285714285475,8,1,1,1,A
2023-07-18 16:00:00,1978.089,1981.438,1974.965,1977.719,14170.0,200.0,0.0,0.0,0,0,1,bullish,5,doji,0,0,1,0,0,1,0,1,0,1,2,3,1,3,7.449142857142841,16,1,1,1,A
2023-07-18 20:00:00,1977.696,1979.126,1976.733,1977.481,4940.0,200.0,0.0,0.0,0,0,1,bullish,5,doji,0,0,1,0,0,1,0,0,0,1,1,2,1,2,7.140999999999996,20,1,1,1,A
2023-07-19 12:00:00,1973.723,1979.822,1969.692,1973.789,24372.0,200.0,0.0,0.0,0,0,1,bullish,5,doji,0,0,1,0,0,1,1,1,0,1,3,4,1,4,8.07357142857141,12,2,1,1,A
2023-07-20 12:00:00,1981.408,1981.544,1965.438,1968.609,28973.0,200.0,0.0,0.0,0,0,1,bullish,2,bearish_engulfing,0,0,1,0,0,1,1,1,0,1,3,4,1,4,8.797285714285717,12,3,1,1,A
2023-07-20 16:00:00,1968.604,1971.423,1965.32,1968.712,13941.0,200.0,0.0,0.0,0,0,1,bullish,5,doji,0,0,1,0,0,1,0,1,0,1,2,3,1,3,8.427500000000009,16,3,1,1,A
2023-07-21 08:00:00,1964.208,1966.745,1961.056,1965.74,16674.0,200.0,0.0,0.0,0,0,1,bullish,3,hammer,0,0,1,0,0,0,1,1,0,1,2,3,1,3,7.388071428571428,8,4,1,1,A
2023-07-21 12:00:00,1965.715,1968.049,1956.605,1960.257,25222.0,200.0,0.0,1956.605,0,0,1,bullish,0,none,1,0,0,0,0,1,1,1,0,1,3,4,1,4,7.642071428571431,12,4,1,1,A
2023-07-24 04:00:00,1960.112,1965.632,1957.839,1963.236,13910.0,200.0,0.0,0.0,0,0,1,bullish,1,bullish_engulfing,0,0,1,0,0,1,1,1,0,1,3,4,1,4,6.330857142857163,4,0,1,1,A
2023-07-24 12:00:00,1964.987,1967.607,1957.098,1959.621,25725.0,200.0,0.0,0.0,0,0,1,bullish,2,bearish_engulfing,0,0,1,0,0,1,1,1,0,1,3,4,1,4,6.7373571428571655,12,0,1,1,A
2023-07-24 16:00:00,1959.638,1961.407,1953.425,1954.301,13848.0,200.0,0.0,0.0,0,0,1,bullish,0,none,0,0,0,1,0,1,1,1,0,1,3,4,1,4,6.15707142857145,16,0,1,1,A
2023-07-25 04:00:00,1961.553,1964.098,1959.544,1961.169,13573.0,200.0,0.0,0.0,0,0,1,bullish,5,doji,0,0,1,0,0,1,0,0,0,1,1,2,1,2,6.304500000000011,4,1,1,1,A
2023-07-25 08:00:00,1961.135,1963.624,1953.093,1960.736,14864.0,200.0,0.0,0.0,0,0,1,bullish,5,doji,0,0,1,0,0,0,1,1,0,1,2,3,1,3,6.48635714285714,8,1,1,1,A
2023-07-26 04:00:00,1963.889,1971.079,1962.387,1970.591,12842.0,200.0,0.0,0.0,0,0,0,bullish,7,morning_star,0,0,1,0,0,0,0,1,0,1,1,2,1,2,7.004714285714288,4,2,1,1,A
2023-07-27 04:00:00,1977.905,1982.081,1974.004,1979.892,14550.0,200.0,0.0,0.0,0,0,0,bullish,0,none,0,0,0,1,0,1,1,1,0,1,3,4,1,4,7.783714285714268,4,3,1,1,A
2023-07-27 20:00:00,1944.107,1948.058,1943.373,1947.443,6695.0,200.0,0.0,0.0,0,0,0,bullish,1,bullish_engulfing,0,0,1,0,0,1,0,0,0,1,1,2,1,2,9.067000000000007,20,3,1,1,A
2023-07-28 08:00:00,1949.666,1957.96,1947.819,1956.578,15963.0,200.0,0.0,0.0,0,0,0,bullish,7,morning_star,0,0,1,0,0,1,0,0,0,1,1,2,1,2,10.278642857142861,8,4,1,1,A
2023-07-30 20:00:00,1959.875,1960.47,1957.373,1958.063,3961.0,200.0,0.0,0.0,0,0,0,bullish,2,bearish_engulfing,0,0,1,0,0,1,0,0,0,1,1,2,1,2,9.128142857142864,20,6,1,1,A
2023-07-31 04:00:00,1954.539,1956.967,1953.056,1954.823,13931.0,200.0,0.0,0.0,0,0,0,bullish,5,doji,0,0,1,0,0,1,0,1,0,1,2,3,1,3,8.714642857142865,4,0,1,1,A
2023-07-31 12:00:00,1959.06,1972.326,1957.477,1970.636,23241.0,200.0,1972.326,0.0,0,0,0,bullish,0,none,1,0,0,0,0,1,1,1,0,1,3,4,1,4,9.400285714285701,12,0,1,1,A
2023-07-31 20:00:00,1964.514,1965.944,1963.846,1963.907,5151.0,200.0,0.0,0.0,0,0,0,bullish,6,shooting_star,0,0,1,0,0,1,0,0,0,1,1,2,1,2,6.9754285714285515,20,0,1,1,A
2023-08-01 16:00:00,1944.169,1945.501,1941.209,1944.37,11042.0,200.0,0.0,0.0,0,0,0,bullish,5,doji,0,0,1,0,0,1,0,0,0,1,1,2,1,2,6.528142857142825,16,1,1,1,A
2023-08-02 08:00:00,1948.414,1954.752,1948.26,1950.621,14588.0,200.0,0.0,0.0,0,0,0,bullish,4,inverted_hammer,0,0,1,0,1,0,1,1,0,1,3,4,1,4,7.305285714285707,8,2,1,1,A
2023-08-04 08:00:00,1932.856,1934.142,1931.219,1932.269,12383.0,200.0,0.0,0.0,0,0,0,bullish,0,none,0,0,0,1,0,0,0,1,0,1,1,2,1,2,5.901285714285677,8,4,0,0,A
2023-08-06 20:00:00,1942.56,1946.648,1942.415,1943.79,4433.0,200.0,0.0,0.0,0,0,0,bullish,4,inverted_hammer,0,0,1,0,0,1,0,0,0,1,1,2,1,2,5.696499999999982,20,6,0,0,A
2023-08-07 00:00:00,1943.785,1945.267,1938.156,1939.32,12018.0,200.0,0.0,0.0,0,0,0,bullish,8,evening_star,0,0,1,0,0,1,0,1,0,1,2,3,1,3,6.023071428571419,0,0,0,0,A
2023-08-07 16:00:00,1932.458,1937.591,1932.074,1936.65,11116.0,200.0,0.0,0.0,0,0,0,bullish,1,bullish_engulfing,0,0,1,0,0,1,0,0,0,1,1,2,1,2,5.820714285714303,16,0,0,0,A
2023-08-07 20:00:00,1936.619,1938.031,1935.561,1936.732,4655.0,200.0,0.0,0.0,0,0,0,bullish,5,doji,0,0,1,0,0,1,0,0,0,1,1,2,1,2,5.7548571428571575,20,0,0,0,A
2023-08-08 00:00:00,1936.763,1937.305,1931.087,1933.105,12504.0,200.0,0.0,0.0,0,0,0,bullish,2,bearish_engulfing,0,0,1,0,0,1,0,1,0,1,2,3,1,3,5.979071428571452,0,1,0,0,A
2023-08-08 08:00:00,1930.426,1935.509,1928.087,1928.916,15475.0,200.0,0.0,0.0,0,0,0,bullish,6,shooting_star,0,0,1,0,0,1,1,1,0,1,3,4,1,4,6.200071428571456,8,1,0,0,A
2023-08-08 16:00:00,1925.777,1928.401,1923.561,1924.796,11747.0,200.0,0.0,0.0,0,0,0,bullish,0,none,0,0,0,1,0,1,0,0,0,1,1,2,1,2,5.451857142857177,16,1,0,0,A
2023-08-09 04:00:00,1930.103,1932.204,1928.524,1930.541,12671.0,200.0,0.0,0.0,0,0,0,bullish,5,doji,0,0,1,0,0,1,0,1,0,1,2,3,1,3,5.554357142857173,4,2,0,0,A
2023-08-09 12:00:00,1924.53,1927.377,1915.4,1916.653,25293.0,200.0,0.0,0.0,0,0,0,bullish,0,none,0,0,0,1,0,1,1,1,0,1,3,4,1,4,6.14750000000002,12,2,0,0,A
2023-08-09 16:00:00,1916.683,1918.118,1915.387,1915.493,12187.0,200.0,0.0,0.0,0,0,0,bullish,0,none,0,0,0,1,0,1,0,0,0,1,1,2,1,2,6.041928571428587,16,2,0,0,A
2023-08-09 20:00:00,1915.462,1916.892,1913.983,1916.688,4508.0,200.0,0.0,0.0,0,0,0,bullish,1,bullish_engulfing,0,0,1,1,0,0,0,0,0,2,0,2,2,2,5.514285714285734,20,2,0,0,A
2023-08-10 12:00:00,1921.811,1929.514,1912.825,1919.961,35619.0,200.0,0.0,0.0,0,0,0,bullish,5,doji,0,0,1,0,0,0,1,1,0,1,2,3,1,3,6.283142857142869,12,3,0,0,A
2023-08-10 16:00:00,1919.995,1921.66,1912.839,1913.289,14771.0,200.0,0.0,0.0,0,0,0,bullish,0,none,0,0,0,1,0,0,1,1,0,1,2,3,1,3,6.383071428571449,16,3,0,0,A
2023-08-11 12:00:00,1918.972,1920.882,1912.837,1913.978,26867.0,200.0,0.0,0.0,0,0,0,bullish,2,bearish_engulfing,0,0,1,0,0,0,1,1,0,1,2,3,1,3,6.279357142857147,12,4,0,0,A
2023-08-14 00:00:00,1913.62,1913.719,1910.06,1912.696,12674.0,200.0,0.0,0.0,0,0,0,bullish,0,none,0,0,0,1,0,0,0,1,0,1,1,2,1,2,5.246214285714294,0,0,0,0,A
2023-08-14 04:00:00,1912.694,1915.913,1910.56,1914.408,12278.0,200.0,0.0,0.0,0,0,0,bullish,1,bullish_engulfing,0,0,1,0,0,0,0,1,0,1,1,2,1,2,5.3595000000000095,4,0,0,0,A
2023-08-15 00:00:00,1907.567,1908.036,1903.671,1907.124,12766.0,200.0,0.0,0.0,0,0,0,bullish,2,bearish_engulfing,0,0,1,0,0,0,0,1,0,1,1,2,1,2,4.752571428571449,0,1,0,0,A
2023-08-15 04:00:00,1907.125,1907.455,1903.479,1904.921,12979.0,200.0,0.0,0.0,0,0,0,bullish,0,none,0,0,0,1,0,0,1,1,0,1,2,3,1,3,4.74464285714287,4,1,0,0,A
2023-08-15 08:00:00,1904.926,1905.119,1901.808,1904.166,13942.0,200.0,0.0,0.0,0,0,0,bullish,0,none,0,0,0,1,0,0,1,1,0,1,2,3,1,3,4.596785714285732,8,1,0,0,A
2023-08-15 16:00:00,1906.802,1907.377,1902.425,1902.664,13317.0,200.0,0.0,0.0,0,0,0,bullish,8,evening_star,0,0,1,0,0,0,1,1,0,1,2,3,1,3,5.204928571428582,16,1,0,0,A
2023-08-16 08:00:00,1904.511,1907.146,1903.041,1903.087,11922.0,200.0,0.0,0.0,0,0,0,bullish,2,bearish_engulfing,0,0,1,0,0,0,0,1,0,1,1,2,1,2,5.57507142857144,8,2,0,0,A
2023-08-16 16:00:00,1901.872,1902.53,1891.652,1892.146,15906.0,200.0,0.0,0.0,0,0,0,bullish,0,none,0,0,0,1,0,0,1,1,0,1,2,3,1,3,6.192000000000007,16,2,0,0,A
2023-08-18 04:00:00,1892.674,1894.059,1891.141,1892.547,12722.0,200.0,0.0,0.0,0,0,0,bullish,5,doji,0,0,1,0,0,0,0,1,0,1,1,2,1,2,5.765714285714255,4,4,0,0,A
2023-08-18 12:00:00,1893.721,1896.549,1888.425,1891.206,21507.0,200.0,0.0,0.0,0,0,0,bullish,8,evening_star,0,0,1,0,0,0,1,1,0,1,2,3,1,3,6.028428571428549,12,4,0,0,A
2023-08-21 08:00:00,1888.102,1893.109,1886.76,1892.879,13272.0,200.0,0.0,0.0,0,0,0,bullish,1,bullish_engulfing,0,0,1,0,0,0,1,1,0,1,2,3,1,3,5.714285714285698,8,0,0,0,A
2023-08-22 04:00:00,1896.029,1901.659,1893.79,1901.445,12621.0,200.0,0.0,0.0,0,0,0,bullish,0,none,0,0,0,1,1,0,1,1,0,1,3,4,1,4,5.6276428571428925,4,1,0,0,A
2023-08-22 12:00:00,1902.112,1903.368,1888.824,1897.808,23029.0,200.0,0.0,0.0,0,0,0,bullish,8,evening_star,0,0,1,0,0,0,1,1,0,1,2,3,1,3,6.593428571428603,12,1,0,0,A
2023-08-22 20:00:00,1897.547,1898.569,1897.063,1898.478,2703.0,200.0,0.0,0.0,0,0,0,bullish,1,bullish_engulfing,0,0,1,0,1,0,0,0,0,1,1,2,1,2,5.930214285714312,20,1,0,0,A
2023-08-23 04:00:00,1901.524,1904.665,1900.68,1903.587,13081.0,200.0,0.0,0.0,0,0,0,bullish,0,none,0,0,0,1,0,0,1,1,0,1,2,3,1,3,6.261928571428582,4,2,0,0,A
2023-08-23 12:00:00,1903.26,1918.61,1902.611,1918.268,27872.0,200.0,0.0,0.0,0,0,0,bullish,0,none,0,0,0,1,0,0,1,1,0,1,2,3,1,3,6.578214285714288,12,2,0,0,A
2023-08-23 20:00:00,1916.802,1918.005,1914.442,1917.849,4912.0,200.0,0.0,0.0,0,0,0,bullish,3,hammer,0,0,1,1,0,0,0,0,0,2,0,2,2,2,5.717785714285729,20,2,0,0,A
2023-08-25 04:00:00,1913.416,1915.939,1912.733,1914.149,11767.0,200.0,0.0,0.0,0,0,0,bullish,4,inverted_hammer,0,0,1,0,0,0,0,1,0,1,1,2,1,2,5.345214285714292,4,4,0,0,A
2023-08-25 12:00:00,1918.245,1922.118,1903.45,1907.747,32541.0,200.0,0.0,1903.45,0,0,0,bullish,0,none,1,0,0,0,0,1,1,1,0,1,3,4,1,4,6.4495000000000084,12,4,0,0,A
2023-08-25 20:00:00,1914.292,1914.917,1913.287,1914.321,1374.0,200.0,0.0,0.0,0,0,0,bullish,5,doji,0,0,1,0,0,1,0,0,0,1,1,2,1,2,5.645142857142868,20,4,0,0,A
2023-08-28 12:00:00,1914.757,1925.991,1912.694,1924.732,18826.0,200.0,0.0,0.0,0,0,0,bullish,0,none,0,0,0,1,0,1,1,1,0,1,3,4,1,4,5.830428571428586,12,0,0,0,A
2023-08-29 00:00:00,1921.199,1925.763,1921.009,1925.36,9814.0,200.0,0.0,0.0,0,0,0,bullish,0,none,0,0,0,1,0,1,0,0,0,1,1,2,1,2,5.614928571428583,0,1,0,0,A
2023-08-29 04:00:00,1925.348,1925.547,1921.585,1923.183,10613.0,200.0,0.0,0.0,0,0,0,bullish,0,none,0,0,0,1,0,1,0,1,0,1,2,3,1,3,5.585857142857143,4,1,0,0,A
2023-08-29 20:00:00,1938.018,1938.018,1935.924,1936.168,3884.0,200.0,0.0,0.0,0,0,0,bullish,2,bearish_engulfing,0,0,1,1,0,0,0,0,0,2,0,2,2,2,5.807499999999989,20,1,0,0,A
2023-08-30 04:00:00,1936.738,1937.077,1934.94,1936.458,10833.0,200.0,0.0,0.0,0,0,0,bullish,0,none,0,0,0,1,0,0,0,1,0,1,1,2,1,2,5.869428571428573,4,2,0,0,A
2023-08-31 08:00:00,1945.043,1945.869,1943.62,1945.633,11370.0,200.0,0.0,0.0,0,0,1,bullish,3,hammer,0,0,1,0,0,0,0,1,0,1,1,2,1,2,5.342571428571448,8,3,0,0,A
2023-08-31 12:00:00,1945.635,1947.526,1939.033,1940.592,24865.0,200.0,0.0,0.0,0,0,1,bullish,2,bearish_engulfing,0,0,1,0,0,0,1,1,0,1,2,3,1,3,5.666214285714318,12,3,0,0,A
2023-09-01 00:00:00,1939.828,1943.911,1938.638,1938.907,10749.0,200.0,0.0,0.0,0,0,1,bullish,6,shooting_star,0,0,1,0,0,0,0,1,0,1,1,2,1,2,3.8846428571429215,0,4,0,0,A
2023-09-03 20:00:00,1939.987,1941.0,1939.406,1940.558,2143.0,200.0,0.0,0.0,0,0,1,bullish,7,morning_star,0,0,1,0,0,1,0,0,0,1,1,2,1,2,4.665285714285736,20,6,1,1,A
2023-09-05 00:00:00,1937.551,1938.618,1934.72,1936.926,10188.0,200.0,0.0,0.0,0,0,1,bullish,0,none,0,0,0,1,0,1,0,1,0,1,2,3,1,3,4.595285714285686,0,1,1,1,A
2023-09-05 04:00:00,1936.926,1938.927,1935.172,1935.541,11526.0,200.0,0.0,0.0,0,0,1,bullish,0,none,0,0,0,1,0,1,1,1,0,1,3,4,1,4,4.4868571428570965,4,1,1,1,A
2023-09-05 08:00:00,1935.54,1935.624,1929.911,1930.428,12621.0,200.0,0.0,0.0,0,0,1,bullish,0,none,0,0,0,1,0,1,1,1,0,1,3,4,1,4,4.518714285714233,8,1,1,1,A
2023-09-05 12:00:00,1930.398,1934.486,1925.272,1926.07,24964.0,200.0,0.0,0.0,0,0,1,bullish,0,none,0,0,0,1,0,1,1,1,0,1,3,4,1,4,4.8947857142856845,12,1,1,1,A
2023-09-05 16:00:00,1926.039,1927.878,1925.412,1925.78,10115.0,200.0,0.0,0.0,0,0,1,bullish,0,none,0,0,0,1,0,1,0,0,0,1,1,2,1,2,3.785428571428546,16,1,1,1,A
2023-09-05 20:00:00,1925.811,1926.883,1925.387,1926.559,3465.0,200.0,0.0,0.0,0,0,1,bullish,0,none,0,0,0,1,0,1,0,0,0,1,1,2,1,2,3.590857142857122,20,1,1,1,A
2023-09-06 00:00:00,1926.559,1926.695,1924.189,1926.501,10069.0,200.0,0.0,0.0,0,0,1,bullish,0,none,0,0,0,1,0,1,0,0,0,1,1,2,1,2,3.6668571428571113,0,2,1,1,A
2023-09-06 04:00:00,1926.494,1928.428,1922.741,1922.741,11529.0,200.0,0.0,0.0,0,0,1,bullish,0,none,0,0,0,1,0,1,1,1,0,1,3,4,1,4,3.9592142857142596,4,2,1,1,A
2023-09-06 16:00:00,1916.739,1920.622,1915.959,1916.642,10209.0,200.0,0.0,0.0,0,0,0,bullish,0,none,0,0,0,1,0,1,1,1,0,1,3,4,1,4,4.680999999999975,16,2,1,1,A
2023-09-06 20:00:00,1916.672,1918.103,1915.921,1917.091,3718.0,200.0,0.0,0.0,0,0,0,bullish,7,morning_star,0,0,1,1,0,0,0,0,0,2,0,2,2,2,4.480285714285693,20,2,1,1,A
2023-09-07 08:00:00,1918.312,1922.257,1917.336,1921.773,11128.0,200.0,0.0,0.0,0,0,0,bullish,1,bullish_engulfing,0,0,1,0,0,0,1,1,0,1,2,3,1,3,4.9472142857143,8,3,1,1,A
2023-09-07 12:00:00,1921.787,1923.414,1915.987,1920.906,21478.0,200.0,0.0,0.0,0,0,0,bullish,5,doji,0,0,1,0,0,0,1,1,0,1,2,3,1,3,5.209500000000015,12,3,0,0,A
2023-09-08 12:00:00,1922.954,1929.558,1919.149,1919.546,20855.0,200.0,0.0,0.0,0,0,0,bullish,6,shooting_star,0,0,1,0,0,0,1,1,0,1,2,3,1,3,5.392928571428619,12,4,0,0,A
2023-09-11 00:00:00,1918.795,1924.001,1918.316,1923.274,12421.0,200.0,0.0,0.0,0,0,0,bullish,1,bullish_engulfing,0,0,1,0,0,0,1,1,0,1,2,3,1,3,4.4535000000000435,0,0,0,0,A
2023-09-11 04:00:00,1923.274,1930.44,1922.921,1926.422,14482.0,200.0,1930.44,0.0,0,0,0,bullish,0,none,1,0,0,0,0,1,1,1,0,1,3,4,1,4,4.677785714285749,4,0,0,0,A
2023-09-11 12:00:00,1925.16,1929.984,1921.344,1922.987,19544.0,200.0,0.0,0.0,0,0,0,bullish,6,shooting_star,0,0,1,0,0,1,1,1,0,1,3,4,1,4,4.958714285714303,12,0,0,0,A
2023-09-11 16:00:00,1922.987,1925.038,1921.436,1922.7,9557.0,200.0,0.0,0.0,0,0,0,bullish,5,doji,0,0,1,0,0,1,0,0,0,1,1,2,1,2,4.685500000000031,16,0,0,0,A
2023-09-12 00:00:00,1921.59,1924.282,1920.311,1923.623,10657.0,200.0,0.0,0.0,0,0,0,bullish,1,bullish_engulfing,0,0,1,0,0,1,0,0,0,1,1,2,1,2,4.718357142857177,0,1,0,0,A
2023-09-12 04:00:00,1923.623,1924.447,1918.763,1918.968,10968.0,200.0,0.0,0.0,0,0,0,bullish,8,evening_star,0,0,1,0,0,1,1,1,0,1,3,4,1,4,4.619500000000032,4,1,0,0,A
2023-09-12 08:00:00,1918.967,1921.298,1910.736,1912.936,13256.0,200.0,0.0,0.0,0,0,0,bullish,0,none,0,0,0,1,0,1,1,1,0,1,3,4,1,4,5.1292142857142995,8,1,0,0,A
2023-09-12 12:00:00,1912.936,1914.453,1907.232,1912.411,21025.0,200.0,0.0,0.0,0,0,0,bullish,5,doji,0,0,1,0,0,1,1,1,0,1,3,4,1,4,5.416071428571432,12,1,0,0,A
2023-09-12 20:00:00,1912.927,1913.778,1912.434,1912.858,3470.0,200.0,0.0,0.0,0,0,0,bullish,5,doji,0,0,1,0,0,1,0,0,0,1,1,2,1,2,4.757785714285709,20,1,0,0,A
2023-09-13 00:00:00,1912.857,1913.781,1908.168,1909.604,11065.0,200.0,0.0,0.0,0,0,0,bullish,0,none,0,0,0,1,0,1,1,1,0,1,3,4,1,4,5.116428571428579,0,2,0,0,A
2023-09-13 08:00:00,1911.988,1913.055,1910.739,1912.262,10950.0,200.0,0.0,0.0,0,0,0,bullish,5,doji,0,0,1,0,0,1,0,0,0,1,1,2,1,2,4.973571428571437,8,2,0,0,A
2023-09-13 12:00:00,1912.262,1915.545,1905.105,1910.375,30430.0,200.0,0.0,0.0,0,0,0,bullish,8,evening_star,0,0,1,0,0,1,1,1,0,1,3,4,1,4,5.182214285714297,12,2,0,0,A
2023-09-14 04:00:00,1909.641,1910.983,1905.166,1905.818,11673.0,200.0,0.0,0.0,0,0,0,bullish,0,none,0,0,0,1,0,1,0,1,0,1,2,3,1,3,5.048642857142876,4,3,0,0,A
2023-09-14 08:00:00,1905.817,1909.078,1905.498,1907.458,11384.0,200.0,0.0,0.0,0,0,0,bullish,0,none,0,0,0,1,0,0,0,1,0,1,1,2,1,2,5.020714285714299,8,3,0,0,A
2023-09-14 16:00:00,1907.92,1912.03,1907.903,1909.412,11904.0,200.0,0.0,0.0,0,0,0,bullish,4,inverted_hammer,0,0,1,0,0,0,0,1,0,1,1,2,1,2,4.898928571428606,16,3,0,0,A
2023-09-18 00:00:00,1923.227,1929.448,1923.192,1928.838,11721.0,200.0,0.0,0.0,0,0,0,bullish,0,none,0,0,0,1,0,0,0,1,0,1,1,2,1,2,5.264357142857193,0,0,0,0,A
2023-09-19 00:00:00,1934.061,1934.534,1931.683,1932.227,9266.0,200.0,0.0,0.0,0,0,0,bullish,2,bearish_engulfing,0,0,1,1,0,0,0,0,0,2,0,2,2,2,4.848428571428615,0,1,0,0,A
2023-09-19 12:00:00,1935.215,1937.345,1931.001,1933.056,18747.0,200.0,0.0,0.0,0,0,0,bullish,2,bearish_engulfing,0,0,1,0,0,0,1,1,0,1,2,3,1,3,4.894285714285729,12,1,0,0,A
2023-09-20 08:00:00,1928.637,1932.669,1928.608,1932.034,10607.0,200.0,0.0,0.0,0,0,0,bullish,1,bullish_engulfing,0,0,1,0,0,0,0,1,0,1,1,2,1,2,3.988428571428585,8,2,0,0,A
2023-09-21 04:00:00,1928.3,1930.451,1926.351,1927.12,11604.0,200.0,0.0,0.0,0,0,1,bullish,6,shooting_star,0,0,1,0,0,0,0,1,0,1,1,2,1,2,5.584642857142853,4,3,1,1,A
2023-09-21 08:00:00,1927.089,1927.382,1920.189,1920.705,13985.0,200.0,0.0,0.0,0,0,1,bullish,0,none,0,0,0,1,0,0,1,1,0,1,2,3,1,3,5.894785714285701,8,3,1,1,A
2023-09-21 12:00:00,1920.712,1923.774,1913.641,1917.397,28735.0,200.0,0.0,1913.641,0,0,1,bullish,0,none,1,0,0,0,0,1,1,1,0,1,3,4,1,4,6.2648571428571165,12,3,0,0,A
2023-09-22 12:00:00,1925.507,1928.846,1924.1,1927.669,19221.0,200.0,1928.846,0.0,0,0,1,bullish,0,none,1,0,0,0,0,1,1,1,0,1,3,4,1,4,6.435214285714275,12,4,0,0,A
2023-09-22 16:00:00,1927.666,1928.478,1924.242,1925.336,10077.0,200.0,0.0,0.0,0,0,1,bullish,8,evening_star,0,0,1,0,0,1,0,0,0,1,1,2,1,2,6.447714285714271,16,4,0,0,A
2023-09-22 20:00:00,1925.304,1925.52,1924.594,1925.231,1182.0,200.0,0.0,0.0,0,0,1,bullish,5,doji,0,0,1,0,0,1,0,0,0,1,1,2,1,2,5.448428571428557,20,4,0,0,A
2023-09-25 04:00:00,1923.579,1927.147,1920.827,1923.449,10874.0,200.0,0.0,0.0,0,0,1,bullish,5,doji,0,0,1,0,0,1,0,1,0,1,2,3,1,3,4.47214285714285,4,0,0,0,A
2023-09-25 08:00:00,1923.448,1924.951,1920.97,1924.019,12569.0,200.0,0.0,0.0,0,0,1,bullish,1,bullish_engulfing,0,0,1,0,0,1,1,1,0,1,3,4,1,4,4.463642857142856,8,0,0,0,A
2023-09-25 12:00:00,1923.987,1926.8,1914.981,1917.417,22489.0,200.0,0.0,0.0,0,0,1,bullish,8,evening_star,0,0,1,0,0,1,1,1,0,1,3,4,1,4,4.794071428571426,12,0,0,0,A
2023-09-25 16:00:00,1917.41,1918.22,1915.144,1915.454,10564.0,200.0,0.0,0.0,0,0,1,bullish,0,none,0,0,0,1,0,1,0,1,0,1,2,3,1,3,4.2900000000000125,16,0,0,0,A
2023-09-25 20:00:00,1915.475,1916.744,1915.397,1916.207,2885.0,200.0,0.0,0.0,0,0,1,bullish,0,none,0,0,0,1,0,1,0,0,0,1,1,2,1,2,4.0307857142857175,20,0,0,0,A
2023-09-26 04:00:00,1913.59,1915.133,1909.505,1913.637,10458.0,200.0,0.0,0.0,0,0,1,bullish,5,doji,0,0,1,0,0,1,0,0,0,1,1,2,1,2,4.2219285714285535,4,1,0,0,A
2023-09-26 12:00:00,1911.532,1912.791,1900.432,1902.352,23204.0,200.0,0.0,0.0,0,0,1,bullish,0,none,0,0,0,1,0,1,1,1,0,1,3,4,1,4,4.825999999999973,12,1,0,0,A
2023-09-26 16:00:00,1902.366,1903.598,1899.103,1900.456,12366.0,200.0,0.0,0.0,0,0,1,bullish,0,none,0,0,0,1,1,1,1,1,0,1,4,5,1,5,4.808071428571387,16,1,0,0,A
2023-09-26 20:00:00,1900.496,1902.032,1900.238,1901.529,3580.0,200.0,0.0,0.0,0,0,1,bullish,0,none,0,0,0,1,1,0,0,0,0,1,1,2,1,2,4.6336428571427986,20,1,0,0,A
2023-09-27 04:00:00,1899.864,1899.864,1895.479,1896.619,12673.0,200.0,0.0,0.0,0,0,1,bullish,0,none,0,0,0,1,0,0,1,1,0,1,2,3,1,3,5.061214285714235,4,2,0,0,A
2023-09-27 08:00:00,1896.588,1897.799,1892.469,1892.851,12679.0,200.0,0.0,0.0,0,0,1,bullish,0,none,0,0,0,1,0,0,1,1,0,1,2,3,1,3,5.252214285714233,8,2,0,0,A
2023-09-27 12:00:00,1892.842,1893.052,1879.609,1881.49,22719.0,200.0,0.0,0.0,0,0,1,bullish,0,none,0,0,0,1,0,0,1,1,0,1,2,3,1,3,5.760999999999951,12,2,0,0,A
2023-09-28 00:00:00,1877.583,1877.853,1873.566,1874.63,10904.0,200.0,0.0,0.0,0,0,1,bullish,2,bearish_engulfing,0,0,1,1,0,0,0,0,0,2,0,2,2,2,5.590428571428528,0,3,0,0,A
2023-09-28 04:00:00,1874.611,1878.17,1873.689,1875.68,13333.0,200.0,0.0,0.0,0,0,1,bullish,4,inverted_hammer,0,0,1,0,0,0,1,1,0,1,2,3,1,3,5.814285714285672,4,3,0,0,A
2023-09-28 08:00:00,1875.714,1877.125,1873.586,1875.972,13023.0,200.0,0.0,0.0,0,0,1,bullish,5,doji,0,0,1,0,0,0,1,1,0,1,2,3,1,3,5.815714285714258,8,3,0,0,A
2023-09-28 12:00:00,1875.984,1879.49,1857.494,1864.718,30525.0,200.0,0.0,0.0,0,0,1,bullish,2,bearish_engulfing,0,0,1,0,0,0,1,1,0,1,2,3,1,3,6.984857142857128,12,3,0,0,A
2023-09-29 16:00:00,1854.773,1856.417,1846.282,1848.23,15422.0,200.0,0.0,0.0,0,0,1,bullish,0,none,0,0,0,1,0,0,1,1,0,1,2,3,1,3,9.192928571428572,16,4,0,0,A
2023-10-02 00:00:00,1848.314,1848.885,1842.85,1843.436,8917.0,200.0,0.0,0.0,0,0,1,bullish,8,evening_star,0,0,1,1,0,0,0,0,0,2,0,2,2,2,8.169214285714313,0,0,0,0,A
2023-10-02 04:00:00,1843.432,1846.183,1839.257,1839.776,13032.0,200.0,0.0,0.0,0,0,1,bullish,0,none,0,0,0,1,0,0,0,1,0,1,1,2,1,2,8.357714285714305,4,0,0,0,A
2023-10-02 16:00:00,1832.576,1833.566,1829.164,1829.306,14740.0,200.0,0.0,0.0,0,0,1,bullish,0,none,0,0,0,1,0,0,1,1,0,1,2,3,1,3,8.354499999999998,16,0,0,0,A
2023-10-03 12:00:00,1825.908,1833.344,1819.247,1824.787,46474.0,200.0,0.0,0.0,0,0,0,bullish,5,doji,0,0,1,0,0,1,1,1,0,1,3,4,1,4,9.352642857142882,12,1,0,0,A
2023-10-04 04:00:00,1820.73,1823.787,1816.669,1823.064,14587.0,200.0,0.0,0.0,0,0,0,bullish,3,hammer,0,0,1,0,0,1,0,0,0,1,1,2,1,2,7.828571428571438,4,2,0,0,A
2023-10-04 12:00:00,1824.945,1830.542,1817.07,1823.718,36843.0,200.0,0.0,0.0,0,0,0,bullish,5,doji,0,0,1,0,0,1,1,1,0,1,3,4,1,4,8.35771428571429,12,2,0,0,A
2023-10-05 12:00:00,1822.99,1823.842,1812.994,1815.479,30740.0,200.0,0.0,0.0,0,0,0,bullish,0,none,0,0,0,1,0,0,1,1,0,1,2,3,1,3,7.414785714285732,12,3,0,0,A
2023-10-06 08:00:00,1821.335,1825.05,1819.274,1821.209,13390.0,200.0,0.0,0.0,0,0,0,bullish,5,doji,0,0,1,0,0,0,0,1,0,1,1,2,1,2,6.85542857142858,8,4,0,0,A
2023-10-09 04:00:00,1851.074,1854.361,1848.02,1850.426,14820.0,200.0,0.0,0.0,0,0,0,bullish,5,doji,0,0,1,0,1,0,0,1,0,1,2,3,1,3,8.501928571428623,4,0,0,0,A
2023-10-09 12:00:00,1849.985,1853.129,1844.161,1851.54,23790.0,200.0,0.0,0.0,0,0,0,bullish,7,morning_star,0,0,1,0,0,0,1,1,0,1,2,3,1,3,8.410000000000016,12,0,0,0,A
2023-10-09 16:00:00,1851.539,1863.416,1848.633,1863.223,13335.0,200.0,0.0,0.0,0,0,0,bullish,0,none,0,0,0,1,0,0,0,1,0,1,1,2,1,2,8.691071428571425,16,0,0,0,A
2023-10-10 00:00:00,1862.582,1865.278,1861.366,1862.42,14306.0,200.0,0.0,0.0,0,0,0,bullish,5,doji,0,0,1,0,0,0,0,1,0,1,1,2,1,2,8.484857142857143,0,1,0,0,A
2023-10-10 08:00:00,1857.341,1859.733,1854.815,1857.127,15871.0,200.0,0.0,0.0,0,0,0,bullish,5,doji,0,0,1,0,0,0,1,1,0,1,2,3,1,3,8.595714285714264,8,1,0,0,A
2023-10-11 16:00:00,1873.027,1877.152,1870.783,1873.584,15547.0,200.0,0.0,0.0,0,0,0,bullish,5,doji,0,0,1,0,0,0,1,1,0,1,2,3,1,3,6.575857142857136,16,2,0,0,A
2023-10-12 08:00:00,1878.824,1884.434,1878.604,1883.494,12940.0,200.0,0.0,0.0,0,0,0,bullish,0,none,0,0,0,1,0,0,0,1,0,1,1,2,1,2,5.699571428571452,8,3,0,0,A
2023-10-12 12:00:00,1883.497,1884.918,1870.689,1872.283,30445.0,200.0,0.0,0.0,0,0,0,bullish,2,bearish_engulfing,0,0,1,0,0,0,1,1,0,1,2,3,1,3,6.192714285714293,12,3,0,0,A
2023-10-13 12:00:00,1896.388,1923.112,1896.388,1922.951,41489.0,200.0,0.0,0.0,0,0,0,bullish,0,none,0,0,0,1,0,0,1,1,0,1,2,3,1,3,8.64992857142855,12,4,0,0,A
2023-10-13 16:00:00,1922.981,1930.698,1922.392,1928.293,16730.0,200.0,0.0,0.0,0,0,0,bullish,0,none,0,0,0,1,0,0,1,1,0,1,2,3,1,3,8.683499999999981,16,4,0,0,A
2023-10-17 04:00:00,1916.81,1921.338,1914.198,1920.005,13034.0,200.0,0.0,0.0,0,0,1,bullish,7,morning_star,0,0,1,0,0,0,0,1,0,1,1,2,1,2,9.948500000000015,4,1,0,0,A
2023-10-18 08:00:00,1939.522,1947.448,1937.231,1946.101,16323.0,200.0,0.0,0.0,0,0,1,bullish,0,none,0,0,0,1,0,0,1,1,0,1,2,3,1,3,8.494857142857134,8,2,1,1,A
2023-10-18 12:00:00,1946.089,1962.597,1938.057,1945.112,36080.0,200.0,0.0,0.0,0,0,1,bullish,5,doji,0,0,1,0,0,0,1,1,0,1,2,3,1,3,9.374999999999984,12,2,1,1,A
2023-10-18 16:00:00,1945.138,1956.517,1944.568,1950.351,17808.0,200.0,0.0,0.0,0,0,1,bullish,7,morning_star,0,0,1,0,1,0,1,1,0,1,3,4,1,4,9.63299999999999,16,2,1,1,A
2023-10-20 00:00:00,1977.137,1981.889,1971.961,1977.696,17936.0,200.0,0.0,0.0,0,0,1,bullish,5,doji,0,0,1,0,0,0,1,1,0,1,2,3,1,3,11.191714285714284,0,4,1,1,A
2023-10-20 04:00:00,1977.694,1982.103,1974.083,1980.125,16264.0,200.0,0.0,0.0,0,0,1,bullish,0,none,0,0,0,1,0,0,0,1,0,1,1,2,1,2,11.519571428571437,4,4,1,1,A
2023-10-20 08:00:00,1980.138,1985.849,1976.338,1977.264,17386.0,200.0,0.0,0.0,0,0,1,bullish,2,bearish_engulfing,0,0,1,0,0,0,0,1,0,1,1,2,1,2,10.844714285714288,8,4,1,1,A
2023-10-23 08:00:00,1979.346,1982.768,1975.267,1979.273,16944.0,200.0,0.0,0.0,0,0,1,bullish,5,doji,0,0,1,0,0,1,0,1,0,1,2,3,1,3,11.437785714285708,8,0,1,1,A
2023-10-23 16:00:00,1975.274,1979.339,1971.124,1973.135,17460.0,200.0,0.0,0.0,0,0,1,bullish,6,shooting_star,0,0,1,0,0,1,0,1,0,1,2,3,1,3,11.663285714285719,16,0,1,1,A
2023-10-23 20:00:00,1973.103,1973.808,1971.379,1973.522,4616.0,200.0,0.0,0.0,0,0,1,bullish,3,hammer,0,0,1,0,0,1,0,0,0,1,1,2,1,2,10.011,20,0,1,1,A
2023-10-25 00:00:00,1972.848,1976.973,1970.821,1973.279,13934.0,200.0,0.0,0.0,0,0,0,bullish,5,doji,0,0,1,0,0,1,0,0,0,1,1,2,1,2,8.806428571428569,0,2,1,1,A
2023-10-25 08:00:00,1971.119,1976.43,1969.416,1974.654,15718.0,200.0,0.0,0.0,0,0,0,bullish,1,bullish_engulfing,0,0,1,0,0,1,0,1,0,1,2,3,1,3,8.341285714285716,8,2,1,1,A
2023-10-25 12:00:00,1974.695,1987.236,1963.001,1981.184,36705.0,200.0,0.0,0.0,0,0,0,bullish,3,hammer,0,0,1,0,0,1,1,1,0,1,3,4,1,4,9.568785714285728,12,2,1,1,A
2023-10-25 16:00:00,1981.191,1985.688,1976.511,1980.747,18873.0,200.0,0.0,0.0,0,0,0,bullish,5,doji,0,0,1,0,0,1,1,1,0,1,3,4,1,4,9.688500000000024,16,2,1,1,A
2023-10-26 04:00:00,1987.128,1990.035,1983.936,1990.017,15976.0,200.0,0.0,0.0,0,0,0,bullish,0,none,0,0,0,1,0,0,0,1,0,1,1,2,1,2,9.331285714285741,4,3,1,1,A
2023-10-26 20:00:00,1984.296,1986.734,1983.359,1984.345,5655.0,200.0,0.0,0.0,0,0,0,bullish,5,doji,0,0,1,0,0,1,0,0,0,1,1,2,1,2,8.767214285714301,20,3,1,1,A
2023-11-01 04:00:00,1977.079,1980.967,1975.232,1977.103,12863.0,200.0,0.0,0.0,0,0,1,bullish,5,doji,0,0,1,1,0,0,0,0,0,2,0,2,2,2,7.508142857142843,4,2,1,1,A
2023-11-01 12:00:00,1983.415,1992.618,1978.341,1979.238,30173.0,200.0,0.0,0.0,0,0,1,bullish,6,shooting_star,0,0,1,0,0,0,1,1,0,1,2,3,1,3,8.063642857142847,12,2,1,1,A
2023-11-01 20:00:00,1978.563,1985.633,1977.115,1985.01,7642.0,200.0,0.0,0.0,0,0,1,bullish,1,bullish_engulfing,0,0,1,0,0,1,0,0,0,1,1,2,1,2,8.357357142857138,20,2,1,1,A
2023-11-02 00:00:00,1984.989,1988.122,1983.316,1985.374,12757.0,200.0,0.0,0.0,0,0,1,bullish,5,doji,0,0,1,0,0,1,0,0,0,1,1,2,1,2,8.274999999999993,0,3,1,1,A
2023-11-02 04:00:00,1985.402,1986.62,1983.639,1985.408,12427.0,200.0,0.0,0.0,0,0,1,bullish,5,doji,0,0,1,0,0,1,0,0,0,1,1,2,1,2,8.292928571428563,4,3,1,1,A
2023-11-02 12:00:00,1988.506,1990.926,1978.798,1981.14,27243.0,200.0,0.0,0.0,0,0,1,bullish,2,bearish_engulfing,0,0,1,0,0,1,1,1,0,1,3,4,1,4,8.674857142857118,12,3,1,1,A
2023-11-03 00:00:00,1984.956,1987.813,1983.218,1985.802,10076.0,200.0,0.0,0.0,0,0,1,bullish,1,bullish_engulfing,0,0,1,0,0,1,0,0,0,1,1,2,1,2,7.093857142857116,0,4,1,1,A
2023-11-03 08:00:00,1986.523,1990.185,1986.11,1987.536,12633.0,200.0,0.0,0.0,0,0,1,bullish,4,inverted_hammer,0,0,1,0,0,1,0,1,0,1,2,3,1,3,6.979857142857132,8,4,1,1,A
2023-11-06 12:00:00,1987.633,1989.047,1981.078,1981.078,21132.0,200.0,0.0,0.0,0,0,1,bullish,8,evening_star,0,0,1,0,0,1,1,1,0,1,3,4,1,4,6.644428571428583,12,0,1,1,A
2023-11-07 08:00:00,1969.276,1970.199,1962.638,1963.845,16164.0,200.0,0.0,0.0,0,0,1,bullish,0,none,0,0,0,1,0,0,1,1,0,1,2,3,1,3,6.506857142857159,8,1,1,1,A
2023-11-07 12:00:00,1963.84,1967.194,1956.624,1963.297,26740.0,200.0,0.0,0.0,0,0,1,bullish,5,doji,0,0,1,0,0,0,1,1,0,1,2,3,1,3,6.970785714285723,12,1,1,1,A
2023-11-07 16:00:00,1963.299,1969.839,1961.737,1967.424,16107.0,200.0,0.0,0.0,0,0,1,bullish,7,morning_star,0,0,1,0,0,0,1,1,0,1,2,3,1,3,6.241142857142855,16,1,1,1,A
2023-11-08 16:00:00,1955.325,1957.865,1947.469,1948.13,18803.0,200.0,0.0,0.0,0,0,1,bullish,0,none,0,0,0,1,0,0,1,1,0,1,2,3,1,3,7.258214285714254,16,2,1,1,A
2023-11-10 12:00:00,1948.167,1949.147,1939.678,1941.97,24805.0,200.0,0.0,0.0,0,0,1,bullish,0,none,0,0,0,1,0,0,1,1,0,1,2,3,1,3,8.342642857142891,12,4,1,1,A
2023-11-10 16:00:00,1942.009,1943.404,1932.898,1935.44,16779.0,200.0,0.0,0.0,0,0,1,bullish,0,none,0,0,0,1,0,0,1,1,0,1,2,3,1,3,8.413357142857194,16,4,1,1,A
2023-11-12 20:00:00,1941.002,1941.299,1921.384,1940.344,2187.0,200.0,0.0,1921.384,0,↓,0,bearish,0,none,1,1,0,0,0,0,0,0,0,2,0,2,2,2,8.280714285714323,20,6,1,1,A
2023-11-14 08:00:00,1945.611,1948.089,1944.296,1945.837,13403.0,200.0,0.0,0.0,0,0,0,bullish,5,doji,0,0,1,0,0,0,0,1,0,1,1,2,1,2,7.438857142857127,8,1,1,1,A
2023-11-15 00:00:00,1962.487,1966.96,1961.527,1966.815,13033.0,200.0,0.0,0.0,0,0,0,bullish,1,bullish_engulfing,0,0,1,0,0,0,0,1,0,1,1,2,1,2,8.277999999999972,0,2,1,1,A
2023-11-15 04:00:00,1966.827,1971.012,1965.87,1970.261,13269.0,200.0,0.0,0.0,0,0,0,bullish,0,none,0,0,0,1,0,0,0,1,0,1,1,2,1,2,7.222785714285692,4,2,1,1,A
2023-11-15 08:00:00,1970.288,1974.03,1969.75,1972.896,14823.0,200.0,0.0,0.0,0,0,0,bullish,0,none,0,0,0,1,0,0,1,1,0,1,2,3,1,3,6.9669999999999686,8,2,1,1,A
2023-11-15 12:00:00,1972.901,1975.28,1955.412,1963.115,27184.0,200.0,0.0,0.0,0,0,0,bullish,2,bearish_engulfing,0,0,1,0,0,0,1,1,0,1,2,3,1,3,7.883428571428534,12,2,1,1,A
2023-11-16 08:00:00,1966.505,1968.536,1964.605,1965.536,13114.0,200.0,0.0,0.0,0,0,0,bullish,6,shooting_star,0,0,1,0,0,0,0,1,0,1,1,2,1,2,7.596071428571382,8,3,1,1,A
2023-11-17 08:00:00,1987.489,1993.409,1984.588,1988.734,16701.0,199.0,1993.409,0.0,0,0,0,bullish,0,none,1,0,0,0,0,0,1,1,1,1,3,4,1,4,7.743499999999991,8,4,1,1,A
2023-11-17 12:00:00,1988.802,1991.596,1979.324,1983.4,23618.0,199.0,0.0,0.0,0,0,0,bullish,2,bearish_engulfing,0,0,1,0,0,0,1,1,1,1,3,4,1,4,8.252785714285697,12,4,1,1,A
2023-11-20 12:00:00,1973.311,1973.379,1965.416,1971.887,23606.0,199.0,0.0,1965.416,0,0,0,bullish,0,none,1,0,0,0,0,1,1,1,0,1,3,4,1,4,8.263357142857169,12,0,1,1,A
2023-11-20 16:00:00,1971.925,1978.924,1971.229,1978.377,17072.0,199.0,0.0,0.0,0,0,0,bullish,7,morning_star,0,0,1,0,0,1,1,1,0,1,3,4,1,4,7.071285714285734,16,0,1,1,A
2023-11-21 00:00:00,1981.155,1994.273,1980.709,1993.257,16860.0,199.0,0.0,0.0,0,0,0,bullish,0,none,0,0,0,1,0,1,1,1,0,1,3,4,1,4,7.566000000000015,0,1,1,1,A
2023-11-21 04:00:00,1993.2,1994.044,1989.625,1992.302,15338.0,199.0,0.0,0.0,0,0,0,bullish,0,none,0,0,0,1,0,1,1,0,0,1,2,3,1,3,7.509428571428592,4,1,1,1,A
2023-11-22 04:00:00,1996.461,2004.029,1996.17,2003.657,14980.0,199.0,0.0,0.0,0,0,1,bullish,1,bullish_engulfing,0,0,1,0,0,1,0,0,0,1,1,2,1,2,8.420857142857114,4,2,1,1,A
2023-11-22 20:00:00,1990.7,1991.813,1989.346,1990.506,6650.0,199.0,0.0,0.0,0,0,1,bullish,5,doji,0,0,1,0,0,1,0,0,0,1,1,2,1,2,8.314214285714261,20,2,1,1,A
2023-11-23 16:00:00,1992.139,1992.957,1989.762,1992.078,5114.0,199.0,0.0,0.0,0,0,1,bullish,5,doji,0,0,1,0,0,1,0,0,0,1,1,2,1,2,7.13992857142856,16,3,1,1,A
2023-11-24 04:00:00,1993.524,1994.79,1991.467,1993.483,12788.0,199.0,0.0,0.0,0,0,1,bullish,5,doji,0,0,1,0,0,0,0,1,1,1,2,3,1,3,5.460928571428553,4,4,1,1,A
2023-11-24 08:00:00,1993.453,1996.297,1992.221,1995.179,13558.0,199.0,0.0,0.0,0,0,1,bullish,1,bullish_engulfing,0,0,1,0,0,0,0,1,1,1,2,3,1,3,5.475142857142844,8,4,1,1,A
2023-11-24 12:00:00,1995.229,2003.621,1994.324,1998.331,21199.0,199.0,0.0,0.0,0,0,1,bullish,4,inverted_hammer,0,0,1,0,1,0,1,1,1,1,4,5,1,5,5.577857142857137,12,4,1,1,A
2023-11-27 04:00:00,2009.531,2013.724,2008.389,2010.854,15719.0,199.0,0.0,0.0,0,0,1,bullish,4,inverted_hammer,0,0,1,0,0,0,1,1,1,1,3,4,1,4,5.404999999999989,4,0,1,1,A
2023-11-27 08:00:00,2010.83,2015.49,2010.466,2012.518,16046.0,199.0,0.0,0.0,0,0,1,bullish,4,inverted_hammer,0,0,1,0,0,0,1,1,1,1,3,4,1,4,5.183785714285721,8,0,1,1,A
2023-11-27 12:00:00,2012.528,2016.337,2008.642,2010.202,24482.0,199.0,0.0,0.0,0,0,1,bullish,2,bearish_engulfing,0,0,1,0,0,0,1,1,1,1,3,4,1,4,5.3587142857142975,12,0,1,1,A
2023-11-27 16:00:00,2010.255,2013.563,2005.668,2012.776,16603.0,199.0,0.0,0.0,0,0,1,bullish,3,hammer,0,0,1,0,0,0,1,1,1,1,3,4,1,4,5.617071428571454,16,0,1,1,A
2023-11-27 20:00:00,2012.77,2015.423,2011.924,2015.215,6838.0,199.0,0.0,0.0,0,0,1,bullish,0,none,0,0,0,1,0,0,0,0,1,1,1,2,1,2,5.647285714285739,20,0,1,1,A
2023-11-28 00:00:00,2015.217,2018.027,2013.812,2014.899,14330.0,199.0,0.0,0.0,0,0,1,bullish,5,doji,0,0,1,0,0,0,1,0,1,1,2,3,1,3,5.720142857142881,0,1,1,1,A
2023-11-28 08:00:00,2013.519,2016.661,2012.477,2015.127,14135.0,199.0,0.0,0.0,0,0,1,bullish,7,morning_star,0,0,1,0,0,0,1,0,1,1,2,3,1,3,5.958214285714315,8,1,1,1,A
2023-11-28 12:00:00,2015.173,2031.509,2011.389,2030.794,26062.0,199.0,0.0,0.0,0,0,1,bullish,0,none,0,0,0,1,0,0,1,1,0,1,2,3,1,3,7.158000000000048,12,1,1,1,A
2023-11-28 16:00:00,2030.797,2043.026,2030.365,2041.772,19404.0,199.0,0.0,0.0,0,0,1,bullish,0,none,0,0,0,1,0,0,1,1,0,1,2,3,1,3,7.771214285714336,16,1,1,1,A
2023-11-29 04:00:00,2044.016,2048.966,2040.974,2042.483,15971.0,199.0,0.0,0.0,0,0,1,bullish,6,shooting_star,0,0,1,0,0,0,1,1,0,1,2,3,1,3,8.145500000000068,4,2,1,1,A
2023-11-29 12:00:00,2040.019,2046.971,2037.055,2042.886,30463.0,199.0,0.0,0.0,0,0,1,bullish,1,bullish_engulfing,0,0,1,0,0,0,1,1,0,1,2,3,1,3,7.933928571428639,12,2,1,1,A
2023-11-30 16:00:00,2037.842,2041.369,2033.581,2036.065,16331.0,199.0,0.0,0.0,0,0,1,bullish,2,bearish_engulfing,0,0,1,0,0,1,0,1,0,1,2,3,1,3,9.151000000000051,16,3,1,1,A
2023-11-30 20:00:00,2036.018,2040.461,2034.715,2039.918,6956.0,360.0,0.0,0.0,0,0,1,bullish,1,bullish_engulfing,0,0,1,0,0,1,0,0,0,1,1,2,1,2,8.124285714285763,20,3,1,1,A
2023-12-01 08:00:00,2039.55,2049.853,2036.421,2037.033,17620.0,199.0,0.0,0.0,0,0,1,bullish,2,bearish_engulfing,0,0,1,0,0,1,1,1,1,1,4,5,1,5,7.787071428571445,8,4,1,1,A
2023-12-01 12:00:00,2037.064,2053.3,2033.825,2049.296,30530.0,199.0,0.0,0.0,0,0,1,bullish,7,morning_star,0,0,1,0,1,1,1,1,1,1,5,6,1,6,8.607285714285743,12,4,1,1,A
2023-12-04 12:00:00,2070.807,2071.32,2019.986,2022.545,55766.0,199.0,0.0,0.0,0,0,1,bullish,0,none,0,0,0,1,0,0,1,1,1,1,3,4,1,4,22.393000000000047,12,0,1,1,A
2023-12-05 04:00:00,2037.271,2038.311,2030.373,2032.642,18983.0,199.0,0.0,0.0,0,0,1,bullish,8,evening_star,0,0,1,0,0,0,0,0,1,1,1,2,1,2,22.700142857142882,4,1,1,1,A
2023-12-07 04:00:00,2026.827,2030.721,2025.165,2029.582,16202.0,199.0,0.0,0.0,0,0,0,bullish,1,bullish_engulfing,0,0,1,0,0,0,0,1,0,1,1,2,1,2,9.880214285714292,4,3,1,1,A
2023-12-07 20:00:00,2029.842,2031.197,2026.744,2027.916,6597.0,359.0,0.0,0.0,0,0,0,bullish,2,bearish_engulfing,0,0,1,0,0,1,0,0,0,1,1,2,1,2,8.575428571428574,20,3,1,1,A
2023-12-11 04:00:00,1996.906,2000.553,1991.27,1992.761,15748.0,199.0,0.0,0.0,0,0,0,bullish,0,none,0,0,0,1,0,0,0,0,1,1,1,2,1,2,9.410928571428567,4,0,1,1,A
2023-12-11 20:00:00,1981.616,1984.302,1980.288,1982.96,7833.0,199.0,0.0,0.0,0,0,0,bullish,7,morning_star,0,0,1,0,0,1,0,0,0,1,1,2,1,2,9.184285714285709,20,0,1,1,A
2023-12-12 12:00:00,1988.367,1996.662,1980.013,1981.571,33664.0,199.0,0.0,0.0,0,0,0,bullish,2,bearish_engulfing,0,0,1,0,0,1,1,1,0,1,3,4,1,4,10.188857142857175,12,1,1,1,A
2023-12-13 12:00:00,1982.761,1986.708,1978.392,1981.784,23206.0,199.0,0.0,0.0,0,0,0,bullish,5,doji,0,0,1,0,0,0,1,1,0,1,2,3,1,3,7.552642857142895,12,2,1,1,A
2023-12-13 16:00:00,1981.824,2017.45,1979.614,2013.6,34179.0,199.0,0.0,0.0,0,0,0,bullish,7,morning_star,0,0,1,0,0,0,1,1,0,1,2,3,1,3,9.780000000000038,16,2,1,1,A
2023-12-13 20:00:00,2013.645,2033.128,2012.572,2032.813,23751.0,199.0,0.0,0.0,0,0,0,bullish,0,none,0,0,0,1,0,0,1,1,0,1,2,3,1,3,10.093214285714323,20,2,1,1,A
2023-12-14 00:00:00,2032.858,2039.32,2029.935,2030.983,26834.0,199.0,0.0,0.0,0,0,0,bullish,6,shooting_star,0,0,1,0,0,0,1,1,0,1,2,3,1,3,10.15885714285717,0,3,1,1,A
2023-12-14 04:00:00,2030.939,2037.375,2029.256,2032.658,20171.0,199.0,0.0,0.0,0,0,0,bullish,4,inverted_hammer,0,0,1,0,0,0,1,0,0,1,1,2,1,2,10.452071428571458,4,3,1,1,A
2023-12-14 08:00:00,2032.617,2040.311,2031.986,2034.879,22482.0,199.0,0.0,0.0,0,0,0,bullish,4,inverted_hammer,0,0,1,0,0,0,1,0,0,1,1,2,1,2,10.500285714285724,8,3,1,1,A
2023-12-15 00:00:00,2035.52,2037.464,2031.196,2035.747,16503.0,199.0,0.0,0.0,0,0,1,bullish,5,doji,0,0,1,0,0,1,0,0,0,1,1,2,1,2,11.347857142857151,0,4,1,1,A
2023-12-15 12:00:00,2041.623,2044.909,2026.881,2035.08,36450.0,199.0,0.0,0.0,0,0,1,bullish,8,evening_star,0,0,1,0,0,1,1,1,0,1,3,4,1,4,12.362214285714296,12,4,1,1,A
2023-12-15 16:00:00,2035.05,2036.398,2015.546,2019.067,22905.0,199.0,0.0,2015.546,0,0,1,bullish,0,none,1,0,0,0,0,1,1,1,0,1,3,4,1,4,13.494071428571422,16,4,1,1,A
2023-12-15 20:00:00,2019.019,2021.62,2017.395,2019.491,7066.0,199.0,0.0,0.0,0,0,1,bullish,5,doji,0,0,1,0,0,1,0,0,0,1,1,2,1,2,13.201857142857127,20,4,1,1,A
2023-12-17 20:00:00,2019.802,2020.102,2015.895,2017.415,3338.0,199.0,0.0,0.0,0,0,1,bullish,2,bearish_engulfing,0,0,1,0,0,1,0,0,0,1,1,2,1,2,10.799785714285706,20,6,1,1,A
2023-12-18 00:00:00,2017.414,2024.114,2016.067,2022.787,17712.0,199.0,0.0,0.0,0,0,1,bullish,1,bullish_engulfing,0,0,1,0,0,1,0,1,0,1,2,3,1,3,9.906285714285705,0,0,1,1,A
2023-12-18 04:00:00,2022.78,2024.832,2021.457,2023.145,13345.0,199.0,0.0,0.0,0,0,1,bullish,5,doji,0,0,1,0,0,1,0,0,0,1,1,2,1,2,9.476999999999991,4,0,1,1,A
2023-12-18 12:00:00,2021.919,2026.908,2020.302,2022.284,21283.0,199.0,0.0,0.0,0,0,1,bullish,5,doji,0,0,1,0,0,1,1,1,0,1,3,4,1,4,9.385785714285735,12,0,1,1,A
2023-12-18 16:00:00,2022.329,2033.69,2021.148,2026.21,17947.0,199.0,0.0,0.0,0,0,1,bullish,4,inverted_hammer,0,0,1,0,0,1,0,1,0,1,2,3,1,3,8.813357142857171,16,0,1,1,A
2023-12-19 16:00:00,2041.76,2046.965,2036.624,2039.445,18010.0,199.0,2046.965,0.0,0,0,1,bullish,0,none,1,0,0,0,0,1,1,1,0,1,3,4,1,4,8.323285714285735,16,1,1,1,A
2023-12-20 08:00:00,2042.209,2042.445,2031.751,2033.502,15506.0,199.0,0.0,0.0,0,0,1,bullish,8,evening_star,0,0,1,0,0,1,0,1,0,1,2,3,1,3,7.23364285714287,8,2,1,1,A
2023-12-20 12:00:00,2033.421,2039.857,2029.506,2032.479,24477.0,199.0,0.0,0.0,0,0,1,bullish,5,doji,0,0,1,0,0,1,1,1,0,1,3,4,1,4,7.731928571428576,12,2,1,1,A
2023-12-20 16:00:00,2032.526,2037.178,2030.124,2032.308,16841.0,199.0,0.0,0.0,0,0,1,bullish,5,doji,0,0,1,0,0,1,1,1,0,1,3,4,1,4,7.6242857142857146,16,2,1,1,A
2023-12-21 00:00:00,2032.103,2037.659,2031.906,2037.366,13098.0,199.0,0.0,0.0,0,0,1,bullish,1,bullish_engulfing,0,0,1,0,0,1,0,0,0,1,1,2,1,2,7.127357142857152,0,3,1,1,A
2023-12-21 12:00:00,2034.097,2046.017,2032.009,2041.472,30334.0,199.0,0.0,0.0,0,0,1,bullish,7,morning_star,0,0,1,0,0,1,1,1,0,1,3,4,1,4,7.748857142857138,12,3,1,1,A
2023-12-21 16:00:00,2041.464,2045.087,2037.41,2043.929,18029.0,199.0,0.0,0.0,0,0,1,bullish,0,none,0,0,0,1,0,1,1,1,0,1,3,4,1,4,7.969714285714271,16,3,1,1,A
2023-12-21 20:00:00,2043.926,2055.012,2043.062,2052.778,10453.0,199.0,0.0,0.0,0,0,1,bullish,0,none,0,0,0,1,0,1,0,0,0,1,1,2,1,2,7.445071428571429,20,3,1,1,A
2023-12-22 08:00:00,2049.935,2063.006,2049.619,2060.633,16212.0,199.0,0.0,0.0,0,0,1,bullish,0,none,0,0,0,1,0,0,1,1,0,1,2,3,1,3,7.930642857142873,8,4,1,1,A
2023-12-22 16:00:00,2060.786,2062.171,2051.084,2053.959,20930.0,199.0,0.0,0.0,0,0,1,bullish,2,bearish_engulfing,0,0,1,0,0,1,1,1,0,1,3,4,1,4,8.591714285714293,16,4,1,1,A
2023-12-26 00:00:00,2054.489,2065.122,2053.318,2063.877,9621.0,365.0,0.0,0.0,0,0,1,bullish,1,bullish_engulfing,0,0,1,0,0,1,0,0,0,1,1,2,1,2,8.215499999999972,0,1,1,1,A
2023-12-26 04:00:00,2063.86,2064.989,2061.277,2064.132,8690.0,366.0,0.0,0.0,0,0,1,bullish,5,doji,0,0,1,0,0,1,0,0,0,1,1,2,1,2,8.069714285714245,4,1,1,1,A
2023-12-26 08:00:00,2064.153,2064.49,2060.373,2063.353,9382.0,365.0,0.0,0.0,0,0,1,bullish,2,bearish_engulfing,0,0,1,0,0,1,0,1,0,1,2,3,1,3,8.051571428571378,8,1,1,1,A
2023-12-27 04:00:00,2064.539,2067.41,2064.051,2065.942,11905.0,199.0,0.0,0.0,0,0,1,bullish,7,morning_star,0,0,1,0,0,0,0,1,1,1,2,3,1,3,6.967857142857075,4,2,1,1,A
2023-12-27 12:00:00,2068.111,2081.885,2064.366,2078.816,22933.0,199.0,0.0,0.0,0,0,1,bullish,0,none,0,0,0,1,0,0,1,1,1,1,3,4,1,4,7.542857142857104,12,2,1,1,A
2023-12-27 20:00:00,2077.496,2079.565,2076.307,2079.169,7497.0,200.0,0.0,0.0,0,0,1,bullish,7,morning_star,0,0,1,0,0,0,0,0,1,1,1,2,1,2,6.669500000000004,20,2,1,1,A
2023-12-28 04:00:00,2087.2,2087.6,2083.976,2086.072,14705.0,199.0,0.0,0.0,0,0,1,bullish,0,none,0,0,0,1,0,0,1,1,1,1,3,4,1,4,7.11007142857144,4,3,1,1,A
2023-12-28 16:00:00,2077.186,2077.324,2065.891,2068.054,19636.0,199.0,0.0,0.0,0,0,1,bullish,8,evening_star,0,0,1,0,0,0,1,1,1,1,3,4,1,4,8.213071428571473,16,3,1,1,A
2023-12-29 00:00:00,2066.602,2071.39,2066.01,2069.494,15099.0,199.0,0.0,0.0,0,0,1,bullish,7,morning_star,0,0,1,0,0,0,1,0,1,1,2,3,1,3,7.842285714285741,0,4,1,1,A
2023-12-29 08:00:00,2071.974,2073.435,2061.782,2067.69,16353.0,199.0,0.0,0.0,0,0,1,bullish,2,bearish_engulfing,0,0,1,0,0,0,1,1,1,1,3,4,1,4,8.275571428571409,8,4,1,1,A
2024-01-02 00:00:00,2063.347,2070.338,2062.173,2069.487,13309.0,199.0,0.0,0.0,0,0,1,bullish,1,bullish_engulfing,0,0,1,0,0,0,0,1,1,1,2,3,1,3,7.83857142857138,0,1,1,1,A
2024-01-02 16:00:00,2059.336,2067.583,2059.092,2060.946,18604.0,199.0,0.0,0.0,0,0,1,bullish,4,inverted_hammer,0,0,1,0,0,0,1,1,1,1,3,4,1,4,8.215999999999926,16,1,1,1,A
2024-01-03 00:00:00,2059.448,2065.542,2059.227,2065.072,14533.0,199.0,0.0,0.0,0,0,1,bullish,1,bullish_engulfing,0,0,1,0,0,0,0,1,1,1,2,3,1,3,7.800428571428516,0,2,1,1,A
2024-01-03 08:00:00,2062.91,2064.376,2046.624,2047.617,19397.0,199.0,0.0,0.0,0,0,1,bullish,0,none,0,0,0,1,0,0,1,1,1,1,3,4,1,4,8.63164285714283,8,2,1,1,A
2024-01-03 12:00:00,2047.648,2048.765,2031.682,2032.552,37277.0,199.0,0.0,0.0,0,0,1,bullish,0,none,0,0,0,1,0,0,1,1,1,1,3,4,1,4,9.019499999999978,12,2,1,1,A
2024-01-03 16:00:00,2032.601,2042.278,2030.522,2036.62,25833.0,199.0,0.0,2030.522,0,0,1,bullish,0,none,1,0,0,0,0,1,1,1,1,1,4,5,1,5,9.08971428571426,16,2,1,1,A
2024-01-04 12:00:00,2045.137,2047.736,2036.174,2045.046,25518.0,199.0,0.0,0.0,0,0,1,bullish,5,doji,0,0,1,0,0,1,1,1,0,1,3,4,1,4,9.638500000000022,12,3,1,1,A
2024-01-05 00:00:00,2043.917,2048.264,2043.235,2045.32,15407.0,199.0,0.0,0.0,0,0,1,bullish,4,inverted_hammer,0,0,1,0,0,1,0,0,0,1,1,2,1,2,8.14914285714292,0,4,1,1,A
2024-01-05 04:00:00,2045.276,2046.989,2040.849,2043.125,14854.0,199.0,0.0,0.0,0,0,1,bullish,8,evening_star,0,0,1,0,0,1,0,0,0,1,1,2,1,2,8.320571428571482,4,4,1,1,A
2024-01-08 12:00:00,2020.056,2034.806,2018.368,2034.227,33277.0,199.0,0.0,0.0,0,0,0,bullish,1,bullish_engulfing,0,0,1,0,0,1,1,1,0,1,3,4,1,4,10.964000000000008,12,0,1,1,A
2024-01-08 20:00:00,2029.315,2030.685,2026.082,2030.439,7798.0,199.0,0.0,0.0,0,0,0,bullish,3,hammer,0,0,1,0,0,1,0,0,0,1,1,2,1,2,10.807214285714265,20,0,1,1,A
2024-01-09 12:00:00,2034.992,2042.004,2028.708,2028.708,28309.0,199.0,2042.004,0.0,0,0,0,bullish,0,none,1,0,0,0,0,1,1,1,0,1,3,4,1,4,11.672142857142799,12,1,1,1,A
2024-01-09 16:00:00,2028.659,2032.017,2026.021,2028.79,20230.0,199.0,0.0,0.0,0,0,0,bullish,5,doji,0,0,1,0,0,1,1,1,0,1,3,4,1,4,9.266928571428528,16,1,1,1,A
2024-01-10 00:00:00,2030.403,2032.824,2027.242,2028.801,14549.0,199.0,0.0,0.0,0,0,0,bullish,2,bearish_engulfing,0,0,1,0,0,1,0,0,0,1,1,2,1,2,8.514428571428539,0,2,1,1,A
2024-01-10 04:00:00,2028.793,2031.614,2023.759,2030.928,15903.0,199.0,0.0,0.0,0,0,0,bullish,1,bullish_engulfing,0,0,1,0,0,1,0,0,0,1,1,2,1,2,8.884571428571396,4,2,1,1,A
2024-01-10 08:00:00,2030.924,2040.263,2030.19,2034.043,19466.0,199.0,0.0,0.0,0,0,0,bullish,4,inverted_hammer,0,0,1,0,0,1,1,1,0,1,3,4,1,4,8.77742857142854,8,2,1,1,A
2024-01-10 12:00:00,2034.046,2035.664,2024.774,2027.812,25242.0,199.0,0.0,0.0,0,0,0,bullish,2,bearish_engulfing,0,0,1,0,0,1,1,1,0,1,3,4,1,4,8.798142857142839,12,2,1,1,A
2024-01-11 12:00:00,2034.319,2047.852,2024.849,2028.985,49989.0,199.0,0.0,0.0,0,0,0,bullish,2,bearish_engulfing,0,0,1,0,0,1,1,1,0,1,3,4,1,4,8.278142857142873,12,3,1,1,A
2024-01-12 04:00:00,2033.847,2039.35,2032.784,2037.554,14684.0,199.0,0.0,0.0,0,0,0,bullish,1,bullish_engulfing,0,0,1,0,0,1,0,0,0,1,1,2,1,2,9.05942857142858,4,4,1,1,A
2024-01-12 08:00:00,2037.552,2047.382,2036.909,2045.307,18676.0,199.0,0.0,0.0,0,0,0,bullish,0,none,0,0,0,1,0,1,0,1,0,1,2,3,1,3,9.408785714285711,8,4,1,1,A
2024-01-15 12:00:00,2053.263,2054.422,2049.193,2053.258,15539.0,199.0,0.0,0.0,0,0,1,bullish,5,doji,0,0,1,0,0,1,0,1,1,1,3,4,1,4,10.102214285714288,12,0,1,1,A
2024-01-15 16:00:00,2053.231,2056.379,2053.148,2053.936,8067.0,199.0,0.0,0.0,0,0,1,bullish,1,bullish_engulfing,0,0,1,0,0,1,0,0,1,1,2,3,1,3,8.689928571428547,16,0,1,1,A
2024-01-16 04:00:00,2049.437,2050.885,2047.355,2049.377,14505.0,199.0,0.0,0.0,0,0,1,bullish,5,doji,0,0,1,0,1,1,0,0,1,1,3,4,1,4,7.109857142857144,4,1,1,1,A
2024-01-16 12:00:00,2039.814,2045.088,2031.244,2041.053,34066.0,199.0,0.0,0.0,0,0,1,bullish,5,doji,0,0,1,0,0,1,1,1,1,1,4,5,1,5,7.73057142857145,12,1,1,1,A
2024-01-16 16:00:00,2041.102,2041.269,2024.188,2029.19,32307.0,199.0,0.0,0.0,0,0,1,bullish,2,bearish_engulfing,0,0,1,0,0,1,1,1,1,1,4,5,1,5,7.669357142857166,16,1,1,1,A
2024-01-17 00:00:00,2027.858,2032.935,2023.395,2024.074,16105.0,199.0,0.0,0.0,0,0,1,bullish,0,none,0,0,0,1,0,0,0,1,1,1,2,3,1,3,7.410142857142854,0,2,1,1,A
2024-01-17 04:00:00,2024.07,2026.107,2017.55,2025.746,19665.0,199.0,0.0,0.0,0,0,1,bullish,3,hammer,0,0,1,0,0,0,1,1,1,1,3,4,1,4,7.825714285714265,4,2,1,1,A
2024-01-17 08:00:00,2025.697,2028.307,2018.977,2023.938,19102.0,199.0,0.0,0.0,0,0,1,bullish,8,evening_star,0,0,1,0,0,0,1,0,1,1,2,3,1,3,7.615785714285688,8,2,1,1,A
2024-01-17 12:00:00,2023.893,2029.032,2006.077,2008.853,36178.0,199.0,0.0,0.0,0,0,1,bullish,0,none,0,0,0,1,0,0,1,1,0,1,2,3,1,3,8.920785714285687,12,2,1,1,A
2024-01-18 12:00:00,2012.576,2017.234,2007.358,2013.552,27650.0,199.0,0.0,0.0,0,0,0,bullish,5,doji,0,0,1,0,0,0,1,1,0,1,2,3,1,3,10.119071428571358,12,3,1,1,A
2024-01-19 16:00:00,2027.64,2029.521,2023.178,2029.075,18101.0,199.0,0.0,0.0,0,0,0,bullish,3,hammer,0,0,1,0,0,1,0,1,0,1,2,3,1,3,8.647499999999955,16,4,1,1,A
2024-01-21 20:00:00,2028.529,2028.563,2026.882,2027.504,2792.0,200.0,0.0,0.0,0,0,0,bullish,8,evening_star,0,0,1,0,0,1,0,0,0,1,1,2,1,2,6.623857142857105,20,6,1,1,A
2024-01-22 00:00:00,2027.49,2032.074,2025.395,2026.943,14141.0,199.0,0.0,0.0,0,0,0,bullish,5,doji,0,0,1,0,0,1,0,1,1,1,3,4,1,4,6.751714285714262,0,0,1,1,A
2024-01-22 12:00:00,2026.066,2030.168,2016.399,2024.1,25574.0,199.0,0.0,2016.399,0,0,0,bullish,0,none,1,0,0,0,0,1,1,1,1,1,4,5,1,5,7.378071428571453,12,0,1,1,A
2024-01-23 00:00:00,2020.554,2027.861,2019.559,2027.393,14084.0,199.0,0.0,0.0,0,0,0,bullish,7,morning_star,0,0,1,0,0,1,0,0,1,1,2,3,1,3,6.955714285714326,0,1,0,0,A
2024-01-23 04:00:00,2027.389,2037.908,2026.652,2031.549,17881.0,199.0,2037.908,0.0,0,0,0,bullish,0,none,1,0,0,0,0,1,1,1,1,1,4,5,1,5,7.49885714285717,4,1,0,0,A
2024-01-23 08:00:00,2031.553,2031.648,2022.388,2023.862,17487.0,199.0,0.0,0.0,0,0,0,bullish,2,bearish_engulfing,0,0,1,0,0,1,1,1,1,1,4,5,1,5,7.4957857142857325,8,1,0,0,A
2024-01-24 04:00:00,2024.818,2031.586,2022.735,2029.528,13971.0,199.0,0.0,0.0,0,0,0,bullish,1,bullish_engulfing,0,0,1,0,0,1,0,0,0,1,1,2,1,2,7.612928571428597,4,2,0,0,A
2024-01-24 16:00:00,2015.244,2019.778,2011.138,2012.057,21035.0,199.0,0.0,0.0,0,0,0,bullish,0,none,0,0,0,1,0,1,1,1,0,1,3,4,1,4,8.720857142857167,16,2,0,0,A
2024-01-25 00:00:00,2015.977,2017.282,2014.439,2015.768,13593.0,199.0,0.0,0.0,0,0,0,bullish,5,doji,0,0,1,0,0,1,0,0,0,1,1,2,1,2,7.942928571428573,0,3,0,0,A
2024-01-25 04:00:00,2015.766,2018.249,2013.553,2015.811,12324.0,199.0,0.0,0.0,0,0,0,bullish,5,doji,0,0,1,0,0,1,0,0,0,1,1,2,1,2,8.087999999999997,4,3,0,0,A
2024-01-26 08:00:00,2021.249,2024.648,2018.184,2023.429,15635.0,199.0,0.0,0.0,0,0,0,bullish,1,bullish_engulfing,0,0,1,0,0,1,0,1,0,1,2,3,1,3,7.854214285714273,8,4,0,0,A
2024-01-26 16:00:00,2017.005,2019.444,2015.854,2017.015,15077.0,199.0,0.0,0.0,0,0,0,bullish,5,doji,0,0,1,0,0,1,0,1,0,1,2,3,1,3,7.8154285714285505,16,4,0,0,A
2024-01-28 20:00:00,2023.424,2028.599,2021.187,2021.831,5024.0,199.0,0.0,0.0,0,0,0,bullish,6,shooting_star,0,0,1,0,0,1,0,0,0,1,1,2,1,2,6.562214285714243,20,6,0,0,A
2024-01-29 00:00:00,2021.832,2026.322,2019.282,2025.6,14127.0,199.0,0.0,0.0,0,0,0,bullish,7,morning_star,0,0,1,0,0,1,0,1,0,1,2,3,1,3,6.6644999999999595,0,0,0,0,A
2024-01-29 16:00:00,2025.344,2031.097,2023.955,2026.881,15481.0,199.0,0.0,0.0,0,0,0,bullish,4,inverted_hammer,0,0,1,0,0,1,1,1,0,1,3,4,1,4,7.478785714285713,16,0,0,0,A
2024-01-30 04:00:00,2032.003,2040.452,2031.153,2037.856,13300.0,199.0,0.0,0.0,0,0,0,bullish,0,none,0,0,0,1,0,0,0,1,0,1,1,2,1,2,7.710499999999992,4,1,0,0,A
2024-01-30 16:00:00,2032.606,2037.021,2031.376,2036.04,17552.0,199.0,0.0,0.0,0,0,0,bullish,7,morning_star,0,0,1,0,0,0,1,1,0,1,2,3,1,3,8.618571428571434,16,1,0,0,A
2024-01-31 08:00:00,2036.566,2040.437,2036.079,2037.284,14217.0,199.0,0.0,0.0,0,0,0,bullish,4,inverted_hammer,0,0,1,0,0,0,0,1,0,1,1,2,1,2,8.178857142857185,8,2,0,0,A
2024-02-01 12:00:00,2033.38,2053.012,2030.034,2051.911,34337.0,199.0,0.0,0.0,0,0,0,bullish,7,morning_star,0,0,1,0,0,0,1,1,0,1,2,3,1,3,10.872071428571482,12,3,1,1,A
2024-02-02 08:00:00,2055.024,2056.777,2052.669,2056.038,14559.0,199.0,0.0,0.0,0,0,1,bullish,3,hammer,0,0,1,0,0,0,0,1,0,1,1,2,1,2,9.983214285714325,8,4,1,1,A
2024-02-02 12:00:00,2056.069,2057.623,2027.741,2034.993,43895.0,199.0,0.0,0.0,0,0,1,bullish,2,bearish_engulfing,0,0,1,0,0,0,1,1,0,1,2,3,1,3,11.736357142857173,12,4,1,1,A
2024-02-05 04:00:00,2032.264,2033.31,2026.719,2027.502,14923.0,199.0,0.0,0.0,0,0,1,bullish,0,none,0,0,0,1,0,0,0,1,0,1,1,2,1,2,9.221357142857155,4,0,1,1,A
2024-02-06 00:00:00,2024.81,2028.539,2023.416,2023.894,12436.0,199.0,0.0,0.0,0,0,1,bullish,6,shooting_star,0,0,1,0,0,1,0,0,0,1,1,2,1,2,7.818714285714317,0,1,1,1,A
2024-02-06 04:00:00,2023.896,2029.804,2023.523,2026.243,13493.0,199.0,0.0,0.0,0,0,1,bullish,7,morning_star,0,0,1,0,0,1,0,0,0,1,1,2,1,2,7.909071428571467,4,1,1,1,A
2024-02-06 16:00:00,2036.231,2038.88,2032.066,2035.904,18484.0,199.0,0.0,0.0,0,0,1,bullish,5,doji,0,0,1,0,0,1,1,1,0,1,3,4,1,4,7.069071428571452,16,1,1,1,A
2024-02-07 08:00:00,2035.182,2035.75,2031.216,2034.122,13873.0,199.0,0.0,0.0,0,0,1,bullish,2,bearish_engulfing,0,0,1,0,0,0,0,1,0,1,1,2,1,2,6.411428571428603,8,2,1,1,A
2024-02-07 20:00:00,2035.465,2036.371,2033.686,2036.227,6345.0,199.0,0.0,0.0,0,0,1,bullish,3,hammer,0,0,1,0,0,1,0,0,0,1,1,2,1,2,6.130857142857183,20,2,1,1,A
2024-02-08 04:00:00,2032.748,2034.951,2031.094,2032.794,11722.0,199.0,0.0,0.0,0,0,1,bullish,5,doji,0,0,1,0,0,1,0,1,0,1,2,3,1,3,5.999500000000045,4,3,1,1,A
2024-02-08 08:00:00,2032.795,2038.499,2027.789,2028.972,16668.0,199.0,0.0,0.0,0,0,1,bullish,2,bearish_engulfing,0,0,1,0,0,1,1,1,0,1,3,4,1,4,6.398571428571472,8,3,1,1,A
2024-02-08 16:00:00,2031.971,2035.35,2027.673,2032.495,16735.0,199.0,0.0,0.0,0,0,1,bullish,5,doji,0,0,1,0,0,1,1,1,0,1,3,4,1,4,7.159357142857159,16,3,1,1,A
2024-02-09 04:00:00,2033.575,2034.96,2032.114,2033.522,9419.0,199.0,0.0,0.0,0,0,1,bullish,5,doji,0,0,1,0,0,1,0,0,0,1,1,2,1,2,6.090714285714317,4,4,1,1,A
2024-02-09 12:00:00,2031.517,2037.174,2021.784,2022.452,28327.0,199.0,0.0,0.0,0,0,1,bullish,0,none,0,0,0,1,0,1,1,1,0,1,3,4,1,4,7.029857142857168,12,4,1,1,A
2024-02-09 20:00:00,2024.739,2026.19,2023.805,2024.24,4758.0,199.0,0.0,0.0,0,0,1,bullish,6,shooting_star,0,0,1,0,0,1,0,0,0,1,1,2,1,2,6.311071428571446,20,4,1,1,A
2024-02-12 00:00:00,2025.417,2026.557,2021.812,2022.857,9217.0,199.0,0.0,0.0,0,0,1,bullish,0,none,0,0,0,1,0,1,0,0,1,1,2,3,1,3,6.13921428571429,0,0,1,1,A
2024-02-12 12:00:00,2021.693,2027.553,2012.039,2013.132,22568.0,199.0,0.0,0.0,0,0,1,bullish,0,none,0,0,0,1,0,1,1,1,1,1,4,5,1,5,6.511571428571448,12,0,0,0,A
2024-02-12 20:00:00,2019.099,2020.516,2018.282,2018.65,6031.0,199.0,0.0,0.0,0,0,1,bullish,6,shooting_star,0,0,1,0,0,0,0,0,1,1,1,2,1,2,5.8222857142857425,20,0,0,0,A
2024-02-13 00:00:00,2018.601,2021.187,2016.867,2018.524,9620.0,199.0,0.0,0.0,0,0,1,bullish,5,doji,0,0,1,0,0,0,0,1,1,1,2,3,1,3,5.978000000000017,0,1,0,0,A
2024-02-13 04:00:00,2018.479,2025.793,2018.324,2025.154,10408.0,199.0,0.0,0.0,0,0,1,bullish,1,bullish_engulfing,0,0,1,0,0,0,0,1,1,1,2,3,1,3,6.284499999999996,4,1,0,0,A
2024-02-13 16:00:00,1992.282,1997.775,1991.186,1991.754,18069.0,199.0,0.0,0.0,0,0,1,bullish,0,none,0,0,0,1,0,0,1,1,0,1,2,3,1,3,8.561357142857153,16,1,0,0,A
2024-02-14 00:00:00,1991.332,1993.56,1988.795,1992.464,11697.0,199.0,0.0,0.0,0,0,1,bullish,3,hammer,0,0,1,0,0,0,0,1,0,1,1,2,1,2,8.520428571428576,0,2,0,0,A
2024-02-15 04:00:00,1990.755,1994.597,1990.408,1993.726,10237.0,199.0,0.0,0.0,0,0,0,bullish,7,morning_star,0,0,1,0,0,1,0,0,0,1,1,2,1,2,8.29892857142855,4,3,0,0,A
2024-02-15 12:00:00,1997.451,2008.221,1995.62,2000.804,29995.0,199.0,0.0,0.0,0,0,0,bullish,4,inverted_hammer,0,0,1,0,1,1,1,1,0,1,4,5,1,5,8.690857142857144,12,3,0,0,A
2024-02-19 04:00:00,2019.889,2022.956,2018.211,2020.876,11771.0,199.0,0.0,0.0,0,0,0,bullish,0,none,0,0,0,1,0,0,0,0,1,1,1,2,1,2,7.765357142857121,4,0,0,0,A
2024-02-19 08:00:00,2020.904,2021.224,2018.195,2018.365,13974.0,199.0,0.0,0.0,0,0,0,bullish,2,bearish_engulfing,0,0,1,0,0,0,0,1,1,1,2,3,1,3,7.682499999999972,8,0,0,0,A
2024-02-20 00:00:00,2015.981,2019.134,2014.957,2018.27,11427.0,199.0,0.0,0.0,0,0,0,bullish,1,bullish_engulfing,0,0,1,0,0,0,0,0,1,1,1,2,1,2,6.90964285714285,0,1,0,0,A
2024-02-20 04:00:00,2018.285,2022.867,2017.728,2021.441,10698.0,199.0,0.0,0.0,0,0,0,bullish,0,none,0,0,0,1,0,0,0,0,1,1,1,2,1,2,7.041999999999981,4,1,0,0,A
2024-02-20 08:00:00,2021.394,2027.559,2020.736,2026.866,16173.0,199.0,0.0,0.0,0,0,0,bullish,0,none,0,0,0,1,0,0,1,1,1,1,3,4,1,4,7.264642857142819,8,1,0,0,A
2024-02-20 12:00:00,2026.868,2030.875,2025.434,2027.378,21429.0,199.0,0.0,0.0,0,0,0,bullish,5,doji,0,0,1,0,0,0,1,1,1,1,3,4,1,4,7.373857142857121,12,1,0,0,A
2024-02-20 16:00:00,2027.357,2028.904,2024.754,2025.106,14343.0,199.0,0.0,0.0,0,0,0,bullish,8,evening_star,0,0,1,0,0,0,1,1,1,1,3,4,1,4,6.530142857142843,16,1,0,0,A
2024-02-21 16:00:00,2024.191,2026.463,2020.001,2025.928,18733.0,199.0,0.0,0.0,0,0,0,bullish,3,hammer,0,0,1,0,0,0,1,1,0,1,2,3,1,3,4.968500000000014,16,2,0,0,A
2024-02-22 16:00:00,2023.322,2024.644,2019.547,2022.982,16073.0,199.0,0.0,0.0,0,0,1,bullish,5,doji,0,0,1,0,0,0,1,1,0,1,2,3,1,3,5.472785714285757,16,3,0,0,A
2024-02-26 04:00:00,2032.439,2035.304,2031.811,2035.01,11005.0,199.0,0.0,0.0,0,0,1,bullish,1,bullish_engulfing,0,0,1,0,0,1,0,0,1,1,2,3,1,3,6.06842857142861,4,0,0,0,A
2024-02-26 08:00:00,2034.961,2037.02,2030.798,2030.891,15933.0,199.0,0.0,0.0,0,0,1,bullish,8,evening_star,0,0,1,0,0,1,1,1,1,1,4,5,1,5,6.0484285714285955,8,0,0,0,A
2024-02-26 16:00:00,2029.044,2030.139,2026.482,2029.676,15298.0,199.0,0.0,0.0,0,0,1,bullish,3,hammer,0,0,1,0,0,1,1,1,1,1,4,5,1,5,5.7507142857142854,16,0,0,0,A
2024-02-26 20:00:00,2029.642,2033.662,2029.642,2031.073,6251.0,199.0,0.0,0.0,0,0,1,bullish,4,inverted_hammer,0,0,1,0,0,1,0,0,1,1,2,3,1,3,5.673785714285714,20,0,0,0,A
2024-02-27 08:00:00,2035.38,2039.471,2034.573,2038.172,14798.0,199.0,2039.471,0.0,0,0,1,bullish,0,none,1,0,0,0,0,1,1,1,1,1,4,5,1,5,5.364928571428534,8,1,1,1,A
2024-02-27 12:00:00,2038.182,2039.097,2032.991,2033.746,20270.0,199.0,0.0,0.0,0,0,1,bullish,2,bearish_engulfing,0,0,1,0,0,1,1,1,0,1,3,4,1,4,5.232999999999963,12,1,1,1,A
2024-02-27 20:00:00,2030.215,2030.73,2028.677,2030.09,5752.0,199.0,0.0,0.0,0,0,1,bullish,5,doji,0,0,1,0,0,1,0,0,0,1,1,2,1,2,4.469928571428552,20,1,1,1,A
2024-02-28 00:00:00,2029.968,2033.694,2029.1,2030.935,11039.0,199.0,0.0,0.0,0,0,1,bullish,1,bullish_engulfing,0,0,1,0,0,1,0,1,0,1,2,3,1,3,4.627999999999994,0,2,1,1,A
2024-02-28 04:00:00,2030.937,2032.019,2027.815,2028.121,10432.0,199.0,0.0,0.0,0,0,1,bullish,2,bearish_engulfing,0,0,1,0,0,1,0,0,0,1,1,2,1,2,4.760785714285719,4,2,1,1,A
2024-02-28 08:00:00,2028.166,2029.233,2024.476,2027.255,14887.0,199.0,0.0,2024.476,0,0,1,bullish,0,none,1,0,0,0,0,1,1,1,0,1,3,4,1,4,4.7899999999999965,8,2,1,1,A
2024-02-28 12:00:00,2027.204,2037.922,2026.832,2031.787,20457.0,199.0,0.0,0.0,0,0,1,bullish,1,bullish_engulfing,0,0,1,0,0,1,1,1,0,1,3,4,1,4,5.332642857142836,12,2,1,1,A
2024-02-29 00:00:00,2034.378,2037.036,2033.935,2036.541,10563.0,199.0,0.0,0.0,0,0,1,bullish,0,none,0,0,0,1,0,1,0,0,0,1,1,2,1,2,4.751999999999986,0,3,1,1,A
2024-02-29 12:00:00,2030.237,2050.671,2028.064,2048.068,28977.0,199.0,0.0,0.0,0,0,1,bullish,0,none,0,0,0,1,0,1,1,1,0,1,3,4,1,4,6.447357142857105,12,3,1,1,A
2024-03-01 12:00:00,2055.324,2070.929,2045.572,2069.182,30327.0,199.0,0.0,0.0,0,0,1,bullish,0,none,0,0,0,1,0,0,1,1,0,1,2,3,1,3,8.758857142857096,12,4,1,1,A
2024-03-01 16:00:00,2069.211,2088.31,2069.211,2085.252,24001.0,199.0,0.0,0.0,0,0,1,bullish,0,none,0,0,0,1,0,0,1,1,0,1,2,3,1,3,9.78535714285712,16,4,1,1,A
2024-03-04 00:00:00,2083.591,2084.346,2079.411,2081.366,12491.0,199.0,0.0,0.0,0,0,1,bullish,2,bearish_engulfing,0,0,1,0,0,0,0,1,0,1,1,2,1,2,9.209642857142853,0,0,1,1,A
2024-03-05 04:00:00,2112.984,2119.632,2112.599,2114.449,13629.0,199.0,0.0,0.0,0,0,1,bullish,4,inverted_hammer,0,0,1,0,0,0,0,1,0,1,1,2,1,2,10.865857142857228,4,1,1,1,A
2024-03-05 08:00:00,2114.495,2127.325,2114.44,2124.431,19240.0,199.0,0.0,0.0,0,0,1,bullish,0,none,0,0,0,1,0,0,1,1,0,1,2,3,1,3,11.404142857142947,8,1,1,1,A
2024-03-05 16:00:00,2126.574,2134.71,2123.631,2129.53,22191.0,199.0,0.0,0.0,0,0,1,bullish,4,inverted_hammer,0,0,1,0,0,0,1,1,0,1,2,3,1,3,10.55278571428578,16,1,1,1,A
2024-03-06 16:00:00,2140.891,2152.234,2139.385,2144.309,29522.0,199.0,0.0,0.0,0,0,1,bullish,4,inverted_hammer,0,0,1,0,0,0,1,1,0,1,2,3,1,3,11.350500000000043,16,2,1,1,A
2024-03-07 00:00:00,2146.851,2152.494,2144.185,2151.709,16961.0,199.0,0.0,0.0,0,0,1,bullish,0,none,0,0,0,1,0,0,0,1,0,1,1,2,1,2,9.612428571428577,0,3,1,1,A
2024-03-07 08:00:00,2156.003,2159.83,2153.256,2155.941,19177.0,199.0,0.0,0.0,0,0,1,bullish,5,doji,0,0,1,0,0,0,0,1,0,1,1,2,1,2,9.976285714285723,8,3,1,1,A
2024-03-07 16:00:00,2153.694,2160.907,2149.223,2159.99,20737.0,199.0,0.0,0.0,0,0,1,bullish,1,bullish_engulfing,0,0,1,0,0,0,0,1,0,1,1,2,1,2,10.594357142857202,16,3,1,1,A
2024-03-08 08:00:00,2161.299,2171.084,2161.056,2168.221,19384.0,199.0,0.0,0.0,0,0,1,bullish,0,none,0,0,0,1,0,0,0,1,0,1,1,2,1,2,9.746857142857184,8,4,1,1,A
2024-03-11 00:00:00,2181.593,2189.012,2176.862,2179.462,17336.0,199.0,0.0,0.0,0,0,1,bullish,2,bearish_engulfing,0,0,1,0,0,0,0,1,0,1,1,2,1,2,11.474642857142921,0,0,1,1,A
2024-03-11 08:00:00,2182.241,2183.082,2175.792,2178.888,17857.0,199.0,0.0,0.0,0,0,1,bullish,2,bearish_engulfing,0,0,1,0,0,0,0,1,0,1,1,2,1,2,11.106285714285766,8,0,1,1,A
2024-03-12 04:00:00,2177.472,2179.157,2173.541,2176.924,14279.0,199.0,0.0,0.0,0,0,1,bullish,5,doji,0,0,1,0,0,0,0,1,0,1,1,2,1,2,10.231714285714329,4,1,1,1,A
2024-03-12 16:00:00,2163.007,2166.496,2150.467,2157.314,19959.0,199.0,0.0,2150.467,0,0,1,bullish,0,none,1,0,0,0,0,1,1,1,0,1,3,4,1,4,10.881214285714318,16,1,1,1,A
2024-03-12 20:00:00,2157.299,2161.196,2155.752,2156.915,7842.0,199.0,0.0,0.0,0,0,1,bullish,5,doji,0,0,1,0,0,1,0,0,0,1,1,2,1,2,9.351071428571458,20,1,1,1,A
2024-03-13 00:00:00,2156.907,2161.503,2156.531,2159.057,13469.0,199.0,0.0,0.0,0,0,1,bullish,1,bullish_engulfing,0,0,1,0,0,1,0,0,0,1,1,2,1,2,9.463428571428624,0,2,1,1,A
2024-03-13 16:00:00,2171.706,2179.797,2169.536,2172.546,20573.0,199.0,0.0,0.0,0,0,1,bullish,5,doji,0,0,1,0,0,1,1,1,0,1,3,4,1,4,9.624714285714324,16,2,1,1,A
2024-03-14 08:00:00,2168.58,2171.959,2167.1,2168.455,15560.0,199.0,0.0,0.0,0,0,1,bullish,5,doji,0,0,1,0,0,0,0,1,0,1,1,2,1,2,8.863571428571438,8,3,1,1,A
2024-03-14 12:00:00,2168.496,2170.378,2152.649,2157.191,41305.0,199.0,0.0,2152.649,0,0,1,bullish,0,none,1,0,0,0,0,0,1,1,0,1,2,3,1,3,9.728785714285745,12,3,1,1,A
2024-03-18 16:00:00,2158.344,2161.127,2154.603,2160.167,16171.0,199.0,0.0,0.0,0,0,0,bullish,3,hammer,0,0,1,0,0,1,1,1,1,1,4,5,1,5,7.119000000000012,16,0,1,1,A
2024-03-19 20:00:00,2157.728,2159.519,2156.986,2157.009,4779.0,199.0,0.0,0.0,0,0,0,bullish,6,shooting_star,0,0,1,0,0,1,0,0,0,1,1,2,1,2,6.578642857142801,20,1,1,1,A
2024-03-20 12:00:00,2154.024,2164.828,2149.55,2155.852,25527.0,199.0,0.0,0.0,0,0,0,bullish,5,doji,0,0,1,0,0,1,1,1,0,1,3,4,1,4,7.019571428571323,12,2,1,1,A
2024-03-21 04:00:00,2202.753,2210.158,2201.775,2206.572,17594.0,199.0,0.0,0.0,0,0,1,bullish,7,morning_star,0,0,1,0,0,1,0,1,0,1,2,3,1,3,11.41049999999989,4,3,1,1,A
2024-03-21 08:00:00,2206.507,2211.751,2196.808,2207.486,25015.0,199.0,0.0,0.0,0,0,1,bullish,5,doji,0,0,1,0,0,1,1,1,0,1,3,4,1,4,12.174428571428507,8,3,1,1,A
2024-03-22 00:00:00,2181.676,2186.043,2171.805,2173.738,19710.0,199.0,0.0,0.0,0,0,1,bullish,2,bearish_engulfing,0,0,1,0,0,0,1,0,0,1,1,2,1,2,14.818428571428578,0,4,1,1,A
2024-03-22 16:00:00,2166.059,2167.464,2156.981,2163.986,19707.0,199.0,0.0,2156.981,0,0,1,bullish,0,none,1,0,0,0,0,1,0,1,0,1,2,3,1,3,16.7272857142857,16,4,1,1,A
2024-03-25 04:00:00,2170.612,2171.605,2163.415,2165.814,16099.0,199.0,0.0,0.0,0,0,1,bullish,2,bearish_engulfing,0,0,1,0,0,1,0,0,0,1,1,2,1,2,11.94214285714286,4,0,1,1,A
2024-03-26 00:00:00,2172.883,2174.403,2167.54,2170.346,15101.0,199.0,0.0,0.0,0,0,1,bullish,2,bearish_engulfing,0,0,1,0,0,1,0,0,0,1,1,2,1,2,8.85028571428568,0,1,1,1,A
2024-03-26 04:00:00,2170.354,2174.172,2169.583,2173.008,13236.0,199.0,0.0,0.0,0,0,1,bullish,7,morning_star,0,0,1,0,0,1,0,0,0,1,1,2,1,2,8.161071428571372,4,1,1,1,A
2024-03-26 08:00:00,2172.99,2200.05,2171.564,2196.423,24646.0,199.0,2200.05,0.0,0,0,1,bullish,0,none,1,0,0,0,0,1,1,1,0,1,3,4,1,4,9.215857142857105,8,1,1,1,A
2024-03-26 20:00:00,2177.92,2179.942,2174.607,2179.466,5846.0,199.0,0.0,0.0,0,0,1,bullish,3,hammer,0,0,1,0,0,1,0,0,0,1,1,2,1,2,9.619571428571428,20,1,1,1,A
2024-03-27 04:00:00,2177.704,2180.786,2175.655,2180.488,13639.0,199.0,0.0,0.0,0,0,1,bullish,1,bullish_engulfing,0,0,1,0,0,1,0,0,0,1,1,2,1,2,10.067571428571423,4,2,1,1,A
2024-03-28 08:00:00,2193.738,2213.777,2190.828,2210.26,25314.0,199.0,0.0,0.0,0,0,1,bullish,7,morning_star,0,0,1,0,0,0,1,1,0,1,2,3,1,3,11.893214285714325,8,3,1,1,A
2024-03-28 12:00:00,2210.258,2217.13,2202.211,2215.877,41320.0,199.0,0.0,0.0,0,0,1,bullish,0,none,0,0,0,1,0,0,1,1,0,1,2,3,1,3,12.631071428571497,12,3,1,1,A
2024-04-01 00:00:00,2245.959,2265.143,2243.814,2264.309,22502.0,299.0,0.0,0.0,0,0,1,bullish,0,none,0,0,0,1,0,0,1,1,0,1,2,3,1,3,12.663428571428637,0,0,1,1,A
2024-04-02 12:00:00,2260.57,2276.974,2250.794,2258.604,53196.0,199.0,0.0,0.0,0,0,1,bullish,5,doji,0,0,1,0,0,0,1,1,1,1,3,4,1,4,15.100214285714335,12,1,1,1,A
2024-04-03 00:00:00,2279.886,2287.944,2276.736,2285.006,22347.0,199.0,0.0,0.0,0,0,1,bullish,0,none,0,0,0,1,0,0,1,1,0,1,2,3,1,3,15.472357142857195,0,2,1,1,A
2024-04-03 12:00:00,2273.736,2288.352,2265.347,2286.298,51270.0,199.0,0.0,0.0,0,0,1,bullish,0,none,0,0,0,1,0,0,1,1,0,1,2,3,1,3,15.707999999999986,12,2,1,1,A
2024-04-03 16:00:00,2286.291,2298.866,2280.699,2297.373,26981.0,199.0,0.0,0.0,0,0,1,bullish,0,none,0,0,0,1,0,0,1,1,0,1,2,3,1,3,15.96235714285714,16,2,1,1,A
2024-04-04 00:00:00,2297.5,2304.869,2297.227,2299.175,18203.0,199.0,0.0,0.0,0,0,1,bullish,4,inverted_hammer,0,0,1,0,1,0,0,0,0,1,1,2,1,2,14.130571428571459,0,3,1,1,A
2024-04-04 16:00:00,2292.026,2305.537,2279.817,2284.919,40299.0,199.0,0.0,0.0,0,0,1,bullish,6,shooting_star,0,0,1,0,0,0,1,1,0,1,2,3,1,3,15.211999999999989,16,3,1,1,A
2024-04-05 00:00:00,2288.702,2290.276,2267.751,2276.733,28287.0,199.0,0.0,2267.751,0,0,1,bullish,0,none,1,0,0,0,0,0,1,1,0,1,2,3,1,3,13.754357142857089,0,4,1,1,A
2024-04-05 04:00:00,2276.689,2290.566,2276.543,2289.045,21519.0,199.0,0.0,0.0,0,0,1,bullish,1,bullish_engulfing,0,0,1,0,0,0,0,1,0,1,1,2,1,2,13.863071428571336,4,4,1,1,A
2024-04-05 12:00:00,2291.1,2328.448,2280.192,2326.175,75281.0,199.0,0.0,0.0,0,0,1,bullish,0,none,0,0,0,1,0,0,1,1,0,1,2,3,1,3,16.12178571428561,12,4,1,1,A
2024-04-08 00:00:00,2311.297,2354.147,2302.862,2345.488,62985.0,199.0,0.0,0.0,0,0,1,bullish,1,bullish_engulfing,0,0,1,0,0,0,1,1,1,1,3,4,1,4,18.82635714285704,0,0,1,1,A
2024-04-08 08:00:00,2337.71,2343.531,2333.259,2337.341,30482.0,199.0,0.0,0.0,0,0,1,bullish,5,doji,0,0,1,0,0,0,1,1,1,1,3,4,1,4,19.370285714285565,8,0,1,1,A
2024-04-08 16:00:00,2327.882,2341.996,2326.029,2338.344,25071.0,199.0,0.0,0.0,0,0,1,bullish,7,morning_star,0,0,1,0,0,0,0,0,1,1,1,2,1,2,20.243499999999877,16,0,1,1,A
2024-04-08 20:00:00,2338.397,2340.455,2336.601,2338.788,7307.0,199.0,0.0,0.0,0,0,1,bullish,5,doji,0,0,1,0,0,0,0,0,1,1,1,2,1,2,18.681642857142737,20,0,1,1,A
2024-04-09 04:00:00,2343.981,2357.01,2343.022,2353.963,23031.0,199.0,0.0,0.0,0,0,1,bullish,0,none,0,0,0,1,0,0,0,0,1,1,1,2,1,2,18.232428571428468,4,1,1,1,A
2024-04-10 08:00:00,2353.121,2355.856,2344.711,2347.029,22758.0,199.0,0.0,0.0,0,0,1,bullish,2,bearish_engulfing,0,0,1,0,0,0,0,1,0,1,1,2,1,2,12.681999999999984,8,2,1,1,A
2024-04-10 12:00:00,2346.974,2352.349,2319.215,2337.065,109432.0,199.0,0.0,2319.215,0,0,1,bullish,0,none,1,0,0,0,0,1,1,1,0,1,3,4,1,4,14.061999999999996,12,2,1,1,A
2024-04-11 16:00:00,2344.667,2374.609,2342.634,2372.744,31886.0,199.0,0.0,0.0,0,0,1,bullish,0,none,0,0,0,1,0,0,0,1,0,1,1,2,1,2,15.844857142857174,16,3,1,1,A
2024-04-12 04:00:00,2384.247,2400.348,2382.702,2399.913,28329.0,199.0,0.0,0.0,0,0,1,bullish,0,none,0,0,0,1,1,0,0,1,0,1,2,3,1,3,16.13728571428575,4,4,1,1,A
2024-04-16 04:00:00,2387.903,2389.02,2362.963,2365.654,33147.0,199.0,0.0,0.0,0,0,1,bullish,2,bearish_engulfing,0,0,1,0,0,1,0,1,0,1,2,3,1,3,24.52092857142848,4,1,1,1,A
2024-04-16 16:00:00,2385.981,2398.263,2379.712,2389.683,56416.0,199.0,2398.263,0.0,0,0,1,bullish,0,none,1,0,0,0,0,1,1,1,0,1,3,4,1,4,23.166499999999946,16,1,1,1,A
2024-04-16 20:00:00,2389.641,2390.281,2378.363,2382.843,11425.0,199.0,0.0,0.0,0,0,1,bullish,8,evening_star,0,0,1,0,0,1,0,0,0,1,1,2,1,2,19.606214285714227,20,1,1,1,A
2024-04-17 00:00:00,2382.703,2386.254,2380.648,2381.653,23622.0,199.0,0.0,0.0,0,0,1,bullish,6,shooting_star,0,0,1,0,0,1,0,0,0,1,1,2,1,2,19.758214285714207,0,2,1,1,A
2024-04-17 12:00:00,2387.361,2395.581,2378.324,2382.172,56059.0,199.0,0.0,0.0,0,0,1,bullish,2,bearish_engulfing,0,0,1,0,0,1,1,1,0,1,3,4,1,4,18.47935714285706,12,2,1,1,A
2024-04-17 20:00:00,2372.604,2373.303,2354.56,2367.839,11957.0,199.0,0.0,2354.56,0,0,1,bullish,0,none,1,0,0,0,0,1,0,0,0,1,1,2,1,2,17.672785714285673,20,2,1,1,A
2024-04-18 00:00:00,2367.836,2375.337,2364.009,2374.755,23205.0,199.0,0.0,0.0,0,0,1,bullish,1,bullish_engulfing,0,0,1,0,0,1,0,0,0,1,1,2,1,2,15.515999999999947,0,3,1,1,A
2024-04-18 16:00:00,2384.111,2389.317,2378.047,2380.231,27639.0,199.0,0.0,0.0,0,0,1,bullish,2,bearish_engulfing,0,0,1,0,0,1,0,1,0,1,2,3,1,3,14.9662857142857,16,3,1,1,A
2024-04-18 20:00:00,2380.265,2381.468,2376.851,2380.003,6990.0,199.0,0.0,0.0,0,0,1,bullish,5,doji,0,0,1,0,0,1,0,0,0,1,1,2,1,2,13.185285714285685,20,3,1,1,A
2024-04-22 00:00:00,2386.506,2386.506,2361.672,2369.326,30980.0,199.0,0.0,0.0,0,0,1,bullish,2,bearish_engulfing,0,0,1,0,0,1,0,1,0,1,2,3,1,3,15.441714285714236,0,0,1,1,A
2024-04-24 04:00:00,2327.866,2331.274,2320.625,2320.709,22745.0,199.0,0.0,0.0,0,0,0,bullish,2,bearish_engulfing,0,0,1,0,0,1,0,0,0,1,1,2,1,2,17.937357142857113,4,2,1,1,A
2024-04-24 12:00:00,2316.219,2337.354,2312.073,2322.591,53623.0,199.0,0.0,0.0,0,0,0,bullish,4,inverted_hammer,0,0,1,0,0,0,1,1,0,1,2,3,1,3,17.15492857142853,12,2,1,1,A
2024-04-24 16:00:00,2322.558,2330.483,2317.785,2319.074,24366.0,199.0,0.0,0.0,0,0,0,bullish,6,shooting_star,0,0,1,0,0,0,0,1,0,1,1,2,1,2,16.330071428571436,16,2,1,1,A
2024-04-25 12:00:00,2328.501,2344.872,2312.707,2330.473,83039.0,199.0,0.0,0.0,0,0,0,bullish,5,doji,0,0,1,0,0,0,1,1,0,1,2,3,1,3,14.974142857142883,12,3,1,1,A
2024-04-26 04:00:00,2334.634,2347.319,2333.425,2345.503,21505.0,199.0,0.0,0.0,0,0,0,bullish,0,none,0,0,0,1,0,0,0,1,0,1,1,2,1,2,13.428428571428574,4,4,1,1,A
2024-04-26 08:00:00,2345.507,2352.555,2343.352,2344.901,24557.0,199.0,2352.555,0.0,0,0,0,bullish,0,none,1,0,0,0,0,1,0,1,0,1,2,3,1,3,13.200357142857163,8,4,1,1,A
2024-04-29 12:00:00,2337.028,2339.51,2325.587,2337.783,36418.0,199.0,0.0,0.0,0,0,0,bullish,1,bullish_engulfing,0,0,1,0,0,1,1,1,0,1,3,4,1,4,12.375500000000004,12,0,1,1,A
2024-04-30 08:00:00,2317.516,2318.458,2309.449,2312.707,21021.0,199.0,0.0,0.0,0,0,0,bullish,0,none,0,0,0,1,0,0,0,1,0,1,1,2,1,2,10.762357142857095,8,1,1,1,A
2024-04-30 12:00:00,2312.657,2313.364,2293.093,2295.834,57701.0,199.0,0.0,0.0,0,0,0,bullish,0,none,0,0,0,1,0,0,1,1,0,1,2,3,1,3,11.552928571428538,12,1,1,1,A
2024-04-30 16:00:00,2295.798,2299.304,2289.283,2290.838,25714.0,199.0,0.0,0.0,0,0,0,bullish,0,none,0,0,0,1,0,0,1,1,0,1,2,3,1,3,10.633857142857128,16,1,1,1,A
2024-05-01 00:00:00,2291.256,2292.869,2282.949,2284.052,15886.0,199.0,0.0,0.0,0,0,0,bullish,2,bearish_engulfing,0,0,1,1,0,0,0,0,0,2,0,2,2,2,11.04699999999996,0,2,1,1,A
2024-05-01 04:00:00,2284.01,2289.744,2281.544,2285.785,15935.0,199.0,0.0,2281.544,↓,0,0,bullish,0,none,1,1,0,0,0,0,0,0,0,2,0,2,2,2,11.252785714285697,4,2,1,1,A
2024-05-02 12:00:00,2298.956,2306.913,2285.392,2299.931,54221.0,199.0,0.0,0.0,0,0,0,bullish,5,doji,0,0,1,0,1,1,1,1,0,1,4,5,1,5,14.668357142857205,12,3,1,1,A
2024-05-02 16:00:00,2299.939,2309.473,2297.911,2302.918,22891.0,199.0,0.0,0.0,0,0,0,bullish,4,inverted_hammer,0,0,1,0,0,1,0,1,0,1,2,3,1,3,14.850714285714341,16,3,1,1,A
2024-05-03 00:00:00,2304.243,2306.388,2299.874,2302.407,16189.0,199.0,0.0,0.0,0,0,0,bullish,8,evening_star,0,0,1,0,0,1,0,0,0,1,1,2,1,2,13.504000000000035,0,4,1,1,A
2024-05-03 04:00:00,2302.48,2308.783,2297.719,2299.215,18633.0,199.0,0.0,0.0,0,0,0,bullish,6,shooting_star,0,0,1,0,1,1,0,0,0,1,2,3,1,3,13.68921428571431,4,4,1,1,A
2024-05-03 16:00:00,2293.774,2303.087,2292.791,2301.365,21811.0,199.0,0.0,0.0,0,0,0,bullish,7,morning_star,0,0,1,0,1,1,0,1,0,1,3,4,1,4,15.795142857142862,16,4,1,1,A
2024-05-03 20:00:00,2301.363,2303.418,2300.633,2301.627,3124.0,199.0,0.0,0.0,0,0,0,bullish,5,doji,0,0,1,0,1,1,0,0,0,1,2,3,1,3,14.825357142857163,20,4,1,1,A
2024-05-05 20:00:00,2302.321,2303.288,2293.261,2293.968,7234.0,199.0,0.0,0.0,0,0,0,bullish,2,bearish_engulfing,0,0,1,0,0,1,0,0,0,1,1,2,1,2,13.222357142857163,20,6,1,1,A
2024-05-06 00:00:00,2293.929,2315.394,2291.767,2309.322,30779.0,199.0,0.0,0.0,0,0,0,bullish,1,bullish_engulfing,0,0,1,0,0,1,1,1,0,1,3,4,1,4,13.63592857142859,0,0,1,1,A
2024-05-06 16:00:00,2324.732,2327.457,2317.632,2325.032,23304.0,199.0,0.0,0.0,0,0,1,bullish,5,doji,0,0,1,0,0,1,0,1,0,1,2,3,1,3,13.020857142857137,16,0,1,1,A
2024-05-07 00:00:00,2325.953,2329.926,2319.604,2324.857,20499.0,199.0,0.0,0.0,0,0,1,bullish,2,bearish_engulfing,0,0,1,0,0,1,0,0,0,1,1,2,1,2,13.05464285714288,0,1,1,1,A
2024-05-07 16:00:00,2314.755,2317.467,2311.032,2314.618,17742.0,199.0,0.0,0.0,0,0,1,bullish,5,doji,0,0,1,0,0,1,0,0,0,1,1,2,1,2,10.744714285714313,16,1,1,1,A
2024-05-07 20:00:00,2314.634,2316.578,2312.697,2315.118,6008.0,199.0,0.0,0.0,0,0,1,bullish,7,morning_star,0,0,1,0,0,1,0,0,0,1,1,2,1,2,10.28650000000003,20,1,1,1,A
2024-05-08 00:00:00,2315.167,2318.188,2306.785,2317.001,20497.0,199.0,0.0,0.0,0,0,1,bullish,3,hammer,0,0,1,0,0,1,0,1,0,1,2,3,1,3,10.902071428571455,0,2,1,1,A
2024-05-08 08:00:00,2305.657,2318.087,2303.584,2314.672,22461.0,199.0,0.0,2303.584,0,0,1,bullish,0,none,1,0,0,0,0,1,0,1,0,1,2,3,1,3,10.680000000000032,8,2,1,1,A
2024-05-08 16:00:00,2320.422,2321.088,2307.86,2308.174,17071.0,199.0,0.0,0.0,0,0,1,bullish,2,bearish_engulfing,0,0,1,0,0,1,0,0,0,1,1,2,1,2,10.921928571428614,16,2,1,1,A
2024-05-08 20:00:00,2308.231,2310.708,2307.823,2308.74,6574.0,199.0,0.0,0.0,0,0,1,bullish,4,inverted_hammer,0,0,1,0,0,1,0,0,0,1,1,2,1,2,9.874000000000056,20,2,1,1,A
2024-05-09 04:00:00,2312.273,2319.735,2307.406,2309.309,19214.0,199.0,0.0,0.0,0,0,1,bullish,6,shooting_star,0,0,1,0,0,1,0,1,0,1,2,3,1,3,9.952428571428657,4,3,1,1,A
2024-05-09 08:00:00,2309.267,2316.668,2306.468,2315.918,18748.0,199.0,0.0,0.0,0,0,1,bullish,1,bullish_engulfing,0,0,1,0,0,1,0,1,0,1,2,3,1,3,9.943714285714382,8,3,1,1,A
2024-05-09 16:00:00,2330.43,2343.998,2329.096,2343.75,19692.0,199.0,0.0,0.0,0,0,1,bullish,0,none,0,0,0,1,0,1,0,1,0,1,2,3,1,3,11.81328571428581,16,3,1,1,A
2024-05-10 00:00:00,2346.56,2355.814,2345.925,2353.325,23510.0,199.0,0.0,0.0,0,0,1,bullish,0,none,0,0,0,1,0,0,1,1,0,1,2,3,1,3,11.445928571428633,0,4,1,1,A
2024-05-10 12:00:00,2372.13,2375.756,2356.533,2364.804,51117.0,199.0,0.0,0.0,0,0,1,bullish,2,bearish_engulfing,0,0,1,0,0,1,1,1,0,1,3,4,1,4,12.855357142857201,12,4,1,1,A
2024-05-12 20:00:00,2361.401,2363.093,2359.738,2360.41,5288.0,199.0,0.0,0.0,0,0,1,bullish,6,shooting_star,0,0,1,0,0,1,0,0,0,1,1,2,1,2,11.1842142857143,20,6,1,1,A
2024-05-13 12:00:00,2344.472,2349.777,2332.029,2335.866,43327.0,199.0,0.0,2332.029,0,0,1,bullish,0,none,1,0,0,0,0,1,1,1,0,1,3,4,1,4,12.571928571428543,12,0,1,1,A
2024-05-13 20:00:00,2337.375,2339.299,2335.22,2338.408,5551.0,199.0,0.0,0.0,0,0,1,bullish,3,hammer,0,0,1,0,0,1,0,0,0,1,1,2,1,2,10.169999999999975,20,0,1,1,A
2024-05-14 08:00:00,2339.111,2348.205,2337.722,2343.585,19765.0,199.0,0.0,0.0,0,0,1,bullish,1,bullish_engulfing,0,0,1,0,0,1,0,1,0,1,2,3,1,3,9.864357142857118,8,1,1,1,A
2024-05-14 20:00:00,2356.52,2358.382,2355.048,2355.772,6068.0,199.0,0.0,0.0,0,0,1,bullish,6,shooting_star,0,0,1,0,0,1,0,0,0,1,1,2,1,2,9.577785714285742,20,1,1,1,A
2024-05-15 00:00:00,2355.77,2361.003,2354.84,2360.273,16562.0,199.0,0.0,0.0,0,0,1,bullish,1,bullish_engulfing,0,0,1,0,0,1,0,0,0,1,1,2,1,2,9.635714285714325,0,2,1,1,A
2024-05-16 04:00:00,2388.687,2394.499,2384.599,2389.336,21270.0,199.0,0.0,0.0,0,0,1,bullish,5,doji,0,0,1,0,0,1,0,0,0,1,1,2,1,2,12.124142857142877,4,3,1,1,A
2024-05-16 08:00:00,2389.313,2391.353,2380.796,2384.621,20334.0,199.0,0.0,0.0,0,0,1,bullish,8,evening_star,0,0,1,0,0,1,0,0,0,1,1,2,1,2,12.186142857142906,8,3,1,1,A
2024-05-16 20:00:00,2378.153,2379.664,2375.839,2377.726,6384.0,199.0,0.0,0.0,0,0,1,bullish,5,doji,0,0,1,0,0,1,0,0,0,1,1,2,1,2,11.07835714285719,20,3,1,1,A
2024-05-17 16:00:00,2407.739,2419.18,2405.731,2416.402,25616.0,199.0,0.0,0.0,0,0,1,bullish,0,none,0,0,0,1,0,0,1,1,0,1,2,3,1,3,13.112642857142939,16,4,1,1,A
2024-05-20 08:00:00,2442.235,2447.21,2427.597,2430.604,29727.0,199.0,0.0,0.0,0,0,1,bullish,2,bearish_engulfing,0,0,1,0,0,0,1,1,0,1,2,3,1,3,13.68964285714297,8,0,1,1,A
2024-05-21 00:00:00,2426.136,2433.081,2406.037,2413.695,40578.0,199.0,0.0,2406.037,0,0,1,bullish,0,none,1,0,0,0,0,1,1,1,0,1,3,4,1,4,16.316928571428694,0,1,1,1,A
2024-05-21 08:00:00,2419.27,2423.738,2412.116,2423.386,24086.0,199.0,0.0,0.0,0,0,1,bullish,3,hammer,0,0,1,0,0,1,0,0,0,1,1,2,1,2,16.804142857142942,8,1,1,1,A
2024-05-21 12:00:00,2423.41,2433.928,2419.97,2423.352,50177.0,199.0,0.0,0.0,0,0,1,bullish,5,doji,0,0,1,0,0,1,1,1,0,1,3,4,1,4,17.170000000000073,12,1,1,1,A
2024-05-21 16:00:00,2423.318,2424.996,2417.292,2423.318,23253.0,199.0,0.0,0.0,0,0,1,bullish,5,doji,0,0,1,0,0,1,0,0,0,1,1,2,1,2,15.408000000000063,16,1,1,1,A
2024-05-22 08:00:00,2417.199,2419.395,2404.714,2408.676,23982.0,199.0,0.0,0.0,0,0,1,bullish,8,evening_star,0,0,1,0,0,1,0,1,0,1,2,3,1,3,14.032000000000023,8,2,1,1,A
2024-05-23 00:00:00,2382.155,2383.687,2366.75,2372.439,30323.0,199.0,0.0,0.0,0,0,1,bullish,2,bearish_engulfing,0,0,1,0,0,0,1,1,0,1,2,3,1,3,13.953428571428569,0,3,1,1,A
2024-05-23 04:00:00,2372.421,2373.988,2354.933,2356.109,30690.0,199.0,0.0,0.0,0,0,1,bullish,0,none,0,0,0,1,0,0,1,1,0,1,2,3,1,3,14.809571428571417,4,3,1,1,A
2024-05-23 12:00:00,2367.999,2369.861,2340.314,2346.081,67701.0,199.0,0.0,0.0,0,0,1,bullish,8,evening_star,0,0,1,0,0,0,1,1,0,1,2,3,1,3,15.03378571428568,12,3,1,1,A
2024-05-24 12:00:00,2338.177,2347.385,2332.362,2334.49,35516.0,199.0,0.0,0.0,0,0,0,bullish,6,shooting_star,0,0,1,0,0,0,1,1,0,1,2,3,1,3,15.843499999999949,12,4,1,1,A
2024-05-28 00:00:00,2352.412,2356.322,2349.143,2350.86,21231.0,199.0,0.0,0.0,0,0,0,bullish,2,bearish_engulfing,0,0,1,0,1,0,0,1,0,1,2,3,1,3,8.278357142857105,0,1,1,1,A
2024-05-28 12:00:00,2347.367,2364.109,2345.915,2360.241,49098.0,199.0,2364.109,0.0,0,0,0,bullish,0,none,1,0,0,0,0,1,1,1,0,1,3,4,1,4,9.055714285714332,12,1,1,1,A
2024-05-29 00:00:00,2359.648,2361.029,2354.364,2358.127,20481.0,199.0,0.0,0.0,0,0,0,bullish,8,evening_star,0,0,1,0,0,1,1,0,0,1,2,3,1,3,8.951500000000026,0,2,1,1,A
2024-05-30 00:00:00,2338.378,2339.85,2328.02,2334.311,26659.0,199.0,0.0,0.0,0,0,0,bullish,2,bearish_engulfing,0,0,1,0,0,0,1,1,0,1,2,3,1,3,9.278857142857143,0,3,1,1,A
2024-05-30 16:00:00,2343.837,2348.788,2339.831,2341.567,20185.0,199.0,0.0,0.0,0,0,0,bullish,6,shooting_star,0,0,1,0,0,1,0,0,0,1,1,2,1,2,10.982071428571414,16,3,1,1,A
2024-05-30 20:00:00,2341.515,2346.392,2341.442,2343.907,8400.0,199.0,0.0,0.0,0,0,0,bullish,1,bullish_engulfing,0,0,1,0,0,1,0,0,0,1,1,2,1,2,10.036071428571404,20,3,1,1,A
2024-05-31 00:00:00,2343.921,2347.685,2336.968,2343.689,22609.0,199.0,0.0,0.0,0,0,0,bullish,5,doji,0,0,1,0,0,1,0,0,0,1,1,2,1,2,10.12649999999998,0,4,1,1,A
2024-05-31 08:00:00,2340.337,2344.949,2339.671,2343.784,18710.0,199.0,0.0,0.0,0,0,0,bullish,1,bullish_engulfing,0,0,1,0,0,1,0,0,0,1,1,2,1,2,10.215857142857171,8,4,1,1,A
2024-05-31 20:00:00,2327.686,2330.547,2326.983,2327.191,4109.0,199.0,0.0,0.0,0,0,0,bullish,6,shooting_star,0,0,1,0,0,1,0,0,0,1,1,2,1,2,11.24457142857146,20,4,1,1,A
2024-06-03 00:00:00,2325.967,2331.11,2320.824,2321.394,21114.0,199.0,0.0,0.0,0,0,0,bullish,0,none,0,0,0,1,0,1,0,1,0,1,2,3,1,3,11.555357142857215,0,0,1,1,A
2024-06-03 16:00:00,2342.781,2354.746,2341.348,2347.609,23955.0,199.0,2354.746,0.0,0,0,0,bullish,0,none,1,0,0,0,0,1,0,1,0,1,2,3,1,3,11.508071428571482,16,0,1,1,A
2024-06-04 00:00:00,2350.641,2352.79,2343.098,2345.748,18525.0,199.0,0.0,0.0,0,0,0,bullish,2,bearish_engulfing,0,0,1,0,0,1,0,0,0,1,1,2,1,2,11.553142857142932,0,1,1,1,A
2024-06-05 16:00:00,2353.645,2356.725,2351.368,2353.929,19397.0,199.0,0.0,0.0,0,0,0,bullish,5,doji,0,0,1,0,0,1,0,0,0,1,1,2,1,2,12.192928571428606,16,2,1,1,A
2024-06-05 20:00:00,2353.971,2357.23,2352.756,2355.012,6748.0,199.0,0.0,0.0,0,0,0,bullish,0,none,0,0,0,1,0,1,0,0,0,1,1,2,1,2,11.07978571428576,20,2,1,1,A
2024-06-06 12:00:00,2359.74,2378.522,2353.336,2374.226,47967.0,199.0,0.0,0.0,0,0,0,bullish,1,bullish_engulfing,0,0,1,0,0,0,1,1,0,1,2,3,1,3,12.483500000000017,12,3,1,1,A
2024-06-06 20:00:00,2372.471,2378.123,2372.282,2376.73,6571.0,199.0,0.0,0.0,0,0,0,bullish,1,bullish_engulfing,0,0,1,1,0,0,0,0,0,2,0,2,2,2,10.831285714285741,20,3,1,1,A
2024-06-07 12:00:00,2336.485,2339.309,2304.437,2304.972,72955.0,199.0,0.0,0.0,0,0,1,bullish,0,none,0,0,0,1,0,0,1,1,0,1,2,3,1,3,15.766000000000108,12,4,1,1,A
2024-06-07 16:00:00,2305.019,2314.497,2287.536,2288.266,30340.0,199.0,0.0,0.0,0,0,1,bullish,0,none,0,0,0,1,0,0,1,1,0,1,2,3,1,3,17.256214285714382,16,4,1,1,A
2024-06-07 20:00:00,2288.304,2294.327,2286.723,2293.799,5438.0,199.0,0.0,2286.723,0,↓,0,bearish,0,none,1,1,0,0,0,0,0,0,0,2,0,2,2,2,15.998214285714377,20,4,1,1,A
2024-06-10 12:00:00,2304.993,2308.716,2300.352,2307.3,32235.0,199.0,0.0,0.0,0,0,0,bullish,3,hammer,0,0,1,0,0,1,1,1,0,1,3,4,1,4,16.2565714285715,12,0,0,0,A
2024-06-10 16:00:00,2307.345,2313.758,2306.93,2308.733,19346.0,199.0,0.0,0.0,0,0,0,bullish,4,inverted_hammer,0,0,1,0,0,1,0,1,0,1,2,3,1,3,14.945285714285774,16,0,0,0,A
2024-06-10 20:00:00,2308.786,2312.144,2308.477,2309.931,6794.0,199.0,0.0,0.0,0,0,0,bullish,4,inverted_hammer,0,0,1,0,0,1,0,0,0,1,1,2,1,2,14.639000000000026,20,0,0,0,A
2024-06-11 12:00:00,2307.607,2319.95,2307.538,2310.126,40623.0,199.0,0.0,0.0,0,0,0,bullish,4,inverted_hammer,0,0,1,0,0,1,1,1,0,1,3,4,1,4,12.089000000000008,12,1,0,0,A
2024-06-11 20:00:00,2315.351,2317.592,2313.853,2315.071,7369.0,199.0,0.0,0.0,0,0,0,bullish,5,doji,0,0,1,0,0,1,0,0,0,1,1,2,1,2,8.650785714285705,20,1,0,0,A
2024-06-12 04:00:00,2314.031,2317.78,2311.156,2314.479,15979.0,199.0,0.0,0.0,0,0,0,bullish,5,doji,0,0,1,0,0,1,0,0,0,1,1,2,1,2,8.325142857142835,4,2,0,0,A
2024-06-12 08:00:00,2314.517,2315.699,2310.769,2312.848,18150.0,199.0,0.0,0.0,0,0,0,bullish,2,bearish_engulfing,0,0,1,0,0,1,0,1,0,1,2,3,1,3,8.14307142857144,8,2,0,0,A
2024-06-12 12:00:00,2312.864,2341.627,2311.563,2335.542,61680.0,199.0,2341.627,0.0,0,0,0,bullish,0,none,1,0,0,0,0,1,1,1,0,1,3,4,1,4,9.605428571428579,12,2,0,0,A
2024-06-12 20:00:00,2321.263,2325.351,2320.137,2320.549,8581.0,199.0,0.0,0.0,0,0,0,bullish,6,shooting_star,0,0,1,0,0,1,0,0,0,1,1,2,1,2,10.113428571428553,20,2,0,0,A
2024-06-13 04:00:00,2314.239,2318.55,2308.971,2317.013,18619.0,199.0,0.0,0.0,0,0,0,bullish,3,hammer,0,0,1,0,0,0,0,1,0,1,1,2,1,2,11.113142857142877,4,3,0,0,A
2024-06-13 08:00:00,2317.061,2319.958,2303.945,2307.026,20911.0,199.0,0.0,0.0,0,0,0,bullish,2,bearish_engulfing,0,0,1,0,0,0,0,1,0,1,1,2,1,2,11.315714285714291,8,3,0,0,A
2024-06-13 12:00:00,2307.073,2326.755,2297.746,2298.992,53987.0,199.0,0.0,0.0,0,0,0,bullish,6,shooting_star,0,0,1,0,1,0,1,1,0,1,3,4,1,4,12.831642857142858,12,3,0,0,A
2024-06-13 16:00:00,2298.938,2304.888,2295.463,2303.413,23100.0,199.0,0.0,2295.463,0,0,0,bullish,0,none,1,0,0,0,0,1,0,1,0,1,2,3,1,3,12.978642857142827,16,3,0,0,A
2024-06-14 00:00:00,2302.38,2308.605,2301.504,2305.461,17622.0,199.0,0.0,0.0,0,0,0,bullish,7,morning_star,0,0,1,0,0,1,0,0,0,1,1,2,1,2,12.07342857142859,0,4,0,0,A
2024-06-14 08:00:00,2315.184,2336.562,2314.726,2332.01,27903.0,199.0,2336.562,0.0,0,0,0,bullish,0,none,1,0,0,0,0,1,1,1,0,1,3,4,1,4,13.880928571428578,8,4,0,0,A
2024-06-14 16:00:00,2326.133,2335.558,2325.353,2332.452,19897.0,199.0,0.0,0.0,0,0,0,bullish,7,morning_star,0,0,1,0,0,1,0,0,0,1,1,2,1,2,14.60307142857138,16,4,0,0,A
2024-06-14 20:00:00,2332.506,2333.064,2330.916,2332.824,2570.0,199.0,0.0,0.0,0,0,0,bullish,3,hammer,0,0,1,0,0,1,0,0,0,1,1,2,1,2,12.609071428571367,20,4,0,0,A
2024-06-16 20:00:00,2331.087,2331.483,2327.411,2328.874,4385.0,199.0,0.0,0.0,0,0,0,bullish,8,evening_star,0,0,1,0,0,1,0,0,0,1,1,2,1,2,11.300071428571398,20,6,0,0,A
2024-06-17 08:00:00,2316.962,2322.586,2316.407,2318.185,18176.0,199.0,0.0,0.0,0,0,0,bullish,4,inverted_hammer,0,0,1,0,0,1,0,0,0,1,1,2,1,2,10.924071428571356,8,0,0,0,A
2024-06-17 12:00:00,2318.23,2327.643,2309.951,2312.494,30703.0,199.0,0.0,0.0,0,0,0,bullish,2,bearish_engulfing,0,0,1,0,0,1,1,1,0,1,3,4,1,4,11.043999999999935,12,0,0,0,A
2024-06-17 16:00:00,2312.537,2320.569,2312.537,2320.139,17991.0,199.0,0.0,0.0,0,0,0,bullish,7,morning_star,0,0,1,0,0,1,0,0,0,1,1,2,1,2,9.548714285714206,16,0,0,0,A
2024-06-18 04:00:00,2324.408,2324.813,2314.96,2315.526,16463.0,199.0,0.0,0.0,0,0,0,bullish,8,evening_star,0,0,1,0,0,1,0,0,0,1,1,2,1,2,9.54707142857134,4,1,0,0,A
2024-06-18 08:00:00,2315.505,2315.505,2306.502,2313.311,19351.0,199.0,0.0,2306.502,0,0,0,bullish,0,none,1,0,0,0,0,1,0,1,0,1,2,3,1,3,9.242357142857047,8,1,0,0,A
2024-06-18 12:00:00,2313.279,2329.779,2311.399,2326.868,42792.0,199.0,0.0,0.0,0,0,0,bullish,1,bullish_engulfing,0,0,1,0,0,1,1,1,0,1,3,4,1,4,8.995499999999927,12,1,0,0,A
2024-06-19 00:00:00,2328.272,2331.758,2326.489,2328.27,14305.0,199.0,0.0,0.0,0,0,0,bullish,5,doji,0,0,1,0,0,1,0,0,0,1,1,2,1,2,8.36335714285711,0,2,0,0,A
2024-06-19 04:00:00,2328.222,2332.68,2326.796,2331.765,14487.0,199.0,0.0,0.0,0,0,0,bullish,1,bullish_engulfing,0,0,1,0,0,1,0,0,0,1,1,2,1,2,8.396999999999966,4,2,0,0,A
2024-06-19 12:00:00,2330.386,2332.879,2323.666,2329.774,20273.0,199.0,0.0,0.0,0,0,0,bullish,5,doji,0,0,1,0,0,1,1,1,0,1,3,4,1,4,8.408071428571377,12,2,0,0,A
2024-06-20 00:00:00,2329.358,2338.98,2327.736,2333.897,18382.0,199.0,0.0,0.0,0,0,0,bullish,7,morning_star,0,0,1,0,0,0,1,1,0,1,2,3,1,3,7.237928571428548,0,3,0,0,A
2024-06-20 08:00:00,2338.53,2341.376,2331.557,2339.243,19079.0,199.0,0.0,0.0,0,0,0,bullish,5,doji,0,0,1,0,0,0,1,1,0,1,2,3,1,3,8.134071428571426,8,3,0,0,A
2024-06-21 00:00:00,2360.765,2364.846,2357.068,2362.137,17672.0,199.0,0.0,0.0,0,0,0,bullish,0,none,0,0,0,1,0,0,1,0,0,1,1,2,1,2,8.512071428571355,0,4,0,0,A
2024-06-21 12:00:00,2366.274,2368.084,2323.256,2327.893,52475.0,199.0,0.0,0.0,0,0,1,bullish,2,bearish_engulfing,0,0,1,0,0,1,1,1,0,1,3,4,1,4,11.983428571428508,12,4,1,1,A
2024-06-21 16:00:00,2327.946,2329.353,2316.65,2322.055,24595.0,199.0,0.0,2316.65,0,0,1,bullish,0,none,1,0,0,0,0,1,1,1,0,1,3,4,1,4,12.233357142857065,16,4,1,1,A
2024-06-23 20:00:00,2321.11,2322.193,2317.682,2319.187,5099.0,199.0,0.0,0.0,0,0,1,bullish,0,none,0,0,0,1,0,1,0,0,0,1,1,2,1,2,11.857428571428532,20,6,0,0,A
2024-06-24 00:00:00,2319.169,2326.643,2317.86,2325.395,19753.0,199.0,0.0,0.0,0,0,1,bullish,1,bullish_engulfing,0,0,1,0,0,1,1,1,0,1,3,4,1,4,12.351499999999955,0,0,0,0,A
2024-06-24 20:00:00,2331.607,2334.388,2330.223,2330.877,5972.0,199.0,0.0,0.0,0,0,1,bullish,6,shooting_star,0,0,1,0,0,1,0,0,0,1,1,2,1,2,10.460428571428565,20,0,0,0,A
2024-06-25 04:00:00,2324.188,2330.073,2322.69,2324.788,17815.0,199.0,0.0,0.0,0,0,1,bullish,5,doji,0,0,1,0,0,1,0,1,0,1,2,3,1,3,10.774714285714285,4,1,0,0,A
2024-06-25 08:00:00,2324.745,2337.087,2322.814,2330.121,21013.0,199.0,2337.087,0.0,0,0,1,bullish,0,none,1,0,0,0,0,1,1,1,0,1,3,4,1,4,11.043142857142877,8,1,0,0,A
2024-06-25 12:00:00,2330.109,2330.453,2315.562,2324.687,35198.0,199.0,0.0,0.0,0,0,1,bullish,8,evening_star,0,0,1,0,0,1,1,1,0,1,3,4,1,4,11.573714285714297,12,1,0,0,A
2024-06-25 20:00:00,2319.725,2321.426,2317.858,2320.027,7616.0,199.0,0.0,0.0,0,0,1,bullish,5,doji,0,0,1,0,0,1,0,0,0,1,1,2,1,2,8.40128571428571,20,1,0,0,A
2024-06-26 00:00:00,2319.977,2323.89,2310.554,2317.247,23443.0,199.0,0.0,0.0,0,0,1,bullish,8,evening_star,0,0,1,0,0,1,1,1,0,1,3,4,1,4,9.218642857142868,0,2,0,0,A
2024-06-26 20:00:00,2298.684,2299.202,2296.766,2298.401,6692.0,199.0,0.0,0.0,0,0,0,bullish,5,doji,0,0,1,0,1,1,0,0,0,1,2,3,1,3,9.865428571428538,20,2,0,0,A
2024-06-27 00:00:00,2298.412,2300.1,2296.766,2298.932,15255.0,199.0,0.0,0.0,0,0,0,bullish,7,morning_star,0,0,1,0,1,1,0,0,0,1,2,3,1,3,9.545928571428542,0,3,0,0,A
2024-06-27 20:00:00,2325.917,2328.533,2325.38,2327.72,5963.0,199.0,0.0,0.0,0,0,0,bullish,1,bullish_engulfing,0,0,1,0,0,1,0,0,0,1,1,2,1,2,9.424142857142831,20,3,0,0,A
2024-06-28 08:00:00,2327.15,2337.145,2326.447,2333.938,19145.0,199.0,0.0,0.0,0,0,0,bullish,0,none,0,0,0,1,0,1,0,1,0,1,2,3,1,3,9.614,8,4,0,0,A
2024-07-01 00:00:00,2324.951,2328.502,2322.1,2324.746,16534.0,199.0,0.0,0.0,0,0,1,bullish,5,doji,0,0,1,0,0,1,0,1,0,1,2,3,1,3,8.583142857142873,0,0,0,0,A
2024-07-02 08:00:00,2330.737,2332.456,2319.918,2320.696,19191.0,199.0,0.0,0.0,0,0,1,bullish,2,bearish_engulfing,0,0,1,0,0,1,1,1,0,1,3,4,1,4,9.605357142857136,8,1,0,0,A
2024-07-03 00:00:00,2330.177,2332.497,2326.799,2331.648,14499.0,199.0,0.0,0.0,0,0,1,bullish,1,bullish_engulfing,0,0,1,0,0,1,0,0,0,1,1,2,1,2,9.26607142857139,0,2,0,0,A
2024-07-03 04:00:00,2331.699,2347.201,2331.699,2345.304,19153.0,199.0,0.0,0.0,0,0,1,bullish,0,none,0,0,0,1,0,1,1,1,0,1,3,4,1,4,10.105499999999958,4,2,0,0,A
2024-07-03 08:00:00,2345.321,2349.482,2342.121,2345.374,20565.0,199.0,0.0,0.0,0,0,1,bullish,5,doji,0,0,1,0,0,1,1,1,0,1,3,4,1,4,10.173999999999946,8,2,0,0,A
2024-07-04 00:00:00,2358.721,2362.54,2356.443,2358.103,15036.0,199.0,0.0,0.0,0,0,1,bullish,5,doji,0,0,1,0,0,1,0,0,0,1,1,2,1,2,9.426214285714195,0,3,1,1,A
2024-07-04 12:00:00,2358.466,2361.872,2355.487,2357.392,17977.0,199.0,0.0,0.0,0,0,1,bullish,2,bearish_engulfing,0,0,1,0,0,1,0,1,0,1,2,3,1,3,9.524785714285665,12,3,1,1,A
2024-07-05 04:00:00,2361.716,2367.446,2361.294,2365.225,16224.0,199.0,0.0,0.0,0,0,1,bullish,0,none,0,0,0,1,0,1,0,1,0,1,2,3,1,3,7.767928571428554,4,4,1,1,A
2024-07-05 12:00:00,2365.736,2388.395,2347.375,2384.639,53738.0,199.0,0.0,2347.375,0,0,1,bullish,0,none,1,0,0,0,0,0,1,1,0,1,2,3,1,3,9.625142857142853,12,4,1,1,A
2024-07-07 20:00:00,2389.586,2390.178,2384.767,2386.117,5361.0,199.0,0.0,0.0,0,0,1,bullish,8,evening_star,0,0,1,0,0,1,0,0,0,1,1,2,1,2,8.360857142857153,20,6,1,1,A
2024-07-09 08:00:00,2358.98,2365.632,2357.485,2360.578,17675.0,199.0,0.0,0.0,0,0,1,bullish,4,inverted_hammer,0,0,1,0,0,1,1,0,0,1,2,3,1,3,11.80257142857142,8,1,1,1,A
2024-07-10 12:00:00,2378.387,2386.657,2373.889,2378.761,30853.0,199.0,0.0,0.0,0,0,1,bullish,5,doji,0,0,1,0,0,1,1,1,0,1,3,4,1,4,10.522357142857086,12,2,1,1,A
2024-07-10 16:00:00,2378.788,2381.331,2369.858,2371.765,18188.0,199.0,0.0,0.0,0,0,1,bullish,2,bearish_engulfing,0,0,1,0,0,1,0,1,0,1,2,3,1,3,10.586857142857102,16,2,1,1,A
2024-07-11 04:00:00,2378.775,2383.197,2378.46,2379.889,16372.0,199.0,0.0,0.0,0,0,1,bullish,4,inverted_hammer,0,0,1,0,0,0,0,1,0,1,1,2,1,2,8.74528571428563,4,3,1,1,A
2024-07-11 20:00:00,2414.133,2416.022,2411.134,2415.854,9649.0,199.0,0.0,0.0,0,0,1,bullish,3,hammer,0,0,1,0,0,1,0,0,0,1,1,2,1,2,10.008285714285616,20,3,1,1,A
2024-07-12 00:00:00,2415.851,2416.249,2406.643,2408.778,19096.0,199.0,0.0,0.0,0,0,1,bullish,8,evening_star,0,0,1,0,0,1,0,1,0,1,2,3,1,3,10.04578571428559,0,4,1,1,A
2024-07-12 12:00:00,2401.768,2413.71,2391.352,2411.711,45797.0,199.0,0.0,0.0,0,0,1,bullish,7,morning_star,0,0,1,0,0,1,1,1,0,1,3,4,1,4,11.7654285714285,12,4,1,1,A
2024-07-12 16:00:00,2411.749,2418.241,2411.699,2412.823,16798.0,199.0,0.0,0.0,0,0,1,bullish,4,inverted_hammer,0,0,1,0,0,1,0,0,0,1,1,2,1,2,11.735999999999942,16,4,1,1,A
2024-07-12 20:00:00,2412.771,2412.771,2411.262,2411.399,2297.0,199.0,0.0,0.0,0,0,1,bullish,8,evening_star,0,0,1,0,0,1,0,0,0,1,1,2,1,2,10.935499999999918,20,4,1,1,A
2024-07-15 04:00:00,2411.597,2413.966,2401.298,2407.881,18768.0,179.0,0.0,0.0,0,0,1,bullish,2,bearish_engulfing,0,0,1,0,0,0,0,1,1,1,2,3,1,3,11.218642857142802,4,0,1,1,A
2024-07-15 08:00:00,2407.897,2420.33,2406.87,2418.236,20782.0,179.0,0.0,0.0,0,0,1,bullish,7,morning_star,0,0,1,0,0,0,1,1,1,1,3,4,1,4,11.841714285714229,8,0,1,1,A
2024-07-16 04:00:00,2428.581,2439.411,2425.023,2436.953,21271.0,179.0,0.0,0.0,0,0,1,bullish,0,none,0,0,0,1,0,0,0,1,1,1,2,3,1,3,11.725642857142832,4,1,1,1,A
2024-07-16 12:00:00,2439.494,2465.283,2429.334,2463.099,50651.0,179.0,0.0,0.0,0,0,1,bullish,0,none,0,0,0,1,0,0,1,1,0,1,2,3,1,3,13.577714285714267,12,1,1,1,A
2024-07-16 16:00:00,2463.101,2468.7,2457.809,2468.483,24126.0,179.0,0.0,0.0,0,0,1,bullish,0,none,0,0,0,1,0,0,1,1,0,1,2,3,1,3,12.7586428571428,16,1,1,1,A
2024-07-16 20:00:00,2468.537,2469.967,2466.245,2468.278,9228.0,179.0,0.0,0.0,0,0,1,bullish,5,doji,0,0,1,1,0,0,0,0,0,2,0,2,2,2,12.557214285714249,20,1,1,1,A
2024-07-17 00:00:00,2468.268,2482.365,2463.91,2471.7,31818.0,179.0,0.0,0.0,0,0,1,bullish,1,bullish_engulfing,0,0,1,0,0,0,1,1,0,1,2,3,1,3,13.76392857142855,0,2,1,1,A
2024-07-17 04:00:00,2471.677,2474.324,2461.788,2474.104,26638.0,179.0,0.0,0.0,0,0,1,bullish,3,hammer,0,0,1,0,0,0,1,1,0,1,2,3,1,3,14.19035714285714,4,2,1,1,A
2024-07-17 08:00:00,2474.084,2478.877,2466.656,2470.029,28548.0,179.0,0.0,0.0,0,0,1,bullish,8,evening_star,0,0,1,0,0,0,1,1,0,1,2,3,1,3,14.55685714285713,8,2,1,1,A
2024-07-22 16:00:00,2386.304,2400.06,2386.085,2399.0,19312.0,179.0,0.0,0.0,0,0,1,bullish,1,bullish_engulfing,0,0,1,0,1,1,0,0,0,1,2,3,1,3,12.579928571428614,16,0,1,1,A
2024-07-23 00:00:00,2395.75,2403.981,2395.451,2398.357,21627.0,179.0,0.0,0.0,0,0,1,bullish,4,inverted_hammer,0,0,1,0,1,0,0,0,0,1,1,2,1,2,11.656571428571494,0,1,1,1,A
2024-07-24 12:00:00,2417.469,2431.954,2413.577,2424.757,44227.0,179.0,2431.954,0.0,0,0,1,bullish,0,none,1,0,0,0,0,1,1,1,0,1,3,4,1,4,10.67250000000003,12,2,1,1,A
2024-07-24 16:00:00,2424.793,2424.924,2398.28,2398.358,27085.0,179.0,0.0,0.0,0,0,1,bullish,2,bearish_engulfing,0,0,1,0,1,1,1,1,0,1,4,5,1,5,11.834928571428593,16,2,1,1,A
2024-07-24 20:00:00,2398.478,2401.193,2393.033,2398.669,13018.0,179.0,0.0,0.0,0,0,1,bullish,5,doji,0,0,1,0,1,1,0,0,0,1,2,3,1,3,11.251357142857191,20,2,1,1,A
2024-07-25 00:00:00,2398.72,2399.985,2366.737,2374.724,52169.0,179.0,0.0,0.0,0,0,1,bullish,2,bearish_engulfing,0,0,1,0,0,0,1,1,0,1,2,3,1,3,12.628000000000059,0,3,1,1,A
2024-07-25 04:00:00,2374.703,2378.736,2365.752,2374.02,30345.0,179.0,0.0,0.0,0,0,1,bullish,5,doji,0,0,1,0,0,0,1,1,0,1,2,3,1,3,13.213857142857185,4,3,1,1,A
2024-07-25 08:00:00,2374.073,2382.529,2368.0,2368.56,29477.0,179.0,0.0,0.0,0,0,1,bullish,0,none,0,0,0,1,0,0,1,1,0,1,2,3,1,3,13.64235714285717,8,3,1,1,A
2024-07-25 20:00:00,2362.608,2365.455,2359.358,2363.801,10232.0,179.0,0.0,0.0,0,0,0,bullish,7,morning_star,0,0,1,0,0,1,0,0,0,1,1,2,1,2,13.718000000000009,20,3,1,1,A
2024-07-26 04:00:00,2371.821,2375.252,2365.238,2371.462,23618.0,179.0,0.0,0.0,0,0,0,bullish,5,doji,0,0,1,0,0,1,0,0,0,1,1,2,1,2,15.326642857142847,4,4,1,1,A
2024-07-26 08:00:00,2371.503,2375.803,2369.286,2373.278,20586.0,179.0,0.0,0.0,0,0,0,bullish,7,morning_star,0,0,1,0,0,1,0,0,0,1,1,2,1,2,14.831214285714266,8,4,1,1,A
2024-07-26 16:00:00,2385.164,2390.38,2381.125,2386.272,20578.0,179.0,0.0,0.0,0,0,0,bullish,5,doji,0,0,1,0,0,1,0,0,0,1,1,2,1,2,15.784571428571423,16,4,1,1,A
2024-07-28 20:00:00,2387.944,2403.181,2387.839,2397.091,11158.0,179.0,2403.181,0.0,0,0,0,bullish,0,none,1,0,0,0,0,1,0,0,0,1,1,2,1,2,13.961000000000013,20,6,1,1,A
2024-07-29 12:00:00,2387.74,2396.786,2369.495,2376.797,43885.0,179.0,0.0,2369.495,0,0,0,bullish,0,none,1,0,0,0,0,1,1,1,0,1,3,4,1,4,13.073285714285703,12,0,1,1,A
2024-07-30 00:00:00,2381.186,2385.963,2376.471,2385.741,23509.0,179.0,0.0,0.0,0,0,0,bullish,7,morning_star,0,0,1,0,0,1,0,1,0,1,2,3,1,3,12.12042857142855,0,1,1,1,A
2024-07-30 16:00:00,2385.303,2411.07,2384.953,2407.008,30670.0,179.0,0.0,0.0,0,0,0,bullish,7,morning_star,0,0,1,0,0,1,1,1,0,1,3,4,1,4,11.593357142857128,16,1,1,1,A
2024-07-31 00:00:00,2409.81,2419.165,2403.877,2416.442,29731.0,179.0,0.0,0.0,0,0,0,bullish,0,none,0,0,0,1,0,0,1,1,0,1,2,3,1,3,12.203357142857126,0,2,1,1,A
2024-07-31 12:00:00,2419.629,2429.017,2417.27,2423.098,41721.0,179.0,0.0,0.0,0,0,0,bullish,4,inverted_hammer,0,0,1,0,0,0,1,1,0,1,2,3,1,3,11.77135714285711,12,2,1,1,A
2024-07-31 16:00:00,2423.139,2450.819,2421.537,2449.804,41806.0,179.0,0.0,0.0,0,0,0,bullish,0,none,0,0,0,1,1,0,1,1,0,1,3,4,1,4,13.251571428571424,16,2,1,1,A
2024-08-01 04:00:00,2442.769,2448.819,2439.871,2440.325,27253.0,179.0,0.0,0.0,0,0,0,bullish,6,shooting_star,0,0,1,0,0,0,1,1,0,1,2,3,1,3,12.858571428571427,4,3,1,1,A
2024-08-01 12:00:00,2440.784,2462.302,2440.277,2445.107,64883.0,179.0,0.0,0.0,0,0,0,bullish,4,inverted_hammer,0,0,1,0,0,0,1,1,0,1,2,3,1,3,14.211071428571424,12,3,1,1,A
2024-08-02 16:00:00,2433.068,2439.293,2423.004,2437.618,42606.0,179.0,0.0,0.0,0,0,1,bullish,3,hammer,0,0,1,0,0,0,1,1,0,1,2,3,1,3,18.731500000000032,16,4,1,1,A
2024-08-05 00:00:00,2440.984,2452.51,2413.761,2450.957,69638.0,179.0,0.0,0.0,0,0,1,bullish,3,hammer,0,0,1,0,1,0,1,1,0,1,3,4,1,4,19.17707142857145,0,0,1,1,A
2024-08-05 04:00:00,2451.022,2458.836,2422.064,2431.98,64755.0,179.0,0.0,0.0,0,0,1,bullish,2,bearish_engulfing,0,0,1,0,0,0,1,1,0,1,2,3,1,3,20.2989285714286,4,0,1,1,A
2024-08-05 08:00:00,2432.021,2434.402,2383.239,2386.736,60628.0,179.0,0.0,0.0,0,0,1,bullish,0,none,0,0,0,1,0,0,1,1,0,1,2,3,1,3,23.314285714285752,8,0,1,1,A
2024-08-05 20:00:00,2407.657,2412.562,2404.34,2404.837,13904.0,179.0,0.0,0.0,0,0,0,bullish,6,shooting_star,0,0,1,0,0,1,0,0,0,1,1,2,1,2,24.861500000000042,20,0,1,1,A
2024-08-06 00:00:00,2404.865,2418.333,2404.515,2409.017,39067.0,179.0,0.0,0.0,0,0,0,bullish,4,inverted_hammer,0,0,1,0,0,1,0,0,0,1,1,2,1,2,25.431500000000078,0,1,1,1,A
2024-08-06 12:00:00,2410.996,2412.258,2381.404,2387.536,75959.0,179.0,0.0,0.0,0,0,0,bullish,2,bearish_engulfing,0,0,1,0,0,1,1,1,0,1,3,4,1,4,26.168857142857178,12,1,1,1,A
2024-08-06 20:00:00,2387.759,2390.487,2382.755,2383.787,11492.0,179.0,0.0,0.0,0,0,0,bullish,2,bearish_engulfing,0,0,1,0,0,1,0,0,0,1,1,2,1,2,21.52592857142859,20,1,1,1,A
2024-08-07 00:00:00,2383.723,2388.44,2378.931,2385.948,42098.0,179.0,0.0,2378.931,0,0,0,bullish,0,none,1,0,0,0,0,1,0,1,0,1,2,3,1,3,21.709571428571476,0,2,1,1,A
2024-08-07 04:00:00,2385.985,2397.582,2385.687,2389.31,30726.0,179.0,0.0,0.0,0,0,0,bullish,4,inverted_hammer,0,0,1,0,0,1,0,0,0,1,1,2,1,2,21.95585714285718,4,2,1,1,A
2024-08-08 00:00:00,2384.835,2394.729,2383.283,2394.35,29574.0,179.0,0.0,0.0,0,0,0,bullish,7,morning_star,0,0,1,0,0,0,0,1,0,1,1,2,1,2,12.990785714285721,0,3,1,1,A
2024-08-08 20:00:00,2423.551,2427.818,2422.829,2424.595,10040.0,179.0,0.0,0.0,0,0,0,bullish,4,inverted_hammer,0,0,1,1,0,0,0,0,0,2,0,2,2,2,12.108714285714248,20,3,1,1,A
2024-08-12 04:00:00,2428.529,2442.891,2428.194,2441.573,20568.0,179.0,0.0,0.0,0,0,0,bullish,0,none,0,0,0,1,0,0,0,1,0,1,1,2,1,2,10.808785714285673,4,0,1,1,A
2024-08-12 16:00:00,2459.771,2472.194,2458.93,2470.473,23271.0,169.0,0.0,0.0,0,0,0,bullish,0,none,0,0,0,1,0,0,0,1,1,1,2,3,1,3,9.875428571428595,16,0,1,1,A
2024-08-12 20:00:00,2470.446,2476.033,2470.151,2475.536,8856.0,169.0,0.0,0.0,0,0,0,bullish,0,none,0,0,0,1,0,0,0,0,1,1,1,2,1,2,9.538142857142898,20,0,1,1,A
2024-08-13 04:00:00,2463.513,2466.162,2458.493,2464.26,22165.0,169.0,0.0,0.0,0,0,0,bullish,5,doji,0,0,1,0,0,0,0,1,1,1,2,3,1,3,10.186857142857175,4,1,1,1,A
2024-08-13 08:00:00,2464.302,2466.607,2458.834,2465.768,21484.0,169.0,0.0,0.0,0,0,0,bullish,3,hammer,0,0,1,0,0,0,0,0,1,1,1,2,1,2,10.011714285714334,8,1,1,1,A
2024-08-14 04:00:00,2460.815,2471.903,2459.259,2470.85,25170.0,169.0,0.0,0.0,0,0,0,bullish,7,morning_star,0,0,1,0,0,0,1,1,0,1,2,3,1,3,11.216499999999996,4,2,1,1,A
2024-08-14 16:00:00,2443.972,2448.449,2437.995,2447.199,28483.0,169.0,0.0,0.0,0,0,1,bullish,3,hammer,0,0,1,0,0,0,1,1,0,1,2,3,1,3,13.498714285714252,16,2,1,1,A
2024-08-15 12:00:00,2463.581,2470.095,2432.094,2458.339,94518.0,169.0,0.0,2432.094,0,0,1,bullish,0,none,1,0,0,0,0,1,1,1,0,1,3,4,1,4,13.791357142857091,12,3,1,1,A
2024-08-16 00:00:00,2457.313,2460.057,2450.695,2452.465,21160.0,169.0,0.0,0.0,0,0,1,bullish,2,bearish_engulfing,0,0,1,0,0,1,0,0,0,1,1,2,1,2,12.94057142857134,0,4,1,1,A
2024-08-16 04:00:00,2452.42,2464.51,2451.07,2461.968,20403.0,169.0,0.0,0.0,0,0,1,bullish,1,bullish_engulfing,0,0,1,0,0,1,0,0,0,1,1,2,1,2,13.550571428571336,4,4,1,1,A
2024-08-16 16:00:00,2491.741,2509.027,2491.651,2507.862,26130.0,169.0,0.0,0.0,0,0,1,bullish,0,none,0,0,0,1,0,0,0,1,0,1,1,2,1,2,14.970214285714226,16,4,1,1,A
2024-08-19 04:00:00,2503.199,2505.197,2498.768,2502.992,24465.0,179.0,0.0,0.0,0,0,1,bullish,5,doji,0,0,1,0,0,1,0,1,0,1,2,3,1,3,12.850857142857096,4,0,1,1,A
2024-08-19 12:00:00,2494.415,2505.931,2485.602,2503.934,41605.0,179.0,0.0,0.0,0,0,1,bullish,7,morning_star,0,0,1,0,0,1,1,1,0,1,3,4,1,4,14.415285714285671,12,0,1,1,A
2024-08-19 20:00:00,2505.474,2505.639,2502.044,2503.544,6388.0,179.0,0.0,0.0,0,0,1,bullish,2,bearish_engulfing,0,0,1,0,0,1,0,0,0,1,1,2,1,2,11.858928571428578,20,0,1,1,A
2024-08-20 04:00:00,2501.789,2515.223,2497.283,2514.878,22068.0,179.0,0.0,0.0,0,0,1,bullish,7,morning_star,0,0,1,1,0,0,0,0,0,2,0,2,2,2,12.887642857142867,4,1,1,1,A
2024-08-20 08:00:00,2514.905,2527.171,2514.293,2526.224,29253.0,179.0,0.0,0.0,0,0,1,bullish,0,none,0,0,0,1,0,0,1,1,0,1,2,3,1,3,12.847499999999984,8,1,1,1,A
2024-08-22 08:00:00,2507.104,2509.122,2498.061,2499.444,23918.0,179.0,0.0,0.0,0,0,1,bullish,2,bearish_engulfing,0,0,1,0,1,0,0,1,0,1,2,3,1,3,13.10635714285708,8,3,1,1,A
2024-08-22 12:00:00,2499.481,2504.202,2470.8,2481.794,58533.0,179.0,0.0,2470.8,0,0,1,bullish,0,none,1,0,0,0,0,1,1,1,0,1,3,4,1,4,14.21078571428565,12,3,1,1,A
2024-08-23 04:00:00,2493.153,2495.754,2490.54,2493.384,20401.0,179.0,0.0,0.0,0,0,1,bullish,5,doji,0,0,1,0,0,1,0,0,0,1,1,2,1,2,11.889499999999966,4,4,1,1,A
2024-08-23 16:00:00,2509.884,2513.242,2501.747,2510.772,26803.0,179.0,0.0,0.0,0,0,1,bullish,5,doji,0,0,1,0,0,1,0,1,0,1,2,3,1,3,12.979571428571457,16,4,1,1,A
2024-08-26 08:00:00,2521.412,2526.906,2520.702,2526.533,24233.0,159.0,0.0,0.0,0,0,1,bullish,0,none,0,0,0,1,0,0,0,1,1,1,2,3,1,3,10.72485714285712,8,0,1,1,A
2024-08-26 12:00:00,2526.467,2527.009,2510.578,2515.781,47550.0,159.0,2527.009,0.0,0,0,1,bullish,0,none,1,0,0,0,0,1,1,1,1,1,4,5,1,5,11.108428571428574,12,0,1,1,A
2024-08-26 16:00:00,2515.787,2523.391,2513.518,2518.169,21753.0,159.0,0.0,0.0,0,0,1,bullish,4,inverted_hammer,0,0,1,0,0,1,0,0,1,1,2,3,1,3,9.427785714285717,16,0,1,1,A
2024-08-26 20:00:00,2518.205,2519.095,2515.406,2515.511,5986.0,159.0,0.0,0.0,0,0,1,bullish,2,bearish_engulfing,0,0,1,0,0,1,0,0,1,1,2,3,1,3,9.157428571428552,20,0,1,1,A
2024-08-27 04:00:00,2509.008,2517.561,2504.571,2504.988,26081.0,159.0,0.0,0.0,0,0,1,bullish,6,shooting_star,0,0,1,0,0,1,1,1,1,1,4,5,1,5,9.969571428571433,4,1,1,1,A
2024-08-27 08:00:00,2504.885,2513.745,2503.518,2511.479,26415.0,159.0,0.0,0.0,0,0,1,bullish,1,bullish_engulfing,0,0,1,0,0,1,1,1,0,1,3,4,1,4,10.327642857142857,8,1,1,1,A
2024-08-27 12:00:00,2511.444,2520.38,2503.436,2512.134,48489.0,159.0,0.0,0.0,0,0,1,bullish,5,doji,0,0,1,0,0,1,1,1,0,1,3,4,1,4,10.858571428571427,12,1,1,1,A
2024-08-27 16:00:00,2512.107,2525.938,2509.83,2525.097,23138.0,159.0,0.0,0.0,0,0,1,bullish,0,none,0,0,0,1,0,1,0,1,0,1,2,3,1,3,10.302214285714301,16,1,1,1,A
2024-08-28 12:00:00,2501.445,2510.682,2493.498,2506.141,46322.0,159.0,0.0,2493.498,0,0,1,bullish,0,none,1,0,0,0,0,1,1,1,0,1,3,4,1,4,11.579285714285659,12,2,1,1,A
2024-08-29 08:00:00,2519.125,2524.446,2515.043,2519.883,26119.0,159.0,0.0,0.0,0,0,1,bullish,5,doji,0,0,1,0,0,1,1,1,0,1,3,4,1,4,11.409357142857093,8,3,1,1,A
2024-08-30 08:00:00,2519.356,2526.914,2514.987,2519.523,23815.0,159.0,0.0,0.0,0,0,1,bullish,5,doji,0,0,1,0,0,1,0,0,0,1,1,2,1,2,11.006285714285696,8,4,1,1,A
2024-08-30 12:00:00,2519.485,2524.76,2500.233,2502.501,63710.0,159.0,0.0,0.0,0,0,1,bullish,8,evening_star,0,0,1,0,0,1,1,1,0,1,3,4,1,4,11.835428571428565,12,4,1,1,A
2024-08-30 16:00:00,2502.465,2506.045,2494.086,2502.343,30977.0,159.0,0.0,0.0,0,0,1,bullish,5,doji,0,0,1,0,1,1,1,1,0,1,4,5,1,5,11.922357142857177,16,4,1,1,A
2024-08-30 20:00:00,2502.304,2503.578,2501.834,2503.342,3436.0,159.0,0.0,0.0,0,0,1,bullish,1,bullish_engulfing,0,0,1,0,0,1,0,0,0,1,1,2,1,2,10.819500000000062,20,4,1,1,A
2024-09-02 00:00:00,2502.983,2504.98,2489.977,2496.228,25658.0,159.0,0.0,0.0,0,0,1,bullish,2,bearish_engulfing,0,0,1,0,0,1,1,1,0,1,3,4,1,4,10.724214285714393,0,0,1,1,A
2024-09-02 08:00:00,2498.209,2507.31,2497.082,2499.814,22681.0,159.0,0.0,0.0,0,0,1,bullish,4,inverted_hammer,0,0,1,0,1,1,0,1,0,1,3,4,1,4,10.74792857142867,8,0,1,1,A
2024-09-03 08:00:00,2500.809,2506.247,2484.618,2489.717,31487.0,159.0,0.0,0.0,0,0,1,bullish,8,evening_star,0,0,1,0,0,0,1,1,1,1,3,4,1,4,9.706714285714368,8,1,1,1,A
2024-09-03 12:00:00,2489.663,2502.276,2473.282,2488.353,80811.0,159.0,0.0,0.0,0,0,1,bullish,5,doji,0,0,1,0,0,0,1,1,1,1,3,4,1,4,10.925785714285764,12,1,1,1,A
2024-09-03 16:00:00,2488.33,2494.398,2483.879,2492.015,22593.0,159.0,0.0,0.0,0,0,1,bullish,1,bullish_engulfing,0,0,1,0,0,0,0,0,1,1,1,2,1,2,9.925214285714349,16,1,1,1,A
2024-09-04 04:00:00,2495.058,2496.733,2481.921,2482.177,24345.0,159.0,0.0,0.0,0,0,1,bullish,2,bearish_engulfing,0,0,1,0,0,0,0,1,1,1,2,3,1,3,10.45350000000001,4,2,1,1,A
2024-09-05 08:00:00,2506.408,2518.375,2505.907,2515.198,29381.0,159.0,0.0,0.0,0,0,0,bullish,0,none,0,0,0,1,0,0,1,1,0,1,2,3,1,3,12.422071428571403,8,3,1,1,A
2024-09-06 16:00:00,2505.359,2505.882,2485.055,2495.978,54103.0,159.0,0.0,2485.055,0,0,1,bullish,0,none,1,0,0,0,0,1,1,1,0,1,3,4,1,4,11.447285714285758,16,4,1,1,A
2024-09-08 20:00:00,2497.037,2498.279,2495.487,2496.869,6142.0,159.0,0.0,0.0,0,0,1,bullish,5,doji,0,0,1,0,0,1,0,0,1,1,2,3,1,3,10.094428571428612,20,6,1,1,A
2024-09-10 00:00:00,2506.815,2507.461,2501.37,2502.532,20842.0,159.0,0.0,0.0,0,0,1,bullish,2,bearish_engulfing,0,0,1,0,0,1,0,0,1,1,2,3,1,3,9.245142857142907,0,1,1,1,A
2024-09-10 04:00:00,2502.5,2507.773,2500.736,2502.792,21447.0,159.0,0.0,0.0,0,0,1,bullish,5,doji,0,0,1,0,0,1,0,0,1,1,2,3,1,3,9.360142857142916,4,1,1,1,A
2024-09-11 00:00:00,2518.638,2522.609,2514.94,2519.406,25521.0,159.0,0.0,0.0,0,0,1,bullish,5,doji,0,0,1,0,0,1,0,1,0,1,2,3,1,3,7.984499999999993,0,2,1,1,A
2024-09-11 08:00:00,2521.437,2527.212,2519.783,2522.267,24355.0,159.0,0.0,0.0,0,0,1,bullish,5,doji,0,0,1,0,0,1,0,0,0,1,1,2,1,2,8.652499999999984,8,2,1,1,A
2024-09-11 12:00:00,2522.227,2523.884,2500.844,2514.743,83243.0,159.0,0.0,0.0,0,0,1,bullish,8,evening_star,0,0,1,0,0,1,1,1,0,1,3,4,1,4,9.29542857142857,12,2,1,1,A
2024-09-12 12:00:00,2519.485,2555.229,2518.862,2553.315,86180.0,159.0,0.0,0.0,0,0,1,bullish,0,none,0,0,0,1,0,0,1,1,0,1,2,3,1,3,11.14814285714283,12,3,1,1,A
2024-09-13 00:00:00,2558.419,2570.093,2556.78,2567.853,29530.0,159.0,0.0,0.0,0,0,1,bullish,0,none,0,0,0,1,0,0,1,1,0,1,2,3,1,3,10.927214285714237,0,4,1,1,A
2024-09-13 16:00:00,2582.175,2586.12,2578.6,2582.646,26118.0,159.0,0.0,0.0,0,0,1,bullish,5,doji,0,0,1,1,0,0,0,0,0,2,0,2,2,2,11.902785714285658,16,4,1,1,A
2024-09-16 08:00:00,2582.12,2588.526,2575.285,2582.999,27354.0,159.0,0.0,0.0,0,0,1,bullish,5,doji,0,0,1,0,0,0,0,1,0,1,1,2,1,2,11.385714285714196,8,0,1,1,A
2024-09-17 04:00:00,2577.178,2586.956,2574.524,2583.8,21577.0,159.0,0.0,0.0,0,0,1,bullish,1,bullish_engulfing,0,0,1,0,0,0,0,1,0,1,1,2,1,2,9.000999999999944,4,1,1,1,A
2024-09-18 00:00:00,2574.019,2576.474,2570.016,2575.899,26186.0,159.0,0.0,0.0,0,0,1,bullish,3,hammer,0,0,1,0,0,0,1,1,0,1,2,3,1,3,9.779357142857114,0,2,1,1,A
2024-09-18 12:00:00,2577.447,2578.907,2567.965,2569.701,38407.0,159.0,0.0,0.0,0,0,1,bullish,2,bearish_engulfing,0,0,1,0,0,0,1,1,0,1,2,3,1,3,10.588071428571409,12,2,1,1,A
2024-09-19 00:00:00,2559.239,2566.708,2550.894,2563.959,35528.0,159.0,0.0,0.0,0,0,1,bullish,3,hammer,0,0,1,0,0,1,1,1,0,1,3,4,1,4,14.251571428571424,0,3,1,1,A
2024-09-19 16:00:00,2589.062,2592.612,2585.932,2588.309,24403.0,159.0,0.0,0.0,0,0,1,bullish,5,doji,0,0,1,0,0,1,0,0,0,1,1,2,1,2,16.276142857142855,16,3,1,1,A
2024-09-20 00:00:00,2587.254,2593.705,2584.714,2591.389,23756.0,159.0,0.0,0.0,0,0,1,bullish,1,bullish_engulfing,0,0,1,0,0,1,0,0,0,1,1,2,1,2,14.947642857142844,0,4,1,1,A
2024-09-20 04:00:00,2591.397,2609.797,2591.258,2607.178,28198.0,159.0,0.0,0.0,0,0,1,bullish,0,none,0,0,0,1,0,0,0,1,0,1,1,2,1,2,15.837214285714285,4,4,1,1,A
2024-09-20 08:00:00,2607.158,2615.5,2602.435,2613.736,29481.0,159.0,0.0,0.0,0,0,1,bullish,0,none,0,0,0,1,0,0,0,1,0,1,1,2,1,2,16.309142857142856,8,4,1,1,A
2024-09-20 12:00:00,2613.697,2623.041,2602.533,2622.74,68622.0,159.0,0.0,0.0,0,0,1,bullish,0,none,0,0,0,1,0,0,1,1,0,1,2,3,1,3,17.000428571428593,12,4,1,1,A
2024-09-20 20:00:00,2621.129,2622.509,2619.1,2622.098,3388.0,159.0,0.0,0.0,0,0,1,bullish,3,hammer,0,0,1,1,0,0,0,0,0,2,0,2,2,2,16.113000000000056,20,4,1,1,A
2024-09-23 00:00:00,2620.202,2631.128,2616.029,2628.553,24250.0,159.0,0.0,0.0,0,0,1,bullish,1,bullish_engulfing,0,0,1,1,0,0,0,0,0,2,0,2,2,2,12.612714285714349,0,0,1,1,A
2024-09-23 04:00:00,2628.558,2631.395,2613.799,2615.15,30291.0,159.0,0.0,0.0,0,0,1,bullish,2,bearish_engulfing,0,0,1,0,0,0,0,1,0,1,1,2,1,2,12.740000000000041,4,0,1,1,A
2024-09-24 00:00:00,2626.295,2636.156,2623.745,2634.099,26531.0,159.0,0.0,0.0,0,0,1,bullish,0,none,0,0,0,1,0,0,0,1,0,1,1,2,1,2,11.002785714285794,0,1,1,1,A
2024-09-24 12:00:00,2626.411,2648.504,2623.463,2643.143,60534.0,159.0,0.0,0.0,0,0,1,bullish,7,morning_star,0,0,1,0,0,0,1,1,0,1,2,3,1,3,12.073285714285769,12,1,1,1,A
2024-09-24 16:00:00,2643.153,2664.366,2642.376,2662.892,34484.0,159.0,0.0,0.0,0,0,1,bullish,0,none,0,0,0,1,0,0,1,1,0,1,2,3,1,3,12.179142857142876,16,1,1,1,A
2024-09-25 04:00:00,2661.485,2661.723,2651.321,2657.019,31427.0,159.0,0.0,0.0,0,0,1,bullish,2,bearish_engulfing,0,0,1,0,0,0,1,0,0,1,1,2,1,2,13.543785714285702,4,2,1,1,A
2024-09-25 12:00:00,2657.38,2667.448,2654.178,2657.678,57701.0,159.0,0.0,0.0,0,0,1,bullish,5,doji,0,0,1,0,0,0,1,1,0,1,2,3,1,3,12.576499999999994,12,2,1,1,A
2024-09-27 00:00:00,2672.61,2673.976,2666.19,2673.629,27896.0,159.0,0.0,0.0,0,0,1,bullish,3,hammer,0,0,1,0,0,0,0,1,0,1,1,2,1,2,11.601285714285723,0,4,1,1,A
2024-09-27 04:00:00,2673.649,2673.944,2660.89,2664.748,35685.0,159.0,0.0,0.0,0,0,1,bullish,2,bearish_engulfing,0,0,1,0,0,0,1,1,0,1,2,3,1,3,12.010142857142878,4,4,1,1,A
2024-09-30 00:00:00,2663.58,2666.069,2647.264,2653.617,37878.0,159.0,0.0,0.0,0,0,1,bullish,2,bearish_engulfing,0,0,1,0,0,0,1,1,0,1,2,3,1,3,13.887928571428606,0,0,1,1,A
2024-09-30 04:00:00,2653.573,2660.619,2650.654,2650.985,27597.0,159.0,0.0,0.0,0,0,1,bullish,6,shooting_star,0,0,1,0,1,0,0,0,0,1,1,2,1,2,14.081428571428628,4,0,1,1,A
2024-09-30 16:00:00,2633.874,2641.893,2624.679,2630.922,37848.0,159.0,0.0,2624.679,0,0,1,bullish,0,none,1,0,0,0,0,1,1,1,0,1,3,4,1,4,13.751500000000046,16,0,1,1,A
2024-09-30 20:00:00,2630.963,2636.263,2630.714,2635.634,7908.0,159.0,0.0,0.0,0,0,1,bullish,7,morning_star,0,0,1,0,0,1,0,0,0,1,1,2,1,2,13.07700000000003,20,0,1,1,A
2024-10-01 20:00:00,2658.73,2664.009,2657.837,2660.361,8018.0,159.0,0.0,0.0,0,0,1,bullish,4,inverted_hammer,0,0,1,0,0,1,0,0,0,1,1,2,1,2,12.620285714285696,20,1,1,1,A
2024-10-02 00:00:00,2660.39,2662.081,2655.079,2655.376,21212.0,159.0,0.0,0.0,0,0,1,bullish,2,bearish_engulfing,0,0,1,0,0,1,0,0,0,1,1,2,1,2,12.488499999999997,0,2,1,1,A
2024-10-02 08:00:00,2655.482,2655.841,2647.941,2649.577,25839.0,159.0,0.0,0.0,0,0,1,bullish,2,bearish_engulfing,0,0,1,0,1,1,0,1,0,1,3,4,1,4,12.063714285714306,8,2,1,1,A
2024-10-02 12:00:00,2649.619,2663.362,2641.038,2649.89,61714.0,159.0,0.0,0.0,0,0,1,bullish,5,doji,0,0,1,0,1,1,1,1,0,1,4,5,1,5,12.946500000000015,12,2,1,1,A
2024-10-03 00:00:00,2660.299,2662.968,2653.273,2656.001,21759.0,159.0,0.0,0.0,0,0,1,bullish,8,evening_star,0,0,1,0,0,1,0,0,0,1,1,2,1,2,10.776285714285677,0,3,1,1,A
2024-10-03 12:00:00,2647.984,2654.651,2638.058,2648.798,70579.0,159.0,0.0,0.0,0,0,1,bullish,5,doji,0,0,1,0,1,1,1,1,0,1,4,5,1,5,11.99164285714281,12,3,1,1,A
2024-10-04 00:00:00,2655.8,2663.591,2655.452,2661.137,18839.0,159.0,0.0,0.0,0,0,1,bullish,1,bullish_engulfing,0,0,1,0,0,1,0,0,0,1,1,2,1,2,10.30085714285711,0,4,1,1,A
2024-10-06 20:00:00,2651.575,2652.397,2649.675,2650.128,6826.0,159.0,0.0,0.0,0,0,1,bullish,8,evening_star,0,0,1,0,1,1,0,0,0,1,2,3,1,3,10.713857142857055,20,6,1,1,A
2024-10-07 04:00:00,2647.399,2652.832,2639.587,2651.974,25483.0,159.0,0.0,0.0,0,0,1,bullish,1,bullish_engulfing,0,0,1,0,0,1,0,1,0,1,2,3,1,3,11.335642857142798,4,0,1,1,A
2024-10-07 12:00:00,2656.949,2659.206,2637.728,2645.728,62701.0,159.0,0.0,0.0,0,0,1,bullish,2,bearish_engulfing,0,0,1,0,0,1,1,1,0,1,3,4,1,4,11.934857142857059,12,0,1,1,A
2024-10-08 00:00:00,2642.962,2648.283,2633.723,2642.99,45169.0,159.0,0.0,0.0,0,0,1,bullish,5,doji,0,0,1,0,0,1,1,1,0,1,3,4,1,4,11.727714285714162,0,1,1,1,A
2024-10-08 04:00:00,2642.934,2646.429,2631.088,2633.951,34033.0,159.0,0.0,0.0,0,0,1,bullish,0,none,0,0,0,1,0,1,1,1,0,1,3,4,1,4,12.24214285714275,4,1,1,1,A
2024-10-10 00:00:00,2608.438,2616.9,2605.904,2611.762,27941.0,159.0,0.0,0.0,0,0,0,bullish,1,bullish_engulfing,0,0,1,0,0,0,0,1,0,1,1,2,1,2,15.027071428571357,0,3,1,1,A
2024-10-14 00:00:00,2648.131,2657.455,2643.075,2655.553,30705.0,159.0,0.0,0.0,0,0,0,bullish,7,morning_star,0,0,1,0,0,0,1,1,0,1,2,3,1,3,11.514428571428587,0,0,1,1,A
2024-10-14 04:00:00,2655.554,2666.838,2655.194,2660.395,26000.0,159.0,2666.838,0.0,0,0,0,bullish,0,none,1,0,0,0,0,1,0,1,0,1,2,3,1,3,11.560714285714312,4,0,1,1,A
2024-10-14 08:00:00,2660.396,2663.032,2650.987,2652.184,24412.0,159.0,0.0,0.0,0,0,0,bullish,2,bearish_engulfing,0,0,1,0,0,1,0,1,0,1,2,3,1,3,11.926214285714325,8,0,1,1,A
2024-10-15 04:00:00,2645.743,2653.947,2637.975,2650.758,30739.0,159.0,0.0,2637.975,0,0,0,bullish,0,none,1,0,0,0,1,1,1,1,0,1,4,5,1,5,10.7406428571429,4,1,1,1,A
2024-10-15 08:00:00,2650.74,2656.811,2645.532,2647.73,27022.0,159.0,0.0,0.0,0,0,0,bullish,6,shooting_star,0,0,1,0,0,1,0,1,0,1,2,3,1,3,10.891142857142897,8,1,1,1,A
2024-10-16 04:00:00,2667.12,2677.704,2665.592,2676.115,30658.0,159.0,0.0,0.0,0,0,0,bullish,0,none,0,0,0,1,0,1,1,1,0,1,3,4,1,4,11.426285714285703,4,2,1,1,A
2024-10-17 00:00:00,2674.122,2684.943,2674.069,2676.61,30714.0,159.0,0.0,0.0,0,0,0,bullish,4,inverted_hammer,0,0,1,0,0,1,1,1,0,1,3,4,1,4,10.598285714285696,0,3,1,1,A
2024-10-17 04:00:00,2676.654,2685.756,2676.399,2681.953,31900.0,159.0,0.0,0.0,0,0,0,bullish,0,none,0,0,0,1,0,1,1,1,0,1,3,4,1,4,10.751642857142835,4,3,1,1,A
2024-10-17 08:00:00,2681.981,2688.858,2676.949,2681.298,26168.0,159.0,0.0,0.0,0,0,0,bullish,5,doji,0,0,1,0,0,1,0,0,0,1,1,2,1,2,11.005571428571427,8,3,1,1,A
2024-10-17 20:00:00,2692.006,2694.383,2690.967,2693.706,6026.0,160.0,0.0,0.0,0,0,0,bullish,7,morning_star,0,0,1,1,0,0,0,0,0,2,0,2,2,2,10.359357142857139,20,3,1,1,A
2024-10-18 00:00:00,2693.669,2711.964,2692.768,2709.959,35069.0,159.0,0.0,0.0,0,0,0,bullish,0,none,0,0,0,1,0,0,1,1,1,1,3,4,1,4,11.0515,0,4,1,1,A
2024-10-18 16:00:00,2714.846,2721.281,2713.576,2719.624,24986.0,159.0,0.0,0.0,0,0,0,bullish,0,none,0,0,0,1,0,0,0,0,1,1,1,2,1,2,11.773285714285748,16,4,1,1,A
2024-10-18 20:00:00,2719.665,2722.633,2719.181,2721.778,3655.0,159.0,0.0,0.0,0,0,0,bullish,0,none,0,0,0,1,0,0,0,0,1,1,1,2,1,2,10.744642857142903,20,4,1,1,A
2024-10-21 00:00:00,2723.457,2732.826,2721.04,2731.512,40036.0,159.0,0.0,0.0,0,0,0,bullish,0,none,0,0,0,1,0,0,1,1,1,1,3,4,1,4,11.0861428571429,0,0,1,1,A
2024-10-21 04:00:00,2731.514,2732.453,2723.554,2730.312,27613.0,159.0,0.0,0.0,0,0,0,bullish,0,none,0,0,0,1,0,0,0,1,1,1,2,3,1,3,10.945071428571444,4,0,1,1,A
2024-10-21 08:00:00,2730.322,2738.128,2727.748,2734.419,31393.0,159.0,0.0,0.0,0,0,0,bullish,0,none,0,0,0,1,0,0,1,1,0,1,2,3,1,3,11.018142857142882,8,0,1,1,A
2024-10-21 12:00:00,2734.458,2740.552,2716.833,2720.119,75067.0,159.0,0.0,0.0,0,0,0,bullish,2,bearish_engulfing,0,0,1,0,0,0,1,1,0,1,2,3,1,3,11.861714285714308,12,0,1,1,A
2024-10-21 16:00:00,2720.093,2725.631,2714.204,2719.854,29208.0,159.0,0.0,0.0,0,0,0,bullish,5,doji,0,0,1,0,0,0,0,1,0,1,1,2,1,2,10.988214285714289,16,0,1,1,A
2024-10-22 12:00:00,2732.01,2744.206,2731.501,2737.562,54783.0,159.0,0.0,0.0,0,0,0,bullish,7,morning_star,0,0,1,0,0,0,1,1,0,1,2,3,1,3,10.33628571428572,12,1,1,1,A
2024-10-22 16:00:00,2737.521,2748.908,2737.117,2748.306,26118.0,159.0,0.0,0.0,0,0,0,bullish,0,none,0,0,0,1,1,0,0,0,0,1,1,2,1,2,10.090357142857101,16,1,1,1,A
2024-10-23 00:00:00,2746.557,2747.248,2737.839,2746.071,27054.0,159.0,0.0,0.0,0,0,0,bullish,0,none,0,0,0,1,0,0,0,1,0,1,1,2,1,2,10.182571428571398,0,2,1,1,A
2024-10-23 12:00:00,2749.932,2750.484,2708.63,2721.726,87073.0,159.0,0.0,2708.63,0,0,1,bullish,0,none,1,0,0,0,0,1,1,1,0,1,3,4,1,4,12.744142857142801,12,2,1,1,A
2024-10-25 04:00:00,2726.078,2732.567,2723.863,2726.379,26097.0,159.0,0.0,0.0,0,0,1,bullish,5,doji,0,0,1,0,0,1,0,1,0,1,2,3,1,3,12.592499999999973,4,4,1,1,A
2024-10-25 12:00:00,2724.208,2742.028,2723.205,2737.131,49425.0,159.0,0.0,0.0,0,0,1,bullish,7,morning_star,0,0,1,0,0,1,1,1,0,1,3,4,1,4,13.418357142857108,12,4,1,1,A
2024-10-25 20:00:00,2742.561,2747.774,2742.469,2747.023,4207.0,159.0,2747.774,0.0,0,0,1,bullish,0,none,1,0,0,0,0,1,0,0,0,1,1,2,1,2,10.935571428571393,20,4,1,1,A
2024-10-28 04:00:00,2729.681,2744.51,2729.093,2738.919,26072.0,159.0,0.0,0.0,0,0,1,bullish,1,bullish_engulfing,0,0,1,0,0,1,0,1,0,1,2,3,1,3,12.061285714285694,4,0,1,1,A
2024-10-28 12:00:00,2732.312,2745.917,2731.171,2740.704,44118.0,159.0,0.0,0.0,0,0,1,bullish,1,bullish_engulfing,0,0,1,0,0,1,1,1,0,1,3,4,1,4,12.516857142857102,12,0,1,1,A
2024-10-28 20:00:00,2742.464,2744.427,2739.774,2744.427,7495.0,159.0,0.0,0.0,0,0,1,bullish,0,none,0,0,0,1,0,1,0,0,0,1,1,2,1,2,10.859857142857143,20,0,1,1,A
2024-10-29 04:00:00,2751.681,2756.866,2748.898,2752.459,24965.0,159.0,0.0,0.0,0,0,1,bullish,5,doji,0,0,1,0,1,1,0,0,0,1,2,3,1,3,11.444714285714294,4,1,1,1,A
2024-10-29 08:00:00,2752.499,2756.639,2746.19,2751.804,31163.0,159.0,0.0,0.0,0,0,1,bullish,5,doji,0,0,1,0,1,1,1,1,0,1,4,5,1,5,11.569357142857143,8,1,1,1,A
2024-10-29 12:00:00,2751.806,2771.699,2748.142,2764.241,58328.0,159.0,0.0,0.0,0,0,1,bullish,7,morning_star,0,0,1,0,0,0,1,1,0,1,2,3,1,3,12.36392857142859,12,1,1,1,A
2024-10-29 16:00:00,2764.219,2774.752,2764.065,2772.196,28746.0,159.0,0.0,0.0,0,0,1,bullish,0,none,0,0,0,1,0,0,1,1,0,1,2,3,1,3,11.782785714285735,16,1,1,1,A
2024-10-30 00:00:00,2774.943,2782.15,2774.778,2778.924,26982.0,159.0,0.0,0.0,0,0,1,bullish,0,none,0,0,0,1,0,0,1,0,0,1,1,2,1,2,11.388714285714352,0,2,1,1,A
2024-10-30 12:00:00,2778.556,2787.509,2770.83,2784.634,65940.0,159.0,0.0,0.0,0,0,1,bullish,1,bullish_engulfing,0,0,1,0,0,0,1,1,0,1,2,3,1,3,10.932571428571464,12,2,1,1,A
2024-10-31 12:00:00,2779.414,2781.941,2731.515,2740.576,81816.0,159.0,0.0,2731.515,0,0,1,bullish,0,none,1,0,0,0,0,1,1,1,0,1,3,4,1,4,12.77635714285712,12,3,1,1,A
2024-10-31 20:00:00,2746.466,2748.168,2743.269,2746.691,9603.0,159.0,0.0,0.0,0,0,1,bullish,5,doji,0,0,1,0,0,1,0,0,0,1,1,2,1,2,11.536071428571404,20,3,1,1,A
2024-11-01 08:00:00,2749.627,2755.48,2744.818,2752.873,27169.0,159.0,0.0,0.0,0,0,1,bullish,1,bullish_engulfing,0,0,1,0,0,1,0,1,0,1,2,3,1,3,12.015142857142791,8,4,1,1,A
2024-11-01 12:00:00,2752.899,2762.275,2739.674,2744.72,74642.0,159.0,0.0,0.0,0,0,1,bullish,2,bearish_engulfing,0,0,1,0,0,1,1,1,0,1,3,4,1,4,12.74271428571423,12,4,1,1,A
2024-11-01 16:00:00,2744.706,2746.215,2733.128,2734.121,30977.0,159.0,0.0,0.0,0,0,1,bullish,0,none,0,0,0,1,0,1,0,1,0,1,2,3,1,3,13.085714285714241,16,4,1,1,A
2024-11-04 12:00:00,2740.546,2748.215,2737.633,2738.53,44845.0,159.0,0.0,0.0,0,0,1,bullish,6,shooting_star,0,0,1,0,0,1,1,1,0,1,3,4,1,4,13.091928571428591,12,0,1,1,A
2024-11-05 16:00:00,2742.001,2744.579,2736.343,2740.513,26419.0,159.0,0.0,0.0,0,0,1,bullish,2,bearish_engulfing,0,0,1,0,0,1,0,0,0,1,1,2,1,2,9.695642857142925,16,1,1,1,A
2024-11-06 00:00:00,2745.681,2749.681,2730.607,2734.08,62672.0,159.0,0.0,0.0,0,0,1,bullish,8,evening_star,0,0,1,0,0,0,1,1,0,1,2,3,1,3,10.357428571428597,0,2,1,1,A
2024-11-06 08:00:00,2725.87,2733.812,2696.018,2699.272,54365.0,159.0,0.0,0.0,0,0,1,bullish,0,none,0,0,0,1,1,0,1,1,0,1,3,4,1,4,15.025928571428624,8,2,1,1,A
2024-11-07 08:00:00,2663.349,2668.432,2657.381,2666.158,30396.0,159.0,0.0,0.0,0,0,0,bullish,3,hammer,0,0,1,0,0,1,0,0,0,1,1,2,1,2,20.155642857142862,8,3,1,1,A
2024-11-08 00:00:00,2706.87,2710.418,2694.034,2695.113,31564.0,159.0,2710.418,0.0,0,0,0,bullish,0,none,1,0,0,0,0,1,0,1,0,1,2,3,1,3,22.631428571428582,0,4,1,1,A
2024-11-08 12:00:00,2691.937,2704.061,2683.379,2687.552,60409.0,159.0,0.0,0.0,0,0,0,bullish,6,shooting_star,0,0,1,0,0,1,1,1,0,1,3,4,1,4,21.312642857142887,12,4,1,1,A
2024-11-08 16:00:00,2687.503,2689.283,2682.813,2687.057,32077.0,159.0,0.0,0.0,0,0,0,bullish,5,doji,0,0,1,0,0,1,0,1,0,1,2,3,1,3,19.07521428571431,16,4,1,1,A
2024-11-11 00:00:00,2685.638,2686.141,2666.444,2670.269,32817.0,159.0,0.0,0.0,0,0,0,bullish,2,bearish_engulfing,0,0,1,0,0,1,0,1,0,1,2,3,1,3,15.375285714285772,0,0,1,1,A
2024-11-11 04:00:00,2670.272,2674.285,2666.941,2669.561,26227.0,159.0,0.0,0.0,0,0,0,bullish,5,doji,0,0,1,0,0,1,0,0,0,1,1,2,1,2,14.3960714285715,4,0,1,1,A
2024-11-11 12:00:00,2662.672,2663.232,2613.39,2614.599,75285.0,159.0,0.0,0.0,0,0,0,bullish,0,none,0,0,0,1,0,0,1,1,0,1,2,3,1,3,17.284500000000076,12,0,1,1,A
2024-11-12 04:00:00,2618.875,2619.084,2595.148,2598.273,43170.0,159.0,0.0,0.0,0,0,0,bullish,0,none,0,0,0,1,1,0,1,1,0,1,3,4,1,4,14.919785714285679,4,1,1,1,A
2024-11-12 12:00:00,2597.82,2617.068,2597.387,2598.437,68181.0,159.0,0.0,0.0,0,0,0,bullish,1,bullish_engulfing,0,0,1,0,1,0,1,1,0,1,3,4,1,4,15.451714285714258,12,1,1,1,A
2024-11-12 16:00:00,2598.479,2604.206,2592.43,2598.191,36838.0,159.0,0.0,0.0,0,0,0,bullish,5,doji,0,0,1,0,1,0,1,1,0,1,3,4,1,4,14.815571428571404,16,1,1,1,A
2024-11-12 20:00:00,2598.166,2601.39,2595.103,2598.955,11794.0,159.0,0.0,0.0,0,0,0,bullish,1,bullish_engulfing,0,0,1,0,1,0,0,0,0,1,1,2,1,2,14.802499999999977,20,1,1,1,A
2024-11-13 16:00:00,2605.341,2605.975,2577.507,2581.004,48361.0,159.0,0.0,0.0,0,0,0,bullish,0,none,0,0,0,1,0,1,1,1,0,1,3,4,1,4,17.32849999999998,16,2,0,0,A
2024-11-14 00:00:00,2571.012,2574.782,2558.875,2560.708,34198.0,159.0,0.0,0.0,0,0,0,bullish,0,none,0,0,0,1,0,0,0,1,0,1,1,2,1,2,15.050714285714255,0,3,0,0,A
2024-11-14 12:00:00,2553.621,2572.956,2550.063,2570.179,71276.0,159.0,0.0,0.0,0,0,0,bullish,7,morning_star,0,0,1,0,0,1,1,1,0,1,3,4,1,4,16.583500000000022,12,3,0,0,A
2024-11-14 20:00:00,2575.981,2576.538,2563.866,2566.899,23469.0,159.0,0.0,0.0,0,0,0,bullish,2,bearish_engulfing,0,0,1,0,0,1,0,0,0,1,1,2,1,2,15.61421428571433,20,3,0,0,A
2024-11-15 00:00:00,2566.888,2571.677,2563.027,2567.756,25411.0,159.0,0.0,0.0,0,0,0,bullish,5,doji,0,0,1,0,0,1,0,0,0,1,1,2,1,2,15.390928571428601,0,4,0,0,A
2024-11-15 08:00:00,2563.692,2573.393,2560.873,2570.781,33453.0,159.0,0.0,0.0,0,0,0,bullish,1,bullish_engulfing,0,0,1,0,0,1,0,1,0,1,2,3,1,3,15.822500000000057,8,4,0,0,A
2024-11-15 12:00:00,2570.803,2576.067,2561.217,2570.733,72661.0,159.0,0.0,0.0,0,0,0,bullish,5,doji,0,0,1,0,0,1,1,1,0,1,3,4,1,4,16.24642857142859,12,4,0,0,A
2024-11-17 20:00:00,2568.027,2575.523,2568.027,2571.477,5706.0,159.0,0.0,0.0,0,0,0,bullish,7,morning_star,0,0,1,0,0,1,0,0,0,1,1,2,1,2,13.82964285714294,20,6,0,0,A
2024-11-18 08:00:00,2582.796,2597.284,2582.015,2594.417,34587.0,159.0,0.0,0.0,0,0,0,bullish,1,bullish_engulfing,0,0,1,0,0,1,0,1,0,1,2,3,1,3,14.731571428571572,8,0,0,0,A
2024-11-19 00:00:00,2612.731,2625.582,2611.056,2624.435,28347.0,159.0,0.0,0.0,0,0,0,bullish,0,none,0,0,0,1,0,0,0,1,0,1,1,2,1,2,13.392000000000085,0,1,0,0,A
2024-11-19 08:00:00,2619.021,2636.476,2618.674,2629.639,40579.0,159.0,0.0,0.0,0,0,0,bullish,1,bullish_engulfing,0,0,1,0,0,0,1,1,0,1,2,3,1,3,13.602500000000061,8,1,0,0,A
2024-11-19 12:00:00,2629.667,2639.473,2620.88,2624.443,62933.0,159.0,0.0,0.0,0,0,0,bullish,6,shooting_star,0,0,1,0,0,0,1,1,0,1,2,3,1,3,14.036285714285766,12,1,0,0,A
2024-11-19 16:00:00,2624.478,2633.144,2622.295,2630.665,30926.0,159.0,0.0,0.0,0,0,0,bullish,7,morning_star,0,0,1,0,0,0,0,1,0,1,1,2,1,2,13.750500000000036,16,1,0,0,A
2024-11-20 04:00:00,2638.012,2638.805,2621.232,2621.591,27486.0,159.0,0.0,0.0,0,0,0,bullish,2,bearish_engulfing,0,0,1,0,0,0,0,1,0,1,1,2,1,2,13.703714285714243,4,2,0,0,A
2024-11-20 12:00:00,2628.123,2648.932,2627.065,2648.81,45080.0,159.0,0.0,0.0,0,0,0,bullish,0,none,0,0,0,1,1,0,1,1,0,1,3,4,1,4,13.047785714285608,12,2,0,0,A
2024-11-20 20:00:00,2650.841,2652.936,2647.27,2652.124,13102.0,159.0,0.0,0.0,0,0,0,bullish,3,hammer,0,0,1,1,0,0,0,0,0,2,0,2,2,2,11.43957142857133,20,2,0,0,A
2024-11-21 08:00:00,2663.06,2673.522,2662.009,2671.448,30291.0,159.0,0.0,0.0,0,0,0,bullish,0,none,0,0,0,1,0,0,1,1,0,1,2,3,1,3,11.765214285714203,8,3,0,0,A
2024-11-21 16:00:00,2667.674,2673.516,2661.298,2669.684,35138.0,159.0,0.0,0.0,0,0,0,bullish,0,none,0,0,0,1,0,0,1,1,0,1,2,3,1,3,11.546214285714216,16,3,0,0,A
2024-11-22 00:00:00,2669.127,2690.519,2668.844,2686.153,30083.0,159.0,0.0,0.0,0,0,0,bullish,1,bullish_engulfing,0,0,1,0,0,0,1,1,0,1,2,3,1,3,11.266285714285655,0,4,0,0,A
2024-11-22 04:00:00,2686.186,2698.953,2682.966,2696.457,31167.0,159.0,0.0,0.0,0,0,0,bullish,0,none,0,0,0,1,0,0,1,1,0,1,2,3,1,3,12.041142857142827,4,4,0,0,A
2024-11-22 12:00:00,2698.826,2705.073,2684.404,2703.716,64487.0,159.0,0.0,0.0,0,0,0,bullish,3,hammer,0,0,1,0,0,0,1,1,0,1,2,3,1,3,12.934571428571385,12,4,0,0,A
2024-11-22 16:00:00,2703.741,2711.459,2700.807,2708.221,31759.0,159.0,0.0,0.0,0,0,0,bullish,0,none,0,0,0,1,0,0,0,1,0,1,1,2,1,2,13.031285714285689,16,4,0,0,A
2024-11-25 00:00:00,2719.73,2720.143,2658.997,2672.236,68043.0,159.0,0.0,0.0,0,0,1,bullish,8,evening_star,0,0,1,0,0,0,1,1,0,1,2,3,1,3,16.2312857142857,0,0,0,0,A
2024-11-25 12:00:00,2686.806,2687.863,2626.261,2628.404,96991.0,159.0,0.0,0.0,0,0,1,bullish,2,bearish_engulfing,0,0,1,0,0,0,1,1,0,1,2,3,1,3,21.208642857142845,12,0,0,0,A
2024-11-25 16:00:00,2628.435,2639.392,2615.519,2625.804,46679.0,159.0,0.0,0.0,0,0,1,bullish,5,doji,0,0,1,0,0,0,1,1,0,1,2,3,1,3,22.09707142857142,16,0,0,0,A
2024-11-26 20:00:00,2628.065,2634.138,2627.429,2632.254,12185.0,159.0,0.0,0.0,0,0,1,bullish,7,morning_star,0,0,1,0,0,1,0,0,0,1,1,2,1,2,24.325214285714278,20,1,0,0,A
2024-11-28 00:00:00,2637.063,2638.432,2620.844,2630.275,35999.0,159.0,0.0,2620.844,0,0,1,bullish,0,none,1,0,0,0,0,1,0,1,0,1,2,3,1,3,16.044357142857184,0,3,0,0,A
2024-11-28 04:00:00,2630.286,2639.582,2629.304,2637.344,22459.0,159.0,0.0,0.0,0,0,1,bullish,7,morning_star,0,0,1,0,0,1,0,0,0,1,1,2,1,2,15.090857142857171,4,3,0,0,A
2024-11-28 20:00:00,2638.68,2639.268,2637.144,2638.769,2370.0,159.0,0.0,0.0,0,0,1,bullish,5,doji,0,0,1,0,0,1,0,0,0,1,1,2,1,2,11.06978571428577,20,3,0,0,A
2024-11-29 00:00:00,2638.726,2662.802,2633.969,2660.047,34686.0,159.0,0.0,0.0,0,0,1,bullish,0,none,0,0,0,1,0,1,1,1,0,1,3,4,1,4,12.273071428571484,0,4,0,0,A
2024-11-29 08:00:00,2660.557,2665.917,2654.471,2659.61,27717.0,159.0,0.0,0.0,0,0,1,bullish,2,bearish_engulfing,0,0,1,0,0,1,0,1,0,1,2,3,1,3,12.225000000000039,8,4,0,0,A
2024-11-29 12:00:00,2659.653,2664.969,2650.537,2658.946,45765.0,159.0,0.0,0.0,0,0,1,bullish,5,doji,0,0,1,0,0,1,1,1,0,1,3,4,1,4,12.402428571428604,12,4,0,0,A
2024-12-02 12:00:00,2641.837,2651.794,2637.048,2642.318,56305.0,159.0,0.0,0.0,0,0,1,bullish,5,doji,0,0,1,0,0,1,1,1,0,1,3,4,1,4,13.384357142857166,12,0,0,0,A
2024-12-02 16:00:00,2642.359,2644.372,2633.546,2637.611,32859.0,159.0,0.0,0.0,0,0,1,bullish,2,bearish_engulfing,0,0,1,0,0,1,1,1,0,1,3,4,1,4,13.15721428571432,16,0,0,0,A
2024-12-03 08:00:00,2644.597,2648.055,2639.169,2643.663,31270.0,159.0,0.0,0.0,0,0,1,bullish,5,doji,0,0,1,0,0,1,1,1,0,1,3,4,1,4,12.662571428571416,8,1,0,0,A
2024-12-04 04:00:00,2644.48,2651.403,2640.319,2641.412,24310.0,159.0,0.0,0.0,0,0,1,bullish,6,shooting_star,0,0,1,0,0,1,0,0,0,1,1,2,1,2,12.865285714285685,4,2,0,0,A
2024-12-04 08:00:00,2641.321,2647.678,2636.59,2646.168,29567.0,159.0,0.0,0.0,0,0,1,bullish,1,bullish_engulfing,0,0,1,0,0,1,0,1,0,1,2,3,1,3,11.887642857142803,8,2,0,0,A
2024-12-04 12:00:00,2646.203,2657.147,2632.33,2655.037,62423.0,159.0,2657.147,0.0,0,0,1,bullish,0,none,1,0,0,0,0,1,1,1,0,1,3,4,1,4,12.816714285714236,12,2,0,0,A
2024-12-05 04:00:00,2648.866,2655.518,2645.325,2648.575,25354.0,159.0,0.0,0.0,0,0,1,bullish,5,doji,0,0,1,0,1,1,0,1,0,1,3,4,1,4,11.003714285714295,4,3,0,0,A
2024-12-05 08:00:00,2648.622,2652.714,2641.821,2651.307,25220.0,159.0,0.0,0.0,0,0,1,bullish,3,hammer,0,0,1,0,1,1,0,0,0,1,2,3,1,3,10.975214285714303,8,3,0,0,A
2024-12-05 12:00:00,2651.351,2654.517,2631.775,2640.254,52114.0,159.0,0.0,0.0,0,0,1,bullish,2,bearish_engulfing,0,0,1,0,0,1,1,1,0,1,3,4,1,4,11.672071428571437,12,3,0,0,A
2024-12-06 08:00:00,2639.655,2645.733,2632.344,2638.48,26424.0,159.0,0.0,0.0,0,0,0,bullish,5,doji,0,0,1,0,0,1,0,0,0,1,1,2,1,2,13.40971428571431,8,4,0,0,A
2024-12-06 12:00:00,2638.394,2643.536,2624.011,2637.53,79083.0,159.0,0.0,0.0,0,0,0,bullish,5,doji,0,0,1,0,0,1,1,1,0,1,3,4,1,4,14.012642857142898,12,4,0,0,A
2024-12-09 00:00:00,2640.064,2650.607,2627.461,2638.889,41955.0,159.0,0.0,0.0,0,0,0,bullish,5,doji,0,0,1,0,0,1,1,1,1,1,4,5,1,5,14.31628571428577,0,0,0,0,A
2024-12-09 04:00:00,2638.842,2651.245,2634.553,2650.49,29849.0,159.0,0.0,0.0,0,0,0,bullish,1,bullish_engulfing,0,0,1,0,1,1,0,1,1,1,4,5,1,5,15.06985714285718,4,0,0,0,A
2024-12-09 20:00:00,2660.205,2661.677,2656.649,2660.449,11439.0,159.0,0.0,0.0,0,0,0,bullish,5,doji,0,0,1,0,0,0,0,0,1,1,1,2,1,2,14.38378571428575,20,0,0,0,A
2024-12-11 00:00:00,2695.91,2704.348,2692.279,2695.704,49438.0,159.0,0.0,0.0,0,0,0,bullish,5,doji,0,0,1,0,0,0,1,1,0,1,2,3,1,3,14.242499999999998,0,2,1,1,A
2024-12-11 08:00:00,2690.435,2699.761,2686.211,2696.439,17749.0,145.0,0.0,0.0,0,0,0,bullish,1,bullish_engulfing,0,0,1,0,0,0,0,0,1,1,1,2,1,2,14.057714285714317,8,2,1,1,A
2024-12-11 20:00:00,2718.147,2720.433,2716.047,2719.922,6701.0,159.0,0.0,0.0,0,0,0,bullish,0,none,0,0,0,1,0,0,0,0,1,1,1,2,1,2,13.016357142857162,20,2,1,1,A
2024-12-13 00:00:00,2680.617,2692.778,2678.871,2688.122,12462.0,159.0,0.0,0.0,0,0,1,bullish,1,bullish_engulfing,0,0,1,0,0,0,0,1,1,1,2,3,1,3,14.939785714285724,0,4,1,1,A
2024-12-16 04:00:00,2653.874,2655.868,2649.545,2653.689,10611.0,159.0,0.0,0.0,0,0,1,bullish,5,doji,0,0,1,0,0,1,0,0,0,1,1,2,1,2,12.793785714285766,4,0,1,1,A
2024-12-16 08:00:00,2653.536,2664.168,2652.31,2663.542,24263.0,80.0,0.0,0.0,0,0,1,bullish,1,bullish_engulfing,0,0,1,0,0,1,1,1,1,1,4,5,1,5,12.876500000000046,8,0,1,1,A
2024-12-17 00:00:00,2651.762,2658.625,2651.122,2653.616,21623.0,159.0,0.0,0.0,0,0,1,bullish,4,inverted_hammer,0,0,1,0,0,1,1,1,0,1,3,4,1,4,10.539428571428614,0,1,1,1,A
2024-12-17 04:00:00,2653.578,2657.093,2646.417,2653.753,23165.0,159.0,0.0,0.0,0,0,1,bullish,5,doji,0,0,1,0,0,1,1,1,0,1,3,4,1,4,10.308642857142916,4,1,1,1,A
2024-12-17 08:00:00,2653.727,2653.741,2636.207,2642.187,34978.0,159.0,0.0,0.0,0,0,1,bullish,8,evening_star,0,0,1,0,0,0,1,1,0,1,2,3,1,3,10.88935714285721,8,1,1,1,A
2024-12-17 16:00:00,2640.241,2649.079,2636.617,2645.385,24355.0,159.0,0.0,0.0,0,0,1,bullish,7,morning_star,0,0,1,0,0,0,1,1,0,1,2,3,1,3,10.01442857142862,16,1,1,1,A
2024-12-18 00:00:00,2647.365,2651.737,2645.208,2645.669,20935.0,159.0,0.0,0.0,0,0,1,bullish,6,shooting_star,0,0,1,0,0,0,1,0,0,1,1,2,1,2,9.38664285714289,0,2,1,1,A
2024-12-18 08:00:00,2644.585,2649.734,2642.074,2646.096,21461.0,159.0,0.0,0.0,0,0,1,bullish,1,bullish_engulfing,0,0,1,0,0,0,1,1,0,1,2,3,1,3,9.221071428571447,8,2,1,1,A
2024-12-18 12:00:00,2646.106,2647.716,2633.694,2638.145,33584.0,159.0,0.0,0.0,0,0,1,bullish,2,bearish_engulfing,0,0,1,0,0,0,1,1,0,1,2,3,1,3,9.771000000000024,12,2,1,1,A
2024-12-18 16:00:00,2638.109,2639.991,2604.02,2604.543,48181.0,159.0,0.0,0.0,0,0,1,bullish,0,none,0,0,0,1,0,0,1,1,0,1,2,3,1,3,11.493357142857153,16,2,1,1,A
2024-12-19 00:00:00,2588.256,2618.16,2587.957,2610.455,41758.0,159.0,0.0,0.0,0,0,0,bullish,7,morning_star,0,0,1,0,0,0,1,1,0,1,2,3,1,3,14.009285714285722,0,3,0,0,A
2024-12-19 08:00:00,2616.542,2626.43,2613.213,2616.81,31610.0,159.0,0.0,0.0,0,0,0,bullish,5,doji,0,0,1,0,0,0,1,0,0,1,1,2,1,2,15.645071428571393,8,3,0,0,A
2024-12-20 00:00:00,2593.496,2604.008,2589.593,2598.471,29051.0,159.0,0.0,0.0,0,0,0,bullish,1,bullish_engulfing,0,0,1,0,1,0,0,0,0,1,1,2,1,2,16.46457142857139,0,4,0,0,A
2024-12-20 12:00:00,2603.668,2631.201,2600.34,2630.314,52580.0,159.0,0.0,0.0,0,0,0,bullish,1,bullish_engulfing,0,0,1,0,0,0,1,1,0,1,2,3,1,3,18.722999999999956,12,4,0,0,A
2024-12-23 08:00:00,2630.184,2632.1,2613.021,2616.196,26285.0,159.0,0.0,0.0,0,0,0,bullish,8,evening_star,0,0,1,0,0,1,0,1,0,1,2,3,1,3,13.515285714285644,8,0,0,0,A
2024-12-23 16:00:00,2609.798,2616.602,2608.079,2611.084,29866.0,159.0,0.0,2608.079,0,0,0,bullish,0,none,1,0,0,0,0,1,1,1,0,1,3,4,1,4,11.810357142857097,16,0,0,0,A
2024-12-24 04:00:00,2618.729,2621.472,2616.422,2618.451,17714.0,159.0,0.0,0.0,0,0,0,bullish,5,doji,0,0,1,0,0,1,0,0,0,1,1,2,1,2,10.601857142857073,4,1,0,0,A
2024-12-24 16:00:00,2611.717,2619.335,2611.492,2616.713,17943.0,159.0,0.0,0.0,0,0,0,bullish,7,morning_star,0,0,1,0,0,1,0,0,0,1,1,2,1,2,8.666214285714204,16,1,0,0,A
2024-12-26 08:00:00,2625.398,2630.019,2625.13,2627.882,16236.0,159.0,0.0,0.0,0,0,0,bullish,1,bullish_engulfing,0,0,1,0,0,1,0,0,1,1,2,3,1,3,8.273071428571322,8,3,0,0,A
2024-12-27 04:00:00,2633.744,2638.314,2631.256,2633.638,18843.0,159.0,0.0,0.0,0,0,1,bullish,5,doji,0,0,1,0,0,1,0,1,1,1,3,4,1,4,7.985999999999941,4,4,0,0,A
2024-12-30 04:00:00,2626.567,2626.567,2615.813,2616.784,19142.0,159.0,0.0,0.0,0,0,1,bullish,8,evening_star,0,0,1,0,0,0,1,0,0,1,1,2,1,2,9.377642857142812,4,0,0,0,A
2024-12-30 08:00:00,2616.751,2618.71,2609.092,2616.332,23497.0,159.0,0.0,0.0,0,0,1,bullish,5,doji,0,0,1,0,0,0,1,1,0,1,2,3,1,3,9.627785714285665,8,0,0,0,A
2024-12-30 12:00:00,2616.332,2622.635,2599.597,2601.599,41074.0,159.0,0.0,0.0,0,0,1,bullish,0,none,0,0,0,1,1,0,1,1,0,1,3,4,1,4,10.924142857142831,12,0,0,0,A
2024-12-30 20:00:00,2607.169,2609.526,2603.86,2606.677,9454.0,159.0,0.0,0.0,0,0,0,bullish,5,doji,0,0,1,0,0,1,0,0,0,1,1,2,1,2,10.321999999999921,20,0,0,0,A
2024-12-31 00:00:00,2606.717,2611.589,2603.503,2604.613,16546.0,159.0,0.0,0.0,0,0,0,bullish,6,shooting_star,0,0,1,0,0,1,0,0,0,1,1,2,1,2,10.0779285714285,0,1,0,0,A
2024-12-31 04:00:00,2604.612,2614.143,2602.591,2613.694,17707.0,159.0,0.0,0.0,0,0,0,bullish,1,bullish_engulfing,0,0,1,0,0,1,0,0,0,1,1,2,1,2,10.429785714285638,4,1,0,0,A
2024-12-31 12:00:00,2611.016,2626.638,2605.3,2625.656,35149.0,159.0,0.0,0.0,0,0,0,bullish,1,bullish_engulfing,0,0,1,0,0,1,1,1,0,1,3,4,1,4,11.299499999999918,12,1,0,0,A
2025-01-02 00:00:00,2623.798,2636.54,2622.72,2633.644,25839.0,159.0,0.0,0.0,0,0,0,bullish,7,morning_star,0,0,1,0,0,0,1,1,0,1,2,3,1,3,10.23728571428569,0,3,0,0,A
2025-01-02 12:00:00,2641.977,2655.876,2636.069,2654.105,46757.0,159.0,0.0,0.0,0,0,0,bullish,0,none,0,0,0,1,0,0,1,1,0,1,2,3,1,3,11.2010714285714,12,3,0,0,A
2025-01-02 16:00:00,2654.062,2660.457,2650.035,2654.74,32341.0,159.0,0.0,0.0,0,0,0,bullish,5,doji,0,0,1,0,0,0,1,1,0,1,2,3,1,3,10.299928571428543,16,3,0,0,A
2025-01-03 12:00:00,2657.003,2657.461,2640.927,2643.842,37877.0,159.0,0.0,0.0,0,0,1,bullish,8,evening_star,0,0,1,0,0,1,1,1,0,1,3,4,1,4,10.945714285714335,12,4,0,0,A
2025-01-03 20:00:00,2639.39,2640.74,2636.618,2640.37,7938.0,159.0,0.0,0.0,0,0,1,bullish,3,hammer,0,0,1,0,0,1,0,0,0,1,1,2,1,2,9.925571428571468,20,4,0,0,A
2025-01-06 08:00:00,2626.875,2649.473,2625.76,2645.597,32013.0,159.0,0.0,0.0,0,0,1,bullish,1,bullish_engulfing,0,0,1,0,0,0,1,1,1,1,3,4,1,4,11.696928571428609,8,0,0,0,A
2025-01-06 12:00:00,2645.547,2648.848,2614.436,2634.392,76118.0,159.0,0.0,2614.436,0,0,1,bullish,0,none,1,0,0,0,0,1,1,1,1,1,4,5,1,5,13.063500000000042,12,0,0,0,A
2025-01-06 16:00:00,2634.42,2641.381,2632.499,2634.373,28682.0,159.0,0.0,0.0,0,0,1,bullish,5,doji,0,0,1,0,0,1,1,1,1,1,4,5,1,5,12.283142857142886,16,0,0,0,A
2025-01-06 20:00:00,2634.41,2637.067,2633.132,2634.681,9187.0,159.0,0.0,0.0,0,0,1,bullish,5,doji,0,0,1,0,0,1,0,0,1,1,2,3,1,3,11.819785714285738,20,0,0,0,A
2025-01-07 04:00:00,2639.56,2646.757,2637.02,2640.487,20138.0,159.0,0.0,0.0,0,0,1,bullish,5,doji,0,0,1,0,0,1,0,0,1,1,2,3,1,3,11.998357142857133,4,1,0,0,A
2025-01-07 12:00:00,2648.348,2664.264,2641.885,2647.7,58055.0,159.0,0.0,0.0,0,0,1,bullish,5,doji,0,0,1,0,0,1,1,1,0,1,3,4,1,4,12.654357142857114,12,1,0,0,A
2025-01-07 16:00:00,2647.634,2656.052,2646.383,2649.245,41382.0,159.0,0.0,0.0,0,0,1,bullish,1,bullish_engulfing,0,0,1,0,1,1,1,1,0,1,4,5,1,5,12.099714285714299,16,1,0,0,A
2025-01-07 20:00:00,2649.298,2651.437,2647.195,2649.807,11134.0,159.0,0.0,0.0,0,0,1,bullish,5,doji,0,0,1,0,1,1,0,0,0,1,2,3,1,3,11.809142857142856,20,1,0,0,A
2025-01-08 00:00:00,2649.817,2651.515,2645.569,2646.75,18979.0,159.0,0.0,0.0,0,0,1,bullish,2,bearish_engulfing,0,0,1,0,0,1,0,0,0,1,1,2,1,2,11.939428571428575,0,2,0,0,A
2025-01-08 04:00:00,2646.728,2654.452,2645.202,2652.619,17525.0,159.0,0.0,0.0,0,0,1,bullish,1,bullish_engulfing,0,0,1,0,0,1,0,0,0,1,1,2,1,2,12.404785714285708,4,2,0,0,A
2025-01-09 08:00:00,2662.418,2673.299,2660.468,2670.266,27430.0,159.0,0.0,0.0,0,0,1,bullish,0,none,0,0,0,1,0,0,0,1,0,1,1,2,1,2,11.207071428571485,8,3,1,1,A
2025-01-09 12:00:00,2670.249,2678.351,2667.198,2668.326,35990.0,159.0,0.0,0.0,0,0,1,bullish,6,shooting_star,0,0,1,0,0,0,1,1,0,1,2,3,1,3,11.308214285714355,12,3,1,1,A
2025-01-10 04:00:00,2673.631,2678.751,2671.556,2676.146,19623.0,159.0,0.0,0.0,0,0,1,bullish,0,none,0,0,0,1,0,0,0,1,0,1,1,2,1,2,9.93507142857155,4,4,1,1,A
2025-01-10 08:00:00,2676.181,2683.088,2675.713,2681.402,31134.0,159.0,0.0,0.0,0,0,1,bullish,0,none,0,0,0,1,0,0,1,1,0,1,2,3,1,3,10.037142857142985,8,4,1,1,A
2025-01-13 00:00:00,2691.128,2693.356,2679.294,2687.97,37492.0,159.0,0.0,0.0,0,0,1,bullish,2,bearish_engulfing,0,0,1,0,0,0,1,1,0,1,2,3,1,3,10.696500000000176,0,0,1,1,A
2025-01-13 20:00:00,2658.959,2669.415,2658.734,2668.058,12744.0,159.0,0.0,0.0,0,0,1,bullish,7,morning_star,0,0,1,0,0,1,0,0,0,1,1,2,1,2,11.30028571428576,20,0,1,1,A
2025-01-14 04:00:00,2669.818,2675.333,2667.184,2669.154,27806.0,159.0,0.0,0.0,0,0,1,bullish,5,doji,0,0,1,0,0,1,0,0,0,1,1,2,1,2,11.686928571428618,4,1,1,1,A
2025-01-14 08:00:00,2669.196,2674.473,2664.453,2669.331,32486.0,159.0,0.0,0.0,0,0,1,bullish,5,doji,0,0,1,0,0,1,0,1,0,1,2,3,1,3,11.888714285714318,8,1,1,1,A
2025-01-14 16:00:00,2671.826,2676.283,2666.709,2674.245,34409.0,159.0,0.0,0.0,0,0,1,bullish,3,hammer,0,0,1,0,0,1,0,1,0,1,2,3,1,3,10.663857142857166,16,1,1,1,A
2025-01-16 00:00:00,2694.983,2702.2,2692.861,2697.194,35163.0,159.0,0.0,0.0,0,0,1,bullish,4,inverted_hammer,0,0,1,0,0,0,0,1,0,1,1,2,1,2,10.13614285714282,0,3,1,1,A
2025-01-16 04:00:00,2697.144,2699.988,2689.907,2698.271,26744.0,159.0,0.0,0.0,0,0,1,bullish,0,none,0,0,0,1,1,0,0,0,0,1,1,2,1,2,10.093285714285653,4,3,1,1,A
2025-01-16 12:00:00,2706.416,2719.718,2700.029,2716.877,86644.0,159.0,0.0,0.0,0,0,1,bullish,0,none,0,0,0,1,0,0,1,1,0,1,2,3,1,3,11.494785714285658,12,3,1,1,A
2025-01-17 00:00:00,2714.623,2717.34,2709.82,2715.428,25848.0,159.0,0.0,0.0,0,0,1,bullish,5,doji,0,0,1,0,0,1,0,0,0,1,1,2,1,2,10.637285714285683,0,4,1,1,A
2025-01-17 04:00:00,2715.476,2716.515,2708.585,2710.528,27923.0,159.0,0.0,0.0,0,0,1,bullish,2,bearish_engulfing,0,0,1,0,0,0,0,1,0,1,1,2,1,2,10.742428571428523,4,4,1,1,A
2025-01-17 12:00:00,2708.002,2715.141,2702.745,2714.243,50864.0,159.0,0.0,0.0,0,0,1,bullish,1,bullish_engulfing,0,0,1,0,0,0,1,1,0,1,2,3,1,3,11.155071428571416,12,4,1,1,A
2025-01-20 16:00:00,2707.063,2711.161,2703.118,2709.059,25860.0,159.0,0.0,0.0,0,0,1,bullish,1,bullish_engulfing,0,0,1,0,0,1,0,1,0,1,2,3,1,3,9.796642857142874,16,0,1,1,A
2025-01-21 00:00:00,2710.433,2726.946,2702.805,2724.196,33761.0,159.0,0.0,0.0,0,0,1,bullish,0,none,0,0,0,1,0,1,1,1,0,1,3,4,1,4,10.782500000000027,0,1,1,1,A
2025-01-21 04:00:00,2724.221,2732.795,2722.695,2729.729,24345.0,159.0,0.0,0.0,0,0,1,bullish,0,none,0,0,0,1,0,1,0,1,0,1,2,3,1,3,10.966785714285736,4,1,1,1,A
2025-01-22 00:00:00,2744.309,2751.086,2742.713,2750.266,32901.0,159.0,0.0,0.0,0,0,1,bullish,0,none,0,0,0,1,1,0,1,1,0,1,3,4,1,4,11.284214285714304,0,2,1,1,A
2025-01-22 04:00:00,2750.238,2758.831,2745.549,2748.781,36488.0,159.0,0.0,0.0,0,0,1,bullish,5,doji,0,0,1,0,1,0,1,1,0,1,3,4,1,4,11.409142857142895,4,2,1,1,A
2025-01-22 16:00:00,2759.389,2760.255,2754.885,2755.309,32312.0,159.0,0.0,0.0,0,0,1,bullish,2,bearish_engulfing,0,0,1,0,0,1,1,0,0,1,2,3,1,3,11.250642857142891,16,2,1,1,A
2025-01-22 20:00:00,2755.269,2757.127,2753.88,2755.583,11973.0,159.0,0.0,0.0,0,0,1,bullish,5,doji,0,0,1,0,0,1,0,0,0,1,1,2,1,2,10.766214285714309,20,2,1,1,A
2025-01-23 12:00:00,2751.898,2753.386,2735.77,2746.424,76077.0,159.0,0.0,2735.77,0,0,1,bullish,0,none,1,0,0,0,0,1,1,1,0,1,3,4,1,4,10.585857142857126,12,3,1,1,A
2025-01-23 16:00:00,2746.34,2758.962,2744.198,2754.173,43270.0,159.0,0.0,0.0,0,0,1,bullish,1,bullish_engulfing,0,0,1,0,0,1,1,1,0,1,3,4,1,4,10.672071428571403,16,3,1,1,A
2025-01-23 20:00:00,2754.13,2755.636,2751.306,2754.543,15460.0,159.0,0.0,0.0,0,0,1,bullish,5,doji,0,0,1,0,0,1,0,0,0,1,1,2,1,2,9.670428571428536,20,3,1,1,A
2025-01-24 04:00:00,2772.28,2778.375,2770.527,2772.675,39117.0,159.0,0.0,0.0,0,0,1,bullish,5,doji,0,0,1,0,0,1,1,1,0,1,3,4,1,4,10.888357142857071,4,4,1,1,A
2025-01-24 08:00:00,2772.716,2780.157,2770.006,2776.617,35648.0,159.0,0.0,0.0,0,0,1,bullish,0,none,0,0,0,1,0,1,1,0,0,1,2,3,1,3,11.015357142857122,8,4,1,1,A
2025-01-27 00:00:00,2767.554,2772.571,2753.871,2761.117,45557.0,159.0,0.0,0.0,0,0,1,bullish,2,bearish_engulfing,0,0,1,0,0,1,1,1,0,1,3,4,1,4,10.948785714285707,0,0,1,1,A
2025-01-27 08:00:00,2749.436,2772.078,2749.291,2771.253,57103.0,159.0,0.0,0.0,0,0,1,bullish,1,bullish_engulfing,0,0,1,0,0,1,1,1,0,1,3,4,1,4,12.668142857142877,8,0,1,1,A
2025-01-27 12:00:00,2771.3,2771.634,2739.499,2742.084,70842.0,159.0,0.0,0.0,0,0,1,bullish,2,bearish_engulfing,0,0,1,0,0,1,1,1,0,1,3,4,1,4,13.969357142857168,12,0,1,1,A
2025-01-28 00:00:00,2741.743,2745.329,2737.815,2738.804,29949.0,159.0,0.0,0.0,0,0,0,bullish,2,bearish_engulfing,0,0,1,0,0,1,0,0,0,1,1,2,1,2,13.302642857142862,0,1,1,1,A
2025-01-29 04:00:00,2762.766,2764.356,2757.414,2759.074,28873.0,159.0,0.0,0.0,0,0,0,bullish,8,evening_star,0,0,1,0,0,1,0,0,0,1,1,2,1,2,12.241428571428546,4,2,1,1,A
2025-01-29 08:00:00,2759.118,2766.072,2757.008,2758.994,34803.0,159.0,0.0,0.0,0,0,0,bullish,5,doji,0,0,1,0,0,1,0,1,0,1,2,3,1,3,11.553142857142868,8,2,1,1,A
2025-01-29 16:00:00,2754.15,2757.888,2744.729,2755.218,55320.0,159.0,0.0,0.0,0,0,0,bullish,5,doji,0,0,1,0,0,1,1,1,0,1,3,4,1,4,10.791285714285745,16,2,1,1,A
2025-01-30 08:00:00,2769.133,2779.432,2768.322,2777.699,28256.0,159.0,0.0,0.0,0,0,0,bullish,0,none,0,0,0,1,0,0,0,1,0,1,1,2,1,2,8.94028571428573,8,3,1,1,A
2025-01-30 12:00:00,2777.686,2796.778,2776.065,2795.411,70540.0,159.0,0.0,0.0,0,0,0,bullish,0,none,0,0,0,1,0,0,1,1,0,1,2,3,1,3,9.950928571428578,12,3,1,1,A
2025-01-31 04:00:00,2796.412,2801.063,2792.132,2798.232,32329.0,159.0,0.0,0.0,0,0,0,bullish,0,none,0,0,0,1,1,0,0,1,0,1,2,3,1,3,9.4239285714286,4,4,1,1,A
2025-02-02 20:00:00,2801.018,2804.653,2784.367,2793.709,36959.0,159.0,0.0,0.0,0,0,0,bullish,2,bearish_engulfing,0,0,1,0,0,0,0,1,0,1,1,2,1,2,11.625928571428565,20,6,1,1,A
2025-02-03 00:00:00,2793.726,2796.496,2772.115,2774.454,89227.0,159.0,0.0,2772.115,0,0,0,bullish,0,none,1,0,0,0,0,0,1,1,0,1,2,3,1,3,12.800285714285726,0,0,1,1,A
2025-02-03 16:00:00,2817.423,2825.325,2812.768,2818.268,62725.0,159.0,0.0,0.0,0,0,0,bullish,5,doji,0,0,1,0,0,0,1,1,0,1,2,3,1,3,14.898785714285752,16,0,1,1,A
2025-02-04 08:00:00,2812.775,2821.895,2810.17,2815.444,55787.0,159.0,0.0,0.0,0,0,0,bullish,4,inverted_hammer,0,0,1,0,0,0,1,1,0,1,2,3,1,3,15.910928571428583,8,1,1,1,A
2025-02-05 16:00:00,2880.263,2881.209,2862.652,2863.512,63126.0,159.0,0.0,0.0,0,0,1,bullish,2,bearish_engulfing,0,0,1,0,0,1,1,1,0,1,3,4,1,4,15.675714285714191,16,2,1,1,A
2025-02-06 00:00:00,2869.272,2873.32,2863.675,2869.405,41836.0,159.0,0.0,0.0,0,0,1,bullish,5,doji,0,0,1,0,0,0,0,1,0,1,1,2,1,2,14.105214285714217,0,3,1,1,A
2025-02-06 12:00:00,2865.966,2870.302,2834.056,2850.595,93107.0,159.0,0.0,2834.056,0,0,1,bullish,0,none,1,0,0,0,1,1,1,1,0,1,4,5,1,5,16.822642857142814,12,3,1,1,A
2025-02-07 08:00:00,2864.268,2870.669,2863.225,2867.628,38741.0,159.0,0.0,0.0,0,0,1,bullish,7,morning_star,0,0,1,0,0,1,0,1,0,1,2,3,1,3,14.573714285714264,8,4,1,1,A
2025-02-07 16:00:00,2880.353,2881.532,2853.334,2860.146,64311.0,159.0,0.0,0.0,0,0,1,bullish,2,bearish_engulfing,0,0,1,0,0,1,1,1,0,1,3,4,1,4,17.192642857142864,16,4,1,1,A
2025-02-07 20:00:00,2860.103,2863.782,2859.371,2861.006,13949.0,159.0,0.0,0.0,0,0,1,bullish,4,inverted_hammer,0,0,1,0,0,1,0,0,0,1,1,2,1,2,15.80578571428571,20,4,1,1,A
2025-02-10 08:00:00,2895.483,2906.297,2892.213,2904.547,47958.0,159.0,0.0,0.0,0,0,1,bullish,0,none,0,0,0,1,0,0,1,1,0,1,2,3,1,3,15.871999999999973,8,0,1,1,A
2025-02-10 16:00:00,2908.977,2910.293,2896.632,2904.364,38444.0,159.0,0.0,0.0,0,0,1,bullish,2,bearish_engulfing,0,0,1,0,0,0,0,1,0,1,1,2,1,2,14.068357142857101,16,0,1,1,A
2025-02-10 20:00:00,2904.369,2921.675,2902.88,2917.847,20762.0,159.0,0.0,0.0,0,0,1,bullish,7,morning_star,0,0,1,1,0,0,0,0,0,2,0,2,2,2,14.931071428571386,20,0,1,1,A
2025-02-11 04:00:00,2919.751,2929.446,2907.124,2913.351,54625.0,159.0,0.0,0.0,0,0,1,bullish,2,bearish_engulfing,0,0,1,0,0,1,1,1,0,1,3,4,1,4,17.889214285714225,4,1,1,1,A
2025-02-11 16:00:00,2904.834,2908.668,2899.562,2900.082,41907.0,159.0,0.0,0.0,0,0,1,bullish,2,bearish_engulfing,0,0,1,0,1,1,0,0,0,1,2,3,1,3,17.52771428571428,16,1,1,1,A
2025-02-12 16:00:00,2894.513,2909.267,2892.079,2897.905,42572.0,159.0,0.0,0.0,0,0,1,bullish,4,inverted_hammer,0,0,1,0,0,1,0,1,0,1,2,3,1,3,18.2324285714285,16,2,1,1,A
2025-02-13 08:00:00,2914.607,2919.469,2909.431,2917.873,39545.0,159.0,0.0,0.0,0,0,1,bullish,7,morning_star,0,0,1,0,0,1,0,1,0,1,2,3,1,3,15.550499999999927,8,3,1,1,A
2025-02-13 12:00:00,2917.909,2921.396,2905.793,2920.227,67582.0,159.0,0.0,0.0,0,0,1,bullish,3,hammer,0,0,1,0,0,1,1,1,0,1,3,4,1,4,15.070571428571352,12,3,1,1,A
2025-02-14 04:00:00,2924.295,2936.842,2923.698,2931.853,36392.0,159.0,0.0,0.0,0,0,1,bullish,1,bullish_engulfing,0,0,1,0,0,1,0,1,0,1,2,3,1,3,14.476714285714186,4,4,1,1,A
2025-02-14 08:00:00,2931.81,2940.005,2929.246,2931.181,38898.0,159.0,2940.005,0.0,0,0,1,bullish,0,none,1,0,0,0,0,1,0,1,0,1,2,3,1,3,14.168071428571336,8,4,1,1,A
2025-02-14 20:00:00,2880.468,2886.209,2876.991,2882.772,14431.0,159.0,0.0,2876.991,0,0,1,bullish,0,none,1,0,0,0,0,1,0,0,0,1,1,2,1,2,15.167642857142807,20,4,1,1,A
2025-02-16 20:00:00,2893.643,2894.031,2878.43,2879.221,16153.0,159.0,0.0,0.0,0,0,1,bullish,2,bearish_engulfing,0,0,1,0,0,1,0,0,0,1,1,2,1,2,15.054285714285697,20,6,1,1,A
2025-02-17 20:00:00,2899.102,2899.482,2897.109,2899.373,2068.0,159.0,0.0,0.0,0,0,1,bullish,7,morning_star,0,0,1,0,1,1,0,0,0,1,2,3,1,3,14.47428571428577,20,0,1,1,A
2025-02-18 08:00:00,2911.61,2914.886,2907.052,2914.159,26193.0,159.0,0.0,0.0,0,0,1,bullish,3,hammer,0,0,1,0,0,1,0,1,0,1,2,3,1,3,14.737571428571462,8,1,1,1,A
2025-02-18 16:00:00,2926.986,2936.994,2924.186,2935.821,33104.0,159.0,0.0,0.0,0,0,1,bullish,0,none,0,0,0,1,0,1,0,1,0,1,2,3,1,3,13.247357142857156,16,1,1,1,A
2025-02-19 04:00:00,2928.828,2935.887,2926.487,2934.25,25000.0,159.0,0.0,0.0,0,0,1,bullish,7,morning_star,0,0,1,0,0,1,0,0,0,1,1,2,1,2,11.770499999999986,4,2,1,1,A
2025-02-20 16:00:00,2938.503,2946.996,2933.528,2937.888,36463.0,159.0,0.0,0.0,0,0,1,bullish,5,doji,0,0,1,0,0,0,1,1,0,1,2,3,1,3,13.01978571428575,16,3,1,1,A
2025-02-21 00:00:00,2941.57,2949.759,2926.286,2931.262,44500.0,159.0,0.0,0.0,0,0,1,bullish,2,bearish_engulfing,0,0,1,0,0,0,1,1,0,1,2,3,1,3,13.092785714285744,0,4,1,1,A
2025-02-21 12:00:00,2928.411,2939.091,2921.588,2928.696,53684.0,159.0,0.0,0.0,0,0,1,bullish,5,doji,0,0,1,0,0,1,1,1,0,1,3,4,1,4,14.3387142857143,12,4,1,1,A
2025-02-21 16:00:00,2928.67,2942.804,2927.325,2933.398,33450.0,159.0,0.0,0.0,0,0,1,bullish,4,inverted_hammer,0,0,1,0,0,1,0,1,0,1,2,3,1,3,14.492714285714296,16,4,1,1,A
2025-02-24 00:00:00,2936.863,2944.781,2921.316,2941.104,51148.0,159.0,0.0,0.0,0,0,1,bullish,1,bullish_engulfing,0,0,1,0,0,1,1,1,0,1,3,4,1,4,14.321285714285718,0,0,1,1,A
2025-02-24 04:00:00,2941.133,2944.985,2935.211,2943.809,29734.0,159.0,0.0,0.0,0,0,1,bullish,3,hammer,0,0,1,0,0,1,0,0,0,1,1,2,1,2,14.289571428571435,4,0,1,1,A
2025-02-24 08:00:00,2943.85,2948.737,2934.892,2947.786,29253.0,159.0,0.0,0.0,0,0,1,bullish,3,hammer,0,0,1,0,0,1,0,0,0,1,1,2,1,2,14.210714285714305,8,0,1,1,A
2025-02-24 16:00:00,2936.5,2949.904,2936.466,2949.159,30391.0,159.0,0.0,0.0,0,0,1,bullish,1,bullish_engulfing,0,0,1,0,1,1,0,1,0,1,3,4,1,4,14.527071428571487,16,0,1,1,A
2025-02-24 20:00:00,2949.214,2953.91,2947.038,2949.996,13653.0,159.0,0.0,0.0,0,0,1,bullish,5,doji,0,0,1,0,1,1,0,0,0,1,2,3,1,3,14.055928571428597,20,0,1,1,A
2025-02-25 00:00:00,2949.957,2952.552,2937.51,2939.513,29861.0,159.0,0.0,0.0,0,0,1,bullish,8,evening_star,0,0,1,0,0,1,0,1,0,1,2,3,1,3,14.565214285714319,0,1,1,1,A
2025-02-25 12:00:00,2938.68,2944.949,2900.498,2905.866,85080.0,159.0,0.0,0.0,0,0,1,bullish,2,bearish_engulfing,0,0,1,0,0,1,1,1,0,1,3,4,1,4,15.644285714285777,12,1,1,1,A
2025-02-26 04:00:00,2917.264,2921.014,2905.809,2915.529,27048.0,159.0,0.0,0.0,0,0,0,bullish,5,doji,0,0,1,0,0,1,0,0,0,1,1,2,1,2,17.16278571428578,4,2,1,1,A
2025-02-26 16:00:00,2913.239,2916.692,2909.9,2913.934,33452.0,159.0,0.0,0.0,0,0,0,bullish,5,doji,0,0,1,0,0,1,0,1,0,1,2,3,1,3,16.73114285714288,16,2,1,1,A
2025-02-27 00:00:00,2919.176,2919.176,2904.352,2905.729,29362.0,159.0,0.0,0.0,0,0,0,bullish,2,bearish_engulfing,0,0,1,0,0,1,0,1,0,1,2,3,1,3,15.636571428571447,0,3,1,1,A
2025-02-27 04:00:00,2905.768,2906.555,2887.924,2891.988,43198.0,159.0,0.0,0.0,0,0,0,bullish,0,none,0,0,0,1,0,1,1,1,0,1,3,4,1,4,16.47650000000002,4,3,1,1,A
2025-02-28 00:00:00,2876.069,2885.034,2863.706,2865.751,38144.0,159.0,0.0,0.0,0,0,0,bullish,0,none,0,0,0,1,0,0,1,0,0,1,1,2,1,2,15.004642857142926,0,4,1,1,A
2025-02-28 04:00:00,2865.731,2866.996,2856.942,2858.678,40365.0,159.0,0.0,0.0,0,0,0,bullish,0,none,0,0,0,1,0,0,1,0,0,1,1,2,1,2,15.134642857142937,4,4,1,1,A
2025-02-28 16:00:00,2850.22,2853.908,2838.076,2849.636,46158.0,159.0,0.0,0.0,0,0,0,bullish,5,doji,0,0,1,0,1,0,1,1,0,1,3,4,1,4,16.709928571428627,16,4,1,1,A
2025-03-03 08:00:00,2863.252,2875.413,2858.83,2874.402,30804.0,159.0,0.0,0.0,0,0,0,bullish,7,morning_star,0,0,1,0,0,0,0,1,0,1,1,2,1,2,16.320000000000032,8,0,1,1,A
2025-03-04 04:00:00,2888.57,2901.48,2884.391,2899.923,29102.0,159.0,0.0,0.0,0,0,0,bullish,1,bullish_engulfing,0,0,1,0,1,0,0,0,0,1,1,2,1,2,15.81328571428568,4,1,1,1,A
2025-03-04 08:00:00,2899.908,2921.773,2896.758,2919.932,38802.0,159.0,0.0,0.0,0,0,0,bullish,0,none,0,0,0,1,0,0,1,1,0,1,2,3,1,3,16.881928571428553,8,1,1,1,A
2025-03-05 16:00:00,2917.157,2930.042,2911.226,2920.551,51486.0,159.0,2930.042,0.0,0,0,0,bullish,0,none,1,0,0,0,0,1,1,1,0,1,3,4,1,4,17.388857142857205,16,2,1,1,A
2025-03-06 08:00:00,2910.18,2911.53,2891.159,2905.714,49704.0,159.0,0.0,2891.159,0,0,0,bullish,0,none,1,0,0,0,0,1,1,1,0,1,3,4,1,4,16.459857142857214,8,3,1,1,A
2025-03-07 04:00:00,2905.285,2917.279,2904.747,2917.098,31894.0,159.0,0.0,0.0,0,0,0,bullish,1,bullish_engulfing,0,0,1,0,0,1,0,0,0,1,1,2,1,2,14.848142857142843,4,4,1,1,A
2025-03-10 00:00:00,2916.19,2918.312,2908.128,2910.943,35686.0,159.0,0.0,0.0,0,0,1,bullish,2,bearish_engulfing,0,0,1,0,0,1,0,1,0,1,2,3,1,3,13.522714285714203,0,0,1,1,A
2025-03-10 12:00:00,2904.029,2910.619,2897.684,2904.458,77958.0,159.0,0.0,0.0,0,0,1,bullish,5,doji,0,0,1,0,0,1,1,1,0,1,3,4,1,4,13.488785714285639,12,0,1,1,A
2025-03-10 16:00:00,2904.489,2906.881,2880.192,2885.436,55171.0,159.0,0.0,0.0,0,0,1,bullish,2,bearish_engulfing,0,0,1,0,0,1,1,1,0,1,3,4,1,4,13.714714285714178,16,0,1,1,A
2025-03-10 20:00:00,2885.467,2890.163,2882.332,2884.685,12050.0,159.0,0.0,0.0,0,0,1,bullish,5,doji,0,0,1,0,0,1,0,0,0,1,1,2,1,2,13.626499999999917,20,0,1,1,A
2025-03-11 20:00:00,2918.365,2919.6,2914.414,2915.551,9975.0,159.0,0.0,0.0,0,0,0,bullish,8,evening_star,0,0,1,0,0,1,0,0,0,1,1,2,1,2,12.719357142857072,20,1,1,1,A
2025-03-12 00:00:00,2915.589,2920.02,2910.835,2914.941,23681.0,159.0,0.0,0.0,0,0,0,bullish,5,doji,0,0,1,0,0,1,0,0,0,1,1,2,1,2,12.809928571428502,0,2,1,1,A
2025-03-12 04:00:00,2914.977,2921.121,2908.904,2914.462,28215.0,159.0,0.0,0.0,0,0,0,bullish,5,doji,0,0,1,0,0,1,0,0,0,1,1,2,1,2,13.152214285714242,4,2,1,1,A
2025-03-12 12:00:00,2915.308,2929.444,2905.97,2928.355,66347.0,159.0,0.0,0.0,0,0,0,bullish,0,none,0,0,0,1,0,1,1,1,0,1,3,4,1,4,14.218499999999981,12,2,1,1,A
2025-03-12 16:00:00,2928.457,2940.574,2927.89,2931.322,40107.0,159.0,0.0,0.0,0,0,0,bullish,4,inverted_hammer,0,0,1,0,0,1,1,1,0,1,3,4,1,4,13.705499999999997,16,2,1,1,A
2025-03-13 12:00:00,2946.36,2978.486,2938.935,2977.772,73306.0,159.0,0.0,0.0,0,0,0,bullish,0,none,0,0,0,1,0,0,1,1,0,1,2,3,1,3,14.235428571428558,12,3,1,1,A
2025-03-13 16:00:00,2977.797,2985.474,2976.33,2982.946,44813.0,159.0,0.0,0.0,0,0,0,bullish,0,none,0,0,0,1,0,0,1,1,0,1,2,3,1,3,13.813714285714306,16,3,1,1,A
2025-03-14 00:00:00,2986.473,2992.96,2981.693,2992.631,34465.0,159.0,0.0,0.0,0,0,0,bullish,0,none,0,0,0,1,0,0,1,1,0,1,2,3,1,3,13.618642857142861,0,4,1,1,A
2025-03-14 12:00:00,2993.477,2999.634,2978.396,2984.607,69262.0,159.0,0.0,0.0,0,0,1,bullish,8,evening_star,0,0,1,0,0,0,1,1,0,1,2,3,1,3,15.582642857142869,12,4,1,1,A
2025-03-17 08:00:00,2985.506,3001.217,2983.053,2997.475,22027.0,159.0,0.0,0.0,0,0,1,bullish,1,bullish_engulfing,0,0,1,0,0,0,0,1,0,1,1,2,1,2,13.92042857142857,8,0,1,1,A
2025-03-18 04:00:00,3011.34,3018.955,3006.066,3016.391,26834.0,159.0,0.0,0.0,0,0,1,bullish,0,none,0,0,0,1,0,0,0,1,0,1,1,2,1,2,11.958357142857201,4,1,1,1,A
2025-03-18 08:00:00,3016.44,3029.533,3016.321,3026.839,28701.0,159.0,0.0,0.0,0,0,1,bullish,0,none,0,0,0,1,0,0,0,1,0,1,1,2,1,2,11.96571428571435,8,1,1,1,A
2025-03-19 08:00:00,3035.949,3039.949,3022.738,3038.946,28223.0,159.0,0.0,0.0,0,0,1,bullish,3,hammer,0,0,1,0,0,0,1,1,0,1,2,3,1,3,11.534714285714374,8,2,1,1,A
2025-03-19 12:00:00,3038.955,3041.155,3025.845,3031.458,42485.0,159.0,0.0,0.0,0,0,1,bullish,2,bearish_engulfing,0,0,1,0,0,0,1,1,0,1,2,3,1,3,12.014928571428689,12,2,1,1,A
2025-03-19 20:00:00,3047.818,3051.335,3044.205,3050.026,10358.0,159.0,0.0,0.0,0,0,1,bullish,0,none,0,0,0,1,1,0,0,0,0,1,1,2,1,2,11.711285714285818,20,2,1,1,A
2025-03-20 00:00:00,3050.023,3056.173,3045.018,3049.964,34917.0,159.0,0.0,0.0,0,0,1,bullish,5,doji,0,0,1,0,1,0,1,1,0,1,3,4,1,4,11.950142857142932,0,3,1,1,A
2025-03-24 08:00:00,3022.329,3033.208,3021.839,3024.642,29512.0,159.0,0.0,0.0,0,0,1,bullish,4,inverted_hammer,0,0,1,0,0,1,0,1,1,1,3,4,1,4,13.077500000000034,8,0,1,1,A
2025-03-24 12:00:00,3024.602,3028.651,3005.746,3014.036,51270.0,159.0,0.0,0.0,0,0,1,bullish,8,evening_star,0,0,1,0,0,1,1,1,1,1,4,5,1,5,13.239357142857184,12,0,1,1,A
2025-03-24 16:00:00,3013.997,3015.662,3002.438,3006.133,30543.0,159.0,0.0,3002.438,0,0,1,bullish,0,none,1,0,0,0,0,1,0,1,1,1,3,4,1,4,13.294928571428565,16,0,1,1,A
2025-03-25 08:00:00,3011.151,3026.436,3010.681,3020.775,25565.0,159.0,0.0,0.0,0,0,1,bullish,7,morning_star,0,0,1,0,0,1,0,1,0,1,2,3,1,3,13.212714285714258,8,1,1,1,A
2025-03-25 16:00:00,3021.592,3025.544,3017.721,3019.59,23126.0,159.0,0.0,0.0,0,0,1,bullish,2,bearish_engulfing,0,0,1,0,0,1,0,1,0,1,2,3,1,3,11.808499999999933,16,1,1,1,A
2025-03-26 00:00:00,3021.037,3027.109,3016.386,3017.616,26420.0,159.0,0.0,0.0,0,0,1,bullish,6,shooting_star,0,0,1,0,0,1,0,1,0,1,2,3,1,3,11.71499999999995,0,2,1,1,A
2025-03-26 04:00:00,3017.542,3030.788,3013.218,3030.471,24923.0,159.0,0.0,0.0,0,0,1,bullish,1,bullish_engulfing,0,0,1,0,0,1,0,1,0,1,2,3,1,3,12.673571428571384,4,2,1,1,A
2025-03-26 16:00:00,3015.911,3020.861,3015.158,3017.342,23330.0,159.0,0.0,0.0,0,0,1,bullish,4,inverted_hammer,0,0,1,0,0,1,0,0,0,1,1,2,1,2,12.869357142857098,16,2,1,1,A
2025-03-27 00:00:00,3021.563,3034.286,3021.522,3033.568,26123.0,159.0,0.0,0.0,0,0,1,bullish,0,none,0,0,0,1,0,1,1,1,0,1,3,4,1,4,11.536142857142847,0,3,1,1,A
2025-03-27 04:00:00,3033.604,3038.61,3026.701,3035.85,32021.0,159.0,0.0,0.0,0,0,1,bullish,0,none,0,0,0,1,0,1,1,1,0,1,3,4,1,4,11.742428571428588,4,3,1,1,A
2025-03-27 08:00:00,3035.86,3055.898,3033.759,3054.566,37283.0,159.0,0.0,0.0,0,0,1,bullish,0,none,0,0,0,1,0,0,1,1,0,1,2,3,1,3,12.70021428571431,8,3,1,1,A
2025-03-31 04:00:00,3107.072,3128.165,3105.913,3124.523,47520.0,159.0,0.0,0.0,0,0,1,bullish,0,none,0,0,0,1,0,0,1,1,0,1,2,3,1,3,16.65828571428574,4,0,1,1,A
2025-04-01 12:00:00,3130.354,3137.058,3113.376,3113.725,73379.0,159.0,0.0,0.0,0,0,1,bullish,2,bearish_engulfing,0,0,1,0,0,0,1,1,0,1,2,3,1,3,18.47157142857142,12,1,1,1,A
2025-04-01 16:00:00,3113.69,3119.013,3100.761,3118.723,45273.0,159.0,0.0,0.0,0,0,1,bullish,3,hammer,0,0,1,0,0,0,1,1,0,1,2,3,1,3,18.379,16,1,1,1,A
2025-04-02 00:00:00,3115.16,3135.703,3112.97,3125.489,43335.0,159.0,0.0,0.0,0,0,1,bullish,1,bullish_engulfing,0,0,1,0,0,0,1,0,0,1,1,2,1,2,19.619214285714275,0,2,1,1,A
2025-04-04 00:00:00,3112.908,3115.805,3086.989,3098.409,53613.0,159.0,0.0,0.0,0,0,1,bullish,2,bearish_engulfing,0,0,1,0,1,0,0,0,0,1,1,2,1,2,29.566571428571415,0,4,1,1,A
2025-04-04 12:00:00,3110.248,3111.885,3016.939,3021.951,204548.0,159.0,0.0,0.0,0,0,1,bullish,2,bearish_engulfing,0,0,1,0,0,0,1,1,0,1,2,3,1,3,37.94192857142856,12,4,1,1,A
2025-04-07 08:00:00,3018.533,3046.148,3017.652,3031.27,90853.0,159.0,0.0,0.0,0,0,1,bullish,1,bullish_engulfing,0,0,1,0,0,0,1,1,0,1,2,3,1,3,42.472000000000044,8,0,1,1,A
2025-04-07 12:00:00,3031.296,3038.016,2979.808,2987.558,204974.0,159.0,0.0,0.0,0,0,1,bullish,2,bearish_engulfing,0,0,1,0,0,0,1,1,0,1,2,3,1,3,43.277714285714346,12,0,1,1,A
2025-04-08 12:00:00,3017.467,3022.746,3001.241,3001.545,79264.0,159.0,0.0,0.0,0,0,0,bullish,2,bearish_engulfing,0,0,1,0,1,0,0,1,0,1,2,3,1,3,38.43521428571434,12,1,1,1,A
2025-04-09 00:00:00,2978.367,3011.286,2972.477,3004.464,78625.0,159.0,0.0,0.0,0,0,0,bullish,7,morning_star,0,0,1,0,0,0,0,1,0,1,1,2,1,2,35.52407142857146,0,2,1,1,A
2025-04-09 16:00:00,3086.33,3099.689,3048.521,3093.574,110007.0,159.0,0.0,0.0,0,0,0,bullish,3,hammer,0,0,1,0,0,0,1,1,0,1,2,3,1,3,33.71899999999995,16,2,1,1,A
2025-04-10 00:00:00,3086.745,3131.834,3078.417,3125.406,77870.0,159.0,0.0,0.0,0,0,0,bullish,1,bullish_engulfing,0,0,1,0,0,0,0,1,0,1,1,2,1,2,32.846071428571385,0,3,1,1,A
2025-04-11 00:00:00,3188.993,3220.133,3184.855,3217.686,85457.0,159.0,0.0,0.0,0,0,0,bullish,0,none,0,0,0,1,0,0,1,1,0,1,2,3,1,3,36.3480714285714,0,4,1,1,A
2025-04-11 12:00:00,3213.91,3244.113,3211.033,3240.577,97020.0,159.0,0.0,0.0,0,0,0,bullish,0,none,0,0,0,1,0,0,1,1,0,1,2,3,1,3,35.06207142857141,12,4,1,1,A
2025-04-14 12:00:00,3223.332,3227.712,3193.552,3198.051,74678.0,159.0,0.0,3193.552,0,0,1,bullish,0,none,1,0,0,0,1,1,1,1,0,1,4,5,1,5,28.6547142857143,12,0,1,1,A
2025-04-14 20:00:00,3212.745,3215.246,3207.348,3212.626,11435.0,159.0,0.0,0.0,0,0,1,bullish,5,doji,0,0,1,0,0,1,0,0,0,1,1,2,1,2,24.58128571428574,20,0,1,1,A
2025-04-15 00:00:00,3212.601,3228.966,3209.977,3228.304,34923.0,159.0,0.0,0.0,0,0,1,bullish,1,bullish_engulfing,0,0,1,0,0,1,0,0,0,1,1,2,1,2,24.30285714285716,0,1,1,1,A
2025-04-15 12:00:00,3220.192,3226.861,3211.627,3221.371,47739.0,159.0,0.0,0.0,0,0,1,bullish,5,doji,0,0,1,0,0,1,0,1,0,1,2,3,1,3,20.674857142857167,12,1,1,1,A
2025-04-15 20:00:00,3229.861,3251.788,3226.494,3251.78,17844.0,159.0,0.0,0.0,0,0,1,bullish,0,none,0,0,0,1,1,1,0,0,0,1,2,3,1,3,19.15550000000001,20,1,1,1,A
2025-04-16 00:00:00,3251.804,3281.75,3251.59,3281.401,54585.0,159.0,0.0,0.0,0,0,1,bullish,0,none,0,0,0,1,0,0,1,1,0,1,2,3,1,3,20.73049999999999,0,2,1,1,A
2025-04-16 04:00:00,3281.401,3300.663,3269.333,3300.482,44840.0,159.0,0.0,0.0,0,0,1,bullish,0,none,0,0,0,1,1,0,1,1,0,1,3,4,1,4,21.259071428571424,4,2,1,1,A
2025-04-16 12:00:00,3306.798,3328.128,3296.838,3325.328,72967.0,159.0,0.0,0.0,0,0,1,bullish,0,none,0,0,0,1,0,0,1,1,0,1,2,3,1,3,22.21742857142853,12,2,1,1,A
2025-04-17 12:00:00,3327.322,3342.361,3283.822,3296.431,99854.0,159.0,0.0,3283.822,0,0,1,bullish,0,none,1,0,0,0,0,1,1,1,0,1,3,4,1,4,27.24057142857136,12,3,1,1,A
2025-04-21 00:00:00,3348.119,3385.27,3347.487,3382.472,60014.0,159.0,0.0,0.0,0,0,1,bullish,0,none,0,0,0,1,0,0,1,1,0,1,2,3,1,3,29.627142857142776,0,0,1,1,A
2025-04-21 04:00:00,3382.465,3396.017,3369.552,3385.082,45539.0,159.0,0.0,0.0,0,0,1,bullish,5,doji,0,0,1,0,0,0,1,1,0,1,2,3,1,3,29.36321428571419,4,0,1,1,A
2025-04-21 08:00:00,3385.031,3405.924,3383.647,3404.443,38876.0,159.0,0.0,0.0,0,0,1,bullish,0,none,0,0,0,1,0,0,0,1,0,1,1,2,1,2,28.716571428571342,8,0,1,1,A
2025-04-21 16:00:00,3422.897,3430.547,3406.013,3423.431,40367.0,159.0,0.0,0.0,0,0,1,bullish,5,doji,0,0,1,0,0,0,0,1,0,1,1,2,1,2,28.448214285714226,16,0,1,1,A
2025-04-23 04:00:00,3338.956,3349.383,3291.789,3319.13,91470.0,159.0,0.0,0.0,0,0,1,bullish,2,bearish_engulfing,0,0,1,0,0,0,1,0,0,1,1,2,1,2,43.7036428571428,4,2,1,1,A
2025-04-24 00:00:00,3316.351,3367.546,3313.286,3327.074,97914.0,159.0,0.0,0.0,0,0,0,bullish,4,inverted_hammer,0,0,1,0,0,1,1,1,0,1,3,4,1,4,49.42678571428568,0,3,1,1,A
2025-04-24 04:00:00,3326.961,3339.808,3314.769,3333.586,61352.0,159.0,0.0,0.0,0,0,0,bullish,3,hammer,0,0,1,0,0,1,0,1,0,1,2,3,1,3,49.455357142857146,4,3,1,1,A
2025-04-24 12:00:00,3336.948,3344.719,3306.739,3329.391,84305.0,159.0,0.0,0.0,0,0,0,bullish,2,bearish_engulfing,0,0,1,0,0,1,1,1,0,1,3,4,1,4,44.792214285714245,12,3,1,1,A
2025-04-24 16:00:00,3329.365,3347.026,3322.437,3342.226,35427.0,159.0,0.0,0.0,0,0,0,bullish,1,bullish_engulfing,0,0,1,0,0,1,0,0,0,1,1,2,1,2,44.43528571428568,16,3,1,1,A
2025-04-25 00:00:00,3348.951,3363.157,3322.643,3323.655,58400.0,159.0,0.0,0.0,0,0,0,bullish,8,evening_star,0,0,1,0,0,1,0,1,0,1,2,3,1,3,41.76492857142856,0,4,1,1,A
2025-04-25 12:00:00,3293.426,3303.054,3265.063,3282.883,88062.0,159.0,0.0,3265.063,0,0,0,bullish,0,none,1,0,0,0,0,0,1,1,0,1,2,3,1,3,35.88707142857142,12,4,1,1,A
2025-04-25 16:00:00,3282.882,3312.406,3280.359,3304.818,37002.0,159.0,0.0,0.0,0,0,0,bullish,1,bullish_engulfing,0,0,1,0,0,1,0,0,0,1,1,2,1,2,35.66557142857141,16,4,1,1,A
2025-04-27 20:00:00,3325.64,3330.215,3298.606,3302.739,25711.0,159.0,0.0,0.0,0,0,0,bullish,2,bearish_engulfing,0,0,1,0,0,1,0,0,0,1,1,2,1,2,31.753142857142816,20,6,1,1,A
2025-04-28 08:00:00,3287.401,3297.183,3273.284,3294.176,38872.0,159.0,0.0,0.0,0,0,0,bullish,1,bullish_engulfing,0,0,1,0,0,1,0,1,0,1,2,3,1,3,30.53171428571425,8,0,1,1,A
2025-04-28 16:00:00,3325.05,3352.993,3324.496,3352.076,41058.0,159.0,3352.993,0.0,0,0,0,bullish,0,none,1,0,0,0,0,1,0,1,0,1,2,3,1,3,32.044428571428526,16,0,1,1,A
2025-04-29 08:00:00,3323.066,3324.923,3306.159,3309.373,33235.0,159.0,0.0,0.0,0,0,0,bullish,2,bearish_engulfing,0,0,1,0,0,1,0,0,0,1,1,2,1,2,28.5498571428571,8,1,1,1,A
2025-04-30 08:00:00,3307.242,3307.739,3268.278,3272.319,49586.0,159.0,0.0,0.0,0,0,0,bullish,2,bearish_engulfing,0,0,1,0,0,1,1,1,0,1,3,4,1,4,24.551428571428556,8,2,1,1,A
2025-04-30 12:00:00,3272.307,3319.783,3266.901,3307.955,103156.0,159.0,0.0,0.0,0,0,0,bullish,1,bullish_engulfing,0,0,1,0,0,1,1,1,0,1,3,4,1,4,26.659785714285686,12,2,1,1,A
2025-05-01 00:00:00,3272.922,3276.326,3228.894,3229.493,75317.0,159.0,0.0,0.0,0,0,0,bullish,0,none,0,0,0,1,0,0,1,1,0,1,2,3,1,3,26.39057142857145,0,3,1,1,A
2025-05-01 04:00:00,3229.496,3243.149,3221.228,3230.192,51902.0,159.0,0.0,0.0,0,0,0,bullish,5,doji,0,0,1,0,0,0,1,1,0,1,2,3,1,3,26.523857142857132,4,3,1,1,A
2025-05-02 16:00:00,3231.604,3239.868,3222.721,3233.555,56229.0,159.0,0.0,0.0,0,0,0,bullish,5,doji,0,0,1,0,0,0,1,1,0,1,2,3,1,3,27.70842857142855,16,4,1,1,A
2025-05-05 16:00:00,3312.028,3337.673,3305.577,3328.793,40016.0,159.0,0.0,0.0,0,0,0,bullish,1,bullish_engulfing,0,0,1,0,0,0,0,1,0,1,1,2,1,2,23.359214285714252,16,0,1,1,A
2025-05-06 12:00:00,3379.2,3399.87,3373.128,3395.098,72685.0,159.0,0.0,0.0,0,0,0,bullish,0,none,0,0,0,1,0,0,1,1,0,1,2,3,1,3,26.830642857142852,12,1,1,1,A
2025-05-07 12:00:00,3387.055,3398.139,3375.662,3385.27,69140.0,159.0,0.0,0.0,0,0,1,bullish,5,doji,0,0,1,0,0,0,1,1,0,1,2,3,1,3,32.387785714285755,12,2,1,1,A
2025-05-08 12:00:00,3344.311,3369.602,3326.804,3330.509,86827.0,159.0,0.0,0.0,0,0,1,bullish,6,shooting_star,0,0,1,0,0,0,1,1,0,1,2,3,1,3,33.47692857142858,12,3,1,1,A
2025-05-13 00:00:00,3236.906,3243.423,3215.87,3236.743,57775.0,159.0,0.0,0.0,0,0,1,bullish,5,doji,0,0,1,0,0,0,1,0,0,1,1,2,1,2,29.849428571428493,0,1,1,1,A
2025-05-13 12:00:00,3249.139,3255.899,3225.476,3253.325,82195.0,159.0,0.0,0.0,0,0,1,bullish,3,hammer,0,0,1,0,0,0,1,1,0,1,2,3,1,3,28.63235714285708,12,1,1,1,A
2025-05-14 08:00:00,3237.99,3243.897,3219.436,3220.132,45656.0,159.0,0.0,0.0,0,0,1,bullish,8,evening_star,0,0,1,0,0,0,0,1,0,1,1,2,1,2,25.054071428571337,8,2,1,1,A
2025-05-14 16:00:00,3182.632,3190.924,3167.97,3180.587,45334.0,159.0,0.0,0.0,0,0,1,bullish,5,doji,0,0,1,0,0,0,0,1,0,1,1,2,1,2,23.359071428571365,16,2,1,1,A
2025-05-15 08:00:00,3142.244,3180.019,3139.065,3179.18,47745.0,159.0,0.0,0.0,0,0,0,bullish,1,bullish_engulfing,0,0,1,0,0,0,0,1,0,1,1,2,1,2,26.302571428571323,8,3,1,1,A
2025-05-15 20:00:00,3231.973,3252.105,3231.094,3237.15,26802.0,159.0,3252.105,0.0,0,0,0,bullish,4,inverted_hammer,1,0,1,0,0,0,0,0,0,2,0,2,2,2,26.785928571428485,20,3,1,1,A
2025-05-16 00:00:00,3237.175,3244.615,3206.53,3211.889,66258.0,159.0,0.0,0.0,0,0,0,bullish,2,bearish_engulfing,0,0,1,0,0,1,1,1,0,1,3,4,1,4,28.377571428571304,0,4,1,1,A
2025-05-16 04:00:00,3211.969,3231.343,3205.384,3207.667,48074.0,159.0,0.0,0.0,0,0,0,bullish,6,shooting_star,0,0,1,0,0,1,0,1,0,1,2,3,1,3,29.58021428571416,4,4,1,1,A
2025-05-19 20:00:00,3233.056,3233.812,3219.097,3222.532,14901.0,159.0,0.0,0.0,0,0,0,bullish,2,bearish_engulfing,0,0,1,0,0,1,0,0,0,1,1,2,1,2,27.696357142857128,20,0,1,1,A
2025-05-20 00:00:00,3222.561,3232.778,3204.521,3211.407,51976.0,159.0,0.0,3204.521,0,0,0,bullish,0,none,1,0,0,0,0,1,1,1,0,1,3,4,1,4,28.213928571428532,0,1,1,1,A
2025-05-20 04:00:00,3211.394,3225.43,3207.946,3222.843,40495.0,159.0,0.0,0.0,0,0,0,bullish,1,bullish_engulfing,0,0,1,0,0,1,0,1,0,1,2,3,1,3,26.742428571428555,4,1,1,1,A
2025-05-21 00:00:00,3290.734,3314.68,3285.42,3307.544,60265.0,159.0,0.0,0.0,0,0,0,bullish,7,morning_star,0,0,1,0,0,0,1,1,0,1,2,3,1,3,26.50157142857136,0,2,1,1,A
2025-05-21 04:00:00,3307.505,3320.755,3298.404,3309.906,45465.0,159.0,0.0,0.0,0,0,0,bullish,5,doji,0,0,1,0,0,0,0,1,0,1,1,2,1,2,25.02571428571423,4,2,1,1,A
2025-05-21 08:00:00,3309.933,3318.322,3303.946,3311.177,38983.0,159.0,0.0,0.0,0,0,0,bullish,5,doji,0,0,1,0,0,0,0,1,0,1,1,2,1,2,23.068857142857105,8,2,1,1,A
2025-05-22 12:00:00,3314.428,3315.775,3279.252,3294.675,93284.0,159.0,0.0,3279.252,0,0,1,bullish,0,none,1,0,0,0,0,1,1,1,0,1,3,4,1,4,25.862857142857138,12,3,1,1,A
2025-05-22 16:00:00,3294.722,3304.86,3289.009,3290.296,38234.0,159.0,0.0,0.0,0,0,1,bullish,6,shooting_star,0,0,1,0,0,1,0,0,0,1,1,2,1,2,25.328214285714303,16,3,1,1,A
2025-05-22 20:00:00,3290.339,3302.032,3289.593,3300.146,14870.0,159.0,0.0,0.0,0,0,1,bullish,7,morning_star,0,0,1,0,1,1,0,0,0,1,2,3,1,3,22.42750000000004,20,3,1,1,A
2025-05-23 00:00:00,3300.172,3308.908,3286.972,3302.07,53875.0,159.0,0.0,0.0,0,0,1,bullish,5,doji,0,0,1,0,0,1,1,1,0,1,3,4,1,4,22.569428571428585,0,4,1,1,A
2025-05-23 08:00:00,3329.191,3349.78,3322.548,3347.926,55253.0,159.0,0.0,0.0,0,0,1,bullish,0,none,0,0,0,1,0,0,1,1,0,1,2,3,1,3,23.63871428571435,8,4,1,1,A
2025-05-23 12:00:00,3347.966,3364.587,3336.556,3361.655,112537.0,159.0,0.0,0.0,0,0,1,bullish,0,none,0,0,0,1,0,0,1,1,0,1,2,3,1,3,24.044428571428625,12,4,1,1,A
2025-05-26 04:00:00,3347.639,3351.906,3332.124,3337.296,35081.0,159.0,0.0,0.0,0,0,1,bullish,2,bearish_engulfing,0,0,1,0,0,1,0,1,0,1,2,3,1,3,22.41707142857152,4,0,1,1,A
2025-05-26 12:00:00,3333.152,3341.649,3326.35,3337.957,31050.0,159.0,0.0,0.0,0,0,1,bullish,7,morning_star,0,0,1,0,0,1,0,0,0,1,1,2,1,2,20.10457142857152,12,0,1,1,A
2025-05-26 20:00:00,3346.458,3348.809,3342.829,3346.139,9237.0,159.0,0.0,0.0,0,0,1,bullish,5,doji,0,0,1,0,0,1,0,0,0,1,1,2,1,2,17.32042857142866,20,0,1,1,A
2025-05-27 08:00:00,3296.214,3310.384,3287.724,3288.414,53805.0,159.0,0.0,0.0,0,0,1,bullish,6,shooting_star,0,0,1,0,0,1,1,1,0,1,3,4,1,4,18.956357142857218,8,1,1,1,A
2025-05-28 00:00:00,3309.431,3315.77,3291.663,3297.757,43278.0,159.0,0.0,0.0,0,0,1,bullish,2,bearish_engulfing,0,0,1,0,0,1,1,1,0,1,3,4,1,4,19.087214285714285,0,2,1,1,A
2025-05-28 04:00:00,3297.72,3322.406,3294.383,3319.249,38645.0,159.0,0.0,0.0,0,0,1,bullish,1,bullish_engulfing,0,0,1,0,0,1,1,0,0,1,2,3,1,3,20.021499999999996,4,2,1,1,A
2025-05-28 16:00:00,3296.125,3303.065,3288.591,3296.983,30458.0,159.0,0.0,0.0,0,0,1,bullish,5,doji,0,0,1,0,0,1,0,0,0,1,1,2,1,2,19.661357142857177,16,2,1,1,A
2025-05-28 20:00:00,3297.006,3297.34,3250.232,3259.895,44840.0,159.0,0.0,0.0,0,0,1,bullish,2,bearish_engulfing,0,0,1,0,0,0,1,1,0,1,2,3,1,3,21.933428571428617,20,2,1,1,A
2025-05-30 04:00:00,3294.517,3304.994,3287.336,3295.002,39748.0,159.0,0.0,0.0,0,0,0,bullish,5,doji,0,0,1,0,0,1,0,1,0,1,2,3,1,3,24.11685714285727,4,4,1,1,A
2025-05-30 08:00:00,3294.975,3300.669,3288.62,3294.055,33336.0,159.0,0.0,0.0,0,0,0,bullish,5,doji,0,0,1,0,0,1,0,0,0,1,1,2,1,2,23.255571428571557,8,4,1,1,A
2025-05-30 12:00:00,3294.059,3308.311,3271.526,3288.676,101717.0,159.0,0.0,3271.526,0,0,0,bullish,0,none,1,0,0,0,0,1,1,1,0,1,3,4,1,4,23.88142857142871,12,4,1,1,A
2025-05-30 16:00:00,3288.569,3295.778,3283.957,3294.826,36748.0,159.0,0.0,0.0,0,0,0,bullish,1,bullish_engulfing,0,0,1,0,0,1,0,1,0,1,2,3,1,3,23.43678571428583,16,4,1,1,A
2025-06-02 00:00:00,3310.213,3314.959,3301.452,3308.701,37634.0,159.0,0.0,0.0,0,0,0,bullish,5,doji,0,0,1,0,0,1,0,1,0,1,2,3,1,3,20.745857142857208,0,0,1,1,A
2025-06-02 04:00:00,3308.762,3359.011,3308.762,3352.579,43151.0,159.0,0.0,0.0,0,0,0,bullish,7,morning_star,0,0,1,0,0,0,1,1,0,1,2,3,1,3,21.85850000000005,4,0,1,1,A
2025-06-02 08:00:00,3352.655,3360.152,3344.361,3356.324,37333.0,159.0,0.0,0.0,0,0,0,bullish,0,none,0,0,0,1,0,0,0,1,0,1,1,2,1,2,21.44935714285719,8,0,1,1,A
2025-06-02 12:00:00,3356.296,3379.064,3350.32,3374.294,67940.0,159.0,0.0,0.0,0,0,0,bullish,0,none,0,0,0,1,0,0,1,1,0,1,2,3,1,3,21.414571428571435,12,0,1,1,A
2025-06-03 00:00:00,3387.407,3388.671,3359.728,3361.087,57041.0,159.0,0.0,0.0,0,0,1,bullish,8,evening_star,0,0,1,0,0,1,1,1,0,1,3,4,1,4,22.021785714285702,0,1,1,1,A
2025-06-03 04:00:00,3361.124,3367.756,3351.149,3359.648,41978.0,159.0,0.0,0.0,0,0,1,bullish,5,doji,0,0,1,0,0,1,1,1,0,1,3,4,1,4,20.958357142857135,4,1,1,1,A
2025-06-03 08:00:00,3359.752,3364.913,3353.305,3359.294,29164.0,159.0,0.0,0.0,0,0,1,bullish,5,doji,0,0,1,0,0,1,0,0,0,1,1,2,1,2,20.526214285714268,8,1,1,1,A
2025-06-03 12:00:00,3359.323,3363.095,3333.053,3350.304,62539.0,159.0,0.0,3333.053,0,0,1,bullish,0,none,1,0,0,0,1,1,1,1,0,1,4,5,1,5,21.811428571428547,12,1,1,1,A
2025-06-04 00:00:00,3359.943,3372.637,3346.464,3359.246,40470.0,159.0,0.0,0.0,0,0,1,bullish,5,doji,0,0,1,0,0,1,1,1,0,1,3,4,1,4,21.12892857142856,0,2,1,1,A
2025-06-04 12:00:00,3346.613,3384.637,3344.33,3371.754,68647.0,159.0,0.0,0.0,0,0,1,bullish,7,morning_star,0,0,1,0,0,1,1,1,0,1,3,4,1,4,20.266500000000015,12,2,1,1,A
2025-06-04 16:00:00,3371.724,3382.217,3370.832,3373.614,24700.0,159.0,0.0,0.0,0,0,1,bullish,4,inverted_hammer,0,0,1,0,0,1,0,0,0,1,1,2,1,2,19.951785714285734,16,2,1,1,A
2025-06-05 00:00:00,3378.099,3384.183,3368.204,3369.674,37951.0,159.0,0.0,0.0,0,0,1,bullish,2,bearish_engulfing,0,0,1,0,0,1,1,1,0,1,3,4,1,4,18.71950000000002,0,3,1,1,A
2025-06-05 12:00:00,3392.327,3400.169,3339.37,3344.766,136230.0,159.0,0.0,0.0,0,0,1,bullish,2,bearish_engulfing,0,0,1,0,0,1,1,1,0,1,3,4,1,4,22.200642857142935,12,3,1,1,A
2025-06-06 04:00:00,3369.675,3375.685,3352.794,3359.374,36896.0,159.0,0.0,0.0,0,0,1,bullish,8,evening_star,0,0,1,0,0,1,0,1,0,1,2,3,1,3,22.91342857142867,4,4,1,1,A
2025-06-06 08:00:00,3359.419,3367.782,3352.703,3358.292,32138.0,159.0,0.0,0.0,0,0,1,bullish,5,doji,0,0,1,0,0,1,0,0,0,1,1,2,1,2,22.121000000000095,8,4,1,1,A
2025-06-06 16:00:00,3332.182,3332.741,3311.358,3312.345,36024.0,159.0,0.0,0.0,0,0,1,bullish,0,none,0,0,0,1,0,0,0,1,0,1,1,2,1,2,24.336857142857234,16,4,1,1,A
2025-06-09 12:00:00,3317.412,3332.066,3310.698,3328.665,50692.0,159.0,0.0,0.0,0,0,0,bullish,1,bullish_engulfing,0,0,1,0,0,1,1,1,0,1,3,4,1,4,22.46921428571438,12,0,1,1,A
2025-06-09 20:00:00,3327.201,3329.5,3321.586,3326.766,12432.0,159.0,0.0,0.0,0,0,0,bullish,5,doji,0,0,1,0,0,1,0,0,0,1,1,2,1,2,18.032928571428688,20,0,1,1,A
2025-06-10 04:00:00,3307.592,3332.201,3302.789,3330.18,43423.0,159.0,0.0,0.0,0,0,0,bullish,1,bullish_engulfing,0,0,1,0,0,1,1,1,0,1,3,4,1,4,19.969142857142938,4,1,1,1,A
2025-06-10 12:00:00,3333.817,3349.153,3323.165,3326.692,59799.0,159.0,0.0,0.0,0,0,0,bullish,2,bearish_engulfing,0,0,1,0,0,1,1,1,0,1,3,4,1,4,20.285928571428617,12,1,1,1,A
2025-06-11 00:00:00,3327.936,3341.566,3325.008,3339.416,34883.0,159.0,0.0,0.0,0,0,0,bullish,7,morning_star,0,0,1,0,0,0,0,1,0,1,1,2,1,2,18.133214285714303,0,2,1,1,A
2025-06-12 00:00:00,3365.4,3377.786,3362.118,3373.436,47368.0,160.0,0.0,0.0,0,0,0,bullish,0,none,0,0,0,1,0,0,1,1,0,1,2,3,1,3,20.915357142857147,0,3,1,1,A
2025-06-12 08:00:00,3346.192,3388.581,3346.192,3379.285,56703.0,160.0,0.0,0.0,0,0,0,bullish,7,morning_star,0,0,1,0,0,0,1,1,0,1,2,3,1,3,24.256642857142815,8,3,1,1,A
2025-06-12 12:00:00,3379.252,3399.02,3376.347,3385.804,85727.0,160.0,0.0,0.0,0,0,0,bullish,4,inverted_hammer,0,0,1,0,0,0,1,1,0,1,2,3,1,3,23.77528571428567,12,3,1,1,A
2025-06-13 12:00:00,3422.207,3446.819,3420.906,3426.225,78571.0,160.0,0.0,0.0,0,0,0,bullish,4,inverted_hammer,0,0,1,0,0,0,1,1,0,1,2,3,1,3,26.870428571428583,12,4,1,1,A
2025-06-16 00:00:00,3444.166,3451.237,3429.244,3431.428,51243.0,160.0,0.0,0.0,0,0,1,bullish,2,bearish_engulfing,0,0,1,0,0,0,1,1,0,1,2,3,1,3,23.634571428571398,0,0,1,1,A
2025-06-16 12:00:00,3415.043,3418.075,3382.735,3404.563,86284.0,160.0,0.0,0.0,0,0,1,bullish,2,bearish_engulfing,0,0,1,0,0,0,1,1,0,1,2,3,1,3,21.97492857142853,12,0,1,1,A
2025-06-17 04:00:00,3387.557,3396.289,3381.074,3387.783,36314.0,160.0,0.0,0.0,0,0,1,bullish,5,doji,0,0,1,0,0,0,0,1,0,1,1,2,1,2,20.662571428571418,4,1,1,1,A
2025-06-17 08:00:00,3387.784,3400.203,3375.717,3388.635,45645.0,160.0,0.0,0.0,0,0,1,bullish,5,doji,0,0,1,0,0,0,0,1,0,1,1,2,1,2,20.80935714285712,8,1,1,1,A
2025-06-17 12:00:00,3388.65,3397.536,3366.079,3379.284,79129.0,160.0,0.0,0.0,0,0,1,bullish,2,bearish_engulfing,0,0,1,0,0,0,1,1,0,1,2,3,1,3,21.908999999999942,12,1,1,1,A
2025-06-18 04:00:00,3390.928,3400.011,3377.037,3385.991,36591.0,160.0,0.0,0.0,0,0,1,bullish,8,evening_star,0,0,1,0,0,0,0,1,0,1,1,2,1,2,22.08514285714279,4,2,1,1,A
2025-06-18 12:00:00,3381.999,3396.852,3373.833,3392.678,58416.0,160.0,0.0,0.0,0,0,1,bullish,1,bullish_engulfing,0,0,1,0,0,0,1,1,0,1,2,3,1,3,21.383928571428473,12,2,1,1,A
2025-06-19 00:00:00,3375.042,3387.941,3369.684,3373.609,35627.0,160.0,0.0,0.0,0,0,1,bullish,5,doji,0,0,1,0,0,0,0,1,0,1,1,2,1,2,21.25507142857129,0,3,1,1,A
2025-06-20 04:00:00,3355.539,3357.665,3340.345,3347.691,34510.0,160.0,0.0,3340.345,0,0,1,bullish,0,none,1,0,0,0,0,0,0,1,0,1,1,2,1,2,19.078571428571326,4,4,1,1,A
2025-06-23 08:00:00,3357.672,3382.017,3357.672,3380.596,32636.0,160.0,0.0,0.0,0,0,1,bullish,7,morning_star,0,0,1,0,0,0,0,1,0,1,1,2,1,2,16.716642857142784,8,0,1,1,A
2025-06-23 12:00:00,3380.659,3389.82,3355.868,3387.24,63707.0,160.0,0.0,0.0,0,0,1,bullish,3,hammer,0,0,1,0,0,0,1,1,0,1,2,3,1,3,17.941499999999937,12,0,1,1,A
2025-06-23 20:00:00,3376.32,3377.295,3341.446,3344.235,32776.0,160.0,0.0,0.0,0,0,1,bullish,0,none,0,0,0,1,0,1,0,1,0,1,2,3,1,3,20.39457142857139,20,0,1,1,A
2025-06-24 04:00:00,3352.403,3353.443,3316.022,3329.645,56489.0,160.0,0.0,0.0,0,0,1,bullish,8,evening_star,0,0,1,0,0,1,1,1,0,1,3,4,1,4,22.180285714285706,4,1,1,1,A
2025-06-24 16:00:00,3313.296,3325.184,3311.276,3323.479,27173.0,160.0,0.0,0.0,0,0,0,bullish,7,morning_star,0,0,1,0,0,1,0,0,0,1,1,2,1,2,21.580785714285735,16,1,1,1,A
2025-06-25 08:00:00,3330.656,3332.414,3321.397,3322.682,29340.0,160.0,0.0,0.0,0,0,0,bullish,2,bearish_engulfing,0,0,1,0,0,1,0,1,0,1,2,3,1,3,20.32971428571435,8,2,1,1,A
2025-06-26 00:00:00,3338.987,3343.199,3329.181,3337.976,30072.0,160.0,0.0,0.0,0,0,0,bullish,5,doji,0,0,1,0,0,1,0,1,0,1,2,3,1,3,17.33007142857147,0,3,1,1,A
2025-06-26 20:00:00,3331.407,3332.327,3316.234,3318.758,13439.0,160.0,0.0,0.0,0,0,0,bullish,2,bearish_engulfing,0,0,1,0,0,1,0,0,0,1,1,2,1,2,14.452857142857185,20,3,1,1,A
2025-06-27 00:00:00,3318.788,3322.068,3292.557,3294.318,38453.0,160.0,0.0,0.0,0,0,0,bullish,0,none,0,0,0,1,0,0,1,1,0,1,2,3,1,3,15.56735714285719,0,4,1,1,A
2025-06-27 04:00:00,3294.364,3300.941,3283.394,3284.458,45759.0,160.0,0.0,0.0,0,0,0,bullish,0,none,0,0,0,1,0,1,1,1,0,1,3,4,1,4,16.532214285714353,4,4,1,1,A
2025-06-30 00:00:00,3263.775,3283.272,3259.456,3278.981,40105.0,160.0,0.0,0.0,0,0,0,bullish,1,bullish_engulfing,0,0,1,0,0,1,1,1,0,1,3,4,1,4,19.358357142857194,0,0,1,1,A
2025-06-30 08:00:00,3292.879,3296.594,3274.488,3277.932,32263.0,160.0,0.0,0.0,0,0,0,bullish,2,bearish_engulfing,0,0,1,0,0,1,0,1,0,1,2,3,1,3,20.194214285714356,8,0,1,1,A
2025-07-01 08:00:00,3339.501,3353.08,3336.753,3349.017,30764.0,160.0,0.0,0.0,0,0,0,bullish,0,none,0,0,0,1,1,0,0,1,0,1,2,3,1,3,17.81850000000002,8,1,1,1,A
2025-07-02 00:00:00,3338.186,3344.987,3328.534,3339.959,34529.0,160.0,0.0,0.0,0,0,0,bullish,5,doji,0,0,1,0,0,0,1,1,0,1,2,3,1,3,17.093357142857126,0,2,1,1,A
2025-07-02 12:00:00,3342.214,3351.126,3333.842,3341.021,48356.0,160.0,0.0,0.0,0,0,0,bullish,5,doji,0,0,1,0,0,0,1,1,0,1,2,3,1,3,15.53271428571426,12,2,1,1,A
2025-07-02 16:00:00,3340.943,3359.519,3340.943,3358.258,22157.0,160.0,0.0,0.0,0,0,0,bullish,1,bullish_engulfing,0,0,1,1,0,0,0,0,0,2,0,2,2,2,15.280571428571355,16,2,1,1,A
2025-07-03 04:00:00,3347.437,3363.677,3347.384,3353.077,26534.0,160.0,0.0,0.0,0,0,1,bullish,1,bullish_engulfing,0,0,1,0,0,1,0,1,0,1,2,3,1,3,15.093285714285619,4,3,1,1,A
2025-07-03 08:00:00,3353.096,3358.378,3342.981,3346.073,27298.0,160.0,0.0,0.0,0,0,1,bullish,2,bearish_engulfing,0,0,1,0,0,0,0,1,0,1,1,2,1,2,15.28157142857133,8,3,1,1,A
2025-07-03 12:00:00,3346.041,3352.306,3311.535,3328.045,74559.0,160.0,0.0,3311.535,0,0,1,bullish,0,none,1,0,0,0,0,1,1,1,0,1,3,4,1,4,16.693857142857073,12,3,1,1,A
2025-07-03 16:00:00,3328.106,3334.862,3325.676,3328.749,15623.0,160.0,0.0,0.0,0,0,1,bullish,5,doji,0,0,1,0,0,1,0,0,0,1,1,2,1,2,16.183785714285673,16,3,1,1,A
2025-07-03 20:00:00,3328.713,3332.025,3323.611,3330.871,9808.0,160.0,0.0,0.0,0,0,1,bullish,3,hammer,0,0,1,0,0,1,0,0,0,1,1,2,1,2,15.28235714285714,20,3,1,1,A
2025-07-04 08:00:00,3342.95,3344.247,3331.466,3334.795,22771.0,160.0,0.0,0.0,0,0,1,bullish,2,bearish_engulfing,0,0,1,0,0,1,0,0,0,1,1,2,1,2,15.595071428571405,8,4,1,1,A
2025-07-04 16:00:00,3332.357,3335.945,3332.222,3335.07,2603.0,160.0,0.0,0.0,0,0,1,bullish,1,bullish_engulfing,0,0,1,0,0,1,0,0,0,1,1,2,1,2,14.145428571428576,16,4,1,1,A
2025-07-06 20:00:00,3341.408,3341.924,3326.187,3328.853,12001.0,160.0,0.0,0.0,0,0,1,bullish,2,bearish_engulfing,0,0,1,0,0,1,0,0,0,1,1,2,1,2,14.034928571428575,20,6,1,1,A
2025-07-07 00:00:00,3328.83,3329.726,3305.982,3310.848,40939.0,160.0,0.0,0.0,0,0,1,bullish,0,none,0,0,0,1,0,1,1,1,0,1,3,4,1,4,14.404071428571472,0,0,1,1,A
2025-07-07 04:00:00,3310.892,3315.245,3300.64,3302.217,35062.0,160.0,0.0,0.0,0,0,1,bullish,0,none,0,0,0,1,0,1,1,1,0,1,3,4,1,4,14.233428571428606,4,0,1,1,A
2025-07-07 08:00:00,3302.247,3312.749,3296.296,3301.982,39679.0,160.0,0.0,0.0,0,0,1,bullish,5,doji,0,0,1,0,1,1,1,1,0,1,4,5,1,5,14.723214285714318,8,0,1,1,A
2025-07-07 12:00:00,3301.94,3322.031,3300.376,3320.849,46079.0,160.0,0.0,0.0,0,0,1,bullish,1,bullish_engulfing,0,0,1,0,0,1,1,1,0,1,3,4,1,4,15.106214285714291,12,0,1,1,A
2025-07-08 08:00:00,3333.906,3333.906,3319.94,3324.971,29564.0,160.0,0.0,0.0,0,0,1,bullish,8,evening_star,0,0,1,0,0,1,1,0,0,1,2,3,1,3,13.679785714285734,8,1,1,1,A
2025-07-09 04:00:00,3293.244,3297.875,3285.495,3291.852,32856.0,160.0,0.0,0.0,0,0,1,bullish,5,doji,0,0,1,0,0,0,1,1,0,1,2,3,1,3,17.354714285714312,4,2,0,0,A
2025-07-09 12:00:00,3284.969,3312.916,3284.969,3309.606,45595.0,160.0,0.0,0.0,0,0,0,bullish,7,morning_star,0,0,1,0,0,1,1,1,0,1,3,4,1,4,17.568428571428576,12,2,0,0,A
2025-07-10 00:00:00,3317.559,3326.415,3315.362,3315.747,25406.0,160.0,0.0,0.0,0,0,0,bullish,6,shooting_star,0,0,1,0,0,1,0,0,0,1,1,2,1,2,15.506928571428555,0,3,0,0,A
2025-07-10 04:00:00,3315.682,3329.486,3314.773,3321.047,23395.0,160.0,0.0,0.0,0,0,0,bullish,1,bullish_engulfing,0,0,1,0,0,1,0,0,0,1,1,2,1,2,15.707071428571387,4,3,0,0,A
2025-07-10 12:00:00,3320.424,3329.472,3310.064,3319.743,48497.0,160.0,0.0,0.0,0,0,0,bullish,5,doji,0,0,1,0,0,1,1,1,0,1,3,4,1,4,16.476999999999958,12,3,0,0,A
2025-07-10 16:00:00,3319.711,3325.91,3312.108,3324.826,23033.0,160.0,0.0,0.0,0,0,0,bullish,1,bullish_engulfing,0,0,1,0,0,1,0,0,0,1,1,2,1,2,16.4646428571428,16,3,0,0,A
2025-07-11 00:00:00,3323.764,3336.154,3323.637,3333.765,31096.0,160.0,0.0,0.0,0,0,0,bullish,1,bullish_engulfing,0,0,1,0,0,1,1,1,0,1,3,4,1,4,13.59821428571422,0,4,0,0,A
2025-07-11 04:00:00,3333.757,3343.827,3329.517,3341.833,31608.0,160.0,0.0,0.0,0,0,0,bullish,0,none,0,0,0,1,0,1,1,1,0,1,3,4,1,4,14.129285714285677,4,4,0,0,A
2025-07-11 08:00:00,3341.789,3350.305,3332.669,3347.507,31827.0,160.0,0.0,0.0,0,0,0,bullish,0,none,0,0,0,1,0,0,1,1,0,1,2,3,1,3,13.73942857142853,8,4,0,0,A
2025-07-15 08:00:00,3364.374,3366.356,3353.954,3354.932,28214.0,160.0,0.0,0.0,0,0,1,bullish,2,bearish_engulfing,0,0,1,0,0,0,1,1,0,1,2,3,1,3,14.428142857142834,8,1,1,1,A
2025-07-17 08:00:00,3325.925,3332.523,3322.39,3324.254,24884.0,160.0,0.0,0.0,0,0,1,bullish,0,none,0,0,0,1,0,0,0,1,0,1,1,2,1,2,16.213285714285803,8,3,1,1,A
2025-07-17 20:00:00,3339.768,3344.009,3337.481,3340.139,11345.0,160.0,0.0,0.0,0,0,1,bullish,5,doji,0,0,1,0,0,1,0,0,0,1,1,2,1,2,15.173000000000034,20,3,1,1,A
2025-07-18 00:00:00,3340.176,3344.261,3334.038,3334.528,23916.0,160.0,0.0,0.0,0,0,1,bullish,2,bearish_engulfing,0,0,1,0,0,1,0,1,0,1,2,3,1,3,15.066214285714295,0,4,1,1,A
2025-07-18 04:00:00,3334.598,3350.131,3331.762,3349.823,23362.0,160.0,0.0,0.0,0,0,1,bullish,7,morning_star,0,0,1,0,1,1,0,0,0,1,2,3,1,3,15.879142857142856,4,4,1,1,A
2025-07-18 12:00:00,3354.458,3361.273,3351.143,3353.654,41070.0,160.0,0.0,0.0,0,0,1,bullish,5,doji,0,0,1,0,0,1,1,1,0,1,3,4,1,4,16.050571428571466,12,4,1,1,A
2025-07-21 00:00:00,3349.168,3358.641,3347.624,3351.286,21769.0,160.0,0.0,0.0,0,0,1,bullish,4,inverted_hammer,0,0,1,0,1,1,0,0,0,1,2,3,1,3,11.60114285714287,0,0,1,1,A
