Timeframe,Total Signals,BOS Count,CHoCH Count,Avg Score,Max Score,Min Score,Unique Pattern Codes
M5,367,297,4,2.3950953678474116,4,2,6
M15,391,304,8,2.3452685421994883,4,2,6
H1,414,372,9,2.3502415458937196,4,2,6
H4,451,400,11,2.379157427937916,4,2,6
D1,359,285,8,2.370473537604457,4,2,6
