tf,grade,trades,winrate,mean_reward
M5,A+,0,0.0,0.0
M5,A,0,0.0,0.0
M5,B,5,60.0,759.5600000000001
M5,C,0,0.0,0.0
M15,A+,0,0.0,0.0
M15,A,7,28.57142857142857,-53.83857142857141
M15,B,11,54.54545454545454,655.1963636363636
M15,C,0,0.0,0.0
H1,A+,1,100.0,3760.93
H1,A,3,33.33333333333333,-187.64666666666668
H1,B,5,60.0,1467.976
H1,C,0,0.0,0.0
H4,A+,0,0.0,0.0
H4,A,0,0.0,0.0
H4,B,3,66.66666666666666,898.8533333333334
H4,C,0,0.0,0.0
