order_id,symbol,tf,session,created_at,side,entry,sl,tp,lot,prob_win,prob_win_cal,slippage,tif,expiry_bars,comment
c67f170bcd27b36b,XAUUSD,H4,NY,2025-08-09T17:11:29.256211Z,buy,2063.543,2056.0549285714287,2078.519142857143,0.06,0.5,0.5,0.0,GTC,4,ML
6c1ef71cff9a697c,XAUUSD,H4,London,2025-08-09T17:11:29.256211Z,buy,2059.305,2050.9902857142856,2075.9344285714283,0.06,0.5,0.5,0.0,GTC,4,ML
ad6a409b51f5678a,XAUUSD,H4,NY,2025-08-09T17:11:29.256211Z,buy,2059.476,2051.8095000000003,2074.809,0.06,0.5,0.5,0.0,GTC,4,ML
139cf704ed08114d,XAUUSD,H4,Off,2025-08-09T17:11:29.256211Z,buy,2062.915,2055.1314285714284,2078.4821428571427,0.06,0.5,0.5,0.0,GTC,4,ML
a9aafd393ce25341,XAUUSD,H4,NY,2025-08-09T17:11:29.256211Z,buy,2042.666,2033.5607142857143,2060.8765714285714,0.05,0.5,0.5,0.0,GTC,4,ML
e581276c8e419d71,XAUUSD,H4,Off,2025-08-09T17:11:29.256211Z,buy,2044.684,2035.4375,2063.177,0.05,0.5,0.5,0.0,GTC,4,ML
22281910daefb743,XAUUSD,H4,Off,2025-08-09T17:11:29.256211Z,buy,2047.599,2038.0817142857145,2066.6335714285715,0.05,0.5,0.5,0.0,GTC,4,ML
ed3a230a5f0d23f0,XAUUSD,H4,London,2025-08-09T17:11:29.256211Z,buy,2045.136,2035.7642142857144,2063.879571428572,0.05,0.5,0.5,0.0,GTC,4,ML
1224cda534b98417,XAUUSD,H4,London,2025-08-09T17:11:29.256211Z,buy,2044.3,2035.0026428571427,2062.894714285714,0.05,0.5,0.5,0.0,GTC,4,ML
d64890c0d4a99535,XAUUSD,H4,NY,2025-08-09T17:11:29.256211Z,buy,2043.865,2035.4685714285715,2060.657857142857,0.06,0.5,0.5,0.0,GTC,4,ML
d77c5cf930b7f0c3,XAUUSD,H4,London,2025-08-09T17:11:29.256211Z,buy,2045.682,2034.9572857142855,2067.131428571429,0.04,0.5,0.5,0.0,GTC,4,ML
8b9dd474eef4073e,XAUUSD,H4,NY,2025-08-09T17:11:29.256211Z,buy,2044.208,2035.1101428571428,2062.4037142857146,0.05,0.5,0.5,0.0,GTC,4,ML
6499f5233c74eff1,XAUUSD,H4,Off,2025-08-09T17:11:29.256211Z,buy,2036.098,2026.692357142857,2054.909285714286,0.05,0.5,0.5,0.0,GTC,4,ML
9ebc97c1d85d4a25,XAUUSD,H4,Off,2025-08-09T17:11:29.256211Z,buy,2031.393,2021.7242142857144,2050.730571428572,0.05,0.5,0.5,0.0,GTC,4,ML
ed21d1e96891b82a,XAUUSD,H4,London,2025-08-09T17:11:29.256211Z,buy,2047.283,2036.8646428571428,2068.119714285714,0.05,0.5,0.5,0.0,GTC,4,ML
0e0d971f2bf998c3,XAUUSD,H4,NY,2025-08-09T17:11:29.256211Z,buy,2049.032,2039.1618571428571,2068.7722857142858,0.05,0.5,0.5,0.0,GTC,4,ML
2b8dfd22c20b7b80,XAUUSD,H4,NY,2025-08-09T17:11:29.256211Z,buy,2047.612,2038.1289285714288,2066.578142857143,0.05,0.5,0.5,0.0,GTC,4,ML
628f178ed70877f0,XAUUSD,H4,Off,2025-08-09T17:11:29.256211Z,buy,2057.376,2047.4398571428571,2077.248285714286,0.05,0.5,0.5,0.0,GTC,4,ML
8275c79f7ad890a1,XAUUSD,H4,Off,2025-08-09T17:11:29.256211Z,buy,2054.114,2044.244,2073.8540000000003,0.05,0.5,0.5,0.0,GTC,4,ML
5fb8331a5b6e9457,XAUUSD,H4,London,2025-08-09T17:11:29.256211Z,buy,2053.257,2043.2216428571428,2073.3277142857146,0.05,0.5,0.5,0.0,GTC,4,ML
f785ed3865a0eeb8,XAUUSD,H4,NY,2025-08-09T17:11:29.256211Z,buy,2053.841,2046.1642142857145,2069.194571428571,0.06,0.5,0.5,0.0,GTC,4,ML
d15f76833f241c39,XAUUSD,H4,Off,2025-08-09T17:11:29.256211Z,buy,2049.436,2042.1763571428571,2063.9552857142858,0.06,0.5,0.5,0.0,GTC,4,ML
af2be91f9405acb6,XAUUSD,H4,London,2025-08-09T17:11:29.256211Z,buy,2039.874,2032.3842142857145,2054.8535714285717,0.06,0.5,0.5,0.0,GTC,4,ML
23847c2d597d8ce2,XAUUSD,H4,NY,2025-08-09T17:11:29.256211Z,buy,2027.826,2020.867642857143,2041.7427142857143,0.07,0.5,0.5,0.0,GTC,4,ML
f4b1e9efbf87d845,XAUUSD,H4,NY,2025-08-09T17:11:29.256211Z,buy,2054.627,2044.5490714285716,2074.782857142857,0.05,0.5,0.5,0.0,GTC,4,ML
d47ade0f7e5cd86a,XAUUSD,H4,London,2025-08-09T17:11:29.256211Z,buy,2038.052,2026.2212857142856,2061.7134285714287,0.04,0.5,0.5,0.0,GTC,4,ML
13da547f0fdee734,XAUUSD,H4,NY,2025-08-09T17:11:29.256211Z,buy,2039.607,2028.9312857142857,2060.9584285714286,0.04,0.5,0.5,0.0,GTC,4,ML
7689887332a46e63,XAUUSD,H4,NY,2025-08-09T17:11:29.256211Z,buy,2039.716,2029.8299285714284,2059.488142857143,0.05,0.5,0.5,0.0,GTC,4,ML
e804e12ccaf26669,XAUUSD,H4,Off,2025-08-09T17:11:29.256211Z,buy,2032.222,2022.7289285714285,2051.208142857143,0.05,0.5,0.5,0.0,GTC,4,ML
f02ed665b7538fe1,XAUUSD,H4,London,2025-08-09T17:11:29.256211Z,buy,2027.577,2018.1975714285716,2046.335857142857,0.05,0.5,0.5,0.0,GTC,4,ML
eb7aaff9d3b7c5fa,XAUUSD,H4,London,2025-08-09T17:11:29.256211Z,buy,2025.928,2017.4785714285715,2042.8268571428573,0.06,0.5,0.5,0.0,GTC,4,ML
4d41a8d72c1f26a5,XAUUSD,H4,NY,2025-08-09T17:11:29.256211Z,buy,2024.859,2017.2142142857144,2040.1485714285716,0.06,0.5,0.5,0.0,GTC,4,ML
37504d950c676911,XAUUSD,H4,London,2025-08-09T17:11:29.256211Z,buy,2026.696,2018.6605,2042.767,0.06,0.5,0.5,0.0,GTC,4,ML
78000f98a4309aa8,XAUUSD,H4,London,2025-08-09T17:11:29.256211Z,buy,2036.285,2027.5682142857145,2053.7185714285715,0.05,0.5,0.5,0.0,GTC,4,ML
37221091b70e0711,XAUUSD,H4,NY,2025-08-09T17:11:29.256211Z,buy,2035.069,2028.2152142857144,2048.7765714285715,0.07,0.5,0.5,0.0,GTC,4,ML
bdf213efa5cc7e4b,XAUUSD,H4,Off,2025-08-09T17:11:29.256211Z,buy,2034.442,2027.7134285714285,2047.899142857143,0.07,0.5,0.5,0.0,GTC,4,ML
b1dcd884a0985ad4,XAUUSD,H4,Off,2025-08-09T17:11:29.256211Z,buy,2035.124,2028.3514285714289,2048.669142857143,0.07,0.5,0.5,0.0,GTC,4,ML
30b90f8387fb7f0e,XAUUSD,H4,London,2025-08-09T17:11:29.256211Z,buy,2035.511,2028.6285714285716,2049.275857142857,0.07,0.5,0.5,0.0,GTC,4,ML
a12841c6f9ec6fa9,XAUUSD,H4,Off,2025-08-09T17:11:29.256211Z,buy,2032.755,2026.821571428572,2044.6218571428572,0.08,0.5,0.5,0.0,GTC,4,ML
d21e9554a8702a47,XAUUSD,H4,NY,2025-08-09T17:11:29.256211Z,buy,2034.123,2027.7855,2046.798,0.07,0.5,0.5,0.0,GTC,4,ML
d9108979853c31e0,XAUUSD,H4,Off,2025-08-09T17:11:29.256211Z,buy,2033.548,2027.4702142857143,2045.7035714285716,0.08,0.5,0.5,0.0,GTC,4,ML
30b31f9bb8587c8a,XAUUSD,H4,London,2025-08-09T17:11:29.256211Z,buy,2024.749,2017.6069285714289,2039.0331428571428,0.07,0.5,0.5,0.0,GTC,4,ML
8724f56f0f4941b3,XAUUSD,H4,NY,2025-08-09T17:11:29.256211Z,buy,2025.266,2019.2739285714283,2037.250142857143,0.08,0.5,0.5,0.0,GTC,4,ML
7dd090fafc5d960a,XAUUSD,H4,Off,2025-08-09T17:11:29.256211Z,buy,2025.501,2019.5809285714288,2037.3411428571428,0.08,0.5,0.5,0.0,GTC,4,ML
21b15730ce7e0013,XAUUSD,H4,London,2025-08-09T17:11:29.256211Z,buy,2019.158,2012.9469285714283,2031.5801428571428,0.07,0.5,0.5,0.0,GTC,4,ML
9a8fcaa49bd3cad2,XAUUSD,H4,London,2025-08-09T17:11:29.256211Z,buy,2027.666,2021.236357142857,2040.5252857142857,0.07,0.5,0.5,0.0,GTC,4,ML
ed6a24a22670825a,XAUUSD,H4,NY,2025-08-09T17:11:29.256211Z,buy,1991.193,1982.8425714285715,2007.893857142857,0.06,0.5,0.5,0.0,GTC,4,ML
1244f72d111e1dce,XAUUSD,H4,Off,2025-08-09T17:11:29.256211Z,buy,1989.439,1980.8074285714283,2006.702142857143,0.05,0.5,0.5,0.0,GTC,4,ML
286a3354aedfd149,XAUUSD,H4,London,2025-08-09T17:11:29.256211Z,buy,1992.2,1983.3797857142856,2009.840428571429,0.05,0.5,0.5,0.0,GTC,4,ML
7b9fed5b29f9893f,XAUUSD,H4,London,2025-08-09T17:11:29.256211Z,buy,2023.306,2017.7099285714285,2034.498142857143,0.08,0.5,0.5,0.0,GTC,4,ML
9818a032c24ba2c3,XAUUSD,H4,NY,2025-08-09T17:11:29.256211Z,buy,2024.677,2019.358357142857,2035.3142857142857,0.09,0.5,0.5,0.0,GTC,4,ML
aa2c1fab274de2c3,XAUUSD,H4,Off,2025-08-09T17:11:29.256211Z,buy,2025.688,2020.3357857142855,2036.3924285714288,0.09,0.5,0.5,0.0,GTC,4,ML
ec983bf3acef6482,XAUUSD,H4,Off,2025-08-09T17:11:29.256211Z,buy,2021.801,2015.9746428571427,2033.4537142857143,0.08,0.5,0.5,0.0,GTC,4,ML
7522af6d570796d1,XAUUSD,H4,London,2025-08-09T17:11:29.256211Z,buy,2030.038,2023.9117857142855,2042.2904285714287,0.08,0.5,0.5,0.0,GTC,4,ML
d47b6b9cd26ecec7,XAUUSD,H4,NY,2025-08-09T17:11:29.256211Z,buy,2035.524,2029.2530714285715,2048.065857142857,0.07,0.5,0.5,0.0,GTC,4,ML
91512cb2680d82b3,XAUUSD,H4,NY,2025-08-09T17:11:29.256211Z,buy,2034.224,2028.2471428571428,2046.1777142857145,0.08,0.5,0.5,0.0,GTC,4,ML
3aad7657bf1d06da,XAUUSD,H4,Off,2025-08-09T17:11:29.256211Z,buy,2032.442,2026.3724285714288,2044.5811428571428,0.08,0.5,0.5,0.0,GTC,4,ML
72de032b9ede74e2,XAUUSD,H4,London,2025-08-09T17:11:29.256211Z,buy,2029.104,2022.9252857142856,2041.4614285714283,0.07,0.5,0.5,0.0,GTC,4,ML
5b1f700e1f992079,XAUUSD,H4,Off,2025-08-09T17:11:29.256211Z,buy,2033.372,2027.678142857143,2044.7597142857144,0.08,0.5,0.5,0.0,GTC,4,ML
60771b09936756c3,XAUUSD,H4,Off,2025-08-09T17:11:29.256211Z,buy,2035.386,2029.7787857142855,2046.6004285714284,0.08,0.5,0.5,0.0,GTC,4,ML
27d5157424de6383,XAUUSD,H4,NY,2025-08-09T17:11:29.256211Z,buy,2034.303,2029.5112857142856,2043.8864285714287,0.09,0.5,0.5,0.0,GTC,4,ML
e26a1588513e56a5,XAUUSD,H4,NY,2025-08-09T17:11:29.256211Z,buy,2043.981,2037.7670714285716,2056.408857142857,0.07,0.5,0.5,0.0,GTC,4,ML
5afcf6669235ee05,XAUUSD,H4,Off,2025-08-09T17:11:29.256211Z,buy,2046.518,2040.4941428571428,2058.5657142857144,0.08,0.5,0.5,0.0,GTC,4,ML
eb9e73f0e9b7658b,XAUUSD,H4,NY,2025-08-09T17:11:29.256211Z,buy,2083.44,2074.3427142857145,2101.634571428572,0.05,0.5,0.5,0.0,GTC,4,ML
2038853217443a52,XAUUSD,H4,Off,2025-08-09T17:11:29.256211Z,buy,2087.334,2077.7741428571426,2106.453714285714,0.05,0.5,0.5,0.0,GTC,4,ML
d7f87c1277db9e74,XAUUSD,H4,London,2025-08-09T17:11:29.256211Z,buy,2082.112,2072.3967142857146,2101.542571428572,0.05,0.5,0.5,0.0,GTC,4,ML
53d27d2d20e6e3f6,XAUUSD,H4,London,2025-08-09T17:11:29.256211Z,buy,2116.24,2105.862428571428,2136.9951428571426,0.05,0.5,0.5,0.0,GTC,4,ML
07f01526ae3b4f5f,XAUUSD,H4,NY,2025-08-09T17:11:29.256211Z,buy,2114.48,2104.0989285714286,2135.242142857143,0.05,0.5,0.5,0.0,GTC,4,ML
eda8dacea52d58dc,XAUUSD,H4,Off,2025-08-09T17:11:29.256211Z,buy,2112.96,2102.309142857143,2134.2617142857143,0.04,0.5,0.5,0.0,GTC,4,ML
733ff6d6e63ecce2,XAUUSD,H4,London,2025-08-09T17:11:29.256211Z,buy,2126.618,2115.045357142857,2149.7632857142858,0.04,0.5,0.5,0.0,GTC,4,ML
a56b3884cef39d4d,XAUUSD,H4,NY,2025-08-09T17:11:29.256211Z,buy,2128.162,2118.667857142857,2147.150285714285,0.05,0.5,0.5,0.0,GTC,4,ML
b5979fc3983edf11,XAUUSD,H4,Off,2025-08-09T17:11:29.256211Z,buy,2124.697,2115.057357142857,2143.976285714286,0.05,0.5,0.5,0.0,GTC,4,ML
4a28e9c4b88c1c83,XAUUSD,H4,Off,2025-08-09T17:11:29.256211Z,buy,2128.478,2118.613714285714,2148.206571428572,0.05,0.5,0.5,0.0,GTC,4,ML
3801c3b909266bb5,XAUUSD,H4,London,2025-08-09T17:11:29.256211Z,buy,2132.474,2122.3692142857144,2152.683571428572,0.05,0.5,0.5,0.0,GTC,4,ML
782870c2651bb6e4,XAUUSD,H4,London,2025-08-09T17:11:29.256211Z,buy,2140.923,2130.087428571428,2162.5941428571427,0.04,0.5,0.5,0.0,GTC,4,ML
2d25b8b7cbb14635,XAUUSD,H4,NY,2025-08-09T17:11:29.256211Z,buy,2147.192,2137.2949285714285,2166.986142857143,0.05,0.5,0.5,0.0,GTC,4,ML
17dd29147f94812a,XAUUSD,H4,Off,2025-08-09T17:11:29.256211Z,buy,2155.951,2145.984785714286,2175.883428571429,0.05,0.5,0.5,0.0,GTC,4,ML
d98a6236a9838b27,XAUUSD,H4,London,2025-08-09T17:11:29.256211Z,buy,2153.701,2143.020857142857,2175.061285714286,0.04,0.5,0.5,0.0,GTC,4,ML
9325cb0b0543f36f,XAUUSD,H4,NY,2025-08-09T17:11:29.256211Z,buy,2161.467,2152.106642857143,2180.1877142857147,0.05,0.5,0.5,0.0,GTC,4,ML
1663492d05336ca8,XAUUSD,H4,London,2025-08-09T17:11:29.256211Z,buy,2177.164,2165.821428571429,2199.8491428571438,0.04,0.5,0.5,0.0,GTC,4,ML
ceec9eefd390632f,XAUUSD,H4,NY,2025-08-09T17:11:29.256211Z,buy,2181.567,2170.3965,2203.908,0.04,0.5,0.5,0.0,GTC,4,ML
316dc8e7e85f2a58,XAUUSD,H4,Off,2025-08-09T17:11:29.256211Z,buy,2182.2,2170.8942857142856,2204.8114285714287,0.04,0.5,0.5,0.0,GTC,4,ML
ee9078bdf61c901c,XAUUSD,H4,London,2025-08-09T17:11:29.256211Z,buy,2184.27,2172.846,2207.118,0.04,0.5,0.5,0.0,GTC,4,ML
35f344bd69a64d64,XAUUSD,H4,London,2025-08-09T17:11:29.256211Z,buy,2181.291,2170.532071428572,2202.808857142857,0.04,0.5,0.5,0.0,GTC,4,ML
17f9021e212c47b5,XAUUSD,H4,NY,2025-08-09T17:11:29.256211Z,buy,2183.552,2173.335642857143,2203.9847142857143,0.05,0.5,0.5,0.0,GTC,4,ML
6ed8a91b636a906c,XAUUSD,H4,London,2025-08-09T17:11:29.256211Z,buy,2171.956,2161.5265,2192.815,0.05,0.5,0.5,0.0,GTC,4,ML
b402a1da0cabca52,XAUUSD,H4,London,2025-08-09T17:11:29.256211Z,buy,2163.015,2151.1995714285717,2186.645857142857,0.04,0.5,0.5,0.0,GTC,4,ML
aac0fec3bb54309e,XAUUSD,H4,Off,2025-08-09T17:11:29.256211Z,buy,2159.648,2150.359142857143,2178.2257142857147,0.05,0.5,0.5,0.0,GTC,4,ML
dd780516833575f5,XAUUSD,H4,London,2025-08-09T17:11:29.256211Z,buy,2163.925,2155.027642857143,2181.7197142857144,0.05,0.5,0.5,0.0,GTC,4,ML
c0c93810e8b3ac45,XAUUSD,H4,London,2025-08-09T17:11:29.256211Z,buy,2171.759,2162.3465,2190.5840000000003,0.05,0.5,0.5,0.0,GTC,4,ML
ce9d362ea280aed5,XAUUSD,H4,NY,2025-08-09T17:11:29.256211Z,buy,2175.361,2166.2425,2193.598,0.05,0.5,0.5,0.0,GTC,4,ML
04fddbfd38a483b4,XAUUSD,H4,Off,2025-08-09T17:11:29.256211Z,buy,2172.264,2163.2670714285714,2190.257857142857,0.05,0.5,0.5,0.0,GTC,4,ML
8a7bcb066f73c1e2,XAUUSD,H4,London,2025-08-09T17:11:29.256211Z,buy,2163.449,2153.730785714286,2182.8854285714287,0.05,0.5,0.5,0.0,GTC,4,ML
507de5d72cce43e8,XAUUSD,H4,NY,2025-08-09T17:11:29.256211Z,buy,2161.62,2153.787357142857,2177.2852857142857,0.06,0.5,0.5,0.0,GTC,4,ML
452a1f7b23a264c7,XAUUSD,H4,NY,2025-08-09T17:11:29.256211Z,buy,2155.697,2148.509,2170.0730000000003,0.07,0.5,0.5,0.0,GTC,4,ML
4198a6291b1179d4,XAUUSD,H4,NY,2025-08-09T17:11:29.256211Z,buy,2156.516,2149.8143571428573,2169.9192857142857,0.07,0.5,0.5,0.0,GTC,4,ML
3b906b721c8b5689,XAUUSD,H4,London,2025-08-09T17:11:29.256211Z,buy,2174.68,2160.0489285714284,2203.9421428571427,0.03,0.5,0.5,0.0,GTC,4,ML
a30b1ee3870a270f,XAUUSD,H4,London,2025-08-09T17:11:29.256211Z,buy,2181.426,2166.6894285714284,2210.8991428571426,0.03,0.5,0.5,0.0,GTC,4,ML
d9a4c6bd47a362b8,XAUUSD,H4,NY,2025-08-09T17:11:29.256211Z,buy,2181.491,2167.344785714285,2209.7834285714284,0.03,0.5,0.5,0.0,GTC,4,ML
755055c76573d389,XAUUSD,H4,London,2025-08-09T17:11:29.256211Z,buy,2166.095,2149.6815714285717,2198.921857142857,0.03,0.5,0.5,0.0,GTC,4,ML
9bd9268ea8e9df9a,XAUUSD,H4,NY,2025-08-09T17:11:29.256211Z,buy,2165.338,2149.4435000000003,2197.1270000000004,0.03,0.5,0.5,0.0,GTC,4,ML
dd6366b30af2f9dc,XAUUSD,H4,NY,2025-08-09T17:11:29.256211Z,buy,2168.337,2154.550857142857,2195.909285714286,0.03,0.5,0.5,0.0,GTC,4,ML
ebf5503eb9c9d87c,XAUUSD,H4,Off,2025-08-09T17:11:29.256211Z,buy,2170.602,2157.8020714285717,2196.201857142857,0.04,0.5,0.5,0.0,GTC,4,ML
c9d2d528839f610b,XAUUSD,H4,London,2025-08-09T17:11:29.256211Z,buy,2170.398,2158.4815000000003,2194.231,0.04,0.5,0.5,0.0,GTC,4,ML
bb5076ee43c17a62,XAUUSD,H4,London,2025-08-09T17:11:29.256211Z,buy,2175.412,2163.777214285714,2198.6815714285717,0.04,0.5,0.5,0.0,GTC,4,ML
90cc1e8a362d09a4,XAUUSD,H4,London,2025-08-09T17:11:29.256211Z,buy,2170.945,2161.8376428571432,2189.1597142857145,0.05,0.5,0.5,0.0,GTC,4,ML
520f97ee034ed4ac,XAUUSD,H4,NY,2025-08-09T17:11:29.256211Z,buy,2172.878,2164.3722857142857,2189.8894285714287,0.06,0.5,0.5,0.0,GTC,4,ML
0f269a152aea67f3,XAUUSD,H4,London,2025-08-09T17:11:29.256211Z,buy,2174.245,2163.5659285714287,2195.6031428571428,0.04,0.5,0.5,0.0,GTC,4,ML
3c60b4258f4ee1ff,XAUUSD,H4,London,2025-08-09T17:11:29.256211Z,buy,2177.876,2167.8887142857147,2197.850571428572,0.05,0.5,0.5,0.0,GTC,4,ML
5e0081e36c19931d,XAUUSD,H4,Off,2025-08-09T17:11:29.256211Z,buy,2177.725,2167.750071428572,2197.674857142857,0.05,0.5,0.5,0.0,GTC,4,ML
e84a7108a037b724,XAUUSD,H4,London,2025-08-09T17:11:29.256211Z,buy,2188.403,2177.8543571428568,2209.5002857142854,0.05,0.5,0.5,0.0,GTC,4,ML
49c9d2cde465ddf5,XAUUSD,H4,London,2025-08-09T17:11:29.256211Z,buy,2190.495,2179.6877142857143,2212.109571428571,0.04,0.5,0.5,0.0,GTC,4,ML
ab4737eefae6043f,XAUUSD,H4,London,2025-08-09T17:11:29.256211Z,buy,2193.284,2182.676928571429,2214.4981428571427,0.05,0.5,0.5,0.0,GTC,4,ML
0017dd53a373bc4b,XAUUSD,H4,NY,2025-08-09T17:11:29.256211Z,buy,2190.969,2180.7560714285714,2211.3948571428573,0.05,0.5,0.5,0.0,GTC,4,ML
8283e62f031e5a52,XAUUSD,H4,Off,2025-08-09T17:11:29.256211Z,buy,2194.774,2184.4180714285712,2215.485857142857,0.05,0.5,0.5,0.0,GTC,4,ML
00d8da2f5ff8e48f,XAUUSD,H4,Off,2025-08-09T17:11:29.256211Z,buy,2193.719,2182.9747857142856,2215.207428571429,0.04,0.5,0.5,0.0,GTC,4,ML
50a123332e331313,XAUUSD,H4,London,2025-08-09T17:11:29.256211Z,buy,2221.638,2210.1760714285715,2244.561857142857,0.04,0.5,0.5,0.0,GTC,4,ML
e6fbc272fb8b6ad5,XAUUSD,H4,NY,2025-08-09T17:11:29.256211Z,buy,2232.587,2221.764714285714,2254.2315714285714,0.04,0.5,0.5,0.0,GTC,4,ML
b309568ae4b62ca3,XAUUSD,H4,NY,2025-08-09T17:11:29.256211Z,buy,2244.928,2233.407,2267.97,0.04,0.5,0.5,0.0,GTC,4,ML
aaf3fb647a85cbc0,XAUUSD,H4,Off,2025-08-09T17:11:29.256211Z,buy,2257.535,2244.8561428571425,2282.892714285714,0.04,0.5,0.5,0.0,GTC,4,ML
04023b20d2e92369,XAUUSD,H4,London,2025-08-09T17:11:29.256211Z,buy,2246.851,2233.4953571428573,2273.5622857142857,0.04,0.5,0.5,0.0,GTC,4,ML
2dc0f415480e8db6,XAUUSD,H4,London,2025-08-09T17:11:29.256211Z,buy,2239.638,2225.6910714285714,2267.531857142857,0.03,0.5,0.5,0.0,GTC,4,ML
af9c4c1ac325da65,XAUUSD,H4,London,2025-08-09T17:11:29.256211Z,buy,2244.669,2230.847357142857,2272.3122857142857,0.03,0.5,0.5,0.0,GTC,4,ML
dfaeb3f61a557549,XAUUSD,H4,NY,2025-08-09T17:11:29.256211Z,buy,2248.935,2234.5775714285714,2277.6498571428574,0.03,0.5,0.5,0.0,GTC,4,ML
757afe844e33906c,XAUUSD,H4,Off,2025-08-09T17:11:29.256211Z,buy,2251.531,2236.950357142857,2280.692285714286,0.03,0.5,0.5,0.0,GTC,4,ML
74ed51aefe74b172,XAUUSD,H4,Off,2025-08-09T17:11:29.256211Z,buy,2256.373,2241.7705,2285.578,0.03,0.5,0.5,0.0,GTC,4,ML
8414fe818016507f,XAUUSD,H4,London,2025-08-09T17:11:29.256211Z,buy,2260.526,2245.656571428571,2290.264857142857,0.03,0.5,0.5,0.0,GTC,4,ML
c8e26ea9f0f27789,XAUUSD,H4,NY,2025-08-09T17:11:29.256211Z,buy,2280.206,2264.3419285714285,2311.934142857143,0.03,0.5,0.5,0.0,GTC,4,ML
2175399702dfca2f,XAUUSD,H4,Off,2025-08-09T17:11:29.256211Z,buy,2271.188,2255.5759285714284,2302.412142857143,0.03,0.5,0.5,0.0,GTC,4,ML
fa8d109db8a56a92,XAUUSD,H4,London,2025-08-09T17:11:29.256211Z,buy,2273.785,2259.0909285714283,2303.173142857143,0.03,0.5,0.5,0.0,GTC,4,ML
676acd023ee24218,XAUUSD,H4,NY,2025-08-09T17:11:29.256211Z,buy,2297.448,2283.1449285714284,2326.054142857143,0.03,0.5,0.5,0.0,GTC,4,ML
9c6ee90335135d64,XAUUSD,H4,Off,2025-08-09T17:11:29.256211Z,buy,2292.952,2279.0995000000003,2320.657,0.03,0.5,0.5,0.0,GTC,4,ML
ca70bebb3b74854b,XAUUSD,H4,London,2025-08-09T17:11:29.256211Z,buy,2289.261,2275.5640714285714,2316.654857142857,0.04,0.5,0.5,0.0,GTC,4,ML
c2490edbd309849e,XAUUSD,H4,London,2025-08-09T17:11:29.256211Z,buy,2292.081,2277.8674285714287,2320.508142857143,0.03,0.5,0.5,0.0,GTC,4,ML
9f52be878eaf0e1a,XAUUSD,H4,NY,2025-08-09T17:11:29.256211Z,buy,2288.891,2274.9434285714287,2316.7861428571427,0.03,0.5,0.5,0.0,GTC,4,ML
44a22edd1cd89509,XAUUSD,H4,London,2025-08-09T17:11:29.256211Z,buy,2291.132,2277.263571428572,2318.868857142857,0.03,0.5,0.5,0.0,GTC,4,ML
360525f6623f0021,XAUUSD,H4,NY,2025-08-09T17:11:29.256211Z,buy,2311.647,2296.041,2342.859,0.03,0.5,0.5,0.0,GTC,4,ML
3285732e98dd5d4d,XAUUSD,H4,Off,2025-08-09T17:11:29.256211Z,buy,2337.761,2318.493785714286,2376.295428571428,0.03,0.5,0.5,0.0,GTC,4,ML
e329d1819ddec3f7,XAUUSD,H4,London,2025-08-09T17:11:29.256211Z,buy,2327.835,2307.541142857143,2368.422714285714,0.02,0.5,0.5,0.0,GTC,4,ML
51f715a3c1a99aa7,XAUUSD,H4,Off,2025-08-09T17:11:29.256211Z,buy,2343.943,2325.1007857142863,2381.6274285714285,0.03,0.5,0.5,0.0,GTC,4,ML
6ed884f20690484c,XAUUSD,H4,London,2025-08-09T17:11:29.256211Z,buy,2340.29,2320.877214285714,2379.1155714285715,0.03,0.5,0.5,0.0,GTC,4,ML
88888d7944f6618c,XAUUSD,H4,London,2025-08-09T17:11:29.256211Z,buy,2351.118,2334.330214285714,2384.6935714285714,0.03,0.5,0.5,0.0,GTC,4,ML
0ecc9ef6c472e545,XAUUSD,H4,NY,2025-08-09T17:11:29.256211Z,buy,2354.776,2338.340285714285,2387.6474285714285,0.03,0.5,0.5,0.0,GTC,4,ML
9ab4846183df22d3,XAUUSD,H4,Off,2025-08-09T17:11:29.256211Z,buy,2351.249,2334.5492142857142,2384.648571428571,0.03,0.5,0.5,0.0,GTC,4,ML
47912f6233186819,XAUUSD,H4,Off,2025-08-09T17:11:29.256211Z,buy,2353.072,2337.522857142857,2384.170285714286,0.03,0.5,0.5,0.0,GTC,4,ML
c79a6d8fcabccaf2,XAUUSD,H4,London,2025-08-09T17:11:29.256211Z,buy,2329.635,2314.9120000000003,2359.081,0.03,0.5,0.5,0.0,GTC,4,ML
da89ccad0ff900b9,XAUUSD,H4,NY,2025-08-09T17:11:29.256211Z,buy,2335.429,2321.539,2363.2090000000003,0.03,0.5,0.5,0.0,GTC,4,ML
eeeb56f84e1d8bc2,XAUUSD,H4,Off,2025-08-09T17:11:29.256211Z,buy,2343.967,2330.246,2371.409,0.04,0.5,0.5,0.0,GTC,4,ML
c91271ed764ceb14,XAUUSD,H4,Off,2025-08-09T17:11:29.256211Z,buy,2336.396,2322.078785714286,2365.0304285714287,0.03,0.5,0.5,0.0,GTC,4,ML
978c38c370636aac,XAUUSD,H4,London,2025-08-09T17:11:29.256211Z,buy,2337.253,2322.695857142857,2366.367285714286,0.03,0.5,0.5,0.0,GTC,4,ML
85e4bb74568d078c,XAUUSD,H4,London,2025-08-09T17:11:29.256211Z,buy,2344.618,2329.9295,2373.995,0.03,0.5,0.5,0.0,GTC,4,ML
463b89ce72fbc59a,XAUUSD,H4,NY,2025-08-09T17:11:29.256211Z,buy,2377.0,2362.4376428571427,2406.124714285714,0.03,0.5,0.5,0.0,GTC,4,ML
d010c4fc646725c7,XAUUSD,H4,Off,2025-08-09T17:11:29.256211Z,buy,2384.242,2369.0108571428573,2414.704285714286,0.03,0.5,0.5,0.0,GTC,4,ML
fcb5f26709b2e58f,XAUUSD,H4,London,2025-08-09T17:11:29.256211Z,buy,2343.263,2320.6849285714284,2388.4191428571426,0.02,0.5,0.5,0.0,GTC,4,ML
a6e7ceec83014073,XAUUSD,H4,NY,2025-08-09T17:11:29.256211Z,buy,2344.382,2323.9222142857143,2385.301571428572,0.02,0.5,0.5,0.0,GTC,4,ML
3e788d9a76177dba,XAUUSD,H4,NY,2025-08-09T17:11:29.256211Z,buy,2364.486,2343.4539285714286,2406.550142857143,0.02,0.5,0.5,0.0,GTC,4,ML
51ab65661e74ecf6,XAUUSD,H4,Off,2025-08-09T17:11:29.256211Z,buy,2358.508,2336.772571428571,2401.978857142857,0.02,0.5,0.5,0.0,GTC,4,ML
ce2a3872559e0890,XAUUSD,H4,Off,2025-08-09T17:11:29.256211Z,buy,2353.047,2331.389142857143,2396.3627142857144,0.02,0.5,0.5,0.0,GTC,4,ML
85477e3e34cae666,XAUUSD,H4,London,2025-08-09T17:11:29.256211Z,buy,2357.947,2335.9843571428573,2401.8722857142857,0.02,0.5,0.5,0.0,GTC,4,ML
15d78872fb6d74cd,XAUUSD,H4,London,2025-08-09T17:11:29.256211Z,buy,2386.284,2360.8462142857143,2437.159571428572,0.02,0.5,0.5,0.0,GTC,4,ML
783b7f83c2b2087f,XAUUSD,H4,NY,2025-08-09T17:11:29.256211Z,buy,2381.833,2357.8277857142857,2429.8434285714284,0.02,0.5,0.5,0.0,GTC,4,ML
81ee4223a3c585ba,XAUUSD,H4,Off,2025-08-09T17:11:29.256211Z,buy,2387.87,2363.719642857143,2436.170714285714,0.02,0.5,0.5,0.0,GTC,4,ML
a51071b5b344b3c8,XAUUSD,H4,London,2025-08-09T17:11:29.256211Z,buy,2373.952,2349.958428571429,2421.939142857143,0.02,0.5,0.5,0.0,GTC,4,ML
511aad1766da6dbe,XAUUSD,H4,London,2025-08-09T17:11:29.256211Z,buy,2385.939,2360.5687857142857,2436.679428571428,0.02,0.5,0.5,0.0,GTC,4,ML
06d454c48388bc12,XAUUSD,H4,Off,2025-08-09T17:11:29.256211Z,buy,2382.496,2363.947071428572,2419.593857142857,0.03,0.5,0.5,0.0,GTC,4,ML
616ae8d217bf7a11,XAUUSD,H4,London,2025-08-09T17:11:29.256211Z,buy,2387.298,2369.157357142857,2423.579285714285,0.03,0.5,0.5,0.0,GTC,4,ML
89ef8ad217d5743d,XAUUSD,H4,London,2025-08-09T17:11:29.256211Z,buy,2372.657,2353.6772142857144,2410.616571428572,0.03,0.5,0.5,0.0,GTC,4,ML
23df293f1c3aafe0,XAUUSD,H4,Off,2025-08-09T17:11:29.256211Z,buy,2377.808,2362.580142857143,2408.2637142857143,0.03,0.5,0.5,0.0,GTC,4,ML
09810c4a0c2d0f01,XAUUSD,H4,London,2025-08-09T17:11:29.256211Z,buy,2380.92,2365.830571428572,2411.098857142857,0.03,0.5,0.5,0.0,GTC,4,ML
7262e86acd5c93e9,XAUUSD,H4,London,2025-08-09T17:11:29.256211Z,buy,2384.106,2369.211642857143,2413.8947142857146,0.03,0.5,0.5,0.0,GTC,4,ML
5745bd7869a6d260,XAUUSD,H4,Off,2025-08-09T17:11:29.256211Z,buy,2385.425,2370.1681428571437,2415.9387142857145,0.03,0.5,0.5,0.0,GTC,4,ML
4e22245afd0df471,XAUUSD,H4,London,2025-08-09T17:11:29.256211Z,buy,2394.756,2378.0515,2428.165,0.03,0.5,0.5,0.0,GTC,4,ML
8338a4d874c8a5e7,XAUUSD,H4,NY,2025-08-09T17:11:29.256211Z,buy,2390.677,2374.621857142857,2422.7872857142856,0.03,0.5,0.5,0.0,GTC,4,ML
b3c5c5b307b0e5a2,XAUUSD,H4,NY,2025-08-09T17:11:29.256211Z,buy,2386.483,2371.476357142857,2416.496285714286,0.03,0.5,0.5,0.0,GTC,4,ML
ba905dadb131eb13,XAUUSD,H4,Off,2025-08-09T17:11:29.256211Z,buy,2360.983,2344.807285714286,2393.334428571429,0.03,0.5,0.5,0.0,GTC,4,ML
18806aaf955af582,XAUUSD,H4,London,2025-08-09T17:11:29.256211Z,buy,2342.059,2324.714642857143,2376.747714285714,0.03,0.5,0.5,0.0,GTC,4,ML
bcc14bdd7857142f,XAUUSD,H4,London,2025-08-09T17:11:29.256211Z,buy,2334.797,2316.6552142857145,2371.080571428571,0.03,0.5,0.5,0.0,GTC,4,ML
fa989b2aa6c30055,XAUUSD,H4,London,2025-08-09T17:11:29.256211Z,buy,2329.332,2312.0060714285714,2363.983857142857,0.03,0.5,0.5,0.0,GTC,4,ML
8c0a75e0cae17af6,XAUUSD,H4,NY,2025-08-09T17:11:29.256211Z,buy,2333.738,2316.602,2368.01,0.03,0.5,0.5,0.0,GTC,4,ML
a28da8fc53fdcf81,XAUUSD,H4,Off,2025-08-09T17:11:29.256211Z,buy,2302.602,2283.0189285714287,2341.7681428571427,0.02,0.5,0.5,0.0,GTC,4,ML
6c768f411110ae0f,XAUUSD,H4,Off,2025-08-09T17:11:29.256211Z,buy,2309.051,2291.487642857143,2344.177714285714,0.03,0.5,0.5,0.0,GTC,4,ML
fcfba222a538f346,XAUUSD,H4,NY,2025-08-09T17:11:29.256211Z,buy,2325.943,2313.2739285714288,2351.281142857143,0.04,0.5,0.5,0.0,GTC,4,ML
594a5fb9fdfbcd0b,XAUUSD,H4,Off,2025-08-09T17:11:29.256211Z,buy,2319.253,2306.135357142857,2345.488285714286,0.04,0.5,0.5,0.0,GTC,4,ML
75c6abd5649862b1,XAUUSD,H4,London,2025-08-09T17:11:29.256211Z,buy,2312.348,2299.4347857142857,2338.1744285714285,0.04,0.5,0.5,0.0,GTC,4,ML
aa171c4df90d834b,XAUUSD,H4,London,2025-08-09T17:11:29.256211Z,buy,2314.703,2301.3009285714284,2341.5071428571428,0.04,0.5,0.5,0.0,GTC,4,ML
ca0c2bc978e2333b,XAUUSD,H4,Off,2025-08-09T17:11:29.256211Z,buy,2305.691,2294.3592857142853,2328.3544285714283,0.04,0.5,0.5,0.0,GTC,4,ML
4ea99e8d610157eb,XAUUSD,H4,London,2025-08-09T17:11:29.256211Z,buy,2320.391,2309.8780714285717,2341.416857142857,0.05,0.5,0.5,0.0,GTC,4,ML
26e46adda96d203e,XAUUSD,H4,Off,2025-08-09T17:11:29.256211Z,buy,2312.274,2302.7281428571428,2331.365714285714,0.05,0.5,0.5,0.0,GTC,4,ML
47f6303ef1dedfd6,XAUUSD,H4,London,2025-08-09T17:11:29.256211Z,buy,2330.397,2319.0622857142857,2353.066428571429,0.04,0.5,0.5,0.0,GTC,4,ML
205e4af6cbdb965e,XAUUSD,H4,NY,2025-08-09T17:11:29.256211Z,buy,2346.516,2335.3167857142857,2368.9144285714287,0.04,0.5,0.5,0.0,GTC,4,ML
c744e09cc3cf9372,XAUUSD,H4,Off,2025-08-09T17:11:29.256211Z,buy,2366.7,2354.160285714285,2391.7794285714285,0.04,0.5,0.5,0.0,GTC,4,ML
663f1119f3ba5ffb,XAUUSD,H4,London,2025-08-09T17:11:29.256211Z,buy,2363.315,2350.8314285714287,2388.282142857143,0.04,0.5,0.5,0.0,GTC,4,ML
539b2efd3b09271f,XAUUSD,H4,NY,2025-08-09T17:11:29.256211Z,buy,2360.449,2348.5595714285714,2384.2278571428574,0.04,0.5,0.5,0.0,GTC,4,ML
0d82908bb41967b1,XAUUSD,H4,Off,2025-08-09T17:11:29.256211Z,buy,2357.07,2345.3982142857144,2380.413571428572,0.04,0.5,0.5,0.0,GTC,4,ML
4440132fc52f8cf6,XAUUSD,H4,Off,2025-08-09T17:11:29.256211Z,buy,2348.569,2336.5107857142857,2372.6854285714285,0.04,0.5,0.5,0.0,GTC,4,ML
6ea533b2c1fc7c0f,XAUUSD,H4,London,2025-08-09T17:11:29.256211Z,buy,2344.544,2332.5112142857142,2368.609571428571,0.04,0.5,0.5,0.0,GTC,4,ML
a97125fac9dbc19d,XAUUSD,H4,London,2025-08-09T17:11:29.256211Z,buy,2337.334,2326.3909285714285,2359.2201428571425,0.04,0.5,0.5,0.0,GTC,4,ML
df1cd910f2d302c0,XAUUSD,H4,Off,2025-08-09T17:11:29.256211Z,buy,2343.059,2332.5690714285715,2364.038857142857,0.05,0.5,0.5,0.0,GTC,4,ML
b0979fe7357dc34d,XAUUSD,H4,Off,2025-08-09T17:11:29.256211Z,buy,2339.151,2328.6644285714283,2360.1241428571425,0.05,0.5,0.5,0.0,GTC,4,ML
022f2afc5b658f6d,XAUUSD,H4,London,2025-08-09T17:11:29.256211Z,buy,2347.925,2337.4982142857143,2368.7785714285715,0.05,0.5,0.5,0.0,GTC,4,ML
28929d4bd0985f3a,XAUUSD,H4,London,2025-08-09T17:11:29.256211Z,buy,2356.487,2346.4832142857144,2376.494571428572,0.05,0.5,0.5,0.0,GTC,4,ML
92ea81b29b03f4eb,XAUUSD,H4,Off,2025-08-09T17:11:29.256211Z,buy,2362.401,2352.322714285714,2382.5575714285715,0.05,0.5,0.5,0.0,GTC,4,ML
182f9a2dab390802,XAUUSD,H4,London,2025-08-09T17:11:29.256211Z,buy,2362.742,2352.4764285714286,2383.2731428571437,0.05,0.5,0.5,0.0,GTC,4,ML
21bd4e2c70e538df,XAUUSD,H4,London,2025-08-09T17:11:29.256211Z,buy,2377.551,2365.6186428571427,2401.4157142857143,0.04,0.5,0.5,0.0,GTC,4,ML
bcaa41e82fbf809b,XAUUSD,H4,London,2025-08-09T17:11:29.256211Z,buy,2386.313,2374.291,2410.357,0.04,0.5,0.5,0.0,GTC,4,ML
8872fd48d7f9bafb,XAUUSD,H4,NY,2025-08-09T17:11:29.256211Z,buy,2391.769,2380.5411428571424,2414.224714285714,0.04,0.5,0.5,0.0,GTC,4,ML
15fb31052e75b031,XAUUSD,H4,London,2025-08-09T17:11:29.256211Z,buy,2381.506,2368.918285714285,2406.681428571429,0.04,0.5,0.5,0.0,GTC,4,ML
4a0027df8ddfe399,XAUUSD,H4,London,2025-08-09T17:11:29.256211Z,buy,2378.106,2365.8355,2402.6470000000004,0.04,0.5,0.5,0.0,GTC,4,ML
f4c6f20b159ad028,XAUUSD,H4,Off,2025-08-09T17:11:29.256211Z,buy,2383.814,2372.6020714285714,2406.237857142857,0.04,0.5,0.5,0.0,GTC,4,ML
d75ecdd156b71f86,XAUUSD,H4,London,2025-08-09T17:11:29.256211Z,buy,2407.708,2394.6750714285718,2433.7738571428577,0.04,0.5,0.5,0.0,GTC,4,ML
2b4e566f3e69018a,XAUUSD,H4,NY,2025-08-09T17:11:29.256211Z,buy,2420.194,2408.9829285714286,2442.616142857143,0.04,0.5,0.5,0.0,GTC,4,ML
991add19197cb5c7,XAUUSD,H4,London,2025-08-09T17:11:29.256211Z,buy,2424.838,2410.214928571429,2454.0841428571434,0.03,0.5,0.5,0.0,GTC,4,ML
8c7604573951baf6,XAUUSD,H4,London,2025-08-09T17:11:29.256211Z,buy,2426.734,2412.1489285714283,2455.904142857143,0.03,0.5,0.5,0.0,GTC,4,ML
10c33e798c54d7ac,XAUUSD,H4,NY,2025-08-09T17:11:29.256211Z,buy,2426.133,2411.474571428571,2455.449857142857,0.03,0.5,0.5,0.0,GTC,4,ML
c8284ce9820b5bff,XAUUSD,H4,Off,2025-08-09T17:11:29.256211Z,buy,2419.209,2402.436428571428,2452.754142857143,0.03,0.5,0.5,0.0,GTC,4,ML
09c45928c8b66a1f,XAUUSD,H4,NY,2025-08-09T17:11:29.256211Z,buy,2421.654,2406.9825,2450.9970000000003,0.03,0.5,0.5,0.0,GTC,4,ML
bcac91eae467bc05,XAUUSD,H4,Off,2025-08-09T17:11:29.256211Z,buy,2414.163,2399.156571428572,2444.175857142857,0.03,0.5,0.5,0.0,GTC,4,ML
77702c622d5d246f,XAUUSD,H4,Off,2025-08-09T17:11:29.256211Z,buy,2417.232,2402.5215,2446.653,0.03,0.5,0.5,0.0,GTC,4,ML
b1dec730509f5976,XAUUSD,H4,London,2025-08-09T17:11:29.256211Z,buy,2391.965,2376.884857142857,2422.125285714286,0.03,0.5,0.5,0.0,GTC,4,ML
098110667c5d2aae,XAUUSD,H4,London,2025-08-09T17:11:29.256211Z,buy,2379.305,2364.192928571428,2409.5291428571427,0.03,0.5,0.5,0.0,GTC,4,ML
acdc20992e762cb1,XAUUSD,H4,NY,2025-08-09T17:11:29.256211Z,buy,2382.124,2368.3137857142856,2409.744428571428,0.03,0.5,0.5,0.0,GTC,4,ML
a196572b8d1182df,XAUUSD,H4,London,2025-08-09T17:11:29.256211Z,buy,2368.041,2354.138857142857,2395.8452857142856,0.03,0.5,0.5,0.0,GTC,4,ML
9fd33f054ef82522,XAUUSD,H4,London,2025-08-09T17:11:29.256211Z,buy,2331.58,2316.002571428571,2362.734857142857,0.03,0.5,0.5,0.0,GTC,4,ML
74a54c5916919db4,XAUUSD,H4,NY,2025-08-09T17:11:29.256211Z,buy,2332.012,2316.9492142857143,2362.1375714285714,0.03,0.5,0.5,0.0,GTC,4,ML
4b525551f194c1c5,XAUUSD,H4,London,2025-08-09T17:11:29.256211Z,buy,2336.496,2322.252142857142,2364.9837142857145,0.03,0.5,0.5,0.0,GTC,4,ML
a355a4619b1117f3,XAUUSD,H4,Off,2025-08-09T17:11:29.256211Z,buy,2330.705,2318.4089285714285,2355.2971428571427,0.04,0.5,0.5,0.0,GTC,4,ML
790876462c8e1a0f,XAUUSD,H4,London,2025-08-09T17:11:29.256211Z,buy,2326.191,2313.893,2350.787,0.04,0.5,0.5,0.0,GTC,4,ML
5e68601f3c01776b,XAUUSD,H4,London,2025-08-09T17:11:29.256211Z,buy,2327.626,2315.275642857143,2352.3267142857144,0.04,0.5,0.5,0.0,GTC,4,ML
0a3b9d80bbd38bca,XAUUSD,H4,London,2025-08-09T17:11:29.256211Z,buy,2331.64,2320.8911428571428,2353.137714285714,0.04,0.5,0.5,0.0,GTC,4,ML
a161c4f554d2fa15,XAUUSD,H4,Off,2025-08-09T17:11:29.256211Z,buy,2324.146,2313.3430714285714,2345.7518571428573,0.04,0.5,0.5,0.0,GTC,4,ML
c07fa033e7aa8ca8,XAUUSD,H4,London,2025-08-09T17:11:29.256211Z,buy,2319.776,2310.722214285714,2337.8835714285715,0.05,0.5,0.5,0.0,GTC,4,ML
a2bf4093e49666d8,XAUUSD,H4,Off,2025-08-09T17:11:29.256211Z,buy,2316.085,2306.5852142857143,2335.0845714285715,0.05,0.5,0.5,0.0,GTC,4,ML
535bc34291ded736,XAUUSD,H4,London,2025-08-09T17:11:29.256211Z,buy,2313.005,2303.1285000000003,2332.7580000000003,0.05,0.5,0.5,0.0,GTC,4,ML
b180b3b833e09b54,XAUUSD,H4,London,2025-08-09T17:11:29.256211Z,buy,2325.004,2315.0859285714287,2344.840142857143,0.05,0.5,0.5,0.0,GTC,4,ML
794bc3b1929d024b,XAUUSD,H4,NY,2025-08-09T17:11:29.256211Z,buy,2324.933,2316.633142857143,2341.5327142857145,0.06,0.5,0.5,0.0,GTC,4,ML
101623e361036d7b,XAUUSD,H4,London,2025-08-09T17:11:29.256211Z,buy,2327.713,2317.699357142857,2347.740285714286,0.05,0.5,0.5,0.0,GTC,4,ML
23ce7d40a80edc11,XAUUSD,H4,London,2025-08-09T17:11:29.256211Z,buy,2330.9,2321.570285714286,2349.5594285714287,0.05,0.5,0.5,0.0,GTC,4,ML
6f8b2490e0a7f6ad,XAUUSD,H4,NY,2025-08-09T17:11:29.256211Z,buy,2332.222,2323.1932142857145,2350.279571428572,0.05,0.5,0.5,0.0,GTC,4,ML
c4eff5b29ea0ac67,XAUUSD,H4,Off,2025-08-09T17:11:29.256211Z,buy,2326.033,2316.6149285714287,2344.869142857143,0.05,0.5,0.5,0.0,GTC,4,ML
5d82cb49e829780d,XAUUSD,H4,Off,2025-08-09T17:11:29.256211Z,buy,2330.679,2321.3165,2349.404,0.05,0.5,0.5,0.0,GTC,4,ML
dc318046f9f342e2,XAUUSD,H4,NY,2025-08-09T17:11:29.256211Z,buy,2330.18,2321.0370714285714,2348.4658571428567,0.05,0.5,0.5,0.0,GTC,4,ML
42f17bd9deec94c4,XAUUSD,H4,London,2025-08-09T17:11:29.256211Z,buy,2354.28,2343.916571428572,2375.0068571428574,0.05,0.5,0.5,0.0,GTC,4,ML
3d2e0e5a66696522,XAUUSD,H4,NY,2025-08-09T17:11:29.256211Z,buy,2358.699,2349.3320000000003,2377.433,0.05,0.5,0.5,0.0,GTC,4,ML
e1a5e5c2ba5abffb,XAUUSD,H4,Off,2025-08-09T17:11:29.256211Z,buy,2357.455,2347.489428571429,2377.3861428571427,0.05,0.5,0.5,0.0,GTC,4,ML
3ec7afab0d84c2b1,XAUUSD,H4,NY,2025-08-09T17:11:29.256211Z,buy,2356.721,2348.9545,2372.254,0.06,0.5,0.5,0.0,GTC,4,ML
61c116f403020675,XAUUSD,H4,Off,2025-08-09T17:11:29.256211Z,buy,2382.88,2374.1572142857144,2400.3255714285715,0.05,0.5,0.5,0.0,GTC,4,ML
2a8b695641eade1e,XAUUSD,H4,Off,2025-08-09T17:11:29.256211Z,buy,2377.828,2368.814714285714,2395.8545714285715,0.05,0.5,0.5,0.0,GTC,4,ML
f0c90e0b3a1e0606,XAUUSD,H4,London,2025-08-09T17:11:29.256211Z,buy,2375.284,2366.175857142857,2393.500285714286,0.05,0.5,0.5,0.0,GTC,4,ML
8ec07b24ce98c4ae,XAUUSD,H4,London,2025-08-09T17:11:29.256211Z,buy,2355.459,2344.636785714285,2377.1034285714286,0.04,0.5,0.5,0.0,GTC,4,ML
e9dde5c0fe7b3894,XAUUSD,H4,London,2025-08-09T17:11:29.256211Z,buy,2359.132,2348.1339285714284,2381.128142857143,0.04,0.5,0.5,0.0,GTC,4,ML
796893f8c746825e,XAUUSD,H4,NY,2025-08-09T17:11:29.256211Z,buy,2361.711,2350.5827142857142,2383.967571428572,0.04,0.5,0.5,0.0,GTC,4,ML
9891009877f18435,XAUUSD,H4,Off,2025-08-09T17:11:29.256211Z,buy,2367.625,2356.2102142857143,2390.4545714285714,0.04,0.5,0.5,0.0,GTC,4,ML
acdc4cb051a952a7,XAUUSD,H4,Off,2025-08-09T17:11:29.256211Z,buy,2358.933,2347.272928571429,2382.253142857143,0.04,0.5,0.5,0.0,GTC,4,ML
084fb9a98818a65e,XAUUSD,H4,London,2025-08-09T17:11:29.256211Z,buy,2363.496,2352.830214285714,2384.8275714285714,0.04,0.5,0.5,0.0,GTC,4,ML
a885249bdfeb07fe,XAUUSD,H4,NY,2025-08-09T17:11:29.256211Z,buy,2364.966,2354.7475,2385.403,0.05,0.5,0.5,0.0,GTC,4,ML
00fd0dd381a12509,XAUUSD,H4,Off,2025-08-09T17:11:29.256211Z,buy,2368.144,2357.6746428571428,2389.082714285714,0.05,0.5,0.5,0.0,GTC,4,ML
7b437b0e899edb82,XAUUSD,H4,Off,2025-08-09T17:11:29.256211Z,buy,2372.606,2362.021928571429,2393.774142857143,0.05,0.5,0.5,0.0,GTC,4,ML
6cd6bda3daea061a,XAUUSD,H4,London,2025-08-09T17:11:29.256211Z,buy,2378.346,2368.009642857143,2399.018714285714,0.05,0.5,0.5,0.0,GTC,4,ML
fc4ab30fa9ef357a,XAUUSD,H4,NY,2025-08-09T17:11:29.256211Z,buy,2372.852,2364.157285714285,2390.2414285714285,0.05,0.5,0.5,0.0,GTC,4,ML
dec74e6976606f99,XAUUSD,H4,London,2025-08-09T17:11:29.256211Z,buy,2414.082,2402.833142857143,2436.579714285714,0.04,0.5,0.5,0.0,GTC,4,ML
d8b57f5bbd0fbe59,XAUUSD,H4,Off,2025-08-09T17:11:29.256211Z,buy,2404.174,2393.625142857143,2425.271714285714,0.05,0.5,0.5,0.0,GTC,4,ML
9e2855b1e5764045,XAUUSD,H4,London,2025-08-09T17:11:29.256211Z,buy,2401.715,2390.9468571428574,2423.2512857142856,0.04,0.5,0.5,0.0,GTC,4,ML
1acece9fbcc8f891,XAUUSD,H4,NY,2025-08-09T17:11:29.256211Z,buy,2408.657,2398.072,2429.827,0.05,0.5,0.5,0.0,GTC,4,ML
a2e78e126307178d,XAUUSD,H4,Off,2025-08-09T17:11:29.256211Z,buy,2411.555,2400.6100714285712,2433.444857142857,0.04,0.5,0.5,0.0,GTC,4,ML
64ca361d2d9316c6,XAUUSD,H4,London,2025-08-09T17:11:29.256211Z,buy,2433.281,2419.978,2459.887,0.04,0.5,0.5,0.0,GTC,4,ML
3e3b702fdc2a0234,XAUUSD,H4,London,2025-08-09T17:11:29.256211Z,buy,2421.091,2409.6737857142857,2443.9254285714283,0.04,0.5,0.5,0.0,GTC,4,ML
3b35ee472e722e36,XAUUSD,H4,NY,2025-08-09T17:11:29.256211Z,buy,2422.496,2411.5867142857146,2444.3145714285715,0.04,0.5,0.5,0.0,GTC,4,ML
3aa734a1a62dab77,XAUUSD,H4,Off,2025-08-09T17:11:29.256211Z,buy,2428.577,2417.1929285714286,2451.345142857143,0.04,0.5,0.5,0.0,GTC,4,ML
8753a299ed9ac3c6,XAUUSD,H4,London,2025-08-09T17:11:29.256211Z,buy,2439.521,2427.795071428572,2462.9728571428573,0.04,0.5,0.5,0.0,GTC,4,ML
5a3aa0ee78d6d228,XAUUSD,H4,London,2025-08-09T17:11:29.256211Z,buy,2457.986,2442.4782142857143,2489.0015714285714,0.03,0.5,0.5,0.0,GTC,4,ML
f240a2a3384783d9,XAUUSD,H4,NY,2025-08-09T17:11:29.256211Z,buy,2461.296,2447.314214285714,2489.2595714285712,0.03,0.5,0.5,0.0,GTC,4,ML
45c9ea2475aa6c35,XAUUSD,H4,Off,2025-08-09T17:11:29.256211Z,buy,2468.009,2454.6332142857145,2494.7605714285714,0.04,0.5,0.5,0.0,GTC,4,ML
5ec0e607ac50a688,XAUUSD,H4,Off,2025-08-09T17:11:29.256211Z,buy,2471.93,2457.9630714285718,2499.863857142857,0.03,0.5,0.5,0.0,GTC,4,ML
f39e075e4249d9ba,XAUUSD,H4,London,2025-08-09T17:11:29.256211Z,buy,2464.468,2450.4531428571427,2492.497714285714,0.03,0.5,0.5,0.0,GTC,4,ML
d6fae176a45d542e,XAUUSD,H4,London,2025-08-09T17:11:29.256211Z,buy,2461.226,2447.353357142857,2488.971285714286,0.03,0.5,0.5,0.0,GTC,4,ML
2ac3ecb8d3c1aaf1,XAUUSD,H4,London,2025-08-09T17:11:29.256211Z,buy,2442.916,2428.1832142857143,2472.3815714285715,0.03,0.5,0.5,0.0,GTC,4,ML
055484ce076beee3,XAUUSD,H4,NY,2025-08-09T17:11:29.256211Z,buy,2441.25,2428.771142857143,2466.2077142857142,0.04,0.5,0.5,0.0,GTC,4,ML
94de2febabe39a6a,XAUUSD,H4,Off,2025-08-09T17:11:29.256211Z,buy,2428.7,2415.504857142857,2455.090285714285,0.04,0.5,0.5,0.0,GTC,4,ML
4769a711bfa8114b,XAUUSD,H4,Off,2025-08-09T17:11:29.256211Z,buy,2418.127,2404.017857142857,2446.3452857142856,0.03,0.5,0.5,0.0,GTC,4,ML
381c6fd8a3a159a5,XAUUSD,H4,London,2025-08-09T17:11:29.256211Z,buy,2405.38,2391.360857142857,2433.418285714286,0.03,0.5,0.5,0.0,GTC,4,ML
42f8695f9f7a143e,XAUUSD,H4,London,2025-08-09T17:11:29.256211Z,buy,2398.712,2384.8255714285715,2426.484857142857,0.03,0.5,0.5,0.0,GTC,4,ML
b696ab713aa412fd,XAUUSD,H4,NY,2025-08-09T17:11:29.256211Z,buy,2400.451,2388.2056428571427,2424.9417142857146,0.04,0.5,0.5,0.0,GTC,4,ML
fc34cb2cf474c8c0,XAUUSD,H4,NY,2025-08-09T17:11:29.256211Z,buy,2411.528,2399.4411428571425,2435.7017142857144,0.04,0.5,0.5,0.0,GTC,4,ML
c2c11bf75603da1b,XAUUSD,H4,Off,2025-08-09T17:11:29.256211Z,buy,2406.732,2394.3355,2431.525,0.04,0.5,0.5,0.0,GTC,4,ML
414bd2bcc9ca2312,XAUUSD,H4,Off,2025-08-09T17:11:29.256211Z,buy,2402.513,2390.3371428571427,2426.8647142857144,0.04,0.5,0.5,0.0,GTC,4,ML
bd8902b5796b01bc,XAUUSD,H4,London,2025-08-09T17:11:29.256211Z,buy,2398.056,2385.883357142857,2422.4012857142857,0.04,0.5,0.5,0.0,GTC,4,ML
7e43164cefad891b,XAUUSD,H4,NY,2025-08-09T17:11:29.256211Z,buy,2395.783,2384.421857142857,2418.505285714286,0.04,0.5,0.5,0.0,GTC,4,ML
b3be6625b7a9dbf7,XAUUSD,H4,Off,2025-08-09T17:11:29.256211Z,buy,2397.788,2386.8100714285715,2419.743857142857,0.04,0.5,0.5,0.0,GTC,4,ML
8ae32aea89a9f8d6,XAUUSD,H4,London,2025-08-09T17:11:29.256211Z,buy,2405.479,2394.8082857142854,2426.8204285714287,0.04,0.5,0.5,0.0,GTC,4,ML
1aebd2fe75edd4c8,XAUUSD,H4,London,2025-08-09T17:11:29.256211Z,buy,2407.545,2397.5995,2427.436,0.05,0.5,0.5,0.0,GTC,4,ML
d2e3878909aff63f,XAUUSD,H4,NY,2025-08-09T17:11:29.256211Z,buy,2408.513,2398.971571428571,2427.5958571428573,0.05,0.5,0.5,0.0,GTC,4,ML
7e28295b10734fc4,XAUUSD,H4,Off,2025-08-09T17:11:29.256211Z,buy,2416.406,2406.101285714285,2437.0154285714284,0.05,0.5,0.5,0.0,GTC,4,ML
bc18f3ccb3a9c554,XAUUSD,H4,Off,2025-08-09T17:11:29.256211Z,buy,2414.574,2404.542857142857,2434.636285714286,0.05,0.5,0.5,0.0,GTC,4,ML
97fd7f7cfe596737,XAUUSD,H4,London,2025-08-09T17:11:29.256211Z,buy,2417.432,2407.467,2437.362,0.05,0.5,0.5,0.0,GTC,4,ML
b4b03c045e7a41c3,XAUUSD,H4,London,2025-08-09T17:11:29.256211Z,buy,2363.151,2348.9391428571425,2391.574714285714,0.03,0.5,0.5,0.0,GTC,4,ML
52197e1369733d70,XAUUSD,H4,NY,2025-08-09T17:11:29.256211Z,buy,2441.892,2423.504,2478.668,0.03,0.5,0.5,0.0,GTC,4,ML
ed7c65119a7eaecd,XAUUSD,H4,NY,2025-08-09T17:11:29.256211Z,buy,2449.408,2437.0684285714287,2474.0871428571427,0.04,0.5,0.5,0.0,GTC,4,ML
883759f5fcfefffb,XAUUSD,H4,Off,2025-08-09T17:11:29.256211Z,buy,2453.681,2441.849071428572,2477.344857142857,0.04,0.5,0.5,0.0,GTC,4,ML
59c503e198eba868,XAUUSD,H4,Off,2025-08-09T17:11:29.256211Z,buy,2455.71,2443.6912857142856,2479.7474285714284,0.04,0.5,0.5,0.0,GTC,4,ML
a6d5a631daa17229,XAUUSD,H4,London,2025-08-09T17:11:29.256211Z,buy,2463.533,2451.908214285714,2486.7825714285714,0.04,0.5,0.5,0.0,GTC,4,ML
0451a1a16bc202e4,XAUUSD,H4,London,2025-08-09T17:11:29.256211Z,buy,2455.566,2441.7419285714286,2483.214142857142,0.03,0.5,0.5,0.0,GTC,4,ML
735fd106ceacddab,XAUUSD,H4,NY,2025-08-09T17:11:29.256211Z,buy,2457.298,2444.3939285714287,2483.1061428571425,0.04,0.5,0.5,0.0,GTC,4,ML
14b59bc28de4e6e3,XAUUSD,H4,London,2025-08-09T17:11:29.256211Z,buy,2472.113,2458.849142857143,2498.640714285714,0.04,0.5,0.5,0.0,GTC,4,ML
dfef72d1046f9fd4,XAUUSD,H4,London,2025-08-09T17:11:29.256211Z,buy,2491.691,2477.239642857143,2520.5937142857138,0.03,0.5,0.5,0.0,GTC,4,ML
3a827b775533b864,XAUUSD,H4,NY,2025-08-09T17:11:29.256211Z,buy,2506.414,2494.210357142857,2530.8212857142858,0.04,0.5,0.5,0.0,GTC,4,ML
47da759dfbafdd20,XAUUSD,H4,Off,2025-08-09T17:11:29.256211Z,buy,2503.22,2490.388571428571,2528.8828571428567,0.04,0.5,0.5,0.0,GTC,4,ML
cd3fde1119c57016,XAUUSD,H4,London,2025-08-09T17:11:29.256211Z,buy,2494.391,2480.668642857143,2521.8357142857144,0.04,0.5,0.5,0.0,GTC,4,ML
df9baa194de500ac,XAUUSD,H4,London,2025-08-09T17:11:29.256211Z,buy,2505.436,2493.2459285714285,2529.816142857143,0.04,0.5,0.5,0.0,GTC,4,ML
bb8c4a450dbc64cc,XAUUSD,H4,Off,2025-08-09T17:11:29.256211Z,buy,2501.778,2489.5030714285717,2526.327857142857,0.04,0.5,0.5,0.0,GTC,4,ML
312def71afb6b05a,XAUUSD,H4,London,2025-08-09T17:11:29.256211Z,buy,2514.951,2502.236785714286,2540.3794285714284,0.04,0.5,0.5,0.0,GTC,4,ML
4bd6caf4a34f1b30,XAUUSD,H4,NY,2025-08-09T17:11:29.256211Z,buy,2512.964,2501.19,2536.512,0.04,0.5,0.5,0.0,GTC,4,ML
5ee2270102a99734,XAUUSD,H4,Off,2025-08-09T17:11:29.256211Z,buy,2517.386,2505.2588571428573,2541.6402857142857,0.04,0.5,0.5,0.0,GTC,4,ML
6bfe6be633f87a54,XAUUSD,H4,Off,2025-08-09T17:11:29.256211Z,buy,2509.751,2497.193928571429,2534.865142857143,0.04,0.5,0.5,0.0,GTC,4,ML
b0abe92f99b58de5,XAUUSD,H4,London,2025-08-09T17:11:29.256211Z,buy,2511.823,2499.475571428571,2536.517857142857,0.04,0.5,0.5,0.0,GTC,4,ML
d78ace40a3f88d9c,XAUUSD,H4,London,2025-08-09T17:11:29.256211Z,buy,2508.369,2495.045857142857,2535.0152857142857,0.04,0.5,0.5,0.0,GTC,4,ML
4ea3853655a32e57,XAUUSD,H4,London,2025-08-09T17:11:29.256211Z,buy,2511.559,2498.5631428571432,2537.5507142857145,0.04,0.5,0.5,0.0,GTC,4,ML
4170ee48a04e0291,XAUUSD,H4,NY,2025-08-09T17:11:29.256211Z,buy,2512.783,2500.906,2536.537,0.04,0.5,0.5,0.0,GTC,4,ML
8548d334ab1fa265,XAUUSD,H4,Off,2025-08-09T17:11:29.256211Z,buy,2502.329,2489.8805,2527.226,0.04,0.5,0.5,0.0,GTC,4,ML
1439e8ec5fc5053b,XAUUSD,H4,Off,2025-08-09T17:11:29.256211Z,buy,2507.102,2494.094,2533.118,0.04,0.5,0.5,0.0,GTC,4,ML
f6bde3b550c0a6ce,XAUUSD,H4,London,2025-08-09T17:11:29.256211Z,buy,2482.983,2469.1582142857146,2510.632571428572,0.03,0.5,0.5,0.0,GTC,4,ML
6d6d72cfd717362c,XAUUSD,H4,NY,2025-08-09T17:11:29.256211Z,buy,2487.564,2475.218785714286,2512.2544285714284,0.04,0.5,0.5,0.0,GTC,4,ML
9d58a87ce4dbb524,XAUUSD,H4,Off,2025-08-09T17:11:29.256211Z,buy,2493.17,2481.3520000000003,2516.806,0.04,0.5,0.5,0.0,GTC,4,ML
4b944d61060a9637,XAUUSD,H4,London,2025-08-09T17:11:29.256211Z,buy,2501.571,2489.6572142857144,2525.398571428572,0.04,0.5,0.5,0.0,GTC,4,ML
f476b53dbebc3d11,XAUUSD,H4,London,2025-08-09T17:11:29.256211Z,buy,2509.845,2497.0505714285714,2535.433857142857,0.04,0.5,0.5,0.0,GTC,4,ML
31018c72b134a760,XAUUSD,H4,NY,2025-08-09T17:11:29.256211Z,buy,2512.357,2500.6035714285717,2535.863857142857,0.04,0.5,0.5,0.0,GTC,4,ML
1d7deeb5c940c438,XAUUSD,H4,NY,2025-08-09T17:11:29.256211Z,buy,2515.917,2504.914071428572,2537.922857142857,0.04,0.5,0.5,0.0,GTC,4,ML
b1a1851795b9b92d,XAUUSD,H4,Off,2025-08-09T17:11:29.256211Z,buy,2509.769,2498.551357142857,2532.2042857142856,0.04,0.5,0.5,0.0,GTC,4,ML
b8883bf176fb09ac,XAUUSD,H4,Off,2025-08-09T17:11:29.256211Z,buy,2508.973,2499.409071428571,2528.100857142857,0.05,0.5,0.5,0.0,GTC,4,ML
73990720e0946b9c,XAUUSD,H4,Off,2025-08-09T17:11:29.256211Z,buy,2509.984,2498.9105,2532.131,0.04,0.5,0.5,0.0,GTC,4,ML
e4ce5f1f9f967d90,XAUUSD,H4,London,2025-08-09T17:11:29.256211Z,buy,2501.485,2490.192142857143,2524.0707142857145,0.04,0.5,0.5,0.0,GTC,4,ML
1a952c591b3ef756,XAUUSD,H4,London,2025-08-09T17:11:29.256211Z,buy,2507.607,2495.5271428571427,2531.766714285714,0.04,0.5,0.5,0.0,GTC,4,ML
005e907da8f74aac,XAUUSD,H4,NY,2025-08-09T17:11:29.256211Z,buy,2508.11,2496.779285714286,2530.7714285714287,0.04,0.5,0.5,0.0,GTC,4,ML
60dbaf61c893b19a,XAUUSD,H4,Off,2025-08-09T17:11:29.256211Z,buy,2516.543,2505.289285714286,2539.0504285714287,0.04,0.5,0.5,0.0,GTC,4,ML
74418dbb7ec15cbe,XAUUSD,H4,Off,2025-08-09T17:11:29.256211Z,buy,2519.091,2507.575214285714,2542.122571428571,0.04,0.5,0.5,0.0,GTC,4,ML
97bf605647ff8be8,XAUUSD,H4,London,2025-08-09T17:11:29.256211Z,buy,2522.535,2510.4725,2546.66,0.04,0.5,0.5,0.0,GTC,4,ML
e32af84bc2a2e164,XAUUSD,H4,NY,2025-08-09T17:11:29.256211Z,buy,2519.615,2508.443857142857,2541.9572857142853,0.04,0.5,0.5,0.0,GTC,4,ML
4be27c07b4ba1fc5,XAUUSD,H4,Off,2025-08-09T17:11:29.256211Z,buy,2513.556,2502.977142857143,2534.713714285714,0.05,0.5,0.5,0.0,GTC,4,ML
2ca692ad183f5bfa,XAUUSD,H4,Off,2025-08-09T17:11:29.256211Z,buy,2519.369,2508.3114285714287,2541.484142857143,0.04,0.5,0.5,0.0,GTC,4,ML
09b379eb3bdcfabd,XAUUSD,H4,NY,2025-08-09T17:11:29.256211Z,buy,2502.98,2492.9029285714287,2523.134142857143,0.05,0.5,0.5,0.0,GTC,4,ML
b750e0278592b47a,XAUUSD,H4,Off,2025-08-09T17:11:29.256211Z,buy,2498.157,2487.614071428572,2519.2428571428577,0.05,0.5,0.5,0.0,GTC,4,ML
47fe1b41f99dedae,XAUUSD,H4,London,2025-08-09T17:11:29.256211Z,buy,2501.485,2491.0116428571428,2522.431714285715,0.05,0.5,0.5,0.0,GTC,4,ML
d108a6b49cd2c11b,XAUUSD,H4,London,2025-08-09T17:11:29.256211Z,buy,2500.085,2490.957,2518.3410000000003,0.05,0.5,0.5,0.0,GTC,4,ML
6b8b44d9496b0de8,XAUUSD,H4,NY,2025-08-09T17:11:29.256211Z,buy,2497.242,2488.6622857142856,2514.401428571429,0.06,0.5,0.5,0.0,GTC,4,ML
9ec03e367a33e745,XAUUSD,H4,Off,2025-08-09T17:11:29.256211Z,buy,2494.717,2485.808,2512.5350000000003,0.05,0.5,0.5,0.0,GTC,4,ML
bb2d3b28cce49001,XAUUSD,H4,Off,2025-08-09T17:11:29.256211Z,buy,2500.843,2491.826714285714,2518.875571428572,0.05,0.5,0.5,0.0,GTC,4,ML
ff98ff7408cac20d,XAUUSD,H4,NY,2025-08-09T17:11:29.256211Z,buy,2493.223,2483.9058571428573,2511.857285714286,0.05,0.5,0.5,0.0,GTC,4,ML
163a6ebef19ef4ac,XAUUSD,H4,Off,2025-08-09T17:11:29.256211Z,buy,2495.016,2485.4192142857146,2514.2095714285715,0.05,0.5,0.5,0.0,GTC,4,ML
9cb299f879b4c4ee,XAUUSD,H4,NY,2025-08-09T17:11:29.256211Z,buy,2497.54,2487.1742142857142,2518.2715714285714,0.05,0.5,0.5,0.0,GTC,4,ML
52f5d8350e88d41a,XAUUSD,H4,Off,2025-08-09T17:11:29.256211Z,buy,2499.28,2489.0634285714286,2519.713142857144,0.05,0.5,0.5,0.0,GTC,4,ML
9a6d3d4d9f9085b3,XAUUSD,H4,Off,2025-08-09T17:11:29.256211Z,buy,2494.286,2483.414642857143,2516.0287142857146,0.04,0.5,0.5,0.0,GTC,4,ML
3af149f2f2e4b9dd,XAUUSD,H4,London,2025-08-09T17:11:29.256211Z,buy,2497.242,2486.704,2518.318,0.05,0.5,0.5,0.0,GTC,4,ML
6458e0402511633b,XAUUSD,H4,London,2025-08-09T17:11:29.256211Z,buy,2499.081,2488.572071428572,2520.098857142857,0.05,0.5,0.5,0.0,GTC,4,ML
e04b17f8abce05e4,XAUUSD,H4,London,2025-08-09T17:11:29.256211Z,buy,2505.96,2496.328285714286,2525.2234285714285,0.05,0.5,0.5,0.0,GTC,4,ML
4d6e446830a44e13,XAUUSD,H4,NY,2025-08-09T17:11:29.256211Z,buy,2506.813,2497.7737142857145,2524.891571428572,0.05,0.5,0.5,0.0,GTC,4,ML
6b211cf72f33c306,XAUUSD,H4,London,2025-08-09T17:11:29.256211Z,buy,2504.607,2494.9595714285715,2523.9018571428574,0.05,0.5,0.5,0.0,GTC,4,ML
d682f894f8b8e3d0,XAUUSD,H4,London,2025-08-09T17:11:29.256211Z,buy,2512.597,2502.1019285714287,2533.587142857143,0.05,0.5,0.5,0.0,GTC,4,ML
b9a66f75c94e9760,XAUUSD,H4,London,2025-08-09T17:11:29.256211Z,buy,2517.255,2508.331357142857,2535.1022857142857,0.05,0.5,0.5,0.0,GTC,4,ML
3d3f03c6c4466aad,XAUUSD,H4,NY,2025-08-09T17:11:29.256211Z,buy,2518.678,2511.020642857143,2533.992714285714,0.06,0.5,0.5,0.0,GTC,4,ML
64a0bb988a311cde,XAUUSD,H4,London,2025-08-09T17:11:29.256211Z,buy,2512.93,2503.558642857143,2531.672714285714,0.05,0.5,0.5,0.0,GTC,4,ML
4bb80da37462b571,XAUUSD,H4,NY,2025-08-09T17:11:29.256211Z,buy,2511.901,2503.203857142857,2529.295285714285,0.05,0.5,0.5,0.0,GTC,4,ML
ea08f3bae021b25d,XAUUSD,H4,Off,2025-08-09T17:11:29.256211Z,buy,2515.844,2507.3120714285715,2532.907857142857,0.06,0.5,0.5,0.0,GTC,4,ML
6d0cec0102820472,XAUUSD,H4,Off,2025-08-09T17:11:29.256211Z,buy,2515.941,2507.028,2533.767,0.05,0.5,0.5,0.0,GTC,4,ML
e7b657ae95715f90,XAUUSD,H4,NY,2025-08-09T17:11:29.256211Z,buy,2558.422,2547.9584285714286,2579.349142857143,0.05,0.5,0.5,0.0,GTC,4,ML
57ed5370c6455ebc,XAUUSD,H4,NY,2025-08-09T17:11:29.256211Z,buy,2579.067,2568.4379285714285,2600.3251428571425,0.04,0.5,0.5,0.0,GTC,4,ML
a635f8391158cece,XAUUSD,H4,NY,2025-08-09T17:11:29.256211Z,buy,2579.163,2569.060142857143,2599.3687142857143,0.05,0.5,0.5,0.0,GTC,4,ML
af3456486128aed1,XAUUSD,H4,Off,2025-08-09T17:11:29.256211Z,buy,2586.294,2575.6541428571427,2607.5737142857142,0.04,0.5,0.5,0.0,GTC,4,ML
426e4ae338d181e6,XAUUSD,H4,London,2025-08-09T17:11:29.256211Z,buy,2579.847,2568.0907142857145,2603.359571428572,0.04,0.5,0.5,0.0,GTC,4,ML
e75d3341049e2044,XAUUSD,H4,NY,2025-08-09T17:11:29.256211Z,buy,2583.659,2575.0392142857145,2600.898571428572,0.05,0.5,0.5,0.0,GTC,4,ML
d13d18b0ca017c02,XAUUSD,H4,Off,2025-08-09T17:11:29.256211Z,buy,2577.184,2568.120071428572,2595.311857142857,0.05,0.5,0.5,0.0,GTC,4,ML
d4f3904a4b6ed71d,XAUUSD,H4,London,2025-08-09T17:11:29.256211Z,buy,2579.824,2570.3675000000003,2598.737,0.05,0.5,0.5,0.0,GTC,4,ML
7452e8e582b2df46,XAUUSD,H4,London,2025-08-09T17:11:29.256211Z,buy,2565.668,2555.413642857143,2586.1767142857143,0.05,0.5,0.5,0.0,GTC,4,ML
952c095228f4f599,XAUUSD,H4,London,2025-08-09T17:11:29.256211Z,buy,2568.615,2558.8224285714286,2588.2001428571425,0.05,0.5,0.5,0.0,GTC,4,ML
1319e7c94f938618,XAUUSD,H4,NY,2025-08-09T17:11:29.256211Z,buy,2574.05,2564.359928571429,2593.430142857143,0.05,0.5,0.5,0.0,GTC,4,ML
4680a5c967930a88,XAUUSD,H4,Off,2025-08-09T17:11:29.256211Z,buy,2571.566,2561.219714285714,2592.258571428571,0.05,0.5,0.5,0.0,GTC,4,ML
62a3e499a6a34bee,XAUUSD,H4,London,2025-08-09T17:11:29.256211Z,buy,2577.407,2566.8720000000003,2598.477,0.05,0.5,0.5,0.0,GTC,4,ML
60fd03fd6c226f63,XAUUSD,H4,NY,2025-08-09T17:11:29.256211Z,buy,2559.239,2545.785,2586.147,0.04,0.5,0.5,0.0,GTC,4,ML
1bca4561037d5be4,XAUUSD,H4,Off,2025-08-09T17:11:29.256211Z,buy,2584.344,2568.4479285714287,2616.136142857143,0.03,0.5,0.5,0.0,GTC,4,ML
f0d07c0d5b0fa0f4,XAUUSD,H4,London,2025-08-09T17:11:29.256211Z,buy,2589.435,2573.2484285714286,2621.8081428571427,0.03,0.5,0.5,0.0,GTC,4,ML
7a076d0791b4f185,XAUUSD,H4,London,2025-08-09T17:11:29.256211Z,buy,2589.022,2572.1912857142856,2622.6834285714285,0.03,0.5,0.5,0.0,GTC,4,ML
5b138fcb944d8b46,XAUUSD,H4,NY,2025-08-09T17:11:29.256211Z,buy,2587.282,2572.192142857143,2617.4617142857146,0.03,0.5,0.5,0.0,GTC,4,ML
9ff6773eafd00a83,XAUUSD,H4,NY,2025-08-09T17:11:29.256211Z,buy,2620.234,2607.7501428571427,2645.2017142857144,0.04,0.5,0.5,0.0,GTC,4,ML
8d42d99cb20ccab9,XAUUSD,H4,London,2025-08-09T17:11:29.256211Z,buy,2624.063,2612.3120714285715,2647.5648571428574,0.04,0.5,0.5,0.0,GTC,4,ML
5e5bc7941ffd504f,XAUUSD,H4,London,2025-08-09T17:11:29.256211Z,buy,2629.242,2617.4032857142856,2652.919428571429,0.04,0.5,0.5,0.0,GTC,4,ML
03f914273fd9aa12,XAUUSD,H4,London,2025-08-09T17:11:29.256211Z,buy,2626.24,2615.5579999999995,2647.604,0.04,0.5,0.5,0.0,GTC,4,ML
ad7feece67e0adc1,XAUUSD,H4,NY,2025-08-09T17:11:29.256211Z,buy,2626.3,2615.9032142857145,2647.0935714285715,0.05,0.5,0.5,0.0,GTC,4,ML
f56be580e5991cd5,XAUUSD,H4,Off,2025-08-09T17:11:29.256211Z,buy,2628.996,2617.380571428572,2652.2268571428576,0.04,0.5,0.5,0.0,GTC,4,ML
a5d3028dd3d35728,XAUUSD,H4,London,2025-08-09T17:11:29.256211Z,buy,2626.367,2615.149142857143,2648.8027142857145,0.04,0.5,0.5,0.0,GTC,4,ML
6d5c0e0552803b94,XAUUSD,H4,NY,2025-08-09T17:11:29.256211Z,buy,2658.204,2646.064928571429,2682.482142857143,0.04,0.5,0.5,0.0,GTC,4,ML
80d7c3ad43d4b2d2,XAUUSD,H4,London,2025-08-09T17:11:29.256211Z,buy,2657.431,2644.5455,2683.202,0.04,0.5,0.5,0.0,GTC,4,ML
de2c74f8a42edd6a,XAUUSD,H4,London,2025-08-09T17:11:29.256211Z,buy,2659.754,2647.020785714285,2685.2204285714283,0.04,0.5,0.5,0.0,GTC,4,ML
66991e5e3f9cdaaf,XAUUSD,H4,NY,2025-08-09T17:11:29.256211Z,buy,2656.256,2644.2898571428573,2680.188285714285,0.04,0.5,0.5,0.0,GTC,4,ML
ecdf04ea9daa5a0f,XAUUSD,H4,Off,2025-08-09T17:11:29.256211Z,buy,2662.516,2650.407,2686.734,0.04,0.5,0.5,0.0,GTC,4,ML
693a80a8982b1f11,XAUUSD,H4,Off,2025-08-09T17:11:29.256211Z,buy,2664.684,2652.1245000000004,2689.803,0.04,0.5,0.5,0.0,GTC,4,ML
2977bb446b128a2a,XAUUSD,H4,London,2025-08-09T17:11:29.256211Z,buy,2671.357,2657.3286428571428,2699.413714285714,0.03,0.5,0.5,0.0,GTC,4,ML
fceab823265eba2b,XAUUSD,H4,London,2025-08-09T17:11:29.256211Z,buy,2673.675,2659.502428571429,2702.020142857143,0.03,0.5,0.5,0.0,GTC,4,ML
68146f5ec7bb6a11,XAUUSD,H4,NY,2025-08-09T17:11:29.256211Z,buy,2672.601,2659.985142857143,2697.8327142857142,0.04,0.5,0.5,0.0,GTC,4,ML
1b730c9c9060137d,XAUUSD,H4,London,2025-08-09T17:11:29.256211Z,buy,2649.799,2636.7262142857144,2675.944571428572,0.04,0.5,0.5,0.0,GTC,4,ML
2dbc12f1f34877d8,XAUUSD,H4,London,2025-08-09T17:11:29.256211Z,buy,2652.079,2638.474285714286,2679.288428571429,0.04,0.5,0.5,0.0,GTC,4,ML
ffad6b021579569c,XAUUSD,H4,NY,2025-08-09T17:11:29.256211Z,buy,2657.983,2644.694214285714,2684.560571428572,0.04,0.5,0.5,0.0,GTC,4,ML
e36a70de444e198e,XAUUSD,H4,NY,2025-08-09T17:11:29.256211Z,buy,2663.543,2650.7037142857143,2689.221571428572,0.04,0.5,0.5,0.0,GTC,4,ML
cb799447e0b3ce76,XAUUSD,H4,London,2025-08-09T17:11:29.256211Z,buy,2641.542,2626.5181428571427,2671.5897142857143,0.03,0.5,0.5,0.0,GTC,4,ML
704261bb7babad19,XAUUSD,H4,London,2025-08-09T17:11:29.256211Z,buy,2633.868,2619.236357142857,2663.1312857142857,0.03,0.5,0.5,0.0,GTC,4,ML
33a09504d39eec3c,XAUUSD,H4,Off,2025-08-09T17:11:29.256211Z,buy,2637.922,2624.6425,2664.481,0.04,0.5,0.5,0.0,GTC,4,ML
dc183570f7608c93,XAUUSD,H4,Off,2025-08-09T17:11:29.256211Z,buy,2645.559,2632.117642857143,2672.4417142857146,0.04,0.5,0.5,0.0,GTC,4,ML
abb44b1352808318,XAUUSD,H4,London,2025-08-09T17:11:29.256211Z,buy,2650.229,2637.033357142857,2676.6202857142857,0.04,0.5,0.5,0.0,GTC,4,ML
9d15da36dca13b82,XAUUSD,H4,London,2025-08-09T17:11:29.256211Z,buy,2663.338,2649.214428571429,2691.585142857143,0.03,0.5,0.5,0.0,GTC,4,ML
b1e85c4459a316b0,XAUUSD,H4,Off,2025-08-09T17:11:29.256211Z,buy,2655.423,2642.580357142857,2681.1082857142856,0.04,0.5,0.5,0.0,GTC,4,ML
3e6c1e7dab63bcb8,XAUUSD,H4,London,2025-08-09T17:11:29.256211Z,buy,2658.64,2646.4305714285715,2683.058857142857,0.04,0.5,0.5,0.0,GTC,4,ML
f8d0f73c9583d645,XAUUSD,H4,NY,2025-08-09T17:11:29.256211Z,buy,2660.328,2649.014642857143,2682.954714285714,0.04,0.5,0.5,0.0,GTC,4,ML
a28ca4191f2156c3,XAUUSD,H4,Off,2025-08-09T17:11:29.256211Z,buy,2645.187,2633.807071428572,2667.946857142857,0.04,0.5,0.5,0.0,GTC,4,ML
0f60c3c4f6e3c36d,XAUUSD,H4,London,2025-08-09T17:11:29.256211Z,buy,2648.018,2636.493571428572,2671.0668571428573,0.04,0.5,0.5,0.0,GTC,4,ML
e618590d7b1bd5be,XAUUSD,H4,London,2025-08-09T17:11:29.256211Z,buy,2657.974,2645.692571428572,2682.536857142857,0.04,0.5,0.5,0.0,GTC,4,ML
3302db8512f68d24,XAUUSD,H4,NY,2025-08-09T17:11:29.256211Z,buy,2655.804,2644.965,2677.482,0.04,0.5,0.5,0.0,GTC,4,ML
fcc0ed0cb4933d00,XAUUSD,H4,London,2025-08-09T17:11:29.256211Z,buy,2651.624,2639.0397857142857,2676.7924285714284,0.04,0.5,0.5,0.0,GTC,4,ML
6406d1dde450ee8f,XAUUSD,H4,NY,2025-08-09T17:11:29.256211Z,buy,2653.519,2642.2319285714284,2676.0931428571425,0.04,0.5,0.5,0.0,GTC,4,ML
8ba77ebe02fa01fe,XAUUSD,H4,Off,2025-08-09T17:11:29.256211Z,buy,2647.421,2636.3389285714284,2669.5851428571427,0.04,0.5,0.5,0.0,GTC,4,ML
5c2d258c1002550e,XAUUSD,H4,London,2025-08-09T17:11:29.256211Z,buy,2656.913,2645.9333571428574,2678.8722857142857,0.04,0.5,0.5,0.0,GTC,4,ML
4361b554efc40d1e,XAUUSD,H4,London,2025-08-09T17:11:29.256211Z,buy,2643.26,2631.8646428571437,2666.0507142857145,0.04,0.5,0.5,0.0,GTC,4,ML
9adb46c1368c6bd2,XAUUSD,H4,NY,2025-08-09T17:11:29.256211Z,buy,2642.944,2631.9927142857146,2664.846571428571,0.04,0.5,0.5,0.0,GTC,4,ML
04bd5cdeb4137a3c,XAUUSD,H4,London,2025-08-09T17:11:29.256211Z,buy,2650.745,2637.484857142857,2677.2652857142853,0.04,0.5,0.5,0.0,GTC,4,ML
ad54f9c0fb04c1ba,XAUUSD,H4,London,2025-08-09T17:11:29.256211Z,buy,2716.202,2703.390928571429,2741.8241428571428,0.04,0.5,0.5,0.0,GTC,4,ML
4759fd06d416a17a,XAUUSD,H4,NY,2025-08-09T17:11:29.256211Z,buy,2721.258,2709.588142857143,2744.597714285714,0.04,0.5,0.5,0.0,GTC,4,ML
a324c2bbfedc749f,XAUUSD,H4,Off,2025-08-09T17:11:29.256211Z,buy,2722.877,2711.384357142857,2745.862285714285,0.04,0.5,0.5,0.0,GTC,4,ML
db978907165c6c1b,XAUUSD,H4,Off,2025-08-09T17:11:29.256211Z,buy,2733.54,2721.3047142857145,2758.0105714285714,0.04,0.5,0.5,0.0,GTC,4,ML
6591171845d20e05,XAUUSD,H4,London,2025-08-09T17:11:29.256211Z,buy,2738.556,2726.698428571429,2762.271142857143,0.04,0.5,0.5,0.0,GTC,4,ML
eb9166d9ec5f1c45,XAUUSD,H4,London,2025-08-09T17:11:29.256211Z,buy,2731.099,2718.333,2756.631,0.04,0.5,0.5,0.0,GTC,4,ML
8a38a81ca5fcacfc,XAUUSD,H4,London,2025-08-09T17:11:29.256211Z,buy,2737.049,2724.135642857143,2762.875714285714,0.04,0.5,0.5,0.0,GTC,4,ML
7797d14090e45f35,XAUUSD,H4,NY,2025-08-09T17:11:29.256211Z,buy,2733.844,2721.5867857142857,2758.358428571428,0.04,0.5,0.5,0.0,GTC,4,ML
fce2aa7be182974f,XAUUSD,H4,Off,2025-08-09T17:11:29.256211Z,buy,2726.042,2713.854142857143,2750.4177142857143,0.04,0.5,0.5,0.0,GTC,4,ML
0a574dd2b003f5c3,XAUUSD,H4,London,2025-08-09T17:11:29.256211Z,buy,2742.519,2728.9727857142857,2769.6114285714284,0.04,0.5,0.5,0.0,GTC,4,ML
754100f3ffb6b12c,XAUUSD,H4,NY,2025-08-09T17:11:29.256211Z,buy,2735.815,2724.496142857143,2758.452714285714,0.04,0.5,0.5,0.0,GTC,4,ML
ba939318de192efd,XAUUSD,H4,Off,2025-08-09T17:11:29.256211Z,buy,2729.702,2718.102928571429,2752.900142857143,0.04,0.5,0.5,0.0,GTC,4,ML
47fabbf046f9c50e,XAUUSD,H4,London,2025-08-09T17:11:29.256211Z,buy,2732.319,2720.341571428572,2756.273857142857,0.04,0.5,0.5,0.0,GTC,4,ML
b3bccff538ddba0e,XAUUSD,H4,London,2025-08-09T17:11:29.256211Z,buy,2742.498,2731.1130000000003,2765.268,0.04,0.5,0.5,0.0,GTC,4,ML
357ac431b4c8ebe0,XAUUSD,H4,Off,2025-08-09T17:11:29.256211Z,buy,2751.687,2740.0385714285712,2774.983857142857,0.04,0.5,0.5,0.0,GTC,4,ML
6cf17b5dec32ea70,XAUUSD,H4,NY,2025-08-09T17:11:29.256211Z,buy,2774.915,2763.6739285714284,2797.397142857143,0.04,0.5,0.5,0.0,GTC,4,ML
d804a8195c6b1d0a,XAUUSD,H4,Off,2025-08-09T17:11:29.256211Z,buy,2782.222,2771.138142857143,2804.3897142857145,0.04,0.5,0.5,0.0,GTC,4,ML
0222c975e2c88527,XAUUSD,H4,London,2025-08-09T17:11:29.256211Z,buy,2778.58,2767.7375714285718,2800.264857142857,0.04,0.5,0.5,0.0,GTC,4,ML
2414b0199ad82e12,XAUUSD,H4,NY,2025-08-09T17:11:29.256211Z,buy,2785.49,2775.802,2804.866,0.05,0.5,0.5,0.0,GTC,4,ML
9fad4feb9010c641,XAUUSD,H4,Off,2025-08-09T17:11:29.256211Z,buy,2784.547,2774.750785714286,2804.1394285714287,0.05,0.5,0.5,0.0,GTC,4,ML
59fb7d7cb603ec01,XAUUSD,H4,Off,2025-08-09T17:11:29.256211Z,buy,2782.048,2771.9724285714283,2802.1991428571428,0.05,0.5,0.5,0.0,GTC,4,ML
735e82d50494e796,XAUUSD,H4,London,2025-08-09T17:11:29.256211Z,buy,2746.442,2733.573214285714,2772.1795714285718,0.04,0.5,0.5,0.0,GTC,4,ML
6d798e907acc3860,XAUUSD,H4,Off,2025-08-09T17:11:29.256211Z,buy,2751.77,2740.4927857142857,2774.3244285714286,0.04,0.5,0.5,0.0,GTC,4,ML
d3e795051c2c3975,XAUUSD,H4,Off,2025-08-09T17:11:29.256211Z,buy,2749.642,2737.861857142857,2773.2022857142856,0.04,0.5,0.5,0.0,GTC,4,ML
415d0282c15457f6,XAUUSD,H4,NY,2025-08-09T17:11:29.256211Z,buy,2736.69,2724.541857142857,2760.9862857142857,0.04,0.5,0.5,0.0,GTC,4,ML
56468c07a4324694,XAUUSD,H4,NY,2025-08-09T17:11:29.256211Z,buy,2738.352,2726.1565,2762.743,0.04,0.5,0.5,0.0,GTC,4,ML
ce1efaff89928fa0,XAUUSD,H4,Off,2025-08-09T17:11:29.256211Z,buy,2740.989,2728.527,2765.913,0.04,0.5,0.5,0.0,GTC,4,ML
a6c05ef8c7f86b0e,XAUUSD,H4,Off,2025-08-09T17:11:29.256211Z,buy,2735.837,2723.145285714286,2761.2204285714283,0.04,0.5,0.5,0.0,GTC,4,ML
d93931b712711ecd,XAUUSD,H4,London,2025-08-09T17:11:29.256211Z,buy,2740.609,2727.5649285714285,2766.697142857143,0.04,0.5,0.5,0.0,GTC,4,ML
8af1ace1b842a833,XAUUSD,H4,London,2025-08-09T17:11:29.256211Z,buy,2738.309,2728.250071428572,2758.426857142857,0.05,0.5,0.5,0.0,GTC,4,ML
e95342e4f4df3df9,XAUUSD,H4,NY,2025-08-09T17:11:29.256211Z,buy,2736.003,2726.5994285714287,2754.810142857143,0.05,0.5,0.5,0.0,GTC,4,ML
07ad61912676a518,XAUUSD,H4,Off,2025-08-09T17:11:29.256211Z,buy,2735.294,2725.3844285714285,2755.1131428571425,0.05,0.5,0.5,0.0,GTC,4,ML
c507830639fcf844,XAUUSD,H4,Off,2025-08-09T17:11:29.256211Z,buy,2736.532,2726.4317142857144,2756.732571428572,0.05,0.5,0.5,0.0,GTC,4,ML
c1e5b25b3510c83e,XAUUSD,H4,NY,2025-08-09T17:11:29.256211Z,buy,2745.707,2736.4582142857143,2764.2045714285714,0.05,0.5,0.5,0.0,GTC,4,ML
5e4f26ce217112a6,XAUUSD,H4,Off,2025-08-09T17:11:29.256211Z,buy,2725.921,2713.0905,2751.582,0.04,0.5,0.5,0.0,GTC,4,ML
2d3baaf0836b505e,XAUUSD,H4,London,2025-08-09T17:11:29.256211Z,buy,2675.715,2657.4032142857145,2712.338571428572,0.03,0.5,0.5,0.0,GTC,4,ML
1f0771a13279e266,XAUUSD,H4,London,2025-08-09T17:11:29.256211Z,buy,2667.084,2648.5402857142853,2704.1714285714284,0.03,0.5,0.5,0.0,GTC,4,ML
8e7e37ac70230bb9,XAUUSD,H4,NY,2025-08-09T17:11:29.256211Z,buy,2664.048,2645.6345714285712,2700.874857142857,0.03,0.5,0.5,0.0,GTC,4,ML
02fb9479476dff15,XAUUSD,H4,Off,2025-08-09T17:11:29.256211Z,buy,2667.774,2650.968714285714,2701.3845714285712,0.03,0.5,0.5,0.0,GTC,4,ML
e660ed531fe7e5d4,XAUUSD,H4,London,2025-08-09T17:11:29.256211Z,buy,2686.776,2669.1451428571427,2722.037714285714,0.03,0.5,0.5,0.0,GTC,4,ML
bef8dd07914e5c94,XAUUSD,H4,NY,2025-08-09T17:11:29.256211Z,buy,2610.46,2587.548,2656.284,0.02,0.5,0.5,0.0,GTC,4,ML
6f19fbc1cc2ca172,XAUUSD,H4,Off,2025-08-09T17:11:29.256211Z,buy,2630.375,2606.042214285714,2679.040571428571,0.02,0.5,0.5,0.0,GTC,4,ML
e1b58cedd7a4f5ef,XAUUSD,H4,Off,2025-08-09T17:11:29.256211Z,buy,2614.036,2589.7788571428573,2662.5502857142856,0.02,0.5,0.5,0.0,GTC,4,ML
51112c7086e718dc,XAUUSD,H4,London,2025-08-09T17:11:29.256211Z,buy,2633.213,2608.611428571429,2682.416142857143,0.02,0.5,0.5,0.0,GTC,4,ML
dc1a55716f7b469f,XAUUSD,H4,London,2025-08-09T17:11:29.256211Z,buy,2629.512,2604.2850000000003,2679.9660000000003,0.02,0.5,0.5,0.0,GTC,4,ML
97bc60ebf2eb4dc4,XAUUSD,H4,London,2025-08-09T17:11:29.256211Z,buy,2628.025,2603.418142857143,2677.238714285714,0.02,0.5,0.5,0.0,GTC,4,ML
03f9d0fba0e75d75,XAUUSD,H4,Off,2025-08-09T17:11:29.256211Z,buy,2637.722,2613.189928571429,2686.786142857143,0.02,0.5,0.5,0.0,GTC,4,ML
835b5d36cd1abb41,XAUUSD,H4,Off,2025-08-09T17:11:29.256211Z,buy,2646.625,2622.003,2695.869,0.02,0.5,0.5,0.0,GTC,4,ML
18dbb4b71cc26d08,XAUUSD,H4,London,2025-08-09T17:11:29.256211Z,buy,2651.103,2630.0819285714288,2693.145142857143,0.02,0.5,0.5,0.0,GTC,4,ML
2837fc285b5e4081,XAUUSD,H4,London,2025-08-09T17:11:29.256211Z,buy,2634.703,2614.153071428572,2675.802857142857,0.02,0.5,0.5,0.0,GTC,4,ML
50a01a8f60a9fed5,XAUUSD,H4,NY,2025-08-09T17:11:29.256211Z,buy,2637.168,2620.6747142857143,2670.154571428572,0.03,0.5,0.5,0.0,GTC,4,ML
6c98c51db2645592,XAUUSD,H4,London,2025-08-09T17:11:29.256211Z,buy,2646.884,2632.488357142857,2675.6752857142856,0.03,0.5,0.5,0.0,GTC,4,ML
729c9b3a579178ca,XAUUSD,H4,London,2025-08-09T17:11:29.256211Z,buy,2638.104,2624.3409285714283,2665.630142857143,0.04,0.5,0.5,0.0,GTC,4,ML
e8bb13e9653f087d,XAUUSD,H4,London,2025-08-09T17:11:29.256211Z,buy,2640.597,2627.964642857143,2665.8617142857147,0.04,0.5,0.5,0.0,GTC,4,ML
2436c45acd0c77ab,XAUUSD,H4,London,2025-08-09T17:11:29.256211Z,buy,2655.23,2643.0907857142856,2679.508428571429,0.04,0.5,0.5,0.0,GTC,4,ML
756a71127a30fd98,XAUUSD,H4,NY,2025-08-09T17:11:29.256211Z,buy,2645.659,2634.2687142857144,2668.4395714285715,0.04,0.5,0.5,0.0,GTC,4,ML
b0442059959e9a68,XAUUSD,H4,Off,2025-08-09T17:11:29.256211Z,buy,2629.272,2616.868857142857,2654.078285714286,0.04,0.5,0.5,0.0,GTC,4,ML
90a368433c1d7d99,XAUUSD,H4,London,2025-08-09T17:11:29.256211Z,buy,2641.885,2628.819785714286,2668.015428571429,0.04,0.5,0.5,0.0,GTC,4,ML
15f436c2cec53682,XAUUSD,H4,NY,2025-08-09T17:11:29.256211Z,buy,2642.211,2629.2555,2668.122,0.04,0.5,0.5,0.0,GTC,4,ML
8c0c60ea6f39501b,XAUUSD,H4,Off,2025-08-09T17:11:29.256211Z,buy,2640.427,2627.020571428572,2667.239857142857,0.04,0.5,0.5,0.0,GTC,4,ML
d65e5a5f2ea63d17,XAUUSD,H4,Off,2025-08-09T17:11:29.256211Z,buy,2644.622,2630.534642857143,2672.796714285714,0.03,0.5,0.5,0.0,GTC,4,ML
c92ffc4308f04c5f,XAUUSD,H4,London,2025-08-09T17:11:29.256211Z,buy,2640.435,2626.8839285714284,2667.537142857143,0.04,0.5,0.5,0.0,GTC,4,ML
4562ab22f8998869,XAUUSD,H4,London,2025-08-09T17:11:29.256211Z,buy,2640.998,2627.5268571428574,2667.940285714286,0.04,0.5,0.5,0.0,GTC,4,ML
a1af800cf0481af3,XAUUSD,H4,NY,2025-08-09T17:11:29.256211Z,buy,2642.721,2630.023571428572,2668.1158571428573,0.04,0.5,0.5,0.0,GTC,4,ML
f44b1be0720b9c34,XAUUSD,H4,Off,2025-08-09T17:11:29.256211Z,buy,2644.501,2631.557642857143,2670.3877142857145,0.04,0.5,0.5,0.0,GTC,4,ML
f9b1c55ce2b07ee1,XAUUSD,H4,London,2025-08-09T17:11:29.256211Z,buy,2651.7,2639.6765,2675.747,0.04,0.5,0.5,0.0,GTC,4,ML
c59be6890024ddc9,XAUUSD,H4,NY,2025-08-09T17:11:29.256211Z,buy,2650.397,2639.1485,2672.894,0.04,0.5,0.5,0.0,GTC,4,ML
06c8b5d0d1c6a62e,XAUUSD,H4,Off,2025-08-09T17:11:29.256211Z,buy,2648.882,2637.9680714285714,2670.7098571428573,0.04,0.5,0.5,0.0,GTC,4,ML
dcb5f4dbd71b89ad,XAUUSD,H4,London,2025-08-09T17:11:29.256211Z,buy,2629.8,2617.337571428572,2654.724857142857,0.04,0.5,0.5,0.0,GTC,4,ML
854c6082df37c27b,XAUUSD,H4,NY,2025-08-09T17:11:29.256211Z,buy,2633.713,2622.295785714286,2656.547428571429,0.04,0.5,0.5,0.0,GTC,4,ML
b60cc768c31b7bc3,XAUUSD,H4,Off,2025-08-09T17:11:29.256211Z,buy,2716.047,2701.608,2744.925,0.03,0.5,0.5,0.0,GTC,4,ML
a8ddc1f7a4c1f07e,XAUUSD,H4,London,2025-08-09T17:11:29.256211Z,buy,2710.934,2696.616857142857,2739.568285714286,0.03,0.5,0.5,0.0,GTC,4,ML
45aa6e39a483abca,XAUUSD,H4,London,2025-08-09T17:11:29.256211Z,buy,2679.785,2663.5320714285717,2712.290857142857,0.03,0.5,0.5,0.0,GTC,4,ML
0774dcff67280396,XAUUSD,H4,London,2025-08-09T17:11:29.256211Z,buy,2683.133,2667.306857142857,2714.7852857142857,0.03,0.5,0.5,0.0,GTC,4,ML
8211101daebb9367,XAUUSD,H4,NY,2025-08-09T17:11:29.256211Z,buy,2680.623,2665.893,2710.083,0.03,0.5,0.5,0.0,GTC,4,ML
49dd3e8671f873c3,XAUUSD,H4,NY,2025-08-09T17:11:29.256211Z,buy,2648.392,2634.3805,2676.415,0.03,0.5,0.5,0.0,GTC,4,ML
50ddddb9528ae18b,XAUUSD,H4,NY,2025-08-09T17:11:29.256211Z,buy,2651.479,2637.8344285714284,2678.7681428571427,0.04,0.5,0.5,0.0,GTC,4,ML
4381d9f04a36d071,XAUUSD,H4,London,2025-08-09T17:11:29.256211Z,buy,2654.472,2641.488642857143,2680.4387142857145,0.04,0.5,0.5,0.0,GTC,4,ML
692fd1196453f11d,XAUUSD,H4,London,2025-08-09T17:11:29.256211Z,buy,2653.299,2642.4605,2674.976,0.04,0.5,0.5,0.0,GTC,4,ML
b02710d761ea49c0,XAUUSD,H4,NY,2025-08-09T17:11:29.256211Z,buy,2651.744,2641.446,2672.34,0.05,0.5,0.5,0.0,GTC,4,ML
fa05134a24f3def7,XAUUSD,H4,London,2025-08-09T17:11:29.256211Z,buy,2640.206,2629.773071428572,2661.0718571428574,0.05,0.5,0.5,0.0,GTC,4,ML
c48af3484b8c5967,XAUUSD,H4,NY,2025-08-09T17:11:29.256211Z,buy,2647.378,2637.923142857143,2666.287714285714,0.05,0.5,0.5,0.0,GTC,4,ML
09ebd7c9594a4be4,XAUUSD,H4,Off,2025-08-09T17:11:29.256211Z,buy,2644.61,2635.0712857142858,2663.687428571429,0.05,0.5,0.5,0.0,GTC,4,ML
08d0f8696ba71ee6,XAUUSD,H4,London,2025-08-09T17:11:29.256211Z,buy,2634.95,2626.824357142857,2651.2012857142854,0.06,0.5,0.5,0.0,GTC,4,ML
0ac9a0478824711d,XAUUSD,H4,NY,2025-08-09T17:11:29.256211Z,buy,2632.684,2624.4998571428573,2649.052285714285,0.06,0.5,0.5,0.0,GTC,4,ML
041622a21b552caf,XAUUSD,H4,Off,2025-08-09T17:11:29.256211Z,buy,2633.698,2625.6493571428573,2649.795285714285,0.06,0.5,0.5,0.0,GTC,4,ML
2bd1407d4a87189e,XAUUSD,H4,London,2025-08-09T17:11:29.256211Z,buy,2618.134,2608.8115000000003,2636.779,0.05,0.5,0.5,0.0,GTC,4,ML
90f647e17bdeda5b,XAUUSD,H4,NY,2025-08-09T17:11:29.256211Z,buy,2624.035,2614.8126428571427,2642.479714285714,0.05,0.5,0.5,0.0,GTC,4,ML
1fec88293fb7d93c,XAUUSD,H4,Off,2025-08-09T17:11:29.256211Z,buy,2626.579,2617.220357142857,2645.2962857142857,0.05,0.5,0.5,0.0,GTC,4,ML
c44fc67cd50ba06b,XAUUSD,H4,Off,2025-08-09T17:11:29.256211Z,buy,2654.195,2643.761285714286,2675.062428571429,0.05,0.5,0.5,0.0,GTC,4,ML
b19b1e6eacb556c3,XAUUSD,H4,London,2025-08-09T17:11:29.256211Z,buy,2639.433,2629.417857142857,2659.463285714286,0.05,0.5,0.5,0.0,GTC,4,ML
996e5dc32f17ab7b,XAUUSD,H4,NY,2025-08-09T17:11:29.256211Z,buy,2641.063,2631.1435,2660.902,0.05,0.5,0.5,0.0,GTC,4,ML
327abd1fc42bc240,XAUUSD,H4,Off,2025-08-09T17:11:29.256211Z,buy,2640.19,2629.937142857143,2660.6957142857145,0.05,0.5,0.5,0.0,GTC,4,ML
d7f1234f9485cf33,XAUUSD,H4,Off,2025-08-09T17:11:29.256211Z,buy,2626.937,2616.5451428571428,2647.720714285714,0.05,0.5,0.5,0.0,GTC,4,ML
ceecb385a0817d1a,XAUUSD,H4,Off,2025-08-09T17:11:29.256211Z,buy,2639.563,2627.607,2663.475,0.04,0.5,0.5,0.0,GTC,4,ML
2bc87015117fa114,XAUUSD,H4,London,2025-08-09T17:11:29.256211Z,buy,2648.389,2636.664,2671.839,0.04,0.5,0.5,0.0,GTC,4,ML
63017568398b392b,XAUUSD,H4,London,2025-08-09T17:11:29.256211Z,buy,2650.89,2638.5756428571426,2675.518714285714,0.04,0.5,0.5,0.0,GTC,4,ML
743e65e0da470ca0,XAUUSD,H4,London,2025-08-09T17:11:29.256211Z,buy,2658.301,2645.757071428571,2683.388857142857,0.04,0.5,0.5,0.0,GTC,4,ML
7b917241f878fd44,XAUUSD,H4,NY,2025-08-09T17:11:29.256211Z,buy,2662.507,2652.008,2683.505,0.05,0.5,0.5,0.0,GTC,4,ML
21ba4eef569aa3da,XAUUSD,H4,Off,2025-08-09T17:11:29.256211Z,buy,2659.369,2649.034285714286,2680.038428571429,0.05,0.5,0.5,0.0,GTC,4,ML
c0e0670b19a9da61,XAUUSD,H4,Off,2025-08-09T17:11:29.256211Z,buy,2662.45,2651.572357142857,2684.2052857142858,0.04,0.5,0.5,0.0,GTC,4,ML
3567196fb16872c3,XAUUSD,H4,London,2025-08-09T17:11:29.256211Z,buy,2670.19,2658.7955,2692.9790000000003,0.04,0.5,0.5,0.0,GTC,4,ML
f547e480a620a7c2,XAUUSD,H4,NY,2025-08-09T17:11:29.256211Z,buy,2669.952,2659.9527857142857,2689.950428571429,0.05,0.5,0.5,0.0,GTC,4,ML
66a5ea3fccf23098,XAUUSD,H4,London,2025-08-09T17:11:29.256211Z,buy,2685.855,2673.6341428571427,2710.296714285714,0.04,0.5,0.5,0.0,GTC,4,ML
dcf56feeba60d248,XAUUSD,H4,NY,2025-08-09T17:11:29.256211Z,buy,2689.551,2678.2412142857142,2712.170571428572,0.04,0.5,0.5,0.0,GTC,4,ML
211bc3a9251e4933,XAUUSD,H4,NY,2025-08-09T17:11:29.256211Z,buy,2691.105,2680.999857142857,2711.315285714286,0.05,0.5,0.5,0.0,GTC,4,ML
9abd3756842726fd,XAUUSD,H4,Off,2025-08-09T17:11:29.256211Z,buy,2685.102,2674.3006428571425,2706.7047142857145,0.04,0.5,0.5,0.0,GTC,4,ML
86e1ba026a9fbb13,XAUUSD,H4,London,2025-08-09T17:11:29.256211Z,buy,2675.952,2664.9517142857144,2697.952571428572,0.04,0.5,0.5,0.0,GTC,4,ML
7f6d61f1fa253281,XAUUSD,H4,London,2025-08-09T17:11:29.256211Z,buy,2661.867,2650.630571428572,2684.339857142857,0.04,0.5,0.5,0.0,GTC,4,ML
725b08a82ab2e805,XAUUSD,H4,Off,2025-08-09T17:11:29.256211Z,buy,2669.78,2658.259571428572,2692.8208571428577,0.04,0.5,0.5,0.0,GTC,4,ML
5e81bb3973d8523e,XAUUSD,H4,London,2025-08-09T17:11:29.256211Z,buy,2671.779,2659.367857142857,2696.601285714286,0.04,0.5,0.5,0.0,GTC,4,ML
74fb08912dee3a89,XAUUSD,H4,NY,2025-08-09T17:11:29.256211Z,buy,2675.589,2665.4195,2695.928,0.05,0.5,0.5,0.0,GTC,4,ML
1ed0e94f9b7a8c5f,XAUUSD,H4,Off,2025-08-09T17:11:29.256211Z,buy,2676.091,2666.0869285714284,2696.099142857143,0.05,0.5,0.5,0.0,GTC,4,ML
30cd13d14b75dcdc,XAUUSD,H4,Off,2025-08-09T17:11:29.256211Z,buy,2681.313,2670.8767857142857,2702.1854285714285,0.05,0.5,0.5,0.0,GTC,4,ML
6a5585af3cb16f84,XAUUSD,H4,London,2025-08-09T17:11:29.256211Z,buy,2686.779,2676.782,2706.773,0.05,0.5,0.5,0.0,GTC,4,ML
ff61adf3642b75cd,XAUUSD,H4,London,2025-08-09T17:11:29.256211Z,buy,2678.475,2667.666142857143,2700.092714285714,0.04,0.5,0.5,0.0,GTC,4,ML
7cbe1fbd07c01e7c,XAUUSD,H4,London,2025-08-09T17:11:29.256211Z,buy,2706.412,2695.7415,2727.753,0.04,0.5,0.5,0.0,GTC,4,ML
02848d85379ed9c7,XAUUSD,H4,NY,2025-08-09T17:11:29.256211Z,buy,2714.578,2703.794,2736.146,0.04,0.5,0.5,0.0,GTC,4,ML
9b0ea3df97950efd,XAUUSD,H4,NY,2025-08-09T17:11:29.256211Z,buy,2702.879,2692.3024285714287,2724.032142857143,0.05,0.5,0.5,0.0,GTC,4,ML
1eb796e589d4606e,XAUUSD,H4,NY,2025-08-09T17:11:29.256211Z,buy,2696.424,2686.323785714286,2716.6244285714283,0.05,0.5,0.5,0.0,GTC,4,ML
f706a048bae342ad,XAUUSD,H4,Off,2025-08-09T17:11:29.256211Z,buy,2703.592,2692.636,2725.504,0.04,0.5,0.5,0.0,GTC,4,ML
ce11bbcd2a178c8d,XAUUSD,H4,London,2025-08-09T17:11:29.256211Z,buy,2708.333,2697.420285714286,2730.158428571429,0.04,0.5,0.5,0.0,GTC,4,ML
742fcfcb0d7fc24b,XAUUSD,H4,London,2025-08-09T17:11:29.256211Z,buy,2707.065,2696.4365000000003,2728.322,0.04,0.5,0.5,0.0,GTC,4,ML
73c238e13330efd0,XAUUSD,H4,NY,2025-08-09T17:11:29.256211Z,buy,2710.445,2701.052785714286,2729.229428571429,0.05,0.5,0.5,0.0,GTC,4,ML
31259732691708ee,XAUUSD,H4,London,2025-08-09T17:11:29.256211Z,buy,2723.998,2712.6292857142857,2746.7354285714287,0.04,0.5,0.5,0.0,GTC,4,ML
c1d0969692d71b3e,XAUUSD,H4,London,2025-08-09T17:11:29.256211Z,buy,2742.838,2731.1910714285714,2766.1318571428574,0.04,0.5,0.5,0.0,GTC,4,ML
b9737982fdbe26f7,XAUUSD,H4,NY,2025-08-09T17:11:29.256211Z,buy,2744.259,2733.226714285714,2766.3235714285715,0.04,0.5,0.5,0.0,GTC,4,ML
04c976acc5d07c35,XAUUSD,H4,Off,2025-08-09T17:11:29.256211Z,buy,2749.972,2739.2927142857143,2771.330571428572,0.04,0.5,0.5,0.0,GTC,4,ML
4f78a6804a830f1d,XAUUSD,H4,Off,2025-08-09T17:11:29.256211Z,buy,2752.683,2741.9037857142857,2774.2414285714285,0.04,0.5,0.5,0.0,GTC,4,ML
2e5d3efdf441299f,XAUUSD,H4,London,2025-08-09T17:11:29.256211Z,buy,2751.924,2741.875,2772.022,0.05,0.5,0.5,0.0,GTC,4,ML
26559bd82b6cf255,XAUUSD,H4,Off,2025-08-09T17:11:29.256211Z,buy,2772.308,2761.5674285714285,2793.789142857143,0.04,0.5,0.5,0.0,GTC,4,ML
0686b2395349d5b3,XAUUSD,H4,NY,2025-08-09T17:11:29.256211Z,buy,2767.553,2757.708,2787.243,0.05,0.5,0.5,0.0,GTC,4,ML
ab5816c0fd7d1828,XAUUSD,H4,Off,2025-08-09T17:11:29.256211Z,buy,2749.478,2738.021928571429,2772.390142857143,0.04,0.5,0.5,0.0,GTC,4,ML
7f977ee5c038697e,XAUUSD,H4,NY,2025-08-09T17:11:29.256211Z,buy,2869.279,2854.9657857142856,2897.9054285714283,0.03,0.5,0.5,0.0,GTC,4,ML
7e8774190a3a23ce,XAUUSD,H4,Off,2025-08-09T17:11:29.256211Z,buy,2855.837,2841.035785714286,2885.4394285714284,0.03,0.5,0.5,0.0,GTC,4,ML
8f9424c3bb73793f,XAUUSD,H4,London,2025-08-09T17:11:29.256211Z,buy,2865.972,2850.7163571428573,2896.483285714286,0.03,0.5,0.5,0.0,GTC,4,ML
b14f083cdb9bb5a2,XAUUSD,H4,London,2025-08-09T17:11:29.256211Z,buy,2853.746,2837.2810714285715,2886.675857142857,0.03,0.5,0.5,0.0,GTC,4,ML
b1848a2e614e69b7,XAUUSD,H4,NY,2025-08-09T17:11:29.256211Z,buy,2858.0,2843.3818571428574,2887.2362857142857,0.03,0.5,0.5,0.0,GTC,4,ML
99e5e6a0f39de1a4,XAUUSD,H4,Off,2025-08-09T17:11:29.256211Z,buy,2867.193,2852.5452142857143,2896.4885714285715,0.03,0.5,0.5,0.0,GTC,4,ML
c802295be02776f5,XAUUSD,H4,London,2025-08-09T17:11:29.256211Z,buy,2880.315,2864.169428571429,2912.606142857143,0.03,0.5,0.5,0.0,GTC,4,ML
f8a93a9075eca25c,XAUUSD,H4,NY,2025-08-09T17:11:29.256211Z,buy,2867.495,2852.264857142857,2897.9552857142858,0.03,0.5,0.5,0.0,GTC,4,ML
3ee762be01b66bef,XAUUSD,H4,Off,2025-08-09T17:11:29.256211Z,buy,2875.572,2860.3672142857145,2905.9815714285714,0.03,0.5,0.5,0.0,GTC,4,ML
267ed5d1a3245726,XAUUSD,H4,Off,2025-08-09T17:11:29.256211Z,buy,2895.506,2879.3997142857143,2927.718571428571,0.03,0.5,0.5,0.0,GTC,4,ML
183a5b215425c4a1,XAUUSD,H4,London,2025-08-09T17:11:29.256211Z,buy,2903.981,2885.8925000000004,2940.1580000000004,0.03,0.5,0.5,0.0,GTC,4,ML
3724e24266ad8f38,XAUUSD,H4,London,2025-08-09T17:11:29.256211Z,buy,2904.794,2885.462857142857,2943.456285714285,0.03,0.5,0.5,0.0,GTC,4,ML
382a07ce7096ce5c,XAUUSD,H4,NY,2025-08-09T17:11:29.256211Z,buy,2898.536,2882.5304285714287,2930.5471428571427,0.03,0.5,0.5,0.0,GTC,4,ML
cd5c0855984af4a9,XAUUSD,H4,Off,2025-08-09T17:11:29.256211Z,buy,2889.001,2872.2333571428576,2922.536285714286,0.03,0.5,0.5,0.0,GTC,4,ML
ce062eb0a98331e6,XAUUSD,H4,Off,2025-08-09T17:11:29.256211Z,buy,2892.773,2875.883428571429,2926.552142857143,0.03,0.5,0.5,0.0,GTC,4,ML
0a75d0bf3f7941e0,XAUUSD,H4,NY,2025-08-09T17:11:29.256211Z,buy,2905.781,2887.897571428572,2941.547857142857,0.03,0.5,0.5,0.0,GTC,4,ML
85277122a5977601,XAUUSD,H4,Off,2025-08-09T17:11:29.256211Z,buy,2916.446,2898.3444285714286,2952.6491428571426,0.03,0.5,0.5,0.0,GTC,4,ML
93e23ffe868f96aa,XAUUSD,H4,Off,2025-08-09T17:11:29.256211Z,buy,2914.569,2897.076357142857,2949.554285714285,0.03,0.5,0.5,0.0,GTC,4,ML
ce446e1ac7dde182,XAUUSD,H4,London,2025-08-09T17:11:29.256211Z,buy,2926.812,2911.6659285714286,2957.1041428571425,0.03,0.5,0.5,0.0,GTC,4,ML
58db37eeac05bab7,XAUUSD,H4,NY,2025-08-09T17:11:29.256211Z,buy,2931.217,2917.302071428572,2959.046857142857,0.03,0.5,0.5,0.0,GTC,4,ML
16ec2c1b70008723,XAUUSD,H4,Off,2025-08-09T17:11:29.256211Z,buy,2924.33,2910.300142857143,2952.389714285714,0.03,0.5,0.5,0.0,GTC,4,ML
6676f876bf50783f,XAUUSD,H4,London,2025-08-09T17:11:29.256211Z,buy,2901.939,2885.752214285714,2934.312571428571,0.03,0.5,0.5,0.0,GTC,4,ML
2f564dbf7b73158e,XAUUSD,H4,London,2025-08-09T17:11:29.256211Z,buy,2880.499,2863.569571428571,2914.357857142857,0.03,0.5,0.5,0.0,GTC,4,ML
f09f6d138687b26f,XAUUSD,H4,Off,2025-08-09T17:11:29.256211Z,buy,2903.603,2887.513,2935.783,0.03,0.5,0.5,0.0,GTC,4,ML
7f89933ec188224f,XAUUSD,H4,Off,2025-08-09T17:11:29.256211Z,buy,2902.49,2886.3656428571426,2934.738714285714,0.03,0.5,0.5,0.0,GTC,4,ML
fd651e257408f6ee,XAUUSD,H4,London,2025-08-09T17:11:29.256211Z,buy,2900.992,2884.783785714286,2933.408428571429,0.03,0.5,0.5,0.0,GTC,4,ML
6667d448199f5b0f,XAUUSD,H4,London,2025-08-09T17:11:29.256211Z,buy,2899.232,2883.1185,2931.459,0.03,0.5,0.5,0.0,GTC,4,ML
bc81a23d93587db8,XAUUSD,H4,London,2025-08-09T17:11:29.256211Z,buy,2897.392,2882.0504285714283,2928.075142857143,0.03,0.5,0.5,0.0,GTC,4,ML
c95616523a58a5df,XAUUSD,H4,Off,2025-08-09T17:11:29.256211Z,buy,2909.016,2893.7377857142856,2939.5724285714286,0.03,0.5,0.5,0.0,GTC,4,ML
b2cf50a7ef33f3ee,XAUUSD,H4,Off,2025-08-09T17:11:29.256211Z,buy,2911.501,2896.384142857143,2941.7347142857147,0.03,0.5,0.5,0.0,GTC,4,ML
f1b2945039432ffe,XAUUSD,H4,London,2025-08-09T17:11:29.256211Z,buy,2927.02,2911.797,2957.466,0.03,0.5,0.5,0.0,GTC,4,ML
02272d332c4a20b6,XAUUSD,H4,NY,2025-08-09T17:11:29.256211Z,buy,2934.061,2922.301428571429,2957.580142857143,0.04,0.5,0.5,0.0,GTC,4,ML
442e5ad7cb8503d9,XAUUSD,H4,Off,2025-08-09T17:11:29.256211Z,buy,2928.825,2916.611571428571,2953.251857142857,0.04,0.5,0.5,0.0,GTC,4,ML
f29693f9f8ef824c,XAUUSD,H4,London,2025-08-09T17:11:29.256211Z,buy,2935.079,2924.170142857143,2956.8967142857146,0.04,0.5,0.5,0.0,GTC,4,ML
a15fc1916bfaacb4,XAUUSD,H4,London,2025-08-09T17:11:29.256211Z,buy,2925.721,2914.8862142857142,2947.3905714285715,0.04,0.5,0.5,0.0,GTC,4,ML
4f447fa667610381,XAUUSD,H4,London,2025-08-09T17:11:29.256211Z,buy,2931.754,2920.7547142857143,2953.752571428571,0.04,0.5,0.5,0.0,GTC,4,ML
f3a8846ae0d9ba1c,XAUUSD,H4,NY,2025-08-09T17:11:29.256211Z,buy,2935.384,2924.566357142857,2957.0192857142856,0.04,0.5,0.5,0.0,GTC,4,ML
0cba0d25a06f5800,XAUUSD,H4,Off,2025-08-09T17:11:29.256211Z,buy,2941.913,2930.708071428571,2964.322857142857,0.04,0.5,0.5,0.0,GTC,4,ML
5a2f1598bcb0d058,XAUUSD,H4,Off,2025-08-09T17:11:29.256211Z,buy,2948.925,2936.821785714286,2973.131428571429,0.04,0.5,0.5,0.0,GTC,4,ML
8015fb6dc8a4a53f,XAUUSD,H4,London,2025-08-09T17:11:29.256211Z,buy,2938.545,2925.927642857143,2963.7797142857144,0.04,0.5,0.5,0.0,GTC,4,ML
8d265f106c75d31d,XAUUSD,H4,NY,2025-08-09T17:11:29.256211Z,buy,2941.53,2929.199,2966.1920000000005,0.04,0.5,0.5,0.0,GTC,4,ML
3d9f301b73a6b56f,XAUUSD,H4,Off,2025-08-09T17:11:29.256211Z,buy,2930.07,2916.5867142857146,2957.036571428572,0.04,0.5,0.5,0.0,GTC,4,ML
aed68781a4454246,XAUUSD,H4,NY,2025-08-09T17:11:29.256211Z,buy,2936.453,2922.68,2963.999,0.04,0.5,0.5,0.0,GTC,4,ML
2809945d605eb504,XAUUSD,H4,NY,2025-08-09T17:11:29.256211Z,buy,2936.867,2923.781142857143,2963.0387142857144,0.04,0.5,0.5,0.0,GTC,4,ML
77212ebb963de9d5,XAUUSD,H4,Off,2025-08-09T17:11:29.256211Z,buy,2931.736,2918.0979285714284,2959.012142857143,0.04,0.5,0.5,0.0,GTC,4,ML
bcbf570d09a06c1c,XAUUSD,H4,London,2025-08-09T17:11:29.256211Z,buy,2938.626,2924.7678571428573,2966.342285714286,0.03,0.5,0.5,0.0,GTC,4,ML
6c503406d95a3686,XAUUSD,H4,London,2025-08-09T17:11:29.256211Z,buy,2905.229,2889.618,2936.451,0.03,0.5,0.5,0.0,GTC,4,ML
bfc4f7821c8632b8,XAUUSD,H4,NY,2025-08-09T17:11:29.256211Z,buy,2911.256,2897.1876428571427,2939.392714285714,0.03,0.5,0.5,0.0,GTC,4,ML
9185561caecdaded,XAUUSD,H4,NY,2025-08-09T17:11:29.256211Z,buy,2916.187,2902.9322857142856,2942.6964285714284,0.04,0.5,0.5,0.0,GTC,4,ML
95957545a20f1914,XAUUSD,H4,Off,2025-08-09T17:11:29.256211Z,buy,2908.444,2894.8919285714287,2935.5481428571425,0.04,0.5,0.5,0.0,GTC,4,ML
35a276fe8506c6f5,XAUUSD,H4,London,2025-08-09T17:11:29.256211Z,buy,2904.027,2890.007071428572,2932.066857142857,0.03,0.5,0.5,0.0,GTC,4,ML
049eeea7c7c63ebb,XAUUSD,H4,NY,2025-08-09T17:11:29.256211Z,buy,2986.37,2972.275642857143,3014.5587142857144,0.03,0.5,0.5,0.0,GTC,4,ML
3381ffe896d88920,XAUUSD,H4,NY,2025-08-09T17:11:29.256211Z,buy,2990.061,2976.296642857143,3017.5897142857143,0.04,0.5,0.5,0.0,GTC,4,ML
5b337389a29a2103,XAUUSD,H4,Off,2025-08-09T17:11:29.256211Z,buy,2986.917,2973.1991428571428,3014.3527142857142,0.04,0.5,0.5,0.0,GTC,4,ML
b36f200d4964248e,XAUUSD,H4,Off,2025-08-09T17:11:29.256211Z,buy,2985.538,2971.966785714286,3012.6804285714284,0.04,0.5,0.5,0.0,GTC,4,ML
6edd8c6f658c9b3c,XAUUSD,H4,London,2025-08-09T17:11:29.256211Z,buy,2997.115,2983.073214285714,3025.198571428571,0.03,0.5,0.5,0.0,GTC,4,ML
1be5b5727463b300,XAUUSD,H4,London,2025-08-09T17:11:29.256211Z,buy,3000.173,2988.398357142857,3023.7222857142856,0.04,0.5,0.5,0.0,GTC,4,ML
31ffa45d01f494f9,XAUUSD,H4,NY,2025-08-09T17:11:29.256211Z,buy,2999.831,2988.479714285714,3022.533571428572,0.04,0.5,0.5,0.0,GTC,4,ML
9b698faff24cb8f6,XAUUSD,H4,London,2025-08-09T17:11:29.256211Z,buy,3031.758,3020.2296428571426,3054.814714285714,0.04,0.5,0.5,0.0,GTC,4,ML
196edd5545bd99ad,XAUUSD,H4,NY,2025-08-09T17:11:29.256211Z,buy,3031.774,3021.451785714285,3052.4184285714286,0.05,0.5,0.5,0.0,GTC,4,ML
21a07df574586211,XAUUSD,H4,Off,2025-08-09T17:11:29.256211Z,buy,3036.325,3025.674071428571,3057.6268571428573,0.04,0.5,0.5,0.0,GTC,4,ML
25dc9a29655ecdaf,XAUUSD,H4,Off,2025-08-09T17:11:29.256211Z,buy,3035.896,3025.028428571429,3057.631142857143,0.04,0.5,0.5,0.0,GTC,4,ML
c4b53f9758e96e8b,XAUUSD,H4,London,2025-08-09T17:11:29.256211Z,buy,3034.433,3021.2284285714286,3060.842142857143,0.04,0.5,0.5,0.0,GTC,4,ML
a8884236c0d29ad7,XAUUSD,H4,London,2025-08-09T17:11:29.256211Z,buy,3040.765,3027.592071428571,3067.110857142857,0.04,0.5,0.5,0.0,GTC,4,ML
7bb69391ff68811e,XAUUSD,H4,London,2025-08-09T17:11:29.256211Z,buy,3044.602,3031.500642857143,3070.804714285714,0.04,0.5,0.5,0.0,GTC,4,ML
7d5222d4c3761c3d,XAUUSD,H4,NY,2025-08-09T17:11:29.256211Z,buy,3046.409,3034.0595,3071.108,0.04,0.5,0.5,0.0,GTC,4,ML
d678f0b24282e387,XAUUSD,H4,Off,2025-08-09T17:11:29.256211Z,buy,3030.585,3017.571,3056.6130000000003,0.04,0.5,0.5,0.0,GTC,4,ML
03f7f081a5cd1d3d,XAUUSD,H4,Off,2025-08-09T17:11:29.256211Z,buy,3031.927,3018.346785714286,3059.087428571429,0.04,0.5,0.5,0.0,GTC,4,ML
45f54478f40e85d1,XAUUSD,H4,London,2025-08-09T17:11:29.256211Z,buy,3020.001,3004.9467142857143,3050.109571428572,0.03,0.5,0.5,0.0,GTC,4,ML
ed2f5c3e64fd3b37,XAUUSD,H4,NY,2025-08-09T17:11:29.256211Z,buy,3023.493,3009.2251428571426,3052.028714285714,0.03,0.5,0.5,0.0,GTC,4,ML
878f7459ebf23a72,XAUUSD,H4,NY,2025-08-09T17:11:29.256211Z,buy,3024.721,3011.769357142857,3050.6242857142856,0.04,0.5,0.5,0.0,GTC,4,ML
e4cabad8ca504a64,XAUUSD,H4,Off,2025-08-09T17:11:29.256211Z,buy,3016.959,3003.659357142857,3043.5582857142854,0.04,0.5,0.5,0.0,GTC,4,ML
cfa2f6f649edd244,XAUUSD,H4,Off,2025-08-09T17:11:29.256211Z,buy,3022.361,3008.973857142857,3049.1352857142856,0.04,0.5,0.5,0.0,GTC,4,ML
520ca82875dda291,XAUUSD,H4,NY,2025-08-09T17:11:29.256211Z,buy,3009.91,2996.842857142857,3036.0442857142857,0.04,0.5,0.5,0.0,GTC,4,ML
73badbb94fd61b2a,XAUUSD,H4,Off,2025-08-09T17:11:29.256211Z,buy,3015.248,3001.777857142857,3042.188285714285,0.04,0.5,0.5,0.0,GTC,4,ML
7483c2bd25128304,XAUUSD,H4,Off,2025-08-09T17:11:29.256211Z,buy,3011.13,2998.157928571429,3037.0741428571428,0.04,0.5,0.5,0.0,GTC,4,ML
e5e8bcb5b63f89f3,XAUUSD,H4,NY,2025-08-09T17:11:29.256211Z,buy,3021.041,3009.784785714286,3043.5534285714284,0.04,0.5,0.5,0.0,GTC,4,ML
2fc8fc3ada9bcef4,XAUUSD,H4,London,2025-08-09T17:11:29.256211Z,buy,3027.584,3014.685142857142,3053.381714285714,0.04,0.5,0.5,0.0,GTC,4,ML
4149fcf6b18faa62,XAUUSD,H4,London,2025-08-09T17:11:29.256211Z,buy,3015.878,3002.6039285714287,3042.426142857143,0.04,0.5,0.5,0.0,GTC,4,ML
2d9ee7e1b87a0f84,XAUUSD,H4,NY,2025-08-09T17:11:29.256211Z,buy,3021.623,3010.054,3044.761,0.04,0.5,0.5,0.0,GTC,4,ML
5f0a5fe915948ad1,XAUUSD,H4,London,2025-08-09T17:11:29.256211Z,buy,3052.206,3038.3680714285715,3079.8818571428574,0.03,0.5,0.5,0.0,GTC,4,ML
6745044f0c4c32ac,XAUUSD,H4,NY,2025-08-09T17:11:29.256211Z,buy,3055.71,3043.588357142857,3079.953285714286,0.04,0.5,0.5,0.0,GTC,4,ML
fdbd0a0c765ced22,XAUUSD,H4,Off,2025-08-09T17:11:29.256211Z,buy,3079.348,3065.462785714285,3107.1184285714285,0.03,0.5,0.5,0.0,GTC,4,ML
9d2dfd63cb898f51,XAUUSD,H4,London,2025-08-09T17:11:29.256211Z,buy,3076.369,3062.1727142857144,3104.761571428572,0.03,0.5,0.5,0.0,GTC,4,ML
4fa4dfb20e95d243,XAUUSD,H4,London,2025-08-09T17:11:29.256211Z,buy,3080.734,3066.532285714285,3109.1374285714287,0.03,0.5,0.5,0.0,GTC,4,ML
cdf4df0a2dc0adb3,XAUUSD,H4,NY,2025-08-09T17:11:29.256211Z,buy,3085.002,3071.686857142857,3111.632285714286,0.04,0.5,0.5,0.0,GTC,4,ML
d387ca9337a372c0,XAUUSD,H4,NY,2025-08-09T17:11:29.256211Z,buy,3089.213,3075.385071428572,3116.868857142857,0.03,0.5,0.5,0.0,GTC,4,ML
57eab6cf30b83f0f,XAUUSD,H4,London,2025-08-09T17:11:29.256211Z,buy,3119.48,3102.5769285714287,3153.2861428571427,0.03,0.5,0.5,0.0,GTC,4,ML
7bce5839347ea116,XAUUSD,H4,London,2025-08-09T17:11:29.256211Z,buy,3113.807,3096.522214285714,3148.376571428571,0.03,0.5,0.5,0.0,GTC,4,ML
929f39ba895c88f6,XAUUSD,H4,London,2025-08-09T17:11:29.256211Z,buy,3124.36,3108.0352142857146,3157.0095714285712,0.03,0.5,0.5,0.0,GTC,4,ML
617a6579ca224a97,XAUUSD,H4,NY,2025-08-09T17:11:29.256211Z,buy,3120.581,3104.518142857143,3152.7067142857145,0.03,0.5,0.5,0.0,GTC,4,ML
d2b0a79a64013f38,XAUUSD,H4,NY,2025-08-09T17:11:29.256211Z,buy,3115.168,3096.799642857143,3151.9047142857144,0.03,0.5,0.5,0.0,GTC,4,ML
a98afd981125163e,XAUUSD,H4,Off,2025-08-09T17:11:29.256211Z,buy,3125.314,3105.318071428572,3165.305857142857,0.02,0.5,0.5,0.0,GTC,4,ML
bdacd067c1709d18,XAUUSD,H4,London,2025-08-09T17:11:29.256211Z,buy,3121.23,3102.0237142857145,3159.6425714285715,0.03,0.5,0.5,0.0,GTC,4,ML
a1ca7c1edfe1d457,XAUUSD,H4,London,2025-08-09T17:11:29.256211Z,buy,3125.883,3107.151,3163.347,0.03,0.5,0.5,0.0,GTC,4,ML
f137f89c105d7c58,XAUUSD,H4,Off,2025-08-09T17:11:29.256211Z,buy,3148.066,3125.971714285714,3192.254571428571,0.02,0.5,0.5,0.0,GTC,4,ML
3e86dd2e2194d466,XAUUSD,H4,Off,2025-08-09T17:11:29.256211Z,buy,3128.957,3104.9412857142856,3176.9884285714284,0.02,0.5,0.5,0.0,GTC,4,ML
3da401ad1478d697,XAUUSD,H4,London,2025-08-09T17:11:29.256211Z,buy,3093.188,3067.7612142857142,3144.0415714285714,0.02,0.5,0.5,0.0,GTC,4,ML
900cab8e585424bf,XAUUSD,H4,London,2025-08-09T17:11:29.256211Z,buy,3110.521,3081.0524285714287,3169.458142857143,0.02,0.5,0.5,0.0,GTC,4,ML
47744db9bce0209e,XAUUSD,H4,London,2025-08-09T17:11:29.256211Z,buy,3107.593,3078.001,3166.777,0.02,0.5,0.5,0.0,GTC,4,ML
406dd3144728ba10,XAUUSD,H4,NY,2025-08-09T17:11:29.256211Z,buy,3112.884,3084.072,3170.508,0.02,0.5,0.5,0.0,GTC,4,ML
6a7add052bdd4262,XAUUSD,H4,London,2025-08-09T17:11:29.256211Z,buy,3036.427,2998.3719285714287,3112.537142857143,0.01,0.5,0.5,0.0,GTC,4,ML
82f5df8d3e7fbf88,XAUUSD,H4,NY,2025-08-09T17:11:29.256211Z,buy,3038.506,3001.0596428571425,3113.398714285714,0.01,0.5,0.5,0.0,GTC,4,ML
1f1d6e953b3fa188,XAUUSD,H4,NY,2025-08-09T17:11:29.256211Z,buy,2999.944,2959.2277142857142,3081.3765714285714,0.01,0.5,0.5,0.0,GTC,4,ML
4045811470b3a56c,XAUUSD,H4,Off,2025-08-09T17:11:29.256211Z,buy,3018.922,2976.631,3103.504,0.01,0.5,0.5,0.0,GTC,4,ML
f80770c9b9dda972,XAUUSD,H4,Off,2025-08-09T17:11:29.256211Z,buy,3018.569,2975.7541428571426,3104.1987142857142,0.01,0.5,0.5,0.0,GTC,4,ML
aa47b43a4de26328,XAUUSD,H4,Off,2025-08-09T17:11:29.256211Z,buy,3228.013,3200.154071428571,3283.730857142857,0.02,0.5,0.5,0.0,GTC,4,ML
22f0372f5a908975,XAUUSD,H4,London,2025-08-09T17:11:29.256211Z,buy,3223.359,3195.5374285714283,3279.002142857142,0.02,0.5,0.5,0.0,GTC,4,ML
ff337dcb92472813,XAUUSD,H4,London,2025-08-09T17:11:29.256211Z,buy,3212.699,3186.905071428572,3264.286857142857,0.02,0.5,0.5,0.0,GTC,4,ML
e752bb6bba506722,XAUUSD,H4,Off,2025-08-09T17:11:29.256211Z,buy,3225.671,3202.794,3271.425,0.02,0.5,0.5,0.0,GTC,4,ML
881edd34ba64cd34,XAUUSD,H4,London,2025-08-09T17:11:29.256211Z,buy,3220.164,3198.479285714286,3263.533428571429,0.02,0.5,0.5,0.0,GTC,4,ML
0021b2dfa43daa23,XAUUSD,H4,London,2025-08-09T17:11:29.256211Z,buy,3229.793,3210.596,3268.1870000000004,0.03,0.5,0.5,0.0,GTC,4,ML
55e145d9f3ffcfc4,XAUUSD,H4,London,2025-08-09T17:11:29.256211Z,buy,3306.842,3285.663857142857,3349.1982857142857,0.02,0.5,0.5,0.0,GTC,4,ML
b834650191ec058f,XAUUSD,H4,London,2025-08-09T17:11:29.256211Z,buy,3336.694,3314.7892142857145,3380.5035714285714,0.02,0.5,0.5,0.0,GTC,4,ML
4e72d96a7db5c28d,XAUUSD,H4,Off,2025-08-09T17:11:29.256211Z,buy,3344.529,3322.214857142857,3389.157285714285,0.02,0.5,0.5,0.0,GTC,4,ML
7de0e72fb1160c41,XAUUSD,H4,Off,2025-08-09T17:11:29.256211Z,buy,3323.323,3299.350214285714,3371.2685714285712,0.02,0.5,0.5,0.0,GTC,4,ML
4e5caa07708db5b0,XAUUSD,H4,London,2025-08-09T17:11:29.256211Z,buy,3327.371,3303.217785714286,3375.6774285714287,0.02,0.5,0.5,0.0,GTC,4,ML
b29fe4a36ccc094c,XAUUSD,H4,London,2025-08-09T17:11:29.256211Z,buy,3320.746,3292.632571428572,3376.9728571428573,0.02,0.5,0.5,0.0,GTC,4,ML
bf032aba8ce6ca05,XAUUSD,H4,NY,2025-08-09T17:11:29.256211Z,buy,3327.671,3299.8674285714287,3383.2781428571425,0.02,0.5,0.5,0.0,GTC,4,ML
d38f206f896fdbc6,XAUUSD,H4,NY,2025-08-09T17:11:29.256211Z,buy,3348.078,3319.3429285714287,3405.5481428571425,0.02,0.5,0.5,0.0,GTC,4,ML
57b41cd5881a7561,XAUUSD,H4,London,2025-08-09T17:11:29.256211Z,buy,3422.941,3394.010214285714,3480.802571428571,0.02,0.5,0.5,0.0,GTC,4,ML
fc81d90a04a8df80,XAUUSD,H4,NY,2025-08-09T17:11:29.256211Z,buy,3434.548,3405.843214285714,3491.957571428571,0.02,0.5,0.5,0.0,GTC,4,ML
2b0367a020e57c9a,XAUUSD,H4,Off,2025-08-09T17:11:29.256211Z,buy,3487.777,3454.840142857143,3553.650714285714,0.01,0.5,0.5,0.0,GTC,4,ML
dff909c35aac17c8,XAUUSD,H4,London,2025-08-09T17:11:29.256211Z,buy,3456.705,3423.609571428572,3522.895857142857,0.01,0.5,0.5,0.0,GTC,4,ML
195d54753ac3a8ae,XAUUSD,H4,London,2025-08-09T17:11:29.256211Z,buy,3417.721,3382.147214285714,3488.868571428571,0.01,0.5,0.5,0.0,GTC,4,ML
8737d237444aafd8,XAUUSD,H4,London,2025-08-09T17:11:29.256211Z,buy,3374.789,3339.514571428572,3445.337857142857,0.01,0.5,0.5,0.0,GTC,4,ML
55e50a5790ae8f54,XAUUSD,H4,NY,2025-08-09T17:11:29.256211Z,buy,3336.561,3298.480571428572,3412.721857142857,0.01,0.5,0.5,0.0,GTC,4,ML
a22a89424d1e6fd4,XAUUSD,H4,Off,2025-08-09T17:11:29.256211Z,buy,3338.878,3297.4717142857144,3421.690571428572,0.01,0.5,0.5,0.0,GTC,4,ML
31faae80d7fdd3a8,XAUUSD,H4,London,2025-08-09T17:11:29.256211Z,buy,3324.594,3281.078571428572,3411.6248571428573,0.01,0.5,0.5,0.0,GTC,4,ML
54a26d7cdec10f51,XAUUSD,H4,Off,2025-08-09T17:11:29.256211Z,buy,3375.541,3343.793857142857,3439.035285714286,0.02,0.5,0.5,0.0,GTC,4,ML
0ffc461d639b6030,XAUUSD,H4,Off,2025-08-09T17:11:29.256211Z,buy,3388.016,3355.7219285714286,3452.604142857143,0.02,0.5,0.5,0.0,GTC,4,ML
d09ba11897c87c7c,XAUUSD,H4,London,2025-08-09T17:11:29.256211Z,buy,3371.904,3341.0644285714284,3433.583142857143,0.02,0.5,0.5,0.0,GTC,4,ML
44e329640462e247,XAUUSD,H4,NY,2025-08-09T17:11:29.256211Z,buy,3376.488,3346.1041428571425,3437.255714285714,0.02,0.5,0.5,0.0,GTC,4,ML
bc74ecb3097dbad7,XAUUSD,H4,Off,2025-08-09T17:11:29.256211Z,buy,3396.864,3365.840714285714,3458.9105714285715,0.02,0.5,0.5,0.0,GTC,4,ML
4417fc4517760eba,XAUUSD,H4,Off,2025-08-09T17:11:29.256211Z,buy,3342.884,3306.962642857143,3414.7267142857145,0.01,0.5,0.5,0.0,GTC,4,ML
4d404e68073b9c81,XAUUSD,H4,London,2025-08-09T17:11:29.256211Z,buy,3344.381,3311.858428571428,3409.4261428571426,0.02,0.5,0.5,0.0,GTC,4,ML
ca46e546ac0c2025,XAUUSD,H4,London,2025-08-09T17:11:29.256211Z,buy,3306.384,3271.1020714285714,3376.947857142857,0.01,0.5,0.5,0.0,GTC,4,ML
a34461a23100c636,XAUUSD,H4,NY,2025-08-09T17:11:29.256211Z,buy,3316.412,3281.5979285714284,3386.0401428571427,0.01,0.5,0.5,0.0,GTC,4,ML
4df1e6239c4656ef,XAUUSD,H4,Off,2025-08-09T17:11:29.256211Z,buy,3308.106,3271.9318571428576,3380.454285714286,0.01,0.5,0.5,0.0,GTC,4,ML
0154b10780cfa2a7,XAUUSD,H4,London,2025-08-09T17:11:29.256211Z,buy,3345.064,3312.7651428571426,3409.661714285714,0.02,0.5,0.5,0.0,GTC,4,ML
e3eb5f11dfcd3e69,XAUUSD,H4,NY,2025-08-09T17:11:29.256211Z,buy,3326.805,3295.8935,3388.628,0.02,0.5,0.5,0.0,GTC,4,ML
de95c820ce179bde,XAUUSD,H4,NY,2025-08-09T17:11:29.256211Z,buy,3287.534,3254.714785714286,3353.172428571429,0.02,0.5,0.5,0.0,GTC,4,ML
4c443250928e1ce7,XAUUSD,H4,Off,2025-08-09T17:11:29.256211Z,buy,3283.25,3249.1597142857145,3351.4305714285715,0.01,0.5,0.5,0.0,GTC,4,ML
d4bc9fd4f907cb22,XAUUSD,H4,Off,2025-08-09T17:11:29.256211Z,buy,3222.647,3186.663,3294.615,0.01,0.5,0.5,0.0,GTC,4,ML
dd7172241ab00628,XAUUSD,H4,London,2025-08-09T17:11:29.256211Z,buy,3239.262,3206.1633571428574,3305.4592857142857,0.01,0.5,0.5,0.0,GTC,4,ML
7d554ccf270a3bd9,XAUUSD,H4,London,2025-08-09T17:11:29.256211Z,buy,3235.394,3203.9368571428568,3298.3082857142854,0.02,0.5,0.5,0.0,GTC,4,ML
2372115b343edf30,XAUUSD,H4,NY,2025-08-09T17:11:29.256211Z,buy,3236.88,3207.556357142857,3295.527285714286,0.02,0.5,0.5,0.0,GTC,4,ML
0af69318e5f1be77,XAUUSD,H4,Off,2025-08-09T17:11:29.256211Z,buy,3259.098,3230.514857142857,3316.264285714285,0.02,0.5,0.5,0.0,GTC,4,ML
450d8f686f40b145,XAUUSD,H4,London,2025-08-09T17:11:29.256211Z,buy,3249.167,3221.416857142857,3304.6672857142853,0.02,0.5,0.5,0.0,GTC,4,ML
62ad3f553e08b882,XAUUSD,H4,London,2025-08-09T17:11:29.256211Z,buy,3249.324,3221.4019285714285,3305.168142857143,0.02,0.5,0.5,0.0,GTC,4,ML
cb1e36bec87ba3f4,XAUUSD,H4,NY,2025-08-09T17:11:29.256211Z,buy,3254.414,3227.42,3308.402,0.02,0.5,0.5,0.0,GTC,4,ML
c6f687c19d54b07e,XAUUSD,H4,Off,2025-08-09T17:11:29.256211Z,buy,3228.366,3199.7090714285714,3285.679857142857,0.02,0.5,0.5,0.0,GTC,4,ML
c85b80992d1884cc,XAUUSD,H4,Off,2025-08-09T17:11:29.256211Z,buy,3238.085,3212.5462142857145,3289.1625714285715,0.02,0.5,0.5,0.0,GTC,4,ML
d9d81a77241c1201,XAUUSD,H4,London,2025-08-09T17:11:29.256211Z,buy,3182.674,3159.0424285714284,3229.9371428571426,0.02,0.5,0.5,0.0,GTC,4,ML
7ecd268492df058f,XAUUSD,H4,NY,2025-08-09T17:11:29.256211Z,buy,3186.128,3164.058071428572,3230.2678571428573,0.02,0.5,0.5,0.0,GTC,4,ML
82873ef5daccc308,XAUUSD,H4,Off,2025-08-09T17:11:29.256211Z,buy,3327.621,3304.451571428572,3373.9598571428573,0.02,0.5,0.5,0.0,GTC,4,ML
9577ec2d28b59d62,XAUUSD,H4,London,2025-08-09T17:11:29.256211Z,buy,3314.466,3289.9630714285718,3363.471857142857,0.02,0.5,0.5,0.0,GTC,4,ML
527f5f5f06e0f40a,XAUUSD,H4,NY,2025-08-09T17:11:29.256211Z,buy,3356.306,3333.9556428571427,3401.0067142857147,0.02,0.5,0.5,0.0,GTC,4,ML
3b6cf1ccf2eb2f40,XAUUSD,H4,NY,2025-08-09T17:11:29.256211Z,buy,3342.713,3320.875857142857,3386.387285714286,0.02,0.5,0.5,0.0,GTC,4,ML
89c47fc1564fe505,XAUUSD,H4,Off,2025-08-09T17:11:29.256211Z,buy,3347.636,3324.768857142857,3393.3702857142857,0.02,0.5,0.5,0.0,GTC,4,ML
ac1bed9068c7fa62,XAUUSD,H4,London,2025-08-09T17:11:29.256211Z,buy,3333.13,3310.766357142857,3377.857285714286,0.02,0.5,0.5,0.0,GTC,4,ML
8cbcb501b88e8572,XAUUSD,H4,London,2025-08-09T17:11:29.256211Z,buy,3341.558,3323.623285714285,3377.4274285714287,0.03,0.5,0.5,0.0,GTC,4,ML
87afc6c9c9759f9c,XAUUSD,H4,Off,2025-08-09T17:11:29.256211Z,buy,3341.217,3323.478,3376.695,0.03,0.5,0.5,0.0,GTC,4,ML
97ffa90c461d4a3d,XAUUSD,H4,Off,2025-08-09T17:11:29.256211Z,buy,3296.244,3276.5772857142856,3335.5774285714288,0.02,0.5,0.5,0.0,GTC,4,ML
894e4631e8fe275a,XAUUSD,H4,London,2025-08-09T17:11:29.256211Z,buy,3304.38,3286.881642857143,3339.3767142857146,0.03,0.5,0.5,0.0,GTC,4,ML
57c5515e602c6e78,XAUUSD,H4,NY,2025-08-09T17:11:29.256211Z,buy,3309.411,3291.643571428572,3344.945857142857,0.03,0.5,0.5,0.0,GTC,4,ML
01b40669ee58d16c,XAUUSD,H4,London,2025-08-09T17:11:29.256211Z,buy,3311.143,3291.651714285714,3350.125571428572,0.03,0.5,0.5,0.0,GTC,4,ML
11e00c97f3e35f05,XAUUSD,H4,London,2025-08-09T17:11:29.256211Z,buy,3296.094,3276.3109285714286,3335.660142857143,0.02,0.5,0.5,0.0,GTC,4,ML
9289a62cb534d33f,XAUUSD,H4,London,2025-08-09T17:11:29.256211Z,buy,3352.657,3332.695785714286,3392.5794285714287,0.02,0.5,0.5,0.0,GTC,4,ML
fd5c575ba3ad5f78,XAUUSD,H4,NY,2025-08-09T17:11:29.256211Z,buy,3359.996,3340.2228571428573,3399.5422857142858,0.02,0.5,0.5,0.0,GTC,4,ML
4ef9f36749206363,XAUUSD,H4,Off,2025-08-09T17:11:29.256211Z,buy,3354.721,3334.2924285714284,3395.5781428571427,0.02,0.5,0.5,0.0,GTC,4,ML
40e5bb9775787842,XAUUSD,H4,London,2025-08-09T17:11:29.256211Z,buy,3346.577,3325.5960000000005,3388.539,0.02,0.5,0.5,0.0,GTC,4,ML
3f443754a79ba994,XAUUSD,H4,NY,2025-08-09T17:11:29.256211Z,buy,3378.042,3359.5310714285715,3415.063857142857,0.03,0.5,0.5,0.0,GTC,4,ML
517c3e66d6672874,XAUUSD,H4,Off,2025-08-09T17:11:29.256211Z,buy,3371.304,3352.617642857143,3408.6767142857143,0.03,0.5,0.5,0.0,GTC,4,ML
399cc1aef38742e6,XAUUSD,H4,London,2025-08-09T17:11:29.256211Z,buy,3356.909,3333.996857142857,3402.733285714286,0.02,0.5,0.5,0.0,GTC,4,ML
0a8e584258f4730b,XAUUSD,H4,NY,2025-08-09T17:11:29.256211Z,buy,3361.81,3340.2179285714283,3404.994142857143,0.02,0.5,0.5,0.0,GTC,4,ML
b24fdee5172e7b8b,XAUUSD,H4,Off,2025-08-09T17:11:29.256211Z,buy,3369.747,3347.812357142857,3413.616285714286,0.02,0.5,0.5,0.0,GTC,4,ML
85f865e0084436a7,XAUUSD,H4,London,2025-08-09T17:11:29.256211Z,buy,3332.228,3307.9012857142857,3380.881428571429,0.02,0.5,0.5,0.0,GTC,4,ML
427dd9f6b360456b,XAUUSD,H4,Off,2025-08-09T17:11:29.256211Z,buy,3412.619,3388.401785714286,3461.053428571429,0.02,0.5,0.5,0.0,GTC,4,ML
903fdbc505f6f985,XAUUSD,H4,London,2025-08-09T17:11:29.256211Z,buy,3415.0,3392.5198571428573,3459.960285714286,0.02,0.5,0.5,0.0,GTC,4,ML
a11747361c8a79fa,XAUUSD,H4,London,2025-08-09T17:11:29.256211Z,buy,3384.094,3362.1527142857144,3427.976571428572,0.02,0.5,0.5,0.0,GTC,4,ML
52354ba1c8cc59fc,XAUUSD,H4,NY,2025-08-09T17:11:29.256211Z,buy,3402.769,3380.3682857142853,3447.570428571428,0.02,0.5,0.5,0.0,GTC,4,ML
926426910edbf666,XAUUSD,H4,Off,2025-08-09T17:11:29.256211Z,buy,3387.583,3364.247142857143,3434.2547142857143,0.02,0.5,0.5,0.0,GTC,4,ML
382753e80941c866,XAUUSD,H4,London,2025-08-09T17:11:29.256211Z,buy,3385.71,3364.519928571429,3428.090142857143,0.02,0.5,0.5,0.0,GTC,4,ML
f940b273698a3470,XAUUSD,H4,NY,2025-08-09T17:11:29.256211Z,buy,3387.369,3366.725785714286,3428.6554285714287,0.02,0.5,0.5,0.0,GTC,4,ML
18856da7ddab2df8,XAUUSD,H4,Off,2025-08-09T17:11:29.256211Z,buy,3390.96,3369.2442142857144,3434.3915714285718,0.02,0.5,0.5,0.0,GTC,4,ML
2119c2a1f3847437,XAUUSD,H4,London,2025-08-09T17:11:29.256211Z,buy,3382.048,3360.6065,3424.931,0.02,0.5,0.5,0.0,GTC,4,ML
ec9f9021a802a6de,XAUUSD,H4,NY,2025-08-09T17:11:29.256211Z,buy,3375.023,3353.486142857143,3418.0967142857144,0.02,0.5,0.5,0.0,GTC,4,ML
f9dc46f0aa830f5e,XAUUSD,H4,Off,2025-08-09T17:11:29.256211Z,buy,3365.992,3344.1562857142862,3409.6634285714285,0.02,0.5,0.5,0.0,GTC,4,ML
294f6965a13874be,XAUUSD,H4,London,2025-08-09T17:11:29.256211Z,buy,3371.967,3351.0600000000004,3413.781,0.02,0.5,0.5,0.0,GTC,4,ML
8b6a9fbfa97b01f5,XAUUSD,H4,London,2025-08-09T17:11:29.256211Z,buy,3369.26,3348.620785714286,3410.5384285714285,0.02,0.5,0.5,0.0,GTC,4,ML
5c27fa8381a67918,XAUUSD,H4,London,2025-08-09T17:11:29.256211Z,buy,3373.455,3353.991071428572,3412.3828571428567,0.03,0.5,0.5,0.0,GTC,4,ML
8b6da6fa430c98b6,XAUUSD,H4,NY,2025-08-09T17:11:29.256211Z,buy,3368.739,3350.6997142857144,3404.8175714285712,0.03,0.5,0.5,0.0,GTC,4,ML
997d27008d52421a,XAUUSD,H4,Off,2025-08-09T17:11:29.256211Z,buy,3355.507,3336.7655714285715,3392.989857142857,0.03,0.5,0.5,0.0,GTC,4,ML
5669ee881ad225ff,XAUUSD,H4,London,2025-08-09T17:11:29.256211Z,buy,3369.856,3350.674142857143,3408.2197142857144,0.03,0.5,0.5,0.0,GTC,4,ML
bde417f6e36db8bf,XAUUSD,H4,NY,2025-08-09T17:11:29.256211Z,buy,3368.546,3350.979714285714,3403.678571428571,0.03,0.5,0.5,0.0,GTC,4,ML
8f50083608b0167f,XAUUSD,H4,NY,2025-08-09T17:11:29.256211Z,buy,3372.755,3356.0867857142857,3406.0914285714284,0.03,0.5,0.5,0.0,GTC,4,ML
751d07fb3d6dc9d4,XAUUSD,H4,Off,2025-08-09T17:11:29.256211Z,buy,3363.372,3346.399,3397.318,0.03,0.5,0.5,0.0,GTC,4,ML
ff0be9d550d17003,XAUUSD,H4,Off,2025-08-09T17:11:29.256211Z,buy,3357.627,3340.6659285714286,3391.5491428571427,0.03,0.5,0.5,0.0,GTC,4,ML
123fe777f4c8db7f,XAUUSD,H4,Off,2025-08-09T17:11:29.256211Z,buy,3352.476,3331.1345,3395.159,0.02,0.5,0.5,0.0,GTC,4,ML
f4b6bb89b365373b,XAUUSD,H4,London,2025-08-09T17:11:29.256211Z,buy,3321.214,3299.2357857142856,3365.1704285714286,0.02,0.5,0.5,0.0,GTC,4,ML
5a3822c888e574b8,XAUUSD,H4,Off,2025-08-09T17:11:29.256211Z,buy,3347.509,3332.700642857143,3377.125714285714,0.03,0.5,0.5,0.0,GTC,4,ML
66e8c82558d37b5f,XAUUSD,H4,Off,2025-08-09T17:11:29.256211Z,buy,3338.35,3322.611142857143,3369.827714285714,0.03,0.5,0.5,0.0,GTC,4,ML
fa4836ccf2912768,XAUUSD,H4,Off,2025-08-09T17:11:29.256211Z,buy,3342.947,3327.089642857143,3374.6617142857144,0.03,0.5,0.5,0.0,GTC,4,ML
36d754ca62debe73,XAUUSD,H4,London,2025-08-09T17:11:29.256211Z,buy,3332.393,3317.4522142857145,3362.274571428572,0.03,0.5,0.5,0.0,GTC,4,ML
c75807f115f43e59,XAUUSD,H4,London,2025-08-09T17:11:29.256211Z,buy,3336.988,3321.5275714285717,3367.908857142857,0.03,0.5,0.5,0.0,GTC,4,ML
e558f2687d1cc8eb,XAUUSD,H4,Off,2025-08-09T17:11:29.256211Z,buy,3331.469,3318.123285714286,3358.160428571429,0.04,0.5,0.5,0.0,GTC,4,ML
0a95af179cc9e641,XAUUSD,H4,Off,2025-08-09T17:11:29.256211Z,buy,3333.915,3320.2992142857142,3361.1465714285714,0.04,0.5,0.5,0.0,GTC,4,ML
af961d432b0294fb,XAUUSD,H4,London,2025-08-09T17:11:29.256211Z,buy,3298.241,3282.1268571428573,3330.469285714286,0.03,0.5,0.5,0.0,GTC,4,ML
c6fe50e0d0173dd2,XAUUSD,H4,London,2025-08-09T17:11:29.256211Z,buy,3302.992,3286.7559285714287,3335.464142857143,0.03,0.5,0.5,0.0,GTC,4,ML
cec2361c0e29a36d,XAUUSD,H4,NY,2025-08-09T17:11:29.256211Z,buy,3302.277,3286.066142857143,3334.6987142857142,0.03,0.5,0.5,0.0,GTC,4,ML
3ed12fc370d194e3,XAUUSD,H4,Off,2025-08-09T17:11:29.256211Z,buy,3293.276,3275.6815,3328.465,0.03,0.5,0.5,0.0,GTC,4,ML
fd382a19849109ea,XAUUSD,H4,London,2025-08-09T17:11:29.256211Z,buy,3364.169,3349.5150714285714,3393.476857142857,0.03,0.5,0.5,0.0,GTC,4,ML
8af3e244be1fb3ca,XAUUSD,H4,London,2025-08-09T17:11:29.256211Z,buy,3345.105,3329.476285714286,3376.3624285714286,0.03,0.5,0.5,0.0,GTC,4,ML
97c4042d92827021,XAUUSD,H4,London,2025-08-09T17:11:29.256211Z,buy,3344.125,3329.268571428572,3373.837857142857,0.03,0.5,0.5,0.0,GTC,4,ML
c9f04ba6ba6403ef,XAUUSD,H4,NY,2025-08-09T17:11:29.256211Z,buy,3345.337,3331.085071428572,3373.840857142857,0.03,0.5,0.5,0.0,GTC,4,ML
e1a7666c81b96371,XAUUSD,H4,Off,2025-08-09T17:11:29.256211Z,buy,3357.841,3342.9505,3387.622,0.03,0.5,0.5,0.0,GTC,4,ML
c7a52ea24804c68e,XAUUSD,H4,Off,2025-08-09T17:11:29.256211Z,buy,3364.347,3349.782571428572,3393.4758571428574,0.03,0.5,0.5,0.0,GTC,4,ML
b64ebaaf781f73c9,XAUUSD,H4,London,2025-08-09T17:11:29.256211Z,buy,3328.996,3313.325714285714,3360.3365714285715,0.03,0.5,0.5,0.0,GTC,4,ML
c60af6548775cb49,XAUUSD,H4,London,2025-08-09T17:11:29.256211Z,buy,3330.455,3315.690071428571,3359.984857142857,0.03,0.5,0.5,0.0,GTC,4,ML
c2040f101cad1336,XAUUSD,H4,NY,2025-08-09T17:11:29.256211Z,buy,3331.056,3316.5502857142856,3360.0674285714285,0.03,0.5,0.5,0.0,GTC,4,ML
b1bd52c44d0569c1,XAUUSD,H4,Off,2025-08-09T17:11:29.256211Z,buy,3334.338,3319.4995714285715,3364.014857142857,0.03,0.5,0.5,0.0,GTC,4,ML
ba98c1b8f059d645,XAUUSD,H4,Off,2025-08-09T17:11:29.256211Z,buy,3337.808,3323.666357142857,3366.0912857142857,0.03,0.5,0.5,0.0,GTC,4,ML
02305a8396769ca3,XAUUSD,H4,London,2025-08-09T17:11:29.256211Z,buy,3339.259,3325.8388571428573,3366.099285714285,0.04,0.5,0.5,0.0,GTC,4,ML
37800c75a3c686de,XAUUSD,H4,London,2025-08-09T17:11:29.256211Z,buy,3347.08,3330.4832857142856,3380.2734285714287,0.03,0.5,0.5,0.0,GTC,4,ML
63a48102f5742102,XAUUSD,H4,NY,2025-08-09T17:11:29.256211Z,buy,3346.526,3331.2629285714283,3377.052142857143,0.03,0.5,0.5,0.0,GTC,4,ML
c6f64ca488a13a0e,XAUUSD,H4,Off,2025-08-09T17:11:29.256211Z,buy,3341.486,3326.0395,3372.379,0.03,0.5,0.5,0.0,GTC,4,ML
6b7052fe4c273e68,XAUUSD,H4,Off,2025-08-09T17:11:29.256211Z,buy,3325.886,3309.4267857142854,3358.8044285714286,0.03,0.5,0.5,0.0,GTC,4,ML
709c89f62aa65397,XAUUSD,H4,London,2025-08-09T17:11:29.256211Z,buy,3339.763,3322.5544285714286,3374.180142857143,0.03,0.5,0.5,0.0,GTC,4,ML
dda28a72c754bea3,XAUUSD,H4,NY,2025-08-09T17:11:29.256211Z,buy,3350.395,3338.1435714285712,3374.897857142857,0.04,0.5,0.5,0.0,GTC,4,ML
b89a5b361e1ef225,XAUUSD,H4,NY,2025-08-09T17:11:29.256211Z,buy,3349.122,3337.8090714285718,3371.747857142857,0.04,0.5,0.5,0.0,GTC,4,ML
