Total Reward,Mean Reward,Trade Count,Win Rate (%),Sharpe,Max Drawdown,Status,Timeframe,DataCSV_Hash,Model_Hash,Features_Hash
5069.217000000456,281.623166666692,18.0,38.88888888888889,0.12068820360451551,-5559.139999999938,OK,M5,6e3f5fc79310fba4a1f792b8e90010fc4bdef2f98395246d5e0e26134df975c1,415cd4f211b2dee0e0e09461ab13e5771e14062cecdefb6cc683c9a9b428d5de,b4f841bdbeb15ef6bb8a5f36b8f30020cb9da79eeddfe76d8f355ea07bd1c98d
,,,,,,"EXCEPTION_Observation spaces do not match: Box(-inf, inf, (7,), float32) != Box(-inf, inf, (16,), float32)",M15,,,
907.7990000000123,100.86655555555691,9.0,33.33333333333333,0.05153366885634846,-2466.96000000001,OK,H1,754c1816946ec027504d2223775fbe4b840a1d3712289e270b8788a905e1087d,8f84ec3ec161c298b7dafb00e94d5e1823203e1977dbbcad82b149a80bb9d32a,b4f841bdbeb15ef6bb8a5f36b8f30020cb9da79eeddfe76d8f355ea07bd1c98d
3053.1890000000103,1017.7296666666701,3.0,66.66666666666666,0.3679086376241071,-2134.5669999999814,OK,H4,d19e9ee25fd0f1adbdff737164e0f1bd461692597334fef8313534aae5503cac,7f74188d490f87a3eb8e5a62780607b5670391d76ee808e814ec2b5289a48992,b4f841bdbeb15ef6bb8a5f36b8f30020cb9da79eeddfe76d8f355ea07bd1c98d
