Total Reward,Mean Reward,Trade Count,Win Rate (%),Sharpe,Max Drawdown,Status,Timeframe,DataCSV_Hash,Model_Hash,Features_Hash
5962.126000000132,1987.3753333333773,3,100.0,9.093532978283932,0.0,OK,M5,6e3f5fc79310fba4a1f792b8e90010fc4bdef2f98395246d5e0e26134df975c1,f02ecee9c17bda3a6becf20c01470cf46cf8083a775cd981851d54ecca7d6b04,b4f841bdbeb15ef6bb8a5f36b8f30020cb9da79eeddfe76d8f355ea07bd1c98d
-2205.041000000031,-1102.5205000000155,2,0.0,-4.497997778207568,-1275.8419999999678,OK,M15,bd262acdee6ff6c3e4c0ab1bfd4c963f99a147192ca186d3a8ddc55853a8fa61,7b65a2a61db212b236e6e481bd716628dc90b25533ff1aa9f52ecc62e550d1f5,b4f841bdbeb15ef6bb8a5f36b8f30020cb9da79eeddfe76d8f355ea07bd1c98d
-4155.0780000000395,-1385.0260000000133,3,0.0,-3.554799770334372,-2569.758000000038,OK,H1,754c1816946ec027504d2223775fbe4b840a1d3712289e270b8788a905e1087d,0c3ee73c5dd088678e6dbf1eacad326f7bad4f27a024cc8eb2a0c75ae0e2d99a,b4f841bdbeb15ef6bb8a5f36b8f30020cb9da79eeddfe76d8f355ea07bd1c98d
530.722000000017,265.3610000000085,2,50.0,0.07321009145944606,-2297.653999999987,OK,H4,d19e9ee25fd0f1adbdff737164e0f1bd461692597334fef8313534aae5503cac,87b164859169e392ebd03de116a9a698885938a66fb062041aa6cdbee848a656,b4f841bdbeb15ef6bb8a5f36b8f30020cb9da79eeddfe76d8f355ea07bd1c98d
