Total Reward,Mean Reward,Trade Count,Win Rate (%),Sharpe,Max Drawdown,Status,Timeframe,DataCSV_Hash,Model_Hash,Features_Hash
4400.706000000085,880.141200000017,5.0,60.0,0.5054733029473973,-971.7070000000194,OK,M5,6e3f5fc79310fba4a1f792b8e90010fc4bdef2f98395246d5e0e26134df975c1,f02ecee9c17bda3a6becf20c01470cf46cf8083a775cd981851d54ecca7d6b04,b4f841bdbeb15ef6bb8a5f36b8f30020cb9da79eeddfe76d8f355ea07bd1c98d
,,,,,,"EXCEPTION_Observation spaces do not match: Box(-inf, inf, (7,), float32) != Box(-inf, inf, (16,), float32)",M15,,,
10538.87199999993,1170.98577777777,9.0,66.66666666666666,0.5822210629984791,-2656.3900000000112,OK,H1,754c1816946ec027504d2223775fbe4b840a1d3712289e270b8788a905e1087d,0c3ee73c5dd088678e6dbf1eacad326f7bad4f27a024cc8eb2a0c75ae0e2d99a,b4f841bdbeb15ef6bb8a5f36b8f30020cb9da79eeddfe76d8f355ea07bd1c98d
2696.556000000009,898.852000000003,3.0,66.66666666666666,0.30268008020399,-2491.1999999999825,OK,H4,d19e9ee25fd0f1adbdff737164e0f1bd461692597334fef8313534aae5503cac,87b164859169e392ebd03de116a9a698885938a66fb062041aa6cdbee848a656,b4f841bdbeb15ef6bb8a5f36b8f30020cb9da79eeddfe76d8f355ea07bd1c98d
