Total Reward,Mean Reward,Trade Count,Win Rate (%),Sharpe,Max Drawdown,Status,Timeframe,DataCSV_Hash,Model_Hash,Features_Hash
5069.217000000456,281.623166666692,18.0,38.88888888888889,0.12068820360451551,-5559.139999999938,BLOCKED_TOO_FEW_TRADES,M5,6e3f5fc79310fba4a1f792b8e90010fc4bdef2f98395246d5e0e26134df975c1,6fd9eebd630616bf6fd9503d6099df99ffdb76625abdcb341d31a60fbe312172,b4f841bdbeb15ef6bb8a5f36b8f30020cb9da79eeddfe76d8f355ea07bd1c98d
,,,,,,MISSING_FILES,M15,bd262acdee6ff6c3e4c0ab1bfd4c963f99a147192ca186d3a8ddc55853a8fa61,,b4f841bdbeb15ef6bb8a5f36b8f30020cb9da79eeddfe76d8f355ea07bd1c98d
-1577.312999999992,-197.164124999999,8.0,25.0,-0.10776026843755429,-4213.346000000024,BLOCKED_TOO_FEW_TRADES,H1,754c1816946ec027504d2223775fbe4b840a1d3712289e270b8788a905e1087d,529f304a8e1556e1c476b2c32288911d8f5ef431de860fda904495e041679ec6,b4f841bdbeb15ef6bb8a5f36b8f30020cb9da79eeddfe76d8f355ea07bd1c98d
3053.1890000000103,1017.7296666666701,3.0,66.66666666666666,0.3679086376241071,-2134.5669999999814,BLOCKED_TOO_FEW_TRADES,H4,d19e9ee25fd0f1adbdff737164e0f1bd461692597334fef8313534aae5503cac,58a98818c3aa86a97a26810d56db8f8826ff41b3eee379acc2083fa187a67ff3,b4f841bdbeb15ef6bb8a5f36b8f30020cb9da79eeddfe76d8f355ea07bd1c98d
