score,low,conf_bos_or_choch,dow,conf_liquidity,datetime,conf_volume,conf_spread,volume,is_win,conf_psych_level,high,conf_sr_zone,close,open,secondary_score,atr,total_confluence,conf_fib_zone,primary_score,hour,pattern_code,regime_trend,num_confs,bias_bull,setup_score,setup_grade
2.0,1780.08,0.0,4.0,0.0,2021-07-02 13:00:00,0.0,0.0,3379.0,1,0.0,1787.087,1.0,1785.527,1784.877,0.0,7.007000000000062,2.0,1.0,2.0,13.0,5.0,0.0,2.0,0.0,2.0,A+
2.0,1781.724,0.0,4.0,0.0,2021-07-02 17:00:00,0.0,0.0,3793.0,1,0.0,1788.205,1.0,1787.974,1781.995,0.0,5.567599999999993,2.0,1.0,2.0,17.0,7.0,0.0,2.0,0.0,2.0,A+
2.0,1787.913,0.0,4.0,0.0,2021-07-02 18:00:00,0.0,0.0,3498.0,0,0.0,1791.777,1.0,1789.951,1787.943,0.0,5.283666666666666,2.0,1.0,2.0,18.0,0.0,1.0,2.0,1.0,2.0,A+
1.0,1789.019,0.0,0.0,1.0,2021-07-05 07:00:00,1.0,0.0,3478.0,0,0.0,1793.002,1.0,1792.62,1790.406,3.0,3.4834285714285733,4.0,1.0,1.0,7.0,0.0,1.0,4.0,1.0,2.0,A+
1.0,1790.913,0.0,0.0,1.0,2021-07-05 13:00:00,1.0,0.0,3276.0,0,0.0,1793.098,0.0,1791.102,1791.788,3.0,3.2986428571428275,4.0,1.0,1.0,13.0,6.0,1.0,4.0,1.0,2.0,A+
1.0,1790.849,0.0,1.0,1.0,2021-07-06 01:00:00,1.0,1.0,3966.0,1,0.0,1796.209,1.0,1795.529,1791.824,4.0,2.7292142857142574,5.0,1.0,1.0,1.0,0.0,1.0,5.0,1.0,2.3333333333333335,A+
1.0,1794.498,0.0,1.0,1.0,2021-07-06 02:00:00,1.0,1.0,3594.0,1,0.0,1799.833,1.0,1797.481,1795.511,4.0,2.8257857142856926,5.0,1.0,1.0,2.0,0.0,1.0,5.0,1.0,2.3333333333333335,A+
1.0,1800.037,0.0,1.0,1.0,2021-07-06 05:00:00,1.0,1.0,3264.0,1,0.0,1804.184,1.0,1803.879,1800.694,4.0,2.8429999999999773,5.0,1.0,1.0,5.0,0.0,1.0,5.0,1.0,2.3333333333333335,A+
1.0,1804.756,0.0,1.0,1.0,2021-07-06 07:00:00,1.0,1.0,4035.0,1,0.0,1809.087,1.0,1807.293,1804.839,4.0,2.8401428571428533,5.0,1.0,1.0,7.0,0.0,1.0,5.0,1.0,2.3333333333333335,A+
1.0,1789.852,0.0,1.0,1.0,2021-07-06 16:00:00,1.0,1.0,6673.0,1,0.0,1796.639,0.0,1794.194,1796.594,4.0,4.982642857142845,5.0,1.0,1.0,16.0,0.0,1.0,5.0,1.0,2.3333333333333335,A+
1.0,1794.227,0.0,2.0,1.0,2021-07-07 01:00:00,1.0,0.0,4052.0,0,0.0,1802.815,0.0,1802.379,1795.227,3.0,4.627142857142856,4.0,1.0,1.0,1.0,1.0,1.0,4.0,1.0,2.0,A+
1.0,1797.349,0.0,2.0,1.0,2021-07-07 04:00:00,0.0,1.0,2484.0,1,0.0,1801.692,0.0,1797.853,1801.042,3.0,4.2107857142857,4.0,1.0,1.0,4.0,2.0,1.0,4.0,1.0,2.0,A+
1.0,1797.407,0.0,2.0,1.0,2021-07-07 05:00:00,0.0,1.0,3031.0,1,1.0,1802.434,0.0,1801.796,1797.848,4.0,3.949857142857143,5.0,1.0,1.0,5.0,1.0,1.0,5.0,1.0,2.3333333333333335,A+
1.0,1800.691,0.0,2.0,1.0,2021-07-07 13:00:00,1.0,0.0,6374.0,0,0.0,1807.573,0.0,1806.711,1804.464,3.0,4.403071428571447,4.0,1.0,1.0,13.0,1.0,1.0,4.0,1.0,2.0,A+
1.0,1796.903,0.0,2.0,1.0,2021-07-07 14:00:00,1.0,1.0,7443.0,0,0.0,1807.179,0.0,1805.567,1806.76,4.0,4.987928571428581,5.0,1.0,1.0,14.0,0.0,1.0,5.0,1.0,2.3333333333333335,A+
1.0,1799.136,0.0,3.0,1.0,2021-07-08 01:00:00,1.0,0.0,3900.0,0,1.0,1804.902,0.0,1799.631,1804.346,4.0,4.375714285714285,5.0,1.0,1.0,1.0,8.0,1.0,5.0,1.0,2.3333333333333335,A+
1.0,1796.384,0.0,3.0,1.0,2021-07-08 02:00:00,0.0,1.0,3378.0,1,1.0,1800.586,1.0,1798.301,1799.605,4.0,4.507214285714277,5.0,1.0,1.0,2.0,0.0,1.0,5.0,1.0,2.3333333333333335,A+
1.0,1797.296,0.0,3.0,1.0,2021-07-08 03:00:00,0.0,1.0,2337.0,1,0.0,1799.526,1.0,1797.421,1798.298,3.0,4.229142857142847,4.0,1.0,1.0,3.0,0.0,1.0,4.0,1.0,2.0,A+
1.0,1804.218,0.0,0.0,1.0,2021-07-12 01:00:00,1.0,0.0,3786.0,0,0.0,1810.773,0.0,1805.415,1808.87,3.0,3.614571428571399,4.0,1.0,1.0,1.0,2.0,1.0,4.0,1.0,2.0,A+
1.0,1798.907,0.0,0.0,1.0,2021-07-12 06:00:00,1.0,0.0,3355.0,1,1.0,1802.346,1.0,1800.76,1802.298,3.0,2.900499999999982,4.0,1.0,1.0,6.0,0.0,1.0,4.0,1.0,2.0,A+
1.0,1798.518,0.0,0.0,1.0,2021-07-12 10:00:00,1.0,0.0,3481.0,1,1.0,1802.308,1.0,1800.259,1801.796,3.0,3.3944285714285507,4.0,1.0,1.0,10.0,0.0,1.0,4.0,1.0,2.0,A+
1.0,1792.012,0.0,0.0,1.0,2021-07-12 13:00:00,1.0,1.0,6470.0,1,0.0,1805.049,1.0,1792.267,1802.729,3.0,4.574071428571415,4.0,1.0,1.0,13.0,0.0,1.0,4.0,1.0,2.0,A+
1.0,1806.387,0.0,1.0,1.0,2021-07-13 06:00:00,1.0,0.0,3366.0,1,0.0,1812.275,1.0,1810.632,1806.601,3.0,2.487785714285743,4.0,1.0,1.0,6.0,0.0,1.0,4.0,1.0,2.0,A+
1.0,1809.558,0.0,1.0,1.0,2021-07-13 07:00:00,1.0,0.0,3405.0,0,0.0,1812.061,0.0,1809.886,1810.587,3.0,2.5397142857143047,4.0,1.0,1.0,7.0,6.0,1.0,4.0,1.0,2.0,A+
1.0,1807.011,0.0,1.0,1.0,2021-07-13 11:00:00,1.0,0.0,2909.0,1,0.0,1809.47,0.0,1809.353,1808.596,3.0,2.8971428571428697,4.0,1.0,1.0,11.0,3.0,1.0,4.0,1.0,2.0,A+
1.0,1810.565,0.0,1.0,1.0,2021-07-13 15:00:00,1.0,0.0,3586.0,0,0.0,1814.821,0.0,1813.205,1812.8,3.0,5.506214285714285,4.0,1.0,1.0,15.0,5.0,1.0,4.0,1.0,2.0,A+
1.0,1805.148,0.0,1.0,1.0,2021-07-13 18:00:00,1.0,0.0,3785.0,0,0.0,1809.558,0.0,1807.349,1807.309,3.0,5.756857142857143,4.0,1.0,1.0,18.0,5.0,1.0,4.0,1.0,2.0,A+
1.0,1828.77,0.0,3.0,1.0,2021-07-15 06:00:00,1.0,0.0,3760.0,1,0.0,1832.576,1.0,1831.126,1828.93,3.0,2.8901428571428727,4.0,1.0,1.0,6.0,0.0,1.0,4.0,1.0,2.0,A+
1.0,1820.436,0.0,3.0,1.0,2021-07-15 14:00:00,1.0,0.0,5459.0,1,0.0,1825.454,1.0,1821.083,1825.216,3.0,4.024214285714298,4.0,1.0,1.0,14.0,0.0,1.0,4.0,1.0,2.0,A+
1.0,1813.363,0.0,1.0,1.0,2021-07-20 07:00:00,1.0,0.0,4017.0,0,0.0,1817.343,0.0,1813.745,1815.098,3.0,2.771571428571422,4.0,1.0,1.0,7.0,6.0,0.0,4.0,0.0,2.0,A+
1.0,1814.896,0.0,1.0,1.0,2021-07-20 10:00:00,1.0,0.0,3808.0,1,0.0,1818.95,0.0,1815.116,1816.048,3.0,2.9773571428571586,4.0,1.0,1.0,10.0,6.0,0.0,4.0,0.0,2.0,A+
1.0,1815.594,0.0,1.0,1.0,2021-07-20 12:00:00,1.0,0.0,5716.0,1,0.0,1823.937,1.0,1822.768,1817.721,3.0,3.617428571428572,4.0,1.0,1.0,12.0,0.0,0.0,4.0,0.0,2.0,A+
1.0,1806.498,0.0,1.0,1.0,2021-07-20 14:00:00,1.0,0.0,7446.0,0,0.0,1824.229,0.0,1809.438,1823.791,3.0,4.95042857142859,4.0,1.0,1.0,14.0,2.0,1.0,4.0,1.0,2.0,A+
1.0,1802.303,0.0,4.0,1.0,2021-07-23 04:00:00,0.0,1.0,1493.0,1,0.0,1803.807,0.0,1803.244,1803.077,3.0,2.426999999999956,4.0,1.0,1.0,4.0,5.0,0.0,4.0,0.0,2.0,A+
1.0,1796.986,0.0,4.0,1.0,2021-07-23 10:00:00,1.0,1.0,3935.0,1,0.0,1802.388,1.0,1797.718,1802.361,3.0,3.219285714285661,4.0,1.0,1.0,10.0,0.0,0.0,4.0,0.0,2.0,A+
1.0,1807.36,0.0,0.0,1.0,2021-07-26 09:00:00,1.0,0.0,2951.0,1,0.0,1809.305,0.0,1808.33,1808.461,3.0,3.0133571428571195,4.0,1.0,1.0,9.0,5.0,0.0,4.0,0.0,2.0,A+
1.0,1807.153,0.0,0.0,1.0,2021-07-26 11:00:00,1.0,0.0,2814.0,0,0.0,1809.514,0.0,1807.837,1807.743,3.0,3.143857142857103,4.0,1.0,1.0,11.0,5.0,0.0,4.0,0.0,2.0,A+
1.0,1801.087,0.0,0.0,1.0,2021-07-26 12:00:00,1.0,0.0,4375.0,1,0.0,1808.213,0.0,1803.178,1807.882,3.0,3.5007857142856795,4.0,1.0,1.0,12.0,2.0,0.0,4.0,0.0,2.0,A+
1.0,1799.228,0.0,0.0,1.0,2021-07-26 13:00:00,1.0,0.0,5355.0,0,0.0,1804.534,0.0,1802.462,1803.197,3.0,3.774285714285692,4.0,1.0,1.0,13.0,5.0,0.0,4.0,0.0,2.0,A+
1.0,1798.213,0.0,0.0,0.0,2021-07-26 16:00:00,0.0,1.0,2810.0,0,1.0,1800.699,0.0,1799.325,1799.412,3.0,3.722357142857146,4.0,1.0,1.0,16.0,5.0,0.0,4.0,0.0,2.0,A+
1.0,1798.267,0.0,0.0,0.0,2021-07-26 17:00:00,0.0,1.0,2302.0,0,1.0,1799.862,1.0,1798.379,1799.28,3.0,3.6622857142857095,4.0,1.0,1.0,17.0,0.0,0.0,4.0,0.0,2.0,A+
1.0,1794.499,0.0,1.0,1.0,2021-07-27 14:00:00,1.0,0.0,6529.0,1,0.0,1803.09,0.0,1797.433,1800.376,3.0,4.5065714285713865,4.0,1.0,1.0,14.0,0.0,0.0,4.0,0.0,2.0,A+
1.0,1800.8,0.0,2.0,1.0,2021-07-28 02:00:00,0.0,1.0,2850.0,1,0.0,1804.776,1.0,1804.727,1802.378,3.0,3.8780000000000094,4.0,1.0,1.0,2.0,0.0,0.0,4.0,0.0,2.0,A+
1.0,1794.475,0.0,2.0,1.0,2021-07-28 13:00:00,1.0,1.0,5083.0,1,0.0,1800.344,1.0,1795.127,1798.793,4.0,3.563071428571464,5.0,1.0,1.0,13.0,0.0,0.0,5.0,0.0,2.3333333333333335,A+
1.0,1794.466,0.0,2.0,1.0,2021-07-28 14:00:00,1.0,1.0,4604.0,1,1.0,1800.167,0.0,1800.12,1795.175,5.0,3.8184285714286097,6.0,1.0,1.0,14.0,7.0,0.0,6.0,0.0,2.6666666666666665,A+
1.0,1798.231,0.0,2.0,0.0,2021-07-28 17:00:00,0.0,1.0,2681.0,1,1.0,1802.761,0.0,1798.796,1802.291,3.0,3.609000000000037,4.0,1.0,1.0,17.0,2.0,0.0,4.0,0.0,2.0,A+
2.0,1830.279,0.0,3.0,0.0,2021-07-29 17:00:00,0.0,0.0,2928.0,0,0.0,1831.644,1.0,1830.981,1831.11,0.0,3.615285714285717,2.0,1.0,2.0,17.0,5.0,1.0,2.0,1.0,2.0,A+
2.0,1829.623,0.0,3.0,0.0,2021-07-29 18:00:00,0.0,0.0,2133.0,0,0.0,1831.273,1.0,1831.117,1830.957,0.0,3.6175714285714258,2.0,1.0,2.0,18.0,1.0,1.0,2.0,1.0,2.0,A+
1.0,1826.576,0.0,4.0,1.0,2021-07-30 06:00:00,1.0,0.0,3006.0,1,0.0,1828.822,0.0,1828.254,1828.333,3.0,2.307714285714269,4.0,1.0,1.0,6.0,5.0,1.0,4.0,1.0,2.0,A+
1.0,1821.751,0.0,4.0,1.0,2021-07-30 12:00:00,1.0,0.0,4112.0,0,0.0,1829.809,1.0,1822.725,1827.545,3.0,2.9096428571428663,4.0,1.0,1.0,12.0,0.0,1.0,4.0,1.0,2.0,A+
1.0,1814.152,0.0,4.0,1.0,2021-07-30 16:00:00,1.0,0.0,3456.0,0,0.0,1822.646,1.0,1814.246,1822.525,3.0,3.625571428571431,4.0,1.0,1.0,16.0,0.0,1.0,4.0,1.0,2.0,A+
1.0,1809.371,0.0,1.0,1.0,2021-08-03 01:00:00,1.0,0.0,3153.0,1,0.0,1812.708,0.0,1812.297,1811.307,3.0,3.663714285714264,4.0,1.0,1.0,1.0,3.0,0.0,4.0,0.0,2.0,A+
1.0,1808.137,0.0,1.0,1.0,2021-08-03 06:00:00,1.0,0.0,2708.0,1,0.0,1811.38,0.0,1808.969,1811.228,3.0,2.546857142857156,4.0,1.0,1.0,6.0,0.0,0.0,4.0,0.0,2.0,A+
1.0,1808.901,0.0,1.0,1.0,2021-08-03 07:00:00,1.0,0.0,3111.0,1,0.0,1811.572,0.0,1809.627,1808.962,3.0,2.459214285714276,4.0,1.0,1.0,7.0,4.0,0.0,4.0,0.0,2.0,A+
1.0,1748.852,0.0,3.0,1.0,2021-08-12 02:00:00,0.0,0.0,2662.0,1,1.0,1751.149,0.0,1749.863,1750.645,3.0,4.281928571428596,4.0,1.0,1.0,2.0,0.0,0.0,4.0,0.0,2.0,A+
1.0,1749.198,0.0,3.0,1.0,2021-08-12 03:00:00,0.0,0.0,2539.0,1,1.0,1751.358,0.0,1750.662,1749.893,3.0,3.528142857142857,4.0,1.0,1.0,3.0,7.0,0.0,4.0,0.0,2.0,A+
1.0,1743.744,0.0,3.0,1.0,2021-08-12 12:00:00,1.0,0.0,9931.0,0,1.0,1751.581,0.0,1749.357,1749.438,4.0,3.412357142857153,5.0,1.0,1.0,12.0,5.0,0.0,5.0,0.0,2.3333333333333335,A+
1.0,1770.84,0.0,0.0,1.0,2021-08-16 11:00:00,1.0,0.0,4362.0,1,0.0,1774.854,0.0,1772.113,1774.693,3.0,3.049428571428637,4.0,1.0,1.0,11.0,0.0,1.0,4.0,1.0,2.0,A+
1.0,1771.961,0.0,0.0,1.0,2021-08-16 12:00:00,1.0,0.0,6380.0,1,0.0,1781.196,0.0,1778.292,1772.145,3.0,3.620285714285777,4.0,1.0,1.0,12.0,7.0,1.0,4.0,1.0,2.0,A+
1.0,1777.482,0.0,0.0,1.0,2021-08-16 13:00:00,1.0,0.0,6786.0,1,0.0,1786.817,1.0,1786.571,1778.261,3.0,4.175071428571479,4.0,1.0,1.0,13.0,0.0,1.0,4.0,1.0,2.0,A+
1.0,1784.347,0.0,1.0,1.0,2021-08-17 01:00:00,1.0,0.0,3531.0,1,0.0,1788.631,0.0,1784.799,1786.814,3.0,3.6085,4.0,1.0,1.0,1.0,0.0,1.0,4.0,1.0,2.0,A+
1.0,1787.787,0.0,1.0,1.0,2021-08-17 12:00:00,1.0,0.0,7352.0,1,0.0,1794.55,0.0,1789.406,1791.227,3.0,3.236428571428584,4.0,1.0,1.0,12.0,6.0,1.0,4.0,1.0,2.0,A+
1.0,1786.618,0.0,1.0,1.0,2021-08-17 13:00:00,1.0,0.0,6488.0,0,0.0,1792.959,0.0,1789.68,1789.359,3.0,3.5825000000000307,4.0,1.0,1.0,13.0,5.0,1.0,4.0,1.0,2.0,A+
1.0,1795.423,0.0,0.0,1.0,2021-08-23 14:00:00,1.0,0.0,5964.0,1,0.0,1805.294,1.0,1804.082,1803.149,3.0,4.377357142857136,4.0,1.0,1.0,14.0,0.0,1.0,4.0,1.0,2.0,A+
1.0,1801.277,0.0,1.0,1.0,2021-08-24 01:00:00,1.0,0.0,2787.0,0,0.0,1804.6,1.0,1804.052,1801.933,3.0,3.653571428571435,4.0,1.0,1.0,1.0,0.0,1.0,4.0,1.0,2.0,A+
1.0,1800.68,0.0,1.0,1.0,2021-08-24 08:00:00,1.0,0.0,2602.0,1,1.0,1802.294,0.0,1801.944,1801.9,4.0,2.2495714285714548,5.0,1.0,1.0,8.0,5.0,1.0,5.0,1.0,2.3333333333333335,A+
1.0,1801.694,0.0,1.0,1.0,2021-08-24 12:00:00,1.0,0.0,4809.0,0,0.0,1809.399,1.0,1807.719,1804.135,3.0,2.825714285714298,4.0,1.0,1.0,12.0,0.0,1.0,4.0,1.0,2.0,A+
1.0,1793.936,0.0,2.0,1.0,2021-08-25 00:00:00,1.0,0.0,2763.0,1,0.0,1802.593,1.0,1795.803,1801.715,3.0,3.537642857142812,4.0,1.0,1.0,0.0,0.0,1.0,4.0,1.0,2.0,A+
1.0,1794.139,0.0,2.0,1.0,2021-08-25 01:00:00,1.0,0.0,3123.0,1,0.0,1797.71,1.0,1794.494,1795.823,3.0,3.635499999999962,4.0,1.0,1.0,1.0,0.0,1.0,4.0,1.0,2.0,A+
2.0,1792.875,0.0,2.0,0.0,2021-08-25 10:00:00,0.0,0.0,2060.0,0,0.0,1794.816,1.0,1794.227,1794.084,0.0,3.136857142857155,2.0,1.0,2.0,10.0,5.0,1.0,2.0,1.0,2.0,A+
1.0,1790.247,0.0,2.0,1.0,2021-08-25 11:00:00,1.0,1.0,3019.0,1,0.0,1795.172,0.0,1794.175,1794.178,3.0,3.3990000000000173,4.0,1.0,1.0,11.0,5.0,1.0,4.0,1.0,2.0,A+
1.0,1790.859,0.0,3.0,1.0,2021-08-26 17:00:00,0.0,1.0,2970.0,1,0.0,1794.114,0.0,1791.413,1792.098,3.0,4.472071428571439,4.0,1.0,1.0,17.0,6.0,0.0,4.0,0.0,2.0,A+
1.0,1794.726,0.0,4.0,1.0,2021-08-27 02:00:00,0.0,1.0,2512.0,1,0.0,1798.902,1.0,1797.184,1794.726,3.0,3.969428571428531,4.0,1.0,1.0,2.0,0.0,1.0,4.0,1.0,2.0,A+
1.0,1797.084,0.0,4.0,1.0,2021-08-27 03:00:00,0.0,1.0,2077.0,1,1.0,1799.16,1.0,1798.022,1797.181,4.0,3.4069999999999743,5.0,1.0,1.0,3.0,0.0,1.0,5.0,1.0,2.3333333333333335,A+
1.0,1797.611,0.0,4.0,0.0,2021-08-27 04:00:00,0.0,1.0,1570.0,1,1.0,1799.919,1.0,1799.883,1798.067,3.0,2.941999999999975,4.0,1.0,1.0,4.0,0.0,1.0,4.0,1.0,2.0,A+
1.0,1799.39,0.0,4.0,1.0,2021-08-27 05:00:00,0.0,0.0,2576.0,1,1.0,1802.657,1.0,1801.724,1799.885,3.0,2.511499999999972,4.0,1.0,1.0,5.0,0.0,1.0,4.0,1.0,2.0,A+
1.0,1800.184,0.0,4.0,1.0,2021-08-27 07:00:00,0.0,0.0,2761.0,0,1.0,1804.12,0.0,1801.521,1803.236,3.0,2.3989999999999685,4.0,1.0,1.0,7.0,2.0,1.0,4.0,1.0,2.0,A+
1.0,1787.578,0.0,4.0,1.0,2021-08-27 13:00:00,1.0,1.0,9047.0,1,0.0,1799.132,0.0,1792.211,1798.562,3.0,4.06078571428569,4.0,1.0,1.0,13.0,2.0,1.0,4.0,1.0,2.0,A+
1.0,1805.533,0.0,4.0,1.0,2021-08-27 15:00:00,1.0,0.0,4483.0,1,0.0,1813.275,1.0,1812.896,1807.599,3.0,6.093785714285706,4.0,1.0,1.0,15.0,0.0,1.0,4.0,1.0,2.0,A+
2.0,1816.76,0.0,4.0,0.0,2021-08-27 20:00:00,0.0,0.0,1310.0,1,0.0,1819.008,1.0,1816.778,1818.976,0.0,6.036642857142851,2.0,1.0,2.0,20.0,8.0,1.0,2.0,1.0,2.0,A+
2.0,1817.133,0.0,6.0,0.0,2021-08-29 22:00:00,0.0,0.0,1638.0,1,0.0,1819.111,1.0,1817.82,1817.936,0.0,5.922142857142863,2.0,1.0,2.0,22.0,5.0,1.0,2.0,1.0,2.0,A+
2.0,1817.573,0.0,6.0,0.0,2021-08-29 23:00:00,0.0,0.0,1128.0,0,0.0,1818.836,1.0,1818.39,1817.824,0.0,5.525142857142847,2.0,1.0,2.0,23.0,7.0,1.0,2.0,1.0,2.0,A+
1.0,1814.37,0.0,0.0,1.0,2021-08-30 12:00:00,1.0,0.0,3395.0,1,0.0,1817.737,0.0,1814.538,1817.141,3.0,2.9643571428571738,4.0,1.0,1.0,12.0,2.0,1.0,4.0,1.0,2.0,A+
1.0,1812.001,0.0,0.0,1.0,2021-08-30 13:00:00,1.0,0.0,4591.0,0,0.0,1815.56,1.0,1812.227,1814.564,3.0,3.128357142857177,4.0,1.0,1.0,13.0,0.0,1.0,4.0,1.0,2.0,A+
1.0,1809.049,0.0,0.0,1.0,2021-08-30 15:00:00,1.0,0.0,3251.0,1,0.0,1812.205,1.0,1810.103,1811.73,3.0,2.982642857142878,4.0,1.0,1.0,15.0,0.0,1.0,4.0,1.0,2.0,A+
1.0,1814.579,0.0,1.0,1.0,2021-08-31 07:00:00,1.0,0.0,2815.0,0,0.0,1816.56,0.0,1815.278,1814.685,3.0,2.2345714285714524,4.0,1.0,1.0,7.0,4.0,1.0,4.0,1.0,2.0,A+
1.0,1813.793,0.0,1.0,1.0,2021-08-31 08:00:00,1.0,0.0,2546.0,0,0.0,1816.271,0.0,1814.96,1815.273,3.0,2.276000000000035,4.0,1.0,1.0,8.0,5.0,1.0,4.0,1.0,2.0,A+
1.0,1811.938,0.0,1.0,1.0,2021-08-31 11:00:00,1.0,0.0,2898.0,1,0.0,1814.661,0.0,1812.636,1812.231,3.0,2.5520714285714803,4.0,1.0,1.0,11.0,4.0,1.0,4.0,1.0,2.0,A+
1.0,1808.933,0.0,1.0,1.0,2021-08-31 12:00:00,1.0,0.0,4256.0,1,0.0,1813.937,1.0,1809.46,1812.605,3.0,2.859857142857176,4.0,1.0,1.0,12.0,0.0,1.0,4.0,1.0,2.0,A+
1.0,1811.032,0.0,2.0,1.0,2021-09-01 07:00:00,1.0,0.0,3360.0,1,0.0,1816.666,0.0,1811.289,1816.204,3.0,2.4977142857142747,4.0,1.0,1.0,7.0,2.0,1.0,4.0,1.0,2.0,A+
1.0,1809.58,0.0,2.0,1.0,2021-09-01 14:00:00,1.0,0.0,6093.0,1,0.0,1814.766,1.0,1809.806,1813.033,3.0,3.954642857142858,4.0,1.0,1.0,14.0,0.0,1.0,4.0,1.0,2.0,A+
1.0,1813.061,0.0,3.0,1.0,2021-09-02 11:00:00,1.0,0.0,2002.0,0,0.0,1815.953,1.0,1815.43,1815.159,3.0,2.0636428571428627,4.0,1.0,1.0,11.0,0.0,1.0,4.0,1.0,2.0,A+
1.0,1809.36,0.0,3.0,1.0,2021-09-02 12:00:00,1.0,0.0,3952.0,0,0.0,1816.255,0.0,1813.624,1815.383,3.0,2.527428571428589,4.0,1.0,1.0,12.0,8.0,1.0,4.0,1.0,2.0,A+
1.0,1825.085,0.0,0.0,1.0,2021-09-06 01:00:00,1.0,0.0,3468.0,0,0.0,1828.416,0.0,1827.264,1825.596,3.0,4.356999999999987,4.0,1.0,1.0,1.0,0.0,1.0,4.0,1.0,2.0,A+
1.0,1822.32,0.0,0.0,1.0,2021-09-06 12:00:00,1.0,0.0,1935.0,1,0.0,1823.809,1.0,1822.544,1823.809,3.0,2.018071428571424,4.0,1.0,1.0,12.0,0.0,1.0,4.0,1.0,2.0,A+
1.0,1793.342,0.0,4.0,0.0,2021-09-10 11:00:00,1.0,1.0,2709.0,0,0.0,1797.63,0.0,1797.605,1793.603,3.0,3.826357142857124,4.0,1.0,1.0,11.0,1.0,0.0,4.0,0.0,2.0,A+
1.0,1789.44,0.0,4.0,1.0,2021-09-10 13:00:00,1.0,1.0,6550.0,1,0.0,1795.946,0.0,1794.718,1793.427,3.0,4.480571428571401,4.0,1.0,1.0,13.0,3.0,0.0,4.0,0.0,2.0,A+
1.0,1790.931,0.0,4.0,1.0,2021-09-10 15:00:00,1.0,1.0,4155.0,0,0.0,1796.669,0.0,1792.723,1796.615,3.0,4.735285714285689,4.0,1.0,1.0,15.0,8.0,0.0,4.0,0.0,2.0,A+
1.0,1790.818,0.0,4.0,1.0,2021-09-10 16:00:00,1.0,1.0,3326.0,1,0.0,1793.599,1.0,1791.624,1792.753,3.0,4.478285714285676,4.0,1.0,1.0,16.0,0.0,0.0,4.0,0.0,2.0,A+
2.0,1787.08,0.0,4.0,0.0,2021-09-10 19:00:00,0.0,0.0,2574.0,1,0.0,1790.667,1.0,1787.733,1790.564,0.0,4.411214285714242,2.0,1.0,2.0,19.0,2.0,0.0,2.0,0.0,2.0,A+
2.0,1787.081,0.0,6.0,0.0,2021-09-12 22:00:00,0.0,0.0,1196.0,1,0.0,1788.683,1.0,1788.488,1787.288,0.0,4.120642857142831,2.0,1.0,2.0,22.0,1.0,0.0,2.0,0.0,2.0,A+
1.0,1789.638,0.0,1.0,1.0,2021-09-14 01:00:00,1.0,1.0,3085.0,1,0.0,1791.827,0.0,1790.799,1791.196,4.0,2.858857142857151,5.0,1.0,1.0,1.0,0.0,0.0,5.0,0.0,2.3333333333333335,A+
1.0,1790.025,0.0,1.0,1.0,2021-09-14 02:00:00,0.0,1.0,2381.0,0,0.0,1792.754,0.0,1791.368,1790.769,3.0,2.8798571428571416,4.0,1.0,1.0,2.0,1.0,0.0,4.0,0.0,2.0,A+
1.0,1781.866,0.0,1.0,1.0,2021-09-14 11:00:00,1.0,0.0,3712.0,1,0.0,1788.126,1.0,1784.329,1786.718,3.0,2.4163571428571555,4.0,1.0,1.0,11.0,0.0,0.0,4.0,0.0,2.0,A+
1.0,1791.709,0.0,2.0,1.0,2021-09-15 16:00:00,1.0,1.0,2874.0,1,0.0,1793.776,1.0,1793.104,1793.774,3.0,3.701928571428539,4.0,1.0,1.0,16.0,0.0,1.0,4.0,1.0,2.0,A+
1.0,1792.386,0.0,3.0,1.0,2021-09-16 01:00:00,1.0,1.0,3014.0,0,0.0,1796.012,0.0,1795.654,1794.954,4.0,3.512214285714273,5.0,1.0,1.0,1.0,3.0,0.0,5.0,0.0,2.3333333333333335,A+
1.0,1790.969,0.0,3.0,1.0,2021-09-16 03:00:00,0.0,1.0,2005.0,0,0.0,1794.196,1.0,1791.351,1794.113,3.0,2.888428571428546,4.0,1.0,1.0,3.0,0.0,0.0,4.0,0.0,2.0,A+
1.0,1785.668,0.0,3.0,1.0,2021-09-16 05:00:00,1.0,1.0,3158.0,0,0.0,1792.12,1.0,1786.723,1790.935,4.0,2.663428571428556,5.0,1.0,1.0,5.0,0.0,0.0,5.0,0.0,2.3333333333333335,A+
1.0,1783.741,0.0,3.0,1.0,2021-09-16 06:00:00,1.0,1.0,4459.0,1,0.0,1787.199,1.0,1785.723,1786.716,4.0,2.64985714285714,5.0,1.0,1.0,6.0,0.0,0.0,5.0,0.0,2.3333333333333335,A+
1.0,1782.719,0.0,3.0,1.0,2021-09-16 07:00:00,1.0,1.0,4169.0,0,0.0,1786.74,0.0,1785.805,1785.715,4.0,2.789000000000004,5.0,1.0,1.0,7.0,5.0,0.0,5.0,0.0,2.3333333333333335,A+
1.0,1775.067,0.0,3.0,1.0,2021-09-16 10:00:00,1.0,0.0,4333.0,0,0.0,1780.319,0.0,1779.454,1777.821,3.0,3.356071428571437,4.0,1.0,1.0,10.0,3.0,0.0,4.0,0.0,2.0,A+
2.0,1762.307,0.0,1.0,0.0,2021-09-21 02:00:00,0.0,0.0,2024.0,0,0.0,1766.039,0.0,1762.722,1765.603,0.0,3.896499999999995,2.0,1.0,2.0,2.0,2.0,0.0,2.0,0.0,2.0,A+
1.0,1759.266,0.0,1.0,1.0,2021-09-21 08:00:00,1.0,0.0,3647.0,1,0.0,1765.45,1.0,1764.344,1760.662,3.0,2.806285714285715,4.0,1.0,1.0,8.0,0.0,0.0,4.0,0.0,2.0,A+
1.0,1769.602,0.0,1.0,1.0,2021-09-21 13:00:00,1.0,0.0,8623.0,1,0.0,1775.017,1.0,1772.753,1771.847,3.0,3.6703571428571258,4.0,1.0,1.0,13.0,0.0,0.0,4.0,0.0,2.0,A+
1.0,1771.587,0.0,1.0,1.0,2021-09-21 14:00:00,1.0,0.0,7197.0,0,0.0,1778.498,1.0,1777.679,1772.723,3.0,3.946571428571425,4.0,1.0,1.0,14.0,0.0,0.0,4.0,0.0,2.0,A+
1.0,1776.867,0.0,2.0,1.0,2021-09-22 07:00:00,1.0,0.0,3812.0,0,0.0,1780.038,0.0,1777.127,1779.184,3.0,2.388857142857156,4.0,1.0,1.0,7.0,8.0,1.0,4.0,1.0,2.0,A+
1.0,1755.283,0.0,0.0,1.0,2021-09-27 06:00:00,1.0,0.0,4151.0,0,0.0,1759.334,0.0,1757.531,1759.301,3.0,3.008857142857128,4.0,1.0,1.0,6.0,2.0,0.0,4.0,0.0,2.0,A+
1.0,1748.098,0.0,0.0,1.0,2021-09-27 12:00:00,1.0,0.0,9250.0,1,0.0,1755.023,0.0,1753.848,1748.237,3.0,4.077571428571462,4.0,1.0,1.0,12.0,7.0,0.0,4.0,0.0,2.0,A+
1.0,1748.747,0.0,0.0,1.0,2021-09-27 14:00:00,1.0,0.0,6533.0,1,1.0,1756.823,0.0,1749.028,1755.997,4.0,4.719571428571466,5.0,1.0,1.0,14.0,2.0,0.0,5.0,0.0,2.3333333333333335,A+
1.0,1747.431,0.0,1.0,1.0,2021-09-28 05:00:00,0.0,0.0,3175.0,0,1.0,1751.812,0.0,1748.591,1751.177,3.0,2.546785714285712,4.0,1.0,1.0,5.0,8.0,0.0,4.0,0.0,2.0,A+
1.0,1740.386,0.0,1.0,1.0,2021-09-28 06:00:00,1.0,0.0,6081.0,1,0.0,1748.662,1.0,1740.625,1748.583,3.0,2.810928571428576,4.0,1.0,1.0,6.0,0.0,0.0,4.0,0.0,2.0,A+
1.0,1735.365,0.0,1.0,1.0,2021-09-28 07:00:00,1.0,0.0,6014.0,0,0.0,1744.453,0.0,1743.804,1740.657,3.0,3.2512142857142896,4.0,1.0,1.0,7.0,3.0,0.0,4.0,0.0,2.0,A+
1.0,1756.451,0.0,3.0,1.0,2021-09-30 16:00:00,1.0,0.0,4837.0,0,0.0,1760.271,0.0,1758.207,1758.004,3.0,6.055000000000015,4.0,1.0,1.0,16.0,5.0,0.0,4.0,0.0,2.0,A+
1.0,1755.746,0.0,4.0,1.0,2021-10-01 15:00:00,1.0,0.0,6306.0,0,0.0,1762.56,1.0,1761.584,1758.695,3.0,5.07935714285715,4.0,1.0,1.0,15.0,0.0,1.0,4.0,1.0,2.0,A+
1.0,1756.522,0.0,0.0,1.0,2021-10-04 06:00:00,1.0,0.0,4311.0,0,0.0,1762.619,0.0,1757.769,1761.319,3.0,2.995999999999981,4.0,1.0,1.0,6.0,2.0,1.0,4.0,1.0,2.0,A+
1.0,1765.07,0.0,0.0,1.0,2021-10-04 16:00:00,1.0,0.0,4494.0,0,0.0,1770.183,1.0,1768.949,1765.475,3.0,5.667928571428547,4.0,1.0,1.0,16.0,0.0,1.0,4.0,1.0,2.0,A+
1.0,1750.929,0.0,2.0,1.0,2021-10-06 05:00:00,0.0,0.0,3086.0,1,1.0,1754.38,1.0,1751.125,1752.522,3.0,2.961928571428562,4.0,1.0,1.0,5.0,0.0,1.0,4.0,1.0,2.0,A+
1.0,1750.457,0.0,2.0,1.0,2021-10-06 06:00:00,1.0,0.0,4576.0,0,1.0,1754.754,0.0,1752.303,1751.095,4.0,2.562285714285703,5.0,1.0,1.0,6.0,4.0,1.0,5.0,1.0,2.3333333333333335,A+
1.0,1761.023,0.0,3.0,1.0,2021-10-07 11:00:00,1.0,0.0,3609.0,1,0.0,1764.663,0.0,1761.394,1762.212,3.0,3.24557142857142,4.0,1.0,1.0,11.0,6.0,1.0,4.0,1.0,2.0,A+
1.0,1754.001,0.0,3.0,1.0,2021-10-07 12:00:00,1.0,0.0,7007.0,1,0.0,1762.856,1.0,1755.118,1761.425,3.0,3.792642857142856,4.0,1.0,1.0,12.0,0.0,1.0,4.0,1.0,2.0,A+
1.0,1755.483,0.0,4.0,1.0,2021-10-08 14:00:00,1.0,0.0,11503.0,1,0.0,1774.117,0.0,1758.867,1772.581,3.0,5.659642857142818,4.0,1.0,1.0,14.0,0.0,1.0,4.0,1.0,2.0,A+
1.0,1756.627,0.0,4.0,1.0,2021-10-08 15:00:00,1.0,0.0,5562.0,1,0.0,1760.056,0.0,1758.574,1758.85,3.0,5.643785714285692,4.0,1.0,1.0,15.0,5.0,1.0,4.0,1.0,2.0,A+
1.0,1761.504,0.0,2.0,1.0,2021-10-13 06:00:00,1.0,0.0,3685.0,1,0.0,1763.713,0.0,1762.633,1762.565,3.0,2.0529999999999973,4.0,1.0,1.0,6.0,5.0,1.0,4.0,1.0,2.0,A+
1.0,1764.994,0.0,2.0,1.0,2021-10-13 08:00:00,1.0,0.0,3765.0,1,0.0,1768.925,1.0,1766.766,1765.023,3.0,2.229428571428587,4.0,1.0,1.0,8.0,0.0,1.0,4.0,1.0,2.0,A+
1.0,1789.051,0.0,3.0,1.0,2021-10-14 01:00:00,0.0,1.0,2900.0,0,0.0,1793.578,0.0,1789.453,1792.806,3.0,6.510071428571417,4.0,1.0,1.0,1.0,2.0,1.0,4.0,1.0,2.0,A+
1.0,1786.647,0.0,3.0,1.0,2021-10-14 02:00:00,0.0,1.0,2568.0,1,0.0,1790.044,0.0,1788.461,1789.422,3.0,6.497285714285714,4.0,1.0,1.0,2.0,0.0,1.0,4.0,1.0,2.0,A+
1.0,1789.77,0.0,3.0,1.0,2021-10-14 05:00:00,0.0,1.0,2172.0,1,0.0,1791.783,0.0,1791.335,1790.721,3.0,2.807928571428582,4.0,1.0,1.0,5.0,3.0,1.0,4.0,1.0,2.0,A+
1.0,1790.7,0.0,3.0,1.0,2021-10-14 06:00:00,0.0,1.0,3051.0,1,0.0,1794.173,1.0,1793.666,1791.32,3.0,2.7226428571428545,4.0,1.0,1.0,6.0,0.0,1.0,4.0,1.0,2.0,A+
1.0,1793.709,0.0,3.0,1.0,2021-10-14 12:00:00,1.0,1.0,6029.0,0,1.0,1799.608,1.0,1798.948,1795.495,5.0,3.343857142857132,6.0,1.0,1.0,12.0,0.0,1.0,6.0,1.0,2.6666666666666665,A+
1.0,1796.058,0.0,3.0,0.0,2021-10-14 15:00:00,1.0,0.0,3051.0,0,1.0,1798.794,1.0,1798.195,1796.791,3.0,3.70735714285716,4.0,1.0,1.0,15.0,0.0,1.0,4.0,1.0,2.0,A+
1.0,1767.101,0.0,1.0,1.0,2021-10-19 16:00:00,1.0,0.0,3897.0,0,0.0,1771.444,0.0,1769.453,1771.119,3.0,4.530071428571432,4.0,1.0,1.0,16.0,0.0,1.0,4.0,1.0,2.0,A+
1.0,1774.613,0.0,2.0,1.0,2021-10-20 13:00:00,1.0,0.0,8862.0,1,0.0,1787.409,0.0,1780.007,1786.472,3.0,4.074071428571496,4.0,1.0,1.0,13.0,0.0,1.0,4.0,1.0,2.0,A+
1.0,1782.966,0.0,2.0,1.0,2021-10-20 16:00:00,1.0,0.0,3607.0,0,0.0,1786.727,1.0,1786.684,1783.508,3.0,4.214142857142909,4.0,1.0,1.0,16.0,0.0,1.0,4.0,1.0,2.0,A+
1.0,1782.226,0.0,3.0,1.0,2021-10-21 01:00:00,1.0,0.0,4192.0,1,0.0,1786.979,1.0,1786.729,1783.845,3.0,4.588214285714295,4.0,1.0,1.0,1.0,0.0,1.0,4.0,1.0,2.0,A+
1.0,1782.516,0.0,3.0,1.0,2021-10-21 06:00:00,1.0,0.0,4206.0,1,0.0,1787.537,0.0,1783.372,1786.031,3.0,3.1962857142857177,4.0,1.0,1.0,6.0,8.0,1.0,4.0,1.0,2.0,A+
1.0,1777.471,0.0,3.0,1.0,2021-10-21 11:00:00,1.0,0.0,5187.0,1,0.0,1784.811,1.0,1778.285,1784.242,3.0,3.510857142857146,4.0,1.0,1.0,11.0,0.0,1.0,4.0,1.0,2.0,A+
1.0,1799.797,0.0,1.0,1.0,2021-10-26 07:00:00,1.0,0.0,3654.0,1,1.0,1804.674,1.0,1800.338,1804.222,3.0,2.414928571428553,4.0,1.0,1.0,7.0,0.0,1.0,4.0,1.0,2.0,A+
1.0,1801.394,0.0,1.0,1.0,2021-10-26 10:00:00,1.0,1.0,2490.0,1,1.0,1803.471,1.0,1801.432,1802.892,4.0,2.507571428571428,5.0,1.0,1.0,10.0,0.0,1.0,5.0,1.0,2.3333333333333335,A+
1.0,1801.159,0.0,1.0,1.0,2021-10-26 11:00:00,1.0,1.0,2892.0,1,0.0,1804.345,0.0,1802.926,1801.429,3.0,2.6383571428571355,4.0,1.0,1.0,11.0,1.0,1.0,4.0,1.0,2.0,A+
1.0,1793.828,0.0,1.0,1.0,2021-10-26 12:00:00,1.0,1.0,8762.0,1,1.0,1804.56,0.0,1799.354,1802.894,4.0,3.3426428571428426,5.0,1.0,1.0,12.0,8.0,1.0,5.0,1.0,2.3333333333333335,A+
1.0,1788.619,0.0,1.0,1.0,2021-10-26 13:00:00,1.0,1.0,9792.0,1,0.0,1800.734,1.0,1790.071,1799.388,3.0,4.119142857142833,4.0,1.0,1.0,13.0,0.0,1.0,4.0,1.0,2.0,A+
1.0,1796.863,0.0,3.0,1.0,2021-10-28 02:00:00,0.0,0.0,3608.0,1,1.0,1803.165,0.0,1799.584,1797.569,3.0,4.158428571428593,4.0,1.0,1.0,2.0,4.0,1.0,4.0,1.0,2.0,A+
1.0,1798.456,0.0,3.0,1.0,2021-10-28 11:00:00,1.0,0.0,4113.0,1,1.0,1803.503,1.0,1801.896,1799.538,3.0,3.2774999999999994,4.0,1.0,1.0,11.0,0.0,1.0,4.0,1.0,2.0,A+
1.0,1797.174,0.0,3.0,1.0,2021-10-28 12:00:00,1.0,0.0,13107.0,1,1.0,1806.677,0.0,1799.058,1801.901,3.0,3.8404285714285606,4.0,1.0,1.0,12.0,2.0,1.0,4.0,1.0,2.0,A+
1.0,1791.986,0.0,3.0,1.0,2021-10-28 14:00:00,1.0,0.0,12472.0,1,1.0,1805.49,0.0,1798.705,1803.051,4.0,5.46949999999999,5.0,1.0,1.0,14.0,0.0,1.0,5.0,1.0,2.3333333333333335,A+
1.0,1799.098,0.0,3.0,1.0,2021-10-28 17:00:00,0.0,0.0,4270.0,0,1.0,1801.692,0.0,1801.28,1800.859,3.0,5.445428571428546,4.0,1.0,1.0,17.0,3.0,1.0,4.0,1.0,2.0,A+
1.0,1791.884,0.0,4.0,1.0,2021-10-29 09:00:00,0.0,0.0,4167.0,0,1.0,1799.012,0.0,1798.172,1792.742,3.0,3.481571428571442,4.0,1.0,1.0,9.0,0.0,1.0,4.0,1.0,2.0,A+
1.0,1793.161,0.0,1.0,1.0,2021-11-02 09:00:00,1.0,0.0,3259.0,0,0.0,1795.525,1.0,1795.066,1794.747,3.0,2.2624285714286025,4.0,1.0,1.0,9.0,0.0,1.0,4.0,1.0,2.0,A+
1.0,1791.288,0.0,1.0,1.0,2021-11-02 10:00:00,1.0,0.0,3681.0,0,0.0,1795.5,0.0,1792.386,1795.104,3.0,2.439928571428595,4.0,1.0,1.0,10.0,2.0,1.0,4.0,1.0,2.0,A+
1.0,1788.046,0.0,1.0,1.0,2021-11-02 11:00:00,1.0,0.0,4122.0,1,0.0,1792.944,1.0,1790.003,1792.409,3.0,2.698857142857167,4.0,1.0,1.0,11.0,0.0,1.0,4.0,1.0,2.0,A+
1.0,1788.93,0.0,1.0,1.0,2021-11-02 13:00:00,1.0,0.0,7729.0,0,0.0,1793.264,0.0,1790.77,1791.095,3.0,3.2344285714285825,4.0,1.0,1.0,13.0,5.0,1.0,4.0,1.0,2.0,A+
1.0,1794.872,0.0,4.0,1.0,2021-11-05 08:00:00,1.0,0.0,4368.0,0,0.0,1800.049,0.0,1796.306,1796.485,3.0,2.7481428571428523,4.0,1.0,1.0,8.0,5.0,1.0,4.0,1.0,2.0,A+
1.0,1791.723,0.0,4.0,1.0,2021-11-05 11:00:00,1.0,0.0,3897.0,1,0.0,1795.071,0.0,1793.831,1794.15,3.0,2.8849285714285804,4.0,1.0,1.0,11.0,5.0,1.0,4.0,1.0,2.0,A+
1.0,1816.086,0.0,0.0,1.0,2021-11-08 13:00:00,1.0,0.0,7062.0,1,0.0,1824.167,1.0,1821.653,1817.769,3.0,3.975999999999967,4.0,1.0,1.0,13.0,0.0,1.0,4.0,1.0,2.0,A+
1.0,1819.093,0.0,0.0,1.0,2021-11-08 14:00:00,1.0,0.0,10370.0,1,0.0,1825.998,0.0,1822.453,1821.684,3.0,4.2438571428571095,4.0,1.0,1.0,14.0,5.0,1.0,4.0,1.0,2.0,A+
1.0,1821.857,0.0,1.0,1.0,2021-11-09 02:00:00,1.0,0.0,3681.0,1,0.0,1826.566,0.0,1822.987,1824.823,3.0,3.2988571428571243,4.0,1.0,1.0,2.0,2.0,1.0,4.0,1.0,2.0,A+
1.0,1819.119,0.0,1.0,1.0,2021-11-09 07:00:00,1.0,0.0,4094.0,1,0.0,1825.319,0.0,1820.076,1823.872,3.0,2.66799999999999,4.0,1.0,1.0,7.0,0.0,1.0,4.0,1.0,2.0,A+
1.0,1820.045,0.0,1.0,1.0,2021-11-09 08:00:00,1.0,0.0,4727.0,1,0.0,1825.76,0.0,1824.133,1820.045,3.0,2.974928571428564,4.0,1.0,1.0,8.0,1.0,1.0,4.0,1.0,2.0,A+
1.0,1823.574,0.0,1.0,1.0,2021-11-09 11:00:00,1.0,0.0,3578.0,1,0.0,1828.506,0.0,1823.764,1825.108,3.0,3.2510000000000088,4.0,1.0,1.0,11.0,6.0,1.0,4.0,1.0,2.0,A+
1.0,1822.769,0.0,1.0,1.0,2021-11-09 12:00:00,1.0,0.0,4235.0,1,0.0,1825.548,0.0,1824.078,1823.796,3.0,3.358714285714297,4.0,1.0,1.0,12.0,5.0,1.0,4.0,1.0,2.0,A+
1.0,1823.883,0.0,1.0,1.0,2021-11-09 13:00:00,1.0,0.0,8210.0,0,0.0,1830.112,1.0,1829.911,1824.106,3.0,3.7121428571428754,4.0,1.0,1.0,13.0,0.0,1.0,4.0,1.0,2.0,A+
1.0,1820.222,0.0,1.0,1.0,2021-11-09 15:00:00,1.0,0.0,7929.0,1,0.0,1827.507,0.0,1825.877,1826.205,3.0,4.192571428571455,4.0,1.0,1.0,15.0,0.0,1.0,4.0,1.0,2.0,A+
1.0,1822.71,0.0,2.0,1.0,2021-11-10 11:00:00,1.0,0.0,3159.0,1,0.0,1825.924,0.0,1824.52,1824.734,3.0,2.7087857142856984,4.0,1.0,1.0,11.0,5.0,1.0,4.0,1.0,2.0,A+
1.0,1848.215,0.0,2.0,1.0,2021-11-10 17:00:00,1.0,0.0,5513.0,0,1.0,1855.234,0.0,1849.619,1854.89,4.0,7.012999999999985,5.0,1.0,1.0,17.0,2.0,1.0,5.0,1.0,2.3333333333333335,A+
1.0,1843.689,0.0,3.0,1.0,2021-11-11 03:00:00,0.0,0.0,3927.0,1,1.0,1853.608,0.0,1849.928,1844.164,3.0,8.946214285714307,4.0,1.0,1.0,3.0,1.0,1.0,4.0,1.0,2.0,A+
1.0,1845.229,0.0,4.0,1.0,2021-11-12 11:00:00,1.0,0.0,3959.0,1,1.0,1850.114,0.0,1849.131,1846.146,3.0,3.73264285714291,4.0,1.0,1.0,11.0,0.0,1.0,4.0,1.0,2.0,A+
1.0,1862.212,0.0,1.0,1.0,2021-11-16 07:00:00,1.0,0.0,3667.0,1,0.0,1865.551,0.0,1863.939,1865.028,3.0,2.853428571428578,4.0,1.0,1.0,7.0,0.0,1.0,4.0,1.0,2.0,A+
1.0,1870.6,0.0,1.0,1.0,2021-11-16 09:00:00,1.0,0.0,4762.0,1,0.0,1874.905,1.0,1873.228,1872.059,3.0,3.5298571428571512,4.0,1.0,1.0,9.0,0.0,1.0,4.0,1.0,2.0,A+
1.0,1858.924,0.0,1.0,1.0,2021-11-16 14:00:00,1.0,0.0,12465.0,0,0.0,1868.965,1.0,1859.47,1866.716,3.0,4.78357142857143,4.0,1.0,1.0,14.0,0.0,1.0,4.0,1.0,2.0,A+
1.0,1849.645,0.0,1.0,1.0,2021-11-16 18:00:00,0.0,0.0,4360.0,1,1.0,1854.45,1.0,1850.129,1852.128,3.0,5.687785714285724,4.0,1.0,1.0,18.0,0.0,1.0,4.0,1.0,2.0,A+
1.0,1855.023,0.0,3.0,1.0,2021-11-18 13:00:00,1.0,0.0,11639.0,0,0.0,1866.843,0.0,1864.311,1865.491,3.0,4.558857142857213,4.0,1.0,1.0,13.0,0.0,1.0,4.0,1.0,2.0,A+
1.0,1787.851,0.0,3.0,1.0,2021-11-25 15:00:00,1.0,0.0,2870.0,1,0.0,1790.845,0.0,1788.494,1790.683,3.0,2.0467857142857286,4.0,1.0,1.0,15.0,0.0,0.0,4.0,0.0,2.0,A+
1.0,1789.97,0.0,4.0,1.0,2021-11-26 00:00:00,1.0,0.0,3883.0,1,0.0,1794.322,0.0,1792.016,1792.616,3.0,2.505428571428589,4.0,1.0,1.0,0.0,5.0,0.0,4.0,0.0,2.0,A+
1.0,1790.854,0.0,4.0,1.0,2021-11-26 01:00:00,1.0,0.0,4015.0,1,0.0,1793.569,1.0,1792.414,1792.011,3.0,2.572928571428585,4.0,1.0,1.0,1.0,0.0,0.0,4.0,0.0,2.0,A+
1.0,1791.802,0.0,4.0,1.0,2021-11-26 02:00:00,1.0,0.0,3191.0,1,0.0,1794.938,1.0,1794.156,1792.412,3.0,2.67235714285716,4.0,1.0,1.0,2.0,0.0,0.0,4.0,0.0,2.0,A+
1.0,1794.179,0.0,4.0,1.0,2021-11-26 03:00:00,1.0,0.0,3872.0,1,0.0,1798.906,1.0,1796.975,1794.186,3.0,2.873357142857149,4.0,1.0,1.0,3.0,0.0,0.0,4.0,0.0,2.0,A+
1.0,1797.43,0.0,4.0,1.0,2021-11-26 06:00:00,1.0,0.0,3643.0,1,1.0,1803.228,1.0,1801.167,1797.466,4.0,3.115785714285721,5.0,1.0,1.0,6.0,0.0,0.0,5.0,0.0,2.3333333333333335,A+
1.0,1800.194,0.0,4.0,1.0,2021-11-26 07:00:00,1.0,0.0,5916.0,0,0.0,1808.268,1.0,1808.015,1801.174,3.0,3.527357142857145,4.0,1.0,1.0,7.0,0.0,0.0,4.0,0.0,2.0,A+
1.0,1795.371,0.0,4.0,1.0,2021-11-26 14:00:00,1.0,0.0,9828.0,1,1.0,1807.922,0.0,1798.576,1805.089,4.0,5.933142857142863,5.0,1.0,1.0,14.0,8.0,0.0,5.0,0.0,2.3333333333333335,A+
1.0,1797.557,0.0,4.0,1.0,2021-11-26 15:00:00,1.0,0.0,8232.0,0,0.0,1802.484,0.0,1797.589,1798.544,3.0,6.091142857142862,4.0,1.0,1.0,15.0,6.0,0.0,4.0,0.0,2.0,A+
1.0,1782.087,0.0,1.0,1.0,2021-12-07 12:00:00,1.0,0.0,3361.0,0,0.0,1784.496,1.0,1783.422,1782.248,3.0,2.8047857142857344,4.0,1.0,1.0,12.0,0.0,1.0,4.0,1.0,2.0,A+
1.0,1786.497,0.0,2.0,1.0,2021-12-08 07:00:00,1.0,0.0,3311.0,0,0.0,1791.494,1.0,1789.806,1788.632,3.0,2.6520714285714058,4.0,1.0,1.0,7.0,0.0,1.0,4.0,1.0,2.0,A+
1.0,1774.856,0.0,3.0,1.0,2021-12-09 12:00:00,1.0,0.0,4618.0,1,0.0,1780.291,1.0,1776.328,1780.291,3.0,3.029499999999968,4.0,1.0,1.0,12.0,0.0,1.0,4.0,1.0,2.0,A+
1.0,1773.544,0.0,3.0,1.0,2021-12-09 13:00:00,1.0,0.0,7988.0,1,0.0,1778.69,0.0,1777.628,1776.326,3.0,3.271857142857113,4.0,1.0,1.0,13.0,3.0,0.0,4.0,0.0,2.0,A+
1.0,1773.655,0.0,3.0,1.0,2021-12-09 14:00:00,1.0,0.0,7358.0,1,0.0,1782.832,0.0,1776.625,1777.596,3.0,3.7319999999999873,4.0,1.0,1.0,14.0,5.0,0.0,4.0,0.0,2.0,A+
1.0,1774.749,0.0,3.0,1.0,2021-12-09 15:00:00,1.0,0.0,5526.0,1,0.0,1780.342,0.0,1779.562,1776.569,3.0,3.9703571428571456,4.0,1.0,1.0,15.0,1.0,0.0,4.0,0.0,2.0,A+
1.0,1774.943,0.0,3.0,1.0,2021-12-09 16:00:00,1.0,0.0,3860.0,1,0.0,1780.826,1.0,1776.193,1779.527,3.0,4.218357142857144,4.0,1.0,1.0,16.0,0.0,0.0,4.0,0.0,2.0,A+
1.0,1799.004,0.0,0.0,1.0,2021-12-20 01:00:00,0.0,0.0,3383.0,1,1.0,1802.163,0.0,1800.961,1801.204,3.0,4.370357142857155,4.0,1.0,1.0,1.0,5.0,1.0,4.0,1.0,2.0,A+
1.0,1797.962,0.0,0.0,1.0,2021-12-20 07:00:00,1.0,0.0,3724.0,1,1.0,1802.361,1.0,1798.184,1802.126,4.0,3.02421428571433,5.0,1.0,1.0,7.0,0.0,1.0,5.0,1.0,2.3333333333333335,A+
1.0,1793.948,0.0,0.0,1.0,2021-12-20 13:00:00,1.0,0.0,5529.0,1,0.0,1799.917,1.0,1796.239,1797.483,3.0,3.200857142857168,4.0,1.0,1.0,13.0,0.0,1.0,4.0,1.0,2.0,A+
1.0,1791.64,0.0,0.0,1.0,2021-12-20 14:00:00,1.0,0.0,6349.0,0,0.0,1798.121,1.0,1791.794,1796.241,3.0,3.4230714285714448,4.0,1.0,1.0,14.0,0.0,1.0,4.0,1.0,2.0,A+
1.0,1798.609,0.0,3.0,1.0,2021-12-23 14:00:00,1.0,0.0,6493.0,1,0.0,1807.798,0.0,1802.904,1807.221,3.0,3.0429285714285146,4.0,1.0,1.0,14.0,0.0,1.0,4.0,1.0,2.0,A+
1.0,1805.705,0.0,3.0,1.0,2021-12-23 16:00:00,1.0,0.0,3179.0,1,0.0,1808.32,1.0,1807.32,1805.934,3.0,3.001785714285656,4.0,1.0,1.0,16.0,0.0,1.0,4.0,1.0,2.0,A+
1.0,1810.78,0.0,0.0,1.0,2021-12-27 16:00:00,1.0,0.0,2976.0,0,0.0,1812.993,1.0,1811.445,1812.754,3.0,2.6012857142857064,4.0,1.0,1.0,16.0,0.0,1.0,4.0,1.0,2.0,A+
1.0,1812.5,0.0,1.0,1.0,2021-12-28 06:00:00,1.0,0.0,2575.0,1,0.0,1815.348,1.0,1814.986,1812.922,3.0,2.225714285714243,4.0,1.0,1.0,6.0,0.0,1.0,4.0,1.0,2.0,A+
1.0,1813.444,0.0,1.0,1.0,2021-12-28 07:00:00,1.0,0.0,2491.0,1,0.0,1816.015,1.0,1813.791,1815.028,3.0,2.251285714285684,4.0,1.0,1.0,7.0,0.0,1.0,4.0,1.0,2.0,A+
1.0,1809.865,0.0,1.0,1.0,2021-12-28 14:00:00,1.0,0.0,7479.0,0,0.0,1818.429,0.0,1813.834,1817.874,3.0,2.783857142857105,4.0,1.0,1.0,14.0,2.0,1.0,4.0,1.0,2.0,A+
1.0,1805.006,0.0,1.0,1.0,2021-12-28 18:00:00,1.0,0.0,3694.0,1,0.0,1811.286,1.0,1805.602,1810.287,3.0,3.466785714285688,4.0,1.0,1.0,18.0,0.0,1.0,4.0,1.0,2.0,A+
1.0,1820.876,0.0,0.0,1.0,2022-01-03 07:00:00,1.0,0.0,2918.0,1,0.0,1825.369,0.0,1824.156,1825.276,3.0,3.1400714285714293,4.0,1.0,1.0,7.0,0.0,1.0,4.0,1.0,2.0,A+
1.0,1799.762,0.0,0.0,1.0,2022-01-03 15:00:00,1.0,0.0,8401.0,0,1.0,1806.476,1.0,1801.848,1802.871,3.0,4.480071428571429,4.0,1.0,1.0,15.0,0.0,1.0,4.0,1.0,2.0,A+
1.0,1808.259,0.0,2.0,1.0,2022-01-05 20:00:00,1.0,0.0,5293.0,0,0.0,1814.181,1.0,1809.983,1812.901,3.0,4.894357142857124,4.0,1.0,1.0,20.0,0.0,1.0,4.0,1.0,2.0,A+
1.0,1799.43,0.0,3.0,1.0,2022-01-06 07:00:00,1.0,0.0,4661.0,1,1.0,1803.649,1.0,1800.908,1801.956,3.0,3.84307142857142,4.0,1.0,1.0,7.0,0.0,0.0,4.0,0.0,2.0,A+
1.0,1792.092,0.0,0.0,1.0,2022-01-10 08:00:00,1.0,0.0,4307.0,1,0.0,1796.442,1.0,1796.361,1793.611,3.0,2.867928571428528,4.0,1.0,1.0,8.0,0.0,0.0,4.0,0.0,2.0,A+
1.0,1796.423,0.0,0.0,1.0,2022-01-10 10:00:00,0.0,0.0,3349.0,0,1.0,1800.664,1.0,1799.655,1796.806,3.0,2.865285714285668,4.0,1.0,1.0,10.0,0.0,0.0,4.0,0.0,2.0,A+
1.0,1790.033,0.0,0.0,1.0,2022-01-10 14:00:00,1.0,0.0,6813.0,1,0.0,1796.282,0.0,1794.143,1792.958,3.0,3.915071428571391,4.0,1.0,1.0,14.0,0.0,0.0,4.0,0.0,2.0,A+
1.0,1793.211,0.0,0.0,1.0,2022-01-10 16:00:00,1.0,0.0,3770.0,1,0.0,1795.93,0.0,1793.844,1793.363,3.0,3.9984999999999866,4.0,1.0,1.0,16.0,4.0,0.0,4.0,0.0,2.0,A+
1.0,1798.35,0.0,0.0,0.0,2022-01-10 18:00:00,1.0,0.0,3666.0,1,1.0,1801.393,1.0,1800.211,1799.396,3.0,4.410357142857135,4.0,1.0,1.0,18.0,0.0,0.0,4.0,0.0,2.0,A+
1.0,1805.333,0.0,1.0,1.0,2022-01-11 15:00:00,1.0,0.0,6634.0,1,0.0,1811.814,1.0,1811.302,1805.892,3.0,3.2298571428571807,4.0,1.0,1.0,15.0,0.0,1.0,4.0,1.0,2.0,A+
1.0,1809.841,0.0,1.0,1.0,2022-01-11 16:00:00,1.0,0.0,6119.0,1,0.0,1816.732,1.0,1815.2,1811.271,3.0,3.5823571428571768,4.0,1.0,1.0,16.0,0.0,1.0,4.0,1.0,2.0,A+
1.0,1813.914,0.0,1.0,1.0,2022-01-11 17:00:00,1.0,0.0,3987.0,1,0.0,1817.775,1.0,1817.516,1815.17,3.0,3.660357142857184,4.0,1.0,1.0,17.0,0.0,1.0,4.0,1.0,2.0,A+
1.0,1817.225,0.0,1.0,1.0,2022-01-11 18:00:00,1.0,0.0,3921.0,1,0.0,1820.088,1.0,1820.001,1817.485,3.0,3.778928571428618,4.0,1.0,1.0,18.0,0.0,1.0,4.0,1.0,2.0,A+
1.0,1818.845,0.0,2.0,1.0,2022-01-12 14:00:00,1.0,0.0,7246.0,1,0.0,1824.394,0.0,1821.797,1821.2,3.0,3.2001428571429,4.0,1.0,1.0,14.0,5.0,1.0,4.0,1.0,2.0,A+
1.0,1820.808,0.0,2.0,1.0,2022-01-12 15:00:00,1.0,0.0,5909.0,1,0.0,1824.638,1.0,1823.744,1821.829,3.0,3.20742857142862,4.0,1.0,1.0,15.0,0.0,1.0,4.0,1.0,2.0,A+
1.0,1819.966,0.0,4.0,1.0,2022-01-14 13:00:00,1.0,0.0,8972.0,0,0.0,1827.46,0.0,1825.368,1820.884,3.0,3.279071428571472,4.0,1.0,1.0,13.0,1.0,1.0,4.0,1.0,2.0,A+
1.0,1837.655,0.0,0.0,1.0,2022-01-24 08:00:00,1.0,0.0,3982.0,1,0.0,1841.645,1.0,1840.481,1837.92,3.0,2.849571428571445,4.0,1.0,1.0,8.0,0.0,1.0,4.0,1.0,2.0,A+
1.0,1837.51,0.0,0.0,1.0,2022-01-24 10:00:00,1.0,0.0,3912.0,0,0.0,1842.126,0.0,1839.872,1841.14,3.0,3.106428571428588,4.0,1.0,1.0,10.0,2.0,1.0,4.0,1.0,2.0,A+
1.0,1836.395,0.0,0.0,1.0,2022-01-24 12:00:00,1.0,0.0,3846.0,1,0.0,1840.826,0.0,1838.512,1838.136,3.0,3.1040714285714524,4.0,1.0,1.0,12.0,5.0,1.0,4.0,1.0,2.0,A+
1.0,1834.546,0.0,0.0,1.0,2022-01-24 13:00:00,1.0,0.0,7204.0,0,0.0,1842.971,0.0,1835.299,1838.491,3.0,3.4226428571428835,4.0,1.0,1.0,13.0,8.0,1.0,4.0,1.0,2.0,A+
1.0,1832.511,0.0,0.0,1.0,2022-01-24 16:00:00,1.0,0.0,4339.0,1,0.0,1835.332,0.0,1834.947,1834.451,3.0,4.148642857142883,4.0,1.0,1.0,16.0,3.0,1.0,4.0,1.0,2.0,A+
1.0,1838.051,0.0,1.0,1.0,2022-01-25 13:00:00,1.0,0.0,6193.0,1,0.0,1843.036,1.0,1842.549,1839.727,3.0,2.711642857142871,4.0,1.0,1.0,13.0,0.0,1.0,4.0,1.0,2.0,A+
1.0,1839.221,0.0,1.0,1.0,2022-01-25 14:00:00,1.0,0.0,9133.0,0,1.0,1852.794,1.0,1850.322,1842.519,4.0,3.573000000000028,5.0,1.0,1.0,14.0,0.0,1.0,5.0,1.0,2.3333333333333335,A+
1.0,1847.593,0.0,1.0,1.0,2022-01-25 17:00:00,1.0,0.0,4232.0,1,1.0,1850.342,0.0,1849.748,1849.366,4.0,4.343071428571453,5.0,1.0,1.0,17.0,5.0,1.0,5.0,1.0,2.3333333333333335,A+
1.0,1849.768,0.0,1.0,1.0,2022-01-25 18:00:00,1.0,0.0,4863.0,0,0.0,1852.548,1.0,1852.168,1849.768,3.0,4.446714285714312,4.0,1.0,1.0,18.0,0.0,1.0,4.0,1.0,2.0,A+
1.0,1797.577,0.0,3.0,1.0,2022-01-27 13:00:00,1.0,0.0,9743.0,0,1.0,1809.41,1.0,1799.802,1807.024,3.0,5.019285714285713,4.0,0.0,1.0,13.0,0.0,0.0,4.0,0.0,2.0,A+
1.0,1796.288,0.0,1.0,1.0,2022-02-01 04:00:00,0.0,0.0,2136.0,1,1.0,1799.477,1.0,1799.334,1796.587,3.0,3.1800714285714418,4.0,1.0,1.0,4.0,0.0,0.0,4.0,0.0,2.0,A+
1.0,1801.075,0.0,1.0,1.0,2022-02-01 06:00:00,0.0,0.0,2328.0,1,1.0,1803.204,1.0,1801.482,1802.705,3.0,2.714499999999995,4.0,1.0,1.0,6.0,0.0,0.0,4.0,0.0,2.0,A+
1.0,1797.432,0.0,1.0,1.0,2022-02-01 15:00:00,1.0,0.0,12132.0,1,0.0,1806.967,0.0,1804.367,1802.39,3.0,3.75,4.0,1.0,1.0,15.0,0.0,0.0,4.0,0.0,2.0,A+
1.0,1803.34,0.0,1.0,1.0,2022-02-01 16:00:00,1.0,0.0,4928.0,0,0.0,1807.804,0.0,1803.778,1804.337,3.0,3.870214285714285,4.0,1.0,1.0,16.0,6.0,0.0,4.0,0.0,2.0,A+
1.0,1798.352,0.0,1.0,1.0,2022-02-01 20:00:00,0.0,0.0,3436.0,1,1.0,1801.43,0.0,1801.106,1799.322,3.0,3.8667142857142704,4.0,1.0,1.0,20.0,1.0,0.0,4.0,0.0,2.0,A+
1.0,1797.135,0.0,2.0,1.0,2022-02-02 05:00:00,0.0,0.0,1727.0,0,1.0,1798.892,1.0,1798.456,1797.519,3.0,3.0281428571428086,4.0,1.0,1.0,5.0,0.0,0.0,4.0,0.0,2.0,A+
1.0,1807.831,0.0,2.0,1.0,2022-02-02 18:00:00,1.0,0.0,3275.0,0,0.0,1810.591,1.0,1809.135,1810.087,3.0,3.5902857142857068,4.0,1.0,1.0,18.0,0.0,0.0,4.0,0.0,2.0,A+
1.0,1792.076,0.0,4.0,1.0,2022-02-04 14:00:00,1.0,0.0,13979.0,1,0.0,1807.107,0.0,1804.297,1795.136,3.0,4.425571428571402,4.0,1.0,1.0,14.0,0.0,1.0,4.0,1.0,2.0,A+
1.0,1803.086,0.0,4.0,1.0,2022-02-04 16:00:00,1.0,0.0,5804.0,1,0.0,1807.877,0.0,1806.856,1803.824,3.0,5.088714285714267,4.0,1.0,1.0,16.0,1.0,1.0,4.0,1.0,2.0,A+
1.0,1811.635,0.0,0.0,1.0,2022-02-07 13:00:00,1.0,0.0,6713.0,1,0.0,1816.964,0.0,1813.958,1813.222,3.0,2.974999999999974,4.0,1.0,1.0,13.0,5.0,1.0,4.0,1.0,2.0,A+
1.0,1812.429,0.0,0.0,1.0,2022-02-07 14:00:00,1.0,0.0,5794.0,1,0.0,1816.03,0.0,1813.955,1813.927,3.0,2.987357142857117,4.0,1.0,1.0,14.0,5.0,1.0,4.0,1.0,2.0,A+
1.0,1811.795,0.0,0.0,1.0,2022-02-07 15:00:00,1.0,0.0,5647.0,1,0.0,1816.332,1.0,1815.841,1813.923,3.0,2.837714285714274,4.0,1.0,1.0,15.0,0.0,1.0,4.0,1.0,2.0,A+
1.0,1814.243,0.0,0.0,1.0,2022-02-07 16:00:00,1.0,0.0,4375.0,1,0.0,1818.369,1.0,1817.341,1815.874,3.0,3.018571428571428,4.0,1.0,1.0,16.0,0.0,1.0,4.0,1.0,2.0,A+
1.0,1815.397,0.0,1.0,1.0,2022-02-08 07:00:00,1.0,0.0,3660.0,1,0.0,1819.939,0.0,1817.227,1819.43,3.0,2.151999999999979,4.0,1.0,1.0,7.0,0.0,1.0,4.0,1.0,2.0,A+
1.0,1819.864,0.0,1.0,1.0,2022-02-08 14:00:00,1.0,0.0,6046.0,1,0.0,1824.395,1.0,1822.155,1824.013,3.0,2.7924285714285912,4.0,1.0,1.0,14.0,0.0,1.0,4.0,1.0,2.0,A+
1.0,1821.792,0.0,1.0,1.0,2022-02-08 15:00:00,1.0,0.0,5648.0,1,0.0,1828.344,0.0,1824.497,1822.187,3.0,3.114428571428594,4.0,1.0,1.0,15.0,4.0,1.0,4.0,1.0,2.0,A+
1.0,1824.333,0.0,1.0,1.0,2022-02-08 16:00:00,1.0,0.0,3304.0,1,0.0,1826.39,1.0,1826.285,1824.494,3.0,3.1434285714285903,4.0,1.0,1.0,16.0,0.0,1.0,4.0,1.0,2.0,A+
1.0,1826.152,0.0,2.0,1.0,2022-02-09 12:00:00,1.0,0.0,2747.0,1,0.0,1828.258,1.0,1828.053,1826.828,3.0,1.6145000000000047,4.0,1.0,1.0,12.0,0.0,1.0,4.0,1.0,2.0,A+
1.0,1825.668,0.0,2.0,1.0,2022-02-09 13:00:00,1.0,0.0,6637.0,1,0.0,1832.361,0.0,1825.73,1828.083,3.0,1.9927857142857388,4.0,1.0,1.0,13.0,2.0,1.0,4.0,1.0,2.0,A+
1.0,1833.479,0.0,3.0,1.0,2022-02-10 18:00:00,1.0,0.0,7539.0,0,0.0,1837.623,0.0,1835.293,1835.236,3.0,5.073285714285687,4.0,1.0,1.0,18.0,5.0,1.0,4.0,1.0,2.0,A+
1.0,1851.234,0.0,0.0,1.0,2022-02-14 12:00:00,1.0,0.0,6927.0,1,0.0,1858.171,0.0,1855.667,1856.38,3.0,4.041642857142863,4.0,1.0,1.0,12.0,5.0,1.0,4.0,1.0,2.0,A+
1.0,1853.2,0.0,0.0,1.0,2022-02-14 13:00:00,1.0,0.0,9930.0,1,0.0,1862.661,0.0,1861.499,1855.701,3.0,4.2774285714285725,4.0,1.0,1.0,13.0,7.0,1.0,4.0,1.0,2.0,A+
1.0,1859.812,0.0,0.0,1.0,2022-02-14 14:00:00,1.0,0.0,9021.0,1,0.0,1866.481,1.0,1866.316,1861.469,3.0,4.537928571428584,4.0,1.0,1.0,14.0,0.0,1.0,4.0,1.0,2.0,A+
1.0,1863.951,0.0,0.0,1.0,2022-02-14 15:00:00,1.0,0.0,8259.0,1,0.0,1870.891,1.0,1868.168,1866.281,3.0,4.8172142857143045,4.0,1.0,1.0,15.0,0.0,1.0,4.0,1.0,2.0,A+
1.0,1888.323,0.0,4.0,1.0,2022-02-18 01:00:00,1.0,0.0,6104.0,1,0.0,1899.52,0.0,1890.283,1899.449,3.0,5.28100000000003,4.0,1.0,1.0,1.0,0.0,1.0,4.0,1.0,2.0,A+
1.0,1907.173,0.0,1.0,1.0,2022-02-22 00:00:00,0.0,1.0,3244.0,1,0.0,1913.754,0.0,1907.95,1909.376,3.0,4.858571428571428,4.0,1.0,1.0,0.0,6.0,1.0,4.0,1.0,2.0,A+
1.0,1908.098,0.0,1.0,1.0,2022-02-22 03:00:00,0.0,1.0,2640.0,1,0.0,1910.234,0.0,1908.418,1909.455,3.0,4.713357142857149,4.0,1.0,1.0,3.0,8.0,1.0,4.0,1.0,2.0,A+
1.0,1908.358,0.0,1.0,1.0,2022-02-22 06:00:00,0.0,1.0,3044.0,1,0.0,1911.111,0.0,1909.896,1910.017,3.0,4.313642857142862,4.0,1.0,1.0,6.0,5.0,1.0,4.0,1.0,2.0,A+
1.0,1907.138,0.0,1.0,1.0,2022-02-22 07:00:00,1.0,1.0,4049.0,0,0.0,1913.224,0.0,1908.568,1909.898,3.0,4.419642857142857,4.0,1.0,1.0,7.0,0.0,1.0,4.0,1.0,2.0,A+
1.0,1893.725,0.0,1.0,1.0,2022-02-22 12:00:00,1.0,1.0,5817.0,1,1.0,1900.143,0.0,1899.41,1893.798,5.0,5.990428571428587,6.0,1.0,1.0,12.0,7.0,1.0,6.0,1.0,2.6666666666666665,A+
1.0,1896.839,0.0,1.0,0.0,2022-02-22 16:00:00,1.0,1.0,5480.0,1,0.0,1903.525,0.0,1903.227,1897.875,3.0,6.26271428571431,4.0,1.0,1.0,16.0,7.0,1.0,4.0,1.0,2.0,A+
1.0,1900.196,0.0,1.0,0.0,2022-02-22 19:00:00,1.0,0.0,4944.0,0,1.0,1904.525,0.0,1901.54,1903.561,3.0,6.509214285714328,4.0,1.0,1.0,19.0,2.0,1.0,4.0,1.0,2.0,A+
1.0,1893.111,0.0,0.0,1.0,2022-02-28 07:00:00,1.0,0.0,10331.0,1,0.0,1908.854,0.0,1896.387,1908.617,3.0,8.894142857142876,4.0,1.0,1.0,7.0,0.0,0.0,4.0,0.0,2.0,A+
1.0,1908.04,0.0,0.0,1.0,2022-02-28 13:00:00,1.0,0.0,8512.0,0,0.0,1918.049,0.0,1917.031,1913.043,3.0,7.882857142857135,4.0,1.0,1.0,13.0,0.0,0.0,4.0,0.0,2.0,A+
1.0,1907.794,0.0,0.0,1.0,2022-02-28 14:00:00,1.0,0.0,10038.0,0,0.0,1917.154,0.0,1910.39,1917.033,3.0,7.705142857142846,4.0,1.0,1.0,14.0,2.0,1.0,4.0,1.0,2.0,A+
1.0,1935.435,0.0,2.0,1.0,2022-03-02 07:00:00,1.0,0.0,8445.0,0,0.0,1947.856,0.0,1944.728,1937.873,3.0,6.725428571428568,4.0,0.0,1.0,7.0,0.0,1.0,4.0,1.0,2.0,A+
1.0,1929.554,0.0,3.0,1.0,2022-03-03 12:00:00,1.0,0.0,5273.0,1,0.0,1935.979,0.0,1930.488,1932.393,3.0,4.99307142857143,4.0,1.0,1.0,12.0,6.0,1.0,4.0,1.0,2.0,A+
1.0,1927.465,0.0,3.0,1.0,2022-03-03 17:00:00,1.0,0.0,7637.0,1,0.0,1932.556,0.0,1931.906,1930.437,3.0,6.586285714285769,4.0,1.0,1.0,17.0,3.0,1.0,4.0,1.0,2.0,A+
1.0,1939.835,0.0,4.0,1.0,2022-03-04 13:00:00,1.0,0.0,11897.0,1,0.0,1948.263,0.0,1946.86,1945.504,3.0,7.019214285714319,4.0,1.0,1.0,13.0,7.0,1.0,4.0,1.0,2.0,A+
1.0,1945.528,0.0,4.0,1.0,2022-03-04 14:00:00,1.0,0.0,13656.0,1,0.0,1959.367,0.0,1951.844,1946.869,3.0,6.859071428571448,4.0,1.0,1.0,14.0,4.0,1.0,4.0,1.0,2.0,A+
1.0,1960.124,0.0,4.0,1.0,2022-03-04 17:00:00,1.0,0.0,6976.0,1,0.0,1965.395,0.0,1962.051,1962.746,3.0,7.067071428571434,4.0,1.0,1.0,17.0,5.0,1.0,4.0,1.0,2.0,A+
1.0,1986.709,0.0,0.0,1.0,2022-03-07 02:00:00,1.0,0.0,8978.0,1,0.0,1998.215,0.0,1986.809,1997.874,3.0,9.25471428571424,4.0,1.0,1.0,2.0,2.0,1.0,4.0,1.0,2.0,A+
1.0,1975.882,0.0,0.0,1.0,2022-03-07 06:00:00,1.0,0.0,8211.0,1,0.0,1985.153,0.0,1983.236,1983.659,3.0,7.727142857142845,4.0,1.0,1.0,6.0,0.0,1.0,4.0,1.0,2.0,A+
1.0,1979.315,0.0,0.0,1.0,2022-03-07 07:00:00,1.0,0.0,8897.0,1,0.0,1993.196,0.0,1992.957,1983.266,3.0,8.07464285714283,4.0,0.0,1.0,7.0,7.0,1.0,4.0,1.0,2.0,A+
1.0,1985.641,0.0,0.0,1.0,2022-03-07 11:00:00,1.0,0.0,8783.0,0,0.0,2002.241,0.0,1990.265,2002.241,3.0,9.448428571428556,4.0,0.0,1.0,11.0,2.0,1.0,4.0,1.0,2.0,A+
1.0,2006.179,0.0,1.0,1.0,2022-03-08 12:00:00,1.0,0.0,9734.0,1,0.0,2015.614,0.0,2007.096,2009.204,3.0,8.946214285714307,4.0,0.0,1.0,12.0,6.0,1.0,4.0,1.0,2.0,A+
1.0,2003.473,0.0,1.0,1.0,2022-03-08 13:00:00,1.0,0.0,18911.0,1,0.0,2020.183,0.0,2015.058,2007.278,3.0,9.850285714285748,4.0,0.0,1.0,13.0,7.0,1.0,4.0,1.0,2.0,A+
1.0,2021.108,0.0,1.0,1.0,2022-03-08 17:00:00,1.0,0.0,46418.0,1,0.0,2069.941,0.0,2029.812,2069.48,3.0,17.522142857142885,4.0,1.0,1.0,17.0,2.0,1.0,4.0,1.0,2.0,A+
2.0,2051.344,0.0,2.0,0.0,2022-03-09 04:00:00,0.0,0.0,5358.0,1,0.0,2059.09,0.0,2051.688,2056.89,0.0,20.003142857142866,2.0,0.0,2.0,4.0,2.0,1.0,2.0,1.0,2.0,A+
1.0,1915.411,0.0,2.0,1.0,2022-03-16 12:00:00,1.0,0.0,7981.0,0,0.0,1925.559,0.0,1920.036,1924.607,3.0,5.507857142857136,4.0,1.0,1.0,12.0,8.0,0.0,4.0,0.0,2.0,A+
1.0,1909.348,0.0,2.0,1.0,2022-03-16 15:00:00,1.0,0.0,7722.0,1,0.0,1915.84,0.0,1911.705,1909.789,3.0,6.920999999999984,4.0,0.0,1.0,15.0,4.0,0.0,4.0,0.0,2.0,A+
1.0,1928.932,0.0,4.0,1.0,2022-03-18 10:00:00,1.0,0.0,4531.0,1,0.0,1935.378,0.0,1935.111,1933.433,3.0,4.628071428571404,4.0,1.0,1.0,10.0,3.0,0.0,4.0,0.0,2.0,A+
1.0,1934.813,0.0,4.0,1.0,2022-03-18 12:00:00,1.0,0.0,7393.0,1,0.0,1940.83,0.0,1935.493,1939.953,3.0,4.83942857142852,4.0,1.0,1.0,12.0,0.0,0.0,4.0,0.0,2.0,A+
1.0,1933.121,0.0,0.0,1.0,2022-03-21 19:00:00,1.0,0.0,6583.0,1,0.0,1940.563,0.0,1935.092,1936.008,3.0,6.004071428571398,4.0,1.0,1.0,19.0,5.0,0.0,4.0,0.0,2.0,A+
1.0,1923.871,0.0,1.0,1.0,2022-03-22 12:00:00,1.0,0.0,7077.0,0,0.0,1930.671,0.0,1927.959,1927.662,3.0,4.643714285714249,4.0,1.0,1.0,12.0,5.0,0.0,4.0,0.0,2.0,A+
1.0,1919.465,0.0,1.0,1.0,2022-03-22 13:00:00,1.0,0.0,10329.0,0,0.0,1928.116,0.0,1923.468,1927.932,3.0,5.081999999999961,4.0,1.0,1.0,13.0,8.0,0.0,4.0,0.0,2.0,A+
1.0,1941.306,0.0,3.0,1.0,2022-03-24 01:00:00,1.0,0.0,4624.0,1,0.0,1948.338,0.0,1942.009,1946.566,3.0,5.470499999999967,4.0,1.0,1.0,1.0,2.0,1.0,4.0,1.0,2.0,A+
1.0,1940.646,0.0,3.0,1.0,2022-03-24 08:00:00,1.0,0.0,4295.0,1,0.0,1945.88,0.0,1940.763,1943.883,3.0,4.0611428571428565,4.0,1.0,1.0,8.0,2.0,1.0,4.0,1.0,2.0,A+
1.0,1940.489,0.0,3.0,1.0,2022-03-24 10:00:00,1.0,0.0,4624.0,1,0.0,1947.081,0.0,1943.761,1940.632,3.0,3.8240714285714312,4.0,1.0,1.0,10.0,7.0,1.0,4.0,1.0,2.0,A+
1.0,1943.721,0.0,3.0,1.0,2022-03-24 11:00:00,1.0,0.0,7649.0,1,0.0,1956.693,1.0,1956.388,1943.794,3.0,4.525714285714295,4.0,1.0,1.0,11.0,0.0,1.0,4.0,1.0,2.0,A+
1.0,1958.685,0.0,3.0,1.0,2022-03-24 15:00:00,1.0,0.0,8998.0,1,0.0,1965.421,1.0,1962.978,1965.041,3.0,6.940214285714303,4.0,1.0,1.0,15.0,0.0,1.0,4.0,1.0,2.0,A+
1.0,1949.887,0.0,4.0,1.0,2022-03-25 10:00:00,1.0,0.0,4929.0,1,1.0,1958.781,0.0,1950.421,1956.056,4.0,4.213000000000014,5.0,1.0,1.0,10.0,2.0,1.0,5.0,1.0,2.3333333333333335,A+
1.0,1928.081,0.0,3.0,1.0,2022-03-31 00:00:00,1.0,0.0,4830.0,0,0.0,1934.151,0.0,1931.74,1934.075,3.0,5.382000000000013,4.0,1.0,1.0,0.0,2.0,0.0,4.0,0.0,2.0,A+
1.0,1923.598,0.0,3.0,1.0,2022-03-31 08:00:00,1.0,0.0,5326.0,1,0.0,1932.596,0.0,1925.317,1931.329,3.0,4.672071428571452,4.0,1.0,1.0,8.0,2.0,0.0,4.0,0.0,2.0,A+
1.0,1924.133,0.0,4.0,1.0,2022-04-01 11:00:00,1.0,0.0,6564.0,1,0.0,1929.783,0.0,1928.556,1927.255,3.0,4.387714285714294,4.0,1.0,1.0,11.0,3.0,1.0,4.0,1.0,2.0,A+
1.0,1922.118,0.0,4.0,1.0,2022-04-01 13:00:00,1.0,0.0,12813.0,1,0.0,1933.666,0.0,1931.451,1927.082,3.0,5.462214285714286,4.0,1.0,1.0,13.0,1.0,1.0,4.0,1.0,2.0,A+
1.0,1918.373,0.0,4.0,1.0,2022-04-01 14:00:00,1.0,0.0,10375.0,1,0.0,1932.732,0.0,1925.737,1931.513,3.0,6.180214285714279,4.0,1.0,1.0,14.0,2.0,1.0,4.0,1.0,2.0,A+
1.0,1922.867,0.0,4.0,1.0,2022-04-01 15:00:00,1.0,0.0,8093.0,1,0.0,1930.388,0.0,1925.897,1925.745,3.0,6.361642857142848,4.0,1.0,1.0,15.0,5.0,0.0,4.0,0.0,2.0,A+
1.0,1926.453,0.0,1.0,1.0,2022-04-05 07:00:00,1.0,0.0,4196.0,1,0.0,1933.202,0.0,1927.549,1932.655,3.0,2.999999999999984,4.0,1.0,1.0,7.0,2.0,0.0,4.0,0.0,2.0,A+
1.0,1921.121,0.0,2.0,1.0,2022-04-06 10:00:00,1.0,0.0,5381.0,1,0.0,1929.92,0.0,1922.091,1929.735,3.0,4.789071428571463,4.0,1.0,1.0,10.0,8.0,0.0,4.0,0.0,2.0,A+
1.0,1918.206,0.0,2.0,1.0,2022-04-06 11:00:00,1.0,0.0,6794.0,1,0.0,1924.116,0.0,1921.496,1922.09,3.0,4.942714285714325,4.0,1.0,1.0,11.0,5.0,0.0,4.0,0.0,2.0,A+
1.0,1919.439,0.0,2.0,1.0,2022-04-06 12:00:00,1.0,0.0,8672.0,1,0.0,1928.252,0.0,1926.601,1921.465,3.0,5.4184285714286,4.0,1.0,1.0,12.0,1.0,0.0,4.0,0.0,2.0,A+
1.0,1923.445,0.0,2.0,1.0,2022-04-06 13:00:00,1.0,0.0,8738.0,1,0.0,1931.882,1.0,1930.454,1926.566,3.0,5.832357142857177,4.0,1.0,1.0,13.0,0.0,0.0,4.0,0.0,2.0,A+
1.0,1923.511,0.0,2.0,1.0,2022-04-06 14:00:00,1.0,0.0,7927.0,1,0.0,1931.782,0.0,1925.745,1930.485,3.0,6.142642857142879,4.0,1.0,1.0,14.0,2.0,0.0,4.0,0.0,2.0,A+
1.0,1915.323,0.0,2.0,1.0,2022-04-06 18:00:00,1.0,0.0,16297.0,1,0.0,1929.233,0.0,1924.433,1921.222,3.0,6.832214285714274,4.0,1.0,1.0,18.0,0.0,0.0,4.0,0.0,2.0,A+
1.0,1941.173,0.0,4.0,1.0,2022-04-08 15:00:00,1.0,0.0,6025.0,1,0.0,1946.19,0.0,1941.594,1943.065,3.0,4.853571428571448,4.0,1.0,1.0,15.0,6.0,1.0,4.0,1.0,2.0,A+
1.0,1941.575,0.0,0.0,1.0,2022-04-11 07:00:00,1.0,0.0,5215.0,1,0.0,1946.85,0.0,1945.716,1943.134,3.0,4.012285714285683,4.0,1.0,1.0,7.0,1.0,1.0,4.0,1.0,2.0,A+
1.0,1945.223,0.0,0.0,1.0,2022-04-11 08:00:00,1.0,0.0,6487.0,1,0.0,1957.743,1.0,1957.068,1945.735,3.0,4.643142857142818,4.0,1.0,1.0,8.0,0.0,1.0,4.0,1.0,2.0,A+
1.0,1955.677,0.0,0.0,1.0,2022-04-11 09:00:00,1.0,0.0,4661.0,1,0.0,1959.286,1.0,1958.093,1957.036,3.0,4.737785714285678,4.0,1.0,1.0,9.0,0.0,1.0,4.0,1.0,2.0,A+
1.0,1948.66,0.0,0.0,1.0,2022-04-11 13:00:00,1.0,0.0,14760.0,1,1.0,1964.637,0.0,1951.04,1963.306,4.0,6.28857142857141,5.0,1.0,1.0,13.0,2.0,1.0,5.0,1.0,2.3333333333333335,A+
1.0,1945.414,0.0,0.0,1.0,2022-04-11 14:00:00,1.0,0.0,9978.0,0,1.0,1952.876,0.0,1951.253,1951.071,4.0,6.67742857142855,5.0,1.0,1.0,14.0,5.0,1.0,5.0,1.0,2.3333333333333335,A+
1.0,1940.707,0.0,0.0,1.0,2022-04-11 16:00:00,1.0,0.0,5280.0,1,0.0,1951.451,1.0,1941.294,1951.317,3.0,6.964642857142849,4.0,1.0,1.0,16.0,0.0,1.0,4.0,1.0,2.0,A+
1.0,1952.624,0.0,1.0,1.0,2022-04-12 07:00:00,1.0,0.0,5342.0,0,0.0,1959.489,0.0,1953.295,1958.358,3.0,3.94257142857139,4.0,1.0,1.0,7.0,8.0,1.0,4.0,1.0,2.0,A+
1.0,1952.363,0.0,1.0,1.0,2022-04-12 11:00:00,1.0,0.0,4422.0,1,0.0,1957.259,0.0,1956.604,1955.17,3.0,3.879357142857089,4.0,1.0,1.0,11.0,3.0,1.0,4.0,1.0,2.0,A+
1.0,1955.238,0.0,1.0,1.0,2022-04-12 12:00:00,1.0,0.0,14483.0,1,0.0,1971.908,1.0,1970.288,1956.608,3.0,4.870499999999944,4.0,1.0,1.0,12.0,0.0,1.0,4.0,1.0,2.0,A+
1.0,1969.105,0.0,1.0,1.0,2022-04-12 17:00:00,1.0,0.0,5642.0,0,0.0,1975.105,0.0,1969.284,1973.99,3.0,7.177642857142814,4.0,1.0,1.0,17.0,8.0,1.0,4.0,1.0,2.0,A+
1.0,1965.476,0.0,2.0,1.0,2022-04-13 07:00:00,1.0,0.0,5439.0,1,0.0,1972.79,0.0,1971.203,1968.661,3.0,4.451928571428588,4.0,1.0,1.0,7.0,0.0,1.0,4.0,1.0,2.0,A+
1.0,1974.382,0.0,2.0,1.0,2022-04-13 11:00:00,1.0,0.0,4822.0,1,0.0,1979.469,1.0,1978.01,1976.876,3.0,4.455000000000008,4.0,1.0,1.0,11.0,0.0,1.0,4.0,1.0,2.0,A+
2.0,1977.964,0.0,0.0,0.0,2022-04-18 19:00:00,0.0,0.0,3948.0,0,0.0,1982.391,1.0,1978.167,1979.742,0.0,5.896357142857157,2.0,1.0,2.0,19.0,6.0,1.0,2.0,1.0,2.0,A+
2.0,1976.64,0.0,0.0,0.0,2022-04-18 20:00:00,0.0,0.0,2557.0,0,0.0,1978.95,1.0,1978.241,1978.197,0.0,5.557714285714302,2.0,1.0,2.0,20.0,5.0,1.0,2.0,1.0,2.0,A+
2.0,1974.66,0.0,1.0,0.0,2022-04-19 00:00:00,0.0,0.0,3904.0,1,0.0,1978.839,1.0,1975.789,1977.192,0.0,5.424357142857145,2.0,1.0,2.0,0.0,2.0,1.0,2.0,1.0,2.0,A+
1.0,1974.271,0.0,1.0,1.0,2022-04-19 07:00:00,1.0,0.0,5221.0,1,0.0,1980.709,0.0,1977.893,1974.372,3.0,3.8866428571428577,4.0,1.0,1.0,7.0,1.0,1.0,4.0,1.0,2.0,A+
1.0,1975.373,0.0,1.0,1.0,2022-04-19 09:00:00,1.0,0.0,4416.0,0,0.0,1979.597,0.0,1977.684,1977.968,3.0,3.4554285714285697,4.0,1.0,1.0,9.0,5.0,1.0,4.0,1.0,2.0,A+
1.0,1907.807,0.0,4.0,1.0,2022-04-29 14:00:00,1.0,0.0,8288.0,1,0.0,1914.399,0.0,1911.307,1910.846,3.0,6.128071428571421,4.0,1.0,1.0,14.0,5.0,1.0,4.0,1.0,2.0,A+
1.0,1904.175,0.0,4.0,1.0,2022-04-29 15:00:00,1.0,0.0,6581.0,1,0.0,1913.297,0.0,1909.622,1911.342,3.0,6.138142857142855,4.0,1.0,1.0,15.0,2.0,1.0,4.0,1.0,2.0,A+
1.0,1888.692,0.0,0.0,1.0,2022-05-02 00:00:00,1.0,0.0,5507.0,1,0.0,1898.451,1.0,1890.48,1897.206,3.0,6.512928571428541,4.0,1.0,1.0,0.0,0.0,0.0,4.0,0.0,2.0,A+
2.0,1889.904,0.0,0.0,0.0,2022-05-02 01:00:00,0.0,0.0,3302.0,0,0.0,1892.576,1.0,1890.114,1890.5,0.0,6.4677857142856805,2.0,1.0,2.0,1.0,6.0,0.0,2.0,0.0,2.0,A+
2.0,1882.707,0.0,2.0,0.0,2022-05-04 23:00:00,0.0,0.0,3263.0,1,0.0,1894.144,1.0,1893.932,1882.792,0.0,6.988999999999968,2.0,1.0,2.0,23.0,1.0,0.0,2.0,0.0,2.0,A+
1.0,1898.826,0.0,3.0,1.0,2022-05-05 05:00:00,0.0,0.0,3718.0,1,1.0,1902.189,0.0,1898.921,1901.519,3.0,6.163071428571437,4.0,1.0,1.0,5.0,8.0,1.0,4.0,1.0,2.0,A+
1.0,1892.765,0.0,3.0,1.0,2022-05-05 13:00:00,1.0,0.0,13149.0,0,0.0,1908.47,0.0,1894.912,1906.898,3.0,5.809357142857168,4.0,1.0,1.0,13.0,2.0,1.0,4.0,1.0,2.0,A+
2.0,1821.446,0.0,3.0,0.0,2022-05-12 18:00:00,0.0,0.0,4364.0,0,0.0,1824.797,1.0,1823.069,1822.962,0.0,7.394285714285713,2.0,1.0,2.0,18.0,5.0,0.0,2.0,0.0,2.0,A+
2.0,1821.279,0.0,3.0,0.0,2022-05-12 20:00:00,0.0,0.0,2629.0,1,0.0,1823.921,1.0,1821.803,1823.921,0.0,7.028571428571435,2.0,1.0,2.0,20.0,8.0,0.0,2.0,0.0,2.0,A+
1.0,1823.696,0.0,1.0,1.0,2022-05-17 08:00:00,1.0,0.0,4507.0,1,0.0,1829.042,1.0,1827.813,1824.071,3.0,4.60549999999999,4.0,1.0,1.0,8.0,0.0,0.0,4.0,0.0,2.0,A+
1.0,1826.777,0.0,1.0,1.0,2022-05-17 10:00:00,1.0,0.0,4130.0,0,0.0,1830.399,0.0,1827.466,1828.384,3.0,4.19271428571426,4.0,1.0,1.0,10.0,2.0,0.0,4.0,0.0,2.0,A+
1.0,1813.625,0.0,1.0,1.0,2022-05-17 18:00:00,1.0,0.0,9150.0,0,0.0,1820.734,1.0,1816.226,1819.286,3.0,6.042285714285705,4.0,1.0,1.0,18.0,0.0,0.0,4.0,0.0,2.0,A+
1.0,1844.574,0.0,4.0,1.0,2022-05-20 06:00:00,0.0,0.0,4589.0,0,1.0,1848.902,1.0,1848.835,1845.681,3.0,3.092285714285692,4.0,1.0,1.0,6.0,0.0,1.0,4.0,1.0,2.0,A+
1.0,1836.302,0.0,4.0,1.0,2022-05-20 13:00:00,1.0,0.0,8586.0,1,0.0,1843.792,1.0,1836.302,1842.164,3.0,4.465714285714268,4.0,1.0,1.0,13.0,0.0,1.0,4.0,1.0,2.0,A+
1.0,1858.734,0.0,1.0,1.0,2022-05-24 13:00:00,1.0,0.0,8452.0,1,0.0,1867.683,1.0,1867.586,1860.046,3.0,4.226928571428532,4.0,1.0,1.0,13.0,0.0,1.0,4.0,1.0,2.0,A+
1.0,1864.803,0.0,1.0,1.0,2022-05-24 15:00:00,1.0,0.0,5180.0,0,0.0,1869.619,1.0,1869.207,1865.387,3.0,4.825071428571391,4.0,1.0,1.0,15.0,0.0,1.0,4.0,1.0,2.0,A+
2.0,1864.762,0.0,2.0,0.0,2022-05-25 00:00:00,0.0,0.0,2582.0,0,0.0,1867.995,0.0,1865.168,1867.361,0.0,4.107785714285732,2.0,1.0,2.0,0.0,2.0,1.0,2.0,1.0,2.0,A+
1.0,1847.796,0.0,2.0,1.0,2022-05-25 13:00:00,1.0,0.0,8168.0,1,1.0,1854.33,1.0,1849.476,1852.529,3.0,4.232714285714224,4.0,1.0,1.0,13.0,0.0,1.0,4.0,1.0,2.0,A+
1.0,1846.953,0.0,2.0,1.0,2022-05-25 14:00:00,1.0,0.0,6057.0,0,1.0,1851.318,0.0,1850.459,1849.443,3.0,4.313571428571371,4.0,1.0,1.0,14.0,3.0,1.0,4.0,1.0,2.0,A+
1.0,1854.042,0.0,4.0,1.0,2022-05-27 07:00:00,1.0,0.0,3751.0,1,0.0,1858.659,1.0,1858.269,1854.281,3.0,3.314928571428563,4.0,1.0,1.0,7.0,0.0,1.0,4.0,1.0,2.0,A+
1.0,1857.314,0.0,4.0,1.0,2022-05-27 11:00:00,1.0,0.0,4376.0,0,0.0,1860.233,1.0,1858.242,1857.835,3.0,3.556357142857126,4.0,1.0,1.0,11.0,0.0,1.0,4.0,1.0,2.0,A+
1.0,1852.689,0.0,4.0,1.0,2022-05-27 14:00:00,1.0,0.0,6403.0,0,0.0,1857.33,0.0,1854.817,1856.082,3.0,4.564214285714278,4.0,1.0,1.0,14.0,2.0,1.0,4.0,1.0,2.0,A+
1.0,1851.082,0.0,4.0,1.0,2022-05-27 15:00:00,1.0,0.0,4320.0,0,0.0,1855.765,0.0,1854.659,1854.784,3.0,4.294071428571426,4.0,1.0,1.0,15.0,5.0,1.0,4.0,1.0,2.0,A+
1.0,1856.225,0.0,0.0,1.0,2022-05-30 08:00:00,1.0,0.0,3611.0,0,0.0,1860.06,0.0,1858.901,1858.669,3.0,3.339214285714271,4.0,1.0,1.0,8.0,5.0,1.0,4.0,1.0,2.0,A+
1.0,1855.051,0.0,0.0,1.0,2022-05-30 13:00:00,1.0,0.0,3838.0,0,0.0,1861.061,0.0,1859.08,1855.313,3.0,3.786785714285705,4.0,1.0,1.0,13.0,0.0,1.0,4.0,1.0,2.0,A+
1.0,1851.838,0.0,0.0,1.0,2022-06-06 10:00:00,1.0,0.0,3255.0,0,0.0,1855.517,0.0,1852.855,1853.894,3.0,2.5406428571428705,4.0,1.0,1.0,10.0,6.0,1.0,4.0,1.0,2.0,A+
2.0,1840.829,0.0,0.0,0.0,2022-06-06 17:00:00,0.0,0.0,2985.0,0,0.0,1843.812,1.0,1841.793,1842.2,0.0,3.686357142857121,2.0,1.0,2.0,17.0,5.0,0.0,2.0,0.0,2.0,A+
2.0,1841.153,0.0,0.0,0.0,2022-06-06 19:00:00,0.0,0.0,2285.0,0,0.0,1842.478,1.0,1842.124,1841.458,0.0,3.629428571428564,2.0,1.0,2.0,19.0,1.0,0.0,2.0,0.0,2.0,A+
2.0,1837.957,0.0,0.0,0.0,2022-06-06 23:00:00,0.0,0.0,2239.0,1,0.0,1841.703,1.0,1839.385,1841.575,0.0,3.401285714285694,2.0,1.0,2.0,23.0,2.0,0.0,2.0,0.0,2.0,A+
1.0,1850.939,0.0,3.0,1.0,2022-06-09 01:00:00,0.0,0.0,3159.0,1,1.0,1854.032,0.0,1851.128,1851.803,3.0,3.676499999999984,4.0,1.0,1.0,1.0,6.0,1.0,4.0,1.0,2.0,A+
1.0,1848.946,0.0,3.0,1.0,2022-06-09 07:00:00,1.0,0.0,4276.0,0,1.0,1852.54,0.0,1850.043,1850.507,4.0,2.633642857142864,5.0,1.0,1.0,7.0,5.0,1.0,5.0,1.0,2.3333333333333335,A+
1.0,1823.547,0.0,2.0,1.0,2022-06-15 13:00:00,1.0,0.0,10236.0,0,0.0,1832.954,0.0,1823.956,1831.6,3.0,5.758714285714258,4.0,1.0,1.0,13.0,2.0,0.0,4.0,0.0,2.0,A+
1.0,1819.17,0.0,2.0,1.0,2022-06-15 15:00:00,1.0,0.0,6231.0,1,0.0,1824.696,0.0,1821.252,1819.793,3.0,5.874785714285671,4.0,1.0,1.0,15.0,4.0,0.0,4.0,0.0,2.0,A+
1.0,1813.637,0.0,2.0,1.0,2022-06-15 18:00:00,1.0,0.0,27867.0,1,0.0,1840.144,0.0,1830.875,1821.204,3.0,7.731857142857101,4.0,1.0,1.0,18.0,0.0,0.0,4.0,0.0,2.0,A+
1.0,1825.243,0.0,3.0,1.0,2022-06-16 14:00:00,1.0,0.0,8800.0,1,0.0,1833.513,0.0,1832.41,1827.964,3.0,6.117571428571393,4.0,1.0,1.0,14.0,1.0,0.0,4.0,0.0,2.0,A+
1.0,1832.025,0.0,3.0,1.0,2022-06-16 15:00:00,1.0,0.0,9326.0,1,0.0,1846.862,1.0,1845.261,1832.442,3.0,6.844642857142828,4.0,1.0,1.0,15.0,0.0,0.0,4.0,0.0,2.0,A+
1.0,1844.59,0.0,3.0,1.0,2022-06-16 16:00:00,1.0,0.0,7760.0,1,1.0,1852.702,1.0,1850.182,1845.293,4.0,7.253999999999986,5.0,1.0,1.0,16.0,0.0,0.0,5.0,0.0,2.3333333333333335,A+
1.0,1841.957,0.0,4.0,1.0,2022-06-17 07:00:00,1.0,0.0,5718.0,1,1.0,1849.985,0.0,1848.678,1844.948,4.0,4.1609999999999605,5.0,1.0,1.0,7.0,1.0,1.0,5.0,1.0,2.3333333333333335,A+
1.0,1844.49,0.0,4.0,1.0,2022-06-17 12:00:00,1.0,0.0,8651.0,0,1.0,1852.917,0.0,1851.268,1847.884,4.0,4.181428571428536,5.0,1.0,1.0,12.0,0.0,1.0,5.0,1.0,2.3333333333333335,A+
1.0,1838.459,0.0,4.0,1.0,2022-06-17 15:00:00,1.0,0.0,7383.0,0,0.0,1844.902,0.0,1841.135,1840.385,3.0,5.1175714285713765,4.0,1.0,1.0,15.0,5.0,1.0,4.0,1.0,2.0,A+
1.0,1823.772,0.0,2.0,1.0,2022-06-22 07:00:00,1.0,0.0,5814.0,1,0.0,1830.177,0.0,1826.724,1826.185,3.0,3.622571428571437,4.0,1.0,1.0,7.0,5.0,0.0,4.0,0.0,2.0,A+
1.0,1823.662,0.0,3.0,1.0,2022-06-23 11:00:00,1.0,0.0,4962.0,1,0.0,1829.782,0.0,1829.359,1829.452,3.0,3.504785714285666,4.0,1.0,1.0,11.0,0.0,0.0,4.0,0.0,2.0,A+
1.0,1828.431,0.0,3.0,1.0,2022-06-23 12:00:00,1.0,0.0,6154.0,0,0.0,1834.202,0.0,1833.985,1829.326,3.0,3.858714285714232,4.0,1.0,1.0,12.0,1.0,0.0,4.0,0.0,2.0,A+
1.0,1822.113,0.0,0.0,1.0,2022-06-27 17:00:00,1.0,0.0,4586.0,0,0.0,1826.999,0.0,1824.006,1825.248,3.0,4.422214285714257,4.0,1.0,1.0,17.0,8.0,0.0,4.0,0.0,2.0,A+
1.0,1822.308,0.0,1.0,1.0,2022-06-28 10:00:00,1.0,0.0,3588.0,1,0.0,1825.718,1.0,1823.375,1824.645,3.0,2.450214285714277,4.0,1.0,1.0,10.0,0.0,0.0,4.0,0.0,2.0,A+
1.0,1820.212,0.0,1.0,1.0,2022-06-28 11:00:00,1.0,0.0,4342.0,0,0.0,1825.627,0.0,1825.493,1823.344,3.0,2.718499999999998,4.0,1.0,1.0,11.0,1.0,0.0,4.0,0.0,2.0,A+
1.0,1818.797,0.0,1.0,1.0,2022-06-28 13:00:00,1.0,0.0,7196.0,1,0.0,1826.196,1.0,1821.078,1822.436,3.0,3.437642857142837,4.0,1.0,1.0,13.0,0.0,0.0,4.0,0.0,2.0,A+
1.0,1815.655,0.0,2.0,1.0,2022-06-29 13:00:00,1.0,0.0,10760.0,1,0.0,1832.597,0.0,1816.719,1831.227,3.0,5.108928571428627,4.0,1.0,1.0,13.0,8.0,0.0,4.0,0.0,2.0,A+
1.0,1814.853,0.0,2.0,1.0,2022-06-29 14:00:00,1.0,0.0,7981.0,1,0.0,1820.236,0.0,1815.565,1816.659,3.0,5.368071428571478,4.0,1.0,1.0,14.0,6.0,0.0,4.0,0.0,2.0,A+
1.0,1815.144,0.0,2.0,1.0,2022-06-29 15:00:00,1.0,0.0,5379.0,0,0.0,1819.254,0.0,1818.506,1815.535,3.0,5.342857142857172,4.0,1.0,1.0,15.0,1.0,0.0,4.0,0.0,2.0,A+
1.0,1801.297,0.0,4.0,1.0,2022-07-01 03:00:00,0.0,0.0,3642.0,1,1.0,1804.601,1.0,1801.388,1804.337,3.0,4.915785714285708,4.0,1.0,1.0,3.0,0.0,0.0,4.0,0.0,2.0,A+
1.0,1792.568,0.0,4.0,1.0,2022-07-01 08:00:00,1.0,0.0,4913.0,1,0.0,1795.882,0.0,1794.828,1794.66,3.0,3.501285714285717,4.0,1.0,1.0,8.0,5.0,0.0,4.0,0.0,2.0,A+
1.0,1808.116,0.0,1.0,1.0,2022-07-05 06:00:00,1.0,0.0,3586.0,0,0.0,1811.789,0.0,1809.143,1811.683,3.0,2.487714285714268,4.0,1.0,1.0,6.0,8.0,0.0,4.0,0.0,2.0,A+
1.0,1805.501,0.0,1.0,1.0,2022-07-05 07:00:00,1.0,0.0,4445.0,0,0.0,1809.753,1.0,1806.113,1809.111,3.0,2.645214285714278,4.0,1.0,1.0,7.0,0.0,0.0,4.0,0.0,2.0,A+
1.0,1800.579,0.0,1.0,1.0,2022-07-05 08:00:00,1.0,0.0,5144.0,1,1.0,1806.098,1.0,1800.934,1806.098,4.0,2.838928571428564,5.0,1.0,1.0,8.0,0.0,0.0,5.0,0.0,2.3333333333333335,A+
1.0,1800.729,0.0,1.0,1.0,2022-07-05 10:00:00,1.0,0.0,3199.0,1,1.0,1803.674,1.0,1801.149,1803.523,4.0,2.9885714285714067,5.0,1.0,1.0,10.0,0.0,0.0,5.0,0.0,2.3333333333333335,A+
1.0,1797.454,0.0,1.0,1.0,2022-07-05 11:00:00,1.0,0.0,4975.0,1,1.0,1802.709,1.0,1798.11,1801.174,3.0,3.3094285714285627,4.0,1.0,1.0,11.0,0.0,0.0,4.0,0.0,2.0,A+
1.0,1796.283,0.0,1.0,1.0,2022-07-05 12:00:00,1.0,0.0,9103.0,0,1.0,1804.668,0.0,1800.374,1798.14,3.0,3.7379285714285646,4.0,1.0,1.0,12.0,4.0,0.0,4.0,0.0,2.0,A+
1.0,1734.821,0.0,4.0,1.0,2022-07-08 09:00:00,1.0,0.0,3726.0,1,0.0,1738.848,0.0,1738.428,1737.835,3.0,3.670357142857142,4.0,0.0,1.0,9.0,3.0,0.0,4.0,0.0,2.0,A+
1.0,1738.474,0.0,0.0,1.0,2022-07-11 01:00:00,1.0,0.0,5203.0,1,0.0,1741.784,0.0,1740.012,1741.588,3.0,5.043142857142876,4.0,1.0,1.0,1.0,0.0,0.0,4.0,0.0,2.0,A+
1.0,1733.93,0.0,2.0,1.0,2022-07-13 18:00:00,1.0,0.0,6390.0,0,0.0,1739.798,0.0,1734.798,1739.798,3.0,7.845857142857134,4.0,1.0,1.0,18.0,2.0,0.0,4.0,0.0,2.0,A+
1.0,1714.459,0.0,0.0,1.0,2022-07-18 10:00:00,1.0,0.0,3829.0,0,0.0,1722.164,0.0,1715.947,1722.042,3.0,4.168214285714271,4.0,1.0,1.0,10.0,8.0,0.0,4.0,0.0,2.0,A+
1.0,1712.962,0.0,0.0,1.0,2022-07-18 11:00:00,1.0,0.0,3833.0,1,0.0,1716.928,0.0,1715.462,1715.985,3.0,4.257071428571424,4.0,1.0,1.0,11.0,5.0,0.0,4.0,0.0,2.0,A+
2.0,1706.616,0.0,0.0,0.0,2022-07-18 19:00:00,0.0,0.0,3272.0,1,0.0,1708.405,1.0,1707.425,1707.643,0.0,4.88992857142856,2.0,1.0,2.0,19.0,5.0,0.0,2.0,0.0,2.0,A+
2.0,1706.911,0.0,0.0,0.0,2022-07-18 23:00:00,0.0,0.0,1661.0,0,0.0,1708.958,1.0,1708.215,1708.004,0.0,4.362999999999992,2.0,1.0,2.0,23.0,5.0,0.0,2.0,0.0,2.0,A+
1.0,1713.291,0.0,1.0,1.0,2022-07-19 11:00:00,1.0,0.0,3866.0,0,0.0,1718.373,0.0,1713.946,1716.884,3.0,3.058428571428619,4.0,1.0,1.0,11.0,0.0,0.0,4.0,0.0,2.0,A+
1.0,1708.519,0.0,1.0,1.0,2022-07-19 13:00:00,1.0,0.0,6632.0,1,0.0,1714.341,0.0,1710.943,1708.828,3.0,3.628428571428604,4.0,1.0,1.0,13.0,4.0,0.0,4.0,0.0,2.0,A+
1.0,1706.833,0.0,2.0,1.0,2022-07-20 08:00:00,1.0,0.0,3329.0,1,0.0,1709.497,1.0,1707.942,1707.474,3.0,2.4573571428571443,4.0,1.0,1.0,8.0,0.0,0.0,4.0,0.0,2.0,A+
1.0,1707.679,0.0,2.0,1.0,2022-07-20 13:00:00,1.0,0.0,7445.0,1,0.0,1714.326,0.0,1709.459,1708.845,3.0,3.724428571428575,4.0,1.0,1.0,13.0,0.0,0.0,4.0,0.0,2.0,A+
1.0,1706.732,0.0,2.0,1.0,2022-07-20 14:00:00,1.0,0.0,6272.0,0,0.0,1710.483,0.0,1709.687,1709.454,3.0,3.8045714285714376,4.0,1.0,1.0,14.0,5.0,0.0,4.0,0.0,2.0,A+
1.0,1701.204,0.0,2.0,1.0,2022-07-20 16:00:00,1.0,0.0,4601.0,1,0.0,1707.972,1.0,1702.903,1707.856,3.0,4.156285714285738,4.0,1.0,1.0,16.0,0.0,0.0,4.0,0.0,2.0,A+
1.0,1699.932,0.0,2.0,1.0,2022-07-20 17:00:00,1.0,0.0,4992.0,1,1.0,1704.192,1.0,1700.066,1702.892,4.0,4.282928571428589,5.0,1.0,1.0,17.0,0.0,0.0,5.0,0.0,2.3333333333333335,A+
1.0,1717.761,0.0,4.0,1.0,2022-07-22 09:00:00,1.0,0.0,5253.0,0,0.0,1725.683,1.0,1724.257,1718.268,3.0,3.316857142857121,4.0,1.0,1.0,9.0,0.0,1.0,4.0,1.0,2.0,A+
1.0,1722.048,0.0,4.0,1.0,2022-07-22 11:00:00,1.0,0.0,5475.0,0,0.0,1730.139,1.0,1728.487,1724.532,3.0,3.635857142857114,4.0,1.0,1.0,11.0,0.0,1.0,4.0,1.0,2.0,A+
1.0,1723.225,0.0,4.0,1.0,2022-07-22 12:00:00,1.0,0.0,6127.0,1,0.0,1729.133,0.0,1724.047,1728.519,3.0,3.9128571428571246,4.0,1.0,1.0,12.0,2.0,1.0,4.0,1.0,2.0,A+
1.0,1719.873,0.0,2.0,1.0,2022-07-27 11:00:00,1.0,0.0,2897.0,1,0.0,1722.597,0.0,1720.594,1720.012,3.0,3.0209999999999746,4.0,1.0,1.0,11.0,4.0,1.0,4.0,1.0,2.0,A+
1.0,1717.811,0.0,2.0,1.0,2022-07-27 12:00:00,1.0,0.0,5146.0,1,0.0,1723.161,0.0,1718.117,1720.606,3.0,3.317214285714272,4.0,1.0,1.0,12.0,2.0,1.0,4.0,1.0,2.0,A+
1.0,1768.442,0.0,0.0,1.0,2022-08-01 13:00:00,1.0,0.0,8951.0,0,0.0,1774.743,1.0,1773.579,1769.369,3.0,4.716357142857111,4.0,0.0,1.0,13.0,0.0,1.0,4.0,1.0,2.0,A+
1.0,1764.204,0.0,0.0,1.0,2022-08-01 15:00:00,1.0,0.0,5211.0,1,0.0,1769.811,0.0,1768.894,1768.208,3.0,5.044642857142825,4.0,1.0,1.0,15.0,0.0,1.0,4.0,1.0,2.0,A+
1.0,1768.674,0.0,1.0,1.0,2022-08-02 07:00:00,1.0,0.0,4892.0,1,0.0,1775.009,0.0,1772.122,1774.369,3.0,3.686000000000003,4.0,0.0,1.0,7.0,0.0,1.0,4.0,1.0,2.0,A+
1.0,1775.799,0.0,1.0,1.0,2022-08-02 14:00:00,1.0,0.0,11096.0,1,0.0,1786.091,0.0,1776.796,1780.45,3.0,5.315714285714307,4.0,1.0,1.0,14.0,6.0,1.0,4.0,1.0,2.0,A+
1.0,1775.476,0.0,1.0,1.0,2022-08-02 15:00:00,1.0,0.0,7213.0,0,0.0,1782.088,0.0,1778.061,1776.763,3.0,5.497428571428584,4.0,0.0,1.0,15.0,4.0,1.0,4.0,1.0,2.0,A+
1.0,1773.201,0.0,1.0,1.0,2022-08-02 16:00:00,1.0,0.0,5291.0,0,0.0,1778.326,0.0,1776.136,1778.053,3.0,5.532857142857146,4.0,1.0,1.0,16.0,8.0,1.0,4.0,1.0,2.0,A+
1.0,1770.177,0.0,1.0,1.0,2022-08-02 17:00:00,1.0,0.0,5169.0,0,0.0,1777.088,1.0,1770.212,1776.102,3.0,5.82635714285714,4.0,1.0,1.0,17.0,0.0,1.0,4.0,1.0,2.0,A+
1.0,1765.416,0.0,1.0,1.0,2022-08-02 18:00:00,1.0,0.0,5427.0,1,0.0,1770.309,1.0,1766.309,1770.247,3.0,6.030571428571436,4.0,1.0,1.0,18.0,0.0,1.0,4.0,1.0,2.0,A+
1.0,1764.955,0.0,4.0,1.0,2022-08-05 13:00:00,1.0,0.0,13798.0,1,0.0,1775.136,0.0,1774.935,1768.963,3.0,5.263357142857152,4.0,1.0,1.0,13.0,0.0,1.0,4.0,1.0,2.0,A+
1.0,1772.714,0.0,4.0,1.0,2022-08-05 15:00:00,1.0,0.0,5664.0,1,0.0,1777.911,0.0,1773.561,1777.911,3.0,5.40835714285715,4.0,1.0,1.0,15.0,2.0,1.0,4.0,1.0,2.0,A+
1.0,1788.229,0.0,1.0,1.0,2022-08-09 09:00:00,1.0,0.0,3644.0,1,0.0,1792.12,1.0,1790.96,1790.275,3.0,3.2070714285714206,4.0,1.0,1.0,9.0,0.0,1.0,4.0,1.0,2.0,A+
1.0,1790.401,0.0,2.0,1.0,2022-08-10 10:00:00,1.0,0.0,2984.0,1,0.0,1795.267,0.0,1790.817,1794.183,3.0,2.4960000000000133,4.0,1.0,1.0,10.0,2.0,1.0,4.0,1.0,2.0,A+
1.0,1794.963,0.0,2.0,1.0,2022-08-10 14:00:00,1.0,0.0,7770.0,0,1.0,1802.269,0.0,1801.963,1795.672,4.0,4.895714285714267,5.0,1.0,1.0,14.0,1.0,1.0,5.0,1.0,2.3333333333333335,A+
1.0,1796.619,0.0,2.0,1.0,2022-08-10 16:00:00,0.0,0.0,3690.0,0,1.0,1800.079,0.0,1798.139,1798.004,3.0,5.237714285714268,4.0,1.0,1.0,16.0,5.0,1.0,4.0,1.0,2.0,A+
1.0,1788.987,0.0,2.0,1.0,2022-08-10 18:00:00,1.0,0.0,4497.0,0,0.0,1795.107,1.0,1789.626,1794.691,3.0,5.610571428571412,4.0,1.0,1.0,18.0,0.0,1.0,4.0,1.0,2.0,A+
1.0,1786.008,0.0,0.0,1.0,2022-08-15 07:00:00,1.0,0.0,4184.0,1,0.0,1791.917,1.0,1786.877,1791.591,3.0,3.003571428571425,4.0,1.0,1.0,7.0,0.0,1.0,4.0,1.0,2.0,A+
1.0,1781.412,0.0,0.0,1.0,2022-08-15 08:00:00,1.0,0.0,4428.0,0,0.0,1788.116,1.0,1783.523,1786.875,3.0,3.139928571428576,4.0,1.0,1.0,8.0,0.0,1.0,4.0,1.0,2.0,A+
1.0,1773.447,0.0,2.0,1.0,2022-08-17 07:00:00,1.0,0.0,4488.0,1,0.0,1777.338,1.0,1773.533,1776.786,3.0,2.473999999999981,4.0,1.0,1.0,7.0,0.0,0.0,4.0,0.0,2.0,A+
1.0,1772.571,0.0,2.0,1.0,2022-08-17 09:00:00,1.0,0.0,3139.0,0,0.0,1775.128,1.0,1773.541,1775.097,3.0,2.6310714285713988,4.0,1.0,1.0,9.0,0.0,0.0,4.0,0.0,2.0,A+
1.0,1770.931,0.0,2.0,1.0,2022-08-17 10:00:00,1.0,0.0,3266.0,0,0.0,1774.482,1.0,1772.084,1773.519,3.0,2.750285714285675,4.0,1.0,1.0,10.0,0.0,0.0,4.0,0.0,2.0,A+
1.0,1766.812,0.0,2.0,1.0,2022-08-17 11:00:00,1.0,0.0,4761.0,1,0.0,1772.489,1.0,1769.289,1772.114,3.0,3.0926428571428266,4.0,1.0,1.0,11.0,0.0,0.0,4.0,0.0,2.0,A+
1.0,1765.016,0.0,2.0,1.0,2022-08-17 13:00:00,1.0,0.0,8671.0,1,0.0,1773.428,0.0,1767.716,1771.396,3.0,4.215571428571415,4.0,1.0,1.0,13.0,2.0,0.0,4.0,0.0,2.0,A+
1.0,1765.352,0.0,2.0,1.0,2022-08-17 14:00:00,1.0,0.0,6552.0,0,0.0,1769.738,1.0,1766.043,1767.746,3.0,4.398785714285704,4.0,1.0,1.0,14.0,0.0,0.0,4.0,0.0,2.0,A+
1.0,1761.312,0.0,2.0,1.0,2022-08-17 15:00:00,1.0,0.0,5058.0,1,0.0,1766.498,1.0,1762.038,1766.023,3.0,4.598214285714286,4.0,1.0,1.0,15.0,0.0,0.0,4.0,0.0,2.0,A+
1.0,1744.186,0.0,2.0,1.0,2022-08-24 07:00:00,1.0,0.0,4304.0,1,1.0,1748.103,0.0,1747.882,1747.197,4.0,2.3825000000000824,5.0,1.0,1.0,7.0,3.0,0.0,5.0,0.0,2.3333333333333335,A+
1.0,1747.348,0.0,2.0,1.0,2022-08-24 08:00:00,1.0,0.0,4184.0,1,1.0,1752.355,1.0,1751.979,1747.885,4.0,2.479285714285798,5.0,1.0,1.0,8.0,0.0,0.0,5.0,0.0,2.3333333333333335,A+
1.0,1748.871,0.0,2.0,1.0,2022-08-24 09:00:00,1.0,0.0,3511.0,0,1.0,1753.604,0.0,1749.159,1751.975,4.0,2.65335714285722,5.0,1.0,1.0,9.0,0.0,0.0,5.0,0.0,2.3333333333333335,A+
1.0,1760.175,0.0,3.0,1.0,2022-08-25 07:00:00,1.0,0.0,4484.0,1,0.0,1763.661,1.0,1762.418,1760.465,3.0,2.720428571428556,4.0,1.0,1.0,7.0,0.0,1.0,4.0,1.0,2.0,A+
1.0,1752.222,0.0,3.0,1.0,2022-08-25 14:00:00,1.0,0.0,6186.0,1,0.0,1757.552,0.0,1755.999,1753.378,3.0,3.797499999999981,4.0,1.0,1.0,14.0,0.0,1.0,4.0,1.0,2.0,A+
1.0,1755.287,0.0,4.0,1.0,2022-08-26 06:00:00,1.0,0.0,3556.0,0,0.0,1758.757,0.0,1755.734,1756.048,3.0,2.598357142857172,4.0,1.0,1.0,6.0,0.0,1.0,4.0,1.0,2.0,A+
1.0,1751.715,0.0,4.0,1.0,2022-08-26 07:00:00,1.0,0.0,4485.0,0,0.0,1756.097,1.0,1753.127,1755.764,3.0,2.634428571428608,4.0,1.0,1.0,7.0,0.0,1.0,4.0,1.0,2.0,A+
1.0,1750.112,0.0,4.0,1.0,2022-08-26 08:00:00,1.0,0.0,4715.0,0,1.0,1753.141,1.0,1752.107,1753.141,4.0,2.6767142857143136,5.0,1.0,1.0,8.0,0.0,1.0,5.0,1.0,2.3333333333333335,A+
1.0,1749.257,0.0,4.0,1.0,2022-08-26 09:00:00,1.0,0.0,3661.0,0,1.0,1752.458,1.0,1749.832,1752.104,4.0,2.6712857142857405,5.0,1.0,1.0,9.0,0.0,1.0,5.0,1.0,2.3333333333333335,A+
1.0,1746.345,0.0,4.0,1.0,2022-08-26 10:00:00,1.0,0.0,3665.0,0,0.0,1749.993,1.0,1746.873,1749.8,3.0,2.746142857142867,4.0,1.0,1.0,10.0,0.0,1.0,4.0,1.0,2.0,A+
1.0,1743.696,0.0,4.0,1.0,2022-08-26 11:00:00,1.0,0.0,3861.0,1,0.0,1747.209,1.0,1744.964,1746.878,3.0,2.90014285714288,4.0,1.0,1.0,11.0,0.0,1.0,4.0,1.0,2.0,A+
1.0,1709.51,0.0,0.0,1.0,2022-09-05 06:00:00,0.0,1.0,3600.0,0,0.0,1713.298,0.0,1711.644,1713.298,3.0,3.4292142857142545,4.0,1.0,1.0,6.0,8.0,0.0,4.0,0.0,2.0,A+
1.0,1708.156,0.0,0.0,1.0,2022-09-05 07:00:00,0.0,1.0,4016.0,1,0.0,1711.67,0.0,1710.772,1711.614,3.0,3.4230714285714123,4.0,1.0,1.0,7.0,0.0,0.0,4.0,0.0,2.0,A+
1.0,1717.131,0.0,1.0,1.0,2022-09-06 03:00:00,0.0,1.0,2153.0,1,0.0,1720.241,0.0,1717.745,1719.737,3.0,3.4644999999999624,4.0,1.0,1.0,3.0,8.0,0.0,4.0,0.0,2.0,A+
1.0,1714.993,0.0,1.0,1.0,2022-09-06 05:00:00,1.0,1.0,2817.0,1,0.0,1719.066,0.0,1717.79,1715.575,4.0,3.582357142857112,5.0,1.0,1.0,5.0,7.0,1.0,5.0,1.0,2.3333333333333335,A+
1.0,1713.467,0.0,1.0,1.0,2022-09-06 07:00:00,1.0,1.0,5382.0,0,0.0,1720.114,0.0,1715.743,1720.114,4.0,4.046642857142826,5.0,1.0,1.0,7.0,8.0,1.0,5.0,1.0,2.3333333333333335,A+
1.0,1711.037,0.0,1.0,1.0,2022-09-06 09:00:00,1.0,0.0,3653.0,0,0.0,1713.404,1.0,1711.332,1713.404,3.0,4.151214285714283,4.0,1.0,1.0,9.0,0.0,1.0,4.0,1.0,2.0,A+
1.0,1701.048,0.0,1.0,1.0,2022-09-06 16:00:00,1.0,0.0,4450.0,1,1.0,1704.338,1.0,1701.372,1703.011,4.0,4.57685714285716,5.0,1.0,1.0,16.0,0.0,0.0,5.0,0.0,2.3333333333333335,A+
2.0,1699.924,0.0,1.0,0.0,2022-09-06 23:00:00,0.0,0.0,2176.0,1,0.0,1703.837,0.0,1703.478,1700.463,0.0,3.91135714285716,2.0,1.0,2.0,23.0,1.0,0.0,2.0,0.0,2.0,A+
1.0,1715.4,0.0,3.0,1.0,2022-09-08 06:00:00,1.0,0.0,4147.0,1,0.0,1719.687,1.0,1719.568,1716.145,3.0,3.106999999999971,4.0,1.0,1.0,6.0,0.0,1.0,4.0,1.0,2.0,A+
1.0,1717.495,0.0,3.0,1.0,2022-09-08 07:00:00,1.0,0.0,5486.0,1,0.0,1722.778,0.0,1717.592,1719.565,3.0,3.0958571428571338,4.0,1.0,1.0,7.0,6.0,1.0,4.0,1.0,2.0,A+
1.0,1716.151,0.0,3.0,1.0,2022-09-08 08:00:00,1.0,0.0,4983.0,1,0.0,1719.519,0.0,1718.028,1717.611,3.0,2.972642857142838,4.0,1.0,1.0,8.0,5.0,1.0,4.0,1.0,2.0,A+
1.0,1719.199,0.0,3.0,1.0,2022-09-08 10:00:00,1.0,0.0,4093.0,1,0.0,1725.246,1.0,1723.531,1720.595,3.0,3.197571428571418,4.0,1.0,1.0,10.0,0.0,1.0,4.0,1.0,2.0,A+
1.0,1713.555,0.0,3.0,1.0,2022-09-08 12:00:00,1.0,0.0,12649.0,0,0.0,1726.585,0.0,1715.713,1723.759,3.0,4.203928571428572,4.0,1.0,1.0,12.0,8.0,1.0,4.0,1.0,2.0,A+
1.0,1709.623,0.0,3.0,1.0,2022-09-08 13:00:00,1.0,0.0,13562.0,0,0.0,1716.671,1.0,1711.408,1715.68,3.0,4.564714285714282,4.0,1.0,1.0,13.0,0.0,1.0,4.0,1.0,2.0,A+
1.0,1711.327,0.0,4.0,1.0,2022-09-09 13:00:00,1.0,0.0,8971.0,1,0.0,1719.556,0.0,1713.379,1718.743,3.0,4.411999999999986,4.0,1.0,1.0,13.0,0.0,1.0,4.0,1.0,2.0,A+
1.0,1712.274,0.0,4.0,1.0,2022-09-09 14:00:00,1.0,0.0,7041.0,1,0.0,1717.496,0.0,1714.449,1713.348,3.0,4.388285714285709,4.0,1.0,1.0,14.0,4.0,1.0,4.0,1.0,2.0,A+
1.0,1722.471,0.0,1.0,1.0,2022-09-13 07:00:00,1.0,0.0,4584.0,1,0.0,1725.324,0.0,1723.826,1722.952,3.0,2.9187857142857183,4.0,1.0,1.0,7.0,4.0,1.0,4.0,1.0,2.0,A+
1.0,1724.423,0.0,1.0,1.0,2022-09-13 10:00:00,1.0,0.0,3761.0,0,0.0,1728.422,0.0,1728.156,1726.801,3.0,2.914999999999996,4.0,1.0,1.0,10.0,3.0,1.0,4.0,1.0,2.0,A+
1.0,1659.457,0.0,0.0,1.0,2022-09-19 07:00:00,1.0,0.0,4429.0,1,0.0,1665.992,0.0,1662.702,1665.991,3.0,3.8614999999999617,4.0,1.0,1.0,7.0,0.0,0.0,4.0,0.0,2.0,A+
1.0,1660.935,0.0,0.0,1.0,2022-09-19 08:00:00,1.0,0.0,4149.0,1,0.0,1666.657,0.0,1662.573,1662.726,3.0,3.937999999999956,4.0,1.0,1.0,8.0,5.0,0.0,4.0,0.0,2.0,A+
1.0,1660.646,0.0,0.0,1.0,2022-09-19 11:00:00,1.0,0.0,4932.0,1,0.0,1666.042,1.0,1661.9,1665.041,3.0,3.868857142857093,4.0,1.0,1.0,11.0,0.0,0.0,4.0,0.0,2.0,A+
1.0,1662.214,0.0,0.0,1.0,2022-09-19 13:00:00,1.0,0.0,7694.0,1,0.0,1668.205,0.0,1664.623,1664.873,3.0,4.209999999999939,4.0,1.0,1.0,13.0,5.0,0.0,4.0,0.0,2.0,A+
1.0,1663.413,0.0,0.0,1.0,2022-09-19 14:00:00,1.0,0.0,7582.0,1,0.0,1673.023,0.0,1671.925,1664.592,3.0,4.692071428571353,4.0,1.0,1.0,14.0,1.0,0.0,4.0,0.0,2.0,A+
1.0,1670.553,0.0,0.0,1.0,2022-09-19 15:00:00,1.0,0.0,5523.0,1,0.0,1675.291,0.0,1670.616,1671.958,3.0,4.627642857142779,4.0,1.0,1.0,15.0,6.0,0.0,4.0,0.0,2.0,A+
2.0,1674.851,0.0,0.0,0.0,2022-09-19 23:00:00,0.0,0.0,1570.0,1,0.0,1675.878,1.0,1675.752,1675.499,0.0,3.783357142857101,2.0,1.0,2.0,23.0,1.0,0.0,2.0,0.0,2.0,A+
1.0,1659.739,0.0,1.0,1.0,2022-09-20 13:00:00,1.0,0.0,7606.0,1,0.0,1668.826,0.0,1665.091,1667.75,3.0,4.086357142857163,4.0,1.0,1.0,13.0,0.0,0.0,4.0,0.0,2.0,A+
1.0,1664.103,0.0,1.0,1.0,2022-09-20 15:00:00,1.0,0.0,4792.0,0,0.0,1666.838,0.0,1665.545,1665.283,3.0,4.1270000000000175,4.0,1.0,1.0,15.0,5.0,0.0,4.0,0.0,2.0,A+
1.0,1672.659,0.0,2.0,1.0,2022-09-21 12:00:00,1.0,0.0,5574.0,0,0.0,1676.267,0.0,1674.215,1675.138,3.0,3.584928571428577,4.0,1.0,1.0,12.0,2.0,0.0,4.0,0.0,2.0,A+
1.0,1642.565,0.0,0.0,1.0,2022-09-26 13:00:00,1.0,0.0,8669.0,0,0.0,1647.716,0.0,1646.253,1645.996,3.0,7.542571428571429,4.0,1.0,1.0,13.0,5.0,0.0,4.0,0.0,2.0,A+
1.0,1644.163,0.0,3.0,1.0,2022-09-29 09:00:00,1.0,0.0,6357.0,1,0.0,1651.158,0.0,1647.743,1644.163,3.0,4.387999999999985,4.0,1.0,1.0,9.0,7.0,1.0,4.0,1.0,2.0,A+
1.0,1647.761,0.0,3.0,1.0,2022-09-29 12:00:00,1.0,0.0,11271.0,1,1.0,1656.117,0.0,1649.386,1651.43,4.0,5.079,5.0,1.0,1.0,12.0,2.0,1.0,5.0,1.0,2.3333333333333335,A+
1.0,1649.417,0.0,3.0,1.0,2022-09-29 13:00:00,1.0,0.0,11774.0,1,0.0,1658.085,0.0,1653.23,1649.417,3.0,5.548071428571428,4.0,1.0,1.0,13.0,7.0,1.0,4.0,1.0,2.0,A+
1.0,1669.566,0.0,4.0,1.0,2022-09-30 08:00:00,1.0,0.0,6074.0,0,0.0,1674.056,1.0,1671.912,1673.098,3.0,3.606857142857117,4.0,0.0,1.0,8.0,0.0,1.0,4.0,1.0,2.0,A+
1.0,1664.801,0.0,4.0,1.0,2022-09-30 10:00:00,1.0,0.0,5868.0,1,0.0,1670.102,0.0,1665.808,1667.469,3.0,3.916071428571416,4.0,1.0,1.0,10.0,6.0,1.0,4.0,1.0,2.0,A+
1.0,1662.23,0.0,4.0,1.0,2022-09-30 12:00:00,1.0,0.0,12131.0,0,0.0,1669.46,0.0,1664.532,1663.293,3.0,4.344071428571413,4.0,1.0,1.0,12.0,4.0,1.0,4.0,1.0,2.0,A+
1.0,1661.706,0.0,0.0,1.0,2022-10-03 07:00:00,1.0,0.0,6651.0,1,0.0,1667.149,0.0,1663.732,1663.587,3.0,3.7770000000000272,4.0,1.0,1.0,7.0,5.0,1.0,4.0,1.0,2.0,A+
1.0,1661.082,0.0,0.0,1.0,2022-10-03 08:00:00,1.0,0.0,5488.0,1,0.0,1665.595,0.0,1663.017,1663.689,3.0,3.7460714285714567,4.0,1.0,1.0,8.0,8.0,1.0,4.0,1.0,2.0,A+
1.0,1697.434,0.0,1.0,1.0,2022-10-04 04:00:00,0.0,0.0,3846.0,1,1.0,1701.353,0.0,1699.703,1699.717,3.0,5.882642857142888,4.0,1.0,1.0,4.0,5.0,1.0,4.0,1.0,2.0,A+
1.0,1704.834,0.0,1.0,1.0,2022-10-04 07:00:00,1.0,0.0,7070.0,1,0.0,1710.488,1.0,1708.095,1706.001,3.0,4.561571428571467,4.0,0.0,1.0,7.0,0.0,1.0,4.0,1.0,2.0,A+
1.0,1700.399,0.0,1.0,1.0,2022-10-04 11:00:00,1.0,0.0,6482.0,1,0.0,1706.317,0.0,1705.833,1705.915,3.0,4.491428571428612,4.0,1.0,1.0,11.0,0.0,1.0,4.0,1.0,2.0,A+
1.0,1715.019,0.0,2.0,1.0,2022-10-05 07:00:00,1.0,0.0,6406.0,0,0.0,1724.844,0.0,1716.296,1724.34,3.0,4.193500000000021,4.0,1.0,1.0,7.0,2.0,1.0,4.0,1.0,2.0,A+
1.0,1710.844,0.0,3.0,1.0,2022-10-06 11:00:00,1.0,0.0,5538.0,1,0.0,1716.002,0.0,1714.887,1713.11,3.0,4.164857142857126,4.0,1.0,1.0,11.0,7.0,1.0,4.0,1.0,2.0,A+
1.0,1706.192,0.0,4.0,1.0,2022-10-07 10:00:00,1.0,0.0,4052.0,1,0.0,1713.014,0.0,1708.862,1712.728,3.0,3.556999999999984,4.0,1.0,1.0,10.0,2.0,1.0,4.0,1.0,2.0,A+
1.0,1707.223,0.0,4.0,1.0,2022-10-07 11:00:00,1.0,0.0,4344.0,0,0.0,1710.887,0.0,1709.188,1708.847,3.0,3.664999999999996,4.0,1.0,1.0,11.0,5.0,1.0,4.0,1.0,2.0,A+
1.0,1668.252,0.0,2.0,1.0,2022-10-12 06:00:00,1.0,0.0,5699.0,0,0.0,1675.218,0.0,1672.058,1669.617,3.0,4.614785714285729,4.0,1.0,1.0,6.0,0.0,0.0,4.0,0.0,2.0,A+
1.0,1666.604,0.0,2.0,1.0,2022-10-12 07:00:00,1.0,0.0,8426.0,1,0.0,1672.622,0.0,1668.944,1672.089,3.0,4.691142857142885,4.0,1.0,1.0,7.0,2.0,0.0,4.0,0.0,2.0,A+
1.0,1668.742,0.0,2.0,1.0,2022-10-12 08:00:00,1.0,0.0,5831.0,1,0.0,1673.289,0.0,1670.115,1668.913,3.0,4.741000000000018,4.0,1.0,1.0,8.0,4.0,0.0,4.0,0.0,2.0,A+
1.0,1664.727,0.0,2.0,1.0,2022-10-12 12:00:00,1.0,0.0,9385.0,1,0.0,1672.418,0.0,1671.593,1668.496,3.0,4.6796428571428805,4.0,1.0,1.0,12.0,0.0,0.0,4.0,0.0,2.0,A+
1.0,1666.987,0.0,3.0,1.0,2022-10-13 07:00:00,1.0,0.0,4419.0,1,0.0,1672.425,0.0,1672.278,1667.548,3.0,2.995071428571415,4.0,1.0,1.0,7.0,1.0,0.0,4.0,0.0,2.0,A+
1.0,1656.437,0.0,0.0,1.0,2022-10-24 00:00:00,1.0,0.0,9074.0,1,0.0,1663.306,0.0,1656.948,1661.219,3.0,7.769428571428599,4.0,1.0,1.0,0.0,8.0,1.0,4.0,1.0,2.0,A+
1.0,1646.648,0.0,0.0,1.0,2022-10-24 10:00:00,0.0,0.0,5132.0,1,1.0,1650.279,0.0,1648.908,1649.296,3.0,5.495642857142863,4.0,1.0,1.0,10.0,5.0,1.0,4.0,1.0,2.0,A+
1.0,1647.154,0.0,0.0,1.0,2022-10-24 11:00:00,0.0,0.0,6808.0,1,1.0,1652.252,0.0,1650.034,1648.89,3.0,5.568642857142858,4.0,1.0,1.0,11.0,1.0,1.0,4.0,1.0,2.0,A+
1.0,1644.7,0.0,0.0,1.0,2022-10-24 13:00:00,1.0,0.0,11185.0,1,1.0,1654.25,0.0,1651.341,1649.17,4.0,5.204357142857134,5.0,1.0,1.0,13.0,0.0,1.0,5.0,1.0,2.3333333333333335,A+
1.0,1649.768,0.0,2.0,1.0,2022-10-26 00:00:00,0.0,0.0,3910.0,1,1.0,1653.977,0.0,1650.346,1652.765,3.0,4.953785714285719,4.0,1.0,1.0,0.0,2.0,1.0,4.0,1.0,2.0,A+
1.0,1657.672,0.0,2.0,1.0,2022-10-26 06:00:00,1.0,0.0,4656.0,1,0.0,1665.245,1.0,1664.981,1658.624,3.0,3.45664285714286,4.0,0.0,1.0,6.0,0.0,1.0,4.0,1.0,2.0,A+
1.0,1669.227,0.0,2.0,1.0,2022-10-26 08:00:00,1.0,0.0,5771.0,0,0.0,1673.474,1.0,1672.971,1670.934,3.0,3.640999999999995,4.0,0.0,1.0,8.0,0.0,1.0,4.0,1.0,2.0,A+
1.0,1660.561,0.0,2.0,1.0,2022-10-26 12:00:00,1.0,0.0,7286.0,1,0.0,1669.669,0.0,1662.065,1668.195,3.0,4.697857142857109,4.0,1.0,1.0,12.0,0.0,1.0,4.0,1.0,2.0,A+
1.0,1664.422,0.0,2.0,1.0,2022-10-26 14:00:00,1.0,0.0,11037.0,1,0.0,1670.868,0.0,1666.654,1664.422,3.0,5.143285714285672,4.0,1.0,1.0,14.0,4.0,1.0,4.0,1.0,2.0,A+
1.0,1666.078,0.0,2.0,1.0,2022-10-26 15:00:00,1.0,0.0,6243.0,1,0.0,1672.607,0.0,1667.116,1666.646,3.0,5.278857142857094,4.0,1.0,1.0,15.0,0.0,1.0,4.0,1.0,2.0,A+
1.0,1662.331,0.0,3.0,1.0,2022-10-27 08:00:00,1.0,0.0,4826.0,0,0.0,1666.66,0.0,1663.39,1662.715,3.0,3.637214285714289,4.0,1.0,1.0,8.0,4.0,1.0,4.0,1.0,2.0,A+
1.0,1651.424,0.0,4.0,1.0,2022-10-28 07:00:00,1.0,0.0,6392.0,0,0.0,1657.655,1.0,1652.673,1656.97,3.0,3.717857142857172,4.0,1.0,1.0,7.0,0.0,1.0,4.0,1.0,2.0,A+
1.0,1646.282,0.0,4.0,1.0,2022-10-28 11:00:00,1.0,0.0,5212.0,1,1.0,1652.915,0.0,1650.372,1648.564,3.0,4.130142857142881,4.0,1.0,1.0,11.0,1.0,1.0,4.0,1.0,2.0,A+
1.0,1649.773,0.0,1.0,1.0,2022-11-01 13:00:00,1.0,0.0,8649.0,0,1.0,1655.575,0.0,1650.374,1653.886,4.0,4.50728571428577,5.0,1.0,1.0,13.0,8.0,0.0,5.0,0.0,2.3333333333333335,A+
1.0,1642.026,0.0,1.0,1.0,2022-11-01 14:00:00,1.0,0.0,13427.0,1,0.0,1650.406,0.0,1645.291,1650.406,3.0,4.851000000000048,4.0,1.0,1.0,14.0,0.0,0.0,4.0,0.0,2.0,A+
1.0,1648.809,0.0,2.0,1.0,2022-11-02 01:00:00,0.0,0.0,3897.0,1,1.0,1651.29,0.0,1650.004,1650.326,3.0,4.171285714285724,4.0,1.0,1.0,1.0,5.0,0.0,4.0,0.0,2.0,A+
1.0,1650.11,0.0,2.0,1.0,2022-11-02 05:00:00,0.0,0.0,3099.0,1,1.0,1652.674,0.0,1650.706,1650.143,3.0,3.3792857142857105,4.0,1.0,1.0,5.0,4.0,1.0,4.0,1.0,2.0,A+
2.0,1633.282,0.0,2.0,0.0,2022-11-02 22:00:00,0.0,0.0,2307.0,1,0.0,1637.102,1.0,1634.067,1634.885,0.0,6.178500000000034,2.0,1.0,2.0,22.0,6.0,0.0,2.0,0.0,2.0,A+
1.0,1675.971,0.0,0.0,1.0,2022-11-07 16:00:00,1.0,0.0,5489.0,0,0.0,1680.225,0.0,1678.581,1678.964,3.0,4.271357142857141,4.0,0.0,1.0,16.0,5.0,1.0,4.0,1.0,2.0,A+
1.0,1711.324,0.0,2.0,1.0,2022-11-09 08:00:00,1.0,0.0,6467.0,0,0.0,1715.772,0.0,1713.455,1711.652,3.0,3.2755000000000143,4.0,0.0,1.0,8.0,0.0,1.0,4.0,1.0,2.0,A+
1.0,1703.868,0.0,2.0,1.0,2022-11-09 10:00:00,1.0,0.0,5903.0,1,0.0,1708.949,0.0,1708.726,1707.935,3.0,3.2975714285714406,4.0,1.0,1.0,10.0,3.0,1.0,4.0,1.0,2.0,A+
1.0,1711.227,0.0,2.0,1.0,2022-11-09 16:00:00,1.0,0.0,6342.0,1,0.0,1714.36,0.0,1712.326,1711.539,3.0,4.825857142857136,4.0,1.0,1.0,16.0,4.0,1.0,4.0,1.0,2.0,A+
1.0,1755.462,0.0,4.0,1.0,2022-11-11 08:00:00,1.0,0.0,8005.0,0,0.0,1766.099,1.0,1765.352,1760.954,3.0,5.49828571428569,4.0,0.0,1.0,8.0,0.0,1.0,4.0,1.0,2.0,A+
1.0,1759.251,0.0,4.0,1.0,2022-11-11 13:00:00,1.0,0.0,8472.0,0,0.0,1766.046,1.0,1765.576,1761.266,3.0,6.42328571428571,4.0,0.0,1.0,13.0,0.0,1.0,4.0,1.0,2.0,A+
1.0,1774.903,0.0,1.0,1.0,2022-11-15 11:00:00,1.0,0.0,4815.0,0,0.0,1777.718,0.0,1776.819,1776.69,3.0,4.398428571428569,4.0,1.0,1.0,11.0,5.0,1.0,4.0,1.0,2.0,A+
1.0,1773.791,0.0,1.0,1.0,2022-11-15 12:00:00,1.0,0.0,4595.0,1,0.0,1777.254,0.0,1775.26,1776.861,3.0,4.547285714285716,4.0,1.0,1.0,12.0,2.0,1.0,4.0,1.0,2.0,A+
1.0,1768.195,0.0,1.0,1.0,2022-11-15 14:00:00,1.0,0.0,14151.0,1,0.0,1779.409,0.0,1772.032,1777.188,3.0,5.913285714285719,4.0,1.0,1.0,14.0,2.0,1.0,4.0,1.0,2.0,A+
1.0,1768.489,0.0,1.0,1.0,2022-11-15 16:00:00,1.0,0.0,7780.0,1,0.0,1774.982,0.0,1770.505,1771.108,3.0,6.138571428571416,4.0,1.0,1.0,16.0,5.0,1.0,4.0,1.0,2.0,A+
1.0,1772.927,0.0,2.0,1.0,2022-11-16 15:00:00,1.0,0.0,8574.0,0,0.0,1779.768,0.0,1779.604,1775.178,3.0,4.721642857142862,4.0,1.0,1.0,15.0,1.0,1.0,4.0,1.0,2.0,A+
1.0,1741.51,0.0,1.0,1.0,2022-11-22 15:00:00,1.0,0.0,5925.0,0,0.0,1744.623,0.0,1741.833,1742.858,3.0,3.492428571428523,4.0,1.0,1.0,15.0,6.0,0.0,4.0,0.0,2.0,A+
1.0,1734.374,0.0,2.0,1.0,2022-11-23 10:00:00,1.0,0.0,3790.0,1,0.0,1739.764,0.0,1737.095,1739.505,3.0,3.813785714285733,4.0,1.0,1.0,10.0,2.0,0.0,4.0,0.0,2.0,A+
1.0,1736.281,0.0,2.0,1.0,2022-11-23 12:00:00,1.0,0.0,3839.0,1,0.0,1739.586,0.0,1736.665,1739.476,3.0,3.9637142857142993,4.0,1.0,1.0,12.0,2.0,0.0,4.0,0.0,2.0,A+
1.0,1755.099,0.0,3.0,1.0,2022-11-24 13:00:00,1.0,0.0,4246.0,0,0.0,1757.649,1.0,1756.959,1757.333,3.0,2.837000000000021,4.0,1.0,1.0,13.0,0.0,1.0,4.0,1.0,2.0,A+
1.0,1755.404,0.0,3.0,1.0,2022-11-24 14:00:00,1.0,0.0,3814.0,1,0.0,1757.362,1.0,1756.093,1756.956,3.0,2.7792142857143096,4.0,1.0,1.0,14.0,0.0,1.0,4.0,1.0,2.0,A+
1.0,1754.484,0.0,4.0,1.0,2022-11-25 06:00:00,1.0,1.0,3289.0,0,0.0,1757.045,0.0,1756.911,1756.577,4.0,2.5377857142856977,5.0,1.0,1.0,6.0,3.0,1.0,5.0,1.0,2.3333333333333335,A+
1.0,1751.394,0.0,4.0,1.0,2022-11-25 07:00:00,1.0,1.0,4324.0,1,1.0,1756.959,1.0,1751.419,1756.88,5.0,2.7954285714285527,6.0,1.0,1.0,7.0,0.0,1.0,6.0,1.0,2.6666666666666665,A+
1.0,1750.019,0.0,4.0,1.0,2022-11-25 08:00:00,1.0,1.0,4919.0,1,1.0,1753.678,1.0,1752.366,1751.385,5.0,2.816214285714263,6.0,1.0,1.0,8.0,0.0,1.0,6.0,1.0,2.6666666666666665,A+
1.0,1749.224,0.0,4.0,1.0,2022-11-25 09:00:00,1.0,0.0,4915.0,1,1.0,1753.576,1.0,1750.863,1752.333,4.0,3.0404285714285573,5.0,1.0,1.0,9.0,0.0,1.0,5.0,1.0,2.3333333333333335,A+
1.0,1750.979,0.0,4.0,0.0,2022-11-25 11:00:00,1.0,0.0,3286.0,1,1.0,1753.905,1.0,1751.011,1752.481,3.0,3.2522857142857253,4.0,1.0,1.0,11.0,0.0,1.0,4.0,1.0,2.0,A+
1.0,1742.844,0.0,0.0,1.0,2022-11-28 15:00:00,1.0,0.0,7044.0,1,0.0,1750.152,1.0,1745.444,1748.311,3.0,4.999500000000012,4.0,1.0,1.0,15.0,0.0,1.0,4.0,1.0,2.0,A+
1.0,1741.807,0.0,0.0,1.0,2022-11-28 16:00:00,1.0,0.0,5591.0,0,0.0,1746.762,0.0,1745.055,1745.408,3.0,5.023428571428586,4.0,1.0,1.0,16.0,5.0,1.0,4.0,1.0,2.0,A+
1.0,1742.009,0.0,0.0,1.0,2022-11-28 17:00:00,1.0,0.0,5647.0,0,0.0,1745.615,1.0,1742.574,1745.081,3.0,5.140714285714288,4.0,1.0,1.0,17.0,0.0,1.0,4.0,1.0,2.0,A+
1.0,1754.429,0.0,2.0,1.0,2022-11-30 14:00:00,1.0,0.0,9685.0,0,0.0,1763.228,0.0,1757.002,1755.062,3.0,4.036642857142851,4.0,1.0,1.0,14.0,4.0,1.0,4.0,1.0,2.0,A+
1.0,1749.108,0.0,2.0,1.0,2022-11-30 15:00:00,1.0,0.0,8560.0,1,0.0,1757.075,0.0,1752.565,1756.978,3.0,4.332285714285717,4.0,1.0,1.0,15.0,8.0,1.0,4.0,1.0,2.0,A+
1.0,1750.397,0.0,2.0,1.0,2022-11-30 16:00:00,1.0,0.0,5143.0,1,1.0,1754.194,0.0,1752.085,1752.592,4.0,4.416142857142859,5.0,1.0,1.0,16.0,5.0,1.0,5.0,1.0,2.3333333333333335,A+
1.0,1789.11,0.0,3.0,1.0,2022-12-01 14:00:00,1.0,0.0,11586.0,1,1.0,1803.418,1.0,1801.647,1789.337,3.0,5.302999999999981,4.0,0.0,1.0,14.0,0.0,1.0,4.0,1.0,2.0,A+
2.0,1800.168,0.0,3.0,0.0,2022-12-01 19:00:00,0.0,0.0,3953.0,0,0.0,1803.323,1.0,1803.295,1801.313,0.0,5.844642857142828,2.0,0.0,2.0,19.0,1.0,1.0,2.0,1.0,2.0,A+
1.0,1797.076,0.0,4.0,1.0,2022-12-02 06:00:00,0.0,0.0,4059.0,0,1.0,1800.414,0.0,1798.899,1797.192,3.0,3.0836428571428605,4.0,1.0,1.0,6.0,7.0,1.0,4.0,1.0,2.0,A+
1.0,1797.134,0.0,4.0,1.0,2022-12-02 12:00:00,0.0,0.0,3596.0,0,1.0,1799.423,0.0,1799.282,1798.455,3.0,2.8879285714285743,4.0,1.0,1.0,12.0,3.0,1.0,4.0,1.0,2.0,A+
1.0,1771.858,0.0,1.0,1.0,2022-12-06 16:00:00,1.0,0.0,4932.0,0,0.0,1776.273,0.0,1771.951,1772.511,3.0,4.089785714285687,4.0,1.0,1.0,16.0,6.0,0.0,4.0,0.0,2.0,A+
1.0,1783.385,0.0,3.0,1.0,2022-12-08 12:00:00,1.0,0.0,3836.0,1,0.0,1786.941,0.0,1786.094,1783.657,3.0,2.942642857142833,4.0,1.0,1.0,12.0,1.0,1.0,4.0,1.0,2.0,A+
1.0,1785.598,0.0,3.0,1.0,2022-12-08 13:00:00,1.0,0.0,7462.0,1,0.0,1791.901,1.0,1789.449,1786.099,3.0,3.2508571428571225,4.0,1.0,1.0,13.0,0.0,1.0,4.0,1.0,2.0,A+
1.0,1789.776,0.0,4.0,1.0,2022-12-09 01:00:00,1.0,0.0,4312.0,0,0.0,1795.654,1.0,1794.197,1790.325,3.0,3.8562142857142914,4.0,1.0,1.0,1.0,0.0,1.0,4.0,1.0,2.0,A+
1.0,1793.561,0.0,4.0,1.0,2022-12-09 11:00:00,1.0,0.0,4250.0,1,1.0,1801.045,1.0,1800.377,1794.565,4.0,3.1970714285714457,5.0,1.0,1.0,11.0,0.0,1.0,5.0,1.0,2.3333333333333335,A+
1.0,1790.204,0.0,4.0,1.0,2022-12-09 13:00:00,1.0,0.0,13539.0,0,0.0,1805.55,0.0,1797.954,1800.591,3.0,4.285785714285729,4.0,1.0,1.0,13.0,2.0,1.0,4.0,1.0,2.0,A+
1.0,1806.179,0.0,1.0,1.0,2022-12-13 16:00:00,1.0,0.0,8343.0,1,0.0,1815.123,0.0,1808.825,1809.725,3.0,6.842214285714314,4.0,1.0,1.0,16.0,5.0,1.0,4.0,1.0,2.0,A+
1.0,1805.351,0.0,2.0,1.0,2022-12-14 13:00:00,1.0,0.0,5745.0,1,0.0,1809.635,0.0,1808.615,1805.381,3.0,3.085285714285696,4.0,1.0,1.0,13.0,1.0,1.0,4.0,1.0,2.0,A+
1.0,1808.345,0.0,2.0,1.0,2022-12-14 15:00:00,1.0,0.0,5817.0,0,0.0,1812.976,1.0,1811.898,1810.317,3.0,3.367499999999999,4.0,1.0,1.0,15.0,0.0,1.0,4.0,1.0,2.0,A+
1.0,1810.174,0.0,2.0,1.0,2022-12-14 16:00:00,1.0,0.0,4433.0,0,0.0,1812.286,1.0,1810.751,1811.926,3.0,3.376714285714278,4.0,1.0,1.0,16.0,0.0,1.0,4.0,1.0,2.0,A+
1.0,1788.831,0.0,0.0,1.0,2022-12-19 14:00:00,1.0,0.0,5669.0,0,0.0,1792.386,0.0,1792.386,1791.43,3.0,3.089214285714271,4.0,1.0,1.0,14.0,3.0,1.0,4.0,1.0,2.0,A+
1.0,1817.335,0.0,3.0,1.0,2022-12-22 01:00:00,1.0,0.0,4248.0,0,0.0,1819.838,0.0,1819.429,1818.635,3.0,3.2584285714285994,4.0,1.0,1.0,1.0,3.0,1.0,4.0,1.0,2.0,A+
1.0,1816.084,0.0,3.0,1.0,2022-12-22 08:00:00,1.0,0.0,4183.0,0,0.0,1819.565,0.0,1817.847,1816.908,3.0,2.8540000000000094,4.0,1.0,1.0,8.0,4.0,1.0,4.0,1.0,2.0,A+
1.0,1799.515,0.0,2.0,1.0,2022-12-28 09:00:00,1.0,0.0,4749.0,1,1.0,1803.538,1.0,1800.13,1803.233,4.0,3.3050714285714258,5.0,1.0,1.0,9.0,0.0,1.0,5.0,1.0,2.3333333333333335,A+
1.0,1797.98,0.0,2.0,1.0,2022-12-28 15:00:00,1.0,0.0,7789.0,1,0.0,1805.454,1.0,1797.98,1805.454,3.0,4.027214285714292,4.0,1.0,1.0,15.0,0.0,1.0,4.0,1.0,2.0,A+
1.0,1834.478,0.0,1.0,1.0,2023-01-03 08:00:00,1.0,1.0,8402.0,1,0.0,1847.972,0.0,1836.086,1847.494,3.0,5.677142857142826,4.0,1.0,1.0,8.0,2.0,1.0,4.0,1.0,2.0,A+
1.0,1827.552,0.0,1.0,1.0,2023-01-03 15:00:00,1.0,0.0,12161.0,1,0.0,1845.374,0.0,1833.189,1844.842,3.0,7.638785714285681,4.0,1.0,1.0,15.0,0.0,1.0,4.0,1.0,2.0,A+
1.0,1828.196,0.0,1.0,1.0,2023-01-03 16:00:00,1.0,0.0,7867.0,1,0.0,1834.286,0.0,1834.286,1833.171,3.0,7.260428571428553,4.0,1.0,1.0,16.0,3.0,1.0,4.0,1.0,2.0,A+
1.0,1847.417,0.0,2.0,1.0,2023-01-04 07:00:00,1.0,0.0,6224.0,1,0.0,1858.602,1.0,1858.272,1847.878,3.0,3.644071428571432,4.0,0.0,1.0,7.0,0.0,1.0,4.0,1.0,2.0,A+
1.0,1853.044,0.0,2.0,1.0,2023-01-04 12:00:00,1.0,0.0,5157.0,1,0.0,1860.374,0.0,1853.547,1860.137,3.0,4.49728571428573,4.0,1.0,1.0,12.0,2.0,1.0,4.0,1.0,2.0,A+
1.0,1850.121,0.0,2.0,1.0,2023-01-04 17:00:00,1.0,0.0,5505.0,1,1.0,1860.009,0.0,1850.449,1858.541,4.0,6.068999999999993,5.0,1.0,1.0,17.0,2.0,1.0,5.0,1.0,2.3333333333333335,A+
1.0,1850.644,0.0,3.0,1.0,2023-01-05 06:00:00,0.0,0.0,3617.0,0,1.0,1855.609,0.0,1850.758,1852.63,3.0,4.352999999999968,4.0,1.0,1.0,6.0,2.0,1.0,4.0,1.0,2.0,A+
1.0,1843.642,0.0,3.0,1.0,2023-01-05 08:00:00,1.0,0.0,7017.0,1,0.0,1850.37,1.0,1846.358,1849.305,3.0,4.336428571428526,4.0,1.0,1.0,8.0,0.0,1.0,4.0,1.0,2.0,A+
1.0,1847.466,0.0,3.0,1.0,2023-01-05 10:00:00,0.0,0.0,4165.0,0,1.0,1851.309,0.0,1848.969,1848.491,3.0,4.332785714285673,4.0,1.0,1.0,10.0,5.0,1.0,4.0,1.0,2.0,A+
1.0,1832.809,0.0,3.0,1.0,2023-01-05 13:00:00,1.0,0.0,13035.0,1,0.0,1848.312,1.0,1834.729,1845.363,3.0,5.2958571428570975,4.0,1.0,1.0,13.0,0.0,1.0,4.0,1.0,2.0,A+
1.0,1831.141,0.0,3.0,1.0,2023-01-05 14:00:00,1.0,0.0,10592.0,0,0.0,1837.832,0.0,1834.388,1834.698,3.0,5.607285714285679,4.0,1.0,1.0,14.0,5.0,1.0,4.0,1.0,2.0,A+
1.0,1872.733,0.0,0.0,1.0,2023-01-09 13:00:00,1.0,0.0,8184.0,0,0.0,1878.374,1.0,1878.164,1874.909,3.0,3.97199999999998,4.0,1.0,1.0,13.0,0.0,1.0,4.0,1.0,2.0,A+
1.0,1880.236,0.0,2.0,1.0,2023-01-11 07:00:00,1.0,0.0,4514.0,1,0.0,1883.691,0.0,1881.597,1880.646,3.0,3.372928571428539,4.0,1.0,1.0,7.0,4.0,1.0,4.0,1.0,2.0,A+
1.0,1880.925,0.0,2.0,1.0,2023-01-11 08:00:00,1.0,0.0,5312.0,1,0.0,1885.801,1.0,1883.917,1881.561,3.0,3.396214285714239,4.0,1.0,1.0,8.0,0.0,1.0,4.0,1.0,2.0,A+
1.0,1875.856,0.0,2.0,1.0,2023-01-11 13:00:00,1.0,0.0,6744.0,0,0.0,1880.228,0.0,1877.534,1877.217,3.0,4.142142857142842,4.0,1.0,1.0,13.0,5.0,1.0,4.0,1.0,2.0,A+
1.0,1898.852,0.0,4.0,1.0,2023-01-13 11:00:00,0.0,0.0,4789.0,1,1.0,1906.921,0.0,1899.542,1905.948,3.0,4.384857142857153,4.0,1.0,1.0,11.0,8.0,1.0,4.0,1.0,2.0,A+
1.0,1899.104,0.0,4.0,1.0,2023-01-13 14:00:00,1.0,0.0,9374.0,1,0.0,1912.098,1.0,1911.595,1899.995,3.0,5.642857142857126,4.0,1.0,1.0,14.0,0.0,1.0,4.0,1.0,2.0,A+
1.0,1906.506,0.0,4.0,1.0,2023-01-13 15:00:00,1.0,0.0,10002.0,1,0.0,1916.193,1.0,1913.666,1911.514,3.0,6.097214285714277,4.0,1.0,1.0,15.0,0.0,1.0,4.0,1.0,2.0,A+
1.0,1910.813,0.0,0.0,1.0,2023-01-16 08:00:00,1.0,0.0,4855.0,1,0.0,1917.067,0.0,1911.649,1917.067,3.0,4.570571428571384,4.0,1.0,1.0,8.0,0.0,1.0,4.0,1.0,2.0,A+
1.0,1912.523,0.0,0.0,1.0,2023-01-16 14:00:00,1.0,0.0,4192.0,1,0.0,1915.906,0.0,1915.308,1913.336,3.0,4.81935714285711,4.0,1.0,1.0,14.0,7.0,1.0,4.0,1.0,2.0,A+
1.0,1916.862,0.0,1.0,1.0,2023-01-17 00:00:00,0.0,1.0,2729.0,0,0.0,1918.996,0.0,1918.246,1917.882,3.0,3.0700000000000176,4.0,1.0,1.0,0.0,0.0,1.0,4.0,1.0,2.0,A+
1.0,1909.315,0.0,1.0,1.0,2023-01-17 02:00:00,1.0,1.0,4228.0,0,0.0,1916.231,1.0,1910.673,1913.023,4.0,3.092928571428599,5.0,1.0,1.0,2.0,0.0,1.0,5.0,1.0,2.3333333333333335,A+
1.0,1909.413,0.0,1.0,1.0,2023-01-17 03:00:00,0.0,1.0,3163.0,1,0.0,1911.322,1.0,1910.221,1910.641,3.0,3.0146428571428845,4.0,1.0,1.0,3.0,0.0,1.0,4.0,1.0,2.0,A+
1.0,1907.95,0.0,1.0,1.0,2023-01-17 04:00:00,0.0,1.0,2671.0,1,0.0,1911.871,0.0,1911.3,1910.229,3.0,3.028071428571447,4.0,1.0,1.0,4.0,3.0,1.0,4.0,1.0,2.0,A+
1.0,1909.061,0.0,1.0,1.0,2023-01-17 05:00:00,0.0,1.0,3072.0,0,0.0,1913.205,0.0,1911.022,1911.331,3.0,3.1405714285714503,4.0,1.0,1.0,5.0,5.0,1.0,4.0,1.0,2.0,A+
1.0,1906.949,0.0,1.0,1.0,2023-01-17 06:00:00,1.0,1.0,3642.0,1,0.0,1911.914,1.0,1907.2,1911.013,4.0,3.223285714285729,5.0,1.0,1.0,6.0,0.0,1.0,5.0,1.0,2.3333333333333335,A+
1.0,1901.547,0.0,2.0,1.0,2023-01-18 17:00:00,1.0,0.0,7079.0,1,0.0,1908.841,0.0,1905.245,1908.436,3.0,5.790357142857114,4.0,1.0,1.0,17.0,0.0,1.0,4.0,1.0,2.0,A+
1.0,1936.171,0.0,1.0,1.0,2023-01-24 12:00:00,1.0,0.0,3800.0,0,0.0,1939.386,0.0,1936.63,1937.201,3.0,3.4650714285714264,4.0,1.0,1.0,12.0,6.0,1.0,4.0,1.0,2.0,A+
1.0,1923.053,0.0,2.0,1.0,2023-01-25 11:00:00,1.0,0.0,4462.0,1,0.0,1926.992,0.0,1925.905,1925.53,3.0,4.242000000000027,4.0,1.0,1.0,11.0,5.0,1.0,4.0,1.0,2.0,A+
1.0,1921.719,0.0,2.0,1.0,2023-01-25 14:00:00,1.0,0.0,8966.0,1,0.0,1932.878,0.0,1930.699,1922.178,3.0,5.505285714285719,4.0,1.0,1.0,14.0,1.0,1.0,4.0,1.0,2.0,A+
1.0,1928.866,0.0,2.0,1.0,2023-01-25 15:00:00,1.0,0.0,11546.0,1,0.0,1938.501,0.0,1932.976,1930.729,3.0,6.028571428571435,4.0,1.0,1.0,15.0,4.0,1.0,4.0,1.0,2.0,A+
1.0,1937.316,0.0,2.0,1.0,2023-01-25 18:00:00,1.0,0.0,4884.0,1,0.0,1942.13,1.0,1940.02,1937.316,3.0,6.121928571428563,4.0,1.0,1.0,18.0,0.0,1.0,4.0,1.0,2.0,A+
1.0,1942.288,0.0,2.0,1.0,2023-01-25 20:00:00,1.0,0.0,5068.0,0,0.0,1947.922,1.0,1946.697,1942.349,3.0,6.035071428571412,4.0,1.0,1.0,20.0,0.0,1.0,4.0,1.0,2.0,A+
1.0,1926.536,0.0,2.0,1.0,2023-02-01 14:00:00,1.0,0.0,7551.0,1,0.0,1932.876,0.0,1927.804,1929.304,3.0,3.691999999999975,4.0,1.0,1.0,14.0,6.0,1.0,4.0,1.0,2.0,A+
1.0,1922.755,0.0,2.0,1.0,2023-02-01 15:00:00,1.0,0.0,10258.0,1,0.0,1932.231,1.0,1931.843,1927.869,3.0,4.142571428571403,4.0,1.0,1.0,15.0,0.0,1.0,4.0,1.0,2.0,A+
1.0,1921.159,0.0,3.0,1.0,2023-02-02 14:00:00,1.0,0.0,17465.0,1,0.0,1947.164,1.0,1921.42,1944.225,3.0,6.030428571428534,4.0,1.0,1.0,14.0,0.0,1.0,4.0,1.0,2.0,A+
1.0,1864.972,0.0,1.0,1.0,2023-02-07 18:00:00,1.0,0.0,21317.0,1,0.0,1882.703,0.0,1869.248,1880.591,3.0,7.015571428571418,4.0,1.0,1.0,18.0,0.0,0.0,4.0,0.0,2.0,A+
1.0,1872.502,0.0,3.0,1.0,2023-02-09 15:00:00,1.0,0.0,8788.0,0,0.0,1881.743,1.0,1874.158,1879.283,3.0,5.252714285714303,4.0,1.0,1.0,15.0,0.0,0.0,4.0,0.0,2.0,A+
1.0,1859.878,0.0,3.0,1.0,2023-02-09 19:00:00,1.0,0.0,7115.0,0,0.0,1869.564,1.0,1861.888,1866.284,3.0,7.127357142857169,4.0,1.0,1.0,19.0,0.0,0.0,4.0,0.0,2.0,A+
1.0,1862.166,0.0,0.0,1.0,2023-02-13 07:00:00,1.0,0.0,4688.0,0,0.0,1865.75,0.0,1863.868,1862.827,3.0,3.6370714285714354,4.0,1.0,1.0,7.0,4.0,0.0,4.0,0.0,2.0,A+
1.0,1860.003,0.0,0.0,1.0,2023-02-13 08:00:00,1.0,0.0,4883.0,0,0.0,1864.124,0.0,1862.415,1863.898,3.0,3.483214285714309,4.0,1.0,1.0,8.0,2.0,0.0,4.0,0.0,2.0,A+
1.0,1854.628,0.0,0.0,1.0,2023-02-13 09:00:00,1.0,0.0,4981.0,1,0.0,1862.442,1.0,1857.084,1862.44,3.0,3.8050000000000312,4.0,1.0,1.0,9.0,0.0,0.0,4.0,0.0,2.0,A+
1.0,1850.493,0.0,0.0,1.0,2023-02-13 16:00:00,1.0,0.0,5678.0,1,1.0,1855.888,1.0,1851.192,1855.169,3.0,4.758571428571486,4.0,1.0,1.0,16.0,0.0,0.0,4.0,0.0,2.0,A+
1.0,1840.461,0.0,1.0,1.0,2023-02-21 00:00:00,0.0,1.0,2204.0,0,0.0,1843.651,0.0,1841.54,1841.705,3.0,2.6077142857143047,4.0,1.0,1.0,0.0,5.0,0.0,4.0,0.0,2.0,A+
1.0,1837.083,0.0,1.0,1.0,2023-02-21 03:00:00,1.0,1.0,3145.0,0,0.0,1841.94,1.0,1838.407,1841.326,4.0,2.559857142857157,5.0,1.0,1.0,3.0,0.0,0.0,5.0,0.0,2.3333333333333335,A+
1.0,1833.525,0.0,1.0,1.0,2023-02-21 07:00:00,1.0,1.0,5160.0,0,0.0,1838.755,1.0,1834.777,1838.678,4.0,2.591714285714293,5.0,1.0,1.0,7.0,0.0,0.0,5.0,0.0,2.3333333333333335,A+
1.0,1835.068,0.0,2.0,1.0,2023-02-22 13:00:00,1.0,0.0,5643.0,0,0.0,1841.769,0.0,1838.591,1841.543,3.0,3.9960000000000298,4.0,1.0,1.0,13.0,2.0,0.0,4.0,0.0,2.0,A+
1.0,1831.712,0.0,2.0,1.0,2023-02-22 15:00:00,1.0,0.0,6997.0,1,0.0,1838.335,0.0,1836.029,1835.875,3.0,4.413071428571454,4.0,1.0,1.0,15.0,5.0,0.0,4.0,0.0,2.0,A+
2.0,1824.569,0.0,2.0,0.0,2023-02-22 21:00:00,0.0,0.0,1899.0,1,0.0,1826.536,1.0,1825.236,1824.677,0.0,5.314500000000002,2.0,1.0,2.0,21.0,1.0,0.0,2.0,0.0,2.0,A+
1.0,1812.583,0.0,0.0,1.0,2023-02-27 16:00:00,1.0,0.0,4800.0,1,0.0,1817.13,0.0,1816.907,1815.373,3.0,4.020857142857137,4.0,1.0,1.0,16.0,3.0,0.0,4.0,0.0,2.0,A+
2.0,1816.457,0.0,1.0,0.0,2023-02-28 02:00:00,0.0,0.0,2859.0,0,0.0,1819.356,1.0,1817.786,1817.28,0.0,3.2218571428570937,2.0,1.0,2.0,2.0,0.0,0.0,2.0,0.0,2.0,A+
1.0,1830.97,0.0,2.0,1.0,2023-03-01 06:00:00,1.0,0.0,4251.0,1,0.0,1836.724,1.0,1834.734,1831.108,3.0,3.2122857142857453,4.0,1.0,1.0,6.0,0.0,1.0,4.0,1.0,2.0,A+
1.0,1832.425,0.0,2.0,1.0,2023-03-01 08:00:00,1.0,0.0,4883.0,1,0.0,1835.862,1.0,1835.773,1835.524,3.0,3.142928571428602,4.0,1.0,1.0,8.0,0.0,1.0,4.0,1.0,2.0,A+
1.0,1830.37,0.0,2.0,1.0,2023-03-01 09:00:00,1.0,0.0,4530.0,1,0.0,1837.773,0.0,1831.721,1835.832,3.0,3.4746428571428885,4.0,1.0,1.0,9.0,2.0,1.0,4.0,1.0,2.0,A+
1.0,1834.43,0.0,2.0,1.0,2023-03-01 12:00:00,1.0,0.0,4642.0,0,0.0,1840.535,1.0,1840.535,1835.279,3.0,4.017785714285765,4.0,1.0,1.0,12.0,0.0,1.0,4.0,1.0,2.0,A+
1.0,1843.796,0.0,4.0,1.0,2023-03-03 16:00:00,1.0,0.0,5391.0,0,0.0,1848.251,1.0,1847.733,1844.619,3.0,3.541285714285696,4.0,1.0,1.0,16.0,0.0,1.0,4.0,1.0,2.0,A+
1.0,1845.703,0.0,4.0,1.0,2023-03-03 17:00:00,1.0,0.0,4392.0,1,0.0,1848.122,1.0,1847.305,1847.735,3.0,3.580571428571424,4.0,1.0,1.0,17.0,0.0,1.0,4.0,1.0,2.0,A+
1.0,1852.457,0.0,0.0,1.0,2023-03-06 08:00:00,1.0,0.0,4542.0,0,0.0,1857.092,0.0,1853.418,1856.195,3.0,3.228928571428599,4.0,1.0,1.0,8.0,8.0,1.0,4.0,1.0,2.0,A+
1.0,1847.207,0.0,0.0,1.0,2023-03-06 11:00:00,1.0,0.0,3958.0,1,0.0,1850.869,0.0,1848.452,1850.114,3.0,3.174357142857145,4.0,1.0,1.0,11.0,0.0,1.0,4.0,1.0,2.0,A+
1.0,1850.538,0.0,0.0,1.0,2023-03-06 14:00:00,1.0,0.0,6215.0,1,0.0,1853.807,0.0,1851.822,1851.5,3.0,3.414142857142857,4.0,1.0,1.0,14.0,5.0,1.0,4.0,1.0,2.0,A+
1.0,1849.276,0.0,0.0,1.0,2023-03-06 15:00:00,1.0,0.0,7029.0,1,1.0,1853.923,0.0,1850.982,1851.815,4.0,3.536499999999997,5.0,1.0,1.0,15.0,0.0,1.0,5.0,1.0,2.3333333333333335,A+
1.0,1848.387,0.0,0.0,0.0,2023-03-06 17:00:00,1.0,0.0,3954.0,0,1.0,1852.756,0.0,1850.315,1851.609,3.0,3.631428571428582,4.0,1.0,1.0,17.0,8.0,1.0,4.0,1.0,2.0,A+
1.0,1846.41,0.0,0.0,1.0,2023-03-06 18:00:00,1.0,0.0,3999.0,0,0.0,1850.362,1.0,1847.051,1850.338,3.0,3.7371428571428527,4.0,1.0,1.0,18.0,0.0,1.0,4.0,1.0,2.0,A+
1.0,1825.492,0.0,3.0,1.0,2023-03-09 17:00:00,1.0,0.0,4939.0,1,0.0,1829.458,0.0,1829.296,1825.931,3.0,4.092428571428611,4.0,1.0,1.0,17.0,1.0,0.0,4.0,0.0,2.0,A+
1.0,1828.191,0.0,3.0,1.0,2023-03-09 18:00:00,1.0,0.0,6173.0,0,0.0,1834.998,1.0,1834.966,1829.265,3.0,4.44857142857146,4.0,1.0,1.0,18.0,0.0,0.0,4.0,0.0,2.0,A+
1.0,1828.954,0.0,3.0,1.0,2023-03-09 20:00:00,1.0,0.0,5101.0,1,0.0,1831.645,0.0,1830.528,1830.545,3.0,4.6362142857142965,4.0,1.0,1.0,20.0,5.0,0.0,4.0,0.0,2.0,A+
1.0,1832.252,0.0,4.0,1.0,2023-03-10 08:00:00,1.0,0.0,5781.0,0,0.0,1837.046,1.0,1835.089,1833.548,3.0,3.461857142857152,4.0,1.0,1.0,8.0,0.0,1.0,4.0,1.0,2.0,A+
1.0,1833.727,0.0,4.0,1.0,2023-03-10 12:00:00,1.0,0.0,4365.0,1,0.0,1837.277,1.0,1836.652,1834.941,3.0,3.582285714285701,4.0,1.0,1.0,12.0,0.0,1.0,4.0,1.0,2.0,A+
1.0,1875.749,0.0,6.0,1.0,2023-03-12 23:00:00,1.0,0.0,9751.0,1,0.0,1889.369,0.0,1877.746,1883.928,3.0,9.658214285714264,4.0,1.0,1.0,23.0,2.0,1.0,4.0,1.0,2.0,A+
1.0,1880.891,0.0,0.0,1.0,2023-03-13 11:00:00,1.0,0.0,9285.0,1,0.0,1891.854,0.0,1889.662,1884.198,3.0,9.79121428571427,4.0,0.0,1.0,11.0,1.0,1.0,4.0,1.0,2.0,A+
1.0,1921.716,0.0,2.0,1.0,2023-03-15 17:00:00,1.0,0.0,11892.0,0,0.0,1937.052,0.0,1924.344,1933.527,3.0,9.572500000000009,4.0,0.0,1.0,17.0,8.0,1.0,4.0,1.0,2.0,A+
1.0,1919.61,0.0,3.0,1.0,2023-03-16 14:00:00,1.0,0.0,17083.0,1,0.0,1932.358,0.0,1922.535,1923.764,3.0,6.403000000000004,4.0,0.0,1.0,14.0,5.0,1.0,4.0,1.0,2.0,A+
1.0,1913.335,0.0,3.0,1.0,2023-03-16 15:00:00,1.0,0.0,15745.0,1,0.0,1924.243,0.0,1918.692,1922.505,3.0,6.61364285714285,4.0,0.0,1.0,15.0,0.0,1.0,4.0,1.0,2.0,A+
1.0,1914.565,0.0,3.0,1.0,2023-03-16 17:00:00,1.0,0.0,8013.0,1,0.0,1919.814,0.0,1916.259,1914.861,3.0,6.942714285714276,4.0,0.0,1.0,17.0,4.0,1.0,4.0,1.0,2.0,A+
1.0,1944.352,0.0,4.0,1.0,2023-03-17 13:00:00,1.0,0.0,13065.0,1,1.0,1952.156,1.0,1950.699,1944.936,3.0,5.392357142857122,4.0,0.0,1.0,13.0,0.0,1.0,4.0,1.0,2.0,A+
1.0,1981.862,0.0,0.0,1.0,2023-03-20 06:00:00,1.0,0.0,11545.0,0,0.0,1993.065,0.0,1988.606,1988.108,3.0,9.068571428571415,4.0,0.0,1.0,6.0,5.0,1.0,4.0,1.0,2.0,A+
1.0,1972.45,0.0,0.0,1.0,2023-03-20 12:00:00,1.0,0.0,12247.0,1,0.0,1986.561,0.0,1974.487,1983.812,3.0,9.631071428571383,4.0,1.0,1.0,12.0,2.0,1.0,4.0,1.0,2.0,A+
1.0,1974.477,0.0,0.0,1.0,2023-03-20 13:00:00,1.0,0.0,17899.0,1,0.0,1984.82,0.0,1977.925,1974.477,3.0,10.109285714285647,4.0,0.0,1.0,13.0,4.0,1.0,4.0,1.0,2.0,A+
1.0,1970.255,0.0,1.0,1.0,2023-03-21 07:00:00,1.0,0.0,7881.0,0,0.0,1978.746,0.0,1970.316,1973.265,3.0,5.15264285714287,4.0,1.0,1.0,7.0,6.0,1.0,4.0,1.0,2.0,A+
1.0,1966.514,0.0,3.0,1.0,2023-03-23 12:00:00,1.0,0.0,8627.0,1,0.0,1980.337,0.0,1971.93,1978.407,3.0,5.733571428571428,4.0,1.0,1.0,12.0,0.0,1.0,4.0,1.0,2.0,A+
1.0,1971.392,0.0,3.0,1.0,2023-03-23 13:00:00,1.0,0.0,11014.0,1,0.0,1984.998,1.0,1984.061,1971.961,3.0,6.376571428571424,4.0,1.0,1.0,13.0,0.0,1.0,4.0,1.0,2.0,A+
1.0,1982.717,0.0,3.0,1.0,2023-03-23 16:00:00,1.0,0.0,7980.0,1,0.0,1995.147,1.0,1994.198,1984.038,3.0,7.032999999999967,4.0,0.0,1.0,16.0,0.0,1.0,4.0,1.0,2.0,A+
1.0,1990.752,0.0,3.0,1.0,2023-03-23 17:00:00,1.0,0.0,7864.0,0,1.0,1999.671,1.0,1999.546,1994.164,3.0,7.363571428571406,4.0,0.0,1.0,17.0,0.0,1.0,4.0,1.0,2.0,A+
1.0,1990.683,0.0,4.0,1.0,2023-03-24 11:00:00,1.0,0.0,7129.0,1,0.0,1996.024,0.0,1995.789,1993.749,3.0,5.170571428571391,4.0,1.0,1.0,11.0,3.0,1.0,4.0,1.0,2.0,A+
1.0,1993.131,0.0,4.0,1.0,2023-03-24 12:00:00,1.0,0.0,11459.0,1,1.0,2002.989,0.0,1998.86,1995.748,4.0,5.6048571428571,5.0,0.0,1.0,12.0,0.0,1.0,5.0,1.0,2.3333333333333335,A+
1.0,1988.482,0.0,4.0,1.0,2023-03-24 13:00:00,1.0,0.0,18650.0,1,0.0,2001.815,0.0,1989.534,1998.891,3.0,6.375428571428529,4.0,1.0,1.0,13.0,2.0,1.0,4.0,1.0,2.0,A+
1.0,1987.097,0.0,4.0,1.0,2023-03-24 15:00:00,1.0,0.0,10384.0,1,0.0,1995.698,0.0,1987.25,1994.402,3.0,7.205785714285672,4.0,1.0,1.0,15.0,8.0,1.0,4.0,1.0,2.0,A+
1.0,1983.557,0.0,4.0,1.0,2023-03-24 16:00:00,1.0,0.0,9475.0,0,0.0,1990.57,0.0,1986.856,1987.276,3.0,7.493214285714235,4.0,1.0,1.0,16.0,5.0,1.0,4.0,1.0,2.0,A+
1.0,1953.173,0.0,1.0,1.0,2023-03-28 06:00:00,1.0,0.0,5174.0,0,0.0,1959.511,0.0,1954.959,1959.511,3.0,3.4743571428570994,4.0,1.0,1.0,6.0,2.0,0.0,4.0,0.0,2.0,A+
1.0,1956.944,0.0,1.0,1.0,2023-03-28 12:00:00,1.0,0.0,8128.0,1,0.0,1967.207,1.0,1965.22,1956.989,3.0,4.319928571428542,4.0,1.0,1.0,12.0,0.0,0.0,4.0,0.0,2.0,A+
1.0,1958.952,0.0,1.0,1.0,2023-03-28 14:00:00,1.0,0.0,7896.0,0,0.0,1969.892,1.0,1969.102,1963.318,3.0,5.178642857142823,4.0,1.0,1.0,14.0,0.0,0.0,4.0,0.0,2.0,A+
1.0,1968.836,0.0,1.0,1.0,2023-03-28 17:00:00,1.0,0.0,5628.0,0,0.0,1975.109,1.0,1974.558,1968.975,3.0,5.412571428571384,4.0,1.0,1.0,17.0,0.0,0.0,4.0,0.0,2.0,A+
1.0,1963.213,0.0,2.0,1.0,2023-03-29 11:00:00,1.0,0.0,4025.0,1,0.0,1968.497,0.0,1966.687,1967.83,3.0,3.651214285714283,4.0,1.0,1.0,11.0,2.0,1.0,4.0,1.0,2.0,A+
1.0,1961.008,0.0,2.0,1.0,2023-03-29 13:00:00,1.0,0.0,7313.0,1,0.0,1968.108,0.0,1965.639,1964.865,3.0,4.306714285714293,4.0,1.0,1.0,13.0,5.0,0.0,4.0,0.0,2.0,A+
1.0,1962.998,0.0,2.0,1.0,2023-03-29 14:00:00,1.0,0.0,7435.0,0,0.0,1971.684,0.0,1969.142,1965.607,3.0,4.720785714285706,4.0,1.0,1.0,14.0,0.0,1.0,4.0,1.0,2.0,A+
1.0,1960.571,0.0,2.0,1.0,2023-03-29 15:00:00,1.0,0.0,6324.0,1,0.0,1969.368,0.0,1961.812,1969.111,3.0,4.991928571428567,4.0,1.0,1.0,15.0,0.0,0.0,4.0,0.0,2.0,A+
1.0,1979.096,0.0,4.0,1.0,2023-03-31 01:00:00,1.0,0.0,4705.0,0,0.0,1983.578,1.0,1982.355,1979.614,3.0,4.347357142857147,4.0,1.0,1.0,1.0,0.0,1.0,4.0,1.0,2.0,A+
1.0,1974.804,0.0,4.0,1.0,2023-03-31 07:00:00,1.0,0.0,5370.0,1,0.0,1984.169,0.0,1975.261,1984.169,3.0,3.289428571428565,4.0,1.0,1.0,7.0,8.0,1.0,4.0,1.0,2.0,A+
1.0,1974.764,0.0,4.0,1.0,2023-03-31 13:00:00,1.0,0.0,9260.0,1,0.0,1984.047,0.0,1979.634,1979.545,3.0,4.872928571428572,4.0,1.0,1.0,13.0,5.0,1.0,4.0,1.0,2.0,A+
1.0,1974.833,0.0,4.0,1.0,2023-03-31 15:00:00,1.0,0.0,6558.0,0,0.0,1981.04,0.0,1979.658,1977.911,3.0,5.255999999999988,4.0,1.0,1.0,15.0,3.0,1.0,4.0,1.0,2.0,A+
1.0,1966.806,0.0,4.0,1.0,2023-03-31 17:00:00,1.0,0.0,6298.0,1,0.0,1977.178,1.0,1967.34,1977.107,3.0,6.061999999999996,4.0,1.0,1.0,17.0,0.0,1.0,4.0,1.0,2.0,A+
1.0,1981.44,0.0,1.0,1.0,2023-04-04 12:00:00,1.0,0.0,6337.0,1,0.0,1985.627,0.0,1983.604,1981.987,3.0,3.7174285714285458,4.0,1.0,1.0,12.0,7.0,1.0,4.0,1.0,2.0,A+
1.0,2009.719,0.0,2.0,1.0,2023-04-05 14:00:00,1.0,0.0,18962.0,1,0.0,2031.192,0.0,2018.765,2022.654,3.0,5.646285714285698,4.0,1.0,1.0,14.0,0.0,1.0,4.0,1.0,2.0,A+
1.0,2019.618,0.0,2.0,1.0,2023-04-05 16:00:00,1.0,0.0,6269.0,0,0.0,2023.895,0.0,2021.319,2021.674,3.0,5.918000000000006,4.0,0.0,1.0,16.0,5.0,1.0,4.0,1.0,2.0,A+
1.0,2003.922,0.0,2.0,1.0,2023-04-12 01:00:00,1.0,0.0,4845.0,1,0.0,2014.814,1.0,2014.494,2005.418,3.0,4.027214285714259,4.0,1.0,1.0,1.0,0.0,1.0,4.0,1.0,2.0,A+
1.0,2000.847,0.0,2.0,1.0,2023-04-12 13:00:00,1.0,0.0,17890.0,1,0.0,2023.796,0.0,2007.764,2022.246,3.0,7.074428571428533,4.0,1.0,1.0,13.0,0.0,1.0,4.0,1.0,2.0,A+
1.0,2003.068,0.0,2.0,1.0,2023-04-12 14:00:00,1.0,0.0,11491.0,1,0.0,2013.086,0.0,2006.917,2007.795,3.0,7.682928571428533,4.0,1.0,1.0,14.0,5.0,1.0,4.0,1.0,2.0,A+
1.0,2005.607,0.0,2.0,1.0,2023-04-12 15:00:00,1.0,0.0,6436.0,1,0.0,2009.433,0.0,2005.779,2006.949,3.0,7.178214285714246,4.0,1.0,1.0,15.0,6.0,1.0,4.0,1.0,2.0,A+
1.0,1997.654,0.0,4.0,1.0,2023-04-14 14:00:00,1.0,0.0,17606.0,1,1.0,2023.24,1.0,1998.433,2023.24,3.0,7.640928571428552,4.0,1.0,1.0,14.0,0.0,1.0,4.0,1.0,2.0,A+
1.0,2002.283,0.0,3.0,1.0,2023-04-20 16:00:00,1.0,0.0,5007.0,1,0.0,2006.955,0.0,2005.795,2002.58,3.0,5.771999999999983,4.0,1.0,1.0,16.0,7.0,0.0,4.0,0.0,2.0,A+
1.0,1995.279,0.0,1.0,1.0,2023-04-25 01:00:00,1.0,0.0,6111.0,1,0.0,2000.589,0.0,1997.151,1996.846,3.0,4.826928571428572,4.0,1.0,1.0,1.0,5.0,0.0,4.0,0.0,2.0,A+
1.0,1986.965,0.0,1.0,1.0,2023-04-25 09:00:00,1.0,0.0,4809.0,0,0.0,1990.869,0.0,1988.092,1988.501,3.0,4.521000000000007,4.0,1.0,1.0,9.0,5.0,0.0,4.0,0.0,2.0,A+
1.0,1976.067,0.0,1.0,1.0,2023-04-25 12:00:00,1.0,0.0,10074.0,0,0.0,1994.512,0.0,1992.961,1977.576,3.0,6.165999999999989,4.0,1.0,1.0,12.0,0.0,0.0,4.0,0.0,2.0,A+
1.0,1983.291,0.0,1.0,1.0,2023-04-25 14:00:00,1.0,0.0,9749.0,1,0.0,1989.203,0.0,1985.825,1985.129,3.0,6.37928571428571,4.0,1.0,1.0,14.0,5.0,0.0,4.0,0.0,2.0,A+
1.0,1989.889,0.0,1.0,1.0,2023-04-25 17:00:00,1.0,0.0,8096.0,0,1.0,1999.625,1.0,1998.995,1990.595,4.0,6.760428571428569,5.0,1.0,1.0,17.0,0.0,0.0,5.0,0.0,2.3333333333333335,A+
1.0,1995.694,0.0,2.0,1.0,2023-04-26 01:00:00,1.0,0.0,6330.0,1,1.0,1999.537,0.0,1998.983,1997.717,4.0,6.511785714285712,5.0,1.0,1.0,1.0,3.0,1.0,5.0,1.0,2.3333333333333335,A+
1.0,1996.619,0.0,2.0,1.0,2023-04-26 02:00:00,0.0,0.0,4465.0,0,1.0,2000.815,0.0,1998.529,1998.993,3.0,6.375428571428594,4.0,1.0,1.0,2.0,5.0,1.0,4.0,1.0,2.0,A+
1.0,1995.151,0.0,2.0,1.0,2023-04-26 07:00:00,0.0,0.0,5483.0,1,1.0,1999.262,0.0,1997.888,1998.265,3.0,4.69178571428571,4.0,1.0,1.0,7.0,5.0,1.0,4.0,1.0,2.0,A+
1.0,1991.415,0.0,2.0,1.0,2023-04-26 15:00:00,1.0,0.0,7564.0,0,0.0,1999.513,1.0,1991.446,1998.513,3.0,5.306499999999963,4.0,1.0,1.0,15.0,0.0,1.0,4.0,1.0,2.0,A+
1.0,1985.468,0.0,2.0,1.0,2023-04-26 16:00:00,1.0,0.0,8178.0,1,0.0,1992.427,1.0,1986.583,1991.469,3.0,5.503857142857084,4.0,1.0,1.0,16.0,0.0,1.0,4.0,1.0,2.0,A+
1.0,1986.897,0.0,0.0,1.0,2023-05-01 11:00:00,1.0,0.0,4357.0,1,0.0,1989.936,0.0,1988.945,1988.552,3.0,3.655857142857128,4.0,1.0,1.0,11.0,5.0,0.0,4.0,0.0,2.0,A+
1.0,1988.24,0.0,0.0,1.0,2023-05-01 12:00:00,1.0,0.0,12419.0,0,0.0,2005.276,1.0,2003.958,1988.947,3.0,4.629928571428569,4.0,1.0,1.0,12.0,0.0,0.0,4.0,0.0,2.0,A+
1.0,2007.647,0.0,2.0,1.0,2023-05-03 12:00:00,1.0,0.0,8666.0,1,0.0,2016.255,0.0,2013.628,2015.849,3.0,3.1015714285714955,4.0,1.0,1.0,12.0,0.0,1.0,4.0,1.0,2.0,A+
1.0,2011.77,0.0,2.0,1.0,2023-05-03 14:00:00,1.0,0.0,10858.0,1,0.0,2021.952,1.0,2021.205,2013.633,3.0,4.125785714285777,4.0,1.0,1.0,14.0,0.0,1.0,4.0,1.0,2.0,A+
1.0,2022.815,0.0,2.0,1.0,2023-05-03 16:00:00,1.0,0.0,4608.0,1,0.0,2025.245,1.0,2024.028,2023.492,3.0,4.461857142857184,4.0,1.0,1.0,16.0,0.0,1.0,4.0,1.0,2.0,A+
1.0,2016.941,0.0,2.0,1.0,2023-05-03 18:00:00,1.0,0.0,26610.0,1,0.0,2035.924,0.0,2022.908,2023.416,3.0,5.889857142857165,4.0,1.0,1.0,18.0,5.0,1.0,4.0,1.0,2.0,A+
1.0,2043.588,0.0,3.0,1.0,2023-05-04 01:00:00,1.0,0.0,9456.0,1,0.0,2054.892,0.0,2044.513,2054.364,3.0,11.048000000000018,4.0,1.0,1.0,1.0,8.0,1.0,4.0,1.0,2.0,A+
1.0,2032.038,0.0,3.0,1.0,2023-05-04 13:00:00,1.0,0.0,14215.0,1,0.0,2045.415,0.0,2044.323,2036.862,3.0,6.7365714285714215,4.0,1.0,1.0,13.0,1.0,1.0,4.0,1.0,2.0,A+
1.0,2042.92,0.0,3.0,1.0,2023-05-04 14:00:00,1.0,0.0,24182.0,0,0.0,2059.537,0.0,2055.229,2044.287,3.0,7.54978571428569,4.0,0.0,1.0,14.0,0.0,1.0,4.0,1.0,2.0,A+
1.0,2047.239,0.0,3.0,1.0,2023-05-04 16:00:00,1.0,0.0,8501.0,0,1.0,2054.057,0.0,2050.78,2050.971,4.0,7.55371428571425,5.0,0.0,1.0,16.0,5.0,1.0,5.0,1.0,2.3333333333333335,A+
1.0,2022.83,0.0,1.0,1.0,2023-05-09 13:00:00,1.0,0.0,8246.0,0,0.0,2030.499,1.0,2030.277,2026.929,3.0,3.721785714285716,4.0,1.0,1.0,13.0,0.0,1.0,4.0,1.0,2.0,A+
1.0,2024.391,0.0,1.0,1.0,2023-05-09 15:00:00,1.0,0.0,4957.0,1,0.0,2027.561,0.0,2026.877,2025.973,3.0,3.822999999999962,4.0,1.0,1.0,15.0,3.0,1.0,4.0,1.0,2.0,A+
1.0,2026.835,0.0,1.0,1.0,2023-05-09 16:00:00,1.0,0.0,5601.0,1,0.0,2032.586,1.0,2030.955,2026.912,3.0,4.066785714285662,4.0,1.0,1.0,16.0,0.0,1.0,4.0,1.0,2.0,A+
1.0,2010.063,0.0,4.0,1.0,2023-05-12 14:00:00,1.0,0.0,12767.0,1,0.0,2021.469,0.0,2011.201,2020.074,3.0,5.716642857142866,4.0,1.0,1.0,14.0,2.0,0.0,4.0,0.0,2.0,A+
1.0,2012.451,0.0,1.0,1.0,2023-05-16 05:00:00,1.0,0.0,3553.0,0,0.0,2017.682,1.0,2012.749,2016.143,3.0,2.6395714285713927,4.0,1.0,1.0,5.0,0.0,0.0,4.0,0.0,2.0,A+
1.0,1968.69,0.0,0.0,1.0,2023-05-22 14:00:00,1.0,0.0,11484.0,1,0.0,1978.491,0.0,1973.277,1971.525,3.0,4.9400714285714,4.0,1.0,1.0,14.0,0.0,0.0,4.0,0.0,2.0,A+
1.0,1974.006,0.0,0.0,1.0,2023-05-22 17:00:00,1.0,0.0,4919.0,0,0.0,1978.87,0.0,1974.94,1974.52,3.0,5.033999999999959,4.0,1.0,1.0,17.0,0.0,0.0,4.0,0.0,2.0,A+
1.0,1960.253,0.0,1.0,1.0,2023-05-23 01:00:00,1.0,0.0,6222.0,1,0.0,1968.522,1.0,1960.345,1967.243,3.0,4.627857142857124,4.0,1.0,1.0,1.0,0.0,0.0,4.0,0.0,2.0,A+
1.0,1959.493,0.0,1.0,1.0,2023-05-23 06:00:00,1.0,0.0,4850.0,0,0.0,1964.548,1.0,1962.366,1961.039,3.0,3.5935714285714573,4.0,1.0,1.0,6.0,0.0,0.0,4.0,0.0,2.0,A+
1.0,1955.443,0.0,1.0,1.0,2023-05-23 07:00:00,1.0,0.0,5731.0,1,0.0,1962.345,1.0,1957.14,1962.331,3.0,3.870000000000021,4.0,1.0,1.0,7.0,0.0,0.0,4.0,0.0,2.0,A+
1.0,1970.665,0.0,2.0,1.0,2023-05-24 07:00:00,1.0,0.0,5401.0,1,0.0,1976.353,0.0,1974.014,1971.759,3.0,3.38464285714284,4.0,1.0,1.0,7.0,0.0,0.0,4.0,0.0,2.0,A+
1.0,1976.191,0.0,2.0,1.0,2023-05-24 11:00:00,1.0,0.0,4454.0,0,0.0,1981.984,1.0,1981.856,1976.674,3.0,3.789928571428553,4.0,1.0,1.0,11.0,0.0,0.0,4.0,0.0,2.0,A+
1.0,1966.56,0.0,2.0,1.0,2023-05-24 14:00:00,1.0,0.0,9190.0,1,0.0,1972.842,1.0,1969.428,1972.541,3.0,4.845857142857166,4.0,1.0,1.0,14.0,0.0,0.0,4.0,0.0,2.0,A+
1.0,1960.202,0.0,2.0,1.0,2023-05-24 15:00:00,1.0,0.0,7207.0,0,0.0,1970.541,1.0,1962.988,1969.411,3.0,5.370142857142874,4.0,1.0,1.0,15.0,0.0,0.0,4.0,0.0,2.0,A+
1.0,1940.991,0.0,1.0,1.0,2023-05-30 00:00:00,1.0,0.0,3428.0,1,0.0,1943.1,1.0,1942.656,1941.498,3.0,2.557499999999972,4.0,1.0,1.0,0.0,0.0,0.0,4.0,0.0,2.0,A+
1.0,1944.623,0.0,1.0,1.0,2023-05-30 02:00:00,1.0,0.0,3510.0,0,0.0,1946.602,0.0,1945.3,1944.965,3.0,2.2952857142857,4.0,1.0,1.0,2.0,0.0,0.0,4.0,0.0,2.0,A+
1.0,1937.682,0.0,1.0,1.0,2023-05-30 04:00:00,1.0,0.0,3167.0,1,0.0,1940.682,1.0,1938.899,1939.424,3.0,2.710428571428565,4.0,1.0,1.0,4.0,0.0,0.0,4.0,0.0,2.0,A+
1.0,1955.233,0.0,2.0,1.0,2023-05-31 08:00:00,1.0,0.0,4706.0,1,0.0,1959.815,0.0,1955.359,1956.092,3.0,3.365785714285721,4.0,1.0,1.0,8.0,6.0,1.0,4.0,1.0,2.0,A+
1.0,1956.985,0.0,2.0,1.0,2023-05-31 11:00:00,1.0,0.0,4203.0,1,0.0,1960.772,0.0,1960.324,1957.279,3.0,3.866928571428584,4.0,1.0,1.0,11.0,7.0,1.0,4.0,1.0,2.0,A+
1.0,1959.932,0.0,2.0,1.0,2023-05-31 12:00:00,1.0,0.0,4958.0,1,0.0,1963.452,1.0,1962.706,1960.321,3.0,4.017357142857155,4.0,1.0,1.0,12.0,0.0,1.0,4.0,1.0,2.0,A+
1.0,1968.581,0.0,2.0,1.0,2023-05-31 15:00:00,1.0,0.0,6625.0,0,0.0,1973.44,0.0,1968.581,1969.889,3.0,5.571357142857177,4.0,1.0,1.0,15.0,2.0,1.0,4.0,1.0,2.0,A+
1.0,1955.08,0.0,3.0,1.0,2023-06-01 07:00:00,1.0,0.0,4774.0,1,0.0,1961.738,1.0,1955.523,1961.521,3.0,3.2224285714285736,4.0,1.0,1.0,7.0,0.0,1.0,4.0,1.0,2.0,A+
1.0,1977.001,0.0,4.0,1.0,2023-06-02 06:00:00,1.0,0.0,4680.0,1,0.0,1980.965,0.0,1978.48,1980.55,3.0,2.8730714285714094,4.0,1.0,1.0,6.0,2.0,1.0,4.0,1.0,2.0,A+
1.0,1977.842,0.0,4.0,1.0,2023-06-02 11:00:00,1.0,0.0,3769.0,0,0.0,1980.813,0.0,1978.772,1978.602,3.0,3.1507857142857056,4.0,1.0,1.0,11.0,5.0,1.0,4.0,1.0,2.0,A+
1.0,1961.895,0.0,4.0,1.0,2023-06-02 13:00:00,1.0,0.0,12883.0,0,0.0,1976.593,1.0,1963.456,1970.847,3.0,4.833928571428568,4.0,1.0,1.0,13.0,0.0,1.0,4.0,1.0,2.0,A+
1.0,1957.714,0.0,1.0,1.0,2023-06-06 06:00:00,1.0,0.0,4939.0,1,0.0,1961.44,0.0,1959.244,1957.877,3.0,2.820499999999957,4.0,1.0,1.0,6.0,4.0,0.0,4.0,0.0,2.0,A+
1.0,1956.846,0.0,1.0,1.0,2023-06-06 07:00:00,1.0,0.0,5281.0,1,0.0,1960.824,0.0,1957.491,1959.211,3.0,2.8199999999999688,4.0,1.0,1.0,7.0,0.0,0.0,4.0,0.0,2.0,A+
1.0,1957.242,0.0,1.0,1.0,2023-06-06 08:00:00,1.0,0.0,4807.0,1,0.0,1961.396,0.0,1960.2,1957.513,3.0,2.851714285714268,4.0,1.0,1.0,8.0,7.0,0.0,4.0,0.0,2.0,A+
1.0,1955.702,0.0,2.0,1.0,2023-06-07 08:00:00,1.0,0.0,3811.0,1,0.0,1961.587,0.0,1961.556,1956.088,3.0,2.499142857142861,4.0,1.0,1.0,8.0,1.0,1.0,4.0,1.0,2.0,A+
1.0,1961.387,0.0,2.0,1.0,2023-06-07 09:00:00,1.0,0.0,3713.0,0,0.0,1964.531,1.0,1964.417,1961.587,3.0,2.574428571428565,4.0,1.0,1.0,9.0,0.0,1.0,4.0,1.0,2.0,A+
1.0,1960.867,0.0,2.0,1.0,2023-06-07 11:00:00,1.0,0.0,3943.0,0,0.0,1965.176,0.0,1961.255,1962.646,3.0,3.018499999999985,4.0,1.0,1.0,11.0,6.0,1.0,4.0,1.0,2.0,A+
1.0,1946.404,0.0,2.0,1.0,2023-06-07 15:00:00,1.0,0.0,7680.0,0,0.0,1958.678,1.0,1947.117,1957.644,3.0,5.456999999999994,4.0,1.0,1.0,15.0,0.0,1.0,4.0,1.0,2.0,A+
1.0,1940.849,0.0,2.0,1.0,2023-06-07 16:00:00,1.0,0.0,6625.0,1,0.0,1947.653,1.0,1942.119,1947.148,3.0,5.772500000000004,4.0,1.0,1.0,16.0,0.0,0.0,4.0,0.0,2.0,A+
1.0,1965.576,0.0,3.0,1.0,2023-06-08 15:00:00,1.0,0.0,5678.0,0,0.0,1968.585,0.0,1966.789,1967.191,3.0,4.2569285714286025,4.0,1.0,1.0,15.0,5.0,0.0,4.0,0.0,2.0,A+
1.0,1956.58,0.0,4.0,1.0,2023-06-09 13:00:00,1.0,0.0,9146.0,1,0.0,1965.039,0.0,1961.615,1962.861,3.0,3.40957142857144,4.0,1.0,1.0,13.0,0.0,1.0,4.0,1.0,2.0,A+
1.0,1960.205,0.0,4.0,1.0,2023-06-09 14:00:00,1.0,0.0,7748.0,0,0.0,1968.052,0.0,1963.355,1961.585,3.0,3.82100000000001,4.0,1.0,1.0,14.0,1.0,1.0,4.0,1.0,2.0,A+
1.0,1955.52,0.0,0.0,1.0,2023-06-12 01:00:00,1.0,0.0,4552.0,1,0.0,1959.461,1.0,1955.957,1958.301,3.0,3.993428571428564,4.0,1.0,1.0,1.0,0.0,1.0,4.0,1.0,2.0,A+
1.0,1941.884,0.0,1.0,1.0,2023-06-13 15:00:00,1.0,0.0,7783.0,1,0.0,1953.059,1.0,1943.096,1952.509,3.0,5.937928571428562,4.0,1.0,1.0,15.0,0.0,0.0,4.0,0.0,2.0,A+
1.0,1957.389,0.0,4.0,1.0,2023-06-16 06:00:00,1.0,0.0,4806.0,1,0.0,1963.228,1.0,1960.816,1958.071,3.0,2.918714285714308,4.0,1.0,1.0,6.0,0.0,1.0,4.0,1.0,2.0,A+
1.0,1959.267,0.0,4.0,1.0,2023-06-16 07:00:00,1.0,0.0,4828.0,1,0.0,1962.619,1.0,1961.563,1960.871,3.0,2.898000000000008,4.0,1.0,1.0,7.0,0.0,1.0,4.0,1.0,2.0,A+
1.0,1959.966,0.0,4.0,1.0,2023-06-16 08:00:00,1.0,0.0,4646.0,1,0.0,1963.97,1.0,1963.11,1961.594,3.0,3.0037857142857383,4.0,1.0,1.0,8.0,0.0,1.0,4.0,1.0,2.0,A+
1.0,1963.87,0.0,4.0,1.0,2023-06-16 11:00:00,1.0,0.0,4125.0,0,0.0,1966.498,1.0,1965.583,1964.849,3.0,3.0640000000000294,4.0,1.0,1.0,11.0,0.0,1.0,4.0,1.0,2.0,A+
1.0,1950.398,0.0,1.0,1.0,2023-06-20 11:00:00,1.0,0.0,4012.0,1,1.0,1953.513,0.0,1951.29,1951.493,4.0,3.4215000000000373,5.0,1.0,1.0,11.0,5.0,0.0,5.0,0.0,2.3333333333333335,A+
1.0,1943.962,0.0,1.0,1.0,2023-06-20 12:00:00,1.0,0.0,7275.0,0,0.0,1954.503,1.0,1944.691,1951.32,3.0,3.873500000000036,4.0,1.0,1.0,12.0,0.0,0.0,4.0,0.0,2.0,A+
1.0,1930.772,0.0,1.0,1.0,2023-06-20 13:00:00,1.0,0.0,10715.0,1,0.0,1945.15,1.0,1931.755,1944.66,3.0,4.809785714285762,4.0,1.0,1.0,13.0,0.0,0.0,4.0,0.0,2.0,A+
1.0,1913.328,0.0,1.0,1.0,2023-06-27 15:00:00,1.0,0.0,5453.0,1,0.0,1917.482,1.0,1913.461,1917.203,3.0,4.280428571428582,4.0,1.0,1.0,15.0,0.0,0.0,4.0,0.0,2.0,A+
1.0,1900.419,0.0,4.0,1.0,2023-06-30 08:00:00,1.0,0.0,4269.0,1,1.0,1905.462,0.0,1901.83,1905.219,4.0,2.387214285714273,5.0,1.0,1.0,8.0,0.0,0.0,5.0,0.0,2.3333333333333335,A+
1.0,1909.689,0.0,4.0,1.0,2023-06-30 13:00:00,1.0,0.0,9907.0,1,0.0,1914.445,1.0,1911.883,1910.982,3.0,3.336785714285676,4.0,1.0,1.0,13.0,0.0,0.0,4.0,0.0,2.0,A+
1.0,1914.487,0.0,4.0,1.0,2023-06-30 15:00:00,1.0,0.0,5804.0,1,0.0,1919.359,1.0,1918.98,1915.41,3.0,3.884214285714247,4.0,1.0,1.0,15.0,0.0,0.0,4.0,0.0,2.0,A+
1.0,1919.237,0.0,0.0,1.0,2023-07-03 13:00:00,1.0,0.0,7463.0,0,0.0,1926.933,1.0,1925.996,1921.844,3.0,3.988785714285768,4.0,1.0,1.0,13.0,0.0,1.0,4.0,1.0,2.0,A+
1.0,1920.024,0.0,1.0,1.0,2023-07-04 01:00:00,1.0,0.0,3591.0,0,0.0,1923.127,0.0,1921.582,1921.115,3.0,3.331357142857168,4.0,1.0,1.0,1.0,1.0,1.0,4.0,1.0,2.0,A+
1.0,1923.39,0.0,1.0,1.0,2023-07-04 06:00:00,1.0,0.0,3506.0,1,0.0,1927.469,0.0,1927.409,1923.671,3.0,1.8506428571428484,4.0,1.0,1.0,6.0,1.0,1.0,4.0,1.0,2.0,A+
1.0,1928.414,0.0,1.0,1.0,2023-07-04 09:00:00,1.0,0.0,3360.0,0,0.0,1930.585,1.0,1929.724,1928.501,3.0,1.862571428571414,4.0,1.0,1.0,9.0,0.0,1.0,4.0,1.0,2.0,A+
1.0,1927.605,0.0,1.0,1.0,2023-07-04 11:00:00,1.0,0.0,2899.0,0,0.0,1929.599,1.0,1928.474,1928.792,3.0,2.052999999999981,4.0,1.0,1.0,11.0,0.0,1.0,4.0,1.0,2.0,A+
1.0,1926.099,0.0,1.0,1.0,2023-07-04 13:00:00,1.0,0.0,3263.0,1,0.0,1928.882,1.0,1928.205,1926.724,3.0,2.3949999999999654,4.0,1.0,1.0,13.0,0.0,1.0,4.0,1.0,2.0,A+
1.0,1926.772,0.0,2.0,1.0,2023-07-05 09:00:00,1.0,0.0,3602.0,1,0.0,1928.993,1.0,1928.91,1926.929,3.0,2.456500000000022,4.0,1.0,1.0,9.0,0.0,1.0,4.0,1.0,2.0,A+
1.0,1922.022,0.0,2.0,1.0,2023-07-05 15:00:00,1.0,0.0,5089.0,0,0.0,1925.159,0.0,1923.173,1922.494,3.0,3.8856428571428814,4.0,1.0,1.0,15.0,4.0,1.0,4.0,1.0,2.0,A+
1.0,1918.972,0.0,2.0,1.0,2023-07-05 17:00:00,1.0,0.0,4157.0,1,0.0,1921.505,1.0,1919.706,1921.505,3.0,4.130357142857179,4.0,1.0,1.0,17.0,0.0,1.0,4.0,1.0,2.0,A+
1.0,1915.84,0.0,2.0,1.0,2023-07-05 18:00:00,1.0,0.0,4295.0,1,0.0,1921.254,1.0,1915.939,1919.742,3.0,4.3903571428571695,4.0,1.0,1.0,18.0,0.0,1.0,4.0,1.0,2.0,A+
1.0,1928.804,0.0,1.0,1.0,2023-07-11 06:00:00,1.0,0.0,5253.0,1,0.0,1937.902,1.0,1936.163,1929.005,3.0,2.61535714285716,4.0,1.0,1.0,6.0,0.0,1.0,4.0,1.0,2.0,A+
1.0,1934.811,0.0,1.0,1.0,2023-07-11 09:00:00,1.0,0.0,3761.0,0,0.0,1938.007,1.0,1937.954,1936.649,3.0,3.2390000000000327,4.0,1.0,1.0,9.0,0.0,1.0,4.0,1.0,2.0,A+
1.0,1934.691,0.0,1.0,1.0,2023-07-11 11:00:00,1.0,0.0,3280.0,0,0.0,1937.464,1.0,1936.266,1935.154,3.0,3.504285714285743,4.0,1.0,1.0,11.0,0.0,1.0,4.0,1.0,2.0,A+
1.0,1929.37,0.0,1.0,1.0,2023-07-11 13:00:00,1.0,0.0,6678.0,1,0.0,1933.941,0.0,1933.456,1931.928,3.0,4.179071428571482,4.0,1.0,1.0,13.0,3.0,1.0,4.0,1.0,2.0,A+
1.0,1931.165,0.0,1.0,1.0,2023-07-11 14:00:00,1.0,0.0,5219.0,1,0.0,1935.335,0.0,1931.763,1933.489,3.0,4.284714285714342,4.0,1.0,1.0,14.0,2.0,1.0,4.0,1.0,2.0,A+
1.0,1935.594,0.0,2.0,1.0,2023-07-12 01:00:00,1.0,0.0,3817.0,1,0.0,1938.939,1.0,1937.509,1935.669,3.0,2.78842857142854,4.0,1.0,1.0,1.0,0.0,1.0,4.0,1.0,2.0,A+
1.0,1933.836,0.0,2.0,1.0,2023-07-12 07:00:00,1.0,0.0,3607.0,1,0.0,1936.04,0.0,1934.641,1934.747,3.0,2.349857142857104,4.0,1.0,1.0,7.0,5.0,1.0,4.0,1.0,2.0,A+
1.0,1940.731,0.0,2.0,1.0,2023-07-12 13:00:00,1.0,0.0,11373.0,1,0.0,1957.122,1.0,1955.947,1943.181,3.0,4.773642857142867,4.0,1.0,1.0,13.0,0.0,1.0,4.0,1.0,2.0,A+
1.0,1955.38,0.0,3.0,1.0,2023-07-13 06:00:00,1.0,0.0,4646.0,0,0.0,1962.879,1.0,1962.779,1955.38,3.0,2.9236428571428275,4.0,1.0,1.0,6.0,0.0,1.0,4.0,1.0,2.0,A+
1.0,1957.916,0.0,3.0,1.0,2023-07-13 11:00:00,1.0,0.0,3478.0,1,0.0,1960.622,0.0,1959.868,1960.477,3.0,2.9804285714285634,4.0,1.0,1.0,11.0,2.0,1.0,4.0,1.0,2.0,A+
1.0,1954.271,0.0,4.0,1.0,2023-07-14 07:00:00,1.0,0.0,4254.0,1,0.0,1957.213,0.0,1956.849,1956.491,3.0,2.4245714285714093,4.0,1.0,1.0,7.0,0.0,1.0,4.0,1.0,2.0,A+
1.0,1954.367,0.0,4.0,1.0,2023-07-14 13:00:00,1.0,0.0,7981.0,1,0.0,1960.757,0.0,1960.041,1957.455,3.0,3.3517142857143005,4.0,1.0,1.0,13.0,1.0,1.0,4.0,1.0,2.0,A+
1.0,1969.692,0.0,2.0,1.0,2023-07-19 14:00:00,1.0,0.0,6922.0,1,0.0,1977.997,0.0,1974.525,1977.011,3.0,3.893999999999973,4.0,1.0,1.0,14.0,0.0,1.0,4.0,1.0,2.0,A+
1.0,1978.931,0.0,3.0,1.0,2023-07-20 01:00:00,1.0,0.0,5381.0,1,0.0,1985.206,1.0,1984.933,1979.007,3.0,3.739,4.0,1.0,1.0,1.0,0.0,1.0,4.0,1.0,2.0,A+
1.0,1978.948,0.0,3.0,1.0,2023-07-20 06:00:00,1.0,0.0,4129.0,1,0.0,1982.308,0.0,1980.523,1980.744,3.0,2.86978571428574,4.0,1.0,1.0,6.0,5.0,1.0,4.0,1.0,2.0,A+
1.0,1978.141,0.0,3.0,1.0,2023-07-20 08:00:00,1.0,0.0,4049.0,0,0.0,1983.809,0.0,1981.562,1979.134,3.0,3.0113571428571504,4.0,1.0,1.0,8.0,1.0,1.0,4.0,1.0,2.0,A+
1.0,1979.32,0.0,3.0,1.0,2023-07-20 11:00:00,1.0,0.0,3342.0,0,0.0,1982.313,0.0,1981.407,1980.523,3.0,3.247000000000006,4.0,1.0,1.0,11.0,1.0,1.0,4.0,1.0,2.0,A+
1.0,1964.434,0.0,2.0,1.0,2023-07-26 06:00:00,1.0,0.0,4256.0,1,0.0,1970.898,1.0,1969.526,1964.947,3.0,2.396428571428584,4.0,1.0,1.0,6.0,0.0,0.0,4.0,0.0,2.0,A+
1.0,1968.032,0.0,2.0,1.0,2023-07-26 07:00:00,1.0,0.0,3924.0,1,0.0,1971.079,1.0,1970.591,1969.557,3.0,2.3632142857143044,4.0,1.0,1.0,7.0,0.0,1.0,4.0,1.0,2.0,A+
1.0,1970.092,0.0,2.0,1.0,2023-07-26 08:00:00,1.0,0.0,3476.0,0,0.0,1972.433,1.0,1972.061,1970.613,3.0,2.3479285714285942,4.0,1.0,1.0,8.0,0.0,1.0,4.0,1.0,2.0,A+
1.0,1971.287,0.0,2.0,1.0,2023-07-26 11:00:00,1.0,0.0,3672.0,0,0.0,1974.149,1.0,1971.911,1971.688,3.0,2.488642857142866,4.0,1.0,1.0,11.0,0.0,1.0,4.0,1.0,2.0,A+
1.0,1963.682,0.0,2.0,1.0,2023-07-26 13:00:00,1.0,0.0,6897.0,1,0.0,1972.239,0.0,1966.64,1972.239,3.0,3.057357142857167,4.0,1.0,1.0,13.0,0.0,1.0,4.0,1.0,2.0,A+
1.0,1968.483,0.0,2.0,1.0,2023-07-26 15:00:00,1.0,0.0,5240.0,1,0.0,1974.96,1.0,1972.347,1968.943,3.0,3.5246428571428754,4.0,1.0,1.0,15.0,0.0,1.0,4.0,1.0,2.0,A+
1.0,1974.223,0.0,3.0,1.0,2023-07-27 07:00:00,1.0,0.0,4945.0,0,0.0,1982.081,1.0,1979.892,1974.743,3.0,4.266571428571394,4.0,1.0,1.0,7.0,0.0,1.0,4.0,1.0,2.0,A+
1.0,1955.45,0.0,0.0,1.0,2023-07-31 01:00:00,1.0,0.0,4949.0,1,0.0,1958.525,0.0,1956.683,1958.214,3.0,3.4302857142857386,4.0,1.0,1.0,1.0,2.0,0.0,4.0,0.0,2.0,A+
1.0,1957.941,0.0,0.0,1.0,2023-07-31 11:00:00,1.0,0.0,3471.0,1,0.0,1961.041,0.0,1959.03,1958.385,3.0,2.933000000000025,4.0,1.0,1.0,11.0,4.0,0.0,4.0,0.0,2.0,A+
1.0,1957.477,0.0,0.0,1.0,2023-07-31 12:00:00,1.0,0.0,5796.0,1,0.0,1966.969,1.0,1965.468,1959.06,3.0,3.519142857142876,4.0,1.0,1.0,12.0,0.0,0.0,4.0,0.0,2.0,A+
1.0,1966.654,0.0,0.0,1.0,2023-07-31 15:00:00,1.0,0.0,4096.0,0,0.0,1971.587,1.0,1970.636,1967.238,3.0,4.409000000000008,4.0,1.0,1.0,15.0,0.0,0.0,4.0,0.0,2.0,A+
1.0,1943.515,0.0,2.0,1.0,2023-08-02 13:00:00,1.0,0.0,7205.0,0,0.0,1947.648,0.0,1945.06,1945.568,3.0,3.7099285714285446,4.0,1.0,1.0,13.0,5.0,0.0,4.0,0.0,2.0,A+
1.0,1933.951,0.0,2.0,1.0,2023-08-02 14:00:00,1.0,0.0,9080.0,1,0.0,1945.246,1.0,1935.878,1945.09,3.0,4.229928571428543,4.0,1.0,1.0,14.0,0.0,0.0,4.0,0.0,2.0,A+
1.0,1931.87,0.0,0.0,1.0,2023-08-07 15:00:00,1.0,0.0,4162.0,1,0.0,1935.349,1.0,1932.46,1934.109,3.0,3.492000000000026,4.0,1.0,1.0,15.0,0.0,0.0,4.0,0.0,2.0,A+
1.0,1931.484,0.0,1.0,1.0,2023-08-08 01:00:00,1.0,0.0,3804.0,1,0.0,1935.692,1.0,1931.577,1935.692,3.0,3.155928571428587,4.0,1.0,1.0,1.0,0.0,0.0,4.0,0.0,2.0,A+
1.0,1932.549,0.0,1.0,1.0,2023-08-08 06:00:00,1.0,0.0,3694.0,1,0.0,1934.747,1.0,1933.126,1933.978,3.0,2.324499999999976,4.0,1.0,1.0,6.0,0.0,0.0,4.0,0.0,2.0,A+
1.0,1930.162,0.0,1.0,1.0,2023-08-08 07:00:00,1.0,0.0,4250.0,1,0.0,1934.258,1.0,1930.393,1933.095,3.0,2.413999999999988,4.0,1.0,1.0,7.0,0.0,0.0,4.0,0.0,2.0,A+
1.0,1932.741,0.0,1.0,1.0,2023-08-08 09:00:00,1.0,0.0,3814.0,0,0.0,1935.509,0.0,1934.89,1935.057,3.0,2.6415714285714267,4.0,1.0,1.0,9.0,0.0,0.0,4.0,0.0,2.0,A+
1.0,1891.59,0.0,4.0,1.0,2023-08-18 14:00:00,1.0,0.0,5301.0,0,0.0,1894.828,0.0,1893.571,1893.804,3.0,2.887142857142846,4.0,1.0,1.0,14.0,5.0,0.0,4.0,0.0,2.0,A+
1.0,1884.86,0.0,0.0,1.0,2023-08-21 01:00:00,1.0,0.0,4195.0,1,0.0,1889.984,1.0,1885.409,1889.881,3.0,3.119000000000028,4.0,1.0,1.0,1.0,0.0,0.0,4.0,0.0,2.0,A+
1.0,1894.216,0.0,1.0,1.0,2023-08-22 01:00:00,1.0,0.0,3656.0,1,0.0,1897.241,0.0,1895.079,1895.47,3.0,3.3214285714285388,4.0,1.0,1.0,1.0,5.0,0.0,4.0,0.0,2.0,A+
1.0,1895.085,0.0,1.0,1.0,2023-08-22 06:00:00,1.0,0.0,4143.0,1,1.0,1900.206,1.0,1898.819,1895.382,4.0,2.338642857142856,5.0,1.0,1.0,6.0,0.0,0.0,5.0,0.0,2.3333333333333335,A+
1.0,1898.04,0.0,1.0,1.0,2023-08-22 07:00:00,1.0,0.0,3652.0,0,1.0,1901.659,1.0,1901.445,1898.846,4.0,2.303285714285721,5.0,1.0,1.0,7.0,0.0,0.0,5.0,0.0,2.3333333333333335,A+
1.0,1898.367,0.0,1.0,1.0,2023-08-22 08:00:00,0.0,0.0,3324.0,1,1.0,1902.229,1.0,1899.921,1901.449,3.0,2.3745714285714388,4.0,1.0,1.0,8.0,0.0,0.0,4.0,0.0,2.0,A+
1.0,1899.372,0.0,1.0,1.0,2023-08-22 09:00:00,1.0,0.0,3275.0,0,0.0,1903.666,1.0,1902.753,1899.954,3.0,2.5986428571428632,4.0,1.0,1.0,9.0,0.0,0.0,4.0,0.0,2.0,A+
1.0,1896.164,0.0,1.0,1.0,2023-08-22 12:00:00,1.0,0.0,5526.0,1,0.0,1903.368,0.0,1897.327,1902.112,3.0,3.286428571428587,4.0,1.0,1.0,12.0,8.0,1.0,4.0,1.0,2.0,A+
1.0,1916.322,0.0,3.0,1.0,2023-08-24 11:00:00,1.0,0.0,3044.0,0,0.0,1919.608,1.0,1916.567,1919.251,3.0,2.15964285714285,4.0,1.0,1.0,11.0,0.0,1.0,4.0,1.0,2.0,A+
1.0,1919.978,0.0,3.0,1.0,2023-08-24 15:00:00,1.0,0.0,4289.0,0,0.0,1922.194,1.0,1921.007,1921.402,3.0,3.005285714285703,4.0,1.0,1.0,15.0,0.0,1.0,4.0,1.0,2.0,A+
1.0,1916.121,0.0,4.0,1.0,2023-08-25 11:00:00,1.0,0.0,2809.0,1,0.0,1918.375,0.0,1918.276,1917.692,3.0,2.026071428571462,4.0,1.0,1.0,11.0,3.0,1.0,4.0,1.0,2.0,A+
1.0,1921.327,0.0,1.0,1.0,2023-08-29 01:00:00,1.0,0.0,2855.0,1,0.0,1923.01,0.0,1922.016,1921.613,3.0,2.680999999999975,4.0,1.0,1.0,1.0,4.0,1.0,4.0,1.0,2.0,A+
1.0,1922.219,0.0,1.0,1.0,2023-08-29 08:00:00,1.0,0.0,2953.0,1,0.0,1924.245,0.0,1922.824,1923.216,3.0,1.697571428571418,4.0,1.0,1.0,8.0,2.0,1.0,4.0,1.0,2.0,A+
1.0,1920.143,0.0,1.0,1.0,2023-08-29 10:00:00,1.0,0.0,3053.0,0,0.0,1924.323,0.0,1920.236,1924.306,3.0,1.9791428571428469,4.0,1.0,1.0,10.0,2.0,1.0,4.0,1.0,2.0,A+
1.0,1916.736,0.0,1.0,1.0,2023-08-29 13:00:00,1.0,0.0,5377.0,1,0.0,1921.872,0.0,1921.056,1916.988,3.0,2.642285714285712,4.0,1.0,1.0,13.0,7.0,1.0,4.0,1.0,2.0,A+
1.0,1920.87,0.0,1.0,1.0,2023-08-29 14:00:00,1.0,0.0,11345.0,1,0.0,1934.755,1.0,1934.07,1921.023,3.0,3.561142857142873,4.0,1.0,1.0,14.0,0.0,1.0,4.0,1.0,2.0,A+
1.0,1932.672,0.0,1.0,1.0,2023-08-29 15:00:00,1.0,0.0,4749.0,1,0.0,1937.58,1.0,1936.727,1934.091,3.0,3.7915000000000094,4.0,1.0,1.0,15.0,0.0,1.0,4.0,1.0,2.0,A+
1.0,1935.829,0.0,1.0,1.0,2023-08-29 17:00:00,1.0,0.0,3624.0,0,0.0,1938.109,1.0,1937.133,1936.237,3.0,3.870214285714285,4.0,1.0,1.0,17.0,0.0,1.0,4.0,1.0,2.0,A+
1.0,1938.747,0.0,2.0,1.0,2023-08-30 12:00:00,1.0,0.0,8378.0,1,0.0,1945.703,1.0,1945.134,1939.053,3.0,2.0261428571428888,4.0,1.0,1.0,12.0,0.0,1.0,4.0,1.0,2.0,A+
1.0,1942.74,0.0,2.0,1.0,2023-08-30 13:00:00,1.0,0.0,7685.0,0,0.0,1948.42,1.0,1947.35,1945.092,3.0,2.3200714285714605,4.0,1.0,1.0,13.0,0.0,1.0,4.0,1.0,2.0,A+
1.0,1943.781,0.0,3.0,1.0,2023-08-31 11:00:00,1.0,0.0,3037.0,0,0.0,1945.869,0.0,1945.633,1944.258,3.0,1.7853571428571513,4.0,1.0,1.0,11.0,7.0,1.0,4.0,1.0,2.0,A+
1.0,1940.285,0.0,3.0,1.0,2023-08-31 13:00:00,1.0,0.0,7925.0,1,0.0,1946.377,0.0,1943.675,1945.814,3.0,2.253428571428572,4.0,1.0,1.0,13.0,2.0,1.0,4.0,1.0,2.0,A+
1.0,1940.984,0.0,3.0,1.0,2023-08-31 14:00:00,1.0,0.0,5865.0,0,0.0,1945.034,1.0,1942.765,1943.705,3.0,2.4455714285714487,4.0,1.0,1.0,14.0,0.0,1.0,4.0,1.0,2.0,A+
1.0,1940.029,0.0,4.0,1.0,2023-09-01 13:00:00,1.0,0.0,10420.0,0,0.0,1951.332,0.0,1943.814,1949.719,3.0,3.206785714285697,4.0,1.0,1.0,13.0,2.0,1.0,4.0,1.0,2.0,A+
1.0,1917.162,0.0,3.0,1.0,2023-09-07 14:00:00,1.0,0.0,4973.0,1,0.0,1921.454,1.0,1918.011,1919.94,3.0,2.787285714285709,4.0,1.0,1.0,14.0,0.0,0.0,4.0,0.0,2.0,A+
1.0,1920.063,0.0,4.0,1.0,2023-09-08 00:00:00,1.0,0.0,3299.0,1,0.0,1924.228,1.0,1923.677,1920.255,3.0,2.9498571428571103,4.0,1.0,1.0,0.0,0.0,0.0,4.0,0.0,2.0,A+
1.0,1922.807,0.0,4.0,1.0,2023-09-08 01:00:00,1.0,0.0,4410.0,0,0.0,1925.991,1.0,1925.843,1923.669,3.0,3.061142857142824,4.0,1.0,1.0,1.0,0.0,0.0,4.0,0.0,2.0,A+
1.0,1924.137,0.0,0.0,1.0,2023-09-11 12:00:00,1.0,0.0,4296.0,1,0.0,1927.139,0.0,1927.104,1925.16,3.0,2.5466428571428588,4.0,1.0,1.0,12.0,1.0,0.0,4.0,0.0,2.0,A+
1.0,1924.263,0.0,0.0,1.0,2023-09-11 13:00:00,1.0,0.0,5844.0,0,0.0,1929.984,0.0,1925.813,1927.096,3.0,2.736857142857145,4.0,1.0,1.0,13.0,0.0,0.0,4.0,0.0,2.0,A+
1.0,1921.344,0.0,0.0,1.0,2023-09-11 15:00:00,1.0,0.0,3690.0,1,0.0,1924.335,0.0,1922.987,1922.469,3.0,2.9024285714285725,4.0,1.0,1.0,15.0,0.0,0.0,4.0,0.0,2.0,A+
1.0,1918.825,0.0,1.0,1.0,2023-09-12 06:00:00,1.0,0.0,3003.0,0,0.0,1920.641,1.0,1919.934,1920.21,3.0,1.7847857142857038,4.0,1.0,1.0,6.0,0.0,0.0,4.0,0.0,2.0,A+
1.0,1918.763,0.0,1.0,1.0,2023-09-12 07:00:00,1.0,0.0,2966.0,0,0.0,1920.052,1.0,1918.968,1919.913,3.0,1.712714285714274,4.0,1.0,1.0,7.0,0.0,0.0,4.0,0.0,2.0,A+
1.0,1914.678,0.0,1.0,1.0,2023-09-12 10:00:00,1.0,0.0,3664.0,0,0.0,1919.569,1.0,1915.522,1918.93,3.0,2.012214285714273,4.0,1.0,1.0,10.0,0.0,0.0,4.0,0.0,2.0,A+
1.0,1910.736,0.0,1.0,1.0,2023-09-12 11:00:00,1.0,0.0,3946.0,0,0.0,1915.543,1.0,1912.936,1915.543,3.0,2.3179285714285407,4.0,1.0,1.0,11.0,0.0,0.0,4.0,0.0,2.0,A+
1.0,1908.412,0.0,1.0,1.0,2023-09-12 12:00:00,1.0,0.0,5442.0,1,0.0,1912.936,1.0,1909.708,1912.936,3.0,2.572071428571381,4.0,1.0,1.0,12.0,0.0,0.0,4.0,0.0,2.0,A+
1.0,1910.588,0.0,3.0,1.0,2023-09-14 01:00:00,1.0,0.0,3860.0,0,0.0,1912.856,0.0,1911.15,1912.611,3.0,3.2264285714285927,4.0,1.0,1.0,1.0,0.0,0.0,4.0,0.0,2.0,A+
1.0,1928.102,0.0,0.0,1.0,2023-09-18 06:00:00,1.0,0.0,4354.0,0,0.0,1930.296,1.0,1928.497,1929.832,3.0,2.0077857142856925,4.0,1.0,1.0,6.0,0.0,1.0,4.0,1.0,2.0,A+
1.0,1923.37,0.0,0.0,1.0,2023-09-18 13:00:00,1.0,0.0,5583.0,1,0.0,1928.405,1.0,1923.935,1923.945,3.0,2.455928571428509,4.0,1.0,1.0,13.0,0.0,1.0,4.0,1.0,2.0,A+
1.0,1926.241,0.0,0.0,1.0,2023-09-18 15:00:00,1.0,0.0,3513.0,1,0.0,1929.379,1.0,1928.965,1926.805,3.0,2.693214285714232,4.0,1.0,1.0,15.0,0.0,1.0,4.0,1.0,2.0,A+
1.0,1927.646,0.0,0.0,1.0,2023-09-18 16:00:00,1.0,0.0,3066.0,1,0.0,1931.114,1.0,1931.035,1928.998,3.0,2.685928571428528,4.0,1.0,1.0,16.0,0.0,1.0,4.0,1.0,2.0,A+
1.0,1931.683,0.0,1.0,1.0,2023-09-19 01:00:00,1.0,0.0,3045.0,0,0.0,1933.268,1.0,1932.94,1932.713,3.0,2.480500000000023,4.0,1.0,1.0,1.0,0.0,1.0,4.0,1.0,2.0,A+
1.0,1929.8,0.0,1.0,1.0,2023-09-19 06:00:00,1.0,0.0,3144.0,1,0.0,1931.31,0.0,1930.456,1930.844,3.0,1.55035714285717,4.0,1.0,1.0,6.0,0.0,1.0,4.0,1.0,2.0,A+
1.0,1930.486,0.0,1.0,1.0,2023-09-19 07:00:00,1.0,0.0,3263.0,0,0.0,1934.752,1.0,1934.407,1930.486,3.0,1.6095000000000257,4.0,1.0,1.0,7.0,0.0,1.0,4.0,1.0,2.0,A+
1.0,1931.001,0.0,1.0,1.0,2023-09-19 14:00:00,1.0,0.0,5263.0,0,0.0,1935.163,1.0,1934.822,1934.691,3.0,2.1499285714285827,4.0,1.0,1.0,14.0,0.0,1.0,4.0,1.0,2.0,A+
1.0,1931.999,0.0,1.0,1.0,2023-09-19 15:00:00,1.0,0.0,3506.0,0,0.0,1934.951,0.0,1933.056,1934.817,3.0,2.247571428571437,4.0,1.0,1.0,15.0,8.0,1.0,4.0,1.0,2.0,A+
1.0,1930.785,0.0,1.0,1.0,2023-09-19 16:00:00,1.0,0.0,2872.0,1,0.0,1933.687,1.0,1930.846,1933.07,3.0,2.383999999999998,4.0,1.0,1.0,16.0,0.0,1.0,4.0,1.0,2.0,A+
1.0,1926.587,0.0,4.0,1.0,2023-09-22 15:00:00,1.0,0.0,3731.0,0,0.0,1928.734,1.0,1927.669,1928.147,3.0,2.3167142857142835,4.0,1.0,1.0,15.0,0.0,0.0,4.0,0.0,2.0,A+
1.0,1858.761,0.0,4.0,1.0,2023-09-29 14:00:00,1.0,0.0,10945.0,0,0.0,1871.673,1.0,1860.837,1870.51,3.0,4.335428571428549,4.0,1.0,1.0,14.0,0.0,0.0,4.0,0.0,2.0,A+
1.0,1852.144,0.0,4.0,1.0,2023-09-29 15:00:00,1.0,0.0,7132.0,1,0.0,1861.016,1.0,1854.741,1860.87,3.0,4.837357142857123,4.0,1.0,1.0,15.0,0.0,0.0,4.0,0.0,2.0,A+
1.0,1852.917,0.0,4.0,1.0,2023-09-29 16:00:00,1.0,0.0,4285.0,0,0.0,1856.417,1.0,1853.638,1854.773,3.0,4.92371428571427,4.0,1.0,1.0,16.0,0.0,0.0,4.0,0.0,2.0,A+
2.0,1847.968,0.0,4.0,0.0,2023-09-29 19:00:00,0.0,0.0,3399.0,0,0.0,1850.232,1.0,1848.23,1848.842,0.0,5.103642857142859,2.0,1.0,2.0,19.0,6.0,0.0,2.0,0.0,2.0,A+
2.0,1845.687,0.0,6.0,0.0,2023-10-01 22:00:00,0.0,0.0,2189.0,1,0.0,1848.678,1.0,1846.467,1847.284,0.0,4.863857142857179,2.0,0.0,2.0,22.0,6.0,0.0,2.0,0.0,2.0,A+
2.0,1846.131,0.0,6.0,0.0,2023-10-01 23:00:00,0.0,0.0,1876.0,0,0.0,1848.415,1.0,1848.314,1846.436,0.0,4.855214285714316,2.0,1.0,2.0,23.0,1.0,0.0,2.0,0.0,2.0,A+
2.0,1845.117,0.0,0.0,0.0,2023-10-02 00:00:00,0.0,0.0,2512.0,1,0.0,1848.885,1.0,1845.462,1848.314,0.0,4.932000000000032,2.0,0.0,2.0,0.0,8.0,0.0,2.0,0.0,2.0,A+
2.0,1842.85,0.0,0.0,0.0,2023-10-02 02:00:00,0.0,0.0,2231.0,0,0.0,1845.042,1.0,1843.991,1843.934,0.0,4.901000000000034,2.0,0.0,2.0,2.0,5.0,0.0,2.0,0.0,2.0,A+
2.0,1843.317,0.0,0.0,0.0,2023-10-02 03:00:00,0.0,0.0,1627.0,0,0.0,1844.808,1.0,1843.436,1843.993,0.0,4.573000000000028,2.0,0.0,2.0,3.0,2.0,0.0,2.0,0.0,2.0,A+
1.0,1848.02,0.0,0.0,1.0,2023-10-09 07:00:00,0.0,0.0,4514.0,0,1.0,1852.565,0.0,1850.426,1849.949,3.0,5.193999999999993,4.0,1.0,1.0,7.0,5.0,1.0,4.0,1.0,2.0,A+
1.0,1848.882,0.0,0.0,1.0,2023-10-09 08:00:00,0.0,0.0,3481.0,1,1.0,1850.909,0.0,1850.409,1850.39,3.0,5.093285714285701,4.0,1.0,1.0,8.0,5.0,1.0,4.0,1.0,2.0,A+
1.0,1844.161,0.0,0.0,1.0,2023-10-09 13:00:00,1.0,0.0,8053.0,1,0.0,1849.415,0.0,1845.294,1847.92,3.0,3.768857142857136,4.0,1.0,1.0,13.0,0.0,1.0,4.0,1.0,2.0,A+
1.0,1845.016,0.0,0.0,1.0,2023-10-09 14:00:00,1.0,0.0,5726.0,1,0.0,1852.413,1.0,1852.029,1845.326,3.0,3.855571428571417,4.0,1.0,1.0,14.0,0.0,1.0,4.0,1.0,2.0,A+
1.0,1863.039,0.0,1.0,1.0,2023-10-10 01:00:00,1.0,0.0,4286.0,0,0.0,1865.198,1.0,1863.694,1864.027,3.0,3.701571428571388,4.0,1.0,1.0,1.0,0.0,1.0,4.0,1.0,2.0,A+
1.0,1855.961,0.0,1.0,1.0,2023-10-10 15:00:00,1.0,0.0,5103.0,1,0.0,1862.258,0.0,1861.253,1856.483,3.0,3.5,4.0,1.0,1.0,15.0,7.0,1.0,4.0,1.0,2.0,A+
1.0,1862.392,0.0,2.0,1.0,2023-10-11 07:00:00,1.0,0.0,5213.0,1,0.0,1868.123,1.0,1867.911,1862.514,3.0,2.4125714285714173,4.0,1.0,1.0,7.0,0.0,1.0,4.0,1.0,2.0,A+
1.0,1866.876,0.0,2.0,1.0,2023-10-11 08:00:00,1.0,0.0,4523.0,1,0.0,1869.805,1.0,1869.534,1867.881,3.0,2.3000714285714303,4.0,1.0,1.0,8.0,0.0,1.0,4.0,1.0,2.0,A+
1.0,1869.046,0.0,2.0,1.0,2023-10-11 09:00:00,1.0,0.0,3586.0,1,0.0,1871.033,1.0,1870.453,1869.528,3.0,2.294714285714268,4.0,1.0,1.0,9.0,0.0,1.0,4.0,1.0,2.0,A+
1.0,1869.893,0.0,2.0,1.0,2023-10-11 10:00:00,1.0,0.0,3666.0,1,0.0,1874.712,1.0,1873.925,1870.465,3.0,2.495142857142842,4.0,1.0,1.0,10.0,0.0,1.0,4.0,1.0,2.0,A+
1.0,1868.115,0.0,2.0,1.0,2023-10-11 13:00:00,1.0,0.0,7722.0,1,0.0,1875.003,0.0,1872.164,1872.805,3.0,3.4169285714285382,4.0,1.0,1.0,13.0,5.0,1.0,4.0,1.0,2.0,A+
2.0,1876.673,0.0,3.0,0.0,2023-10-12 03:00:00,0.0,0.0,2343.0,1,0.0,1878.061,1.0,1877.592,1876.735,0.0,2.897999999999976,2.0,1.0,2.0,3.0,1.0,1.0,2.0,1.0,2.0,A+
2.0,1880.552,0.0,3.0,0.0,2023-10-12 10:00:00,0.0,0.0,2929.0,1,0.0,1882.643,1.0,1881.332,1880.924,0.0,2.3567142857142795,2.0,1.0,2.0,10.0,4.0,1.0,2.0,1.0,2.0,A+
1.0,1876.748,0.0,4.0,1.0,2023-10-13 07:00:00,1.0,0.0,4540.0,1,0.0,1883.071,0.0,1882.093,1876.898,3.0,2.48178571428569,4.0,1.0,1.0,7.0,1.0,1.0,4.0,1.0,2.0,A+
1.0,1881.87,0.0,4.0,1.0,2023-10-13 08:00:00,1.0,0.0,4001.0,1,0.0,1884.907,1.0,1883.809,1882.112,3.0,2.4129999999999785,4.0,1.0,1.0,8.0,0.0,1.0,4.0,1.0,2.0,A+
1.0,1882.439,0.0,4.0,1.0,2023-10-13 09:00:00,1.0,0.0,4267.0,1,0.0,1888.143,1.0,1887.545,1883.779,3.0,2.623999999999975,4.0,1.0,1.0,9.0,0.0,1.0,4.0,1.0,2.0,A+
2.0,1927.621,0.0,4.0,0.0,2023-10-13 18:00:00,0.0,0.0,3580.0,0,0.0,1930.698,1.0,1928.633,1928.316,0.0,6.836999999999989,2.0,0.0,2.0,18.0,5.0,1.0,2.0,1.0,2.0,A+
1.0,1908.144,0.0,0.0,1.0,2023-10-16 07:00:00,1.0,0.0,5735.0,1,0.0,1912.325,0.0,1911.418,1909.891,3.0,4.183357142857143,4.0,1.0,1.0,7.0,0.0,1.0,4.0,1.0,2.0,A+
1.0,1914.733,0.0,0.0,1.0,2023-10-16 11:00:00,1.0,0.0,4258.0,1,0.0,1918.177,0.0,1915.566,1917.913,3.0,4.492500000000015,4.0,1.0,1.0,11.0,2.0,1.0,4.0,1.0,2.0,A+
1.0,1914.38,0.0,0.0,1.0,2023-10-16 13:00:00,1.0,0.0,8304.0,1,0.0,1921.173,0.0,1917.94,1918.698,3.0,4.557428571428561,4.0,1.0,1.0,13.0,5.0,1.0,4.0,1.0,2.0,A+
1.0,1916.19,0.0,0.0,1.0,2023-10-16 14:00:00,1.0,0.0,7753.0,1,0.0,1920.349,0.0,1918.111,1917.913,3.0,4.53199999999999,4.0,1.0,1.0,14.0,5.0,1.0,4.0,1.0,2.0,A+
1.0,1922.68,0.0,1.0,1.0,2023-10-17 14:00:00,1.0,0.0,8765.0,0,0.0,1930.88,0.0,1924.001,1927.826,3.0,4.578071428571434,4.0,1.0,1.0,14.0,2.0,1.0,4.0,1.0,2.0,A+
1.0,1926.858,0.0,2.0,1.0,2023-10-18 01:00:00,1.0,0.0,5584.0,0,0.0,1940.303,1.0,1938.954,1927.372,3.0,5.291285714285745,4.0,0.0,1.0,1.0,0.0,1.0,4.0,1.0,2.0,A+
1.0,1944.163,0.0,2.0,1.0,2023-10-18 11:00:00,1.0,0.0,3962.0,1,0.0,1947.448,1.0,1946.101,1945.203,3.0,4.369500000000016,4.0,0.0,1.0,11.0,0.0,1.0,4.0,1.0,2.0,A+
1.0,1944.794,0.0,2.0,1.0,2023-10-18 12:00:00,1.0,0.0,7203.0,1,1.0,1950.051,1.0,1948.805,1946.089,4.0,4.576357142857156,5.0,1.0,1.0,12.0,0.0,1.0,5.0,1.0,2.3333333333333335,A+
1.0,1943.385,0.0,2.0,1.0,2023-10-18 14:00:00,1.0,0.0,11194.0,0,0.0,1958.712,0.0,1946.929,1957.048,3.0,6.353499999999989,4.0,1.0,1.0,14.0,2.0,1.0,4.0,1.0,2.0,A+
1.0,1938.057,0.0,2.0,1.0,2023-10-18 15:00:00,1.0,0.0,8088.0,1,0.0,1947.396,0.0,1945.112,1946.895,3.0,6.060214285714259,4.0,1.0,1.0,15.0,0.0,1.0,4.0,1.0,2.0,A+
1.0,1944.568,0.0,2.0,1.0,2023-10-18 16:00:00,1.0,0.0,4925.0,1,1.0,1950.446,0.0,1949.758,1945.138,4.0,5.982571428571402,5.0,1.0,1.0,16.0,7.0,1.0,5.0,1.0,2.3333333333333335,A+
1.0,1947.598,0.0,3.0,1.0,2023-10-19 07:00:00,1.0,0.0,5307.0,1,1.0,1952.757,0.0,1949.455,1947.931,4.0,4.113571428571423,5.0,1.0,1.0,7.0,4.0,1.0,5.0,1.0,2.3333333333333335,A+
1.0,1947.929,0.0,3.0,1.0,2023-10-19 08:00:00,1.0,0.0,5050.0,1,1.0,1954.466,0.0,1949.641,1949.427,4.0,4.075285714285688,5.0,1.0,1.0,8.0,5.0,1.0,5.0,1.0,2.3333333333333335,A+
1.0,1947.817,0.0,3.0,1.0,2023-10-19 09:00:00,0.0,0.0,3925.0,1,1.0,1950.722,0.0,1950.652,1949.628,3.0,3.902571428571394,4.0,1.0,1.0,9.0,3.0,1.0,4.0,1.0,2.0,A+
1.0,1976.504,0.0,4.0,1.0,2023-10-20 13:00:00,1.0,0.0,9079.0,1,0.0,1987.981,1.0,1987.096,1978.21,3.0,5.299571428571442,4.0,0.0,1.0,13.0,0.0,1.0,4.0,1.0,2.0,A+
1.0,1984.147,0.0,4.0,1.0,2023-10-20 14:00:00,1.0,0.0,9922.0,1,0.0,1991.278,1.0,1990.865,1987.064,3.0,5.552071428571447,4.0,0.0,1.0,14.0,0.0,1.0,4.0,1.0,2.0,A+
1.0,1981.11,0.0,4.0,1.0,2023-10-20 16:00:00,1.0,0.0,6614.0,1,0.0,1992.386,0.0,1982.624,1991.588,3.0,6.074500000000024,4.0,1.0,1.0,16.0,8.0,1.0,4.0,1.0,2.0,A+
1.0,1974.232,0.0,4.0,1.0,2023-10-20 17:00:00,1.0,0.0,9294.0,0,0.0,1986.693,0.0,1982.447,1982.631,3.0,6.731071428571454,4.0,1.0,1.0,17.0,5.0,1.0,4.0,1.0,2.0,A+
1.0,1984.04,0.0,3.0,1.0,2023-10-26 17:00:00,1.0,0.0,5478.0,0,0.0,1989.254,0.0,1986.9,1984.139,3.0,5.649214285714281,4.0,1.0,1.0,17.0,0.0,1.0,4.0,1.0,2.0,A+
1.0,1983.009,0.0,4.0,1.0,2023-10-27 17:00:00,1.0,0.0,6411.0,1,0.0,1996.966,1.0,1996.674,1983.599,3.0,5.052142857142859,4.0,1.0,1.0,17.0,0.0,1.0,4.0,1.0,2.0,A+
1.0,1991.975,0.0,0.0,1.0,2023-10-30 14:00:00,1.0,0.0,9883.0,1,0.0,2002.422,0.0,1997.074,1998.424,3.0,4.46942857142858,4.0,1.0,1.0,14.0,5.0,1.0,4.0,1.0,2.0,A+
1.0,1996.234,0.0,0.0,1.0,2023-10-30 15:00:00,1.0,0.0,5558.0,1,1.0,2000.339,0.0,1999.059,1997.042,4.0,4.529571428571444,5.0,1.0,1.0,15.0,1.0,1.0,5.0,1.0,2.3333333333333335,A+
1.0,1991.695,0.0,1.0,1.0,2023-10-31 03:00:00,1.0,0.0,4686.0,1,0.0,1995.02,1.0,1992.16,1994.508,3.0,3.666785714285749,4.0,1.0,1.0,3.0,0.0,1.0,4.0,1.0,2.0,A+
1.0,1983.226,0.0,1.0,1.0,2023-10-31 17:00:00,1.0,0.0,6241.0,1,0.0,1991.23,1.0,1984.151,1990.761,3.0,5.115142857142863,4.0,1.0,1.0,17.0,0.0,1.0,4.0,1.0,2.0,A+
1.0,1978.798,0.0,3.0,1.0,2023-11-02 15:00:00,1.0,0.0,5838.0,1,0.0,1984.946,0.0,1981.14,1984.272,3.0,3.6887857142856513,4.0,1.0,1.0,15.0,0.0,0.0,4.0,0.0,2.0,A+
1.0,1984.583,0.0,4.0,1.0,2023-11-03 07:00:00,1.0,0.0,3764.0,1,0.0,1989.045,0.0,1986.525,1987.541,3.0,2.454785714285696,4.0,1.0,1.0,7.0,2.0,0.0,4.0,0.0,2.0,A+
1.0,1988.579,0.0,4.0,1.0,2023-11-03 14:00:00,1.0,0.0,11815.0,0,0.0,1999.062,0.0,1994.41,1995.434,3.0,5.122642857142864,4.0,1.0,1.0,14.0,5.0,1.0,4.0,1.0,2.0,A+
1.0,1956.158,0.0,3.0,1.0,2023-11-09 19:00:00,1.0,0.0,6064.0,1,0.0,1963.019,0.0,1958.349,1962.996,3.0,5.024857142857172,4.0,1.0,1.0,19.0,2.0,0.0,4.0,0.0,2.0,A+
2.0,1934.949,0.0,4.0,0.0,2023-11-10 19:00:00,0.0,0.0,3223.0,1,0.0,1937.298,1.0,1935.44,1935.942,0.0,4.434714285714287,2.0,1.0,2.0,19.0,6.0,0.0,2.0,0.0,2.0,A+
1.0,1946.176,0.0,1.0,1.0,2023-11-14 10:00:00,1.0,0.0,3255.0,1,0.0,1948.089,1.0,1946.814,1947.089,3.0,1.7437857142857152,4.0,1.0,1.0,10.0,0.0,0.0,4.0,0.0,2.0,A+
1.0,1963.141,0.0,1.0,1.0,2023-11-14 16:00:00,1.0,0.0,5353.0,0,0.0,1966.556,0.0,1964.138,1964.349,3.0,4.830928571428558,4.0,1.0,1.0,16.0,5.0,0.0,4.0,0.0,2.0,A+
1.0,1969.75,0.0,2.0,1.0,2023-11-15 08:00:00,1.0,0.0,4382.0,1,0.0,1972.495,1.0,1971.467,1970.288,3.0,2.1983571428571134,4.0,1.0,1.0,8.0,0.0,1.0,4.0,1.0,2.0,A+
1.0,1985.115,0.0,4.0,1.0,2023-11-17 03:00:00,0.0,1.0,3133.0,0,0.0,1986.831,1.0,1986.573,1985.293,3.0,4.244500000000032,4.0,0.0,1.0,3.0,0.0,1.0,4.0,1.0,2.0,A+
1.0,1988.135,0.0,4.0,1.0,2023-11-17 09:00:00,1.0,0.0,4189.0,0,0.0,1992.387,1.0,1991.244,1988.661,3.0,2.757714285714282,4.0,0.0,1.0,9.0,0.0,1.0,4.0,1.0,2.0,A+
2.0,1979.664,0.0,4.0,0.0,2023-11-17 19:00:00,0.0,0.0,2884.0,0,0.0,1981.958,1.0,1980.321,1981.928,0.0,4.2211428571428895,2.0,1.0,2.0,19.0,2.0,1.0,2.0,1.0,2.0,A+
2.0,1978.954,0.0,4.0,0.0,2023-11-17 20:00:00,0.0,0.0,2770.0,0,0.0,1981.021,1.0,1980.733,1980.368,0.0,4.222214285714309,2.0,1.0,2.0,20.0,3.0,1.0,2.0,1.0,2.0,A+
1.0,1979.684,0.0,0.0,1.0,2023-11-20 02:00:00,1.0,0.0,4237.0,0,0.0,1985.122,0.0,1982.804,1981.094,3.0,4.355000000000018,4.0,1.0,1.0,2.0,0.0,1.0,4.0,1.0,2.0,A+
1.0,1976.223,0.0,0.0,1.0,2023-11-20 09:00:00,1.0,0.0,4277.0,0,0.0,1980.526,0.0,1979.23,1976.952,3.0,3.629071428571462,4.0,1.0,1.0,9.0,1.0,1.0,4.0,1.0,2.0,A+
1.0,1970.531,0.0,0.0,1.0,2023-11-20 12:00:00,1.0,0.0,4607.0,0,0.0,1973.379,1.0,1972.431,1973.311,3.0,4.064857142857152,4.0,1.0,1.0,12.0,0.0,1.0,4.0,1.0,2.0,A+
1.0,1965.588,0.0,0.0,1.0,2023-11-20 13:00:00,1.0,0.0,6829.0,1,0.0,1973.185,1.0,1968.18,1972.365,3.0,4.142142857142858,4.0,1.0,1.0,13.0,0.0,1.0,4.0,1.0,2.0,A+
1.0,1990.404,0.0,1.0,1.0,2023-11-21 07:00:00,1.0,0.0,4287.0,1,0.0,1993.597,1.0,1992.302,1990.752,3.0,3.694999999999985,4.0,1.0,1.0,7.0,0.0,1.0,4.0,1.0,2.0,A+
1.0,1986.513,0.0,1.0,1.0,2023-11-21 08:00:00,1.0,0.0,5172.0,0,0.0,1994.243,0.0,1987.808,1992.359,3.0,3.977785714285704,4.0,1.0,1.0,8.0,2.0,1.0,4.0,1.0,2.0,A+
1.0,1984.247,0.0,1.0,1.0,2023-11-21 09:00:00,1.0,0.0,4684.0,1,0.0,1988.58,0.0,1985.348,1987.814,3.0,3.891785714285691,4.0,1.0,1.0,9.0,0.0,1.0,4.0,1.0,2.0,A+
1.0,1986.601,0.0,1.0,1.0,2023-11-21 12:00:00,1.0,1.0,4294.0,1,0.0,1989.364,0.0,1989.107,1987.216,4.0,4.168642857142832,5.0,1.0,1.0,12.0,7.0,1.0,5.0,1.0,2.3333333333333335,A+
1.0,1989.166,0.0,1.0,1.0,2023-11-21 13:00:00,1.0,1.0,7925.0,1,1.0,2000.206,1.0,1997.546,1989.166,5.0,4.687142857142833,6.0,1.0,1.0,13.0,0.0,1.0,6.0,1.0,2.6666666666666665,A+
1.0,1997.231,0.0,1.0,1.0,2023-11-21 14:00:00,1.0,1.0,7971.0,0,0.0,2007.294,1.0,2005.283,1997.583,4.0,4.976785714285695,5.0,1.0,1.0,14.0,0.0,1.0,5.0,1.0,2.3333333333333335,A+
1.0,1999.049,0.0,1.0,0.0,2023-11-21 17:00:00,0.0,1.0,4119.0,0,1.0,2001.589,0.0,2001.404,2001.076,3.0,4.903071428571447,4.0,1.0,1.0,17.0,3.0,1.0,4.0,1.0,2.0,A+
1.0,1997.777,0.0,1.0,1.0,2023-11-21 18:00:00,0.0,1.0,4405.0,1,1.0,2001.795,0.0,1998.611,2001.411,4.0,4.981642857142869,5.0,1.0,1.0,18.0,2.0,1.0,5.0,1.0,2.3333333333333335,A+
1.0,1996.131,0.0,1.0,1.0,2023-11-21 19:00:00,0.0,1.0,4560.0,0,1.0,2000.619,0.0,2000.021,1998.574,4.0,5.130071428571422,5.0,1.0,1.0,19.0,3.0,1.0,5.0,1.0,2.3333333333333335,A+
1.0,1995.462,0.0,2.0,1.0,2023-11-22 02:00:00,0.0,1.0,3548.0,1,0.0,1997.627,0.0,1996.731,1996.092,3.0,4.190214285714286,4.0,1.0,1.0,2.0,0.0,1.0,4.0,1.0,2.0,A+
1.0,1996.17,0.0,2.0,0.0,2023-11-22 04:00:00,0.0,1.0,2750.0,1,1.0,2000.308,0.0,1999.305,1996.461,3.0,3.6525,4.0,1.0,1.0,4.0,1.0,1.0,4.0,1.0,2.0,A+
1.0,1998.186,0.0,2.0,1.0,2023-11-22 06:00:00,1.0,1.0,4423.0,1,1.0,2001.231,0.0,2000.795,1998.769,5.0,3.038071428571421,6.0,1.0,1.0,6.0,7.0,1.0,6.0,1.0,2.6666666666666665,A+
1.0,1999.253,0.0,2.0,1.0,2023-11-22 08:00:00,1.0,0.0,5108.0,1,1.0,2006.394,0.0,1999.668,2003.629,4.0,3.164785714285716,5.0,1.0,1.0,8.0,0.0,1.0,5.0,1.0,2.3333333333333335,A+
1.0,2000.379,0.0,2.0,1.0,2023-11-22 11:00:00,0.0,0.0,3636.0,1,1.0,2003.381,0.0,2000.6,2001.041,3.0,3.21392857142858,4.0,1.0,1.0,11.0,6.0,1.0,4.0,1.0,2.0,A+
1.0,1996.738,0.0,2.0,1.0,2023-11-22 13:00:00,1.0,0.0,6410.0,1,1.0,2003.21,0.0,1999.114,2001.944,4.0,3.6840000000000015,5.0,1.0,1.0,13.0,2.0,1.0,5.0,1.0,2.3333333333333335,A+
1.0,1989.885,0.0,2.0,1.0,2023-11-22 15:00:00,1.0,0.0,7979.0,0,0.0,2001.654,0.0,1994.901,2001.654,3.0,4.411142857142863,4.0,1.0,1.0,15.0,8.0,1.0,4.0,1.0,2.0,A+
1.0,1990.021,0.0,2.0,1.0,2023-11-22 16:00:00,1.0,0.0,4911.0,0,0.0,1995.478,1.0,1991.028,1994.896,3.0,4.646285714285731,4.0,1.0,1.0,16.0,0.0,1.0,4.0,1.0,2.0,A+
1.0,2008.389,0.0,0.0,1.0,2023-11-27 04:00:00,0.0,1.0,3882.0,0,0.0,2013.63,0.0,2012.897,2009.531,3.0,4.656928571428596,4.0,1.0,1.0,4.0,1.0,1.0,4.0,1.0,2.0,A+
1.0,2009.462,0.0,0.0,1.0,2023-11-27 07:00:00,1.0,1.0,4143.0,1,0.0,2011.272,0.0,2010.854,2009.627,3.0,4.41828571428573,4.0,1.0,1.0,7.0,1.0,1.0,4.0,1.0,2.0,A+
1.0,2005.668,0.0,0.0,1.0,2023-11-27 16:00:00,1.0,0.0,5989.0,1,0.0,2011.231,0.0,2010.754,2010.255,3.0,3.8765714285714727,4.0,1.0,1.0,16.0,0.0,1.0,4.0,1.0,2.0,A+
1.0,2013.812,0.0,1.0,1.0,2023-11-28 01:00:00,1.0,1.0,4422.0,0,0.0,2018.021,1.0,2015.479,2017.128,4.0,3.4265000000000327,5.0,1.0,1.0,1.0,0.0,1.0,5.0,1.0,2.3333333333333335,A+
1.0,2012.477,0.0,1.0,1.0,2023-11-28 08:00:00,1.0,1.0,4366.0,1,0.0,2015.69,1.0,2015.32,2013.519,4.0,2.779500000000017,5.0,1.0,1.0,8.0,0.0,1.0,5.0,1.0,2.3333333333333335,A+
1.0,2044.345,0.0,2.0,1.0,2023-11-29 05:00:00,0.0,1.0,4225.0,0,0.0,2048.966,0.0,2045.906,2046.16,3.0,4.6123571428571495,4.0,1.0,1.0,5.0,5.0,1.0,4.0,1.0,2.0,A+
1.0,2041.27,0.0,2.0,1.0,2023-11-29 08:00:00,1.0,0.0,4827.0,0,0.0,2044.082,0.0,2042.727,2042.413,3.0,3.71378571428571,4.0,1.0,1.0,8.0,5.0,1.0,4.0,1.0,2.0,A+
1.0,2037.267,0.0,2.0,1.0,2023-11-29 13:00:00,1.0,1.0,7915.0,1,0.0,2042.941,0.0,2039.078,2041.362,4.0,4.276357142857104,5.0,1.0,1.0,13.0,2.0,1.0,5.0,1.0,2.3333333333333335,A+
1.0,2037.055,0.0,2.0,1.0,2023-11-29 14:00:00,1.0,1.0,8931.0,1,0.0,2045.63,0.0,2044.274,2039.064,4.0,4.399928571428551,5.0,1.0,1.0,14.0,1.0,1.0,5.0,1.0,2.3333333333333335,A+
1.0,2043.068,0.0,3.0,1.0,2023-11-30 01:00:00,0.0,1.0,4014.0,1,0.0,2046.691,0.0,2043.327,2046.623,3.0,4.088999999999958,4.0,1.0,1.0,1.0,2.0,1.0,4.0,1.0,2.0,A+
1.0,2043.104,0.0,3.0,1.0,2023-11-30 04:00:00,0.0,1.0,3404.0,1,0.0,2046.617,0.0,2044.502,2046.065,3.0,3.979428571428538,4.0,1.0,1.0,4.0,2.0,1.0,4.0,1.0,2.0,A+
1.0,2041.617,0.0,3.0,1.0,2023-11-30 06:00:00,0.0,1.0,3572.0,0,0.0,2045.825,0.0,2045.825,2041.632,3.0,3.3434285714285386,4.0,1.0,1.0,6.0,1.0,1.0,4.0,1.0,2.0,A+
1.0,2043.159,0.0,4.0,1.0,2023-12-01 10:00:00,0.0,1.0,3863.0,0,0.0,2047.202,0.0,2043.725,2046.348,3.0,3.2178571428571394,4.0,1.0,1.0,10.0,8.0,1.0,4.0,1.0,2.0,A+
1.0,2033.825,0.0,4.0,1.0,2023-12-01 12:00:00,1.0,1.0,4778.0,1,0.0,2038.534,0.0,2035.917,2037.064,4.0,3.855357142857137,5.0,1.0,1.0,12.0,0.0,1.0,5.0,1.0,2.3333333333333335,A+
1.0,2034.983,0.0,4.0,1.0,2023-12-01 13:00:00,1.0,1.0,6126.0,1,0.0,2039.301,0.0,2037.582,2035.957,4.0,3.8452142857142753,5.0,1.0,1.0,13.0,7.0,1.0,5.0,1.0,2.3333333333333335,A+
1.0,2044.606,0.0,4.0,1.0,2023-12-01 16:00:00,1.0,0.0,12504.0,1,0.0,2060.636,1.0,2058.796,2049.336,3.0,5.826785714285718,4.0,1.0,1.0,16.0,0.0,1.0,4.0,1.0,2.0,A+
1.0,2083.754,0.0,0.0,1.0,2023-12-04 05:00:00,0.0,1.0,4539.0,1,0.0,2090.49,0.0,2085.985,2085.389,3.0,14.196785714285722,4.0,1.0,1.0,5.0,1.0,1.0,4.0,1.0,2.0,A+
1.0,2073.806,0.0,0.0,1.0,2023-12-04 06:00:00,0.0,1.0,6828.0,0,0.0,2087.942,0.0,2076.522,2086.037,3.0,14.395642857142857,4.0,1.0,1.0,6.0,2.0,1.0,4.0,1.0,2.0,A+
1.0,2025.523,0.0,3.0,1.0,2023-12-07 16:00:00,1.0,0.0,6056.0,1,0.0,2030.825,1.0,2026.472,2029.254,3.0,4.813428571428566,4.0,1.0,1.0,16.0,0.0,0.0,4.0,0.0,2.0,A+
1.0,1980.013,0.0,1.0,1.0,2023-12-12 14:00:00,1.0,0.0,10092.0,1,0.0,1989.823,0.0,1981.801,1984.419,3.0,4.256285714285744,4.0,1.0,1.0,14.0,6.0,0.0,4.0,0.0,2.0,A+
1.0,1980.418,0.0,1.0,1.0,2023-12-12 15:00:00,1.0,0.0,6880.0,1,0.0,1984.54,0.0,1981.571,1981.831,3.0,4.309142857142888,4.0,1.0,1.0,15.0,5.0,0.0,4.0,0.0,2.0,A+
1.0,1977.474,0.0,1.0,1.0,2023-12-12 18:00:00,1.0,0.0,5138.0,1,0.0,1980.671,1.0,1979.004,1977.712,3.0,4.599285714285737,4.0,1.0,1.0,18.0,0.0,0.0,4.0,0.0,2.0,A+
1.0,1979.642,0.0,2.0,1.0,2023-12-13 01:00:00,0.0,1.0,3657.0,0,0.0,1981.599,1.0,1980.08,1980.746,3.0,4.04485714285717,4.0,1.0,1.0,1.0,0.0,0.0,4.0,0.0,2.0,A+
1.0,1977.866,0.0,2.0,1.0,2023-12-13 02:00:00,0.0,1.0,3224.0,0,0.0,1980.357,1.0,1979.319,1980.063,3.0,4.039428571428597,4.0,1.0,1.0,2.0,0.0,0.0,4.0,0.0,2.0,A+
1.0,2029.935,0.0,3.0,1.0,2023-12-14 01:00:00,1.0,0.0,9019.0,1,0.0,2038.216,0.0,2032.389,2038.001,3.0,7.784000000000008,4.0,1.0,1.0,1.0,2.0,1.0,4.0,1.0,2.0,A+
1.0,2041.125,0.0,4.0,1.0,2023-12-15 10:00:00,0.0,1.0,4009.0,0,0.0,2044.372,0.0,2042.561,2042.599,3.0,3.164928571428618,4.0,0.0,1.0,10.0,5.0,1.0,4.0,1.0,2.0,A+
1.0,2022.54,0.0,1.0,1.0,2023-12-19 05:00:00,0.0,1.0,3503.0,1,0.0,2025.129,0.0,2024.034,2024.139,3.0,3.801142857142882,4.0,1.0,1.0,5.0,5.0,1.0,4.0,1.0,2.0,A+
1.0,2022.863,0.0,1.0,1.0,2023-12-19 07:00:00,1.0,1.0,4997.0,1,0.0,2026.322,0.0,2024.753,2024.797,4.0,3.6607142857142856,5.0,1.0,1.0,7.0,5.0,1.0,5.0,1.0,2.3333333333333335,A+
1.0,2023.827,0.0,1.0,1.0,2023-12-19 08:00:00,1.0,0.0,4386.0,0,0.0,2028.412,0.0,2026.99,2024.721,3.0,3.109571428571436,4.0,1.0,1.0,8.0,1.0,1.0,4.0,1.0,2.0,A+
1.0,2028.449,0.0,1.0,1.0,2023-12-19 13:00:00,1.0,0.0,5795.0,1,0.0,2032.665,0.0,2029.945,2029.431,3.0,3.009714285714284,4.0,1.0,1.0,13.0,5.0,1.0,4.0,1.0,2.0,A+
1.0,2028.881,0.0,1.0,1.0,2023-12-19 14:00:00,1.0,0.0,7645.0,1,0.0,2042.191,1.0,2041.326,2029.992,3.0,3.756285714285712,4.0,1.0,1.0,14.0,0.0,1.0,4.0,1.0,2.0,A+
1.0,2039.011,0.0,1.0,1.0,2023-12-19 15:00:00,1.0,0.0,7680.0,1,0.0,2045.462,0.0,2041.741,2041.381,3.0,4.060285714285718,4.0,1.0,1.0,15.0,5.0,1.0,4.0,1.0,2.0,A+
1.0,2040.175,0.0,1.0,1.0,2023-12-19 17:00:00,1.0,0.0,4519.0,1,0.0,2045.439,0.0,2040.355,2044.318,3.0,4.398499999999997,4.0,1.0,1.0,17.0,2.0,1.0,4.0,1.0,2.0,A+
1.0,2040.458,0.0,2.0,1.0,2023-12-20 06:00:00,0.0,1.0,3396.0,1,0.0,2042.396,0.0,2040.981,2041.143,3.0,2.686571428571418,4.0,1.0,1.0,6.0,5.0,1.0,4.0,1.0,2.0,A+
1.0,2040.677,0.0,2.0,1.0,2023-12-20 07:00:00,1.0,1.0,4404.0,0,0.0,2043.445,0.0,2042.264,2040.982,4.0,2.4664999999999964,5.0,1.0,1.0,7.0,0.0,1.0,5.0,1.0,2.3333333333333335,A+
1.0,2039.744,0.0,2.0,1.0,2023-12-20 08:00:00,0.0,1.0,4092.0,0,0.0,2042.209,0.0,2040.951,2042.209,3.0,2.2704999999999864,4.0,1.0,1.0,8.0,8.0,1.0,4.0,1.0,2.0,A+
1.0,2037.02,0.0,3.0,1.0,2023-12-21 14:00:00,1.0,1.0,9533.0,1,0.0,2045.976,0.0,2042.037,2041.426,4.0,4.081142857142855,5.0,1.0,1.0,14.0,5.0,1.0,5.0,1.0,2.3333333333333335,A+
1.0,2040.31,0.0,3.0,1.0,2023-12-21 17:00:00,1.0,1.0,4447.0,1,0.0,2043.848,0.0,2040.96,2041.671,4.0,4.521214285714271,5.0,1.0,1.0,17.0,2.0,1.0,5.0,1.0,2.3333333333333335,A+
1.0,2046.948,0.0,4.0,1.0,2023-12-22 00:00:00,1.0,0.0,4607.0,1,0.0,2053.914,0.0,2048.125,2052.788,3.0,5.568571428571464,4.0,1.0,1.0,0.0,2.0,1.0,4.0,1.0,2.0,A+
1.0,2046.753,0.0,4.0,1.0,2023-12-22 01:00:00,1.0,0.0,4804.0,1,1.0,2051.269,0.0,2048.72,2048.171,4.0,5.670714285714309,5.0,1.0,1.0,1.0,5.0,1.0,5.0,1.0,2.3333333333333335,A+
1.0,2047.487,0.0,4.0,1.0,2023-12-22 07:00:00,0.0,0.0,3746.0,1,1.0,2050.882,0.0,2049.94,2047.651,3.0,3.996285714285721,4.0,1.0,1.0,7.0,1.0,1.0,4.0,1.0,2.0,A+
1.0,2051.084,0.0,4.0,1.0,2023-12-22 16:00:00,1.0,0.0,7260.0,1,0.0,2062.171,0.0,2053.308,2060.786,3.0,5.594142857142807,4.0,1.0,1.0,16.0,0.0,1.0,4.0,1.0,2.0,A+
1.0,2061.277,0.0,1.0,1.0,2023-12-26 05:00:00,0.0,1.0,2279.0,1,0.0,2064.445,0.0,2062.56,2063.99,3.0,4.472000000000013,4.0,1.0,1.0,5.0,2.0,1.0,4.0,1.0,2.0,A+
1.0,2062.809,0.0,1.0,1.0,2023-12-26 07:00:00,0.0,1.0,2603.0,0,0.0,2064.587,0.0,2064.132,2063.974,3.0,3.211428571428574,4.0,1.0,1.0,7.0,5.0,1.0,4.0,1.0,2.0,A+
1.0,2061.063,0.0,1.0,1.0,2023-12-26 08:00:00,0.0,1.0,2400.0,0,0.0,2064.49,0.0,2061.338,2064.153,3.0,3.200214285714245,4.0,1.0,1.0,8.0,2.0,1.0,4.0,1.0,2.0,A+
1.0,2054.445,0.0,1.0,1.0,2023-12-26 14:00:00,1.0,1.0,4136.0,1,0.0,2061.863,0.0,2056.965,2058.744,4.0,3.353285714285643,5.0,1.0,1.0,14.0,0.0,1.0,5.0,1.0,2.3333333333333335,A+
1.0,2057.296,0.0,1.0,1.0,2023-12-26 18:00:00,1.0,1.0,2960.0,1,0.0,2059.938,0.0,2058.289,2057.713,4.0,3.187714285714232,5.0,1.0,1.0,18.0,4.0,1.0,5.0,1.0,2.3333333333333335,A+
1.0,2061.484,0.0,1.0,1.0,2023-12-26 20:00:00,1.0,1.0,3183.0,0,0.0,2068.594,1.0,2068.283,2061.65,4.0,3.528785714285667,5.0,1.0,1.0,20.0,0.0,1.0,5.0,1.0,2.3333333333333335,A+
1.0,2063.897,0.0,2.0,1.0,2023-12-27 00:00:00,1.0,1.0,3405.0,1,0.0,2066.534,0.0,2065.572,2065.846,4.0,3.5672857142857475,5.0,1.0,1.0,0.0,5.0,1.0,5.0,1.0,2.3333333333333335,A+
1.0,2064.768,0.0,2.0,1.0,2023-12-27 02:00:00,1.0,1.0,3446.0,1,0.0,2067.185,0.0,2065.355,2066.697,4.0,3.7067857142857457,5.0,1.0,1.0,2.0,8.0,1.0,5.0,1.0,2.3333333333333335,A+
1.0,2064.352,0.0,2.0,1.0,2023-12-27 06:00:00,1.0,1.0,3359.0,1,0.0,2067.41,0.0,2065.101,2064.642,4.0,3.014285714285766,5.0,1.0,1.0,6.0,4.0,1.0,5.0,1.0,2.3333333333333335,A+
1.0,2065.758,0.0,2.0,1.0,2023-12-27 08:00:00,1.0,1.0,3816.0,1,0.0,2068.32,1.0,2067.324,2065.94,4.0,2.8715714285714773,5.0,1.0,1.0,8.0,0.0,1.0,5.0,1.0,2.3333333333333335,A+
1.0,2067.2,0.0,2.0,0.0,2023-12-27 09:00:00,1.0,1.0,3109.0,0,0.0,2069.259,1.0,2068.271,2067.346,3.0,2.829928571428614,4.0,1.0,1.0,9.0,0.0,1.0,4.0,1.0,2.0,A+
1.0,2061.469,0.0,2.0,1.0,2023-12-27 10:00:00,1.0,1.0,4058.0,1,0.0,2068.615,0.0,2064.633,2068.259,4.0,3.0697857142857368,5.0,1.0,1.0,10.0,0.0,1.0,5.0,1.0,2.3333333333333335,A+
1.0,2064.501,0.0,2.0,1.0,2023-12-27 11:00:00,1.0,1.0,3377.0,1,0.0,2068.794,1.0,2068.064,2064.626,4.0,2.868571428571418,5.0,1.0,1.0,11.0,0.0,1.0,5.0,1.0,2.3333333333333335,A+
1.0,2066.586,0.0,2.0,1.0,2023-12-27 14:00:00,1.0,0.0,5749.0,1,0.0,2072.286,1.0,2070.222,2068.238,3.0,3.3618571428570965,4.0,1.0,1.0,14.0,0.0,1.0,4.0,1.0,2.0,A+
1.0,2068.9,0.0,2.0,1.0,2023-12-27 15:00:00,1.0,0.0,7714.0,1,0.0,2081.885,1.0,2078.816,2070.184,3.0,4.082714285714246,4.0,1.0,1.0,15.0,0.0,1.0,4.0,1.0,2.0,A+
1.0,2076.608,0.0,2.0,1.0,2023-12-27 16:00:00,1.0,0.0,5563.0,0,0.0,2082.366,1.0,2081.608,2078.786,3.0,4.321357142857096,4.0,1.0,1.0,16.0,0.0,1.0,4.0,1.0,2.0,A+
1.0,2079.579,0.0,3.0,1.0,2023-12-28 01:00:00,1.0,1.0,4776.0,1,0.0,2087.755,1.0,2086.993,2079.654,4.0,4.9310714285714505,5.0,1.0,1.0,1.0,0.0,1.0,5.0,1.0,2.3333333333333335,A+
1.0,2084.643,0.0,3.0,1.0,2023-12-28 05:00:00,0.0,1.0,3639.0,0,0.0,2087.514,1.0,2085.776,2086.512,3.0,4.236428571428665,4.0,1.0,1.0,5.0,0.0,1.0,4.0,1.0,2.0,A+
1.0,2076.584,0.0,3.0,1.0,2023-12-28 08:00:00,1.0,1.0,5640.0,1,0.0,2086.408,0.0,2077.396,2086.146,3.0,3.825000000000078,4.0,1.0,1.0,8.0,2.0,1.0,4.0,1.0,2.0,A+
1.0,2071.971,0.0,3.0,1.0,2023-12-28 13:00:00,1.0,0.0,6076.0,1,0.0,2079.035,1.0,2072.965,2076.379,3.0,4.428928571428612,4.0,1.0,1.0,13.0,0.0,1.0,4.0,1.0,2.0,A+
1.0,2075.596,0.0,3.0,1.0,2023-12-28 15:00:00,1.0,0.0,6370.0,0,0.0,2081.134,0.0,2077.235,2078.835,3.0,4.624642857142882,4.0,1.0,1.0,15.0,0.0,1.0,4.0,1.0,2.0,A+
1.0,2073.057,0.0,3.0,1.0,2023-12-28 16:00:00,1.0,0.0,5307.0,0,0.0,2077.324,1.0,2074.135,2077.186,3.0,4.716642857142882,4.0,1.0,1.0,16.0,0.0,1.0,4.0,1.0,2.0,A+
1.0,2073.451,0.0,1.0,1.0,2024-01-02 10:00:00,1.0,1.0,4151.0,0,0.0,2077.753,1.0,2075.949,2077.048,4.0,3.8155714285714697,5.0,1.0,1.0,10.0,0.0,1.0,5.0,1.0,2.3333333333333335,A+
1.0,2064.8,0.0,1.0,1.0,2024-01-02 13:00:00,1.0,1.0,7266.0,0,0.0,2071.008,0.0,2066.272,2067.824,3.0,4.474571428571478,4.0,1.0,1.0,13.0,6.0,1.0,4.0,1.0,2.0,A+
1.0,2044.099,0.0,4.0,1.0,2024-01-05 16:00:00,1.0,0.0,8395.0,1,0.0,2056.205,0.0,2045.065,2054.829,3.0,6.395785714285727,4.0,1.0,1.0,16.0,2.0,0.0,4.0,0.0,2.0,A+
1.0,2033.889,0.0,1.0,1.0,2024-01-09 14:00:00,1.0,1.0,8931.0,0,0.0,2040.074,0.0,2034.593,2038.595,4.0,4.33764285714288,5.0,1.0,1.0,14.0,8.0,0.0,5.0,0.0,2.3333333333333335,A+
1.0,2028.708,0.0,1.0,1.0,2024-01-09 15:00:00,1.0,1.0,7387.0,1,0.0,2035.589,1.0,2028.708,2034.569,4.0,4.510285714285715,5.0,1.0,1.0,15.0,0.0,0.0,5.0,0.0,2.3333333333333335,A+
1.0,2029.922,0.0,2.0,1.0,2024-01-10 13:00:00,1.0,0.0,6275.0,0,0.0,2034.018,0.0,2030.197,2031.521,3.0,3.946071428571437,4.0,1.0,1.0,13.0,6.0,0.0,4.0,0.0,2.0,A+
1.0,2024.774,0.0,2.0,1.0,2024-01-10 15:00:00,1.0,0.0,7330.0,0,0.0,2029.764,0.0,2027.812,2027.379,3.0,4.3362857142857205,4.0,1.0,1.0,15.0,5.0,0.0,4.0,0.0,2.0,A+
1.0,2024.679,0.0,2.0,1.0,2024-01-10 16:00:00,1.0,0.0,5382.0,0,0.0,2028.511,0.0,2027.021,2027.775,3.0,4.431571428571423,4.0,1.0,1.0,16.0,8.0,0.0,4.0,0.0,2.0,A+
1.0,2022.139,0.0,2.0,1.0,2024-01-10 17:00:00,1.0,0.0,4752.0,0,0.0,2027.761,1.0,2023.976,2027.029,3.0,4.558928571428559,4.0,1.0,1.0,17.0,0.0,0.0,4.0,0.0,2.0,A+
1.0,2021.338,0.0,2.0,1.0,2024-01-10 18:00:00,1.0,0.0,4915.0,1,0.0,2024.544,1.0,2023.619,2024.002,3.0,4.623357142857133,4.0,1.0,1.0,18.0,0.0,0.0,4.0,0.0,2.0,A+
1.0,2024.849,0.0,3.0,1.0,2024-01-11 14:00:00,1.0,0.0,15999.0,1,0.0,2034.885,0.0,2029.689,2029.421,3.0,4.741428571428595,4.0,1.0,1.0,14.0,5.0,0.0,4.0,0.0,2.0,A+
1.0,2025.166,0.0,3.0,1.0,2024-01-11 15:00:00,1.0,0.0,12789.0,0,0.0,2032.986,0.0,2028.985,2029.659,3.0,5.063642857142895,4.0,1.0,1.0,15.0,5.0,0.0,4.0,0.0,2.0,A+
1.0,2041.397,0.0,4.0,1.0,2024-01-12 17:00:00,1.0,0.0,7499.0,1,0.0,2048.579,0.0,2043.853,2048.213,3.0,5.909928571428574,4.0,1.0,1.0,17.0,0.0,1.0,4.0,1.0,2.0,A+
1.0,2053.82,0.0,0.0,1.0,2024-01-15 06:00:00,0.0,1.0,3761.0,0,0.0,2056.977,0.0,2055.377,2055.072,3.0,3.95985714285715,4.0,1.0,1.0,6.0,5.0,1.0,4.0,1.0,2.0,A+
1.0,2052.866,0.0,0.0,1.0,2024-01-15 07:00:00,0.0,1.0,4763.0,1,0.0,2055.931,0.0,2054.114,2055.417,3.0,3.658285714285707,4.0,1.0,1.0,7.0,2.0,1.0,4.0,1.0,2.0,A+
1.0,2053.764,0.0,0.0,1.0,2024-01-15 08:00:00,0.0,1.0,4439.0,0,0.0,2058.626,0.0,2056.653,2054.167,3.0,3.4925714285714093,4.0,1.0,1.0,8.0,0.0,1.0,4.0,1.0,2.0,A+
1.0,2049.91,0.0,1.0,1.0,2024-01-16 01:00:00,1.0,1.0,4861.0,0,1.0,2053.372,1.0,2050.834,2051.373,5.0,2.6684285714284863,6.0,1.0,1.0,1.0,0.0,1.0,6.0,1.0,2.6666666666666665,A+
1.0,2049.761,0.0,1.0,1.0,2024-01-16 02:00:00,1.0,1.0,3767.0,1,1.0,2051.477,1.0,2050.491,2050.842,5.0,2.498714285714186,6.0,1.0,1.0,2.0,0.0,1.0,6.0,1.0,2.6666666666666665,A+
1.0,2048.344,0.0,1.0,1.0,2024-01-16 03:00:00,1.0,1.0,3701.0,0,1.0,2051.523,1.0,2049.436,2050.488,5.0,2.506928571428489,6.0,1.0,1.0,3.0,0.0,1.0,6.0,1.0,2.6666666666666665,A+
1.0,2047.485,0.0,1.0,1.0,2024-01-16 05:00:00,1.0,1.0,3517.0,1,1.0,2049.431,1.0,2048.57,2049.347,5.0,2.390499999999958,6.0,1.0,1.0,5.0,0.0,1.0,6.0,1.0,2.6666666666666665,A+
1.0,2047.355,0.0,1.0,1.0,2024-01-16 06:00:00,1.0,1.0,3674.0,0,1.0,2050.52,0.0,2050.469,2048.535,5.0,2.459857142857101,6.0,1.0,1.0,6.0,1.0,1.0,6.0,1.0,2.6666666666666665,A+
1.0,2047.991,0.0,1.0,1.0,2024-01-16 07:00:00,1.0,1.0,4510.0,0,1.0,2050.885,1.0,2049.377,2050.477,5.0,2.461857142857119,6.0,1.0,1.0,7.0,0.0,1.0,6.0,1.0,2.6666666666666665,A+
1.0,2042.052,0.0,1.0,1.0,2024-01-16 08:00:00,1.0,1.0,6875.0,0,0.0,2050.024,1.0,2043.129,2049.345,4.0,2.700357142857132,5.0,1.0,1.0,8.0,0.0,1.0,5.0,1.0,2.3333333333333335,A+
1.0,2038.608,0.0,1.0,1.0,2024-01-16 09:00:00,1.0,0.0,6119.0,0,0.0,2043.885,1.0,2041.218,2043.134,3.0,2.948285714285703,4.0,1.0,1.0,9.0,0.0,1.0,4.0,1.0,2.0,A+
1.0,2038.139,0.0,1.0,1.0,2024-01-16 11:00:00,1.0,0.0,4495.0,0,0.0,2041.207,1.0,2039.874,2041.038,3.0,3.11128571428573,4.0,1.0,1.0,11.0,0.0,1.0,4.0,1.0,2.0,A+
1.0,2035.59,0.0,1.0,1.0,2024-01-16 12:00:00,1.0,0.0,5420.0,1,0.0,2040.001,1.0,2038.467,2039.814,3.0,3.38107142857148,4.0,1.0,1.0,12.0,0.0,1.0,4.0,1.0,2.0,A+
1.0,2031.244,0.0,1.0,1.0,2024-01-16 13:00:00,1.0,0.0,11399.0,0,0.0,2045.088,0.0,2037.632,2038.419,3.0,4.21278571428575,4.0,1.0,1.0,13.0,5.0,1.0,4.0,1.0,2.0,A+
1.0,2026.314,0.0,4.0,1.0,2024-01-19 14:00:00,1.0,1.0,6491.0,1,0.0,2035.666,0.0,2029.646,2035.296,4.0,3.814000000000013,5.0,1.0,1.0,14.0,2.0,0.0,5.0,0.0,2.3333333333333335,A+
1.0,2023.126,0.0,4.0,1.0,2024-01-19 15:00:00,1.0,1.0,9075.0,1,0.0,2032.161,0.0,2027.661,2029.677,4.0,4.211928571428595,5.0,1.0,1.0,15.0,0.0,0.0,5.0,0.0,2.3333333333333335,A+
1.0,2024.35,0.0,4.0,1.0,2024-01-19 17:00:00,1.0,1.0,4737.0,0,0.0,2029.081,0.0,2029.081,2024.767,4.0,4.656857142857153,5.0,1.0,1.0,17.0,1.0,0.0,5.0,0.0,2.3333333333333335,A+
1.0,2028.684,0.0,0.0,1.0,2024-01-22 01:00:00,0.0,1.0,4172.0,0,0.0,2032.074,0.0,2029.034,2029.034,3.0,4.375714285714285,4.0,1.0,1.0,1.0,0.0,1.0,4.0,1.0,2.0,A+
1.0,2021.833,0.0,0.0,1.0,2024-01-22 05:00:00,1.0,1.0,4250.0,1,0.0,2025.539,1.0,2023.24,2025.441,4.0,3.594999999999995,5.0,1.0,1.0,5.0,0.0,1.0,5.0,1.0,2.3333333333333335,A+
1.0,2019.984,0.0,0.0,1.0,2024-01-22 06:00:00,1.0,1.0,4813.0,1,0.0,2024.427,1.0,2020.887,2023.206,4.0,3.266999999999988,5.0,1.0,1.0,6.0,0.0,1.0,5.0,1.0,2.3333333333333335,A+
1.0,2027.005,0.0,1.0,1.0,2024-01-23 09:00:00,1.0,0.0,4389.0,1,0.0,2030.552,0.0,2028.67,2028.851,3.0,3.792999999999974,4.0,1.0,1.0,9.0,5.0,1.0,4.0,1.0,2.0,A+
1.0,2021.352,0.0,1.0,1.0,2024-01-23 14:00:00,1.0,0.0,6858.0,1,0.0,2026.105,0.0,2023.097,2024.884,3.0,4.743214285714251,4.0,1.0,1.0,14.0,0.0,1.0,4.0,1.0,2.0,A+
1.0,2022.927,0.0,1.0,1.0,2024-01-23 15:00:00,1.0,0.0,6343.0,1,0.0,2026.743,0.0,2025.108,2023.152,3.0,4.778142857142825,4.0,1.0,1.0,15.0,7.0,0.0,4.0,0.0,2.0,A+
1.0,2023.231,0.0,1.0,1.0,2024-01-23 16:00:00,1.0,0.0,4829.0,0,0.0,2027.711,0.0,2025.669,2025.165,3.0,4.859071428571399,4.0,1.0,1.0,16.0,5.0,0.0,4.0,0.0,2.0,A+
1.0,2026.401,0.0,2.0,1.0,2024-01-24 01:00:00,0.0,1.0,3715.0,0,0.0,2028.922,0.0,2027.21,2027.305,3.0,3.6129285714285646,4.0,1.0,1.0,1.0,5.0,1.0,4.0,1.0,2.0,A+
1.0,2025.762,0.0,2.0,1.0,2024-01-24 07:00:00,1.0,1.0,4564.0,1,0.0,2031.586,1.0,2029.528,2025.979,4.0,3.093928571428592,5.0,1.0,1.0,7.0,0.0,1.0,5.0,1.0,2.3333333333333335,A+
1.0,2028.173,0.0,2.0,1.0,2024-01-24 08:00:00,1.0,1.0,5029.0,1,0.0,2032.215,1.0,2030.899,2029.561,4.0,3.136785714285728,5.0,1.0,1.0,8.0,0.0,1.0,5.0,1.0,2.3333333333333335,A+
1.0,2029.884,0.0,2.0,1.0,2024-01-24 09:00:00,1.0,0.0,4438.0,1,0.0,2034.144,0.0,2030.875,2030.85,3.0,3.242857142857149,4.0,1.0,1.0,9.0,5.0,1.0,4.0,1.0,2.0,A+
1.0,2030.801,0.0,2.0,1.0,2024-01-24 11:00:00,1.0,0.0,3864.0,0,0.0,2034.231,1.0,2033.463,2032.726,3.0,3.171785714285712,4.0,1.0,1.0,11.0,0.0,1.0,4.0,1.0,2.0,A+
1.0,2031.623,0.0,2.0,1.0,2024-01-24 12:00:00,1.0,0.0,4413.0,0,0.0,2034.376,1.0,2032.685,2033.412,3.0,3.262285714285716,4.0,1.0,1.0,12.0,0.0,1.0,4.0,1.0,2.0,A+
1.0,2014.827,0.0,2.0,1.0,2024-01-24 15:00:00,1.0,0.0,9741.0,1,0.0,2025.281,1.0,2015.213,2024.588,3.0,4.696285714285717,4.0,1.0,1.0,15.0,0.0,1.0,4.0,1.0,2.0,A+
1.0,2011.783,0.0,2.0,1.0,2024-01-24 16:00:00,1.0,0.0,6527.0,1,0.0,2016.302,0.0,2015.29,2015.244,3.0,4.757785714285709,4.0,1.0,1.0,16.0,5.0,1.0,4.0,1.0,2.0,A+
1.0,2013.337,0.0,2.0,1.0,2024-01-24 18:00:00,1.0,0.0,5465.0,0,0.0,2019.771,0.0,2015.072,2019.225,3.0,5.278714285714273,4.0,1.0,1.0,18.0,2.0,0.0,4.0,0.0,2.0,A+
1.0,2019.032,0.0,4.0,1.0,2024-01-26 14:00:00,1.0,0.0,7068.0,0,0.0,2026.066,0.0,2020.258,2024.611,3.0,3.3388571428571203,4.0,1.0,1.0,14.0,8.0,0.0,4.0,0.0,2.0,A+
1.0,2021.046,0.0,0.0,1.0,2024-01-29 01:00:00,1.0,1.0,4181.0,1,0.0,2025.453,0.0,2023.178,2021.499,4.0,4.082642857142868,5.0,1.0,1.0,1.0,1.0,0.0,5.0,0.0,2.3333333333333335,A+
1.0,2024.658,0.0,0.0,1.0,2024-01-29 05:00:00,0.0,1.0,2942.0,1,0.0,2026.816,0.0,2025.473,2026.157,3.0,3.274785714285713,4.0,1.0,1.0,5.0,2.0,1.0,4.0,1.0,2.0,A+
1.0,2020.461,0.0,0.0,1.0,2024-01-29 15:00:00,1.0,0.0,5988.0,1,0.0,2026.256,0.0,2025.387,2024.652,3.0,4.703571428571438,4.0,1.0,1.0,15.0,0.0,1.0,4.0,1.0,2.0,A+
1.0,2026.916,0.0,0.0,1.0,2024-01-29 20:00:00,1.0,0.0,5357.0,1,0.0,2035.251,0.0,2032.692,2026.916,3.0,5.400714285714295,4.0,1.0,1.0,20.0,0.0,1.0,4.0,1.0,2.0,A+
1.0,2031.434,0.0,1.0,1.0,2024-01-30 05:00:00,0.0,1.0,2790.0,1,0.0,2033.279,0.0,2032.17,2031.766,3.0,3.605714285714271,4.0,1.0,1.0,5.0,4.0,1.0,4.0,1.0,2.0,A+
1.0,2036.977,0.0,1.0,1.0,2024-01-30 08:00:00,1.0,1.0,4708.0,0,0.0,2039.464,1.0,2038.287,2037.814,4.0,3.498928571428548,5.0,1.0,1.0,8.0,0.0,1.0,5.0,1.0,2.3333333333333335,A+
1.0,2035.013,0.0,1.0,1.0,2024-01-30 09:00:00,0.0,1.0,3858.0,1,0.0,2038.62,0.0,2035.659,2038.269,3.0,3.422785714285689,4.0,1.0,1.0,9.0,8.0,1.0,4.0,1.0,2.0,A+
1.0,2034.996,0.0,1.0,1.0,2024-01-30 10:00:00,0.0,1.0,3728.0,0,0.0,2037.292,0.0,2035.612,2035.65,3.0,3.385999999999951,4.0,1.0,1.0,10.0,5.0,1.0,4.0,1.0,2.0,A+
1.0,2033.602,0.0,1.0,1.0,2024-01-30 12:00:00,1.0,1.0,3830.0,1,0.0,2036.333,0.0,2035.884,2034.224,4.0,3.2220714285713905,5.0,1.0,1.0,12.0,1.0,1.0,5.0,1.0,2.3333333333333335,A+
1.0,2033.176,0.0,1.0,1.0,2024-01-30 13:00:00,1.0,1.0,6236.0,1,0.0,2037.941,1.0,2037.767,2035.906,3.0,3.261785714285696,4.0,1.0,1.0,13.0,0.0,1.0,4.0,1.0,2.0,A+
1.0,2029.024,0.0,1.0,1.0,2024-01-30 15:00:00,1.0,0.0,12863.0,1,0.0,2048.281,0.0,2032.543,2046.54,3.0,4.960642857142846,4.0,1.0,1.0,15.0,0.0,1.0,4.0,1.0,2.0,A+
1.0,2033.205,0.0,2.0,1.0,2024-01-31 05:00:00,0.0,1.0,2623.0,0,0.0,2035.085,0.0,2034.933,2034.545,3.0,3.6020714285714512,4.0,1.0,1.0,5.0,3.0,1.0,4.0,1.0,2.0,A+
1.0,2033.609,0.0,2.0,1.0,2024-01-31 06:00:00,0.0,1.0,2689.0,1,0.0,2035.781,0.0,2034.272,2034.96,3.0,2.3817142857143057,4.0,1.0,1.0,6.0,2.0,1.0,4.0,1.0,2.0,A+
1.0,2033.858,0.0,2.0,1.0,2024-01-31 07:00:00,0.0,1.0,3855.0,1,0.0,2038.535,0.0,2036.563,2034.231,3.0,2.40171428571432,4.0,1.0,1.0,7.0,1.0,1.0,4.0,1.0,2.0,A+
1.0,2047.435,0.0,2.0,1.0,2024-01-31 16:00:00,1.0,1.0,6784.0,0,1.0,2053.58,0.0,2049.962,2052.132,5.0,4.139000000000043,6.0,1.0,1.0,16.0,2.0,1.0,6.0,1.0,2.6666666666666665,A+
1.0,2039.378,0.0,2.0,1.0,2024-01-31 19:00:00,1.0,1.0,21815.0,0,0.0,2050.815,0.0,2044.78,2046.217,4.0,5.040142857142882,5.0,1.0,1.0,19.0,5.0,1.0,5.0,1.0,2.3333333333333335,A+
1.0,2054.714,0.0,4.0,1.0,2024-02-02 07:00:00,0.0,1.0,3760.0,1,0.0,2056.882,0.0,2055.042,2055.484,3.0,3.3548571428571643,4.0,1.0,1.0,7.0,6.0,1.0,4.0,1.0,2.0,A+
1.0,2053.615,0.0,4.0,1.0,2024-02-02 08:00:00,0.0,1.0,3898.0,1,0.0,2056.777,0.0,2053.977,2055.024,3.0,2.788000000000044,4.0,1.0,1.0,8.0,6.0,1.0,4.0,1.0,2.0,A+
1.0,2033.267,0.0,2.0,1.0,2024-02-07 05:00:00,0.0,1.0,2730.0,1,0.0,2035.443,0.0,2033.384,2035.204,3.0,2.8037857142857256,4.0,1.0,1.0,5.0,2.0,0.0,4.0,0.0,2.0,A+
1.0,2032.409,0.0,2.0,1.0,2024-02-07 06:00:00,0.0,1.0,2899.0,1,0.0,2034.233,0.0,2033.45,2033.337,3.0,2.3240714285714312,4.0,1.0,1.0,6.0,5.0,0.0,4.0,0.0,2.0,A+
1.0,2031.216,0.0,2.0,1.0,2024-02-07 08:00:00,1.0,1.0,3777.0,1,0.0,2035.284,0.0,2032.876,2035.182,3.0,2.112000000000015,4.0,1.0,1.0,8.0,2.0,0.0,4.0,0.0,2.0,A+
1.0,2030.508,0.0,2.0,1.0,2024-02-07 12:00:00,1.0,1.0,3765.0,1,0.0,2034.209,0.0,2033.37,2034.114,4.0,2.234785714285717,5.0,1.0,1.0,12.0,0.0,0.0,5.0,0.0,2.3333333333333335,A+
1.0,2037.545,0.0,2.0,1.0,2024-02-07 16:00:00,1.0,1.0,5154.0,0,0.0,2040.882,0.0,2038.376,2038.303,4.0,3.734999999999981,5.0,1.0,1.0,16.0,5.0,1.0,5.0,1.0,2.3333333333333335,A+
1.0,2033.975,0.0,2.0,1.0,2024-02-07 17:00:00,1.0,1.0,4333.0,1,0.0,2038.455,0.0,2035.579,2038.372,4.0,3.956142857142839,5.0,1.0,1.0,17.0,8.0,1.0,5.0,1.0,2.3333333333333335,A+
1.0,2033.951,0.0,2.0,1.0,2024-02-07 18:00:00,1.0,1.0,4382.0,0,0.0,2037.169,0.0,2034.76,2035.595,4.0,4.091357142857127,5.0,1.0,1.0,18.0,6.0,1.0,5.0,1.0,2.3333333333333335,A+
1.0,2036.59,0.0,3.0,1.0,2024-02-08 01:00:00,0.0,1.0,3036.0,1,0.0,2038.082,0.0,2037.166,2037.239,3.0,3.635428571428585,4.0,1.0,1.0,1.0,5.0,1.0,4.0,1.0,2.0,A+
1.0,2035.815,0.0,3.0,1.0,2024-02-08 02:00:00,0.0,1.0,2937.0,0,0.0,2038.726,0.0,2036.123,2037.179,3.0,3.628642857142869,4.0,1.0,1.0,2.0,0.0,1.0,4.0,1.0,2.0,A+
1.0,2028.845,0.0,3.0,1.0,2024-02-08 08:00:00,1.0,1.0,4024.0,1,0.0,2033.341,1.0,2030.75,2032.795,4.0,2.470642857142853,5.0,1.0,1.0,8.0,0.0,1.0,5.0,1.0,2.3333333333333335,A+
1.0,2029.749,0.0,3.0,1.0,2024-02-08 09:00:00,1.0,1.0,3910.0,0,0.0,2035.971,0.0,2035.278,2030.746,4.0,2.6852142857142747,5.0,1.0,1.0,9.0,1.0,1.0,5.0,1.0,2.3333333333333335,A+
1.0,2023.621,0.0,3.0,1.0,2024-02-08 12:00:00,1.0,1.0,4861.0,1,0.0,2029.086,1.0,2024.96,2028.986,3.0,3.649071428571411,4.0,1.0,1.0,12.0,0.0,0.0,4.0,0.0,2.0,A+
1.0,2020.834,0.0,3.0,1.0,2024-02-08 13:00:00,1.0,1.0,7131.0,1,0.0,2026.393,1.0,2021.062,2024.991,3.0,3.924071428571405,4.0,1.0,1.0,13.0,0.0,0.0,4.0,0.0,2.0,A+
1.0,2022.989,0.0,4.0,1.0,2024-02-09 14:00:00,1.0,1.0,8432.0,1,0.0,2030.582,1.0,2025.26,2026.933,3.0,3.324357142857155,4.0,1.0,1.0,14.0,0.0,0.0,4.0,0.0,2.0,A+
1.0,2021.149,0.0,4.0,1.0,2024-02-09 17:00:00,1.0,0.0,3813.0,1,0.0,2024.72,0.0,2024.586,2021.48,3.0,3.793357142857157,4.0,1.0,1.0,17.0,1.0,0.0,4.0,0.0,2.0,A+
1.0,2023.527,0.0,0.0,1.0,2024-02-12 08:00:00,1.0,1.0,3945.0,0,0.0,2027.251,0.0,2023.684,2025.449,4.0,2.20671428571427,5.0,1.0,1.0,8.0,8.0,0.0,5.0,0.0,2.3333333333333335,A+
1.0,2020.344,0.0,0.0,1.0,2024-02-12 09:00:00,1.0,0.0,3649.0,1,0.0,2023.865,1.0,2020.754,2023.637,3.0,2.207499999999982,4.0,1.0,1.0,9.0,0.0,0.0,4.0,0.0,2.0,A+
1.0,2020.171,0.0,0.0,1.0,2024-02-12 11:00:00,1.0,1.0,3325.0,0,0.0,2022.498,1.0,2021.704,2020.948,4.0,2.095785714285707,5.0,1.0,1.0,11.0,0.0,0.0,5.0,0.0,2.3333333333333335,A+
1.0,2020.518,0.0,0.0,1.0,2024-02-12 12:00:00,1.0,1.0,3380.0,0,0.0,2022.298,1.0,2021.332,2021.693,4.0,2.1050714285714127,5.0,1.0,1.0,12.0,0.0,0.0,5.0,0.0,2.3333333333333335,A+
1.0,2013.195,0.0,0.0,1.0,2024-02-12 14:00:00,1.0,1.0,7254.0,1,0.0,2020.352,1.0,2014.935,2019.081,4.0,3.013357142857152,5.0,1.0,1.0,14.0,0.0,0.0,5.0,0.0,2.3333333333333335,A+
1.0,2012.039,0.0,0.0,1.0,2024-02-12 15:00:00,1.0,1.0,5643.0,1,0.0,2016.96,1.0,2013.132,2014.905,4.0,3.1424285714285816,5.0,1.0,1.0,15.0,0.0,0.0,5.0,0.0,2.3333333333333335,A+
1.0,1992.151,0.0,3.0,1.0,2024-02-15 07:00:00,0.0,1.0,3551.0,1,0.0,1994.597,1.0,1993.726,1993.154,3.0,2.5006428571428256,4.0,1.0,1.0,7.0,0.0,0.0,4.0,0.0,2.0,A+
1.0,1993.43,0.0,3.0,1.0,2024-02-15 08:00:00,1.0,1.0,3845.0,1,0.0,1996.021,1.0,1995.201,1993.68,4.0,2.3614999999999617,5.0,1.0,1.0,8.0,0.0,0.0,5.0,0.0,2.3333333333333335,A+
1.0,1993.804,0.0,3.0,1.0,2024-02-15 09:00:00,0.0,1.0,3288.0,1,0.0,1996.826,1.0,1996.354,1995.229,3.0,2.2200714285713894,4.0,1.0,1.0,9.0,0.0,0.0,4.0,0.0,2.0,A+
1.0,1996.381,0.0,3.0,1.0,2024-02-15 12:00:00,1.0,1.0,3784.0,1,1.0,1999.046,1.0,1997.895,1997.451,5.0,2.228999999999961,6.0,1.0,1.0,12.0,0.0,0.0,6.0,0.0,2.6666666666666665,A+
1.0,1995.62,0.0,3.0,1.0,2024-02-15 13:00:00,1.0,1.0,9449.0,0,0.0,2004.303,1.0,2003.871,1997.947,4.0,2.6334285714285506,5.0,1.0,1.0,13.0,0.0,0.0,5.0,0.0,2.3333333333333335,A+
1.0,2000.013,0.0,3.0,1.0,2024-02-15 17:00:00,1.0,1.0,4207.0,1,0.0,2004.549,0.0,2003.605,2000.111,4.0,3.658714285714301,5.0,1.0,1.0,17.0,7.0,0.0,5.0,0.0,2.3333333333333335,A+
1.0,2003.311,0.0,4.0,1.0,2024-02-16 07:00:00,0.0,1.0,3241.0,1,0.0,2006.431,0.0,2005.147,2003.683,3.0,2.025285714285733,4.0,1.0,1.0,7.0,1.0,0.0,4.0,0.0,2.0,A+
1.0,2004.206,0.0,4.0,1.0,2024-02-16 09:00:00,0.0,1.0,3244.0,1,0.0,2006.414,0.0,2005.031,2004.855,3.0,1.8355714285714515,4.0,1.0,1.0,9.0,5.0,0.0,4.0,0.0,2.0,A+
1.0,2018.961,0.0,0.0,1.0,2024-02-19 08:00:00,0.0,1.0,3905.0,0,0.0,2021.224,1.0,2020.134,2020.904,3.0,4.836285714285672,4.0,1.0,1.0,8.0,0.0,1.0,4.0,1.0,2.0,A+
1.0,2015.87,0.0,0.0,1.0,2024-02-19 14:00:00,1.0,1.0,3495.0,0,0.0,2017.663,0.0,2017.281,2016.852,4.0,2.64721428571428,5.0,1.0,1.0,14.0,3.0,1.0,5.0,1.0,2.3333333333333335,A+
1.0,2017.729,0.0,1.0,1.0,2024-02-20 06:00:00,0.0,1.0,2757.0,1,0.0,2020.78,0.0,2019.421,2018.522,3.0,2.1650000000000285,4.0,1.0,1.0,6.0,4.0,1.0,4.0,1.0,2.0,A+
1.0,2018.925,0.0,1.0,1.0,2024-02-20 07:00:00,1.0,1.0,3458.0,1,0.0,2022.867,1.0,2021.441,2019.409,3.0,2.3185000000000207,4.0,1.0,1.0,7.0,0.0,1.0,4.0,1.0,2.0,A+
1.0,2020.736,0.0,1.0,1.0,2024-02-20 08:00:00,1.0,1.0,4072.0,1,0.0,2022.943,1.0,2022.742,2021.394,3.0,2.2681428571428666,4.0,1.0,1.0,8.0,0.0,1.0,4.0,1.0,2.0,A+
1.0,2022.491,0.0,1.0,1.0,2024-02-20 09:00:00,1.0,1.0,3982.0,1,0.0,2025.152,1.0,2023.959,2022.694,3.0,2.215928571428581,4.0,1.0,1.0,9.0,0.0,1.0,4.0,1.0,2.0,A+
1.0,2023.442,0.0,1.0,1.0,2024-02-20 10:00:00,1.0,1.0,3961.0,1,0.0,2027.559,1.0,2026.129,2023.998,3.0,2.3301428571428624,4.0,1.0,1.0,10.0,0.0,1.0,4.0,1.0,2.0,A+
1.0,2025.242,0.0,1.0,1.0,2024-02-20 11:00:00,1.0,1.0,4158.0,1,0.0,2027.329,1.0,2026.866,2026.152,3.0,2.3662142857142823,4.0,1.0,1.0,11.0,0.0,1.0,4.0,1.0,2.0,A+
1.0,2026.214,0.0,1.0,1.0,2024-02-20 12:00:00,1.0,1.0,3824.0,1,0.0,2027.985,1.0,2026.565,2026.868,3.0,2.4595,4.0,1.0,1.0,12.0,0.0,1.0,4.0,1.0,2.0,A+
1.0,2025.286,0.0,2.0,1.0,2024-02-21 02:00:00,0.0,1.0,3252.0,1,0.0,2029.11,1.0,2027.834,2025.343,3.0,2.742928571428576,4.0,1.0,1.0,2.0,0.0,1.0,4.0,1.0,2.0,A+
1.0,2025.94,0.0,2.0,1.0,2024-02-21 09:00:00,1.0,1.0,3617.0,1,0.0,2028.676,0.0,2028.088,2026.521,4.0,2.282071428571417,5.0,1.0,1.0,9.0,0.0,1.0,5.0,1.0,2.3333333333333335,A+
1.0,2027.842,0.0,2.0,1.0,2024-02-21 10:00:00,0.0,1.0,3239.0,0,0.0,2030.077,1.0,2029.856,2028.051,3.0,2.234571428571404,4.0,1.0,1.0,10.0,0.0,1.0,4.0,1.0,2.0,A+
1.0,2027.916,0.0,2.0,1.0,2024-02-21 12:00:00,1.0,1.0,3524.0,1,0.0,2030.064,1.0,2029.381,2028.245,4.0,2.3774285714285464,5.0,1.0,1.0,12.0,0.0,1.0,5.0,1.0,2.3333333333333335,A+
1.0,2027.585,0.0,2.0,1.0,2024-02-21 13:00:00,1.0,1.0,4905.0,1,0.0,2031.536,0.0,2028.706,2029.334,4.0,2.581071428571412,5.0,1.0,1.0,13.0,0.0,1.0,5.0,1.0,2.3333333333333335,A+
1.0,2024.012,0.0,2.0,1.0,2024-02-21 15:00:00,1.0,1.0,5478.0,0,0.0,2030.27,1.0,2024.149,2027.469,4.0,2.973571428571404,5.0,1.0,1.0,15.0,0.0,1.0,5.0,1.0,2.3333333333333335,A+
1.0,2021.435,0.0,2.0,1.0,2024-02-21 17:00:00,1.0,1.0,3984.0,1,0.0,2024.479,1.0,2024.115,2023.923,4.0,2.8794285714285643,5.0,1.0,1.0,17.0,0.0,1.0,5.0,1.0,2.3333333333333335,A+
1.0,2028.513,0.0,3.0,1.0,2024-02-22 09:00:00,1.0,1.0,4212.0,0,0.0,2033.15,0.0,2030.248,2033.15,4.0,2.8437857142857217,5.0,1.0,1.0,9.0,8.0,1.0,5.0,1.0,2.3333333333333335,A+
1.0,2021.854,0.0,3.0,1.0,2024-02-22 14:00:00,1.0,0.0,8429.0,0,0.0,2026.71,0.0,2024.879,2025.538,3.0,3.0249285714285667,4.0,1.0,1.0,14.0,5.0,1.0,4.0,1.0,2.0,A+
1.0,2019.71,0.0,3.0,1.0,2024-02-22 16:00:00,1.0,0.0,4598.0,1,0.0,2024.258,1.0,2020.917,2023.322,3.0,3.4255714285714345,4.0,1.0,1.0,16.0,0.0,1.0,4.0,1.0,2.0,A+
1.0,2032.105,0.0,0.0,1.0,2024-02-26 05:00:00,0.0,1.0,2684.0,1,0.0,2034.263,0.0,2033.057,2032.178,3.0,3.214214285714222,4.0,1.0,1.0,5.0,1.0,1.0,4.0,1.0,2.0,A+
1.0,2031.673,0.0,0.0,1.0,2024-02-26 10:00:00,1.0,0.0,3916.0,0,0.0,2035.399,0.0,2032.203,2033.022,3.0,2.464571428571357,4.0,1.0,1.0,10.0,6.0,1.0,4.0,1.0,2.0,A+
1.0,2025.626,0.0,0.0,1.0,2024-02-26 14:00:00,1.0,0.0,5949.0,1,0.0,2032.883,1.0,2027.545,2032.65,3.0,2.8764999999999645,4.0,1.0,1.0,14.0,0.0,1.0,4.0,1.0,2.0,A+
1.0,2035.306,0.0,1.0,1.0,2024-02-27 09:00:00,1.0,1.0,3619.0,1,0.0,2038.12,1.0,2036.569,2038.025,4.0,2.150071428571388,5.0,1.0,1.0,9.0,0.0,1.0,5.0,1.0,2.3333333333333335,A+
1.0,2035.186,0.0,1.0,1.0,2024-02-27 13:00:00,1.0,1.0,5056.0,1,0.0,2038.634,0.0,2035.461,2038.278,3.0,2.341571428571407,4.0,1.0,1.0,13.0,2.0,1.0,4.0,1.0,2.0,A+
2.0,2029.341,0.0,1.0,0.0,2024-02-27 19:00:00,0.0,0.0,3328.0,1,0.0,2032.451,1.0,2030.214,2032.35,0.0,3.109071428571448,2.0,1.0,2.0,19.0,8.0,1.0,2.0,1.0,2.0,A+
1.0,2029.708,0.0,2.0,1.0,2024-02-28 01:00:00,0.0,1.0,3158.0,0,0.0,2033.694,0.0,2033.362,2030.755,3.0,2.7747142857143348,4.0,1.0,1.0,1.0,0.0,1.0,4.0,1.0,2.0,A+
1.0,2027.815,0.0,2.0,1.0,2024-02-28 07:00:00,0.0,1.0,3295.0,1,0.0,2029.338,1.0,2028.121,2029.329,3.0,2.3575000000000403,4.0,1.0,1.0,7.0,0.0,1.0,4.0,1.0,2.0,A+
1.0,2026.6,0.0,2.0,1.0,2024-02-28 08:00:00,1.0,1.0,3692.0,0,0.0,2029.233,1.0,2026.815,2028.166,4.0,2.299785714285755,5.0,1.0,1.0,8.0,0.0,1.0,5.0,1.0,2.3333333333333335,A+
1.0,2024.828,0.0,2.0,1.0,2024-02-28 09:00:00,1.0,0.0,3805.0,1,0.0,2027.369,1.0,2024.855,2026.807,3.0,2.1864285714285967,4.0,1.0,1.0,9.0,0.0,1.0,4.0,1.0,2.0,A+
1.0,2030.384,0.0,2.0,1.0,2024-02-28 15:00:00,1.0,1.0,4683.0,1,0.0,2034.017,0.0,2031.787,2031.744,4.0,3.0709285714285506,5.0,1.0,1.0,15.0,5.0,1.0,5.0,1.0,2.3333333333333335,A+
1.0,2032.289,0.0,2.0,0.0,2024-02-28 17:00:00,1.0,1.0,3753.0,1,0.0,2035.522,0.0,2033.761,2033.548,3.0,3.104857142857132,4.0,1.0,1.0,17.0,5.0,1.0,4.0,1.0,2.0,A+
1.0,2035.401,0.0,3.0,1.0,2024-02-29 06:00:00,0.0,1.0,2551.0,0,0.0,2036.985,1.0,2036.782,2035.585,3.0,2.0094999999999863,4.0,1.0,1.0,6.0,0.0,1.0,4.0,1.0,2.0,A+
1.0,2035.497,0.0,3.0,1.0,2024-02-29 08:00:00,1.0,1.0,3779.0,0,0.0,2037.454,1.0,2037.126,2037.173,3.0,1.893857142857103,4.0,1.0,1.0,8.0,0.0,1.0,4.0,1.0,2.0,A+
1.0,2030.473,0.0,3.0,1.0,2024-02-29 10:00:00,1.0,1.0,3776.0,0,0.0,2034.803,1.0,2030.815,2034.537,3.0,2.0994999999999697,4.0,1.0,1.0,10.0,0.0,1.0,4.0,1.0,2.0,A+
1.0,2028.799,0.0,3.0,1.0,2024-02-29 11:00:00,1.0,1.0,3829.0,1,0.0,2031.767,1.0,2030.236,2030.801,3.0,2.160857142857123,4.0,1.0,1.0,11.0,0.0,1.0,4.0,1.0,2.0,A+
1.0,2043.703,0.0,3.0,1.0,2024-02-29 16:00:00,1.0,0.0,5273.0,1,0.0,2048.352,0.0,2044.931,2048.098,3.0,3.939857142857071,4.0,1.0,1.0,16.0,2.0,1.0,4.0,1.0,2.0,A+
1.0,2043.272,0.0,3.0,1.0,2024-02-29 17:00:00,1.0,0.0,4156.0,1,0.0,2045.937,0.0,2045.624,2044.887,3.0,4.021071428571353,4.0,1.0,1.0,17.0,3.0,1.0,4.0,1.0,2.0,A+
1.0,2045.224,0.0,4.0,1.0,2024-03-01 07:00:00,0.0,1.0,3539.0,1,0.0,2048.758,0.0,2045.396,2046.727,3.0,2.048214285714234,4.0,1.0,1.0,7.0,6.0,1.0,4.0,1.0,2.0,A+
1.0,2082.578,0.0,0.0,1.0,2024-03-04 10:00:00,0.0,1.0,3669.0,0,0.0,2085.788,0.0,2083.873,2085.136,3.0,2.7986428571428275,4.0,1.0,1.0,10.0,8.0,1.0,4.0,1.0,2.0,A+
1.0,2081.819,0.0,0.0,1.0,2024-03-04 12:00:00,0.0,1.0,3574.0,1,0.0,2083.381,0.0,2082.514,2082.102,3.0,2.853857142857123,4.0,1.0,1.0,12.0,4.0,1.0,4.0,1.0,2.0,A+
1.0,2090.392,0.0,0.0,1.0,2024-03-04 14:00:00,1.0,1.0,9170.0,1,1.0,2101.401,1.0,2100.713,2091.624,5.0,4.086071428571423,6.0,0.0,1.0,14.0,0.0,1.0,6.0,1.0,2.6666666666666665,A+
1.0,2097.491,0.0,0.0,1.0,2024-03-04 15:00:00,1.0,1.0,7394.0,1,0.0,2109.355,1.0,2108.97,2100.656,3.0,4.681714285714277,4.0,0.0,1.0,15.0,0.0,1.0,4.0,1.0,2.0,A+
1.0,2115.299,0.0,1.0,1.0,2024-03-05 05:00:00,0.0,1.0,3465.0,0,0.0,2119.632,1.0,2119.215,2115.847,3.0,4.81842857142861,4.0,0.0,1.0,5.0,0.0,1.0,4.0,1.0,2.0,A+
1.0,2115.277,0.0,1.0,1.0,2024-03-05 06:00:00,0.0,1.0,3725.0,1,0.0,2119.548,1.0,2117.214,2119.214,3.0,4.276071428571446,4.0,0.0,1.0,6.0,0.0,1.0,4.0,1.0,2.0,A+
1.0,2118.947,0.0,1.0,1.0,2024-03-05 09:00:00,1.0,0.0,4848.0,1,0.0,2125.382,1.0,2124.495,2120.648,3.0,4.025142857142815,4.0,0.0,1.0,9.0,0.0,1.0,4.0,1.0,2.0,A+
1.0,2122.513,0.0,1.0,1.0,2024-03-05 11:00:00,1.0,0.0,4647.0,1,0.0,2127.158,1.0,2124.431,2123.731,3.0,4.133285714285648,4.0,0.0,1.0,11.0,0.0,1.0,4.0,1.0,2.0,A+
1.0,2124.181,0.0,1.0,1.0,2024-03-05 14:00:00,1.0,0.0,12381.0,1,0.0,2133.238,0.0,2128.187,2127.774,3.0,5.981142857142751,4.0,0.0,1.0,14.0,5.0,1.0,4.0,1.0,2.0,A+
1.0,2123.684,0.0,1.0,1.0,2024-03-05 15:00:00,1.0,0.0,16405.0,1,0.0,2139.533,0.0,2126.618,2128.224,3.0,6.653714285714159,4.0,0.0,1.0,15.0,2.0,1.0,4.0,1.0,2.0,A+
1.0,2123.631,0.0,1.0,1.0,2024-03-05 16:00:00,1.0,0.0,7895.0,1,0.0,2128.761,0.0,2128.298,2126.574,3.0,6.882357142857018,4.0,0.0,1.0,16.0,1.0,1.0,4.0,1.0,2.0,A+
1.0,2125.178,0.0,2.0,1.0,2024-03-06 05:00:00,0.0,1.0,2790.0,1,0.0,2127.966,0.0,2125.244,2126.132,3.0,4.024142857142806,4.0,1.0,1.0,5.0,6.0,1.0,4.0,1.0,2.0,A+
1.0,2124.842,0.0,2.0,1.0,2024-03-06 06:00:00,0.0,1.0,2951.0,1,0.0,2127.533,0.0,2127.271,2125.235,3.0,3.08428571428567,4.0,1.0,1.0,6.0,1.0,1.0,4.0,1.0,2.0,A+
1.0,2126.988,0.0,2.0,1.0,2024-03-06 07:00:00,0.0,1.0,3874.0,1,0.0,2131.465,0.0,2128.478,2127.311,3.0,3.037642857142828,4.0,1.0,1.0,7.0,4.0,1.0,4.0,1.0,2.0,A+
1.0,2131.396,0.0,2.0,1.0,2024-03-06 13:00:00,1.0,1.0,10490.0,1,0.0,2139.647,1.0,2139.381,2134.106,3.0,4.01407142857134,4.0,0.0,1.0,13.0,0.0,1.0,4.0,1.0,2.0,A+
1.0,2139.385,0.0,2.0,0.0,2024-03-06 19:00:00,1.0,1.0,6566.0,1,0.0,2147.462,0.0,2144.309,2147.137,3.0,7.294142857142821,4.0,0.0,1.0,19.0,2.0,1.0,4.0,1.0,2.0,A+
1.0,2146.851,0.0,3.0,0.0,2024-03-07 00:00:00,0.0,1.0,3860.0,0,1.0,2149.592,0.0,2148.786,2146.851,3.0,7.269642857142831,4.0,0.0,1.0,0.0,1.0,1.0,4.0,1.0,2.0,A+
1.0,2151.613,0.0,3.0,1.0,2024-03-07 15:00:00,1.0,0.0,8986.0,1,0.0,2157.662,0.0,2153.701,2153.909,3.0,5.80378571428579,4.0,1.0,1.0,15.0,5.0,1.0,4.0,1.0,2.0,A+
1.0,2149.223,0.0,3.0,1.0,2024-03-07 16:00:00,1.0,0.0,7864.0,1,0.0,2158.528,0.0,2156.088,2153.694,3.0,6.011285714285805,4.0,1.0,1.0,16.0,1.0,1.0,4.0,1.0,2.0,A+
1.0,2156.37,0.0,4.0,1.0,2024-03-08 05:00:00,0.0,1.0,3029.0,1,0.0,2158.338,0.0,2157.681,2157.724,3.0,3.919714285714333,4.0,1.0,1.0,5.0,5.0,1.0,4.0,1.0,2.0,A+
1.0,2156.396,0.0,4.0,1.0,2024-03-08 06:00:00,0.0,1.0,3584.0,1,0.0,2162.032,0.0,2161.168,2157.681,3.0,3.890214285714332,4.0,1.0,1.0,6.0,7.0,1.0,4.0,1.0,2.0,A+
1.0,2164.54,0.0,4.0,1.0,2024-03-08 09:00:00,1.0,0.0,5340.0,1,0.0,2171.084,1.0,2169.019,2165.169,3.0,3.961357142857196,4.0,1.0,1.0,9.0,0.0,1.0,4.0,1.0,2.0,A+
1.0,2163.684,0.0,4.0,1.0,2024-03-08 14:00:00,1.0,0.0,16739.0,1,0.0,2174.706,0.0,2170.821,2171.06,3.0,6.483785714285724,4.0,1.0,1.0,14.0,5.0,1.0,4.0,1.0,2.0,A+
1.0,2167.778,0.0,4.0,1.0,2024-03-08 15:00:00,1.0,0.0,9460.0,0,0.0,2177.338,0.0,2177.164,2170.879,3.0,6.87385714285717,4.0,1.0,1.0,15.0,7.0,1.0,4.0,1.0,2.0,A+
1.0,2179.436,0.0,0.0,1.0,2024-03-11 00:00:00,0.0,1.0,4567.0,0,0.0,2189.012,0.0,2186.676,2181.593,3.0,8.953857142857194,4.0,0.0,1.0,0.0,0.0,1.0,4.0,1.0,2.0,A+
1.0,2178.899,0.0,0.0,1.0,2024-03-11 01:00:00,0.0,1.0,5725.0,1,0.0,2186.787,0.0,2180.256,2186.723,3.0,9.272714285714333,4.0,1.0,1.0,1.0,2.0,1.0,4.0,1.0,2.0,A+
1.0,2180.014,0.0,0.0,1.0,2024-03-11 15:00:00,1.0,0.0,6200.0,0,0.0,2185.655,0.0,2184.27,2181.945,3.0,4.904000000000094,4.0,1.0,1.0,15.0,0.0,1.0,4.0,1.0,2.0,A+
1.0,2178.543,0.0,0.0,1.0,2024-03-11 16:00:00,1.0,0.0,5065.0,0,0.0,2184.649,0.0,2180.832,2184.291,3.0,5.088642857142953,4.0,1.0,1.0,16.0,2.0,1.0,4.0,1.0,2.0,A+
1.0,2179.957,0.0,1.0,1.0,2024-03-12 01:00:00,0.0,1.0,3483.0,0,0.0,2183.041,1.0,2182.743,2180.45,3.0,4.754071428571511,4.0,1.0,1.0,1.0,0.0,1.0,4.0,1.0,2.0,A+
1.0,2178.582,0.0,1.0,1.0,2024-03-12 02:00:00,0.0,1.0,3522.0,0,0.0,2182.878,0.0,2179.074,2182.742,3.0,4.844000000000084,4.0,1.0,1.0,2.0,8.0,1.0,4.0,1.0,2.0,A+
1.0,2176.751,0.0,1.0,1.0,2024-03-12 03:00:00,0.0,1.0,3142.0,0,0.0,2179.079,1.0,2177.469,2179.021,3.0,4.701571428571502,4.0,1.0,1.0,3.0,0.0,1.0,4.0,1.0,2.0,A+
1.0,2173.541,0.0,1.0,1.0,2024-03-12 06:00:00,0.0,1.0,4216.0,1,0.0,2177.125,1.0,2175.268,2176.104,3.0,3.747571428571486,4.0,1.0,1.0,6.0,0.0,1.0,4.0,1.0,2.0,A+
1.0,2174.682,0.0,1.0,1.0,2024-03-12 07:00:00,0.0,1.0,4159.0,0,0.0,2177.334,0.0,2176.924,2175.291,3.0,3.50085714285722,4.0,1.0,1.0,7.0,7.0,1.0,4.0,1.0,2.0,A+
1.0,2170.566,0.0,1.0,1.0,2024-03-12 11:00:00,1.0,1.0,4828.0,0,0.0,2176.592,1.0,2171.956,2176.411,3.0,3.377785714285762,4.0,1.0,1.0,11.0,0.0,1.0,4.0,1.0,2.0,A+
1.0,2152.55,0.0,1.0,1.0,2024-03-12 14:00:00,1.0,1.0,11449.0,0,0.0,2166.422,0.0,2162.011,2160.464,3.0,6.079714285714317,4.0,1.0,1.0,14.0,5.0,1.0,4.0,1.0,2.0,A+
1.0,2152.649,0.0,3.0,1.0,2024-03-14 15:00:00,1.0,0.0,8593.0,1,0.0,2162.243,0.0,2157.191,2161.942,3.0,4.418214285714287,4.0,1.0,1.0,15.0,0.0,1.0,4.0,1.0,2.0,A+
1.0,2158.02,0.0,3.0,1.0,2024-03-14 17:00:00,1.0,0.0,5086.0,1,0.0,2164.997,0.0,2160.218,2158.726,3.0,4.758428571428567,4.0,1.0,1.0,17.0,4.0,1.0,4.0,1.0,2.0,A+
1.0,2156.494,0.0,2.0,1.0,2024-03-20 05:00:00,0.0,1.0,2767.0,0,0.0,2158.194,1.0,2157.406,2156.865,3.0,2.492428571428523,4.0,1.0,1.0,5.0,0.0,0.0,4.0,0.0,2.0,A+
1.0,2156.33,0.0,2.0,1.0,2024-03-20 06:00:00,0.0,1.0,3134.0,1,0.0,2158.222,1.0,2156.987,2157.363,3.0,2.2724999999999715,4.0,1.0,1.0,6.0,0.0,0.0,4.0,0.0,2.0,A+
1.0,2156.806,0.0,2.0,1.0,2024-03-20 07:00:00,1.0,1.0,3759.0,0,0.0,2159.486,1.0,2158.266,2157.044,4.0,2.2578571428571195,5.0,1.0,1.0,7.0,0.0,0.0,5.0,0.0,2.3333333333333335,A+
1.0,2154.423,0.0,2.0,1.0,2024-03-20 08:00:00,1.0,0.0,3990.0,0,0.0,2158.353,0.0,2156.123,2158.226,3.0,2.317500000000012,4.0,1.0,1.0,8.0,8.0,0.0,4.0,0.0,2.0,A+
1.0,2152.264,0.0,2.0,1.0,2024-03-20 11:00:00,1.0,0.0,3903.0,1,0.0,2155.046,0.0,2153.978,2154.287,3.0,2.5507142857142884,4.0,1.0,1.0,11.0,5.0,0.0,4.0,0.0,2.0,A+
1.0,2206.394,0.0,3.0,1.0,2024-03-21 07:00:00,0.0,1.0,5800.0,1,0.0,2210.158,0.0,2206.572,2207.118,3.0,9.07207142857143,4.0,1.0,1.0,7.0,6.0,1.0,4.0,1.0,2.0,A+
1.0,2166.296,0.0,3.0,1.0,2024-03-21 15:00:00,1.0,0.0,12368.0,1,0.0,2176.901,0.0,2174.68,2176.67,3.0,6.924142857142897,4.0,1.0,1.0,15.0,0.0,1.0,4.0,1.0,2.0,A+
1.0,2172.646,0.0,4.0,1.0,2024-03-22 01:00:00,0.0,1.0,6143.0,1,0.0,2185.914,0.0,2173.484,2184.895,3.0,6.803714285714283,4.0,1.0,1.0,1.0,2.0,1.0,4.0,1.0,2.0,A+
1.0,2171.805,0.0,4.0,1.0,2024-03-22 02:00:00,0.0,1.0,6042.0,1,0.0,2177.067,0.0,2172.579,2173.517,3.0,6.934785714285714,4.0,1.0,1.0,2.0,6.0,1.0,4.0,1.0,2.0,A+
1.0,2172.199,0.0,4.0,1.0,2024-03-22 03:00:00,0.0,1.0,4089.0,1,0.0,2176.193,0.0,2173.738,2172.582,3.0,6.819642857142851,4.0,1.0,1.0,3.0,4.0,1.0,4.0,1.0,2.0,A+
1.0,2172.996,0.0,4.0,1.0,2024-03-22 05:00:00,0.0,1.0,3804.0,1,0.0,2175.799,0.0,2174.248,2173.613,3.0,4.8278571428571535,4.0,1.0,1.0,5.0,4.0,1.0,4.0,1.0,2.0,A+
1.0,2169.851,0.0,4.0,1.0,2024-03-22 06:00:00,0.0,1.0,4740.0,0,0.0,2176.303,0.0,2170.117,2174.243,3.0,4.531214285714278,4.0,1.0,1.0,6.0,8.0,1.0,4.0,1.0,2.0,A+
1.0,2175.294,0.0,0.0,1.0,2024-03-25 14:00:00,1.0,0.0,6592.0,0,0.0,2180.472,0.0,2177.792,2177.138,3.0,5.524928571428551,4.0,1.0,1.0,14.0,5.0,0.0,4.0,0.0,2.0,A+
1.0,2174.904,0.0,0.0,1.0,2024-03-25 15:00:00,1.0,0.0,4979.0,1,0.0,2177.909,0.0,2175.412,2177.846,3.0,4.810428571428572,4.0,1.0,1.0,15.0,2.0,0.0,4.0,0.0,2.0,A+
1.0,2167.54,0.0,1.0,1.0,2024-03-26 01:00:00,1.0,1.0,5654.0,1,0.0,2174.262,0.0,2169.428,2173.823,4.0,3.7270714285714672,5.0,1.0,1.0,1.0,0.0,1.0,5.0,1.0,2.3333333333333335,A+
1.0,2169.598,0.0,1.0,1.0,2024-03-26 03:00:00,0.0,1.0,3196.0,1,0.0,2172.415,0.0,2170.346,2170.705,3.0,3.329857142857171,4.0,1.0,1.0,3.0,5.0,1.0,4.0,1.0,2.0,A+
1.0,2169.583,0.0,1.0,1.0,2024-03-26 07:00:00,0.0,1.0,3883.0,1,0.0,2174.172,0.0,2173.008,2171.433,3.0,2.862000000000015,4.0,1.0,1.0,7.0,1.0,1.0,4.0,1.0,2.0,A+
1.0,2171.564,0.0,1.0,1.0,2024-03-26 08:00:00,1.0,1.0,4804.0,1,0.0,2179.242,1.0,2178.196,2172.99,4.0,3.2353571428571803,5.0,1.0,1.0,8.0,0.0,1.0,5.0,1.0,2.3333333333333335,A+
1.0,2171.679,0.0,1.0,1.0,2024-03-26 15:00:00,1.0,1.0,8030.0,1,0.0,2181.506,0.0,2174.245,2179.241,4.0,7.036142857142944,5.0,1.0,1.0,15.0,0.0,1.0,5.0,1.0,2.3333333333333335,A+
1.0,2173.105,0.0,2.0,1.0,2024-03-27 01:00:00,1.0,1.0,5392.0,1,0.0,2180.316,0.0,2175.146,2177.433,4.0,5.52550000000003,5.0,1.0,1.0,1.0,0.0,1.0,5.0,1.0,2.3333333333333335,A+
1.0,2174.681,0.0,2.0,1.0,2024-03-27 02:00:00,0.0,1.0,3728.0,1,0.0,2177.593,0.0,2175.953,2175.127,3.0,5.441357142857149,4.0,1.0,1.0,2.0,4.0,1.0,4.0,1.0,2.0,A+
1.0,2175.641,0.0,2.0,1.0,2024-03-27 03:00:00,0.0,1.0,4202.0,1,0.0,2181.699,0.0,2177.725,2175.962,3.0,5.109499999999993,4.0,1.0,1.0,3.0,4.0,1.0,4.0,1.0,2.0,A+
1.0,2176.496,0.0,2.0,1.0,2024-03-27 06:00:00,0.0,1.0,3545.0,1,0.0,2180.016,0.0,2177.71,2176.978,3.0,3.4987857142856944,4.0,1.0,1.0,6.0,4.0,1.0,4.0,1.0,2.0,A+
1.0,2183.412,0.0,2.0,1.0,2024-03-27 13:00:00,1.0,0.0,9049.0,1,0.0,2193.428,0.0,2193.302,2186.074,3.0,6.249714285714195,4.0,1.0,1.0,13.0,7.0,1.0,4.0,1.0,2.0,A+
1.0,2189.795,0.0,2.0,1.0,2024-03-27 14:00:00,1.0,0.0,7886.0,0,0.0,2195.223,0.0,2193.389,2193.263,3.0,6.382714285714201,4.0,1.0,1.0,14.0,5.0,1.0,4.0,1.0,2.0,A+
1.0,2187.305,0.0,3.0,1.0,2024-03-28 00:00:00,0.0,1.0,3960.0,1,0.0,2190.882,0.0,2189.042,2190.723,3.0,4.987214285714215,4.0,1.0,1.0,0.0,0.0,1.0,4.0,1.0,2.0,A+
1.0,2187.527,0.0,3.0,1.0,2024-03-28 01:00:00,0.0,1.0,4188.0,1,0.0,2190.506,0.0,2189.362,2189.059,3.0,4.784285714285651,4.0,1.0,1.0,1.0,5.0,1.0,4.0,1.0,2.0,A+
1.0,2189.109,0.0,3.0,1.0,2024-03-28 02:00:00,0.0,1.0,4478.0,1,0.0,2196.039,1.0,2194.79,2189.412,3.0,4.540857142857119,4.0,1.0,1.0,2.0,0.0,1.0,4.0,1.0,2.0,A+
1.0,2194.399,0.0,3.0,1.0,2024-03-28 05:00:00,0.0,1.0,3831.0,1,0.0,2200.634,0.0,2197.203,2195.55,3.0,3.884785714285759,4.0,1.0,1.0,5.0,4.0,1.0,4.0,1.0,2.0,A+
1.0,2195.112,0.0,3.0,1.0,2024-03-28 06:00:00,0.0,1.0,4342.0,0,1.0,2198.928,1.0,2198.666,2197.189,4.0,3.74914285714291,5.0,1.0,1.0,6.0,0.0,1.0,5.0,1.0,2.3333333333333335,A+
1.0,2192.629,0.0,3.0,1.0,2024-03-28 07:00:00,1.0,1.0,4639.0,1,0.0,2198.793,0.0,2193.719,2198.697,4.0,3.979000000000074,5.0,1.0,1.0,7.0,2.0,1.0,5.0,1.0,2.3333333333333335,A+
1.0,2190.828,0.0,3.0,1.0,2024-03-28 08:00:00,1.0,1.0,5210.0,1,0.0,2197.281,0.0,2194.729,2193.738,4.0,4.07864285714293,5.0,1.0,1.0,8.0,0.0,1.0,5.0,1.0,2.3333333333333335,A+
2.0,2235.573,0.0,6.0,0.0,2024-03-31 23:00:00,0.0,0.0,4855.0,1,0.0,2247.34,1.0,2244.928,2236.881,0.0,9.722500000000082,2.0,0.0,2.0,23.0,7.0,1.0,2.0,1.0,2.0,A+
2.0,2258.032,1.0,0.0,0.0,2024-04-01 04:00:00,0.0,0.0,3717.0,0,0.0,2265.678,0.0,2260.26,2264.36,0.0,8.803285714285787,2.0,0.0,2.0,4.0,0.0,1.0,2.0,1.0,2.0,A+
1.0,2243.562,0.0,0.0,1.0,2024-04-01 12:00:00,1.0,1.0,8048.0,1,0.0,2252.614,0.0,2252.525,2246.819,3.0,7.412857142857157,4.0,1.0,1.0,12.0,1.0,1.0,4.0,1.0,2.0,A+
1.0,2239.285,0.0,0.0,1.0,2024-04-01 13:00:00,1.0,1.0,13948.0,0,0.0,2257.903,0.0,2246.401,2252.478,3.0,7.902214285714275,4.0,1.0,1.0,13.0,8.0,1.0,4.0,1.0,2.0,A+
1.0,2228.473,0.0,0.0,1.0,2024-04-01 14:00:00,1.0,1.0,16197.0,1,0.0,2246.356,0.0,2235.905,2246.356,4.0,8.290428571428558,5.0,1.0,1.0,14.0,0.0,1.0,5.0,1.0,2.3333333333333335,A+
1.0,2248.645,0.0,0.0,0.0,2024-04-01 23:00:00,0.0,1.0,3321.0,1,1.0,2253.554,0.0,2248.935,2253.468,3.0,8.110285714285705,4.0,1.0,1.0,23.0,2.0,1.0,4.0,1.0,2.0,A+
1.0,2247.817,0.0,1.0,1.0,2024-04-02 00:00:00,0.0,1.0,5381.0,1,1.0,2253.621,0.0,2250.372,2248.963,4.0,7.879857142857157,5.0,1.0,1.0,0.0,4.0,1.0,5.0,1.0,2.3333333333333335,A+
1.0,2247.726,0.0,1.0,1.0,2024-04-02 02:00:00,0.0,1.0,4557.0,1,0.0,2255.031,0.0,2254.21,2248.94,3.0,7.7780714285714305,4.0,1.0,1.0,2.0,1.0,1.0,4.0,1.0,2.0,A+
1.0,2256.059,0.0,1.0,1.0,2024-04-02 08:00:00,1.0,0.0,6075.0,1,0.0,2262.807,1.0,2260.965,2256.325,3.0,5.626928571428542,4.0,0.0,1.0,8.0,0.0,1.0,4.0,1.0,2.0,A+
1.0,2255.04,0.0,1.0,1.0,2024-04-02 10:00:00,1.0,0.0,6037.0,0,0.0,2264.673,0.0,2262.101,2260.633,3.0,6.193142857142805,4.0,0.0,1.0,10.0,1.0,1.0,4.0,1.0,2.0,A+
1.0,2256.003,0.0,1.0,1.0,2024-04-02 11:00:00,1.0,0.0,6609.0,1,0.0,2262.141,0.0,2260.526,2262.095,3.0,6.08785714285708,4.0,0.0,1.0,11.0,8.0,1.0,4.0,1.0,2.0,A+
1.0,2250.794,0.0,1.0,1.0,2024-04-02 15:00:00,1.0,0.0,11657.0,1,0.0,2261.13,0.0,2258.604,2260.639,3.0,8.163857142857134,4.0,1.0,1.0,15.0,0.0,1.0,4.0,1.0,2.0,A+
1.0,2279.488,0.0,2.0,1.0,2024-04-03 00:00:00,0.0,1.0,6110.0,1,0.0,2285.891,0.0,2283.24,2279.886,3.0,8.813500000000074,4.0,0.0,1.0,0.0,1.0,1.0,4.0,1.0,2.0,A+
1.0,2280.949,0.0,2.0,1.0,2024-04-03 06:00:00,0.0,1.0,5026.0,0,0.0,2285.968,0.0,2281.994,2285.968,3.0,6.08371428571432,4.0,0.0,1.0,6.0,8.0,1.0,4.0,1.0,2.0,A+
1.0,2271.597,0.0,2.0,1.0,2024-04-03 13:00:00,1.0,0.0,12538.0,1,0.0,2278.859,0.0,2275.094,2274.859,3.0,6.1670714285714245,4.0,1.0,1.0,13.0,5.0,1.0,4.0,1.0,2.0,A+
1.0,2280.571,0.0,2.0,1.0,2024-04-03 15:00:00,1.0,0.0,10404.0,1,0.0,2288.352,1.0,2286.298,2282.718,3.0,6.585928571428537,4.0,0.0,1.0,15.0,0.0,1.0,4.0,1.0,2.0,A+
1.0,2280.699,0.0,2.0,1.0,2024-04-03 16:00:00,1.0,0.0,11537.0,1,0.0,2295.158,1.0,2293.825,2286.291,3.0,7.396571428571373,4.0,0.0,1.0,16.0,0.0,1.0,4.0,1.0,2.0,A+
1.0,2297.584,0.0,3.0,1.0,2024-04-04 03:00:00,0.0,1.0,3742.0,1,1.0,2300.645,0.0,2299.175,2299.497,4.0,6.344714285714255,5.0,0.0,1.0,3.0,5.0,1.0,5.0,1.0,2.3333333333333335,A+
1.0,2298.266,0.0,3.0,0.0,2024-04-04 04:00:00,0.0,1.0,2968.0,0,1.0,2300.178,0.0,2298.895,2299.125,3.0,5.962571428571404,4.0,0.0,1.0,4.0,5.0,1.0,4.0,1.0,2.0,A+
1.0,2291.837,0.0,3.0,1.0,2024-04-04 07:00:00,0.0,1.0,6026.0,1,0.0,2298.155,0.0,2292.952,2295.768,3.0,4.621214285714326,4.0,1.0,1.0,7.0,8.0,1.0,4.0,1.0,2.0,A+
1.0,2290.774,0.0,3.0,1.0,2024-04-04 09:00:00,0.0,1.0,4797.0,1,0.0,2294.061,0.0,2293.21,2291.568,3.0,4.3404285714286415,4.0,1.0,1.0,9.0,7.0,1.0,4.0,1.0,2.0,A+
1.0,2282.702,0.0,3.0,1.0,2024-04-04 12:00:00,1.0,1.0,11026.0,1,0.0,2289.995,0.0,2288.125,2289.31,4.0,4.645785714285759,5.0,1.0,1.0,12.0,0.0,1.0,5.0,1.0,2.3333333333333335,A+
1.0,2284.749,0.0,3.0,1.0,2024-04-04 13:00:00,1.0,1.0,10094.0,1,0.0,2291.052,0.0,2287.503,2288.174,4.0,4.713857142857218,5.0,1.0,1.0,13.0,5.0,1.0,5.0,1.0,2.3333333333333335,A+
1.0,2287.062,0.0,3.0,1.0,2024-04-04 14:00:00,1.0,0.0,11642.0,0,0.0,2299.374,0.0,2295.115,2287.43,3.0,5.218285714285782,4.0,1.0,1.0,14.0,1.0,1.0,4.0,1.0,2.0,A+
1.0,2279.817,0.0,3.0,1.0,2024-04-04 19:00:00,1.0,0.0,18111.0,1,0.0,2304.68,0.0,2284.919,2304.07,3.0,7.70050000000005,4.0,1.0,1.0,19.0,2.0,1.0,4.0,1.0,2.0,A+
1.0,2282.842,0.0,4.0,1.0,2024-04-05 00:00:00,0.0,1.0,6118.0,0,0.0,2290.276,1.0,2283.116,2288.702,3.0,8.144071428571417,4.0,1.0,1.0,0.0,0.0,1.0,4.0,1.0,2.0,A+
1.0,2355.831,0.0,1.0,1.0,2024-04-09 10:00:00,1.0,0.0,6948.0,1,0.0,2364.221,0.0,2356.48,2363.152,3.0,5.658500000000004,4.0,0.0,1.0,10.0,8.0,1.0,4.0,1.0,2.0,A+
1.0,2338.236,0.0,1.0,1.0,2024-04-09 15:00:00,1.0,0.0,16969.0,1,0.0,2353.665,0.0,2340.29,2352.853,3.0,8.943642857142907,4.0,1.0,1.0,15.0,0.0,1.0,4.0,1.0,2.0,A+
1.0,2344.697,0.0,2.0,1.0,2024-04-10 01:00:00,0.0,1.0,8034.0,1,1.0,2351.936,0.0,2349.319,2351.66,4.0,8.225571428571422,5.0,1.0,1.0,1.0,0.0,1.0,5.0,1.0,2.3333333333333335,A+
1.0,2353.842,0.0,2.0,1.0,2024-04-10 06:00:00,0.0,1.0,6401.0,0,0.0,2359.902,0.0,2356.094,2357.429,3.0,5.254071428571414,4.0,0.0,1.0,6.0,2.0,1.0,4.0,1.0,2.0,A+
1.0,2353.071,0.0,0.0,1.0,2024-04-15 06:00:00,0.0,1.0,10669.0,1,0.0,2361.487,0.0,2354.858,2361.078,3.0,14.40492857142866,4.0,1.0,1.0,6.0,8.0,1.0,4.0,1.0,2.0,A+
1.0,2344.71,0.0,0.0,1.0,2024-04-15 08:00:00,0.0,1.0,10722.0,1,0.0,2355.996,0.0,2351.557,2353.038,3.0,11.26550000000004,4.0,1.0,1.0,8.0,5.0,1.0,4.0,1.0,2.0,A+
1.0,2379.712,0.0,1.0,1.0,2024-04-16 17:00:00,1.0,0.0,21529.0,0,0.0,2397.653,0.0,2384.702,2397.533,3.0,11.05514285714282,4.0,1.0,1.0,17.0,2.0,1.0,4.0,1.0,2.0,A+
1.0,2381.283,0.0,2.0,1.0,2024-04-17 01:00:00,0.0,1.0,8097.0,1,0.0,2385.542,0.0,2384.596,2384.411,3.0,10.240500000000011,4.0,1.0,1.0,1.0,5.0,1.0,4.0,1.0,2.0,A+
1.0,2372.647,0.0,2.0,1.0,2024-04-17 06:00:00,0.0,1.0,8307.0,1,0.0,2381.532,0.0,2380.981,2377.607,3.0,7.529428571428558,4.0,1.0,1.0,6.0,0.0,1.0,4.0,1.0,2.0,A+
1.0,2377.908,0.0,2.0,1.0,2024-04-17 07:00:00,0.0,1.0,6413.0,1,0.0,2383.255,0.0,2382.496,2380.938,3.0,6.99714285714286,4.0,1.0,1.0,7.0,3.0,1.0,4.0,1.0,2.0,A+
1.0,2378.324,0.0,2.0,1.0,2024-04-17 12:00:00,1.0,0.0,10932.0,1,0.0,2387.989,0.0,2383.239,2387.361,3.0,5.9410714285714095,4.0,1.0,1.0,12.0,2.0,1.0,4.0,1.0,2.0,A+
1.0,2382.917,0.0,2.0,1.0,2024-04-17 13:00:00,1.0,0.0,15630.0,1,0.0,2395.211,0.0,2393.328,2383.205,3.0,6.518214285714261,4.0,1.0,1.0,13.0,1.0,1.0,4.0,1.0,2.0,A+
1.0,2386.067,0.0,2.0,1.0,2024-04-17 14:00:00,1.0,0.0,14704.0,0,0.0,2395.581,0.0,2390.459,2393.354,3.0,6.910714285714254,4.0,1.0,1.0,14.0,0.0,1.0,4.0,1.0,2.0,A+
1.0,2368.037,0.0,2.0,1.0,2024-04-17 17:00:00,1.0,0.0,13989.0,1,0.0,2375.975,0.0,2372.18,2372.414,3.0,9.184,4.0,1.0,1.0,17.0,5.0,1.0,4.0,1.0,2.0,A+
1.0,2321.749,0.0,2.0,1.0,2024-04-24 17:00:00,1.0,0.0,7279.0,0,0.0,2330.483,0.0,2324.391,2325.117,3.0,7.756000000000021,4.0,1.0,1.0,17.0,5.0,0.0,4.0,0.0,2.0,A+
1.0,2315.988,0.0,3.0,1.0,2024-04-25 01:00:00,0.0,1.0,5163.0,1,0.0,2320.696,0.0,2319.152,2319.118,3.0,7.060571428571458,4.0,1.0,1.0,1.0,5.0,0.0,4.0,0.0,2.0,A+
1.0,2318.85,0.0,3.0,1.0,2024-04-25 02:00:00,0.0,1.0,4060.0,1,0.0,2322.041,0.0,2319.855,2319.159,3.0,7.015857142857191,4.0,1.0,1.0,2.0,4.0,0.0,4.0,0.0,2.0,A+
1.0,2332.192,0.0,4.0,1.0,2024-04-26 03:00:00,0.0,1.0,4435.0,1,0.0,2334.93,0.0,2334.634,2333.829,3.0,7.549785714285657,4.0,1.0,1.0,3.0,3.0,0.0,4.0,0.0,2.0,A+
1.0,2333.425,0.0,4.0,1.0,2024-04-26 04:00:00,0.0,1.0,3994.0,1,0.0,2338.333,0.0,2335.874,2334.634,3.0,6.578714285714211,4.0,1.0,1.0,4.0,4.0,0.0,4.0,0.0,2.0,A+
1.0,2338.118,0.0,4.0,1.0,2024-04-26 07:00:00,0.0,1.0,6843.0,1,0.0,2347.319,1.0,2345.503,2340.967,3.0,4.618142857142824,4.0,1.0,1.0,7.0,0.0,0.0,4.0,0.0,2.0,A+
1.0,2340.491,0.0,4.0,1.0,2024-04-26 12:00:00,1.0,0.0,12311.0,0,0.0,2351.563,0.0,2344.669,2344.88,3.0,5.558642857142884,4.0,1.0,1.0,12.0,5.0,1.0,4.0,1.0,2.0,A+
1.0,2328.675,0.0,4.0,1.0,2024-04-26 14:00:00,1.0,0.0,15261.0,1,0.0,2345.251,0.0,2333.548,2341.306,3.0,7.332142857142896,4.0,1.0,1.0,14.0,0.0,1.0,4.0,1.0,2.0,A+
1.0,2332.411,0.0,1.0,1.0,2024-04-30 01:00:00,0.0,1.0,5965.0,0,0.0,2336.113,0.0,2333.975,2333.885,3.0,5.992499999999966,4.0,1.0,1.0,1.0,5.0,1.0,4.0,1.0,2.0,A+
1.0,2326.824,0.0,1.0,1.0,2024-04-30 02:00:00,0.0,1.0,5638.0,0,0.0,2334.437,0.0,2331.304,2334.02,3.0,5.998999999999959,4.0,1.0,1.0,2.0,2.0,1.0,4.0,1.0,2.0,A+
1.0,2321.741,0.0,1.0,1.0,2024-04-30 05:00:00,0.0,1.0,5367.0,0,0.0,2327.031,1.0,2322.961,2326.435,3.0,5.077785714285645,4.0,1.0,1.0,5.0,0.0,0.0,4.0,0.0,2.0,A+
1.0,2315.282,0.0,1.0,1.0,2024-04-30 07:00:00,0.0,1.0,5850.0,0,0.0,2322.648,1.0,2317.531,2322.433,3.0,4.832071428571355,4.0,1.0,1.0,7.0,0.0,0.0,4.0,0.0,2.0,A+
1.0,2318.912,0.0,0.0,1.0,2024-05-06 14:00:00,1.0,0.0,12452.0,1,0.0,2330.559,0.0,2321.061,2327.902,3.0,7.761000000000065,4.0,1.0,1.0,14.0,2.0,1.0,4.0,1.0,2.0,A+
2.0,2312.086,0.0,1.0,0.0,2024-05-07 11:00:00,0.0,0.0,4569.0,1,0.0,2316.532,1.0,2312.348,2315.351,0.0,4.482785714285748,2.0,1.0,2.0,11.0,2.0,1.0,2.0,1.0,2.0,A+
1.0,2312.265,0.0,1.0,1.0,2024-05-07 14:00:00,1.0,0.0,8011.0,1,0.0,2322.395,0.0,2314.177,2318.538,3.0,5.520785714285727,4.0,1.0,1.0,14.0,2.0,1.0,4.0,1.0,2.0,A+
1.0,2312.73,0.0,1.0,1.0,2024-05-07 15:00:00,1.0,0.0,7692.0,1,0.0,2319.116,0.0,2314.703,2314.212,3.0,5.442142857142861,4.0,1.0,1.0,15.0,5.0,1.0,4.0,1.0,2.0,A+
1.0,2313.746,0.0,2.0,1.0,2024-05-08 00:00:00,0.0,1.0,3974.0,1,0.0,2316.275,0.0,2314.193,2315.167,3.0,4.790928571428594,4.0,1.0,1.0,0.0,2.0,1.0,4.0,1.0,2.0,A+
1.0,2356.533,0.0,4.0,1.0,2024-05-10 15:00:00,1.0,0.0,9299.0,1,0.0,2366.385,0.0,2364.804,2360.573,3.0,7.987571428571463,4.0,1.0,1.0,15.0,0.0,1.0,4.0,1.0,2.0,A+
1.0,2354.778,0.0,0.0,1.0,2024-05-13 01:00:00,1.0,0.0,7377.0,0,0.0,2364.13,0.0,2359.135,2363.981,3.0,7.307571428571497,4.0,1.0,1.0,1.0,8.0,1.0,4.0,1.0,2.0,A+
1.0,2356.23,0.0,0.0,1.0,2024-05-13 03:00:00,0.0,1.0,4061.0,0,0.0,2359.335,1.0,2357.07,2358.989,3.0,6.348500000000058,4.0,1.0,1.0,3.0,0.0,1.0,4.0,1.0,2.0,A+
1.0,2351.162,0.0,0.0,1.0,2024-05-13 05:00:00,0.0,1.0,4471.0,1,0.0,2355.063,1.0,2352.538,2354.28,3.0,4.899714285714351,4.0,1.0,1.0,5.0,0.0,1.0,4.0,1.0,2.0,A+
1.0,2347.352,0.0,0.0,1.0,2024-05-13 06:00:00,0.0,1.0,5964.0,1,1.0,2354.412,1.0,2349.58,2352.598,4.0,4.700285714285753,5.0,1.0,1.0,6.0,0.0,1.0,5.0,1.0,2.3333333333333335,A+
1.0,2346.429,0.0,0.0,1.0,2024-05-13 07:00:00,0.0,1.0,5200.0,1,1.0,2351.298,1.0,2348.569,2349.565,4.0,4.455000000000025,5.0,1.0,1.0,7.0,0.0,1.0,5.0,1.0,2.3333333333333335,A+
1.0,2386.582,0.0,3.0,1.0,2024-05-16 03:00:00,0.0,1.0,4773.0,1,0.0,2390.727,0.0,2388.637,2387.487,3.0,8.196714285714345,4.0,1.0,1.0,3.0,4.0,1.0,4.0,1.0,2.0,A+
1.0,2390.112,0.0,3.0,1.0,2024-05-16 05:00:00,0.0,1.0,5085.0,1,0.0,2394.499,0.0,2390.16,2391.277,3.0,5.756642857142879,4.0,1.0,1.0,5.0,6.0,1.0,4.0,1.0,2.0,A+
1.0,2373.095,0.0,3.0,1.0,2024-05-16 15:00:00,1.0,0.0,7059.0,1,0.0,2382.332,0.0,2381.506,2373.333,3.0,6.156499999999953,4.0,1.0,1.0,15.0,7.0,1.0,4.0,1.0,2.0,A+
2.0,2381.781,0.0,4.0,0.0,2024-05-17 10:00:00,0.0,0.0,4436.0,1,0.0,2387.557,1.0,2387.328,2382.465,0.0,3.9129285714286,2.0,1.0,2.0,10.0,1.0,1.0,2.0,1.0,2.0,A+
1.0,2393.251,0.0,4.0,1.0,2024-05-17 13:00:00,1.0,0.0,16951.0,1,1.0,2405.139,1.0,2401.648,2393.251,3.0,5.087214285714318,4.0,1.0,1.0,13.0,0.0,1.0,4.0,1.0,2.0,A+
2.0,2435.146,0.0,0.0,0.0,2024-05-20 04:00:00,0.0,0.0,4919.0,1,0.0,2439.648,1.0,2437.283,2437.543,0.0,9.28571428571435,2.0,0.0,2.0,4.0,5.0,1.0,2.0,1.0,2.0,A+
1.0,2407.273,0.0,0.0,1.0,2024-05-20 12:00:00,1.0,0.0,20828.0,1,0.0,2430.898,0.0,2413.887,2430.572,3.0,10.420142857142894,4.0,1.0,1.0,12.0,0.0,1.0,4.0,1.0,2.0,A+
1.0,2414.752,0.0,0.0,1.0,2024-05-20 14:00:00,1.0,0.0,12302.0,1,0.0,2423.69,0.0,2422.967,2420.096,3.0,10.973642857142847,4.0,1.0,1.0,14.0,3.0,1.0,4.0,1.0,2.0,A+
1.0,2419.563,0.0,1.0,1.0,2024-05-21 01:00:00,1.0,1.0,14306.0,0,0.0,2433.081,0.0,2420.466,2428.916,4.0,8.994214285714309,5.0,1.0,1.0,1.0,2.0,1.0,5.0,1.0,2.3333333333333335,A+
1.0,2341.237,0.0,0.0,1.0,2024-05-27 06:00:00,1.0,0.0,5358.0,0,0.0,2344.578,0.0,2341.407,2343.618,3.0,4.378357142857112,4.0,1.0,1.0,6.0,8.0,0.0,4.0,0.0,2.0,A+
1.0,2338.158,0.0,0.0,1.0,2024-05-27 08:00:00,1.0,0.0,5400.0,1,0.0,2346.151,1.0,2344.207,2338.606,3.0,4.708499999999958,4.0,1.0,1.0,8.0,0.0,0.0,4.0,0.0,2.0,A+
1.0,2343.675,0.0,0.0,1.0,2024-05-27 12:00:00,1.0,0.0,6979.0,1,0.0,2349.839,1.0,2347.112,2345.076,3.0,4.54099999999994,4.0,1.0,1.0,12.0,0.0,0.0,4.0,0.0,2.0,A+
1.0,2344.619,0.0,0.0,1.0,2024-05-27 13:00:00,1.0,0.0,10853.0,0,0.0,2357.003,1.0,2354.89,2347.135,3.0,5.129571428571386,4.0,1.0,1.0,13.0,0.0,0.0,4.0,0.0,2.0,A+
1.0,2351.519,0.0,1.0,1.0,2024-05-28 02:00:00,1.0,1.0,4914.0,0,0.0,2355.815,0.0,2354.137,2354.722,4.0,4.275785714285705,5.0,1.0,1.0,2.0,5.0,0.0,5.0,0.0,2.3333333333333335,A+
1.0,2350.402,0.0,1.0,0.0,2024-05-28 04:00:00,0.0,1.0,3470.0,1,1.0,2352.045,0.0,2350.988,2350.824,3.0,4.261928571428565,4.0,1.0,1.0,4.0,5.0,0.0,4.0,0.0,2.0,A+
1.0,2349.584,0.0,1.0,1.0,2024-05-28 05:00:00,0.0,1.0,4750.0,0,1.0,2353.668,0.0,2350.401,2350.987,4.0,4.350500000000011,5.0,1.0,1.0,5.0,8.0,0.0,5.0,0.0,2.3333333333333335,A+
1.0,2353.067,0.0,1.0,1.0,2024-05-28 17:00:00,1.0,0.0,7368.0,1,0.0,2360.029,0.0,2356.868,2356.696,3.0,6.345785714285739,4.0,1.0,1.0,17.0,5.0,0.0,4.0,0.0,2.0,A+
1.0,2355.183,0.0,2.0,1.0,2024-05-29 03:00:00,0.0,1.0,5011.0,0,0.0,2359.085,0.0,2358.127,2355.638,3.0,5.846857142857126,4.0,1.0,1.0,3.0,1.0,0.0,4.0,0.0,2.0,A+
1.0,2344.878,0.0,2.0,1.0,2024-05-29 08:00:00,1.0,1.0,6929.0,0,0.0,2351.728,1.0,2345.538,2350.542,3.0,4.553714285714283,4.0,1.0,1.0,8.0,0.0,0.0,4.0,0.0,2.0,A+
1.0,2341.74,0.0,3.0,1.0,2024-05-30 15:00:00,1.0,0.0,8140.0,0,0.0,2345.738,0.0,2343.804,2344.07,3.0,7.620928571428554,4.0,1.0,1.0,15.0,5.0,0.0,4.0,0.0,2.0,A+
1.0,2343.106,0.0,4.0,1.0,2024-05-31 01:00:00,1.0,1.0,7190.0,1,0.0,2347.643,0.0,2346.547,2346.366,4.0,5.535428571428546,5.0,1.0,1.0,1.0,5.0,0.0,5.0,0.0,2.3333333333333335,A+
1.0,2342.296,0.0,4.0,1.0,2024-05-31 02:00:00,0.0,1.0,5095.0,1,0.0,2347.685,0.0,2342.508,2346.545,3.0,5.537499999999974,4.0,1.0,1.0,2.0,0.0,0.0,4.0,0.0,2.0,A+
1.0,2334.138,0.0,4.0,1.0,2024-05-31 14:00:00,1.0,0.0,17489.0,0,0.0,2349.024,1.0,2335.229,2348.171,3.0,6.7296428571429,4.0,1.0,1.0,14.0,0.0,0.0,4.0,0.0,2.0,A+
1.0,2327.69,0.0,4.0,1.0,2024-05-31 15:00:00,1.0,0.0,15627.0,0,0.0,2336.121,1.0,2330.024,2335.178,3.0,7.007785714285774,4.0,1.0,1.0,15.0,0.0,0.0,4.0,0.0,2.0,A+
1.0,2349.713,0.0,0.0,0.0,2024-06-03 23:00:00,0.0,1.0,2438.0,0,1.0,2351.119,0.0,2350.629,2350.558,3.0,6.003000000000027,4.0,1.0,1.0,23.0,5.0,0.0,4.0,0.0,2.0,A+
1.0,2345.641,0.0,1.0,1.0,2024-06-04 02:00:00,0.0,1.0,4632.0,1,0.0,2349.581,0.0,2346.843,2347.077,3.0,6.0619285714285525,4.0,1.0,1.0,2.0,5.0,1.0,4.0,1.0,2.0,A+
1.0,2345.088,0.0,1.0,1.0,2024-06-04 04:00:00,0.0,1.0,3513.0,0,1.0,2349.859,0.0,2349.267,2345.694,4.0,5.4930714285714135,5.0,1.0,1.0,4.0,1.0,1.0,5.0,1.0,2.3333333333333335,A+
1.0,2325.238,0.0,1.0,1.0,2024-06-04 11:00:00,1.0,0.0,6507.0,1,0.0,2329.791,1.0,2327.917,2329.212,3.0,4.87950000000004,4.0,1.0,1.0,11.0,0.0,0.0,4.0,0.0,2.0,A+
1.0,2326.673,0.0,1.0,1.0,2024-06-04 12:00:00,1.0,0.0,8554.0,0,0.0,2335.988,0.0,2335.076,2327.884,3.0,5.411571428571473,4.0,1.0,1.0,12.0,1.0,0.0,4.0,0.0,2.0,A+
1.0,2365.101,0.0,3.0,1.0,2024-06-06 02:00:00,1.0,1.0,6710.0,0,0.0,2374.647,1.0,2374.313,2367.467,3.0,6.759214285714312,4.0,1.0,1.0,2.0,0.0,1.0,4.0,1.0,2.0,A+
1.0,2375.132,0.0,4.0,1.0,2024-06-07 03:00:00,0.0,1.0,4743.0,1,0.0,2381.969,1.0,2380.117,2376.572,3.0,6.500714285714333,4.0,1.0,1.0,3.0,0.0,1.0,4.0,1.0,2.0,A+
1.0,2379.223,0.0,4.0,1.0,2024-06-07 04:00:00,0.0,1.0,4168.0,0,0.0,2387.482,1.0,2386.551,2380.12,3.0,6.117000000000027,4.0,0.0,1.0,4.0,0.0,1.0,4.0,1.0,2.0,A+
1.0,2372.846,0.0,4.0,1.0,2024-06-07 06:00:00,1.0,1.0,6497.0,1,0.0,2377.754,0.0,2375.404,2375.906,4.0,5.775642857142917,5.0,1.0,1.0,6.0,5.0,1.0,5.0,1.0,2.3333333333333335,A+
1.0,2301.601,0.0,1.0,1.0,2024-06-11 01:00:00,1.0,1.0,10218.0,1,0.0,2310.812,0.0,2302.838,2310.812,4.0,4.946928571428608,5.0,1.0,1.0,1.0,8.0,0.0,5.0,0.0,2.3333333333333335,A+
1.0,2300.755,0.0,1.0,1.0,2024-06-11 03:00:00,0.0,1.0,4495.0,0,0.0,2304.432,0.0,2303.733,2301.839,3.0,4.626142857142862,4.0,1.0,1.0,3.0,1.0,0.0,4.0,0.0,2.0,A+
1.0,2297.625,0.0,1.0,1.0,2024-06-11 05:00:00,0.0,1.0,4715.0,1,1.0,2304.396,0.0,2299.595,2303.521,4.0,4.364214285714264,5.0,0.0,1.0,5.0,0.0,0.0,5.0,0.0,2.3333333333333335,A+
1.0,2312.414,0.0,1.0,1.0,2024-06-11 14:00:00,1.0,0.0,8943.0,0,0.0,2317.78,0.0,2314.704,2314.712,3.0,5.847428571428542,4.0,1.0,1.0,14.0,5.0,0.0,4.0,0.0,2.0,A+
1.0,2311.563,0.0,2.0,1.0,2024-06-12 12:00:00,1.0,0.0,16240.0,1,0.0,2337.674,1.0,2335.921,2312.864,3.0,5.063285714285745,4.0,1.0,1.0,12.0,0.0,0.0,4.0,0.0,2.0,A+
1.0,2324.651,0.0,2.0,1.0,2024-06-12 15:00:00,1.0,0.0,10822.0,1,0.0,2337.139,0.0,2335.542,2325.287,3.0,7.123785714285759,4.0,1.0,1.0,15.0,7.0,0.0,4.0,0.0,2.0,A+
1.0,2327.184,0.0,4.0,1.0,2024-06-14 12:00:00,1.0,0.0,9567.0,1,0.0,2333.411,0.0,2330.313,2332.044,3.0,5.769499999999978,4.0,1.0,1.0,12.0,2.0,0.0,4.0,0.0,2.0,A+
1.0,2324.144,0.0,4.0,1.0,2024-06-14 13:00:00,1.0,0.0,11723.0,1,0.0,2332.864,0.0,2330.405,2330.283,3.0,6.282142857142844,4.0,1.0,1.0,13.0,5.0,1.0,4.0,1.0,2.0,A+
2.0,2328.475,0.0,4.0,0.0,2024-06-14 17:00:00,0.0,0.0,5228.0,0,0.0,2335.558,1.0,2334.089,2328.839,0.0,7.318499999999956,2.0,1.0,2.0,17.0,0.0,1.0,2.0,1.0,2.0,A+
1.0,2322.74,0.0,0.0,1.0,2024-06-17 01:00:00,1.0,1.0,6453.0,0,0.0,2328.947,0.0,2326.258,2326.399,3.0,5.755214285714276,4.0,1.0,1.0,1.0,5.0,1.0,4.0,1.0,2.0,A+
1.0,2318.73,0.0,0.0,1.0,2024-06-17 13:00:00,1.0,0.0,8557.0,1,0.0,2326.306,0.0,2320.978,2319.533,3.0,4.61700000000006,4.0,1.0,1.0,13.0,4.0,1.0,4.0,1.0,2.0,A+
1.0,2318.315,0.0,0.0,1.0,2024-06-17 14:00:00,1.0,0.0,7296.0,0,0.0,2327.643,0.0,2324.476,2320.932,3.0,5.0195000000000425,4.0,1.0,1.0,14.0,0.0,1.0,4.0,1.0,2.0,A+
1.0,2327.935,0.0,2.0,1.0,2024-06-19 03:00:00,0.0,1.0,3100.0,1,0.0,2331.758,0.0,2328.27,2330.289,3.0,4.609285714285663,4.0,1.0,1.0,3.0,2.0,1.0,4.0,1.0,2.0,A+
1.0,2329.753,0.0,2.0,1.0,2024-06-19 07:00:00,0.0,1.0,4549.0,0,0.0,2332.68,1.0,2331.765,2330.236,3.0,2.8456428571428205,4.0,1.0,1.0,7.0,0.0,1.0,4.0,1.0,2.0,A+
1.0,2327.672,0.0,2.0,1.0,2024-06-19 09:00:00,0.0,1.0,4303.0,1,0.0,2332.752,0.0,2328.106,2332.539,3.0,2.8016428571428214,4.0,1.0,1.0,9.0,8.0,1.0,4.0,1.0,2.0,A+
1.0,2327.375,0.0,2.0,1.0,2024-06-19 10:00:00,0.0,1.0,3873.0,1,0.0,2329.923,0.0,2327.924,2328.105,3.0,2.788642857142804,4.0,1.0,1.0,10.0,5.0,1.0,4.0,1.0,2.0,A+
1.0,2325.756,0.0,2.0,1.0,2024-06-19 11:00:00,1.0,1.0,4290.0,0,0.0,2331.056,0.0,2330.407,2327.92,4.0,3.0465714285713994,5.0,1.0,1.0,11.0,1.0,1.0,5.0,1.0,2.3333333333333335,A+
1.0,2338.448,0.0,3.0,1.0,2024-06-20 07:00:00,1.0,0.0,5530.0,0,0.0,2344.953,0.0,2338.577,2344.131,3.0,4.199785714285651,4.0,1.0,1.0,7.0,2.0,1.0,4.0,1.0,2.0,A+
1.0,2335.28,0.0,3.0,1.0,2024-06-20 12:00:00,1.0,0.0,9657.0,1,0.0,2344.05,0.0,2338.495,2339.3,3.0,5.265785714285714,4.0,1.0,1.0,12.0,5.0,1.0,4.0,1.0,2.0,A+
1.0,2358.113,0.0,4.0,1.0,2024-06-21 02:00:00,0.0,1.0,4320.0,1,0.0,2361.61,0.0,2359.328,2359.65,3.0,6.162785714285682,4.0,1.0,1.0,2.0,5.0,1.0,4.0,1.0,2.0,A+
1.0,2362.18,0.0,4.0,1.0,2024-06-21 05:00:00,0.0,1.0,3663.0,1,0.0,2365.602,1.0,2364.486,2362.902,3.0,4.106357142857113,4.0,1.0,1.0,5.0,0.0,1.0,4.0,1.0,2.0,A+
1.0,2360.368,0.0,4.0,1.0,2024-06-21 12:00:00,1.0,0.0,6678.0,0,0.0,2368.084,0.0,2360.65,2366.274,3.0,4.8316428571428265,4.0,1.0,1.0,12.0,2.0,1.0,4.0,1.0,2.0,A+
1.0,2327.281,0.0,1.0,1.0,2024-06-25 11:00:00,1.0,0.0,5274.0,0,0.0,2335.797,0.0,2330.121,2335.25,3.0,4.7591428571429,4.0,1.0,1.0,11.0,8.0,0.0,4.0,0.0,2.0,A+
1.0,2324.001,0.0,1.0,1.0,2024-06-25 12:00:00,1.0,0.0,6456.0,1,0.0,2330.453,1.0,2324.214,2330.109,3.0,5.025928571428592,4.0,1.0,1.0,12.0,0.0,0.0,4.0,0.0,2.0,A+
1.0,2319.489,0.0,1.0,1.0,2024-06-25 14:00:00,1.0,0.0,9413.0,0,0.0,2328.207,0.0,2327.16,2325.722,3.0,5.845428571428556,4.0,1.0,1.0,14.0,3.0,0.0,4.0,0.0,2.0,A+
1.0,2315.562,0.0,1.0,1.0,2024-06-25 15:00:00,1.0,0.0,8629.0,0,0.0,2327.724,0.0,2324.687,2327.191,3.0,6.160000000000017,4.0,1.0,1.0,15.0,2.0,0.0,4.0,0.0,2.0,A+
1.0,2329.33,0.0,4.0,1.0,2024-06-28 10:00:00,1.0,0.0,4992.0,1,0.0,2336.753,1.0,2335.774,2330.306,3.0,4.208571428571466,4.0,1.0,1.0,10.0,0.0,1.0,4.0,1.0,2.0,A+
1.0,2322.835,0.0,4.0,1.0,2024-06-28 14:00:00,1.0,0.0,10769.0,1,0.0,2333.664,0.0,2326.436,2330.337,3.0,5.82664285714288,4.0,1.0,1.0,14.0,0.0,1.0,4.0,1.0,2.0,A+
1.0,2327.668,0.0,4.0,1.0,2024-06-28 16:00:00,1.0,0.0,5274.0,1,0.0,2332.512,0.0,2329.949,2328.641,3.0,5.912285714285742,4.0,1.0,1.0,16.0,4.0,1.0,4.0,1.0,2.0,A+
1.0,2321.398,0.0,0.0,1.0,2024-07-01 04:00:00,0.0,1.0,3444.0,1,0.0,2326.049,1.0,2323.578,2324.729,3.0,4.631785714285797,4.0,1.0,1.0,4.0,0.0,1.0,4.0,1.0,2.0,A+
1.0,2322.874,0.0,1.0,1.0,2024-07-02 14:00:00,1.0,0.0,13386.0,1,0.0,2335.798,0.0,2326.572,2334.421,3.0,6.218642857142901,4.0,1.0,1.0,14.0,2.0,1.0,4.0,1.0,2.0,A+
1.0,2324.123,0.0,1.0,1.0,2024-07-02 15:00:00,1.0,0.0,7032.0,1,0.0,2330.411,0.0,2324.711,2326.565,3.0,6.445357142857184,4.0,1.0,1.0,15.0,6.0,1.0,4.0,1.0,2.0,A+
1.0,2328.43,0.0,2.0,1.0,2024-07-03 01:00:00,0.0,1.0,4421.0,1,0.0,2331.545,0.0,2329.102,2330.244,3.0,5.085714285714305,4.0,1.0,1.0,1.0,8.0,1.0,4.0,1.0,2.0,A+
1.0,2331.699,0.0,2.0,1.0,2024-07-03 04:00:00,0.0,1.0,2920.0,1,0.0,2335.285,1.0,2334.417,2331.699,3.0,4.104857142857132,4.0,1.0,1.0,4.0,0.0,1.0,4.0,1.0,2.0,A+
1.0,2331.917,0.0,2.0,1.0,2024-07-03 05:00:00,0.0,1.0,4320.0,1,0.0,2335.811,1.0,2333.323,2334.384,3.0,3.45985714285715,4.0,1.0,1.0,5.0,0.0,1.0,4.0,1.0,2.0,A+
1.0,2338.868,0.0,2.0,1.0,2024-07-03 07:00:00,1.0,1.0,6354.0,1,0.0,2347.201,1.0,2345.304,2340.145,4.0,3.9117857142857377,5.0,1.0,1.0,7.0,0.0,1.0,5.0,1.0,2.3333333333333335,A+
1.0,2343.049,0.0,2.0,1.0,2024-07-03 08:00:00,1.0,1.0,5522.0,1,0.0,2347.552,1.0,2344.59,2345.321,4.0,4.0088571428571935,5.0,1.0,1.0,8.0,0.0,1.0,5.0,1.0,2.3333333333333335,A+
1.0,2344.529,0.0,2.0,1.0,2024-07-03 10:00:00,1.0,1.0,5104.0,1,0.0,2349.482,1.0,2346.988,2346.211,4.0,4.125071428571475,5.0,1.0,1.0,10.0,0.0,1.0,5.0,1.0,2.3333333333333335,A+
1.0,2344.871,0.0,2.0,1.0,2024-07-03 12:00:00,1.0,1.0,9537.0,1,1.0,2356.154,0.0,2350.472,2345.398,4.0,4.962214285714318,5.0,1.0,1.0,12.0,7.0,1.0,5.0,1.0,2.3333333333333335,A+
1.0,2359.96,0.0,2.0,1.0,2024-07-03 15:00:00,1.0,0.0,7648.0,0,0.0,2363.987,1.0,2363.04,2362.425,3.0,6.239571428571447,4.0,1.0,1.0,15.0,0.0,1.0,4.0,1.0,2.0,A+
1.0,2355.485,0.0,3.0,1.0,2024-07-04 05:00:00,0.0,1.0,3635.0,0,0.0,2358.588,0.0,2356.872,2358.483,3.0,3.742142857142881,4.0,1.0,1.0,5.0,8.0,1.0,4.0,1.0,2.0,A+
1.0,2384.208,0.0,0.0,1.0,2024-07-08 01:00:00,1.0,0.0,6504.0,0,0.0,2391.088,0.0,2386.419,2386.623,3.0,7.904357142857147,4.0,1.0,1.0,1.0,5.0,1.0,4.0,1.0,2.0,A+
1.0,2370.258,0.0,0.0,1.0,2024-07-08 13:00:00,1.0,0.0,10048.0,0,0.0,2377.075,0.0,2375.436,2372.704,3.0,5.290357142857049,4.0,1.0,1.0,13.0,1.0,1.0,4.0,1.0,2.0,A+
1.0,2378.46,0.0,3.0,1.0,2024-07-11 06:00:00,1.0,1.0,4783.0,1,0.0,2383.197,0.0,2381.775,2382.474,4.0,3.2911428571428587,5.0,1.0,1.0,6.0,8.0,1.0,5.0,1.0,2.3333333333333335,A+
1.0,2379.541,0.0,3.0,1.0,2024-07-11 08:00:00,1.0,1.0,4988.0,1,0.0,2384.028,0.0,2381.328,2379.924,4.0,2.9257857142856665,5.0,1.0,1.0,8.0,4.0,1.0,5.0,1.0,2.3333333333333335,A+
1.0,2381.287,0.0,3.0,1.0,2024-07-11 09:00:00,0.0,1.0,4030.0,1,0.0,2384.527,1.0,2383.929,2381.287,3.0,2.891999999999988,4.0,1.0,1.0,9.0,0.0,1.0,4.0,1.0,2.0,A+
1.0,2405.367,0.0,4.0,1.0,2024-07-12 05:00:00,0.0,1.0,4647.0,0,0.0,2410.088,0.0,2408.012,2408.654,3.0,4.959285714285703,4.0,1.0,1.0,5.0,5.0,1.0,4.0,1.0,2.0,A+
1.0,2400.289,0.0,4.0,1.0,2024-07-12 07:00:00,0.0,1.0,5576.0,0,0.0,2405.511,0.0,2404.174,2404.099,3.0,4.355999999999962,4.0,1.0,1.0,7.0,5.0,1.0,4.0,1.0,2.0,A+
1.0,2398.288,0.0,4.0,1.0,2024-07-12 11:00:00,0.0,1.0,4711.0,1,1.0,2402.665,1.0,2401.715,2400.23,3.0,4.555714285714235,4.0,1.0,1.0,11.0,0.0,1.0,4.0,1.0,2.0,A+
1.0,2396.759,0.0,4.0,1.0,2024-07-12 13:00:00,1.0,1.0,14192.0,1,0.0,2405.702,0.0,2403.718,2397.912,3.0,5.563214285714269,4.0,1.0,1.0,13.0,7.0,1.0,4.0,1.0,2.0,A+
1.0,2404.881,0.0,0.0,1.0,2024-07-15 01:00:00,0.0,1.0,5613.0,1,0.0,2410.328,0.0,2410.008,2408.437,3.0,5.199785714285748,4.0,1.0,1.0,1.0,3.0,1.0,4.0,1.0,2.0,A+
1.0,2401.298,0.0,0.0,1.0,2024-07-15 07:00:00,1.0,0.0,5997.0,1,0.0,2407.924,0.0,2407.881,2403.134,3.0,4.014714285714296,4.0,1.0,1.0,7.0,0.0,1.0,4.0,1.0,2.0,A+
1.0,2414.498,0.0,0.0,1.0,2024-07-15 11:00:00,1.0,0.0,6191.0,1,0.0,2420.33,1.0,2418.236,2414.749,3.0,4.66150000000003,4.0,1.0,1.0,11.0,0.0,1.0,4.0,1.0,2.0,A+
1.0,2418.093,0.0,0.0,1.0,2024-07-15 14:00:00,1.0,1.0,10142.0,1,0.0,2431.986,1.0,2431.555,2419.033,4.0,5.953285714285747,5.0,0.0,1.0,14.0,0.0,1.0,5.0,1.0,2.3333333333333335,A+
1.0,2421.171,0.0,1.0,1.0,2024-07-16 01:00:00,1.0,1.0,6201.0,1,0.0,2427.688,0.0,2427.222,2421.233,4.0,5.966071428571468,5.0,1.0,1.0,1.0,7.0,1.0,5.0,1.0,2.3333333333333335,A+
1.0,2425.023,0.0,1.0,1.0,2024-07-16 04:00:00,0.0,1.0,3735.0,1,0.0,2429.532,0.0,2429.291,2428.581,3.0,5.435357142857161,4.0,1.0,1.0,4.0,3.0,1.0,4.0,1.0,2.0,A+
1.0,2432.55,0.0,1.0,1.0,2024-07-16 07:00:00,1.0,1.0,6333.0,1,0.0,2439.411,1.0,2436.953,2433.936,3.0,4.511785714285679,4.0,1.0,1.0,7.0,0.0,1.0,4.0,1.0,2.0,A+
1.0,2435.048,0.0,1.0,1.0,2024-07-16 09:00:00,1.0,1.0,6134.0,1,0.0,2443.409,1.0,2442.381,2436.55,3.0,4.402285714285687,4.0,0.0,1.0,9.0,0.0,1.0,4.0,1.0,2.0,A+
1.0,2429.334,0.0,1.0,1.0,2024-07-16 12:00:00,1.0,1.0,13802.0,1,0.0,2444.023,0.0,2432.553,2439.494,4.0,5.589714285714308,5.0,1.0,1.0,12.0,0.0,1.0,5.0,1.0,2.3333333333333335,A+
1.0,2430.95,0.0,1.0,1.0,2024-07-16 13:00:00,1.0,1.0,14151.0,1,0.0,2447.973,0.0,2442.773,2432.504,4.0,6.679142857142876,5.0,1.0,1.0,13.0,1.0,1.0,5.0,1.0,2.3333333333333335,A+
1.0,2440.547,0.0,1.0,1.0,2024-07-16 14:00:00,1.0,1.0,11127.0,1,0.0,2454.016,1.0,2452.025,2442.759,3.0,7.429785714285766,4.0,0.0,1.0,14.0,0.0,1.0,4.0,1.0,2.0,A+
1.0,2451.855,0.0,1.0,1.0,2024-07-16 15:00:00,1.0,1.0,11571.0,1,0.0,2465.283,1.0,2463.099,2451.987,3.0,7.9234285714285955,4.0,0.0,1.0,15.0,0.0,1.0,4.0,1.0,2.0,A+
2.0,2467.355,0.0,1.0,0.0,2024-07-16 23:00:00,0.0,0.0,2905.0,1,0.0,2469.769,1.0,2468.278,2468.973,0.0,7.681357142857223,2.0,0.0,2.0,23.0,2.0,1.0,2.0,1.0,2.0,A+
1.0,2461.788,0.0,2.0,1.0,2024-07-17 06:00:00,1.0,0.0,7968.0,1,0.0,2467.54,0.0,2466.453,2465.398,3.0,6.593642857142901,4.0,1.0,1.0,6.0,0.0,1.0,4.0,1.0,2.0,A+
1.0,2471.519,0.0,2.0,1.0,2024-07-17 08:00:00,1.0,0.0,8568.0,1,0.0,2478.877,0.0,2474.971,2474.084,3.0,6.870285714285761,4.0,0.0,1.0,8.0,5.0,1.0,4.0,1.0,2.0,A+
1.0,2471.151,0.0,2.0,1.0,2024-07-17 13:00:00,1.0,0.0,15435.0,0,0.0,2483.48,1.0,2483.0,2473.338,3.0,8.414285714285695,4.0,0.0,1.0,13.0,0.0,1.0,4.0,1.0,2.0,A+
1.0,2458.015,0.0,2.0,1.0,2024-07-17 15:00:00,1.0,0.0,14306.0,1,0.0,2465.965,0.0,2463.374,2463.71,3.0,9.178357142857132,4.0,1.0,1.0,15.0,5.0,1.0,4.0,1.0,2.0,A+
1.0,2452.812,0.0,2.0,1.0,2024-07-17 16:00:00,1.0,0.0,9274.0,1,0.0,2465.106,1.0,2455.646,2463.422,3.0,9.138571428571463,4.0,1.0,1.0,16.0,0.0,1.0,4.0,1.0,2.0,A+
1.0,2403.658,0.0,1.0,1.0,2024-07-23 12:00:00,1.0,0.0,7652.0,1,0.0,2409.281,0.0,2405.453,2407.574,3.0,5.495714285714387,4.0,1.0,1.0,12.0,8.0,0.0,4.0,0.0,2.0,A+
1.0,2399.57,0.0,1.0,1.0,2024-07-23 14:00:00,1.0,0.0,9352.0,1,0.0,2407.394,0.0,2402.873,2402.053,3.0,6.1845714285714815,4.0,1.0,1.0,14.0,5.0,0.0,4.0,0.0,2.0,A+
1.0,2413.623,0.0,2.0,1.0,2024-07-24 03:00:00,0.0,1.0,5541.0,1,0.0,2418.319,1.0,2416.406,2414.147,3.0,4.828214285714304,4.0,1.0,1.0,3.0,0.0,0.0,4.0,0.0,2.0,A+
1.0,2414.721,0.0,2.0,1.0,2024-07-24 04:00:00,0.0,1.0,4926.0,0,0.0,2417.963,1.0,2417.795,2416.421,3.0,4.478428571428594,4.0,1.0,1.0,4.0,0.0,0.0,4.0,0.0,2.0,A+
1.0,2411.549,0.0,2.0,1.0,2024-07-24 07:00:00,1.0,1.0,5939.0,0,0.0,2417.852,0.0,2414.574,2417.45,4.0,4.441142857142885,5.0,1.0,1.0,7.0,8.0,0.0,5.0,0.0,2.3333333333333335,A+
1.0,2416.203,0.0,2.0,1.0,2024-07-24 12:00:00,1.0,0.0,7684.0,1,0.0,2422.056,1.0,2421.426,2417.469,3.0,5.081000000000001,4.0,1.0,1.0,12.0,0.0,0.0,4.0,0.0,2.0,A+
1.0,2413.577,0.0,2.0,1.0,2024-07-24 13:00:00,1.0,0.0,13500.0,0,0.0,2426.737,0.0,2421.719,2421.424,3.0,5.90414285714285,4.0,1.0,1.0,13.0,5.0,0.0,4.0,0.0,2.0,A+
1.0,2405.599,0.0,2.0,1.0,2024-07-24 18:00:00,1.0,0.0,7146.0,0,0.0,2409.464,1.0,2408.258,2409.135,3.0,7.162857142857125,4.0,1.0,1.0,18.0,0.0,1.0,4.0,1.0,2.0,A+
1.0,2369.495,0.0,0.0,1.0,2024-07-29 15:00:00,1.0,0.0,12727.0,1,0.0,2383.014,0.0,2376.797,2381.219,3.0,6.280357142857189,4.0,1.0,1.0,15.0,0.0,0.0,4.0,0.0,2.0,A+
1.0,2376.471,0.0,1.0,1.0,2024-07-30 01:00:00,1.0,1.0,8829.0,1,0.0,2382.425,0.0,2379.79,2381.843,4.0,6.441214285714263,5.0,1.0,1.0,1.0,0.0,0.0,5.0,0.0,2.3333333333333335,A+
1.0,2385.65,0.0,1.0,1.0,2024-07-30 04:00:00,0.0,1.0,3928.0,1,0.0,2388.334,0.0,2386.327,2385.73,3.0,5.720785714285674,4.0,1.0,1.0,4.0,4.0,0.0,4.0,0.0,2.0,A+
1.0,2388.849,0.0,1.0,1.0,2024-07-30 07:00:00,0.0,1.0,6116.0,1,0.0,2391.971,0.0,2390.225,2390.364,3.0,4.164428571428516,4.0,1.0,1.0,7.0,5.0,0.0,4.0,0.0,2.0,A+
1.0,2403.877,0.0,2.0,1.0,2024-07-31 01:00:00,1.0,0.0,9363.0,1,0.0,2412.235,0.0,2409.132,2408.919,3.0,6.698928571428561,4.0,1.0,1.0,1.0,5.0,1.0,4.0,1.0,2.0,A+
1.0,2431.119,0.0,2.0,1.0,2024-07-31 19:00:00,1.0,0.0,14980.0,0,1.0,2450.819,1.0,2449.804,2433.757,3.0,7.723357142857172,4.0,0.0,1.0,19.0,0.0,1.0,4.0,1.0,2.0,A+
1.0,2428.187,0.0,4.0,1.0,2024-08-02 14:00:00,1.0,0.0,38783.0,1,0.0,2474.369,1.0,2431.556,2469.824,3.0,11.930714285714332,4.0,1.0,1.0,14.0,0.0,1.0,4.0,1.0,2.0,A+
1.0,2423.657,0.0,4.0,1.0,2024-08-09 12:00:00,1.0,0.0,8211.0,1,0.0,2429.834,1.0,2429.61,2426.734,3.0,5.527285714285654,4.0,1.0,1.0,12.0,0.0,1.0,4.0,1.0,2.0,A+
1.0,2420.955,0.0,4.0,1.0,2024-08-09 13:00:00,1.0,0.0,17006.0,1,0.0,2433.185,0.0,2426.738,2429.568,3.0,6.141214285714243,4.0,1.0,1.0,13.0,0.0,1.0,4.0,1.0,2.0,A+
1.0,2425.327,0.0,4.0,1.0,2024-08-09 14:00:00,1.0,0.0,15689.0,1,0.0,2436.002,0.0,2428.686,2426.617,3.0,6.701714285714226,4.0,1.0,1.0,14.0,4.0,1.0,4.0,1.0,2.0,A+
1.0,2439.647,0.0,0.0,1.0,2024-08-12 11:00:00,1.0,0.0,5648.0,1,0.0,2444.181,1.0,2441.498,2443.78,3.0,4.539785714285764,4.0,1.0,1.0,11.0,0.0,1.0,4.0,1.0,2.0,A+
1.0,2442.068,0.0,0.0,1.0,2024-08-12 13:00:00,1.0,1.0,12798.0,1,0.0,2457.465,1.0,2454.182,2444.343,4.0,5.2652142857143,5.0,0.0,1.0,13.0,0.0,1.0,5.0,1.0,2.3333333333333335,A+
1.0,2458.93,0.0,0.0,1.0,2024-08-12 16:00:00,1.0,1.0,7301.0,1,0.0,2466.152,1.0,2463.161,2459.771,3.0,6.2920714285714565,4.0,0.0,1.0,16.0,0.0,1.0,4.0,1.0,2.0,A+
1.0,2461.763,0.0,0.0,1.0,2024-08-12 17:00:00,1.0,1.0,6227.0,1,0.0,2468.593,1.0,2467.11,2463.116,3.0,6.51700000000002,4.0,0.0,1.0,17.0,0.0,1.0,4.0,1.0,2.0,A+
1.0,2464.282,0.0,1.0,1.0,2024-08-13 12:00:00,1.0,0.0,10127.0,1,0.0,2472.507,0.0,2467.59,2465.797,3.0,5.711785714285725,4.0,1.0,1.0,12.0,4.0,1.0,4.0,1.0,2.0,A+
1.0,2464.56,0.0,2.0,1.0,2024-08-14 01:00:00,1.0,0.0,9426.0,0,0.0,2472.49,0.0,2465.427,2465.671,3.0,6.069857142857082,4.0,1.0,1.0,1.0,0.0,1.0,4.0,1.0,2.0,A+
1.0,2446.862,0.0,2.0,1.0,2024-08-14 14:00:00,1.0,0.0,23685.0,1,1.0,2458.349,1.0,2450.267,2457.401,4.0,8.138571428571368,5.0,1.0,1.0,14.0,0.0,1.0,5.0,1.0,2.3333333333333335,A+
1.0,2442.01,0.0,2.0,1.0,2024-08-14 15:00:00,1.0,0.0,13957.0,1,0.0,2452.207,1.0,2444.024,2450.215,3.0,8.300499999999927,4.0,1.0,1.0,15.0,0.0,1.0,4.0,1.0,2.0,A+
1.0,2494.933,0.0,0.0,1.0,2024-08-19 01:00:00,1.0,0.0,13028.0,1,1.0,2506.088,0.0,2498.174,2502.106,4.0,9.185357142857097,5.0,1.0,1.0,1.0,0.0,1.0,5.0,1.0,2.3333333333333335,A+
1.0,2499.088,0.0,0.0,1.0,2024-08-19 05:00:00,0.0,0.0,6223.0,1,1.0,2502.478,0.0,2501.088,2500.659,3.0,6.266785714285724,4.0,1.0,1.0,5.0,5.0,1.0,4.0,1.0,2.0,A+
1.0,2499.374,0.0,1.0,1.0,2024-08-20 05:00:00,0.0,0.0,4659.0,1,1.0,2503.709,0.0,2499.442,2500.896,3.0,3.886214285714297,4.0,1.0,1.0,5.0,6.0,1.0,4.0,1.0,2.0,A+
1.0,2501.112,0.0,1.0,1.0,2024-08-20 07:00:00,1.0,0.0,7272.0,1,0.0,2515.223,1.0,2514.878,2502.291,3.0,4.679214285714287,4.0,1.0,1.0,7.0,0.0,1.0,4.0,1.0,2.0,A+
1.0,2514.293,0.0,1.0,1.0,2024-08-20 08:00:00,1.0,0.0,10987.0,1,0.0,2523.123,1.0,2519.755,2514.905,3.0,4.9361428571428405,4.0,1.0,1.0,8.0,0.0,1.0,4.0,1.0,2.0,A+
1.0,2522.117,0.0,1.0,1.0,2024-08-20 11:00:00,1.0,0.0,5806.0,1,0.0,2527.171,1.0,2526.224,2522.769,3.0,5.383571428571356,4.0,0.0,1.0,11.0,0.0,1.0,4.0,1.0,2.0,A+
1.0,2520.396,0.0,1.0,1.0,2024-08-20 14:00:00,1.0,0.0,15133.0,0,0.0,2530.261,0.0,2523.87,2529.909,3.0,6.896642857142784,4.0,1.0,1.0,14.0,2.0,1.0,4.0,1.0,2.0,A+
1.0,2500.829,0.0,1.0,1.0,2024-08-20 16:00:00,1.0,0.0,10615.0,1,0.0,2510.592,0.0,2509.002,2508.549,3.0,8.122714285714242,4.0,1.0,1.0,16.0,0.0,1.0,4.0,1.0,2.0,A+
1.0,2510.771,0.0,2.0,1.0,2024-08-21 01:00:00,1.0,1.0,7709.0,1,0.0,2517.118,0.0,2516.915,2513.528,4.0,7.023285714285684,5.0,1.0,1.0,1.0,0.0,1.0,5.0,1.0,2.3333333333333335,A+
1.0,2515.842,0.0,2.0,1.0,2024-08-21 02:00:00,0.0,1.0,6010.0,0,0.0,2519.942,0.0,2519.335,2516.92,3.0,6.955142857142846,4.0,1.0,1.0,2.0,0.0,1.0,4.0,1.0,2.0,A+
1.0,2514.89,0.0,2.0,1.0,2024-08-21 05:00:00,0.0,1.0,4555.0,1,0.0,2518.412,0.0,2515.191,2516.148,3.0,5.85542857142858,4.0,1.0,1.0,5.0,6.0,1.0,4.0,1.0,2.0,A+
1.0,2511.692,0.0,2.0,1.0,2024-08-21 06:00:00,0.0,1.0,6748.0,0,0.0,2519.627,0.0,2514.519,2515.225,3.0,5.119428571428573,4.0,1.0,1.0,6.0,5.0,1.0,4.0,1.0,2.0,A+
1.0,2508.229,0.0,1.0,1.0,2024-08-27 01:00:00,1.0,1.0,7583.0,0,0.0,2514.097,1.0,2509.763,2513.191,4.0,5.208928571428585,5.0,1.0,1.0,1.0,0.0,1.0,5.0,1.0,2.3333333333333335,A+
1.0,2505.816,0.0,1.0,1.0,2024-08-27 02:00:00,0.0,1.0,6308.0,0,0.0,2510.351,1.0,2508.785,2509.765,3.0,5.102714285714326,4.0,1.0,1.0,2.0,0.0,1.0,4.0,1.0,2.0,A+
1.0,2505.816,0.0,1.0,1.0,2024-08-27 03:00:00,0.0,1.0,4433.0,1,0.0,2509.135,1.0,2508.973,2508.748,3.0,5.02292857142863,4.0,1.0,1.0,3.0,0.0,1.0,4.0,1.0,2.0,A+
1.0,2506.618,0.0,1.0,1.0,2024-08-27 05:00:00,0.0,1.0,6148.0,1,0.0,2513.817,0.0,2513.497,2507.295,3.0,4.381071428571464,4.0,1.0,1.0,5.0,1.0,1.0,4.0,1.0,2.0,A+
1.0,2512.778,0.0,1.0,1.0,2024-08-27 06:00:00,1.0,1.0,7518.0,0,0.0,2517.48,0.0,2514.85,2513.539,4.0,4.283642857142922,5.0,1.0,1.0,6.0,4.0,1.0,5.0,1.0,2.3333333333333335,A+
1.0,2506.851,0.0,1.0,1.0,2024-08-27 10:00:00,1.0,0.0,6516.0,1,0.0,2510.525,0.0,2508.992,2508.917,3.0,4.94485714285718,4.0,1.0,1.0,10.0,5.0,1.0,4.0,1.0,2.0,A+
1.0,2505.415,0.0,2.0,1.0,2024-08-28 05:00:00,1.0,0.0,7629.0,1,0.0,2511.742,1.0,2505.705,2511.577,3.0,4.950642857142839,4.0,1.0,1.0,5.0,0.0,1.0,4.0,1.0,2.0,A+
1.0,2500.69,0.0,2.0,1.0,2024-08-28 11:00:00,1.0,0.0,6964.0,1,1.0,2505.483,1.0,2501.485,2505.346,3.0,4.794785714285679,4.0,1.0,1.0,11.0,0.0,1.0,4.0,1.0,2.0,A+
1.0,2497.672,0.0,0.0,1.0,2024-09-02 14:00:00,1.0,0.0,5972.0,0,1.0,2502.489,0.0,2501.951,2499.92,4.0,5.399714285714318,5.0,1.0,1.0,14.0,1.0,0.0,5.0,0.0,2.3333333333333335,A+
1.0,2494.533,0.0,3.0,1.0,2024-09-05 01:00:00,0.0,1.0,6769.0,1,0.0,2499.335,0.0,2496.376,2495.16,3.0,4.906571428571591,4.0,1.0,1.0,1.0,1.0,0.0,4.0,0.0,2.0,A+
1.0,2496.191,0.0,3.0,1.0,2024-09-05 02:00:00,0.0,1.0,4273.0,0,1.0,2498.975,1.0,2498.094,2496.404,4.0,4.783714285714463,5.0,1.0,1.0,2.0,0.0,0.0,5.0,0.0,2.3333333333333335,A+
1.0,2494.57,0.0,3.0,1.0,2024-09-05 03:00:00,0.0,1.0,4226.0,0,0.0,2498.677,0.0,2494.868,2498.037,3.0,4.667214285714473,4.0,1.0,1.0,3.0,8.0,0.0,4.0,0.0,2.0,A+
1.0,2500.747,0.0,3.0,1.0,2024-09-05 06:00:00,1.0,1.0,8231.0,1,0.0,2506.888,1.0,2504.468,2501.878,4.0,3.752000000000148,5.0,1.0,1.0,6.0,0.0,0.0,5.0,0.0,2.3333333333333335,A+
1.0,2502.932,0.0,3.0,1.0,2024-09-05 07:00:00,0.0,1.0,6203.0,1,0.0,2507.623,1.0,2506.37,2504.42,3.0,3.737142857142999,4.0,1.0,1.0,7.0,0.0,0.0,4.0,0.0,2.0,A+
1.0,2505.907,0.0,3.0,1.0,2024-09-05 08:00:00,1.0,0.0,9534.0,1,0.0,2516.7,1.0,2514.682,2506.408,3.0,4.23014285714297,4.0,1.0,1.0,8.0,0.0,0.0,4.0,0.0,2.0,A+
1.0,2512.384,0.0,3.0,1.0,2024-09-05 13:00:00,1.0,0.0,17295.0,0,0.0,2519.426,0.0,2514.912,2517.796,3.0,5.199357142857187,4.0,1.0,1.0,13.0,2.0,1.0,4.0,1.0,2.0,A+
1.0,2503.797,0.0,3.0,1.0,2024-09-05 15:00:00,1.0,0.0,12102.0,1,0.0,2510.979,0.0,2507.154,2508.72,3.0,6.146857142857178,4.0,1.0,1.0,15.0,0.0,1.0,4.0,1.0,2.0,A+
1.0,2502.144,0.0,4.0,1.0,2024-09-06 13:00:00,1.0,0.0,31968.0,0,0.0,2523.046,0.0,2509.357,2522.247,3.0,5.940428571428583,4.0,1.0,1.0,13.0,2.0,1.0,4.0,1.0,2.0,A+
1.0,2503.335,0.0,1.0,1.0,2024-09-10 06:00:00,1.0,1.0,6656.0,1,0.0,2506.57,1.0,2505.074,2503.871,3.0,3.5397142857142887,4.0,1.0,1.0,6.0,0.0,0.0,4.0,0.0,2.0,A+
1.0,2502.062,0.0,1.0,1.0,2024-09-10 07:00:00,1.0,1.0,6554.0,0,0.0,2507.773,0.0,2502.792,2505.036,3.0,3.5082142857143026,4.0,1.0,1.0,7.0,8.0,0.0,4.0,0.0,2.0,A+
1.0,2500.052,0.0,1.0,1.0,2024-09-10 08:00:00,1.0,0.0,6230.0,1,1.0,2503.113,0.0,2502.248,2502.754,4.0,3.2162857142856995,5.0,1.0,1.0,8.0,0.0,0.0,5.0,0.0,2.3333333333333335,A+
1.0,2504.211,0.0,1.0,1.0,2024-09-10 11:00:00,1.0,0.0,6053.0,1,0.0,2507.149,0.0,2504.607,2505.618,3.0,3.353071428571444,4.0,1.0,1.0,11.0,6.0,1.0,4.0,1.0,2.0,A+
1.0,2500.854,0.0,1.0,1.0,2024-09-10 14:00:00,1.0,0.0,16648.0,1,0.0,2509.242,0.0,2508.999,2506.804,3.0,4.858357142857163,4.0,1.0,1.0,14.0,3.0,1.0,4.0,1.0,2.0,A+
1.0,2514.94,0.0,2.0,1.0,2024-09-11 01:00:00,1.0,0.0,9661.0,1,0.0,2522.609,0.0,2518.784,2516.659,3.0,5.114428571428594,4.0,1.0,1.0,1.0,4.0,1.0,4.0,1.0,2.0,A+
1.0,2500.844,0.0,2.0,1.0,2024-09-11 14:00:00,1.0,0.0,20385.0,1,0.0,2510.45,0.0,2509.395,2509.649,3.0,6.510857142857113,4.0,1.0,1.0,14.0,0.0,1.0,4.0,1.0,2.0,A+
1.0,2508.634,0.0,2.0,1.0,2024-09-11 15:00:00,1.0,0.0,10909.0,1,0.0,2514.959,0.0,2514.743,2509.429,3.0,6.41485714285711,4.0,1.0,1.0,15.0,7.0,1.0,4.0,1.0,2.0,A+
1.0,2511.691,0.0,3.0,1.0,2024-09-12 01:00:00,0.0,1.0,6417.0,0,0.0,2515.189,0.0,2513.235,2512.171,3.0,5.81728571428565,4.0,1.0,1.0,1.0,4.0,1.0,4.0,1.0,2.0,A+
1.0,2510.973,0.0,3.0,1.0,2024-09-12 02:00:00,0.0,1.0,5254.0,1,0.0,2514.086,0.0,2512.188,2513.207,3.0,5.788571428571361,4.0,1.0,1.0,2.0,0.0,1.0,4.0,1.0,2.0,A+
1.0,2515.08,0.0,3.0,1.0,2024-09-12 08:00:00,0.0,1.0,6001.0,1,0.0,2519.297,0.0,2517.403,2515.9,3.0,3.218071428571388,4.0,1.0,1.0,8.0,1.0,1.0,4.0,1.0,2.0,A+
2.0,2556.742,0.0,3.0,0.0,2024-09-12 23:00:00,0.0,0.0,3042.0,1,0.0,2558.652,1.0,2558.422,2557.452,0.0,8.300785714285764,2.0,1.0,2.0,23.0,7.0,1.0,2.0,1.0,2.0,A+
1.0,2579.827,0.0,0.0,1.0,2024-09-16 01:00:00,0.0,1.0,4008.0,1,0.0,2582.935,0.0,2581.686,2581.367,3.0,5.334714285714232,4.0,0.0,1.0,1.0,5.0,1.0,4.0,1.0,2.0,A+
1.0,2583.795,0.0,0.0,1.0,2024-09-16 03:00:00,0.0,1.0,5248.0,0,0.0,2589.027,1.0,2586.294,2585.327,3.0,4.986285714285649,4.0,0.0,1.0,3.0,0.0,1.0,4.0,1.0,2.0,A+
1.0,2585.404,0.0,0.0,1.0,2024-09-16 05:00:00,0.0,1.0,4080.0,0,0.0,2589.444,1.0,2588.741,2585.764,3.0,4.19199999999991,4.0,0.0,1.0,5.0,0.0,1.0,4.0,1.0,2.0,A+
1.0,2567.965,0.0,2.0,1.0,2024-09-18 14:00:00,1.0,0.0,11092.0,1,0.0,2574.775,0.0,2571.551,2571.64,3.0,5.299714285714247,4.0,1.0,1.0,14.0,5.0,1.0,4.0,1.0,2.0,A+
1.0,2567.98,0.0,2.0,1.0,2024-09-18 15:00:00,1.0,0.0,7795.0,0,0.0,2574.47,0.0,2569.701,2571.589,3.0,5.418214285714222,4.0,1.0,1.0,15.0,6.0,1.0,4.0,1.0,2.0,A+
1.0,2616.029,0.0,0.0,1.0,2024-09-23 01:00:00,0.0,1.0,8007.0,1,0.0,2621.505,0.0,2620.118,2618.325,3.0,6.014071428571469,4.0,1.0,1.0,1.0,0.0,1.0,4.0,1.0,2.0,A+
1.0,2618.845,0.0,0.0,1.0,2024-09-23 02:00:00,0.0,1.0,6845.0,1,0.0,2626.803,1.0,2625.404,2620.141,3.0,6.205285714285765,4.0,1.0,1.0,2.0,0.0,1.0,4.0,1.0,2.0,A+
1.0,2624.857,0.0,0.0,1.0,2024-09-23 03:00:00,0.0,1.0,5852.0,1,0.0,2631.128,1.0,2628.553,2625.361,3.0,6.227357142857207,4.0,1.0,1.0,3.0,0.0,1.0,4.0,1.0,2.0,A+
1.0,2624.442,0.0,0.0,1.0,2024-09-23 06:00:00,0.0,1.0,8098.0,0,0.0,2630.162,0.0,2624.442,2629.977,3.0,4.447000000000019,4.0,1.0,1.0,6.0,8.0,1.0,4.0,1.0,2.0,A+
1.0,2623.745,0.0,1.0,1.0,2024-09-24 00:00:00,0.0,1.0,4534.0,1,0.0,2626.614,0.0,2625.1,2626.295,3.0,4.179214285714352,4.0,1.0,1.0,0.0,0.0,1.0,4.0,1.0,2.0,A+
1.0,2632.021,0.0,1.0,1.0,2024-09-24 04:00:00,0.0,1.0,5648.0,0,0.0,2638.294,1.0,2638.057,2634.09,3.0,3.946928571428608,4.0,1.0,1.0,4.0,0.0,1.0,4.0,1.0,2.0,A+
1.0,2655.427,0.0,2.0,1.0,2024-09-25 01:00:00,1.0,0.0,14146.0,0,0.0,2662.94,0.0,2660.029,2660.753,3.0,7.343714285714181,4.0,1.0,1.0,1.0,5.0,1.0,4.0,1.0,2.0,A+
1.0,2649.399,0.0,4.0,1.0,2024-09-27 14:00:00,1.0,0.0,21221.0,1,1.0,2666.895,1.0,2649.488,2666.153,3.0,6.978857142857156,4.0,1.0,1.0,14.0,0.0,1.0,4.0,1.0,2.0,A+
1.0,2644.705,0.0,4.0,1.0,2024-09-27 15:00:00,1.0,0.0,22027.0,1,1.0,2654.686,0.0,2649.799,2649.448,3.0,7.221285714285743,4.0,1.0,1.0,15.0,5.0,1.0,4.0,1.0,2.0,A+
1.0,2644.495,0.0,2.0,1.0,2024-10-02 05:00:00,0.0,1.0,9153.0,1,0.0,2656.197,0.0,2647.978,2654.118,3.0,6.62471428571426,4.0,1.0,1.0,5.0,0.0,1.0,4.0,1.0,2.0,A+
1.0,2647.941,0.0,2.0,1.0,2024-10-02 11:00:00,0.0,0.0,6267.0,1,1.0,2652.652,0.0,2649.577,2649.097,3.0,5.021642857142849,4.0,1.0,1.0,11.0,5.0,1.0,4.0,1.0,2.0,A+
1.0,2643.693,0.0,2.0,1.0,2024-10-02 12:00:00,1.0,0.0,12139.0,1,1.0,2652.979,0.0,2649.597,2649.619,4.0,5.513285714285693,5.0,1.0,1.0,12.0,5.0,1.0,5.0,1.0,2.3333333333333335,A+
1.0,2649.165,0.0,2.0,1.0,2024-10-02 13:00:00,1.0,0.0,17398.0,0,0.0,2660.821,0.0,2659.402,2649.509,3.0,6.192642857142833,4.0,1.0,1.0,13.0,1.0,1.0,4.0,1.0,2.0,A+
1.0,2619.491,0.0,1.0,1.0,2024-10-08 14:00:00,1.0,0.0,28977.0,0,0.0,2640.364,1.0,2620.941,2639.674,3.0,9.838214285714328,4.0,1.0,1.0,14.0,0.0,0.0,4.0,0.0,2.0,A+
1.0,2646.466,0.0,4.0,1.0,2024-10-11 14:00:00,1.0,0.0,13345.0,1,0.0,2655.354,1.0,2653.034,2649.58,3.0,6.723499999999993,4.0,1.0,1.0,14.0,0.0,1.0,4.0,1.0,2.0,A+
1.0,2653.027,0.0,4.0,1.0,2024-10-11 15:00:00,1.0,0.0,8830.0,1,0.0,2659.318,1.0,2658.776,2653.027,3.0,6.811285714285726,4.0,1.0,1.0,15.0,0.0,1.0,4.0,1.0,2.0,A+
1.0,2643.556,0.0,0.0,1.0,2024-10-14 01:00:00,1.0,0.0,10533.0,1,0.0,2648.438,0.0,2646.064,2646.682,3.0,5.774357142857135,4.0,1.0,1.0,1.0,5.0,1.0,4.0,1.0,2.0,A+
1.0,2647.64,0.0,0.0,1.0,2024-10-14 13:00:00,1.0,1.0,15561.0,1,0.0,2661.162,0.0,2655.583,2651.307,4.0,6.3172142857143045,5.0,1.0,1.0,13.0,1.0,1.0,5.0,1.0,2.3333333333333335,A+
1.0,2644.718,0.0,0.0,1.0,2024-10-14 14:00:00,1.0,1.0,15227.0,1,0.0,2657.038,1.0,2645.69,2655.543,4.0,6.96578571428576,5.0,1.0,1.0,14.0,0.0,1.0,5.0,1.0,2.3333333333333335,A+
1.0,2647.253,0.0,0.0,0.0,2024-10-14 17:00:00,0.0,1.0,4337.0,1,1.0,2649.886,0.0,2648.604,2648.517,3.0,6.307071428571492,4.0,1.0,1.0,17.0,5.0,1.0,4.0,1.0,2.0,A+
1.0,2647.272,0.0,1.0,1.0,2024-10-15 01:00:00,1.0,1.0,7356.0,0,0.0,2651.249,0.0,2648.429,2648.121,4.0,5.409714285714277,5.0,1.0,1.0,1.0,5.0,1.0,5.0,1.0,2.3333333333333335,A+
1.0,2642.848,0.0,1.0,1.0,2024-10-15 04:00:00,0.0,1.0,5052.0,1,0.0,2645.743,1.0,2644.372,2645.743,3.0,4.695285714285709,4.0,1.0,1.0,4.0,0.0,1.0,4.0,1.0,2.0,A+
1.0,2658.722,0.0,2.0,1.0,2024-10-16 00:00:00,0.0,1.0,4099.0,1,0.0,2660.522,0.0,2660.161,2660.498,3.0,6.21514285714287,4.0,1.0,1.0,0.0,0.0,1.0,4.0,1.0,2.0,A+
1.0,2665.592,0.0,2.0,1.0,2024-10-16 04:00:00,0.0,1.0,4110.0,1,0.0,2668.285,1.0,2666.686,2667.12,3.0,5.588142857142851,4.0,1.0,1.0,4.0,0.0,1.0,4.0,1.0,2.0,A+
1.0,2667.071,0.0,2.0,1.0,2024-10-16 06:00:00,1.0,0.0,12993.0,0,0.0,2677.704,1.0,2677.168,2669.46,3.0,4.9776428571428495,4.0,1.0,1.0,6.0,0.0,1.0,4.0,1.0,2.0,A+
1.0,2673.135,0.0,2.0,1.0,2024-10-16 10:00:00,1.0,0.0,7762.0,1,0.0,2681.006,0.0,2674.263,2680.253,3.0,4.645428571428544,4.0,1.0,1.0,10.0,2.0,1.0,4.0,1.0,2.0,A+
1.0,2676.479,0.0,2.0,1.0,2024-10-16 12:00:00,1.0,0.0,10144.0,0,0.0,2681.969,1.0,2681.711,2678.312,3.0,5.282499999999962,4.0,1.0,1.0,12.0,0.0,1.0,4.0,1.0,2.0,A+
1.0,2670.03,0.0,2.0,1.0,2024-10-16 14:00:00,1.0,0.0,18616.0,1,0.0,2681.5,0.0,2672.13,2675.081,3.0,6.745999999999965,4.0,1.0,1.0,14.0,6.0,1.0,4.0,1.0,2.0,A+
1.0,2676.482,0.0,3.0,1.0,2024-10-17 01:00:00,1.0,1.0,8340.0,1,0.0,2683.022,1.0,2682.999,2677.894,4.0,5.455999999999968,5.0,1.0,1.0,1.0,0.0,1.0,5.0,1.0,2.3333333333333335,A+
1.0,2678.879,0.0,3.0,1.0,2024-10-17 02:00:00,1.0,1.0,10757.0,1,0.0,2684.943,1.0,2681.941,2683.024,4.0,5.339357142857125,5.0,1.0,1.0,2.0,0.0,1.0,5.0,1.0,2.3333333333333335,A+
1.0,2678.048,0.0,3.0,1.0,2024-10-17 05:00:00,1.0,1.0,7730.0,0,0.0,2684.294,1.0,2683.507,2679.067,4.0,4.4375,5.0,1.0,1.0,5.0,0.0,1.0,5.0,1.0,2.3333333333333335,A+
1.0,2678.854,0.0,3.0,1.0,2024-10-17 07:00:00,1.0,1.0,8998.0,0,0.0,2683.761,1.0,2681.953,2681.163,4.0,4.074714285714273,5.0,1.0,1.0,7.0,0.0,1.0,5.0,1.0,2.3333333333333335,A+
1.0,2703.977,0.0,4.0,1.0,2024-10-18 02:00:00,1.0,1.0,11763.0,1,0.0,2711.964,1.0,2708.157,2704.529,4.0,6.635071428571466,5.0,1.0,1.0,2.0,0.0,1.0,5.0,1.0,2.3333333333333335,A+
1.0,2706.92,0.0,4.0,1.0,2024-10-18 03:00:00,0.0,1.0,7055.0,1,0.0,2710.854,1.0,2709.959,2708.062,3.0,6.26414285714288,4.0,1.0,1.0,3.0,0.0,1.0,4.0,1.0,2.0,A+
1.0,2702.643,0.0,4.0,1.0,2024-10-18 06:00:00,1.0,1.0,13815.0,0,0.0,2711.598,0.0,2707.348,2711.429,4.0,4.990428571428571,5.0,1.0,1.0,6.0,8.0,1.0,5.0,1.0,2.3333333333333335,A+
1.0,2707.963,0.0,4.0,1.0,2024-10-18 11:00:00,1.0,0.0,8425.0,1,0.0,2713.13,0.0,2709.779,2712.506,3.0,5.484571428571404,4.0,1.0,1.0,11.0,8.0,1.0,4.0,1.0,2.0,A+
1.0,2712.091,0.0,4.0,1.0,2024-10-18 14:00:00,1.0,0.0,15459.0,1,0.0,2720.155,1.0,2717.464,2713.624,3.0,6.962999999999998,4.0,1.0,1.0,14.0,0.0,1.0,4.0,1.0,2.0,A+
1.0,2724.75,0.0,0.0,1.0,2024-10-21 02:00:00,1.0,0.0,9694.0,1,0.0,2731.482,1.0,2730.741,2726.442,3.0,5.771999999999999,4.0,1.0,1.0,2.0,0.0,1.0,4.0,1.0,2.0,A+
2.0,2729.564,0.0,0.0,0.0,2024-10-21 04:00:00,0.0,0.0,3895.0,0,0.0,2731.989,1.0,2730.381,2731.514,0.0,4.850285714285714,2.0,1.0,2.0,4.0,2.0,1.0,2.0,1.0,2.0,A+
1.0,2727.748,0.0,0.0,1.0,2024-10-21 10:00:00,1.0,1.0,8279.0,1,0.0,2734.965,1.0,2733.362,2734.54,3.0,5.181785714285687,4.0,1.0,1.0,10.0,0.0,1.0,4.0,1.0,2.0,A+
1.0,2732.731,0.0,0.0,1.0,2024-10-21 12:00:00,1.0,1.0,12839.0,0,0.0,2739.858,1.0,2738.688,2734.458,3.0,5.551428571428589,4.0,1.0,1.0,12.0,0.0,1.0,4.0,1.0,2.0,A+
1.0,2729.015,0.0,1.0,1.0,2024-10-22 05:00:00,0.0,1.0,6214.0,1,0.0,2735.122,0.0,2730.435,2734.719,3.0,5.140714285714337,4.0,1.0,1.0,5.0,2.0,1.0,4.0,1.0,2.0,A+
1.0,2729.575,0.0,1.0,1.0,2024-10-22 06:00:00,0.0,1.0,7593.0,1,0.0,2737.141,0.0,2735.072,2730.397,3.0,4.946642857142933,4.0,1.0,1.0,6.0,1.0,1.0,4.0,1.0,2.0,A+
1.0,2729.436,0.0,1.0,1.0,2024-10-22 11:00:00,1.0,1.0,8226.0,1,0.0,2739.283,0.0,2731.976,2738.887,3.0,5.585714285714338,4.0,1.0,1.0,11.0,0.0,1.0,4.0,1.0,2.0,A+
1.0,2731.501,0.0,1.0,1.0,2024-10-22 12:00:00,1.0,1.0,11330.0,1,0.0,2738.036,1.0,2736.164,2732.01,3.0,5.832500000000047,4.0,1.0,1.0,12.0,0.0,1.0,4.0,1.0,2.0,A+
2.0,2744.102,0.0,1.0,0.0,2024-10-22 18:00:00,0.0,0.0,5442.0,1,0.0,2747.227,1.0,2744.659,2746.718,0.0,6.855428571428612,2.0,1.0,2.0,18.0,2.0,1.0,2.0,1.0,2.0,A+
1.0,2745.347,0.0,2.0,1.0,2024-10-23 04:00:00,0.0,0.0,6210.0,1,1.0,2750.721,1.0,2749.921,2746.054,3.0,5.246214285714229,4.0,1.0,1.0,4.0,0.0,1.0,4.0,1.0,2.0,A+
1.0,2748.839,0.0,2.0,1.0,2024-10-23 05:00:00,0.0,0.0,7466.0,1,1.0,2753.317,1.0,2751.441,2749.928,3.0,4.888499999999957,4.0,1.0,1.0,5.0,0.0,1.0,4.0,1.0,2.0,A+
1.0,2748.096,0.0,2.0,1.0,2024-10-23 06:00:00,0.0,0.0,7564.0,1,1.0,2753.188,1.0,2750.513,2751.406,3.0,4.721357142857089,4.0,1.0,1.0,6.0,0.0,1.0,4.0,1.0,2.0,A+
1.0,2749.83,0.0,2.0,1.0,2024-10-23 09:00:00,1.0,0.0,7906.0,1,1.0,2757.578,0.0,2750.622,2756.89,4.0,4.8395714285713565,5.0,1.0,1.0,9.0,2.0,1.0,5.0,1.0,2.3333333333333335,A+
1.0,2749.134,0.0,2.0,1.0,2024-10-23 11:00:00,1.0,0.0,6725.0,0,1.0,2752.911,0.0,2749.967,2750.736,4.0,4.798999999999945,5.0,1.0,1.0,11.0,8.0,1.0,5.0,1.0,2.3333333333333335,A+
1.0,2724.631,0.0,0.0,1.0,2024-10-28 01:00:00,1.0,0.0,12796.0,1,0.0,2732.962,0.0,2732.264,2732.433,3.0,7.326857142857112,4.0,1.0,1.0,1.0,0.0,1.0,4.0,1.0,2.0,A+
1.0,2739.66,0.0,0.0,1.0,2024-10-28 15:00:00,1.0,0.0,9841.0,1,0.0,2744.656,0.0,2740.704,2744.294,3.0,6.231714285714328,4.0,1.0,1.0,15.0,2.0,1.0,4.0,1.0,2.0,A+
1.0,2745.541,0.0,1.0,1.0,2024-10-29 01:00:00,1.0,1.0,8726.0,1,1.0,2752.452,1.0,2752.022,2745.746,5.0,4.552714285714338,6.0,1.0,1.0,1.0,0.0,1.0,6.0,1.0,2.6666666666666665,A+
1.0,2748.561,0.0,1.0,1.0,2024-10-29 03:00:00,0.0,1.0,6714.0,1,1.0,2753.347,0.0,2751.687,2752.938,4.0,4.92278571428577,5.0,1.0,1.0,3.0,2.0,1.0,5.0,1.0,2.3333333333333335,A+
1.0,2749.732,0.0,1.0,1.0,2024-10-29 05:00:00,1.0,1.0,7407.0,1,1.0,2756.866,0.0,2750.008,2754.752,5.0,4.453142857142926,6.0,1.0,1.0,5.0,2.0,1.0,6.0,1.0,2.6666666666666665,A+
1.0,2750.096,0.0,1.0,1.0,2024-10-29 09:00:00,1.0,0.0,7415.0,1,1.0,2756.639,0.0,2752.451,2754.593,4.0,5.130714285714346,5.0,1.0,1.0,9.0,2.0,1.0,5.0,1.0,2.3333333333333335,A+
1.0,2748.937,0.0,1.0,1.0,2024-10-29 12:00:00,1.0,0.0,8285.0,1,1.0,2753.787,0.0,2749.1,2751.806,4.0,5.868571428571483,5.0,1.0,1.0,12.0,2.0,1.0,5.0,1.0,2.3333333333333335,A+
1.0,2760.811,0.0,1.0,1.0,2024-10-29 14:00:00,1.0,0.0,19280.0,0,0.0,2771.699,1.0,2769.536,2760.811,3.0,7.292714285714347,4.0,1.0,1.0,14.0,0.0,1.0,4.0,1.0,2.0,A+
1.0,2764.065,0.0,1.0,1.0,2024-10-29 16:00:00,1.0,0.0,8503.0,1,0.0,2770.28,1.0,2769.345,2764.219,3.0,7.412857142857222,4.0,1.0,1.0,16.0,0.0,1.0,4.0,1.0,2.0,A+
1.0,2776.956,0.0,2.0,1.0,2024-10-30 01:00:00,1.0,1.0,8686.0,0,0.0,2782.15,1.0,2781.673,2778.145,3.0,6.200500000000018,4.0,1.0,1.0,1.0,0.0,1.0,4.0,1.0,2.0,A+
1.0,2780.394,0.0,2.0,1.0,2024-10-30 07:00:00,0.0,1.0,6941.0,1,0.0,2788.103,0.0,2782.222,2787.087,3.0,4.92507142857143,4.0,1.0,1.0,7.0,2.0,1.0,4.0,1.0,2.0,A+
1.0,2779.541,0.0,2.0,1.0,2024-10-30 08:00:00,0.0,1.0,7331.0,1,0.0,2784.587,0.0,2781.982,2782.257,3.0,4.832428571428571,4.0,1.0,1.0,8.0,5.0,1.0,4.0,1.0,2.0,A+
1.0,2771.956,0.0,2.0,1.0,2024-10-30 15:00:00,1.0,0.0,13193.0,1,0.0,2785.936,0.0,2784.634,2780.268,3.0,7.394499999999978,4.0,1.0,1.0,15.0,3.0,1.0,4.0,1.0,2.0,A+
1.0,2784.341,0.0,3.0,1.0,2024-10-31 02:00:00,0.0,1.0,6181.0,1,0.0,2789.007,1.0,2787.108,2784.655,3.0,6.186785714285634,4.0,1.0,1.0,2.0,0.0,1.0,4.0,1.0,2.0,A+
1.0,2784.321,0.0,3.0,1.0,2024-10-31 03:00:00,0.0,1.0,4436.0,0,0.0,2788.444,0.0,2784.547,2787.076,3.0,5.77964285714279,4.0,1.0,1.0,3.0,8.0,1.0,4.0,1.0,2.0,A+
1.0,2782.083,0.0,3.0,1.0,2024-10-31 04:00:00,0.0,1.0,4396.0,1,0.0,2785.434,0.0,2784.461,2784.598,3.0,4.827642857142791,4.0,1.0,1.0,4.0,5.0,1.0,4.0,1.0,2.0,A+
1.0,2782.618,0.0,3.0,1.0,2024-10-31 05:00:00,0.0,1.0,6692.0,0,0.0,2786.563,0.0,2785.082,2784.435,3.0,4.638428571428514,4.0,1.0,1.0,5.0,1.0,1.0,4.0,1.0,2.0,A+
1.0,2779.688,0.0,3.0,1.0,2024-10-31 06:00:00,0.0,1.0,7457.0,1,0.0,2786.006,0.0,2779.863,2785.086,3.0,4.09114285714278,4.0,1.0,1.0,6.0,2.0,1.0,4.0,1.0,2.0,A+
1.0,2773.241,0.0,3.0,1.0,2024-10-31 10:00:00,1.0,0.0,7151.0,1,0.0,2781.148,0.0,2780.817,2778.213,3.0,4.574071428571415,4.0,1.0,1.0,10.0,1.0,1.0,4.0,1.0,2.0,A+
2.0,2733.456,0.0,4.0,0.0,2024-11-01 18:00:00,0.0,0.0,6953.0,0,0.0,2738.022,1.0,2736.204,2736.296,0.0,7.744357142857033,2.0,1.0,2.0,18.0,5.0,0.0,2.0,0.0,2.0,A+
2.0,2733.267,0.0,4.0,0.0,2024-11-01 20:00:00,0.0,0.0,3639.0,1,0.0,2736.82,1.0,2736.69,2734.077,0.0,7.562357142857048,2.0,1.0,2.0,20.0,1.0,0.0,2.0,0.0,2.0,A+
1.0,2736.778,0.0,2.0,1.0,2024-11-06 02:00:00,1.0,1.0,17893.0,1,0.0,2748.413,0.0,2737.485,2747.045,4.0,7.787071428571478,5.0,1.0,1.0,2.0,8.0,0.0,5.0,0.0,2.3333333333333335,A+
1.0,2730.607,0.0,2.0,1.0,2024-11-06 03:00:00,1.0,1.0,17537.0,0,0.0,2743.536,1.0,2734.08,2737.518,4.0,8.308928571428623,5.0,1.0,1.0,3.0,0.0,0.0,5.0,0.0,2.3333333333333335,A+
1.0,2696.018,0.0,2.0,1.0,2024-11-06 11:00:00,1.0,0.0,16708.0,0,1.0,2722.78,1.0,2699.272,2720.262,3.0,14.381428571428582,4.0,1.0,1.0,11.0,0.0,0.0,4.0,0.0,2.0,A+
1.0,2593.58,0.0,2.0,1.0,2024-11-13 15:00:00,1.0,0.0,22707.0,0,0.0,2606.863,0.0,2605.385,2602.007,3.0,7.081071428571314,4.0,1.0,1.0,15.0,3.0,0.0,4.0,0.0,2.0,A+
1.0,2579.513,0.0,2.0,1.0,2024-11-13 18:00:00,1.0,0.0,10268.0,0,0.0,2585.476,0.0,2582.697,2583.364,3.0,8.216499999999867,4.0,0.0,1.0,18.0,5.0,0.0,4.0,0.0,2.0,A+
2.0,2572.604,0.0,2.0,0.0,2024-11-13 21:00:00,0.0,0.0,3696.0,1,0.0,2577.085,1.0,2573.064,2573.783,0.0,8.661499999999933,2.0,0.0,2.0,21.0,6.0,0.0,2.0,0.0,2.0,A+
2.0,2569.612,0.0,3.0,0.0,2024-11-14 00:00:00,0.0,0.0,5041.0,0,0.0,2574.782,1.0,2572.457,2571.012,0.0,8.89507142857136,2.0,0.0,2.0,0.0,4.0,0.0,2.0,0.0,2.0,A+
1.0,2585.078,0.0,0.0,1.0,2024-11-18 05:00:00,0.0,1.0,6839.0,1,0.0,2592.383,0.0,2585.589,2592.256,3.0,8.042214285714408,4.0,1.0,1.0,5.0,2.0,0.0,4.0,0.0,2.0,A+
1.0,2580.397,0.0,0.0,1.0,2024-11-18 06:00:00,0.0,1.0,9743.0,1,0.0,2587.725,0.0,2585.979,2585.611,3.0,7.77635714285725,4.0,1.0,1.0,6.0,5.0,0.0,4.0,0.0,2.0,A+
1.0,2581.64,0.0,0.0,1.0,2024-11-18 07:00:00,0.0,1.0,7081.0,1,0.0,2587.121,0.0,2582.838,2586.009,3.0,7.360928571428693,4.0,1.0,1.0,7.0,2.0,0.0,4.0,0.0,2.0,A+
1.0,2582.015,0.0,0.0,1.0,2024-11-18 08:00:00,0.0,1.0,9182.0,1,0.0,2590.082,0.0,2585.661,2582.796,3.0,7.604928571428705,4.0,1.0,1.0,8.0,4.0,0.0,4.0,0.0,2.0,A+
1.0,2583.778,0.0,0.0,1.0,2024-11-18 09:00:00,0.0,1.0,9660.0,1,0.0,2597.284,1.0,2595.651,2585.62,3.0,7.97228571428585,4.0,1.0,1.0,9.0,0.0,0.0,4.0,0.0,2.0,A+
1.0,2589.486,0.0,0.0,1.0,2024-11-18 10:00:00,0.0,1.0,8416.0,1,0.0,2596.706,1.0,2593.968,2595.648,3.0,8.105642857143007,4.0,1.0,1.0,10.0,0.0,0.0,4.0,0.0,2.0,A+
1.0,2590.428,0.0,0.0,1.0,2024-11-18 11:00:00,0.0,1.0,7329.0,1,0.0,2595.405,1.0,2594.417,2594.006,3.0,8.168000000000152,4.0,1.0,1.0,11.0,0.0,0.0,4.0,0.0,2.0,A+
1.0,2592.87,0.0,0.0,1.0,2024-11-18 13:00:00,1.0,1.0,13150.0,1,0.0,2605.031,1.0,2603.939,2595.111,4.0,8.44171428571443,5.0,1.0,1.0,13.0,0.0,0.0,5.0,0.0,2.3333333333333335,A+
1.0,2602.673,0.0,0.0,1.0,2024-11-18 14:00:00,1.0,0.0,15361.0,1,0.0,2610.251,1.0,2608.155,2603.964,3.0,8.460285714285874,4.0,1.0,1.0,14.0,0.0,0.0,4.0,0.0,2.0,A+
1.0,2611.534,0.0,1.0,1.0,2024-11-19 01:00:00,1.0,1.0,9956.0,1,0.0,2617.813,1.0,2615.622,2613.344,3.0,5.398285714285716,4.0,1.0,1.0,1.0,0.0,1.0,4.0,1.0,2.0,A+
1.0,2615.633,0.0,1.0,1.0,2024-11-19 02:00:00,1.0,1.0,8250.0,1,0.0,2624.161,1.0,2622.427,2615.633,3.0,5.65271428571428,4.0,0.0,1.0,2.0,0.0,1.0,4.0,1.0,2.0,A+
1.0,2617.687,0.0,1.0,1.0,2024-11-19 07:00:00,1.0,1.0,7822.0,1,0.0,2625.324,0.0,2619.057,2625.184,3.0,4.484642857142815,4.0,1.0,1.0,7.0,2.0,1.0,4.0,1.0,2.0,A+
1.0,2635.772,0.0,2.0,1.0,2024-11-20 01:00:00,0.0,1.0,8926.0,0,0.0,2641.487,1.0,2639.606,2637.833,3.0,6.539428571428549,4.0,0.0,1.0,1.0,0.0,1.0,4.0,1.0,2.0,A+
1.0,2634.888,0.0,2.0,1.0,2024-11-20 05:00:00,0.0,1.0,5848.0,0,0.0,2638.488,0.0,2636.853,2636.56,3.0,4.495428571428549,4.0,0.0,1.0,5.0,5.0,1.0,4.0,1.0,2.0,A+
1.0,2628.521,0.0,2.0,1.0,2024-11-20 06:00:00,1.0,1.0,9438.0,0,0.0,2637.086,0.0,2629.517,2636.822,4.0,4.549857142857101,5.0,1.0,1.0,6.0,8.0,1.0,5.0,1.0,2.3333333333333335,A+
1.0,2621.232,0.0,2.0,1.0,2024-11-20 07:00:00,1.0,1.0,8418.0,1,0.0,2630.181,1.0,2621.591,2629.508,4.0,4.74971428571426,5.0,1.0,1.0,7.0,0.0,1.0,5.0,1.0,2.3333333333333335,A+
1.0,2662.897,0.0,3.0,1.0,2024-11-21 12:00:00,1.0,1.0,7825.0,1,0.0,2671.816,0.0,2663.336,2671.491,3.0,6.029714285714396,4.0,1.0,1.0,12.0,2.0,1.0,4.0,1.0,2.0,A+
1.0,2660.381,0.0,3.0,1.0,2024-11-21 13:00:00,1.0,1.0,16219.0,1,0.0,2667.722,0.0,2665.385,2663.287,4.0,6.270785714285823,5.0,1.0,1.0,13.0,0.0,1.0,5.0,1.0,2.3333333333333335,A+
1.0,2661.373,0.0,3.0,1.0,2024-11-21 14:00:00,1.0,1.0,16179.0,1,0.0,2671.595,0.0,2664.956,2665.42,4.0,6.493714285714369,5.0,1.0,1.0,14.0,5.0,1.0,5.0,1.0,2.3333333333333335,A+
1.0,2661.298,0.0,3.0,1.0,2024-11-21 16:00:00,1.0,1.0,12902.0,1,0.0,2669.771,0.0,2664.688,2667.674,4.0,6.512928571428672,5.0,1.0,1.0,16.0,2.0,1.0,5.0,1.0,2.3333333333333335,A+
1.0,2673.037,0.0,4.0,1.0,2024-11-22 01:00:00,1.0,0.0,9538.0,1,0.0,2679.441,1.0,2677.847,2673.118,3.0,6.236071428571482,4.0,1.0,1.0,1.0,0.0,1.0,4.0,1.0,2.0,A+
1.0,2635.875,0.0,2.0,1.0,2024-11-27 03:00:00,0.0,1.0,5952.0,1,0.0,2639.453,0.0,2637.722,2637.543,3.0,7.480714285714255,4.0,1.0,1.0,3.0,5.0,0.0,4.0,0.0,2.0,A+
1.0,2638.927,0.0,2.0,1.0,2024-11-27 06:00:00,1.0,1.0,9019.0,0,0.0,2648.002,1.0,2647.665,2642.075,3.0,5.55257142857142,4.0,1.0,1.0,6.0,0.0,0.0,4.0,0.0,2.0,A+
2.0,2635.071,0.0,3.0,0.0,2024-11-28 00:00:00,0.0,0.0,3803.0,0,0.0,2638.432,1.0,2635.678,2637.063,0.0,6.460785714285813,2.0,1.0,2.0,0.0,8.0,0.0,2.0,0.0,2.0,A+
1.0,2620.844,0.0,3.0,1.0,2024-11-28 01:00:00,1.0,0.0,19312.0,1,0.0,2636.315,0.0,2628.729,2635.684,3.0,7.404785714285806,4.0,1.0,1.0,1.0,0.0,0.0,4.0,0.0,2.0,A+
1.0,2640.781,0.0,3.0,1.0,2024-11-28 14:00:00,1.0,0.0,6493.0,1,0.0,2647.975,0.0,2641.324,2647.042,3.0,6.36121428571427,4.0,1.0,1.0,14.0,2.0,0.0,4.0,0.0,2.0,A+
1.0,2654.707,0.0,4.0,1.0,2024-11-29 03:00:00,1.0,1.0,7119.0,1,0.0,2660.627,1.0,2660.047,2657.484,4.0,6.1179285714285925,5.0,1.0,1.0,3.0,0.0,1.0,5.0,1.0,2.3333333333333335,A+
1.0,2658.323,0.0,4.0,1.0,2024-11-29 04:00:00,0.0,1.0,5461.0,1,0.0,2664.317,0.0,2659.84,2660.022,3.0,6.195500000000038,4.0,1.0,1.0,4.0,5.0,1.0,4.0,1.0,2.0,A+
1.0,2658.996,0.0,4.0,1.0,2024-11-29 07:00:00,0.0,1.0,6204.0,1,0.0,2665.482,0.0,2660.522,2665.198,3.0,6.3947857142856845,4.0,1.0,1.0,7.0,2.0,1.0,4.0,1.0,2.0,A+
1.0,2654.471,0.0,4.0,1.0,2024-11-29 08:00:00,1.0,0.0,7101.0,1,0.0,2662.539,0.0,2657.324,2660.557,3.0,6.457214285714274,4.0,1.0,1.0,8.0,0.0,1.0,4.0,1.0,2.0,A+
1.0,2656.12,0.0,4.0,1.0,2024-11-29 13:00:00,1.0,0.0,12313.0,1,0.0,2663.287,0.0,2657.938,2659.95,3.0,7.309928571428535,4.0,1.0,1.0,13.0,2.0,1.0,4.0,1.0,2.0,A+
1.0,2650.537,0.0,4.0,1.0,2024-11-29 15:00:00,1.0,0.0,12811.0,0,0.0,2658.946,0.0,2658.946,2653.547,3.0,7.486357142857124,4.0,1.0,1.0,15.0,7.0,1.0,4.0,1.0,2.0,A+
1.0,2635.166,0.0,1.0,1.0,2024-12-03 15:00:00,1.0,0.0,18269.0,1,0.0,2647.239,0.0,2640.435,2646.638,3.0,6.540642857142822,4.0,1.0,1.0,15.0,0.0,0.0,4.0,0.0,2.0,A+
1.0,2646.167,0.0,3.0,1.0,2024-12-05 01:00:00,0.0,1.0,7438.0,1,0.0,2650.717,0.0,2647.074,2648.416,3.0,6.489357142857183,4.0,1.0,1.0,1.0,6.0,1.0,4.0,1.0,2.0,A+
1.0,2645.259,0.0,3.0,1.0,2024-12-05 02:00:00,0.0,1.0,6282.0,1,0.0,2649.704,0.0,2646.529,2647.113,3.0,6.501142857142928,4.0,1.0,1.0,2.0,5.0,1.0,4.0,1.0,2.0,A+
1.0,2644.575,0.0,3.0,0.0,2024-12-05 03:00:00,0.0,1.0,4989.0,1,1.0,2649.308,0.0,2648.882,2646.522,3.0,6.10100000000008,4.0,1.0,1.0,3.0,1.0,1.0,4.0,1.0,2.0,A+
1.0,2642.005,0.0,3.0,1.0,2024-12-05 08:00:00,0.0,1.0,7139.0,1,0.0,2650.172,0.0,2643.158,2648.622,3.0,5.267000000000086,4.0,1.0,1.0,8.0,2.0,1.0,4.0,1.0,2.0,A+
1.0,2640.956,0.0,0.0,1.0,2024-12-09 02:00:00,0.0,1.0,9015.0,1,0.0,2648.627,0.0,2646.077,2646.729,3.0,9.002214285714283,4.0,1.0,1.0,2.0,5.0,0.0,4.0,0.0,2.0,A+
1.0,2643.019,0.0,0.0,1.0,2024-12-09 07:00:00,0.0,1.0,8275.0,0,1.0,2651.245,1.0,2650.49,2643.82,4.0,7.952071428571409,5.0,1.0,1.0,7.0,0.0,0.0,5.0,0.0,2.3333333333333335,A+
1.0,2646.094,0.0,0.0,1.0,2024-12-09 08:00:00,0.0,0.0,8038.0,1,1.0,2651.073,1.0,2649.296,2650.523,3.0,7.848285714285664,4.0,1.0,1.0,8.0,0.0,0.0,4.0,0.0,2.0,A+
1.0,2665.59,0.0,0.0,1.0,2024-12-09 16:00:00,1.0,0.0,11484.0,0,0.0,2670.569,0.0,2667.608,2668.221,3.0,7.2881428571428,4.0,1.0,1.0,16.0,5.0,1.0,4.0,1.0,2.0,A+
1.0,2660.568,0.0,1.0,1.0,2024-12-10 01:00:00,1.0,1.0,10483.0,1,0.0,2668.662,0.0,2667.441,2664.991,4.0,6.3338571428570765,5.0,1.0,1.0,1.0,3.0,1.0,5.0,1.0,2.3333333333333335,A+
1.0,2666.171,0.0,1.0,1.0,2024-12-10 02:00:00,1.0,1.0,9098.0,1,0.0,2671.451,0.0,2669.013,2667.5,4.0,6.207999999999954,5.0,1.0,1.0,2.0,4.0,1.0,5.0,1.0,2.3333333333333335,A+
1.0,2669.594,0.0,1.0,1.0,2024-12-10 04:00:00,0.0,1.0,5628.0,1,0.0,2673.86,0.0,2670.309,2669.942,3.0,5.778785714285699,4.0,1.0,1.0,4.0,0.0,1.0,4.0,1.0,2.0,A+
1.0,2668.273,0.0,1.0,1.0,2024-12-10 05:00:00,0.0,1.0,6677.0,1,0.0,2671.681,0.0,2668.94,2670.335,3.0,5.120999999999997,4.0,1.0,1.0,5.0,2.0,1.0,4.0,1.0,2.0,A+
1.0,2661.123,0.0,1.0,1.0,2024-12-10 08:00:00,1.0,0.0,8376.0,1,0.0,2665.649,0.0,2663.223,2664.629,3.0,4.868785714285683,4.0,1.0,1.0,8.0,0.0,1.0,4.0,1.0,2.0,A+
1.0,2664.456,0.0,1.0,1.0,2024-12-10 10:00:00,1.0,0.0,8710.0,0,0.0,2676.839,1.0,2675.438,2664.938,3.0,5.603428571428561,4.0,1.0,1.0,10.0,0.0,1.0,4.0,1.0,2.0,A+
1.0,2669.74,0.0,1.0,1.0,2024-12-10 11:00:00,1.0,0.0,8549.0,1,0.0,2675.507,1.0,2674.496,2675.46,3.0,5.758714285714275,4.0,1.0,1.0,11.0,0.0,1.0,4.0,1.0,2.0,A+
1.0,2679.494,0.0,1.0,1.0,2024-12-10 14:00:00,1.0,0.0,15502.0,1,0.0,2691.777,1.0,2688.964,2680.422,3.0,6.897285714285674,4.0,1.0,1.0,14.0,0.0,1.0,4.0,1.0,2.0,A+
1.0,2693.416,0.0,2.0,1.0,2024-12-11 00:00:00,0.0,1.0,7611.0,1,1.0,2701.89,1.0,2701.046,2695.91,3.0,6.509714285714218,4.0,0.0,1.0,0.0,0.0,1.0,4.0,1.0,2.0,A+
1.0,2696.611,0.0,2.0,1.0,2024-12-11 01:00:00,1.0,1.0,13878.0,0,1.0,2703.81,1.0,2699.961,2701.082,4.0,6.139428571428523,5.0,1.0,1.0,1.0,0.0,1.0,5.0,1.0,2.3333333333333335,A+
1.0,2675.566,0.0,2.0,1.0,2024-12-11 05:00:00,1.0,1.0,24863.0,1,0.0,2693.656,0.0,2688.609,2684.779,4.0,7.071642857142836,5.0,1.0,1.0,5.0,0.0,1.0,5.0,1.0,2.3333333333333335,A+
1.0,2715.343,0.0,3.0,1.0,2024-12-12 07:00:00,0.0,1.0,2997.0,1,0.0,2720.389,0.0,2716.047,2718.452,3.0,7.083571428571466,4.0,1.0,1.0,7.0,0.0,1.0,4.0,1.0,2.0,A+
1.0,2714.03,0.0,3.0,1.0,2024-12-12 09:00:00,1.0,0.0,3342.0,0,0.0,2718.685,0.0,2714.908,2718.145,3.0,6.822571428571434,4.0,1.0,1.0,9.0,2.0,1.0,4.0,1.0,2.0,A+
1.0,2707.31,0.0,3.0,1.0,2024-12-12 11:00:00,1.0,0.0,3544.0,0,0.0,2713.406,0.0,2710.934,2711.328,3.0,6.951499999999994,4.0,1.0,1.0,11.0,5.0,1.0,4.0,1.0,2.0,A+
1.0,2697.345,0.0,3.0,1.0,2024-12-12 13:00:00,1.0,0.0,4194.0,0,0.0,2711.522,1.0,2697.359,2706.91,3.0,7.970285714285735,4.0,1.0,1.0,13.0,0.0,1.0,4.0,1.0,2.0,A+
1.0,2658.84,0.0,0.0,1.0,2024-12-16 13:00:00,1.0,0.0,11395.0,1,0.0,2664.238,1.0,2661.97,2659.968,3.0,5.340642857142809,4.0,1.0,1.0,13.0,0.0,0.0,4.0,0.0,2.0,A+
1.0,2654.145,0.0,0.0,1.0,2024-12-16 14:00:00,1.0,0.0,11367.0,1,0.0,2663.035,0.0,2654.841,2662.005,3.0,5.386285714285642,4.0,1.0,1.0,14.0,2.0,0.0,4.0,0.0,2.0,A+
1.0,2650.833,0.0,0.0,1.0,2024-12-16 15:00:00,1.0,0.0,10704.0,1,0.0,2656.937,0.0,2654.472,2654.879,3.0,5.192999999999919,4.0,1.0,1.0,15.0,5.0,0.0,4.0,0.0,2.0,A+
1.0,2648.505,0.0,0.0,1.0,2024-12-16 16:00:00,1.0,0.0,7584.0,1,0.0,2655.791,0.0,2652.195,2654.438,3.0,5.409285714285651,4.0,1.0,1.0,16.0,0.0,0.0,4.0,0.0,2.0,A+
1.0,2654.313,0.0,1.0,1.0,2024-12-17 01:00:00,1.0,1.0,7086.0,0,0.0,2658.625,0.0,2658.015,2655.207,4.0,4.742928571428495,5.0,1.0,1.0,1.0,0.0,0.0,5.0,0.0,2.3333333333333335,A+
1.0,2653.94,0.0,1.0,1.0,2024-12-17 02:00:00,0.0,1.0,5751.0,0,0.0,2658.607,0.0,2654.973,2657.979,3.0,4.615357142857063,4.0,1.0,1.0,2.0,8.0,0.0,4.0,0.0,2.0,A+
1.0,2649.0,0.0,1.0,1.0,2024-12-17 05:00:00,1.0,1.0,6289.0,0,0.0,2654.823,0.0,2653.791,2651.686,4.0,4.173785714285649,5.0,1.0,1.0,5.0,1.0,0.0,5.0,0.0,2.3333333333333335,A+
1.0,2638.014,0.0,1.0,1.0,2024-12-17 09:00:00,1.0,1.0,11367.0,1,0.0,2646.121,1.0,2639.781,2644.236,4.0,5.326499999999994,5.0,1.0,1.0,9.0,0.0,0.0,5.0,0.0,2.3333333333333335,A+
1.0,2636.207,0.0,1.0,1.0,2024-12-17 11:00:00,1.0,1.0,6677.0,1,0.0,2642.528,0.0,2642.187,2638.154,4.0,5.757500000000001,5.0,1.0,1.0,11.0,7.0,0.0,5.0,0.0,2.3333333333333335,A+
1.0,2640.697,0.0,1.0,1.0,2024-12-17 12:00:00,1.0,1.0,6901.0,1,0.0,2645.538,0.0,2642.741,2642.208,4.0,5.985857142857152,5.0,1.0,1.0,12.0,5.0,0.0,5.0,0.0,2.3333333333333335,A+
1.0,2622.142,0.0,4.0,1.0,2024-12-20 17:00:00,1.0,0.0,8903.0,1,0.0,2627.553,0.0,2625.547,2625.246,3.0,6.613857142857212,4.0,1.0,1.0,17.0,5.0,0.0,4.0,0.0,2.0,A+
1.0,2613.945,0.0,0.0,1.0,2024-12-23 13:00:00,1.0,0.0,8706.0,1,0.0,2619.857,0.0,2617.306,2615.036,3.0,5.745571428571436,4.0,1.0,1.0,13.0,1.0,0.0,4.0,0.0,2.0,A+
1.0,2613.658,0.0,0.0,1.0,2024-12-23 14:00:00,1.0,0.0,9224.0,0,0.0,2619.898,1.0,2615.719,2617.332,3.0,5.643142857142883,4.0,1.0,1.0,14.0,0.0,0.0,4.0,0.0,2.0,A+
1.0,2609.214,0.0,0.0,1.0,2024-12-23 15:00:00,1.0,0.0,12196.0,1,0.0,2616.618,1.0,2609.762,2615.717,3.0,5.762500000000013,4.0,1.0,1.0,15.0,0.0,0.0,4.0,0.0,2.0,A+
1.0,2629.183,0.0,3.0,1.0,2024-12-26 18:00:00,1.0,1.0,6619.0,1,0.0,2635.975,0.0,2634.761,2629.314,4.0,5.006714285714224,5.0,1.0,1.0,18.0,1.0,1.0,5.0,1.0,2.3333333333333335,A+
1.0,2633.73,0.0,3.0,0.0,2024-12-26 20:00:00,1.0,1.0,5834.0,0,0.0,2636.162,0.0,2634.406,2634.873,3.0,5.037999999999913,4.0,1.0,1.0,20.0,8.0,1.0,4.0,1.0,2.0,A+
1.0,2630.624,0.0,4.0,1.0,2024-12-27 01:00:00,1.0,0.0,6019.0,1,0.0,2633.866,0.0,2632.154,2631.351,3.0,5.192857142857098,4.0,1.0,1.0,1.0,4.0,1.0,4.0,1.0,2.0,A+
1.0,2631.256,0.0,4.0,1.0,2024-12-27 06:00:00,1.0,0.0,5506.0,0,0.0,2637.029,0.0,2634.695,2631.311,3.0,4.196428571428539,4.0,1.0,1.0,6.0,1.0,1.0,4.0,1.0,2.0,A+
1.0,2618.052,0.0,4.0,1.0,2024-12-27 13:00:00,1.0,0.0,11338.0,1,0.0,2627.301,1.0,2618.778,2626.294,3.0,4.694857142857115,4.0,1.0,1.0,13.0,0.0,1.0,4.0,1.0,2.0,A+
1.0,2609.323,0.0,1.0,1.0,2024-12-31 12:00:00,1.0,0.0,5406.0,1,0.0,2612.818,0.0,2611.17,2611.016,3.0,4.354928571428478,4.0,1.0,1.0,12.0,5.0,0.0,4.0,0.0,2.0,A+
1.0,2605.3,0.0,1.0,1.0,2024-12-31 13:00:00,1.0,0.0,8874.0,1,0.0,2616.23,0.0,2613.236,2611.213,3.0,4.888142857142774,4.0,1.0,1.0,13.0,0.0,0.0,4.0,0.0,2.0,A+
1.0,2611.277,0.0,1.0,1.0,2024-12-31 14:00:00,1.0,0.0,9640.0,1,0.0,2617.843,0.0,2613.634,2613.29,3.0,5.09499999999993,4.0,1.0,1.0,14.0,5.0,0.0,4.0,0.0,2.0,A+
1.0,2612.436,0.0,1.0,1.0,2024-12-31 15:00:00,1.0,0.0,11229.0,1,0.0,2626.638,1.0,2625.656,2613.598,3.0,5.757142857142786,4.0,1.0,1.0,15.0,0.0,0.0,4.0,0.0,2.0,A+
1.0,2623.813,0.0,3.0,1.0,2025-01-02 01:00:00,1.0,0.0,11166.0,1,0.0,2634.386,1.0,2632.94,2625.414,3.0,5.916571428571452,4.0,1.0,1.0,1.0,0.0,1.0,4.0,1.0,2.0,A+
1.0,2632.992,0.0,3.0,1.0,2025-01-02 07:00:00,0.0,1.0,4629.0,1,0.0,2635.994,1.0,2635.915,2634.126,3.0,4.236428571428568,4.0,1.0,1.0,7.0,0.0,1.0,4.0,1.0,2.0,A+
1.0,2635.885,0.0,3.0,1.0,2025-01-02 09:00:00,1.0,1.0,6377.0,1,0.0,2639.978,1.0,2636.139,2636.417,4.0,4.372428571428535,5.0,1.0,1.0,9.0,0.0,1.0,5.0,1.0,2.3333333333333335,A+
1.0,2640.305,0.0,3.0,1.0,2025-01-02 12:00:00,1.0,1.0,6316.0,1,0.0,2646.436,1.0,2643.446,2641.977,4.0,5.442214285714239,5.0,1.0,1.0,12.0,0.0,1.0,5.0,1.0,2.3333333333333335,A+
1.0,2636.069,0.0,3.0,1.0,2025-01-02 13:00:00,1.0,1.0,13499.0,1,0.0,2647.341,0.0,2643.006,2643.336,4.0,5.94792857142852,5.0,1.0,1.0,13.0,5.0,1.0,5.0,1.0,2.3333333333333335,A+
1.0,2645.189,0.0,3.0,1.0,2025-01-02 15:00:00,1.0,0.0,12418.0,1,0.0,2655.876,1.0,2654.105,2647.482,3.0,6.350071428571384,4.0,1.0,1.0,15.0,0.0,1.0,4.0,1.0,2.0,A+
2.0,2661.68,0.0,4.0,0.0,2025-01-03 04:00:00,0.0,0.0,3086.0,0,0.0,2664.409,1.0,2662.838,2662.255,0.0,5.983357142857163,2.0,1.0,2.0,4.0,1.0,1.0,2.0,1.0,2.0,A+
1.0,2640.927,0.0,4.0,1.0,2025-01-03 15:00:00,1.0,1.0,13756.0,1,0.0,2648.302,1.0,2643.842,2647.73,3.0,5.784785714285785,4.0,1.0,1.0,15.0,0.0,1.0,4.0,1.0,2.0,A+
1.0,2638.954,0.0,4.0,1.0,2025-01-03 16:00:00,1.0,1.0,8462.0,1,0.0,2647.264,1.0,2639.968,2643.812,3.0,5.810928571428641,4.0,1.0,1.0,16.0,0.0,1.0,4.0,1.0,2.0,A+
1.0,2639.05,0.0,4.0,1.0,2025-01-03 17:00:00,1.0,1.0,6551.0,0,0.0,2642.617,1.0,2641.763,2639.955,3.0,5.779428571428623,4.0,1.0,1.0,17.0,0.0,1.0,4.0,1.0,2.0,A+
1.0,2634.197,0.0,0.0,1.0,2025-01-06 04:00:00,0.0,1.0,5515.0,0,0.0,2640.824,1.0,2635.534,2640.203,3.0,5.23114285714288,4.0,1.0,1.0,4.0,0.0,1.0,4.0,1.0,2.0,A+
1.0,2631.45,0.0,0.0,1.0,2025-01-06 05:00:00,1.0,1.0,6852.0,1,0.0,2636.24,1.0,2633.892,2635.531,4.0,5.032357142857173,5.0,1.0,1.0,5.0,0.0,1.0,5.0,1.0,2.3333333333333335,A+
1.0,2630.173,0.0,0.0,1.0,2025-01-06 06:00:00,0.0,1.0,6023.0,1,0.0,2635.346,1.0,2631.535,2633.879,3.0,4.875071428571475,4.0,1.0,1.0,6.0,0.0,1.0,4.0,1.0,2.0,A+
1.0,2641.973,0.0,0.0,1.0,2025-01-06 12:00:00,1.0,0.0,8969.0,1,0.0,2647.861,0.0,2645.403,2645.547,3.0,6.390857142857191,4.0,1.0,1.0,12.0,5.0,1.0,4.0,1.0,2.0,A+
1.0,2621.621,0.0,0.0,1.0,2025-01-06 13:00:00,1.0,0.0,22080.0,1,0.0,2648.848,1.0,2624.272,2645.366,3.0,8.140285714285742,4.0,1.0,1.0,13.0,0.0,1.0,4.0,1.0,2.0,A+
1.0,2650.199,0.0,1.0,1.0,2025-01-07 17:00:00,1.0,1.0,9244.0,0,0.0,2656.052,0.0,2652.404,2651.825,3.0,7.1342857142856895,4.0,1.0,1.0,17.0,5.0,1.0,4.0,1.0,2.0,A+
1.0,2646.928,0.0,1.0,0.0,2025-01-07 19:00:00,1.0,1.0,8724.0,1,1.0,2650.364,0.0,2649.245,2649.09,3.0,6.965857142857105,4.0,1.0,1.0,19.0,5.0,1.0,4.0,1.0,2.0,A+
1.0,2651.59,0.0,2.0,1.0,2025-01-08 07:00:00,0.0,1.0,4551.0,1,0.0,2654.452,0.0,2652.619,2652.078,3.0,3.76049999999993,4.0,1.0,1.0,7.0,4.0,1.0,4.0,1.0,2.0,A+
1.0,2649.578,0.0,2.0,1.0,2025-01-08 08:00:00,0.0,1.0,5924.0,1,0.0,2653.796,0.0,2651.948,2652.651,3.0,3.6437142857142,4.0,1.0,1.0,8.0,2.0,1.0,4.0,1.0,2.0,A+
1.0,2651.754,0.0,2.0,1.0,2025-01-08 09:00:00,0.0,1.0,5187.0,1,0.0,2655.026,0.0,2653.462,2651.91,3.0,3.496142857142786,4.0,1.0,1.0,9.0,1.0,1.0,4.0,1.0,2.0,A+
1.0,2649.388,0.0,2.0,1.0,2025-01-08 17:00:00,1.0,0.0,13145.0,1,0.0,2669.906,0.0,2655.575,2669.625,3.0,6.405499999999912,4.0,1.0,1.0,17.0,2.0,1.0,4.0,1.0,2.0,A+
1.0,2665.211,0.0,3.0,1.0,2025-01-09 11:00:00,1.0,0.0,8511.0,1,0.0,2673.299,1.0,2670.266,2667.471,3.0,4.538928571428642,4.0,1.0,1.0,11.0,0.0,1.0,4.0,1.0,2.0,A+
1.0,2669.443,0.0,3.0,1.0,2025-01-09 12:00:00,1.0,0.0,6726.0,1,0.0,2675.199,1.0,2674.021,2670.249,3.0,4.725500000000076,4.0,1.0,1.0,12.0,0.0,1.0,4.0,1.0,2.0,A+
1.0,2667.198,0.0,3.0,1.0,2025-01-09 14:00:00,1.0,0.0,9576.0,0,0.0,2675.797,0.0,2672.486,2672.691,3.0,5.433571428571505,4.0,1.0,1.0,14.0,5.0,1.0,4.0,1.0,2.0,A+
1.0,2662.644,0.0,3.0,1.0,2025-01-09 17:00:00,1.0,0.0,7655.0,1,0.0,2668.608,0.0,2665.938,2667.465,3.0,5.899428571428676,4.0,1.0,1.0,17.0,0.0,1.0,4.0,1.0,2.0,A+
1.0,2672.525,0.0,4.0,1.0,2025-01-10 03:00:00,0.0,1.0,3927.0,1,0.0,2674.771,0.0,2673.658,2673.517,3.0,4.422928571428656,4.0,1.0,1.0,3.0,5.0,1.0,4.0,1.0,2.0,A+
1.0,2674.233,0.0,4.0,1.0,2025-01-10 06:00:00,0.0,1.0,5360.0,0,0.0,2678.552,1.0,2678.163,2674.908,3.0,3.609500000000058,4.0,1.0,1.0,6.0,0.0,1.0,4.0,1.0,2.0,A+
1.0,2673.499,0.0,4.0,1.0,2025-01-10 07:00:00,1.0,1.0,6610.0,1,0.0,2678.751,1.0,2676.146,2678.179,4.0,3.644714285714372,5.0,1.0,1.0,7.0,0.0,1.0,5.0,1.0,2.3333333333333335,A+
1.0,2675.713,0.0,4.0,1.0,2025-01-10 08:00:00,1.0,1.0,8874.0,1,0.0,2680.469,1.0,2680.057,2676.181,4.0,3.558428571428619,5.0,1.0,1.0,8.0,0.0,1.0,5.0,1.0,2.3333333333333335,A+
1.0,2680.242,0.0,4.0,1.0,2025-01-10 11:00:00,1.0,1.0,5970.0,1,0.0,2683.088,1.0,2681.402,2680.95,3.0,3.544857142857154,4.0,1.0,1.0,11.0,0.0,1.0,4.0,1.0,2.0,A+
1.0,2679.294,0.0,0.0,1.0,2025-01-13 01:00:00,1.0,0.0,17720.0,1,0.0,2690.051,0.0,2685.548,2689.73,3.0,8.558357142857176,4.0,1.0,1.0,1.0,0.0,1.0,4.0,1.0,2.0,A+
1.0,2664.018,0.0,0.0,1.0,2025-01-13 14:00:00,1.0,0.0,22324.0,0,0.0,2674.242,0.0,2671.724,2669.153,3.0,6.883357142857092,4.0,1.0,1.0,14.0,3.0,1.0,4.0,1.0,2.0,A+
1.0,2660.625,0.0,0.0,1.0,2025-01-13 16:00:00,1.0,0.0,12832.0,1,0.0,2668.0,1.0,2661.322,2661.792,3.0,7.075428571428509,4.0,1.0,1.0,16.0,0.0,1.0,4.0,1.0,2.0,A+
1.0,2679.045,0.0,2.0,1.0,2025-01-15 06:00:00,0.0,1.0,6537.0,1,0.0,2683.326,1.0,2681.001,2679.341,3.0,4.190142857142844,4.0,1.0,1.0,6.0,0.0,1.0,4.0,1.0,2.0,A+
1.0,2681.151,0.0,2.0,1.0,2025-01-15 08:00:00,1.0,1.0,8151.0,1,0.0,2685.327,1.0,2683.909,2681.357,4.0,4.189857142857136,5.0,1.0,1.0,8.0,0.0,1.0,5.0,1.0,2.3333333333333335,A+
1.0,2682.929,0.0,2.0,1.0,2025-01-15 09:00:00,0.0,1.0,7815.0,1,0.0,2688.549,1.0,2685.934,2683.94,3.0,4.174357142857128,4.0,1.0,1.0,9.0,0.0,1.0,4.0,1.0,2.0,A+
1.0,2684.743,0.0,2.0,1.0,2025-01-15 10:00:00,1.0,1.0,8115.0,0,0.0,2689.064,1.0,2688.343,2685.961,4.0,4.165857142857119,5.0,1.0,1.0,10.0,0.0,1.0,5.0,1.0,2.3333333333333335,A+
1.0,2685.198,0.0,2.0,1.0,2025-01-15 11:00:00,1.0,1.0,8908.0,1,0.0,2689.002,1.0,2686.779,2688.466,4.0,4.102714285714261,5.0,1.0,1.0,11.0,0.0,1.0,5.0,1.0,2.3333333333333335,A+
1.0,2682.127,0.0,2.0,1.0,2025-01-15 13:00:00,1.0,0.0,26939.0,0,0.0,2694.261,1.0,2693.807,2684.632,3.0,4.76921428571427,4.0,1.0,1.0,13.0,0.0,1.0,4.0,1.0,2.0,A+
1.0,2676.64,0.0,2.0,1.0,2025-01-15 15:00:00,1.0,0.0,22201.0,1,0.0,2683.017,0.0,2678.475,2681.935,3.0,5.933642857142851,4.0,1.0,1.0,15.0,0.0,1.0,4.0,1.0,2.0,A+
1.0,2676.925,0.0,2.0,1.0,2025-01-15 16:00:00,1.0,0.0,15149.0,1,0.0,2689.97,0.0,2689.305,2678.512,3.0,6.461714285714249,4.0,1.0,1.0,16.0,7.0,1.0,4.0,1.0,2.0,A+
1.0,2688.491,0.0,2.0,1.0,2025-01-15 17:00:00,1.0,0.0,10484.0,1,0.0,2692.994,1.0,2692.601,2689.263,3.0,6.497642857142831,4.0,1.0,1.0,17.0,0.0,1.0,4.0,1.0,2.0,A+
1.0,2712.916,0.0,3.0,1.0,2025-01-16 14:00:00,1.0,0.0,22471.0,1,0.0,2719.379,1.0,2718.674,2715.414,3.0,6.0738571428571175,4.0,1.0,1.0,14.0,0.0,1.0,4.0,1.0,2.0,A+
1.0,2712.632,0.0,3.0,1.0,2025-01-16 15:00:00,1.0,0.0,27506.0,1,0.0,2719.718,1.0,2716.877,2718.652,3.0,6.029285714285671,4.0,1.0,1.0,15.0,0.0,1.0,4.0,1.0,2.0,A+
1.0,2709.82,0.0,4.0,1.0,2025-01-17 01:00:00,0.0,1.0,9590.0,1,0.0,2714.855,0.0,2714.649,2714.741,3.0,5.788285714285751,4.0,1.0,1.0,1.0,0.0,1.0,4.0,1.0,2.0,A+
1.0,2708.585,0.0,4.0,1.0,2025-01-17 07:00:00,0.0,1.0,7230.0,1,0.0,2714.639,0.0,2710.528,2712.622,3.0,3.853857142857221,4.0,1.0,1.0,7.0,2.0,1.0,4.0,1.0,2.0,A+
1.0,2703.909,0.0,4.0,1.0,2025-01-17 09:00:00,0.0,1.0,9521.0,1,0.0,2712.019,0.0,2704.76,2711.689,3.0,3.698642857142886,4.0,1.0,1.0,9.0,8.0,1.0,4.0,1.0,2.0,A+
1.0,2721.418,0.0,1.0,1.0,2025-01-21 08:00:00,1.0,0.0,9924.0,0,0.0,2730.056,0.0,2723.267,2729.701,3.0,6.935142857142929,4.0,1.0,1.0,8.0,8.0,1.0,4.0,1.0,2.0,A+
1.0,2724.621,0.0,1.0,1.0,2025-01-21 13:00:00,1.0,0.0,11360.0,1,0.0,2730.029,0.0,2726.239,2726.763,3.0,7.236642857142864,4.0,1.0,1.0,13.0,5.0,1.0,4.0,1.0,2.0,A+
1.0,2737.837,0.0,1.0,1.0,2025-01-21 16:00:00,1.0,0.0,8712.0,1,0.0,2744.972,1.0,2743.056,2738.792,3.0,6.770999999999991,4.0,1.0,1.0,16.0,0.0,1.0,4.0,1.0,2.0,A+
1.0,2742.713,0.0,2.0,1.0,2025-01-22 00:00:00,0.0,0.0,5201.0,1,1.0,2749.087,1.0,2748.223,2744.309,3.0,5.861785714285718,4.0,1.0,1.0,0.0,0.0,1.0,4.0,1.0,2.0,A+
1.0,2747.884,0.0,2.0,1.0,2025-01-22 03:00:00,0.0,0.0,6810.0,1,1.0,2751.086,1.0,2750.266,2748.91,3.0,5.261928571428565,4.0,1.0,1.0,3.0,0.0,1.0,4.0,1.0,2.0,A+
1.0,2749.308,0.0,2.0,1.0,2025-01-22 04:00:00,0.0,0.0,4896.0,1,1.0,2752.965,1.0,2752.075,2750.238,3.0,5.136857142857155,4.0,1.0,1.0,4.0,0.0,1.0,4.0,1.0,2.0,A+
1.0,2746.455,0.0,2.0,1.0,2025-01-22 07:00:00,1.0,0.0,8601.0,1,1.0,2754.003,0.0,2748.781,2746.832,3.0,5.323928571428594,4.0,1.0,1.0,7.0,4.0,1.0,4.0,1.0,2.0,A+
1.0,2751.778,0.0,2.0,1.0,2025-01-22 12:00:00,1.0,0.0,8676.0,1,0.0,2758.722,0.0,2758.236,2756.572,3.0,6.0503571428571705,4.0,1.0,1.0,12.0,3.0,1.0,4.0,1.0,2.0,A+
1.0,2750.854,0.0,2.0,1.0,2025-01-22 13:00:00,1.0,0.0,23519.0,0,0.0,2761.606,0.0,2757.612,2758.278,3.0,6.593285714285782,4.0,1.0,1.0,13.0,5.0,1.0,4.0,1.0,2.0,A+
1.0,2750.329,0.0,2.0,1.0,2025-01-22 14:00:00,1.0,0.0,21404.0,1,0.0,2758.242,0.0,2753.872,2757.605,3.0,6.703214285714369,4.0,1.0,1.0,14.0,0.0,1.0,4.0,1.0,2.0,A+
1.0,2748.248,0.0,2.0,1.0,2025-01-29 16:00:00,1.0,0.0,15977.0,1,1.0,2756.29,1.0,2751.511,2754.15,3.0,4.94771428571432,4.0,1.0,1.0,16.0,0.0,1.0,4.0,1.0,2.0,A+
1.0,2752.745,0.0,2.0,1.0,2025-01-29 20:00:00,1.0,0.0,14216.0,1,0.0,2759.037,0.0,2754.903,2755.18,3.0,6.168000000000022,4.0,1.0,1.0,20.0,5.0,1.0,4.0,1.0,2.0,A+
1.0,2759.184,0.0,3.0,1.0,2025-01-30 02:00:00,0.0,1.0,6582.0,1,0.0,2761.688,0.0,2760.307,2760.074,3.0,5.748785714285726,4.0,1.0,1.0,2.0,5.0,1.0,4.0,1.0,2.0,A+
2.0,2792.607,0.0,3.0,0.0,2025-01-30 23:00:00,0.0,0.0,5540.0,0,0.0,2796.944,1.0,2796.146,2794.822,0.0,6.244571428571395,2.0,1.0,2.0,23.0,3.0,1.0,2.0,1.0,2.0,A+
2.0,2794.499,0.0,4.0,0.0,2025-01-31 04:00:00,0.0,0.0,5952.0,1,0.0,2796.484,1.0,2795.854,2796.412,0.0,5.543928571428523,2.0,1.0,2.0,4.0,8.0,1.0,2.0,1.0,2.0,A+
1.0,2792.336,0.0,4.0,1.0,2025-01-31 11:00:00,1.0,0.0,12156.0,1,1.0,2800.867,1.0,2800.195,2794.162,4.0,4.774571428571464,5.0,1.0,1.0,11.0,0.0,1.0,5.0,1.0,2.3333333333333335,A+
1.0,2799.977,0.0,4.0,1.0,2025-01-31 12:00:00,1.0,0.0,12343.0,1,0.0,2807.873,1.0,2805.492,2800.165,3.0,4.786642857142884,4.0,1.0,1.0,12.0,0.0,1.0,4.0,1.0,2.0,A+
1.0,2803.225,0.0,4.0,1.0,2025-01-31 13:00:00,1.0,0.0,18456.0,1,0.0,2808.54,1.0,2806.383,2805.489,3.0,4.856500000000032,4.0,1.0,1.0,13.0,0.0,1.0,4.0,1.0,2.0,A+
1.0,2804.505,0.0,4.0,1.0,2025-01-31 14:00:00,1.0,0.0,18922.0,1,0.0,2812.532,1.0,2812.315,2806.471,3.0,5.055000000000031,4.0,1.0,1.0,14.0,0.0,1.0,4.0,1.0,2.0,A+
1.0,2802.916,0.0,4.0,1.0,2025-01-31 17:00:00,1.0,0.0,31184.0,0,0.0,2816.241,0.0,2808.744,2807.368,3.0,6.448785714285772,4.0,1.0,1.0,17.0,5.0,1.0,4.0,1.0,2.0,A+
1.0,2795.25,0.0,4.0,1.0,2025-01-31 18:00:00,1.0,0.0,33061.0,1,1.0,2808.969,0.0,2798.89,2808.709,4.0,7.286928571428624,5.0,1.0,1.0,18.0,8.0,1.0,5.0,1.0,2.3333333333333335,A+
1.0,2795.44,0.0,4.0,1.0,2025-01-31 19:00:00,1.0,0.0,16772.0,0,0.0,2802.906,0.0,2796.26,2798.854,3.0,7.634714285714316,4.0,1.0,1.0,19.0,6.0,1.0,4.0,1.0,2.0,A+
1.0,2812.768,0.0,0.0,1.0,2025-02-03 16:00:00,1.0,0.0,24423.0,1,0.0,2825.325,0.0,2814.199,2817.423,3.0,9.140714285714305,4.0,1.0,1.0,16.0,6.0,1.0,4.0,1.0,2.0,A+
1.0,2818.036,0.0,1.0,1.0,2025-02-04 04:00:00,1.0,0.0,15345.0,0,0.0,2821.48,0.0,2819.184,2821.321,3.0,8.069857142857115,4.0,1.0,1.0,4.0,8.0,1.0,4.0,1.0,2.0,A+
1.0,2832.438,0.0,1.0,1.0,2025-02-04 16:00:00,1.0,0.0,18261.0,1,0.0,2842.454,0.0,2840.402,2835.855,3.0,8.258357142857124,4.0,0.0,1.0,16.0,1.0,1.0,4.0,1.0,2.0,A+
1.0,2864.744,0.0,2.0,1.0,2025-02-05 11:00:00,1.0,0.0,11223.0,1,0.0,2870.517,0.0,2868.658,2867.86,3.0,6.7710714285714015,4.0,0.0,1.0,11.0,5.0,1.0,4.0,1.0,2.0,A+
1.0,2862.652,0.0,2.0,1.0,2025-02-05 19:00:00,1.0,0.0,13871.0,1,0.0,2869.023,0.0,2863.512,2865.7,3.0,8.823642857142788,4.0,1.0,1.0,19.0,6.0,1.0,4.0,1.0,2.0,A+
1.0,2863.675,0.0,3.0,1.0,2025-02-06 01:00:00,1.0,0.0,15594.0,1,0.0,2871.91,0.0,2871.559,2869.854,3.0,8.098499999999992,4.0,0.0,1.0,1.0,3.0,1.0,4.0,1.0,2.0,A+
1.0,2858.068,0.0,3.0,1.0,2025-02-06 06:00:00,1.0,0.0,12905.0,1,0.0,2871.403,1.0,2859.198,2868.322,3.0,7.249071428571402,4.0,1.0,1.0,6.0,0.0,1.0,4.0,1.0,2.0,A+
1.0,2860.242,0.0,4.0,1.0,2025-02-07 07:00:00,0.0,1.0,8349.0,1,0.0,2865.694,0.0,2864.214,2860.664,3.0,4.584928571428561,4.0,1.0,1.0,7.0,1.0,1.0,4.0,1.0,2.0,A+
1.0,2865.513,0.0,4.0,1.0,2025-02-07 09:00:00,1.0,0.0,12360.0,0,0.0,2870.669,1.0,2868.975,2866.263,3.0,4.597928571428546,4.0,1.0,1.0,9.0,0.0,1.0,4.0,1.0,2.0,A+
1.0,2863.332,0.0,4.0,1.0,2025-02-07 10:00:00,1.0,0.0,10642.0,0,0.0,2869.287,1.0,2867.538,2868.995,3.0,4.74799999999995,4.0,1.0,1.0,10.0,0.0,1.0,4.0,1.0,2.0,A+
1.0,2863.541,0.0,4.0,1.0,2025-02-07 12:00:00,1.0,0.0,10900.0,1,0.0,2868.102,0.0,2863.592,2867.673,3.0,4.879785714285617,4.0,1.0,1.0,12.0,2.0,1.0,4.0,1.0,2.0,A+
1.0,2860.307,0.0,4.0,1.0,2025-02-07 16:00:00,1.0,0.0,26435.0,1,0.0,2881.532,0.0,2860.715,2880.353,3.0,8.821999999999987,4.0,1.0,1.0,16.0,2.0,1.0,4.0,1.0,2.0,A+
1.0,2853.334,0.0,4.0,1.0,2025-02-07 17:00:00,1.0,0.0,22001.0,1,0.0,2862.704,0.0,2860.073,2860.765,3.0,9.159285714285716,4.0,1.0,1.0,17.0,5.0,1.0,4.0,1.0,2.0,A+
1.0,2892.213,0.0,0.0,1.0,2025-02-10 08:00:00,1.0,0.0,14766.0,1,0.0,2898.897,1.0,2896.676,2895.483,3.0,6.368999999999947,4.0,1.0,1.0,8.0,0.0,1.0,4.0,1.0,2.0,A+
2.0,2898.281,0.0,0.0,0.0,2025-02-10 11:00:00,0.0,0.0,9215.0,1,0.0,2905.78,1.0,2904.547,2902.416,0.0,6.971499999999943,2.0,1.0,2.0,11.0,3.0,1.0,2.0,1.0,2.0,A+
1.0,2899.606,0.0,0.0,1.0,2025-02-10 13:00:00,1.0,0.0,26117.0,1,1.0,2911.062,0.0,2901.003,2903.052,3.0,7.136428571428529,4.0,1.0,1.0,13.0,6.0,1.0,4.0,1.0,2.0,A+
1.0,2919.656,0.0,1.0,1.0,2025-02-11 01:00:00,1.0,1.0,16872.0,0,0.0,2936.25,1.0,2933.94,2922.548,3.0,8.585357142857154,4.0,0.0,1.0,1.0,0.0,1.0,4.0,1.0,2.0,A+
1.0,2911.592,0.0,1.0,1.0,2025-02-11 03:00:00,1.0,1.0,21495.0,1,0.0,2925.735,0.0,2919.716,2919.007,3.0,11.408857142857087,4.0,1.0,1.0,3.0,5.0,1.0,4.0,1.0,2.0,A+
1.0,2881.733,0.0,1.0,1.0,2025-02-11 13:00:00,1.0,0.0,35317.0,1,0.0,2898.238,0.0,2896.363,2889.45,3.0,12.72314285714281,4.0,1.0,1.0,13.0,0.0,1.0,4.0,1.0,2.0,A+
1.0,2883.76,0.0,2.0,1.0,2025-02-12 01:00:00,1.0,0.0,16890.0,1,0.0,2897.731,0.0,2893.319,2892.23,3.0,8.956214285714266,4.0,1.0,1.0,1.0,5.0,1.0,4.0,1.0,2.0,A+
1.0,2901.454,0.0,3.0,1.0,2025-02-13 01:00:00,0.0,1.0,10379.0,1,0.0,2907.39,1.0,2906.027,2906.363,3.0,8.455214285714224,4.0,1.0,1.0,1.0,0.0,1.0,4.0,1.0,2.0,A+
1.0,2907.271,0.0,3.0,1.0,2025-02-13 03:00:00,0.0,1.0,10062.0,1,0.0,2918.169,1.0,2916.446,2908.808,3.0,8.539357142857073,4.0,1.0,1.0,3.0,0.0,1.0,4.0,1.0,2.0,A+
1.0,2909.744,0.0,3.0,1.0,2025-02-13 09:00:00,0.0,1.0,9539.0,1,0.0,2918.296,0.0,2915.401,2911.682,3.0,6.439928571428449,4.0,1.0,1.0,9.0,7.0,1.0,4.0,1.0,2.0,A+
1.0,2905.793,0.0,3.0,1.0,2025-02-13 13:00:00,1.0,1.0,22945.0,1,0.0,2917.999,0.0,2908.624,2917.718,4.0,6.582857142857002,5.0,1.0,1.0,13.0,0.0,1.0,5.0,1.0,2.3333333333333335,A+
1.0,2914.476,0.0,3.0,1.0,2025-02-13 15:00:00,1.0,0.0,14213.0,0,0.0,2920.959,1.0,2920.227,2915.129,3.0,7.075428571428412,4.0,1.0,1.0,15.0,0.0,1.0,4.0,1.0,2.0,A+
1.0,2914.248,0.0,3.0,1.0,2025-02-13 18:00:00,1.0,0.0,11127.0,1,0.0,2925.362,1.0,2924.1,2918.957,3.0,7.583214285714154,4.0,1.0,1.0,18.0,0.0,1.0,4.0,1.0,2.0,A+
1.0,2929.844,0.0,4.0,1.0,2025-02-14 06:00:00,1.0,0.0,10258.0,1,0.0,2936.842,1.0,2934.315,2930.982,3.0,5.677214285714269,4.0,1.0,1.0,6.0,0.0,1.0,4.0,1.0,2.0,A+
1.0,2927.696,0.0,4.0,1.0,2025-02-14 12:00:00,1.0,0.0,10639.0,0,0.0,2933.052,0.0,2930.818,2931.136,3.0,5.864,4.0,1.0,1.0,12.0,5.0,1.0,4.0,1.0,2.0,A+
1.0,2914.082,0.0,4.0,1.0,2025-02-14 14:00:00,1.0,0.0,31380.0,0,0.0,2928.531,0.0,2921.059,2920.536,3.0,7.359928571428619,4.0,1.0,1.0,14.0,5.0,1.0,4.0,1.0,2.0,A+
1.0,2892.899,0.0,4.0,1.0,2025-02-14 15:00:00,1.0,0.0,36063.0,0,1.0,2921.816,0.0,2901.939,2921.02,4.0,8.994571428571492,5.0,1.0,1.0,15.0,8.0,1.0,5.0,1.0,2.3333333333333335,A+
1.0,2908.465,0.0,1.0,1.0,2025-02-18 07:00:00,0.0,1.0,6162.0,1,0.0,2915.349,1.0,2911.501,2913.722,3.0,4.806714285714179,4.0,1.0,1.0,7.0,0.0,1.0,4.0,1.0,2.0,A+
1.0,2912.054,0.0,1.0,1.0,2025-02-18 12:00:00,1.0,0.0,8284.0,1,0.0,2918.882,1.0,2918.112,2914.21,3.0,5.576142857142778,4.0,1.0,1.0,12.0,0.0,1.0,4.0,1.0,2.0,A+
1.0,2917.76,0.0,1.0,1.0,2025-02-18 14:00:00,1.0,0.0,13059.0,1,0.0,2928.735,1.0,2927.9,2918.874,3.0,6.62307142857136,4.0,1.0,1.0,14.0,0.0,1.0,4.0,1.0,2.0,A+
1.0,2923.599,0.0,1.0,1.0,2025-02-18 15:00:00,1.0,0.0,13656.0,1,0.0,2929.609,1.0,2927.02,2927.95,3.0,6.48528571428564,4.0,1.0,1.0,15.0,0.0,1.0,4.0,1.0,2.0,A+
1.0,2929.64,0.0,1.0,1.0,2025-02-18 17:00:00,1.0,0.0,7877.0,1,0.0,2933.684,1.0,2931.193,2932.803,3.0,6.175714285714256,4.0,1.0,1.0,17.0,0.0,1.0,4.0,1.0,2.0,A+
1.0,2924.907,0.0,2.0,1.0,2025-02-19 03:00:00,0.0,1.0,7399.0,0,0.0,2930.482,0.0,2928.825,2929.254,3.0,7.008357142857092,4.0,1.0,1.0,3.0,5.0,1.0,4.0,1.0,2.0,A+
1.0,2930.441,0.0,2.0,1.0,2025-02-19 07:00:00,1.0,1.0,7932.0,1,0.0,2935.887,0.0,2934.25,2931.683,4.0,5.9649285714285725,5.0,1.0,1.0,7.0,1.0,1.0,5.0,1.0,2.3333333333333335,A+
1.0,2933.718,0.0,2.0,1.0,2025-02-19 08:00:00,1.0,1.0,9544.0,1,0.0,2940.04,1.0,2938.602,2934.21,4.0,6.127642857142844,5.0,1.0,1.0,8.0,0.0,1.0,5.0,1.0,2.3333333333333335,A+
1.0,2938.121,0.0,2.0,1.0,2025-02-19 09:00:00,1.0,1.0,9029.0,0,0.0,2946.666,1.0,2945.517,2938.554,4.0,6.35150000000002,5.0,1.0,1.0,9.0,0.0,1.0,5.0,1.0,2.3333333333333335,A+
1.0,2932.459,0.0,2.0,1.0,2025-02-19 13:00:00,1.0,1.0,13989.0,1,0.0,2941.657,0.0,2936.258,2933.502,4.0,7.486857142857161,5.0,1.0,1.0,13.0,1.0,1.0,5.0,1.0,2.3333333333333335,A+
1.0,2925.498,0.0,2.0,1.0,2025-02-19 15:00:00,1.0,1.0,13992.0,1,0.0,2939.168,1.0,2925.721,2938.07,4.0,7.95921428571426,5.0,1.0,1.0,15.0,0.0,1.0,5.0,1.0,2.3333333333333335,A+
1.0,2949.058,0.0,3.0,1.0,2025-02-20 10:00:00,1.0,0.0,8635.0,0,0.0,2954.857,1.0,2952.316,2951.477,3.0,5.65050000000003,4.0,1.0,1.0,10.0,0.0,1.0,4.0,1.0,2.0,A+
1.0,2947.163,0.0,3.0,1.0,2025-02-20 11:00:00,0.0,0.0,6380.0,0,1.0,2952.903,0.0,2948.768,2952.361,3.0,5.678357142857164,4.0,1.0,1.0,11.0,2.0,1.0,4.0,1.0,2.0,A+
1.0,2939.971,0.0,3.0,1.0,2025-02-20 17:00:00,1.0,0.0,9322.0,1,0.0,2946.996,0.0,2940.565,2943.008,3.0,8.046214285714216,4.0,1.0,1.0,17.0,6.0,1.0,4.0,1.0,2.0,A+
1.0,2926.847,0.0,4.0,1.0,2025-02-21 01:00:00,1.0,1.0,15161.0,1,0.0,2949.759,0.0,2928.821,2940.008,4.0,8.937357142857113,5.0,1.0,1.0,1.0,0.0,1.0,5.0,1.0,2.3333333333333335,A+
1.0,2925.618,0.0,4.0,1.0,2025-02-21 06:00:00,0.0,1.0,8982.0,1,0.0,2931.498,0.0,2929.735,2930.212,3.0,8.46664285714285,4.0,1.0,1.0,6.0,5.0,1.0,4.0,1.0,2.0,A+
1.0,2930.694,0.0,0.0,1.0,2025-02-24 15:00:00,1.0,0.0,18097.0,1,0.0,2940.476,0.0,2936.524,2938.659,3.0,9.153357142857171,4.0,1.0,1.0,15.0,0.0,1.0,4.0,1.0,2.0,A+
1.0,2936.466,0.0,0.0,1.0,2025-02-24 16:00:00,1.0,0.0,10941.0,1,0.0,2943.666,0.0,2943.415,2936.5,3.0,8.527000000000044,4.0,1.0,1.0,16.0,1.0,1.0,4.0,1.0,2.0,A+
1.0,2948.269,0.0,1.0,0.0,2025-02-25 00:00:00,0.0,1.0,3978.0,1,1.0,2952.552,0.0,2949.689,2949.957,3.0,7.314642857142969,4.0,1.0,1.0,0.0,5.0,1.0,4.0,1.0,2.0,A+
1.0,2945.239,0.0,1.0,1.0,2025-02-25 01:00:00,1.0,1.0,9595.0,0,1.0,2952.496,0.0,2949.563,2949.723,5.0,7.129785714285812,6.0,1.0,1.0,1.0,5.0,1.0,6.0,1.0,2.6666666666666665,A+
1.0,2936.566,0.0,1.0,1.0,2025-02-25 05:00:00,0.0,1.0,6386.0,0,0.0,2940.964,0.0,2937.976,2936.841,3.0,5.728285714285773,4.0,1.0,1.0,5.0,4.0,1.0,4.0,1.0,2.0,A+
1.0,2933.489,0.0,1.0,1.0,2025-02-25 06:00:00,0.0,1.0,6216.0,1,0.0,2938.475,0.0,2935.866,2937.913,3.0,5.385714285714324,4.0,1.0,1.0,6.0,8.0,1.0,4.0,1.0,2.0,A+
1.0,2930.471,0.0,1.0,1.0,2025-02-25 07:00:00,1.0,1.0,9601.0,1,0.0,2940.449,1.0,2931.736,2935.926,4.0,5.584142857142881,5.0,1.0,1.0,7.0,0.0,1.0,5.0,1.0,2.3333333333333335,A+
1.0,2924.018,0.0,1.0,1.0,2025-02-25 12:00:00,1.0,0.0,15187.0,0,0.0,2941.321,0.0,2928.574,2938.68,3.0,7.257285714285672,4.0,1.0,1.0,12.0,2.0,1.0,4.0,1.0,2.0,A+
1.0,2881.944,0.0,1.0,1.0,2025-03-04 01:00:00,1.0,1.0,10959.0,1,0.0,2893.061,0.0,2888.346,2891.841,4.0,7.86814285714289,5.0,1.0,1.0,1.0,8.0,0.0,5.0,0.0,2.3333333333333335,A+
1.0,2888.468,0.0,1.0,1.0,2025-03-04 05:00:00,0.0,1.0,7474.0,1,0.0,2894.468,0.0,2889.713,2891.245,3.0,7.700785714285693,4.0,1.0,1.0,5.0,6.0,0.0,4.0,0.0,2.0,A+
2.0,2913.069,0.0,1.0,0.0,2025-03-04 11:00:00,0.0,0.0,7254.0,1,0.0,2921.773,1.0,2919.932,2914.667,0.0,8.103357142857151,2.0,0.0,2.0,11.0,7.0,1.0,2.0,1.0,2.0,A+
1.0,2900.354,0.0,1.0,1.0,2025-03-04 15:00:00,1.0,0.0,23477.0,1,0.0,2912.365,0.0,2906.102,2903.567,3.0,9.8031428571429,4.0,1.0,1.0,15.0,0.0,1.0,4.0,1.0,2.0,A+
1.0,2903.322,0.0,2.0,1.0,2025-03-05 03:00:00,0.0,1.0,10251.0,1,0.0,2913.503,0.0,2908.743,2904.241,3.0,8.87971428571437,4.0,1.0,1.0,3.0,1.0,1.0,4.0,1.0,2.0,A+
1.0,2913.659,0.0,2.0,1.0,2025-03-05 17:00:00,1.0,0.0,13534.0,1,0.0,2925.359,0.0,2915.897,2923.877,3.0,10.628928571428528,4.0,1.0,1.0,17.0,2.0,1.0,4.0,1.0,2.0,A+
1.0,2919.782,0.0,3.0,1.0,2025-03-06 06:00:00,0.0,1.0,6780.0,1,0.0,2923.073,0.0,2920.587,2919.782,3.0,6.374714285714195,4.0,1.0,1.0,6.0,4.0,1.0,4.0,1.0,2.0,A+
1.0,2909.757,0.0,3.0,1.0,2025-03-06 07:00:00,1.0,1.0,12610.0,1,0.0,2922.558,0.0,2910.147,2920.625,4.0,6.224428571428494,5.0,1.0,1.0,7.0,2.0,1.0,5.0,1.0,2.3333333333333335,A+
1.0,2901.86,0.0,4.0,1.0,2025-03-07 18:00:00,1.0,0.0,14090.0,1,0.0,2908.782,0.0,2906.545,2908.13,3.0,9.576785714285734,4.0,1.0,1.0,18.0,0.0,1.0,4.0,1.0,2.0,A+
1.0,2909.474,0.0,0.0,1.0,2025-03-10 02:00:00,0.0,1.0,8053.0,1,0.0,2914.551,0.0,2911.484,2912.12,3.0,9.514928571428529,4.0,1.0,1.0,2.0,5.0,1.0,4.0,1.0,2.0,A+
1.0,2908.128,0.0,0.0,1.0,2025-03-10 03:00:00,0.0,1.0,9058.0,1,0.0,2913.643,0.0,2910.943,2911.444,3.0,8.747428571428502,4.0,1.0,1.0,3.0,5.0,1.0,4.0,1.0,2.0,A+
1.0,2906.962,0.0,0.0,1.0,2025-03-10 05:00:00,0.0,1.0,6364.0,1,0.0,2911.952,0.0,2909.848,2911.025,3.0,5.903142857142809,4.0,1.0,1.0,5.0,2.0,1.0,4.0,1.0,2.0,A+
1.0,2909.279,0.0,0.0,1.0,2025-03-10 06:00:00,0.0,1.0,7179.0,1,0.0,2914.599,0.0,2914.351,2909.796,3.0,5.721285714285679,4.0,1.0,1.0,6.0,1.0,1.0,4.0,1.0,2.0,A+
1.0,2904.333,0.0,0.0,1.0,2025-03-10 07:00:00,0.0,1.0,9246.0,1,0.0,2915.429,0.0,2908.444,2914.41,3.0,5.717142857142822,4.0,1.0,1.0,7.0,2.0,1.0,4.0,1.0,2.0,A+
1.0,2897.509,0.0,0.0,1.0,2025-03-10 08:00:00,1.0,1.0,12576.0,1,0.0,2910.641,1.0,2897.822,2908.371,4.0,6.160714285714254,5.0,1.0,1.0,8.0,0.0,1.0,5.0,1.0,2.3333333333333335,A+
1.0,2914.862,0.0,2.0,1.0,2025-03-12 03:00:00,0.0,1.0,5534.0,1,0.0,2920.02,0.0,2914.941,2916.255,3.0,5.675571428571435,4.0,1.0,1.0,3.0,6.0,1.0,4.0,1.0,2.0,A+
1.0,2912.597,0.0,2.0,1.0,2025-03-12 04:00:00,0.0,1.0,4824.0,1,0.0,2916.072,0.0,2914.952,2914.977,3.0,4.825857142857136,4.0,1.0,1.0,4.0,5.0,1.0,4.0,1.0,2.0,A+
1.0,2912.074,0.0,2.0,1.0,2025-03-12 05:00:00,0.0,1.0,6865.0,1,0.0,2916.507,0.0,2916.045,2914.914,3.0,4.486928571428572,4.0,1.0,1.0,5.0,1.0,1.0,4.0,1.0,2.0,A+
1.0,2911.334,0.0,2.0,1.0,2025-03-12 06:00:00,1.0,1.0,7908.0,1,0.0,2921.121,0.0,2911.951,2916.096,4.0,4.760357142857141,5.0,1.0,1.0,6.0,2.0,1.0,5.0,1.0,2.3333333333333335,A+
1.0,2912.758,0.0,2.0,1.0,2025-03-12 10:00:00,1.0,0.0,7302.0,1,0.0,2916.991,0.0,2914.377,2914.738,3.0,5.701642857142913,4.0,1.0,1.0,10.0,5.0,1.0,4.0,1.0,2.0,A+
1.0,2943.529,0.0,3.0,1.0,2025-03-13 04:00:00,0.0,1.0,4553.0,0,0.0,2946.17,1.0,2944.637,2945.601,3.0,5.474500000000035,4.0,1.0,1.0,4.0,0.0,1.0,4.0,1.0,2.0,A+
1.0,2932.895,0.0,3.0,1.0,2025-03-13 07:00:00,0.0,1.0,6602.0,1,0.0,2938.036,0.0,2935.294,2936.88,3.0,4.712785714285701,4.0,1.0,1.0,7.0,0.0,1.0,4.0,1.0,2.0,A+
1.0,2934.764,0.0,3.0,1.0,2025-03-13 08:00:00,0.0,1.0,8059.0,1,0.0,2944.915,0.0,2941.572,2935.252,3.0,5.09985714285712,4.0,1.0,1.0,8.0,1.0,1.0,4.0,1.0,2.0,A+
1.0,2940.889,0.0,3.0,1.0,2025-03-13 12:00:00,1.0,0.0,13758.0,1,0.0,2949.149,0.0,2942.42,2946.36,3.0,5.77321428571424,4.0,1.0,1.0,12.0,2.0,1.0,4.0,1.0,2.0,A+
1.0,2949.822,0.0,3.0,1.0,2025-03-13 14:00:00,1.0,0.0,18610.0,1,0.0,2971.165,1.0,2969.861,2950.318,3.0,7.806571428571358,4.0,0.0,1.0,14.0,0.0,1.0,4.0,1.0,2.0,A+
2.0,2979.06,0.0,3.0,0.0,2025-03-13 18:00:00,0.0,0.0,8073.0,1,0.0,2984.392,1.0,2983.261,2979.48,0.0,8.651785714285618,2.0,0.0,2.0,18.0,1.0,1.0,2.0,1.0,2.0,A+
2.0,2980.602,0.0,3.0,0.0,2025-03-13 19:00:00,0.0,0.0,8715.0,1,0.0,2985.474,1.0,2982.946,2983.3,0.0,8.500428571428497,2.0,0.0,2.0,19.0,5.0,1.0,2.0,1.0,2.0,A+
1.0,2983.133,0.0,4.0,1.0,2025-03-14 13:00:00,1.0,0.0,20008.0,1,0.0,2996.076,0.0,2986.038,2993.845,3.0,7.981071428571438,4.0,1.0,1.0,13.0,2.0,1.0,4.0,1.0,2.0,A+
1.0,2981.94,0.0,4.0,1.0,2025-03-14 14:00:00,1.0,0.0,21681.0,1,0.0,2993.381,0.0,2985.404,2985.874,3.0,8.517785714285699,4.0,1.0,1.0,14.0,5.0,1.0,4.0,1.0,2.0,A+
1.0,2987.118,0.0,0.0,1.0,2025-03-17 14:00:00,1.0,0.0,12540.0,0,1.0,3000.512,1.0,2998.673,2988.369,4.0,6.436857142857174,5.0,0.0,1.0,14.0,0.0,1.0,5.0,1.0,2.3333333333333335,A+
1.0,2992.882,0.0,0.0,1.0,2025-03-17 15:00:00,1.0,0.0,9183.0,1,0.0,2999.335,1.0,2997.115,2998.63,3.0,6.580928571428623,4.0,1.0,1.0,15.0,0.0,1.0,4.0,1.0,2.0,A+
1.0,2999.583,0.0,0.0,0.0,2025-03-17 23:00:00,0.0,1.0,2454.0,1,1.0,3002.8,1.0,2999.831,3000.17,3.0,5.771071428571498,4.0,1.0,1.0,23.0,0.0,1.0,4.0,1.0,2.0,A+
1.0,2999.49,0.0,1.0,1.0,2025-03-18 01:00:00,1.0,1.0,9614.0,1,0.0,3008.477,1.0,3005.751,3001.568,4.0,5.684500000000071,5.0,1.0,1.0,1.0,0.0,1.0,5.0,1.0,2.3333333333333335,A+
1.0,3002.843,0.0,1.0,1.0,2025-03-18 02:00:00,1.0,1.0,7145.0,1,0.0,3012.233,1.0,3010.902,3005.713,4.0,6.019714285714372,5.0,1.0,1.0,2.0,0.0,1.0,5.0,1.0,2.3333333333333335,A+
2.0,3035.142,0.0,1.0,0.0,2025-03-18 19:00:00,0.0,0.0,5272.0,0,0.0,3037.935,1.0,3035.615,3035.741,0.0,7.375928571428501,2.0,1.0,2.0,19.0,0.0,1.0,2.0,1.0,2.0,A+
2.0,3032.602,0.0,1.0,0.0,2025-03-18 22:00:00,0.0,0.0,2236.0,0,0.0,3034.721,1.0,3034.536,3034.025,0.0,6.88578571428567,2.0,1.0,2.0,22.0,3.0,1.0,2.0,1.0,2.0,A+
1.0,3028.98,0.0,2.0,1.0,2025-03-19 02:00:00,0.0,1.0,6024.0,1,0.0,3033.829,0.0,3033.337,3029.362,3.0,5.640785714285714,4.0,1.0,1.0,2.0,1.0,1.0,4.0,1.0,2.0,A+
1.0,3032.295,0.0,2.0,1.0,2025-03-19 03:00:00,0.0,1.0,5426.0,1,0.0,3039.029,1.0,3036.325,3033.372,3.0,5.474357142857149,4.0,1.0,1.0,3.0,0.0,1.0,4.0,1.0,2.0,A+
1.0,3034.506,0.0,2.0,1.0,2025-03-19 06:00:00,1.0,1.0,10729.0,0,0.0,3044.734,1.0,3042.17,3044.503,4.0,5.081357142857184,5.0,1.0,1.0,6.0,0.0,1.0,5.0,1.0,2.3333333333333335,A+
1.0,3024.695,0.0,2.0,1.0,2025-03-19 08:00:00,1.0,1.0,9264.0,1,0.0,3037.049,1.0,3025.156,3035.949,4.0,5.555928571428597,5.0,1.0,1.0,8.0,0.0,1.0,5.0,1.0,2.3333333333333335,A+
1.0,3044.873,0.0,3.0,1.0,2025-03-20 05:00:00,1.0,1.0,9015.0,1,0.0,3053.604,0.0,3046.794,3052.523,4.0,7.167357142857197,5.0,1.0,1.0,5.0,2.0,1.0,5.0,1.0,2.3333333333333335,A+
1.0,3025.619,0.0,3.0,1.0,2025-03-20 10:00:00,1.0,0.0,14357.0,1,0.0,3041.484,0.0,3034.167,3041.484,3.0,6.614499999999907,4.0,1.0,1.0,10.0,0.0,1.0,4.0,1.0,2.0,A+
1.0,3029.883,0.0,3.0,1.0,2025-03-20 13:00:00,1.0,0.0,16443.0,1,0.0,3041.069,0.0,3032.871,3040.927,3.0,7.749714285714162,4.0,1.0,1.0,13.0,2.0,1.0,4.0,1.0,2.0,A+
1.0,3027.857,0.0,4.0,1.0,2025-03-21 04:00:00,0.0,1.0,5115.0,1,0.0,3032.028,1.0,3029.863,3030.539,3.0,5.045214285714272,4.0,1.0,1.0,4.0,0.0,1.0,4.0,1.0,2.0,A+
1.0,3022.388,0.0,0.0,1.0,2025-03-24 12:00:00,1.0,0.0,8601.0,0,0.0,3028.651,0.0,3024.227,3024.602,3.0,6.731928571428625,4.0,1.0,1.0,12.0,5.0,1.0,4.0,1.0,2.0,A+
1.0,3007.975,0.0,0.0,1.0,2025-03-24 14:00:00,1.0,0.0,16541.0,1,0.0,3024.069,1.0,3012.134,3022.464,3.0,7.717357142857184,4.0,1.0,1.0,14.0,0.0,1.0,4.0,1.0,2.0,A+
1.0,3005.746,0.0,0.0,1.0,2025-03-24 15:00:00,1.0,0.0,13060.0,0,0.0,3015.332,0.0,3014.036,3012.092,3.0,7.877928571428583,4.0,1.0,1.0,15.0,3.0,1.0,4.0,1.0,2.0,A+
1.0,3022.848,0.0,2.0,1.0,2025-03-26 02:00:00,1.0,1.0,7269.0,1,0.0,3027.109,0.0,3024.249,3024.79,3.0,5.671785714285696,4.0,1.0,1.0,2.0,5.0,1.0,4.0,1.0,2.0,A+
1.0,3025.289,0.0,2.0,1.0,2025-03-26 12:00:00,1.0,1.0,8013.0,0,0.0,3029.958,0.0,3027.139,3027.54,4.0,6.161714285714262,5.0,1.0,1.0,12.0,5.0,1.0,5.0,1.0,2.3333333333333335,A+
1.0,3015.873,0.0,2.0,1.0,2025-03-26 13:00:00,1.0,1.0,12375.0,1,0.0,3027.485,1.0,3016.718,3027.163,4.0,6.897785714285679,5.0,1.0,1.0,13.0,0.0,1.0,5.0,1.0,2.3333333333333335,A+
1.0,3054.998,0.0,4.0,1.0,2025-03-28 00:00:00,0.0,1.0,7129.0,1,0.0,3063.491,1.0,3061.977,3055.726,3.0,8.099714285714267,4.0,1.0,1.0,0.0,0.0,1.0,4.0,1.0,2.0,A+
1.0,3061.78,0.0,4.0,1.0,2025-03-28 01:00:00,1.0,1.0,10780.0,1,0.0,3074.058,1.0,3073.88,3061.935,4.0,7.827428571428527,5.0,1.0,1.0,1.0,0.0,1.0,5.0,1.0,2.3333333333333335,A+
1.0,3070.015,0.0,4.0,1.0,2025-03-28 02:00:00,0.0,1.0,9660.0,1,0.0,3077.57,0.0,3071.917,3073.905,3.0,7.880928571428577,4.0,1.0,1.0,2.0,6.0,1.0,4.0,1.0,2.0,A+
1.0,3072.495,0.0,4.0,1.0,2025-03-28 12:00:00,1.0,0.0,11717.0,1,0.0,3081.869,0.0,3077.456,3076.344,3.0,7.899285714285822,4.0,1.0,1.0,12.0,5.0,1.0,4.0,1.0,2.0,A+
1.0,3070.73,0.0,4.0,1.0,2025-03-28 13:00:00,1.0,0.0,22232.0,0,0.0,3084.095,1.0,3083.518,3077.339,3.0,8.711571428571526,4.0,1.0,1.0,13.0,0.0,1.0,4.0,1.0,2.0,A+
1.0,3093.848,0.0,0.0,1.0,2025-03-31 02:00:00,1.0,1.0,19098.0,1,0.0,3107.283,1.0,3106.648,3094.747,4.0,10.785214285714314,5.0,0.0,1.0,2.0,0.0,1.0,5.0,1.0,2.3333333333333335,A+
1.0,3118.605,0.0,0.0,1.0,2025-03-31 07:00:00,1.0,0.0,13789.0,0,0.0,3125.44,1.0,3124.523,3119.238,3.0,9.67364285714286,4.0,0.0,1.0,7.0,0.0,1.0,4.0,1.0,2.0,A+
1.0,3118.095,0.0,0.0,1.0,2025-03-31 12:00:00,1.0,0.0,13995.0,0,0.0,3126.766,1.0,3124.488,3119.471,3.0,10.193642857142844,4.0,0.0,1.0,12.0,0.0,1.0,4.0,1.0,2.0,A+
1.0,3099.753,0.0,0.0,1.0,2025-03-31 13:00:00,1.0,0.0,32985.0,1,0.0,3124.765,0.0,3113.513,3124.445,3.0,11.75742857142856,4.0,1.0,1.0,13.0,0.0,1.0,4.0,1.0,2.0,A+
1.0,3112.824,0.0,0.0,1.0,2025-03-31 15:00:00,1.0,0.0,16030.0,1,0.0,3127.236,0.0,3113.807,3123.168,3.0,11.49149999999999,4.0,1.0,1.0,15.0,0.0,1.0,4.0,1.0,2.0,A+
1.0,3126.515,0.0,1.0,1.0,2025-04-01 01:00:00,1.0,1.0,18306.0,1,0.0,3138.257,1.0,3135.442,3127.234,4.0,8.753071428571436,5.0,1.0,1.0,1.0,0.0,1.0,5.0,1.0,2.3333333333333335,A+
1.0,3132.952,0.0,1.0,1.0,2025-04-01 02:00:00,1.0,1.0,15076.0,1,0.0,3145.704,1.0,3145.131,3135.386,4.0,9.209571428571442,5.0,0.0,1.0,2.0,0.0,1.0,5.0,1.0,2.3333333333333335,A+
1.0,3142.553,0.0,1.0,1.0,2025-04-01 03:00:00,0.0,1.0,9646.0,0,0.0,3147.4,1.0,3146.028,3145.089,3.0,8.93642857142858,4.0,0.0,1.0,3.0,0.0,1.0,4.0,1.0,2.0,A+
1.0,3124.073,0.0,1.0,1.0,2025-04-01 07:00:00,1.0,1.0,13287.0,1,0.0,3137.727,0.0,3127.638,3133.664,4.0,8.05878571428577,5.0,1.0,1.0,7.0,0.0,1.0,5.0,1.0,2.3333333333333335,A+
1.0,3127.689,0.0,1.0,1.0,2025-04-01 12:00:00,1.0,0.0,11471.0,1,0.0,3134.596,0.0,3133.235,3130.354,3.0,9.14342857142859,4.0,1.0,1.0,12.0,7.0,1.0,4.0,1.0,2.0,A+
1.0,3128.163,0.0,1.0,1.0,2025-04-01 13:00:00,1.0,0.0,18596.0,1,0.0,3137.058,0.0,3133.774,3133.262,3.0,9.321928571428575,4.0,1.0,1.0,13.0,5.0,1.0,4.0,1.0,2.0,A+
1.0,3123.703,0.0,1.0,1.0,2025-04-01 14:00:00,1.0,0.0,23548.0,1,0.0,3135.429,0.0,3128.694,3133.855,3.0,9.60578571428573,4.0,1.0,1.0,14.0,2.0,1.0,4.0,1.0,2.0,A+
1.0,3113.376,0.0,1.0,1.0,2025-04-01 15:00:00,1.0,0.0,19764.0,1,0.0,3133.031,1.0,3113.725,3128.737,3.0,10.170999999999983,4.0,1.0,1.0,15.0,0.0,1.0,4.0,1.0,2.0,A+
1.0,3147.902,0.0,3.0,1.0,2025-04-03 01:00:00,1.0,0.0,35789.0,1,0.0,3163.014,0.0,3153.397,3151.345,3.0,14.937357142857111,4.0,1.0,1.0,1.0,5.0,1.0,4.0,1.0,2.0,A+
1.0,3116.312,0.0,3.0,1.0,2025-04-10 12:00:00,1.0,0.0,22828.0,1,0.0,3133.965,0.0,3123.114,3124.677,3.0,15.112071428571394,4.0,0.0,1.0,12.0,5.0,1.0,4.0,1.0,2.0,A+
1.0,3116.011,0.0,3.0,1.0,2025-04-10 13:00:00,1.0,0.0,26616.0,1,0.0,3136.632,0.0,3116.997,3123.139,3.0,15.909071428571384,4.0,0.0,1.0,13.0,6.0,1.0,4.0,1.0,2.0,A+
2.0,3168.437,0.0,3.0,0.0,2025-04-10 20:00:00,0.0,0.0,5497.0,1,0.0,3176.428,1.0,3175.69,3170.749,0.0,15.851785714285665,2.0,0.0,2.0,20.0,1.0,1.0,2.0,1.0,2.0,A+
2.0,3183.107,0.0,3.0,0.0,2025-04-10 23:00:00,0.0,0.0,8936.0,1,0.0,3191.324,1.0,3188.972,3188.926,0.0,15.48442857142855,2.0,0.0,2.0,23.0,5.0,1.0,2.0,1.0,2.0,A+
1.0,3215.391,0.0,0.0,1.0,2025-04-14 01:00:00,1.0,0.0,22014.0,0,0.0,3243.607,0.0,3239.702,3220.968,3.0,15.570285714285578,4.0,0.0,1.0,1.0,1.0,1.0,4.0,1.0,2.0,A+
1.0,3200.48,0.0,0.0,1.0,2025-04-14 12:00:00,1.0,0.0,20336.0,1,0.0,3227.712,0.0,3206.788,3223.332,3.0,13.74021428571434,4.0,0.0,1.0,12.0,8.0,1.0,4.0,1.0,2.0,A+
1.0,3293.164,0.0,2.0,1.0,2025-04-16 11:00:00,1.0,1.0,16070.0,1,0.0,3313.718,0.0,3306.842,3304.175,3.0,14.157285714285567,4.0,0.0,1.0,11.0,5.0,1.0,4.0,1.0,2.0,A+
1.0,3302.406,0.0,2.0,1.0,2025-04-16 12:00:00,1.0,1.0,14972.0,1,0.0,3313.432,0.0,3307.343,3306.798,3.0,14.05899999999984,4.0,0.0,1.0,12.0,5.0,1.0,4.0,1.0,2.0,A+
1.0,3306.152,0.0,2.0,1.0,2025-04-16 14:00:00,1.0,1.0,21062.0,1,0.0,3319.601,0.0,3308.425,3311.655,3.0,14.284857142857,4.0,0.0,1.0,14.0,6.0,1.0,4.0,1.0,2.0,A+
2.0,3324.413,0.0,2.0,0.0,2025-04-16 17:00:00,0.0,0.0,10981.0,1,0.0,3332.84,1.0,3328.006,3327.277,0.0,14.264642857142755,2.0,0.0,2.0,17.0,5.0,1.0,2.0,1.0,2.0,A+
2.0,3334.437,0.0,2.0,0.0,2025-04-16 20:00:00,0.0,0.0,5816.0,1,0.0,3342.659,1.0,3342.198,3336.72,0.0,13.812928571428529,2.0,0.0,2.0,20.0,7.0,1.0,2.0,1.0,2.0,A+
1.0,3320.801,0.0,3.0,1.0,2025-04-17 01:00:00,1.0,0.0,34732.0,1,0.0,3356.281,0.0,3323.912,3345.417,3.0,14.537857142857124,4.0,1.0,1.0,1.0,0.0,1.0,4.0,1.0,2.0,A+
1.0,3325.204,0.0,3.0,1.0,2025-04-17 06:00:00,1.0,0.0,15040.0,0,0.0,3332.994,0.0,3328.931,3329.456,3.0,12.446071428571486,4.0,0.0,1.0,6.0,5.0,1.0,4.0,1.0,2.0,A+
1.0,3424.256,0.0,1.0,1.0,2025-04-22 12:00:00,1.0,0.0,30926.0,1,0.0,3464.803,0.0,3431.593,3456.706,3.0,22.78621428571429,4.0,1.0,1.0,12.0,2.0,1.0,4.0,1.0,2.0,A+
1.0,3410.324,0.0,1.0,1.0,2025-04-22 15:00:00,1.0,0.0,22783.0,0,0.0,3433.191,0.0,3417.721,3430.043,3.0,23.729999999999983,4.0,1.0,1.0,15.0,2.0,1.0,4.0,1.0,2.0,A+
1.0,3344.552,0.0,4.0,1.0,2025-04-25 02:00:00,0.0,0.0,11827.0,0,1.0,3353.375,0.0,3348.738,3345.769,3.0,14.80528571428574,4.0,1.0,1.0,2.0,4.0,1.0,4.0,1.0,2.0,A+
1.0,3316.342,0.0,4.0,1.0,2025-04-25 04:00:00,1.0,0.0,17333.0,0,0.0,3327.821,0.0,3324.761,3323.681,3.0,15.522571428571414,4.0,0.0,1.0,4.0,5.0,0.0,4.0,0.0,2.0,A+
1.0,3300.378,0.0,1.0,1.0,2025-04-29 12:00:00,1.0,0.0,16101.0,1,0.0,3314.623,0.0,3312.869,3309.32,3.0,11.93185714285713,4.0,1.0,1.0,12.0,3.0,0.0,4.0,0.0,2.0,A+
1.0,3307.787,0.0,2.0,1.0,2025-04-30 01:00:00,1.0,0.0,12946.0,1,0.0,3322.721,0.0,3308.233,3313.097,3.0,12.39028571428571,4.0,1.0,1.0,1.0,6.0,0.0,4.0,0.0,2.0,A+
1.0,3307.623,0.0,2.0,1.0,2025-04-30 05:00:00,0.0,1.0,8373.0,1,0.0,3314.658,0.0,3309.5,3308.069,3.0,10.124571428571404,4.0,1.0,1.0,5.0,4.0,0.0,4.0,0.0,2.0,A+
1.0,3304.935,0.0,2.0,1.0,2025-04-30 06:00:00,0.0,1.0,8551.0,0,0.0,3311.256,0.0,3305.877,3309.532,3.0,9.834357142857112,4.0,1.0,1.0,6.0,2.0,0.0,4.0,0.0,2.0,A+
1.0,3275.076,0.0,2.0,1.0,2025-04-30 09:00:00,1.0,1.0,10731.0,1,0.0,3286.863,1.0,3276.008,3284.514,3.0,10.598999999999998,4.0,1.0,1.0,9.0,0.0,0.0,4.0,0.0,2.0,A+
1.0,3299.055,0.0,2.0,1.0,2025-04-30 15:00:00,1.0,0.0,19384.0,1,0.0,3314.697,0.0,3307.955,3309.889,3.0,14.835571428571418,4.0,1.0,1.0,15.0,5.0,0.0,4.0,0.0,2.0,A+
2.0,3215.873,0.0,3.0,0.0,2025-05-01 09:00:00,0.0,0.0,10064.0,1,0.0,3236.276,1.0,3218.563,3235.169,0.0,15.521857142857144,2.0,0.0,2.0,9.0,2.0,0.0,2.0,0.0,2.0,A+
1.0,3352.407,0.0,1.0,1.0,2025-05-06 03:00:00,1.0,0.0,19637.0,1,0.0,3372.425,0.0,3360.401,3358.487,3.0,15.408571428571513,4.0,0.0,1.0,3.0,5.0,1.0,4.0,1.0,2.0,A+
2.0,3385.266,0.0,1.0,0.0,2025-05-06 15:00:00,0.0,0.0,11798.0,1,0.0,3399.87,1.0,3395.098,3386.175,0.0,14.799428571428509,2.0,0.0,2.0,15.0,1.0,1.0,2.0,1.0,2.0,A+
1.0,3360.747,0.0,2.0,1.0,2025-05-07 00:00:00,1.0,1.0,33498.0,1,0.0,3401.666,0.0,3379.565,3400.723,3.0,18.761785714285647,4.0,1.0,1.0,0.0,2.0,1.0,4.0,1.0,2.0,A+
1.0,3360.068,0.0,2.0,1.0,2025-05-07 01:00:00,1.0,1.0,30515.0,1,0.0,3385.199,0.0,3374.737,3379.684,4.0,20.046142857142804,5.0,1.0,1.0,1.0,0.0,1.0,5.0,1.0,2.3333333333333335,A+
1.0,3375.662,0.0,2.0,1.0,2025-05-07 14:00:00,1.0,0.0,20704.0,1,0.0,3394.709,0.0,3385.874,3394.445,3.0,15.656857142857072,4.0,0.0,1.0,14.0,8.0,1.0,4.0,1.0,2.0,A+
1.0,3376.028,0.0,2.0,1.0,2025-05-07 18:00:00,1.0,0.0,30484.0,1,0.0,3398.001,0.0,3384.565,3385.15,3.0,13.11007142857144,4.0,0.0,1.0,18.0,5.0,1.0,4.0,1.0,2.0,A+
1.0,3354.925,0.0,3.0,1.0,2025-05-08 05:00:00,1.0,0.0,22164.0,0,0.0,3384.272,1.0,3355.404,3382.174,3.0,15.28407142857142,4.0,1.0,1.0,5.0,0.0,1.0,4.0,1.0,2.0,A+
1.0,3248.781,0.0,1.0,1.0,2025-05-13 11:00:00,0.0,0.0,10043.0,1,1.0,3258.576,0.0,3249.167,3252.799,3.0,12.367357142857111,4.0,0.0,1.0,11.0,6.0,0.0,4.0,0.0,2.0,A+
1.0,3237.202,0.0,2.0,1.0,2025-05-14 01:00:00,1.0,0.0,16617.0,0,0.0,3251.807,0.0,3238.942,3243.852,3.0,11.068857142857173,4.0,0.0,1.0,1.0,6.0,0.0,4.0,0.0,2.0,A+
1.0,3214.907,0.0,4.0,1.0,2025-05-16 01:00:00,1.0,0.0,21861.0,0,0.0,3244.615,0.0,3222.256,3243.223,3.0,13.168499999999929,4.0,1.0,1.0,1.0,2.0,0.0,4.0,0.0,2.0,A+
1.0,3154.289,0.0,4.0,1.0,2025-05-16 11:00:00,1.0,0.0,21630.0,1,0.0,3179.257,0.0,3163.124,3175.989,3.0,17.11171428571421,4.0,1.0,1.0,11.0,0.0,0.0,4.0,0.0,2.0,A+
1.0,3154.853,0.0,4.0,1.0,2025-05-16 12:00:00,1.0,0.0,25597.0,1,0.0,3182.061,0.0,3177.431,3163.22,3.0,17.971571428571355,4.0,1.0,1.0,12.0,7.0,0.0,4.0,0.0,2.0,A+
1.0,3165.997,0.0,4.0,1.0,2025-05-16 14:00:00,1.0,0.0,24565.0,1,0.0,3188.606,0.0,3173.342,3180.667,3.0,18.91378571428569,4.0,1.0,1.0,14.0,2.0,0.0,4.0,0.0,2.0,A+
1.0,3224.556,0.0,0.0,1.0,2025-05-19 13:00:00,1.0,0.0,23028.0,1,0.0,3241.648,0.0,3229.999,3229.38,3.0,14.970642857142852,4.0,1.0,1.0,13.0,5.0,1.0,4.0,1.0,2.0,A+
1.0,3220.539,0.0,1.0,1.0,2025-05-20 01:00:00,1.0,0.0,14809.0,1,0.0,3232.778,0.0,3221.119,3222.807,3.0,10.141285714285718,4.0,1.0,1.0,1.0,2.0,1.0,4.0,1.0,2.0,A+
1.0,3206.386,0.0,1.0,1.0,2025-05-20 02:00:00,1.0,0.0,14990.0,1,0.0,3223.056,1.0,3206.722,3221.128,3.0,10.65514285714286,4.0,1.0,1.0,2.0,0.0,1.0,4.0,1.0,2.0,A+
1.0,3290.693,0.0,2.0,1.0,2025-05-21 12:00:00,1.0,0.0,22148.0,1,0.0,3312.685,0.0,3302.621,3311.202,3.0,13.33635714285713,4.0,0.0,1.0,12.0,0.0,1.0,4.0,1.0,2.0,A+
1.0,3295.439,0.0,2.0,1.0,2025-05-21 13:00:00,1.0,0.0,22019.0,1,0.0,3309.535,0.0,3303.575,3302.648,3.0,13.744857142857134,4.0,0.0,1.0,13.0,5.0,1.0,4.0,1.0,2.0,A+
1.0,3295.27,0.0,2.0,1.0,2025-05-21 14:00:00,1.0,0.0,19098.0,1,0.0,3307.789,0.0,3304.364,3303.566,3.0,13.548357142857151,4.0,0.0,1.0,14.0,5.0,1.0,4.0,1.0,2.0,A+
1.0,3302.811,0.0,2.0,1.0,2025-05-21 17:00:00,1.0,0.0,14225.0,1,0.0,3316.366,1.0,3316.346,3303.16,3.0,12.211500000000049,4.0,0.0,1.0,17.0,0.0,1.0,4.0,1.0,2.0,A+
1.0,3320.376,0.0,3.0,1.0,2025-05-22 01:00:00,1.0,0.0,19033.0,1,0.0,3342.939,1.0,3338.147,3323.78,3.0,11.38999999999997,4.0,0.0,1.0,1.0,0.0,1.0,4.0,1.0,2.0,A+
1.0,3336.523,0.0,3.0,1.0,2025-05-22 02:00:00,1.0,0.0,12795.0,0,0.0,3344.736,1.0,3341.187,3338.095,3.0,11.263785714285664,4.0,0.0,1.0,2.0,0.0,1.0,4.0,1.0,2.0,A+
1.0,3322.607,0.0,3.0,1.0,2025-05-22 07:00:00,1.0,0.0,12481.0,1,0.0,3331.268,0.0,3327.621,3326.511,3.0,9.621714285714264,4.0,0.0,1.0,7.0,5.0,1.0,4.0,1.0,2.0,A+
1.0,3310.167,0.0,3.0,1.0,2025-05-22 08:00:00,1.0,0.0,15713.0,0,0.0,3329.903,0.0,3311.249,3327.636,3.0,10.063214285714269,4.0,1.0,1.0,8.0,2.0,1.0,4.0,1.0,2.0,A+
1.0,3335.554,0.0,0.0,1.0,2025-05-26 01:00:00,1.0,0.0,15664.0,1,0.0,3347.706,0.0,3344.928,3341.896,3.0,13.420857142857196,4.0,1.0,1.0,1.0,3.0,1.0,4.0,1.0,2.0,A+
1.0,3305.319,0.0,2.0,1.0,2025-05-28 12:00:00,1.0,0.0,10207.0,1,0.0,3314.569,0.0,3312.335,3311.171,3.0,10.571428571428603,4.0,1.0,1.0,12.0,5.0,0.0,4.0,0.0,2.0,A+
1.0,3297.414,0.0,2.0,1.0,2025-05-28 13:00:00,1.0,0.0,19460.0,0,0.0,3316.438,0.0,3305.229,3312.292,3.0,10.97935714285716,4.0,1.0,1.0,13.0,8.0,0.0,4.0,0.0,2.0,A+
1.0,3292.571,0.0,2.0,1.0,2025-05-28 15:00:00,1.0,0.0,11532.0,1,0.0,3302.761,1.0,3296.094,3302.635,3.0,10.904071428571472,4.0,1.0,1.0,15.0,0.0,0.0,4.0,0.0,2.0,A+
1.0,3271.526,0.0,4.0,1.0,2025-05-30 14:00:00,1.0,0.0,25485.0,1,0.0,3287.38,0.0,3282.705,3276.739,3.0,13.954142857142935,4.0,1.0,1.0,14.0,0.0,0.0,4.0,0.0,2.0,A+
1.0,3350.32,0.0,0.0,1.0,2025-06-02 13:00:00,1.0,1.0,19032.0,1,0.0,3376.267,0.0,3371.107,3355.509,3.0,12.01864285714279,4.0,0.0,1.0,13.0,7.0,1.0,4.0,1.0,2.0,A+
1.0,3367.624,0.0,0.0,1.0,2025-06-02 14:00:00,1.0,1.0,23533.0,1,0.0,3379.064,1.0,3376.002,3370.947,3.0,11.996714285714232,4.0,0.0,1.0,14.0,0.0,1.0,4.0,1.0,2.0,A+
1.0,3369.812,0.0,0.0,1.0,2025-06-02 15:00:00,1.0,1.0,12942.0,1,0.0,3378.84,1.0,3374.294,3376.042,3.0,11.757571428571412,4.0,0.0,1.0,15.0,0.0,1.0,4.0,1.0,2.0,A+
1.0,3351.149,0.0,1.0,1.0,2025-06-03 06:00:00,1.0,1.0,12550.0,1,0.0,3367.319,0.0,3358.847,3364.91,4.0,9.787214285714231,5.0,1.0,1.0,6.0,0.0,1.0,5.0,1.0,2.3333333333333335,A+
1.0,3349.03,0.0,1.0,1.0,2025-06-03 12:00:00,1.0,1.0,13310.0,0,0.0,3363.089,0.0,3359.349,3359.323,4.0,10.074214285714236,5.0,1.0,1.0,12.0,5.0,1.0,5.0,1.0,2.3333333333333335,A+
1.0,3369.277,0.0,3.0,1.0,2025-06-05 03:00:00,0.0,1.0,6569.0,1,0.0,3377.463,0.0,3369.674,3370.82,3.0,9.49328571428584,4.0,1.0,1.0,3.0,6.0,1.0,4.0,1.0,2.0,A+
1.0,3363.902,0.0,3.0,1.0,2025-06-05 04:00:00,0.0,1.0,8187.0,1,0.0,3372.505,0.0,3368.487,3369.683,3.0,9.25428571428584,4.0,1.0,1.0,4.0,5.0,1.0,4.0,1.0,2.0,A+
1.0,3361.149,0.0,3.0,1.0,2025-06-05 05:00:00,0.0,1.0,8354.0,1,0.0,3369.788,0.0,3364.281,3368.53,3.0,7.47764285714298,4.0,1.0,1.0,5.0,0.0,1.0,4.0,1.0,2.0,A+
1.0,3363.72,0.0,3.0,1.0,2025-06-05 06:00:00,0.0,1.0,7951.0,1,0.0,3370.062,0.0,3365.959,3364.24,3.0,7.262857142857261,4.0,1.0,1.0,6.0,4.0,1.0,4.0,1.0,2.0,A+
1.0,3374.017,0.0,3.0,1.0,2025-06-05 09:00:00,1.0,0.0,15477.0,1,0.0,3391.361,1.0,3389.565,3375.202,3.0,8.21214285714294,4.0,1.0,1.0,9.0,0.0,1.0,4.0,1.0,2.0,A+
1.0,3388.194,0.0,3.0,1.0,2025-06-05 10:00:00,1.0,0.0,13080.0,0,1.0,3400.457,1.0,3399.949,3389.534,4.0,8.775142857142912,5.0,1.0,1.0,10.0,0.0,1.0,5.0,1.0,2.3333333333333335,A+
1.0,3314.554,0.0,1.0,1.0,2025-06-10 00:00:00,1.0,1.0,11140.0,1,0.0,3326.851,0.0,3316.578,3326.809,4.0,8.181714285714277,5.0,1.0,1.0,0.0,2.0,0.0,5.0,0.0,2.3333333333333335,A+
1.0,3302.957,0.0,1.0,1.0,2025-06-10 01:00:00,1.0,1.0,16828.0,1,0.0,3319.964,1.0,3306.264,3316.651,4.0,8.849714285714299,5.0,1.0,1.0,1.0,0.0,0.0,5.0,0.0,2.3333333333333335,A+
1.0,3325.455,0.0,1.0,1.0,2025-06-10 14:00:00,1.0,0.0,19241.0,1,0.0,3343.727,0.0,3328.561,3343.591,3.0,10.637285714285715,4.0,1.0,1.0,14.0,8.0,0.0,4.0,0.0,2.0,A+
1.0,3327.882,0.0,2.0,1.0,2025-06-11 13:00:00,1.0,0.0,30796.0,1,0.0,3344.462,0.0,3330.022,3336.732,3.0,11.269642857142864,4.0,1.0,1.0,13.0,2.0,0.0,4.0,0.0,2.0,A+
1.0,3328.51,0.0,2.0,1.0,2025-06-11 14:00:00,1.0,0.0,17307.0,1,0.0,3341.262,0.0,3337.564,3329.907,3.0,11.452214285714264,4.0,1.0,1.0,14.0,1.0,0.0,4.0,0.0,2.0,A+
1.0,3338.57,0.0,3.0,1.0,2025-06-12 07:00:00,1.0,0.0,21388.0,1,0.0,3375.196,0.0,3346.168,3374.982,3.0,12.777000000000012,4.0,1.0,1.0,7.0,0.0,1.0,4.0,1.0,2.0,A+
1.0,3362.532,0.0,3.0,1.0,2025-06-12 10:00:00,1.0,0.0,14606.0,1,0.0,3385.913,1.0,3382.528,3365.45,3.0,13.371642857142888,4.0,1.0,1.0,10.0,0.0,1.0,4.0,1.0,2.0,A+
1.0,3382.938,0.0,3.0,1.0,2025-06-12 14:00:00,1.0,0.0,23983.0,1,0.0,3393.17,0.0,3383.86,3392.055,3.0,14.140071428571446,4.0,1.0,1.0,14.0,2.0,1.0,4.0,1.0,2.0,A+
1.0,3423.727,0.0,4.0,1.0,2025-06-13 14:00:00,1.0,0.0,24689.0,1,0.0,3439.879,0.0,3427.856,3436.912,3.0,14.326999999999998,4.0,0.0,1.0,14.0,8.0,1.0,4.0,1.0,2.0,A+
1.0,3411.092,0.0,0.0,1.0,2025-06-16 12:00:00,1.0,0.0,12016.0,0,0.0,3417.822,0.0,3415.685,3415.043,3.0,10.013285714285692,4.0,1.0,1.0,12.0,5.0,1.0,4.0,1.0,2.0,A+
1.0,3378.918,0.0,2.0,1.0,2025-06-18 11:00:00,1.0,0.0,8875.0,1,0.0,3387.026,0.0,3382.048,3380.238,3.0,8.544999999999975,4.0,1.0,1.0,11.0,4.0,0.0,4.0,0.0,2.0,A+
1.0,3385.618,0.0,2.0,1.0,2025-06-18 13:00:00,1.0,0.0,13210.0,1,0.0,3396.852,0.0,3392.333,3386.647,3.0,9.02999999999994,4.0,1.0,1.0,13.0,0.0,0.0,4.0,0.0,2.0,A+
1.0,3378.326,0.0,2.0,1.0,2025-06-18 18:00:00,1.0,0.0,24897.0,0,0.0,3395.854,0.0,3379.067,3385.394,3.0,9.867214285714194,4.0,1.0,1.0,18.0,6.0,0.0,4.0,0.0,2.0,A+
1.0,3362.867,0.0,2.0,1.0,2025-06-18 19:00:00,1.0,0.0,25130.0,1,0.0,3379.223,1.0,3366.818,3379.109,3.0,10.216285714285602,4.0,1.0,1.0,19.0,0.0,0.0,4.0,0.0,2.0,A+
1.0,3355.868,0.0,0.0,1.0,2025-06-23 12:00:00,1.0,0.0,13944.0,1,0.0,3381.012,0.0,3360.462,3380.659,3.0,10.659785714285752,4.0,1.0,1.0,12.0,2.0,0.0,4.0,0.0,2.0,A+
1.0,3375.573,0.0,0.0,1.0,2025-06-23 17:00:00,1.0,0.0,16346.0,0,0.0,3391.543,0.0,3382.526,3389.813,3.0,12.25150000000011,4.0,1.0,1.0,17.0,2.0,0.0,4.0,0.0,2.0,A+
1.0,3341.446,0.0,0.0,1.0,2025-06-23 23:00:00,1.0,0.0,14138.0,1,0.0,3357.332,1.0,3344.235,3355.435,3.0,13.693642857142938,4.0,1.0,1.0,23.0,0.0,0.0,4.0,0.0,2.0,A+
1.0,3333.143,0.0,1.0,1.0,2025-06-24 00:00:00,1.0,0.0,16852.0,1,1.0,3355.22,0.0,3351.064,3344.27,4.0,14.7413571428572,5.0,1.0,1.0,0.0,3.0,0.0,5.0,0.0,2.3333333333333335,A+
1.0,3331.499,0.0,3.0,1.0,2025-06-26 11:00:00,1.0,0.0,7908.0,1,0.0,3344.121,0.0,3332.921,3343.258,3.0,7.704071428571524,4.0,1.0,1.0,11.0,2.0,0.0,4.0,0.0,2.0,A+
1.0,3321.614,0.0,3.0,1.0,2025-06-26 12:00:00,1.0,0.0,15643.0,1,0.0,3344.056,1.0,3322.06,3332.88,3.0,8.998785714285825,4.0,1.0,1.0,12.0,0.0,0.0,4.0,0.0,2.0,A+
1.0,3277.993,0.0,0.0,1.0,2025-06-30 12:00:00,1.0,0.0,8914.0,1,0.0,3288.981,0.0,3282.089,3277.993,3.0,8.804000000000022,4.0,1.0,1.0,12.0,4.0,0.0,4.0,0.0,2.0,A+
1.0,3279.178,0.0,0.0,1.0,2025-06-30 14:00:00,1.0,0.0,11694.0,1,0.0,3289.576,0.0,3287.644,3284.709,3.0,9.106214285714325,4.0,1.0,1.0,14.0,3.0,0.0,4.0,0.0,2.0,A+
1.0,3313.872,0.0,1.0,1.0,2025-07-01 01:00:00,1.0,0.0,9482.0,1,0.0,3320.968,1.0,3317.842,3314.663,3.0,8.270928571428612,4.0,1.0,1.0,1.0,0.0,0.0,4.0,0.0,2.0,A+
1.0,3314.344,0.0,1.0,1.0,2025-07-01 02:00:00,1.0,0.0,7901.0,1,0.0,3319.385,1.0,3316.124,3317.798,3.0,7.96435714285719,4.0,1.0,1.0,2.0,0.0,0.0,4.0,0.0,2.0,A+
1.0,3348.754,0.0,2.0,1.0,2025-07-02 23:00:00,1.0,0.0,8947.0,0,1.0,3362.315,0.0,3349.395,3361.958,4.0,8.012142857142797,5.0,1.0,1.0,23.0,2.0,1.0,5.0,1.0,2.3333333333333335,A+
1.0,3341.88,0.0,3.0,1.0,2025-07-03 01:00:00,1.0,0.0,7821.0,0,0.0,3348.183,0.0,3345.975,3344.765,3.0,7.891785714285659,4.0,1.0,1.0,1.0,0.0,1.0,4.0,1.0,2.0,A+
1.0,3331.148,0.0,1.0,1.0,2025-07-08 00:00:00,1.0,0.0,9177.0,1,0.0,3337.3,0.0,3334.261,3334.697,3.0,8.120642857142943,4.0,1.0,1.0,0.0,5.0,0.0,4.0,0.0,2.0,A+
1.0,3329.717,0.0,1.0,1.0,2025-07-08 01:00:00,1.0,0.0,10224.0,1,0.0,3336.971,0.0,3334.844,3334.23,3.0,7.610142857142916,4.0,1.0,1.0,1.0,1.0,0.0,4.0,0.0,2.0,A+
1.0,3349.319,0.0,0.0,1.0,2025-07-14 12:00:00,1.0,0.0,13000.0,0,1.0,3366.607,1.0,3350.065,3364.192,4.0,8.593857142857198,5.0,1.0,1.0,12.0,0.0,1.0,5.0,1.0,2.3333333333333335,A+
