score,low,conf_bos_or_choch,dow,conf_liquidity,datetime,conf_volume,conf_spread,volume,is_win,conf_psych_level,high,conf_sr_zone,close,open,secondary_score,atr,total_confluence,conf_fib_zone,primary_score,hour,pattern_code,regime_trend,num_confs,bias_bull,setup_score,setup_grade
0.0,1777.953,0.0,4.0,0.0,2021-07-02 12:00:00,0.0,0.0,17089.0,1,0.0,1787.087,0.0,1782.815,1784.877,0.0,9.134000000000016,0.0,1.0,0.0,12.0,0.0,0.0,0.0,0.0,0.0,B
0.0,1785.461,0.0,6.0,0.0,2021-07-04 20:00:00,0.0,1.0,2629.0,1,0.0,1787.581,0.0,1786.184,1787.277,1.0,5.988999999999976,1.0,1.0,0.0,20.0,0.0,1.0,1.0,1.0,0.3333333333333333,B
0.0,1789.962,0.0,0.0,0.0,2021-07-05 16:00:00,0.0,1.0,1829.0,1,0.0,1791.812,0.0,1791.649,1790.839,1.0,5.388777777777755,1.0,1.0,0.0,16.0,0.0,1.0,1.0,1.0,0.3333333333333333,B
0.0,1790.794,0.0,0.0,0.0,2021-07-05 20:00:00,0.0,0.0,2366.0,1,0.0,1792.698,0.0,1791.224,1791.634,0.0,5.040299999999979,0.0,1.0,0.0,20.0,0.0,1.0,0.0,1.0,0.0,B
0.0,1795.03,0.0,1.0,0.0,2021-07-06 20:00:00,0.0,1.0,4528.0,1,0.0,1797.268,0.0,1795.55,1796.493,1.0,6.388142857142839,1.0,1.0,0.0,20.0,0.0,1.0,1.0,1.0,0.3333333333333333,B
0.0,1801.727,0.0,3.0,0.0,2021-07-08 20:00:00,0.0,0.0,4350.0,1,0.0,1804.422,0.0,1803.723,1802.125,1.0,9.02042857142856,1.0,1.0,0.0,20.0,0.0,1.0,1.0,1.0,0.3333333333333333,B
0.0,1799.23,0.0,4.0,0.0,2021-07-09 00:00:00,0.0,0.0,13038.0,0,0.0,1807.751,0.0,1805.178,1803.736,1.0,9.07635714285714,1.0,1.0,0.0,0.0,0.0,1.0,1.0,1.0,0.3333333333333333,B
0.0,1807.157,0.0,4.0,0.0,2021-07-09 20:00:00,0.0,0.0,1205.0,1,0.0,1808.863,0.0,1808.222,1807.925,1.0,8.915071428571407,1.0,1.0,0.0,20.0,0.0,1.0,1.0,1.0,0.3333333333333333,B
0.0,1802.241,0.0,0.0,0.0,2021-07-12 00:00:00,0.0,0.0,11342.0,1,0.0,1810.773,0.0,1802.915,1806.452,1.0,8.907142857142828,1.0,1.0,0.0,0.0,0.0,1.0,1.0,1.0,0.3333333333333333,B
0.0,1820.618,0.0,4.0,0.0,2021-07-16 04:00:00,0.0,0.0,10982.0,1,0.0,1827.804,0.0,1822.656,1827.403,0.0,7.068285714285723,0.0,1.0,0.0,4.0,0.0,1.0,0.0,1.0,0.0,B
0.0,1810.01,0.0,4.0,0.0,2021-07-16 20:00:00,0.0,0.0,1446.0,1,0.0,1812.008,0.0,1812.007,1810.34,0.0,7.257785714285741,0.0,1.0,0.0,20.0,0.0,1.0,0.0,1.0,0.0,B
0.0,1810.351,0.0,6.0,0.0,2021-07-18 20:00:00,0.0,0.0,3342.0,1,0.0,1815.844,0.0,1815.7,1811.224,0.0,7.133214285714303,0.0,1.0,0.0,20.0,0.0,1.0,0.0,1.0,0.0,B
0.0,1811.075,0.0,0.0,1.0,2021-07-19 00:00:00,0.0,0.0,11080.0,1,0.0,1817.25,0.0,1812.988,1815.7,1.0,7.356714285714296,1.0,1.0,0.0,0.0,0.0,1.0,1.0,1.0,0.3333333333333333,B
0.0,1810.643,0.0,0.0,0.0,2021-07-19 20:00:00,0.0,0.0,3826.0,1,0.0,1813.277,0.0,1811.304,1812.093,1.0,8.212999999999997,1.0,1.0,0.0,20.0,0.0,1.0,1.0,1.0,0.3333333333333333,B
0.0,1811.325,0.0,1.0,0.0,2021-07-20 00:00:00,0.0,0.0,11857.0,0,0.0,1819.045,0.0,1817.171,1811.325,1.0,8.498999999999992,1.0,1.0,0.0,0.0,0.0,1.0,1.0,1.0,0.3333333333333333,B
0.0,1806.99,0.0,1.0,0.0,2021-07-20 16:00:00,0.0,0.0,11330.0,0,0.0,1811.921,0.0,1809.924,1807.417,1.0,8.3352142857143,1.0,1.0,0.0,16.0,0.0,1.0,1.0,1.0,0.3333333333333333,B
0.0,1805.096,0.0,2.0,0.0,2021-07-21 00:00:00,0.0,0.0,10068.0,0,0.0,1809.771,0.0,1808.648,1809.735,1.0,8.087785714285733,1.0,1.0,0.0,0.0,0.0,1.0,1.0,1.0,0.3333333333333333,B
0.0,1802.076,0.0,2.0,0.0,2021-07-21 20:00:00,0.0,0.0,3404.0,0,0.0,1804.338,0.0,1802.54,1803.542,1.0,6.729285714285766,1.0,1.0,0.0,20.0,0.0,1.0,1.0,1.0,0.3333333333333333,B
0.0,1802.194,0.0,4.0,0.0,2021-07-23 00:00:00,0.0,1.0,9335.0,1,0.0,1808.426,0.0,1803.031,1807.077,1.0,6.153357142857154,1.0,1.0,0.0,0.0,0.0,1.0,1.0,1.0,0.3333333333333333,B
0.0,1825.83,0.0,4.0,0.0,2021-07-30 04:00:00,0.0,0.0,10086.0,0,0.0,1831.257,0.0,1829.19,1828.477,1.0,7.38364285714288,1.0,1.0,0.0,4.0,0.0,1.0,1.0,1.0,0.3333333333333333,B
0.0,1813.141,0.0,4.0,0.0,2021-07-30 20:00:00,0.0,0.0,1169.0,1,0.0,1814.51,0.0,1813.934,1814.3,1.0,7.142714285714289,1.0,1.0,0.0,20.0,0.0,1.0,1.0,1.0,0.3333333333333333,B
0.0,1812.009,0.0,6.0,0.0,2021-08-01 20:00:00,0.0,0.0,2616.0,1,0.0,1814.955,0.0,1813.79,1814.431,1.0,6.115714285714278,1.0,1.0,0.0,20.0,0.0,1.0,1.0,1.0,0.3333333333333333,B
0.0,1809.371,0.0,1.0,0.0,2021-08-03 00:00:00,0.0,0.0,8960.0,1,0.0,1813.844,0.0,1810.779,1812.492,1.0,5.919428571428544,1.0,1.0,0.0,0.0,0.0,1.0,1.0,1.0,0.3333333333333333,B
0.0,1808.68,0.0,1.0,0.0,2021-08-03 16:00:00,0.0,0.0,7165.0,0,0.0,1811.518,0.0,1811.151,1809.244,1.0,5.713142857142819,1.0,1.0,0.0,16.0,0.0,1.0,1.0,1.0,0.3333333333333333,B
0.0,1810.675,0.0,2.0,1.0,2021-08-04 08:00:00,0.0,0.0,9138.0,0,0.0,1819.057,0.0,1817.767,1814.502,1.0,5.237357142857117,1.0,1.0,0.0,8.0,0.0,1.0,1.0,1.0,0.3333333333333333,B
0.0,1803.248,0.0,3.0,0.0,2021-08-05 16:00:00,0.0,0.0,8715.0,0,0.0,1808.154,0.0,1804.332,1804.171,1.0,6.847357142857098,1.0,1.0,0.0,16.0,0.0,1.0,1.0,1.0,0.3333333333333333,B
0.0,1792.439,0.0,4.0,0.0,2021-08-27 08:00:00,0.0,0.0,9885.0,1,0.0,1801.63,0.0,1796.552,1801.506,1.0,6.935999999999987,1.0,0.0,0.0,8.0,0.0,1.0,1.0,1.0,0.3333333333333333,B
0.0,1813.688,0.0,0.0,0.0,2021-08-30 08:00:00,0.0,0.0,8002.0,0,0.0,1817.745,0.0,1817.098,1815.008,1.0,8.119857142857184,1.0,0.0,0.0,8.0,0.0,1.0,1.0,1.0,0.3333333333333333,B
0.0,1807.65,0.0,0.0,0.0,2021-08-30 16:00:00,0.0,0.0,7328.0,1,0.0,1811.199,0.0,1810.525,1810.1,1.0,7.190428571428599,1.0,0.0,0.0,16.0,0.0,1.0,1.0,1.0,0.3333333333333333,B
0.0,1809.25,0.0,2.0,0.0,2021-09-01 08:00:00,0.0,0.0,9445.0,1,0.0,1814.422,0.0,1812.892,1811.24,1.0,5.746500000000034,1.0,0.0,0.0,8.0,0.0,1.0,1.0,1.0,0.3333333333333333,B
0.0,1811.888,0.0,2.0,0.0,2021-09-01 16:00:00,0.0,0.0,8105.0,0,0.0,1816.404,0.0,1814.663,1815.278,1.0,6.204000000000049,1.0,0.0,0.0,16.0,0.0,1.0,1.0,1.0,0.3333333333333333,B
0.0,1812.75,0.0,2.0,0.0,2021-09-01 20:00:00,0.0,0.0,2101.0,1,0.0,1814.708,0.0,1813.02,1814.708,1.0,5.723285714285761,1.0,0.0,0.0,20.0,0.0,1.0,1.0,1.0,0.3333333333333333,B
0.0,1811.079,0.0,3.0,0.0,2021-09-02 00:00:00,0.0,0.0,8037.0,1,0.0,1815.983,0.0,1811.105,1813.018,1.0,5.8200714285714765,1.0,0.0,0.0,0.0,0.0,1.0,1.0,1.0,0.3333333333333333,B
0.0,1806.926,0.0,3.0,0.0,2021-09-02 16:00:00,0.0,0.0,8008.0,1,0.0,1810.963,0.0,1809.729,1808.863,1.0,6.295500000000045,1.0,1.0,0.0,16.0,0.0,1.0,1.0,1.0,0.3333333333333333,B
0.0,1808.956,0.0,3.0,0.0,2021-09-02 20:00:00,0.0,0.0,1913.0,1,0.0,1810.179,0.0,1809.364,1809.715,1.0,5.369142857142914,1.0,1.0,0.0,20.0,0.0,1.0,1.0,1.0,0.3333333333333333,B
0.0,1810.592,0.0,4.0,0.0,2021-09-03 04:00:00,0.0,0.0,7523.0,1,0.0,1814.344,0.0,1811.127,1812.538,1.0,5.28678571428577,1.0,1.0,0.0,4.0,0.0,1.0,1.0,1.0,0.3333333333333333,B
0.0,1827.186,0.0,4.0,0.0,2021-09-03 20:00:00,0.0,0.0,1117.0,0,0.0,1828.834,0.0,1827.573,1828.452,1.0,5.559357142857185,1.0,0.0,0.0,20.0,0.0,1.0,1.0,1.0,0.3333333333333333,B
0.0,1821.842,0.0,0.0,0.0,2021-09-06 16:00:00,0.0,0.0,1121.0,0,0.0,1823.49,0.0,1823.089,1821.842,1.0,4.551571428571427,1.0,1.0,0.0,16.0,0.0,1.0,1.0,1.0,0.3333333333333333,B
0.0,1821.892,0.0,0.0,0.0,2021-09-06 20:00:00,0.0,0.0,1735.0,1,0.0,1824.069,0.0,1823.518,1823.809,1.0,4.418714285714275,1.0,1.0,0.0,20.0,0.0,1.0,1.0,1.0,0.3333333333333333,B
0.0,1793.235,0.0,1.0,0.0,2021-09-07 20:00:00,0.0,1.0,3103.0,1,0.0,1795.721,0.0,1795.591,1793.474,1.0,5.27250000000002,1.0,1.0,0.0,20.0,0.0,1.0,1.0,1.0,0.3333333333333333,B
0.0,1759.427,0.0,1.0,0.0,2021-10-05 00:00:00,0.0,0.0,10915.0,0,0.0,1768.32,0.0,1759.934,1768.042,1.0,7.822500000000024,1.0,1.0,0.0,0.0,0.0,0.0,1.0,0.0,0.3333333333333333,B
0.0,1753.523,0.0,1.0,0.0,2021-10-05 08:00:00,0.0,0.0,13110.0,1,0.0,1760.119,0.0,1757.019,1759.221,1.0,7.818428571428577,1.0,1.0,0.0,8.0,0.0,0.0,1.0,0.0,0.3333333333333333,B
0.0,1757.989,0.0,1.0,0.0,2021-10-05 16:00:00,0.0,0.0,10686.0,0,0.0,1762.981,0.0,1760.175,1760.809,1.0,7.669142857142853,1.0,1.0,0.0,16.0,0.0,0.0,1.0,0.0,0.3333333333333333,B
0.0,1759.008,0.0,1.0,0.0,2021-10-05 20:00:00,0.0,0.0,2687.0,0,0.0,1760.375,0.0,1759.287,1760.144,1.0,7.370999999999997,1.0,1.0,0.0,20.0,0.0,0.0,1.0,0.0,0.3333333333333333,B
0.0,1754.156,0.0,2.0,0.0,2021-10-06 00:00:00,0.0,0.0,10420.0,1,0.0,1759.354,0.0,1755.572,1759.285,1.0,7.628928571428576,1.0,1.0,0.0,0.0,0.0,0.0,1.0,0.0,0.3333333333333333,B
0.0,1752.285,0.0,0.0,0.0,2021-10-11 08:00:00,0.0,0.0,10866.0,1,0.0,1757.174,0.0,1754.846,1757.171,1.0,7.383428571428616,1.0,1.0,0.0,8.0,0.0,0.0,1.0,0.0,0.3333333333333333,B
0.0,1753.261,0.0,0.0,0.0,2021-10-11 16:00:00,0.0,0.0,9464.0,1,0.0,1757.697,0.0,1753.309,1757.444,1.0,7.047142857142895,1.0,1.0,0.0,16.0,0.0,0.0,1.0,0.0,0.3333333333333333,B
0.0,1757.914,0.0,1.0,0.0,2021-10-12 16:00:00,0.0,0.0,12215.0,0,0.0,1761.87,0.0,1761.303,1760.777,1.0,6.188285714285712,1.0,1.0,0.0,16.0,0.0,0.0,1.0,0.0,0.3333333333333333,B
0.0,1759.781,0.0,1.0,0.0,2021-10-12 20:00:00,0.0,0.0,3047.0,1,0.0,1761.397,0.0,1760.362,1761.272,1.0,6.044357142857133,1.0,1.0,0.0,20.0,0.0,0.0,1.0,0.0,0.3333333333333333,B
0.0,1760.711,0.0,2.0,0.0,2021-10-13 04:00:00,0.0,0.0,11103.0,1,0.0,1765.698,0.0,1765.022,1762.019,1.0,6.060642857142852,1.0,1.0,0.0,4.0,0.0,0.0,1.0,0.0,0.3333333333333333,B
0.0,1790.605,0.0,2.0,1.0,2021-10-13 16:00:00,0.0,0.0,12928.0,1,0.0,1795.476,0.0,1791.845,1794.429,1.0,8.637214285714274,1.0,0.0,0.0,16.0,0.0,0.0,1.0,0.0,0.3333333333333333,B
0.0,1791.595,0.0,2.0,0.0,2021-10-13 20:00:00,0.0,0.0,3667.0,1,0.0,1793.588,0.0,1791.652,1791.892,0.0,8.065142857142828,0.0,0.0,0.0,20.0,0.0,0.0,0.0,0.0,0.0,B
0.0,1786.647,0.0,3.0,0.0,2021-10-14 00:00:00,0.0,0.0,9646.0,1,0.0,1793.578,0.0,1788.54,1791.698,0.0,8.243357142857121,0.0,0.0,0.0,0.0,0.0,0.0,0.0,0.0,0.0,B
0.0,1795.809,0.0,3.0,0.0,2021-10-14 16:00:00,0.0,0.0,8327.0,0,0.0,1799.078,0.0,1796.505,1798.15,1.0,8.089999999999984,1.0,0.0,0.0,16.0,0.0,0.0,1.0,0.0,0.3333333333333333,B
0.0,1794.735,0.0,3.0,0.0,2021-10-14 20:00:00,0.0,0.0,2824.0,1,0.0,1797.134,0.0,1795.329,1796.51,1.0,7.164071428571431,1.0,0.0,0.0,20.0,0.0,0.0,1.0,0.0,0.3333333333333333,B
0.0,1793.78,0.0,4.0,0.0,2021-10-15 00:00:00,0.0,0.0,8487.0,0,0.0,1796.369,0.0,1794.996,1795.327,0.0,7.066428571428576,0.0,0.0,0.0,0.0,0.0,0.0,0.0,0.0,0.0,B
0.0,1785.386,0.0,4.0,1.0,2021-10-15 04:00:00,0.0,0.0,10018.0,1,0.0,1795.258,0.0,1786.653,1795.0,1.0,7.656142857142868,1.0,1.0,0.0,4.0,0.0,0.0,1.0,0.0,0.3333333333333333,B
0.0,1766.684,0.0,4.0,0.0,2021-10-15 20:00:00,0.0,0.0,1346.0,1,0.0,1768.488,0.0,1767.427,1768.298,0.0,5.917357142857164,0.0,1.0,0.0,20.0,0.0,0.0,0.0,0.0,0.0,B
0.0,1763.881,0.0,0.0,0.0,2021-10-18 16:00:00,0.0,0.0,9987.0,1,0.0,1767.844,0.0,1764.102,1767.811,1.0,6.407714285714292,1.0,1.0,0.0,16.0,0.0,0.0,1.0,0.0,0.3333333333333333,B
0.0,1767.101,0.0,1.0,1.0,2021-10-19 16:00:00,0.0,0.0,11996.0,0,0.0,1771.444,0.0,1770.119,1771.119,1.0,6.750428571428562,1.0,1.0,0.0,16.0,0.0,0.0,1.0,0.0,0.3333333333333333,B
0.0,1768.171,0.0,1.0,0.0,2021-10-19 20:00:00,0.0,0.0,3437.0,1,0.0,1770.128,0.0,1768.661,1770.128,0.0,6.691214285714263,0.0,1.0,0.0,20.0,0.0,0.0,0.0,0.0,0.0,B
0.0,1773.287,0.0,2.0,1.0,2021-10-20 04:00:00,0.0,0.0,13002.0,1,0.0,1777.986,0.0,1776.636,1774.081,1.0,6.918142857142844,1.0,1.0,0.0,4.0,0.0,0.0,1.0,0.0,0.3333333333333333,B
0.0,1776.457,0.0,2.0,0.0,2021-10-20 08:00:00,0.0,0.0,11591.0,1,0.0,1781.744,0.0,1779.546,1776.638,0.0,6.959857142857118,0.0,1.0,0.0,8.0,0.0,0.0,0.0,0.0,0.0,B
0.0,1782.966,0.0,2.0,1.0,2021-10-20 16:00:00,0.0,0.0,13174.0,0,0.0,1787.438,0.0,1785.304,1783.508,1.0,7.241142857142839,1.0,1.0,0.0,16.0,0.0,1.0,1.0,1.0,0.3333333333333333,B
0.0,1780.76,0.0,2.0,0.0,2021-10-20 20:00:00,0.0,0.0,4212.0,1,0.0,1785.812,0.0,1781.408,1785.274,0.0,6.915785714285692,0.0,1.0,0.0,20.0,0.0,1.0,0.0,1.0,0.0,B
0.0,1777.471,0.0,3.0,1.0,2021-10-21 08:00:00,0.0,0.0,14100.0,1,0.0,1787.859,0.0,1778.285,1782.588,1.0,7.454357142857118,1.0,1.0,0.0,8.0,0.0,1.0,1.0,1.0,0.3333333333333333,B
0.0,1781.979,0.0,3.0,0.0,2021-10-21 20:00:00,0.0,0.0,3779.0,1,0.0,1786.094,0.0,1784.594,1783.945,0.0,6.628357142857128,0.0,1.0,0.0,20.0,0.0,1.0,0.0,1.0,0.0,B
0.0,1791.931,0.0,4.0,0.0,2021-10-22 20:00:00,0.0,0.0,1241.0,1,0.0,1794.262,0.0,1792.853,1794.119,0.0,8.560285714285717,0.0,1.0,0.0,20.0,0.0,1.0,0.0,1.0,0.0,B
0.0,1805.006,0.0,0.0,0.0,2021-10-25 16:00:00,0.0,1.0,8001.0,1,0.0,1808.605,0.0,1806.704,1808.032,1.0,7.661714285714278,1.0,0.0,0.0,16.0,0.0,1.0,1.0,1.0,0.3333333333333333,B
0.0,1806.309,0.0,0.0,0.0,2021-10-25 20:00:00,0.0,0.0,2487.0,0,0.0,1808.217,0.0,1807.792,1806.653,0.0,7.341499999999996,0.0,0.0,0.0,20.0,0.0,1.0,0.0,1.0,0.0,B
0.0,1795.987,0.0,2.0,0.0,2021-10-27 20:00:00,0.0,0.0,3965.0,1,0.0,1798.333,0.0,1796.583,1798.237,0.0,6.7612142857142965,0.0,1.0,0.0,20.0,0.0,1.0,0.0,1.0,0.0,B
0.0,1845.301,0.0,2.0,0.0,2021-11-10 20:00:00,0.0,0.0,7391.0,1,1.0,1852.739,0.0,1848.511,1847.015,1.0,9.844500000000007,1.0,0.0,0.0,20.0,0.0,1.0,1.0,1.0,0.3333333333333333,B
0.0,1847.039,0.0,3.0,1.0,2021-11-11 04:00:00,0.0,0.0,13691.0,1,0.0,1857.094,0.0,1856.896,1849.936,1.0,10.643357142857164,1.0,0.0,0.0,4.0,0.0,1.0,1.0,1.0,0.3333333333333333,B
0.0,1855.172,0.0,3.0,0.0,2021-11-11 08:00:00,0.0,0.0,13244.0,1,0.0,1865.524,0.0,1863.78,1856.93,0.0,11.009285714285722,0.0,0.0,0.0,8.0,0.0,1.0,0.0,1.0,0.0,B
0.0,1855.073,0.0,4.0,0.0,2021-11-12 00:00:00,0.0,0.0,11361.0,1,0.0,1862.317,0.0,1855.128,1862.285,0.0,10.275928571428576,0.0,0.0,0.0,0.0,0.0,1.0,0.0,1.0,0.0,B
0.0,1862.509,0.0,4.0,0.0,2021-11-12 20:00:00,0.0,0.0,4018.0,1,0.0,1866.158,0.0,1864.361,1863.731,1.0,9.110142857142868,1.0,0.0,0.0,20.0,0.0,1.0,1.0,1.0,0.3333333333333333,B
0.0,1865.24,0.0,6.0,0.0,2021-11-14 20:00:00,0.0,0.0,2251.0,0,0.0,1867.783,0.0,1865.476,1866.804,1.0,8.116999999999994,1.0,0.0,0.0,20.0,0.0,1.0,1.0,1.0,0.3333333333333333,B
0.0,1856.308,0.0,0.0,0.0,2021-11-15 04:00:00,0.0,0.0,10799.0,1,0.0,1862.209,0.0,1860.87,1856.871,1.0,7.924142857142848,1.0,0.0,0.0,4.0,0.0,1.0,1.0,1.0,0.3333333333333333,B
0.0,1861.883,0.0,0.0,0.0,2021-11-15 20:00:00,0.0,0.0,5674.0,1,0.0,1867.236,0.0,1862.387,1867.104,0.0,7.67185714285714,0.0,0.0,0.0,20.0,0.0,1.0,0.0,1.0,0.0,B
0.0,1861.888,0.0,1.0,1.0,2021-11-16 00:00:00,0.0,0.0,12112.0,0,0.0,1868.751,0.0,1866.925,1862.356,1.0,8.029785714285708,1.0,0.0,0.0,0.0,0.0,1.0,1.0,1.0,0.3333333333333333,B
0.0,1862.212,0.0,1.0,1.0,2021-11-16 04:00:00,0.0,0.0,11807.0,0,0.0,1867.733,0.0,1863.939,1866.91,1.0,7.906714285714282,1.0,0.0,0.0,4.0,0.0,1.0,1.0,1.0,0.3333333333333333,B
0.0,1851.991,0.0,2.0,0.0,2021-11-17 04:00:00,0.0,0.0,10854.0,1,0.0,1857.313,0.0,1856.158,1853.664,1.0,8.35557142857145,1.0,0.0,0.0,4.0,0.0,1.0,1.0,1.0,0.3333333333333333,B
0.0,1855.808,0.0,2.0,0.0,2021-11-17 08:00:00,0.0,0.0,12910.0,1,0.0,1862.812,0.0,1861.671,1856.164,1.0,8.171214285714298,1.0,0.0,0.0,8.0,0.0,1.0,1.0,1.0,0.3333333333333333,B
0.0,1862.723,0.0,2.0,0.0,2021-11-17 20:00:00,0.0,0.0,5706.0,0,0.0,1867.544,0.0,1866.479,1863.919,1.0,7.745571428571452,1.0,0.0,0.0,20.0,0.0,1.0,1.0,1.0,0.3333333333333333,B
0.0,1856.724,0.0,3.0,0.0,2021-11-18 20:00:00,0.0,0.0,5218.0,1,0.0,1861.01,0.0,1859.578,1858.82,1.0,6.873857142857203,1.0,0.0,0.0,20.0,0.0,1.0,1.0,1.0,0.3333333333333333,B
0.0,1858.571,0.0,4.0,0.0,2021-11-19 00:00:00,0.0,0.0,9597.0,0,0.0,1863.506,0.0,1863.07,1859.585,1.0,6.3887857142857785,1.0,0.0,0.0,0.0,0.0,1.0,1.0,1.0,0.3333333333333333,B
0.0,1855.846,0.0,4.0,0.0,2021-11-19 04:00:00,0.0,0.0,9937.0,1,0.0,1863.72,0.0,1857.476,1863.056,1.0,6.815071428571498,1.0,0.0,0.0,4.0,0.0,1.0,1.0,1.0,0.3333333333333333,B
0.0,1845.373,0.0,4.0,0.0,2021-11-19 20:00:00,0.0,0.0,4985.0,0,0.0,1849.657,0.0,1846.196,1849.657,1.0,8.424071428571485,1.0,1.0,0.0,20.0,0.0,1.0,1.0,1.0,0.3333333333333333,B
0.0,1841.485,0.0,6.0,0.0,2021-11-21 20:00:00,0.0,0.0,3838.0,1,0.0,1847.169,0.0,1844.89,1842.207,1.0,8.422785714285785,1.0,1.0,0.0,20.0,0.0,1.0,1.0,1.0,0.3333333333333333,B
0.0,1802.912,0.0,0.0,0.0,2021-11-22 20:00:00,0.0,0.0,8517.0,1,0.0,1809.749,0.0,1808.997,1803.649,0.0,11.00014285714287,0.0,1.0,0.0,20.0,0.0,1.0,0.0,1.0,0.0,B
0.0,1787.616,0.0,1.0,0.0,2021-11-23 20:00:00,0.0,0.0,8156.0,1,0.0,1791.86,0.0,1790.875,1788.091,0.0,10.472499999999984,0.0,0.0,0.0,20.0,0.0,1.0,0.0,1.0,0.0,B
0.0,1788.97,0.0,2.0,0.0,2021-11-24 00:00:00,0.0,0.0,12315.0,1,0.0,1796.049,0.0,1793.649,1790.91,0.0,10.672142857142846,0.0,0.0,0.0,0.0,0.0,1.0,0.0,1.0,0.0,B
0.0,1782.291,0.0,2.0,0.0,2021-12-08 20:00:00,0.0,0.0,5757.0,1,0.0,1786.786,0.0,1783.494,1785.628,1.0,6.405214285714318,1.0,0.0,0.0,20.0,0.0,0.0,1.0,0.0,0.3333333333333333,B
0.0,1782.091,0.0,3.0,0.0,2021-12-09 00:00:00,0.0,0.0,9387.0,1,0.0,1785.405,0.0,1784.467,1783.474,1.0,6.120428571428614,1.0,0.0,0.0,0.0,0.0,0.0,1.0,0.0,0.3333333333333333,B
0.0,1775.548,0.0,4.0,0.0,2021-12-10 00:00:00,0.0,0.0,8388.0,1,0.0,1779.606,0.0,1778.479,1776.329,1.0,5.674500000000047,1.0,0.0,0.0,0.0,0.0,0.0,1.0,0.0,0.3333333333333333,B
0.0,1789.224,0.0,1.0,0.0,2021-12-21 00:00:00,0.0,0.0,10120.0,1,0.0,1792.483,0.0,1791.851,1791.622,0.0,5.932071428571395,0.0,1.0,0.0,0.0,0.0,0.0,0.0,0.0,0.0,B
0.0,1792.374,0.0,1.0,1.0,2021-12-21 08:00:00,0.0,0.0,11696.0,0,0.0,1798.218,0.0,1797.801,1793.157,1.0,5.6784999999999854,1.0,1.0,0.0,8.0,0.0,0.0,1.0,0.0,0.3333333333333333,B
0.0,1787.625,0.0,1.0,0.0,2021-12-21 20:00:00,0.0,0.0,5211.0,0,0.0,1790.55,0.0,1790.466,1788.148,1.0,5.798642857142844,1.0,1.0,0.0,20.0,0.0,0.0,1.0,0.0,0.3333333333333333,B
0.0,1788.298,0.0,2.0,0.0,2021-12-22 00:00:00,0.0,0.0,8368.0,1,0.0,1791.159,0.0,1789.145,1790.47,1.0,5.587357142857139,1.0,1.0,0.0,0.0,0.0,0.0,1.0,0.0,0.3333333333333333,B
0.0,1803.102,0.0,3.0,1.0,2021-12-23 00:00:00,0.0,0.0,8933.0,1,0.0,1808.404,0.0,1805.576,1803.66,1.0,5.320071428571412,1.0,1.0,0.0,0.0,0.0,0.0,1.0,0.0,0.3333333333333333,B
0.0,1805.977,0.0,6.0,0.0,2021-12-26 20:00:00,0.0,0.0,1459.0,1,0.0,1808.526,0.0,1807.259,1806.207,0.0,4.644999999999949,0.0,1.0,0.0,20.0,0.0,0.0,0.0,0.0,0.0,B
0.0,1807.602,0.0,0.0,0.0,2021-12-27 04:00:00,0.0,0.0,7287.0,0,0.0,1810.956,0.0,1808.732,1810.95,0.0,4.845999999999939,0.0,1.0,0.0,4.0,0.0,1.0,0.0,1.0,0.0,B
0.0,1804.712,0.0,0.0,1.0,2021-12-27 08:00:00,0.0,0.0,7710.0,1,0.0,1809.315,0.0,1806.321,1808.702,1.0,4.947857142857093,1.0,1.0,0.0,8.0,0.0,1.0,1.0,1.0,0.3333333333333333,B
0.0,1808.478,0.0,1.0,0.0,2021-12-28 00:00:00,0.0,0.0,6798.0,1,0.0,1812.624,0.0,1809.928,1812.36,0.0,5.1165714285714,0.0,1.0,0.0,0.0,0.0,1.0,0.0,1.0,0.0,B
0.0,1805.06,0.0,1.0,0.0,2021-12-28 20:00:00,0.0,0.0,5161.0,0,0.0,1807.246,0.0,1806.56,1806.966,0.0,5.263071428571412,0.0,1.0,0.0,20.0,0.0,1.0,0.0,1.0,0.0,B
0.0,1803.705,0.0,2.0,0.0,2021-12-29 20:00:00,0.0,0.0,4430.0,0,0.0,1805.474,0.0,1804.526,1805.076,1.0,6.002428571428546,1.0,1.0,0.0,20.0,0.0,1.0,1.0,1.0,0.3333333333333333,B
0.0,1814.465,0.0,3.0,0.0,2021-12-30 20:00:00,0.0,0.0,4871.0,1,0.0,1817.117,0.0,1815.703,1815.1,1.0,6.028714285714289,1.0,1.0,0.0,20.0,0.0,1.0,1.0,1.0,0.3333333333333333,B
0.0,1816.64,0.0,4.0,0.0,2021-12-31 04:00:00,0.0,0.0,7146.0,1,0.0,1820.152,0.0,1816.705,1817.09,1.0,5.912642857142861,1.0,1.0,0.0,4.0,0.0,1.0,1.0,1.0,0.3333333333333333,B
0.0,1820.876,0.0,0.0,0.0,2022-01-03 04:00:00,0.0,0.0,7225.0,1,0.0,1825.952,0.0,1824.156,1825.689,1.0,5.847142857142883,1.0,1.0,0.0,4.0,0.0,1.0,1.0,1.0,0.3333333333333333,B
0.0,1803.133,0.0,1.0,0.0,2022-01-04 04:00:00,0.0,0.0,9794.0,1,0.0,1807.354,0.0,1805.709,1804.182,1.0,6.547214285714306,1.0,1.0,0.0,4.0,0.0,1.0,1.0,1.0,0.3333333333333333,B
0.0,1813.032,0.0,1.0,0.0,2022-01-04 20:00:00,0.0,0.0,4522.0,1,0.0,1815.365,0.0,1813.873,1814.502,1.0,7.207071428571469,1.0,1.0,0.0,20.0,0.0,1.0,1.0,1.0,0.3333333333333333,B
0.0,1812.714,0.0,2.0,0.0,2022-01-05 00:00:00,0.0,0.0,8344.0,1,0.0,1816.448,0.0,1815.403,1813.885,1.0,6.963928571428629,1.0,1.0,0.0,0.0,0.0,1.0,1.0,1.0,0.3333333333333333,B
0.0,1812.506,0.0,2.0,0.0,2022-01-05 04:00:00,0.0,0.0,8442.0,0,0.0,1817.006,0.0,1813.429,1815.397,1.0,6.991428571428628,1.0,1.0,0.0,4.0,0.0,1.0,1.0,1.0,0.3333333333333333,B
0.0,1789.754,0.0,4.0,0.0,2022-01-07 00:00:00,0.0,0.0,8966.0,0,0.0,1793.133,0.0,1792.775,1791.381,1.0,7.634714285714267,1.0,1.0,0.0,0.0,0.0,1.0,1.0,1.0,0.3333333333333333,B
0.0,1787.732,0.0,4.0,1.0,2022-01-07 08:00:00,0.0,0.0,10808.0,1,0.0,1793.888,0.0,1793.309,1789.816,1.0,7.9928571428571,1.0,1.0,0.0,8.0,0.0,1.0,1.0,1.0,0.3333333333333333,B
0.0,1837.203,0.0,3.0,0.0,2022-01-20 20:00:00,0.0,0.0,8251.0,1,0.0,1840.431,0.0,1838.889,1840.048,1.0,7.152571428571426,1.0,1.0,0.0,20.0,0.0,1.0,1.0,1.0,0.3333333333333333,B
0.0,1833.123,0.0,6.0,0.0,2022-01-23 20:00:00,0.0,0.0,2717.0,1,0.0,1837.088,0.0,1834.669,1833.144,1.0,6.670785714285687,1.0,1.0,0.0,20.0,0.0,1.0,1.0,1.0,0.3333333333333333,B
0.0,1832.484,0.0,0.0,0.0,2022-01-24 00:00:00,0.0,0.0,10095.0,1,0.0,1837.382,0.0,1836.502,1834.699,1.0,6.660642857142842,1.0,1.0,0.0,0.0,0.0,1.0,1.0,1.0,0.3333333333333333,B
0.0,1836.179,0.0,0.0,0.0,2022-01-24 04:00:00,0.0,0.0,9570.0,1,0.0,1839.596,0.0,1837.951,1836.499,1.0,6.476571428571414,1.0,1.0,0.0,4.0,0.0,1.0,1.0,1.0,0.3333333333333333,B
0.0,1837.703,0.0,0.0,0.0,2022-01-24 20:00:00,0.0,0.0,8223.0,0,0.0,1844.124,0.0,1843.521,1838.674,1.0,7.074071428571431,1.0,0.0,0.0,20.0,0.0,1.0,1.0,1.0,0.3333333333333333,B
0.0,1840.304,0.0,1.0,0.0,2022-01-25 04:00:00,0.0,0.0,9807.0,1,0.0,1843.26,0.0,1840.742,1842.189,1.0,6.9459999999999935,1.0,1.0,0.0,4.0,0.0,1.0,1.0,1.0,0.3333333333333333,B
0.0,1846.504,0.0,2.0,0.0,2022-01-26 00:00:00,0.0,0.0,8020.0,1,0.0,1849.51,0.0,1846.991,1849.505,1.0,6.93892857142857,1.0,0.0,0.0,0.0,0.0,1.0,1.0,1.0,0.3333333333333333,B
0.0,1843.685,0.0,2.0,0.0,2022-01-26 04:00:00,0.0,0.0,7927.0,1,0.0,1848.645,0.0,1843.903,1847.007,1.0,7.010000000000007,1.0,1.0,0.0,4.0,0.0,1.0,1.0,1.0,0.3333333333333333,B
0.0,1795.03,0.0,4.0,0.0,2022-01-28 00:00:00,0.0,0.0,11401.0,0,1.0,1799.343,0.0,1799.079,1797.232,1.0,8.73085714285719,1.0,1.0,0.0,0.0,0.0,1.0,1.0,1.0,0.3333333333333333,B
0.0,1851.464,0.0,1.0,0.0,2022-02-15 20:00:00,0.0,0.0,6785.0,0,0.0,1856.193,0.0,1852.964,1854.388,1.0,9.97635714285715,1.0,1.0,0.0,20.0,0.0,1.0,1.0,1.0,0.3333333333333333,B
0.0,1850.275,0.0,2.0,0.0,2022-02-16 00:00:00,0.0,0.0,9719.0,1,0.0,1853.144,0.0,1852.676,1852.951,1.0,9.621642857142856,1.0,1.0,0.0,0.0,0.0,1.0,1.0,1.0,0.3333333333333333,B
0.0,1889.518,0.0,4.0,0.0,2022-02-18 04:00:00,0.0,0.0,11835.0,1,0.0,1893.355,0.0,1891.618,1891.031,0.0,8.370857142857144,0.0,0.0,0.0,4.0,0.0,1.0,0.0,1.0,0.0,B
0.0,1891.207,0.0,4.0,1.0,2022-02-18 16:00:00,0.0,0.0,16388.0,1,0.0,1897.879,0.0,1895.491,1891.833,1.0,9.352999999999984,1.0,0.0,0.0,16.0,0.0,1.0,1.0,1.0,0.3333333333333333,B
0.0,1893.563,0.0,4.0,0.0,2022-02-18 20:00:00,0.0,0.0,5782.0,1,0.0,1899.425,0.0,1897.807,1895.459,0.0,8.820071428571396,0.0,0.0,0.0,20.0,0.0,1.0,0.0,1.0,0.0,B
0.0,1887.562,0.0,0.0,0.0,2022-02-21 04:00:00,0.0,0.0,13816.0,1,0.0,1897.002,0.0,1891.655,1896.788,0.0,9.67535714285709,0.0,0.0,0.0,4.0,0.0,1.0,0.0,1.0,0.0,B
0.0,1891.289,0.0,0.0,1.0,2022-02-21 08:00:00,0.0,0.0,13886.0,1,0.0,1898.628,0.0,1894.581,1891.689,1.0,9.707928571428528,1.0,0.0,0.0,8.0,0.0,1.0,1.0,1.0,0.3333333333333333,B
0.0,1895.322,0.0,0.0,0.0,2022-02-21 16:00:00,0.0,0.0,7120.0,1,0.0,1905.11,0.0,1903.362,1895.322,0.0,8.464857142857097,0.0,0.0,0.0,16.0,0.0,1.0,0.0,1.0,0.0,B
0.0,1930.979,0.0,2.0,1.0,2022-03-02 00:00:00,0.0,0.0,19378.0,0,0.0,1943.775,0.0,1935.777,1942.264,1.0,15.550571428571468,1.0,0.0,0.0,0.0,0.0,1.0,1.0,1.0,0.3333333333333333,B
0.0,1934.837,0.0,3.0,0.0,2022-03-03 20:00:00,0.0,0.0,9653.0,1,0.0,1941.243,0.0,1934.87,1935.225,0.0,13.44842857142859,0.0,0.0,0.0,20.0,0.0,1.0,0.0,1.0,0.0,B
0.0,1934.028,0.0,4.0,0.0,2022-03-04 04:00:00,0.0,0.0,16470.0,1,0.0,1940.575,0.0,1936.131,1939.568,0.0,13.27450000000002,0.0,0.0,0.0,4.0,0.0,1.0,0.0,1.0,0.0,B
0.0,1992.181,0.0,0.0,0.0,2022-03-07 20:00:00,0.0,0.0,14167.0,1,1.0,1999.819,0.0,1998.736,1995.934,1.0,15.605785714285682,1.0,0.0,0.0,20.0,0.0,1.0,1.0,1.0,0.3333333333333333,B
0.0,2032.377,0.0,1.0,0.0,2022-03-08 20:00:00,0.0,0.0,21181.0,1,0.0,2054.176,0.0,2043.828,2039.418,0.0,24.928571428571395,0.0,0.0,0.0,20.0,0.0,1.0,0.0,1.0,0.0,B
0.0,2035.119,0.0,2.0,0.0,2022-03-09 00:00:00,0.0,0.0,16050.0,1,0.0,2057.488,0.0,2056.885,2043.799,0.0,26.124642857142817,0.0,0.0,0.0,0.0,0.0,1.0,0.0,1.0,0.0,B
0.0,2038.172,0.0,2.0,0.0,2022-03-09 04:00:00,0.0,0.0,29656.0,1,0.0,2059.09,0.0,2045.892,2056.89,0.0,26.10578571428568,0.0,0.0,0.0,4.0,0.0,1.0,0.0,1.0,0.0,B
0.0,1974.103,0.0,3.0,0.0,2022-03-10 04:00:00,0.0,0.0,22700.0,1,0.0,1988.945,0.0,1975.163,1976.398,0.0,29.969142857142856,0.0,1.0,0.0,4.0,0.0,1.0,0.0,1.0,0.0,B
0.0,1993.921,0.0,3.0,0.0,2022-03-10 20:00:00,0.0,0.0,11466.0,1,0.0,2003.349,0.0,1995.387,1996.222,1.0,25.98885714285713,1.0,1.0,0.0,20.0,0.0,1.0,1.0,1.0,0.3333333333333333,B
0.0,1988.201,0.0,4.0,0.0,2022-03-11 00:00:00,0.0,0.0,16671.0,1,0.0,1997.308,0.0,1991.04,1995.388,1.0,23.12621428571428,1.0,1.0,0.0,0.0,0.0,1.0,1.0,1.0,0.3333333333333333,B
0.0,1980.871,0.0,4.0,0.0,2022-03-11 04:00:00,0.0,0.0,19917.0,0,0.0,1992.452,0.0,1991.398,1991.045,1.0,22.396357142857124,1.0,1.0,0.0,4.0,0.0,1.0,1.0,1.0,0.3333333333333333,B
0.0,1978.155,0.0,4.0,1.0,2022-03-11 16:00:00,0.0,0.0,31234.0,1,0.0,1989.94,0.0,1985.488,1980.534,1.0,20.43535714285711,1.0,1.0,0.0,16.0,0.0,1.0,1.0,1.0,0.3333333333333333,B
0.0,1982.142,0.0,4.0,0.0,2022-03-11 20:00:00,0.0,0.0,7979.0,0,0.0,1988.392,0.0,1988.147,1985.485,0.0,17.623785714285678,0.0,1.0,0.0,20.0,0.0,1.0,0.0,1.0,0.0,B
0.0,1970.76,0.0,6.0,0.0,2022-03-13 20:00:00,0.0,0.0,8520.0,1,0.0,1983.847,0.0,1974.302,1980.342,0.0,17.015428571428533,0.0,1.0,0.0,20.0,0.0,1.0,0.0,1.0,0.0,B
0.0,1970.051,0.0,0.0,0.0,2022-03-14 00:00:00,0.0,0.0,16333.0,1,0.0,1978.865,0.0,1975.642,1974.263,0.0,16.775285714285683,0.0,1.0,0.0,0.0,0.0,1.0,0.0,1.0,0.0,B
0.0,1954.337,0.0,0.0,1.0,2022-03-14 08:00:00,0.0,0.0,29335.0,1,0.0,1973.468,0.0,1965.288,1972.77,1.0,16.210357142857138,1.0,1.0,0.0,8.0,0.0,1.0,1.0,1.0,0.3333333333333333,B
0.0,1924.697,0.0,1.0,1.0,2022-03-15 04:00:00,0.0,0.0,24098.0,1,0.0,1942.336,0.0,1929.133,1942.154,1.0,14.030785714285733,1.0,0.0,0.0,4.0,0.0,1.0,1.0,1.0,0.3333333333333333,B
0.0,1913.874,0.0,1.0,0.0,2022-03-15 20:00:00,0.0,0.0,6168.0,1,0.0,1920.564,0.0,1918.085,1916.737,0.0,12.977000000000023,0.0,0.0,0.0,20.0,0.0,1.0,0.0,1.0,0.0,B
0.0,1917.17,0.0,2.0,0.0,2022-03-16 00:00:00,0.0,0.0,15822.0,1,0.0,1924.791,0.0,1918.053,1918.082,0.0,13.074928571428586,0.0,0.0,0.0,0.0,0.0,1.0,0.0,1.0,0.0,B
0.0,1912.397,0.0,2.0,0.0,2022-03-16 04:00:00,0.0,0.0,14447.0,1,0.0,1920.034,0.0,1916.166,1918.051,0.0,12.378500000000033,0.0,0.0,0.0,4.0,0.0,1.0,0.0,1.0,0.0,B
0.0,1911.517,0.0,2.0,1.0,2022-03-16 08:00:00,0.0,0.0,20881.0,0,0.0,1926.994,0.0,1924.64,1916.196,1.0,12.854428571428588,1.0,0.0,0.0,8.0,0.0,1.0,1.0,1.0,0.3333333333333333,B
0.0,1956.215,0.0,3.0,0.0,2022-03-24 20:00:00,0.0,0.0,5128.0,1,0.0,1962.332,0.0,1959.217,1961.502,1.0,10.366214285714282,1.0,1.0,0.0,20.0,0.0,1.0,1.0,1.0,0.3333333333333333,B
0.0,1954.787,0.0,6.0,0.0,2022-03-27 20:00:00,0.0,0.0,4352.0,0,0.0,1957.911,0.0,1957.209,1955.588,0.0,9.60600000000001,0.0,1.0,0.0,20.0,0.0,1.0,0.0,1.0,0.0,B
0.0,1918.945,0.0,0.0,0.0,2022-03-28 20:00:00,0.0,0.0,7641.0,1,0.0,1925.009,0.0,1924.041,1919.17,0.0,10.807357142857134,0.0,0.0,0.0,20.0,0.0,1.0,0.0,1.0,0.0,B
0.0,1921.346,0.0,1.0,0.0,2022-03-29 00:00:00,0.0,0.0,17190.0,0,0.0,1929.272,0.0,1925.188,1924.04,0.0,10.9365714285714,0.0,1.0,0.0,0.0,0.0,1.0,0.0,1.0,0.0,B
0.0,1974.766,0.0,2.0,1.0,2022-04-13 16:00:00,0.0,0.0,15554.0,1,0.0,1981.498,0.0,1978.061,1980.917,1.0,10.691499999999936,1.0,0.0,0.0,16.0,0.0,1.0,1.0,1.0,0.3333333333333333,B
0.0,1976.393,0.0,2.0,0.0,2022-04-13 20:00:00,0.0,0.0,4772.0,1,0.0,1979.089,0.0,1977.082,1978.093,0.0,9.168285714285648,0.0,0.0,0.0,20.0,0.0,1.0,0.0,1.0,0.0,B
0.0,1973.523,0.0,3.0,0.0,2022-04-14 00:00:00,0.0,0.0,12337.0,1,0.0,1980.308,0.0,1973.707,1977.047,0.0,8.65092857142851,0.0,0.0,0.0,0.0,0.0,1.0,0.0,1.0,0.0,B
0.0,1970.614,0.0,3.0,0.0,2022-04-14 04:00:00,0.0,0.0,14331.0,1,0.0,1978.147,0.0,1975.452,1973.676,0.0,8.887571428571375,0.0,0.0,0.0,4.0,0.0,1.0,0.0,1.0,0.0,B
0.0,1967.185,0.0,3.0,1.0,2022-04-14 08:00:00,0.0,0.0,17409.0,0,0.0,1979.024,0.0,1977.143,1975.484,1.0,9.068428571428512,1.0,0.0,0.0,8.0,0.0,1.0,1.0,1.0,0.3333333333333333,B
0.0,1971.638,0.0,3.0,0.0,2022-04-14 20:00:00,0.0,0.0,1024.0,1,0.0,1973.488,0.0,1973.111,1971.638,1.0,8.433642857142802,1.0,1.0,0.0,20.0,0.0,1.0,1.0,1.0,0.3333333333333333,B
0.0,1947.255,0.0,1.0,0.0,2022-04-19 20:00:00,0.0,0.0,7610.0,1,1.0,1951.513,0.0,1949.718,1948.077,1.0,10.063428571428547,1.0,1.0,0.0,20.0,0.0,1.0,1.0,1.0,0.3333333333333333,B
0.0,1949.288,0.0,2.0,0.0,2022-04-20 16:00:00,0.0,0.0,16510.0,0,0.0,1958.061,0.0,1957.875,1950.931,1.0,10.831285714285691,1.0,1.0,0.0,16.0,0.0,1.0,1.0,1.0,0.3333333333333333,B
0.0,1950.131,0.0,3.0,0.0,2022-04-21 00:00:00,0.0,0.0,13088.0,0,1.0,1957.397,0.0,1951.317,1956.794,1.0,9.49099999999997,1.0,1.0,0.0,0.0,0.0,1.0,1.0,1.0,0.3333333333333333,B
0.0,1855.882,0.0,2.0,0.0,2022-05-25 04:00:00,0.0,0.0,11429.0,1,0.0,1863.32,0.0,1858.58,1862.612,0.0,8.288499999999983,0.0,1.0,0.0,4.0,0.0,0.0,0.0,0.0,0.0,B
0.0,1852.763,0.0,2.0,0.0,2022-05-25 20:00:00,0.0,0.0,4179.0,0,0.0,1855.302,0.0,1853.974,1855.113,0.0,8.405285714285696,0.0,1.0,0.0,20.0,0.0,0.0,0.0,0.0,0.0,B
0.0,1850.208,0.0,3.0,0.0,2022-05-26 20:00:00,0.0,0.0,3904.0,1,0.0,1853.713,0.0,1852.799,1852.037,1.0,8.016428571428557,1.0,1.0,0.0,20.0,0.0,0.0,1.0,0.0,0.3333333333333333,B
0.0,1851.913,0.0,4.0,0.0,2022-05-27 04:00:00,0.0,0.0,11622.0,1,0.0,1858.659,0.0,1858.269,1854.503,1.0,8.398785714285689,1.0,1.0,0.0,4.0,0.0,0.0,1.0,0.0,0.3333333333333333,B
0.0,1851.958,0.0,4.0,0.0,2022-05-27 16:00:00,0.0,0.0,10031.0,0,0.0,1854.998,0.0,1853.413,1854.676,1.0,7.944214285714273,1.0,1.0,0.0,16.0,0.0,0.0,1.0,0.0,0.3333333333333333,B
0.0,1852.651,0.0,4.0,0.0,2022-05-27 20:00:00,0.0,0.0,1194.0,0,0.0,1854.411,0.0,1853.024,1853.383,1.0,6.941999999999991,1.0,1.0,0.0,20.0,0.0,0.0,1.0,0.0,0.3333333333333333,B
0.0,1848.661,0.0,0.0,1.0,2022-05-30 00:00:00,0.0,0.0,12017.0,0,0.0,1860.867,0.0,1860.564,1849.872,1.0,7.113214285714272,1.0,0.0,0.0,0.0,0.0,0.0,1.0,0.0,0.3333333333333333,B
0.0,1852.021,0.0,0.0,0.0,2022-05-30 20:00:00,0.0,0.0,3109.0,0,0.0,1856.885,0.0,1852.384,1855.907,1.0,5.852785714285703,1.0,1.0,0.0,20.0,0.0,0.0,1.0,0.0,0.3333333333333333,B
0.0,1864.156,0.0,4.0,0.0,2022-06-03 04:00:00,0.0,0.0,10374.0,1,0.0,1869.165,0.0,1864.605,1868.832,1.0,7.521357142857125,1.0,0.0,0.0,4.0,0.0,0.0,1.0,0.0,0.3333333333333333,B
0.0,1851.524,0.0,0.0,0.0,2022-06-06 04:00:00,0.0,0.0,10862.0,1,0.0,1856.626,0.0,1852.203,1856.073,1.0,6.593928571428592,1.0,1.0,0.0,4.0,0.0,0.0,1.0,0.0,0.3333333333333333,B
0.0,1840.639,0.0,0.0,1.0,2022-06-06 16:00:00,0.0,0.0,11466.0,0,0.0,1844.052,0.0,1842.124,1843.538,1.0,5.8553571428571685,1.0,1.0,0.0,16.0,0.0,0.0,1.0,0.0,0.3333333333333333,B
0.0,1848.709,0.0,1.0,0.0,2022-06-07 16:00:00,0.0,0.0,11908.0,0,0.0,1855.484,0.0,1854.328,1851.352,1.0,6.440214285714286,1.0,1.0,0.0,16.0,0.0,0.0,1.0,0.0,0.3333333333333333,B
0.0,1851.126,0.0,1.0,0.0,2022-06-07 20:00:00,0.0,0.0,4921.0,0,0.0,1854.587,0.0,1853.566,1854.332,1.0,6.356357142857145,1.0,1.0,0.0,20.0,0.0,0.0,1.0,0.0,0.3333333333333333,B
0.0,1846.724,0.0,2.0,0.0,2022-06-08 00:00:00,0.0,0.0,12145.0,1,0.0,1853.728,0.0,1846.762,1853.569,1.0,6.741000000000001,1.0,1.0,0.0,0.0,0.0,0.0,1.0,0.0,0.3333333333333333,B
0.0,1852.025,0.0,2.0,0.0,2022-06-08 16:00:00,0.0,0.0,11211.0,1,0.0,1858.823,0.0,1852.431,1858.353,1.0,7.726714285714268,1.0,1.0,0.0,16.0,0.0,0.0,1.0,0.0,0.3333333333333333,B
0.0,1850.854,0.0,3.0,0.0,2022-06-09 00:00:00,0.0,0.0,10505.0,0,0.0,1855.255,0.0,1855.059,1852.695,1.0,7.037428571428547,1.0,1.0,0.0,0.0,0.0,0.0,1.0,0.0,0.3333333333333333,B
0.0,1844.495,0.0,4.0,0.0,2022-06-10 00:00:00,0.0,0.0,10232.0,1,0.0,1848.212,0.0,1844.763,1846.945,1.0,6.342642857142859,1.0,1.0,0.0,0.0,0.0,0.0,1.0,0.0,0.3333333333333333,B
0.0,1870.422,0.0,4.0,0.0,2022-06-10 20:00:00,0.0,0.0,1920.0,1,0.0,1872.377,0.0,1871.532,1871.915,0.0,8.926785714285725,0.0,1.0,0.0,20.0,0.0,0.0,0.0,0.0,0.0,B
0.0,1809.14,0.0,0.0,0.0,2022-06-13 20:00:00,0.0,0.0,11583.0,1,0.0,1823.689,0.0,1821.013,1822.741,0.0,13.105285714285742,0.0,1.0,0.0,20.0,0.0,0.0,0.0,0.0,0.0,B
0.0,1723.49,0.0,4.0,0.0,2022-07-22 20:00:00,0.0,0.0,1848.0,0,0.0,1727.716,0.0,1727.469,1724.111,1.0,10.569785714285688,1.0,1.0,0.0,20.0,0.0,0.0,1.0,0.0,0.3333333333333333,B
0.0,1724.282,0.0,6.0,0.0,2022-07-24 20:00:00,0.0,0.0,3980.0,1,0.0,1727.089,0.0,1724.673,1726.25,1.0,9.912071428571412,1.0,1.0,0.0,20.0,0.0,0.0,1.0,0.0,0.3333333333333333,B
0.0,1715.466,0.0,0.0,0.0,2022-07-25 16:00:00,0.0,0.0,11376.0,1,0.0,1721.323,0.0,1719.038,1716.406,1.0,8.529785714285708,1.0,1.0,0.0,16.0,0.0,0.0,1.0,0.0,0.3333333333333333,B
0.0,1716.249,0.0,1.0,0.0,2022-07-26 16:00:00,0.0,0.0,11740.0,1,0.0,1720.183,0.0,1717.588,1716.965,0.0,7.278285714285728,0.0,1.0,0.0,16.0,0.0,0.0,0.0,0.0,0.0,B
0.0,1716.852,0.0,1.0,0.0,2022-07-26 20:00:00,0.0,0.0,4449.0,1,0.0,1718.582,0.0,1717.9,1717.558,0.0,6.621642857142872,0.0,1.0,0.0,20.0,0.0,0.0,0.0,0.0,0.0,B
0.0,1760.861,0.0,4.0,0.0,2022-07-29 16:00:00,0.0,0.0,13597.0,1,0.0,1766.641,0.0,1761.378,1765.884,1.0,10.396428571428569,1.0,0.0,0.0,16.0,0.0,0.0,1.0,0.0,0.3333333333333333,B
0.0,1760.893,0.0,6.0,0.0,2022-07-31 20:00:00,0.0,0.0,3687.0,1,0.0,1765.39,0.0,1762.141,1765.356,1.0,8.761500000000003,1.0,0.0,0.0,20.0,0.0,0.0,1.0,0.0,0.3333333333333333,B
0.0,1766.476,0.0,0.0,1.0,2022-08-01 16:00:00,0.0,0.0,12871.0,1,0.0,1773.374,0.0,1770.893,1768.861,1.0,8.043785714285702,1.0,0.0,0.0,16.0,0.0,0.0,1.0,0.0,0.3333333333333333,B
0.0,1770.769,0.0,0.0,0.0,2022-08-01 20:00:00,0.0,0.0,4126.0,1,0.0,1772.575,0.0,1772.228,1770.895,0.0,7.793642857142848,0.0,0.0,0.0,20.0,0.0,0.0,0.0,0.0,0.0,B
0.0,1754.784,0.0,1.0,0.0,2022-08-02 20:00:00,0.0,0.0,7963.0,1,0.0,1763.632,0.0,1756.675,1760.552,0.0,8.830642857142866,0.0,1.0,0.0,20.0,0.0,0.0,0.0,0.0,0.0,B
0.0,1764.83,0.0,2.0,0.0,2022-08-03 04:00:00,0.0,0.0,14702.0,1,0.0,1770.596,0.0,1766.129,1768.883,0.0,9.502357142857152,0.0,0.0,0.0,4.0,0.0,0.0,0.0,0.0,0.0,B
0.0,1757.437,0.0,2.0,0.0,2022-08-03 16:00:00,0.0,0.0,12827.0,0,0.0,1766.192,0.0,1765.19,1758.46,1.0,10.091785714285736,1.0,0.0,0.0,16.0,0.0,0.0,1.0,0.0,0.3333333333333333,B
0.0,1763.254,0.0,2.0,0.0,2022-08-03 20:00:00,0.0,0.0,4109.0,1,0.0,1765.985,0.0,1763.586,1765.156,1.0,9.49414285714288,1.0,0.0,0.0,20.0,0.0,0.0,1.0,0.0,0.3333333333333333,B
0.0,1769.038,0.0,3.0,0.0,2022-08-04 04:00:00,0.0,0.0,12309.0,1,0.0,1774.763,0.0,1773.005,1770.699,1.0,9.860785714285742,1.0,0.0,0.0,4.0,0.0,0.0,1.0,0.0,0.3333333333333333,B
0.0,1788.773,0.0,4.0,0.0,2022-08-05 00:00:00,0.0,0.0,11675.0,0,0.0,1794.863,0.0,1792.114,1793.347,1.0,9.12835714285716,1.0,0.0,0.0,0.0,0.0,0.0,1.0,0.0,0.3333333333333333,B
0.0,1788.517,0.0,4.0,0.0,2022-08-05 04:00:00,0.0,0.0,12180.0,0,0.0,1792.884,0.0,1790.502,1792.124,1.0,8.808285714285732,1.0,0.0,0.0,4.0,0.0,0.0,1.0,0.0,0.3333333333333333,B
0.0,1772.643,0.0,6.0,0.0,2022-08-07 20:00:00,0.0,0.0,3395.0,1,0.0,1775.046,0.0,1774.558,1773.369,1.0,7.838357142857133,1.0,0.0,0.0,20.0,0.0,0.0,1.0,0.0,0.3333333333333333,B
0.0,1783.531,0.0,1.0,0.0,2022-08-09 04:00:00,0.0,0.0,9932.0,1,0.0,1789.256,0.0,1787.086,1785.692,1.0,6.93514285714288,1.0,0.0,0.0,4.0,0.0,1.0,1.0,1.0,0.3333333333333333,B
0.0,1787.574,0.0,2.0,1.0,2022-08-10 04:00:00,0.0,0.0,10537.0,1,0.0,1791.75,0.0,1790.427,1791.24,1.0,6.17978571428575,1.0,0.0,0.0,4.0,0.0,1.0,1.0,1.0,0.3333333333333333,B
0.0,1789.935,0.0,2.0,0.0,2022-08-10 20:00:00,0.0,0.0,4360.0,1,0.0,1792.881,0.0,1791.66,1790.24,0.0,6.86728571428575,0.0,0.0,0.0,20.0,0.0,1.0,0.0,1.0,0.0,B
0.0,1785.538,0.0,3.0,0.0,2022-08-11 20:00:00,0.0,0.0,4630.0,1,0.0,1790.133,0.0,1788.95,1785.638,1.0,7.351785714285711,1.0,0.0,0.0,20.0,0.0,1.0,1.0,1.0,0.3333333333333333,B
0.0,1786.187,0.0,4.0,0.0,2022-08-12 00:00:00,0.0,0.0,9962.0,1,0.0,1791.4,0.0,1791.099,1788.923,1.0,7.3682142857143,1.0,0.0,0.0,0.0,0.0,1.0,1.0,1.0,0.3333333333333333,B
0.0,1793.925,0.0,0.0,0.0,2022-08-15 00:00:00,0.0,0.0,10502.0,0,0.0,1801.693,0.0,1795.358,1799.072,1.0,6.948285714285719,1.0,0.0,0.0,0.0,0.0,1.0,1.0,1.0,0.3333333333333333,B
0.0,1777.742,0.0,0.0,0.0,2022-08-15 20:00:00,0.0,0.0,5157.0,1,0.0,1780.399,0.0,1778.509,1778.91,1.0,7.317071428571451,1.0,1.0,0.0,20.0,0.0,1.0,1.0,1.0,0.3333333333333333,B
0.0,1776.815,0.0,1.0,0.0,2022-08-16 00:00:00,0.0,0.0,9800.0,0,0.0,1783.068,0.0,1781.249,1778.547,1.0,7.435500000000014,1.0,1.0,0.0,0.0,0.0,1.0,1.0,1.0,0.3333333333333333,B
0.0,1775.759,0.0,1.0,0.0,2022-08-16 04:00:00,0.0,0.0,9696.0,1,0.0,1782.071,0.0,1775.854,1781.242,1.0,7.513999999999994,1.0,1.0,0.0,4.0,0.0,1.0,1.0,1.0,0.3333333333333333,B
0.0,1772.752,0.0,1.0,1.0,2022-08-16 16:00:00,0.0,0.0,11186.0,1,0.0,1777.515,0.0,1775.766,1774.264,1.0,6.853357142857119,1.0,1.0,0.0,16.0,0.0,1.0,1.0,1.0,0.3333333333333333,B
0.0,1775.025,0.0,1.0,0.0,2022-08-16 20:00:00,0.0,0.0,3470.0,1,0.0,1775.984,0.0,1775.556,1775.733,0.0,6.407142857142828,0.0,1.0,0.0,20.0,0.0,1.0,0.0,1.0,0.0,B
0.0,1757.18,0.0,3.0,0.0,2022-08-18 20:00:00,0.0,0.0,4454.0,0,0.0,1759.659,0.0,1758.387,1759.567,0.0,6.912857142857141,0.0,1.0,0.0,20.0,0.0,1.0,0.0,1.0,0.0,B
0.0,1709.683,0.0,4.0,0.0,2022-09-09 00:00:00,0.0,0.0,12198.0,1,0.0,1720.582,0.0,1719.224,1710.618,1.0,9.64335714285718,1.0,1.0,0.0,0.0,0.0,0.0,1.0,0.0,0.3333333333333333,B
0.0,1712.226,0.0,0.0,0.0,2022-09-12 00:00:00,0.0,0.0,9984.0,1,0.0,1718.694,0.0,1713.598,1718.365,0.0,8.653357142857155,0.0,1.0,0.0,0.0,0.0,0.0,0.0,0.0,0.0,B
0.0,1724.052,0.0,0.0,0.0,2022-09-12 20:00:00,0.0,0.0,4151.0,1,0.0,1726.375,0.0,1725.246,1724.403,0.0,8.050071428571446,0.0,1.0,0.0,20.0,0.0,0.0,0.0,0.0,0.0,B
0.0,1720.712,0.0,1.0,0.0,2022-09-13 00:00:00,0.0,0.0,12958.0,1,0.0,1727.54,0.0,1721.335,1725.236,0.0,8.243142857142873,0.0,1.0,0.0,0.0,0.0,0.0,0.0,0.0,0.0,B
0.0,1719.994,0.0,1.0,0.0,2022-09-13 04:00:00,0.0,0.0,12895.0,1,0.0,1725.324,0.0,1723.826,1721.331,0.0,7.845357142857162,0.0,1.0,0.0,4.0,0.0,0.0,0.0,0.0,0.0,B
0.0,1700.646,0.0,1.0,0.0,2022-09-13 20:00:00,0.0,0.0,5539.0,1,0.0,1703.274,0.0,1702.097,1702.469,0.0,8.995999999999997,0.0,0.0,0.0,20.0,0.0,0.0,0.0,0.0,0.0,B
0.0,1695.193,0.0,2.0,0.0,2022-09-14 20:00:00,0.0,0.0,4200.0,0,0.0,1698.167,0.0,1697.512,1695.587,0.0,8.43985714285712,0.0,0.0,0.0,20.0,0.0,0.0,0.0,0.0,0.0,B
0.0,1685.335,0.0,3.0,0.0,2022-09-15 04:00:00,0.0,0.0,13992.0,1,0.0,1693.242,0.0,1689.789,1692.702,0.0,8.587785714285685,0.0,0.0,0.0,4.0,0.0,0.0,0.0,0.0,0.0,B
0.0,1723.73,0.0,1.0,0.0,2022-10-04 20:00:00,0.0,0.0,5175.0,0,0.0,1726.401,0.0,1725.563,1724.817,0.0,10.2153571428572,0.0,0.0,0.0,20.0,0.0,0.0,0.0,0.0,0.0,B
0.0,1714.782,0.0,2.0,0.0,2022-10-05 20:00:00,0.0,0.0,5410.0,1,0.0,1718.839,0.0,1718.379,1716.146,1.0,10.637142857142878,1.0,0.0,0.0,20.0,0.0,0.0,1.0,0.0,0.3333333333333333,B
0.0,1717.977,0.0,3.0,0.0,2022-10-06 00:00:00,0.0,0.0,14538.0,1,0.0,1724.201,0.0,1722.21,1718.416,0.0,10.07200000000002,0.0,0.0,0.0,0.0,0.0,0.0,0.0,0.0,0.0,B
0.0,1719.695,0.0,3.0,0.0,2022-10-06 04:00:00,0.0,0.0,16452.0,0,0.0,1725.491,0.0,1724.629,1722.199,0.0,10.17278571428572,0.0,0.0,0.0,4.0,0.0,0.0,0.0,0.0,0.0,B
0.0,1710.871,0.0,3.0,0.0,2022-10-06 20:00:00,0.0,0.0,4834.0,1,0.0,1714.609,0.0,1711.893,1714.342,0.0,8.842642857142875,0.0,0.0,0.0,20.0,0.0,0.0,0.0,0.0,0.0,B
0.0,1709.101,0.0,4.0,0.0,2022-10-07 00:00:00,0.0,0.0,12865.0,1,0.0,1713.357,0.0,1709.821,1711.869,0.0,8.468857142857148,0.0,0.0,0.0,0.0,0.0,0.0,0.0,0.0,0.0,B
0.0,1708.378,0.0,4.0,0.0,2022-10-07 04:00:00,0.0,0.0,15320.0,1,0.0,1714.03,0.0,1710.847,1709.806,0.0,8.68178571428572,0.0,0.0,0.0,4.0,0.0,0.0,0.0,0.0,0.0,B
0.0,1693.165,0.0,4.0,1.0,2022-10-07 16:00:00,0.0,0.0,18146.0,0,0.0,1707.178,0.0,1695.621,1703.136,1.0,9.525714285714296,1.0,1.0,0.0,16.0,0.0,0.0,1.0,0.0,0.3333333333333333,B
0.0,1694.369,0.0,4.0,0.0,2022-10-07 20:00:00,0.0,0.0,1889.0,1,0.0,1695.888,0.0,1695.001,1695.588,0.0,8.65628571428572,0.0,1.0,0.0,20.0,0.0,0.0,0.0,0.0,0.0,B
0.0,1695.794,0.0,6.0,0.0,2022-10-09 20:00:00,0.0,0.0,4572.0,0,0.0,1699.857,0.0,1696.694,1696.236,0.0,8.215714285714284,0.0,1.0,0.0,20.0,0.0,0.0,0.0,0.0,0.0,B
0.0,1666.748,0.0,0.0,1.0,2022-10-10 16:00:00,0.0,0.0,15815.0,1,0.0,1671.589,0.0,1668.964,1666.841,1.0,8.609642857142878,1.0,1.0,0.0,16.0,0.0,0.0,1.0,0.0,0.3333333333333333,B
0.0,1667.45,0.0,0.0,0.0,2022-10-10 20:00:00,0.0,0.0,4052.0,1,0.0,1670.221,0.0,1670.131,1668.995,0.0,8.218857142857148,0.0,1.0,0.0,20.0,0.0,0.0,0.0,0.0,0.0,B
0.0,1661.312,0.0,1.0,1.0,2022-10-11 00:00:00,0.0,0.0,16824.0,1,0.0,1673.527,0.0,1664.134,1670.1,1.0,8.82435714285717,1.0,1.0,0.0,0.0,0.0,0.0,1.0,0.0,0.3333333333333333,B
0.0,1663.881,0.0,1.0,0.0,2022-10-11 20:00:00,0.0,0.0,4963.0,1,0.0,1667.449,0.0,1664.037,1666.464,1.0,9.131071428571463,1.0,1.0,0.0,20.0,0.0,0.0,1.0,0.0,0.3333333333333333,B
0.0,1661.379,0.0,2.0,0.0,2022-10-12 00:00:00,0.0,0.0,16212.0,1,0.0,1666.831,0.0,1665.308,1664.015,1.0,9.412000000000036,1.0,1.0,0.0,0.0,0.0,0.0,1.0,0.0,0.3333333333333333,B
0.0,1672.523,0.0,2.0,0.0,2022-10-12 20:00:00,0.0,0.0,3852.0,0,0.0,1675.579,0.0,1674.483,1675.111,1.0,8.791928571428587,1.0,1.0,0.0,20.0,0.0,0.0,1.0,0.0,0.3333333333333333,B
0.0,1668.988,0.0,3.0,0.0,2022-10-13 00:00:00,0.0,0.0,10707.0,1,0.0,1675.422,0.0,1669.253,1674.46,1.0,8.905714285714307,1.0,1.0,0.0,0.0,0.0,0.0,1.0,0.0,0.3333333333333333,B
0.0,1666.987,0.0,3.0,0.0,2022-10-13 04:00:00,0.0,0.0,12035.0,0,0.0,1672.425,0.0,1672.278,1669.255,1.0,9.0962142857143,1.0,1.0,0.0,4.0,0.0,0.0,1.0,0.0,0.3333333333333333,B
0.0,1662.894,0.0,3.0,0.0,2022-10-13 20:00:00,0.0,0.0,5165.0,1,0.0,1666.587,0.0,1663.441,1663.87,1.0,10.051571428571426,1.0,1.0,0.0,20.0,0.0,0.0,1.0,0.0,0.3333333333333333,B
0.0,1648.887,0.0,0.0,0.0,2022-10-24 20:00:00,0.0,0.0,5186.0,0,0.0,1652.547,0.0,1651.742,1650.295,1.0,9.83700000000002,1.0,1.0,0.0,20.0,0.0,0.0,1.0,0.0,0.3333333333333333,B
0.0,1644.435,0.0,1.0,0.0,2022-10-25 04:00:00,0.0,0.0,14740.0,1,0.0,1652.19,0.0,1645.149,1651.562,1.0,10.176857142857184,1.0,1.0,0.0,4.0,0.0,0.0,1.0,0.0,0.3333333333333333,B
0.0,1651.066,0.0,1.0,0.0,2022-10-25 20:00:00,0.0,0.0,6532.0,1,0.0,1653.931,0.0,1652.755,1653.931,1.0,8.795000000000025,1.0,1.0,0.0,20.0,0.0,0.0,1.0,0.0,0.3333333333333333,B
0.0,1663.237,0.0,2.0,0.0,2022-10-26 20:00:00,0.0,0.0,6038.0,1,0.0,1667.555,0.0,1667.513,1664.748,1.0,8.535214285714298,1.0,1.0,0.0,20.0,0.0,0.0,1.0,0.0,0.3333333333333333,B
0.0,1659.024,0.0,3.0,0.0,2022-10-27 04:00:00,0.0,0.0,16977.0,0,0.0,1669.652,0.0,1662.684,1664.587,1.0,9.2885,1.0,1.0,0.0,4.0,0.0,0.0,1.0,0.0,0.3333333333333333,B
0.0,1661.003,0.0,3.0,0.0,2022-10-27 20:00:00,0.0,0.0,8529.0,0,0.0,1663.441,0.0,1661.862,1662.264,1.0,7.656571428571445,1.0,1.0,0.0,20.0,0.0,0.0,1.0,0.0,0.3333333333333333,B
0.0,1638.854,0.0,4.0,0.0,2022-10-28 16:00:00,0.0,0.0,14133.0,0,0.0,1645.203,0.0,1645.152,1639.607,1.0,8.301142857142898,1.0,1.0,0.0,16.0,0.0,0.0,1.0,0.0,0.3333333333333333,B
0.0,1643.762,0.0,4.0,0.0,2022-10-28 20:00:00,0.0,0.0,1830.0,0,0.0,1645.872,0.0,1644.448,1645.115,0.0,7.591428571428618,0.0,1.0,0.0,20.0,0.0,0.0,0.0,0.0,0.0,B
0.0,1643.003,0.0,6.0,0.0,2022-10-30 20:00:00,0.0,0.0,4695.0,1,0.0,1645.373,0.0,1643.446,1643.727,0.0,7.374500000000061,0.0,1.0,0.0,20.0,0.0,0.0,0.0,0.0,0.0,B
0.0,1635.609,0.0,0.0,1.0,2022-10-31 08:00:00,0.0,0.0,16574.0,1,0.0,1642.019,0.0,1639.772,1641.132,1.0,6.841357142857207,1.0,1.0,0.0,8.0,0.0,0.0,1.0,0.0,0.3333333333333333,B
0.0,1776.695,0.0,1.0,0.0,2022-11-15 20:00:00,0.0,0.0,11947.0,0,0.0,1781.192,0.0,1780.746,1778.524,1.0,10.343785714285705,1.0,0.0,0.0,20.0,0.0,1.0,1.0,1.0,0.3333333333333333,B
0.0,1770.272,0.0,2.0,0.0,2022-11-16 04:00:00,0.0,0.0,18818.0,1,0.0,1777.691,0.0,1776.719,1771.845,1.0,10.353,1.0,0.0,0.0,4.0,0.0,1.0,1.0,1.0,0.3333333333333333,B
0.0,1770.898,0.0,2.0,0.0,2022-11-16 16:00:00,0.0,0.0,18687.0,1,0.0,1779.994,0.0,1774.443,1779.635,1.0,10.673642857142877,1.0,0.0,0.0,16.0,0.0,1.0,1.0,1.0,0.3333333333333333,B
0.0,1772.977,0.0,2.0,0.0,2022-11-16 20:00:00,0.0,0.0,7811.0,0,0.0,1776.128,0.0,1773.843,1774.434,1.0,9.503428571428572,1.0,0.0,0.0,20.0,0.0,1.0,1.0,1.0,0.3333333333333333,B
0.0,1763.04,0.0,3.0,0.0,2022-11-17 00:00:00,0.0,0.0,13638.0,1,0.0,1774.762,0.0,1763.884,1773.862,1.0,9.813214285714285,1.0,0.0,0.0,0.0,0.0,1.0,1.0,1.0,0.3333333333333333,B
0.0,1761.256,0.0,3.0,0.0,2022-11-17 04:00:00,0.0,0.0,14780.0,1,0.0,1768.993,0.0,1766.932,1763.916,1.0,9.993428571428565,1.0,0.0,0.0,4.0,0.0,1.0,1.0,1.0,0.3333333333333333,B
0.0,1759.341,0.0,3.0,0.0,2022-11-17 20:00:00,0.0,0.0,7128.0,1,0.0,1761.365,0.0,1760.058,1760.756,0.0,8.73492857142857,0.0,0.0,0.0,20.0,0.0,1.0,0.0,1.0,0.0,B
0.0,1761.111,0.0,4.0,0.0,2022-11-18 04:00:00,0.0,0.0,12811.0,0,0.0,1766.857,0.0,1765.532,1764.812,0.0,7.964785714285703,0.0,0.0,0.0,4.0,0.0,1.0,0.0,1.0,0.0,B
0.0,1747.592,0.0,4.0,0.0,2022-11-18 20:00:00,0.0,0.0,4844.0,1,1.0,1751.078,0.0,1750.852,1748.331,1.0,7.90107142857138,1.0,0.0,0.0,20.0,0.0,1.0,1.0,1.0,0.3333333333333333,B
0.0,1750.869,0.0,6.0,0.0,2022-11-20 20:00:00,0.0,0.0,2432.0,0,1.0,1752.595,0.0,1752.261,1751.196,1.0,7.37585714285709,1.0,0.0,0.0,20.0,0.0,1.0,1.0,1.0,0.3333333333333333,B
0.0,1774.618,0.0,3.0,0.0,2022-12-01 04:00:00,0.0,0.0,16539.0,1,0.0,1783.658,0.0,1775.374,1776.543,0.0,8.953642857142865,0.0,1.0,0.0,4.0,0.0,1.0,0.0,1.0,0.0,B
0.0,1795.526,0.0,4.0,0.0,2022-12-02 00:00:00,0.0,0.0,13380.0,1,1.0,1802.49,0.0,1798.165,1802.284,1.0,9.529428571428571,1.0,0.0,0.0,0.0,0.0,1.0,1.0,1.0,0.3333333333333333,B
0.0,1795.794,0.0,4.0,0.0,2022-12-02 04:00:00,0.0,0.0,14552.0,1,1.0,1802.506,0.0,1801.664,1798.18,1.0,9.826214285714286,1.0,0.0,0.0,4.0,0.0,1.0,1.0,1.0,0.3333333333333333,B
0.0,1797.141,0.0,4.0,0.0,2022-12-02 20:00:00,0.0,0.0,5522.0,1,0.0,1799.446,0.0,1797.945,1798.485,1.0,10.480285714285694,1.0,0.0,0.0,20.0,0.0,1.0,1.0,1.0,0.3333333333333333,B
0.0,1766.618,0.0,0.0,0.0,2022-12-05 20:00:00,0.0,0.0,7575.0,1,0.0,1770.278,0.0,1769.348,1768.098,1.0,9.88878571428568,1.0,1.0,0.0,20.0,0.0,1.0,1.0,1.0,0.3333333333333333,B
0.0,1768.255,0.0,1.0,0.0,2022-12-06 00:00:00,0.0,0.0,15452.0,1,0.0,1776.251,0.0,1771.976,1769.314,1.0,10.22257142857138,1.0,1.0,0.0,0.0,0.0,1.0,1.0,1.0,0.3333333333333333,B
0.0,1770.232,0.0,1.0,0.0,2022-12-06 20:00:00,0.0,0.0,6173.0,1,0.0,1772.711,0.0,1770.915,1771.368,1.0,9.04928571428567,1.0,1.0,0.0,20.0,0.0,1.0,1.0,1.0,0.3333333333333333,B
0.0,1768.683,0.0,2.0,0.0,2022-12-07 00:00:00,0.0,0.0,13439.0,1,0.0,1775.166,0.0,1773.149,1770.918,1.0,9.347714285714249,1.0,1.0,0.0,0.0,0.0,1.0,1.0,1.0,0.3333333333333333,B
0.0,1785.417,0.0,2.0,0.0,2022-12-07 20:00:00,0.0,0.0,6608.0,1,0.0,1790.104,0.0,1786.964,1789.765,1.0,8.333499999999958,1.0,1.0,0.0,20.0,0.0,1.0,1.0,1.0,0.3333333333333333,B
0.0,1781.372,0.0,3.0,0.0,2022-12-08 00:00:00,0.0,0.0,13291.0,1,0.0,1788.067,0.0,1783.872,1786.974,1.0,7.839499999999963,1.0,1.0,0.0,0.0,0.0,1.0,1.0,1.0,0.3333333333333333,B
0.0,1781.819,0.0,3.0,0.0,2022-12-08 04:00:00,0.0,0.0,12008.0,1,0.0,1787.104,0.0,1785.908,1783.866,1.0,7.955571428571391,1.0,1.0,0.0,4.0,0.0,1.0,1.0,1.0,0.3333333333333333,B
0.0,1790.955,0.0,4.0,0.0,2022-12-09 04:00:00,0.0,0.0,12321.0,1,0.0,1797.668,0.0,1792.727,1795.191,0.0,7.29157142857142,0.0,1.0,0.0,4.0,0.0,1.0,0.0,1.0,0.0,B
0.0,1794.761,0.0,4.0,0.0,2022-12-09 20:00:00,0.0,0.0,4969.0,0,0.0,1799.696,0.0,1797.455,1799.653,0.0,7.930500000000019,0.0,0.0,0.0,20.0,0.0,1.0,0.0,1.0,0.0,B
0.0,1794.757,0.0,6.0,0.0,2022-12-11 20:00:00,0.0,0.0,2137.0,0,0.0,1796.635,0.0,1794.954,1795.942,0.0,7.108571428571444,0.0,1.0,0.0,20.0,0.0,1.0,0.0,1.0,0.0,B
0.0,1786.757,0.0,0.0,1.0,2022-12-12 00:00:00,0.0,0.0,13348.0,1,0.0,1794.949,0.0,1787.474,1794.938,1.0,7.359285714285712,1.0,1.0,0.0,0.0,0.0,1.0,1.0,1.0,0.3333333333333333,B
0.0,1785.437,0.0,0.0,0.0,2022-12-12 04:00:00,0.0,0.0,12510.0,1,0.0,1791.935,0.0,1791.216,1787.476,0.0,7.345214285714292,0.0,1.0,0.0,4.0,0.0,1.0,0.0,1.0,0.0,B
0.0,1788.954,0.0,0.0,1.0,2022-12-12 08:00:00,0.0,0.0,14401.0,0,0.0,1795.446,0.0,1794.344,1791.219,1.0,7.431428571428569,1.0,1.0,0.0,8.0,0.0,1.0,1.0,1.0,0.3333333333333333,B
0.0,1780.983,0.0,1.0,0.0,2022-12-13 00:00:00,0.0,0.0,10887.0,1,0.0,1786.0,0.0,1782.452,1781.894,1.0,7.67328571428571,1.0,1.0,0.0,0.0,0.0,1.0,1.0,1.0,0.3333333333333333,B
0.0,1781.091,0.0,1.0,0.0,2022-12-13 04:00:00,0.0,0.0,11302.0,0,0.0,1788.586,0.0,1787.932,1782.483,1.0,7.695214285714282,1.0,1.0,0.0,4.0,0.0,1.0,1.0,1.0,0.3333333333333333,B
0.0,1809.364,0.0,1.0,0.0,2022-12-13 20:00:00,0.0,0.0,8260.0,0,0.0,1812.576,0.0,1809.588,1811.345,1.0,8.574428571428566,1.0,0.0,0.0,20.0,0.0,1.0,1.0,1.0,0.3333333333333333,B
0.0,1787.514,0.0,3.0,0.0,2022-12-15 04:00:00,0.0,0.0,15048.0,0,0.0,1796.393,0.0,1788.881,1793.085,1.0,10.220000000000011,1.0,1.0,0.0,4.0,0.0,1.0,1.0,1.0,0.3333333333333333,B
0.0,1805.094,0.0,3.0,0.0,2022-12-29 00:00:00,0.0,0.0,10861.0,1,0.0,1809.34,0.0,1807.547,1805.728,1.0,8.758142857142843,1.0,1.0,0.0,0.0,0.0,1.0,1.0,1.0,0.3333333333333333,B
0.0,1804.8,0.0,3.0,0.0,2022-12-29 04:00:00,0.0,0.0,10602.0,1,0.0,1810.106,0.0,1806.281,1807.579,1.0,8.807285714285708,1.0,1.0,0.0,4.0,0.0,1.0,1.0,1.0,0.3333333333333333,B
0.0,1813.706,0.0,3.0,0.0,2022-12-29 20:00:00,0.0,0.0,6080.0,1,0.0,1817.232,0.0,1815.096,1817.23,1.0,7.800428571428564,1.0,1.0,0.0,20.0,0.0,1.0,1.0,1.0,0.3333333333333333,B
0.0,1814.722,0.0,4.0,0.0,2022-12-30 00:00:00,0.0,0.0,10199.0,1,0.0,1819.076,0.0,1816.893,1815.108,1.0,6.975857142857145,1.0,1.0,0.0,0.0,0.0,1.0,1.0,1.0,0.3333333333333333,B
0.0,1821.405,0.0,4.0,0.0,2022-12-30 20:00:00,0.0,0.0,5118.0,1,0.0,1824.68,0.0,1823.51,1821.681,1.0,7.241785714285697,1.0,1.0,0.0,20.0,0.0,1.0,1.0,1.0,0.3333333333333333,B
0.0,1836.484,0.0,1.0,0.0,2023-01-03 20:00:00,0.0,1.0,8048.0,1,0.0,1839.853,0.0,1836.522,1839.045,1.0,9.835285714285728,1.0,0.0,0.0,20.0,0.0,1.0,1.0,1.0,0.3333333333333333,B
0.0,1851.319,0.0,2.0,0.0,2023-01-04 20:00:00,0.0,0.0,8663.0,1,0.0,1857.144,0.0,1854.827,1852.427,0.0,11.376500000000046,0.0,0.0,0.0,20.0,0.0,1.0,0.0,1.0,0.0,B
0.0,1847.863,0.0,3.0,0.0,2023-01-05 04:00:00,0.0,0.0,14346.0,1,1.0,1855.609,0.0,1849.273,1853.292,1.0,11.604857142857163,1.0,0.0,0.0,4.0,0.0,1.0,1.0,1.0,0.3333333333333333,B
0.0,1831.544,0.0,3.0,0.0,2023-01-05 20:00:00,0.0,0.0,7088.0,1,0.0,1834.246,0.0,1832.799,1834.246,1.0,10.059571428571433,1.0,1.0,0.0,20.0,0.0,1.0,1.0,1.0,0.3333333333333333,B
0.0,1831.265,0.0,4.0,0.0,2023-01-06 00:00:00,0.0,0.0,13351.0,1,0.0,1840.824,0.0,1839.281,1832.8,1.0,9.886285714285709,1.0,1.0,0.0,0.0,0.0,1.0,1.0,1.0,0.3333333333333333,B
0.0,1835.731,0.0,4.0,0.0,2023-01-06 04:00:00,0.0,0.0,12906.0,1,0.0,1840.649,0.0,1838.339,1839.277,1.0,9.996928571428546,1.0,1.0,0.0,4.0,0.0,1.0,1.0,1.0,0.3333333333333333,B
0.0,1865.636,0.0,4.0,0.0,2023-01-06 20:00:00,0.0,0.0,5508.0,1,0.0,1869.312,0.0,1865.989,1868.811,1.0,10.177071428571384,1.0,0.0,0.0,20.0,0.0,1.0,1.0,1.0,0.3333333333333333,B
0.0,1870.49,0.0,0.0,1.0,2023-01-09 08:00:00,0.0,0.0,18113.0,1,0.0,1876.916,0.0,1873.012,1875.059,1.0,9.986714285714228,1.0,0.0,0.0,8.0,0.0,1.0,1.0,1.0,0.3333333333333333,B
0.0,1869.176,0.0,0.0,0.0,2023-01-09 20:00:00,0.0,0.0,7765.0,1,0.0,1875.158,0.0,1870.49,1875.158,1.0,8.668142857142811,1.0,0.0,0.0,20.0,0.0,1.0,1.0,1.0,0.3333333333333333,B
0.0,1867.789,0.0,1.0,0.0,2023-01-10 00:00:00,0.0,0.0,15889.0,1,0.0,1875.925,0.0,1871.82,1870.477,1.0,9.05414285714281,1.0,0.0,0.0,0.0,0.0,1.0,1.0,1.0,0.3333333333333333,B
0.0,1875.908,0.0,1.0,0.0,2023-01-10 20:00:00,0.0,0.0,6345.0,1,0.0,1878.673,0.0,1877.167,1876.591,0.0,6.863857142857147,0.0,0.0,0.0,20.0,0.0,1.0,0.0,1.0,0.0,B
0.0,1872.009,0.0,2.0,0.0,2023-01-11 00:00:00,0.0,0.0,12759.0,1,0.0,1878.396,0.0,1877.662,1877.196,0.0,7.0575000000000045,0.0,0.0,0.0,0.0,0.0,1.0,0.0,1.0,0.0,B
0.0,1876.908,0.0,2.0,1.0,2023-01-11 04:00:00,0.0,0.0,14108.0,1,0.0,1884.555,0.0,1881.597,1877.698,1.0,7.325142857142883,1.0,0.0,0.0,4.0,0.0,1.0,1.0,1.0,0.3333333333333333,B
0.0,1874.466,0.0,2.0,0.0,2023-01-11 20:00:00,0.0,0.0,6751.0,1,0.0,1878.045,0.0,1876.939,1877.71,1.0,7.278357142857219,1.0,0.0,0.0,20.0,0.0,1.0,1.0,1.0,0.3333333333333333,B
0.0,1879.851,0.0,3.0,0.0,2023-01-12 04:00:00,0.0,0.0,12137.0,1,0.0,1884.961,0.0,1882.439,1883.523,1.0,7.174500000000064,1.0,0.0,0.0,4.0,0.0,1.0,1.0,1.0,0.3333333333333333,B
0.0,1916.844,0.0,6.0,0.0,2023-01-15 20:00:00,0.0,0.0,2928.0,1,0.0,1920.45,0.0,1916.893,1919.066,0.0,9.507285714285738,0.0,0.0,0.0,20.0,0.0,1.0,0.0,1.0,0.0,B
0.0,1913.343,0.0,0.0,0.0,2023-01-16 04:00:00,0.0,0.0,13901.0,0,0.0,1926.994,0.0,1917.11,1926.34,1.0,10.463357142857133,1.0,0.0,0.0,4.0,0.0,1.0,1.0,1.0,0.3333333333333333,B
0.0,1912.765,0.0,0.0,0.0,2023-01-16 16:00:00,0.0,0.0,6115.0,0,0.0,1916.066,0.0,1915.082,1915.982,1.0,8.981999999999987,1.0,0.0,0.0,16.0,0.0,1.0,1.0,1.0,0.3333333333333333,B
0.0,1902.275,0.0,2.0,0.0,2023-01-18 20:00:00,0.0,0.0,7999.0,1,0.0,1907.306,0.0,1906.818,1905.092,1.0,8.337285714285713,1.0,0.0,0.0,20.0,0.0,1.0,1.0,1.0,0.3333333333333333,B
0.0,1906.368,0.0,3.0,0.0,2023-01-19 04:00:00,0.0,0.0,14929.0,1,0.0,1912.885,0.0,1911.28,1908.95,1.0,9.026857142857123,1.0,0.0,0.0,4.0,0.0,1.0,1.0,1.0,0.3333333333333333,B
0.0,1929.281,0.0,3.0,0.0,2023-01-19 20:00:00,0.0,0.0,9673.0,1,0.0,1935.129,0.0,1931.68,1929.62,0.0,9.904071428571408,0.0,0.0,0.0,20.0,0.0,1.0,0.0,1.0,0.0,B
0.0,1925.9,0.0,4.0,0.0,2023-01-20 20:00:00,0.0,0.0,5023.0,1,0.0,1929.944,0.0,1925.916,1929.629,1.0,9.237357142857132,1.0,0.0,0.0,20.0,0.0,1.0,1.0,1.0,0.3333333333333333,B
0.0,1924.189,0.0,6.0,0.0,2023-01-22 20:00:00,0.0,0.0,2521.0,1,0.0,1927.327,0.0,1927.258,1924.243,1.0,8.662071428571412,1.0,0.0,0.0,20.0,0.0,1.0,1.0,1.0,0.3333333333333333,B
0.0,1927.232,0.0,0.0,0.0,2023-01-23 00:00:00,0.0,0.0,11990.0,0,0.0,1935.466,0.0,1930.603,1927.232,1.0,8.890857142857126,1.0,0.0,0.0,0.0,0.0,1.0,1.0,1.0,0.3333333333333333,B
0.0,1925.96,0.0,0.0,0.0,2023-01-23 20:00:00,0.0,0.0,7598.0,1,0.0,1932.692,0.0,1931.325,1926.407,1.0,8.829428571428561,1.0,0.0,0.0,20.0,0.0,1.0,1.0,1.0,0.3333333333333333,B
0.0,1930.77,0.0,1.0,0.0,2023-01-24 00:00:00,0.0,0.0,9893.0,1,0.0,1937.001,0.0,1933.435,1931.313,1.0,8.856785714285706,1.0,0.0,0.0,0.0,0.0,1.0,1.0,1.0,0.3333333333333333,B
0.0,1936.271,0.0,1.0,0.0,2023-01-24 20:00:00,0.0,0.0,6418.0,1,0.0,1938.191,0.0,1936.963,1938.087,1.0,9.107928571428554,1.0,0.0,0.0,20.0,0.0,1.0,1.0,1.0,0.3333333333333333,B
0.0,1928.724,0.0,2.0,0.0,2023-01-25 00:00:00,0.0,0.0,12104.0,1,0.0,1939.66,0.0,1931.738,1936.953,1.0,9.600214285714287,1.0,0.0,0.0,0.0,0.0,1.0,1.0,1.0,0.3333333333333333,B
0.0,1938.023,0.0,3.0,0.0,2023-01-26 04:00:00,0.0,0.0,14477.0,1,0.0,1948.919,0.0,1942.906,1947.675,1.0,10.145285714285754,1.0,0.0,0.0,4.0,0.0,1.0,1.0,1.0,0.3333333333333333,B
0.0,1928.269,0.0,3.0,0.0,2023-01-26 20:00:00,0.0,0.0,6713.0,1,0.0,1931.215,0.0,1930.718,1931.215,1.0,10.321857142857182,1.0,0.0,0.0,20.0,0.0,1.0,1.0,1.0,0.3333333333333333,B
0.0,1923.868,0.0,4.0,0.0,2023-01-27 00:00:00,0.0,0.0,11887.0,1,0.0,1934.79,0.0,1924.694,1930.679,0.0,10.524857142857188,0.0,1.0,0.0,0.0,0.0,1.0,0.0,1.0,0.0,B
0.0,1919.812,0.0,4.0,0.0,2023-01-27 04:00:00,0.0,0.0,13009.0,1,0.0,1925.706,0.0,1923.093,1924.699,0.0,10.808714285714329,0.0,1.0,0.0,4.0,0.0,1.0,0.0,1.0,0.0,B
0.0,1922.962,0.0,4.0,1.0,2023-01-27 08:00:00,0.0,0.0,14660.0,1,0.0,1931.398,0.0,1930.093,1923.126,1.0,10.630142857142882,1.0,1.0,0.0,8.0,0.0,1.0,1.0,1.0,0.3333333333333333,B
0.0,1926.162,0.0,4.0,0.0,2023-01-27 20:00:00,0.0,0.0,5077.0,0,0.0,1930.54,0.0,1928.265,1929.904,1.0,10.264071428571452,1.0,1.0,0.0,20.0,0.0,1.0,1.0,1.0,0.3333333333333333,B
0.0,1926.408,0.0,6.0,0.0,2023-01-29 20:00:00,0.0,0.0,2431.0,1,0.0,1928.918,0.0,1928.854,1926.737,1.0,9.415285714285735,1.0,1.0,0.0,20.0,0.0,1.0,1.0,1.0,0.3333333333333333,B
0.0,1921.162,0.0,0.0,0.0,2023-01-30 20:00:00,0.0,0.0,6916.0,0,0.0,1923.598,0.0,1922.089,1923.278,1.0,7.520928571428564,1.0,1.0,0.0,20.0,0.0,1.0,1.0,1.0,0.3333333333333333,B
0.0,1911.211,0.0,3.0,0.0,2023-02-02 20:00:00,0.0,0.0,12162.0,1,0.0,1915.405,0.0,1915.002,1913.172,1.0,11.051214285714243,1.0,1.0,0.0,20.0,0.0,1.0,1.0,1.0,0.3333333333333333,B
0.0,1842.241,0.0,0.0,0.0,2023-02-20 12:00:00,0.0,0.0,10979.0,0,0.0,1846.897,0.0,1843.193,1844.758,1.0,8.3002142857143,1.0,0.0,0.0,12.0,0.0,0.0,1.0,0.0,0.3333333333333333,B
0.0,1840.239,0.0,0.0,0.0,2023-02-20 16:00:00,0.0,0.0,4956.0,0,0.0,1843.978,0.0,1841.069,1843.183,1.0,7.643285714285737,1.0,0.0,0.0,16.0,0.0,0.0,1.0,0.0,0.3333333333333333,B
0.0,1823.143,0.0,3.0,0.0,2023-02-23 00:00:00,0.0,0.0,12325.0,1,0.0,1830.414,0.0,1827.855,1825.086,0.0,7.089285714285698,0.0,0.0,0.0,0.0,0.0,0.0,0.0,0.0,0.0,B
0.0,1822.944,0.0,4.0,1.0,2023-02-24 00:00:00,0.0,0.0,14182.0,0,0.0,1827.755,0.0,1825.692,1823.187,1.0,6.800928571428569,1.0,1.0,0.0,0.0,0.0,0.0,1.0,0.0,0.3333333333333333,B
0.0,1845.604,0.0,0.0,0.0,2023-03-06 20:00:00,0.0,0.0,5909.0,1,0.0,1847.252,0.0,1846.323,1846.072,0.0,5.865357142857111,0.0,1.0,0.0,20.0,0.0,0.0,0.0,0.0,0.0,B
0.0,1844.02,0.0,1.0,0.0,2023-03-07 00:00:00,0.0,0.0,12087.0,1,0.0,1850.432,0.0,1847.538,1846.303,0.0,6.093571428571392,0.0,1.0,0.0,0.0,0.0,0.0,0.0,0.0,0.0,B
0.0,1845.366,0.0,1.0,0.0,2023-03-07 04:00:00,0.0,0.0,10969.0,0,0.0,1851.468,0.0,1848.436,1847.53,0.0,6.265214285714267,0.0,1.0,0.0,4.0,0.0,0.0,0.0,0.0,0.0,B
0.0,1812.834,0.0,2.0,0.0,2023-03-08 20:00:00,0.0,0.0,5961.0,1,0.0,1816.312,0.0,1815.196,1816.264,1.0,7.772071428571427,1.0,1.0,0.0,20.0,0.0,0.0,1.0,0.0,0.3333333333333333,B
0.0,1811.922,0.0,3.0,0.0,2023-03-09 00:00:00,0.0,0.0,10363.0,1,0.0,1816.446,0.0,1813.708,1815.209,1.0,7.545928571428557,1.0,1.0,0.0,0.0,0.0,0.0,1.0,0.0,0.3333333333333333,B
0.0,1812.696,0.0,3.0,0.0,2023-03-09 04:00:00,0.0,0.0,10002.0,1,0.0,1816.008,0.0,1814.774,1813.712,1.0,7.664785714285715,1.0,1.0,0.0,4.0,0.0,0.0,1.0,0.0,0.3333333333333333,B
0.0,1828.954,0.0,3.0,0.0,2023-03-09 20:00:00,0.0,0.0,8537.0,1,0.0,1832.295,0.0,1831.569,1830.545,0.0,7.065999999999998,0.0,1.0,0.0,20.0,0.0,0.0,0.0,0.0,0.0,B
0.0,1863.514,0.0,4.0,0.0,2023-03-10 20:00:00,0.0,0.0,9150.0,1,0.0,1870.031,0.0,1867.109,1863.842,0.0,9.475142857142844,0.0,0.0,0.0,20.0,0.0,0.0,0.0,0.0,0.0,B
0.0,1902.565,0.0,1.0,0.0,2023-03-14 00:00:00,0.0,0.0,16383.0,1,0.0,1914.113,0.0,1902.877,1912.055,0.0,14.319428571428537,0.0,0.0,0.0,0.0,0.0,1.0,0.0,1.0,0.0,B
0.0,1896.302,0.0,2.0,0.0,2023-03-15 04:00:00,0.0,0.0,14488.0,1,0.0,1903.416,0.0,1896.456,1902.844,0.0,11.728785714285696,0.0,0.0,0.0,4.0,0.0,1.0,0.0,1.0,0.0,B
0.0,1916.128,0.0,2.0,0.0,2023-03-15 20:00:00,0.0,0.0,5478.0,1,0.0,1922.796,0.0,1921.155,1916.747,1.0,12.341428571428551,1.0,0.0,0.0,20.0,0.0,1.0,1.0,1.0,0.3333333333333333,B
0.0,1912.189,0.0,3.0,0.0,2023-03-16 04:00:00,0.0,0.0,20161.0,1,0.0,1920.675,0.0,1916.643,1913.208,1.0,13.06335714285714,1.0,0.0,0.0,4.0,0.0,1.0,1.0,1.0,0.3333333333333333,B
0.0,1915.759,0.0,3.0,0.0,2023-03-16 08:00:00,0.0,0.0,21875.0,1,0.0,1927.035,0.0,1926.878,1916.673,1.0,13.043928571428571,1.0,0.0,0.0,8.0,0.0,1.0,1.0,1.0,0.3333333333333333,B
0.0,1918.196,0.0,4.0,0.0,2023-03-17 00:00:00,0.0,0.0,16205.0,1,0.0,1929.655,0.0,1927.635,1921.306,1.0,12.524999999999991,1.0,0.0,0.0,0.0,0.0,1.0,1.0,1.0,0.3333333333333333,B
0.0,1927.209,0.0,4.0,0.0,2023-03-17 04:00:00,0.0,0.0,16455.0,1,0.0,1934.278,0.0,1930.282,1927.653,1.0,12.870642857142846,1.0,0.0,0.0,4.0,0.0,1.0,1.0,1.0,0.3333333333333333,B
0.0,1975.037,0.0,6.0,0.0,2023-03-19 20:00:00,0.0,0.0,11961.0,1,0.0,1988.132,0.0,1976.936,1985.925,0.0,13.623642857142872,0.0,0.0,0.0,20.0,0.0,1.0,0.0,1.0,0.0,B
0.0,1968.114,0.0,0.0,1.0,2023-03-20 00:00:00,0.0,0.0,22701.0,1,0.0,1978.387,0.0,1973.311,1976.968,1.0,13.88114285714286,1.0,0.0,0.0,0.0,0.0,1.0,1.0,1.0,0.3333333333333333,B
0.0,1962.639,0.0,1.0,1.0,2023-03-21 08:00:00,0.0,0.0,24345.0,0,0.0,1970.819,0.0,1966.283,1970.286,1.0,17.53264285714285,1.0,0.0,0.0,8.0,0.0,1.0,1.0,1.0,0.3333333333333333,B
0.0,1939.31,0.0,1.0,0.0,2023-03-21 20:00:00,0.0,0.0,6132.0,1,0.0,1943.918,0.0,1943.106,1940.195,0.0,15.397714285714237,0.0,1.0,0.0,20.0,0.0,1.0,0.0,1.0,0.0,B
0.0,1938.167,0.0,2.0,0.0,2023-03-22 00:00:00,0.0,0.0,17050.0,1,0.0,1946.169,0.0,1939.602,1943.074,0.0,15.03535714285712,0.0,1.0,0.0,0.0,0.0,1.0,0.0,1.0,0.0,B
0.0,1939.579,0.0,2.0,1.0,2023-03-22 08:00:00,0.0,0.0,20752.0,1,0.0,1945.611,0.0,1942.411,1939.759,1.0,14.466928571428555,1.0,1.0,0.0,8.0,0.0,1.0,1.0,1.0,0.3333333333333333,B
0.0,1964.52,0.0,2.0,0.0,2023-03-22 20:00:00,0.0,0.0,11668.0,1,0.0,1975.103,0.0,1969.706,1972.678,1.0,12.251857142857148,1.0,0.0,0.0,20.0,0.0,1.0,1.0,1.0,0.3333333333333333,B
0.0,1990.086,0.0,3.0,0.0,2023-03-23 20:00:00,0.0,0.0,8781.0,1,0.0,1998.875,0.0,1991.324,1997.747,1.0,12.646000000000006,1.0,0.0,0.0,20.0,0.0,1.0,1.0,1.0,0.3333333333333333,B
0.0,1989.714,0.0,4.0,0.0,2023-03-24 00:00:00,0.0,0.0,19623.0,1,0.0,1994.827,0.0,1992.815,1991.292,1.0,12.037857142857158,1.0,0.0,0.0,0.0,0.0,1.0,1.0,1.0,0.3333333333333333,B
0.0,1975.165,0.0,4.0,0.0,2023-03-24 20:00:00,0.0,0.0,3093.0,0,0.0,1979.348,0.0,1978.777,1975.997,1.0,13.526857142857123,1.0,0.0,0.0,20.0,0.0,1.0,1.0,1.0,0.3333333333333333,B
0.0,1969.353,0.0,6.0,0.0,2023-03-26 20:00:00,0.0,0.0,7621.0,1,0.0,1976.735,0.0,1975.691,1976.4,1.0,11.788999999999987,1.0,0.0,0.0,20.0,0.0,1.0,1.0,1.0,0.3333333333333333,B
0.0,1955.688,0.0,0.0,0.0,2023-03-27 20:00:00,0.0,0.0,5181.0,1,0.0,1958.27,0.0,1958.071,1956.928,1.0,10.942142857142828,1.0,1.0,0.0,20.0,0.0,1.0,1.0,1.0,0.3333333333333333,B
0.0,1951.873,0.0,1.0,0.0,2023-03-28 04:00:00,0.0,0.0,18129.0,1,0.0,1960.81,0.0,1953.902,1959.658,1.0,11.034857142857096,1.0,1.0,0.0,4.0,0.0,1.0,1.0,1.0,0.3333333333333333,B
0.0,1949.141,0.0,1.0,0.0,2023-03-28 08:00:00,0.0,0.0,17351.0,1,0.0,1958.518,0.0,1956.994,1953.932,1.0,11.128785714285671,1.0,1.0,0.0,8.0,0.0,1.0,1.0,1.0,0.3333333333333333,B
0.0,1971.476,0.0,1.0,0.0,2023-03-28 20:00:00,0.0,0.0,5212.0,0,0.0,1974.423,0.0,1971.867,1973.348,1.0,9.274857142857106,1.0,1.0,0.0,20.0,0.0,1.0,1.0,1.0,0.3333333333333333,B
0.0,1965.859,0.0,2.0,0.0,2023-03-29 00:00:00,0.0,0.0,13640.0,1,0.0,1972.854,0.0,1966.469,1971.898,1.0,9.47571428571426,1.0,1.0,0.0,0.0,0.0,1.0,1.0,1.0,0.3333333333333333,B
0.0,1958.665,0.0,2.0,0.0,2023-03-29 04:00:00,0.0,0.0,16306.0,1,0.0,1968.826,0.0,1961.645,1966.474,1.0,9.52835714285712,1.0,1.0,0.0,4.0,0.0,1.0,1.0,1.0,0.3333333333333333,B
0.0,1960.808,0.0,2.0,0.0,2023-03-29 08:00:00,0.0,0.0,15165.0,1,0.0,1969.117,0.0,1966.687,1961.657,1.0,9.65114285714284,1.0,1.0,0.0,8.0,0.0,1.0,1.0,1.0,0.3333333333333333,B
0.0,1964.919,0.0,3.0,0.0,2023-03-30 08:00:00,0.0,0.0,15086.0,1,0.0,1971.186,0.0,1968.603,1966.6,1.0,8.404071428571408,1.0,1.0,0.0,8.0,0.0,1.0,1.0,1.0,0.3333333333333333,B
0.0,1977.982,0.0,3.0,0.0,2023-03-30 20:00:00,0.0,0.0,5466.0,1,0.0,1981.944,0.0,1978.386,1981.261,1.0,7.948642857142837,1.0,1.0,0.0,20.0,0.0,1.0,1.0,1.0,0.3333333333333333,B
0.0,1977.633,0.0,4.0,0.0,2023-03-31 00:00:00,0.0,0.0,14965.0,1,0.0,1983.578,0.0,1981.181,1978.412,1.0,7.687357142857114,1.0,1.0,0.0,0.0,0.0,1.0,1.0,1.0,0.3333333333333333,B
0.0,1974.804,0.0,4.0,0.0,2023-03-31 04:00:00,0.0,0.0,14559.0,1,0.0,1985.017,0.0,1975.261,1981.158,1.0,8.206357142857119,1.0,1.0,0.0,4.0,0.0,1.0,1.0,1.0,0.3333333333333333,B
0.0,1968.46,0.0,4.0,0.0,2023-03-31 20:00:00,0.0,0.0,2532.0,0,0.0,1970.96,0.0,1969.376,1970.895,1.0,8.233357142857114,1.0,1.0,0.0,20.0,0.0,1.0,1.0,1.0,0.3333333333333333,B
0.0,2019.064,0.0,2.0,1.0,2023-04-05 16:00:00,0.0,0.0,18395.0,0,0.0,2023.895,0.0,2021.005,2021.674,1.0,10.69492857142856,1.0,0.0,0.0,16.0,0.0,1.0,1.0,1.0,0.3333333333333333,B
0.0,2018.686,0.0,2.0,0.0,2023-04-05 20:00:00,0.0,0.0,4562.0,0,0.0,2021.642,0.0,2020.287,2021.043,1.0,9.607285714285696,1.0,0.0,0.0,20.0,0.0,1.0,1.0,1.0,0.3333333333333333,B
0.0,2014.795,0.0,3.0,0.0,2023-04-06 08:00:00,0.0,0.0,15187.0,0,0.0,2020.907,0.0,2018.474,2016.342,1.0,10.183928571428526,1.0,0.0,0.0,8.0,0.0,1.0,1.0,1.0,0.3333333333333333,B
0.0,2006.197,0.0,3.0,1.0,2023-04-06 16:00:00,0.0,0.0,15351.0,1,0.0,2014.9,0.0,2006.417,2011.138,1.0,11.329142857142838,1.0,1.0,0.0,16.0,0.0,1.0,1.0,1.0,0.3333333333333333,B
0.0,2005.752,0.0,3.0,0.0,2023-04-06 20:00:00,0.0,0.0,2023.0,0,0.0,2008.116,0.0,2007.761,2006.45,0.0,8.400714285714278,0.0,1.0,0.0,20.0,0.0,1.0,0.0,1.0,0.0,B
0.0,1995.817,0.0,6.0,0.0,2023-04-09 20:00:00,0.0,0.0,5721.0,0,0.0,2006.495,0.0,2005.497,1997.006,0.0,8.742857142857133,0.0,1.0,0.0,20.0,0.0,1.0,0.0,1.0,0.0,B
0.0,1989.475,0.0,0.0,0.0,2023-04-10 04:00:00,0.0,0.0,12625.0,1,0.0,1997.57,0.0,1997.433,1990.886,0.0,9.851500000000003,0.0,1.0,0.0,4.0,0.0,1.0,0.0,1.0,0.0,B
0.0,1990.342,0.0,0.0,0.0,2023-04-10 20:00:00,0.0,0.0,3632.0,1,0.0,1992.486,0.0,1992.389,1991.558,1.0,9.514500000000014,1.0,1.0,0.0,20.0,0.0,1.0,1.0,1.0,0.3333333333333333,B
0.0,2011.612,0.0,2.0,1.0,2023-04-12 04:00:00,0.0,0.0,14976.0,0,0.0,2021.072,0.0,2012.953,2017.25,1.0,9.133999999999984,1.0,1.0,0.0,4.0,0.0,1.0,1.0,1.0,0.3333333333333333,B
0.0,2013.232,0.0,2.0,0.0,2023-04-12 20:00:00,0.0,0.0,4841.0,1,0.0,2018.453,0.0,2018.149,2013.62,0.0,9.056642857142831,0.0,0.0,0.0,20.0,0.0,1.0,0.0,1.0,0.0,B
0.0,2015.676,0.0,3.0,0.0,2023-04-13 00:00:00,0.0,0.0,14802.0,1,0.0,2019.731,0.0,2017.423,2018.118,0.0,8.940428571428551,0.0,1.0,0.0,0.0,0.0,1.0,0.0,1.0,0.0,B
0.0,2039.834,0.0,3.0,0.0,2023-04-13 20:00:00,0.0,0.0,1416.0,1,0.0,2041.05,0.0,2040.487,2040.678,1.0,9.610785714285694,1.0,0.0,0.0,20.0,0.0,1.0,1.0,1.0,0.3333333333333333,B
0.0,2042.828,0.0,4.0,0.0,2023-04-14 00:00:00,0.0,0.0,8623.0,0,0.0,2047.392,0.0,2045.022,2043.62,0.0,9.69249999999998,0.0,0.0,0.0,0.0,0.0,1.0,0.0,1.0,0.0,B
0.0,2003.836,0.0,4.0,0.0,2023-04-14 20:00:00,0.0,0.0,2018.0,0,0.0,2005.615,0.0,2004.252,2005.264,0.0,11.378785714285724,0.0,1.0,0.0,20.0,0.0,1.0,0.0,1.0,0.0,B
0.0,1999.651,0.0,6.0,0.0,2023-04-16 20:00:00,0.0,0.0,5116.0,1,0.0,2005.006,0.0,2002.848,2001.207,0.0,10.843000000000009,0.0,1.0,0.0,20.0,0.0,1.0,0.0,1.0,0.0,B
0.0,1995.351,0.0,0.0,1.0,2023-04-17 00:00:00,0.0,0.0,17497.0,1,0.0,2006.273,0.0,2004.506,2002.866,1.0,11.25021428571428,1.0,1.0,0.0,0.0,0.0,1.0,1.0,1.0,0.3333333333333333,B
0.0,2003.709,0.0,0.0,1.0,2023-04-17 04:00:00,0.0,0.0,18582.0,1,0.0,2014.998,0.0,2010.848,2004.479,1.0,11.76692857142856,1.0,1.0,0.0,4.0,0.0,1.0,1.0,1.0,0.3333333333333333,B
0.0,2004.87,0.0,0.0,0.0,2023-04-17 08:00:00,0.0,0.0,16299.0,0,0.0,2012.673,0.0,2009.074,2010.782,0.0,11.585500000000009,0.0,1.0,0.0,8.0,0.0,1.0,0.0,1.0,0.0,B
0.0,2030.327,0.0,3.0,0.0,2023-05-04 04:00:00,0.0,0.0,21775.0,1,0.0,2045.435,0.0,2034.57,2040.872,0.0,14.285214285714298,0.0,1.0,0.0,4.0,0.0,1.0,0.0,1.0,0.0,B
0.0,2039.307,0.0,4.0,0.0,2023-05-05 04:00:00,0.0,0.0,16305.0,1,0.0,2051.099,0.0,2040.507,2049.782,0.0,15.058857142857148,0.0,1.0,0.0,4.0,0.0,1.0,0.0,1.0,0.0,B
0.0,2034.707,0.0,4.0,0.0,2023-05-05 08:00:00,0.0,0.0,16151.0,0,0.0,2041.664,0.0,2035.442,2040.509,0.0,15.230571428571418,0.0,1.0,0.0,8.0,0.0,1.0,0.0,1.0,0.0,B
0.0,2015.723,0.0,4.0,0.0,2023-05-05 20:00:00,0.0,0.0,2167.0,0,0.0,2018.901,0.0,2016.65,2017.73,1.0,16.5677857142857,1.0,1.0,0.0,20.0,0.0,1.0,1.0,1.0,0.3333333333333333,B
0.0,2014.174,0.0,6.0,0.0,2023-05-07 20:00:00,0.0,0.0,4614.0,1,0.0,2017.281,0.0,2016.006,2016.428,1.0,15.428714285714282,1.0,1.0,0.0,20.0,0.0,1.0,1.0,1.0,0.3333333333333333,B
0.0,2020.084,0.0,0.0,0.0,2023-05-08 04:00:00,0.0,0.0,13850.0,1,0.0,2024.671,0.0,2021.436,2023.205,1.0,11.419928571428564,1.0,1.0,0.0,4.0,0.0,1.0,1.0,1.0,0.3333333333333333,B
0.0,2019.937,0.0,0.0,0.0,2023-05-08 08:00:00,0.0,0.0,13680.0,1,0.0,2025.396,0.0,2022.228,2021.401,1.0,10.730714285714289,1.0,1.0,0.0,8.0,0.0,1.0,1.0,1.0,0.3333333333333333,B
0.0,2020.136,0.0,0.0,0.0,2023-05-08 20:00:00,0.0,0.0,5227.0,1,0.0,2022.395,0.0,2021.237,2020.301,1.0,8.724571428571446,1.0,1.0,0.0,20.0,0.0,1.0,1.0,1.0,0.3333333333333333,B
0.0,2019.483,0.0,1.0,0.0,2023-05-09 00:00:00,0.0,0.0,12622.0,1,0.0,2024.921,0.0,2024.878,2021.266,1.0,8.869785714285724,1.0,1.0,0.0,0.0,0.0,1.0,1.0,1.0,0.3333333333333333,B
0.0,2034.083,0.0,1.0,0.0,2023-05-09 20:00:00,0.0,0.0,4885.0,1,0.0,2037.119,0.0,2036.27,2034.278,0.0,6.770357142857132,0.0,1.0,0.0,20.0,0.0,1.0,0.0,1.0,0.0,B
0.0,2029.101,0.0,2.0,0.0,2023-05-10 20:00:00,0.0,0.0,4355.0,1,0.0,2032.072,0.0,2031.436,2030.926,0.0,8.334285714285654,0.0,1.0,0.0,20.0,0.0,1.0,0.0,1.0,0.0,B
0.0,2012.842,0.0,3.0,1.0,2023-05-11 16:00:00,0.0,0.0,18431.0,1,0.0,2018.266,0.0,2014.149,2013.517,1.0,10.749071428571352,1.0,1.0,0.0,16.0,0.0,1.0,1.0,1.0,0.3333333333333333,B
0.0,2013.727,0.0,3.0,0.0,2023-05-11 20:00:00,0.0,0.0,5245.0,1,0.0,2016.596,0.0,2016.346,2014.182,0.0,10.295785714285625,0.0,1.0,0.0,20.0,0.0,1.0,0.0,1.0,0.0,B
0.0,2005.618,0.0,4.0,1.0,2023-05-12 04:00:00,0.0,0.0,16860.0,1,0.0,2012.571,0.0,2008.735,2011.565,1.0,10.452214285714216,1.0,1.0,0.0,4.0,0.0,1.0,1.0,1.0,0.3333333333333333,B
0.0,2008.637,0.0,0.0,0.0,2023-05-15 00:00:00,0.0,0.0,14941.0,1,0.0,2018.791,0.0,2013.986,2009.551,1.0,9.876499999999997,1.0,1.0,0.0,0.0,0.0,1.0,1.0,1.0,0.3333333333333333,B
0.0,2011.885,0.0,0.0,0.0,2023-05-15 08:00:00,0.0,0.0,14075.0,1,0.0,2020.84,0.0,2013.035,2018.339,1.0,9.81585714285716,1.0,1.0,0.0,8.0,0.0,1.0,1.0,1.0,0.3333333333333333,B
0.0,2014.352,0.0,0.0,0.0,2023-05-15 16:00:00,0.0,0.0,13407.0,1,0.0,2021.359,0.0,2014.954,2017.696,1.0,7.707285714285733,1.0,1.0,0.0,16.0,0.0,1.0,1.0,1.0,0.3333333333333333,B
0.0,2013.765,0.0,0.0,0.0,2023-05-15 20:00:00,0.0,0.0,3850.0,1,0.0,2016.597,0.0,2014.4,2014.95,0.0,7.522142857142869,0.0,1.0,0.0,20.0,0.0,1.0,0.0,1.0,0.0,B
0.0,2014.126,0.0,1.0,0.0,2023-05-16 00:00:00,0.0,0.0,11495.0,0,0.0,2018.279,0.0,2016.899,2014.411,0.0,7.613857142857163,0.0,1.0,0.0,0.0,0.0,1.0,0.0,1.0,0.0,B
0.0,2005.11,0.0,1.0,1.0,2023-05-16 08:00:00,0.0,0.0,13755.0,0,0.0,2010.27,0.0,2005.467,2010.041,1.0,7.923571428571449,1.0,1.0,0.0,8.0,0.0,1.0,1.0,1.0,0.3333333333333333,B
0.0,1989.633,0.0,2.0,0.0,2023-05-17 00:00:00,0.0,0.0,13384.0,0,0.0,1992.977,0.0,1991.3,1989.633,0.0,8.037714285714287,0.0,1.0,0.0,0.0,0.0,1.0,0.0,1.0,0.0,B
0.0,1957.09,0.0,2.0,0.0,2023-05-24 20:00:00,0.0,0.0,7439.0,0,0.0,1961.839,0.0,1959.752,1958.959,1.0,9.214000000000008,1.0,0.0,0.0,20.0,0.0,0.0,1.0,0.0,0.3333333333333333,B
0.0,1954.91,0.0,3.0,0.0,2023-05-25 00:00:00,0.0,0.0,16444.0,1,0.0,1960.101,0.0,1957.207,1959.748,1.0,9.066571428571446,1.0,0.0,0.0,0.0,0.0,0.0,1.0,0.0,0.3333333333333333,B
0.0,1954.885,0.0,3.0,0.0,2023-05-25 04:00:00,0.0,0.0,15533.0,1,0.0,1961.33,0.0,1959.413,1957.213,1.0,9.311928571428584,1.0,0.0,0.0,4.0,0.0,0.0,1.0,0.0,0.3333333333333333,B
0.0,1959.21,0.0,3.0,0.0,2023-05-25 08:00:00,0.0,0.0,15701.0,0,0.0,1964.711,0.0,1961.926,1959.421,1.0,8.883928571428571,1.0,0.0,0.0,8.0,0.0,0.0,1.0,0.0,0.3333333333333333,B
0.0,1924.216,0.0,4.0,0.0,2023-07-07 20:00:00,0.0,0.0,1738.0,1,0.0,1925.41,0.0,1925.339,1924.642,1.0,7.398214285714289,1.0,1.0,0.0,20.0,0.0,0.0,1.0,0.0,0.3333333333333333,B
0.0,1924.362,0.0,0.0,0.0,2023-07-10 20:00:00,0.0,0.0,4027.0,1,0.0,1925.873,0.0,1924.821,1925.766,1.0,5.712357142857172,1.0,1.0,0.0,20.0,0.0,0.0,1.0,0.0,0.3333333333333333,B
0.0,1929.306,0.0,1.0,0.0,2023-07-11 16:00:00,0.0,0.0,11679.0,1,0.0,1932.777,0.0,1932.473,1931.017,1.0,5.415285714285752,1.0,1.0,0.0,16.0,0.0,0.0,1.0,0.0,0.3333333333333333,B
0.0,1931.574,0.0,1.0,0.0,2023-07-11 20:00:00,0.0,0.0,4111.0,1,0.0,1933.761,0.0,1933.24,1932.462,1.0,5.235714285714315,1.0,1.0,0.0,20.0,0.0,0.0,1.0,0.0,0.3333333333333333,B
0.0,1933.836,0.0,2.0,0.0,2023-07-12 04:00:00,0.0,0.0,13147.0,1,0.0,1940.178,0.0,1934.641,1938.493,1.0,5.850642857142881,1.0,1.0,0.0,4.0,0.0,0.0,1.0,0.0,0.3333333333333333,B
0.0,1959.82,0.0,3.0,0.0,2023-07-13 20:00:00,0.0,0.0,5108.0,0,0.0,1961.818,0.0,1960.134,1959.959,0.0,6.479785714285738,0.0,0.0,0.0,20.0,0.0,0.0,0.0,0.0,0.0,B
0.0,1955.149,0.0,4.0,0.0,2023-07-14 08:00:00,0.0,0.0,13713.0,1,0.0,1960.003,0.0,1959.225,1956.819,0.0,6.841214285714321,0.0,1.0,0.0,8.0,0.0,0.0,0.0,0.0,0.0,B
0.0,1954.277,0.0,4.0,1.0,2023-07-14 16:00:00,0.0,0.0,13993.0,1,0.0,1960.984,0.0,1954.277,1958.078,1.0,7.510642857142882,1.0,1.0,0.0,16.0,0.0,0.0,1.0,0.0,0.3333333333333333,B
0.0,1954.283,0.0,4.0,0.0,2023-07-14 20:00:00,0.0,0.0,1973.0,0,0.0,1955.64,0.0,1955.223,1954.328,0.0,5.843071428571453,0.0,1.0,0.0,20.0,0.0,0.0,0.0,0.0,0.0,B
0.0,1951.902,0.0,0.0,1.0,2023-07-17 08:00:00,0.0,0.0,14555.0,0,0.0,1959.801,0.0,1957.602,1952.224,1.0,6.104642857142868,1.0,1.0,0.0,8.0,0.0,1.0,1.0,1.0,0.3333333333333333,B
0.0,1952.436,0.0,0.0,0.0,2023-07-17 16:00:00,0.0,0.0,11406.0,1,0.0,1956.31,0.0,1955.334,1954.617,1.0,6.243428571428565,1.0,1.0,0.0,16.0,0.0,1.0,1.0,1.0,0.3333333333333333,B
0.0,1974.409,0.0,2.0,0.0,2023-07-19 00:00:00,0.0,0.0,12735.0,1,0.0,1978.459,0.0,1975.443,1977.464,1.0,7.332928571428559,1.0,0.0,0.0,0.0,0.0,1.0,1.0,1.0,0.3333333333333333,B
0.0,1971.518,0.0,2.0,0.0,2023-07-19 08:00:00,0.0,0.0,13829.0,1,0.0,1979.064,0.0,1973.704,1977.912,1.0,7.799857142857133,1.0,0.0,0.0,8.0,0.0,1.0,1.0,1.0,0.3333333333333333,B
0.0,1972.049,0.0,2.0,0.0,2023-07-19 16:00:00,0.0,0.0,12831.0,0,0.0,1978.861,0.0,1978.439,1973.806,1.0,7.99592857142857,1.0,0.0,0.0,16.0,0.0,1.0,1.0,1.0,0.3333333333333333,B
0.0,1975.4,0.0,2.0,0.0,2023-07-19 20:00:00,0.0,0.0,4830.0,1,0.0,1978.877,0.0,1977.683,1978.434,1.0,7.256857142857143,1.0,0.0,0.0,20.0,0.0,1.0,1.0,1.0,0.3333333333333333,B
0.0,1978.141,0.0,3.0,0.0,2023-07-20 08:00:00,0.0,0.0,13750.0,0,0.0,1983.809,0.0,1981.407,1979.134,1.0,8.095928571428576,1.0,0.0,0.0,8.0,0.0,1.0,1.0,1.0,0.3333333333333333,B
0.0,1968.435,0.0,3.0,0.0,2023-07-20 20:00:00,0.0,0.0,4306.0,1,0.0,1972.82,0.0,1972.197,1968.681,1.0,7.056428571428585,1.0,1.0,0.0,20.0,0.0,1.0,1.0,1.0,0.3333333333333333,B
0.0,1969.85,0.0,4.0,0.0,2023-07-21 00:00:00,0.0,0.0,13113.0,1,0.0,1973.735,0.0,1970.234,1972.227,0.0,6.871571428571428,0.0,1.0,0.0,0.0,0.0,1.0,0.0,1.0,0.0,B
0.0,1964.156,0.0,4.0,1.0,2023-07-21 04:00:00,0.0,0.0,13908.0,0,0.0,1972.141,0.0,1964.208,1970.21,1.0,7.271000000000007,1.0,1.0,0.0,4.0,0.0,1.0,1.0,1.0,0.3333333333333333,B
0.0,1960.154,0.0,4.0,0.0,2023-07-21 16:00:00,0.0,0.0,11941.0,0,0.0,1964.806,0.0,1962.415,1960.222,1.0,7.435357142857144,1.0,1.0,0.0,16.0,0.0,1.0,1.0,1.0,0.3333333333333333,B
0.0,1961.463,0.0,4.0,0.0,2023-07-21 20:00:00,0.0,0.0,1405.0,1,0.0,1962.627,0.0,1961.851,1962.445,1.0,6.7949285714285805,1.0,1.0,0.0,20.0,0.0,1.0,1.0,1.0,0.3333333333333333,B
0.0,1960.351,0.0,6.0,0.0,2023-07-23 20:00:00,0.0,0.0,2975.0,1,0.0,1962.882,0.0,1961.177,1962.228,1.0,6.489142857142854,1.0,1.0,0.0,20.0,0.0,1.0,1.0,1.0,0.3333333333333333,B
0.0,1953.854,0.0,1.0,0.0,2023-07-25 00:00:00,0.0,0.0,13647.0,1,0.0,1963.498,0.0,1961.553,1954.394,1.0,6.256714285714305,1.0,1.0,0.0,0.0,0.0,1.0,1.0,1.0,0.3333333333333333,B
0.0,1942.782,0.0,2.0,0.0,2023-08-30 16:00:00,0.0,0.0,10797.0,1,0.0,1945.564,0.0,1943.385,1944.88,1.0,6.4987142857143,1.0,0.0,0.0,16.0,0.0,0.0,1.0,0.0,0.3333333333333333,B
0.0,1942.073,0.0,2.0,0.0,2023-08-30 20:00:00,0.0,0.0,5120.0,1,0.0,1945.424,0.0,1944.185,1943.409,0.0,5.788285714285719,0.0,0.0,0.0,20.0,0.0,0.0,0.0,0.0,0.0,B
0.0,1939.047,0.0,3.0,1.0,2023-08-31 16:00:00,0.0,0.0,10532.0,1,0.0,1942.448,0.0,1940.019,1940.595,1.0,5.353571428571464,1.0,1.0,0.0,16.0,0.0,0.0,1.0,0.0,0.3333333333333333,B
0.0,1939.043,0.0,3.0,0.0,2023-08-31 20:00:00,0.0,0.0,3852.0,1,0.0,1940.509,0.0,1939.824,1940.054,0.0,3.799500000000048,0.0,1.0,0.0,20.0,0.0,0.0,0.0,0.0,0.0,B
0.0,1941.873,0.0,4.0,0.0,2023-09-01 08:00:00,0.0,0.0,10521.0,0,0.0,1945.822,0.0,1944.442,1943.064,0.0,4.242857142857182,0.0,0.0,0.0,8.0,0.0,0.0,0.0,0.0,0.0,B
0.0,1937.31,0.0,4.0,0.0,2023-09-01 16:00:00,0.0,0.0,10481.0,0,0.0,1941.53,0.0,1940.49,1938.78,1.0,5.379928571428601,1.0,1.0,0.0,16.0,0.0,1.0,1.0,1.0,0.3333333333333333,B
0.0,1939.225,0.0,4.0,0.0,2023-09-01 20:00:00,0.0,0.0,1227.0,1,0.0,1940.667,0.0,1939.704,1940.491,1.0,4.750142857142886,1.0,1.0,0.0,20.0,0.0,1.0,1.0,1.0,0.3333333333333333,B
0.0,1939.816,0.0,0.0,0.0,2023-09-04 08:00:00,0.0,0.0,9990.0,0,0.0,1944.417,0.0,1941.589,1943.775,1.0,4.932000000000016,1.0,1.0,0.0,8.0,0.0,1.0,1.0,1.0,0.3333333333333333,B
0.0,1937.931,0.0,0.0,0.0,2023-09-04 16:00:00,0.0,0.0,1935.0,0,0.0,1938.822,0.0,1938.118,1938.597,1.0,4.584928571428561,1.0,1.0,0.0,16.0,0.0,1.0,1.0,1.0,0.3333333333333333,B
0.0,1937.628,0.0,0.0,0.0,2023-09-04 20:00:00,0.0,0.0,2037.0,0,0.0,1938.742,0.0,1937.659,1938.457,1.0,4.421571428571416,1.0,1.0,0.0,20.0,0.0,1.0,1.0,1.0,0.3333333333333333,B
0.0,1929.121,0.0,2.0,0.0,2023-09-20 20:00:00,0.0,0.0,7088.0,0,0.0,1933.639,0.0,1929.424,1932.988,0.0,5.423142857142872,0.0,1.0,0.0,20.0,0.0,1.0,0.0,1.0,0.0,B
0.0,1916.242,0.0,3.0,0.0,2023-09-21 16:00:00,0.0,0.0,11617.0,1,0.0,1921.218,0.0,1919.691,1917.428,1.0,6.38321428571427,1.0,1.0,0.0,16.0,0.0,0.0,1.0,0.0,0.3333333333333333,B
0.0,1919.329,0.0,3.0,0.0,2023-09-21 20:00:00,0.0,0.0,4182.0,1,0.0,1921.5,0.0,1921.353,1919.724,1.0,6.085142857142841,1.0,1.0,0.0,20.0,0.0,0.0,1.0,0.0,0.3333333333333333,B
0.0,1921.19,0.0,4.0,0.0,2023-09-22 00:00:00,0.0,0.0,11229.0,1,0.0,1925.49,0.0,1923.776,1921.361,1.0,6.109142857142842,1.0,1.0,0.0,0.0,0.0,0.0,1.0,0.0,0.3333333333333333,B
0.0,1924.402,0.0,6.0,0.0,2023-09-24 20:00:00,0.0,0.0,3126.0,0,0.0,1926.294,0.0,1924.717,1926.116,1.0,4.5442857142856905,1.0,1.0,0.0,20.0,0.0,0.0,1.0,0.0,0.3333333333333333,B
0.0,1922.608,0.0,0.0,0.0,2023-09-25 00:00:00,0.0,0.0,9359.0,0,0.0,1925.264,0.0,1923.582,1924.73,1.0,4.411285714285701,1.0,1.0,0.0,0.0,0.0,0.0,1.0,0.0,0.3333333333333333,B
0.0,1863.775,0.0,3.0,0.0,2023-09-28 20:00:00,0.0,0.0,5288.0,0,0.0,1867.225,0.0,1866.7,1867.071,0.0,6.439214285714278,0.0,0.0,0.0,20.0,0.0,0.0,0.0,0.0,0.0,B
0.0,1862.89,0.0,4.0,0.0,2023-09-29 00:00:00,0.0,0.0,9737.0,1,0.0,1867.204,0.0,1863.302,1866.695,0.0,6.426285714285704,0.0,0.0,0.0,0.0,0.0,0.0,0.0,0.0,0.0,B
0.0,1820.404,0.0,0.0,0.0,2023-10-02 20:00:00,0.0,0.0,7150.0,0,0.0,1829.587,0.0,1824.944,1829.276,0.0,8.558357142857128,0.0,0.0,0.0,20.0,0.0,0.0,0.0,0.0,0.0,B
0.0,1918.029,0.0,0.0,0.0,2023-10-16 00:00:00,0.0,0.0,12732.0,0,0.0,1925.927,0.0,1920.027,1925.842,0.0,9.186928571428552,0.0,0.0,0.0,0.0,0.0,0.0,0.0,0.0,0.0,B
0.0,1917.826,0.0,0.0,0.0,2023-10-16 16:00:00,0.0,0.0,12247.0,1,0.0,1922.721,0.0,1918.942,1921.487,0.0,9.576714285714274,0.0,0.0,0.0,16.0,0.0,0.0,0.0,0.0,0.0,B
0.0,1912.343,0.0,1.0,0.0,2023-10-17 00:00:00,0.0,0.0,12231.0,1,0.0,1919.967,0.0,1916.784,1919.382,0.0,9.717142857142871,0.0,0.0,0.0,0.0,0.0,0.0,0.0,0.0,0.0,B
0.0,1919.109,0.0,1.0,1.0,2023-10-17 16:00:00,0.0,0.0,15127.0,1,0.0,1926.785,0.0,1922.615,1926.785,1.0,8.074000000000003,1.0,0.0,0.0,16.0,0.0,0.0,1.0,0.0,0.3333333333333333,B
0.0,1922.094,0.0,1.0,0.0,2023-10-17 20:00:00,0.0,0.0,4361.0,1,0.0,1925.524,0.0,1924.715,1922.681,0.0,7.725714285714275,0.0,0.0,0.0,20.0,0.0,0.0,0.0,0.0,0.0,B
0.0,1935.068,0.0,2.0,0.0,2023-10-18 04:00:00,0.0,0.0,14586.0,1,0.0,1940.099,0.0,1939.553,1937.473,0.0,8.329214285714263,0.0,0.0,0.0,4.0,0.0,1.0,0.0,1.0,0.0,B
0.0,1946.986,0.0,2.0,0.0,2023-10-18 20:00:00,0.0,0.0,6074.0,1,1.0,1951.641,0.0,1950.867,1950.352,1.0,9.240785714285703,1.0,0.0,0.0,20.0,0.0,1.0,1.0,1.0,0.3333333333333333,B
0.0,1945.172,0.0,3.0,0.0,2023-10-19 00:00:00,0.0,0.0,13300.0,1,0.0,1953.222,0.0,1946.254,1950.8,0.0,9.466142857142843,0.0,0.0,0.0,0.0,0.0,1.0,0.0,1.0,0.0,B
0.0,1947.817,0.0,3.0,1.0,2023-10-19 08:00:00,0.0,0.0,15673.0,1,0.0,1954.466,0.0,1952.056,1949.427,1.0,9.720785714285691,1.0,0.0,0.0,8.0,0.0,1.0,1.0,1.0,0.3333333333333333,B
0.0,1978.882,0.0,4.0,0.0,2023-10-20 20:00:00,0.0,0.0,2178.0,0,0.0,1981.287,0.0,1980.769,1979.622,0.0,11.180071428571424,0.0,0.0,0.0,20.0,0.0,1.0,0.0,1.0,0.0,B
0.0,1970.037,0.0,6.0,0.0,2023-10-22 20:00:00,0.0,0.0,6283.0,1,0.0,1978.541,0.0,1971.554,1972.732,0.0,11.093142857142848,0.0,0.0,0.0,20.0,0.0,1.0,0.0,1.0,0.0,B
0.0,1972.679,0.0,0.0,0.0,2023-10-23 04:00:00,0.0,0.0,15855.0,1,0.0,1979.729,0.0,1979.385,1973.642,1.0,11.438285714285712,1.0,0.0,0.0,4.0,0.0,1.0,1.0,1.0,0.3333333333333333,B
0.0,1972.382,0.0,1.0,0.0,2023-10-24 00:00:00,0.0,0.0,14587.0,1,0.0,1980.832,0.0,1976.839,1973.52,1.0,9.901214285714284,1.0,0.0,0.0,0.0,0.0,1.0,1.0,1.0,0.3333333333333333,B
0.0,1974.419,0.0,1.0,0.0,2023-10-24 04:00:00,0.0,0.0,14630.0,0,0.0,1979.113,0.0,1975.335,1976.808,1.0,9.527357142857143,1.0,0.0,0.0,4.0,0.0,1.0,1.0,1.0,0.3333333333333333,B
0.0,2004.333,0.0,4.0,0.0,2023-10-27 20:00:00,0.0,0.0,3166.0,0,0.0,2007.13,0.0,2006.083,2006.976,0.0,8.991428571428596,0.0,0.0,0.0,20.0,0.0,1.0,0.0,1.0,0.0,B
0.0,1993.393,0.0,0.0,1.0,2023-10-30 04:00:00,0.0,0.0,13886.0,1,0.0,2002.649,0.0,1993.643,2002.11,1.0,9.224357142857148,1.0,0.0,0.0,4.0,0.0,1.0,1.0,1.0,0.3333333333333333,B
0.0,1994.655,0.0,0.0,1.0,2023-10-30 16:00:00,0.0,0.0,14644.0,0,0.0,2000.614,0.0,1995.902,1999.095,1.0,8.568142857142854,1.0,0.0,0.0,16.0,0.0,1.0,1.0,1.0,0.3333333333333333,B
0.0,1993.929,0.0,0.0,0.0,2023-10-30 20:00:00,0.0,0.0,4946.0,1,0.0,1996.659,0.0,1995.513,1995.872,0.0,8.078642857142865,0.0,0.0,0.0,20.0,0.0,1.0,0.0,1.0,0.0,B
0.0,1991.695,0.0,1.0,0.0,2023-10-31 00:00:00,0.0,0.0,13650.0,1,0.0,1997.241,0.0,1992.16,1995.531,0.0,8.233714285714298,0.0,0.0,0.0,0.0,0.0,1.0,0.0,1.0,0.0,B
0.0,1983.096,0.0,1.0,0.0,2023-10-31 20:00:00,0.0,0.0,6354.0,0,0.0,1986.118,0.0,1983.667,1984.826,0.0,7.451071428571416,0.0,1.0,0.0,20.0,0.0,1.0,0.0,1.0,0.0,B
0.0,1977.085,0.0,2.0,1.0,2023-11-01 08:00:00,0.0,0.0,14418.0,1,0.0,1985.128,0.0,1983.418,1977.097,1.0,7.704999999999976,1.0,1.0,0.0,8.0,0.0,1.0,1.0,1.0,0.3333333333333333,B
0.0,1984.301,0.0,3.0,0.0,2023-11-02 20:00:00,0.0,0.0,4546.0,1,0.0,1986.464,0.0,1984.961,1985.367,1.0,7.902642857142821,1.0,1.0,0.0,20.0,0.0,1.0,1.0,1.0,0.3333333333333333,B
0.0,1984.583,0.0,4.0,0.0,2023-11-03 04:00:00,0.0,0.0,10765.0,1,0.0,1989.045,0.0,1986.525,1985.803,1.0,7.196714285714263,1.0,1.0,0.0,4.0,0.0,1.0,1.0,1.0,0.3333333333333333,B
0.0,1992.022,0.0,4.0,0.0,2023-11-03 20:00:00,0.0,0.0,1595.0,0,0.0,1992.885,0.0,1992.516,1992.692,1.0,6.755999999999988,1.0,1.0,0.0,20.0,0.0,1.0,1.0,1.0,0.3333333333333333,B
0.0,1987.149,0.0,6.0,0.0,2023-11-05 20:00:00,0.0,0.0,2473.0,1,0.0,1991.579,0.0,1988.47,1991.419,1.0,6.251142857142862,1.0,1.0,0.0,20.0,0.0,1.0,1.0,1.0,0.3333333333333333,B
0.0,1982.246,0.0,0.0,0.0,2023-11-06 04:00:00,0.0,0.0,11925.0,1,0.0,1985.272,0.0,1983.435,1985.154,1.0,6.314285714285704,1.0,1.0,0.0,4.0,0.0,1.0,1.0,1.0,0.3333333333333333,B
0.0,1975.736,0.0,0.0,0.0,2023-11-06 20:00:00,0.0,0.0,7681.0,0,0.0,1980.281,0.0,1976.677,1980.281,1.0,5.9310714285714505,1.0,1.0,0.0,20.0,0.0,1.0,1.0,1.0,0.3333333333333333,B
0.0,1966.911,0.0,1.0,0.0,2023-11-07 20:00:00,0.0,0.0,6716.0,1,0.0,1969.336,0.0,1968.902,1967.424,0.0,6.00428571428571,0.0,1.0,0.0,20.0,0.0,1.0,0.0,1.0,0.0,B
0.0,1947.335,0.0,2.0,0.0,2023-11-08 20:00:00,0.0,0.0,7572.0,0,1.0,1951.749,0.0,1950.812,1948.124,1.0,7.004285714285678,1.0,1.0,0.0,20.0,0.0,1.0,1.0,1.0,0.3333333333333333,B
0.0,1956.86,0.0,3.0,0.0,2023-11-09 20:00:00,0.0,0.0,7892.0,1,0.0,1959.996,0.0,1959.058,1958.386,0.0,7.538000000000011,0.0,1.0,0.0,20.0,0.0,1.0,0.0,1.0,0.0,B
0.0,1947.059,0.0,4.0,1.0,2023-11-10 08:00:00,0.0,0.0,14399.0,0,0.0,1957.159,0.0,1948.177,1955.333,1.0,7.962785714285766,1.0,0.0,0.0,8.0,0.0,1.0,1.0,1.0,0.3333333333333333,B
0.0,1934.553,0.0,4.0,0.0,2023-11-10 20:00:00,0.0,0.0,4881.0,1,0.0,1938.905,0.0,1938.353,1935.436,0.0,7.600785714285751,0.0,0.0,0.0,20.0,0.0,1.0,0.0,1.0,0.0,B
0.0,1995.462,0.0,2.0,0.0,2023-11-22 00:00:00,0.0,0.0,13867.0,1,0.0,1999.338,0.0,1996.464,1999.338,1.0,8.324857142857127,1.0,1.0,0.0,0.0,0.0,1.0,1.0,1.0,0.3333333333333333,B
0.0,1993.316,0.0,3.0,0.0,2023-11-23 04:00:00,0.0,0.0,12631.0,0,0.0,1998.562,0.0,1996.365,1997.686,1.0,8.384928571428532,1.0,1.0,0.0,4.0,0.0,1.0,1.0,1.0,0.3333333333333333,B
0.0,1992.48,0.0,3.0,0.0,2023-11-23 20:00:00,0.0,0.0,1467.0,0,0.0,1994.311,0.0,1993.983,1992.54,1.0,5.807499999999989,1.0,1.0,0.0,20.0,0.0,1.0,1.0,1.0,0.3333333333333333,B
0.0,2000.484,0.0,6.0,0.0,2023-11-26 20:00:00,0.0,0.0,2311.0,1,1.0,2002.978,0.0,2002.25,2000.897,1.0,4.645142857142852,1.0,0.0,0.0,20.0,0.0,1.0,1.0,1.0,0.3333333333333333,B
0.0,2012.08,0.0,1.0,0.0,2023-11-28 04:00:00,0.0,1.0,12274.0,1,0.0,2016.864,0.0,2013.509,2014.937,1.0,5.902357142857178,1.0,0.0,0.0,4.0,0.0,1.0,1.0,1.0,0.3333333333333333,B
0.0,2042.777,0.0,2.0,0.0,2023-11-29 20:00:00,0.0,0.0,7893.0,1,0.0,2046.421,0.0,2044.643,2046.27,0.0,8.007285714285786,0.0,0.0,0.0,20.0,0.0,1.0,0.0,1.0,0.0,B
0.0,2042.579,0.0,3.0,0.0,2023-11-30 00:00:00,0.0,0.0,13535.0,0,0.0,2047.26,0.0,2046.039,2044.64,0.0,7.777714285714345,0.0,0.0,0.0,0.0,0.0,1.0,0.0,1.0,0.0,B
0.0,2066.384,0.0,4.0,0.0,2023-12-01 20:00:00,0.0,0.0,5166.0,1,0.0,2071.841,0.0,2071.554,2066.982,0.0,9.846714285714322,0.0,0.0,0.0,20.0,0.0,1.0,0.0,1.0,0.0,B
0.0,2026.134,0.0,0.0,0.0,2023-12-04 20:00:00,0.0,1.0,10992.0,1,0.0,2034.129,0.0,2034.087,2030.911,1.0,22.271357142857173,1.0,1.0,0.0,20.0,0.0,1.0,1.0,1.0,0.3333333333333333,B
0.0,2032.642,0.0,1.0,0.0,2023-12-05 00:00:00,0.0,1.0,20019.0,1,0.0,2041.17,0.0,2037.286,2033.931,1.0,22.47007142857145,1.0,1.0,0.0,0.0,0.0,1.0,1.0,1.0,0.3333333333333333,B
0.0,2032.697,0.0,3.0,0.0,2023-12-14 20:00:00,0.0,0.0,10247.0,1,0.0,2038.646,0.0,2035.552,2033.163,1.0,11.366,1.0,1.0,0.0,20.0,0.0,1.0,1.0,1.0,0.3333333333333333,B
0.0,2034.308,0.0,4.0,0.0,2023-12-15 04:00:00,0.0,0.0,15250.0,1,0.0,2039.095,0.0,2037.836,2035.713,1.0,11.417857142857152,1.0,1.0,0.0,4.0,0.0,1.0,1.0,1.0,0.3333333333333333,B
0.0,2036.95,0.0,4.0,1.0,2023-12-15 08:00:00,0.0,0.0,17935.0,0,0.0,2044.372,0.0,2041.635,2037.797,1.0,11.605357142857152,1.0,1.0,0.0,8.0,0.0,1.0,1.0,1.0,0.3333333333333333,B
0.0,2025.506,0.0,0.0,0.0,2023-12-18 20:00:00,0.0,0.0,7676.0,1,0.0,2027.989,0.0,2027.604,2026.244,1.0,8.096571428571451,1.0,1.0,0.0,20.0,0.0,1.0,1.0,1.0,0.3333333333333333,B
0.0,2022.599,0.0,1.0,0.0,2023-12-19 00:00:00,0.0,0.0,15696.0,1,0.0,2029.289,0.0,2023.338,2027.568,1.0,8.149500000000021,1.0,1.0,0.0,0.0,0.0,1.0,1.0,1.0,0.3333333333333333,B
0.0,2023.827,0.0,1.0,0.0,2023-12-19 08:00:00,0.0,0.0,14193.0,1,0.0,2028.412,0.0,2026.523,2024.721,1.0,8.02428571428574,1.0,1.0,0.0,8.0,0.0,1.0,1.0,1.0,0.3333333333333333,B
0.0,2038.672,0.0,1.0,0.0,2023-12-19 20:00:00,0.0,0.0,7926.0,0,0.0,2041.624,0.0,2040.932,2039.482,1.0,7.044714285714316,1.0,1.0,0.0,20.0,0.0,1.0,1.0,1.0,0.3333333333333333,B
0.0,2036.7,0.0,2.0,0.0,2023-12-20 00:00:00,0.0,0.0,13776.0,1,0.0,2041.029,0.0,2040.393,2040.862,1.0,7.052142857142891,1.0,1.0,0.0,0.0,0.0,1.0,1.0,1.0,0.3333333333333333,B
0.0,2039.344,0.0,2.0,0.0,2023-12-20 04:00:00,0.0,0.0,13237.0,0,0.0,2043.445,0.0,2042.264,2040.393,1.0,7.044571428571446,1.0,1.0,0.0,4.0,0.0,1.0,1.0,1.0,0.3333333333333333,B
0.0,2033.873,0.0,3.0,0.0,2023-12-21 04:00:00,0.0,0.0,12541.0,1,0.0,2038.244,0.0,2034.879,2037.372,1.0,7.262214285714289,1.0,1.0,0.0,4.0,0.0,1.0,1.0,1.0,0.3333333333333333,B
0.0,2052.11,0.0,4.0,0.0,2023-12-22 20:00:00,0.0,0.0,5587.0,1,0.0,2054.052,0.0,2053.095,2053.949,1.0,7.991071428571445,1.0,1.0,0.0,20.0,0.0,1.0,1.0,1.0,0.3333333333333333,B
0.0,2052.916,0.0,0.0,0.0,2023-12-25 20:00:00,0.0,0.0,1477.0,1,0.0,2057.746,0.0,2054.497,2057.746,1.0,7.832214285714291,1.0,1.0,0.0,20.0,0.0,1.0,1.0,1.0,0.3333333333333333,B
0.0,2064.456,0.0,3.0,0.0,2023-12-28 20:00:00,0.0,1.0,8034.0,1,0.0,2068.896,0.0,2066.564,2068.007,1.0,7.858428571428639,1.0,0.0,0.0,20.0,0.0,1.0,1.0,1.0,0.3333333333333333,B
0.0,2068.85,0.0,4.0,0.0,2023-12-29 04:00:00,0.0,1.0,12265.0,0,0.0,2074.729,0.0,2071.925,2069.495,1.0,7.722142857142866,1.0,0.0,0.0,4.0,0.0,1.0,1.0,1.0,0.3333333333333333,B
0.0,2062.645,0.0,0.0,0.0,2024-01-01 20:00:00,0.0,0.0,1996.0,1,0.0,2066.095,0.0,2063.543,2064.593,0.0,7.488071428571369,0.0,1.0,0.0,20.0,0.0,1.0,0.0,1.0,0.0,B
0.0,2068.823,0.0,1.0,0.0,2024-01-02 04:00:00,0.0,0.0,12434.0,0,0.0,2076.651,0.0,2073.065,2069.492,0.0,7.732285714285646,0.0,0.0,0.0,4.0,0.0,1.0,0.0,1.0,0.0,B
0.0,2057.837,0.0,1.0,0.0,2024-01-02 20:00:00,0.0,1.0,7461.0,1,0.0,2061.577,0.0,2059.476,2060.99,1.0,7.666499999999944,1.0,1.0,0.0,20.0,0.0,1.0,1.0,1.0,0.3333333333333333,B
0.0,2060.838,0.0,2.0,0.0,2024-01-03 04:00:00,0.0,1.0,13467.0,0,0.0,2065.982,0.0,2062.915,2065.023,1.0,7.783571428571382,1.0,1.0,0.0,4.0,0.0,1.0,1.0,1.0,0.3333333333333333,B
0.0,2036.405,0.0,2.0,0.0,2024-01-03 20:00:00,0.0,0.0,10374.0,1,0.0,2043.669,0.0,2042.666,2036.583,1.0,9.10528571428571,1.0,1.0,0.0,20.0,0.0,1.0,1.0,1.0,0.3333333333333333,B
0.0,2042.485,0.0,3.0,0.0,2024-01-04 20:00:00,0.0,0.0,7596.0,0,0.0,2044.783,0.0,2043.865,2044.282,1.0,8.396428571428617,1.0,1.0,0.0,20.0,0.0,1.0,1.0,1.0,0.3333333333333333,B
0.0,2042.787,0.0,4.0,0.0,2024-01-05 20:00:00,0.0,0.0,7236.0,0,0.0,2046.177,0.0,2045.479,2045.702,1.0,9.746642857142904,1.0,1.0,0.0,20.0,0.0,1.0,1.0,1.0,0.3333333333333333,B
0.0,2042.902,0.0,6.0,0.0,2024-01-07 20:00:00,0.0,0.0,2759.0,1,0.0,2045.575,0.0,2044.208,2044.595,1.0,9.097857142857183,1.0,1.0,0.0,20.0,0.0,1.0,1.0,1.0,0.3333333333333333,B
0.0,2046.293,0.0,6.0,0.0,2024-01-14 20:00:00,0.0,0.0,2659.0,1,0.0,2048.705,0.0,2047.612,2048.13,1.0,9.483071428571456,1.0,1.0,0.0,20.0,0.0,1.0,1.0,1.0,0.3333333333333333,B
0.0,2053.124,0.0,0.0,0.0,2024-01-15 20:00:00,0.0,0.0,2239.0,0,0.0,2055.324,0.0,2053.841,2054.643,1.0,7.676785714285708,1.0,1.0,0.0,20.0,0.0,1.0,1.0,1.0,0.3333333333333333,B
0.0,2033.056,0.0,4.0,1.0,2024-02-02 16:00:00,0.0,0.0,18809.0,1,0.0,2038.735,0.0,2038.052,2034.943,1.0,11.83071428571431,1.0,1.0,0.0,16.0,0.0,1.0,1.0,1.0,0.3333333333333333,B
0.0,2035.967,0.0,4.0,0.0,2024-02-02 20:00:00,0.0,0.0,5708.0,1,0.0,2039.785,0.0,2039.607,2038.107,0.0,10.675714285714305,0.0,1.0,0.0,20.0,0.0,1.0,0.0,1.0,0.0,B
0.0,2039.07,0.0,6.0,0.0,2024-02-04 20:00:00,0.0,0.0,3243.0,0,0.0,2042.217,0.0,2039.716,2041.781,0.0,9.88607142857146,0.0,1.0,0.0,20.0,0.0,1.0,0.0,1.0,0.0,B
0.0,2030.232,0.0,0.0,1.0,2024-02-05 00:00:00,0.0,0.0,17643.0,0,0.0,2039.822,0.0,2032.222,2039.298,1.0,9.493071428571444,1.0,1.0,0.0,0.0,0.0,1.0,1.0,1.0,0.3333333333333333,B
0.0,2020.588,0.0,0.0,1.0,2024-02-05 08:00:00,0.0,0.0,16301.0,0,0.0,2028.353,0.0,2027.577,2027.556,1.0,9.37942857142858,1.0,1.0,0.0,8.0,0.0,1.0,1.0,1.0,0.3333333333333333,B
0.0,2023.445,0.0,0.0,0.0,2024-02-05 20:00:00,0.0,0.0,6614.0,1,0.0,2026.377,0.0,2024.859,2025.897,1.0,7.644785714285717,1.0,1.0,0.0,20.0,0.0,1.0,1.0,1.0,0.3333333333333333,B
0.0,2034.287,0.0,1.0,0.0,2024-02-06 20:00:00,0.0,0.0,6537.0,1,0.0,2036.952,0.0,2035.069,2035.964,1.0,6.853785714285745,1.0,1.0,0.0,20.0,0.0,1.0,1.0,1.0,0.3333333333333333,B
0.0,2034.03,0.0,2.0,0.0,2024-02-07 00:00:00,0.0,0.0,10944.0,1,0.0,2036.095,0.0,2034.442,2035.115,0.0,6.728571428571464,0.0,1.0,0.0,0.0,0.0,1.0,0.0,1.0,0.0,B
0.0,2032.491,0.0,3.0,0.0,2024-02-08 20:00:00,0.0,0.0,5630.0,0,0.0,2034.631,0.0,2034.123,2032.491,1.0,6.337500000000026,1.0,1.0,0.0,20.0,0.0,1.0,1.0,1.0,0.3333333333333333,B
0.0,2031.935,0.0,4.0,0.0,2024-02-09 00:00:00,0.0,0.0,9839.0,0,0.0,2035.113,0.0,2033.548,2033.939,1.0,6.077785714285743,1.0,1.0,0.0,0.0,0.0,1.0,1.0,1.0,0.3333333333333333,B
0.0,2024.402,0.0,6.0,0.0,2024-02-11 20:00:00,0.0,0.0,2169.0,1,0.0,2026.705,0.0,2025.266,2026.346,1.0,5.992071428571437,1.0,1.0,0.0,20.0,0.0,1.0,1.0,1.0,0.3333333333333333,B
0.0,2022.722,0.0,4.0,0.0,2024-02-23 00:00:00,0.0,0.0,11262.0,0,0.0,2027.342,0.0,2025.688,2024.524,0.0,5.3522142857143375,0.0,1.0,0.0,0.0,0.0,0.0,0.0,0.0,0.0,B
0.0,2018.148,0.0,4.0,0.0,2024-02-23 04:00:00,0.0,0.0,11069.0,1,0.0,2026.438,0.0,2021.801,2025.686,0.0,5.826357142857205,0.0,1.0,0.0,4.0,0.0,0.0,0.0,0.0,0.0,B
0.0,2035.093,0.0,4.0,0.0,2024-02-23 20:00:00,0.0,0.0,5221.0,0,0.0,2037.474,0.0,2035.524,2037.3,1.0,6.2709285714286125,1.0,1.0,0.0,20.0,0.0,0.0,1.0,0.0,0.3333333333333333,B
0.0,2033.179,0.0,6.0,0.0,2024-02-25 20:00:00,0.0,0.0,2093.0,0,0.0,2034.94,0.0,2034.224,2033.24,1.0,5.97685714285717,1.0,1.0,0.0,20.0,0.0,0.0,1.0,0.0,0.3333333333333333,B
0.0,2032.053,0.0,2.0,0.0,2024-02-28 20:00:00,0.0,0.0,6045.0,1,0.0,2035.415,0.0,2034.303,2032.14,1.0,4.791714285714257,1.0,1.0,0.0,20.0,0.0,1.0,1.0,1.0,0.3333333333333333,B
0.0,2042.763,0.0,3.0,0.0,2024-02-29 20:00:00,0.0,0.0,6489.0,1,0.0,2045.419,0.0,2043.981,2044.42,1.0,6.213928571428547,1.0,1.0,0.0,20.0,0.0,1.0,1.0,1.0,0.3333333333333333,B
0.0,2042.769,0.0,4.0,0.0,2024-03-01 00:00:00,0.0,0.0,9844.0,1,0.0,2046.792,0.0,2046.518,2044.053,1.0,6.023857142857098,1.0,0.0,0.0,0.0,0.0,1.0,1.0,1.0,0.3333333333333333,B
0.0,2082.822,0.0,4.0,0.0,2024-03-01 20:00:00,0.0,0.0,5535.0,1,0.0,2085.344,0.0,2083.315,2085.223,0.0,9.17335714285712,0.0,0.0,0.0,20.0,0.0,1.0,0.0,1.0,0.0,B
0.0,2113.392,0.0,0.0,0.0,2024-03-04 20:00:00,0.0,0.0,7116.0,1,0.0,2118.521,0.0,2114.48,2116.249,0.0,10.381071428571529,0.0,0.0,0.0,20.0,0.0,1.0,0.0,1.0,0.0,B
0.0,2110.41,0.0,1.0,1.0,2024-03-05 00:00:00,0.0,0.0,13125.0,1,0.0,2116.843,0.0,2112.96,2114.34,1.0,10.65085714285723,1.0,0.0,0.0,0.0,0.0,1.0,1.0,1.0,0.3333333333333333,B
0.0,2126.656,0.0,1.0,0.0,2024-03-05 20:00:00,0.0,0.0,7751.0,0,0.0,2130.963,0.0,2128.162,2129.485,0.0,9.494142857142933,0.0,0.0,0.0,20.0,0.0,1.0,0.0,1.0,0.0,B
0.0,2123.603,0.0,2.0,0.0,2024-03-06 00:00:00,0.0,0.0,12086.0,1,0.0,2128.105,0.0,2124.697,2127.777,0.0,9.639642857142915,0.0,0.0,0.0,0.0,0.0,1.0,0.0,1.0,0.0,B
0.0,2124.299,0.0,2.0,1.0,2024-03-06 08:00:00,0.0,0.0,16803.0,1,0.0,2132.601,0.0,2132.474,2128.43,1.0,10.104785714285786,1.0,0.0,0.0,8.0,0.0,1.0,1.0,1.0,0.3333333333333333,B
0.0,2143.114,0.0,2.0,0.0,2024-03-06 20:00:00,0.0,0.0,8833.0,1,0.0,2151.006,0.0,2147.192,2144.258,0.0,9.897071428571442,0.0,0.0,0.0,20.0,0.0,1.0,0.0,1.0,0.0,B
0.0,2157.949,0.0,3.0,0.0,2024-03-07 20:00:00,0.0,0.0,7335.0,1,0.0,2161.467,0.0,2161.467,2159.944,0.0,9.360357142857213,0.0,0.0,0.0,20.0,0.0,1.0,0.0,1.0,0.0,B
0.0,2156.319,0.0,4.0,0.0,2024-03-08 04:00:00,0.0,0.0,13611.0,1,0.0,2162.032,0.0,2161.345,2157.579,0.0,9.356214285714325,0.0,0.0,0.0,4.0,0.0,1.0,0.0,1.0,0.0,B
0.0,2177.113,0.0,6.0,0.0,2024-03-10 20:00:00,0.0,0.0,5759.0,1,0.0,2183.825,0.0,2181.567,2179.559,0.0,11.170500000000043,0.0,0.0,0.0,20.0,0.0,1.0,0.0,1.0,0.0,B
0.0,2176.798,0.0,0.0,0.0,2024-03-11 04:00:00,0.0,0.0,14213.0,1,0.0,2182.742,0.0,2182.2,2179.469,0.0,11.305714285714364,0.0,0.0,0.0,4.0,0.0,1.0,0.0,1.0,0.0,B
0.0,2177.073,0.0,0.0,1.0,2024-03-11 16:00:00,0.0,0.0,17769.0,1,0.0,2184.649,0.0,2181.291,2184.291,1.0,10.758928571428635,1.0,0.0,0.0,16.0,0.0,1.0,1.0,1.0,0.3333333333333333,B
0.0,2180.563,0.0,0.0,0.0,2024-03-11 20:00:00,0.0,0.0,6387.0,0,0.0,2184.651,0.0,2183.552,2181.329,0.0,10.216357142857175,0.0,0.0,0.0,20.0,0.0,1.0,0.0,1.0,0.0,B
0.0,2170.566,0.0,1.0,1.0,2024-03-12 08:00:00,0.0,0.0,16814.0,1,0.0,2179.048,0.0,2171.956,2176.881,1.0,10.429500000000028,1.0,0.0,0.0,8.0,0.0,1.0,1.0,1.0,0.3333333333333333,B
0.0,2157.223,0.0,2.0,0.0,2024-03-13 04:00:00,0.0,0.0,13366.0,1,0.0,2161.491,0.0,2159.648,2159.056,1.0,9.288857142857198,1.0,0.0,0.0,4.0,0.0,1.0,1.0,1.0,0.3333333333333333,B
0.0,2172.274,0.0,2.0,0.0,2024-03-13 20:00:00,0.0,0.0,5890.0,1,0.0,2176.209,0.0,2175.361,2172.497,1.0,9.118500000000008,1.0,0.0,0.0,20.0,0.0,1.0,1.0,1.0,0.3333333333333333,B
0.0,2167.419,0.0,3.0,0.0,2024-03-14 04:00:00,0.0,0.0,13236.0,0,0.0,2172.513,0.0,2168.634,2172.255,0.0,9.068785714285728,0.0,0.0,0.0,4.0,0.0,1.0,0.0,1.0,0.0,B
0.0,2156.663,0.0,3.0,1.0,2024-03-14 16:00:00,0.0,0.0,17589.0,0,0.0,2164.997,0.0,2163.449,2157.19,1.0,9.718214285714309,1.0,0.0,0.0,16.0,0.0,1.0,1.0,1.0,0.3333333333333333,B
0.0,2160.825,0.0,3.0,0.0,2024-03-14 20:00:00,0.0,0.0,4909.0,1,0.0,2163.858,0.0,2161.62,2163.514,0.0,7.832642857142899,0.0,0.0,0.0,20.0,0.0,1.0,0.0,1.0,0.0,B
0.0,2163.475,0.0,4.0,1.0,2024-03-15 04:00:00,0.0,0.0,14682.0,0,0.0,2170.15,0.0,2167.016,2164.532,1.0,7.155142857142891,1.0,0.0,0.0,4.0,0.0,1.0,1.0,1.0,0.3333333333333333,B
0.0,2155.395,0.0,4.0,0.0,2024-03-15 20:00:00,0.0,0.0,1937.0,0,0.0,2158.257,0.0,2155.697,2156.949,1.0,7.188000000000004,1.0,0.0,0.0,20.0,0.0,1.0,1.0,1.0,0.3333333333333333,B
0.0,2153.081,0.0,6.0,0.0,2024-03-17 20:00:00,0.0,0.0,5016.0,0,0.0,2156.533,0.0,2156.516,2153.279,1.0,6.701642857142848,1.0,0.0,0.0,20.0,0.0,1.0,1.0,1.0,0.3333333333333333,B
0.0,2172.954,0.0,3.0,0.0,2024-03-21 16:00:00,0.0,0.0,20343.0,0,0.0,2183.946,0.0,2181.426,2174.706,0.0,14.73657142857139,0.0,1.0,0.0,16.0,0.0,1.0,0.0,1.0,0.0,B
0.0,2162.584,0.0,4.0,0.0,2024-03-22 04:00:00,0.0,0.0,18397.0,1,0.0,2176.303,0.0,2168.401,2173.734,0.0,15.617428571428588,0.0,1.0,0.0,4.0,0.0,1.0,0.0,1.0,0.0,B
0.0,2164.871,0.0,4.0,0.0,2024-03-22 08:00:00,0.0,0.0,19645.0,1,0.0,2170.033,0.0,2166.016,2168.397,0.0,15.641285714285718,0.0,1.0,0.0,8.0,0.0,1.0,0.0,1.0,0.0,B
0.0,2163.567,0.0,4.0,0.0,2024-03-22 20:00:00,0.0,0.0,2849.0,1,0.0,2167.186,0.0,2165.338,2164.021,1.0,15.89450000000001,1.0,1.0,0.0,20.0,0.0,1.0,1.0,1.0,0.3333333333333333,B
0.0,2165.06,0.0,6.0,0.0,2024-03-24 20:00:00,0.0,0.0,5628.0,1,0.0,2168.894,0.0,2168.337,2166.313,1.0,13.78614285714288,1.0,1.0,0.0,20.0,0.0,1.0,1.0,1.0,0.3333333333333333,B
0.0,2170.665,0.0,0.0,0.0,2024-03-25 16:00:00,0.0,0.0,14802.0,1,0.0,2177.796,0.0,2170.945,2175.405,1.0,9.107357142857122,1.0,1.0,0.0,16.0,0.0,1.0,1.0,1.0,0.3333333333333333,B
0.0,2170.739,0.0,0.0,0.0,2024-03-25 20:00:00,0.0,0.0,6155.0,1,0.0,2173.308,0.0,2172.878,2170.992,1.0,8.50571428571428,1.0,1.0,0.0,20.0,0.0,1.0,1.0,1.0,0.3333333333333333,B
0.0,2189.729,0.0,2.0,0.0,2024-03-27 20:00:00,0.0,0.0,7270.0,1,0.0,2195.21,0.0,2190.969,2193.338,1.0,10.212928571428554,1.0,1.0,0.0,20.0,0.0,1.0,1.0,1.0,0.3333333333333333,B
0.0,2192.629,0.0,3.0,0.0,2024-03-28 04:00:00,0.0,0.0,15304.0,1,0.0,2200.634,0.0,2193.719,2194.752,0.0,10.744214285714309,0.0,1.0,0.0,4.0,0.0,1.0,0.0,1.0,0.0,B
0.0,2219.601,0.0,3.0,0.0,2024-03-28 20:00:00,0.0,0.0,4195.0,1,0.0,2236.293,0.0,2232.587,2221.631,0.0,10.822285714285758,0.0,0.0,0.0,20.0,0.0,1.0,0.0,1.0,0.0,B
0.0,2256.868,0.0,0.0,0.0,2024-04-01 04:00:00,0.0,1.0,15247.0,1,0.0,2265.678,0.0,2257.535,2264.36,1.0,12.6788571428572,1.0,0.0,0.0,4.0,0.0,1.0,1.0,1.0,0.3333333333333333,B
0.0,2296.245,0.0,2.0,0.0,2024-04-03 20:00:00,0.0,0.0,9597.0,1,0.0,2302.445,0.0,2297.448,2297.404,0.0,14.303071428571457,0.0,0.0,0.0,20.0,0.0,1.0,0.0,1.0,0.0,B
0.0,2288.752,0.0,3.0,1.0,2024-04-04 08:00:00,0.0,0.0,19072.0,1,0.0,2295.18,0.0,2289.261,2292.94,1.0,13.696928571428607,1.0,0.0,0.0,8.0,0.0,1.0,1.0,1.0,0.3333333333333333,B
0.0,2284.755,0.0,3.0,0.0,2024-04-04 20:00:00,0.0,0.0,9349.0,1,0.0,2293.233,0.0,2288.891,2284.888,0.0,13.947571428571402,0.0,0.0,0.0,20.0,0.0,1.0,0.0,1.0,0.0,B
0.0,2284.859,0.0,4.0,0.0,2024-04-05 08:00:00,0.0,0.0,20745.0,1,0.0,2296.142,0.0,2291.132,2289.014,0.0,13.868428571428469,0.0,0.0,0.0,8.0,0.0,1.0,0.0,1.0,0.0,B
0.0,2320.637,0.0,4.0,1.0,2024-04-05 16:00:00,0.0,0.0,24042.0,1,0.0,2330.526,0.0,2323.12,2326.191,1.0,16.22264285714274,1.0,0.0,0.0,16.0,0.0,1.0,1.0,1.0,0.3333333333333333,B
0.0,2303.998,0.0,6.0,0.0,2024-04-07 20:00:00,0.0,1.0,19545.0,1,0.0,2328.564,0.0,2311.647,2327.315,1.0,15.605999999999929,1.0,0.0,0.0,20.0,0.0,1.0,1.0,1.0,0.3333333333333333,B
0.0,2337.771,0.0,1.0,0.0,2024-04-09 00:00:00,0.0,1.0,26558.0,1,0.0,2348.497,0.0,2343.943,2338.784,1.0,18.84221428571413,1.0,0.0,0.0,0.0,0.0,1.0,1.0,1.0,0.3333333333333333,B
0.0,2350.279,0.0,1.0,0.0,2024-04-09 20:00:00,0.0,0.0,7885.0,0,0.0,2355.239,0.0,2354.776,2351.072,0.0,16.435714285714248,0.0,0.0,0.0,20.0,0.0,1.0,0.0,1.0,0.0,B
0.0,2329.509,0.0,2.0,0.0,2024-04-10 20:00:00,0.0,0.0,8669.0,1,0.0,2337.205,0.0,2335.429,2329.687,1.0,13.890000000000002,1.0,0.0,0.0,20.0,0.0,1.0,1.0,1.0,0.3333333333333333,B
0.0,2390.36,0.0,4.0,1.0,2024-04-12 08:00:00,0.0,0.0,28692.0,0,0.0,2400.638,0.0,2395.362,2399.954,1.0,16.09435714285717,1.0,0.0,0.0,8.0,0.0,1.0,1.0,1.0,0.3333333333333333,B
0.0,2341.691,0.0,4.0,0.0,2024-04-12 20:00:00,0.0,0.0,4266.0,1,0.0,2345.169,0.0,2344.382,2343.317,1.0,20.459785714285708,1.0,0.0,0.0,20.0,0.0,1.0,1.0,1.0,0.3333333333333333,B
0.0,2346.754,0.0,6.0,0.0,2024-04-14 20:00:00,0.0,0.0,11695.0,1,0.0,2371.92,0.0,2364.486,2369.105,1.0,21.032071428571435,1.0,0.0,0.0,20.0,0.0,1.0,1.0,1.0,0.3333333333333333,B
0.0,2344.71,0.0,0.0,0.0,2024-04-15 08:00:00,0.0,0.0,30778.0,1,0.0,2361.178,0.0,2357.947,2353.038,1.0,21.962642857142846,1.0,0.0,0.0,8.0,0.0,1.0,1.0,1.0,0.3333333333333333,B
0.0,2380.038,0.0,0.0,0.0,2024-04-15 20:00:00,0.0,0.0,12030.0,1,0.0,2391.957,0.0,2381.833,2386.37,1.0,24.00521428571424,1.0,0.0,0.0,20.0,0.0,1.0,1.0,1.0,0.3333333333333333,B
0.0,2379.208,0.0,1.0,0.0,2024-04-16 00:00:00,0.0,0.0,30684.0,0,0.0,2389.33,0.0,2387.87,2381.896,1.0,24.15035714285708,1.0,0.0,0.0,0.0,0.0,1.0,1.0,1.0,0.3333333333333333,B
0.0,2365.107,0.0,1.0,0.0,2024-04-16 08:00:00,0.0,0.0,27461.0,1,0.0,2375.37,0.0,2373.952,2365.498,1.0,23.99357142857136,1.0,0.0,0.0,8.0,0.0,1.0,1.0,1.0,0.3333333333333333,B
0.0,2372.647,0.0,2.0,0.0,2024-04-17 04:00:00,0.0,0.0,24069.0,1,0.0,2383.255,0.0,2382.496,2381.652,1.0,18.5489285714285,1.0,0.0,0.0,4.0,0.0,1.0,1.0,1.0,0.3333333333333333,B
0.0,2373.132,0.0,3.0,0.0,2024-04-18 04:00:00,0.0,0.0,21190.0,1,0.0,2381.017,0.0,2377.808,2374.748,1.0,15.22785714285708,1.0,0.0,0.0,4.0,0.0,1.0,1.0,1.0,0.3333333333333333,B
0.0,2377.176,0.0,3.0,0.0,2024-04-18 08:00:00,0.0,0.0,21844.0,1,0.0,2385.36,0.0,2380.92,2377.841,1.0,15.089428571428536,1.0,0.0,0.0,8.0,0.0,1.0,1.0,1.0,0.3333333333333333,B
0.0,2386.591,0.0,4.0,0.0,2024-04-19 16:00:00,0.0,0.0,29537.0,1,0.0,2401.969,0.0,2387.606,2394.753,1.0,16.95814285714284,1.0,0.0,0.0,16.0,0.0,1.0,1.0,1.0,0.3333333333333333,B
0.0,2386.637,0.0,4.0,0.0,2024-04-19 20:00:00,0.0,0.0,3707.0,0,0.0,2391.252,0.0,2390.677,2387.652,1.0,16.05514285714282,1.0,0.0,0.0,20.0,0.0,1.0,1.0,1.0,0.3333333333333333,B
0.0,2381.882,0.0,6.0,0.0,2024-04-21 20:00:00,0.0,0.0,9785.0,0,0.0,2388.595,0.0,2386.483,2384.011,1.0,15.006642857142811,1.0,0.0,0.0,20.0,0.0,1.0,1.0,1.0,0.3333333333333333,B
0.0,2324.55,0.0,0.0,0.0,2024-04-22 16:00:00,0.0,0.0,23879.0,1,0.0,2336.454,0.0,2329.332,2334.789,0.0,17.325928571428513,0.0,1.0,0.0,16.0,0.0,1.0,0.0,1.0,0.0,B
0.0,2325.319,0.0,0.0,0.0,2024-04-22 20:00:00,0.0,0.0,9244.0,0,0.0,2333.93,0.0,2333.738,2329.29,0.0,17.135999999999935,0.0,1.0,0.0,20.0,0.0,1.0,0.0,1.0,0.0,B
0.0,2298.859,0.0,1.0,1.0,2024-04-23 04:00:00,0.0,0.0,33074.0,1,0.0,2314.765,0.0,2309.051,2302.578,1.0,17.56335714285712,1.0,1.0,0.0,4.0,0.0,1.0,1.0,1.0,0.3333333333333333,B
0.0,2322.182,0.0,0.0,0.0,2024-05-06 20:00:00,0.0,0.0,8731.0,0,0.0,2328.819,0.0,2325.943,2324.991,1.0,12.669071428571442,1.0,1.0,0.0,20.0,0.0,1.0,1.0,1.0,0.3333333333333333,B
0.0,2317.68,0.0,1.0,0.0,2024-05-07 04:00:00,0.0,0.0,19033.0,0,0.0,2325.076,0.0,2319.253,2324.884,1.0,13.117642857142885,1.0,1.0,0.0,4.0,0.0,1.0,1.0,1.0,0.3333333333333333,B
0.0,2311.639,0.0,1.0,0.0,2024-05-07 08:00:00,0.0,0.0,19449.0,1,0.0,2319.841,0.0,2312.348,2319.226,1.0,12.913214285714307,1.0,1.0,0.0,8.0,0.0,1.0,1.0,1.0,0.3333333333333333,B
0.0,2305.294,0.0,2.0,0.0,2024-05-08 04:00:00,0.0,0.0,18699.0,1,0.0,2321.336,0.0,2305.691,2317.0,1.0,11.331714285714302,1.0,0.0,0.0,4.0,0.0,1.0,1.0,1.0,0.3333333333333333,B
0.0,2307.765,0.0,3.0,0.0,2024-05-09 00:00:00,0.0,0.0,15603.0,1,0.0,2312.996,0.0,2312.274,2308.733,1.0,9.545857142857228,1.0,1.0,0.0,0.0,0.0,1.0,1.0,1.0,0.3333333333333333,B
0.0,2361.663,0.0,4.0,0.0,2024-05-10 16:00:00,0.0,0.0,20575.0,1,0.0,2370.961,0.0,2363.315,2364.779,1.0,12.48357142857146,1.0,0.0,0.0,16.0,0.0,1.0,1.0,1.0,0.3333333333333333,B
0.0,2359.695,0.0,4.0,0.0,2024-05-10 20:00:00,0.0,0.0,2981.0,1,0.0,2365.047,0.0,2360.449,2363.366,1.0,11.889428571428589,1.0,1.0,0.0,20.0,0.0,1.0,1.0,1.0,0.3333333333333333,B
0.0,2354.778,0.0,0.0,0.0,2024-05-13 00:00:00,0.0,0.0,19728.0,0,0.0,2364.489,0.0,2357.07,2360.448,1.0,11.671785714285727,1.0,1.0,0.0,0.0,0.0,1.0,1.0,1.0,0.3333333333333333,B
0.0,2334.424,0.0,0.0,0.0,2024-05-13 16:00:00,0.0,0.0,18236.0,1,0.0,2338.49,0.0,2337.334,2335.884,1.0,10.943071428571397,1.0,1.0,0.0,16.0,0.0,1.0,1.0,1.0,0.3333333333333333,B
0.0,2334.734,0.0,1.0,0.0,2024-05-14 00:00:00,0.0,0.0,17418.0,1,0.0,2344.423,0.0,2343.059,2338.39,1.0,10.489928571428534,1.0,1.0,0.0,0.0,0.0,1.0,1.0,1.0,0.3333333333333333,B
0.0,2377.704,0.0,3.0,0.0,2024-05-16 16:00:00,0.0,0.0,18760.0,1,0.0,2383.746,0.0,2378.106,2381.564,1.0,12.270500000000052,1.0,0.0,0.0,16.0,0.0,1.0,1.0,1.0,0.3333333333333333,B
0.0,2376.582,0.0,4.0,0.0,2024-05-17 04:00:00,0.0,0.0,18626.0,1,0.0,2387.762,0.0,2383.814,2377.806,0.0,11.211928571428643,0.0,0.0,0.0,4.0,0.0,1.0,0.0,1.0,0.0,B
0.0,2381.299,0.0,4.0,1.0,2024-05-17 08:00:00,0.0,0.0,18853.0,1,0.0,2390.135,0.0,2389.682,2383.874,1.0,11.402857142857233,1.0,0.0,0.0,8.0,0.0,1.0,1.0,1.0,0.3333333333333333,B
0.0,2416.732,0.0,6.0,0.0,2024-05-19 20:00:00,0.0,0.0,10238.0,1,0.0,2425.201,0.0,2420.194,2425.201,0.0,11.21107142857152,0.0,0.0,0.0,20.0,0.0,1.0,0.0,1.0,0.0,B
0.0,2422.441,0.0,0.0,0.0,2024-05-20 16:00:00,0.0,0.0,25937.0,1,0.0,2437.373,0.0,2426.734,2424.813,0.0,14.585071428571544,0.0,0.0,0.0,16.0,0.0,1.0,0.0,1.0,0.0,B
0.0,2420.319,0.0,1.0,0.0,2024-05-21 20:00:00,0.0,0.0,6220.0,1,0.0,2423.457,0.0,2421.654,2423.305,1.0,14.671500000000083,1.0,0.0,0.0,20.0,0.0,1.0,1.0,1.0,0.3333333333333333,B
0.0,2412.539,0.0,2.0,0.0,2024-05-22 00:00:00,0.0,0.0,22232.0,1,0.0,2426.542,0.0,2414.163,2421.659,1.0,15.006428571428614,1.0,0.0,0.0,0.0,0.0,1.0,1.0,1.0,0.3333333333333333,B
0.0,2411.399,0.0,2.0,0.0,2024-05-22 04:00:00,0.0,0.0,22640.0,0,0.0,2418.524,0.0,2417.232,2414.164,1.0,14.71050000000004,1.0,0.0,0.0,4.0,0.0,1.0,1.0,1.0,0.3333333333333333,B
0.0,2377.308,0.0,2.0,0.0,2024-05-22 20:00:00,0.0,0.0,9365.0,0,0.0,2382.707,0.0,2382.124,2379.265,0.0,13.810214285714308,0.0,1.0,0.0,20.0,0.0,1.0,0.0,1.0,0.0,B
0.0,2355.087,0.0,3.0,0.0,2024-05-23 08:00:00,0.0,0.0,24589.0,0,0.0,2369.427,0.0,2368.041,2356.056,0.0,13.902142857142833,0.0,1.0,0.0,8.0,0.0,1.0,0.0,1.0,0.0,B
0.0,2320.76,0.0,4.0,0.0,2024-06-21 20:00:00,0.0,0.0,2876.0,1,0.0,2322.653,0.0,2321.503,2322.106,1.0,11.71049999999991,1.0,1.0,0.0,20.0,0.0,0.0,1.0,0.0,0.3333333333333333,B
0.0,2321.325,0.0,0.0,0.0,2024-06-24 04:00:00,0.0,0.0,17247.0,1,0.0,2331.793,0.0,2330.705,2325.405,1.0,12.296071428571397,1.0,1.0,0.0,4.0,0.0,0.0,1.0,0.0,0.3333333333333333,B
0.0,2326.822,0.0,0.0,0.0,2024-06-24 16:00:00,0.0,0.0,17004.0,0,0.0,2334.629,0.0,2331.64,2327.581,1.0,10.748857142857135,1.0,1.0,0.0,16.0,0.0,0.0,1.0,0.0,0.3333333333333333,B
0.0,2322.841,0.0,4.0,0.0,2024-06-28 20:00:00,0.0,0.0,3400.0,0,0.0,2326.815,0.0,2326.638,2324.972,1.0,8.465714285714316,1.0,1.0,0.0,20.0,0.0,0.0,1.0,0.0,0.3333333333333333,B
0.0,2322.837,0.0,6.0,0.0,2024-06-30 20:00:00,0.0,0.0,4751.0,1,0.0,2326.157,0.0,2324.933,2322.849,1.0,8.299857142857165,1.0,1.0,0.0,20.0,0.0,0.0,1.0,0.0,0.3333333333333333,B
0.0,2330.862,0.0,0.0,0.0,2024-07-01 20:00:00,0.0,0.0,5619.0,1,0.0,2332.553,0.0,2332.222,2330.973,1.0,9.028785714285732,1.0,1.0,0.0,20.0,0.0,0.0,1.0,0.0,0.3333333333333333,B
0.0,2325.702,0.0,1.0,0.0,2024-07-02 00:00:00,0.0,0.0,14729.0,1,0.0,2334.305,0.0,2326.033,2332.216,1.0,9.418071428571434,1.0,1.0,0.0,0.0,0.0,0.0,1.0,0.0,0.3333333333333333,B
0.0,2323.282,0.0,1.0,0.0,2024-07-02 04:00:00,0.0,0.0,16929.0,0,0.0,2331.779,0.0,2330.679,2326.036,1.0,9.362499999999986,1.0,1.0,0.0,4.0,0.0,0.0,1.0,0.0,0.3333333333333333,B
0.0,2320.921,0.0,1.0,0.0,2024-07-02 16:00:00,0.0,0.0,16580.0,0,0.0,2331.298,0.0,2330.76,2324.678,1.0,9.639642857142851,1.0,1.0,0.0,16.0,0.0,0.0,1.0,0.0,0.3333333333333333,B
0.0,2328.61,0.0,1.0,0.0,2024-07-02 20:00:00,0.0,0.0,5747.0,1,0.0,2331.443,0.0,2330.18,2330.725,1.0,9.142928571428554,1.0,1.0,0.0,20.0,0.0,0.0,1.0,0.0,0.3333333333333333,B
0.0,2354.223,0.0,2.0,0.0,2024-07-03 20:00:00,0.0,0.0,5197.0,0,0.0,2359.578,0.0,2358.699,2354.302,1.0,9.36699999999993,1.0,1.0,0.0,20.0,0.0,1.0,1.0,1.0,0.3333333333333333,B
0.0,2350.33,0.0,3.0,0.0,2024-07-04 04:00:00,0.0,0.0,15608.0,1,0.0,2359.572,0.0,2357.455,2358.102,1.0,9.965571428571366,1.0,1.0,0.0,4.0,0.0,1.0,1.0,1.0,0.3333333333333333,B
0.0,2355.443,0.0,3.0,0.0,2024-07-04 08:00:00,0.0,0.0,14913.0,0,0.0,2359.987,0.0,2358.389,2357.515,1.0,9.675642857142812,1.0,1.0,0.0,8.0,0.0,1.0,1.0,1.0,0.3333333333333333,B
0.0,2356.903,0.0,3.0,0.0,2024-07-04 16:00:00,0.0,0.0,3903.0,0,0.0,2359.098,0.0,2357.23,2357.417,1.0,8.78599999999996,1.0,1.0,0.0,16.0,0.0,1.0,1.0,1.0,0.3333333333333333,B
0.0,2354.213,0.0,3.0,0.0,2024-07-04 20:00:00,0.0,0.0,4669.0,1,0.0,2357.715,0.0,2356.721,2357.034,1.0,7.766499999999951,1.0,1.0,0.0,20.0,0.0,1.0,1.0,1.0,0.3333333333333333,B
0.0,2357.986,0.0,0.0,0.0,2024-07-08 20:00:00,0.0,0.0,5644.0,1,0.0,2362.004,0.0,2361.711,2359.174,1.0,11.128285714285736,1.0,1.0,0.0,20.0,0.0,1.0,1.0,1.0,0.3333333333333333,B
0.0,2358.279,0.0,1.0,0.0,2024-07-09 04:00:00,0.0,0.0,17153.0,1,0.0,2368.791,0.0,2358.933,2367.619,1.0,11.660071428571428,1.0,1.0,0.0,4.0,0.0,1.0,1.0,1.0,0.3333333333333333,B
0.0,2363.281,0.0,1.0,0.0,2024-07-09 20:00:00,0.0,0.0,5336.0,1,0.0,2366.037,0.0,2364.966,2363.538,1.0,10.21849999999998,1.0,1.0,0.0,20.0,0.0,1.0,1.0,1.0,0.3333333333333333,B
0.0,2363.304,0.0,2.0,0.0,2024-07-10 00:00:00,0.0,0.0,16294.0,1,0.0,2370.258,0.0,2368.144,2364.944,1.0,10.469357142857104,1.0,1.0,0.0,0.0,0.0,1.0,1.0,1.0,0.3333333333333333,B
0.0,2366.536,0.0,2.0,0.0,2024-07-10 04:00:00,0.0,0.0,15641.0,1,0.0,2374.932,0.0,2372.606,2368.166,1.0,10.584071428571374,1.0,1.0,0.0,4.0,0.0,1.0,1.0,1.0,0.3333333333333333,B
0.0,2371.425,0.0,2.0,0.0,2024-07-10 08:00:00,0.0,0.0,15739.0,0,0.0,2378.379,0.0,2378.346,2372.569,1.0,10.336357142857066,1.0,1.0,0.0,8.0,0.0,1.0,1.0,1.0,0.3333333333333333,B
0.0,2370.86,0.0,2.0,0.0,2024-07-10 20:00:00,0.0,0.0,5262.0,1,0.0,2372.911,0.0,2372.852,2371.762,1.0,8.694714285714229,1.0,1.0,0.0,20.0,0.0,1.0,1.0,1.0,0.3333333333333333,B
0.0,2371.418,0.0,3.0,0.0,2024-07-11 00:00:00,0.0,0.0,15485.0,1,0.0,2380.254,0.0,2378.741,2372.832,0.0,8.693928571428485,0.0,1.0,0.0,0.0,0.0,1.0,0.0,1.0,0.0,B
0.0,2379.001,0.0,3.0,1.0,2024-07-11 08:00:00,0.0,0.0,17332.0,1,0.0,2384.527,0.0,2380.792,2379.924,1.0,8.603357142857053,1.0,0.0,0.0,8.0,0.0,1.0,1.0,1.0,0.3333333333333333,B
0.0,2405.677,0.0,6.0,0.0,2024-07-14 20:00:00,0.0,1.0,6541.0,1,0.0,2412.243,0.0,2408.657,2411.619,1.0,10.584999999999908,1.0,0.0,0.0,20.0,0.0,1.0,1.0,1.0,0.3333333333333333,B
0.0,2420.587,0.0,0.0,0.0,2024-07-15 20:00:00,0.0,1.0,6121.0,1,0.0,2422.726,0.0,2422.496,2421.145,1.0,10.909285714285684,1.0,0.0,0.0,20.0,0.0,1.0,1.0,1.0,0.3333333333333333,B
0.0,2457.212,0.0,2.0,0.0,2024-07-17 20:00:00,0.0,0.0,8685.0,1,0.0,2461.832,0.0,2461.296,2458.022,0.0,13.981785714285706,0.0,0.0,0.0,20.0,0.0,1.0,0.0,1.0,0.0,B
0.0,2457.29,0.0,3.0,0.0,2024-07-18 00:00:00,0.0,0.0,21503.0,1,0.0,2468.851,0.0,2468.009,2461.334,0.0,13.375785714285712,0.0,0.0,0.0,0.0,0.0,1.0,0.0,1.0,0.0,B
0.0,2464.551,0.0,3.0,0.0,2024-07-18 04:00:00,0.0,0.0,23389.0,1,0.0,2474.966,0.0,2471.93,2468.0,0.0,13.966928571428555,0.0,0.0,0.0,4.0,0.0,1.0,0.0,1.0,0.0,B
0.0,2441.169,0.0,3.0,0.0,2024-07-18 20:00:00,0.0,0.0,7843.0,0,0.0,2445.563,0.0,2441.25,2442.965,0.0,12.478857142857157,0.0,0.0,0.0,20.0,0.0,1.0,0.0,1.0,0.0,B
0.0,2395.64,0.0,4.0,0.0,2024-07-19 16:00:00,0.0,0.0,21969.0,1,1.0,2406.003,0.0,2398.712,2405.445,1.0,13.886428571428626,1.0,1.0,0.0,16.0,0.0,1.0,1.0,1.0,0.3333333333333333,B
0.0,2397.783,0.0,4.0,0.0,2024-07-19 20:00:00,0.0,0.0,3119.0,1,1.0,2400.55,0.0,2400.451,2398.743,1.0,12.245357142857204,1.0,1.0,0.0,20.0,0.0,1.0,1.0,1.0,0.3333333333333333,B
0.0,2402.487,0.0,6.0,0.0,2024-07-21 20:00:00,0.0,0.0,7271.0,0,0.0,2411.931,0.0,2411.528,2403.68,0.0,12.0868571428572,0.0,1.0,0.0,20.0,0.0,1.0,0.0,1.0,0.0,B
0.0,2403.233,0.0,0.0,1.0,2024-07-22 00:00:00,0.0,0.0,23048.0,0,0.0,2412.188,0.0,2406.732,2411.496,1.0,12.39650000000006,1.0,1.0,0.0,0.0,0.0,1.0,1.0,1.0,0.3333333333333333,B
0.0,2398.881,0.0,0.0,1.0,2024-07-22 04:00:00,0.0,0.0,25253.0,1,0.0,2407.353,0.0,2402.513,2406.69,1.0,12.175857142857208,1.0,1.0,0.0,4.0,0.0,1.0,1.0,1.0,0.3333333333333333,B
0.0,2394.705,0.0,0.0,0.0,2024-07-22 20:00:00,0.0,0.0,6183.0,1,0.0,2399.487,0.0,2395.783,2398.954,0.0,11.361142857142925,0.0,1.0,0.0,20.0,0.0,1.0,0.0,1.0,0.0,B
0.0,2388.225,0.0,1.0,1.0,2024-07-23 04:00:00,0.0,0.0,24248.0,1,0.0,2399.643,0.0,2397.788,2398.36,1.0,10.977928571428654,1.0,1.0,0.0,4.0,0.0,1.0,1.0,1.0,0.3333333333333333,B
0.0,2396.303,0.0,1.0,1.0,2024-07-23 08:00:00,0.0,0.0,24326.0,1,0.0,2411.984,0.0,2407.614,2397.823,1.0,10.91814285714294,1.0,1.0,0.0,8.0,0.0,1.0,1.0,1.0,0.3333333333333333,B
0.0,2402.626,0.0,1.0,0.0,2024-07-23 16:00:00,0.0,0.0,18680.0,1,0.0,2408.974,0.0,2407.545,2405.437,0.0,9.94550000000007,0.0,1.0,0.0,16.0,0.0,1.0,0.0,1.0,0.0,B
0.0,2405.307,0.0,1.0,0.0,2024-07-23 20:00:00,0.0,0.0,7048.0,1,0.0,2410.013,0.0,2408.513,2407.504,0.0,9.54142857142863,0.0,1.0,0.0,20.0,0.0,1.0,0.0,1.0,0.0,B
0.0,2404.866,0.0,2.0,1.0,2024-07-24 00:00:00,0.0,0.0,23648.0,1,0.0,2418.319,0.0,2416.406,2408.558,1.0,10.304714285714324,1.0,1.0,0.0,0.0,0.0,1.0,1.0,1.0,0.3333333333333333,B
0.0,2411.549,0.0,2.0,0.0,2024-07-24 04:00:00,0.0,0.0,22867.0,1,0.0,2419.199,0.0,2414.574,2416.421,0.0,10.0311428571429,0.0,1.0,0.0,4.0,0.0,1.0,0.0,1.0,0.0,B
0.0,2435.539,0.0,4.0,0.0,2024-08-02 20:00:00,0.0,0.0,4853.0,1,0.0,2442.477,0.0,2441.892,2437.645,0.0,18.388000000000016,0.0,1.0,0.0,20.0,0.0,1.0,0.0,1.0,0.0,B
0.0,2446.433,0.0,2.0,0.0,2024-08-14 20:00:00,0.0,0.0,8037.0,1,1.0,2449.482,0.0,2449.408,2447.123,1.0,12.33957142857139,1.0,1.0,0.0,20.0,0.0,1.0,1.0,1.0,0.3333333333333333,B
0.0,2448.2,0.0,3.0,0.0,2024-08-15 00:00:00,1.0,0.0,26967.0,1,0.0,2454.357,0.0,2453.681,2449.396,1.0,11.831928571428534,1.0,1.0,0.0,0.0,0.0,1.0,1.0,1.0,0.3333333333333333,B
0.0,2450.28,0.0,3.0,0.0,2024-08-15 04:00:00,0.0,0.0,25666.0,1,0.0,2458.777,0.0,2455.71,2453.708,0.0,12.018714285714234,0.0,1.0,0.0,4.0,0.0,1.0,0.0,1.0,0.0,B
0.0,2453.519,0.0,3.0,0.0,2024-08-15 08:00:00,0.0,0.0,23429.0,0,0.0,2464.147,0.0,2463.533,2455.701,0.0,11.62478571428567,0.0,1.0,0.0,8.0,0.0,1.0,0.0,1.0,0.0,B
0.0,2453.4,0.0,3.0,0.0,2024-08-15 16:00:00,0.0,0.0,24644.0,1,0.0,2461.631,0.0,2455.566,2458.394,1.0,13.824071428571347,1.0,1.0,0.0,16.0,0.0,1.0,1.0,1.0,0.3333333333333333,B
0.0,2454.397,0.0,3.0,0.0,2024-08-15 20:00:00,0.0,0.0,7796.0,1,0.0,2458.257,0.0,2457.298,2455.52,1.0,12.904071428571342,1.0,1.0,0.0,20.0,0.0,1.0,1.0,1.0,0.3333333333333333,B
0.0,2500.634,0.0,0.0,0.0,2024-08-19 16:00:00,0.0,0.0,20464.0,1,0.0,2507.482,0.0,2505.436,2503.898,0.0,12.1900714285714,0.0,0.0,0.0,16.0,0.0,1.0,0.0,1.0,0.0,B
0.0,2512.724,0.0,1.0,0.0,2024-08-20 20:00:00,0.0,0.0,7079.0,1,0.0,2516.937,0.0,2512.964,2514.994,0.0,11.773999999999983,0.0,0.0,0.0,20.0,0.0,1.0,0.0,1.0,0.0,B
0.0,2510.771,0.0,2.0,1.0,2024-08-21 00:00:00,0.0,0.0,22783.0,1,0.0,2519.942,0.0,2517.386,2512.976,1.0,12.12714285714284,1.0,0.0,0.0,0.0,0.0,1.0,1.0,1.0,0.3333333333333333,B
0.0,2509.759,0.0,2.0,0.0,2024-08-21 20:00:00,0.0,0.0,7337.0,1,0.0,2514.424,0.0,2512.783,2511.513,0.0,11.876999999999953,0.0,0.0,0.0,20.0,0.0,1.0,0.0,1.0,0.0,B
0.0,2499.184,0.0,3.0,1.0,2024-08-22 04:00:00,0.0,0.0,23539.0,0,0.0,2510.612,0.0,2507.102,2502.344,1.0,13.00799999999994,1.0,0.0,0.0,4.0,0.0,1.0,1.0,1.0,0.3333333333333333,B
0.0,2482.369,0.0,3.0,0.0,2024-08-22 20:00:00,0.0,0.0,6700.0,1,0.0,2487.571,0.0,2487.564,2483.021,1.0,12.345214285714226,1.0,1.0,0.0,20.0,0.0,1.0,1.0,1.0,0.3333333333333333,B
0.0,2486.442,0.0,4.0,0.0,2024-08-23 00:00:00,0.0,0.0,23003.0,1,0.0,2493.753,0.0,2493.17,2487.574,1.0,11.817999999999952,1.0,0.0,0.0,0.0,0.0,1.0,1.0,1.0,0.3333333333333333,B
0.0,2509.532,0.0,4.0,0.0,2024-08-23 20:00:00,0.0,0.0,3095.0,1,0.0,2512.455,0.0,2512.357,2510.745,1.0,11.753428571428556,1.0,0.0,0.0,20.0,0.0,1.0,1.0,1.0,0.3333333333333333,B
0.0,2511.074,0.0,6.0,0.0,2024-08-25 20:00:00,0.0,1.0,7412.0,1,0.0,2516.683,0.0,2515.917,2512.067,1.0,11.002928571428551,1.0,0.0,0.0,20.0,0.0,1.0,1.0,1.0,0.3333333333333333,B
0.0,2502.76,0.0,2.0,0.0,2024-08-28 20:00:00,0.0,0.0,9885.0,1,0.0,2508.703,0.0,2508.11,2507.643,1.0,11.330714285714228,1.0,1.0,0.0,20.0,0.0,1.0,1.0,1.0,0.3333333333333333,B
0.0,2507.976,0.0,3.0,0.0,2024-08-29 00:00:00,0.0,0.0,21236.0,1,0.0,2516.771,0.0,2516.543,2508.08,1.0,11.25371428571423,1.0,0.0,0.0,0.0,0.0,1.0,1.0,1.0,0.3333333333333333,B
0.0,2513.806,0.0,3.0,0.0,2024-08-29 04:00:00,0.0,0.0,21921.0,1,0.0,2521.164,0.0,2519.091,2516.591,1.0,11.515785714285682,1.0,0.0,0.0,4.0,0.0,1.0,1.0,1.0,0.3333333333333333,B
0.0,2518.882,0.0,3.0,0.0,2024-08-29 20:00:00,0.0,0.0,6698.0,0,0.0,2522.313,0.0,2519.615,2521.216,1.0,11.171142857142806,1.0,0.0,0.0,20.0,0.0,1.0,1.0,1.0,0.3333333333333333,B
0.0,2512.292,0.0,4.0,0.0,2024-08-30 00:00:00,0.0,0.0,21061.0,1,0.0,2520.108,0.0,2513.556,2519.6,1.0,10.578857142857098,1.0,0.0,0.0,0.0,0.0,1.0,1.0,1.0,0.3333333333333333,B
0.0,2501.942,0.0,6.0,0.0,2024-09-01 20:00:00,0.0,0.0,5446.0,0,0.0,2504.76,0.0,2502.98,2502.485,1.0,10.077071428571506,1.0,1.0,0.0,20.0,0.0,1.0,1.0,1.0,0.3333333333333333,B
0.0,2496.5,0.0,0.0,0.0,2024-09-02 20:00:00,0.0,0.0,3831.0,0,0.0,2499.708,0.0,2497.242,2499.525,0.0,8.579714285714415,0.0,1.0,0.0,20.0,0.0,1.0,0.0,1.0,0.0,B
0.0,2491.318,0.0,1.0,0.0,2024-09-03 20:00:00,0.0,1.0,7768.0,1,0.0,2494.764,0.0,2493.223,2491.965,1.0,9.317142857142894,1.0,1.0,0.0,20.0,0.0,1.0,1.0,1.0,0.3333333333333333,B
0.0,2491.291,0.0,2.0,0.0,2024-09-04 00:00:00,0.0,1.0,20686.0,1,0.0,2496.95,0.0,2495.016,2493.2,1.0,9.596785714285716,1.0,1.0,0.0,0.0,0.0,1.0,1.0,1.0,0.3333333333333333,B
0.0,2515.75,0.0,1.0,0.0,2024-09-10 20:00:00,0.0,0.0,6477.0,1,0.0,2518.849,0.0,2518.678,2517.207,1.0,7.657357142857173,1.0,1.0,0.0,20.0,0.0,1.0,1.0,1.0,0.3333333333333333,B
0.0,2511.27,0.0,2.0,0.0,2024-09-11 20:00:00,0.0,0.0,6778.0,1,0.0,2513.892,0.0,2511.901,2512.904,1.0,8.69714285714284,1.0,1.0,0.0,20.0,0.0,1.0,1.0,1.0,0.3333333333333333,B
0.0,2514.445,0.0,3.0,0.0,2024-09-12 04:00:00,0.0,0.0,20565.0,1,0.0,2522.26,0.0,2515.941,2515.88,0.0,8.912999999999979,0.0,1.0,0.0,4.0,0.0,1.0,0.0,1.0,0.0,B
0.0,2512.961,0.0,3.0,1.0,2024-09-12 08:00:00,0.0,0.0,24080.0,1,0.0,2521.014,0.0,2519.444,2515.9,1.0,9.053142857142868,1.0,1.0,0.0,8.0,0.0,1.0,1.0,1.0,0.3333333333333333,B
0.0,2563.654,0.0,4.0,0.0,2024-09-13 08:00:00,0.0,0.0,28575.0,1,0.0,2573.019,0.0,2567.288,2569.834,0.0,11.40321428571422,0.0,0.0,0.0,8.0,0.0,1.0,0.0,1.0,0.0,B
0.0,2577.704,0.0,4.0,0.0,2024-09-13 20:00:00,0.0,0.0,3419.0,1,0.0,2582.912,0.0,2579.067,2582.612,0.0,10.629071428571349,0.0,0.0,0.0,20.0,0.0,1.0,0.0,1.0,0.0,B
0.0,2577.561,0.0,6.0,0.0,2024-09-15 20:00:00,0.0,0.0,7258.0,1,0.0,2580.454,0.0,2579.163,2578.456,0.0,10.10285714285708,0.0,0.0,0.0,20.0,0.0,1.0,0.0,1.0,0.0,B
0.0,2579.524,0.0,0.0,1.0,2024-09-16 16:00:00,0.0,0.0,18862.0,1,0.0,2584.172,0.0,2582.494,2579.881,1.0,9.49064285714277,1.0,0.0,0.0,16.0,0.0,1.0,1.0,1.0,0.3333333333333333,B
0.0,2581.809,0.0,0.0,0.0,2024-09-16 20:00:00,0.0,0.0,6361.0,1,0.0,2583.855,0.0,2583.659,2582.557,0.0,8.619785714285594,0.0,0.0,0.0,20.0,0.0,1.0,0.0,1.0,0.0,B
0.0,2568.282,0.0,1.0,0.0,2024-09-17 20:00:00,0.0,0.0,7361.0,1,0.0,2574.367,0.0,2574.05,2568.64,0.0,9.690071428571368,0.0,1.0,0.0,20.0,0.0,1.0,0.0,1.0,0.0,B
0.0,2567.958,0.0,2.0,0.0,2024-09-18 08:00:00,0.0,0.0,23531.0,0,0.0,2580.74,0.0,2577.407,2571.643,0.0,10.534999999999952,0.0,0.0,0.0,8.0,0.0,1.0,0.0,1.0,0.0,B
0.0,2548.301,0.0,2.0,0.0,2024-09-18 20:00:00,0.0,0.0,18617.0,1,0.0,2561.596,0.0,2559.239,2548.981,1.0,13.453999999999985,1.0,1.0,0.0,20.0,0.0,1.0,1.0,1.0,0.3333333333333333,B
0.0,2585.876,0.0,3.0,0.0,2024-09-19 20:00:00,0.0,0.0,7673.0,1,0.0,2589.803,0.0,2587.282,2588.355,1.0,15.089857142857127,1.0,0.0,0.0,20.0,0.0,1.0,1.0,1.0,0.3333333333333333,B
0.0,2617.863,0.0,4.0,1.0,2024-09-20 16:00:00,0.0,0.0,31811.0,1,0.0,2625.754,0.0,2621.087,2622.762,1.0,16.651071428571477,1.0,0.0,0.0,16.0,0.0,1.0,1.0,1.0,0.3333333333333333,B
0.0,2619.618,0.0,6.0,0.0,2024-09-22 20:00:00,0.0,0.0,5600.0,1,0.0,2622.12,0.0,2620.234,2620.944,0.0,12.4838571428572,0.0,0.0,0.0,20.0,0.0,1.0,0.0,1.0,0.0,B
0.0,2614.564,0.0,0.0,1.0,2024-09-23 08:00:00,0.0,0.0,27370.0,1,0.0,2625.786,0.0,2624.063,2615.113,1.0,11.75092857142863,1.0,0.0,0.0,8.0,0.0,1.0,1.0,1.0,0.3333333333333333,B
0.0,2625.665,0.0,0.0,0.0,2024-09-23 16:00:00,0.0,0.0,23802.0,1,0.0,2630.921,0.0,2626.24,2629.201,0.0,10.682000000000048,0.0,0.0,0.0,16.0,0.0,1.0,0.0,1.0,0.0,B
0.0,2625.814,0.0,0.0,0.0,2024-09-23 20:00:00,0.0,0.0,6388.0,1,0.0,2628.501,0.0,2626.3,2626.283,0.0,10.396785714285768,0.0,0.0,0.0,20.0,0.0,1.0,0.0,1.0,0.0,B
0.0,2656.417,0.0,1.0,0.0,2024-09-24 20:00:00,0.0,0.0,10861.0,0,0.0,2663.747,0.0,2658.204,2662.851,0.0,12.139071428571436,0.0,0.0,0.0,20.0,0.0,1.0,0.0,1.0,0.0,B
0.0,2652.698,0.0,2.0,0.0,2024-09-25 08:00:00,0.0,0.0,26646.0,1,0.0,2658.581,0.0,2657.431,2657.008,0.0,12.885499999999997,0.0,0.0,0.0,8.0,0.0,1.0,0.0,1.0,0.0,B
0.0,2649.646,0.0,2.0,0.0,2024-09-25 16:00:00,0.0,0.0,27541.0,0,0.0,2663.062,0.0,2659.754,2657.652,0.0,12.733214285714244,0.0,0.0,0.0,16.0,0.0,1.0,0.0,1.0,0.0,B
0.0,2657.93,0.0,3.0,0.0,2024-09-26 04:00:00,0.0,0.0,26509.0,1,0.0,2666.924,0.0,2664.684,2662.545,0.0,12.55949999999994,0.0,0.0,0.0,4.0,0.0,1.0,0.0,1.0,0.0,B
0.0,2662.946,0.0,3.0,1.0,2024-09-26 16:00:00,0.0,0.0,32704.0,0,0.0,2677.938,0.0,2673.675,2671.396,1.0,14.172571428571375,1.0,0.0,0.0,16.0,0.0,1.0,1.0,1.0,0.3333333333333333,B
0.0,2670.83,0.0,3.0,0.0,2024-09-26 20:00:00,0.0,0.0,7414.0,0,0.0,2674.077,0.0,2672.601,2673.715,0.0,12.615857142857132,0.0,0.0,0.0,20.0,0.0,1.0,0.0,1.0,0.0,B
0.0,2658.284,0.0,4.0,0.0,2024-09-27 08:00:00,0.0,0.0,29602.0,1,0.0,2669.177,0.0,2666.159,2664.701,0.0,11.704285714285756,0.0,0.0,0.0,8.0,0.0,1.0,0.0,1.0,0.0,B
0.0,2642.994,0.0,4.0,1.0,2024-09-27 16:00:00,0.0,0.0,34829.0,1,0.0,2656.324,0.0,2652.079,2649.751,1.0,13.60471428571431,1.0,0.0,0.0,16.0,0.0,1.0,1.0,1.0,0.3333333333333333,B
0.0,2651.126,0.0,4.0,0.0,2024-09-27 20:00:00,0.0,0.0,4327.0,1,0.0,2659.973,0.0,2657.983,2652.036,0.0,13.288785714285725,0.0,0.0,0.0,20.0,0.0,1.0,0.0,1.0,0.0,B
0.0,2659.762,0.0,6.0,0.0,2024-09-29 20:00:00,0.0,0.0,9838.0,0,0.0,2665.106,0.0,2663.543,2661.714,0.0,12.839285714285747,0.0,0.0,0.0,20.0,0.0,1.0,0.0,1.0,0.0,B
0.0,2633.926,0.0,1.0,0.0,2024-10-01 00:00:00,0.0,0.0,17689.0,1,0.0,2640.008,0.0,2637.922,2635.661,1.0,13.2795,1.0,1.0,0.0,0.0,0.0,1.0,1.0,1.0,0.3333333333333333,B
0.0,2637.406,0.0,1.0,0.0,2024-10-01 04:00:00,0.0,0.0,24253.0,1,0.0,2647.458,0.0,2645.559,2637.955,1.0,13.441357142857148,1.0,0.0,0.0,4.0,0.0,1.0,1.0,1.0,0.3333333333333333,B
0.0,2647.117,0.0,2.0,0.0,2024-10-02 16:00:00,0.0,0.0,24075.0,1,0.0,2658.986,0.0,2658.64,2649.918,1.0,12.209428571428557,1.0,0.0,0.0,16.0,0.0,1.0,1.0,1.0,0.3333333333333333,B
0.0,2658.265,0.0,2.0,0.0,2024-10-02 20:00:00,0.0,0.0,8375.0,0,0.0,2661.236,0.0,2660.328,2658.622,1.0,11.313357142857123,1.0,0.0,0.0,20.0,0.0,1.0,1.0,1.0,0.3333333333333333,B
0.0,2654.319,0.0,3.0,0.0,2024-10-03 20:00:00,0.0,0.0,6950.0,1,0.0,2658.009,0.0,2655.804,2658.009,1.0,10.839000000000008,1.0,1.0,0.0,20.0,0.0,1.0,1.0,1.0,0.3333333333333333,B
0.0,2649.831,0.0,4.0,0.0,2024-10-04 20:00:00,0.0,0.0,3387.0,0,0.0,2653.995,0.0,2653.519,2651.657,1.0,11.287071428571348,1.0,1.0,0.0,20.0,0.0,1.0,1.0,1.0,0.3333333333333333,B
0.0,2641.766,0.0,0.0,0.0,2024-10-07 20:00:00,0.0,0.0,10060.0,1,0.0,2649.22,0.0,2642.944,2643.224,1.0,10.9512857142856,1.0,1.0,0.0,20.0,0.0,1.0,1.0,1.0,0.3333333333333333,B
0.0,2714.143,0.0,2.0,0.0,2024-10-23 20:00:00,0.0,0.0,9397.0,1,0.0,2721.885,0.0,2721.258,2716.236,1.0,11.669857142857088,1.0,0.0,0.0,20.0,0.0,1.0,1.0,1.0,0.3333333333333333,B
0.0,2722.803,0.0,3.0,0.0,2024-10-24 04:00:00,0.0,0.0,26696.0,1,0.0,2737.085,0.0,2733.54,2722.882,1.0,12.235285714285672,1.0,0.0,0.0,4.0,0.0,1.0,1.0,1.0,0.3333333333333333,B
0.0,2732.489,0.0,3.0,0.0,2024-10-24 08:00:00,0.0,0.0,24526.0,1,0.0,2739.683,0.0,2738.556,2733.613,1.0,11.857571428571386,1.0,0.0,0.0,8.0,0.0,1.0,1.0,1.0,0.3333333333333333,B
0.0,2733.628,0.0,3.0,0.0,2024-10-24 20:00:00,0.0,0.0,6711.0,1,0.0,2737.147,0.0,2733.844,2737.073,1.0,12.257214285714197,1.0,0.0,0.0,20.0,0.0,1.0,1.0,1.0,0.3333333333333333,B
0.0,2724.372,0.0,4.0,0.0,2024-10-25 00:00:00,0.0,0.0,24443.0,1,0.0,2735.192,0.0,2726.042,2733.885,1.0,12.187857142857084,1.0,0.0,0.0,0.0,0.0,1.0,1.0,1.0,0.3333333333333333,B
0.0,2733.858,0.0,4.0,0.0,2024-10-25 16:00:00,0.0,0.0,25018.0,0,0.0,2745.022,0.0,2742.519,2737.093,1.0,13.546214285714248,1.0,0.0,0.0,16.0,0.0,1.0,1.0,1.0,0.3333333333333333,B
0.0,2730.34,0.0,6.0,0.0,2024-10-27 20:00:00,0.0,0.0,12801.0,0,0.0,2740.176,0.0,2735.815,2733.443,1.0,11.318857142857109,1.0,0.0,0.0,20.0,0.0,1.0,1.0,1.0,0.3333333333333333,B
0.0,2739.985,0.0,0.0,0.0,2024-10-28 16:00:00,0.0,0.0,21349.0,1,0.0,2744.983,0.0,2742.498,2740.671,1.0,11.38499999999996,1.0,0.0,0.0,16.0,0.0,1.0,1.0,1.0,0.3333333333333333,B
0.0,2784.777,0.0,2.0,0.0,2024-10-30 20:00:00,0.0,0.0,8687.0,1,0.0,2788.104,0.0,2785.49,2787.333,0.0,9.688000000000004,0.0,0.0,0.0,20.0,0.0,1.0,0.0,1.0,0.0,B
0.0,2783.554,0.0,3.0,0.0,2024-10-31 00:00:00,0.0,0.0,21444.0,1,0.0,2790.067,0.0,2784.547,2785.489,0.0,9.796214285714282,0.0,0.0,0.0,0.0,0.0,1.0,0.0,1.0,0.0,B
0.0,2777.999,0.0,3.0,1.0,2024-10-31 04:00:00,0.0,0.0,25499.0,1,0.0,2786.563,0.0,2782.048,2784.598,1.0,10.075571428571427,1.0,0.0,0.0,4.0,0.0,1.0,1.0,1.0,0.3333333333333333,B
0.0,2773.241,0.0,3.0,1.0,2024-10-31 08:00:00,0.0,0.0,26341.0,0,0.0,2783.153,0.0,2779.413,2782.028,1.0,9.743642857142827,1.0,0.0,0.0,8.0,0.0,1.0,1.0,1.0,0.3333333333333333,B
0.0,2733.267,0.0,4.0,0.0,2024-11-01 20:00:00,0.0,0.0,3639.0,1,0.0,2736.82,0.0,2736.69,2734.077,1.0,12.14814285714283,1.0,1.0,0.0,20.0,0.0,1.0,1.0,1.0,0.3333333333333333,B
0.0,2732.568,0.0,6.0,0.0,2024-11-03 20:00:00,0.0,0.0,5441.0,1,0.0,2740.334,0.0,2738.352,2732.846,1.0,12.195499999999972,1.0,1.0,0.0,20.0,0.0,1.0,1.0,1.0,0.3333333333333333,B
0.0,2735.052,0.0,0.0,0.0,2024-11-04 04:00:00,0.0,0.0,23536.0,1,0.0,2744.781,0.0,2735.837,2740.952,1.0,12.691714285714268,1.0,1.0,0.0,4.0,0.0,1.0,1.0,1.0,0.3333333333333333,B
0.0,2736.003,0.0,0.0,0.0,2024-11-04 20:00:00,0.0,0.0,8964.0,0,0.0,2738.571,0.0,2736.003,2738.243,1.0,9.403571428571436,1.0,1.0,0.0,20.0,0.0,1.0,1.0,1.0,0.3333333333333333,B
0.0,2724.694,0.0,1.0,1.0,2024-11-05 00:00:00,0.0,0.0,27236.0,1,0.0,2736.677,0.0,2735.294,2736.057,1.0,9.909571428571423,1.0,1.0,0.0,0.0,0.0,1.0,1.0,1.0,0.3333333333333333,B
0.0,2732.09,0.0,1.0,0.0,2024-11-05 08:00:00,0.0,0.0,27014.0,1,0.0,2745.034,0.0,2741.6,2736.492,0.0,10.266214285714309,0.0,1.0,0.0,8.0,0.0,1.0,0.0,1.0,0.0,B
0.0,2739.61,0.0,1.0,0.0,2024-11-05 20:00:00,0.0,0.0,10270.0,0,0.0,2746.441,0.0,2745.707,2740.549,0.0,9.24878571428576,0.0,1.0,0.0,20.0,0.0,1.0,0.0,1.0,0.0,B
0.0,2661.553,0.0,2.0,0.0,2024-11-06 16:00:00,1.0,0.0,42860.0,0,0.0,2678.297,0.0,2667.084,2675.752,1.0,18.543714285714323,1.0,0.0,0.0,16.0,0.0,1.0,1.0,1.0,0.3333333333333333,B
0.0,2658.958,0.0,2.0,0.0,2024-11-06 20:00:00,0.0,0.0,13011.0,1,0.0,2667.716,0.0,2664.048,2667.057,0.0,18.41342857142857,0.0,0.0,0.0,20.0,0.0,1.0,0.0,1.0,0.0,B
0.0,2610.831,0.0,1.0,0.0,2024-11-26 04:00:00,0.0,0.0,32399.0,1,0.0,2631.447,0.0,2614.036,2630.336,0.0,24.25714285714285,0.0,1.0,0.0,4.0,0.0,0.0,0.0,0.0,0.0,B
0.0,2619.498,0.0,1.0,0.0,2024-11-26 16:00:00,0.0,0.0,34277.0,1,0.0,2631.485,0.0,2628.025,2629.513,1.0,24.606857142857148,1.0,1.0,0.0,16.0,0.0,0.0,1.0,0.0,0.3333333333333333,B
0.0,2627.017,0.0,2.0,0.0,2024-11-27 00:00:00,0.0,0.0,26767.0,1,0.0,2640.487,0.0,2637.722,2632.252,1.0,24.532071428571435,1.0,1.0,0.0,0.0,0.0,0.0,1.0,0.0,0.3333333333333333,B
0.0,2636.555,0.0,2.0,0.0,2024-11-27 04:00:00,0.0,0.0,26409.0,1,0.0,2648.503,0.0,2646.625,2637.728,1.0,24.62200000000004,1.0,1.0,0.0,4.0,0.0,0.0,1.0,0.0,0.3333333333333333,B
0.0,2634.221,0.0,2.0,0.0,2024-11-27 20:00:00,0.0,0.0,10242.0,1,0.0,2639.03,0.0,2637.168,2634.755,1.0,16.493285714285776,1.0,1.0,0.0,20.0,0.0,0.0,1.0,0.0,0.3333333333333333,B
0.0,2635.668,0.0,3.0,0.0,2024-11-28 08:00:00,0.0,0.0,23722.0,1,0.0,2649.674,0.0,2646.884,2637.275,1.0,14.395642857142873,1.0,1.0,0.0,8.0,0.0,0.0,1.0,0.0,0.3333333333333333,B
0.0,2637.479,0.0,3.0,0.0,2024-11-28 16:00:00,0.0,0.0,9115.0,1,0.0,2642.458,0.0,2640.597,2638.07,1.0,12.632357142857147,1.0,1.0,0.0,16.0,0.0,0.0,1.0,0.0,0.3333333333333333,B
0.0,2655.23,0.0,4.0,0.0,2024-11-29 16:00:00,0.0,0.0,20097.0,0,0.0,2662.278,0.0,2655.23,2659.002,1.0,12.13921428571429,1.0,1.0,0.0,16.0,0.0,0.0,1.0,0.0,0.3333333333333333,B
0.0,2643.053,0.0,6.0,0.0,2024-12-01 20:00:00,0.0,0.0,5611.0,1,0.0,2650.324,0.0,2645.659,2649.036,1.0,11.39028571428571,1.0,1.0,0.0,20.0,0.0,0.0,1.0,0.0,0.3333333333333333,B
0.0,2635.267,0.0,0.0,0.0,2024-12-02 20:00:00,0.0,0.0,13790.0,1,0.0,2644.203,0.0,2642.211,2637.577,1.0,12.95550000000006,1.0,1.0,0.0,20.0,0.0,0.0,1.0,0.0,0.3333333333333333,B
0.0,2637.08,0.0,1.0,0.0,2024-12-03 04:00:00,0.0,0.0,27118.0,1,0.0,2650.066,0.0,2644.622,2640.441,1.0,14.08735714285714,1.0,1.0,0.0,4.0,0.0,0.0,1.0,0.0,0.3333333333333333,B
0.0,2640.626,0.0,1.0,0.0,2024-12-03 20:00:00,0.0,0.0,10235.0,1,0.0,2644.226,0.0,2642.721,2640.936,1.0,12.697428571428548,1.0,1.0,0.0,20.0,0.0,0.0,1.0,0.0,0.3333333333333333,B
0.0,2637.602,0.0,2.0,0.0,2024-12-04 00:00:00,0.0,0.0,26518.0,1,0.0,2648.093,0.0,2644.501,2642.725,1.0,12.943357142857137,1.0,1.0,0.0,0.0,0.0,0.0,1.0,0.0,0.3333333333333333,B
0.0,2627.966,0.0,3.0,0.0,2024-12-05 20:00:00,0.0,0.0,10566.0,1,0.0,2633.832,0.0,2633.713,2629.774,0.0,11.41721428571431,0.0,1.0,0.0,20.0,0.0,0.0,0.0,0.0,0.0,B
0.0,2709.689,0.0,3.0,0.0,2024-12-12 04:00:00,0.0,1.0,11353.0,1,0.0,2720.389,0.0,2716.047,2710.508,1.0,14.439000000000012,1.0,0.0,0.0,4.0,0.0,1.0,1.0,1.0,0.3333333333333333,B
0.0,2679.454,0.0,3.0,0.0,2024-12-12 20:00:00,0.0,1.0,6832.0,1,0.0,2683.577,0.0,2680.623,2683.187,1.0,14.730000000000018,1.0,1.0,0.0,20.0,0.0,1.0,1.0,1.0,0.3333333333333333,B
0.0,2681.111,0.0,4.0,0.0,2024-12-13 04:00:00,0.0,1.0,11927.0,1,0.0,2690.527,0.0,2683.202,2687.967,1.0,15.07985714285717,1.0,1.0,0.0,4.0,0.0,1.0,1.0,1.0,0.3333333333333333,B
0.0,2664.39,0.0,4.0,1.0,2024-12-13 08:00:00,0.0,0.0,13268.0,1,0.0,2684.782,0.0,2664.993,2682.994,1.0,15.674357142857192,1.0,1.0,0.0,8.0,0.0,1.0,1.0,1.0,0.3333333333333333,B
0.0,2654.559,0.0,4.0,1.0,2024-12-13 12:00:00,0.0,0.0,15018.0,1,0.0,2672.88,0.0,2659.888,2664.8,1.0,15.363285714285732,1.0,1.0,0.0,12.0,0.0,1.0,1.0,1.0,0.3333333333333333,B
0.0,2648.793,0.0,6.0,0.0,2024-12-15 20:00:00,0.0,0.0,1927.0,1,1.0,2653.127,0.0,2651.479,2649.414,1.0,13.644571428571483,1.0,1.0,0.0,20.0,0.0,1.0,1.0,1.0,0.3333333333333333,B
0.0,2651.46,0.0,0.0,0.0,2024-12-16 20:00:00,0.0,0.0,8909.0,0,0.0,2653.634,0.0,2651.744,2653.258,1.0,10.298000000000034,1.0,1.0,0.0,20.0,0.0,1.0,1.0,1.0,0.3333333333333333,B
0.0,2643.083,0.0,1.0,0.0,2024-12-17 20:00:00,0.0,0.0,9056.0,1,0.0,2647.681,0.0,2647.378,2645.427,0.0,9.454857142857204,0.0,1.0,0.0,20.0,0.0,1.0,0.0,1.0,0.0,B
0.0,2642.687,0.0,2.0,0.0,2024-12-18 04:00:00,1.0,0.0,19895.0,0,0.0,2649.551,0.0,2644.61,2645.632,1.0,9.538714285714311,1.0,1.0,0.0,4.0,0.0,1.0,1.0,1.0,0.3333333333333333,B
0.0,2612.713,0.0,4.0,0.0,2024-12-27 20:00:00,0.0,0.0,9794.0,1,0.0,2621.98,0.0,2621.623,2620.719,1.0,9.458571428571336,1.0,1.0,0.0,20.0,0.0,0.0,1.0,0.0,0.3333333333333333,B
0.0,2621.632,0.0,6.0,0.0,2024-12-29 20:00:00,0.0,0.0,4007.0,1,0.0,2626.159,0.0,2624.035,2621.977,1.0,9.222357142857064,1.0,1.0,0.0,20.0,0.0,0.0,1.0,0.0,0.3333333333333333,B
0.0,2651.924,0.0,4.0,0.0,2025-01-03 04:00:00,0.0,0.0,19289.0,1,0.0,2664.409,0.0,2654.195,2662.255,1.0,10.43371428571436,1.0,1.0,0.0,4.0,0.0,0.0,1.0,0.0,0.3333333333333333,B
0.0,2649.89,0.0,4.0,0.0,2025-01-03 08:00:00,0.0,0.0,20867.0,0,0.0,2659.258,0.0,2658.361,2654.164,1.0,10.277714285714344,1.0,1.0,0.0,8.0,0.0,0.0,1.0,0.0,0.3333333333333333,B
0.0,2639.644,0.0,6.0,0.0,2025-01-05 20:00:00,0.0,0.0,3244.0,1,0.0,2642.379,0.0,2641.063,2639.644,0.0,9.919500000000037,0.0,1.0,0.0,20.0,0.0,0.0,0.0,0.0,0.0,B
0.0,2658.276,0.0,2.0,0.0,2025-01-08 20:00:00,0.0,0.0,13651.0,0,0.0,2664.059,0.0,2662.507,2658.367,0.0,10.499000000000024,0.0,1.0,0.0,20.0,0.0,0.0,0.0,0.0,0.0,B
0.0,2656.267,0.0,3.0,0.0,2025-01-09 00:00:00,0.0,0.0,17650.0,1,0.0,2662.849,0.0,2659.369,2662.526,0.0,10.334714285714329,0.0,1.0,0.0,0.0,0.0,0.0,0.0,0.0,0.0,B
0.0,2655.437,0.0,3.0,1.0,2025-01-09 04:00:00,0.0,0.0,18731.0,1,0.0,2666.973,0.0,2662.45,2659.335,1.0,10.877642857142908,1.0,1.0,0.0,4.0,0.0,0.0,1.0,0.0,0.3333333333333333,B
0.0,2662.644,0.0,3.0,1.0,2025-01-09 16:00:00,0.0,0.0,27904.0,1,0.0,2672.51,0.0,2670.19,2668.32,1.0,11.394500000000107,1.0,0.0,0.0,16.0,0.0,1.0,1.0,1.0,0.3333333333333333,B
0.0,2684.5,0.0,4.0,0.0,2025-01-10 20:00:00,0.0,0.0,16876.0,1,0.0,2693.773,0.0,2689.551,2685.89,0.0,11.309785714285876,0.0,0.0,0.0,20.0,0.0,1.0,0.0,1.0,0.0,B
0.0,2687.575,0.0,6.0,0.0,2025-01-12 20:00:00,0.0,0.0,5107.0,0,0.0,2691.375,0.0,2691.105,2689.769,0.0,10.105142857143036,0.0,0.0,0.0,20.0,0.0,1.0,0.0,1.0,0.0,B
0.0,2666.397,0.0,1.0,0.0,2025-01-14 00:00:00,0.0,0.0,29906.0,1,0.0,2672.324,0.0,2669.78,2667.97,1.0,11.52042857142864,1.0,1.0,0.0,0.0,0.0,1.0,1.0,1.0,0.3333333333333333,B
0.0,2671.836,0.0,1.0,0.0,2025-01-14 20:00:00,0.0,0.0,13350.0,0,0.0,2678.294,0.0,2675.589,2674.209,1.0,10.169500000000005,1.0,1.0,0.0,20.0,0.0,1.0,1.0,1.0,0.3333333333333333,B
0.0,2669.382,0.0,2.0,0.0,2025-01-15 00:00:00,0.0,0.0,18796.0,1,0.0,2676.339,0.0,2676.091,2675.58,1.0,10.004071428571413,1.0,1.0,0.0,0.0,0.0,1.0,1.0,1.0,0.3333333333333333,B
0.0,2674.183,0.0,2.0,0.0,2025-01-15 04:00:00,0.0,0.0,22691.0,1,0.0,2684.033,0.0,2681.313,2676.052,1.0,10.436214285714252,1.0,1.0,0.0,4.0,0.0,1.0,1.0,1.0,0.3333333333333333,B
0.0,2697.129,0.0,3.0,1.0,2025-01-16 08:00:00,0.0,0.0,36081.0,1,0.0,2711.137,0.0,2706.412,2698.313,1.0,10.670499999999947,1.0,0.0,0.0,8.0,0.0,1.0,1.0,1.0,0.3333333333333333,B
0.0,2712.401,0.0,3.0,0.0,2025-01-16 20:00:00,0.0,0.0,12958.0,0,0.0,2717.078,0.0,2714.578,2715.368,1.0,10.783999999999976,1.0,0.0,0.0,20.0,0.0,1.0,1.0,1.0,0.3333333333333333,B
0.0,2702.803,0.0,4.0,1.0,2025-01-17 08:00:00,0.0,0.0,31200.0,1,0.0,2712.991,0.0,2708.041,2710.577,1.0,10.973214285714253,1.0,0.0,0.0,8.0,0.0,1.0,1.0,1.0,0.3333333333333333,B
0.0,2699.242,0.0,4.0,0.0,2025-01-17 20:00:00,0.0,0.0,7281.0,0,0.0,2704.088,0.0,2702.879,2703.189,0.0,10.576571428571404,0.0,1.0,0.0,20.0,0.0,1.0,0.0,1.0,0.0,B
0.0,2691.55,0.0,6.0,0.0,2025-01-19 20:00:00,0.0,0.0,4775.0,1,0.0,2703.083,0.0,2696.424,2702.629,0.0,10.100214285714271,0.0,1.0,0.0,20.0,0.0,1.0,0.0,1.0,0.0,B
0.0,2702.279,0.0,0.0,0.0,2025-01-20 04:00:00,0.0,0.0,18144.0,1,0.0,2713.77,0.0,2703.592,2703.559,1.0,10.956,1.0,0.0,0.0,4.0,0.0,1.0,1.0,1.0,0.3333333333333333,B
0.0,2706.593,0.0,0.0,0.0,2025-01-20 20:00:00,0.0,0.0,2929.0,1,0.0,2711.012,0.0,2710.445,2708.347,1.0,9.392214285714315,1.0,0.0,0.0,20.0,0.0,1.0,1.0,1.0,0.3333333333333333,B
0.0,2769.894,0.0,4.0,0.0,2025-01-24 16:00:00,0.0,0.0,36592.0,0,0.0,2777.564,0.0,2774.628,2775.918,1.0,10.302357142857122,1.0,0.0,0.0,16.0,0.0,1.0,1.0,1.0,0.3333333333333333,B
0.0,2770.448,0.0,4.0,0.0,2025-01-24 20:00:00,0.0,0.0,9537.0,0,0.0,2774.798,0.0,2771.079,2774.643,1.0,9.807571428571398,1.0,0.0,0.0,20.0,0.0,1.0,1.0,1.0,0.3333333333333333,B
0.0,2765.185,0.0,6.0,0.0,2025-01-26 20:00:00,0.0,0.0,8224.0,0,0.0,2769.721,0.0,2767.553,2765.65,1.0,9.844999999999995,1.0,0.0,0.0,20.0,0.0,1.0,1.0,1.0,0.3333333333333333,B
0.0,2859.882,0.0,2.0,0.0,2025-02-05 20:00:00,0.0,0.0,21968.0,1,0.0,2870.985,0.0,2869.279,2863.486,0.0,14.313214285714205,0.0,0.0,0.0,20.0,0.0,1.0,0.0,1.0,0.0,B
0.0,2853.575,0.0,3.0,0.0,2025-02-06 20:00:00,0.0,0.0,14642.0,1,0.0,2858.779,0.0,2858.0,2853.791,1.0,14.618142857142857,1.0,0.0,0.0,20.0,0.0,1.0,1.0,1.0,0.3333333333333333,B
0.0,2857.713,0.0,4.0,0.0,2025-02-07 00:00:00,0.0,0.0,31242.0,1,0.0,2870.645,0.0,2867.193,2857.994,1.0,14.647785714285712,1.0,0.0,0.0,0.0,0.0,1.0,1.0,1.0,0.3333333333333333,B
0.0,2858.947,0.0,4.0,0.0,2025-02-07 04:00:00,0.0,0.0,32296.0,1,0.0,2869.615,0.0,2864.214,2867.153,1.0,15.086142857142834,1.0,0.0,0.0,4.0,0.0,1.0,1.0,1.0,0.3333333333333333,B
0.0,2860.092,0.0,6.0,0.0,2025-02-09 20:00:00,0.0,0.0,7930.0,1,0.0,2870.59,0.0,2867.495,2861.269,1.0,15.230142857142871,1.0,0.0,0.0,20.0,0.0,1.0,1.0,1.0,0.3333333333333333,B
0.0,2894.018,0.0,1.0,0.0,2025-02-11 20:00:00,0.0,0.0,16714.0,0,1.0,2900.906,0.0,2898.536,2900.085,1.0,16.005571428571393,1.0,0.0,0.0,20.0,0.0,1.0,1.0,1.0,0.3333333333333333,B
0.0,2883.76,0.0,2.0,0.0,2025-02-12 00:00:00,0.0,0.0,46603.0,1,0.0,2898.84,0.0,2889.001,2898.562,0.0,16.767642857142814,0.0,0.0,0.0,0.0,0.0,1.0,0.0,1.0,0.0,B
0.0,2883.668,0.0,2.0,0.0,2025-02-12 04:00:00,0.0,0.0,38269.0,1,0.0,2895.873,0.0,2892.773,2888.998,0.0,16.889571428571376,0.0,0.0,0.0,4.0,0.0,1.0,0.0,1.0,0.0,B
0.0,2895.517,0.0,2.0,0.0,2025-02-12 20:00:00,0.0,0.0,14220.0,1,0.0,2906.403,0.0,2905.781,2897.936,1.0,17.883428571428503,1.0,0.0,0.0,20.0,0.0,1.0,1.0,1.0,0.3333333333333333,B
0.0,2901.454,0.0,3.0,0.0,2025-02-13 00:00:00,0.0,0.0,33812.0,1,0.0,2918.169,0.0,2916.446,2905.756,1.0,18.101571428571333,1.0,0.0,0.0,0.0,0.0,1.0,1.0,1.0,0.3333333333333333,B
0.0,2912.531,0.0,3.0,0.0,2025-02-13 04:00:00,0.0,0.0,35234.0,1,0.0,2922.801,0.0,2914.569,2916.498,1.0,17.492642857142755,1.0,0.0,0.0,4.0,0.0,1.0,1.0,1.0,0.3333333333333333,B
0.0,2924.879,0.0,3.0,0.0,2025-02-13 20:00:00,0.0,0.0,15369.0,1,0.0,2932.484,0.0,2931.217,2926.825,1.0,13.914928571428488,1.0,0.0,0.0,20.0,0.0,1.0,1.0,1.0,0.3333333333333333,B
0.0,2923.164,0.0,4.0,0.0,2025-02-14 00:00:00,0.0,0.0,33502.0,1,0.0,2933.879,0.0,2924.33,2931.192,1.0,14.029857142857022,1.0,0.0,0.0,0.0,0.0,1.0,1.0,1.0,0.3333333333333333,B
0.0,2888.211,0.0,0.0,0.0,2025-02-17 04:00:00,0.0,0.0,34877.0,1,0.0,2905.407,0.0,2902.49,2903.553,1.0,16.124357142857175,1.0,0.0,0.0,4.0,0.0,1.0,1.0,1.0,0.3333333333333333,B
0.0,2896.544,0.0,0.0,0.0,2025-02-17 16:00:00,0.0,0.0,18271.0,1,0.0,2901.34,0.0,2897.392,2899.31,1.0,15.341571428571472,1.0,0.0,0.0,16.0,0.0,1.0,1.0,1.0,0.3333333333333333,B
0.0,2892.003,0.0,1.0,0.0,2025-02-18 00:00:00,0.0,0.0,26508.0,1,0.0,2910.863,0.0,2909.016,2899.325,1.0,15.278214285714316,1.0,0.0,0.0,0.0,0.0,1.0,1.0,1.0,0.3333333333333333,B
0.0,2907.173,0.0,1.0,0.0,2025-02-18 04:00:00,0.0,0.0,26148.0,1,0.0,2915.629,0.0,2911.501,2908.996,1.0,15.116857142857205,1.0,0.0,0.0,4.0,0.0,1.0,1.0,1.0,0.3333333333333333,B
0.0,2932.393,0.0,1.0,0.0,2025-02-18 20:00:00,0.0,0.0,11051.0,1,0.0,2936.788,0.0,2934.061,2935.832,1.0,11.75957142857143,1.0,0.0,0.0,20.0,0.0,1.0,1.0,1.0,0.3333333333333333,B
0.0,2931.292,0.0,2.0,0.0,2025-02-19 20:00:00,0.0,0.0,13382.0,1,0.0,2937.461,0.0,2935.384,2931.715,0.0,10.817642857142866,0.0,0.0,0.0,20.0,0.0,1.0,0.0,1.0,0.0,B
0.0,2933.852,0.0,3.0,1.0,2025-02-20 00:00:00,0.0,0.0,29391.0,1,0.0,2944.07,0.0,2941.913,2935.386,1.0,11.204928571428582,1.0,0.0,0.0,0.0,0.0,1.0,1.0,1.0,0.3333333333333333,B
0.0,2939.267,0.0,3.0,0.0,2025-02-20 04:00:00,0.0,0.0,23341.0,1,1.0,2954.216,0.0,2948.925,2941.933,1.0,12.103214285714298,1.0,0.0,0.0,4.0,0.0,1.0,1.0,1.0,0.3333333333333333,B
0.0,2935.521,0.0,3.0,0.0,2025-02-20 20:00:00,0.0,0.0,14002.0,0,0.0,2943.433,0.0,2941.53,2938.034,0.0,12.331000000000031,0.0,0.0,0.0,20.0,0.0,1.0,0.0,1.0,0.0,B
0.0,2924.186,0.0,4.0,1.0,2025-02-21 04:00:00,0.0,0.0,31269.0,1,0.0,2934.048,0.0,2930.07,2931.262,1.0,13.48328571428572,1.0,0.0,0.0,4.0,0.0,1.0,1.0,1.0,0.3333333333333333,B
0.0,2932.144,0.0,4.0,0.0,2025-02-21 20:00:00,0.0,0.0,11753.0,1,0.0,2938.227,0.0,2936.453,2933.374,1.0,13.773000000000009,1.0,0.0,0.0,20.0,0.0,1.0,1.0,1.0,0.3333333333333333,B
0.0,2936.426,0.0,6.0,0.0,2025-02-23 20:00:00,0.0,0.0,6023.0,1,0.0,2940.553,0.0,2936.867,2939.411,1.0,13.085857142857126,1.0,0.0,0.0,20.0,0.0,1.0,1.0,1.0,0.3333333333333333,B
0.0,2930.471,0.0,1.0,0.0,2025-02-25 04:00:00,0.0,0.0,28634.0,1,0.0,2940.964,0.0,2931.736,2939.564,1.0,13.63807142857146,1.0,1.0,0.0,4.0,0.0,1.0,1.0,1.0,0.3333333333333333,B
0.0,2929.488,0.0,1.0,0.0,2025-02-25 08:00:00,0.0,0.0,28492.0,0,0.0,2942.431,0.0,2938.626,2931.762,1.0,13.858142857142932,1.0,1.0,0.0,8.0,0.0,1.0,1.0,1.0,0.3333333333333333,B
0.0,2904.716,0.0,4.0,0.0,2025-03-07 20:00:00,0.0,0.0,10900.0,1,0.0,2912.633,0.0,2911.256,2905.199,1.0,14.0683571428571,1.0,1.0,0.0,20.0,0.0,1.0,1.0,1.0,0.3333333333333333,B
0.0,2909.626,0.0,6.0,0.0,2025-03-09 20:00:00,0.0,0.0,10308.0,0,0.0,2917.051,0.0,2916.187,2912.347,1.0,13.25471428571424,1.0,1.0,0.0,20.0,0.0,1.0,1.0,1.0,0.3333333333333333,B
0.0,2904.333,0.0,0.0,0.0,2025-03-10 04:00:00,0.0,0.0,27477.0,1,0.0,2915.429,0.0,2908.444,2910.982,1.0,13.55207142857135,1.0,1.0,0.0,4.0,0.0,1.0,1.0,1.0,0.3333333333333333,B
0.0,2986.054,0.0,6.0,0.0,2025-03-16 20:00:00,0.0,0.0,7875.0,1,0.0,2994.118,0.0,2990.061,2987.601,0.0,13.764357142857111,0.0,0.0,0.0,20.0,0.0,1.0,0.0,1.0,0.0,B
0.0,2982.158,0.0,0.0,0.0,2025-03-17 04:00:00,0.0,0.0,19495.0,1,0.0,2990.745,0.0,2985.538,2986.943,0.0,13.571214285714277,0.0,0.0,0.0,4.0,0.0,1.0,0.0,1.0,0.0,B
0.0,2999.583,0.0,0.0,0.0,2025-03-17 20:00:00,0.0,0.0,7167.0,1,1.0,3002.8,0.0,2999.831,3000.245,1.0,11.351285714285757,1.0,0.0,0.0,20.0,0.0,1.0,1.0,1.0,0.3333333333333333,B
0.0,3031.512,0.0,1.0,0.0,2025-03-18 20:00:00,0.0,0.0,7887.0,1,0.0,3035.971,0.0,3031.774,3035.643,0.0,10.322214285714349,0.0,0.0,0.0,20.0,0.0,1.0,0.0,1.0,0.0,B
0.0,3043.518,0.0,3.0,0.0,2025-03-20 20:00:00,0.0,0.0,7017.0,1,0.0,3046.606,0.0,3046.409,3044.561,0.0,12.349500000000036,0.0,0.0,0.0,20.0,0.0,1.0,0.0,1.0,0.0,B
0.0,3029.974,0.0,4.0,0.0,2025-03-21 00:00:00,0.0,0.0,25599.0,1,0.0,3047.435,0.0,3030.585,3046.335,0.0,13.014000000000026,0.0,0.0,0.0,0.0,0.0,1.0,0.0,1.0,0.0,B
0.0,3021.553,0.0,4.0,0.0,2025-03-21 04:00:00,0.0,0.0,27906.0,1,0.0,3033.939,0.0,3031.927,3030.539,0.0,13.58021428571432,0.0,0.0,0.0,4.0,0.0,1.0,0.0,1.0,0.0,B
0.0,3027.084,0.0,4.0,1.0,2025-03-21 08:00:00,0.0,0.0,28006.0,0,0.0,3037.659,0.0,3034.332,3032.025,1.0,13.499214285714354,1.0,0.0,0.0,8.0,0.0,1.0,1.0,1.0,0.3333333333333333,B
0.0,3019.974,0.0,4.0,0.0,2025-03-21 20:00:00,0.0,0.0,3773.0,1,0.0,3024.274,0.0,3023.493,3020.037,1.0,14.267857142857142,1.0,0.0,0.0,20.0,0.0,1.0,1.0,1.0,0.3333333333333333,B
0.0,3018.832,0.0,1.0,0.0,2025-03-25 20:00:00,0.0,0.0,6380.0,1,0.0,3022.462,0.0,3021.041,3019.616,1.0,11.25621428571422,1.0,0.0,0.0,20.0,0.0,1.0,1.0,1.0,0.3333333333333333,B
0.0,3017.155,0.0,2.0,0.0,2025-03-26 20:00:00,0.0,0.0,11617.0,1,0.0,3021.855,0.0,3021.623,3017.367,1.0,11.56899999999996,1.0,0.0,0.0,20.0,0.0,1.0,1.0,1.0,0.3333333333333333,B
0.0,3072.446,0.0,4.0,0.0,2025-03-28 04:00:00,1.0,0.0,29580.0,1,0.0,3086.017,0.0,3079.348,3075.25,1.0,13.88521428571432,1.0,0.0,0.0,4.0,0.0,1.0,1.0,1.0,0.3333333333333333,B
0.0,3066.167,0.0,4.0,0.0,2025-03-28 08:00:00,1.0,0.0,31364.0,1,0.0,3081.245,0.0,3076.369,3079.302,1.0,14.19628571428575,1.0,0.0,0.0,8.0,0.0,1.0,1.0,1.0,0.3333333333333333,B
0.0,3087.793,0.0,6.0,0.0,2025-03-30 20:00:00,0.0,0.0,13269.0,1,0.0,3097.884,0.0,3089.213,3092.531,0.0,13.827928571428597,0.0,0.0,0.0,20.0,0.0,1.0,0.0,1.0,0.0,B
0.0,3120.051,0.0,0.0,0.0,2025-03-31 20:00:00,0.0,0.0,9930.0,1,0.0,3126.447,0.0,3120.581,3124.32,0.0,16.06285714285712,0.0,0.0,0.0,20.0,0.0,1.0,0.0,1.0,0.0,B
0.0,3107.742,0.0,1.0,0.0,2025-04-01 20:00:00,0.0,0.0,12610.0,1,0.0,3120.847,0.0,3115.168,3118.681,0.0,18.36835714285712,0.0,0.0,0.0,20.0,0.0,1.0,0.0,1.0,0.0,B
0.0,3108.623,0.0,2.0,0.0,2025-04-02 04:00:00,0.0,0.0,37982.0,1,0.0,3126.779,0.0,3125.314,3125.458,0.0,19.99592857142856,0.0,0.0,0.0,4.0,0.0,1.0,0.0,1.0,0.0,B
0.0,3110.096,0.0,2.0,1.0,2025-04-02 08:00:00,0.0,0.0,40405.0,1,0.0,3133.878,0.0,3121.23,3125.275,1.0,19.20628571428571,1.0,0.0,0.0,8.0,0.0,1.0,1.0,1.0,0.3333333333333333,B
0.0,3099.949,0.0,3.0,0.0,2025-04-03 16:00:00,0.0,0.0,47743.0,1,0.0,3114.282,0.0,3107.593,3110.556,0.0,29.591999999999967,0.0,1.0,0.0,16.0,0.0,1.0,0.0,1.0,0.0,B
0.0,3033.824,0.0,4.0,0.0,2025-04-04 20:00:00,0.0,0.0,9025.0,0,0.0,3040.914,0.0,3038.506,3036.464,0.0,37.44635714285716,0.0,1.0,0.0,20.0,0.0,1.0,0.0,1.0,0.0,B
0.0,2977.024,0.0,6.0,0.0,2025-04-06 20:00:00,0.0,0.0,46332.0,1,1.0,3032.445,0.0,2999.944,3028.686,1.0,40.71628571428573,1.0,0.0,0.0,20.0,0.0,1.0,1.0,1.0,0.3333333333333333,B
0.0,3221.386,0.0,0.0,0.0,2025-04-14 04:00:00,0.0,0.0,39551.0,1,0.0,3238.126,0.0,3228.013,3232.445,0.0,27.85892857142861,0.0,0.0,0.0,4.0,0.0,1.0,0.0,1.0,0.0,B
0.0,3206.325,0.0,0.0,1.0,2025-04-14 08:00:00,0.0,0.0,51874.0,0,0.0,3231.749,0.0,3223.359,3227.973,1.0,27.821571428571456,1.0,0.0,0.0,8.0,0.0,1.0,1.0,1.0,0.3333333333333333,B
0.0,3197.671,0.0,0.0,0.0,2025-04-14 16:00:00,0.0,0.0,32613.0,1,0.0,3216.602,0.0,3212.699,3198.089,1.0,25.793928571428587,1.0,0.0,0.0,16.0,0.0,1.0,1.0,1.0,0.3333333333333333,B
0.0,3217.388,0.0,1.0,0.0,2025-04-15 04:00:00,0.0,0.0,31296.0,1,0.0,3232.704,0.0,3225.671,3228.345,1.0,22.87700000000005,1.0,0.0,0.0,4.0,0.0,1.0,1.0,1.0,0.3333333333333333,B
0.0,3216.776,0.0,1.0,0.0,2025-04-15 08:00:00,0.0,0.0,31510.0,1,0.0,3232.171,0.0,3220.164,3225.623,1.0,21.68471428571433,1.0,0.0,0.0,8.0,0.0,1.0,1.0,1.0,0.3333333333333333,B
0.0,3219.487,0.0,1.0,0.0,2025-04-15 16:00:00,0.0,0.0,21564.0,1,0.0,3231.877,0.0,3229.793,3221.394,1.0,19.19700000000002,1.0,0.0,0.0,16.0,0.0,1.0,1.0,1.0,0.3333333333333333,B
0.0,3321.409,0.0,2.0,0.0,2025-04-16 16:00:00,1.0,0.0,42358.0,1,0.0,3342.456,0.0,3336.694,3325.22,1.0,21.90478571428568,1.0,0.0,0.0,16.0,0.0,1.0,1.0,1.0,0.3333333333333333,B
0.0,3312.657,0.0,3.0,0.0,2025-04-17 08:00:00,0.0,0.0,39135.0,0,0.0,3334.172,0.0,3327.371,3323.36,1.0,24.15321428571425,1.0,0.0,0.0,8.0,0.0,1.0,1.0,1.0,0.3333333333333333,B
0.0,3294.904,0.0,3.0,0.0,2025-04-17 16:00:00,0.0,0.0,37835.0,1,0.0,3322.519,0.0,3320.746,3296.335,1.0,28.11342857142849,1.0,0.0,0.0,16.0,0.0,1.0,1.0,1.0,0.3333333333333333,B
0.0,3317.983,0.0,3.0,0.0,2025-04-17 20:00:00,0.0,0.0,5313.0,1,0.0,3328.879,0.0,3327.671,3320.691,1.0,27.80357142857133,1.0,0.0,0.0,20.0,0.0,1.0,1.0,1.0,0.3333333333333333,B
0.0,3331.315,0.0,6.0,0.0,2025-04-20 20:00:00,0.0,0.0,23727.0,1,0.0,3353.102,0.0,3348.078,3331.849,1.0,28.73507142857134,1.0,0.0,0.0,20.0,0.0,1.0,1.0,1.0,0.3333333333333333,B
0.0,3419.628,0.0,0.0,0.0,2025-04-21 20:00:00,0.0,0.0,26903.0,1,0.0,3444.267,0.0,3434.548,3423.458,0.0,28.70478571428563,0.0,0.0,0.0,20.0,0.0,1.0,0.0,1.0,0.0,B
0.0,3315.828,0.0,1.0,0.0,2025-04-22 20:00:00,0.0,0.0,54306.0,1,0.0,3382.727,0.0,3336.561,3374.818,1.0,38.08042857142852,1.0,0.0,0.0,20.0,0.0,1.0,1.0,1.0,0.3333333333333333,B
0.0,3305.439,0.0,2.0,0.0,2025-04-23 08:00:00,0.0,0.0,58689.0,0,0.0,3340.587,0.0,3324.594,3319.185,0.0,43.51542857142853,0.0,1.0,0.0,8.0,0.0,1.0,0.0,1.0,0.0,B
0.0,3374.962,0.0,2.0,0.0,2025-05-07 04:00:00,0.0,0.0,46206.0,1,0.0,3397.425,0.0,3388.016,3375.519,0.0,32.29407142857148,0.0,1.0,0.0,4.0,0.0,1.0,0.0,1.0,0.0,B
0.0,3330.39,0.0,3.0,0.0,2025-05-08 08:00:00,0.0,0.0,46423.0,0,0.0,3346.695,0.0,3344.381,3342.882,0.0,32.522571428571446,0.0,1.0,0.0,8.0,0.0,1.0,0.0,1.0,0.0,B
0.0,3303.857,0.0,3.0,0.0,2025-05-08 20:00:00,0.0,0.0,25703.0,1,0.0,3324.049,0.0,3316.412,3306.434,0.0,34.81407142857146,0.0,1.0,0.0,20.0,0.0,1.0,0.0,1.0,0.0,B
0.0,3320.251,0.0,4.0,0.0,2025-05-09 08:00:00,0.0,0.0,39034.0,1,0.0,3338.323,0.0,3332.964,3327.154,0.0,32.06435714285713,0.0,1.0,0.0,8.0,0.0,1.0,0.0,1.0,0.0,B
0.0,3325.142,0.0,4.0,0.0,2025-05-09 20:00:00,0.0,0.0,5111.0,0,0.0,3330.295,0.0,3326.805,3328.76,0.0,30.9115,0.0,1.0,0.0,20.0,0.0,1.0,0.0,1.0,0.0,B
0.0,3220.295,0.0,0.0,0.0,2025-05-12 16:00:00,0.0,0.0,41760.0,1,0.0,3240.112,0.0,3235.394,3239.237,0.0,31.4571428571428,0.0,0.0,0.0,16.0,0.0,1.0,0.0,1.0,0.0,B
0.0,3229.864,0.0,0.0,0.0,2025-05-12 20:00:00,0.0,0.0,18047.0,1,0.0,3241.807,0.0,3236.88,3235.355,0.0,29.32364285714279,0.0,0.0,0.0,20.0,0.0,1.0,0.0,1.0,0.0,B
0.0,3248.781,0.0,1.0,0.0,2025-05-13 08:00:00,0.0,0.0,34799.0,1,1.0,3261.284,0.0,3249.167,3259.139,1.0,27.750142857142787,1.0,0.0,0.0,8.0,0.0,1.0,1.0,1.0,0.3333333333333333,B
0.0,3242.016,0.0,1.0,0.0,2025-05-13 16:00:00,0.0,0.0,30773.0,1,1.0,3257.818,0.0,3249.324,3253.293,1.0,27.92207142857137,1.0,0.0,0.0,16.0,0.0,1.0,1.0,1.0,0.3333333333333333,B
0.0,3248.043,0.0,1.0,0.0,2025-05-13 20:00:00,0.0,0.0,12937.0,0,0.0,3257.165,0.0,3254.414,3249.355,0.0,26.993999999999915,0.0,0.0,0.0,20.0,0.0,1.0,0.0,1.0,0.0,B
0.0,3221.57,0.0,2.0,1.0,2025-05-14 04:00:00,0.0,0.0,42165.0,0,0.0,3238.874,0.0,3238.085,3228.405,1.0,25.538785714285627,1.0,0.0,0.0,4.0,0.0,1.0,1.0,1.0,0.3333333333333333,B
0.0,3177.012,0.0,2.0,0.0,2025-05-14 20:00:00,0.0,0.0,15017.0,1,0.0,3187.296,0.0,3186.128,3180.613,0.0,22.06992857142849,0.0,0.0,0.0,20.0,0.0,1.0,0.0,1.0,0.0,B
0.0,3322.607,0.0,3.0,0.0,2025-05-22 04:00:00,0.0,0.0,40219.0,1,0.0,3339.533,0.0,3327.621,3335.451,0.0,23.16942857142853,0.0,1.0,0.0,4.0,0.0,1.0,0.0,1.0,0.0,B
0.0,3301.891,0.0,4.0,1.0,2025-05-23 04:00:00,0.0,0.0,42653.0,1,0.0,3334.496,0.0,3329.145,3302.097,1.0,23.783571428571445,1.0,1.0,0.0,4.0,0.0,1.0,1.0,1.0,0.3333333333333333,B
0.0,3356.103,0.0,4.0,0.0,2025-05-23 20:00:00,0.0,0.0,5508.0,0,0.0,3361.733,0.0,3356.306,3360.743,1.0,22.350357142857224,1.0,0.0,0.0,20.0,0.0,1.0,1.0,1.0,0.3333333333333333,B
0.0,3341.363,0.0,6.0,0.0,2025-05-25 20:00:00,0.0,0.0,22939.0,1,0.0,3352.48,0.0,3342.713,3352.095,1.0,21.83714285714294,1.0,1.0,0.0,20.0,0.0,1.0,1.0,1.0,0.3333333333333333,B
0.0,3323.511,0.0,0.0,0.0,2025-05-26 08:00:00,0.0,0.0,31253.0,1,0.0,3339.689,0.0,3333.13,3337.377,1.0,22.363642857142946,1.0,1.0,0.0,8.0,0.0,1.0,1.0,1.0,0.3333333333333333,B
0.0,3337.521,0.0,0.0,0.0,2025-05-26 16:00:00,0.0,0.0,7839.0,1,0.0,3343.666,0.0,3341.558,3337.998,1.0,17.934714285714367,1.0,1.0,0.0,16.0,0.0,1.0,1.0,1.0,0.3333333333333333,B
0.0,3292.969,0.0,1.0,0.0,2025-05-27 16:00:00,0.0,0.0,23740.0,1,0.0,3308.008,0.0,3304.38,3293.612,1.0,17.498357142857166,1.0,1.0,0.0,16.0,0.0,1.0,1.0,1.0,0.3333333333333333,B
0.0,3297.621,0.0,1.0,0.0,2025-05-27 20:00:00,0.0,0.0,15652.0,1,0.0,3310.934,0.0,3309.411,3304.356,1.0,17.76742857142858,1.0,1.0,0.0,20.0,0.0,1.0,1.0,1.0,0.3333333333333333,B
0.0,3307.461,0.0,2.0,0.0,2025-05-28 08:00:00,0.0,0.0,32523.0,1,0.0,3325.507,0.0,3311.143,3319.271,1.0,19.491285714285727,1.0,1.0,0.0,8.0,0.0,1.0,1.0,1.0,0.3333333333333333,B
0.0,3344.633,0.0,1.0,0.0,2025-06-03 16:00:00,0.0,0.0,23069.0,1,0.0,3355.515,0.0,3352.657,3350.333,1.0,19.961214285714245,1.0,0.0,0.0,16.0,0.0,1.0,1.0,1.0,0.3333333333333333,B
0.0,3352.469,0.0,1.0,0.0,2025-06-03 20:00:00,0.0,0.0,11146.0,1,0.0,3361.657,0.0,3359.996,3352.617,1.0,19.77314285714283,1.0,0.0,0.0,20.0,0.0,1.0,1.0,1.0,0.3333333333333333,B
0.0,3370.508,0.0,2.0,0.0,2025-06-04 20:00:00,0.0,0.0,12476.0,0,0.0,3379.08,0.0,3378.042,3373.566,1.0,18.51092857142862,1.0,0.0,0.0,20.0,0.0,1.0,1.0,1.0,0.3333333333333333,B
0.0,3361.149,0.0,3.0,0.0,2025-06-05 04:00:00,0.0,0.0,32211.0,0,0.0,3374.559,0.0,3371.304,3369.683,1.0,18.6863571428572,1.0,0.0,0.0,4.0,0.0,1.0,1.0,1.0,0.3333333333333333,B
0.0,3351.988,0.0,3.0,0.0,2025-06-05 20:00:00,0.0,0.0,17020.0,1,0.0,3363.549,0.0,3361.81,3356.885,1.0,21.592071428571508,1.0,0.0,0.0,20.0,0.0,1.0,1.0,1.0,0.3333333333333333,B
0.0,3356.133,0.0,4.0,0.0,2025-06-06 00:00:00,0.0,0.0,35031.0,0,0.0,3371.811,0.0,3369.747,3361.867,1.0,21.93464285714296,1.0,0.0,0.0,0.0,0.0,1.0,1.0,1.0,0.3333333333333333,B
0.0,3409.459,0.0,0.0,1.0,2025-06-16 04:00:00,0.0,0.0,48928.0,1,0.0,3433.284,0.0,3412.619,3431.545,1.0,24.217214285714267,1.0,0.0,0.0,4.0,0.0,1.0,1.0,1.0,0.3333333333333333,B
0.0,3409.773,0.0,0.0,0.0,2025-06-16 08:00:00,0.0,0.0,36288.0,0,0.0,3422.667,0.0,3415.0,3412.624,0.0,22.48014285714284,0.0,0.0,0.0,8.0,0.0,1.0,0.0,1.0,0.0,B
0.0,3382.79,0.0,0.0,0.0,2025-06-16 16:00:00,0.0,0.0,32322.0,1,0.0,3404.992,0.0,3384.094,3404.534,0.0,21.941285714285705,0.0,1.0,0.0,16.0,0.0,1.0,0.0,1.0,0.0,B
0.0,3383.294,0.0,0.0,0.0,2025-06-16 20:00:00,0.0,0.0,20534.0,0,0.0,3402.977,0.0,3402.769,3384.015,0.0,22.40071428571429,0.0,1.0,0.0,20.0,0.0,1.0,0.0,1.0,0.0,B
0.0,3376.651,0.0,1.0,1.0,2025-06-17 16:00:00,0.0,0.0,38568.0,1,0.0,3392.499,0.0,3385.71,3379.386,1.0,21.19007142857137,1.0,1.0,0.0,16.0,0.0,1.0,1.0,1.0,0.3333333333333333,B
0.0,3383.634,0.0,1.0,0.0,2025-06-17 20:00:00,0.0,0.0,15298.0,1,0.0,3396.234,0.0,3387.369,3385.675,0.0,20.64321428571423,0.0,1.0,0.0,20.0,0.0,1.0,0.0,1.0,0.0,B
0.0,3375.433,0.0,2.0,0.0,2025-06-18 08:00:00,0.0,0.0,31074.0,0,0.0,3388.415,0.0,3382.048,3385.939,0.0,21.441499999999937,0.0,1.0,0.0,8.0,0.0,1.0,0.0,1.0,0.0,B
0.0,3362.474,0.0,2.0,0.0,2025-06-18 20:00:00,0.0,0.0,20920.0,0,0.0,3379.862,0.0,3375.023,3366.771,0.0,21.53685714285705,0.0,1.0,0.0,20.0,0.0,1.0,0.0,1.0,0.0,B
0.0,3362.246,0.0,3.0,0.0,2025-06-19 08:00:00,0.0,0.0,34217.0,0,0.0,3379.05,0.0,3371.967,3366.004,0.0,20.906999999999893,0.0,1.0,0.0,8.0,0.0,1.0,0.0,1.0,0.0,B
0.0,3361.497,0.0,3.0,1.0,2025-06-19 12:00:00,0.0,0.0,41432.0,1,0.0,3372.963,0.0,3369.26,3371.971,1.0,20.6392142857142,1.0,1.0,0.0,12.0,0.0,1.0,1.0,1.0,0.3333333333333333,B
0.0,3361.943,0.0,3.0,0.0,2025-06-19 20:00:00,0.0,0.0,14113.0,1,0.0,3370.411,0.0,3368.739,3369.491,0.0,18.0392857142856,0.0,1.0,0.0,20.0,0.0,1.0,0.0,1.0,0.0,B
0.0,3346.537,0.0,4.0,0.0,2025-06-20 08:00:00,0.0,0.0,30579.0,1,0.0,3359.236,0.0,3347.051,3347.657,0.0,18.494999999999923,0.0,1.0,0.0,8.0,0.0,1.0,0.0,1.0,0.0,B
0.0,3364.606,0.0,4.0,0.0,2025-06-20 16:00:00,0.0,0.0,21470.0,1,0.0,3373.365,0.0,3365.625,3369.786,0.0,18.880214285714143,0.0,1.0,0.0,16.0,0.0,1.0,0.0,1.0,0.0,B
0.0,3364.69,0.0,4.0,0.0,2025-06-20 20:00:00,0.0,0.0,4112.0,1,0.0,3369.314,0.0,3368.546,3365.578,0.0,17.566285714285577,0.0,1.0,0.0,20.0,0.0,1.0,0.0,1.0,0.0,B
0.0,3371.197,0.0,6.0,0.0,2025-06-22 20:00:00,0.0,0.0,26325.0,0,0.0,3388.96,0.0,3372.755,3384.117,0.0,16.66821428571419,0.0,1.0,0.0,20.0,0.0,1.0,0.0,1.0,0.0,B
0.0,3346.971,0.0,0.0,1.0,2025-06-23 04:00:00,0.0,0.0,32085.0,0,0.0,3365.061,0.0,3357.627,3363.385,1.0,16.96107142857136,1.0,1.0,0.0,4.0,0.0,1.0,1.0,1.0,0.3333333333333333,B
0.0,3317.829,0.0,1.0,0.0,2025-06-24 08:00:00,1.0,0.0,35596.0,1,0.0,3332.32,0.0,3321.214,3329.658,1.0,21.978214285714262,1.0,0.0,0.0,8.0,0.0,1.0,1.0,1.0,0.3333333333333333,B
0.0,3325.869,0.0,4.0,0.0,2025-07-04 00:00:00,0.0,0.0,23797.0,1,0.0,3338.948,0.0,3338.35,3330.875,1.0,15.738857142857114,1.0,1.0,0.0,0.0,0.0,1.0,1.0,1.0,0.3333333333333333,B
0.0,3327.305,0.0,1.0,0.0,2025-07-08 04:00:00,0.0,0.0,25122.0,0,0.0,3339.5,0.0,3333.915,3331.416,1.0,13.61578571428572,1.0,1.0,0.0,4.0,0.0,1.0,1.0,1.0,0.3333333333333333,B
0.0,3297.199,0.0,1.0,0.0,2025-07-08 20:00:00,0.0,0.0,13992.0,1,0.0,3304.074,0.0,3302.277,3303.02,1.0,16.210857142857158,1.0,1.0,0.0,20.0,0.0,1.0,1.0,1.0,0.3333333333333333,B
0.0,3363.917,0.0,0.0,0.0,2025-07-14 08:00:00,0.0,0.0,25680.0,1,0.0,3374.647,0.0,3364.169,3371.956,1.0,14.653928571428551,1.0,1.0,0.0,8.0,0.0,1.0,1.0,1.0,0.3333333333333333,B
0.0,3343.082,0.0,0.0,0.0,2025-07-14 16:00:00,0.0,0.0,21759.0,1,0.0,3351.678,0.0,3344.125,3345.044,0.0,14.856428571428523,0.0,1.0,0.0,16.0,0.0,1.0,0.0,1.0,0.0,B
0.0,3344.758,0.0,1.0,0.0,2025-07-15 00:00:00,0.0,0.0,22213.0,1,0.0,3358.334,0.0,3357.841,3345.299,0.0,14.890499999999976,0.0,1.0,0.0,0.0,0.0,1.0,0.0,1.0,0.0,B
0.0,3357.47,0.0,1.0,1.0,2025-07-15 04:00:00,0.0,0.0,23665.0,0,0.0,3365.422,0.0,3364.347,3357.853,1.0,14.564428571428577,1.0,0.0,0.0,4.0,0.0,1.0,1.0,1.0,0.3333333333333333,B
0.0,3320.218,0.0,1.0,1.0,2025-07-15 16:00:00,0.0,0.0,27957.0,1,0.0,3331.936,0.0,3330.455,3328.957,1.0,14.764928571428625,1.0,1.0,0.0,16.0,0.0,1.0,1.0,1.0,0.3333333333333333,B
0.0,3324.788,0.0,1.0,0.0,2025-07-15 20:00:00,0.0,0.0,9299.0,1,0.0,3331.776,0.0,3331.056,3330.408,0.0,14.505714285714314,0.0,1.0,0.0,20.0,0.0,1.0,0.0,1.0,0.0,B
0.0,3332.818,0.0,2.0,0.0,2025-07-16 04:00:00,0.0,0.0,21235.0,1,0.0,3342.002,0.0,3337.808,3334.281,0.0,14.14164285714287,0.0,1.0,0.0,4.0,0.0,1.0,0.0,1.0,0.0,B
0.0,3333.72,0.0,2.0,0.0,2025-07-16 08:00:00,0.0,0.0,22984.0,1,0.0,3343.072,0.0,3339.259,3337.824,0.0,13.420142857142862,0.0,1.0,0.0,8.0,0.0,1.0,0.0,1.0,0.0,B
0.0,3345.265,0.0,2.0,0.0,2025-07-16 20:00:00,0.0,0.0,11046.0,0,0.0,3352.247,0.0,3346.526,3347.116,0.0,15.26307142857146,0.0,1.0,0.0,20.0,0.0,1.0,0.0,1.0,0.0,B
0.0,3336.241,0.0,3.0,1.0,2025-07-17 00:00:00,0.0,0.0,23653.0,1,0.0,3347.405,0.0,3341.486,3346.556,1.0,15.446500000000048,1.0,1.0,0.0,0.0,0.0,1.0,1.0,1.0,0.3333333333333333,B
0.0,3325.209,0.0,3.0,1.0,2025-07-17 04:00:00,0.0,0.0,26980.0,1,0.0,3344.726,0.0,3325.886,3341.511,1.0,16.459214285714356,1.0,1.0,0.0,4.0,0.0,1.0,1.0,1.0,0.3333333333333333,B
0.0,3335.378,0.0,3.0,0.0,2025-07-17 16:00:00,0.0,0.0,20712.0,1,0.0,3341.098,0.0,3339.763,3336.675,1.0,17.2085714285715,1.0,1.0,0.0,16.0,0.0,1.0,1.0,1.0,0.3333333333333333,B
0.0,3347.596,0.0,4.0,0.0,2025-07-18 16:00:00,0.0,0.0,21910.0,1,0.0,3357.506,0.0,3348.325,3353.619,1.0,16.09042857142858,1.0,1.0,0.0,16.0,0.0,1.0,1.0,1.0,0.3333333333333333,B
