datetime,open,high,low,close,volume,spread,swing_high,swing_low,bos,choch,bias,bias_label,pattern_code,candle_pattern,conf_structure,conf_bos_or_choch,conf_candle,conf_sr_zone,conf_psych_level,conf_fib_zone,conf_volume,conf_liquidity,conf_spread,primary_score,secondary_score,total_confluence,score,num_confs,atr,hour,dow,bias_bull,regime_trend,setup_grade,returns,range,atr_rolling,is_win,ml_prob_win,ml_signal
2021-07-02 12:00:00,1784.877,1787.087,1777.953,1782.815,17089.0,200.0,0.0,0.0,0,0,1,bullish,0,none,0,0,0,0,0,1,0,0,0,0,0,0,0,0,9.134000000000016,12,4,0,0,B,,9.134000000000016,,1,0.880558819672677,1
2021-07-04 20:00:00,1787.277,1787.581,1785.461,1786.184,2629.0,200.0,0.0,0.0,0,0,1,bullish,0,none,0,0,0,0,0,1,0,0,1,0,1,1,0,1,5.988999999999976,20,6,1,1,B,-0.0007060353151927,2.119999999999891,,1,0.9726795261576938,1
2021-07-05 00:00:00,1786.187,1789.843,1784.426,1785.447,11237.0,200.0,0.0,0.0,0,0,1,bullish,0,none,0,0,0,0,0,1,1,1,1,0,3,3,0,3,5.87460000000001,0,0,1,1,B,-0.0004126114666798,5.417000000000144,,1,0.9959275344326427,1
2021-07-05 08:00:00,1792.65,1794.547,1789.15,1789.559,11566.0,200.0,0.0,0.0,0,0,1,bullish,0,none,0,0,0,0,0,1,1,1,1,0,3,3,0,3,6.158571428571414,8,0,1,1,B,0.0023030647227277,5.396999999999935,,1,0.8495946912477212,1
2021-07-05 16:00:00,1790.839,1791.812,1789.962,1791.649,1829.0,200.0,0.0,0.0,0,0,1,bullish,0,none,0,0,0,0,0,1,0,0,1,0,1,1,0,1,5.388777777777755,16,0,1,1,B,0.0011678854958121,1.849999999999909,,1,0.8986429711347342,1
2021-07-05 20:00:00,1791.634,1792.698,1790.794,1791.224,2366.0,300.0,0.0,0.0,0,0,1,bullish,0,none,0,0,0,0,0,1,0,0,0,0,0,0,0,0,5.040299999999979,20,0,1,1,B,-0.0002372116413427,1.9039999999999964,,1,0.97711904637672,1
2021-07-06 20:00:00,1796.493,1797.268,1795.03,1795.55,4528.0,200.0,0.0,0.0,0,0,1,bullish,0,none,0,0,0,0,0,1,0,0,1,0,1,1,0,1,6.388142857142839,20,1,1,1,B,-0.0005510592583521,2.2380000000000564,,1,0.8073329851270957,1
2021-07-07 04:00:00,1801.042,1806.622,1797.349,1805.419,12901.0,200.0,0.0,0.0,0,0,1,bullish,0,none,0,0,0,0,0,1,1,0,1,0,2,2,0,2,7.364357142857151,4,2,1,1,B,0.0054963660159841,9.273000000000138,,1,0.9149849113999493,1
2021-07-07 20:00:00,1803.404,1805.502,1802.353,1803.285,4353.0,300.0,0.0,0.0,0,0,1,bullish,5,doji,0,0,1,0,0,1,0,0,0,1,0,1,1,1,7.797428571428587,20,2,1,1,A,-0.0017802370438764,3.1489999999998872,,1,0.8781087714227084,1
2021-07-08 00:00:00,1803.28,1804.902,1796.384,1797.421,11905.0,200.0,0.0,0.0,0,0,1,bullish,0,none,0,0,0,0,0,1,1,0,1,0,2,2,0,2,8.27371428571431,0,3,1,1,B,-0.0032518431640035,8.518000000000029,7.049958276643987,1,0.9733862803179233,1
2021-07-08 16:00:00,1796.722,1802.798,1796.178,1802.17,13817.0,200.0,0.0,0.0,0,0,1,bullish,0,none,0,0,0,0,0,1,1,0,1,0,3,3,0,3,10.20135714285714,16,3,1,1,B,-0.0065439535269599,6.619999999999891,7.107279705215416,1,0.8841324154128581,1
2021-07-08 20:00:00,1802.125,1804.422,1801.727,1803.723,4350.0,300.0,0.0,0.0,0,0,1,bullish,0,none,0,0,0,0,0,1,0,0,0,0,1,1,0,1,9.02042857142856,20,3,1,1,B,0.0008617389036549,2.6949999999999363,7.231691269841265,1,0.9342826494535489,1
2021-07-09 04:00:00,1805.192,1805.931,1796.594,1804.546,15225.0,200.0,0.0,0.0,0,0,1,bullish,0,none,0,0,0,0,0,1,1,1,1,0,4,4,0,4,9.583428571428565,4,4,1,1,B,-0.0003501039786658,9.336999999999987,7.717133106575959,1,0.9791202932486608,1
2021-07-09 08:00:00,1804.591,1805.644,1798.182,1800.192,15562.0,200.0,0.0,0.0,0,0,1,bullish,0,none,0,0,0,0,1,1,1,1,1,0,5,5,0,5,9.477428571428552,8,4,1,1,B,-0.0024127952404648,7.461999999999989,7.954194331065755,1,0.962166580878985,1
2021-07-09 16:00:00,1807.863,1812.27,1807.691,1807.898,11346.0,200.0,0.0,0.0,0,0,1,bullish,0,none,0,0,0,0,0,1,0,0,1,0,2,2,0,2,9.705428571428538,16,4,1,1,B,0.0042806545079634,4.578999999999951,8.26252653061224,1,0.8126785743314473,1
2021-07-09 20:00:00,1807.925,1808.863,1807.157,1808.222,1205.0,300.0,0.0,0.0,0,0,1,bullish,0,none,0,0,0,0,0,1,0,0,0,0,1,1,0,1,8.915071428571407,20,4,1,1,B,0.0001792136503275,1.706000000000131,8.53929591836734,1,0.9566559748281349,1
2021-07-12 00:00:00,1806.452,1810.773,1802.241,1802.915,11342.0,300.0,0.0,0.0,0,0,1,bullish,0,none,0,0,0,0,0,1,0,0,0,0,1,1,0,1,8.907142857142828,0,0,1,1,B,-0.0029349272379165,8.531999999999925,8.678244897959178,1,0.9148636259942037,1
2021-07-12 04:00:00,1802.915,1806.121,1798.882,1803.965,11780.0,200.0,0.0,0.0,0,0,1,bullish,0,none,0,0,0,0,0,1,0,1,1,0,3,3,0,3,8.815785714285685,4,0,1,1,B,0.0005823901847841,7.239000000000033,8.851647959183667,1,0.9774829450609764,1
2021-07-15 08:00:00,1830.689,1832.854,1822.592,1825.715,14514.0,200.0,0.0,0.0,0,0,1,bullish,0,none,0,0,0,0,0,1,1,1,1,0,4,4,0,4,7.794071428571442,8,3,1,1,B,0.000117775951794,10.261999999999944,7.649954081632655,1,0.8350516779451901,1
2021-07-16 04:00:00,1827.403,1827.804,1820.618,1822.656,10982.0,300.0,0.0,0.0,0,0,1,bullish,0,none,0,0,0,0,0,1,0,0,0,0,0,0,0,0,7.068285714285723,4,4,1,1,B,-0.0025867593164651,7.186000000000149,7.309127551020415,1,0.7931702692734441,1
2021-07-16 20:00:00,1810.34,1812.008,1810.01,1812.007,1446.0,300.0,0.0,0.0,0,0,1,bullish,0,none,0,0,0,0,0,1,0,0,0,0,0,0,0,0,7.257785714285741,20,4,1,1,B,-0.0031950446002481,1.9980000000000475,7.067561224489809,1,0.946961802760529,1
2021-07-18 20:00:00,1811.224,1815.844,1810.351,1815.7,3342.0,300.0,0.0,0.0,0,0,1,bullish,0,none,0,0,0,0,0,1,0,0,0,0,0,0,0,0,7.133214285714303,20,6,1,1,B,0.0020380715968535,5.492999999999938,7.075933673469403,1,0.9721697271559846,1
2021-07-19 00:00:00,1815.7,1817.25,1811.075,1812.988,11080.0,300.0,0.0,0.0,0,0,1,bullish,0,none,0,0,0,0,0,1,0,1,0,0,1,1,0,1,7.356714285714296,0,0,1,1,B,-0.0014936388169851,6.1749999999999545,7.121469387755117,1,0.7330303735427809,1
2021-07-19 04:00:00,1813.007,1815.282,1802.481,1805.847,13173.0,200.0,0.0,0.0,0,0,1,bullish,0,none,0,0,0,0,0,1,1,1,1,0,3,3,0,3,7.880142857142865,4,0,1,1,B,-0.0039388015805951,12.80099999999993,7.187704081632668,1,0.9741093464125139,1
2021-07-19 16:00:00,1808.325,1812.06,1805.607,1812.047,14147.0,200.0,0.0,0.0,0,0,1,bullish,0,none,0,0,0,0,0,1,1,1,1,0,4,4,0,4,8.416214285714286,16,0,1,1,B,0.0034332919677027,6.452999999999975,7.330316326530626,1,0.8718965140499586,1
2021-07-19 20:00:00,1812.093,1813.277,1810.643,1811.304,3826.0,300.0,0.0,0.0,0,0,1,bullish,0,none,0,0,0,0,0,1,0,0,0,0,1,1,0,1,8.212999999999997,20,0,1,1,B,-0.0004100335145832,2.6340000000000146,7.432117346938787,1,0.9236844337352099,1
2021-07-21 08:00:00,1807.272,1808.939,1799.921,1800.568,15230.0,200.0,0.0,0.0,0,0,1,bullish,0,none,0,0,0,0,1,1,1,1,1,0,5,5,0,5,8.444785714285754,8,2,1,1,B,-0.0044674253917843,9.018000000000027,7.784321428571439,1,0.9660079879047571,1
2021-07-22 00:00:00,1802.492,1802.989,1797.243,1798.398,9114.0,200.0,0.0,0.0,0,0,1,bullish,0,none,0,0,0,0,1,1,0,0,1,0,3,3,0,3,6.678785714285774,0,3,1,1,B,-0.0022978685632496,5.746000000000095,7.821500000000021,1,0.811807179647254,1
2021-07-22 04:00:00,1798.398,1803.294,1797.179,1800.441,10986.0,200.0,0.0,0.0,0,0,1,bullish,0,none,0,0,0,0,1,1,0,0,1,0,3,3,0,3,6.927428571428631,4,3,1,1,B,0.0011360110498344,6.115000000000009,7.797903061224512,1,0.8733078861835751,1
2021-07-23 00:00:00,1807.077,1808.426,1802.194,1803.031,9335.0,200.0,0.0,0.0,0,0,1,bullish,0,none,0,0,0,0,0,1,0,0,1,0,1,1,0,1,6.153357142857154,0,4,1,1,B,0.0014385364474591,6.231999999999971,7.727913265306144,1,0.8856401502896157,1
2021-07-30 20:00:00,1814.3,1814.51,1813.141,1813.934,1169.0,300.0,0.0,0.0,0,0,1,bullish,0,none,0,0,0,0,0,1,0,0,0,0,1,1,0,1,7.142714285714289,20,4,1,1,B,-0.0002281811427575,1.3689999999999145,6.672724489795928,1,0.9750351908000774,1
2021-08-01 20:00:00,1814.431,1814.955,1812.009,1813.79,2616.0,300.0,0.0,0.0,0,0,1,bullish,0,none,0,0,0,0,0,1,0,0,0,0,1,1,0,1,6.115714285714278,20,6,1,1,B,-7.938546826946613e-05,2.9459999999999127,6.613163265306134,1,0.9807789819878323,1
2021-08-02 00:00:00,1813.796,1816.823,1808.346,1812.016,11851.0,300.0,0.0,0.0,0,0,1,bullish,0,none,0,0,0,0,0,1,1,1,0,0,3,3,0,3,6.4620714285714325,0,0,1,1,B,-0.0009780625099927,8.47700000000009,6.571994897959196,1,0.9849549763370367,1
2021-08-02 04:00:00,1812.013,1813.172,1806.595,1808.019,11434.0,200.0,0.0,0.0,0,0,1,bullish,0,none,0,0,0,0,0,1,1,1,1,0,4,4,0,4,6.298785714285714,4,0,1,1,B,-0.0022058304120935,6.576999999999998,6.5338265306122585,1,0.981479783383764,1
2021-08-02 08:00:00,1808.014,1811.639,1806.311,1811.297,9853.0,200.0,0.0,0.0,0,0,1,bullish,0,none,0,0,0,0,0,1,0,0,1,0,2,2,0,2,6.303642857142855,8,0,1,1,B,0.0018130340444431,5.327999999999975,6.584872448979604,1,0.9645215922242953,1
2021-08-03 00:00:00,1812.492,1813.844,1809.371,1810.779,8960.0,300.0,0.0,0.0,0,0,1,bullish,0,none,0,0,0,0,0,1,0,0,0,0,1,1,0,1,5.919428571428544,0,1,1,1,B,-0.0002859829172134,4.472999999999956,6.616576530612255,1,0.9667934220225296,1
2021-08-03 04:00:00,1810.777,1812.424,1808.137,1809.627,9930.0,300.0,0.0,0.0,0,0,1,bullish,0,none,0,0,0,0,0,1,0,1,0,0,2,2,0,2,5.95814285714284,4,1,1,1,B,-0.0006361902805367,4.287000000000035,6.611255102040825,1,0.9145980589062396,1
2021-08-03 20:00:00,1811.105,1811.138,1809.99,1811.071,1858.0,200.0,0.0,0.0,0,0,1,bullish,0,none,0,0,0,0,0,1,0,0,1,0,2,2,0,2,4.902857142857117,20,1,1,1,B,-4.417080629948167e-05,1.1479999999999109,6.489260204081633,1,0.8662826718108618,1
2021-08-04 04:00:00,1813.128,1815.138,1811.951,1814.518,8276.0,200.0,0.0,0.0,0,0,1,bullish,0,none,0,0,0,0,0,1,0,1,1,0,2,2,0,2,5.244142857142833,4,2,1,1,B,0.0019032936864431,3.186999999999898,6.423903061224487,1,0.8435592455186411,1
2021-08-05 00:00:00,1811.614,1811.87,1808.989,1811.01,8347.0,300.0,0.0,0.0,0,0,1,bullish,0,none,0,0,0,0,0,1,0,1,0,0,2,2,0,2,5.459142857142816,0,3,1,1,B,-0.0003345079752,2.880999999999858,5.922076530612225,1,0.8092756476157069,1
2021-08-05 12:00:00,1813.022,1813.684,1797.515,1804.164,21106.0,300.0,0.0,0.0,0,0,1,bullish,0,none,0,0,0,0,0,1,1,1,0,0,3,3,0,3,6.75507142857139,12,3,1,1,B,-0.0049110127143604,16.16899999999987,5.879433673469364,1,0.8899741756573394,1
2021-08-06 08:00:00,1799.999,1800.644,1794.509,1799.592,9824.0,200.0,0.0,0.0,0,0,1,bullish,0,none,0,0,0,0,1,1,0,1,1,0,3,3,0,3,6.794785714285679,8,4,1,1,B,-0.0002283329527783,6.134999999999991,6.017484693877519,1,0.6728136734139918,1
2021-08-25 00:00:00,1801.715,1802.593,1793.427,1794.795,10282.0,300.0,0.0,0.0,0,0,1,bullish,0,none,0,0,0,0,0,0,1,1,0,0,3,3,0,3,6.371428571428591,0,2,0,0,B,-0.0038352560491311,9.166000000000167,7.11287244897961,1,0.9687132324577206,1
2021-08-25 12:00:00,1794.157,1797.666,1782.356,1789.045,23529.0,200.0,0.0,0.0,0,0,1,bullish,0,none,0,0,0,0,0,0,1,1,1,0,4,4,0,4,6.776285714285693,12,2,0,0,B,-0.003203708501528,15.309999999999944,7.079096938775526,1,0.9876709601688739,1
2021-08-26 04:00:00,1787.839,1788.234,1783.624,1786.927,10223.0,200.0,0.0,0.0,0,0,1,bullish,0,none,0,0,0,0,0,1,1,1,1,0,4,4,0,4,5.732785714285667,4,3,0,0,B,-0.0025637447530588,4.6099999999999,6.749000000000002,1,0.9499517176586347,1
2021-08-27 00:00:00,1793.4,1799.16,1792.865,1798.022,9585.0,200.0,0.0,0.0,0,0,1,bullish,0,none,0,0,0,0,1,0,0,0,0,0,2,2,0,2,6.603642857142859,0,4,1,1,B,0.0062089833552239,6.295000000000073,6.594127551020411,1,0.8094079627404861,1
2021-08-27 08:00:00,1801.506,1801.63,1792.439,1796.552,9885.0,200.0,0.0,0.0,0,0,1,bullish,0,none,0,0,0,0,0,0,0,0,0,0,1,1,0,1,6.935999999999987,8,4,1,1,B,-0.0027582248555526,9.191000000000033,6.480561224489796,1,0.8345408986112315,1
2021-08-27 20:00:00,1818.976,1819.008,1816.76,1816.778,1310.0,300.0,0.0,0.0,0,0,1,bullish,0,none,0,0,0,1,0,0,0,0,0,1,0,1,1,1,7.691642857142873,20,4,1,1,A,0.0112582324363559,2.248000000000048,6.520602040816327,1,0.7206728457208313,1
2021-08-30 16:00:00,1810.1,1811.199,1807.65,1810.525,7328.0,300.0,0.0,0.0,0,0,1,bullish,0,none,0,0,0,0,0,0,0,0,0,0,1,1,0,1,7.190428571428599,16,0,1,1,B,-0.0036173062762712,3.548999999999978,6.722438775510207,1,0.8075890244789595,1
2021-08-31 08:00:00,1815.273,1816.907,1811.878,1812.636,10567.0,300.0,0.0,0.0,0,0,1,bullish,0,none,0,0,0,0,0,0,1,1,0,0,3,3,0,3,7.006000000000037,8,1,1,1,B,0.0011659601496802,5.028999999999996,6.766260204081635,1,0.8647490633199043,1
2021-08-31 16:00:00,1807.827,1816.327,1807.443,1814.71,10957.0,300.0,0.0,0.0,0,0,1,bullish,0,none,0,0,0,0,0,0,1,1,0,0,3,3,0,3,5.936000000000036,16,1,1,1,B,0.0011441900083635,8.884000000000015,6.770918367346943,1,0.8210503191424001,1
2021-09-01 04:00:00,1815.174,1816.886,1811.032,1811.289,10345.0,300.0,0.0,0.0,0,0,1,bullish,0,none,0,0,0,0,0,0,0,1,0,0,2,2,0,2,6.0812142857143145,4,2,1,1,B,-0.0018851496933394,5.854000000000042,6.7501887755102095,1,0.9813659209595849,1
2021-09-01 08:00:00,1811.24,1814.422,1809.25,1812.892,9445.0,300.0,0.0,0.0,0,0,1,bullish,0,none,0,0,0,0,0,0,0,0,0,0,1,1,0,1,5.746500000000034,8,2,1,1,B,0.0008850050985789,5.1720000000000255,6.676632653061233,1,0.6991428508918962,1
2021-09-01 20:00:00,1814.708,1814.708,1812.75,1813.02,2101.0,300.0,0.0,0.0,0,0,1,bullish,0,none,0,0,0,0,0,0,0,0,0,0,1,1,0,1,5.723285714285761,20,2,1,1,B,-0.0009054022702837,1.958000000000084,6.673913265306142,1,0.7725454521915271,1
2021-09-02 00:00:00,1813.018,1815.983,1811.079,1811.105,8037.0,300.0,0.0,0.0,0,0,1,bullish,0,none,0,0,0,0,0,0,0,0,0,0,1,1,0,1,5.8200714285714765,0,3,1,1,B,-0.0010562486900309,4.903999999999996,6.680147959183699,1,0.992583504770674,1
2021-09-02 16:00:00,1808.863,1810.963,1806.926,1809.729,8008.0,300.0,0.0,0.0,0,0,1,bullish,0,none,0,0,0,0,0,1,0,0,0,0,1,1,0,1,6.295500000000045,16,3,1,1,B,-0.0031403028483609,4.037000000000035,6.582484693877584,1,0.9000705156661704,1
2021-09-02 20:00:00,1809.715,1810.179,1808.956,1809.364,1913.0,300.0,0.0,0.0,0,0,1,bullish,0,none,0,0,0,0,0,1,0,0,0,0,1,1,0,1,5.369142857142914,20,3,1,1,B,-0.0002016876559971,1.2230000000001835,6.47056632653065,1,0.8297057491283543,1
2021-09-03 04:00:00,1812.538,1814.344,1810.592,1811.127,7523.0,300.0,0.0,0.0,0,0,1,bullish,0,none,0,0,0,0,0,1,0,0,0,0,1,1,0,1,5.28678571428577,4,4,1,1,B,0.0009743755264279,3.7519999999999527,6.298790816326572,1,0.9706065310768118,1
2021-09-06 00:00:00,1827.545,1828.416,1825.085,1825.747,8755.0,300.0,0.0,0.0,0,0,1,bullish,0,none,0,0,0,0,0,0,0,1,0,0,2,2,0,2,5.530000000000022,0,0,1,1,B,-0.0009991392956669,3.330999999999904,5.973096938775551,1,0.5377690133805204,1
2021-09-06 12:00:00,1823.809,1824.105,1821.315,1821.889,7811.0,300.0,0.0,0.0,0,0,1,bullish,0,none,0,0,0,0,0,1,0,1,0,0,2,2,0,2,5.26421428571429,12,0,1,1,B,-0.0022224084269696,2.789999999999964,5.719234693877589,1,0.7682115743504279,1
2021-09-06 20:00:00,1823.809,1824.069,1821.892,1823.518,1735.0,300.0,0.0,0.0,0,0,1,bullish,0,none,0,0,0,0,0,1,0,0,0,0,1,1,0,1,4.418714285714275,20,0,1,1,B,0.0002353148968592,2.1769999999999072,5.501596938775543,1,0.6879820548184704,1
2021-09-07 08:00:00,1817.545,1817.596,1808.264,1810.888,12341.0,300.0,0.0,0.0,0,0,1,bullish,0,none,0,0,0,0,0,1,1,1,0,0,3,3,0,3,5.188285714285712,8,1,1,1,B,-0.0036768852495996,9.332000000000107,5.284785714285737,1,0.8934105924573085,1
2021-09-07 20:00:00,1793.474,1795.721,1793.235,1795.591,3103.0,200.0,0.0,0.0,0,0,1,bullish,0,none,0,0,0,0,0,1,0,0,1,0,1,1,0,1,5.27250000000002,20,1,1,1,B,-0.0009141825716628,2.486000000000104,5.290433673469406,1,0.9411780864961997,1
2021-10-05 08:00:00,1759.221,1760.119,1753.523,1757.019,13110.0,200.0,0.0,0.0,0,0,1,bullish,0,none,0,0,0,0,0,1,0,0,0,0,1,1,0,1,7.818428571428577,8,1,0,0,B,-0.0012482840357772,6.596000000000004,9.247908163265324,1,0.7926094756507807,1
2021-10-06 00:00:00,1759.285,1759.354,1754.156,1755.572,10420.0,200.0,0.0,0.0,0,0,1,bullish,0,none,0,0,0,0,0,1,0,0,0,0,1,1,0,1,7.628928571428576,0,2,0,0,B,-0.0021116509131257,5.198000000000093,8.711301020408179,1,0.9668872564884627,1
2021-10-11 08:00:00,1757.171,1757.174,1752.285,1754.846,10866.0,200.0,0.0,0.0,0,0,1,bullish,0,none,0,0,0,0,0,1,0,0,0,0,1,1,0,1,7.383428571428616,8,0,0,0,B,-0.0013271279289861,4.888999999999896,7.412418367346985,1,0.9309404234389388,1
2021-10-11 16:00:00,1757.444,1757.697,1753.261,1753.309,9464.0,200.0,0.0,0.0,0,0,1,bullish,0,none,0,0,0,0,0,1,0,0,0,0,1,1,0,1,7.047142857142895,16,0,0,0,B,-0.0008758603319037,4.435999999999922,7.370862244898007,1,0.9692669171072119,1
2021-10-12 00:00:00,1753.334,1758.959,1750.71,1758.278,13289.0,200.0,0.0,0.0,0,0,1,bullish,0,none,0,0,0,0,0,1,1,1,0,0,3,3,0,3,7.140642857142877,0,1,0,0,B,0.0028340697503976,8.249000000000024,7.296122448979638,1,0.9005943717323864,1
2021-10-12 20:00:00,1761.272,1761.397,1759.781,1760.362,3047.0,200.0,0.0,0.0,0,0,1,bullish,0,none,0,0,0,0,0,1,0,0,0,0,1,1,0,1,6.044357142857133,20,1,0,0,B,-0.000534263553744,1.6159999999999854,7.132397959183712,1,0.859045514090956,1
2021-10-13 04:00:00,1762.019,1765.698,1760.711,1765.022,11103.0,200.0,0.0,0.0,0,0,1,bullish,0,none,0,0,0,0,0,1,0,0,0,0,1,1,0,1,6.060642857142852,4,2,0,0,B,0.0026471827953566,4.98700000000008,7.09763265306126,1,0.909710207140973,1
2021-10-13 08:00:00,1765.023,1774.35,1764.994,1773.505,12659.0,200.0,0.0,0.0,0,0,1,bullish,0,none,0,0,0,0,0,0,0,1,0,0,2,2,0,2,6.2217857142857,8,2,0,0,B,0.0048061723876531,9.355999999999996,7.034163265306154,1,0.9440220221266196,1
2021-10-13 16:00:00,1794.429,1795.476,1790.605,1791.845,12928.0,200.0,0.0,0.0,0,0,1,bullish,0,none,0,0,0,0,0,0,0,1,0,0,1,1,0,1,8.637214285714274,16,2,0,0,B,0.01034110419762,4.871000000000095,7.116377551020436,1,0.7955800608574698,1
2021-10-13 20:00:00,1791.892,1793.588,1791.595,1791.652,3667.0,200.0,0.0,0.0,0,0,1,bullish,0,none,0,0,0,0,0,0,0,0,0,0,0,0,0,0,8.065142857142828,20,2,0,0,B,-0.0001077102093094,1.9929999999999384,7.165132653061245,1,0.9373748042609816,1
2021-10-14 00:00:00,1791.698,1793.578,1786.647,1788.54,9646.0,200.0,0.0,0.0,0,0,1,bullish,0,none,0,0,0,0,0,0,0,0,0,0,0,0,0,0,8.243357142857121,0,3,0,0,B,-0.0017369444512662,6.93100000000004,7.2614744897959325,1,0.9813437309375804,1
2021-10-14 20:00:00,1796.51,1797.134,1794.735,1795.329,2824.0,200.0,0.0,0.0,0,0,1,bullish,0,none,0,0,0,0,0,0,0,0,0,0,1,1,0,1,7.164071428571431,20,3,0,0,B,-0.0006546043567928,2.3990000000001146,7.303928571428577,1,0.8599773563094255,1
2021-10-15 04:00:00,1795.0,1795.258,1785.386,1786.653,10018.0,200.0,0.0,0.0,0,0,1,bullish,0,none,0,0,0,0,0,1,0,1,0,0,1,1,0,1,7.656142857142868,4,4,0,0,B,-0.0046479212209944,9.872000000000073,7.21490306122449,1,0.8634050953456317,1
2021-10-15 20:00:00,1768.298,1768.488,1766.684,1767.427,1346.0,200.0,0.0,0.0,0,0,1,bullish,0,none,0,0,0,0,0,1,0,0,0,0,0,0,0,0,5.917357142857164,20,4,0,0,B,-0.0005479541912558,1.8040000000000875,7.332316326530609,1,0.9070273902283641,1
2021-10-17 20:00:00,1766.961,1772.013,1764.565,1770.952,4852.0,200.0,0.0,0.0,0,0,1,bullish,1,bullish_engulfing,0,0,1,0,0,1,0,0,0,1,0,1,1,1,6.101428571428577,20,6,0,0,A,0.0019944246636496,7.447999999999865,7.326112244897956,1,0.8031875184206811,1
2021-10-18 00:00:00,1770.983,1772.007,1767.304,1767.699,12739.0,200.0,0.0,0.0,0,0,1,bullish,0,none,0,0,0,0,0,1,1,1,0,0,2,2,0,2,6.295000000000008,0,0,0,0,B,-0.0018368651437192,4.702999999999975,7.344015306122448,1,0.9645495372574789,1
2021-10-18 04:00:00,1767.698,1769.449,1761.689,1764.371,15217.0,200.0,0.0,0.0,0,0,1,bullish,0,none,0,0,0,0,0,1,1,1,0,0,2,2,0,2,6.35421428571429,4,0,0,0,B,-0.001882673464204,7.759999999999991,7.364984693877551,1,0.8846311402860657,1
2021-10-18 16:00:00,1767.811,1767.844,1763.881,1764.102,9987.0,200.0,0.0,0.0,0,0,1,bullish,0,none,0,0,0,0,0,1,0,0,0,0,1,1,0,1,6.407714285714292,16,0,0,0,B,-0.0020805756372398,3.962999999999965,7.228892857142858,1,0.9574932898983792,1
2021-10-19 04:00:00,1774.746,1782.768,1773.696,1781.418,13570.0,200.0,0.0,0.0,0,0,1,bullish,0,none,0,0,0,0,0,1,1,1,0,0,3,3,0,3,7.447857142857158,4,1,0,0,B,0.0098157589527134,9.072000000000116,7.184801020408168,1,0.9640950535653495,1
2021-10-19 08:00:00,1781.388,1782.893,1775.872,1780.484,13936.0,200.0,0.0,0.0,0,0,1,bullish,0,none,0,0,0,0,0,1,1,1,0,0,3,3,0,3,7.244214285714293,8,1,0,0,B,-0.0005243014272898,7.020999999999958,7.113433673469395,1,0.874927563545639,1
2021-10-19 20:00:00,1770.128,1770.128,1768.171,1768.661,3437.0,200.0,0.0,0.0,0,0,1,bullish,0,none,0,0,0,0,0,1,0,0,0,0,0,0,0,0,6.691214285714263,20,1,0,0,B,-0.0008236734366445,1.95699999999988,7.01232653061225,1,0.9311822872312049,1
2021-10-20 04:00:00,1774.081,1777.986,1773.287,1776.636,13002.0,200.0,0.0,0.0,0,0,1,bullish,0,none,0,0,0,0,0,1,0,1,0,0,1,1,0,1,6.918142857142844,4,2,0,0,B,0.0045090608092788,4.699000000000069,6.959612244897963,1,0.9512735794765965,1
2021-10-20 08:00:00,1776.638,1781.744,1776.457,1779.546,11591.0,200.0,0.0,0.0,0,0,1,bullish,0,none,0,0,0,0,0,1,0,0,0,0,0,0,0,0,6.959857142857118,8,2,0,0,B,0.0016379269585891,5.286999999999807,6.862790816326532,1,0.9634401064735699,1
2021-10-20 12:00:00,1779.56,1788.368,1774.613,1783.514,26717.0,200.0,0.0,0.0,0,0,1,bullish,0,none,0,0,0,0,0,1,1,1,0,0,2,2,0,2,7.388071428571395,12,2,1,1,B,0.0022297822028762,13.754999999999882,6.748918367346937,1,0.8796985685082332,1
2021-10-20 20:00:00,1785.274,1785.812,1780.76,1781.408,4212.0,200.0,0.0,0.0,0,0,1,bullish,0,none,0,0,0,0,0,1,0,0,0,0,0,0,0,0,6.915785714285692,20,2,1,1,B,-0.0021822613963785,5.051999999999907,6.901642857142849,1,0.8885378585365463,1
2021-10-21 04:00:00,1786.351,1787.537,1780.836,1782.556,15393.0,200.0,0.0,0.0,0,0,1,bullish,0,none,0,0,0,0,0,1,1,1,0,0,2,2,0,2,7.546571428571416,4,3,1,1,B,0.0006444340656379,6.701000000000022,6.991040816326523,1,0.9863365729575164,1
2021-10-21 08:00:00,1782.588,1787.859,1777.471,1778.285,14100.0,200.0,0.0,0.0,0,0,1,bullish,0,none,0,0,0,0,0,1,0,1,0,0,1,1,0,1,7.454357142857118,8,3,1,1,B,-0.0023959976572965,10.38799999999992,7.069622448979581,1,0.8662357543922766,1
2021-10-21 12:00:00,1778.318,1785.991,1776.245,1782.481,28664.0,200.0,0.0,0.0,0,0,1,bullish,0,none,0,0,0,0,0,1,1,1,0,0,2,2,0,2,7.502499999999974,12,3,1,1,B,0.0023595767832489,9.746000000000096,7.137943877551009,1,0.9698750298448569,1
2021-10-21 16:00:00,1782.514,1784.748,1778.357,1783.911,11531.0,200.0,0.0,0.0,0,0,1,bullish,3,hammer,0,0,1,0,0,1,0,0,0,1,0,1,1,1,7.457499999999982,16,3,1,1,A,0.0008022525906308,6.391000000000076,7.212928571428558,1,0.905221278755946,1
2021-10-21 20:00:00,1783.945,1786.094,1781.979,1784.594,3779.0,200.0,0.0,0.0,0,0,1,bullish,0,none,0,0,0,0,0,1,0,0,0,0,0,0,0,0,6.628357142857128,20,3,1,1,B,0.0003828666340417,4.115000000000009,7.154392857142841,1,0.9825270845339487,1
2021-10-22 00:00:00,1784.561,1788.048,1783.51,1787.058,12445.0,200.0,0.0,0.0,0,0,1,bullish,0,none,0,0,0,1,0,1,0,0,0,1,0,1,1,1,6.642285714285712,0,4,1,1,A,0.0013807061998414,4.538000000000011,7.111397959183656,1,0.9455872598878511,1
2021-10-22 08:00:00,1793.079,1794.96,1790.413,1792.337,10893.0,200.0,0.0,0.0,0,0,1,bullish,0,none,0,0,0,1,0,1,0,0,0,1,0,1,1,1,6.869857142857151,8,4,1,1,A,0.0029540171611666,4.5470000000000255,7.0690051020408,1,0.9235813974048285,1
2021-10-22 20:00:00,1794.119,1794.262,1791.931,1792.853,1241.0,300.0,0.0,0.0,0,0,1,bullish,0,none,0,0,0,0,0,1,0,0,0,0,0,0,0,0,8.560285714285717,20,4,1,1,B,0.0002878922881133,2.330999999999904,7.198280612244881,1,0.8196731698498351,1
2021-10-25 00:00:00,1794.347,1799.011,1792.182,1798.394,13262.0,200.0,0.0,0.0,0,0,1,bullish,0,none,0,0,0,0,1,1,1,1,1,0,4,4,0,4,8.509428571428575,0,0,1,1,B,0.0030906047511982,6.828999999999951,7.3281530612244765,1,0.8292911534635119,1
2021-10-25 08:00:00,1798.974,1803.578,1798.385,1801.667,11064.0,200.0,0.0,0.0,0,0,1,bullish,0,none,0,0,0,0,1,0,0,0,1,0,2,2,0,2,8.177357142857138,8,0,1,1,B,0.0018199571395367,5.192999999999984,7.418096938775497,1,0.9592247996829661,1
2021-10-25 16:00:00,1808.032,1808.605,1805.006,1806.704,8001.0,200.0,0.0,0.0,0,0,1,bullish,0,none,0,0,0,0,0,0,0,0,1,0,1,1,0,1,7.661714285714278,16,0,1,1,B,-0.0007461064471009,3.5989999999999327,7.519137755102031,1,0.8404896692341882,1
2021-10-26 04:00:00,1803.147,1806.463,1799.797,1800.338,10197.0,200.0,0.0,0.0,0,0,1,bullish,0,none,0,0,0,0,1,1,0,1,1,0,3,3,0,3,7.572214285714267,4,1,1,1,B,-0.004123261968191,6.66599999999994,7.573193877551013,1,0.8246800074373873,1
2021-10-27 04:00:00,1789.086,1791.575,1785.4,1787.508,12624.0,200.0,0.0,0.0,0,0,1,bullish,0,none,0,0,0,0,0,1,1,1,1,0,4,4,0,4,6.5576428571428425,4,2,1,1,B,-0.003278710463101,6.1749999999999545,7.437678571428564,1,0.9257736489308593,1
2021-10-27 12:00:00,1791.188,1797.929,1784.712,1794.46,33666.0,200.0,0.0,0.0,0,0,1,bullish,0,none,0,0,0,0,0,1,1,1,0,0,3,3,0,3,7.261642857142858,12,2,1,1,B,0.0038892133629611,13.217000000000098,7.423688775510199,1,0.8050820710467859,1
2021-10-27 20:00:00,1798.237,1798.333,1795.987,1796.583,3965.0,200.0,0.0,0.0,0,0,1,bullish,0,none,0,0,0,0,0,1,0,0,0,0,0,0,0,0,6.7612142857142965,20,2,1,1,B,-0.0009375682948434,2.346000000000004,7.477234693877549,1,0.8604512461474046,1
2021-10-28 04:00:00,1798.763,1803.898,1798.477,1801.943,13733.0,200.0,0.0,0.0,0,0,1,bullish,0,none,0,0,0,0,1,1,1,1,0,0,3,3,0,3,7.400571428571425,4,3,1,1,B,0.0029834413439289,5.420999999999822,7.5151428571428545,1,0.9735322440312059,1
2021-10-28 08:00:00,1801.948,1803.503,1795.714,1801.896,14199.0,200.0,0.0,0.0,0,0,1,bullish,0,none,0,0,0,0,1,1,1,1,0,0,3,3,0,3,7.584285714285719,8,3,1,1,B,-2.6082956009143565e-05,7.788999999999987,7.445428571428569,1,0.9919483035908395,1
2021-10-28 16:00:00,1801.004,1803.336,1797.876,1798.174,13515.0,200.0,0.0,0.0,0,0,1,bullish,0,none,0,0,0,0,1,1,0,0,0,0,2,2,0,2,8.48185714285715,16,3,1,1,B,-0.0020656020103269,5.460000000000036,7.443459183673466,1,0.8492559604677927,1
2021-10-29 04:00:00,1796.948,1797.972,1792.975,1795.529,14764.0,200.0,0.0,0.0,0,0,1,bullish,0,none,0,0,0,0,0,1,0,1,0,0,2,2,0,2,7.294071428571426,4,4,1,1,B,-0.0022483086284261,4.997000000000071,7.311377551020405,1,0.7366287133935486,1
2021-11-10 16:00:00,1851.452,1858.614,1841.288,1847.049,27008.0,200.0,0.0,0.0,0,0,1,bullish,0,none,0,0,0,0,0,0,1,1,0,0,2,2,0,2,10.044071428571426,16,2,1,1,B,0.0125710069195084,17.326000000000022,8.0089081632653,1,0.9624080175308828,1
2021-11-10 20:00:00,1847.015,1852.739,1845.301,1848.511,7391.0,200.0,0.0,0.0,0,0,1,bullish,0,none,0,0,0,0,1,0,0,0,0,0,1,1,0,1,9.844500000000007,20,2,1,1,B,0.0007915328721652,7.438000000000102,8.0714081632653,1,0.8000500346482349,1
2021-11-11 00:00:00,1848.493,1853.608,1842.86,1849.928,14263.0,200.0,0.0,0.0,0,0,1,bullish,0,none,0,0,0,0,1,0,0,1,0,0,2,2,0,2,10.1127142857143,0,3,1,1,B,0.0007665629255115,10.748000000000047,8.143729591836731,1,0.9805866845404833,1
2021-11-11 04:00:00,1849.936,1857.094,1847.039,1856.896,13691.0,200.0,0.0,0.0,0,0,1,bullish,0,none,0,0,0,0,0,0,0,1,0,0,1,1,0,1,10.643357142857164,4,3,1,1,B,0.0037666330797738,10.055000000000064,8.309801020408164,1,0.9827010702268937,1
2021-11-11 08:00:00,1856.93,1865.524,1855.172,1863.78,13244.0,200.0,0.0,0.0,0,0,1,bullish,0,none,0,0,0,0,0,0,0,0,0,0,0,0,0,0,11.009285714285722,8,3,1,1,B,0.0037072620114426,10.351999999999862,8.490673469387758,1,0.9947940135476266,1
2021-11-11 12:00:00,1863.793,1865.739,1854.687,1861.604,25835.0,200.0,0.0,0.0,0,0,1,bullish,0,none,0,0,0,0,0,0,1,1,0,0,2,2,0,2,11.228714285714302,12,3,1,1,B,-0.0011675197716468,11.052000000000136,8.681239795918373,1,0.9639080838682941,1
2021-11-11 16:00:00,1861.634,1863.675,1859.703,1862.035,10157.0,200.0,0.0,0.0,0,0,1,bullish,5,doji,0,0,1,0,0,0,0,0,0,1,0,1,1,1,10.908071428571445,16,3,1,1,A,0.0002315207745577,3.97199999999998,8.914306122448988,1,0.6971898960049334,1
2021-11-12 00:00:00,1862.285,1862.317,1855.073,1855.128,11361.0,200.0,0.0,0.0,0,0,1,bullish,0,none,0,0,0,0,0,0,0,0,0,0,0,0,0,0,10.275928571428576,0,4,1,1,B,-0.0038436631108219,7.243999999999914,9.29112755102042,1,0.990983249407167,1
2021-11-12 04:00:00,1855.13,1859.979,1855.123,1856.396,11035.0,200.0,0.0,0.0,0,0,1,bullish,4,inverted_hammer,0,0,1,0,0,0,0,0,0,1,0,1,1,1,10.33364285714286,4,4,1,1,A,0.0006835107873959,4.8559999999999945,9.46753061224491,1,0.9132075247307455,1
2021-11-12 16:00:00,1860.783,1868.574,1859.749,1863.699,15067.0,200.0,0.0,0.0,0,0,1,bullish,0,none,0,0,0,0,0,0,0,1,0,0,2,2,0,2,12.143571428571445,16,4,1,1,B,0.0039339666752138,8.825000000000045,9.750443877551032,1,0.9402845387362947,1
2021-11-12 20:00:00,1863.731,1866.158,1862.509,1864.361,4018.0,200.0,0.0,0.0,0,0,1,bullish,0,none,0,0,0,0,0,0,0,0,0,0,1,1,0,1,9.110142857142868,20,4,1,1,B,0.0003552075737551,3.6489999999998872,9.945964285714297,1,0.9296441265239269,1
2021-11-15 00:00:00,1865.49,1866.011,1856.426,1856.859,14708.0,200.0,0.0,0.0,0,0,1,bullish,0,none,0,0,0,0,0,0,0,1,0,0,2,2,0,2,8.270357142857133,0,0,1,1,B,-0.00461919638741,9.585000000000036,10.16854081632654,1,0.8563036118756452,1
2021-11-15 04:00:00,1856.871,1862.209,1856.308,1860.87,10799.0,200.0,0.0,0.0,0,0,1,bullish,0,none,0,0,0,0,0,0,0,0,0,0,1,1,0,1,7.924142857142848,4,0,1,1,B,0.0021600993936534,5.901000000000067,10.01711734693878,1,0.714023894342671,1
2021-11-15 08:00:00,1860.901,1864.811,1858.319,1864.456,10998.0,200.0,0.0,0.0,0,0,1,bullish,0,none,0,0,0,0,0,0,0,1,0,0,2,2,0,2,7.669642857142841,8,0,1,1,B,0.0019270556245196,6.491999999999962,9.86177040816327,1,0.9031923865392928,1
2021-11-15 12:00:00,1864.423,1870.267,1858.094,1861.997,23948.0,200.0,0.0,0.0,0,0,1,bullish,0,none,0,0,0,0,0,0,1,1,0,0,3,3,0,3,7.79971428571428,12,0,1,1,B,-0.0013188833632973,12.173000000000002,9.696556122448984,1,0.9651237883265454,1
2021-11-15 20:00:00,1867.104,1867.236,1861.883,1862.387,5674.0,200.0,0.0,0.0,0,0,1,bullish,0,none,0,0,0,0,0,0,0,0,0,0,0,0,0,0,7.67185714285714,20,0,1,1,B,0.0002094525393971,5.3530000000000655,9.484306122448984,1,0.8477509735773265,1
2021-11-16 20:00:00,1851.55,1851.55,1849.644,1850.311,6513.0,200.0,0.0,0.0,0,0,1,bullish,0,none,0,0,0,0,1,0,0,0,0,0,2,2,0,2,8.014642857142851,20,1,1,1,B,-0.0006529770134808,1.905999999999949,8.698285714285712,1,0.6164101894795145,1
2021-11-17 04:00:00,1853.664,1857.313,1851.991,1856.158,10854.0,200.0,0.0,0.0,0,0,1,bullish,0,none,0,0,0,0,0,0,0,0,0,0,1,1,0,1,8.35557142857145,4,2,1,1,B,0.0031600093173524,5.322000000000116,8.561117346938774,1,0.9531834445806301,1
2021-11-17 08:00:00,1856.164,1862.812,1855.808,1861.671,12910.0,200.0,0.0,0.0,0,0,1,bullish,0,none,0,0,0,0,0,0,0,0,0,0,1,1,0,1,8.171214285714298,8,2,1,1,B,0.0029701135355935,7.003999999999905,8.406658163265305,1,0.8375245995047661,1
2021-11-17 12:00:00,1861.639,1868.063,1859.979,1862.854,21878.0,200.0,0.0,0.0,0,0,1,bullish,0,none,0,0,0,0,0,0,1,1,0,0,3,3,0,3,8.327142857142869,12,2,1,1,B,0.0006354506247343,8.08400000000006,8.134056122448978,1,0.7329333373933844,1
2021-11-18 20:00:00,1858.82,1861.01,1856.724,1859.578,5218.0,200.0,0.0,0.0,0,0,1,bullish,0,none,0,0,0,0,0,0,0,0,0,0,1,1,0,1,6.873857142857203,20,3,1,1,B,-0.0002559065489496,4.286000000000058,7.96538775510205,1,0.9119466287051199,1
2021-11-19 04:00:00,1863.056,1863.72,1855.846,1857.476,9937.0,200.0,0.0,0.0,0,0,1,bullish,0,none,0,0,0,0,0,0,0,0,0,0,1,1,0,1,6.815071428571498,4,4,1,1,B,-0.0030025710252431,7.874000000000024,7.794678571428592,1,0.874045997735843,1
2021-11-21 20:00:00,1842.207,1847.169,1841.485,1844.89,3838.0,200.0,0.0,0.0,0,0,1,bullish,0,none,0,0,0,0,0,1,0,0,0,0,1,1,0,1,8.422785714285785,20,6,1,1,B,-0.0007074005143548,5.6840000000001965,7.89755612244902,1,0.7812952117540481,1
2021-11-22 20:00:00,1803.649,1809.749,1802.912,1808.997,8517.0,200.0,0.0,0.0,0,0,1,bullish,0,none,0,0,0,0,0,1,0,0,0,0,0,0,0,0,11.00014285714287,20,0,1,1,B,-0.0051830653170715,6.836999999999989,8.282010204081683,1,0.9644036417020119,1
2021-11-23 16:00:00,1786.302,1790.304,1781.914,1788.121,18181.0,200.0,0.0,0.0,0,0,1,bullish,0,none,0,0,0,0,0,0,1,1,0,0,2,2,0,2,11.446142857142847,16,1,1,1,B,-0.0111804257940573,8.3900000000001,8.745678571428618,1,0.8091737152970501,1
2021-11-23 20:00:00,1788.091,1791.86,1787.616,1790.875,8156.0,200.0,0.0,0.0,0,0,1,bullish,0,none,0,0,0,0,0,0,0,0,0,0,0,0,0,0,10.472499999999984,20,1,1,1,B,0.0015401642282597,4.2439999999999145,8.88537755102045,1,0.9146666979237136,1
2021-11-24 00:00:00,1790.91,1796.049,1788.97,1793.649,12315.0,200.0,0.0,0.0,0,0,1,bullish,0,none,0,0,0,0,0,0,0,0,0,0,0,0,0,0,10.672142857142846,0,2,1,1,B,0.0015489634954979,7.078999999999951,9.156683673469423,1,0.8994381881329427,1
2021-12-08 12:00:00,1786.636,1787.009,1779.53,1782.426,24378.0,200.0,0.0,0.0,0,0,1,bullish,0,none,0,0,0,0,0,0,1,1,0,0,3,3,0,3,6.554357142857157,12,2,0,0,B,-0.0013525021850697,7.479000000000042,7.803515306122443,1,0.9738286697208862,1
2021-12-08 16:00:00,1782.456,1786.295,1781.09,1785.603,12212.0,200.0,0.0,0.0,0,0,1,bullish,0,none,0,0,0,0,0,0,0,1,0,0,2,2,0,2,6.554071428571449,16,2,0,0,B,0.0017824021866827,5.205000000000155,7.567122448979588,1,0.850669097724007,1
2021-12-08 20:00:00,1785.628,1786.786,1782.291,1783.494,5757.0,200.0,0.0,0.0,0,0,1,bullish,0,none,0,0,0,0,0,0,0,0,0,0,1,1,0,1,6.405214285714318,20,2,0,0,B,-0.0011811136070001,4.495000000000118,7.32705612244898,1,0.979141824035232,1
2021-12-09 00:00:00,1783.474,1785.405,1782.091,1784.467,9387.0,200.0,0.0,0.0,0,0,1,bullish,0,none,0,0,0,0,0,0,0,0,0,0,1,1,0,1,6.120428571428614,0,3,0,0,B,0.0005455583253994,3.314000000000078,7.137897959183677,1,0.9707004920619421,1
2021-12-09 16:00:00,1779.527,1780.826,1773.417,1776.055,13741.0,200.0,0.0,0.0,0,0,1,bullish,0,none,0,0,0,0,0,0,1,1,0,0,3,3,0,3,6.581357142857184,16,3,0,0,B,-0.0056629548139315,7.4090000000001055,6.793076530612255,1,0.9336266380351107,1
2021-12-10 00:00:00,1776.329,1779.606,1775.548,1778.479,8388.0,200.0,0.0,0.0,0,0,1,bullish,0,none,0,0,0,0,0,0,0,0,0,0,1,1,0,1,5.674500000000047,0,4,0,0,B,0.0013648225983993,4.057999999999993,6.638107142857158,1,0.9843489498817026,1
2021-12-17 20:00:00,1801.553,1801.613,1795.794,1798.064,5266.0,200.0,0.0,0.0,0,0,1,bullish,0,none,0,0,0,0,1,1,0,0,0,0,2,2,0,2,8.028785714285684,20,4,0,0,B,-0.001930568368653,5.81899999999996,6.593158163265298,1,0.8965373737779138,1
2021-12-19 20:00:00,1800.61,1801.676,1799.386,1800.067,2260.0,200.0,0.0,0.0,0,0,1,bullish,0,none,0,0,0,0,1,1,0,0,0,0,2,2,0,2,7.031071428571392,20,6,0,0,B,0.0011139759207681,2.289999999999964,6.681071428571417,1,0.9504263325112811,1
2021-12-20 08:00:00,1798.151,1802.283,1794.682,1795.461,12021.0,200.0,0.0,0.0,0,0,1,bullish,0,none,0,0,0,0,0,1,0,1,0,0,2,2,0,2,6.337999999999965,8,0,0,0,B,-0.0025587936449031,7.600999999999885,6.7128775510203935,1,0.9717928217071752,1
2021-12-20 12:00:00,1795.442,1799.917,1791.64,1793.641,20326.0,200.0,0.0,0.0,0,0,1,bullish,0,none,0,0,0,0,0,1,1,1,0,0,3,3,0,3,6.65921428571424,12,0,0,0,B,-0.0010136672420063,8.276999999999816,6.8088724489795736,1,0.9622500094712041,1
2021-12-20 16:00:00,1793.605,1796.003,1790.348,1790.381,12686.0,200.0,0.0,0.0,0,0,1,bullish,0,none,0,0,0,0,0,1,0,1,0,0,2,2,0,2,5.925642857142813,16,0,0,0,B,-0.0018175320479404,5.654999999999973,6.839158163265288,1,0.8227949254053676,1
2021-12-21 00:00:00,1791.622,1792.483,1789.224,1791.851,10120.0,200.0,0.0,0.0,0,0,1,bullish,0,none,0,0,0,0,0,1,0,0,0,0,0,0,0,0,5.932071428571395,0,1,0,0,B,0.0008210542895619,3.2590000000000146,6.872821428571411,1,0.9595804208554843,1
2021-12-21 04:00:00,1791.821,1793.932,1788.702,1793.173,9749.0,200.0,0.0,0.0,0,0,1,bullish,3,hammer,0,0,1,0,0,1,0,0,0,1,0,1,1,1,5.802571428571404,4,1,0,0,A,0.0007377845590954,5.230000000000018,6.909586734693861,1,0.8616384337715385,1
2021-12-21 16:00:00,1785.955,1789.191,1785.234,1788.133,11881.0,200.0,0.0,0.0,0,0,1,bullish,0,none,0,0,0,0,0,1,1,1,0,0,3,3,0,3,6.060071428571421,16,1,0,0,B,-0.0053776808445428,3.9570000000001073,6.84026530612243,1,0.9447756874289961,1
2021-12-22 00:00:00,1790.47,1791.159,1788.298,1789.145,8368.0,200.0,0.0,0.0,0,0,1,bullish,0,none,0,0,0,0,0,1,0,0,0,0,1,1,0,1,5.587357142857139,0,2,0,0,B,-0.0007377967523538,2.861000000000104,6.57730612244896,1,0.908962814804932,1
2021-12-22 12:00:00,1790.985,1795.817,1788.862,1795.713,16433.0,200.0,0.0,0.0,0,0,1,bullish,0,none,0,0,0,0,0,1,1,1,0,0,3,3,0,3,5.763071428571412,12,2,0,0,B,0.0036710272225002,6.954999999999927,6.448668367346916,1,0.9519074625106565,1
2021-12-22 16:00:00,1795.69,1803.83,1795.69,1803.611,12618.0,200.0,0.0,0.0,0,0,1,bullish,0,none,0,0,0,0,0,1,1,1,0,0,3,3,0,3,5.801571428571411,16,2,0,0,B,0.0043982529502208,8.139999999999873,6.336448979591812,1,0.9064837373196942,1
2021-12-22 20:00:00,1803.621,1804.962,1803.073,1803.662,5223.0,200.0,0.0,0.0,0,0,1,bullish,5,doji,0,0,1,0,0,1,0,0,0,1,0,1,1,1,5.345285714285702,20,2,0,0,A,2.8276607317190283e-05,1.8889999999998963,6.1251326530612005,1,0.7112529030126596,1
2021-12-23 00:00:00,1803.66,1808.404,1803.102,1805.576,8933.0,200.0,0.0,0.0,0,0,1,bullish,0,none,0,0,0,0,0,1,0,1,0,0,1,1,0,1,5.320071428571412,0,3,0,0,B,0.0010611744329036,5.301999999999907,5.931653061224467,1,0.8654103166927728,1
2021-12-26 20:00:00,1806.207,1808.526,1805.977,1807.259,1459.0,200.0,0.0,0.0,0,0,1,bullish,0,none,0,0,0,0,0,1,0,0,0,0,0,0,0,0,4.644999999999949,20,6,0,0,B,-0.0006591276180554,2.548999999999978,5.647474489795894,1,0.849755872537114,1
2021-12-27 08:00:00,1808.702,1809.315,1804.712,1806.321,7710.0,200.0,0.0,0.0,0,0,1,bullish,0,none,0,0,0,0,0,1,0,1,0,0,1,1,0,1,4.947857142857093,8,0,1,1,B,-0.001332978019961,4.6030000000000655,5.44811734693875,1,0.7520158162998956,1
2021-12-27 16:00:00,1812.754,1812.993,1806.666,1809.21,10831.0,200.0,0.0,0.0,0,0,1,bullish,0,none,0,0,0,0,0,1,1,1,0,0,2,2,0,2,5.256071428571382,16,0,1,1,B,0.0015993834982819,6.326999999999998,5.399831632653034,1,0.9220524738704198,1
2021-12-28 00:00:00,1812.36,1812.624,1808.478,1809.928,6798.0,200.0,0.0,0.0,0,0,1,bullish,0,none,0,0,0,0,0,1,0,0,0,0,0,0,0,0,5.1165714285714,0,1,1,1,B,-0.0013352843935049,4.145999999999958,5.299178571428543,1,0.9254308560122712,1
2021-12-29 08:00:00,1804.335,1805.28,1794.025,1796.965,11972.0,200.0,0.0,0.0,0,0,1,bullish,0,none,0,0,0,0,0,1,1,1,0,0,2,2,0,2,5.856928571428528,8,2,1,1,B,-0.0040912307887562,11.254999999999882,5.177438775510169,1,0.7374471335055408,1
2021-12-30 04:00:00,1801.485,1801.825,1796.118,1798.175,8590.0,200.0,0.0,0.0,0,0,1,bullish,0,none,0,0,0,0,1,1,0,0,0,0,2,2,0,2,5.989785714285696,4,3,1,1,B,-0.0018545491685891,5.707000000000107,5.493591836734661,1,0.9090058519137133,1
2021-12-30 12:00:00,1802.564,1808.584,1798.75,1807.129,18986.0,200.0,0.0,0.0,0,0,1,bullish,0,none,0,0,0,0,0,1,1,1,0,0,3,3,0,3,6.308785714285705,12,3,1,1,B,0.0049794930971678,9.83400000000006,5.598076530612216,1,0.9397011976924865,1
2021-12-30 16:00:00,1807.137,1815.291,1806.799,1815.122,11727.0,200.0,0.0,0.0,0,0,1,bullish,0,none,0,0,0,0,0,1,1,1,0,0,3,3,0,3,6.576857142857144,16,3,1,1,B,0.0044230378683536,8.491999999999962,5.714433673469363,1,0.7637432363189683,1
2021-12-30 20:00:00,1815.1,1817.117,1814.465,1815.703,4871.0,200.0,0.0,0.0,0,0,1,bullish,0,none,0,0,0,0,0,1,0,0,0,0,1,1,0,1,6.028714285714289,20,3,1,1,B,0.0003200886772347,2.652000000000044,5.76962244897957,1,0.9534048852170175,1
2021-12-31 00:00:00,1815.704,1818.998,1814.704,1817.078,9099.0,200.0,0.0,0.0,0,0,1,bullish,0,none,0,0,0,0,0,1,0,1,0,0,2,2,0,2,5.817928571428589,0,4,1,1,B,0.000757282441016,4.294000000000096,5.831234693877533,1,0.9034642530019185,1
2021-12-31 04:00:00,1817.09,1820.152,1816.64,1816.705,7146.0,200.0,0.0,0.0,0,0,1,bullish,0,none,0,0,0,0,0,1,0,0,0,0,1,1,0,1,5.912642857142861,4,4,1,1,B,-0.0002052746222231,3.511999999999944,5.888096938775495,1,0.9379006831216108,1
2022-01-03 04:00:00,1825.689,1825.952,1820.876,1824.156,7225.0,200.0,0.0,0.0,0,0,1,bullish,0,none,0,0,0,0,0,1,0,0,0,0,1,1,0,1,5.847142857142883,4,0,1,1,B,-0.000837493872163,5.076000000000022,5.938025510204072,1,0.797509819465369,1
2022-01-03 12:00:00,1822.849,1823.183,1799.762,1801.848,30498.0,200.0,0.0,0.0,0,0,1,bullish,0,none,0,0,0,0,1,1,1,1,0,0,4,4,0,4,7.235857142857169,12,0,1,1,B,-0.0115128420909419,23.42100000000005,6.117744897959183,1,0.9294616026831919,1
2022-01-04 04:00:00,1804.182,1807.354,1803.133,1805.709,9794.0,200.0,0.0,0.0,0,0,1,bullish,0,none,0,0,0,0,0,1,0,0,0,0,1,1,0,1,6.547214285714306,4,1,1,1,B,0.0021428000586065,4.221000000000004,6.167051020408167,1,0.6713929554494051,1
2022-01-04 20:00:00,1814.502,1815.365,1813.032,1813.873,4522.0,200.0,0.0,0.0,0,0,1,bullish,0,none,0,0,0,0,0,1,0,0,0,0,1,1,0,1,7.207071428571469,20,1,1,1,B,0.0045212157662171,2.333000000000084,6.208484693877559,1,0.8781607108435756,1
2022-01-05 00:00:00,1813.885,1816.448,1812.714,1815.403,8344.0,200.0,0.0,0.0,0,0,1,bullish,0,none,0,0,0,0,0,1,0,0,0,0,1,1,0,1,6.963928571428629,0,2,1,1,B,0.0008434989660246,3.734000000000151,6.277163265306137,1,0.9041376486825613,1
2022-01-05 20:00:00,1812.901,1814.181,1808.259,1810.244,8732.0,200.0,0.0,0.0,0,0,1,bullish,0,none,0,0,0,0,0,1,0,1,0,0,2,2,0,2,6.9487142857143125,20,2,1,1,B,-0.0017563411636188,5.9220000000000255,6.426270408163289,1,0.7937888405847023,1
2022-01-06 08:00:00,1800.903,1806.892,1793.554,1797.385,18501.0,200.0,0.0,0.0,0,0,1,bullish,0,none,0,0,0,0,0,1,1,1,0,0,3,3,0,3,7.971785714285732,8,3,1,1,B,-0.0053033589969496,13.337999999999964,6.573193877551047,1,0.9434585783002364,1
2022-01-06 20:00:00,1787.945,1791.605,1787.381,1791.365,5887.0,200.0,0.0,0.0,0,0,1,bullish,1,bullish_engulfing,0,0,1,0,0,1,0,0,0,1,0,1,1,1,7.67314285714284,20,3,1,1,A,0.0004216440207527,4.223999999999933,6.892142857142884,1,0.9899948342329795,1
2022-01-07 04:00:00,1792.777,1792.921,1787.996,1789.785,8622.0,200.0,0.0,0.0,0,0,1,bullish,2,bearish_engulfing,0,0,1,0,0,1,0,0,0,1,0,1,1,1,7.819857142857115,4,4,1,1,A,-0.0016678054970645,4.9249999999999545,7.172928571428591,1,0.9194820416884443,1
2022-01-07 08:00:00,1789.816,1793.888,1787.732,1793.309,10808.0,200.0,0.0,0.0,0,0,1,bullish,0,none,0,0,0,0,0,1,0,1,0,0,1,1,0,1,7.9928571428571,8,4,1,1,B,0.0019689515779828,6.155999999999949,7.326193877551035,1,0.801494345791059,1
2022-01-20 20:00:00,1840.048,1840.431,1837.203,1838.889,8251.0,200.0,0.0,0.0,0,0,1,bullish,0,none,0,0,0,0,0,1,0,0,0,0,1,1,0,1,7.152571428571426,20,3,1,1,B,-0.0006477975697809,3.228000000000065,6.308045918367381,1,0.9502371149915138,1
2022-01-23 20:00:00,1833.144,1837.088,1833.123,1834.669,2717.0,200.0,0.0,0.0,0,0,1,bullish,0,none,0,0,0,0,0,1,0,0,0,0,1,1,0,1,6.670785714285687,20,6,1,1,B,-0.0033073349714275,3.964999999999918,6.406285714285745,1,0.9818920927968738,1
2022-01-24 00:00:00,1834.699,1837.382,1832.484,1836.502,10095.0,200.0,0.0,0.0,0,0,1,bullish,0,none,0,0,0,0,0,1,0,0,0,0,1,1,0,1,6.660642857142842,0,0,1,1,B,0.0009990902991219,4.898000000000138,6.438658163265335,1,0.9871654287997859,1
2022-01-24 04:00:00,1836.499,1839.596,1836.179,1837.951,9570.0,200.0,0.0,0.0,0,0,1,bullish,0,none,0,0,0,0,0,1,0,0,0,0,1,1,0,1,6.476571428571414,4,0,1,1,B,0.0007889999575279,3.4169999999999163,6.464209183673495,1,0.9527865497865208,1
2022-01-24 08:00:00,1837.92,1844.01,1837.068,1838.151,14791.0,200.0,0.0,0.0,0,0,1,bullish,0,none,0,0,0,0,0,1,1,1,0,0,3,3,0,3,6.766999999999988,8,0,1,1,B,0.0001088168291756,6.942000000000007,6.533928571428592,1,0.8382994190807687,1
2022-01-24 12:00:00,1838.136,1842.971,1829.487,1834.421,29415.0,200.0,0.0,0.0,0,0,1,bullish,0,none,0,0,0,0,0,1,1,1,0,0,3,3,0,3,7.336214285714277,12,0,1,1,B,-0.0020292130515937,13.483999999999924,6.737836734693894,1,0.812304236080921,1
2022-01-25 00:00:00,1843.527,1843.569,1839.423,1842.19,10381.0,200.0,0.0,0.0,0,0,1,bullish,0,none,0,0,0,0,0,1,0,1,0,0,2,2,0,2,7.139642857142852,0,1,1,1,B,-0.000721987978439,4.145999999999958,6.988867346938783,1,0.8172883465944739,1
2022-01-25 04:00:00,1842.189,1843.26,1840.304,1840.742,9807.0,200.0,0.0,0.0,0,0,1,bullish,0,none,0,0,0,0,0,1,0,0,0,0,1,1,0,1,6.9459999999999935,4,1,1,1,B,-0.0007860209858918,2.955999999999904,7.092540816326531,1,0.8563155899149852,1
2022-01-25 08:00:00,1840.713,1842.976,1834.517,1837.609,13815.0,200.0,0.0,0.0,0,0,1,bullish,0,none,0,0,0,0,0,1,1,1,0,0,3,3,0,3,7.108571428571428,8,1,1,1,B,-0.0017020310287916,8.45900000000006,7.086295918367343,1,0.9113676631321539,1
2022-01-26 00:00:00,1849.505,1849.51,1846.504,1846.991,8020.0,200.0,0.0,0.0,0,0,1,bullish,0,none,0,0,0,0,0,0,0,0,0,0,1,1,0,1,6.93892857142857,0,2,1,1,B,-0.0013706214457109,3.006000000000085,7.01995918367346,1,0.9289931796583625,1
2022-01-26 04:00:00,1847.007,1848.645,1843.685,1843.903,7927.0,200.0,0.0,0.0,0,0,1,bullish,0,none,0,0,0,0,0,1,0,0,0,0,1,1,0,1,7.010000000000007,4,2,1,1,B,-0.001671908525813,4.960000000000036,6.952632653061216,1,0.8347577378334621,1
2022-01-27 20:00:00,1792.922,1798.257,1792.14,1797.205,8652.0,200.0,0.0,0.0,0,0,1,bullish,7,morning_star,0,0,1,0,0,1,0,0,0,1,0,1,1,1,9.044214285714329,20,3,1,1,A,-0.0122197074041545,6.116999999999962,7.324168367346938,1,0.9434022544715781,1
2022-02-15 08:00:00,1875.646,1877.137,1849.747,1852.446,25278.0,200.0,0.0,0.0,0,0,1,bullish,0,none,0,0,0,0,0,1,1,1,0,0,3,3,0,3,11.145785714285742,8,1,1,1,B,-0.0132954655010874,27.38999999999988,7.940122448979595,1,0.9572789028528405,1
2022-02-15 16:00:00,1847.882,1856.443,1846.285,1854.358,14547.0,200.0,0.0,0.0,0,0,1,bullish,0,none,0,0,0,0,0,1,0,1,0,0,2,2,0,2,11.74364285714286,16,1,1,1,B,0.0010321488453644,10.157999999999902,8.379734693877555,1,0.951582744451942,1
2022-02-16 00:00:00,1852.951,1853.144,1850.275,1852.676,9719.0,200.0,0.0,0.0,0,0,1,bullish,0,none,0,0,0,0,0,1,0,0,0,0,1,1,0,1,9.621642857142856,0,2,1,1,B,-0.0001554266569668,2.8689999999999145,8.957811224489806,1,0.944986385601948,1
2022-02-16 12:00:00,1856.368,1864.625,1851.302,1862.667,22856.0,200.0,0.0,0.0,0,0,1,bullish,0,none,0,0,0,0,0,0,1,1,0,0,3,3,0,3,9.98457142857142,12,2,1,1,B,0.0053927400149837,13.323000000000093,9.250142857142864,1,0.9808662472930278,1
2022-02-16 16:00:00,1862.636,1872.221,1861.418,1870.382,22115.0,200.0,0.0,0.0,0,0,1,bullish,0,none,0,0,0,0,0,0,1,1,0,0,3,3,0,3,10.305500000000004,16,2,1,1,B,0.0041419104971527,10.803000000000113,9.520704081632664,1,0.9065572054005552,1
2022-02-17 08:00:00,1876.062,1892.973,1875.31,1883.598,24717.0,200.0,0.0,0.0,0,0,1,bullish,0,none,0,0,0,0,0,0,1,1,0,0,3,3,0,3,9.530714285714271,8,3,1,1,B,0.0070659362632874,17.66300000000001,9.599198979591849,1,0.9920809209191843,1
2022-02-18 00:00:00,1899.977,1902.395,1888.323,1891.021,14530.0,200.0,0.0,0.0,0,0,1,bullish,2,bearish_engulfing,0,0,1,0,0,0,0,0,0,1,0,1,1,1,8.434571428571433,0,4,1,1,A,0.0039408621160141,14.071999999999887,9.600173469387768,1,0.9713288019149119,1
2022-02-18 04:00:00,1891.031,1893.355,1889.518,1891.618,11835.0,200.0,0.0,0.0,0,0,1,bullish,0,none,0,0,0,0,0,0,0,0,0,0,0,0,0,0,8.370857142857144,4,4,1,1,B,0.000315702469724,3.836999999999989,9.603525510204094,1,0.9942215934827058,1
2022-02-18 12:00:00,1891.197,1899.974,1889.375,1891.844,26293.0,200.0,0.0,0.0,0,0,1,bullish,0,none,0,0,0,0,0,0,1,1,0,0,2,2,0,2,9.276785714285714,12,4,1,1,B,0.0001194744393424,10.598999999999933,9.644602040816338,1,0.9809069770128901,1
2022-02-18 16:00:00,1891.833,1897.879,1891.207,1895.491,16388.0,200.0,0.0,0.0,0,0,1,bullish,0,none,0,0,0,0,0,0,0,1,0,0,1,1,0,1,9.352999999999984,16,4,1,1,B,0.0019277487995839,6.671999999999798,9.683852040816337,1,0.9213075442628049,1
2022-02-18 20:00:00,1895.459,1899.425,1893.563,1897.807,5782.0,200.0,0.0,0.0,0,0,1,bullish,0,none,0,0,0,0,0,0,0,0,0,0,0,0,0,0,8.820071428571396,20,4,1,1,B,0.0012218470042855,5.861999999999853,9.666010204081635,1,0.9931193236155529,1
2022-02-21 04:00:00,1896.788,1897.002,1887.562,1891.655,13816.0,200.0,0.0,0.0,0,0,1,bullish,0,none,0,0,0,0,0,0,0,0,0,0,0,0,0,0,9.67535714285709,4,0,1,1,B,-0.0069338319868673,9.440000000000056,9.63582142857142,1,0.9932456723772853,1
2022-02-21 08:00:00,1891.689,1898.628,1891.289,1894.581,13886.0,200.0,0.0,0.0,0,0,1,bullish,0,none,0,0,0,0,0,0,0,1,0,0,1,1,0,1,9.707928571428528,8,0,1,1,B,0.0015467936806659,7.338999999999942,9.53311734693876,1,0.9771663172883019,1
2022-02-21 12:00:00,1894.587,1897.507,1892.349,1895.344,18372.0,200.0,0.0,0.0,0,0,1,bullish,0,none,0,0,0,0,0,0,1,1,0,0,2,2,0,2,8.814714285714249,12,0,1,1,B,0.000402727568787,5.158000000000129,9.323908163265289,1,0.9880874868596123,1
2022-02-21 16:00:00,1895.322,1905.11,1895.322,1903.362,7120.0,200.0,0.0,0.0,0,0,1,bullish,0,none,0,0,0,0,0,0,0,0,0,0,0,0,0,0,8.464857142857097,16,0,1,1,B,0.0042303666247394,9.788000000000013,9.215943877551,1,0.9340897880735773,1
2022-02-22 00:00:00,1909.376,1913.754,1905.196,1908.418,13243.0,338.0,0.0,0.0,0,0,1,bullish,5,doji,0,0,1,0,0,0,0,0,0,1,0,1,1,1,9.06457142857138,0,1,1,1,A,0.0026563522861124,8.557999999999993,9.176153061224468,1,0.90020207445423,1
2022-02-22 04:00:00,1908.423,1913.224,1907.138,1908.568,11648.0,338.0,0.0,0.0,0,0,1,bullish,5,doji,0,0,1,0,0,0,0,0,0,1,0,1,1,1,8.494142857142817,4,1,1,1,A,7.859913289443021e-05,6.086000000000013,9.069693877550993,1,0.9425660874064845,1
2022-02-22 08:00:00,1908.551,1911.69,1891.161,1893.764,21706.0,200.0,0.0,0.0,0,0,1,bullish,0,none,0,0,0,0,0,0,1,1,1,0,3,3,0,3,9.686428571428532,8,1,1,1,B,-0.0077566007603606,20.529,9.025474489795888,1,0.9729416005683041,1
2022-02-22 20:00:00,1901.51,1901.61,1897.596,1898.158,7646.0,200.0,0.0,0.0,0,0,1,bullish,0,none,0,0,0,0,1,0,0,0,1,0,2,2,0,2,9.64421428571427,20,1,1,1,B,-0.001778558431587,4.013999999999896,9.133545918367316,1,0.9443692255486077,1
2022-02-23 00:00:00,1898.156,1901.257,1897.816,1899.736,8655.0,200.0,0.0,0.0,0,0,1,bullish,0,none,0,0,0,0,1,0,0,0,1,0,2,2,0,2,9.471285714285711,0,2,1,1,B,0.0008313322705486,3.441000000000031,9.21214795918364,1,0.9964072450807675,1
2022-03-02 12:00:00,1929.242,1935.584,1922.238,1926.912,41947.0,200.0,0.0,0.0,0,0,1,bullish,0,none,0,0,0,0,0,0,1,1,0,0,2,2,0,2,14.76614285714288,12,2,1,1,B,-0.0045795564261792,13.346000000000004,20.04093367346941,1,0.8904088616786212,1
2022-03-02 16:00:00,1926.941,1928.531,1914.908,1927.846,28993.0,200.0,0.0,0.0,0,0,1,bullish,0,none,0,0,0,0,0,0,1,1,0,0,2,2,0,2,14.735357142857165,16,2,1,1,B,0.0004847133652186,13.623000000000047,19.656204081632687,1,0.8469694743739179,1
2022-03-02 20:00:00,1927.876,1933.286,1924.627,1928.805,11074.0,200.0,0.0,0.0,0,0,1,bullish,5,doji,0,0,1,0,0,0,0,0,0,1,0,1,1,1,14.374357142857177,20,2,1,1,A,0.0004974463727911,8.659000000000106,19.112510204081666,1,0.8581846532222851,1
2022-03-03 00:00:00,1928.837,1930.783,1926.162,1927.406,13600.0,200.0,0.0,0.0,0,0,1,bullish,2,bearish_engulfing,0,0,1,0,0,0,0,0,0,1,0,1,1,1,13.453214285714305,0,3,1,1,A,-0.0007253195631492,4.620999999999867,18.412698979591863,1,0.9844552610618303,1
2022-03-03 04:00:00,1927.401,1932.313,1921.974,1932.067,16022.0,200.0,0.0,0.0,0,0,1,bullish,1,bullish_engulfing,0,0,1,0,0,0,0,0,0,1,0,1,1,1,13.566928571428596,4,3,1,1,A,0.0024182761701478,10.33900000000017,17.723408163265333,1,0.9760102740646959,1
2022-03-03 12:00:00,1932.393,1937.034,1924.367,1926.257,36005.0,200.0,0.0,0.0,0,0,1,bullish,0,none,0,0,0,0,0,1,1,1,0,0,2,2,0,2,14.79650000000002,12,3,1,1,B,-0.0030071420918632,12.667000000000144,17.166647959183702,1,0.9144642633792254,1
2022-03-03 20:00:00,1935.225,1941.243,1934.837,1934.87,9653.0,200.0,0.0,0.0,0,0,1,bullish,0,none,0,0,0,0,0,0,0,0,0,0,0,0,0,0,13.44842857142859,20,3,1,1,B,0.0044713659703765,6.405999999999949,16.303591836734718,1,0.993889886135194,1
2022-03-04 00:00:00,1934.879,1950.892,1929.388,1939.554,34522.0,200.0,0.0,0.0,0,0,1,bullish,0,none,0,0,0,0,0,0,1,1,0,0,2,2,0,2,13.593571428571456,0,4,1,1,B,0.0024208344746676,21.504000000000133,15.461862244897985,1,0.9302173978414162,1
2022-03-04 04:00:00,1939.568,1940.575,1934.028,1936.131,16470.0,200.0,0.0,0.0,0,0,1,bullish,0,none,0,0,0,0,0,0,0,0,0,0,0,0,0,0,13.27450000000002,4,4,1,1,B,-0.0017648387206543,6.5470000000000255,14.62678571428574,1,0.9920752780874157,1
2022-03-04 20:00:00,1967.069,1970.844,1965.22,1970.317,10687.0,200.0,0.0,0.0,0,0,1,bullish,0,none,0,0,0,1,0,0,0,0,0,1,0,1,1,1,11.831428571428594,20,4,1,1,A,0.0176568630944908,5.624000000000024,14.2071173469388,1,0.8621540674697398,1
2022-03-06 20:00:00,1981.416,1991.499,1981.233,1988.583,11608.0,200.0,0.0,0.0,0,0,1,bullish,0,none,0,0,0,1,0,0,0,0,0,1,0,1,1,1,12.371357142857164,20,6,1,1,A,0.0092705894533722,10.266000000000076,13.984459183673492,1,0.7898524796432834,1
2022-03-07 00:00:00,1988.6,2000.897,1986.709,1989.979,31891.0,200.0,0.0,0.0,0,0,1,bullish,0,none,0,0,0,0,0,0,1,1,0,0,2,2,0,2,12.766285714285718,0,0,1,1,B,0.000702007409296,14.187999999999874,13.811984693877577,1,0.984383272998636,1
2022-03-07 08:00:00,1992.992,2002.716,1985.641,1990.265,34139.0,200.0,0.0,0.0,0,0,1,bullish,0,none,0,0,0,0,0,0,1,1,0,0,2,2,0,2,14.154071428571408,8,0,1,1,B,0.0001437201096092,17.074999999999818,13.763051020408184,1,0.9755876321897146,1
2022-03-07 12:00:00,1990.232,1991.365,1960.799,1980.854,71798.0,200.0,0.0,0.0,0,0,1,bullish,0,none,0,0,0,0,0,0,1,1,0,0,2,2,0,2,15.256499999999976,12,0,1,1,B,-0.0047285160518825,30.56600000000003,13.742045918367364,1,0.9399088510454721,1
2022-03-07 20:00:00,1995.934,1999.819,1992.181,1998.736,14167.0,200.0,0.0,0.0,0,0,1,bullish,0,none,0,0,0,0,1,0,0,0,0,0,1,1,0,1,15.605785714285682,20,0,1,1,B,0.0090274194867465,7.63799999999992,13.802020408163276,1,0.8973509087202569,1
2022-03-08 00:00:00,1998.753,2000.034,1980.906,1985.959,12461.0,200.0,0.0,0.0,0,0,1,bullish,2,bearish_engulfing,0,0,1,0,0,0,0,0,0,1,0,1,1,1,16.51449999999998,0,1,1,1,A,-0.0063925400853339,19.12800000000016,13.929102040816336,1,0.9052341665044721,1
2022-03-08 08:00:00,2016.092,2020.12,1999.141,2009.193,36244.0,200.0,0.0,0.0,0,0,1,bullish,0,none,0,0,0,0,0,0,1,1,0,0,2,2,0,2,18.54028571428567,8,1,1,1,B,0.0116991337686225,20.97899999999981,14.226668367346942,1,0.9081364025200698,1
2022-03-08 12:00:00,2009.204,2069.768,2003.473,2047.128,94459.0,200.0,0.0,0.0,0,0,1,bullish,0,none,0,0,0,0,0,0,1,1,0,0,2,2,0,2,22.20078571428568,12,1,1,1,B,0.0188807147944471,66.29500000000007,14.851494897959183,1,0.9434288471306441,1
2022-03-08 20:00:00,2039.418,2054.176,2032.377,2043.828,21181.0,200.0,0.0,0.0,0,0,1,bullish,0,none,0,0,0,0,0,0,0,0,0,0,0,0,0,0,24.928571428571395,20,1,1,1,B,-0.0016120144905448,21.79899999999997,15.663040816326523,1,0.7973807860044264,1
2022-03-09 00:00:00,2043.799,2057.488,2035.119,2056.885,16050.0,200.0,0.0,0.0,0,0,1,bullish,0,none,0,0,0,0,0,0,0,0,0,0,0,0,0,0,26.124642857142817,0,2,1,1,B,0.0063885023592984,22.368999999999915,16.47219387755101,1,0.9765198183225045,1
2022-03-09 04:00:00,2056.89,2059.09,2038.172,2045.892,29656.0,200.0,0.0,0.0,0,0,1,bullish,0,none,0,0,0,0,0,0,0,0,0,0,0,0,0,0,26.10578571428568,4,2,1,1,B,-0.0053444893613401,20.91800000000012,17.37629081632652,1,0.9564512021742281,1
2022-03-09 08:00:00,2045.857,2049.282,2003.916,2011.643,52875.0,200.0,0.0,0.0,0,0,1,bullish,0,none,0,0,0,0,0,1,1,1,0,0,2,2,0,2,28.332785714285706,8,2,1,1,B,-0.0167403753472813,45.36600000000021,18.42909183673468,1,0.9452628016249219,1
2022-03-09 12:00:00,2011.646,2021.478,1975.866,1995.851,77829.0,200.0,0.0,0.0,0,0,1,bullish,0,none,0,0,0,0,0,1,1,1,0,0,2,2,0,2,30.35407142857144,12,2,1,1,B,-0.007850299481568,45.61200000000008,19.649061224489778,1,0.9664436502042231,1
2022-03-09 16:00:00,1995.853,2005.481,1979.577,1989.559,52685.0,200.0,0.0,0.0,0,0,1,bullish,0,none,0,0,0,0,0,1,1,1,0,0,2,2,0,2,30.984714285714308,16,2,1,1,B,-0.0031525399441141,25.904,21.01715306122448,1,0.9754657249769604,1
2022-03-10 04:00:00,1976.398,1988.945,1974.103,1975.163,22700.0,200.0,0.0,0.0,0,0,1,bullish,0,none,0,0,0,0,0,1,0,0,0,0,0,0,0,0,29.969142857142856,4,3,1,1,B,-0.0073894385906193,14.84199999999987,23.48162755102039,1,0.9584707304103266,1
2022-03-10 08:00:00,1975.197,2007.742,1974.662,2005.137,44744.0,200.0,0.0,0.0,0,0,1,bullish,0,none,0,0,0,0,0,1,1,1,0,0,3,3,0,3,30.965714285714267,8,3,1,1,B,0.0151754564053701,33.07999999999993,24.68245918367345,1,0.9224576341980426,1
2022-03-10 12:00:00,2005.17,2009.102,1981.353,1995.158,65553.0,200.0,0.0,0.0,0,0,1,bullish,0,none,0,0,0,0,0,1,1,1,0,0,3,3,0,3,30.41685714285713,12,3,1,1,B,-0.0049767173016108,27.749000000000024,25.76534183673468,1,0.9661414583691321,1
2022-03-10 20:00:00,1996.222,2003.349,1993.921,1995.387,11466.0,200.0,0.0,0.0,0,0,1,bullish,0,none,0,0,0,0,0,1,0,0,0,0,1,1,0,1,25.98885714285713,20,3,1,1,B,0.0001147778772407,9.427999999999884,26.50698979591835,1,0.9182362648382347,1
2022-03-11 00:00:00,1995.388,1997.308,1988.201,1991.04,16671.0,200.0,0.0,0.0,0,0,1,bullish,0,none,0,0,0,0,0,1,0,0,0,0,1,1,0,1,23.12621428571428,0,4,1,1,B,-0.0021785247673759,9.106999999999973,26.979255102040803,1,0.8909485146475075,1
2022-03-11 12:00:00,1979.538,1982.015,1958.306,1980.513,58395.0,200.0,0.0,0.0,0,0,1,bullish,0,none,0,0,0,0,0,1,1,1,0,0,2,2,0,2,22.83399999999998,12,4,1,1,B,-0.0054660093060252,23.70900000000006,27.29991836734693,1,0.9002524237595187,1
2022-03-11 16:00:00,1980.534,1989.94,1978.155,1985.488,31234.0,200.0,0.0,0.0,0,0,1,bullish,0,none,0,0,0,0,0,1,0,1,0,0,1,1,0,1,20.43535714285711,16,4,1,1,B,0.0025119754326279,11.785000000000082,26.97897448979591,1,0.9316186060373693,1
2022-03-13 20:00:00,1980.342,1983.847,1970.76,1974.302,8520.0,200.0,0.0,0.0,0,0,1,bullish,0,none,0,0,0,0,0,1,0,0,0,0,0,0,0,0,17.015428571428533,20,6,1,1,B,-0.0069637707875725,13.086999999999987,25.72245918367346,1,0.8620460864008297,1
2022-03-14 00:00:00,1974.263,1978.865,1970.051,1975.642,16333.0,200.0,0.0,0.0,0,0,1,bullish,0,none,0,0,0,0,0,1,0,0,0,0,0,0,0,0,16.775285714285683,0,0,1,1,B,0.0006787208846468,8.814000000000078,24.89692346938774,1,0.8454632954023774,1
2022-03-14 08:00:00,1972.77,1973.468,1954.337,1965.288,29335.0,200.0,0.0,0.0,0,0,1,bullish,0,none,0,0,0,0,0,1,0,1,0,0,1,1,0,1,16.210357142857138,8,0,1,1,B,-0.0037764771601702,19.131000000000085,22.809464285714267,1,0.842469568348599,1
2022-03-15 04:00:00,1942.154,1942.336,1924.697,1929.133,24098.0,200.0,0.0,0.0,0,0,1,bullish,0,none,0,0,0,0,0,0,0,1,0,0,1,1,0,1,14.030785714285733,4,1,1,1,B,-0.0130292642996008,17.639000000000124,20.63548979591835,1,0.917134529683573,1
2022-03-15 08:00:00,1929.172,1935.33,1920.527,1926.511,27208.0,200.0,0.0,0.0,0,0,1,bullish,0,none,0,0,0,0,0,0,1,1,0,0,2,2,0,2,14.26092857142859,8,1,1,1,B,-0.0013591597883608,14.802999999999884,19.442290816326512,1,0.854562193687238,1
2022-03-15 12:00:00,1926.481,1928.775,1906.916,1925.182,49266.0,200.0,0.0,0.0,0,0,1,bullish,0,none,0,0,0,0,0,0,1,1,0,0,2,2,0,2,13.98621428571432,12,1,1,1,B,-0.0006898481244073,21.85900000000015,18.268673469387743,1,0.8519473345560071,1
2022-03-15 16:00:00,1925.214,1930.951,1916.276,1916.706,27084.0,200.0,0.0,0.0,0,0,1,bullish,0,none,0,0,0,0,0,0,1,1,0,0,2,2,0,2,13.340928571428597,16,1,1,1,B,-0.0044027006277848,14.674999999999956,17.365249999999993,1,0.9314547818437001,1
2022-03-15 20:00:00,1916.737,1920.564,1913.874,1918.085,6168.0,200.0,0.0,0.0,0,0,1,bullish,0,none,0,0,0,0,0,0,0,0,0,0,0,0,0,0,12.977000000000023,20,1,1,1,B,0.0007194634962275,6.690000000000055,16.640306122448973,1,0.9543034100504943,1
2022-03-16 00:00:00,1918.082,1924.791,1917.17,1918.053,15822.0,200.0,0.0,0.0,0,0,1,bullish,0,none,0,0,0,0,0,0,0,0,0,0,0,0,0,0,13.074928571428586,0,2,1,1,B,-1.6683306527043307e-05,7.620999999999867,15.974489795918362,1,0.9649882482973421,1
2022-03-16 04:00:00,1918.051,1920.034,1912.397,1916.166,14447.0,200.0,0.0,0.0,0,0,1,bullish,0,none,0,0,0,0,0,0,0,0,0,0,0,0,0,0,12.378500000000033,4,2,1,1,B,-0.0009838101449752,7.637000000000171,15.227668367346938,1,0.9801822094763059,1
2022-03-16 12:00:00,1924.607,1925.559,1903.516,1911.705,43115.0,200.0,0.0,0.0,0,0,1,bullish,0,none,0,0,0,0,0,0,1,1,0,0,2,2,0,2,13.90285714285715,12,2,1,1,B,-0.0067207373846538,22.042999999999893,14.420392857142865,1,0.9737437205254008,1
2022-03-24 20:00:00,1961.502,1962.332,1956.215,1959.217,5128.0,200.0,0.0,0.0,0,0,1,bullish,0,none,0,0,0,0,0,1,0,0,0,0,1,1,0,1,10.366214285714282,20,3,1,1,B,0.0078924827985338,6.117000000000189,10.121938775510191,1,0.9759144519875396,1
2022-03-25 08:00:00,1954.774,1960.614,1949.887,1953.195,17692.0,200.0,0.0,0.0,0,0,1,bullish,0,none,0,0,0,0,0,1,1,1,0,0,3,3,0,3,10.915428571428574,8,4,1,1,B,-0.0030736768821423,10.72700000000009,10.11152551020407,1,0.8587170045124938,1
2022-03-25 16:00:00,1957.147,1959.481,1951.643,1954.401,17882.0,200.0,0.0,0.0,0,0,1,bullish,0,none,0,0,0,0,0,1,0,1,0,0,2,2,0,2,11.342785714285712,16,4,1,1,B,0.0006174498705966,7.837999999999965,10.159959183673456,1,0.776800016759149,1
2022-03-28 04:00:00,1944.553,1944.815,1931.284,1933.034,20513.0,200.0,0.0,0.0,0,0,1,bullish,0,none,0,0,0,0,0,1,1,1,0,0,2,2,0,2,10.791999999999998,4,0,1,1,B,-0.012351772345212,13.530999999999947,10.079698979591823,1,0.7414414821262081,1
2022-03-28 20:00:00,1919.17,1925.009,1918.945,1924.041,7641.0,200.0,0.0,0.0,0,0,1,bullish,0,none,0,0,0,0,0,0,0,0,0,0,0,0,0,0,10.807357142857134,20,0,1,1,B,-0.0030984118825649,6.064000000000078,10.177688775510196,1,0.8861603950818429,1
2022-03-29 08:00:00,1919.212,1920.757,1900.645,1907.732,26568.0,200.0,0.0,0.0,0,0,1,bullish,0,none,0,0,0,0,0,0,1,1,0,0,2,2,0,2,11.721214285714284,8,1,1,1,B,-0.0090671664273827,20.11200000000008,10.3508775510204,1,0.8653374661712474,1
2022-04-13 16:00:00,1980.917,1981.498,1974.766,1978.061,15554.0,200.0,0.0,0.0,0,0,1,bullish,0,none,0,0,0,0,0,0,0,1,0,0,1,1,0,1,10.691499999999936,16,2,1,1,B,0.0034790937310871,6.731999999999971,9.748147959183632,1,0.7389244803555062,1
2022-04-13 20:00:00,1978.093,1979.089,1976.393,1977.082,4772.0,200.0,0.0,0.0,0,0,1,bullish,0,none,0,0,0,0,0,0,0,0,0,0,0,0,0,0,9.168285714285648,20,2,1,1,B,-0.000494929125037,2.6959999999999127,9.79913265306118,1,0.9077608037818767,1
2022-04-14 00:00:00,1977.047,1980.308,1973.523,1973.707,12337.0,200.0,0.0,0.0,0,0,1,bullish,0,none,0,0,0,0,0,0,0,0,0,0,0,0,0,0,8.65092857142851,0,3,1,1,B,-0.0017070612144564,6.785000000000082,9.889382653061178,1,0.9581349568757359,1
2022-04-14 04:00:00,1973.676,1978.147,1970.614,1975.452,14331.0,200.0,0.0,0.0,0,0,1,bullish,0,none,0,0,0,0,0,0,0,0,0,0,0,0,0,0,8.887571428571375,4,3,1,1,B,0.0008841231246583,7.532999999999902,9.979816326530564,1,0.9115814040694005,1
2022-04-14 16:00:00,1966.746,1974.917,1966.662,1971.584,14645.0,200.0,0.0,0.0,0,0,1,bullish,0,none,0,0,0,0,0,1,0,1,0,0,2,2,0,2,9.941571428571365,16,3,1,1,B,-0.0028116327448242,8.254999999999882,10.002249999999949,1,0.9033137227953735,1
2022-04-14 20:00:00,1971.638,1973.488,1971.638,1973.111,1024.0,352.0,0.0,0.0,0,0,1,bullish,0,none,0,0,0,0,0,1,0,0,0,0,1,1,0,1,8.433642857142802,20,3,1,1,B,0.0007745041550346,1.8500000000001364,9.914127551020352,1,0.7936402128526198,1
2022-04-18 00:00:00,1986.493,1988.503,1982.55,1984.823,16230.0,200.0,0.0,0.0,0,0,1,bullish,0,none,0,0,0,0,0,0,0,1,1,0,3,3,0,3,8.880071428571373,0,0,1,1,B,0.0059358039157453,5.952999999999975,9.852775510204024,1,0.8950896129212417,1
2022-04-18 20:00:00,1978.197,1978.95,1976.208,1977.161,6077.0,200.0,0.0,0.0,0,0,1,bullish,0,none,0,0,0,0,0,1,0,0,1,0,2,2,0,2,9.152357142857111,20,0,1,1,B,-0.0005085516035804,2.741999999999962,9.671209183673415,1,0.9049667146005633,1
2022-04-19 16:00:00,1956.267,1958.211,1943.618,1948.112,17307.0,200.0,0.0,0.0,0,0,1,bullish,0,none,0,0,0,0,0,1,1,1,0,0,2,2,0,2,10.348928571428557,16,1,1,1,B,-0.0161318832718703,14.593000000000076,9.558709183673418,1,0.8488032009465497,1
2022-04-19 20:00:00,1948.077,1951.513,1947.255,1949.718,7610.0,200.0,0.0,0.0,0,0,1,bullish,0,none,0,0,0,0,1,1,0,0,0,0,1,1,0,1,10.063428571428547,20,1,1,1,B,0.0008243879202016,4.257999999999811,9.499352040816278,1,0.858274661663611,1
2022-04-20 08:00:00,1943.796,1955.068,1940.079,1952.109,20804.0,200.0,0.0,0.0,0,0,1,bullish,0,none,0,0,0,0,0,1,1,1,0,0,2,2,0,2,10.536857142857132,8,2,1,1,B,0.0012263311925109,14.989000000000033,9.467653061224444,1,0.9356966421766596,1
2022-04-20 16:00:00,1950.931,1958.061,1949.288,1957.875,16510.0,200.0,0.0,0.0,0,0,1,bullish,0,none,0,0,0,0,0,1,0,0,0,0,1,1,0,1,10.831285714285691,16,2,1,1,B,0.0029537285059388,8.77299999999991,9.477637755101998,0,0.5443954952747267,1
2022-04-21 08:00:00,1949.713,1949.841,1936.388,1939.641,20893.0,200.0,0.0,0.0,0,0,1,bullish,0,none,0,0,0,0,0,1,1,1,0,0,2,2,0,2,10.270571428571412,8,3,1,1,B,-0.0059836510418347,13.452999999999976,9.696214285714252,1,0.9022752697593797,1
2022-04-21 12:00:00,1939.652,1949.439,1937.286,1939.988,33429.0,200.0,0.0,0.0,0,0,1,bullish,0,none,0,0,0,0,0,1,1,1,0,0,2,2,0,2,10.54814285714284,12,3,1,1,B,0.0001788990849338,12.15300000000002,9.801908163265276,1,0.9627649736785177,1
2022-04-21 16:00:00,1939.991,1954.006,1938.183,1951.072,22062.0,200.0,0.0,0.0,0,0,1,bullish,0,none,0,0,0,0,1,1,1,1,0,0,3,3,0,3,11.218214285714271,16,3,1,1,B,0.0057134374027054,15.823000000000093,9.893096938775484,1,0.9780460774416211,1
2022-04-22 20:00:00,1932.626,1934.619,1930.924,1931.5,2622.0,200.0,0.0,0.0,0,0,1,bullish,6,shooting_star,0,0,1,0,0,1,0,0,0,1,0,1,1,1,9.660857142857123,20,4,1,1,A,-0.0038258451363079,3.694999999999936,10.055693877551,1,0.8414600397192687,1
2022-05-25 04:00:00,1862.612,1863.32,1855.882,1858.58,11429.0,200.0,0.0,0.0,0,0,1,bullish,0,none,0,0,0,0,0,1,0,0,0,0,0,0,0,0,8.288499999999983,4,2,0,0,B,-0.0021448800719434,7.437999999999874,8.672397959183657,1,0.9521827412991833,1
2022-05-25 08:00:00,1858.575,1860.029,1851.056,1855.08,13951.0,200.0,0.0,0.0,0,0,1,bullish,0,none,0,0,0,0,0,1,1,1,0,0,2,2,0,2,8.277499999999984,8,2,0,0,B,-0.0018831581099548,8.972999999999956,8.475193877551003,1,0.9077195902543012,1
2022-05-25 12:00:00,1855.127,1857.091,1841.3,1845.805,25296.0,200.0,0.0,0.0,0,0,1,bullish,0,none,0,0,0,0,0,1,1,1,0,0,2,2,0,2,8.967428571428545,12,2,0,0,B,-0.0049997843758758,15.79099999999994,8.466984693877533,1,0.9504484343002473,1
2022-05-26 04:00:00,1850.799,1851.508,1842.856,1847.872,15070.0,200.0,0.0,0.0,0,0,1,bullish,0,none,0,0,0,0,0,1,1,1,0,0,2,2,0,2,8.423428571428563,4,3,0,0,B,-0.0015793213186765,8.652000000000044,8.267091836734677,1,0.8984540523808147,1
2022-05-26 20:00:00,1852.037,1853.713,1850.208,1852.799,3904.0,200.0,0.0,0.0,0,0,1,bullish,0,none,0,0,0,0,0,1,0,0,0,0,1,1,0,1,8.016428571428557,20,3,0,0,B,0.0026663102206212,3.5049999999998818,8.197336734693861,1,0.8773599205434034,1
2022-05-27 00:00:00,1852.779,1856.398,1847.933,1854.508,13178.0,200.0,0.0,0.0,0,0,1,bullish,0,none,0,0,0,0,0,1,1,1,0,0,3,3,0,3,8.125357142857117,0,4,0,0,B,0.000922388235313,8.464999999999918,8.224285714285696,1,0.8329470144962681,1
2022-05-27 04:00:00,1854.503,1858.659,1851.913,1858.269,11622.0,200.0,0.0,0.0,0,0,1,bullish,0,none,0,0,0,0,0,1,0,0,0,0,1,1,0,1,8.398785714285689,4,4,0,0,B,0.0020280311543545,6.746000000000095,8.281423469387736,1,0.8720137303345358,1
2022-05-29 20:00:00,1852.618,1853.909,1848.158,1849.849,3394.0,200.0,0.0,0.0,0,0,1,bullish,0,none,0,0,0,0,1,1,0,0,0,0,2,2,0,2,6.422714285714278,20,6,0,0,B,-0.0017134154765399,5.751000000000204,8.125816326530597,1,0.913747645010433,1
2022-05-30 08:00:00,1858.669,1860.06,1854.115,1854.421,11398.0,200.0,0.0,0.0,0,0,1,bullish,0,none,0,0,0,0,0,1,0,1,0,0,2,2,0,2,6.928785714285693,8,0,0,0,B,-0.0033016870153351,5.944999999999936,7.945530612244881,1,0.8793061614964724,1
2022-05-31 00:00:00,1852.416,1853.364,1845.914,1852.198,14337.0,200.0,0.0,0.0,0,0,1,bullish,0,none,0,0,0,0,0,1,1,1,0,0,3,3,0,3,6.134571428571429,0,1,0,0,B,-0.0001004111458531,7.450000000000045,7.502153061224476,1,0.9509445565356499,1
2022-05-31 12:00:00,1848.616,1855.23,1839.843,1843.613,29912.0,200.0,0.0,0.0,0,0,1,bullish,0,none,0,0,0,0,0,1,1,1,0,0,3,3,0,3,7.162071428571429,12,1,0,0,B,-0.0046350336195158,15.386999999999944,7.413352040816314,1,0.9553808533513342,1
2022-06-03 04:00:00,1868.832,1869.165,1864.156,1864.605,10374.0,200.0,0.0,0.0,0,0,1,bullish,0,none,0,0,0,0,0,0,0,0,0,0,1,1,0,1,7.521357142857125,4,4,0,0,B,-0.0026615589268397,5.009000000000015,7.383581632653046,1,0.8636015552415425,1
2022-06-03 16:00:00,1851.851,1851.851,1847.249,1850.659,12660.0,200.0,0.0,0.0,0,0,1,bullish,0,none,0,0,0,0,1,1,0,1,0,0,3,3,0,3,7.789928571428569,16,4,0,0,B,-0.0006614885165593,4.602000000000089,7.351969387755089,1,0.9014105460410093,1
2022-06-03 20:00:00,1850.627,1851.623,1850.004,1850.96,1597.0,200.0,0.0,0.0,0,0,1,bullish,0,none,0,0,0,0,1,1,0,0,0,0,2,2,0,2,6.480214285714299,20,4,0,0,B,0.0001626447659994,1.619000000000142,7.318984693877539,1,0.8909054862948379,1
2022-06-05 20:00:00,1850.955,1853.237,1850.103,1851.478,2805.0,200.0,0.0,0.0,0,0,1,bullish,0,none,0,0,0,0,1,1,0,0,0,0,2,2,0,2,6.330000000000008,20,6,0,0,B,0.0002798547780611,3.1340000000000146,7.312362244897948,1,0.9800714884835481,1
2022-06-06 04:00:00,1856.073,1856.626,1851.524,1852.203,10862.0,200.0,0.0,0.0,0,0,1,bullish,0,none,0,0,0,0,0,1,0,0,0,0,1,1,0,1,6.593928571428592,4,0,0,0,B,-0.0020877355369763,5.102000000000089,7.250030612244892,1,0.9411715347919948,1
2022-06-06 20:00:00,1842.092,1842.463,1837.957,1839.385,4647.0,200.0,0.0,0.0,0,0,1,bullish,0,none,0,0,0,1,0,1,0,0,0,1,0,1,1,1,5.89607142857145,20,0,0,0,A,-0.0014868705906877,4.505999999999858,7.169051020408163,1,0.8704407299801377,1
2022-06-07 08:00:00,1842.05,1851.875,1842.05,1847.238,13907.0,200.0,0.0,0.0,0,0,1,bullish,0,none,0,0,0,0,0,1,1,1,0,0,3,3,0,3,6.573357142857162,8,1,0,0,B,0.0042693617703744,9.825000000000044,7.054678571428574,1,0.9666150916092523,1
2022-06-07 12:00:00,1847.236,1853.522,1842.341,1851.346,22980.0,200.0,0.0,0.0,0,0,1,bullish,0,none,0,0,0,0,1,1,1,1,0,0,4,4,0,4,7.048285714285726,12,1,0,0,B,0.002223860704468,11.18100000000004,6.997852040816331,1,0.960805444092275,1
2022-06-08 00:00:00,1853.569,1853.728,1846.724,1846.762,12145.0,200.0,0.0,0.0,0,0,1,bullish,0,none,0,0,0,0,0,1,0,0,0,0,1,1,0,1,6.741000000000001,0,2,0,0,B,-0.0036707621956811,7.004000000000133,6.644581632653071,1,0.9866243138629985,1
2022-06-08 04:00:00,1846.76,1851.266,1845.722,1849.944,11564.0,200.0,0.0,0.0,0,0,1,bullish,0,none,0,0,0,0,1,1,0,0,0,0,2,2,0,2,6.913142857142865,4,2,0,0,B,0.0017230157432306,5.544000000000096,6.561255102040827,1,0.9854429538892303,1
2022-06-08 16:00:00,1858.353,1858.823,1852.025,1852.431,11211.0,200.0,0.0,0.0,0,0,1,bullish,0,none,0,0,0,0,0,1,0,0,0,0,1,1,0,1,7.726714285714268,16,2,0,0,B,0.0013443650186168,6.798000000000002,6.556739795918377,1,0.8325214490855818,1
2022-06-09 08:00:00,1850.077,1850.889,1844.603,1846.164,14656.0,200.0,0.0,0.0,0,0,1,bullish,0,none,0,0,0,0,0,1,1,1,0,0,3,3,0,3,7.213214285714279,8,3,0,0,B,-0.00479499573868,6.285999999999831,6.659627551020414,1,0.9728594241175175,1
2022-06-10 00:00:00,1846.945,1848.212,1844.495,1844.763,10232.0,200.0,0.0,0.0,0,0,1,bullish,0,none,0,0,0,0,0,1,0,0,0,0,1,1,0,1,6.342642857142859,0,4,0,0,B,-0.0007588708262105,3.717000000000098,6.643000000000006,1,0.9544183253381443,1
2022-06-10 04:00:00,1844.778,1847.568,1843.142,1845.488,12319.0,200.0,0.0,0.0,0,0,1,bullish,0,none,0,0,0,0,0,1,0,1,0,0,2,2,0,2,6.411571428571425,4,4,0,0,B,0.0003930044130331,4.425999999999931,6.629974489795922,1,0.8429029482544715,1
2022-06-10 20:00:00,1871.915,1872.377,1870.422,1871.532,1920.0,200.0,0.0,0.0,0,0,1,bullish,0,none,0,0,0,0,0,1,0,0,0,0,0,0,0,0,8.926785714285725,20,4,0,0,B,-0.0001880458404474,1.9549999999999272,7.1067193877551045,1,0.9655091070361123,1
2022-06-13 00:00:00,1876.93,1877.351,1860.171,1863.518,18308.0,200.0,0.0,0.0,0,0,1,bullish,0,none,0,0,0,0,0,1,1,1,0,0,2,2,0,2,9.798428571428612,0,0,0,0,B,-0.0042820534193377,17.180000000000064,7.385459183673473,1,0.9732511152636626,1
2022-06-13 04:00:00,1863.485,1867.165,1855.594,1857.213,17319.0,200.0,0.0,0.0,0,0,1,bullish,0,none,0,0,0,0,0,1,1,1,0,0,2,2,0,2,10.31057142857146,4,0,0,0,B,-0.0033833856179549,11.570999999999913,7.652403061224494,1,0.9435634268009744,1
2022-06-13 08:00:00,1857.192,1858.935,1852.666,1854.709,20028.0,200.0,0.0,0.0,0,0,1,bullish,0,none,0,0,0,0,0,1,1,1,0,0,2,2,0,2,10.31364285714288,8,0,0,0,B,-0.0013482567696865,6.2690000000000055,7.885642857142861,1,0.9483425941937128,1
2022-06-13 12:00:00,1854.741,1857.63,1823.264,1828.955,45596.0,200.0,0.0,0.0,0,0,1,bullish,0,none,0,0,0,0,0,1,1,1,0,0,2,2,0,2,12.319357142857193,12,0,0,0,B,-0.0138857362529648,34.36600000000021,8.30558163265307,1,0.9441180053829742,1
2022-06-13 20:00:00,1822.741,1823.689,1809.14,1821.013,11583.0,200.0,0.0,0.0,0,0,1,bullish,0,none,0,0,0,0,0,1,0,0,0,0,0,0,0,0,13.105285714285742,20,0,0,0,B,-0.0009650137263464,14.548999999999978,9.195551020408177,1,0.960705271484196,1
2022-06-14 00:00:00,1820.98,1827.986,1819.243,1825.389,17463.0,200.0,0.0,0.0,0,0,1,bullish,1,bullish_engulfing,0,0,1,0,0,1,0,0,0,1,0,1,1,1,13.591142857142897,0,1,0,0,A,0.0024030580781135,8.743000000000166,9.67255102040818,1,0.8321359978899014,1
2022-07-24 20:00:00,1726.25,1727.089,1724.282,1724.673,3980.0,200.0,0.0,0.0,0,0,1,bullish,0,none,0,0,0,0,0,1,0,0,0,0,1,1,0,1,9.912071428571412,20,6,0,0,B,-0.0016185529233809,2.8070000000000164,7.79064795918368,1,0.786502045267997,1
2022-07-25 04:00:00,1727.463,1729.138,1723.738,1725.593,13345.0,200.0,0.0,0.0,0,0,1,bullish,0,none,0,0,0,0,0,1,0,1,0,0,2,2,0,2,10.165928571428562,4,0,0,0,B,0.0005334344539515,5.399999999999864,7.98877040816327,1,0.6863624119731989,1
2022-07-25 16:00:00,1716.406,1721.323,1715.466,1719.038,11376.0,200.0,0.0,0.0,0,0,1,bullish,0,none,0,0,0,0,0,1,0,0,0,0,1,1,0,1,8.529785714285708,16,0,0,0,B,-0.0040180234569138,5.857000000000198,8.371336734693879,1,0.9822541923982893,1
2022-07-26 16:00:00,1716.965,1720.183,1716.249,1717.588,11740.0,200.0,0.0,0.0,0,0,1,bullish,0,none,0,0,0,0,0,1,0,0,0,0,0,0,0,0,7.278285714285728,16,1,0,0,B,-0.0008434950245428,3.933999999999969,8.414107142857143,1,0.9798121377871417,1
2022-07-26 20:00:00,1717.558,1718.582,1716.852,1717.9,4449.0,200.0,0.0,0.0,0,0,1,bullish,0,none,0,0,0,0,0,1,0,0,0,0,0,0,0,0,6.621642857142872,20,1,0,0,B,0.0001816500813933,1.7300000000000182,8.424311224489795,1,0.9804492321226473,1
2022-07-27 00:00:00,1717.929,1720.1,1715.767,1716.733,10376.0,200.0,0.0,0.0,0,0,1,bullish,2,bearish_engulfing,0,0,1,0,0,1,0,0,0,1,0,1,1,1,6.629285714285727,0,2,0,0,A,-0.000679317771698,4.332999999999856,8.438668367346938,1,0.974735838469663,1
2022-07-27 04:00:00,1716.731,1721.673,1713.648,1719.734,11440.0,200.0,0.0,0.0,0,0,1,bullish,1,bullish_engulfing,0,0,1,0,0,1,0,0,0,1,0,1,1,1,6.974857142857153,4,2,0,0,A,0.0017480877923357,8.025000000000091,8.509173469387754,1,0.9479071081362745,1
2022-07-27 20:00:00,1734.461,1739.875,1733.138,1738.769,7267.0,200.0,0.0,0.0,0,0,1,bullish,0,none,0,0,0,1,0,1,0,0,0,1,0,1,1,1,7.500857142857155,20,2,0,0,A,0.0110685722326826,6.73700000000008,8.587729591836734,1,0.9615337935101644,1
2022-07-28 00:00:00,1738.764,1741.669,1733.993,1736.904,15323.0,200.0,0.0,0.0,0,0,1,bullish,0,none,0,0,0,0,0,1,1,1,0,0,2,2,0,2,7.630785714285723,0,3,0,0,B,-0.0010725979126612,7.676000000000158,8.490147959183673,1,0.9841374180831615,1
2022-07-28 08:00:00,1744.232,1748.472,1737.808,1740.204,18195.0,200.0,0.0,0.0,0,0,1,bullish,0,none,0,0,0,0,0,1,1,1,0,0,2,2,0,2,8.252071428571428,8,3,0,0,B,0.0018999322933219,10.663999999999987,8.454928571428571,1,0.8188695591652522,1
2022-07-28 16:00:00,1752.952,1755.575,1750.267,1755.299,14849.0,200.0,0.0,0.0,0,0,1,bullish,0,none,0,0,0,1,0,0,0,0,0,1,0,1,1,1,8.935499999999982,16,3,0,0,A,0.0086742703728988,5.307999999999993,8.461030612244896,1,0.968932811467541,1
2022-07-28 20:00:00,1755.329,1757.039,1754.209,1754.908,5507.0,200.0,0.0,0.0,0,0,1,bullish,0,none,0,0,0,1,0,0,0,0,0,1,0,1,1,1,8.546785714285695,20,3,0,0,A,-0.0002227540720982,2.8299999999999272,8.416321428571425,1,0.9389297545643208,1
2022-07-29 08:00:00,1766.408,1766.408,1756.269,1761.197,16790.0,200.0,0.0,0.0,0,0,1,bullish,0,none,0,0,0,0,0,0,1,1,0,0,3,3,0,3,9.86299999999999,8,4,0,0,B,0.0035836636450456,10.138999999999896,8.365836734693875,1,0.879190914141988,1
2022-07-29 16:00:00,1765.884,1766.641,1760.861,1761.378,13597.0,200.0,0.0,0.0,0,0,1,bullish,0,none,0,0,0,0,0,0,0,0,0,0,1,1,0,1,10.396428571428569,16,4,0,0,B,0.0001027710131233,5.779999999999973,8.400433673469388,1,0.8457976325729373,1
2022-07-31 20:00:00,1765.356,1765.39,1760.893,1762.141,3687.0,200.0,0.0,0.0,0,0,1,bullish,0,none,0,0,0,0,0,0,0,0,0,0,1,1,0,1,8.761500000000003,20,6,0,0,B,-0.00228572658022,4.497000000000071,8.273209183673469,1,0.9532592232620872,1
2022-08-01 04:00:00,1761.987,1767.374,1758.22,1764.438,12599.0,200.0,0.0,0.0,0,0,1,bullish,1,bullish_engulfing,0,0,1,0,0,0,0,0,0,1,0,1,1,1,8.76549999999999,4,0,0,0,A,0.0013035279242694,9.153999999999996,8.290045918367346,1,0.9606973037145341,1
2022-08-01 12:00:00,1772.648,1775.302,1764.204,1768.894,30549.0,200.0,0.0,0.0,0,0,1,bullish,0,none,0,0,0,0,0,0,1,1,0,0,2,2,0,2,9.033499999999988,12,0,0,0,B,0.0025254500299811,11.097999999999956,8.415418367346938,1,0.9142523599492066,1
2022-08-01 16:00:00,1768.861,1773.374,1766.476,1770.893,12871.0,200.0,0.0,0.0,0,0,1,bullish,0,none,0,0,0,0,0,0,0,1,0,0,1,1,0,1,8.043785714285702,16,0,0,0,B,0.0011300846743784,6.897999999999911,8.516999999999998,1,0.9557550683190464,1
2022-08-01 20:00:00,1770.895,1772.575,1770.769,1772.228,4126.0,200.0,0.0,0.0,0,0,1,bullish,0,none,0,0,0,0,0,0,0,0,0,0,0,0,0,0,7.793642857142848,20,0,0,0,B,0.0007538569523963,1.80600000000004,8.600168367346935,1,0.9912620943397129,1
2022-08-02 16:00:00,1778.053,1778.326,1760.423,1760.578,20859.0,200.0,0.0,0.0,0,0,1,bullish,0,none,0,0,0,0,0,0,1,1,0,0,2,2,0,2,8.61150000000001,16,1,0,0,B,-0.0065736462802754,17.90300000000002,8.717071428571424,1,0.9304850998258155,1
2022-08-02 20:00:00,1760.552,1763.632,1754.784,1756.675,7963.0,200.0,0.0,0.0,0,0,1,bullish,0,none,0,0,0,0,0,1,0,0,0,0,0,0,0,0,8.830642857142866,20,1,0,0,B,-0.002216885590982,8.847999999999956,8.812056122448974,1,0.9598503764483824,1
2022-08-03 00:00:00,1756.669,1769.327,1755.493,1768.895,14931.0,200.0,0.0,0.0,0,0,1,bullish,1,bullish_engulfing,0,0,1,0,0,0,0,0,0,1,0,1,1,1,9.468000000000009,0,2,0,0,A,0.0069563237366045,13.83400000000006,8.94328571428571,1,0.8913864534105234,1
2022-08-03 04:00:00,1768.883,1770.596,1764.83,1766.129,14702.0,200.0,0.0,0.0,0,0,1,bullish,0,none,0,0,0,0,0,0,0,0,0,0,0,0,0,0,9.502357142857152,4,2,0,0,B,-0.001563688065148,5.766000000000076,9.03259183673469,1,0.9730801183825971,1
2022-08-03 20:00:00,1765.156,1765.985,1763.254,1763.586,4109.0,200.0,0.0,0.0,0,0,1,bullish,0,none,0,0,0,0,0,0,0,0,0,0,1,1,0,1,9.49414285714288,20,2,0,0,B,-0.0009086840510087,2.7309999999999945,9.171443877551024,1,0.9307842900264248,1
2022-08-04 04:00:00,1770.699,1774.763,1769.038,1773.005,12309.0,200.0,0.0,0.0,0,0,1,bullish,0,none,0,0,0,0,0,0,0,0,0,0,1,1,0,1,9.860785714285742,4,3,0,0,B,0.0053408226193676,5.724999999999909,9.133183673469391,1,0.9959517726294278,1
2022-08-07 20:00:00,1773.369,1775.046,1772.643,1774.558,3395.0,200.0,0.0,0.0,0,0,1,bullish,0,none,0,0,0,0,0,0,0,0,0,0,1,1,0,1,7.838357142857133,20,6,0,0,B,-0.0074224142367163,2.40300000000002,8.963408163265315,1,0.9689431268548474,1
2022-08-08 08:00:00,1777.698,1783.173,1772.54,1782.853,12201.0,200.0,0.0,0.0,0,0,1,bullish,0,none,0,0,0,0,0,0,0,1,0,0,2,2,0,2,8.286428571428571,8,0,0,0,B,0.0046744034289101,10.633000000000038,8.980739795918378,1,0.9009162919459186,1
2022-08-08 12:00:00,1782.833,1789.96,1780.612,1787.158,22748.0,200.0,0.0,0.0,0,0,1,bullish,0,none,0,0,0,0,0,0,1,1,0,0,3,3,0,3,7.9719285714285695,12,0,1,1,B,0.0024146690725481,9.347999999999956,8.993474489795927,1,0.9408422790851976,1
2022-08-08 16:00:00,1787.191,1789.333,1785.635,1788.486,10904.0,200.0,0.0,0.0,0,0,1,bullish,0,none,0,0,0,0,0,0,0,1,0,0,2,2,0,2,7.101785714285727,16,0,1,1,B,0.0007430792353,3.6980000000000928,8.885637755102051,1,0.8175710528195598,1
2022-08-09 00:00:00,1789.176,1790.141,1783.177,1785.661,10481.0,200.0,0.0,0.0,0,0,1,bullish,0,none,0,0,0,0,0,0,0,1,0,0,2,2,0,2,6.96121428571431,0,1,1,1,B,-0.0015795482883288,6.964000000000169,8.752107142857154,1,0.943056343325503,1
2022-08-09 04:00:00,1785.692,1789.256,1783.531,1787.086,9932.0,200.0,0.0,0.0,0,0,1,bullish,0,none,0,0,0,0,0,0,0,0,0,0,1,1,0,1,6.93514285714288,4,1,1,1,B,0.0007980238130305,5.725000000000136,8.571188775510217,1,0.8227230759072874,1
2022-08-09 12:00:00,1789.435,1800.41,1787.961,1796.146,25039.0,200.0,0.0,0.0,0,0,1,bullish,0,none,0,0,0,0,0,0,1,1,0,0,3,3,0,3,7.61000000000003,12,1,1,1,B,0.005069705654904,12.44900000000007,8.436020408163278,1,0.9148438885381932,1
2022-08-10 04:00:00,1791.24,1791.75,1787.574,1790.427,10537.0,200.0,0.0,0.0,0,0,1,bullish,0,none,0,0,0,0,0,0,0,1,0,0,1,1,0,1,6.17978571428575,4,2,1,1,B,-0.0004360185975051,4.175999999999931,7.666178571428588,1,0.8865856683464146,1
2022-08-10 20:00:00,1790.24,1792.881,1789.935,1791.66,4360.0,200.0,0.0,0.0,0,0,1,bullish,0,none,0,0,0,0,0,0,0,0,0,0,0,0,0,0,6.86728571428575,20,2,1,1,B,0.0006886625369255,2.94600000000014,7.452357142857161,1,0.971865283994729,1
2022-08-11 08:00:00,1788.0,1795.166,1785.622,1794.841,13332.0,200.0,0.0,0.0,0,0,1,bullish,0,none,0,0,0,0,0,0,1,1,0,0,3,3,0,3,7.495928571428586,8,3,1,1,B,0.0017754484667849,9.543999999999867,7.335755102040833,1,0.9761400251001905,1
2022-08-11 12:00:00,1794.848,1799.215,1786.324,1790.343,28932.0,200.0,0.0,0.0,0,0,1,bullish,0,none,0,0,0,0,0,0,1,1,0,0,3,3,0,3,8.007785714285708,12,3,1,1,B,-0.0025060715684563,12.890999999999847,7.278576530612261,1,0.8384727888264685,1
2022-08-11 16:00:00,1790.365,1791.896,1784.963,1785.605,12964.0,200.0,0.0,0.0,0,0,1,bullish,0,none,0,0,0,0,0,0,0,1,0,0,2,2,0,2,7.912785714285714,16,3,1,1,B,-0.0026464202669544,6.932999999999993,7.250005102040831,1,0.9665631625900575,1
2022-08-11 20:00:00,1785.638,1790.133,1785.538,1788.95,4630.0,200.0,0.0,0.0,0,0,1,bullish,0,none,0,0,0,0,0,0,0,0,0,0,1,1,0,1,7.351785714285711,20,3,1,1,B,0.0018733146468563,4.595000000000027,7.215250000000014,1,0.9645489606078965,1
2022-08-12 00:00:00,1788.923,1791.4,1786.187,1791.099,9962.0,200.0,0.0,0.0,0,0,1,bullish,0,none,0,0,0,0,0,0,0,0,0,0,1,1,0,1,7.3682142857143,0,4,1,1,B,0.0012012633108806,5.213000000000193,7.149663265306138,1,0.9534013703599027,1
2022-08-15 20:00:00,1778.91,1780.399,1777.742,1778.509,5157.0,200.0,0.0,0.0,0,0,1,bullish,0,none,0,0,0,0,0,1,0,0,0,0,1,1,0,1,7.317071428571451,20,0,1,1,B,-0.0012635061791067,2.6569999999999254,7.246923469387768,1,0.83636125341742,1
2022-08-16 04:00:00,1781.242,1782.071,1775.759,1775.854,9696.0,200.0,0.0,0.0,0,0,1,bullish,0,none,0,0,0,0,0,1,0,0,0,0,1,1,0,1,7.513999999999994,4,1,1,1,B,-0.0030287736301887,6.311999999999898,7.433913265306132,1,0.8204357164615351,1
2022-08-16 16:00:00,1774.264,1777.515,1772.752,1775.766,11186.0,200.0,0.0,0.0,0,0,1,bullish,0,none,0,0,0,0,0,1,0,1,0,0,1,1,0,1,6.853357142857119,16,1,1,1,B,-4.955362321446e-05,4.763000000000147,7.482025510204088,1,0.8122529384491153,1
2022-08-16 20:00:00,1775.733,1775.984,1775.025,1775.556,3470.0,200.0,0.0,0.0,0,0,1,bullish,0,none,0,0,0,0,0,1,0,0,0,0,0,0,0,0,6.407142857142828,20,1,1,1,B,-0.0001182588246424,0.9589999999998328,7.449158163265308,1,0.9209209163909026,1
2022-08-18 04:00:00,1762.288,1765.378,1760.838,1762.726,11780.0,200.0,0.0,0.0,0,0,1,bullish,5,doji,0,0,1,0,0,1,0,0,0,1,0,1,1,1,6.311214285714251,4,3,1,1,A,-0.001236890967183,4.539999999999964,7.1370612244897895,1,0.7688925784825611,1
2022-08-19 08:00:00,1753.889,1754.551,1749.808,1752.998,14586.0,200.0,0.0,0.0,0,0,1,bullish,0,none,0,0,0,0,0,1,1,1,0,0,2,2,0,2,7.389642857142852,8,4,1,1,B,-0.0030647405832731,4.742999999999938,6.964775510204071,1,0.8135212493130286,1
2022-08-19 12:00:00,1752.968,1758.047,1745.646,1749.076,25339.0,200.0,0.0,0.0,0,0,1,bullish,0,none,0,0,0,0,1,0,1,1,0,0,3,3,0,3,7.653142857142841,12,4,1,1,B,-0.0022373100254535,12.401000000000067,7.0151224489795805,1,0.8991637240993802,1
2022-08-19 16:00:00,1749.045,1750.885,1745.49,1746.5,11675.0,200.0,0.0,0.0,0,0,1,bullish,0,none,0,0,0,1,0,0,0,0,0,1,0,1,1,1,7.316142857142836,16,4,0,0,A,-0.0014727776265868,5.394999999999982,7.033948979591822,1,0.8417491005014321,1
2022-08-22 08:00:00,1736.923,1738.209,1730.418,1733.295,17168.0,200.0,0.0,0.0,0,0,1,bullish,0,none,0,0,0,0,0,0,1,1,0,0,2,2,0,2,6.597357142857147,8,0,0,0,B,-0.0070855559832819,7.791000000000167,6.769770408163246,1,0.886564735688203,1
2022-09-06 12:00:00,1714.553,1714.97,1701.116,1703.015,31965.0,200.0,0.0,0.0,0,0,1,bullish,0,none,0,0,0,0,0,0,1,1,0,0,3,3,0,3,6.820642857142859,12,1,0,0,B,-0.006728292130126,13.854000000000042,6.80923469387753,1,0.9590346616373077,1
2022-09-06 16:00:00,1703.011,1704.338,1699.751,1700.08,15315.0,200.0,0.0,0.0,0,0,1,bullish,0,none,0,0,0,0,1,0,1,1,0,0,4,4,0,4,6.161785714285721,16,1,0,0,B,-0.0017234140627064,4.586999999999989,6.720193877551,1,0.7260121315150925,1
2022-09-06 20:00:00,1700.05,1703.837,1699.924,1703.478,4977.0,200.0,0.0,0.0,0,0,1,bullish,1,bullish_engulfing,0,0,1,0,0,0,0,0,0,1,0,1,1,1,5.896500000000011,20,1,0,0,A,0.0019987294715544,3.913000000000011,6.612454081632635,1,0.8998353429615472,1
2022-09-07 16:00:00,1710.426,1719.193,1709.488,1717.233,14645.0,200.0,0.0,0.0,0,0,1,bullish,0,none,0,0,0,0,0,1,1,0,0,0,2,2,0,2,8.19971428571429,16,2,0,0,B,0.0080746566729947,9.704999999999927,6.650387755102025,1,0.9269869653991001,1
2022-09-08 00:00:00,1716.548,1719.265,1713.491,1714.414,13105.0,200.0,0.0,0.0,0,0,1,bullish,0,none,0,0,0,0,0,1,1,0,0,0,2,2,0,2,8.448785714285739,0,3,0,0,B,-0.0016415943555708,5.774000000000115,6.698994897959172,1,0.9890393669972817,1
2022-09-09 00:00:00,1710.618,1720.582,1709.683,1719.224,12198.0,200.0,0.0,0.0,0,0,1,bullish,0,none,0,0,0,0,0,1,0,0,0,0,1,1,0,1,9.64335714285718,0,4,0,0,B,-0.0026326140151599,10.899000000000116,6.927948979591834,1,0.9663856601546511,1
2022-09-09 08:00:00,1727.208,1729.336,1719.697,1720.759,19355.0,200.0,0.0,0.0,0,0,1,bullish,0,none,0,0,0,0,0,1,1,1,0,0,3,3,0,3,10.02971428571433,8,4,0,0,B,0.0008928446787621,9.639000000000124,7.154147959183675,1,0.9466653113379645,1
2022-09-09 12:00:00,1720.781,1722.471,1711.327,1716.788,27613.0,200.0,0.0,0.0,0,0,1,bullish,0,none,0,0,0,0,0,1,1,1,0,0,2,2,0,2,9.947000000000036,12,4,0,0,B,-0.0023077025893806,11.144000000000004,7.383045918367353,1,0.8338113721640904,1
2022-09-09 16:00:00,1716.801,1720.27,1714.539,1715.661,11172.0,200.0,0.0,0.0,0,0,1,bullish,6,shooting_star,0,0,1,0,0,1,0,0,0,1,0,1,1,1,9.86407142857146,16,4,0,0,A,-0.0006564584561401,5.7309999999999945,7.634183673469399,1,0.8732105611005126,1
2022-09-09 20:00:00,1715.626,1718.016,1715.371,1717.186,1380.0,200.0,0.0,0.0,0,0,1,bullish,1,bullish_engulfing,0,0,1,0,0,1,0,0,0,1,0,1,1,1,8.88242857142859,20,4,0,0,A,0.0008888702371854,2.644999999999982,7.883790816326545,1,0.9374735988739765,1
2022-09-12 00:00:00,1718.365,1718.694,1712.226,1713.598,9984.0,200.0,0.0,0.0,0,0,1,bullish,0,none,0,0,0,0,0,1,0,0,0,0,0,0,0,0,8.653357142857155,0,0,0,0,B,-0.0027921387154067,6.467999999999847,8.276137755102061,1,0.9955083454299176,1
2022-09-12 20:00:00,1724.403,1726.375,1724.052,1725.246,4151.0,200.0,0.0,0.0,0,0,1,bullish,0,none,0,0,0,0,0,1,0,0,0,0,0,0,0,0,8.050071428571446,20,0,0,0,B,0.006797393554381,2.3230000000000928,8.407928571428593,1,0.9771165437934788,1
2022-09-13 00:00:00,1725.236,1727.54,1720.712,1721.335,12958.0,200.0,0.0,0.0,0,0,1,bullish,0,none,0,0,0,0,0,1,0,0,0,0,0,0,0,0,8.243142857142873,0,1,0,0,B,-0.0022669230938661,6.827999999999975,8.509535714285738,1,0.9881178487520976,1
2022-09-13 04:00:00,1721.331,1725.324,1719.994,1723.826,12895.0,200.0,0.0,0.0,0,0,1,bullish,0,none,0,0,0,0,0,1,0,0,0,0,0,0,0,0,7.845357142857162,4,1,0,0,B,0.0014471326034735,5.330000000000155,8.629790816326553,1,0.9131280231943604,1
2022-09-13 08:00:00,1723.83,1731.429,1721.89,1729.708,16034.0,200.0,0.0,0.0,0,0,1,bullish,0,none,0,0,0,0,0,1,1,1,0,0,2,2,0,2,7.736785714285735,8,1,0,0,B,0.0034121773311228,9.538999999999987,8.761239795918392,1,0.8686399867540102,1
2022-09-13 12:00:00,1729.676,1731.772,1696.943,1700.93,51031.0,200.0,0.0,0.0,0,0,1,bullish,0,none,0,0,0,0,1,0,1,1,0,0,3,3,0,3,9.536071428571436,12,1,0,0,B,-0.0166374902584713,34.82899999999995,8.856693877551045,1,0.9326001804637554,1
2022-09-13 20:00:00,1702.469,1703.274,1700.646,1702.097,5539.0,200.0,0.0,0.0,0,0,1,bullish,0,none,0,0,0,0,0,0,0,0,0,0,0,0,0,0,8.995999999999997,20,1,0,0,B,0.0006860952537728,2.627999999999929,8.895780612244922,1,0.9672098219043639,1
2022-09-14 00:00:00,1702.141,1703.559,1697.196,1700.376,15307.0,200.0,0.0,0.0,0,0,1,bullish,0,none,0,0,0,0,1,0,0,1,0,0,2,2,0,2,9.26157142857143,0,2,0,0,B,-0.0010111057125417,6.363000000000056,8.937280612244917,1,0.9154978558465803,1
2022-09-15 04:00:00,1692.702,1693.242,1685.335,1689.789,13992.0,200.0,0.0,0.0,0,0,1,bullish,0,none,0,0,0,0,0,0,0,0,0,0,0,0,0,0,8.587785714285685,4,3,0,0,B,-0.0045495996493691,7.906999999999925,8.713765306122456,1,0.7954828075742107,1
2022-09-15 20:00:00,1663.9,1665.375,1661.286,1662.357,5686.0,200.0,0.0,0.0,0,0,1,bullish,0,none,0,0,0,1,0,0,0,0,0,1,0,1,1,1,8.086499999999953,20,3,0,0,A,-0.0142073100221489,4.088999999999942,8.568867346938772,1,0.910104070972225,1
2022-09-16 00:00:00,1662.336,1667.659,1661.231,1664.318,12552.0,200.0,0.0,0.0,0,0,1,bullish,1,bullish_engulfing,0,0,1,0,0,0,0,0,0,1,0,1,1,1,8.068071428571395,0,4,0,0,A,0.0011796503398486,6.428000000000111,8.542801020408158,1,0.9569743582440541,1
2022-10-05 08:00:00,1716.326,1716.435,1703.12,1706.154,21909.0,200.0,0.0,0.0,0,0,1,bullish,0,none,0,0,0,0,0,0,1,1,0,0,3,3,0,3,11.734857142857177,8,2,0,0,B,-0.0112479231416066,13.315000000000056,10.643698979591845,1,0.9192495978523013,1
2022-10-05 12:00:00,1706.12,1714.136,1700.445,1709.047,39713.0,200.0,0.0,0.0,0,0,1,bullish,0,none,0,0,0,0,0,0,1,1,0,0,3,3,0,3,12.242642857142885,12,2,0,0,B,0.0016956265378154,13.691000000000033,10.712933673469395,1,0.9527766066184588,1
2022-10-05 16:00:00,1709.081,1718.603,1707.579,1716.115,19190.0,200.0,0.0,0.0,0,0,1,bullish,0,none,0,0,0,0,0,0,0,1,0,0,2,2,0,2,12.511928571428598,16,2,0,0,B,0.0041356381655974,11.024000000000116,10.813142857142868,1,0.9419408657260742,1
2022-10-05 20:00:00,1716.146,1718.839,1714.782,1718.379,5410.0,200.0,0.0,0.0,0,0,1,bullish,0,none,0,0,0,0,0,0,0,0,0,0,1,1,0,1,10.637142857142878,20,2,0,0,B,0.0013192589074741,4.057000000000016,10.794867346938789,1,0.8592198697470034,1
2022-10-06 00:00:00,1718.416,1724.201,1717.977,1722.21,14538.0,200.0,0.0,0.0,0,0,1,bullish,0,none,0,0,0,0,0,0,0,0,0,0,0,0,0,0,10.07200000000002,0,3,0,0,B,0.0022294266864295,6.223999999999933,10.74347959183675,1,0.9085059809181594,1
2022-10-06 12:00:00,1714.881,1719.422,1708.167,1708.184,34799.0,200.0,0.0,0.0,0,0,1,bullish,0,none,0,0,0,0,0,0,1,1,0,0,3,3,0,3,10.61028571428572,12,3,0,0,B,-0.0095353841318914,11.25500000000011,10.565040816326547,1,0.893785059686756,1
2022-10-06 20:00:00,1714.342,1714.609,1710.871,1711.893,4834.0,200.0,0.0,0.0,0,0,1,bullish,0,none,0,0,0,0,0,0,0,0,0,0,0,0,0,0,8.842642857142875,20,3,0,0,B,-0.0014465930109724,3.737999999999829,10.423188775510225,1,0.9674237305667848,1
2022-10-07 00:00:00,1711.869,1713.357,1709.101,1709.821,12865.0,200.0,0.0,0.0,0,0,1,bullish,0,none,0,0,0,0,0,0,0,0,0,0,0,0,0,0,8.468857142857148,0,4,0,0,B,-0.0012103560210832,4.255999999999858,10.383418367346962,1,0.9930702401498354,1
2022-10-07 04:00:00,1709.806,1714.03,1708.378,1710.847,15320.0,200.0,0.0,0.0,0,0,1,bullish,0,none,0,0,0,0,0,0,0,0,0,0,0,0,0,0,8.68178571428572,4,4,0,0,B,0.0006000628135927,5.652000000000044,10.351500000000025,1,0.9733735864823144,1
2022-10-07 12:00:00,1709.144,1713.339,1690.453,1703.144,51312.0,200.0,0.0,0.0,0,0,1,bullish,0,none,0,0,0,0,0,0,1,1,0,0,2,2,0,2,9.475857142857146,12,4,0,0,B,-0.0045024482025569,22.885999999999967,10.299857142857164,1,0.7870560906781613,1
2022-10-07 20:00:00,1695.588,1695.888,1694.369,1695.001,1889.0,200.0,0.0,0.0,0,0,1,bullish,0,none,0,0,0,0,0,1,0,0,0,0,0,0,0,0,8.65628571428572,20,4,0,0,B,-0.0003656477479343,1.5190000000000057,10.14179591836736,1,0.5885947124750383,1
2022-10-10 16:00:00,1666.841,1671.589,1666.748,1668.964,15815.0,200.0,0.0,0.0,0,0,1,bullish,0,none,0,0,0,0,0,1,0,1,0,0,1,1,0,1,8.609642857142878,16,0,0,0,B,-0.0047841754289091,4.840999999999895,9.38716836734695,1,0.9258419011706948,1
2022-10-10 20:00:00,1668.995,1670.221,1667.45,1670.131,4052.0,200.0,0.0,0.0,0,0,1,bullish,0,none,0,0,0,0,0,1,0,0,0,0,0,0,0,0,8.218857142857148,20,0,0,0,B,0.0006992361728594,2.770999999999958,9.2144336734694,1,0.9296925071577492,1
2022-10-11 00:00:00,1670.1,1673.527,1661.312,1664.134,16824.0,200.0,0.0,0.0,0,0,1,bullish,0,none,0,0,0,0,0,1,0,1,0,0,1,1,0,1,8.82435714285717,0,1,0,0,B,-0.0035907362955361,12.215000000000146,9.125316326530625,1,0.9495148081061615,1
2022-10-11 20:00:00,1666.464,1667.449,1663.881,1664.037,4963.0,200.0,0.0,0.0,0,0,1,bullish,0,none,0,0,0,0,0,1,0,0,0,0,1,1,0,1,9.131071428571463,20,1,0,0,B,-0.0104177383433786,3.567999999999984,9.01245408163267,1,0.8978601839364924,1
2022-10-12 00:00:00,1664.015,1666.831,1661.379,1665.308,16212.0,200.0,0.0,0.0,0,0,1,bullish,0,none,0,0,0,0,0,1,0,0,0,0,1,1,0,1,9.412000000000036,0,2,0,0,B,0.0007638051317369,5.451999999999998,8.945285714285733,1,0.945530327831869,1
2022-10-12 08:00:00,1668.913,1673.289,1667.734,1668.465,19265.0,200.0,0.0,0.0,0,0,1,bullish,0,none,0,0,0,0,0,1,1,0,0,0,2,2,0,2,9.470642857142902,8,2,0,0,B,0.0018957454116594,5.555000000000064,8.990142857142876,1,0.5461641238740126,1
2022-10-12 20:00:00,1675.111,1675.579,1672.523,1674.483,3852.0,200.0,0.0,0.0,0,0,1,bullish,0,none,0,0,0,0,0,1,0,0,0,0,1,1,0,1,8.791928571428587,20,2,0,0,B,-0.0003928027551114,3.05600000000004,9.074438775510226,0,0.6110609644760479,1
2022-10-13 00:00:00,1674.46,1675.422,1668.988,1669.253,10707.0,200.0,0.0,0.0,0,0,1,bullish,0,none,0,0,0,0,0,1,0,0,0,0,1,1,0,1,8.905714285714307,0,3,0,0,B,-0.0031233521033059,6.433999999999969,9.033714285714307,1,0.8191942394730023,1
2022-10-13 20:00:00,1663.87,1666.587,1662.894,1663.441,5165.0,200.0,0.0,0.0,0,0,1,bullish,0,none,0,0,0,0,0,1,0,0,0,0,1,1,0,1,10.051571428571426,20,3,0,0,B,-0.0052844084536183,3.692999999999984,9.10269897959186,1,0.8272578146241428,1
2022-10-24 04:00:00,1654.012,1658.65,1648.863,1649.232,20311.0,200.0,0.0,0.0,0,0,1,bullish,0,none,0,0,0,0,1,1,0,1,0,0,3,3,0,3,11.640285714285726,4,0,0,0,B,-0.0051718958671883,9.787000000000036,8.634301020408172,1,0.9289147362592839,1
2022-10-24 16:00:00,1651.789,1652.632,1647.724,1650.328,14658.0,200.0,0.0,0.0,0,0,1,bullish,0,none,0,0,0,0,1,1,0,0,0,0,2,2,0,2,10.770928571428596,16,0,0,0,B,-0.0008869150069045,4.908000000000129,8.918306122448987,1,0.8905093578688749,1
2022-10-25 04:00:00,1651.562,1652.19,1644.435,1645.149,14740.0,200.0,0.0,0.0,0,0,1,bullish,0,none,0,0,0,0,0,1,0,0,0,0,1,1,0,1,10.176857142857184,4,1,0,0,B,-0.0039915434734965,7.755000000000109,9.166000000000007,1,0.6701274954550858,1
2022-10-25 12:00:00,1643.793,1662.281,1639.014,1656.011,35138.0,200.0,0.0,0.0,0,0,1,bullish,0,none,0,0,0,0,0,1,1,1,0,0,3,3,0,3,11.19450000000003,12,1,0,0,B,0.0066024414809844,23.267000000000053,9.38247959183674,1,0.7065090540210905,1
2022-10-25 20:00:00,1653.931,1653.931,1651.066,1652.755,6532.0,200.0,0.0,0.0,0,0,1,bullish,0,none,0,0,0,0,0,1,0,0,0,0,1,1,0,1,8.795000000000025,20,1,0,0,B,-0.0007327836649703,2.865000000000009,9.505739795918371,1,0.6988837463512665,1
2022-10-26 16:00:00,1667.145,1668.947,1663.54,1664.709,17906.0,200.0,0.0,0.0,0,0,1,bullish,0,none,0,0,0,0,0,1,0,1,0,0,2,2,0,2,8.96942857142858,16,2,0,0,B,0.0072327719474452,5.406999999999925,9.6463418367347,1,0.9032987837399528,1
2022-10-26 20:00:00,1664.748,1667.555,1663.237,1667.513,6038.0,200.0,0.0,0.0,0,0,1,bullish,0,none,0,0,0,0,0,1,0,0,0,0,1,1,0,1,8.535214285714298,20,2,0,0,B,0.0016843784709519,4.317999999999984,9.694653061224496,1,0.8967049249983963,1
2022-10-30 20:00:00,1643.727,1645.373,1643.003,1643.446,4695.0,200.0,0.0,0.0,0,0,1,bullish,0,none,0,0,0,0,0,1,0,0,0,0,0,0,0,0,7.374500000000061,20,6,0,0,B,-0.0006093230068693,2.3700000000001182,9.021489795918397,1,0.6874723831497045,1
2022-10-31 08:00:00,1641.132,1642.019,1635.609,1639.772,16574.0,200.0,0.0,0.0,0,0,1,bullish,0,none,0,0,0,0,0,1,0,1,0,0,1,1,0,1,6.841357142857207,8,0,0,0,B,-0.00277376906016,6.410000000000082,8.565454081632685,1,0.8546483110223027,1
2022-11-16 04:00:00,1771.845,1777.691,1770.272,1776.719,18818.0,200.0,0.0,0.0,0,0,1,bullish,0,none,0,0,0,0,0,0,0,0,0,0,1,1,0,1,10.353,4,2,1,1,B,-0.0022614117903395,7.419000000000096,10.629999999999992,1,0.9403649651564611,1
2022-11-16 16:00:00,1779.635,1779.994,1770.898,1774.443,18687.0,200.0,0.0,0.0,0,0,1,bullish,0,none,0,0,0,0,0,0,0,0,0,0,1,1,0,1,10.673642857142877,16,2,1,1,B,-0.0029000833893383,9.096000000000004,10.587096938775504,1,0.7955339646825308,1
2022-11-17 00:00:00,1773.862,1774.762,1763.04,1763.884,13638.0,200.0,0.0,0.0,0,0,1,bullish,0,none,0,0,0,0,0,0,0,0,0,0,1,1,0,1,9.813214285714285,0,3,1,1,B,-0.0056143638416703,11.72199999999998,10.259581632653052,1,0.9955624719913548,1
2022-11-17 04:00:00,1763.916,1768.993,1761.256,1766.932,14780.0,200.0,0.0,0.0,0,0,1,bullish,0,none,0,0,0,0,0,0,0,0,0,0,1,1,0,1,9.993428571428565,4,3,1,1,B,0.0017280047894305,7.736999999999853,10.176260204081627,1,0.9608320994980074,1
2022-11-17 08:00:00,1766.964,1770.99,1761.455,1765.534,22166.0,200.0,0.0,0.0,0,0,1,bullish,0,none,0,0,0,0,0,0,1,1,0,0,3,3,0,3,10.299071428571422,8,3,1,1,B,-0.0007912019251448,9.535000000000082,10.128372448979588,1,0.815602631470154,1
2022-11-17 12:00:00,1765.565,1767.519,1754.443,1760.195,35717.0,200.0,0.0,0.0,0,0,1,bullish,0,none,0,0,0,0,0,0,1,1,0,0,3,3,0,3,10.12342857142856,12,3,1,1,B,-0.0030240142642397,13.076000000000022,10.05698979591836,1,0.8922482056501979,1
2022-11-17 20:00:00,1760.756,1761.365,1759.341,1760.058,7128.0,200.0,0.0,0.0,0,0,1,bullish,0,none,0,0,0,0,0,0,0,0,0,0,0,0,0,0,8.73492857142857,20,3,1,1,B,-7.783228562741051e-05,2.0240000000001146,10.018704081632649,1,0.9038406580100251,1
2022-11-18 00:00:00,1760.026,1765.676,1759.935,1764.81,12283.0,200.0,0.0,0.0,0,0,1,bullish,1,bullish_engulfing,0,0,1,0,0,0,0,0,0,1,0,1,1,1,7.875571428571431,0,4,1,1,A,0.0026999110256593,5.7409999999999854,9.91851020408163,1,0.9108834668467324,1
2022-11-18 20:00:00,1748.331,1751.078,1747.592,1750.852,4844.0,200.0,0.0,0.0,0,0,1,bullish,0,none,0,0,0,0,1,0,0,0,0,0,1,1,0,1,7.90107142857138,20,4,1,1,B,-0.0036579258854593,3.4859999999998763,9.508346938775505,1,0.8469652359088093,1
2022-11-28 16:00:00,1745.408,1746.762,1739.607,1740.238,18176.0,200.0,0.0,0.0,0,0,1,bullish,0,none,0,0,0,0,0,1,1,1,0,0,3,3,0,3,7.206999999999978,16,0,1,1,B,-0.0060088258914138,7.154999999999973,6.965668367346914,1,0.8216202921477018,1
2022-11-29 00:00:00,1741.252,1750.498,1740.23,1750.434,14459.0,200.0,0.0,0.0,0,0,1,bullish,0,none,0,0,0,0,1,1,1,0,0,0,3,3,0,3,7.602571428571407,0,1,1,1,B,0.0058589687157732,10.268000000000027,7.00020408163263,1,0.9878444958626358,1
2022-11-29 04:00:00,1750.409,1755.029,1750.022,1753.903,15229.0,200.0,0.0,0.0,0,0,1,bullish,0,none,0,0,0,0,0,1,1,1,0,0,3,3,0,3,7.852571428571423,4,1,1,1,B,0.0019817942293167,5.007000000000062,7.092724489795897,1,0.7589180038431981,1
2022-11-29 20:00:00,1750.242,1750.386,1747.829,1748.884,5864.0,200.0,0.0,0.0,0,0,1,bullish,0,none,0,0,0,0,1,1,0,0,0,0,2,2,0,2,7.718642857142852,20,1,1,1,B,-0.0007673290378905,2.5570000000000164,7.188469387755082,1,0.8495488355846107,1
2022-11-30 20:00:00,1767.77,1773.44,1766.279,1773.332,12391.0,200.0,0.0,0.0,0,0,1,bullish,0,none,0,0,0,1,0,1,0,0,0,1,0,1,1,1,8.416499999999994,20,2,1,1,A,0.0139792004501155,7.161000000000058,7.217479591836715,1,0.9808863703469524,1
2022-12-01 00:00:00,1773.354,1780.006,1771.933,1776.573,18563.0,200.0,0.0,0.0,0,0,1,bullish,0,none,0,0,0,0,0,1,1,1,0,0,2,2,0,2,8.48207142857143,0,3,1,1,B,0.0018276329531075,8.073000000000093,7.2851785714285535,1,0.9797994446855156,1
2022-12-01 04:00:00,1776.543,1783.658,1774.618,1775.374,16539.0,200.0,0.0,0.0,0,0,1,bullish,0,none,0,0,0,0,0,1,0,0,0,0,0,0,0,0,8.953642857142865,4,3,1,1,B,-0.0006748948678158,9.039999999999964,7.4147857142857,1,0.9426008842507426,1
2022-12-01 12:00:00,1780.476,1804.091,1780.476,1796.444,40322.0,200.0,0.0,0.0,0,0,1,bullish,0,none,0,0,0,0,0,0,1,1,0,0,2,2,0,2,10.019285714285695,12,3,1,1,B,0.0118679219139177,23.61499999999978,7.637438775510192,1,0.9930504221253899,1
2022-12-02 00:00:00,1802.284,1802.49,1795.526,1798.165,13380.0,200.0,0.0,0.0,0,0,1,bullish,0,none,0,0,0,0,1,0,0,0,0,0,1,1,0,1,9.529428571428571,0,4,1,1,B,0.0009580037006442,6.963999999999942,7.902954081632643,1,0.9358451692871438,1
2022-12-02 04:00:00,1798.18,1802.506,1795.794,1801.664,14552.0,200.0,0.0,0.0,0,0,1,bullish,0,none,0,0,0,0,1,0,0,0,0,0,1,1,0,1,9.826214285714286,4,4,1,1,B,0.0019458725978984,6.711999999999989,8.211867346938769,1,0.9670209781126667,1
2022-12-02 08:00:00,1801.665,1802.96,1797.914,1798.449,17978.0,200.0,0.0,0.0,0,0,1,bullish,0,none,0,0,0,0,1,0,0,1,0,0,3,3,0,3,9.685785714285725,8,4,1,1,B,-0.0017844614756136,5.046000000000049,8.500127551020404,1,0.9851546370369823,1
2022-12-02 12:00:00,1798.455,1800.937,1778.425,1785.69,45526.0,200.0,0.0,0.0,0,0,1,bullish,0,none,0,0,0,0,0,1,1,1,0,0,3,3,0,3,11.015999999999996,12,4,1,1,B,-0.0070944463812985,22.511999999999944,8.772198979591833,1,0.8493682115400387,1
2022-12-02 20:00:00,1798.485,1799.446,1797.141,1797.945,5522.0,200.0,0.0,0.0,0,0,1,bullish,0,none,0,0,0,0,0,0,0,0,0,0,1,1,0,1,10.480285714285694,20,4,1,1,B,-0.0003174839701176,2.3049999999998363,9.233214285714284,1,0.8789237193822114,1
2022-12-05 08:00:00,1799.85,1800.466,1793.248,1793.825,18656.0,200.0,0.0,0.0,0,0,1,bullish,0,none,0,0,0,0,0,1,0,1,0,0,2,2,0,2,9.513999999999962,8,0,1,1,B,-0.0022915050237909,7.217999999999847,9.35552040816326,1,0.8651858690291253,1
2022-12-05 20:00:00,1768.098,1770.278,1766.618,1769.348,7575.0,200.0,0.0,0.0,0,0,1,bullish,0,none,0,0,0,0,0,1,0,0,0,0,1,1,0,1,9.88878571428568,20,0,1,1,B,-0.0048045717114107,3.660000000000082,9.701091836734683,1,0.9486347831115954,1
2022-12-06 00:00:00,1769.314,1776.251,1768.255,1771.976,15452.0,200.0,0.0,0.0,0,0,1,bullish,0,none,0,0,0,0,0,1,0,0,0,0,1,1,0,1,10.22257142857138,0,1,1,1,B,0.0014852928875497,7.995999999999867,9.879943877551009,1,0.9543504303435014,1
2022-12-06 12:00:00,1778.858,1780.835,1770.751,1772.522,23764.0,200.0,0.0,0.0,0,0,1,bullish,0,none,0,0,0,0,0,1,1,1,0,0,3,3,0,3,10.83535714285709,12,1,1,1,B,0.0003081305841612,10.08400000000006,10.052719387755085,1,0.8249063199899318,1
2022-12-06 16:00:00,1772.511,1776.273,1767.201,1771.336,17074.0,200.0,0.0,0.0,0,0,1,bullish,0,none,0,0,0,0,0,1,0,1,0,0,2,2,0,2,9.875357142857084,16,1,1,1,B,-0.0006691031197355,9.071999999999887,10.152239795918346,1,0.9043108309927045,1
2022-12-06 20:00:00,1771.368,1772.711,1770.232,1770.915,6173.0,200.0,0.0,0.0,0,0,1,bullish,0,none,0,0,0,0,0,1,0,0,0,0,1,1,0,1,9.04928571428567,20,1,1,1,B,-0.0002376737106907,2.479000000000042,10.159071428571403,1,0.9721311443570922,1
2022-12-07 00:00:00,1770.918,1775.166,1768.683,1773.149,13439.0,200.0,0.0,0.0,0,0,1,bullish,0,none,0,0,0,0,0,1,0,0,0,0,1,1,0,1,9.347714285714249,0,2,1,1,B,0.0012614947640061,6.482999999999947,10.1111020408163,1,0.9796984499859965,1
2022-12-07 20:00:00,1789.765,1790.104,1785.417,1786.964,6608.0,200.0,0.0,0.0,0,0,1,bullish,0,none,0,0,0,0,0,1,0,0,0,0,1,1,0,1,8.333499999999958,20,2,1,1,B,-0.0015828610730714,4.6870000000001255,10.024499999999966,1,0.916290985627193,1
2022-12-08 00:00:00,1786.974,1788.067,1781.372,1783.872,13291.0,200.0,0.0,0.0,0,0,1,bullish,0,none,0,0,0,0,0,1,0,0,0,0,1,1,0,1,7.839499999999963,0,3,1,1,B,-0.0017303090605069,6.694999999999936,9.892622448979555,1,0.9804092676750716,1
2022-12-08 04:00:00,1783.866,1787.104,1781.819,1785.908,12008.0,200.0,0.0,0.0,0,0,1,bullish,0,none,0,0,0,0,0,1,0,0,0,0,1,1,0,1,7.955571428571391,4,3,1,1,B,0.0011413374950668,5.285000000000082,9.674020408163228,1,0.8587856810878404,1
2022-12-08 20:00:00,1789.499,1790.221,1787.644,1789.207,5287.0,200.0,0.0,0.0,0,0,1,bullish,5,doji,0,0,1,0,0,1,0,0,0,1,0,1,1,1,7.123714285714267,20,3,1,1,A,0.001847239611447,2.576999999999998,9.366494897959145,1,0.8885859202255332,1
2022-12-09 00:00:00,1789.21,1795.654,1788.466,1795.186,12859.0,200.0,0.0,0.0,0,0,1,bullish,0,none,0,0,0,1,0,1,0,0,0,1,0,1,1,1,6.989142857142854,0,4,1,1,A,0.0033417038945184,7.188000000000102,9.11712755102037,1,0.9015657572416895,1
2022-12-09 04:00:00,1795.191,1797.668,1790.955,1792.727,12321.0,200.0,0.0,0.0,0,0,1,bullish,0,none,0,0,0,0,0,1,0,0,0,0,0,0,0,0,7.29157142857142,4,4,1,1,B,-0.0013697744969044,6.712999999999965,8.95838265306119,1,0.7919400494892019,1
2022-12-09 12:00:00,1800.41,1805.55,1790.086,1796.796,35240.0,200.0,0.0,0.0,0,0,1,bullish,0,none,0,0,0,0,0,0,1,1,0,0,2,2,0,2,8.406000000000015,12,4,1,1,B,0.0022697265116216,15.463999999999942,8.78341326530609,1,0.875295354489091,1
2022-12-12 00:00:00,1794.938,1794.949,1786.757,1787.474,13348.0,200.0,0.0,0.0,0,0,1,bullish,0,none,0,0,0,0,0,1,0,1,0,0,1,1,0,1,7.359285714285712,0,0,1,1,B,-0.0041672377119413,8.192000000000007,8.17281632653059,1,0.8422148886951614,1
2022-12-12 04:00:00,1787.476,1791.935,1785.437,1791.216,12510.0,200.0,0.0,0.0,0,0,1,bullish,0,none,0,0,0,0,0,1,0,0,0,0,0,0,0,0,7.345214285714292,4,0,1,1,B,0.0020934570237105,6.498000000000047,7.992091836734677,1,0.9656133997529283,1
2022-12-13 00:00:00,1781.894,1786.0,1780.983,1782.452,10887.0,200.0,0.0,0.0,0,0,1,bullish,0,none,0,0,0,0,0,1,0,0,0,0,1,1,0,1,7.67328571428571,0,1,1,1,B,-0.0066274917184219,5.017000000000053,7.756928571428561,1,0.7347987752421242,1
2022-12-13 04:00:00,1782.483,1788.586,1781.091,1787.932,11302.0,200.0,0.0,0.0,0,0,1,bullish,0,none,0,0,0,0,0,1,0,0,0,0,1,1,0,1,7.695214285714282,4,1,1,1,B,0.0030744165901803,7.495000000000118,7.605892857142849,0,0.5284420747813333,1
2022-12-13 08:00:00,1787.963,1788.336,1782.555,1787.493,15171.0,200.0,0.0,0.0,0,0,1,bullish,0,none,0,0,0,0,0,1,1,1,0,0,3,3,0,3,7.628642857142852,8,1,1,1,B,-0.0002455350650919,5.780999999999949,7.555545918367342,1,0.9180591683810146,1
2022-12-13 16:00:00,1809.725,1815.123,1805.3,1811.366,28150.0,200.0,0.0,0.0,0,0,1,bullish,0,none,0,0,0,0,0,0,1,1,0,0,3,3,0,3,9.063428571428563,16,1,1,1,B,0.0133555767770838,9.823000000000093,7.642969387755099,1,0.9239384626793489,1
2022-12-14 08:00:00,1808.98,1810.106,1805.248,1806.645,16381.0,200.0,0.0,0.0,0,0,1,bullish,0,none,0,0,0,0,0,0,0,1,0,0,2,2,0,2,8.476285714285707,8,2,1,1,B,-0.0016263370446754,4.857999999999947,7.783785714285714,1,0.7694679918167324,1
2022-12-27 16:00:00,1824.619,1826.289,1810.391,1812.975,21547.0,200.0,0.0,0.0,0,0,1,bullish,0,none,0,0,0,0,0,1,1,1,1,0,4,4,0,4,8.82650000000001,16,1,1,1,B,0.0017598726924117,15.89799999999991,8.021137755102048,1,0.7644342428461469,1
2022-12-28 12:00:00,1803.216,1809.412,1797.98,1797.98,24082.0,200.0,0.0,0.0,0,0,1,bullish,0,none,0,0,0,0,0,1,1,1,0,0,3,3,0,3,8.984999999999998,12,2,1,1,B,-0.0067007014494706,11.432000000000016,8.05467857142858,1,0.9582347399292339,1
2022-12-29 00:00:00,1805.728,1809.34,1805.094,1807.547,10861.0,200.0,0.0,0.0,0,0,1,bullish,0,none,0,0,0,0,0,1,0,0,0,0,1,1,0,1,8.758142857142843,0,3,1,1,B,0.0053209713122504,4.245999999999867,8.115724489795927,1,0.758530719076688,1
2022-12-29 04:00:00,1807.579,1810.106,1804.8,1806.281,10602.0,200.0,0.0,0.0,0,0,1,bullish,0,none,0,0,0,0,0,1,0,0,0,0,1,1,0,1,8.807285714285708,4,3,1,1,B,-0.000700396725507,5.30600000000004,8.188198979591846,1,0.9590923891878995,1
2022-12-29 12:00:00,1806.683,1818.04,1805.193,1813.519,24588.0,200.0,0.0,0.0,0,0,1,bullish,0,none,0,0,0,0,0,1,1,1,0,0,3,3,0,3,9.498785714285711,12,3,1,1,B,0.0040071284589717,12.84699999999998,8.285122448979601,1,0.6834482648031006,1
2022-12-29 20:00:00,1817.23,1817.232,1813.706,1815.096,6080.0,200.0,0.0,0.0,0,0,1,bullish,0,none,0,0,0,0,0,1,0,0,0,0,1,1,0,1,7.800428571428564,20,3,1,1,B,-0.0011930022275243,3.526000000000068,8.348362244897967,1,0.988060325496396,1
2022-12-30 00:00:00,1815.108,1819.076,1814.722,1816.893,10199.0,200.0,0.0,0.0,0,0,1,bullish,0,none,0,0,0,0,0,1,0,0,0,0,1,1,0,1,6.975857142857145,0,4,1,1,B,0.0009900302793901,4.354000000000042,8.307214285714293,1,0.8005111714222813,1
2022-12-30 08:00:00,1816.728,1820.202,1813.189,1818.917,15087.0,200.0,0.0,0.0,0,0,1,bullish,0,none,0,0,0,0,0,1,1,1,0,0,3,3,0,3,7.437785714285708,8,4,1,1,B,0.0011139896515643,7.01299999999992,8.31342346938776,1,0.7765488320313167,1
2022-12-30 20:00:00,1821.681,1824.68,1821.405,1823.51,5118.0,200.0,0.0,0.0,0,0,1,bullish,0,none,0,0,0,0,0,1,0,0,0,0,1,1,0,1,7.241785714285697,20,4,1,1,B,0.0025251289641035,3.275000000000091,8.243545918367348,1,0.8253746975689128,1
2023-01-02 20:00:00,1825.968,1830.46,1823.998,1829.131,2383.0,834.0,0.0,0.0,0,0,1,bullish,0,none,0,0,0,1,0,0,0,0,0,1,0,1,1,1,6.863642857142834,20,0,1,1,A,0.0030825166848551,6.461999999999989,8.183923469387752,1,0.8649673089484283,1
2023-01-03 20:00:00,1839.045,1839.853,1836.484,1836.522,8048.0,200.0,0.0,0.0,0,0,1,bullish,0,none,0,0,0,0,0,0,0,0,1,0,1,1,0,1,9.835285714285728,20,1,1,1,B,-0.0013670205477217,3.369000000000142,8.496030612244894,1,0.9398902294439929,1
2023-01-04 16:00:00,1857.725,1860.354,1847.026,1852.451,27862.0,200.0,0.0,0.0,0,0,1,bullish,0,none,0,0,0,0,0,0,1,1,0,0,2,2,0,2,11.79607142857146,16,2,1,1,B,0.0086734599422169,13.327999999999976,8.708142857142855,1,0.9316935512326453,1
2023-01-04 20:00:00,1852.427,1857.144,1851.319,1854.827,8663.0,200.0,0.0,0.0,0,0,1,bullish,0,none,0,0,0,0,0,0,0,0,0,0,0,0,0,0,11.376500000000046,20,2,1,1,B,0.0012826250195012,5.8250000000000455,8.950010204081634,1,0.990159145242571,1
2023-01-05 00:00:00,1854.794,1858.971,1853.295,1853.296,14433.0,200.0,0.0,0.0,0,0,1,bullish,6,shooting_star,0,0,1,0,0,0,0,0,0,1,0,1,1,1,11.548000000000034,0,3,1,1,A,-0.000825413906526,5.675999999999931,9.133081632653065,1,0.9716911620864377,1
2023-01-05 04:00:00,1853.292,1855.609,1847.863,1849.273,14346.0,200.0,0.0,0.0,0,0,1,bullish,0,none,0,0,0,0,1,0,0,0,0,0,1,1,0,1,11.604857142857163,4,3,1,1,B,-0.0021707271801159,7.745999999999867,9.336418367346946,1,0.9734010699569193,1
2023-01-05 20:00:00,1834.246,1834.246,1831.544,1832.799,7088.0,200.0,0.0,0.0,0,0,1,bullish,0,none,0,0,0,0,0,1,0,0,0,0,1,1,0,1,10.059571428571433,20,3,1,1,B,-0.0008052223329532,2.701999999999998,9.654494897959196,1,0.9699107157184874,1
2023-01-06 00:00:00,1832.8,1840.824,1831.265,1839.281,13351.0,200.0,0.0,0.0,0,0,1,bullish,0,none,0,0,0,0,0,1,0,0,0,0,1,1,0,1,9.886285714285709,0,4,1,1,B,0.0035366671413503,9.558999999999967,9.80348469387756,1,0.9812508956367095,1
2023-01-06 04:00:00,1839.277,1840.649,1835.731,1838.339,12906.0,200.0,0.0,0.0,0,0,1,bullish,0,none,0,0,0,0,0,1,0,0,0,0,1,1,0,1,9.996928571428546,4,4,1,1,B,-0.000512156652518,4.917999999999893,10.019275510204093,1,0.9901378572427917,1
2023-01-06 08:00:00,1838.372,1840.472,1833.233,1836.638,16271.0,200.0,0.0,0.0,0,0,1,bullish,0,none,0,0,0,0,0,1,0,1,0,0,2,2,0,2,9.731357142857112,8,4,1,1,B,-0.0009252917987379,7.239000000000033,10.183102040816332,1,0.92083264770617,1
2023-01-06 20:00:00,1868.811,1869.312,1865.636,1865.989,5508.0,200.0,0.0,0.0,0,0,1,bullish,0,none,0,0,0,0,0,0,0,0,0,0,1,1,0,1,10.177071428571384,20,4,1,1,B,0.0159808301908161,3.675999999999931,10.392765306122453,1,0.8293556326363457,1
2023-01-09 04:00:00,1877.144,1880.917,1873.728,1875.028,14377.0,200.0,0.0,0.0,0,0,1,bullish,6,shooting_star,0,0,1,0,0,0,0,0,0,1,0,1,1,1,10.080999999999936,4,0,1,1,A,0.0048440800026152,7.188999999999851,10.622576530612248,1,0.9860992936930812,1
2023-01-09 08:00:00,1875.059,1876.916,1870.49,1873.012,18113.0,200.0,0.0,0.0,0,0,1,bullish,0,none,0,0,0,0,0,0,0,1,0,0,1,1,0,1,9.986714285714228,8,0,1,1,B,-0.0010751839439198,6.425999999999931,10.608392857142857,1,0.9824467037620471,1
2023-01-09 20:00:00,1875.158,1875.158,1869.176,1870.49,7765.0,200.0,0.0,0.0,0,0,1,bullish,0,none,0,0,0,0,0,0,0,0,0,0,1,1,0,1,8.668142857142811,20,0,1,1,B,-0.0013464943097,5.981999999999971,10.525025510204074,1,0.9651025539490931,1
2023-01-10 00:00:00,1870.477,1875.925,1867.789,1871.82,15889.0,200.0,0.0,0.0,0,0,1,bullish,0,none,0,0,0,0,0,0,0,0,0,0,1,1,0,1,9.05414285714281,0,1,1,1,B,0.0007110436302786,8.135999999999967,10.329173469387742,1,0.9477916606574527,1
2023-01-10 08:00:00,1871.987,1877.221,1871.581,1875.153,18261.0,200.0,0.0,0.0,0,0,1,bullish,0,none,0,0,0,0,0,0,0,1,0,0,2,2,0,2,8.750999999999976,8,1,1,1,B,0.0017806199314036,5.6400000000001,10.141637755102025,1,0.9648156776527077,1
2023-01-10 20:00:00,1876.591,1878.673,1875.908,1877.167,6345.0,200.0,0.0,0.0,0,0,1,bullish,0,none,0,0,0,0,0,0,0,0,0,0,0,0,0,0,6.863857142857147,20,1,1,1,B,0.0010740456912048,2.7650000000001,9.80705612244896,1,0.9892416372496434,1
2023-01-11 00:00:00,1877.196,1878.396,1872.009,1877.662,12759.0,200.0,0.0,0.0,0,0,1,bullish,0,none,0,0,0,0,0,0,0,0,0,0,0,0,0,0,7.0575000000000045,0,2,1,1,B,0.000263695238623,6.386999999999944,9.482244897959164,1,0.9835792264036465,1
2023-01-11 04:00:00,1877.698,1884.555,1876.908,1881.597,14108.0,200.0,0.0,0.0,0,0,1,bullish,0,none,0,0,0,0,0,0,0,1,0,0,1,1,0,1,7.325142857142883,4,2,1,1,B,0.0020956913438094,7.647000000000162,9.220760204081612,1,0.9565159606345321,1
2023-01-11 12:00:00,1882.976,1883.268,1869.263,1871.973,29502.0,200.0,0.0,0.0,0,0,1,bullish,0,none,0,0,0,0,0,0,1,1,0,0,2,2,0,2,7.330285714285765,12,2,1,1,B,-0.0051148040733483,14.00500000000011,8.926357142857125,1,0.9017295847786693,1
2023-01-11 20:00:00,1877.71,1878.045,1874.466,1876.939,6751.0,200.0,0.0,0.0,0,0,1,bullish,0,none,0,0,0,0,0,0,0,0,0,0,1,1,0,1,7.278357142857219,20,2,1,1,B,0.0026528160395475,3.5790000000001783,8.727698979591823,1,0.8867211861435521,1
2023-01-12 04:00:00,1883.523,1884.961,1879.851,1882.439,12137.0,200.0,0.0,0.0,0,0,1,bullish,0,none,0,0,0,0,0,0,0,0,0,0,1,1,0,1,7.174500000000064,4,3,1,1,B,0.0029303030093146,5.1099999999999,8.533999999999992,1,0.978734824249031,1
2023-01-12 12:00:00,1885.138,1901.404,1873.231,1888.811,60684.0,200.0,0.0,0.0,0,0,1,bullish,0,none,0,0,0,0,0,0,1,1,0,0,3,3,0,3,8.639428571428637,12,3,1,1,B,0.0033849702433916,28.173,8.437035714285713,1,0.92845063326448,1
2023-01-12 16:00:00,1888.808,1899.509,1888.359,1897.745,23679.0,200.0,0.0,0.0,0,0,1,bullish,0,none,0,0,0,0,0,0,1,1,0,0,2,2,0,2,9.033000000000063,16,3,1,1,B,0.0047299597471637,11.150000000000093,8.387153061224494,1,0.9797832534614785,1
2023-01-13 08:00:00,1899.557,1909.644,1897.951,1899.542,21315.0,200.0,0.0,0.0,0,0,1,bullish,0,none,0,0,0,0,1,0,1,1,0,0,3,3,0,3,9.311357142857188,8,4,1,1,B,0.0009469133102708,11.692999999999984,8.325316326530624,1,0.9718777552876097,1
2023-01-15 20:00:00,1919.066,1920.45,1916.844,1916.893,2928.0,200.0,0.0,0.0,0,0,1,bullish,0,none,0,0,0,0,0,0,0,0,0,0,0,0,0,0,9.507285714285738,20,6,1,1,B,0.0091343071119249,3.6059999999999945,8.284336734693897,1,0.9473138664373218,1
2023-01-17 04:00:00,1910.229,1913.205,1906.949,1910.003,13884.0,200.0,0.0,0.0,0,0,1,bullish,5,doji,0,0,1,0,0,0,0,0,0,1,0,1,1,1,8.832499999999998,4,1,1,1,A,-0.0026521057583958,6.255999999999858,8.468367346938804,1,0.9417826034764772,1
2023-01-17 12:00:00,1912.504,1916.58,1907.033,1911.007,30531.0,200.0,0.0,0.0,0,0,1,bullish,0,none,0,0,0,0,0,0,1,1,0,0,2,2,0,2,8.735214285714278,12,1,1,1,B,0.0005256536246278,9.547000000000024,8.60203571428574,1,0.9119430613359801,1
2023-01-17 16:00:00,1911.029,1913.284,1903.633,1907.881,18725.0,200.0,0.0,0.0,0,0,1,bullish,0,none,0,0,0,0,0,0,1,1,0,0,2,2,0,2,7.812071428571422,16,1,1,1,B,-0.0016357867867569,9.651000000000067,8.655933673469415,1,0.9176055793252136,1
2023-01-17 20:00:00,1907.851,1910.752,1907.482,1908.691,7569.0,200.0,0.0,0.0,0,0,1,bullish,4,inverted_hammer,0,0,1,0,0,0,0,0,0,1,0,1,1,1,7.156285714285706,20,1,1,1,A,0.0004245547809322,3.269999999999982,8.643872448979616,1,0.8952256924444176,1
2023-01-18 00:00:00,1908.674,1910.319,1899.183,1900.092,20332.0,200.0,0.0,0.0,0,0,1,bullish,0,none,0,0,0,0,1,0,1,1,0,0,3,3,0,3,7.738571428571423,0,2,1,1,B,-0.0045051818235638,11.135999999999967,8.673035714285733,1,0.9811451090732475,1
2023-01-18 16:00:00,1912.234,1912.739,1901.547,1905.061,24057.0,200.0,0.0,0.0,0,0,1,bullish,0,none,0,0,0,0,0,0,1,1,0,0,3,3,0,3,8.395500000000002,16,2,1,1,B,-0.0055260703041843,11.192000000000007,8.821739795918377,1,0.8573675618859002,1
2023-01-18 20:00:00,1905.092,1907.306,1902.275,1906.818,7999.0,200.0,0.0,0.0,0,0,1,bullish,0,none,0,0,0,0,0,0,0,0,0,0,1,1,0,1,8.337285714285713,20,2,1,1,B,0.000922280178955,5.030999999999949,8.80015816326531,1,0.9480135210980555,1
2023-01-19 04:00:00,1908.95,1912.885,1906.368,1911.28,14929.0,200.0,0.0,0.0,0,0,1,bullish,0,none,0,0,0,0,0,0,0,0,0,0,1,1,0,1,9.026857142857123,4,3,1,1,B,0.0023400240610274,6.517000000000053,8.7997193877551,1,0.9856292313306919,1
2023-01-19 20:00:00,1929.62,1935.129,1929.281,1931.68,9673.0,200.0,0.0,0.0,0,0,1,bullish,0,none,0,0,0,0,0,0,0,0,0,0,0,0,0,0,9.904071428571408,20,3,1,1,B,0.0106734753672932,5.847999999999956,8.842056122448973,1,0.9335922016413274,1
2023-01-20 00:00:00,1931.683,1934.797,1927.466,1927.535,13219.0,200.0,0.0,0.0,0,0,1,bullish,2,bearish_engulfing,0,0,1,0,0,0,0,0,0,1,0,1,1,1,9.738357142857126,0,4,1,1,A,-0.0021458005466743,7.331000000000131,8.858561224489787,1,0.9187596392361468,1
2023-01-20 20:00:00,1929.629,1929.944,1925.9,1925.916,5023.0,200.0,0.0,0.0,0,0,1,bullish,0,none,0,0,0,0,0,0,0,0,0,0,1,1,0,1,9.237357142857132,20,4,1,1,B,-0.0019366176198518,4.043999999999869,8.80353061224489,1,0.8881675907760517,1
2023-01-22 20:00:00,1924.243,1927.327,1924.189,1927.258,2521.0,200.0,0.0,0.0,0,0,1,bullish,0,none,0,0,0,0,0,0,0,0,0,0,1,1,0,1,8.662071428571412,20,6,1,1,B,0.0006968112835659,3.13799999999992,8.791357142857134,1,0.8141262430668671,1
2023-01-23 04:00:00,1930.6,1931.158,1919.641,1920.224,13917.0,200.0,0.0,0.0,0,0,1,bullish,0,none,0,0,0,0,0,0,0,1,0,0,2,2,0,2,9.013214285714266,4,0,1,1,B,-0.0053760405427735,11.516999999999824,8.888270408163255,1,0.751846549361949,1
2023-01-23 08:00:00,1920.258,1929.315,1918.778,1925.518,17985.0,200.0,0.0,0.0,0,0,1,bullish,0,none,0,0,0,0,0,0,1,1,0,0,3,3,0,3,9.300357142857122,8,0,1,1,B,0.0027569700201643,10.537000000000036,9.041418367346926,1,0.8327191762253277,1
2023-01-23 20:00:00,1926.407,1932.692,1925.96,1931.325,7598.0,200.0,0.0,0.0,0,0,1,bullish,0,none,0,0,0,0,0,0,0,0,0,0,1,1,0,1,8.829428571428561,20,0,1,1,B,0.0030158118490712,6.731999999999971,9.119336734693864,1,0.9131386438399562,1
2023-01-24 00:00:00,1931.313,1937.001,1930.77,1933.435,9893.0,200.0,0.0,0.0,0,0,1,bullish,0,none,0,0,0,0,0,0,0,0,0,0,1,1,0,1,8.856785714285706,0,1,1,1,B,0.001092514206568,6.2309999999999945,9.170591836734683,1,0.8925932489655938,1
2023-01-24 12:00:00,1937.201,1939.386,1916.962,1934.973,35929.0,200.0,0.0,0.0,0,0,1,bullish,0,none,0,0,0,0,0,0,1,1,0,0,3,3,0,3,9.715499999999988,12,1,1,1,B,0.0007954754103447,22.42399999999997,9.264877551020394,1,0.77370154758402,1
2023-01-24 20:00:00,1938.087,1938.191,1936.271,1936.963,6418.0,200.0,0.0,0.0,0,0,1,bullish,0,none,0,0,0,0,0,0,0,0,0,0,1,1,0,1,9.107928571428554,20,1,1,1,B,-0.0005639671918665,1.9200000000000728,9.357612244897943,1,0.9639557724663091,1
2023-01-25 00:00:00,1936.953,1939.66,1928.724,1931.738,12104.0,200.0,0.0,0.0,0,0,1,bullish,0,none,0,0,0,0,0,0,0,0,0,0,1,1,0,1,9.600214285714287,0,2,1,1,B,-0.0026975218421827,10.93600000000015,9.335908163265293,1,0.9715162912752949,1
2023-01-25 04:00:00,1931.768,1933.736,1925.781,1928.702,15412.0,200.0,0.0,0.0,0,0,1,bullish,0,none,0,0,0,0,0,0,0,1,0,0,2,2,0,2,9.944285714285732,4,2,1,1,B,-0.0015716417029638,7.955000000000155,9.350617346938764,1,0.9116489607115785,1
2023-01-25 08:00:00,1928.733,1932.348,1922.687,1925.905,18117.0,200.0,0.0,0.0,0,0,1,bullish,0,none,0,0,0,0,0,0,1,1,0,0,3,3,0,3,10.046214285714314,8,2,1,1,B,-0.001450198112513,9.661000000000058,9.338826530612238,1,0.9293412253685546,1
2023-01-26 04:00:00,1947.675,1948.919,1938.023,1942.906,14477.0,200.0,0.0,0.0,0,0,1,bullish,0,none,0,0,0,0,0,0,0,0,0,0,1,1,0,1,10.145285714285754,4,3,1,1,B,0.0088275382222902,10.896000000000186,9.350285714285707,1,0.9549873302436027,1
2023-01-26 08:00:00,1942.876,1945.04,1933.068,1936.961,17593.0,200.0,0.0,0.0,0,0,1,bullish,0,none,0,0,0,0,0,0,1,1,0,0,3,3,0,3,10.55535714285718,8,3,1,1,B,-0.0030598495243722,11.97199999999998,9.44442857142857,1,0.9687889645294951,1
2023-01-26 12:00:00,1936.991,1942.332,1923.156,1924.812,39304.0,200.0,0.0,0.0,0,0,1,bullish,0,none,0,0,0,0,0,0,1,1,0,0,3,3,0,3,11.240714285714327,12,3,1,1,B,-0.0062721964975031,19.17600000000016,9.628617346938778,1,0.8817753172681182,1
2023-01-26 20:00:00,1931.215,1931.215,1928.269,1930.718,6713.0,200.0,0.0,0.0,0,0,1,bullish,0,none,0,0,0,0,0,0,0,0,0,0,1,1,0,1,10.321857142857182,20,3,1,1,B,-0.0002418204366748,2.9459999999999127,9.923683673469398,1,0.874574994625506,1
2023-01-27 00:00:00,1930.679,1934.79,1923.868,1924.694,11887.0,200.0,0.0,0.0,0,0,1,bullish,0,none,0,0,0,0,0,1,0,0,0,0,0,0,0,0,10.524857142857188,0,4,1,1,B,-0.0031200827878541,10.922000000000024,10.01114795918369,1,0.9280250672804216,1
2023-01-27 04:00:00,1924.699,1925.706,1919.812,1923.093,13009.0,200.0,0.0,0.0,0,0,1,bullish,0,none,0,0,0,0,0,1,0,0,0,0,0,0,0,0,10.808714285714329,4,4,1,1,B,-0.0008318205387453,5.8940000000000055,10.152525510204102,1,0.9593182982664972,1
2023-01-27 08:00:00,1923.126,1931.398,1922.962,1930.093,14660.0,200.0,0.0,0.0,0,0,1,bullish,0,none,0,0,0,0,0,1,0,1,0,0,1,1,0,1,10.630142857142882,8,4,1,1,B,0.0036399695698543,8.435999999999922,10.279193877551045,1,0.6797986003992983,1
2023-01-29 20:00:00,1926.737,1928.918,1926.408,1928.854,2431.0,200.0,0.0,0.0,0,0,1,bullish,0,none,0,0,0,0,0,1,0,0,0,0,1,1,0,1,9.415285714285735,20,6,1,1,B,0.0003054559409625,2.509999999999991,10.464464285714316,1,0.877521678755204,1
2023-01-30 08:00:00,1924.478,1930.707,1920.627,1923.154,19180.0,200.0,0.0,0.0,0,0,1,bullish,0,none,0,0,0,0,0,1,1,1,0,0,3,3,0,3,9.703071428571434,8,0,1,1,B,-0.0029551225753737,10.080000000000156,10.471811224489826,1,0.9154746229988545,1
2023-01-31 08:00:00,1914.386,1914.849,1901.123,1904.174,19727.0,200.0,0.0,0.0,0,0,1,bullish,0,none,0,0,0,0,0,1,1,1,0,0,2,2,0,2,8.264357142857127,8,1,1,1,B,-0.0093205881725559,13.725999999999884,10.046709183673494,1,0.9196394734186241,1
2023-02-02 16:00:00,1926.078,1926.273,1911.751,1913.204,27933.0,200.0,0.0,0.0,0,0,1,bullish,0,none,0,0,0,0,0,1,1,1,0,0,3,3,0,3,12.788214285714243,16,3,1,1,B,-0.0067031303946026,14.521999999999936,9.713673469387745,1,0.8467303064945696,1
2023-02-02 20:00:00,1913.172,1915.405,1911.211,1915.002,12162.0,200.0,0.0,0.0,0,0,1,bullish,0,none,0,0,0,0,0,1,0,0,0,0,1,1,0,1,11.051214285714243,20,3,1,1,B,0.0009397847798771,4.19399999999996,9.743749999999984,1,0.9051862437671645,1
2023-02-21 04:00:00,1838.387,1839.693,1833.525,1834.777,12951.0,200.0,0.0,0.0,0,0,1,bullish,0,none,0,0,0,0,0,0,0,1,1,0,3,3,0,3,6.4304285714285765,4,1,0,0,B,-0.0034175796778935,6.167999999999893,8.944857142857142,1,0.964323136406261,1
2023-02-21 08:00:00,1834.747,1836.748,1831.05,1833.791,19505.0,200.0,0.0,0.0,0,0,1,bullish,0,none,0,0,0,0,0,0,1,1,1,0,4,4,0,4,6.357785714285716,8,1,0,0,B,-0.0005373950076766,5.698000000000093,8.75073469387755,1,0.9706050995446488,1
2023-02-21 16:00:00,1838.742,1839.461,1831.687,1834.017,19023.0,200.0,0.0,0.0,0,0,1,bullish,0,none,0,0,0,0,0,0,1,1,1,0,4,4,0,4,5.935785714285722,16,1,0,0,B,-0.0025523328855556,7.774000000000115,8.294091836734697,1,0.936590768182607,1
2023-02-21 20:00:00,1834.048,1836.484,1834.048,1835.548,5904.0,200.0,0.0,0.0,0,0,1,bullish,0,none,0,0,0,0,0,0,0,0,1,0,2,2,0,2,5.450500000000001,20,1,0,0,B,0.0008347796121845,2.435999999999922,8.017918367346942,1,0.7852322082505232,1
2023-02-22 04:00:00,1836.152,1839.931,1834.592,1839.882,10305.0,200.0,0.0,0.0,0,0,1,bullish,0,none,0,0,0,0,0,0,0,0,1,0,2,2,0,2,5.593928571428576,4,2,0,0,B,0.0023611477335379,5.338999999999942,7.731668367346942,1,0.9105458356702949,1
2023-02-23 00:00:00,1825.086,1830.414,1823.143,1827.855,12325.0,200.0,0.0,0.0,0,0,1,bullish,0,none,0,0,0,0,0,0,0,0,0,0,0,0,0,0,7.089285714285698,0,3,0,0,B,-0.0059798210948033,7.270999999999958,7.249632653061228,1,0.8729321855461329,1
2023-02-23 16:00:00,1823.522,1824.11,1818.408,1822.92,21798.0,200.0,0.0,0.0,0,0,1,bullish,0,none,0,0,0,0,0,0,1,1,0,0,2,2,0,2,7.844428571428564,16,3,0,0,B,-0.0003328714079912,5.701999999999998,6.941035714285716,1,0.7862303413264047,1
2023-02-23 20:00:00,1822.938,1824.086,1822.135,1823.166,5922.0,200.0,0.0,0.0,0,0,1,bullish,5,doji,0,0,1,0,0,0,0,0,0,1,0,1,1,1,7.012571428571424,20,3,0,0,A,0.0001349483246657,1.9510000000000216,6.816678571428573,1,0.859939244052503,1
2023-02-24 20:00:00,1810.898,1813.395,1810.511,1810.778,5315.0,200.0,0.0,0.0,0,0,1,bullish,0,none,0,0,0,1,0,0,0,0,0,1,0,1,1,1,6.57507142857144,20,4,0,0,A,-0.0061788021751491,2.8840000000000146,6.670852040816326,1,0.9045476469703733,1
2023-03-06 08:00:00,1856.195,1857.092,1847.207,1848.452,15858.0,200.0,0.0,0.0,0,0,1,bullish,0,none,0,0,0,0,0,1,1,1,0,0,2,2,0,2,6.395142857142836,8,0,0,0,B,-0.0020741847676449,9.884999999999993,6.729188775510201,1,0.9535208610291057,1
2023-03-06 12:00:00,1848.454,1853.923,1848.038,1850.982,21452.0,200.0,0.0,0.0,0,0,1,bullish,0,none,0,0,0,0,1,1,1,1,0,0,3,3,0,3,6.291142857142826,12,0,0,0,B,0.0013687128472905,5.884999999999991,6.777602040816322,1,0.9732750326390364,1
2023-03-06 16:00:00,1850.95,1852.756,1845.066,1846.09,16755.0,200.0,0.0,0.0,0,0,1,bullish,0,none,0,0,0,0,0,1,1,1,0,0,2,2,0,2,6.20635714285712,16,0,0,0,B,-0.0026429214330555,7.690000000000055,6.805852040816322,1,0.9038928337966027,1
2023-03-06 20:00:00,1846.072,1847.252,1845.604,1846.323,5909.0,200.0,0.0,0.0,0,0,1,bullish,0,none,0,0,0,0,0,1,0,0,0,0,0,0,0,0,5.865357142857111,20,0,0,0,B,0.0001262126981891,1.6479999999999109,6.800556122448975,1,0.837732480440241,1
2023-03-07 00:00:00,1846.303,1850.432,1844.02,1847.538,12087.0,200.0,0.0,0.0,0,0,1,bullish,0,none,0,0,0,0,0,1,0,0,0,0,0,0,0,0,6.093571428571392,0,1,0,0,B,0.0006580647048213,6.412000000000035,6.757362244897954,1,0.9295612726143447,1
2023-03-08 08:00:00,1814.166,1816.576,1812.323,1815.0,13449.0,200.0,0.0,0.0,0,0,1,bullish,0,none,0,0,0,0,0,1,0,1,0,0,2,2,0,2,7.55871428571431,8,2,0,0,B,-0.0180888058877883,4.252999999999929,6.664908163265301,1,0.942640934854439,1
2023-03-08 12:00:00,1815.017,1824.235,1812.159,1820.599,33363.0,200.0,0.0,0.0,0,0,1,bullish,0,none,0,0,0,0,0,1,1,1,0,0,3,3,0,3,8.037714285714287,12,2,0,0,B,0.0030848484848484,12.075999999999794,6.720025510204075,1,0.7720720040606789,1
2023-03-08 20:00:00,1816.264,1816.312,1812.834,1815.196,5961.0,200.0,0.0,0.0,0,0,1,bullish,0,none,0,0,0,0,0,1,0,0,0,0,1,1,0,1,7.772071428571427,20,2,0,0,B,-0.0005709619856042,3.477999999999838,6.76491326530611,1,0.9761606373270488,1
2023-03-09 00:00:00,1815.209,1816.446,1811.922,1813.708,10363.0,200.0,0.0,0.0,0,0,1,bullish,0,none,0,0,0,0,0,1,0,0,0,0,1,1,0,1,7.545928571428557,0,3,0,0,B,-0.0008197461871884,4.523999999999887,6.758020408163249,1,0.9326697354123119,1
2023-03-09 04:00:00,1813.712,1816.008,1812.696,1814.774,10002.0,200.0,0.0,0.0,0,0,1,bullish,0,none,0,0,0,0,0,1,0,0,0,0,1,1,0,1,7.664785714285715,4,3,0,0,B,0.0005877462083201,3.312000000000125,6.8381428571428415,1,0.9665896033508877,1
2023-03-09 08:00:00,1814.783,1820.308,1813.645,1818.733,13196.0,200.0,0.0,0.0,0,0,1,bullish,0,none,0,0,0,0,0,1,0,1,0,0,2,2,0,2,7.682714285714285,8,3,0,0,B,0.0021815388582822,6.663000000000011,6.948372448979579,1,0.9469122983112105,1
2023-03-09 12:00:00,1818.698,1835.398,1815.424,1828.576,27118.0,200.0,0.0,0.0,0,0,1,bullish,0,none,0,0,0,0,0,1,1,1,0,0,3,3,0,3,8.673571428571417,12,3,0,0,B,0.0054120093493656,19.973999999999933,7.142591836734682,1,0.8098968649351646,1
2023-03-09 16:00:00,1828.608,1834.998,1825.492,1830.512,21612.0,200.0,0.0,0.0,0,0,1,bullish,0,none,0,0,0,0,0,1,1,1,0,0,2,2,0,2,8.728214285714282,16,3,0,0,B,0.0010587473531316,9.506000000000084,7.309239795918358,1,0.7572731476147924,1
2023-03-09 20:00:00,1830.545,1832.295,1828.954,1831.569,8537.0,200.0,0.0,0.0,0,0,1,bullish,0,none,0,0,0,0,0,1,0,0,0,0,0,0,0,0,7.065999999999998,20,3,0,0,B,0.0005774340730899,3.341000000000122,7.36458673469387,1,0.9838082984104543,1
2023-03-10 00:00:00,1831.565,1834.83,1828.075,1829.2,16139.0,200.0,0.0,0.0,0,0,1,bullish,0,none,0,0,0,0,0,1,1,1,0,0,2,2,0,2,6.800571428571418,0,4,0,0,B,-0.001293426564874,6.754999999999882,7.407030612244891,1,0.8931979068635483,1
2023-03-10 08:00:00,1833.548,1837.046,1830.91,1834.91,16854.0,200.0,0.0,0.0,0,0,1,bullish,0,none,0,0,0,0,0,1,1,1,0,0,2,2,0,2,7.196642857142836,8,4,0,0,B,0.0031215832057729,6.135999999999967,7.502122448979586,1,0.9271851572807577,1
2023-03-10 12:00:00,1834.941,1867.404,1831.765,1863.028,52493.0,200.0,0.0,0.0,0,0,1,bullish,0,none,0,0,0,0,0,0,1,1,0,0,2,2,0,2,9.370142857142826,12,4,0,0,B,0.0153239123444746,35.638999999999896,7.736163265306117,1,0.9355629358016635,1
2023-03-10 16:00:00,1863.024,1865.369,1854.087,1863.818,33294.0,200.0,0.0,0.0,0,0,1,bullish,0,none,0,0,0,0,0,0,1,1,0,0,2,2,0,2,9.872214285714254,16,4,0,0,B,0.0004240408625098,11.281999999999924,7.993806122448973,1,0.7466142082722573,1
2023-03-10 20:00:00,1863.842,1870.031,1863.514,1867.109,9150.0,200.0,0.0,0.0,0,0,1,bullish,0,none,0,0,0,0,0,0,0,0,0,0,0,0,0,0,9.475142857142844,20,4,0,0,B,0.0017657303449156,6.517000000000053,8.13069387755101,1,0.9302064377513126,1
2023-03-13 00:00:00,1877.716,1888.785,1872.137,1882.539,25320.0,200.0,0.0,0.0,0,0,1,bullish,0,none,0,0,0,0,0,0,1,1,0,0,2,2,0,2,11.750571428571432,0,0,0,0,B,0.0082641131289067,16.64800000000014,8.395897959183664,1,0.9907829363225267,1
2023-03-13 04:00:00,1882.572,1883.653,1871.496,1876.235,18706.0,200.0,0.0,0.0,0,0,1,bullish,2,bearish_engulfing,0,0,1,0,0,1,0,0,0,1,0,1,1,1,12.29578571428572,4,0,0,0,A,-0.003348669004998,12.156999999999924,8.706739795918358,1,0.9817707023704418,1
2023-03-13 12:00:00,1889.631,1913.016,1887.177,1904.91,75169.0,200.0,0.0,0.0,0,0,1,bullish,0,none,0,0,0,0,0,0,1,1,0,0,2,2,0,2,14.737142857142851,12,0,0,0,B,0.015283266754964,25.83900000000017,9.204244897959176,1,0.9938895307721345,1
2023-03-13 20:00:00,1913.263,1914.07,1909.909,1912.025,5421.0,200.0,0.0,0.0,0,0,1,bullish,0,none,0,0,0,1,0,0,0,0,0,1,0,1,1,1,13.73321428571426,20,0,0,0,A,0.0037350845971726,4.160999999999831,9.64619387755101,1,0.9934217556588386,1
2023-03-14 00:00:00,1912.055,1914.113,1902.565,1902.877,16383.0,200.0,0.0,0.0,0,0,1,bullish,0,none,0,0,0,0,0,0,0,0,0,0,0,0,0,0,14.319428571428537,0,1,1,1,B,-0.0047844562701848,11.548000000000002,10.12152551020407,1,0.9954853100181786,1
2023-03-14 20:00:00,1902.453,1904.65,1902.453,1903.064,4393.0,200.0,0.0,0.0,0,0,1,bullish,4,inverted_hammer,0,0,1,0,0,0,0,0,0,1,0,1,1,1,13.225142857142844,20,1,1,1,A,-0.0005524873484598,2.1970000000001164,10.9767551020408,1,0.9710862716476404,1
2023-03-15 04:00:00,1902.844,1903.416,1896.302,1896.456,14488.0,200.0,0.0,0.0,0,0,1,bullish,0,none,0,0,0,0,0,0,0,0,0,0,0,0,0,0,11.728785714285696,4,2,1,1,B,-0.0033596990617752,7.114000000000033,11.62691836734692,1,0.999020809825316,1
2023-03-15 20:00:00,1916.747,1922.796,1916.128,1921.155,5478.0,200.0,0.0,0.0,0,0,1,bullish,0,none,0,0,0,0,0,0,0,0,0,0,1,1,0,1,12.341428571428551,20,2,1,1,B,-0.0031113285881594,6.66800000000012,12.436954081632637,1,0.9663174677120153,1
2023-03-16 00:00:00,1921.145,1924.344,1907.298,1913.197,24206.0,200.0,0.0,0.0,0,0,1,bullish,0,none,0,0,0,0,0,0,0,1,0,0,2,2,0,2,12.754428571428564,0,3,1,1,B,-0.0041422998144345,17.04600000000005,12.678688775510183,1,0.9131781049985376,1
2023-03-16 04:00:00,1913.208,1920.675,1912.189,1916.643,20161.0,200.0,0.0,0.0,0,0,1,bullish,0,none,0,0,0,0,0,0,0,0,0,0,1,1,0,1,13.06335714285714,4,3,1,1,B,0.0018011736376337,8.485999999999876,12.906627551020392,1,0.9400951461073397,1
2023-03-16 08:00:00,1916.673,1927.035,1915.759,1926.878,21875.0,200.0,0.0,0.0,0,0,1,bullish,0,none,0,0,0,0,0,0,0,0,0,0,1,1,0,1,13.043928571428571,8,3,1,1,B,0.0053400659382054,11.276000000000067,13.161540816326518,1,0.9005757784257501,1
2023-03-16 12:00:00,1926.908,1933.437,1913.335,1918.692,64088.0,200.0,0.0,0.0,0,0,1,bullish,0,none,0,0,0,0,0,0,1,1,0,0,3,3,0,3,13.626642857142851,12,3,1,1,B,-0.0042483229348199,20.10199999999986,13.295545918367331,1,0.9217853932043697,1
2023-03-17 00:00:00,1921.306,1929.655,1918.196,1927.635,16205.0,200.0,0.0,0.0,0,0,1,bullish,0,none,0,0,0,0,0,0,0,0,0,0,1,1,0,1,12.524999999999991,0,4,1,1,B,0.0046609877979373,11.45900000000006,13.311918367346925,1,0.9698712366641055,1
2023-03-17 04:00:00,1927.653,1934.278,1927.209,1930.282,16455.0,200.0,0.0,0.0,0,0,1,bullish,0,none,0,0,0,0,0,0,0,0,0,0,1,1,0,1,12.870642857142846,4,4,1,1,B,0.0013731852762581,7.06899999999996,13.178596938775495,1,0.9309349941380314,1
2023-03-17 12:00:00,1935.049,1964.892,1934.916,1959.269,49653.0,200.0,0.0,0.0,0,0,1,bullish,0,none,0,0,0,0,0,0,1,1,0,0,2,2,0,2,14.785214285714298,12,4,1,1,B,0.0150169767940642,29.97600000000012,13.253739795918351,1,0.9437923853644088,1
2023-03-17 16:00:00,1959.3,1987.718,1955.282,1976.229,43667.0,200.0,0.0,0.0,0,0,1,bullish,0,none,0,0,0,0,0,0,1,1,0,0,2,2,0,2,14.731428571428587,16,4,1,1,B,0.0086562896672177,32.43600000000015,13.283168367346928,1,0.9898655964007702,1
2023-03-19 20:00:00,1985.925,1988.132,1975.037,1976.936,11961.0,200.0,0.0,0.0,0,0,1,bullish,0,none,0,0,0,0,0,0,0,0,0,0,0,0,0,0,13.623642857142872,20,6,1,1,B,-0.0056299163686058,13.095000000000027,13.28353571428571,1,0.9770136591565691,1
2023-03-20 00:00:00,1976.968,1978.387,1968.114,1973.311,22701.0,200.0,0.0,0.0,0,0,1,bullish,0,none,0,0,0,0,0,0,0,1,0,0,1,1,0,1,13.88114285714286,0,0,1,1,B,-0.0018336456010715,10.27299999999991,13.33449489795918,1,0.9144036864670463,1
2023-03-20 08:00:00,2003.384,2006.137,1973.704,1983.78,44654.0,200.0,0.0,0.0,0,0,1,bullish,0,none,0,0,0,0,0,0,1,1,0,0,2,2,0,2,16.995357142857138,8,0,1,1,B,0.0053052965295383,32.43299999999999,13.71067857142857,1,0.9734502730811215,1
2023-03-20 12:00:00,1983.812,1986.561,1965.507,1973.763,55577.0,200.0,0.0,0.0,0,0,1,bullish,0,none,0,0,0,0,0,0,1,1,0,0,3,3,0,3,17.693785714285696,12,0,1,1,B,-0.0050494510479992,21.05399999999986,14.046214285714283,1,0.9223069291138958,1
2023-03-20 20:00:00,1977.17,1980.021,1976.241,1976.585,6160.0,200.0,0.0,0.0,0,0,1,bullish,6,shooting_star,0,0,1,0,0,0,0,0,0,1,0,1,1,1,16.858214285714276,20,0,1,1,A,0.0014297562574636,3.7799999999999727,14.368841836734692,1,0.8741266886748712,1
2023-03-21 16:00:00,1948.115,1948.97,1935.343,1940.163,26499.0,200.0,0.0,0.0,0,0,1,bullish,0,none,0,0,0,0,0,1,1,1,0,0,2,2,0,2,17.385428571428537,16,1,1,1,B,-0.0040992757740808,13.626999999999953,16.02729591836734,1,0.9160068666279979,1
2023-03-21 20:00:00,1940.195,1943.918,1939.31,1943.106,6132.0,200.0,0.0,0.0,0,0,1,bullish,0,none,0,0,0,0,0,1,0,0,0,0,0,0,0,0,15.397714285714237,20,1,1,1,B,0.0015168828598421,4.607999999999947,16.207801020408155,1,0.8782527420041182,1
2023-03-22 00:00:00,1943.074,1946.169,1938.167,1939.602,17050.0,200.0,0.0,0.0,0,0,1,bullish,0,none,0,0,0,0,0,1,0,0,0,0,0,0,0,0,15.03535714285712,0,2,1,1,B,-0.001803298430451,8.00200000000018,16.22566836734693,1,0.9895304014484988,1
2023-03-22 08:00:00,1939.759,1945.611,1939.579,1942.411,20752.0,200.0,0.0,0.0,0,0,1,bullish,0,none,0,0,0,0,0,1,0,1,0,0,1,1,0,1,14.466928571428555,8,2,1,1,B,0.0014482352565112,6.032000000000153,16.20677551020407,1,0.9824800347553119,1
2023-03-22 12:00:00,1942.414,1951.888,1937.051,1947.214,31892.0,200.0,0.0,0.0,0,0,1,bullish,0,none,0,0,0,0,0,1,1,1,0,0,3,3,0,3,12.905428571428567,12,2,1,1,B,0.002472700164898,14.836999999999987,16.077806122448965,1,0.9557743863506832,1
2023-03-22 16:00:00,1947.228,1978.802,1945.048,1972.71,65201.0,200.0,0.0,0.0,0,0,1,bullish,0,none,0,0,0,0,0,0,1,1,0,0,3,3,0,3,12.999785714285704,16,2,1,1,B,0.0130935788259534,33.753999999999905,16.033244897959168,1,0.9553082122506187,1
2023-03-22 20:00:00,1972.678,1975.103,1964.52,1969.706,11668.0,200.0,0.0,0.0,0,0,1,bullish,0,none,0,0,0,0,0,0,0,0,0,0,1,1,0,1,12.251857142857148,20,2,1,1,B,-0.0015227783100405,10.583000000000084,15.91686734693876,1,0.9791569544757128,1
2023-03-23 00:00:00,1969.755,1977.588,1966.317,1976.875,22279.0,200.0,0.0,0.0,0,0,1,bullish,0,none,0,0,0,0,0,0,0,1,0,0,2,2,0,2,12.241357142857153,0,3,1,1,B,0.0036396294675449,11.270999999999958,15.577295918367332,1,0.9861040108340238,1
2023-03-23 20:00:00,1997.747,1998.875,1990.086,1991.324,8781.0,200.0,0.0,0.0,0,0,1,bullish,0,none,0,0,0,0,0,0,0,0,0,0,1,1,0,1,12.646000000000006,20,3,1,1,B,0.007309010433133,8.788999999999987,15.216739795918354,1,0.9274137031034277,1
2023-03-24 00:00:00,1991.292,1994.827,1989.714,1992.815,19623.0,200.0,0.0,0.0,0,0,1,bullish,0,none,0,0,0,0,0,0,0,0,0,0,1,1,0,1,12.037857142857158,0,4,1,1,B,0.0007487480691239,5.113000000000056,14.87242857142856,1,0.990731686316107,1
2023-03-24 16:00:00,1987.276,1990.57,1975.239,1975.967,30598.0,200.0,0.0,0.0,0,0,1,bullish,0,none,0,0,0,0,0,0,1,1,0,0,3,3,0,3,14.287857142857124,16,4,1,1,B,-0.0099319116399578,15.330999999999904,14.343806122448967,1,0.9666438896725916,1
2023-03-26 20:00:00,1976.4,1976.735,1969.353,1975.691,7621.0,200.0,0.0,0.0,0,0,1,bullish,0,none,0,0,0,0,0,0,0,0,0,0,1,1,0,1,11.788999999999987,20,6,1,1,B,-0.0015595491558675,7.381999999999834,13.574520408163252,1,0.9821002208567741,1
2023-03-27 04:00:00,1974.588,1975.462,1965.876,1970.923,19456.0,200.0,0.0,0.0,0,0,1,bullish,0,none,0,0,0,0,0,0,0,1,0,0,2,2,0,2,11.383428571428553,4,0,1,1,B,-0.0018540614124291,9.586000000000013,12.867668367346932,1,0.9512668017686221,1
2023-03-27 08:00:00,1970.887,1972.116,1948.143,1954.14,25535.0,200.0,0.0,0.0,0,0,1,bullish,0,none,0,0,0,0,0,1,0,1,0,0,2,2,0,2,12.474928571428547,8,0,1,1,B,-0.0085152996844625,23.97299999999996,12.68478061224489,1,0.904406588643644,1
2023-03-27 20:00:00,1956.928,1958.27,1955.688,1958.071,5181.0,200.0,0.0,0.0,0,0,1,bullish,0,none,0,0,0,0,0,1,0,0,0,0,1,1,0,1,10.942142857142828,20,0,1,1,B,0.0020116265978895,2.58199999999988,12.433010204081624,1,0.8335771755227253,1
2023-03-28 04:00:00,1959.658,1960.81,1951.873,1953.902,18129.0,200.0,0.0,0.0,0,0,1,bullish,0,none,0,0,0,0,0,1,0,0,0,0,1,1,0,1,11.034857142857096,4,1,1,1,B,-0.0021291362774893,8.936999999999898,12.29939795918366,1,0.8994796701826209,1
2023-03-28 08:00:00,1953.932,1958.518,1949.141,1956.994,17351.0,200.0,0.0,0.0,0,0,1,bullish,0,none,0,0,0,0,0,1,0,0,0,0,1,1,0,1,11.128785714285671,8,1,1,1,B,0.0015824744536829,9.376999999999953,12.1657551020408,1,0.8583908377211209,1
2023-03-28 12:00:00,1956.989,1969.897,1956.944,1966.619,30569.0,200.0,0.0,0.0,0,0,1,bullish,0,none,0,0,0,0,0,1,1,1,0,0,3,3,0,3,10.695142857142825,12,1,1,1,B,0.0049182572864301,12.952999999999976,12.054561224489778,1,0.9696757787665651,1
2023-03-29 00:00:00,1971.898,1972.854,1965.859,1966.469,13640.0,200.0,0.0,0.0,0,0,1,bullish,0,none,0,0,0,0,0,1,0,0,0,0,1,1,0,1,9.47571428571426,0,2,1,1,B,-0.0027375071442444,6.995000000000118,11.61621938775508,1,0.9286776272905126,1
2023-03-29 04:00:00,1966.474,1968.826,1958.665,1961.645,16306.0,200.0,0.0,0.0,0,0,1,bullish,0,none,0,0,0,0,0,1,0,0,0,0,1,1,0,1,9.52835714285712,4,2,1,1,B,-0.0024531279160769,10.161000000000058,11.436969387755074,1,0.8775593498425188,1
2023-03-29 08:00:00,1961.657,1969.117,1960.808,1966.687,15165.0,200.0,0.0,0.0,0,0,1,bullish,0,none,0,0,0,0,0,1,0,0,0,0,1,1,0,1,9.65114285714284,8,2,1,1,B,0.0025702917704273,8.308999999999969,11.192632653061198,1,0.8651886590510721,1
2023-03-29 12:00:00,1966.693,1971.684,1960.571,1961.812,27869.0,200.0,0.0,0.0,0,0,1,bullish,0,none,0,0,0,0,0,1,1,1,0,0,3,3,0,3,9.760214285714271,12,2,1,1,B,-0.0024787879311756,11.113000000000056,10.86922959183671,1,0.8989529128269176,1
2023-03-30 08:00:00,1966.6,1971.186,1964.919,1968.603,15086.0,200.0,0.0,0.0,0,0,1,bullish,0,none,0,0,0,0,0,1,0,0,0,0,1,1,0,1,8.404071428571408,8,3,1,1,B,0.0034615957084573,6.266999999999825,10.503316326530586,1,0.6980497624418647,1
2023-03-30 20:00:00,1981.261,1981.944,1977.982,1978.386,5466.0,200.0,0.0,0.0,0,0,1,bullish,0,none,0,0,0,0,0,1,0,0,0,0,1,1,0,1,7.948642857142837,20,3,1,1,B,0.0049695139141816,3.961999999999989,10.229005102040787,1,0.9003615559940554,1
2023-03-31 00:00:00,1978.412,1983.578,1977.633,1981.181,14965.0,200.0,0.0,0.0,0,0,1,bullish,0,none,0,0,0,0,0,1,0,0,0,0,1,1,0,1,7.687357142857114,0,4,1,1,B,0.0014127677814137,5.944999999999936,9.956403061224464,1,0.785564081670187,1
2023-03-31 04:00:00,1981.158,1985.017,1974.804,1975.261,14559.0,200.0,0.0,0.0,0,0,1,bullish,0,none,0,0,0,0,0,1,0,0,0,0,1,1,0,1,8.206357142857119,4,4,1,1,B,-0.0029881166839375,10.212999999999964,9.729469387755074,1,0.8694507010638804,1
2023-04-05 16:00:00,2021.674,2023.895,2019.064,2021.005,18395.0,200.0,0.0,0.0,0,0,1,bullish,0,none,0,0,0,0,0,0,0,1,0,0,1,1,0,1,10.69492857142856,16,2,1,1,B,-0.0003605815601853,4.830999999999904,9.815367346938768,0,0.5938502039273995,1
2023-04-06 00:00:00,2020.269,2020.436,2007.666,2011.302,15747.0,200.0,0.0,0.0,0,0,1,bullish,0,none,0,0,0,0,0,0,0,1,0,0,2,2,0,2,9.906714285714267,0,3,1,1,B,-0.0044473879206271,12.769999999999982,10.073959183673464,1,0.9823599599269566,1
2023-04-06 04:00:00,2011.296,2018.078,2010.468,2016.346,15304.0,200.0,0.0,0.0,0,0,1,bullish,0,none,0,0,0,0,0,0,0,1,0,0,2,2,0,2,10.282357142857109,4,3,1,1,B,0.0025078282624886,7.6099999999999,10.21336734693877,1,0.9659610073393732,1
2023-04-06 16:00:00,2011.138,2014.9,2006.197,2006.417,15351.0,200.0,0.0,0.0,0,0,1,bullish,0,none,0,0,0,0,0,1,0,1,0,0,1,1,0,1,11.329142857142838,16,3,1,1,B,-0.0059733244024942,8.703000000000202,10.529877551020402,1,0.8720231664953644,1
2023-04-10 04:00:00,1990.886,1997.57,1989.475,1997.433,12625.0,200.0,0.0,0.0,0,0,1,bullish,0,none,0,0,0,0,0,1,0,0,0,0,0,0,0,0,9.851500000000003,4,0,1,1,B,-0.0040209484232587,8.095000000000027,10.284811224489792,1,0.9619853632455114,1
2023-04-10 20:00:00,1991.558,1992.486,1990.342,1992.389,3632.0,200.0,0.0,0.0,0,0,1,bullish,0,none,0,0,0,0,0,1,0,0,0,0,1,1,0,1,9.514500000000014,20,0,1,1,B,0.0004328336999699,2.144000000000005,10.142658163265295,1,0.6126867839514119,1
2023-04-11 00:00:00,1992.356,1998.128,1988.773,1997.518,14085.0,200.0,0.0,0.0,0,0,1,bullish,0,none,0,0,0,0,1,1,0,1,0,0,3,3,0,3,9.971571428571435,0,1,1,1,B,0.0025742964852748,9.355000000000018,9.979214285714276,1,0.922738229471448,1
2023-04-11 04:00:00,1997.509,2003.621,1997.339,2002.035,14895.0,200.0,0.0,0.0,0,0,1,bullish,0,none,0,0,0,0,1,1,0,1,0,0,3,3,0,3,9.508142857142875,4,1,1,1,B,0.0022613062810947,6.282000000000153,9.828903061224482,1,0.8602679334438161,1
2023-04-11 20:00:00,2004.082,2005.02,2002.832,2004.659,3531.0,200.0,0.0,0.0,0,0,1,bullish,3,hammer,0,0,1,0,0,1,0,0,0,1,0,1,1,1,8.39114285714285,20,1,1,1,A,0.0013106663969411,2.1879999999998745,9.664346938775504,1,0.8763797692922907,1
2023-04-12 00:00:00,2004.675,2019.17,2003.922,2017.213,15665.0,200.0,0.0,0.0,0,0,1,bullish,0,none,0,0,0,0,0,0,1,1,0,0,2,2,0,2,9.311428571428564,0,2,1,1,B,0.0062624117119169,15.248000000000047,9.64321428571428,1,0.9893605467436928,1
2023-04-12 08:00:00,2012.983,2013.681,2007.161,2007.697,15131.0,200.0,0.0,0.0,0,0,1,bullish,0,none,0,0,0,0,0,1,1,1,0,0,2,2,0,2,8.371357142857132,8,2,1,1,B,-0.0026110892802763,6.519999999999982,9.45152040816326,1,0.8105072051926885,1
2023-04-12 12:00:00,2007.663,2028.014,2000.847,2005.779,50609.0,200.0,0.0,0.0,0,0,1,bullish,0,none,0,0,0,0,0,1,1,1,0,0,2,2,0,2,9.733642857142838,12,2,1,1,B,-0.0009553234377497,27.16699999999992,9.41935714285714,1,0.9528243867010506,1
2023-04-12 20:00:00,2013.62,2018.453,2013.232,2018.149,4841.0,200.0,0.0,0.0,0,0,1,bullish,0,none,0,0,0,0,0,0,0,0,0,0,0,0,0,0,9.056642857142831,20,2,1,1,B,0.0061671799335818,5.221000000000004,9.25703571428571,1,0.9234348814052268,1
2023-04-13 00:00:00,2018.118,2019.731,2015.676,2017.423,14802.0,200.0,0.0,0.0,0,0,1,bullish,0,none,0,0,0,0,0,1,0,0,0,0,0,0,0,0,8.940428571428551,0,3,1,1,B,-0.0003597355794838,4.055000000000064,9.295586734693872,1,0.8369655781513567,1
2023-04-13 04:00:00,2017.415,2025.619,2015.276,2024.477,14786.0,200.0,0.0,0.0,0,0,1,bullish,1,bullish_engulfing,0,0,1,0,0,0,0,0,0,1,0,1,1,1,9.526071428571395,4,3,1,1,A,0.0034965398927244,10.342999999999847,9.35153061224489,1,0.9246915550507075,1
2023-04-13 16:00:00,2038.939,2044.078,2036.599,2040.717,17789.0,200.0,0.0,0.0,0,0,1,bullish,0,none,0,0,0,0,0,0,0,1,0,0,2,2,0,2,10.298499999999974,16,3,1,1,B,0.0080218248960102,7.479000000000042,9.38345918367346,1,0.9519348222519661,1
2023-04-13 20:00:00,2040.678,2041.05,2039.834,2040.487,1416.0,200.0,0.0,0.0,0,0,1,bullish,0,none,0,0,0,0,0,0,0,0,0,0,1,1,0,1,9.610785714285694,20,3,1,1,B,-0.000112705485376,1.2159999999998945,9.36247448979591,1,0.7487584075545372,1
2023-04-16 20:00:00,2001.207,2005.006,1999.651,2002.848,5116.0,200.0,0.0,0.0,0,0,1,bullish,0,none,0,0,0,0,0,1,0,0,0,0,0,0,0,0,10.843000000000009,20,6,1,1,B,-0.0007005107142216,5.355000000000018,9.927852040816314,1,0.8236797437906502,1
2023-04-17 00:00:00,2002.866,2006.273,1995.351,2004.506,17497.0,200.0,0.0,0.0,0,0,1,bullish,0,none,0,0,0,0,0,1,0,1,0,0,1,1,0,1,11.25021428571428,0,0,1,1,B,0.000827821182636,10.921999999999798,10.066336734693865,1,0.9074257180210145,1
2023-04-17 04:00:00,2004.479,2014.998,2003.709,2010.848,18582.0,200.0,0.0,0.0,0,0,1,bullish,0,none,0,0,0,0,0,1,0,1,0,0,1,1,0,1,11.76692857142856,4,0,1,1,B,0.0031638717968416,11.288999999999987,10.254403061224476,1,0.9679315588527787,1
2023-05-04 00:00:00,2051.959,2057.096,2038.372,2040.905,23646.0,200.0,0.0,0.0,0,0,1,bullish,0,none,0,0,0,0,0,1,1,1,0,0,2,2,0,2,13.467428571428597,0,3,1,1,B,0.008589969078681,18.723999999999933,9.527311224489804,1,0.9909602138834428,1
2023-05-04 04:00:00,2040.872,2045.435,2030.327,2034.57,21775.0,200.0,0.0,0.0,0,0,1,bullish,0,none,0,0,0,0,0,1,0,0,0,0,0,0,0,0,14.285214285714298,4,3,1,1,B,-0.0031040151305425,15.107999999999947,9.804678571428582,1,0.9913468965330992,1
2023-05-04 08:00:00,2034.507,2044.829,2031.123,2041.984,19829.0,200.0,0.0,0.0,0,0,1,bullish,1,bullish_engulfing,0,0,1,0,0,1,0,0,0,1,0,1,1,1,14.98671428571429,8,3,1,1,A,0.0036440132312969,13.705999999999904,10.152122448979602,1,0.8856831303961111,1
2023-05-04 12:00:00,2041.953,2059.537,2032.038,2050.938,65463.0,200.0,0.0,0.0,0,0,1,bullish,0,none,0,0,0,0,1,0,1,1,0,0,3,3,0,3,16.572357142857136,12,3,1,1,B,0.0043849511063751,27.4989999999998,10.702642857142864,1,0.9887346746818694,1
2023-05-04 16:00:00,2050.971,2054.057,2044.437,2049.555,28828.0,200.0,0.0,0.0,0,0,1,bullish,0,none,0,0,0,0,1,0,1,1,0,0,3,3,0,3,16.424142857142833,16,3,1,1,B,-0.0006743256012615,9.61999999999989,11.263295918367351,1,0.9911461312297603,1
2023-05-05 04:00:00,2049.782,2051.099,2039.307,2040.507,16305.0,200.0,0.0,0.0,0,0,1,bullish,0,none,0,0,0,0,0,1,0,0,0,0,0,0,0,0,15.058857142857148,4,4,1,1,B,-0.0044146168314583,11.792000000000144,11.713066326530615,1,0.9698242902190912,1
2023-05-05 16:00:00,2015.182,2018.785,2012.998,2017.697,19811.0,200.0,0.0,0.0,0,0,1,bullish,0,none,0,0,0,0,0,1,0,1,0,0,2,2,0,2,17.70585714285713,16,4,1,1,B,-0.0087180081770937,5.787000000000035,12.869066326530616,1,0.8146882150205932,1
2023-05-07 20:00:00,2016.428,2017.281,2014.174,2016.006,4614.0,200.0,0.0,0.0,0,0,1,bullish,0,none,0,0,0,0,0,1,0,0,0,0,1,1,0,1,15.428714285714282,20,6,1,1,B,-0.000319341482161,3.106999999999971,13.89187755102041,1,0.7984485844194644,1
2023-05-08 04:00:00,2023.205,2024.671,2020.084,2021.436,13850.0,200.0,0.0,0.0,0,0,1,bullish,0,none,0,0,0,0,0,1,0,0,0,0,1,1,0,1,11.419928571428564,4,0,1,1,B,0.0026934443647488,4.586999999999989,14.026867346938776,1,0.9552047666002098,1
2023-05-08 08:00:00,2021.401,2025.396,2019.937,2022.228,13680.0,200.0,0.0,0.0,0,0,1,bullish,0,none,0,0,0,0,0,1,0,0,0,0,1,1,0,1,10.730714285714289,8,0,1,1,B,0.0003918006803085,5.45900000000006,14.10462755102041,1,0.8895940712898394,1
2023-05-08 12:00:00,2022.251,2029.185,2017.835,2027.098,27516.0,200.0,0.0,0.0,0,0,1,bullish,0,none,0,0,0,0,0,1,1,1,0,0,3,3,0,3,10.562428571428573,12,0,1,1,B,0.0024082348775706,11.349999999999907,14.189775510204084,1,0.9330651923037816,1
2023-05-08 16:00:00,2027.066,2029.32,2020.19,2020.271,16197.0,200.0,0.0,0.0,0,0,1,bullish,0,none,0,0,0,0,0,1,0,1,0,0,2,2,0,2,9.250357142857151,16,0,1,1,B,-0.0033678687463556,9.129999999999882,14.12079081632653,1,0.7820825514168004,1
2023-05-08 20:00:00,2020.301,2022.395,2020.136,2021.237,5227.0,200.0,0.0,0.0,0,0,1,bullish,0,none,0,0,0,0,0,1,0,0,0,0,1,1,0,1,8.724571428571446,20,0,1,1,B,0.0004781536734428,2.2590000000000146,13.782015306122446,1,0.8783878879736221,1
2023-05-09 00:00:00,2021.266,2024.921,2019.483,2024.878,12622.0,200.0,0.0,0.0,0,0,1,bullish,0,none,0,0,0,0,0,1,0,0,0,0,1,1,0,1,8.869785714285724,0,1,1,1,B,0.0018013721300371,5.438000000000102,13.395198979591836,1,0.9280041279804914,1
2023-05-09 12:00:00,2031.0,2032.045,2022.83,2026.877,25729.0,200.0,0.0,0.0,0,0,1,bullish,0,none,0,0,0,0,0,1,1,1,0,0,2,2,0,2,8.97385714285716,12,1,1,1,B,0.0009872199707834,9.215000000000146,12.965709183673468,1,0.7840273130676788,1
2023-05-09 20:00:00,2034.278,2037.119,2034.083,2036.27,4885.0,200.0,0.0,0.0,0,0,1,bullish,0,none,0,0,0,0,0,1,0,0,0,0,0,0,0,0,6.770357142857132,20,1,1,1,B,0.0046342229942912,3.035999999999831,12.265566326530612,1,0.9348629667303155,1
2023-05-10 00:00:00,2036.31,2038.182,2030.44,2031.675,12227.0,200.0,0.0,0.0,0,0,1,bullish,2,bearish_engulfing,0,0,1,0,0,1,0,0,0,1,0,1,1,1,7.096357142857122,0,2,1,1,A,-0.0022565769765305,7.741999999999962,11.599295918367345,1,0.8493046493313877,1
2023-05-10 20:00:00,2030.926,2032.072,2029.101,2031.436,4355.0,200.0,0.0,0.0,0,0,1,bullish,0,none,0,0,0,0,0,1,0,0,0,0,0,0,0,0,8.334285714285654,20,2,1,1,B,-0.0001107468224276,2.9709999999997763,10.550280612244892,1,0.8320266281835889,1
2023-05-11 16:00:00,2013.517,2018.266,2012.842,2014.149,18431.0,200.0,0.0,0.0,0,0,1,bullish,0,none,0,0,0,0,0,1,0,1,0,0,1,1,0,1,10.749071428571352,16,3,1,1,B,-0.0056344856390473,5.423999999999978,9.491673469387738,1,0.7858749170559145,1
2023-05-11 20:00:00,2014.182,2016.596,2013.727,2016.346,5245.0,200.0,0.0,0.0,0,0,1,bullish,0,none,0,0,0,0,0,1,0,0,0,0,0,0,0,0,10.295785714285625,20,3,1,1,B,0.0010907832538704,2.8689999999999145,9.125035714285692,1,0.8469524247409282,1
2023-05-12 04:00:00,2011.565,2012.571,2005.618,2008.735,16860.0,200.0,0.0,0.0,0,0,1,bullish,0,none,0,0,0,0,0,1,0,1,0,0,1,1,0,1,10.452214285714216,4,4,1,1,B,-0.0014222537726263,6.952999999999975,9.016035714285682,1,0.8433878584912368,1
2023-05-15 00:00:00,2009.551,2018.791,2008.637,2013.986,14941.0,200.0,0.0,0.0,0,0,1,bullish,0,none,0,0,0,0,0,1,0,0,0,0,1,1,0,1,9.876499999999997,0,0,1,1,B,0.0026140829925302,10.153999999999996,8.967040816326499,1,0.8640550357556556,1
2023-05-15 04:00:00,2013.984,2019.986,2013.224,2018.372,15252.0,200.0,0.0,0.0,0,0,1,bullish,0,none,0,0,0,0,0,1,0,1,0,0,2,2,0,2,9.986928571428589,4,0,1,1,B,0.0021777708484567,6.762000000000171,9.019653061224458,1,0.9683372106090374,1
2023-05-15 08:00:00,2018.339,2020.84,2011.885,2013.035,14075.0,200.0,0.0,0.0,0,0,1,bullish,0,none,0,0,0,0,0,1,0,0,0,0,1,1,0,1,9.81585714285716,8,0,1,1,B,-0.0026442102843281,8.954999999999927,9.097602040816296,1,0.7469777495331928,1
2023-05-15 12:00:00,2013.033,2022.083,2011.454,2017.678,26025.0,200.0,0.0,0.0,0,0,1,bullish,0,none,0,0,0,0,0,1,1,1,0,0,3,3,0,3,9.327071428571458,12,0,1,1,B,0.0023064675974338,10.629000000000133,9.13026530612242,1,0.9433128167110519,1
2023-05-15 16:00:00,2017.696,2021.359,2014.352,2014.954,13407.0,200.0,0.0,0.0,0,0,1,bullish,0,none,0,0,0,0,0,1,0,0,0,0,1,1,0,1,7.707285714285733,16,0,1,1,B,-0.0013500667599092,7.0069999999998345,9.039795918367316,1,0.8157855783541608,1
2023-05-15 20:00:00,2014.95,2016.597,2013.765,2014.4,3850.0,200.0,0.0,0.0,0,0,1,bullish,0,none,0,0,0,0,0,1,0,0,0,0,0,0,0,0,7.522142857142869,20,0,1,1,B,-0.0002749442419032,2.83199999999988,9.093494897959156,1,0.8499658407648765,1
2023-05-16 16:00:00,1995.953,1997.009,1985.414,1989.873,21201.0,200.0,0.0,0.0,0,0,1,bullish,0,none,0,0,0,0,0,1,1,1,0,0,2,2,0,2,8.230928571428583,16,1,1,1,B,-0.0077757450010397,11.595000000000027,9.16983673469386,1,0.865141980437327,1
2023-05-16 20:00:00,1989.907,1991.142,1988.054,1989.63,5184.0,200.0,0.0,0.0,0,0,1,bullish,5,doji,0,0,1,0,0,1,0,0,0,1,0,1,1,1,7.876785714285721,20,1,1,1,A,-0.0001221183462462,3.087999999999965,9.110744897959172,1,0.9644900008053193,1
2023-05-17 12:00:00,1987.39,1987.957,1974.734,1980.39,33252.0,200.0,0.0,0.0,0,0,1,bullish,0,none,0,0,0,0,0,0,1,1,0,0,2,2,0,2,8.30678571428572,12,2,1,1,B,-0.0054788329232159,13.223000000000184,8.775005102040817,1,0.8394455707092282,1
2023-05-17 20:00:00,1982.955,1983.552,1980.909,1982.714,3757.0,200.0,0.0,0.0,0,0,1,bullish,5,doji,0,0,1,0,0,0,0,0,0,1,0,1,1,1,7.412214285714266,20,2,1,1,A,-0.0001366626575591,2.6429999999998017,8.401448979591846,1,0.8069493557593551,1
2023-05-24 16:00:00,1963.027,1965.236,1956.683,1958.972,23035.0,200.0,0.0,0.0,0,0,1,bullish,0,none,0,0,0,0,0,0,1,1,0,0,3,3,0,3,9.578000000000008,16,2,0,0,B,-0.0076200067476724,8.553000000000111,8.727704081632643,1,0.8334876208149963,1
2023-05-25 00:00:00,1959.748,1960.101,1954.91,1957.207,16444.0,200.0,0.0,0.0,0,0,1,bullish,0,none,0,0,0,0,0,0,0,0,0,0,1,1,0,1,9.066571428571446,0,3,0,0,B,-0.0012986337046727,5.191000000000031,8.79836734693877,1,0.9019628477731341,1
2023-05-25 04:00:00,1957.213,1961.33,1954.885,1959.413,15533.0,200.0,0.0,0.0,0,0,1,bullish,0,none,0,0,0,0,0,0,0,0,0,0,1,1,0,1,9.311928571428584,4,3,0,0,B,0.0011271163448729,6.444999999999936,8.815510204081628,1,0.832794998992145,1
2023-07-07 16:00:00,1927.539,1929.297,1924.596,1924.608,14032.0,200.0,0.0,0.0,0,0,1,bullish,0,none,0,0,0,0,0,1,0,1,0,0,2,2,0,2,8.44442857142857,16,4,0,0,B,0.0037158086929585,4.701000000000022,6.3855561224489845,1,0.7446165870614847,1
2023-07-07 20:00:00,1924.642,1925.41,1924.216,1925.339,1738.0,200.0,0.0,0.0,0,0,1,bullish,0,none,0,0,0,0,0,1,0,0,0,0,1,1,0,1,7.398214285714289,20,4,0,0,B,0.000379817604416,1.1940000000001874,6.470897959183678,1,0.8760723397498681,1
2023-07-10 00:00:00,1924.858,1926.88,1922.512,1923.84,13717.0,200.0,0.0,0.0,0,0,1,bullish,0,none,0,0,0,0,0,1,0,1,0,0,2,2,0,2,7.109285714285745,0,0,0,0,B,-0.000778564190514,4.3680000000001655,6.595168367346942,1,0.873439463758832,1
2023-07-10 20:00:00,1925.766,1925.873,1924.362,1924.821,4027.0,200.0,0.0,0.0,0,0,1,bullish,0,none,0,0,0,0,0,1,0,0,0,0,1,1,0,1,5.712357142857172,20,0,0,0,B,0.0005099176646705,1.5109999999999673,6.623908163265311,1,0.7341056690555715,1
2023-07-11 04:00:00,1926.621,1937.902,1926.355,1932.222,16321.0,200.0,0.0,0.0,0,0,1,bullish,0,none,0,0,0,0,0,1,1,1,0,0,3,3,0,3,6.472642857142887,4,1,0,0,B,0.0038450328627961,11.547000000000024,6.697204081632656,1,0.9015097988378543,1
2023-07-11 12:00:00,1936.235,1936.442,1929.37,1931.048,22224.0,200.0,0.0,0.0,0,0,1,bullish,0,none,0,0,0,0,0,1,1,1,0,0,3,3,0,3,6.638357142857184,12,1,0,0,B,-0.0006075906391708,7.072000000000116,6.693510204081639,1,0.9078159392220528,1
2023-07-11 16:00:00,1931.017,1932.777,1929.306,1932.473,11679.0,200.0,0.0,0.0,0,0,1,bullish,0,none,0,0,0,0,0,1,0,0,0,0,1,1,0,1,5.415285714285752,16,1,0,0,B,0.0007379412629826,3.471000000000004,6.683765306122457,1,0.776829221907636,1
2023-07-11 20:00:00,1932.462,1933.761,1931.574,1933.24,4111.0,200.0,0.0,0.0,0,0,1,bullish,0,none,0,0,0,0,0,1,0,0,0,0,1,1,0,1,5.235714285714315,20,1,0,0,B,0.0003969007587687,2.186999999999898,6.673678571428582,1,0.9738144795781306,1
2023-07-12 04:00:00,1938.493,1940.178,1933.836,1934.641,13147.0,200.0,0.0,0.0,0,0,1,bullish,0,none,0,0,0,0,0,1,0,0,0,0,1,1,0,1,5.850642857142881,4,2,0,0,B,0.000724690157456,6.342000000000098,6.694464285714298,1,0.9787326279051098,1
2023-07-12 20:00:00,1958.662,1958.686,1956.886,1957.713,4622.0,200.0,0.0,0.0,0,0,1,bullish,0,none,0,0,0,1,0,0,0,0,0,1,0,1,1,1,6.34335714285716,20,2,0,0,A,0.0119257267885874,1.7999999999999543,6.711173469387771,1,0.8692475733717038,1
2023-07-13 08:00:00,1961.766,1962.689,1957.916,1959.868,13208.0,200.0,0.0,0.0,0,0,1,bullish,2,bearish_engulfing,0,0,1,0,0,0,0,0,0,1,0,1,1,1,6.914500000000024,8,3,0,0,A,0.0011007742197144,4.773000000000138,6.677903061224508,1,0.935099671463449,1
2023-07-13 12:00:00,1959.868,1963.276,1952.294,1954.943,31751.0,200.0,0.0,0.0,0,0,1,bullish,0,none,0,0,0,0,0,1,1,1,0,0,2,2,0,2,6.8741428571428775,12,3,0,0,B,-0.0025129243398024,10.981999999999973,6.649642857142878,1,0.9762822104474285,1
2023-07-14 08:00:00,1956.819,1960.003,1955.149,1959.225,13713.0,200.0,0.0,0.0,0,0,1,bullish,0,none,0,0,0,0,0,1,0,0,0,0,0,0,0,0,6.841214285714321,8,4,0,0,B,-0.0004637438052704,4.854000000000042,6.552137755102065,1,0.9549362625159244,1
2023-07-14 16:00:00,1958.078,1960.984,1954.277,1954.277,13993.0,200.0,0.0,0.0,0,0,1,bullish,0,none,0,0,0,0,0,1,0,1,0,0,1,1,0,1,7.510642857142882,16,4,0,0,B,-0.0025254883946457,6.70699999999988,6.485438775510231,1,0.9104741268257134,1
2023-07-16 20:00:00,1954.975,1954.975,1951.354,1953.281,4160.0,200.0,0.0,0.0,0,0,1,bullish,8,evening_star,0,0,1,0,0,1,0,0,0,1,0,1,1,1,5.8145000000000175,20,6,0,0,A,-0.0009932370885571,3.620999999999867,6.281872448979619,1,0.8965136466650764,1
2023-07-17 00:00:00,1953.281,1955.909,1950.881,1952.055,12597.0,200.0,0.0,0.0,0,0,1,bullish,6,shooting_star,0,0,1,0,0,1,0,0,0,1,0,1,1,1,6.045071428571451,0,0,0,0,A,-0.0006276618673912,5.02800000000002,6.305637755102067,1,0.9900865195249189,1
2023-07-17 16:00:00,1954.617,1956.31,1952.436,1955.334,11406.0,200.0,0.0,0.0,0,0,1,bullish,0,none,0,0,0,0,0,1,0,0,0,0,1,1,0,1,6.243428571428565,16,0,1,1,B,-0.0011585603202285,3.874000000000024,6.251142857142879,1,0.7218817579078168,1
2023-07-18 00:00:00,1955.396,1960.576,1954.677,1959.764,13326.0,200.0,0.0,0.0,0,0,1,bullish,0,none,0,0,0,0,0,0,0,1,0,0,2,2,0,2,6.228214285714265,0,1,1,1,B,0.0022655975909997,5.899000000000115,6.309209183673487,1,0.9599946754007338,1
2023-07-19 00:00:00,1977.464,1978.459,1974.409,1975.443,12735.0,200.0,0.0,0.0,0,0,1,bullish,0,none,0,0,0,0,0,0,0,0,0,0,1,1,0,1,7.332928571428559,0,2,1,1,B,0.0080004531157833,4.0499999999999545,6.459010204081646,1,0.9596708947787923,1
2023-07-19 04:00:00,1975.444,1980.859,1972.971,1977.929,15023.0,200.0,0.0,0.0,0,0,1,bullish,0,none,0,0,0,0,0,0,1,1,0,0,3,3,0,3,7.619999999999989,4,2,1,1,B,0.0012584519016747,7.88799999999992,6.585392857142869,1,0.9663153731207639,1
2023-07-19 08:00:00,1977.912,1979.064,1971.518,1973.704,13829.0,200.0,0.0,0.0,0,0,1,bullish,0,none,0,0,0,0,0,0,0,0,0,0,1,1,0,1,7.799857142857133,8,2,1,1,B,-0.0021360726295029,7.546000000000049,6.689428571428581,1,0.8955526217966631,1
2023-07-19 20:00:00,1978.434,1978.877,1975.4,1977.683,4830.0,200.0,0.0,0.0,0,0,1,bullish,0,none,0,0,0,0,0,0,0,0,0,0,1,1,0,1,7.256857142857143,20,2,1,1,B,-0.0003821194386079,3.4769999999998618,6.79401020408164,1,0.7151993455257115,1
2023-07-20 04:00:00,1985.176,1985.448,1977.811,1979.155,14643.0,200.0,0.0,0.0,0,0,1,bullish,0,none,0,0,0,0,0,0,0,1,0,0,2,2,0,2,8.112428571428593,4,3,1,1,B,0.0007443053310363,7.637000000000171,6.910627551020416,1,0.8524595622115673,1
2023-07-20 20:00:00,1968.681,1972.82,1968.435,1972.197,4306.0,200.0,0.0,0.0,0,0,1,bullish,0,none,0,0,0,0,0,1,0,0,0,0,1,1,0,1,7.056428571428585,20,3,1,1,B,-0.0046482121038231,4.384999999999991,6.967806122448984,1,0.78061165225037,1
2023-07-21 00:00:00,1972.227,1973.735,1969.85,1970.234,13113.0,200.0,0.0,0.0,0,0,1,bullish,0,none,0,0,0,0,0,1,0,0,0,0,0,0,0,0,6.871571428571428,0,4,1,1,B,-0.0009953366727563,3.884999999999991,7.041270408163267,1,0.9569599441593849,1
2023-07-21 20:00:00,1962.445,1962.627,1961.463,1961.851,1405.0,200.0,0.0,0.0,0,0,1,bullish,0,none,0,0,0,0,0,1,0,0,0,0,1,1,0,1,6.7949285714285805,20,4,1,1,B,-0.0002874009829724,1.1639999999999873,7.293918367346938,1,0.8743682137467585,1
2023-07-23 20:00:00,1962.228,1962.882,1960.351,1961.177,2975.0,200.0,0.0,0.0,0,0,1,bullish,0,none,0,0,0,0,0,1,0,0,0,0,1,1,0,1,6.489142857142854,20,6,1,1,B,-0.0003435531036761,2.530999999999949,7.311469387755102,1,0.7915334842736892,1
2023-07-24 00:00:00,1961.172,1962.623,1959.033,1960.143,12906.0,200.0,0.0,0.0,0,0,1,bullish,0,none,0,0,0,0,0,1,0,1,0,0,2,2,0,2,6.497214285714303,0,0,1,1,B,-0.0005272344107645,3.590000000000145,7.33068367346939,1,0.7171728404688876,1
2023-07-25 00:00:00,1954.394,1963.498,1953.854,1961.553,13647.0,200.0,0.0,0.0,0,0,1,bullish,0,none,0,0,0,0,0,1,0,0,0,0,1,1,0,1,6.256714285714305,0,1,1,1,B,-0.0017323534306348,9.644000000000004,7.166066326530619,1,0.9362334477740967,1
2023-08-30 16:00:00,1944.88,1945.564,1942.782,1943.385,10797.0,200.0,0.0,0.0,0,0,1,bullish,0,none,0,0,0,0,0,0,0,0,0,0,1,1,0,1,6.4987142857143,16,2,0,0,B,0.0034315413692809,2.782000000000153,5.657678571428577,1,0.8904789303614492,1
2023-08-30 20:00:00,1943.409,1945.424,1942.073,1944.185,5120.0,200.0,0.0,0.0,0,0,1,bullish,0,none,0,0,0,0,0,0,0,0,0,0,0,0,0,0,5.788285714285719,20,2,0,0,B,0.0004116528634314,3.3509999999998854,5.642704081632661,1,0.880379349887902,1
2023-08-31 00:00:00,1944.195,1947.66,1944.106,1945.136,9722.0,200.0,0.0,0.0,0,0,1,bullish,4,inverted_hammer,0,0,1,0,0,0,0,0,0,1,0,1,1,1,5.444857142857164,0,3,0,0,A,0.0004891509810023,3.554000000000088,5.668000000000011,1,0.731092366611181,1
2023-08-31 16:00:00,1940.595,1942.448,1939.047,1940.019,10532.0,200.0,0.0,0.0,0,0,1,bullish,0,none,0,0,0,0,0,1,0,1,0,0,1,1,0,1,5.353571428571464,16,3,0,0,B,-0.002578873902012,3.401000000000068,5.685897959183689,1,0.9647071097505592,1
2023-08-31 20:00:00,1940.054,1940.509,1939.043,1939.824,3852.0,200.0,0.0,0.0,0,0,1,bullish,0,none,0,0,0,0,0,1,0,0,0,0,0,0,0,0,3.799500000000048,20,3,0,0,B,-0.0001005144794973,1.466000000000122,5.480755102040834,1,0.8719702231519926,1
2023-09-01 04:00:00,1938.899,1943.458,1938.191,1943.072,10518.0,200.0,0.0,0.0,0,0,1,bullish,1,bullish_engulfing,0,0,1,0,0,1,0,0,0,1,0,1,1,1,4.111285714285779,4,4,0,0,A,0.0016743787065216,5.267000000000053,5.382831632653082,1,0.7544480567287467,1
2023-09-01 20:00:00,1940.491,1940.667,1939.225,1939.704,1227.0,200.0,0.0,0.0,0,0,1,bullish,0,none,0,0,0,0,0,1,0,0,0,0,1,1,0,1,4.750142857142886,20,4,1,1,B,-0.0004050523321429,1.4420000000000073,5.2612704081632895,1,0.7223121897407158,1
2023-09-04 00:00:00,1940.557,1946.04,1940.098,1944.931,10558.0,200.0,0.0,0.0,0,0,1,bullish,0,none,0,0,0,0,0,0,0,1,0,0,2,2,0,2,4.850357142857173,0,0,1,1,B,0.002694741053274,5.942000000000007,5.207285714285739,1,0.694264041509853,1
2023-09-21 16:00:00,1917.428,1921.218,1916.242,1919.691,11617.0,200.0,0.0,0.0,0,0,1,bullish,0,none,0,0,0,0,0,1,0,0,0,0,1,1,0,1,6.38321428571427,16,3,0,0,B,-0.0044640379941077,4.976000000000113,4.8417857142857335,1,0.8195679869555414,1
2023-09-21 20:00:00,1919.724,1921.5,1919.329,1921.353,4182.0,200.0,0.0,0.0,0,0,1,bullish,0,none,0,0,0,0,0,1,0,0,0,0,1,1,0,1,6.085142857142841,20,3,0,0,B,0.0008657643339475,2.171000000000049,4.920367346938789,1,0.9258599399974731,1
2023-09-22 00:00:00,1921.361,1925.49,1921.19,1923.776,11229.0,200.0,0.0,0.0,0,0,1,bullish,0,none,0,0,0,0,0,1,0,0,0,0,1,1,0,1,6.109142857142842,0,4,0,0,B,0.0012610904919605,4.2999999999999545,4.980372448979602,1,0.9385572289557778,1
2023-09-29 00:00:00,1866.695,1867.204,1862.89,1863.302,9737.0,200.0,0.0,0.0,0,0,1,bullish,0,none,0,0,0,0,0,0,0,0,0,0,0,0,0,0,6.426285714285704,0,4,0,0,B,-0.0018203246370601,4.313999999999851,5.908331632653044,1,0.7228185978899389,1
2023-10-02 08:00:00,1839.744,1843.168,1831.045,1837.264,16711.0,200.0,0.0,0.0,0,0,1,bullish,0,none,0,0,0,0,0,0,1,1,0,0,2,2,0,2,8.903571428571436,8,0,0,0,B,-0.0059784214154089,12.12299999999982,6.469464285714273,1,0.8503952291609185,1
2023-10-16 04:00:00,1920.025,1920.362,1908.144,1911.418,16404.0,200.0,0.0,0.0,0,0,1,bullish,0,none,0,0,0,0,0,0,1,1,0,0,2,2,0,2,9.757785714285692,4,0,0,0,B,-0.0044837911133541,12.218000000000076,6.845438775510195,1,0.9877329046117592,1
2023-10-16 08:00:00,1911.394,1918.28,1909.943,1915.566,16422.0,200.0,0.0,0.0,0,0,1,bullish,0,none,0,0,0,0,0,0,1,1,0,0,2,2,0,2,9.935142857142832,8,0,0,0,B,0.0021701166359215,8.336999999999989,7.04682142857142,1,0.9382828763472287,1
2023-10-16 12:00:00,1915.598,1924.526,1914.38,1921.454,29725.0,200.0,0.0,0.0,0,0,1,bullish,0,none,0,0,0,0,0,0,1,1,0,0,2,2,0,2,10.243428571428549,12,0,0,0,B,0.0030737651430439,10.145999999999958,7.337622448979582,1,0.7773677657499425,1
2023-10-16 16:00:00,1921.487,1922.721,1917.826,1918.942,12247.0,200.0,0.0,0.0,0,0,1,bullish,0,none,0,0,0,0,0,0,0,0,0,0,0,0,0,0,9.576714285714274,16,0,0,0,B,-0.0013073432931519,4.894999999999982,7.573928571428562,1,0.8155798225802762,1
2023-10-17 00:00:00,1919.382,1919.967,1912.343,1916.784,12231.0,200.0,0.0,0.0,0,0,1,bullish,0,none,0,0,0,0,0,0,0,0,0,0,0,0,0,0,9.717142857142871,0,1,0,0,B,-0.0013556418563018,7.624000000000024,8.119913265306113,1,0.9372037898092551,1
2023-10-17 08:00:00,1919.972,1926.504,1918.594,1923.993,16049.0,200.0,0.0,0.0,0,0,1,bullish,0,none,0,0,0,0,0,0,1,1,0,0,2,2,0,2,9.832785714285722,8,1,0,0,B,0.003760987153482,7.9099999999998545,8.42492857142856,1,0.9272807179327587,1
2023-10-17 16:00:00,1926.785,1926.785,1919.109,1922.615,15127.0,200.0,0.0,0.0,0,0,1,bullish,0,none,0,0,0,0,0,0,0,1,0,0,1,1,0,1,8.074000000000003,16,1,0,0,B,-0.002180798695465,7.676000000000158,8.81515306122448,1,0.855593874739956,1
2023-10-17 20:00:00,1922.681,1925.524,1922.094,1924.715,4361.0,200.0,0.0,0.0,0,0,1,bullish,0,none,0,0,0,0,0,0,0,0,0,0,0,0,0,0,7.725714285714275,20,1,0,0,B,0.0010922623614191,3.4299999999998363,8.956994897959174,1,0.920832630777498,1
2023-10-18 00:00:00,1924.711,1942.722,1923.763,1937.48,16596.0,200.0,0.0,0.0,0,0,1,bullish,0,none,0,0,0,0,0,0,1,1,0,0,2,2,0,2,8.758428571428567,0,2,1,1,B,0.0066321507340048,18.95900000000006,9.131091836734686,1,0.9486635867735207,1
2023-10-18 04:00:00,1937.473,1940.099,1935.068,1939.553,14586.0,200.0,0.0,0.0,0,0,1,bullish,0,none,0,0,0,0,0,0,0,0,0,0,0,0,0,0,8.329214285714263,4,2,1,1,B,0.0010699465284802,5.030999999999949,9.19589285714285,1,0.9806470999855696,1
2023-10-18 20:00:00,1950.352,1951.641,1946.986,1950.867,6074.0,200.0,0.0,0.0,0,0,1,bullish,0,none,0,0,0,0,1,0,0,0,0,0,1,1,0,1,9.240785714285703,20,2,1,1,B,0.0058333028280226,4.654999999999973,9.22796428571428,1,0.8176157580428911,1
2023-10-19 00:00:00,1950.8,1953.222,1945.172,1946.254,13300.0,200.0,0.0,0.0,0,0,1,bullish,0,none,0,0,0,0,0,0,0,0,0,0,0,0,0,0,9.466142857142843,0,3,1,1,B,-0.0023645896926853,8.049999999999955,9.2479081632653,1,0.9835475217838313,1
2023-10-19 04:00:00,1946.26,1952.757,1945.249,1949.455,15536.0,200.0,0.0,0.0,0,0,1,bullish,0,none,0,0,0,0,1,0,0,1,0,0,2,2,0,2,9.790428571428558,4,3,1,1,B,0.0016446979685076,7.508000000000038,9.25023979591836,1,0.9512484998097691,1
2023-10-19 08:00:00,1949.427,1954.466,1947.817,1952.056,15673.0,200.0,0.0,0.0,0,0,1,bullish,0,none,0,0,0,0,0,0,0,1,0,0,1,1,0,1,9.720785714285691,8,3,1,1,B,0.0013342190509655,6.648999999999887,9.234928571428563,1,0.9163888821902182,1
2023-10-19 12:00:00,1952.087,1959.911,1949.691,1956.163,28638.0,200.0,0.0,0.0,0,0,1,bullish,0,none,0,0,0,0,0,0,1,1,0,0,2,2,0,2,9.9407857142857,12,3,1,1,B,0.0021039355428327,10.220000000000027,9.21331122448979,1,0.9321806845069861,1
2023-10-19 16:00:00,1956.193,1977.659,1952.098,1974.317,31714.0,200.0,0.0,0.0,0,0,1,bullish,0,none,0,0,0,0,0,0,1,1,0,0,2,2,0,2,11.201571428571436,16,3,1,1,B,0.0092804127263423,25.56100000000015,9.329372448979589,1,0.9762123643319581,1
2023-10-19 20:00:00,1974.348,1982.381,1972.394,1977.103,9992.0,200.0,0.0,0.0,0,0,1,bullish,4,inverted_hammer,0,0,1,0,0,0,0,0,0,1,0,1,1,1,11.033142857142868,20,3,1,1,A,0.0014111209091549,9.98700000000008,9.447372448979587,1,0.9627559376082935,1
2023-10-20 16:00:00,1991.588,1992.386,1974.232,1979.651,25119.0,200.0,0.0,0.0,0,0,1,bullish,0,none,0,0,0,0,0,0,1,1,0,0,2,2,0,2,12.761142857142854,16,4,1,1,B,0.0012887543036452,18.154,9.664801020408158,1,0.9309437717150485,1
2023-10-22 20:00:00,1972.732,1978.541,1970.037,1971.554,6283.0,200.0,0.0,0.0,0,0,1,bullish,0,none,0,0,0,0,0,0,0,0,0,0,0,0,0,0,11.093142857142848,20,6,1,1,B,-0.0046522335517165,8.503999999999905,9.879668367346932,1,0.938128764524992,1
2023-10-23 04:00:00,1973.642,1979.729,1972.679,1979.385,15855.0,200.0,0.0,0.0,0,0,1,bullish,0,none,0,0,0,0,0,0,0,0,0,0,1,1,0,1,11.438285714285712,4,0,1,1,B,0.0039719936659101,7.0499999999999545,10.119974489795911,1,0.7947966702343225,1
2023-10-23 12:00:00,1979.294,1981.921,1970.11,1975.293,29536.0,200.0,0.0,0.0,0,0,1,bullish,0,none,0,0,0,0,0,0,1,1,0,0,3,3,0,3,11.806500000000012,12,0,1,1,B,-0.0020673087853045,11.81100000000015,10.411459183673465,1,0.9060551985594771,1
2023-10-24 00:00:00,1973.52,1980.832,1972.382,1976.839,14587.0,200.0,0.0,0.0,0,0,1,bullish,0,none,0,0,0,0,0,0,0,0,0,0,1,1,0,1,9.901214285714284,0,1,1,1,B,0.0007826686977576,8.450000000000045,10.49308673469387,1,0.952645589309269,1
2023-10-29 20:00:00,2002.989,2004.741,1996.833,2002.621,9375.0,200.0,0.0,0.0,0,0,1,bullish,5,doji,0,0,1,0,0,0,0,0,0,1,0,1,1,1,8.996642857142872,20,6,1,1,A,-0.0017257511279443,7.907999999999902,9.151250000000015,1,0.8183736674964501,1
2023-10-30 04:00:00,2002.11,2002.649,1993.393,1993.643,13886.0,200.0,0.0,0.0,0,0,1,bullish,0,none,0,0,0,0,0,0,0,1,0,0,1,1,0,1,9.224357142857148,4,0,1,1,B,-0.0042200857902634,9.255999999999858,8.999770408163283,1,0.8002501870072712,1
2023-10-30 08:00:00,1993.677,1997.311,1990.941,1995.712,17476.0,200.0,0.0,0.0,0,0,1,bullish,0,none,0,0,0,0,0,0,1,1,0,0,2,2,0,2,9.243714285714272,8,0,1,1,B,0.0010377986429868,6.369999999999891,9.050122448979607,1,0.9412322523072036,1
2023-10-30 12:00:00,1995.718,2002.446,1991.975,1999.059,30532.0,200.0,0.0,0.0,0,0,1,bullish,0,none,0,0,0,0,1,0,1,1,0,0,3,3,0,3,9.20564285714285,12,0,1,1,B,0.0016770956931662,10.471000000000004,9.094142857142874,1,0.8759091607700876,1
2023-10-30 20:00:00,1995.872,1996.659,1993.929,1995.513,4946.0,200.0,0.0,0.0,0,0,1,bullish,0,none,0,0,0,0,0,0,0,0,0,0,0,0,0,0,8.078642857142865,20,0,1,1,B,-0.0001948993487657,2.730000000000018,8.971040816326544,1,0.9294390751464996,1
2023-10-31 00:00:00,1995.531,1997.241,1991.695,1992.16,13650.0,200.0,0.0,0.0,0,0,1,bullish,0,none,0,0,0,0,0,0,0,0,0,0,0,0,0,0,8.233714285714298,0,1,1,1,B,-0.0016802696850383,5.546000000000049,8.827622448979605,1,0.9190290312194405,1
2023-10-31 04:00:00,1992.157,1997.603,1990.538,1996.248,12729.0,200.0,0.0,0.0,0,0,1,bullish,1,bullish_engulfing,0,0,1,0,0,0,0,0,0,1,0,1,1,1,8.3112142857143,4,1,1,1,A,0.0020520440125291,7.065000000000055,8.755734693877566,1,0.9334704450031395,1
2023-10-31 16:00:00,1994.204,1994.724,1978.806,1984.796,22235.0,200.0,0.0,0.0,0,0,1,bullish,0,none,0,0,0,0,0,1,1,1,0,0,2,2,0,2,9.39435714285714,16,1,1,1,B,-0.0075245869177795,15.917999999999893,8.798025510204093,1,0.7838662969805834,1
2023-11-01 00:00:00,1983.67,1983.947,1976.836,1977.08,13071.0,200.0,0.0,0.0,0,0,1,bullish,0,none,0,0,0,1,0,1,0,0,0,1,0,1,1,1,7.759214285714263,0,2,1,1,A,-0.0033206178254716,7.110999999999876,8.626209183673472,1,0.9230243689630365,1
2023-11-01 08:00:00,1977.097,1985.128,1977.085,1983.418,14418.0,200.0,0.0,0.0,0,0,1,bullish,0,none,0,0,0,0,0,1,0,1,0,0,1,1,0,1,7.704999999999976,8,2,1,1,B,0.0032057377546685,8.042999999999893,8.53432142857143,1,0.7582569826007802,1
2023-11-02 16:00:00,1981.127,1986.656,1978.986,1985.399,14320.0,200.0,0.0,0.0,0,0,1,bullish,0,none,0,0,0,0,0,1,0,1,0,0,2,2,0,2,8.847785714285676,16,3,1,1,B,-0.0015464119721957,7.669999999999845,8.480484693877546,1,0.7567565954054672,1
2023-11-02 20:00:00,1985.367,1986.464,1984.301,1984.961,4546.0,200.0,0.0,0.0,0,0,1,bullish,0,none,0,0,0,0,0,1,0,0,0,0,1,1,0,1,7.902642857142821,20,3,1,1,B,-0.0002206105674475,2.163000000000011,8.386076530612238,1,0.9169710242233592,1
2023-11-03 04:00:00,1985.803,1989.045,1984.583,1986.525,10765.0,200.0,0.0,0.0,0,0,1,bullish,0,none,0,0,0,0,0,1,0,0,0,0,1,1,0,1,7.196714285714263,4,4,1,1,B,0.0007879248005375,4.461999999999989,8.23986224489795,1,0.802548539384181,1
2023-11-05 20:00:00,1991.419,1991.579,1987.149,1988.47,2473.0,200.0,0.0,0.0,0,0,1,bullish,0,none,0,0,0,0,0,1,0,0,0,0,1,1,0,1,6.251142857142862,20,6,1,1,B,-0.0020305984995854,4.430000000000064,7.873352040816315,1,0.851026633487951,1
2023-11-06 04:00:00,1985.154,1985.272,1982.246,1983.435,11925.0,200.0,0.0,0.0,0,0,1,bullish,0,none,0,0,0,0,0,1,0,0,0,0,1,1,0,1,6.314285714285704,4,0,1,1,B,-0.0008820332200609,3.02599999999984,7.6026938775510065,1,0.8344808306727711,1
2023-11-07 00:00:00,1976.653,1977.001,1972.228,1972.562,12103.0,200.0,0.0,0.0,0,0,1,bullish,0,none,0,0,0,1,0,1,0,0,0,1,0,1,1,1,6.117500000000015,0,1,1,1,A,-0.0020817766382671,4.772999999999911,7.0096734693877485,1,0.888065628810322,1
2023-11-07 20:00:00,1967.424,1969.336,1966.911,1968.902,6716.0,200.0,0.0,0.0,0,0,1,bullish,0,none,0,0,0,0,0,1,0,0,0,0,0,0,0,0,6.00428571428571,20,1,1,1,B,-0.0001934714309724,2.4249999999999545,6.743357142857138,1,0.8856309872357232,1
2023-11-08 00:00:00,1968.908,1970.989,1967.323,1967.75,12010.0,200.0,0.0,0.0,0,0,1,bullish,6,shooting_star,0,0,1,0,0,1,0,0,0,1,0,1,1,1,6.204499999999988,0,2,1,1,A,-0.0005850976838868,3.66599999999994,6.5545510204081605,1,0.9604060745636952,1
2023-11-08 04:00:00,1967.746,1969.101,1964.95,1967.593,11759.0,200.0,0.0,0.0,0,0,1,bullish,5,doji,0,0,1,0,0,1,0,0,0,1,0,1,1,1,6.117642857142836,4,2,1,1,A,-7.978655825180425e-05,4.151000000000067,6.427051020408162,1,0.8674860883205439,1
2023-11-08 08:00:00,1967.561,1968.937,1959.421,1964.386,15311.0,200.0,0.0,0.0,0,0,1,bullish,0,none,0,0,0,0,0,1,1,1,0,0,2,2,0,2,5.9986428571428245,8,2,1,1,B,-0.0016299102507481,9.515999999999847,6.3414744897959165,1,0.825159578369898,1
2023-11-09 08:00:00,1949.298,1949.673,1944.514,1948.794,14058.0,200.0,0.0,0.0,0,0,1,bullish,0,none,0,0,0,0,1,0,0,1,0,0,2,2,0,2,6.985571428571412,8,3,1,1,B,-0.0010344410430117,5.1590000000001055,6.353938775510199,1,0.7621654400554025,1
2023-11-09 12:00:00,1948.801,1964.923,1944.807,1962.925,27245.0,200.0,0.0,0.0,0,0,1,bullish,0,none,0,0,0,0,0,1,1,1,0,0,2,2,0,2,7.926214285714276,12,3,1,1,B,0.0072511512248087,20.115999999999985,6.459994897959177,1,0.9243567805893838,1
2023-11-09 16:00:00,1962.862,1965.718,1956.158,1958.349,22205.0,200.0,0.0,0.0,0,0,1,bullish,0,none,0,0,0,0,0,1,1,1,0,0,2,2,0,2,8.068999999999992,16,3,1,1,B,-0.0023312148961371,9.560000000000173,6.585331632653054,1,0.8049967252936907,1
2023-11-09 20:00:00,1958.386,1959.996,1956.86,1959.058,7892.0,200.0,0.0,0.0,0,0,1,bullish,0,none,0,0,0,0,0,1,0,0,0,0,0,0,0,0,7.538000000000011,20,3,1,1,B,0.0003620396568742,3.136000000000194,6.660071428571422,1,0.9279498606506142,1
2023-11-10 04:00:00,1959.383,1959.467,1953.715,1955.35,11928.0,200.0,0.0,0.0,0,0,1,bullish,8,evening_star,0,0,1,0,0,1,0,0,0,1,0,1,1,1,7.503214285714323,4,4,1,1,A,-0.0020598289464148,5.75200000000018,6.851846938775506,1,0.754613646078167,1
2023-11-10 20:00:00,1935.436,1938.905,1934.553,1938.353,4881.0,200.0,0.0,0.0,0,0,1,bullish,0,none,0,0,0,0,0,0,0,0,0,0,0,0,0,0,7.600785714285751,20,4,1,1,B,-0.0050426629613222,4.351999999999862,7.077602040816326,1,0.8706384988116807,1
2023-11-22 00:00:00,1999.338,1999.338,1995.462,1996.464,13867.0,199.0,0.0,0.0,0,0,1,bullish,0,none,0,0,0,0,0,1,0,0,0,0,1,1,0,1,8.324857142857127,0,2,1,1,B,-0.0014379752508203,3.875999999999976,7.9087397959183585,1,0.7949312782275616,1
2023-11-22 08:00:00,2003.629,2006.394,1998.97,2000.6,16561.0,199.0,0.0,0.0,0,0,1,bullish,0,none,0,0,0,0,1,0,1,1,0,0,4,4,0,4,8.11049999999997,8,2,1,1,B,0.0020716626996528,7.423999999999978,7.9451275510204,1,0.7183120648003161,1
2023-11-22 16:00:00,1994.896,1995.478,1986.851,1990.647,16037.0,199.0,0.0,0.0,0,0,1,bullish,0,none,0,0,0,0,0,1,1,1,0,0,3,3,0,3,8.706785714285681,16,2,1,1,B,-0.0021324366472321,8.626999999999953,7.992780612244892,1,0.6841642938867356,1
2023-11-23 08:00:00,1996.334,1996.406,1992.128,1993.841,13417.0,199.0,0.0,0.0,0,0,1,bullish,0,none,0,0,0,0,0,1,0,1,0,0,2,2,0,2,7.72164285714283,8,3,1,1,B,-0.001264297861363,4.27800000000002,8.104321428571417,1,0.74565449621503,1
2023-11-23 12:00:00,1993.823,1994.854,1991.778,1992.129,13012.0,199.0,0.0,0.0,0,0,1,bullish,0,none,0,0,0,0,0,1,0,1,0,0,2,2,0,2,7.625714285714253,12,3,1,1,B,-0.0008586441947978,3.076000000000022,8.084147959183658,1,0.8992425181752841,1
2023-11-24 00:00:00,1994.072,1994.881,1991.479,1993.523,13092.0,199.0,0.0,0.0,0,0,1,bullish,0,none,0,0,0,0,0,1,0,1,1,0,2,2,0,2,5.391785714285708,0,4,1,1,B,-0.0002306940430284,3.402000000000044,7.751632653061206,1,0.7501292192939852,1
2023-11-26 20:00:00,2000.897,2002.978,2000.484,2002.25,2311.0,357.0,0.0,0.0,0,0,1,bullish,0,none,0,0,0,0,1,0,0,0,0,0,1,1,0,1,4.645142857142852,20,6,1,1,B,2.996718593140102e-05,2.494000000000142,7.419469387755081,1,0.7531870246796215,1
2023-11-28 04:00:00,2014.937,2016.864,2012.08,2013.509,12274.0,199.0,0.0,0.0,0,0,1,bullish,0,none,0,0,0,0,0,0,0,0,1,0,1,1,0,1,5.902357142857178,4,1,1,1,B,0.0056231739293295,4.7840000000001055,7.233153061224472,1,0.7812258339092545,1
2023-11-29 08:00:00,2042.413,2044.082,2035.228,2040.064,17948.0,199.0,0.0,0.0,0,0,1,bullish,0,none,0,0,0,0,0,0,1,1,0,0,2,2,0,2,7.606714285714361,8,2,1,1,B,-0.0021238442853327,8.854000000000042,7.129397959183668,1,0.9346758643924069,1
2023-11-29 20:00:00,2046.27,2046.421,2042.777,2044.643,7893.0,199.0,0.0,0.0,0,0,1,bullish,0,none,0,0,0,0,0,0,0,0,0,0,0,0,0,0,8.007285714285786,20,2,1,1,B,-0.0007892455399074,3.6440000000000055,7.094362244897966,1,0.8910551064453509,1
2023-11-30 04:00:00,2046.065,2046.877,2041.329,2044.574,14395.0,199.0,0.0,0.0,0,0,1,bullish,2,bearish_engulfing,0,0,1,0,0,0,0,0,0,1,0,1,1,1,7.924071428571486,4,3,1,1,A,-0.0007160176321174,5.548000000000002,6.99795918367349,1,0.8901157883460685,1
2023-11-30 08:00:00,2044.676,2045.674,2035.857,2037.147,17884.0,199.0,0.0,0.0,0,0,1,bullish,0,none,0,0,0,0,0,0,1,1,0,0,2,2,0,2,8.324214285714334,8,3,1,1,B,-0.003632541546552,9.817000000000007,6.993622448979619,1,0.887454159579712,1
2023-12-01 00:00:00,2040.075,2043.37,2038.653,2039.41,13824.0,199.0,0.0,0.0,0,0,1,bullish,0,none,0,0,0,0,0,0,0,0,1,0,2,2,0,2,7.556857142857178,0,4,1,1,B,0.0011108673060904,4.716999999999871,6.981852040816358,1,0.9321688640966405,1
2023-12-01 04:00:00,2039.403,2042.835,2038.808,2039.502,12971.0,199.0,0.0,0.0,0,0,1,bullish,0,none,0,0,0,0,0,0,0,0,1,0,2,2,0,2,7.49050000000003,4,4,1,1,B,4.51110860493209e-05,4.027000000000044,6.972193877551057,1,0.877794151982917,1
2023-12-01 16:00:00,2049.336,2075.271,2044.606,2066.985,27553.0,199.0,0.0,0.0,0,0,1,bullish,0,none,0,0,0,0,0,0,1,1,1,0,3,3,0,3,10.165214285714326,16,4,1,1,B,0.0134753483938727,30.66500000000019,7.283459183673509,1,0.8468927696064262,1
2023-12-01 20:00:00,2066.982,2071.841,2066.384,2071.554,5166.0,367.0,0.0,0.0,0,0,1,bullish,0,none,0,0,0,0,0,0,0,0,0,0,0,0,0,0,9.846714285714322,20,4,1,1,B,0.0022104659685484,5.45699999999988,7.601668367346981,1,0.754802487990917,1
2023-12-04 00:00:00,2117.935,2120.648,2083.149,2085.774,38652.0,199.0,0.0,0.0,0,0,1,bullish,0,none,0,0,0,0,0,0,1,1,1,0,4,4,0,4,16.751285714285764,0,0,1,1,B,0.0068644119342289,37.49900000000025,8.411132653061271,1,0.9883152373363735,1
2023-12-04 04:00:00,2085.799,2090.49,2061.459,2063.518,26238.0,199.0,0.0,0.0,0,0,1,bullish,0,none,0,0,0,0,0,1,1,1,1,0,4,4,0,4,18.490571428571474,4,0,1,1,B,-0.0106703794370818,29.03099999999995,9.400091836734743,1,0.8274538204498305,1
2023-12-04 16:00:00,2022.515,2031.505,2020.66,2030.877,30174.0,199.0,0.0,0.0,0,0,1,bullish,0,none,0,0,0,0,0,1,1,1,1,0,3,3,0,3,22.25657142857147,16,0,1,1,B,-0.019295598152436,10.845000000000027,11.422989795918417,1,0.9355689770913772,1
2023-12-04 20:00:00,2030.911,2034.129,2026.134,2034.087,10992.0,199.0,0.0,0.0,0,0,1,bullish,0,none,0,0,0,0,0,1,0,0,1,0,1,1,0,1,22.271357142857173,20,0,1,1,B,0.0015805979387231,7.994999999999891,12.470464285714332,1,0.9630193899998701,1
2023-12-05 00:00:00,2033.931,2041.17,2032.642,2037.286,20019.0,199.0,0.0,0.0,0,0,1,bullish,0,none,0,0,0,0,0,1,0,0,1,0,1,1,0,1,22.47007142857145,0,1,1,1,B,0.0015726957598176,8.52800000000002,13.48285204081637,1,0.9435029255235183,1
2023-12-14 16:00:00,2040.18,2041.462,2028.944,2033.195,24403.0,199.0,0.0,0.0,0,0,1,bullish,0,none,0,0,0,0,0,1,1,1,0,0,3,3,0,3,12.13028571428572,16,3,1,1,B,0.0254414195226733,12.518000000000027,9.018392857142866,1,0.9285460777511463,1
2023-12-14 20:00:00,2033.163,2038.646,2032.697,2035.552,10247.0,199.0,0.0,0.0,0,0,1,bullish,0,none,0,0,0,0,0,1,0,0,0,0,1,1,0,1,11.366,20,3,1,1,B,0.0011592591955025,5.949000000000069,9.22626530612246,1,0.9797733233763978,1
2023-12-15 04:00:00,2035.713,2039.095,2034.308,2037.836,15250.0,199.0,0.0,0.0,0,0,1,bullish,0,none,0,0,0,0,0,1,0,0,0,0,1,1,0,1,11.417857142857152,4,4,1,1,B,0.001122054361667,4.787000000000035,9.376260204081644,1,0.9343518630181238,1
2023-12-18 08:00:00,2023.112,2027.315,2018.754,2021.951,18996.0,199.0,0.0,0.0,0,0,1,bullish,0,none,0,0,0,0,0,1,0,1,0,0,2,2,0,2,9.508571428571438,8,0,1,1,B,-0.0096412923955555,8.56100000000015,9.585617346938788,1,0.8429100349697681,1
2023-12-18 20:00:00,2026.244,2027.989,2025.506,2027.604,7676.0,199.0,0.0,0.0,0,0,1,bullish,0,none,0,0,0,0,0,1,0,0,0,0,1,1,0,1,8.096571428571451,20,0,1,1,B,0.0027958145375432,2.4829999999999472,9.553714285714303,1,0.88584788669659,1
2023-12-19 00:00:00,2027.568,2029.289,2022.599,2023.338,15696.0,199.0,0.0,0.0,0,0,1,bullish,0,none,0,0,0,0,0,1,0,0,0,0,1,1,0,1,8.149500000000021,0,1,1,1,B,-0.0021039611285044,6.690000000000055,9.458015306122467,1,0.9318071626892788,1
2023-12-19 04:00:00,2023.289,2026.413,2021.696,2024.753,16256.0,199.0,0.0,0.0,0,0,1,bullish,0,none,0,0,0,0,0,1,0,1,0,0,2,2,0,2,8.038714285714311,4,1,1,1,B,0.0006993394084429,4.717000000000098,9.35987755102043,1,0.8254867164467531,1
2023-12-19 08:00:00,2024.721,2028.412,2023.827,2026.523,14193.0,199.0,0.0,0.0,0,0,1,bullish,0,none,0,0,0,0,0,1,0,0,0,0,1,1,0,1,8.02428571428574,8,1,1,1,B,0.0008741807025349,4.585000000000036,9.271244897959203,1,0.8041455625914573,1
2023-12-20 00:00:00,2040.862,2041.029,2036.7,2040.393,13776.0,199.0,0.0,0.0,0,0,1,bullish,0,none,0,0,0,0,0,1,0,0,0,0,1,1,0,1,7.052142857142891,0,2,1,1,B,-0.0002640950310935,4.328999999999951,9.056015306122472,1,0.864223055852398,1
2023-12-21 04:00:00,2037.372,2038.244,2033.873,2034.879,12541.0,199.0,0.0,0.0,0,0,1,bullish,0,none,0,0,0,0,0,1,0,0,0,0,1,1,0,1,7.262214285714289,4,3,1,1,B,-0.0036160848940195,4.370999999999867,8.972367346938793,1,0.9234717636978234,1
2023-12-21 08:00:00,2034.865,2037.196,2032.984,2034.054,14032.0,199.0,0.0,0.0,0,0,1,bullish,0,none,0,0,0,0,0,1,0,1,0,0,2,2,0,2,7.085214285714285,8,3,1,1,B,-0.0004054295120249,4.211999999999989,8.612005102040834,1,0.9441206979451637,1
2023-12-22 00:00:00,2052.788,2053.914,2046.753,2048.258,17219.0,199.0,0.0,0.0,0,0,1,bullish,0,none,0,0,0,0,0,1,1,1,0,0,3,3,0,3,7.217928571428599,0,4,1,1,B,0.0069830987771217,7.161000000000286,8.315714285714305,1,0.9735106227377872,1
2023-12-22 04:00:00,2048.258,2050.882,2047.01,2049.94,13949.0,199.0,0.0,0.0,0,0,1,bullish,0,none,0,0,0,0,1,1,0,0,0,0,2,2,0,2,7.2836428571428895,4,4,1,1,B,0.0008211856123594,3.872000000000071,8.020413265306143,1,0.7960005738032306,1
2023-12-22 20:00:00,2053.949,2054.052,2052.11,2053.095,5587.0,199.0,0.0,0.0,0,0,1,bullish,0,none,0,0,0,0,0,1,0,0,0,0,1,1,0,1,7.991071428571445,20,4,1,1,B,0.0015390694361785,1.9420000000000075,7.762250000000021,1,0.8674106121210843,1
2023-12-25 20:00:00,2057.746,2057.746,2052.916,2054.497,1477.0,1115.0,0.0,0.0,0,0,1,bullish,0,none,0,0,0,0,0,1,0,0,0,0,1,1,0,1,7.832214285714291,20,0,1,1,B,0.0006828714696591,4.829999999999927,7.642510204081653,1,0.9705579735810883,1
2023-12-26 12:00:00,2063.4,2063.85,2054.445,2056.756,13802.0,257.0,0.0,0.0,0,0,1,bullish,0,none,0,0,0,0,0,1,0,1,1,0,3,3,0,3,8.422499999999932,12,1,1,1,B,0.0010995392059467,9.404999999999744,7.665790816326544,1,0.8342031759561307,1
2023-12-26 16:00:00,2056.777,2062.077,2056.471,2061.624,11342.0,273.0,0.0,0.0,0,0,1,bullish,0,none,0,0,0,0,0,0,0,1,1,0,3,3,0,3,7.822357142857088,16,1,1,1,B,0.0023668339851687,5.606000000000222,7.642423469387764,1,0.8967941141436656,1
2023-12-26 20:00:00,2061.65,2069.045,2061.484,2065.502,6487.0,275.0,0.0,0.0,0,0,1,bullish,0,none,0,0,0,0,0,0,0,0,1,0,2,2,0,2,7.814071428571391,20,1,1,1,B,0.0018810413538066,7.561000000000149,7.626377551020413,1,0.9706656283316971,1
2023-12-27 00:00:00,2065.846,2067.802,2063.897,2064.533,13750.0,199.0,0.0,0.0,0,0,1,bullish,0,none,0,0,0,0,0,0,0,1,1,0,3,3,0,3,7.239428571428529,0,2,1,1,B,-0.0004691353482108,3.9050000000002,7.5703163265306115,1,0.953723078670651,1
2023-12-27 16:00:00,2078.786,2084.425,2075.86,2077.449,18602.0,199.0,0.0,0.0,0,0,1,bullish,0,none,0,0,0,0,0,0,1,1,1,0,3,3,0,3,7.228714285714269,16,2,1,1,B,0.0062561363756357,8.565000000000055,7.452913265306118,1,0.7738924176217631,1
2023-12-28 08:00:00,2086.146,2086.408,2072.639,2075.486,18728.0,199.0,0.0,0.0,0,0,1,bullish,0,none,0,0,0,0,0,0,1,1,1,0,3,3,0,3,7.250428571428594,8,3,1,1,B,-0.0009449088762227,13.768999999999778,7.467607142857139,1,0.8185172867771066,1
2023-12-28 20:00:00,2068.007,2068.896,2064.456,2066.564,8034.0,199.0,0.0,0.0,0,0,1,bullish,0,none,0,0,0,0,0,0,0,0,1,0,1,1,0,1,7.858428571428639,20,3,1,1,B,-0.0051371173699654,4.440000000000055,7.571336734693877,1,0.977637007464439,1
2023-12-29 12:00:00,2067.72,2068.868,2058.095,2064.836,23671.0,199.0,0.0,0.0,0,0,1,bullish,0,none,0,0,0,0,0,1,1,1,0,0,2,2,0,2,8.805142857142853,12,4,1,1,B,-0.0034214558924673,10.773000000000138,7.72704081632653,1,0.7331884176754649,1
2023-12-29 20:00:00,2067.228,2067.363,2062.424,2062.838,5915.0,199.0,0.0,0.0,0,0,1,bullish,8,evening_star,0,0,1,0,0,1,0,0,0,1,0,1,1,1,7.8534285714285295,20,4,1,1,A,-0.0021347190060616,4.938999999999851,7.877316326530603,1,0.9710343463656389,1
2024-01-01 20:00:00,2064.593,2066.095,2062.645,2063.543,1996.0,377.0,0.0,0.0,0,0,1,bullish,0,none,0,0,0,0,0,1,0,0,0,0,0,0,0,0,7.488071428571369,20,0,1,1,B,0.0003417621742471,3.449999999999818,7.841387755102026,1,0.693329175848003,1
2024-01-02 12:00:00,2069.179,2071.008,2056.097,2059.305,32915.0,199.0,0.0,0.0,0,0,1,bullish,0,none,0,0,0,0,0,1,1,1,1,0,3,3,0,3,8.314714285714217,12,1,1,1,B,-0.0066375149838525,14.910999999999603,7.826551020408142,1,0.9125726309335851,1
2024-01-02 20:00:00,2060.99,2061.577,2057.837,2059.476,7461.0,199.0,0.0,0.0,0,0,1,bullish,0,none,0,0,0,0,0,1,0,0,1,0,1,1,0,1,7.666499999999944,20,1,1,1,B,8.303772389250952e-05,3.740000000000237,7.815418367346919,1,0.7657436897118982,1
2024-01-03 20:00:00,2036.583,2043.669,2036.405,2042.666,10374.0,199.0,0.0,0.0,0,0,1,bullish,0,none,0,0,0,0,0,1,0,0,0,0,1,1,0,1,9.10528571428571,20,2,1,1,B,-0.0098157219274667,7.264000000000124,7.946515306122431,1,0.8058370412773584,1
2024-01-04 00:00:00,2042.657,2046.96,2040.044,2044.684,14902.0,199.0,0.0,0.0,0,0,1,bullish,0,none,0,0,0,0,0,1,0,1,0,0,2,2,0,2,9.2465,0,3,1,1,B,0.0009879246044139,6.91599999999994,8.090642857142841,1,0.9220168059871735,1
2024-01-04 04:00:00,2044.682,2049.552,2042.311,2047.599,15609.0,199.0,0.0,0.0,0,0,1,bullish,0,none,0,0,0,0,0,1,0,1,0,0,2,2,0,2,9.517285714285745,4,3,1,1,B,0.0014256481686167,7.241000000000213,8.25256122448978,1,0.9312004246842084,1
2024-01-04 08:00:00,2047.654,2050.958,2044.83,2045.136,17474.0,199.0,0.0,0.0,0,0,1,bullish,0,none,0,0,0,0,0,1,1,1,0,0,3,3,0,3,9.371785714285725,8,3,1,1,B,-0.0012028722420747,6.128000000000156,8.372653061224472,1,0.7062647769582311,1
2024-01-05 08:00:00,2043.14,2044.382,2037.017,2039.152,16415.0,199.0,0.0,0.0,0,0,1,bullish,0,none,0,0,0,0,0,1,0,1,0,0,2,2,0,2,8.395571428571477,8,4,1,1,B,-0.0023059252935002,7.365000000000009,8.49434183673468,1,0.7451780078373027,1
2024-01-07 20:00:00,2044.595,2045.575,2042.902,2044.208,2759.0,199.0,0.0,0.0,0,0,1,bullish,0,none,0,0,0,0,0,1,0,0,0,0,1,1,0,1,9.097857142857183,20,6,1,1,B,-0.00062137034895,2.673000000000002,8.885464285714288,1,0.9308665364405208,1
2024-01-08 00:00:00,2044.212,2046.59,2035.017,2036.098,15734.0,199.0,0.0,0.0,0,0,1,bullish,0,none,0,0,0,0,0,1,0,1,0,0,2,2,0,2,9.40564285714288,0,0,1,1,B,-0.0039673066537261,11.572999999999864,9.004989795918378,1,0.7912105974677036,1
2024-01-08 04:00:00,2036.117,2037.543,2026.943,2031.393,19370.0,199.0,0.0,0.0,0,0,1,bullish,0,none,0,0,0,0,0,1,1,1,0,0,3,3,0,3,9.668785714285734,4,0,1,1,B,-0.0023107925060581,10.599999999999907,9.101709183673483,1,0.9283844878665145,1
2024-01-12 16:00:00,2053.646,2055.521,2041.397,2047.283,24670.0,199.0,0.0,0.0,0,0,1,bullish,0,none,0,0,0,0,0,1,1,1,0,0,3,3,0,3,10.418357142857158,16,4,1,1,B,0.0065918472905919,14.124000000000253,9.131749999999988,1,0.8121691711847572,1
2024-01-14 20:00:00,2048.13,2048.705,2046.293,2047.612,2659.0,200.0,0.0,0.0,0,0,1,bullish,0,none,0,0,0,0,0,1,0,0,0,0,1,1,0,1,9.483071428571456,20,6,1,1,B,-0.0006930101628476,2.4120000000000346,9.045137755102033,1,0.92085974750459,1
2024-01-15 04:00:00,2057.373,2057.551,2052.866,2054.114,14826.0,199.0,0.0,0.0,0,0,1,bullish,0,none,0,0,0,0,0,1,0,0,1,0,2,2,0,2,9.87000000000002,4,0,1,1,B,-0.0015855147527725,4.684999999999945,8.87380102040816,1,0.9138940281703721,1
2024-01-15 08:00:00,2054.167,2058.626,2051.451,2053.257,16001.0,199.0,0.0,0.0,0,0,1,bullish,0,none,0,0,0,0,0,1,0,1,1,0,3,3,0,3,10.035357142857167,8,0,1,1,B,-0.000417211508222,7.175000000000182,8.787147959183676,1,0.9379918889546477,1
2024-01-15 20:00:00,2054.643,2055.324,2053.124,2053.841,2239.0,599.0,0.0,0.0,0,0,1,bullish,0,none,0,0,0,0,0,1,0,0,0,0,1,1,0,1,7.676785714285708,20,0,1,1,B,0.0002844261580503,2.200000000000273,8.738500000000005,0,0.626445581457876,1
2024-02-01 20:00:00,2054.73,2056.102,2053.414,2054.627,7952.0,199.0,0.0,0.0,0,0,1,bullish,5,doji,0,0,1,0,0,1,0,0,0,1,0,1,1,1,10.077928571428597,20,3,1,1,A,0.0104500983093158,2.687999999999647,8.83748979591839,1,0.8765817736764496,1
2024-02-02 00:00:00,2054.638,2056.91,2051.894,2054.559,12880.0,199.0,0.0,0.0,0,0,1,bullish,5,doji,0,0,1,0,0,1,0,0,0,1,0,1,1,1,10.033000000000031,0,4,1,1,A,-3.3096031542334536e-05,5.016000000000076,9.024112244897983,1,0.8059376813637835,1
2024-02-02 04:00:00,2054.564,2056.931,2054.06,2055.042,13223.0,199.0,0.0,0.0,0,0,1,bullish,7,morning_star,0,0,1,0,0,1,0,0,0,1,0,1,1,1,10.106214285714325,4,4,1,1,A,0.0002350869456655,2.8710000000000946,9.21809693877554,0,0.50380873476817,1
2024-02-02 16:00:00,2034.943,2038.735,2033.056,2038.052,18809.0,199.0,0.0,0.0,0,0,1,bullish,0,none,0,0,0,0,0,1,0,1,0,0,1,1,0,1,11.83071428571431,16,4,1,1,B,-0.0082674709324676,5.67899999999986,9.488030612244929,1,0.8786718541216093,1
2024-02-02 20:00:00,2038.107,2039.785,2035.967,2039.607,5708.0,199.0,0.0,0.0,0,0,1,bullish,0,none,0,0,0,0,0,1,0,0,0,0,0,0,0,0,10.675714285714305,20,4,1,1,B,0.0007629834763784,3.817999999999984,9.608790816326565,1,0.8659652154319173,1
2024-02-05 20:00:00,2025.897,2026.377,2023.445,2024.859,6614.0,199.0,0.0,0.0,0,0,1,bullish,0,none,0,0,0,0,0,1,0,0,0,0,1,1,0,1,7.644785714285717,20,0,1,1,B,-0.0005276594232372,2.9320000000000164,9.67580102040819,1,0.929811893141231,1
2024-02-06 08:00:00,2026.264,2027.472,2022.831,2026.696,14646.0,199.0,0.0,0.0,0,0,1,bullish,0,none,0,0,0,0,0,1,0,1,0,0,2,2,0,2,8.035500000000038,8,1,1,1,B,0.0009072236634748,4.641000000000076,9.589612244897989,1,0.8577633858892617,1
2024-02-06 20:00:00,2035.964,2036.952,2034.287,2035.069,6537.0,199.0,0.0,0.0,0,0,1,bullish,0,none,0,0,0,0,0,1,0,0,0,0,1,1,0,1,6.853785714285745,20,1,1,1,B,-0.0005971659173445,2.664999999999964,9.36267346938778,1,0.9193350808501978,1
2024-02-07 00:00:00,2035.115,2036.095,2034.03,2034.442,10944.0,199.0,0.0,0.0,0,0,1,bullish,0,none,0,0,0,0,0,1,0,0,0,0,0,0,0,0,6.728571428571464,0,2,1,1,B,-0.0003080976615534,2.0650000000000546,9.136500000000025,1,0.9622194734285742,1
2024-02-07 04:00:00,2034.43,2036.172,2032.409,2035.124,10927.0,199.0,0.0,0.0,0,0,1,bullish,1,bullish_engulfing,0,0,1,0,0,1,0,0,0,1,0,1,1,1,6.772571428571447,4,2,1,1,A,0.0003352270548877,3.76299999999992,8.900403061224512,1,0.9259882049888679,1
2024-02-07 16:00:00,2038.303,2040.882,2033.951,2035.511,16965.0,199.0,0.0,0.0,0,0,1,bullish,0,none,0,0,0,0,0,1,1,1,0,0,3,3,0,3,6.882428571428607,16,2,1,1,B,0.0001901604030023,6.93100000000004,8.675362244897983,1,0.7855372916641249,1
2024-02-08 00:00:00,2036.221,2038.726,2031.757,2032.755,10975.0,199.0,0.0,0.0,0,0,1,bullish,0,none,0,0,0,0,0,1,0,1,0,0,2,2,0,2,5.933428571428619,0,3,1,1,B,-0.0013539597673507,6.969000000000051,8.377306122449003,1,0.961682437303595,1
2024-02-09 16:00:00,2022.461,2026.298,2020.193,2024.749,15458.0,199.0,0.0,0.0,0,0,1,bullish,0,none,0,0,0,0,0,1,1,1,0,0,3,3,0,3,7.142071428571447,16,4,1,1,B,-0.0033310099452822,6.105000000000018,7.225244897959208,1,0.7866871943767187,1
2024-02-11 20:00:00,2026.346,2026.705,2024.402,2025.266,2169.0,200.0,0.0,0.0,0,0,1,bullish,0,none,0,0,0,0,0,1,0,0,0,0,1,1,0,1,5.992071428571437,20,6,1,1,B,0.0002553402915621,2.302999999999884,6.983290816326556,1,0.9108583527433771,1
2024-02-12 16:00:00,2013.201,2021.562,2011.873,2019.158,16669.0,199.0,0.0,0.0,0,0,1,bullish,0,none,0,0,0,0,0,1,1,1,1,0,4,4,0,4,6.211071428571439,16,0,0,0,B,-0.0031315709051735,9.68899999999985,6.700214285714311,1,0.9773154734975877,1
2024-02-13 20:00:00,1991.715,1993.611,1990.459,1991.193,7179.0,199.0,0.0,0.0,0,0,1,bullish,0,none,0,0,0,1,0,0,0,0,0,1,0,1,1,1,8.350428571428584,20,1,0,0,A,-0.0179876764713714,3.152000000000044,6.559341836734716,1,0.8983855327413667,1
2024-02-14 04:00:00,1992.459,1993.297,1989.276,1989.439,11231.0,199.0,0.0,0.0,0,0,1,bullish,0,none,0,0,0,1,0,0,0,0,0,1,0,1,1,1,8.631571428571435,4,2,0,0,A,-0.0008808789504582,4.020999999999958,6.686326530612265,1,0.9545976426277344,1
2024-02-14 08:00:00,1989.497,1993.348,1985.962,1992.2,16827.0,199.0,0.0,0.0,0,0,1,bullish,0,none,0,0,0,0,0,0,1,1,0,0,2,2,0,2,8.820214285714282,8,2,0,0,B,0.0013878284280142,7.385999999999967,6.835729591836752,1,0.8735232887910441,1
2024-02-22 12:00:00,2028.93,2029.844,2020.195,2023.306,26951.0,199.0,0.0,0.0,0,0,1,bullish,0,none,0,0,0,0,0,1,1,1,0,0,2,2,0,2,5.596071428571463,12,3,0,0,B,-0.0039824829821462,9.649000000000116,5.882290816326527,1,0.925771614261943,1
2024-02-22 20:00:00,2023.009,2025.786,2022.503,2024.677,6774.0,199.0,0.0,0.0,0,0,1,bullish,7,morning_star,0,0,1,0,0,1,0,0,0,1,0,1,1,1,5.3186428571429065,20,3,0,0,A,0.0006776038819633,3.283000000000129,5.785591836734695,1,0.9827625540107351,1
2024-02-23 04:00:00,2025.686,2026.438,2018.148,2021.801,11069.0,199.0,0.0,0.0,0,0,1,bullish,0,none,0,0,0,0,0,1,0,0,0,0,0,0,0,0,5.826357142857205,4,4,0,0,B,-0.0019188542361904,8.290000000000191,5.630301020408177,1,0.8038256096803112,1
2024-02-23 12:00:00,2023.808,2031.128,2023.014,2030.038,22638.0,199.0,0.0,0.0,0,0,1,bullish,0,none,0,0,0,0,0,1,1,1,0,0,3,3,0,3,6.1262142857143385,12,4,0,0,B,0.0040740903778364,8.114000000000033,5.519295918367365,1,0.7761369468699177,1
2024-02-26 00:00:00,2033.996,2034.105,2029.876,2032.442,11864.0,199.0,0.0,0.0,0,0,1,bullish,0,none,0,0,0,0,0,1,0,1,1,0,3,3,0,3,6.069571428571456,0,0,0,0,B,-0.0008760097216432,4.229000000000042,5.400586734693905,1,0.8958897600275766,1
2024-02-26 12:00:00,2030.94,2034.416,2025.015,2029.104,19630.0,199.0,0.0,0.0,0,0,1,bullish,0,none,0,0,0,0,0,1,1,1,1,0,4,4,0,4,6.178714285714299,12,0,0,0,B,-0.0016423592899575,9.40099999999984,5.470051020408191,1,0.8755625883387107,1
2024-02-27 00:00:00,2030.986,2034.55,2030.986,2033.372,9814.0,199.0,0.0,0.0,0,0,1,bullish,0,none,0,0,0,0,0,1,0,0,1,0,2,2,0,2,5.693857142857122,0,1,0,0,B,0.0021033914476538,3.563999999999851,5.553556122449007,1,0.9203777343303217,1
2024-02-27 16:00:00,2033.794,2036.025,2029.341,2030.214,15714.0,199.0,0.0,0.0,0,0,1,bullish,0,none,0,0,0,0,0,1,1,1,0,0,3,3,0,3,5.130857142857118,16,1,1,1,B,-0.0025410413553006,6.6840000000001965,5.636423469387777,1,0.9245435684947607,1
2024-02-28 16:00:00,2031.757,2035.522,2030.834,2032.089,14577.0,199.0,0.0,0.0,0,0,1,bullish,0,none,0,0,0,0,0,1,1,1,0,0,3,3,0,3,5.2230714285714,16,2,1,1,B,0.0009235479609539,4.6879999999998745,5.671545918367367,1,0.8905518379793669,1
2024-02-28 20:00:00,2032.14,2035.415,2032.053,2034.303,6045.0,199.0,0.0,0.0,0,0,1,bullish,0,none,0,0,0,0,0,1,0,0,0,0,1,1,0,1,4.791714285714257,20,2,1,1,B,0.0010895192090505,3.3619999999998527,5.654448979591853,1,0.6942273291297106,1
2024-02-29 08:00:00,2037.173,2037.454,2028.799,2030.236,15256.0,199.0,0.0,0.0,0,0,1,bullish,0,none,0,0,0,0,0,1,1,1,0,0,3,3,0,3,5.0759285714285625,8,3,1,1,B,-0.001999210540416,8.654999999999973,5.61729591836736,1,0.9019063152099058,1
2024-02-29 20:00:00,2044.42,2045.419,2042.763,2043.981,6489.0,199.0,0.0,0.0,0,0,1,bullish,0,none,0,0,0,0,0,1,0,0,0,0,1,1,0,1,6.213928571428547,20,3,1,1,B,-0.0002426048324339,2.6560000000001764,5.760397959183676,1,0.6722813666686899,1
2024-03-01 00:00:00,2044.053,2046.792,2042.769,2046.518,9844.0,199.0,0.0,0.0,0,0,1,bullish,0,none,0,0,0,0,0,0,0,0,0,0,1,1,0,1,6.023857142857098,0,4,1,1,B,0.0012412052753916,4.022999999999911,5.774505102040811,1,0.907576777556478,1
2024-03-01 04:00:00,2046.518,2048.758,2043.409,2045.396,10546.0,199.0,0.0,0.0,0,0,1,bullish,0,none,0,0,0,0,0,0,0,1,0,0,2,2,0,2,6.259285714285641,4,4,1,1,B,-0.0005482482929541,5.348999999999705,5.784010204081618,1,0.704933444556675,1
2024-03-01 20:00:00,2085.223,2085.344,2082.822,2083.315,5535.0,199.0,0.0,0.0,0,0,1,bullish,0,none,0,0,0,0,0,0,0,0,0,0,0,0,0,0,9.17335714285712,20,4,1,1,B,0.0185387083968093,2.5219999999999345,5.991326530612226,1,0.9624656265224616,1
2024-03-03 20:00:00,2082.522,2086.145,2082.522,2083.44,2901.0,199.0,0.0,0.0,0,0,1,bullish,4,inverted_hammer,0,0,1,0,0,0,0,0,0,1,0,1,1,1,9.097285714285704,20,6,1,1,A,6.0000528004700016e-05,3.6230000000000473,6.214214285714264,1,0.9658380903512669,1
2024-03-04 08:00:00,2087.374,2087.438,2081.798,2082.112,15679.0,199.0,0.0,0.0,0,0,1,bullish,0,none,0,0,0,0,0,0,1,1,0,0,2,2,0,2,9.715285714285724,8,0,1,1,B,-0.0025017558282477,5.640000000000327,6.7161326530612,1,0.8790216946430509,1
2024-03-04 16:00:00,2108.934,2119.885,2107.591,2116.24,26175.0,199.0,0.0,0.0,0,0,1,bullish,0,none,0,0,0,0,0,0,1,1,0,0,2,2,0,2,10.377571428571498,16,0,1,1,B,0.0163910490886176,12.294000000000324,7.050683673469369,1,0.9720283404191686,1
2024-03-04 20:00:00,2116.249,2118.521,2113.392,2114.48,7116.0,199.0,0.0,0.0,0,0,1,bullish,0,none,0,0,0,0,0,0,0,0,0,0,0,0,0,0,10.381071428571529,20,0,1,1,B,-0.0008316637054397,5.12900000000036,7.3916734693877455,1,0.9527818308590595,1
2024-03-05 00:00:00,2114.34,2116.843,2110.41,2112.96,13125.0,199.0,0.0,0.0,0,0,1,bullish,0,none,0,0,0,0,0,0,0,1,0,0,1,1,0,1,10.65085714285723,0,1,1,1,B,-0.0007188528621694,6.432999999999993,7.785959183673468,1,0.9778726529953279,1
2024-03-05 12:00:00,2124.434,2141.881,2121.087,2126.618,48608.0,199.0,0.0,0.0,0,0,1,bullish,0,none,0,0,0,0,0,0,1,1,0,0,2,2,0,2,11.572642857142926,12,1,1,1,B,0.0064639179160987,20.79399999999987,8.239500000000005,1,0.7845245150302306,1
2024-03-05 20:00:00,2129.485,2130.963,2126.656,2128.162,7751.0,199.0,0.0,0.0,0,0,1,bullish,0,none,0,0,0,0,0,0,0,0,0,0,0,0,0,0,9.494142857142933,20,1,1,1,B,0.0007260354233811,4.307000000000244,8.575387755102053,0,0.5212662987915807,1
2024-03-06 00:00:00,2127.777,2128.105,2123.603,2124.697,12086.0,199.0,0.0,0.0,0,0,1,bullish,0,none,0,0,0,0,0,0,0,0,0,0,0,0,0,0,9.639642857142915,0,2,1,1,B,-0.0016281655249927,4.501999999999953,8.901367346938793,1,0.9571392372557569,1
2024-03-06 04:00:00,2124.715,2131.465,2124.715,2128.478,11848.0,199.0,0.0,0.0,0,0,1,bullish,7,morning_star,0,0,1,0,0,0,0,0,0,1,0,1,1,1,9.864285714285772,4,2,1,1,A,0.001779547860236,6.75,9.14450510204084,1,0.8557301025660982,1
2024-03-06 08:00:00,2128.43,2132.601,2124.299,2132.474,16803.0,199.0,0.0,0.0,0,0,1,bullish,0,none,0,0,0,0,0,0,0,1,0,0,1,1,0,1,10.104785714285786,8,2,1,1,B,0.0018773978401469,8.302000000000135,9.422423469387786,1,0.8564665199355604,1
2024-03-06 12:00:00,2132.519,2149.185,2130.95,2140.923,40378.0,199.0,0.0,0.0,0,0,1,bullish,0,none,0,0,0,0,0,0,1,1,0,0,2,2,0,2,10.835571428571516,12,2,1,1,B,0.0039620647191944,18.235000000000127,9.766117346938817,1,0.9536350508883878,1
2024-03-06 20:00:00,2144.258,2151.006,2143.114,2147.192,8833.0,199.0,0.0,0.0,0,0,1,bullish,0,none,0,0,0,0,0,0,0,0,0,0,0,0,0,0,9.897071428571442,20,2,1,1,B,0.0029281763052666,7.891999999999825,10.025959183673516,1,0.81510778265923,1
2024-03-07 04:00:00,2151.718,2161.588,2151.506,2155.951,22743.0,199.0,0.0,0.0,0,0,1,bullish,0,none,0,0,0,0,0,0,1,1,0,0,2,2,0,2,9.966214285714289,4,3,1,1,B,0.0040792812193786,10.082000000000336,10.08259183673474,1,0.9735987366855159,1
2024-03-07 12:00:00,2155.95,2164.753,2147.866,2153.701,36586.0,199.0,0.0,0.0,0,0,1,bullish,0,none,0,0,0,0,0,0,1,1,0,0,2,2,0,2,10.680142857142885,12,3,1,1,B,-0.0010436229765889,16.88700000000017,10.195653061224542,1,0.9600405589358673,1
2024-03-07 20:00:00,2159.944,2161.467,2157.949,2161.467,7335.0,199.0,0.0,0.0,0,0,1,bullish,0,none,0,0,0,0,0,0,0,0,0,0,0,0,0,0,9.360357142857213,20,3,1,1,B,0.003605885868094,3.518000000000029,10.181403061224549,1,0.6872912960967061,1
2024-03-08 00:00:00,2161.643,2163.567,2153.952,2157.578,13417.0,199.0,0.0,0.0,0,0,1,bullish,2,bearish_engulfing,0,0,1,0,0,0,0,0,0,1,0,1,1,1,9.255785714285755,0,4,1,1,A,-0.0017992409784651,9.614999999999782,10.14858163265312,1,0.9154355216434662,1
2024-03-08 04:00:00,2157.579,2162.032,2156.319,2161.345,13611.0,199.0,0.0,0.0,0,0,1,bullish,0,none,0,0,0,0,0,0,0,0,0,0,0,0,0,0,9.356214285714325,4,4,1,1,B,0.0017459391966361,5.713000000000193,10.075627551020466,1,0.8912269956229998,1
2024-03-08 12:00:00,2168.225,2185.413,2156.305,2177.164,49079.0,199.0,0.0,0.0,0,0,1,bullish,0,none,0,0,0,0,0,0,1,1,0,0,2,2,0,2,11.34257142857148,12,4,1,1,B,0.007319053644837,29.10800000000017,10.144306122449034,1,0.9580508360772746,1
2024-03-08 20:00:00,2176.465,2179.047,2175.648,2178.502,6054.0,199.0,0.0,0.0,0,0,1,bullish,7,morning_star,0,0,1,0,0,0,0,0,0,1,0,1,1,1,11.608857142857168,20,4,1,1,A,0.0006145609609564,3.3989999999998872,10.212734693877602,1,0.9362917779020655,1
2024-03-10 20:00:00,2179.559,2183.825,2177.113,2181.567,5759.0,199.0,0.0,0.0,0,0,1,bullish,0,none,0,0,0,0,0,0,0,0,0,0,0,0,0,0,11.170500000000043,20,6,1,1,B,0.0014069300831489,6.711999999999989,10.184010204081678,1,0.9661989364459413,1
2024-03-11 04:00:00,2179.469,2182.742,2176.798,2182.2,14213.0,199.0,0.0,0.0,0,0,1,bullish,0,none,0,0,0,0,0,0,0,0,0,0,0,0,0,0,11.305714285714364,4,0,1,1,B,0.0002901584044863,5.944000000000415,10.313408163265354,1,0.9586659603337808,1
2024-03-11 16:00:00,2184.291,2184.649,2177.073,2181.291,17769.0,199.0,0.0,0.0,0,0,1,bullish,0,none,0,0,0,0,0,0,0,1,0,0,1,1,0,1,10.758928571428635,16,0,1,1,B,-0.001363842382123,7.576000000000022,10.504765306122495,1,0.8312264808916361,1
2024-03-12 00:00:00,2183.551,2184.483,2176.751,2177.469,13149.0,199.0,0.0,0.0,0,0,1,bullish,8,evening_star,0,0,1,0,0,0,0,0,0,1,0,1,1,1,10.51735714285717,0,1,1,1,A,-0.0027858278621255,7.731999999999971,10.490005102040858,1,0.751420528081399,1
2024-03-12 08:00:00,2176.881,2179.048,2170.566,2171.956,16814.0,199.0,0.0,0.0,0,0,1,bullish,0,none,0,0,0,0,0,0,0,1,0,0,1,1,0,1,10.429500000000028,8,1,1,1,B,-0.0025318385703768,8.481999999999971,10.52803571428576,1,0.9156023531801568,1
2024-03-12 12:00:00,2171.934,2181.981,2152.55,2163.015,58661.0,199.0,0.0,0.0,0,0,1,bullish,0,none,0,0,0,0,0,0,1,1,0,0,2,2,0,2,11.815428571428615,12,1,1,1,B,-0.0041165658972834,29.43100000000004,10.66012244897964,0,0.5603412532725437,1
2024-03-13 04:00:00,2159.056,2161.491,2157.223,2159.648,13366.0,199.0,0.0,0.0,0,0,1,bullish,0,none,0,0,0,0,0,0,0,0,0,0,1,1,0,1,9.288857142857198,4,2,1,1,B,-0.0015566235093144,4.268000000000029,10.56074489795923,1,0.8656337277950625,1
2024-03-13 08:00:00,2159.689,2164.177,2157.508,2163.925,16525.0,199.0,0.0,0.0,0,0,1,bullish,0,none,0,0,0,0,0,0,0,1,0,0,2,2,0,2,8.897357142857215,8,2,1,1,B,0.0019804153269422,6.669000000000324,10.527673469387803,1,0.8860077078990043,1
2024-03-13 12:00:00,2163.923,2174.523,2161.367,2171.759,32163.0,199.0,0.0,0.0,0,0,1,bullish,0,none,0,0,0,0,0,0,1,1,0,0,3,3,0,3,9.41250000000004,12,2,1,1,B,0.0036202733458876,13.155999999999947,10.538867346938824,1,0.9066609390522822,1
2024-03-13 20:00:00,2172.497,2176.209,2172.274,2175.361,5890.0,199.0,0.0,0.0,0,0,1,bullish,0,none,0,0,0,0,0,0,0,0,0,0,1,1,0,1,9.118500000000008,20,2,1,1,B,0.0016585634041346,3.9349999999999454,10.521887755102084,1,0.9560317970371142,1
2024-03-14 20:00:00,2163.514,2163.858,2160.825,2161.62,4909.0,199.0,0.0,0.0,0,0,1,bullish,0,none,0,0,0,0,0,0,0,0,0,0,0,0,0,0,7.832642857142899,20,3,1,1,B,-0.0008454093440612,3.0330000000003565,9.821096938775549,1,0.946831131770253,1
2024-03-15 00:00:00,2161.698,2165.901,2160.588,2164.53,12417.0,199.0,0.0,0.0,0,0,1,bullish,7,morning_star,0,0,1,0,0,0,0,0,0,1,0,1,1,1,7.0672142857143045,0,4,1,1,A,0.0013462125628003,5.312999999999647,9.509897959183704,1,0.7987523979401066,1
2024-03-15 12:00:00,2166.896,2167.293,2156.437,2159.99,31705.0,199.0,0.0,0.0,0,0,1,bullish,0,none,0,0,0,0,0,0,1,1,0,0,3,3,0,3,7.802857142857159,12,4,1,1,B,-0.0032422464808752,10.856000000000222,9.080091836734724,1,0.9483325915834481,1
2024-03-15 16:00:00,2159.942,2163.447,2155.092,2156.917,17290.0,199.0,0.0,0.0,0,0,1,bullish,0,none,0,0,0,0,0,0,0,1,0,0,2,2,0,2,7.92328571428571,16,4,1,1,B,-0.001422691771721,8.355000000000018,8.89480102040819,1,0.8904763697523671,1
2024-03-21 12:00:00,2207.431,2208.811,2166.296,2174.68,48860.0,199.0,0.0,0.0,0,0,1,bullish,0,none,0,0,0,0,0,1,1,1,0,0,2,2,0,2,14.6310714285714,12,3,1,1,B,-0.0130796400818516,42.51500000000033,7.923188775510168,1,0.9916799447055656,1
2024-03-22 04:00:00,2173.734,2176.303,2162.584,2168.401,18397.0,199.0,0.0,0.0,0,0,1,bullish,0,none,0,0,0,0,0,1,0,0,0,0,0,0,0,0,15.617428571428588,4,4,1,1,B,-0.0060004831557866,13.719000000000053,9.506382653061175,1,0.9862792098933937,1
2024-03-22 08:00:00,2168.397,2170.033,2164.871,2166.016,19645.0,199.0,0.0,0.0,0,0,1,bullish,0,none,0,0,0,0,0,1,0,0,0,0,0,0,0,0,15.641285714285718,8,4,1,1,B,-0.0010998888120784,5.161999999999807,10.136622448979548,1,0.914380499778169,1
2024-03-22 12:00:00,2166.059,2180.06,2165.404,2166.095,31544.0,199.0,0.0,0.0,0,0,1,bullish,0,none,0,0,0,0,0,1,1,1,0,0,2,2,0,2,16.41342857142857,12,4,1,1,B,3.647249143123865e-05,14.655999999999947,10.807683673469343,1,0.9960103959182591,1
2024-03-22 20:00:00,2164.021,2167.186,2163.567,2165.338,2849.0,199.0,0.0,0.0,0,0,1,bullish,0,none,0,0,0,0,0,1,0,0,0,0,1,1,0,1,15.89450000000001,20,4,1,1,B,-0.0003494768235001,3.619000000000142,11.427188775510164,1,0.9430901301044873,1
2024-03-24 20:00:00,2166.313,2168.894,2165.06,2168.337,5628.0,199.0,0.0,0.0,0,0,1,bullish,0,none,0,0,0,0,0,1,0,0,0,0,1,1,0,1,13.78614285714288,20,6,1,1,B,0.0013850031727147,3.8339999999998327,11.88154591836731,1,0.9704081768295728,1
2024-03-25 00:00:00,2168.318,2178.321,2163.904,2170.602,22247.0,199.0,0.0,0.0,0,0,1,bullish,0,none,0,0,0,0,0,1,1,1,0,0,3,3,0,3,12.799928571428577,0,0,1,1,B,0.0010445793250772,14.416999999999916,12.29621938775507,1,0.9698669871234104,1
2024-03-25 08:00:00,2165.768,2171.834,2163.81,2170.398,18400.0,199.0,0.0,0.0,0,0,1,bullish,0,none,0,0,0,0,0,1,0,1,0,0,2,2,0,2,11.91650000000001,8,0,1,1,B,-9.398314384656548e-05,8.023999999999887,12.667464285714257,1,0.9124927081864064,1
2024-03-25 12:00:00,2170.436,2181.26,2170.261,2175.412,25183.0,199.0,0.0,0.0,0,0,1,bullish,0,none,0,0,0,0,0,1,1,1,0,0,3,3,0,3,11.634785714285726,12,0,1,1,B,0.0023101753687571,10.999000000000253,13.01657653061222,1,0.7503648677585026,1
2024-03-25 16:00:00,2175.405,2177.796,2170.665,2170.945,14802.0,199.0,0.0,0.0,0,0,1,bullish,0,none,0,0,0,0,0,1,0,0,0,0,1,1,0,1,9.107357142857122,16,0,1,1,B,-0.0020534041367794,7.130999999999858,13.212525510204062,1,0.818665012439708,1
2024-03-25 20:00:00,2170.992,2173.308,2170.739,2172.878,6155.0,199.0,0.0,0.0,0,0,1,bullish,0,none,0,0,0,0,0,1,0,0,0,0,1,1,0,1,8.50571428571428,20,0,1,1,B,0.0008903956571908,2.56899999999996,13.20523469387754,1,0.7785664319756245,1
2024-03-26 12:00:00,2196.458,2197.326,2171.679,2174.245,33991.0,199.0,0.0,0.0,0,0,1,bullish,0,none,0,0,0,0,0,1,1,1,0,0,3,3,0,3,10.6790714285714,12,1,1,1,B,0.0006291195363934,25.64699999999993,13.25071428571428,1,0.9252762598411861,1
2024-03-26 16:00:00,2174.292,2179.213,2174.242,2177.876,16456.0,199.0,0.0,0.0,0,0,1,bullish,0,none,0,0,0,0,0,1,0,1,0,0,2,2,0,2,9.98728571428569,16,1,1,1,B,0.001670004990238,4.971000000000004,12.919015306122445,1,0.9478428278584992,1
2024-03-27 00:00:00,2179.463,2181.699,2173.105,2177.725,16052.0,199.0,0.0,0.0,0,0,1,bullish,0,none,0,0,0,0,0,1,0,1,0,0,2,2,0,2,9.974928571428563,0,2,1,1,B,-6.933360760685847e-05,8.594000000000051,12.578897959183667,1,0.9773230901600763,1
2024-03-27 08:00:00,2180.526,2197.586,2176.434,2188.403,24323.0,199.0,0.0,0.0,0,0,1,bullish,0,none,0,0,0,0,0,1,1,1,0,0,3,3,0,3,10.548642857142829,8,2,1,1,B,0.0049032820948466,21.15199999999959,12.321928571428568,1,0.8185677678079636,1
2024-03-27 12:00:00,2188.439,2195.223,2183.412,2190.495,30223.0,199.0,0.0,0.0,0,0,1,bullish,0,none,0,0,0,0,0,1,1,1,0,0,3,3,0,3,10.807285714285692,12,2,1,1,B,0.0009559482417087,11.81100000000015,11.978346938775504,1,0.8808732687462599,1
2024-03-27 16:00:00,2190.476,2194.212,2188.991,2193.284,16239.0,199.0,0.0,0.0,0,0,1,bullish,0,none,0,0,0,0,0,1,0,1,0,0,2,2,0,2,10.607071428571414,16,2,1,1,B,0.0012732281972798,5.221000000000004,11.618760204081624,1,0.9642787124598106,1
2024-03-27 20:00:00,2193.338,2195.21,2189.729,2190.969,7270.0,199.0,0.0,0.0,0,0,1,bullish,0,none,0,0,0,0,0,1,0,0,0,0,1,1,0,1,10.212928571428554,20,2,1,1,B,-0.001055494865234,5.481000000000222,11.175867346938768,1,0.8320674596605548,1
2024-03-28 00:00:00,2190.723,2196.438,2187.305,2194.774,16034.0,199.0,0.0,0.0,0,0,1,bullish,1,bullish_engulfing,0,0,1,0,0,1,0,0,0,1,0,1,1,1,10.355928571428583,0,3,1,1,A,0.0017366745033817,9.133000000000266,10.78025510204081,1,0.9829812992792861,1
2024-03-28 04:00:00,2194.752,2200.634,2192.629,2193.719,15304.0,199.0,0.0,0.0,0,0,1,bullish,0,none,0,0,0,0,0,1,0,0,0,0,0,0,0,0,10.744214285714309,4,3,1,1,B,-0.0004806873053898,8.00500000000011,10.56297448979591,1,0.9906675782520371,1
2024-03-28 16:00:00,2215.89,2225.576,2213.458,2221.638,21485.0,199.0,0.0,0.0,0,0,1,bullish,0,none,0,0,0,0,0,0,1,1,0,0,2,2,0,2,11.461928571428611,16,3,1,1,B,0.0127267895295613,12.117999999999938,10.467403061224484,1,0.872458174979287,1
2024-03-28 20:00:00,2221.631,2236.293,2219.601,2232.587,4195.0,199.0,0.0,0.0,0,0,1,bullish,0,none,0,0,0,0,0,0,0,0,0,0,0,0,0,0,10.822285714285758,20,3,1,1,B,0.0049283456620745,16.692000000000007,10.38924489795918,1,0.9503473261219578,1
2024-03-31 20:00:00,2239.644,2247.34,2235.573,2244.928,10518.0,299.0,0.0,0.0,0,0,1,bullish,0,none,0,0,0,1,0,0,0,0,0,1,0,1,1,1,11.521000000000056,20,6,1,1,A,0.0055276681267066,11.76700000000028,10.381117346938778,1,0.9223576975341471,1
2024-04-01 04:00:00,2264.36,2265.678,2256.868,2257.535,15247.0,199.0,0.0,0.0,0,0,1,bullish,0,none,0,0,0,0,0,0,0,0,1,0,1,1,0,1,12.6788571428572,4,0,1,1,B,0.0056157703053283,8.809999999999945,10.636224489795923,1,0.9849896627119332,1
2024-04-01 08:00:00,2257.562,2260.187,2245.581,2246.851,18923.0,199.0,0.0,0.0,0,0,1,bullish,0,none,0,0,0,0,0,0,0,1,1,0,2,2,0,2,13.355642857142907,8,0,1,1,B,-0.0047325955079322,14.605999999999767,10.982647959183682,1,0.9816268984967265,1
2024-04-01 12:00:00,2246.819,2257.903,2228.473,2239.638,45404.0,199.0,0.0,0.0,0,0,1,bullish,0,none,0,0,0,0,0,1,1,1,1,0,3,3,0,3,13.94692857142864,12,0,1,1,B,-0.0032102707300128,29.42999999999984,11.216066326530628,1,0.9791973884073903,1
2024-04-01 16:00:00,2239.656,2244.722,2234.665,2244.669,17341.0,199.0,0.0,0.0,0,0,1,bullish,0,none,0,0,0,0,0,0,0,1,1,0,2,2,0,2,13.821642857142932,16,0,1,1,B,0.0022463451682817,10.057000000000244,11.48994897959186,1,0.9890476385613653,1
2024-04-01 20:00:00,2244.612,2255.709,2242.987,2248.935,9633.0,199.0,0.0,0.0,0,0,1,bullish,0,none,0,0,0,0,1,0,0,0,1,0,2,2,0,2,14.35742857142863,20,0,1,1,B,0.0019005029249301,12.721999999999753,11.80298469387758,1,0.9967923495854493,1
2024-04-02 00:00:00,2248.963,2255.262,2246.656,2251.531,19720.0,199.0,0.0,0.0,0,0,1,bullish,0,none,0,0,0,0,1,0,1,1,1,0,4,4,0,4,14.580642857142916,0,1,1,1,B,0.001154324157879,8.606000000000222,12.090984693877587,1,0.9970376732331535,1
2024-04-02 04:00:00,2251.534,2259.857,2250.418,2256.373,18705.0,199.0,0.0,0.0,0,0,1,bullish,0,none,0,0,0,0,0,0,0,1,1,0,2,2,0,2,14.60250000000003,4,1,1,1,B,0.002150536679264,9.43899999999985,12.362071428571468,1,0.994984409221048,1
2024-04-02 08:00:00,2256.325,2266.782,2255.04,2260.526,24677.0,199.0,0.0,0.0,0,0,1,bullish,0,none,0,0,0,0,0,0,1,1,1,0,3,3,0,3,14.869428571428603,8,1,1,1,B,0.0018405644811383,11.74200000000019,12.666525510204124,1,0.9789101850383449,1
2024-04-02 20:00:00,2277.395,2288.148,2275.647,2280.206,11188.0,199.0,0.0,0.0,0,0,1,bullish,4,inverted_hammer,0,0,1,0,0,0,0,0,0,1,0,1,1,1,15.864071428571476,20,1,1,1,A,0.0087059383524012,12.501000000000204,13.070178571428617,1,0.8341958858556726,1
2024-04-03 04:00:00,2285.023,2287.046,2270.337,2271.188,20301.0,199.0,0.0,0.0,0,0,1,bullish,2,bearish_engulfing,0,0,1,0,0,0,0,0,0,1,0,1,1,1,15.612071428571458,4,2,1,1,A,-0.0039549058286839,16.708999999999833,13.44561734693882,1,0.9611959110765171,1
2024-04-03 08:00:00,2271.173,2276.104,2267.627,2273.785,23098.0,199.0,0.0,0.0,0,0,1,bullish,0,none,0,0,0,0,0,0,1,1,0,0,2,2,0,2,14.694071428571435,8,2,1,1,B,0.0011434544388222,8.476999999999862,13.727750000000048,1,0.9926393663091652,1
2024-04-03 20:00:00,2297.404,2302.445,2296.245,2297.448,9597.0,199.0,0.0,0.0,0,0,1,bullish,0,none,0,0,0,0,0,0,0,0,0,0,0,0,0,0,14.303071428571457,20,2,1,1,B,0.0104068766396119,6.200000000000273,13.93068877551025,1,0.9592317034841655,1
2024-04-04 04:00:00,2299.125,2300.666,2291.837,2292.952,16782.0,199.0,0.0,0.0,0,0,1,bullish,8,evening_star,0,0,1,0,0,0,0,0,0,1,0,1,1,1,13.85250000000006,4,3,1,1,A,-0.0019569539767601,8.829000000000178,14.147132653061272,1,0.9322891364053896,1
2024-04-04 08:00:00,2292.94,2295.18,2288.752,2289.261,19072.0,199.0,0.0,0.0,0,0,1,bullish,0,none,0,0,0,0,0,0,0,1,0,0,1,1,0,1,13.696928571428607,8,3,1,1,B,-0.0016097153363874,6.427999999999884,14.302556122449024,1,0.9819474269612616,1
2024-04-04 12:00:00,2289.31,2299.374,2282.702,2292.081,39813.0,199.0,0.0,0.0,0,0,1,bullish,0,none,0,0,0,0,0,0,1,1,0,0,2,2,0,2,14.213571428571443,12,3,1,1,B,0.0012318385714866,16.67199999999957,14.412178571428614,1,0.9948486990174509,1
2024-04-04 20:00:00,2284.888,2293.233,2284.755,2288.891,9349.0,199.0,0.0,0.0,0,0,1,bullish,0,none,0,0,0,0,0,0,0,0,0,0,0,0,0,0,13.947571428571402,20,3,1,1,B,-0.0013917483718943,8.478000000000065,14.454459183673508,1,0.9575607249407025,1
2024-04-05 08:00:00,2289.014,2296.142,2284.859,2291.132,20745.0,199.0,0.0,0.0,0,0,1,bullish,0,none,0,0,0,0,0,0,0,0,0,0,0,0,0,0,13.868428571428469,8,4,1,1,B,0.0009790767668709,11.282999999999902,14.448852040816352,1,0.9760043877448571,1
2024-04-05 16:00:00,2326.191,2330.526,2320.637,2323.12,24042.0,199.0,0.0,0.0,0,0,1,bullish,0,none,0,0,0,0,0,0,0,1,0,0,1,1,0,1,16.22264285714274,16,4,1,1,B,0.0139616573815912,9.888999999999667,14.62035204081634,1,0.9719403988351606,1
2024-04-07 20:00:00,2327.315,2328.564,2303.998,2311.647,19545.0,199.0,0.0,0.0,0,0,1,bullish,0,none,0,0,0,0,0,0,0,0,1,0,1,1,0,1,15.605999999999929,20,6,1,1,B,-0.007602104445222,24.565999999999804,14.746091836734688,1,0.9834345987345907,1
2024-04-08 12:00:00,2337.286,2338.004,2318.646,2327.835,70111.0,199.0,0.0,0.0,0,0,1,bullish,0,none,0,0,0,0,0,0,1,1,1,0,3,3,0,3,20.293857142856982,12,0,1,1,B,-0.0042459430198381,19.35799999999972,15.46674489795915,1,0.8707122611681406,1
2024-04-09 00:00:00,2338.784,2348.497,2337.771,2343.943,26558.0,199.0,0.0,0.0,0,0,1,bullish,0,none,0,0,0,0,0,0,0,0,1,0,1,1,0,1,18.84221428571413,0,1,1,1,B,0.0069197344313494,10.725999999999658,15.679469387755054,1,0.9575800100734193,1
2024-04-09 12:00:00,2354.414,2364.281,2338.236,2340.29,70999.0,199.0,0.0,0.0,0,0,1,bullish,0,none,0,0,0,0,0,0,1,1,0,0,3,3,0,3,19.41278571428565,12,1,1,1,B,-0.0015584849972888,26.04500000000008,15.950948979591784,1,0.7847025775610738,1
2024-04-09 16:00:00,2340.328,2351.52,2340.014,2351.118,26748.0,199.0,0.0,0.0,0,0,1,bullish,0,none,0,0,0,0,1,0,0,1,0,0,3,3,0,3,16.78778571428565,16,1,1,1,B,0.0046267770233603,11.505999999999858,16.100499999999943,1,0.9840026552582031,1
2024-04-10 00:00:00,2354.899,2355.576,2344.697,2351.249,21322.0,199.0,0.0,0.0,0,0,1,bullish,0,none,0,0,0,0,1,0,0,0,0,0,2,2,0,2,16.69978571428565,0,2,1,1,B,-0.0014978070100934,10.878999999999904,16.456209183673398,1,0.9932665570175192,1
2024-04-10 16:00:00,2337.054,2345.243,2325.717,2329.635,44803.0,199.0,0.0,0.0,0,0,1,bullish,0,none,0,0,0,0,0,0,1,1,0,0,3,3,0,3,14.722999999999988,16,2,1,1,B,-0.0099601712144804,19.52599999999984,16.624897959183592,1,0.9901906840144623,1
2024-04-10 20:00:00,2329.687,2337.205,2329.509,2335.429,8669.0,199.0,0.0,0.0,0,0,1,bullish,0,none,0,0,0,0,0,0,0,0,0,0,1,1,0,1,13.890000000000002,20,2,1,1,B,0.0024870848866882,7.695999999999913,16.620785714285635,1,0.9145780235532194,1
2024-04-11 00:00:00,2335.489,2346.92,2333.319,2343.967,22353.0,199.0,0.0,0.0,0,0,1,bullish,0,none,0,0,0,0,0,0,0,1,0,0,2,2,0,2,13.721000000000004,0,3,1,1,B,0.0036558593731601,13.601000000000113,16.610255102040746,1,0.9767223475186793,1
2024-04-11 04:00:00,2343.911,2346.082,2333.881,2336.396,25303.0,199.0,0.0,0.0,0,0,1,bullish,0,none,0,0,0,0,0,0,0,1,0,0,2,2,0,2,14.317214285714304,4,3,1,1,B,-0.0032299942789296,12.201000000000022,16.474153061224428,1,0.982804378373783,1
2024-04-11 08:00:00,2336.437,2339.678,2325.593,2337.253,27311.0,199.0,0.0,0.0,0,0,1,bullish,0,none,0,0,0,0,0,0,0,1,0,0,2,2,0,2,14.557142857142903,8,3,1,1,B,0.0003668042574973,14.085000000000036,16.435918367346886,1,0.9841361364854992,1
2024-04-11 12:00:00,2337.269,2347.431,2331.604,2344.618,59509.0,199.0,0.0,0.0,0,0,1,bullish,0,none,0,0,0,0,0,0,1,1,0,0,3,3,0,3,14.688500000000042,12,3,1,1,B,0.003151135114598,15.827000000000226,16.370382653061178,1,0.9784634892078476,1
2024-04-11 20:00:00,2372.824,2379.358,2371.268,2377.0,12299.0,199.0,0.0,0.0,0,0,1,bullish,0,none,0,0,0,1,0,0,0,0,0,1,0,1,1,1,14.56235714285718,20,3,1,1,A,0.0138112050662411,8.090000000000146,16.034321428571396,1,0.9168634109545463,1
2024-04-12 00:00:00,2376.787,2395.455,2374.586,2384.242,42141.0,199.0,0.0,0.0,0,0,1,bullish,0,none,0,0,0,0,0,0,1,1,0,0,2,2,0,2,15.231142857142911,0,4,1,1,B,0.0030466975178797,20.869000000000145,15.672698979591818,1,0.9243486951702765,1
2024-04-12 16:00:00,2395.508,2395.508,2333.794,2343.263,89507.0,199.0,0.0,0.0,0,0,1,bullish,0,none,0,0,0,0,0,0,1,1,0,0,3,3,0,3,22.578071428571416,16,4,1,1,B,-0.0217499484420309,61.71399999999994,15.702515306122448,1,0.9863626411682953,1
2024-04-12 20:00:00,2343.317,2345.169,2341.691,2344.382,4266.0,199.0,0.0,0.0,0,0,1,bullish,0,none,0,0,0,0,0,0,0,0,0,0,1,1,0,1,20.459785714285708,20,4,1,1,B,0.0004775392262841,3.478000000000065,15.964801020408164,1,0.9819591118510618,1
2024-04-14 20:00:00,2369.105,2371.92,2346.754,2364.486,11695.0,199.0,0.0,0.0,0,0,1,bullish,0,none,0,0,0,0,0,0,0,0,0,0,1,1,0,1,21.032071428571435,20,6,1,1,B,0.0085753942830135,25.166000000000167,16.293112244897966,1,0.9943544020151054,1
2024-04-15 00:00:00,2364.446,2365.946,2348.403,2358.508,46673.0,199.0,0.0,0.0,0,0,1,bullish,0,none,0,0,0,0,0,0,1,1,0,0,3,3,0,3,21.735428571428592,0,0,1,1,B,-0.0025282450393024,17.54300000000012,16.652801020408173,1,0.9468782397215088,1
2024-04-15 04:00:00,2358.445,2362.467,2349.952,2353.047,31747.0,199.0,0.0,0.0,0,0,1,bullish,0,none,0,0,0,0,0,0,0,1,0,0,2,2,0,2,21.657857142857143,4,0,1,1,B,-0.0023154468842165,12.514999999999873,17.08913775510206,1,0.9468247215865618,1
2024-04-15 08:00:00,2353.038,2361.178,2344.71,2357.947,30778.0,199.0,0.0,0.0,0,0,1,bullish,0,none,0,0,0,0,0,0,0,0,0,0,1,1,0,1,21.962642857142846,8,0,1,1,B,0.0020824063437747,16.467999999999847,17.60625510204083,1,0.971930106818373,1
2024-04-15 16:00:00,2351.69,2387.637,2346.114,2386.284,47209.0,199.0,0.0,0.0,0,0,1,bullish,0,none,0,0,0,0,0,0,1,1,0,0,3,3,0,3,25.43778571428568,16,0,1,1,B,0.012017657733613,41.52300000000014,18.43109693877552,1,0.9548665493575068,1
2024-04-15 20:00:00,2386.37,2391.957,2380.038,2381.833,12030.0,199.0,0.0,0.0,0,0,1,bullish,0,none,0,0,0,0,0,0,0,0,0,0,1,1,0,1,24.00521428571424,20,0,1,1,B,-0.0018652431982111,11.918999999999867,19.1656836734694,1,0.9090131234738905,1
2024-04-16 08:00:00,2365.498,2375.37,2365.107,2373.952,27461.0,199.0,0.0,0.0,0,0,1,bullish,0,none,0,0,0,0,0,0,0,0,0,0,1,1,0,1,23.99357142857136,8,1,1,1,B,-0.0058286255114389,10.26299999999992,20.54208163265306,1,0.8613671825447103,1
2024-04-17 04:00:00,2381.652,2383.255,2372.647,2382.496,24069.0,199.0,0.0,0.0,0,0,1,bullish,0,none,0,0,0,0,0,0,0,0,0,0,1,1,0,1,18.5489285714285,4,2,1,1,B,-0.0014430377306375,10.608000000000176,21.589816326530592,1,0.9377719683137271,1
2024-04-17 16:00:00,2382.219,2384.453,2360.979,2372.657,52686.0,199.0,0.0,0.0,0,0,1,bullish,0,none,0,0,0,0,0,0,1,1,0,0,3,3,0,3,18.97978571428565,16,2,1,1,B,-0.0061328749071124,23.47400000000016,22.00373979591833,1,0.968405344934914,1
2024-04-18 04:00:00,2374.748,2381.017,2373.132,2377.808,21190.0,199.0,0.0,0.0,0,0,1,bullish,0,none,0,0,0,0,0,0,0,0,0,0,1,1,0,1,15.22785714285708,4,3,1,1,B,0.0021709838379504,7.8849999999997635,21.47872448979588,1,0.9309397268654676,1
2024-04-18 08:00:00,2377.841,2385.36,2377.176,2380.92,21844.0,199.0,0.0,0.0,0,0,1,bullish,0,none,0,0,0,0,0,0,0,0,0,0,1,1,0,1,15.089428571428536,8,3,1,1,B,0.0013087684119155,8.184000000000196,21.095127551020365,1,0.9138480112681513,1
2024-04-18 12:00:00,2380.968,2392.804,2369.478,2384.106,67248.0,199.0,0.0,0.0,0,0,1,bullish,0,none,0,0,0,0,0,0,1,1,0,0,3,3,0,3,14.894357142857125,12,3,1,1,B,0.0013381381986796,23.326000000000025,20.656719387755057,1,0.9131969644756266,1
2024-04-19 08:00:00,2385.368,2386.298,2372.761,2376.813,34777.0,199.0,0.0,0.0,0,0,1,bullish,0,none,0,0,0,0,0,0,0,1,0,0,2,2,0,2,15.823357142857114,8,4,1,1,B,-0.0036102581301026,13.536999999999807,19.77721428571424,1,0.9228899418397235,1
2024-04-19 12:00:00,2376.855,2396.018,2373.074,2394.756,55124.0,199.0,0.0,0.0,0,0,1,bullish,0,none,0,0,0,0,0,0,1,1,0,0,3,3,0,3,16.704499999999957,12,4,1,1,B,0.0075491845593236,22.94399999999996,19.40163265306117,1,0.888327775110828,1
2024-04-19 16:00:00,2394.753,2401.969,2386.591,2387.606,29537.0,199.0,0.0,0.0,0,0,1,bullish,0,none,0,0,0,0,0,0,0,0,0,0,1,1,0,1,16.95814285714284,16,4,1,1,B,-0.0029856904001909,15.378000000000156,18.795943877550968,1,0.8101298594978573,1
2024-04-22 04:00:00,2369.385,2372.898,2351.294,2360.983,34858.0,199.0,0.0,0.0,0,0,1,bullish,0,none,0,0,0,0,0,1,1,1,0,0,3,3,0,3,16.175714285714257,4,0,1,1,B,-0.0106851798231959,21.60400000000027,17.016540816326486,1,0.9443345942245871,1
2024-04-22 08:00:00,2360.959,2363.642,2339.396,2342.059,29488.0,199.0,0.0,0.0,0,0,1,bullish,0,none,0,0,0,1,0,1,0,0,0,1,0,1,1,1,17.344357142857103,8,0,1,1,A,-0.0080153054892813,24.24599999999964,16.443265306122406,1,0.8436532034302932,1
2024-04-22 12:00:00,2342.042,2350.382,2331.034,2334.797,60743.0,199.0,0.0,0.0,0,0,1,bullish,0,none,0,0,0,0,0,1,1,1,0,0,2,2,0,2,18.141785714285657,12,0,1,1,B,-0.0031006904608296,19.34799999999996,16.414183673469346,1,0.9528067275805349,1
2024-04-22 16:00:00,2334.789,2336.454,2324.55,2329.332,23879.0,199.0,0.0,0.0,0,0,1,bullish,0,none,0,0,0,0,0,1,0,0,0,0,0,0,0,0,17.325928571428513,16,0,1,1,B,-0.0023406745854136,11.903999999999996,16.355989795918326,1,0.8639828736830396,1
2024-04-23 00:00:00,2333.715,2334.376,2295.5,2302.602,53585.0,199.0,0.0,0.0,0,0,1,bullish,0,none,0,0,0,0,0,0,1,1,0,0,2,2,0,2,19.5830714285714,0,1,1,1,B,-0.0133416861704269,38.87600000000021,16.53537755102037,1,0.9831467507681425,1
2024-04-23 04:00:00,2302.578,2314.765,2298.859,2309.051,33074.0,199.0,0.0,0.0,0,0,1,bullish,0,none,0,0,0,0,0,1,0,1,0,0,1,1,0,1,17.56335714285712,4,1,1,1,B,0.0028007445489928,15.905999999999947,16.71208673469384,1,0.9439520209228779,1
2024-05-07 08:00:00,2319.226,2319.841,2311.639,2312.348,19449.0,199.0,0.0,0.0,0,0,1,bullish,0,none,0,0,0,0,0,1,0,0,0,0,1,1,0,1,12.913214285714307,8,1,1,1,B,-0.0029772517271725,8.20199999999977,12.938846938775518,1,0.822948108808929,1
2024-05-07 12:00:00,2312.343,2323.722,2309.915,2314.703,34361.0,199.0,0.0,0.0,0,0,1,bullish,0,none,0,0,0,0,0,1,1,1,0,0,3,3,0,3,13.402071428571457,12,1,1,1,B,0.0010184453205139,13.807000000000244,13.138336734693892,1,0.9351859876098819,1
2024-05-08 04:00:00,2317.0,2321.336,2305.294,2305.691,18699.0,199.0,0.0,0.0,0,0,1,bullish,0,none,0,0,0,0,0,0,0,0,0,0,1,1,0,1,11.331714285714302,4,2,1,1,B,-0.0038933720654443,16.041999999999916,13.16047959183675,1,0.9903119392960912,1
2024-05-09 00:00:00,2308.733,2312.996,2307.765,2312.274,15603.0,199.0,0.0,0.0,0,0,1,bullish,0,none,0,0,0,0,0,1,0,0,0,0,1,1,0,1,9.545857142857228,0,3,1,1,B,-0.0034981173431547,5.231000000000222,12.819505102040845,1,0.9017147970809439,1
2024-05-09 12:00:00,2315.915,2338.93,2312.06,2330.397,50164.0,199.0,0.0,0.0,0,0,1,bullish,0,none,0,0,0,0,0,1,1,1,0,0,3,3,0,3,11.33471428571436,12,3,1,1,B,0.0078377389530825,26.86999999999989,12.695362244897993,1,0.9232954278960404,1
2024-05-09 20:00:00,2343.697,2348.325,2343.115,2346.516,8849.0,199.0,0.0,0.0,0,0,1,bullish,0,none,0,0,0,1,0,1,0,0,0,1,0,1,1,1,11.199214285714366,20,3,1,1,A,0.0069168472153029,5.210000000000036,12.518821428571467,1,0.9082972966785369,1
2024-05-10 04:00:00,2353.379,2370.364,2351.17,2366.7,24413.0,199.0,0.0,0.0,0,0,1,bullish,0,none,0,0,0,0,0,1,1,1,0,0,2,2,0,2,12.539714285714354,4,4,1,1,B,0.0086016886311448,19.19399999999996,12.404209183673512,1,0.9321997420710145,1
2024-05-10 16:00:00,2364.779,2370.961,2361.663,2363.315,20575.0,199.0,0.0,0.0,0,0,1,bullish,0,none,0,0,0,0,0,0,0,0,0,0,1,1,0,1,12.48357142857146,16,4,1,1,B,-0.0014302615456119,9.297999999999774,12.313428571428611,1,0.9883819564957865,1
2024-05-10 20:00:00,2363.366,2365.047,2359.695,2360.449,2981.0,199.0,0.0,0.0,0,0,1,bullish,0,none,0,0,0,0,0,1,0,0,0,0,1,1,0,1,11.889428571428589,20,4,1,1,B,-0.0012127033425506,5.351999999999862,12.19995918367351,1,0.9552770561127073,1
2024-05-13 04:00:00,2357.011,2357.043,2346.429,2348.569,18929.0,199.0,0.0,0.0,0,0,1,bullish,0,none,0,0,0,0,1,1,0,0,0,0,2,2,0,2,12.058214285714287,4,0,1,1,B,-0.0036065963250986,10.614000000000033,11.90493877551024,1,0.8887980040184791,1
2024-05-13 16:00:00,2335.884,2338.49,2334.424,2337.334,18236.0,199.0,0.0,0.0,0,0,1,bullish,0,none,0,0,0,0,0,1,0,0,0,0,1,1,0,1,10.943071428571397,16,0,1,1,B,-0.0030752248624892,4.065999999999804,11.704163265306152,1,0.8828091979139948,1
2024-05-14 00:00:00,2338.39,2344.423,2334.734,2343.059,17418.0,199.0,0.0,0.0,0,0,1,bullish,0,none,0,0,0,0,0,1,0,0,0,0,1,1,0,1,10.489928571428534,0,1,1,1,B,0.0024493718056557,9.68899999999985,11.531071428571456,1,0.975126393422758,1
2024-05-14 04:00:00,2343.077,2345.924,2336.082,2339.151,18562.0,199.0,0.0,0.0,0,0,1,bullish,0,none,0,0,0,0,0,1,0,1,0,0,2,2,0,2,10.486571428571422,4,1,1,1,B,-0.0016679050762273,9.842000000000098,11.322821428571451,1,0.9787282522733899,1
2024-05-14 12:00:00,2343.614,2357.068,2336.553,2347.925,49318.0,199.0,0.0,0.0,0,0,1,bullish,0,none,0,0,0,0,0,1,1,1,0,0,3,3,0,3,10.426785714285709,12,1,1,1,B,0.0037509335652123,20.515000000000327,11.258183673469407,1,0.9714592804158011,1
2024-05-14 16:00:00,2347.881,2359.592,2346.291,2356.487,20543.0,199.0,0.0,0.0,0,0,1,bullish,0,none,0,0,0,0,0,1,0,1,0,0,2,2,0,2,10.003785714285709,16,1,1,1,B,0.0036466241468531,13.30099999999993,11.22181632653063,1,0.9348133255299573,1
2024-05-15 04:00:00,2360.298,2365.2,2355.649,2362.401,18754.0,199.0,0.0,0.0,0,0,1,bullish,0,none,0,0,0,0,0,0,0,1,0,0,2,2,0,2,10.078285714285746,4,2,1,1,B,0.002509667993076,9.55099999999993,11.259846938775526,1,0.9852906586553202,1
2024-05-15 08:00:00,2362.437,2374.313,2361.98,2362.742,21503.0,199.0,0.0,0.0,0,0,1,bullish,0,none,0,0,0,0,0,1,1,1,0,0,3,3,0,3,10.26557142857145,8,2,1,1,B,0.000144344673068,12.333000000000084,11.183479591836749,1,0.9392472105220527,1
2024-05-15 12:00:00,2362.743,2385.724,2351.748,2377.551,67916.0,199.0,0.0,0.0,0,0,1,bullish,0,none,0,0,0,0,0,0,1,1,0,0,3,3,0,3,11.932357142857168,12,2,1,1,B,0.0062677177618206,33.97600000000011,11.23584693877552,1,0.9207882422131863,1
2024-05-15 16:00:00,2377.591,2390.295,2377.067,2386.313,24868.0,199.0,0.0,0.0,0,0,1,bullish,0,none,0,0,0,0,0,0,1,1,0,0,2,2,0,2,12.022000000000032,16,2,1,1,B,0.0036853047526637,13.228000000000064,11.198867346938782,1,0.94673362759132,1
2024-05-16 12:00:00,2384.67,2386.349,2370.885,2381.506,47018.0,199.0,0.0,0.0,0,0,1,bullish,0,none,0,0,0,0,0,0,1,1,0,0,3,3,0,3,12.587714285714323,12,3,1,1,B,-0.0042909662262534,15.463999999999942,11.159051020408173,1,0.9754177918552056,1
2024-05-16 16:00:00,2381.564,2383.746,2377.704,2378.106,18760.0,199.0,0.0,0.0,0,0,1,bullish,0,none,0,0,0,0,0,0,0,0,0,0,1,1,0,1,12.270500000000052,16,3,1,1,B,-0.0014276680386274,6.041999999999916,11.201816326530622,1,0.9520747114831257,1
2024-05-17 00:00:00,2377.72,2381.233,2373.908,2377.803,17284.0,199.0,0.0,0.0,0,0,1,bullish,5,doji,0,0,1,0,0,0,0,0,0,1,0,1,1,1,10.651500000000071,0,4,1,1,A,-0.0001274123188791,7.325000000000273,11.101336734693891,1,0.9209983370872276,1
2024-05-17 04:00:00,2377.806,2387.762,2376.582,2383.814,18626.0,199.0,0.0,0.0,0,0,1,bullish,0,none,0,0,0,0,0,0,0,0,0,0,0,0,0,0,11.211928571428643,4,4,1,1,B,0.0025279638388882,11.180000000000293,11.042704081632674,1,0.9924835197801299,1
2024-05-17 08:00:00,2383.874,2390.135,2381.299,2389.682,18853.0,199.0,0.0,0.0,0,0,1,bullish,0,none,0,0,0,0,0,0,0,1,0,0,1,1,0,1,11.402857142857233,8,4,1,1,B,0.0024616014504486,8.83600000000024,11.075545918367377,1,0.9327517020379191,1
2024-05-17 12:00:00,2389.644,2419.17,2386.798,2407.708,51987.0,199.0,0.0,0.0,0,0,1,bullish,0,none,0,0,0,0,0,0,1,1,0,0,2,2,0,2,13.032928571428686,12,4,1,1,B,0.0075432630785186,32.3720000000003,11.257188775510246,1,0.7184070181716988,1
2024-05-17 20:00:00,2416.451,2422.733,2413.419,2413.933,5391.0,199.0,0.0,0.0,0,0,1,bullish,6,shooting_star,0,0,1,0,0,0,0,0,0,1,0,1,1,1,11.351071428571524,20,4,1,1,A,0.0025854464079531,9.314000000000306,11.31893877551025,1,0.9581582577162319,1
2024-05-19 20:00:00,2425.201,2425.201,2416.732,2420.194,10238.0,199.0,0.0,0.0,0,0,1,bullish,0,none,0,0,0,0,0,0,0,0,0,0,0,0,0,0,11.21107142857152,20,6,1,1,B,0.0025936925341341,8.469000000000051,11.374959183673525,1,0.7800312688938886,1
2024-05-20 12:00:00,2430.572,2430.898,2407.273,2424.838,64798.0,199.0,0.0,0.0,0,0,1,bullish,0,none,0,0,0,0,0,0,1,1,0,0,2,2,0,2,14.623071428571524,12,0,1,1,B,0.0019188544389416,23.625,11.704908163265369,1,0.9636521567466918,1
2024-05-20 16:00:00,2424.813,2437.373,2422.441,2426.734,25937.0,199.0,0.0,0.0,0,0,1,bullish,0,none,0,0,0,0,0,0,0,0,0,0,0,0,0,0,14.585071428571544,16,0,1,1,B,0.0007819079047752,14.932000000000244,12.026821428571496,1,0.9584468466611874,1
2024-05-21 04:00:00,2413.684,2422.206,2408.502,2419.209,27308.0,199.0,0.0,0.0,0,0,1,bullish,0,none,0,0,0,0,0,0,1,0,0,0,2,2,0,2,16.772571428571545,4,1,1,1,B,-0.002853924331436,13.704000000000178,12.686326530612323,1,0.9700691128911824,1
2024-05-21 20:00:00,2423.305,2423.457,2420.319,2421.654,6220.0,199.0,0.0,0.0,0,0,1,bullish,0,none,0,0,0,0,0,0,0,0,0,0,1,1,0,1,14.671500000000083,20,1,1,1,B,0.0010106609226405,3.13799999999992,12.875576530612332,1,0.8744119726213426,1
2024-05-22 00:00:00,2421.659,2426.542,2412.539,2414.163,22232.0,199.0,0.0,0.0,0,0,1,bullish,0,none,0,0,0,0,0,0,0,0,0,0,1,1,0,1,15.006428571428614,0,2,1,1,B,-0.003093340336811,14.002999999999702,13.145474489796005,1,0.922317380467492,1
2024-05-22 12:00:00,2408.711,2415.039,2382.135,2391.965,58694.0,199.0,0.0,0.0,0,0,1,bullish,0,none,0,0,0,0,0,1,1,1,0,0,2,2,0,2,15.080142857142878,12,2,1,1,B,-0.0104528650952824,32.904,13.497790816326614,1,0.7712610911696376,1
2024-05-22 16:00:00,2391.92,2394.995,2374.935,2379.305,32868.0,199.0,0.0,0.0,0,0,1,bullish,0,none,0,0,0,0,0,1,1,1,0,0,2,2,0,2,15.112071428571458,16,2,1,1,B,-0.0052927195841077,20.059999999999945,13.816403061224571,1,0.9873506811399186,1
2024-05-23 16:00:00,2346.044,2350.143,2330.91,2331.58,29969.0,199.0,0.0,0.0,0,0,1,bullish,0,none,0,0,0,1,0,1,0,0,0,1,0,1,1,1,15.57742857142856,16,3,1,1,A,-0.0153971151681918,19.23300000000017,14.362265306122508,1,0.8685151891385844,1
2024-05-23 20:00:00,2331.622,2333.62,2326.867,2332.012,8448.0,199.0,0.0,0.0,0,0,1,bullish,5,doji,0,0,1,0,0,1,0,0,0,1,0,1,1,1,15.062785714285676,20,3,1,1,A,0.0001852820833943,6.752999999999702,14.627387755102092,1,0.6987602782924575,1
2024-06-21 20:00:00,2322.106,2322.653,2320.76,2321.503,2876.0,199.0,0.0,0.0,0,0,1,bullish,0,none,0,0,0,0,0,1,0,0,0,0,1,1,0,1,11.71049999999991,20,4,0,0,B,-0.01662355178255,1.8929999999995744,9.191061224489747,1,0.8974786300652353,1
2024-06-24 04:00:00,2325.405,2331.793,2321.325,2330.705,17247.0,199.0,0.0,0.0,0,0,1,bullish,0,none,0,0,0,0,0,1,0,0,0,0,1,1,0,1,12.296071428571397,4,0,0,0,B,0.0039638113756474,10.468000000000302,9.250653061224442,1,0.8946533748096467,1
2024-06-24 08:00:00,2330.724,2332.768,2320.767,2326.191,20913.0,199.0,0.0,0.0,0,0,1,bullish,0,none,0,0,0,0,0,1,1,1,0,0,3,3,0,3,12.298000000000002,8,0,0,0,B,-0.0019367530425343,12.001000000000204,9.331443877550976,1,0.9182147807569913,1
2024-06-24 12:00:00,2326.249,2333.833,2323.281,2327.626,29215.0,199.0,0.0,0.0,0,0,1,bullish,0,none,0,0,0,0,0,1,1,1,0,0,3,3,0,3,12.350357142857124,12,0,0,0,B,0.0006168882950714,10.552000000000136,9.56530102040812,1,0.963120932840864,1
2024-06-26 04:00:00,2317.289,2318.129,2309.682,2316.085,19062.0,199.0,0.0,0.0,0,0,1,bullish,0,none,0,0,0,0,0,1,0,1,0,0,2,2,0,2,9.499785714285704,4,2,0,0,B,-0.0015911018994936,8.447000000000116,9.954081632653033,1,0.7619329603062492,1
2024-06-28 16:00:00,2328.641,2332.713,2322.926,2325.004,18663.0,199.0,0.0,0.0,0,0,1,bullish,0,none,0,0,0,0,0,1,0,1,0,0,2,2,0,2,9.918071428571466,16,4,0,0,B,-0.0009204407458751,9.787000000000262,10.221285714285704,1,0.8445435921502976,1
2024-06-30 20:00:00,2322.849,2326.157,2322.837,2324.933,4751.0,199.0,0.0,0.0,0,0,1,bullish,0,none,0,0,0,0,0,1,0,0,0,0,1,1,0,1,8.299857142857165,20,6,0,0,B,-0.0007328170519006,3.320000000000164,9.76888265306122,1,0.7117214752521853,1
2024-07-01 12:00:00,2338.161,2338.478,2319.173,2327.713,36266.0,199.0,0.0,0.0,0,0,1,bullish,0,none,0,0,0,0,0,1,1,1,0,0,3,3,0,3,10.013642857142909,12,0,0,0,B,0.0011957333824244,19.30500000000029,9.712505102040817,1,0.9699297060561892,1
2024-07-01 16:00:00,2327.707,2331.871,2326.603,2330.9,17513.0,199.0,0.0,0.0,0,0,1,bullish,0,none,0,0,0,0,0,1,0,1,0,0,2,2,0,2,9.329714285714315,16,0,0,0,B,0.001369155046176,5.268000000000029,9.732214285714289,1,0.737248546310098,1
2024-07-01 20:00:00,2330.973,2332.553,2330.862,2332.222,5619.0,199.0,0.0,0.0,0,0,1,bullish,0,none,0,0,0,0,0,1,0,0,0,0,1,1,0,1,9.028785714285732,20,0,0,0,B,0.0005671628984513,1.6909999999998035,9.69857142857143,1,0.9048347402852474,1
2024-07-02 00:00:00,2332.216,2334.305,2325.702,2326.033,14729.0,199.0,0.0,0.0,0,0,1,bullish,0,none,0,0,0,0,0,1,0,0,0,0,1,1,0,1,9.418071428571434,0,1,0,0,B,-0.0026536924872504,8.60299999999961,9.66582653061225,1,0.801412579237942,1
2024-07-02 20:00:00,2330.725,2331.443,2328.61,2330.18,5747.0,199.0,0.0,0.0,0,0,1,bullish,0,none,0,0,0,0,0,1,0,0,0,0,1,1,0,1,9.142928571428554,20,1,0,0,B,-0.0002488458700168,2.833000000000084,9.49634693877552,1,0.7691914205790675,1
2024-07-03 16:00:00,2363.001,2363.147,2353.613,2354.28,17217.0,199.0,0.0,0.0,0,0,1,bullish,0,none,0,0,0,0,0,1,0,1,0,0,2,2,0,2,10.36342857142852,16,2,0,0,B,0.0103425486443109,9.534000000000106,9.460852040816333,1,0.880722046739478,1
2024-07-04 04:00:00,2358.102,2359.572,2350.33,2357.455,15608.0,199.0,0.0,0.0,0,0,1,bullish,0,none,0,0,0,0,0,1,0,0,0,0,1,1,0,1,9.965571428571366,4,3,1,1,B,-0.0005274093896678,9.24200000000019,9.43695408163265,1,0.8859762873841823,1
2024-07-04 20:00:00,2357.034,2357.715,2354.213,2356.721,4669.0,199.0,0.0,0.0,0,0,1,bullish,0,none,0,0,0,0,0,1,0,0,0,0,1,1,0,1,7.766499999999951,20,3,1,1,B,-0.0002159314110206,3.5019999999999527,9.297091836734678,1,0.7289145404102784,1
2024-07-08 00:00:00,2386.065,2391.088,2380.666,2382.88,19317.0,199.0,0.0,0.0,0,0,1,bullish,0,none,0,0,0,0,0,0,1,1,0,0,3,3,0,3,8.722785714285724,0,0,1,1,B,-0.0036281803026227,10.422000000000024,9.223244897959164,1,0.8755854982626108,1
2024-07-08 08:00:00,2377.824,2378.823,2368.253,2375.284,19446.0,199.0,0.0,0.0,0,0,1,bullish,0,none,0,0,0,0,0,1,1,1,0,0,3,3,0,3,9.108142857142834,8,0,1,1,B,-0.0010698839445072,10.569999999999707,9.20631122448977,1,0.8086386774477682,1
2024-07-08 12:00:00,2375.236,2379.516,2350.975,2355.459,38218.0,199.0,0.0,0.0,0,0,1,bullish,0,none,0,0,0,0,0,1,1,1,0,0,3,3,0,3,10.822214285714283,12,0,1,1,B,-0.0083463703708694,28.541000000000167,9.30660714285712,1,0.9571009121335111,1
2024-07-08 16:00:00,2355.409,2359.838,2350.991,2359.132,20913.0,199.0,0.0,0.0,0,0,1,bullish,0,none,0,0,0,0,0,1,1,1,0,0,3,3,0,3,10.99807142857146,16,0,1,1,B,0.0015593563717306,8.847000000000207,9.423433673469363,1,0.9146904065917516,1
2024-07-08 20:00:00,2359.174,2362.004,2357.986,2361.711,5644.0,199.0,0.0,0.0,0,0,1,bullish,0,none,0,0,0,0,0,1,0,0,0,0,1,1,0,1,11.128285714285736,20,0,1,1,B,0.0010931986849398,4.018000000000029,9.52976530612243,1,0.9368955268542785,1
2024-07-09 00:00:00,2361.738,2367.949,2360.436,2367.625,17678.0,199.0,0.0,0.0,0,0,1,bullish,0,none,0,0,0,0,0,1,1,0,0,0,2,2,0,2,11.414785714285731,0,1,1,1,B,0.0025041167187687,7.51299999999992,9.692040816326513,1,0.9526030376920188,1
2024-07-09 04:00:00,2367.619,2368.791,2358.279,2358.933,17153.0,199.0,0.0,0.0,0,0,1,bullish,0,none,0,0,0,0,0,1,0,0,0,0,1,1,0,1,11.660071428571428,4,1,1,1,B,-0.0036711894831318,10.512000000000173,9.784658163265291,1,0.9027090918047186,1
2024-07-09 16:00:00,2361.976,2365.588,2356.507,2363.496,20404.0,199.0,0.0,0.0,0,0,1,bullish,0,none,0,0,0,0,0,1,1,1,0,0,3,3,0,3,10.665785714285708,16,1,1,1,B,0.0019343491315777,9.081000000000133,9.877428571428563,1,0.9812210059979343,1
2024-07-09 20:00:00,2363.538,2366.037,2363.281,2364.966,5336.0,199.0,0.0,0.0,0,0,1,bullish,0,none,0,0,0,0,0,1,0,0,0,0,1,1,0,1,10.21849999999998,20,1,1,1,B,0.0006219600117791,2.755999999999858,9.895494897959178,1,0.8474236414222851,1
2024-07-10 00:00:00,2364.944,2370.258,2363.304,2368.144,16294.0,199.0,0.0,0.0,0,0,1,bullish,0,none,0,0,0,0,0,1,0,0,0,0,1,1,0,1,10.469357142857104,0,2,1,1,B,0.00134378253218,6.953999999999724,9.9521887755102,1,0.9867773784313495,1
2024-07-10 04:00:00,2368.166,2374.932,2366.536,2372.606,15641.0,199.0,0.0,0.0,0,0,1,bullish,0,none,0,0,0,0,0,1,0,0,0,0,1,1,0,1,10.584071428571374,4,2,1,1,B,0.0018841759622727,8.39599999999973,10.080622448979584,1,0.9688582439243977,1
2024-07-10 08:00:00,2372.569,2378.379,2371.425,2378.346,15739.0,199.0,0.0,0.0,0,0,1,bullish,0,none,0,0,0,0,0,1,0,0,0,0,1,1,0,1,10.336357142857066,8,2,1,1,B,0.0024192807402492,6.953999999999724,10.26418367346938,0,0.6894785944699752,1
2024-07-10 20:00:00,2371.762,2372.911,2370.86,2372.852,5262.0,199.0,0.0,0.0,0,0,1,bullish,0,none,0,0,0,0,0,1,0,0,0,0,1,1,0,1,8.694714285714229,20,2,1,1,B,-0.002310008720346,2.050999999999931,10.274030612244884,1,0.9064544637242341,1
2024-07-11 00:00:00,2372.832,2380.254,2371.418,2378.741,15485.0,199.0,0.0,0.0,0,0,1,bullish,0,none,0,0,0,0,0,1,0,0,0,0,0,0,0,0,8.693928571428485,0,3,1,1,B,0.0024818235608459,8.835999999999785,10.271969387755082,1,0.8577771706552858,1
2024-07-11 08:00:00,2379.924,2384.527,2379.001,2380.792,17332.0,199.0,0.0,0.0,0,0,1,bullish,0,none,0,0,0,0,0,0,0,1,0,0,1,1,0,1,8.603357142857053,8,3,1,1,B,0.000862220813447,5.52599999999984,10.242688775510176,1,0.7361512756440264,1
2024-07-12 04:00:00,2408.779,2410.088,2400.289,2404.174,18825.0,199.0,0.0,0.0,0,0,1,bullish,0,none,0,0,0,0,0,0,0,1,0,0,2,2,0,2,10.548857142857027,4,4,1,1,B,-0.004104251636854,9.798999999999978,10.37607142857139,1,0.9619700596083738,1
2024-07-12 08:00:00,2404.1,2408.312,2398.288,2401.715,19038.0,199.0,0.0,0.0,0,0,1,bullish,0,none,0,0,0,0,1,0,0,1,0,0,3,3,0,3,10.768142857142752,8,4,1,1,B,-0.0010228045058302,10.023999999999887,10.359647959183622,1,0.9444978168070425,1
2024-07-14 20:00:00,2411.619,2412.243,2405.677,2408.657,6541.0,179.0,0.0,0.0,0,0,1,bullish,0,none,0,0,0,0,0,0,0,0,1,0,1,1,0,1,10.584999999999908,20,6,1,1,B,0.0028904345436491,6.565999999999804,10.320841836734632,1,0.9272556870813364,1
2024-07-15 00:00:00,2408.659,2411.971,2404.881,2411.555,17029.0,179.0,0.0,0.0,0,0,1,bullish,0,none,0,0,0,0,0,0,0,1,1,0,2,2,0,2,10.944928571428491,0,0,1,1,B,0.0012031601012512,7.0900000000001455,10.287280612244832,1,0.9312892495703908,1
2024-07-15 12:00:00,2418.241,2437.493,2411.509,2433.281,38213.0,162.0,0.0,0.0,0,0,1,bullish,0,none,0,0,0,0,0,0,1,1,1,0,3,3,0,3,13.30299999999995,12,0,1,1,B,0.0090091248178043,25.983999999999924,10.404632653061157,1,0.9420045004318698,1
2024-07-15 16:00:00,2433.261,2439.76,2419.715,2421.091,30850.0,179.0,0.0,0.0,0,0,1,bullish,0,none,0,0,0,0,0,0,1,1,1,0,3,3,0,3,11.417214285714246,16,0,1,1,B,-0.0050096967838897,20.04500000000008,10.458306122448906,1,0.9298195988651129,1
2024-07-15 20:00:00,2421.145,2422.726,2420.587,2422.496,6121.0,179.0,0.0,0.0,0,0,1,bullish,0,none,0,0,0,0,0,0,0,0,1,0,1,1,0,1,10.909285714285684,20,0,1,1,B,0.0005803168901954,2.139000000000124,10.5076479591836,1,0.9802234090792507,1
2024-07-16 00:00:00,2422.482,2431.449,2419.914,2428.577,19418.0,179.0,0.0,0.0,0,0,1,bullish,0,none,0,0,0,0,0,0,0,1,1,0,2,2,0,2,11.384071428571392,0,1,1,1,B,0.0025102208631098,11.534999999999854,10.572984693877476,1,0.9774579954936685,1
2024-07-16 08:00:00,2436.951,2443.41,2433.607,2439.521,23066.0,179.0,0.0,0.0,0,0,1,bullish,0,none,0,0,0,0,0,0,1,1,0,0,2,2,0,2,11.72592857142854,8,1,1,1,B,0.0045063426030964,9.802999999999884,10.654545918367276,1,0.9700436218664655,1
2024-07-17 16:00:00,2463.422,2465.106,2451.407,2457.986,26838.0,179.0,0.0,0.0,0,0,1,bullish,0,none,0,0,0,0,0,0,1,1,0,0,2,2,0,2,15.507785714285708,16,2,1,1,B,0.0075691088537461,13.69900000000007,11.02393367346932,1,0.9659536481093028,1
2024-07-17 20:00:00,2458.022,2461.832,2457.212,2461.296,8685.0,179.0,0.0,0.0,0,0,1,bullish,0,none,0,0,0,0,0,0,0,0,0,0,0,0,0,0,13.981785714285706,20,2,1,1,B,0.0013466309409411,4.619999999999891,11.401581632653,1,0.8876893542488545,1
2024-07-18 00:00:00,2461.334,2468.851,2457.29,2468.009,21503.0,179.0,0.0,0.0,0,0,1,bullish,0,none,0,0,0,0,0,0,0,0,0,0,0,0,0,0,13.375785714285712,0,3,1,1,B,0.0027274249013529,11.56100000000015,11.735999999999944,1,0.9661315360330871,1
2024-07-18 04:00:00,2468.0,2474.966,2464.551,2471.93,23389.0,179.0,0.0,0.0,0,0,1,bullish,0,none,0,0,0,0,0,0,0,0,0,0,0,0,0,0,13.966928571428555,4,3,1,1,B,0.0015887300248904,10.414999999999964,12.119112244897908,1,0.9875019571636999,1
2024-07-18 08:00:00,2471.959,2473.694,2461.488,2464.468,23040.0,179.0,0.0,0.0,0,0,1,bullish,2,bearish_engulfing,0,0,1,0,0,0,0,0,0,1,0,1,1,1,14.01485714285715,8,3,1,1,A,-0.0030186938950536,12.206000000000133,12.316683673469344,1,0.8751682756776381,1
2024-07-18 16:00:00,2461.312,2462.071,2440.226,2442.916,27606.0,179.0,0.0,0.0,0,0,1,bullish,0,none,0,0,0,0,0,0,1,1,0,0,2,2,0,2,14.732785714285717,16,3,1,1,B,-0.0074393818365318,21.8449999999998,12.837285714285686,1,0.9418061730428049,1
2024-07-19 04:00:00,2428.697,2429.321,2412.803,2418.127,29654.0,179.0,0.0,0.0,0,0,1,bullish,0,none,0,0,0,0,0,1,1,1,0,0,2,2,0,2,14.109142857142874,4,4,1,1,B,-0.0043533577634125,16.51800000000003,13.190872448979588,1,0.8059302306862144,1
2024-07-19 16:00:00,2405.445,2406.003,2395.64,2398.712,21969.0,179.0,0.0,0.0,0,0,1,bullish,0,none,0,0,0,0,1,1,0,0,0,0,1,1,0,1,13.886428571428626,16,4,1,1,B,-0.0027721191662024,10.363000000000284,13.757367346938784,1,0.8178819930354696,1
2024-07-19 20:00:00,2398.743,2400.55,2397.783,2400.451,3119.0,179.0,0.0,0.0,0,0,1,bullish,0,none,0,0,0,0,1,1,0,0,0,0,1,1,0,1,12.245357142857204,20,4,1,1,B,0.0007249724018556,2.76700000000028,13.794469387755118,1,0.9309007553067736,1
2024-07-22 04:00:00,2406.69,2407.353,2398.881,2402.513,25253.0,179.0,0.0,0.0,0,0,1,bullish,0,none,0,0,0,0,0,1,0,1,0,0,1,1,0,1,12.175857142857208,4,0,1,1,B,-0.0017529995030606,8.472000000000207,13.351173469387785,1,0.9185727624740837,1
2024-07-22 08:00:00,2402.501,2408.352,2397.982,2398.056,22205.0,179.0,0.0,0.0,0,0,1,bullish,0,none,0,0,0,0,1,1,0,1,0,0,2,2,0,2,12.172642857142916,8,0,1,1,B,-0.0018551408462721,10.36999999999989,13.22301020408167,1,0.9603222947488829,1
2024-07-22 20:00:00,2398.954,2399.487,2394.705,2395.783,6183.0,179.0,0.0,0.0,0,0,1,bullish,0,none,0,0,0,0,0,1,0,0,0,0,0,0,0,0,11.361142857142925,20,0,1,1,B,-0.0009478510927184,4.782000000000153,13.033459183673507,1,0.8660352355534304,1
2024-07-23 04:00:00,2398.36,2399.643,2388.225,2397.788,24248.0,179.0,0.0,0.0,0,0,1,bullish,0,none,0,0,0,0,0,1,0,1,0,0,1,1,0,1,10.977928571428654,4,1,1,1,B,0.0008368871471247,11.41800000000012,12.826693877551063,1,0.9617361448247514,1
2024-07-23 08:00:00,2397.823,2411.984,2396.303,2407.614,24326.0,179.0,0.0,0.0,0,0,1,bullish,0,none,0,0,0,0,0,1,0,1,0,0,1,1,0,1,10.91814285714294,8,1,1,1,B,0.004097943604689,15.68100000000004,12.554219387755154,1,0.9356379445447804,1
2024-07-23 12:00:00,2407.574,2409.281,2399.515,2405.479,33840.0,179.0,0.0,0.0,0,0,1,bullish,0,none,0,0,0,0,0,1,1,1,0,0,2,2,0,2,10.670714285714372,12,1,1,1,B,-0.0008867700553328,9.766000000000076,12.425066326530668,1,0.9840657676475056,1
2024-07-23 16:00:00,2405.437,2408.974,2402.626,2407.545,18680.0,179.0,0.0,0.0,0,0,1,bullish,0,none,0,0,0,0,0,1,0,0,0,0,0,0,0,0,9.94550000000007,16,1,1,1,B,0.0008588725987632,6.347999999999956,12.192948979591892,1,0.836019700158084,1
2024-07-23 20:00:00,2407.504,2410.013,2405.307,2408.513,7048.0,179.0,0.0,0.0,0,0,1,bullish,0,none,0,0,0,0,0,1,0,0,0,0,0,0,0,0,9.54142857142863,20,1,1,1,B,0.0004020693278836,4.706000000000131,11.86668367346945,1,0.8543107442015248,1
2024-07-24 00:00:00,2408.558,2418.319,2404.866,2416.406,23648.0,179.0,0.0,0.0,0,0,1,bullish,0,none,0,0,0,0,0,1,0,1,0,0,1,1,0,1,10.304714285714324,0,2,1,1,B,0.0032771257618289,13.452999999999976,11.621596938775571,1,0.9413100202574661,1
2024-07-24 04:00:00,2416.421,2419.199,2411.549,2414.574,22867.0,179.0,0.0,0.0,0,0,1,bullish,0,none,0,0,0,0,0,1,0,0,0,0,0,0,0,0,10.0311428571429,4,2,1,1,B,-0.0007581507412247,7.650000000000091,11.336739795918431,1,0.9450131103570397,1
2024-07-25 12:00:00,2368.562,2377.31,2357.919,2363.151,66756.0,179.0,0.0,0.0,0,0,1,bullish,0,none,0,0,0,0,0,0,1,1,0,0,2,2,0,2,14.211857142857168,12,3,1,1,B,-0.0224539925011334,19.39100000000008,11.197102040816388,1,0.9507066411877925,1
2024-08-02 20:00:00,2437.645,2442.477,2435.539,2441.892,4853.0,179.0,0.0,0.0,0,0,1,bullish,0,none,0,0,0,0,0,1,0,0,0,0,0,0,0,0,18.388000000000016,20,4,1,1,B,-0.0070618832745962,6.937999999999647,13.142209183673458,1,0.8413364048323164,1
2024-08-14 20:00:00,2447.123,2449.482,2446.433,2449.408,8037.0,169.0,0.0,0.0,0,0,1,bullish,0,none,0,0,0,0,1,1,0,0,0,0,1,1,0,1,12.33957142857139,20,2,1,1,B,-0.0102186288740111,3.048999999999978,11.320275510204052,1,0.9419206877646881,1
2024-08-15 00:00:00,2449.396,2454.357,2448.2,2453.681,26967.0,169.0,0.0,0.0,0,0,1,bullish,0,none,0,0,0,0,0,1,1,0,0,0,1,1,0,1,11.831928571428534,0,3,1,1,B,0.0017445031615803,6.157000000000153,11.304204081632625,1,0.9562171047936742,1
2024-08-15 04:00:00,2453.708,2458.777,2450.28,2455.71,25666.0,169.0,0.0,0.0,0,0,1,bullish,0,none,0,0,0,0,0,1,0,0,0,0,0,0,0,0,12.018714285714234,4,3,1,1,B,0.0008269208589053,8.496999999999844,11.288755102040788,1,0.9257092752493061,1
2024-08-15 16:00:00,2458.394,2461.631,2453.4,2455.566,24644.0,169.0,0.0,0.0,0,0,1,bullish,0,none,0,0,0,0,0,1,0,0,0,0,1,1,0,1,13.824071428571347,16,3,1,1,B,-0.0032339733220542,8.230999999999767,11.33314285714283,1,0.8900306582498966,1
2024-08-15 20:00:00,2455.52,2458.257,2454.397,2457.298,7796.0,169.0,0.0,0.0,0,0,1,bullish,0,none,0,0,0,0,0,1,0,0,0,0,1,1,0,1,12.904071428571342,20,3,1,1,B,0.0007053363664426,3.8600000000001273,11.381867346938748,1,0.9209027333256944,1
2024-08-16 08:00:00,2462.052,2472.314,2459.109,2472.113,23002.0,169.0,0.0,0.0,0,0,1,bullish,0,none,0,0,0,0,0,0,0,1,0,0,2,2,0,2,13.263857142857075,8,4,1,1,B,0.0060289797981361,13.204999999999927,11.522933673469362,1,0.8642286612362207,1
2024-08-16 12:00:00,2472.074,2500.52,2471.251,2491.691,64316.0,169.0,0.0,0.0,0,0,1,bullish,0,none,0,0,0,0,0,0,1,1,0,0,2,2,0,2,14.451357142857075,12,4,1,1,B,0.0079195408947729,29.26899999999977,11.799663265306096,1,0.9688026200962779,1
2024-08-19 00:00:00,2506.42,2506.771,2494.933,2503.22,31699.0,179.0,0.0,0.0,0,0,1,bullish,0,none,0,0,0,0,0,0,1,1,0,0,3,3,0,3,12.83142857142853,0,0,1,1,B,-0.0012743305774706,11.838000000000193,12.08512244897956,1,0.9019704730557793,1
2024-08-19 08:00:00,2502.945,2507.181,2486.483,2494.391,24573.0,179.0,0.0,0.0,0,0,1,bullish,0,none,0,0,0,0,0,0,0,1,0,0,2,2,0,2,13.722357142857096,8,0,1,1,B,-0.0035270571503901,20.697999999999865,12.349612244897918,1,0.9681954429875091,1
2024-08-19 16:00:00,2503.898,2507.482,2500.634,2505.436,20464.0,179.0,0.0,0.0,0,0,1,bullish,0,none,0,0,0,0,0,0,0,0,0,0,0,0,0,0,12.1900714285714,16,0,1,1,B,0.0044279345138753,6.847999999999956,12.530219387755055,1,0.9545074458492622,1
2024-08-20 00:00:00,2503.554,2508.316,2498.632,2501.778,22165.0,179.0,0.0,0.0,0,0,1,bullish,0,none,0,0,0,0,1,0,0,0,0,0,2,2,0,2,12.27492857142855,0,1,1,1,B,-0.0014600253209422,9.683999999999742,12.639714285714238,1,0.9872654691967164,1
2024-08-20 16:00:00,2508.549,2515.521,2500.829,2514.951,26011.0,179.0,0.0,0.0,0,0,1,bullish,0,none,0,0,0,0,0,0,1,1,0,0,3,3,0,3,12.714214285714304,16,1,1,1,B,0.005265455208256,14.692000000000007,12.72821428571424,1,0.9944710767539032,1
2024-08-20 20:00:00,2514.994,2516.937,2512.724,2512.964,7079.0,179.0,0.0,0.0,0,0,1,bullish,0,none,0,0,0,0,0,0,0,0,0,0,0,0,0,0,11.773999999999983,20,1,1,1,B,-0.0007900750352591,4.212999999999738,12.687816326530566,1,0.9642243438859459,1
2024-08-21 00:00:00,2512.976,2519.942,2510.771,2517.386,22783.0,179.0,0.0,0.0,0,0,1,bullish,0,none,0,0,0,0,0,0,0,1,0,0,1,1,0,1,12.12714285714284,0,2,1,1,B,0.0017596750291688,9.170999999999822,12.708903061224444,1,0.9450944272495738,1
2024-08-21 04:00:00,2517.433,2519.627,2508.059,2509.751,22375.0,179.0,0.0,0.0,0,0,1,bullish,2,bearish_engulfing,0,0,1,0,0,0,0,0,0,1,0,1,1,1,12.557071428571394,4,2,1,1,A,-0.0030329079449873,11.567999999999756,12.7473571428571,1,0.9792003448832315,1
2024-08-21 08:00:00,2509.723,2513.321,2504.418,2511.823,21806.0,179.0,0.0,0.0,0,0,1,bullish,3,hammer,0,0,1,0,0,0,0,0,0,1,0,1,1,1,12.347428571428509,8,2,1,1,A,0.0008255799081262,8.902999999999793,12.798974489795873,1,0.9749516215165804,1
2024-08-21 12:00:00,2511.781,2513.733,2493.644,2508.369,57846.0,179.0,0.0,0.0,0,0,1,bullish,0,none,0,0,0,0,0,0,1,1,0,0,2,2,0,2,13.323142857142816,12,2,1,1,B,-0.0013750968917792,20.0890000000004,12.76319387755098,1,0.9592255566917346,1
2024-08-21 16:00:00,2508.311,2519.167,2503.051,2511.559,25174.0,179.0,0.0,0.0,0,0,1,bullish,0,none,0,0,0,0,0,0,1,1,0,0,2,2,0,2,12.99585714285711,16,2,1,1,B,0.0012717427140902,16.115999999999985,12.769749999999965,1,0.9639178852185033,1
2024-08-21 20:00:00,2511.513,2514.424,2509.759,2512.783,7337.0,179.0,0.0,0.0,0,0,1,bullish,0,none,0,0,0,0,0,0,0,0,0,0,0,0,0,0,11.876999999999953,20,2,1,1,B,0.0004873467037802,4.664999999999964,12.670688775510168,1,0.9299667775262065,1
2024-08-22 00:00:00,2512.732,2514.701,2499.852,2502.329,23426.0,179.0,0.0,0.0,0,0,1,bullish,0,none,0,0,0,0,1,0,0,1,0,0,2,2,0,2,12.448499999999967,0,3,1,1,B,-0.0041603274138672,14.84900000000016,12.527627551020377,1,0.9635326829542152,1
2024-08-22 16:00:00,2481.842,2485.965,2478.491,2482.983,23869.0,179.0,0.0,0.0,0,0,1,bullish,0,none,0,0,0,0,0,1,0,1,0,0,2,2,0,2,13.824785714285683,16,3,1,1,B,-0.0096202707348961,7.47400000000016,12.65603571428568,1,0.9425035889902927,1
2024-08-22 20:00:00,2483.021,2487.571,2482.369,2487.564,6700.0,179.0,0.0,0.0,0,0,1,bullish,0,none,0,0,0,0,0,1,0,0,0,0,1,1,0,1,12.345214285714226,20,3,1,1,B,0.0018449582618969,5.201999999999771,12.557668367346906,1,0.951718989603255,1
2024-08-23 00:00:00,2487.574,2493.753,2486.442,2493.17,23003.0,179.0,0.0,0.0,0,0,1,bullish,0,none,0,0,0,0,0,0,0,0,0,0,1,1,0,1,11.817999999999952,0,4,1,1,B,0.0022536103593717,7.311000000000149,12.53109183673466,1,0.991728390287472,1
2024-08-23 08:00:00,2493.338,2502.502,2492.991,2501.571,21253.0,179.0,0.0,0.0,0,0,1,bullish,0,none,0,0,0,0,1,0,0,0,0,0,2,2,0,2,11.91378571428569,8,4,1,1,B,0.0033696057629442,9.510999999999967,12.505295918367311,1,0.9624690873558198,1
2024-08-23 12:00:00,2501.557,2518.35,2494.453,2509.845,63385.0,179.0,0.0,0.0,0,0,1,bullish,0,none,0,0,0,0,0,0,1,1,0,0,3,3,0,3,12.79442857142856,12,4,1,1,B,0.0033075215534557,23.89699999999993,12.511025510204044,1,0.9417035946342857,1
2024-08-23 20:00:00,2510.745,2512.455,2509.532,2512.357,3095.0,179.0,0.0,0.0,0,0,1,bullish,0,none,0,0,0,0,0,0,0,0,0,0,1,1,0,1,11.753428571428556,20,4,1,1,B,0.0010008586187593,2.9229999999997744,12.509556122448943,1,0.970933459536243,1
2024-08-25 20:00:00,2512.067,2516.683,2511.074,2515.917,7412.0,159.0,0.0,0.0,0,0,1,bullish,0,none,0,0,0,0,0,0,0,0,1,0,1,1,0,1,11.002928571428551,20,6,1,1,B,0.0014169960718162,5.608999999999924,12.42925510204078,1,0.9403815797652156,1
2024-08-26 00:00:00,2515.903,2517.001,2509.33,2509.769,23821.0,159.0,0.0,0.0,0,0,1,bullish,0,none,0,0,0,0,0,0,0,1,1,0,2,2,0,2,11.21764285714286,0,0,1,1,B,-0.0024436418212524,7.671000000000276,12.333581632653027,1,0.9657862218558501,1
2024-08-27 00:00:00,2515.512,2516.709,2505.816,2508.973,22333.0,159.0,0.0,0.0,0,0,1,bullish,0,none,0,0,0,0,0,0,0,0,1,0,2,2,0,2,9.563928571428573,0,1,1,1,B,-0.0003171606629932,10.893000000000027,12.134760204081603,1,0.9807834473491398,1
2024-08-28 04:00:00,2515.824,2516.138,2503.219,2509.984,28292.0,159.0,0.0,0.0,0,0,1,bullish,0,none,0,0,0,0,0,0,1,1,0,0,2,2,0,2,11.0735,4,2,1,1,B,-0.0023332037550668,12.918999999999867,11.799464285714262,1,0.9351535280379765,1
2024-08-28 08:00:00,2509.942,2511.432,2500.69,2501.485,23947.0,159.0,0.0,0.0,0,0,1,bullish,0,none,0,0,0,0,1,0,0,1,0,0,2,2,0,2,11.292857142857104,8,2,1,1,B,-0.0033860773614492,10.741999999999734,11.757739795918344,1,0.9694359628525095,1
2024-08-28 16:00:00,2506.182,2509.588,2496.376,2507.607,24073.0,159.0,0.0,0.0,0,0,1,bullish,0,none,0,0,0,0,0,0,0,1,0,0,2,2,0,2,12.079857142857106,16,2,1,1,B,0.0024473462763117,13.211999999999987,11.731408163265282,1,0.9711241776084825,1
2024-08-28 20:00:00,2507.643,2508.703,2502.76,2508.11,9885.0,159.0,0.0,0.0,0,0,1,bullish,0,none,0,0,0,0,0,1,0,0,0,0,1,1,0,1,11.330714285714228,20,2,1,1,B,0.0002005896458256,5.942999999999756,11.611602040816305,1,0.967862956532887,1
2024-08-29 00:00:00,2508.08,2516.771,2507.976,2516.543,21236.0,159.0,0.0,0.0,0,0,1,bullish,0,none,0,0,0,0,0,0,0,0,0,0,1,1,0,1,11.25371428571423,0,3,1,1,B,0.0033622927224084,8.795000000000073,11.42795408163263,1,0.9818333207875651,1
2024-08-29 04:00:00,2516.591,2521.164,2513.806,2519.091,21921.0,159.0,0.0,0.0,0,0,1,bullish,0,none,0,0,0,0,0,0,0,0,0,0,1,1,0,1,11.515785714285682,4,3,1,1,B,0.0010125000844412,7.358000000000175,11.368709183673444,1,0.9048231156291715,1
2024-08-30 00:00:00,2519.6,2520.108,2512.292,2513.556,21061.0,159.0,0.0,0.0,0,0,1,bullish,0,none,0,0,0,0,0,0,0,0,0,0,1,1,0,1,10.578857142857098,0,4,1,1,B,-0.0024047324690477,7.816000000000258,11.174872448979562,1,0.9350686960718999,1
2024-09-02 04:00:00,2496.208,2501.457,2495.2,2498.157,21598.0,159.0,0.0,0.0,0,0,1,bullish,0,none,0,0,0,0,1,1,0,0,0,0,2,2,0,2,10.542928571428677,4,0,1,1,B,-0.0019269031314672,6.257000000000062,11.010841836734675,1,0.8755951131473186,1
2024-09-03 00:00:00,2497.247,2497.701,2489.66,2494.717,24470.0,159.0,0.0,0.0,0,0,1,bullish,0,none,0,0,0,0,0,1,1,1,1,0,3,3,0,3,8.909000000000137,0,1,1,1,B,-0.0010111154625783,8.041000000000167,10.625729591836755,1,0.9096010539779467,1
2024-09-03 20:00:00,2491.965,2494.764,2491.318,2493.223,7768.0,159.0,0.0,0.0,0,0,1,bullish,0,none,0,0,0,0,0,1,0,0,1,0,1,1,0,1,9.317142857142894,20,1,1,1,B,-0.0030469725608524,3.4459999999999127,10.263076530612285,1,0.9079423238967055,1
2024-09-04 00:00:00,2493.2,2496.95,2491.291,2495.016,20686.0,159.0,0.0,0.0,0,0,1,bullish,0,none,0,0,0,0,0,1,0,0,1,0,1,1,0,1,9.596785714285716,0,2,1,1,B,0.0007191494703844,5.658999999999651,10.144724489795962,1,0.9669397386340601,1
2024-09-06 20:00:00,2495.939,2497.827,2494.738,2497.54,3873.0,160.0,0.0,0.0,0,0,1,bullish,0,none,0,0,0,0,1,1,0,0,0,0,2,2,0,2,10.365785714285789,20,4,1,1,B,-0.0074352736950913,3.0890000000003965,10.778515306122468,1,0.8316373275863422,1
2024-09-09 04:00:00,2499.25,2499.542,2485.503,2494.286,33595.0,159.0,0.0,0.0,0,0,1,bullish,0,none,0,0,0,0,0,1,1,1,1,0,4,4,0,4,10.87135714285718,4,0,1,1,B,-0.0019981754745367,14.03899999999976,10.975265306122465,1,0.9627188114672905,1
2024-09-09 08:00:00,2494.311,2499.137,2489.94,2497.242,27686.0,159.0,0.0,0.0,0,0,1,bullish,0,none,0,0,0,0,0,1,0,1,1,0,3,3,0,3,10.538000000000045,8,0,1,1,B,0.0011851086844092,9.197000000000116,11.0424948979592,1,0.9105851945958948,1
2024-09-09 12:00:00,2497.296,2505.292,2493.231,2499.081,44391.0,159.0,0.0,0.0,0,0,1,bullish,0,none,0,0,0,0,1,1,1,1,1,0,5,5,0,5,10.508928571428603,12,0,1,1,B,0.0007364124101709,12.060999999999694,10.962994897959204,1,0.8792777593034241,1
2024-09-09 16:00:00,2499.111,2506.577,2499.111,2505.96,22623.0,159.0,0.0,0.0,0,0,1,bullish,0,none,0,0,0,0,0,1,0,0,1,0,2,2,0,2,9.631714285714322,16,0,1,1,B,0.0027526118601197,7.466000000000349,10.83939285714288,1,0.8666626571409636,1
2024-09-09 20:00:00,2505.921,2507.701,2505.221,2506.813,7026.0,159.0,0.0,0.0,0,0,1,bullish,0,none,0,0,0,0,0,1,0,0,1,0,2,2,0,2,9.03928571428576,20,0,1,1,B,0.0003403885137831,2.480000000000018,10.680821428571452,1,0.9682986981382841,1
2024-09-10 08:00:00,2502.754,2509.661,2500.052,2504.607,25331.0,159.0,0.0,0.0,0,0,1,bullish,0,none,0,0,0,0,0,1,0,1,0,0,2,2,0,2,9.647428571428623,8,1,1,1,B,-0.0008800018190427,9.608999999999924,10.55766326530615,1,0.8905854842881775,1
2024-09-10 12:00:00,2504.575,2518.416,2500.854,2512.597,51667.0,159.0,0.0,0.0,0,0,1,bullish,0,none,0,0,0,0,0,1,1,1,0,0,3,3,0,3,10.495071428571496,12,1,1,1,B,0.0031901212445706,17.562000000000353,10.36665816326534,1,0.9286291577360006,1
2024-09-10 16:00:00,2512.77,2517.515,2510.693,2517.255,23246.0,159.0,0.0,0.0,0,0,1,bullish,0,none,0,0,0,0,0,1,0,1,0,0,2,2,0,2,8.923642857142893,16,1,1,1,B,0.0018538587763974,6.821999999999662,10.118790816326566,1,0.902981219526905,1
2024-09-10 20:00:00,2517.207,2518.849,2515.75,2518.678,6477.0,159.0,0.0,0.0,0,0,1,bullish,0,none,0,0,0,0,0,1,0,0,0,0,1,1,0,1,7.657357142857173,20,1,1,1,B,0.0005652983110568,3.09900000000016,9.912030612244935,1,0.9222699018497672,1
2024-09-11 20:00:00,2512.904,2513.892,2511.27,2511.901,6778.0,159.0,0.0,0.0,0,0,1,bullish,0,none,0,0,0,0,0,1,0,0,0,0,1,1,0,1,8.69714285714284,20,2,1,1,B,-0.0004094821582774,2.621999999999844,9.73624489795922,1,0.9215358294760465,1
2024-09-12 00:00:00,2511.803,2516.156,2510.973,2515.844,19225.0,159.0,0.0,0.0,0,0,1,bullish,1,bullish_engulfing,0,0,1,0,0,1,0,0,0,1,0,1,1,1,8.531928571428548,0,3,1,1,A,0.0015697274693549,5.182999999999993,9.606826530612276,1,0.9674194198414134,1
2024-09-12 04:00:00,2515.88,2522.26,2514.445,2515.941,20565.0,159.0,0.0,0.0,0,0,1,bullish,0,none,0,0,0,0,0,1,0,0,0,0,0,0,0,0,8.912999999999979,4,3,1,1,B,3.855564971422254e-05,7.815000000000055,9.503056122449005,1,0.8918382635526512,1
2024-09-12 08:00:00,2515.9,2521.014,2512.961,2519.444,24080.0,159.0,0.0,0.0,0,0,1,bullish,0,none,0,0,0,0,0,1,0,1,0,0,1,1,0,1,9.053142857142868,8,3,1,1,B,0.0013923219980118,8.053000000000338,9.419954081632676,1,0.7801284625154148,1
2024-09-12 20:00:00,2557.87,2560.091,2556.742,2558.422,9508.0,159.0,0.0,0.0,0,0,1,bullish,0,none,0,0,0,1,0,0,0,0,0,1,0,1,1,1,10.46357142857138,20,3,1,1,A,0.0154708737324584,3.3489999999997053,9.39082653061226,1,0.8141444176959379,1
2024-09-13 08:00:00,2569.834,2573.019,2563.654,2567.288,28575.0,159.0,0.0,0.0,0,0,1,bullish,0,none,0,0,0,0,0,0,0,0,0,0,0,0,0,0,11.40321428571422,8,4,1,1,B,0.0034654173549164,9.364999999999782,9.452627551020417,1,0.9052543915308029,1
2024-09-13 20:00:00,2582.612,2582.912,2577.704,2579.067,3419.0,159.0,0.0,0.0,0,0,1,bullish,0,none,0,0,0,0,0,0,0,0,0,0,0,0,0,0,10.629071428571349,20,4,1,1,B,0.0045881100990616,5.207999999999629,9.46120918367347,1,0.9856978350151951,1
2024-09-15 20:00:00,2578.456,2580.454,2577.561,2579.163,7258.0,159.0,0.0,0.0,0,0,1,bullish,0,none,0,0,0,0,0,0,0,0,0,0,0,0,0,0,10.10285714285708,20,6,1,1,B,3.7222763115574153e-05,2.893000000000029,9.49486224489795,1,0.9424475239976252,1
2024-09-16 00:00:00,2579.17,2589.027,2578.887,2586.294,17162.0,159.0,0.0,0.0,0,0,1,bullish,0,none,0,0,0,1,0,0,0,0,0,1,0,1,1,1,10.639857142857084,0,0,1,1,A,0.0027648504572994,10.139999999999873,9.609188775510187,1,0.9723309968382937,1
2024-09-16 12:00:00,2582.966,2589.298,2576.057,2579.847,46574.0,159.0,0.0,0.0,0,0,1,bullish,0,none,0,0,0,0,0,0,1,1,0,0,2,2,0,2,11.756285714285598,12,0,1,1,B,-0.0024927560439763,13.240999999999984,9.7598214285714,1,0.9890049519584185,1
2024-09-16 16:00:00,2579.881,2584.172,2579.524,2582.494,18862.0,159.0,0.0,0.0,0,0,1,bullish,0,none,0,0,0,0,0,0,0,1,0,0,1,1,0,1,9.49064285714277,16,0,1,1,B,0.0010260298382036,4.648000000000138,9.688076530612207,1,0.9585694278034551,1
2024-09-16 20:00:00,2582.557,2583.855,2581.809,2583.659,6361.0,159.0,0.0,0.0,0,0,1,bullish,0,none,0,0,0,0,0,0,0,0,0,0,0,0,0,0,8.619785714285594,20,0,1,1,B,0.0004511143104302,2.0459999999998217,9.666372448979542,1,0.9860394557023536,1
2024-09-17 00:00:00,2583.697,2586.338,2576.771,2577.184,18553.0,159.0,0.0,0.0,0,0,1,bullish,2,bearish_engulfing,0,0,1,0,0,0,0,0,0,1,0,1,1,1,9.063928571428471,0,1,1,1,A,-0.0025061356781215,9.567000000000007,9.766841836734637,1,0.9509349255289187,1
2024-09-17 08:00:00,2583.761,2584.151,2569.707,2579.824,30591.0,159.0,0.0,0.0,0,0,1,bullish,0,none,0,0,0,0,0,0,1,1,0,0,2,2,0,2,9.45649999999994,8,1,1,1,B,0.0010243738902615,14.44399999999996,9.772923469387694,1,0.908399052381321,1
2024-09-17 12:00:00,2579.834,2582.274,2561.739,2565.668,59203.0,159.0,0.0,0.0,0,0,1,bullish,0,none,0,0,0,0,0,1,1,1,0,0,2,2,0,2,10.254357142857089,12,1,1,1,B,-0.0054871960257754,20.53499999999985,9.884153061224426,1,0.9019500663825827,1
2024-09-17 16:00:00,2565.692,2571.643,2560.661,2568.615,27632.0,159.0,0.0,0.0,0,0,1,bullish,0,none,0,0,0,0,0,1,1,1,0,0,2,2,0,2,9.792571428571364,16,1,1,1,B,0.0011486287391819,10.981999999999973,9.97419897959177,1,0.9324769949346883,1
2024-09-17 20:00:00,2568.64,2574.367,2568.282,2574.05,7361.0,159.0,0.0,0.0,0,0,1,bullish,0,none,0,0,0,0,0,1,0,0,0,0,0,0,0,0,9.690071428571368,20,1,1,1,B,0.0021159262871237,6.085000000000036,10.029704081632584,1,0.961400368652819,1
2024-09-18 04:00:00,2575.923,2576.511,2565.681,2571.566,23045.0,159.0,0.0,0.0,0,0,1,bullish,2,bearish_engulfing,0,0,1,0,0,1,0,0,0,1,0,1,1,1,10.34628571428568,4,2,1,1,A,-0.0009650162195763,10.829999999999927,10.122071428571356,1,0.9650346964376938,1
2024-09-18 20:00:00,2548.981,2561.596,2548.301,2559.239,18617.0,159.0,0.0,0.0,0,0,1,bullish,0,none,0,0,0,0,0,1,0,0,0,0,1,1,0,1,13.453999999999985,20,2,1,1,B,-0.0070489449279839,13.295000000000073,10.273658163265235,1,0.9613461995356261,1
2024-09-19 04:00:00,2564.002,2584.633,2559.564,2584.344,35052.0,159.0,0.0,0.0,0,0,1,bullish,0,none,0,0,0,0,0,0,1,1,0,0,3,3,0,3,15.896071428571434,4,3,1,1,B,0.0098095566689941,25.06899999999996,10.649872448979531,1,0.8440485618093101,1
2024-09-19 08:00:00,2584.361,2594.963,2581.329,2589.435,35241.0,159.0,0.0,0.0,0,0,1,bullish,0,none,0,0,0,0,0,0,1,1,0,0,3,3,0,3,16.186571428571433,8,3,1,1,B,0.0019699389864507,13.634000000000016,11.084423469387698,1,0.9430680908630478,1
2024-09-19 20:00:00,2588.355,2589.803,2585.876,2587.282,7673.0,159.0,0.0,0.0,0,0,1,bullish,0,none,0,0,0,0,0,0,0,0,0,0,1,1,0,1,15.089857142857127,20,3,1,1,B,-0.0006720684490126,3.92699999999968,11.764739795918318,1,0.9882751350893983,1
2024-09-20 16:00:00,2622.762,2625.754,2617.863,2621.087,31811.0,159.0,0.0,0.0,0,0,1,bullish,0,none,0,0,0,0,0,0,0,1,0,0,1,1,0,1,16.651071428571477,16,4,1,1,B,0.013065835111905,7.891000000000076,12.276198979591795,1,0.9948912297808967,1
2024-09-22 20:00:00,2620.944,2622.12,2619.618,2620.234,5600.0,159.0,0.0,0.0,0,0,1,bullish,0,none,0,0,0,0,0,0,0,0,0,0,0,0,0,0,12.4838571428572,20,6,1,1,B,-0.0003254374997854,2.5019999999999527,12.552204081632626,1,0.9752056135483913,1
2024-09-23 08:00:00,2615.113,2625.786,2614.564,2624.063,27370.0,159.0,0.0,0.0,0,0,1,bullish,0,none,0,0,0,0,0,0,0,1,0,0,1,1,0,1,11.75092857142863,8,0,1,1,B,0.0014613198668516,11.222000000000207,12.74413265306121,1,0.9962155653486585,1
2024-09-23 12:00:00,2624.056,2634.881,2620.018,2629.242,49940.0,159.0,0.0,0.0,0,0,1,bullish,0,none,0,0,0,0,0,0,1,1,0,0,2,2,0,2,11.838714285714332,12,0,1,1,B,0.0019736568824757,14.862999999999827,12.914290816326524,1,0.9828142016368102,1
2024-09-23 16:00:00,2629.201,2630.921,2625.665,2626.24,23802.0,159.0,0.0,0.0,0,0,1,bullish,0,none,0,0,0,0,0,0,0,0,0,0,0,0,0,0,10.682000000000048,16,0,1,1,B,-0.0011417739409306,5.255999999999858,12.944836734693878,1,0.9838777333711229,1
2024-09-23 20:00:00,2626.283,2628.501,2625.814,2626.3,6388.0,159.0,0.0,0.0,0,0,1,bullish,0,none,0,0,0,0,0,0,0,0,0,0,0,0,0,0,10.396785714285768,20,0,1,1,B,2.284635067639762e-05,2.687000000000353,12.987994897959194,1,0.9896901570193786,1
2024-09-24 04:00:00,2634.09,2640.092,2622.524,2628.996,38948.0,159.0,0.0,0.0,0,0,1,bullish,0,none,0,0,0,0,0,0,1,1,0,0,2,2,0,2,11.615428571428668,4,1,1,1,B,0.0010265392377108,17.56800000000021,13.125520408163284,1,0.9146644058216654,1
2024-09-24 08:00:00,2629.005,2636.312,2623.339,2626.367,30105.0,159.0,0.0,0.0,0,0,1,bullish,0,none,0,0,0,0,0,0,1,1,0,0,2,2,0,2,11.217857142857222,8,1,1,1,B,-0.0010000015214933,12.972999999999956,13.18777551020411,1,0.9897399913507792,1
2024-09-25 08:00:00,2657.008,2658.581,2652.698,2657.431,26646.0,159.0,0.0,0.0,0,0,1,bullish,0,none,0,0,0,0,0,0,0,0,0,0,0,0,0,0,12.885499999999997,8,2,1,1,B,-0.0002907978469673,5.883000000000266,13.261744897959217,1,0.9037867733799486,1
2024-09-25 20:00:00,2659.802,2660.298,2656.174,2656.256,9008.0,159.0,0.0,0.0,0,0,1,bullish,2,bearish_engulfing,0,0,1,0,0,0,0,0,0,1,0,1,1,1,11.966142857142811,20,2,1,1,A,-0.0013151592214919,4.123999999999796,12.7343673469388,1,0.891466995288448,1
2024-09-26 00:00:00,2656.359,2662.537,2655.281,2662.516,24575.0,159.0,0.0,0.0,0,0,1,bullish,7,morning_star,0,0,1,0,0,0,0,0,0,1,0,1,1,1,12.108999999999956,0,3,1,1,A,0.0023567005589824,7.255999999999858,12.39710204081635,1,0.9576885225573913,1
2024-09-26 04:00:00,2662.545,2666.924,2657.93,2664.684,26509.0,159.0,0.0,0.0,0,0,1,bullish,0,none,0,0,0,0,0,0,0,0,0,0,0,0,0,0,12.55949999999994,4,3,1,1,B,0.0008142674072193,8.994000000000142,12.21636224489798,1,0.9864673925976083,1
2024-09-26 12:00:00,2682.797,2684.253,2654.717,2671.357,96453.0,159.0,0.0,0.0,0,0,1,bullish,0,none,0,0,0,0,0,0,1,1,0,0,2,2,0,2,14.028357142857072,12,3,1,1,B,0.0025042369001351,29.53600000000005,12.029025510204097,1,0.8620042044485999,1
2024-09-27 08:00:00,2664.701,2669.177,2658.284,2666.159,29602.0,159.0,0.0,0.0,0,0,1,bullish,0,none,0,0,0,0,0,0,0,0,0,0,0,0,0,0,11.704285714285756,8,4,1,1,B,-0.0024103859872836,10.893000000000027,12.201826530612246,1,0.93646655825459,1
2024-09-27 12:00:00,2666.125,2674.266,2644.705,2649.799,77182.0,159.0,0.0,0.0,0,0,1,bullish,0,none,0,0,0,0,1,0,1,1,0,0,3,3,0,3,13.072785714285764,12,4,1,1,B,-0.0061361681730159,29.56100000000015,12.372596938775512,1,0.9493746695538633,1
2024-09-27 16:00:00,2649.751,2656.324,2642.994,2652.079,34829.0,159.0,0.0,0.0,0,0,1,bullish,0,none,0,0,0,0,0,0,0,1,0,0,1,1,0,1,13.60471428571431,16,4,1,1,B,0.0008604426222518,13.329999999999927,12.601734693877548,1,0.9873746041178988,1
2024-09-27 20:00:00,2652.036,2659.973,2651.126,2657.983,4327.0,159.0,0.0,0.0,0,0,1,bullish,0,none,0,0,0,0,0,0,0,0,0,0,0,0,0,0,13.288785714285725,20,4,1,1,B,0.0022261780286334,8.846999999999753,12.721260204081624,1,0.786772347759843,1
2024-09-30 08:00:00,2650.95,2656.598,2634.41,2641.542,33533.0,159.0,0.0,0.0,0,0,1,bullish,0,none,0,0,0,0,0,0,1,1,0,0,2,2,0,2,15.023857142857196,8,0,1,1,B,-0.0082600506167913,22.188000000000105,13.043132653061216,1,0.9879986285099712,1
2024-09-30 12:00:00,2641.523,2644.174,2628.658,2633.868,58020.0,159.0,0.0,0.0,0,0,1,bullish,0,none,0,0,0,0,0,1,1,1,0,0,2,2,0,2,14.63164285714291,12,0,1,1,B,-0.0029051213268613,15.516000000000076,13.16785714285714,1,0.9961550583757453,1
2024-10-01 00:00:00,2635.661,2640.008,2633.926,2637.922,17689.0,159.0,0.0,0.0,0,0,1,bullish,0,none,0,0,0,0,0,1,0,0,0,0,1,1,0,1,13.2795,0,1,1,1,B,0.0015391811586609,6.08199999999988,13.206877551020408,1,0.9962531756329396,1
2024-10-01 04:00:00,2637.955,2647.458,2637.406,2645.559,24253.0,159.0,0.0,0.0,0,0,1,bullish,0,none,0,0,0,0,0,0,0,0,0,0,1,1,0,1,13.441357142857148,4,1,1,1,B,0.002895081810607,10.052000000000136,13.312250000000002,1,0.9937633622496655,1
2024-10-01 08:00:00,2645.593,2652.051,2642.437,2650.229,25516.0,159.0,0.0,0.0,0,0,1,bullish,0,none,0,0,0,0,1,0,0,1,0,0,3,3,0,3,13.19564285714286,8,1,1,1,B,0.0017652223972324,9.614000000000033,13.389867346938782,1,0.8758856273241927,1
2024-10-02 04:00:00,2655.351,2656.576,2644.495,2655.423,29649.0,159.0,0.0,0.0,0,0,1,bullish,0,none,0,0,0,0,0,0,0,1,0,0,2,2,0,2,12.84264285714286,4,2,1,1,B,-0.0029718345925302,12.081000000000133,13.41689285714287,1,0.952510400392205,1
2024-10-02 16:00:00,2649.918,2658.986,2647.117,2658.64,24075.0,159.0,0.0,0.0,0,0,1,bullish,0,none,0,0,0,0,0,0,0,0,0,0,1,1,0,1,12.209428571428557,16,2,1,1,B,0.0012114830669163,11.868999999999687,13.276668367346954,1,0.8206378141780878,1
2024-10-03 04:00:00,2655.966,2657.491,2643.491,2645.187,27236.0,159.0,0.0,0.0,0,0,1,bullish,0,none,0,0,0,0,0,1,0,1,0,0,2,2,0,2,11.379928571428536,4,3,1,1,B,-0.0056914034660388,14.0,13.160464285714296,1,0.9784983881920115,1
2024-10-03 08:00:00,2645.205,2649.063,2640.958,2648.018,29266.0,159.0,0.0,0.0,0,0,1,bullish,0,none,0,0,0,0,0,1,0,1,0,0,2,2,0,2,11.524428571428546,8,3,1,1,B,0.0010702456952949,8.105000000000018,13.04986734693878,1,0.9722434721775357,1
2024-10-03 20:00:00,2658.009,2658.009,2654.319,2655.804,6950.0,159.0,0.0,0.0,0,0,1,bullish,0,none,0,0,0,0,0,1,0,0,0,0,1,1,0,1,10.839000000000008,20,3,1,1,B,-0.0008164112967244,3.690000000000055,12.78036224489796,1,0.5892864131466478,1
2024-10-04 04:00:00,2661.128,2667.861,2658.703,2661.08,22719.0,159.0,0.0,0.0,0,0,1,bullish,5,doji,0,0,1,0,0,0,0,0,0,1,0,1,1,1,10.514142857142817,4,4,1,1,A,0.0019865923840765,9.157999999999902,12.614280612244894,1,0.9040644964248445,1
2024-10-04 16:00:00,2653.227,2653.853,2641.813,2651.624,34323.0,159.0,0.0,0.0,0,0,1,bullish,0,none,0,0,0,0,0,1,0,1,0,0,2,2,0,2,12.584214285714229,16,4,1,1,B,-0.003651541214921,12.039999999999964,12.13966836734692,1,0.9641972573778479,1
2024-10-07 00:00:00,2650.103,2651.918,2643.792,2647.421,23569.0,159.0,0.0,0.0,0,0,1,bullish,0,none,0,0,0,0,0,1,0,1,0,0,2,2,0,2,11.082071428571355,0,0,1,1,B,-0.0022980803981429,8.126000000000204,11.828831632653031,1,0.87332129643026,1
2024-10-07 16:00:00,2645.687,2648.726,2639.686,2643.26,23852.0,159.0,0.0,0.0,0,0,1,bullish,0,none,0,0,0,0,0,1,0,1,0,0,2,2,0,2,11.395357142857067,16,0,1,1,B,-0.0051386703290622,9.039999999999964,11.475673469387717,1,0.9934096067619572,1
2024-10-07 20:00:00,2643.224,2649.22,2641.766,2642.944,10060.0,159.0,0.0,0.0,0,0,1,bullish,0,none,0,0,0,0,0,1,0,0,0,0,1,1,0,1,10.9512857142856,20,0,1,1,B,-0.0001195493443703,7.4539999999997235,11.340576530612198,1,0.983742090986742,1
2024-10-23 16:00:00,2721.692,2723.25,2711.933,2716.202,33661.0,159.0,0.0,0.0,0,0,1,bullish,0,none,0,0,0,0,0,1,1,1,0,0,3,3,0,3,12.811071428571363,16,2,1,1,B,-0.0110505786707919,11.317000000000007,11.149306122448968,1,0.7918105753811039,1
2024-10-23 20:00:00,2716.236,2721.885,2714.143,2721.258,9397.0,159.0,0.0,0.0,0,0,1,bullish,0,none,0,0,0,0,0,0,0,0,0,0,1,1,0,1,11.669857142857088,20,2,1,1,B,0.0018614226776947,7.742000000000189,11.189913265306108,1,0.9109623408647957,1
2024-10-24 00:00:00,2721.219,2726.698,2717.752,2722.877,29709.0,159.0,0.0,0.0,0,0,1,bullish,0,none,0,0,0,0,0,0,0,1,0,0,2,2,0,2,11.49264285714282,0,3,1,1,B,0.0005949454259759,8.945999999999913,11.186183673469372,1,0.9888805217053366,1
2024-10-24 04:00:00,2722.882,2737.085,2722.803,2733.54,26696.0,159.0,0.0,0.0,0,0,1,bullish,0,none,0,0,0,0,0,0,0,0,0,0,1,1,0,1,12.235285714285672,4,3,1,1,B,0.0039160784714109,14.282000000000153,11.24564795918366,1,0.9937887509354161,1
2024-10-24 08:00:00,2733.613,2739.683,2732.489,2738.556,24526.0,159.0,0.0,0.0,0,0,1,bullish,0,none,0,0,0,0,0,0,0,0,0,0,1,1,0,1,11.857571428571386,8,3,1,1,B,0.0018349832085866,7.19399999999996,11.356229591836724,1,0.9753447843892056,1
2024-10-24 12:00:00,2738.464,2743.208,2722.364,2731.099,60876.0,159.0,0.0,0.0,0,0,1,bullish,0,none,0,0,0,0,0,0,1,1,0,0,3,3,0,3,12.765999999999948,12,3,1,1,B,-0.0027229678706588,20.84400000000005,11.448056122448962,1,0.9312417795837421,1
2024-10-24 20:00:00,2737.073,2737.147,2733.628,2733.844,6711.0,159.0,0.0,0.0,0,0,1,bullish,0,none,0,0,0,0,0,0,0,0,0,0,1,1,0,1,12.257214285714197,20,3,1,1,B,-0.001170969171542,3.518999999999778,11.574418367346908,1,0.8448867908009092,1
2024-10-25 00:00:00,2733.885,2735.192,2724.372,2726.042,24443.0,159.0,0.0,0.0,0,0,1,bullish,0,none,0,0,0,0,0,0,0,0,0,0,1,1,0,1,12.187857142857084,0,4,1,1,B,-0.0028538570598761,10.820000000000164,11.593183673469351,1,0.9964581041463739,1
2024-10-28 00:00:00,2735.783,2736.296,2724.631,2729.702,31059.0,159.0,0.0,0.0,0,0,1,bullish,0,none,0,0,0,0,0,0,1,1,0,0,3,3,0,3,11.599071428571376,0,0,1,1,B,-0.0022344347114113,11.664999999999964,11.90443367346934,1,0.9767723373926787,1
2024-10-28 08:00:00,2738.926,2740.91,2727.802,2732.319,28680.0,159.0,0.0,0.0,0,0,1,bullish,0,none,0,0,0,0,0,0,0,1,0,0,2,2,0,2,11.97742857142852,8,0,1,1,B,0.0009587127092993,13.10799999999972,12.027821428571375,1,0.9588289463380524,1
2024-10-28 16:00:00,2740.671,2744.983,2739.985,2742.498,21349.0,159.0,0.0,0.0,0,0,1,bullish,0,none,0,0,0,0,0,0,0,0,0,0,1,1,0,1,11.38499999999996,16,0,1,1,B,0.0037254068796506,4.998000000000047,12.144102040816277,1,0.9220899688528512,1
2024-10-29 00:00:00,2744.379,2757.762,2743.203,2751.687,29312.0,159.0,0.0,0.0,0,0,1,bullish,0,none,0,0,0,0,1,0,1,1,0,0,4,4,0,4,11.6484285714286,0,1,1,1,B,0.0033505949685286,14.559000000000196,12.061056122448932,1,0.9271464047739486,1
2024-10-29 20:00:00,2772.165,2775.399,2771.819,2774.915,7999.0,159.0,0.0,0.0,0,0,1,bullish,0,none,0,0,0,1,0,0,0,0,0,1,0,1,1,1,11.24107142857146,20,1,1,1,A,0.0084413670595528,3.5799999999999272,12.030428571428532,1,0.9369862098998287,1
2024-10-30 04:00:00,2778.93,2789.821,2777.406,2782.222,24522.0,159.0,0.0,0.0,0,0,1,bullish,4,inverted_hammer,0,0,1,0,0,0,0,0,0,1,0,1,1,1,11.083857142857209,4,2,1,1,A,0.0026332338107655,12.414999999999964,12.001229591836704,1,0.9836369948759912,1
2024-10-30 08:00:00,2782.257,2786.498,2778.213,2778.58,24867.0,159.0,0.0,0.0,0,0,1,bullish,2,bearish_engulfing,0,0,1,0,0,0,0,0,0,1,0,1,1,1,10.842428571428629,8,2,1,1,A,-0.0013090256636603,8.284999999999854,11.901739795918344,1,0.9768432313336819,1
2024-10-30 20:00:00,2787.333,2788.104,2784.777,2785.49,8687.0,159.0,0.0,0.0,0,0,1,bullish,0,none,0,0,0,0,0,0,0,0,0,0,0,0,0,0,9.688000000000004,20,2,1,1,B,0.0024868817885395,3.326999999999771,11.746770408163243,1,0.6632274630869925,1
2024-10-31 00:00:00,2785.489,2790.067,2783.554,2784.547,21444.0,159.0,0.0,0.0,0,0,1,bullish,0,none,0,0,0,0,0,0,0,0,0,0,0,0,0,0,9.796214285714282,0,3,1,1,B,-0.0003385400773292,6.51299999999992,11.53464285714284,1,0.9947602574930289,1
2024-10-31 04:00:00,2784.598,2786.563,2777.999,2782.048,25499.0,159.0,0.0,0.0,0,0,1,bullish,0,none,0,0,0,0,0,0,0,1,0,0,1,1,0,1,10.075571428571427,4,3,1,1,B,-0.0008974529788867,8.564000000000306,11.331943877551009,1,0.9629715998775975,1
2024-10-31 16:00:00,2740.617,2749.747,2738.004,2746.442,32874.0,159.0,0.0,0.0,0,0,1,bullish,0,none,0,0,0,0,0,1,1,1,0,0,3,3,0,3,12.868785714285682,16,3,1,1,B,-0.0118625767383256,11.742999999999938,11.201040816326524,1,0.9067856801870918,1
2024-11-01 00:00:00,2746.672,2751.878,2744.815,2751.77,27213.0,159.0,0.0,0.0,0,0,1,bullish,0,none,0,0,0,0,1,0,0,1,0,0,3,3,0,3,11.277214285714276,0,4,1,1,B,0.0019399645068054,7.063000000000102,11.038969387755095,1,0.9390244501407774,1
2024-11-01 20:00:00,2734.077,2736.82,2733.267,2736.69,3639.0,159.0,0.0,0.0,0,0,1,bullish,0,none,0,0,0,0,0,1,0,0,0,0,1,1,0,1,12.14814285714283,20,4,1,1,B,-0.0047104313943414,3.5530000000003383,11.11113775510204,1,0.745052945397543,1
2024-11-03 20:00:00,2732.846,2740.334,2732.568,2738.352,5441.0,159.0,0.0,0.0,0,0,1,bullish,0,none,0,0,0,0,0,1,0,0,0,0,1,1,0,1,12.195499999999972,20,6,1,1,B,0.0006073029828004,7.765999999999622,11.126714285714284,1,0.7805374765670959,1
2024-11-04 00:00:00,2738.379,2742.401,2735.343,2740.989,26866.0,159.0,0.0,0.0,0,0,1,bullish,0,none,0,0,0,0,0,1,0,1,0,0,2,2,0,2,12.461999999999987,0,0,1,1,B,0.0009629879577206,7.057999999999993,11.203642857142857,1,0.9489158978024156,1
2024-11-04 04:00:00,2740.952,2744.781,2735.052,2735.837,23536.0,159.0,0.0,0.0,0,0,1,bullish,0,none,0,0,0,0,0,1,0,0,0,0,1,1,0,1,12.691714285714268,4,0,1,1,B,-0.0018796135263585,9.728999999999814,11.27816326530612,1,0.8944703758342705,1
2024-11-05 00:00:00,2736.057,2736.677,2724.694,2735.294,27236.0,159.0,0.0,0.0,0,0,1,bullish,0,none,0,0,0,0,0,1,0,1,0,0,1,1,0,1,9.909571428571423,0,1,1,1,B,-0.000259137142759,11.983000000000176,11.246790816326518,1,0.9915420867673489,1
2024-11-05 04:00:00,2735.24,2741.384,2731.651,2736.532,23059.0,159.0,0.0,0.0,0,0,1,bullish,1,bullish_engulfing,0,0,1,0,0,1,0,0,0,1,0,1,1,1,10.100285714285716,4,1,1,1,A,0.0004526021700044,9.733000000000176,11.26851020408162,1,0.9588356291128645,1
2024-11-05 08:00:00,2736.492,2745.034,2732.09,2741.6,27014.0,159.0,0.0,0.0,0,0,1,bullish,0,none,0,0,0,0,0,1,0,0,0,0,0,0,0,0,10.266214285714309,8,1,1,1,B,0.0018519790742441,12.94399999999996,11.282127551020396,1,0.5663849543306192,1
2024-11-06 12:00:00,2699.231,2708.066,2652.335,2675.715,122039.0,159.0,0.0,0.0,0,0,1,bullish,0,none,0,0,0,0,0,0,1,1,0,0,2,2,0,2,18.311785714285765,12,2,1,1,B,-0.0184179952390401,55.73099999999977,11.746515306122452,1,0.8987996884165835,1
2024-11-06 20:00:00,2667.057,2667.716,2658.958,2664.048,13011.0,159.0,0.0,0.0,0,0,1,bullish,0,none,0,0,0,0,0,0,0,0,0,0,0,0,0,0,18.41342857142857,20,2,1,1,B,-0.00113832185263,8.75799999999981,12.677147959183683,1,0.6864639513984003,1
2024-11-25 04:00:00,2672.191,2676.375,2658.192,2667.774,54512.0,159.0,0.0,0.0,0,0,1,bullish,0,none,0,0,0,0,0,1,1,1,0,0,2,2,0,2,16.805285714285706,4,0,0,0,B,-0.0176018100047393,18.183,12.831346938775486,1,0.9393236927327744,1
2024-11-25 20:00:00,2625.83,2628.739,2605.112,2610.46,21755.0,159.0,0.0,2605.112,0,0,1,bullish,0,none,1,0,0,0,0,1,0,0,0,1,0,1,1,1,22.91199999999997,20,0,0,0,A,-0.0284043031499461,23.62699999999996,13.80529081632649,1,0.9853530978773459,1
2024-11-26 00:00:00,2610.524,2632.216,2608.477,2630.375,48596.0,159.0,0.0,0.0,0,0,1,bullish,0,none,0,0,0,0,0,1,1,1,0,0,3,3,0,3,24.332785714285688,0,1,0,0,B,0.0076289236379794,23.73900000000004,14.585413265306071,1,0.9740436020044609,1
2024-11-26 04:00:00,2630.336,2631.447,2610.831,2614.036,32399.0,159.0,0.0,0.0,0,0,1,bullish,0,none,0,0,0,0,0,1,0,0,0,0,0,0,0,0,24.25714285714285,4,1,0,0,B,-0.0062116618352896,20.615999999999985,15.38043367346934,1,0.9958399364626643,1
2024-11-26 08:00:00,2614.07,2633.226,2612.417,2633.213,37888.0,159.0,0.0,0.0,0,0,1,bullish,0,none,0,0,0,0,0,1,0,1,0,0,2,2,0,2,24.60157142857143,8,1,0,0,B,0.0073361652249626,20.8090000000002,16.18445918367342,1,0.9828071558186512,1
2024-11-26 12:00:00,2633.24,2641.993,2616.664,2629.512,66533.0,159.0,0.0,0.0,0,0,1,bullish,0,none,0,0,0,0,0,1,1,1,0,0,3,3,0,3,25.227,12,1,0,0,B,-0.0014055072643193,25.328999999999724,17.100663265306082,1,0.9618446943329342,1
2024-11-26 16:00:00,2629.513,2631.485,2619.498,2628.025,34277.0,159.0,0.0,0.0,0,0,1,bullish,0,none,0,0,0,0,0,1,0,0,0,0,1,1,0,1,24.606857142857148,16,1,0,0,B,-0.0005655041695949,11.98700000000008,17.952806122448948,1,0.9989216835148392,1
2024-11-27 00:00:00,2632.252,2640.487,2627.017,2637.722,26767.0,159.0,0.0,0.0,0,0,1,bullish,0,none,0,0,0,0,0,1,0,0,0,0,1,1,0,1,24.532071428571435,0,2,0,0,B,0.0036898431331513,13.470000000000256,18.87586734693875,1,0.997654594110701,1
2024-11-27 04:00:00,2637.728,2648.503,2636.555,2646.625,26409.0,159.0,0.0,0.0,0,0,1,bullish,0,none,0,0,0,0,0,1,0,0,0,0,1,1,0,1,24.62200000000004,4,2,0,0,B,0.003375260925905,11.94800000000032,19.77883673469386,1,0.9935216758548244,1
2024-11-27 16:00:00,2642.651,2644.288,2633.693,2634.703,32542.0,159.0,0.0,0.0,0,0,1,bullish,0,none,0,0,0,0,0,1,0,1,0,0,2,2,0,2,20.54992857142861,16,2,0,0,B,-0.0061861044252147,10.5949999999998,21.14547448979592,1,0.998994725376278,1
2024-11-27 20:00:00,2634.755,2639.03,2634.221,2637.168,10242.0,159.0,0.0,0.0,0,0,1,bullish,0,none,0,0,0,0,0,1,0,0,0,0,1,1,0,1,16.493285714285776,20,2,0,0,B,0.0009355893244893,4.8090000000001965,21.41546428571429,1,0.9962603265703112,1
2024-11-28 08:00:00,2637.275,2649.674,2635.668,2646.884,23722.0,159.0,0.0,0.0,0,0,1,bullish,0,none,0,0,0,0,0,1,0,0,0,0,1,1,0,1,14.395642857142873,8,3,0,0,B,0.0036842552313693,14.005999999999858,21.57053571428572,1,0.9984629940636657,1
2024-11-28 12:00:00,2646.881,2647.975,2636.215,2638.104,28613.0,159.0,0.0,0.0,0,0,1,bullish,0,none,0,0,0,0,0,1,0,1,0,0,2,2,0,2,13.763071428571427,12,3,0,0,B,-0.0033171079654417,11.759999999999764,21.35323469387756,1,0.9966132392664409,1
2024-11-28 16:00:00,2638.07,2642.458,2637.479,2640.597,9115.0,159.0,0.0,0.0,0,0,1,bullish,0,none,0,0,0,0,0,1,0,0,0,0,1,1,0,1,12.632357142857147,16,3,0,0,B,0.0009449968613823,4.979000000000269,20.99619897959185,1,0.9991162430713896,1
2024-12-01 20:00:00,2649.036,2650.324,2643.053,2645.659,5611.0,159.0,0.0,0.0,0,0,1,bullish,0,none,0,0,0,0,0,1,0,0,0,0,1,1,0,1,11.39028571428571,20,6,0,0,B,-0.0036045841603175,7.2710000000001855,19.30225000000001,1,0.9542640679253301,1
2024-12-02 00:00:00,2645.756,2647.672,2622.897,2629.272,52683.0,159.0,0.0,0.0,0,0,1,bullish,0,none,0,0,0,0,0,1,1,1,0,0,3,3,0,3,12.403142857142871,0,0,0,0,B,-0.0061939199269445,24.77500000000009,18.45553571428573,1,0.957171760599044,1
2024-12-02 08:00:00,2629.859,2646.37,2626.514,2641.885,38275.0,159.0,0.0,0.0,0,0,1,bullish,0,none,0,0,0,0,0,1,1,1,0,0,3,3,0,3,13.065214285714289,8,0,0,0,B,0.0047971453695168,19.855999999999767,17.631510204081646,1,0.9858701633533201,1
2024-12-02 20:00:00,2637.577,2644.203,2635.267,2642.211,13790.0,159.0,0.0,0.0,0,0,1,bullish,0,none,0,0,0,0,0,1,0,0,0,0,1,1,0,1,12.95550000000006,20,0,0,0,B,0.0001233967413416,8.93600000000015,16.754974489795938,1,0.9991391548279213,1
2024-12-03 00:00:00,2642.223,2645.325,2634.033,2640.427,29915.0,159.0,0.0,0.0,0,0,1,bullish,0,none,0,0,0,0,0,1,1,0,0,0,2,2,0,2,13.406428571428608,0,1,0,0,B,-0.0006751921023716,11.291999999999916,15.954943877551043,1,0.9958032204730588,1
2024-12-03 04:00:00,2640.441,2650.066,2637.08,2644.622,27118.0,159.0,0.0,0.0,0,0,1,bullish,0,none,0,0,0,0,0,1,0,0,0,0,1,1,0,1,14.08735714285714,4,1,0,0,B,0.0015887581819151,12.985999999999876,15.20889285714288,1,0.9984426544633471,1
2024-12-03 12:00:00,2643.671,2655.665,2635.166,2640.435,52981.0,159.0,0.0,0.0,0,0,1,bullish,0,none,0,0,0,0,0,1,1,1,0,0,3,3,0,3,13.551071428571406,12,1,0,0,B,-0.001583213026285,20.4989999999998,14.418112244897976,1,0.9892032149165195,1
2024-12-03 16:00:00,2640.444,2649.164,2638.837,2640.998,31768.0,159.0,0.0,0.0,0,0,1,bullish,0,none,0,0,0,0,0,1,1,1,0,0,3,3,0,3,13.471142857142857,16,1,0,0,B,0.0002132224425142,10.327000000000226,13.878831632653077,1,0.9949101368390383,1
2024-12-03 20:00:00,2640.936,2644.226,2640.626,2642.721,10235.0,159.0,0.0,0.0,0,0,1,bullish,0,none,0,0,0,0,0,1,0,0,0,0,1,1,0,1,12.697428571428548,20,1,0,0,B,0.0006524048863345,3.599999999999909,13.317938775510214,1,0.9974079995260291,1
2024-12-04 00:00:00,2642.725,2648.093,2637.602,2644.501,26518.0,159.0,0.0,0.0,0,0,1,bullish,0,none,0,0,0,0,0,1,0,0,0,0,1,1,0,1,12.943357142857137,0,2,0,0,B,0.0006735482103483,10.490999999999984,13.064372448979595,1,0.9958370991992885,1
2024-12-05 16:00:00,2640.257,2643.395,2623.444,2629.8,37842.0,159.0,0.0,0.0,0,0,1,bullish,0,none,0,0,0,0,0,1,1,1,0,0,2,2,0,2,12.462428571428584,16,3,0,0,B,-0.007203793902484,19.951000000000025,12.615663265306123,1,0.9996164738296018,1
2024-12-05 20:00:00,2629.774,2633.832,2627.966,2633.713,10566.0,159.0,0.0,0.0,0,0,1,bullish,0,none,0,0,0,0,0,1,0,0,0,0,0,0,0,0,11.41721428571431,20,3,0,0,B,0.0014879458513954,5.8659999999999854,12.617586734693882,1,0.9865131388606624,1
2024-12-12 04:00:00,2710.508,2720.389,2709.689,2716.047,11353.0,159.0,0.0,0.0,0,0,1,bullish,0,none,0,0,0,0,0,0,0,0,1,0,1,1,0,1,14.439000000000012,4,3,1,1,B,-0.0006979540417315,10.700000000000273,14.37334693877554,1,0.9972959063656234,1
2024-12-12 08:00:00,2716.221,2719.428,2707.31,2710.934,13541.0,159.0,0.0,0.0,0,0,1,bullish,0,none,0,0,0,0,0,0,0,1,1,0,2,2,0,2,14.31714285714286,8,3,1,1,B,-0.0018825152878428,12.117999999999938,14.506908163265331,1,0.9184744840487236,1
2024-12-12 12:00:00,2710.997,2712.392,2675.078,2679.785,16911.0,159.0,0.0,0.0,0,0,1,bullish,0,none,0,0,0,0,0,1,0,1,1,0,2,2,0,2,16.25292857142855,12,3,1,1,B,-0.0114901358719911,37.31399999999985,14.743454081632674,1,0.952951857750286,1
2024-12-12 20:00:00,2683.187,2683.577,2679.454,2680.623,6832.0,159.0,0.0,0.0,0,0,1,bullish,0,none,0,0,0,0,0,1,0,0,1,0,1,1,0,1,14.730000000000018,20,3,1,1,B,-0.0009354735676538,4.123000000000047,14.668688775510228,1,0.8669539173761216,1
2024-12-13 04:00:00,2687.967,2690.527,2681.111,2683.202,11927.0,159.0,0.0,0.0,0,0,1,bullish,0,none,0,0,0,0,0,1,0,0,1,0,1,1,0,1,15.07985714285717,4,4,1,1,B,0.0009620897828601,9.416000000000167,14.642270408163286,1,0.9891817343754219,1
2024-12-13 08:00:00,2682.994,2684.782,2664.39,2664.993,13268.0,159.0,0.0,0.0,0,0,1,bullish,0,none,0,0,0,0,0,1,0,1,0,0,1,1,0,1,15.674357142857192,8,4,1,1,B,-0.0067862948820104,20.39200000000028,14.693852040816347,1,0.807028860125979,1
2024-12-13 12:00:00,2664.8,2672.88,2654.559,2659.888,15018.0,159.0,0.0,0.0,0,0,1,bullish,0,none,0,0,0,0,0,1,0,1,0,0,1,1,0,1,15.363285714285732,12,4,1,1,B,-0.0019155772641804,18.32099999999992,14.822433673469408,1,0.9323432711509271,1
2024-12-13 20:00:00,2652.973,2653.53,2646.046,2648.392,5305.0,159.0,0.0,0.0,0,0,1,bullish,0,none,0,0,0,1,0,1,0,0,0,1,0,1,1,1,14.011500000000035,20,4,1,1,A,-0.0017523287427523,7.484000000000378,14.89310714285716,1,0.9642363798363692,1
2024-12-15 20:00:00,2649.414,2653.127,2648.793,2651.479,1927.0,159.0,0.0,0.0,0,0,1,bullish,0,none,0,0,0,0,1,1,0,0,0,0,1,1,0,1,13.644571428571483,20,6,1,1,B,0.0011656129455155,4.333999999999833,14.885071428571448,1,0.9385831983553057,1
2024-12-16 12:00:00,2663.579,2664.447,2650.833,2654.472,40305.0,159.0,0.0,0.0,0,0,1,bullish,0,none,0,0,0,0,0,1,1,1,0,0,3,3,0,3,12.983357142857196,12,0,1,1,B,0.0011288039618644,13.614000000000033,14.759372448979612,1,0.7928211949376693,1
2024-12-17 12:00:00,2642.208,2646.968,2632.966,2640.206,48304.0,159.0,0.0,0.0,0,0,1,bullish,0,none,0,0,0,0,0,1,1,1,0,0,2,2,0,2,10.432928571428617,12,1,1,1,B,-0.0043510987485971,14.001999999999953,13.909714285714314,1,0.9852595561720042,1
2024-12-17 20:00:00,2645.427,2647.681,2643.083,2647.378,9056.0,159.0,0.0,0.0,0,0,1,bullish,0,none,0,0,0,0,0,1,0,0,0,0,0,0,0,0,9.454857142857204,20,1,1,1,B,0.0027164547008831,4.597999999999956,13.562408163265337,1,0.9703596332025435,1
2024-12-26 16:00:00,2636.527,2636.838,2627.885,2634.95,24422.0,159.0,0.0,0.0,0,0,1,bullish,0,none,0,0,0,0,0,1,1,1,1,0,4,4,0,4,8.125642857142793,16,3,0,0,B,0.0036325713325864,8.952999999999975,12.550377551020343,1,0.9793269886562975,1
2024-12-26 20:00:00,2634.873,2636.162,2624.659,2632.684,12208.0,159.0,0.0,0.0,0,0,1,bullish,0,none,0,0,0,0,0,1,0,0,1,0,2,2,0,2,8.184142857142758,20,3,0,0,B,-0.0008599783677107,11.502999999999702,11.920035714285646,1,0.9963239743982439,1
2024-12-27 08:00:00,2633.599,2633.599,2623.452,2628.642,21121.0,159.0,0.0,0.0,0,0,1,bullish,0,none,0,0,0,0,0,1,1,1,1,0,4,4,0,4,8.256714285714224,8,4,0,0,B,-0.0019197341532704,10.146999999999936,10.414877551020336,1,0.9249906356166261,1
2024-12-27 12:00:00,2628.638,2631.55,2611.579,2618.134,40795.0,159.0,0.0,0.0,0,0,1,bullish,0,none,0,0,0,0,0,1,1,1,0,0,3,3,0,3,9.322499999999923,12,4,0,0,B,-0.0039975013714305,19.971000000000004,9.926168367346865,1,0.9751495089479838,1
2024-12-27 16:00:00,2618.174,2621.394,2614.089,2620.685,25157.0,159.0,0.0,0.0,0,0,1,bullish,0,none,0,0,0,0,0,1,1,1,0,0,3,3,0,3,9.315142857142778,16,4,0,0,B,0.0009743580733454,7.304999999999836,9.518566326530536,1,0.9840591521498016,1
2024-12-27 20:00:00,2620.719,2621.98,2612.713,2621.623,9794.0,159.0,0.0,0.0,0,0,1,bullish,0,none,0,0,0,0,0,1,0,0,0,0,1,1,0,1,9.458571428571336,20,4,0,0,B,0.0003579216884135,9.266999999999824,9.241724489795835,1,0.9852164703900487,1
2024-12-29 20:00:00,2621.977,2626.159,2621.632,2624.035,4007.0,159.0,0.0,0.0,0,0,1,bullish,0,none,0,0,0,0,0,1,0,0,0,0,1,1,0,1,9.222357142857064,20,6,0,0,B,0.0009200407533804,4.527000000000044,9.087040816326448,1,0.9863674163351359,1
2025-01-03 04:00:00,2662.255,2664.409,2651.924,2654.195,19289.0,159.0,0.0,0.0,0,0,1,bullish,0,none,0,0,0,0,0,1,0,0,0,0,1,1,0,1,10.43371428571436,4,4,0,0,B,-0.0015543610699512,12.485000000000127,9.723826530612198,1,0.8569570388215458,1
2025-01-03 16:00:00,2643.812,2647.264,2638.954,2639.433,25214.0,159.0,0.0,0.0,0,0,1,bullish,0,none,0,0,0,0,0,1,1,1,0,0,3,3,0,3,10.01514285714292,16,4,0,0,B,-0.0071201766802928,8.309999999999945,9.917658163265276,1,0.960848169895269,1
2025-01-05 20:00:00,2639.644,2642.379,2639.644,2641.063,3244.0,160.0,0.0,0.0,0,0,1,bullish,0,none,0,0,0,0,0,1,0,0,0,0,0,0,0,0,9.919500000000037,20,6,0,0,B,0.0006175568767989,2.735000000000128,9.960826530612223,1,0.9444656602993631,1
2025-01-06 04:00:00,2640.203,2640.824,2625.058,2626.937,25061.0,159.0,0.0,0.0,0,0,1,bullish,0,none,0,0,0,0,0,1,1,1,1,0,3,3,0,3,10.3918571428572,4,0,0,0,B,-0.005019714490245,15.766000000000076,10.101096938775513,1,0.919178825790615,1
2025-01-07 00:00:00,2634.636,2641.146,2632.927,2639.563,19298.0,159.0,0.0,0.0,0,0,1,bullish,0,none,0,0,0,0,0,1,0,0,1,0,2,2,0,2,11.956,0,1,0,0,B,0.0048063581273551,8.219000000000051,10.286622448979596,1,0.99309798136896,1
2025-01-07 08:00:00,2640.444,2648.689,2640.031,2648.389,20925.0,159.0,0.0,0.0,0,0,1,bullish,0,none,0,0,0,0,0,1,0,1,1,0,3,3,0,3,11.724999999999977,8,1,0,0,B,0.0033437353077006,8.657999999999902,10.37391326530613,1,0.9495493597444629,1
2025-01-08 08:00:00,2652.651,2655.158,2647.565,2650.89,23401.0,159.0,0.0,0.0,0,0,1,bullish,0,none,0,0,0,0,1,1,0,1,0,0,2,2,0,2,12.3143571428571,8,2,0,0,B,0.0009443476770216,7.592999999999847,10.520867346938786,1,0.8521448414939569,1
2025-01-08 16:00:00,2665.84,2670.053,2649.388,2658.301,38638.0,159.0,0.0,0.0,0,0,1,bullish,0,none,0,0,0,0,0,1,1,1,0,0,2,2,0,2,12.543928571428555,16,2,0,0,B,0.0027956648521816,20.664999999999964,10.70710204081634,1,0.8447754537937413,1
2025-01-09 00:00:00,2662.526,2662.849,2656.267,2659.369,17650.0,159.0,0.0,0.0,0,0,1,bullish,0,none,0,0,0,0,0,1,0,0,0,0,0,0,0,0,10.334714285714329,0,3,0,0,B,-0.0011785884506594,6.582000000000335,10.786295918367369,1,0.9901818353221995,1
2025-01-09 04:00:00,2659.335,2666.973,2655.437,2662.45,18731.0,159.0,0.0,0.0,0,0,1,bullish,0,none,0,0,0,0,0,1,0,1,0,0,1,1,0,1,10.877642857142908,4,3,0,0,B,0.0011585455045914,11.536000000000058,10.8151785714286,1,0.9747570376911135,1
2025-01-09 16:00:00,2668.32,2672.51,2662.644,2670.19,27904.0,159.0,0.0,0.0,0,0,1,bullish,0,none,0,0,0,0,0,0,0,1,0,0,1,1,0,1,11.394500000000107,16,3,1,1,B,0.0029070968468891,9.86600000000044,10.92399489795922,1,0.7189897230093479,1
2025-01-09 20:00:00,2670.154,2671.337,2668.492,2669.952,8305.0,159.0,0.0,0.0,0,0,1,bullish,5,doji,0,0,1,0,0,0,0,0,0,1,0,1,1,1,9.999214285714386,20,3,1,1,A,-8.913223403572701e-05,2.8449999999998,10.892959183673506,1,0.9265705739940798,1
2025-01-10 00:00:00,2669.972,2674.771,2668.953,2673.658,18532.0,159.0,0.0,0.0,0,0,1,bullish,7,morning_star,0,0,1,0,0,0,0,0,0,1,0,1,1,1,9.72414285714295,0,4,1,1,A,0.0013880399348003,5.818000000000211,10.853418367346976,1,0.9428034522792759,1
2025-01-10 16:00:00,2692.604,2697.965,2684.586,2685.855,67819.0,159.0,0.0,0.0,0,0,1,bullish,0,none,0,0,0,0,0,0,1,1,0,0,2,2,0,2,12.220857142857312,16,4,1,1,B,0.0045619147998734,13.37900000000036,11.01096938775515,1,0.9194374702673238,1
2025-01-10 20:00:00,2685.89,2693.773,2684.5,2689.551,16876.0,159.0,0.0,0.0,0,0,1,bullish,0,none,0,0,0,0,0,0,0,0,0,0,0,0,0,0,11.309785714285876,20,4,1,1,B,0.0013760981140082,9.273000000000138,11.110275510204138,1,0.8329479374806531,1
2025-01-13 04:00:00,2687.943,2691.323,2683.273,2685.102,36380.0,159.0,0.0,0.0,0,0,1,bullish,0,none,0,0,0,0,0,0,1,1,0,0,2,2,0,2,10.801357142857276,4,0,1,1,B,-0.0022306821918878,8.049999999999727,11.128974489795988,1,0.9873432658609814,1
2025-01-13 08:00:00,2685.074,2689.77,2675.449,2675.952,48665.0,159.0,0.0,0.0,0,0,1,bullish,0,none,0,0,0,0,0,1,1,1,0,0,2,2,0,2,11.000285714285836,8,0,1,1,B,-0.0034076917748374,14.320999999999913,11.060709183673548,1,0.9801362642397721,1
2025-01-13 12:00:00,2675.911,2677.218,2661.081,2661.867,88969.0,159.0,0.0,0.0,0,0,1,bullish,0,none,0,0,0,0,0,1,1,1,0,0,2,2,0,2,11.236428571428664,12,0,1,1,B,-0.0052635473282032,16.136999999999716,11.025811224489884,1,0.9604062040731487,1
2025-01-14 00:00:00,2667.97,2672.324,2666.397,2669.78,29906.0,159.0,0.0,0.0,0,0,1,bullish,0,none,0,0,0,0,0,1,0,0,0,0,1,1,0,1,11.52042857142864,0,1,1,1,B,0.0029727255343712,5.927000000000135,10.969102040816422,1,0.9945520581100226,1
2025-01-14 12:00:00,2669.287,2674.462,2659.773,2671.779,63732.0,159.0,0.0,0.0,0,0,1,bullish,0,none,0,0,0,0,0,1,1,1,0,0,3,3,0,3,12.41114285714288,12,1,1,1,B,0.0007487508334018,14.68899999999985,10.959617346938872,1,0.951371725692571,1
2025-01-15 00:00:00,2675.58,2676.339,2669.382,2676.091,18796.0,159.0,0.0,0.0,0,0,1,bullish,0,none,0,0,0,0,0,1,0,0,0,0,1,1,0,1,10.004071428571413,0,2,1,1,B,0.0001876222394396,6.95699999999988,10.912464285714378,1,0.9979665833702634,1
2025-01-15 04:00:00,2676.052,2684.033,2674.183,2681.313,22691.0,159.0,0.0,0.0,0,0,1,bullish,0,none,0,0,0,0,0,1,0,0,0,0,1,1,0,1,10.436214285714252,4,2,1,1,B,0.0019513536722033,9.849999999999907,10.880933673469473,1,0.9918332849272908,1
2025-01-15 08:00:00,2681.357,2689.064,2681.151,2686.779,32989.0,159.0,0.0,0.0,0,0,1,bullish,0,none,0,0,0,0,0,1,0,1,0,0,2,2,0,2,9.99699999999994,8,2,1,1,B,0.0020385534997218,7.913000000000011,10.781112244898036,1,0.928175788303083,1
2025-01-15 12:00:00,2686.748,2696.056,2676.64,2678.475,89128.0,159.0,0.0,0.0,0,0,1,bullish,0,none,0,0,0,0,0,1,1,1,0,0,3,3,0,3,10.808857142857116,12,2,1,1,B,-0.0030906896324558,19.416000000000167,10.838943877551086,1,0.9870108453430125,1
2025-01-15 20:00:00,2694.142,2697.97,2693.239,2694.965,13135.0,159.0,0.0,0.0,0,0,1,bullish,0,none,0,0,0,1,0,0,0,0,0,1,0,1,1,1,10.27135714285711,20,2,1,1,A,0.0061564883002456,4.730999999999767,10.878030612244954,1,0.8157940906779785,1
2025-01-16 08:00:00,2698.313,2711.137,2697.129,2706.412,36081.0,159.0,0.0,0.0,0,0,1,bullish,0,none,0,0,0,0,0,0,0,1,0,0,1,1,0,1,10.670499999999947,8,3,1,1,B,0.0042475505247747,14.008000000000266,10.76729081632657,1,0.9709122486187824,1
2025-01-17 08:00:00,2710.577,2712.991,2702.803,2708.041,31200.0,159.0,0.0,0.0,0,0,1,bullish,0,none,0,0,0,0,0,0,0,1,0,0,1,1,0,1,10.973214285714253,8,4,1,1,B,-0.0024081091057246,10.188000000000102,10.791739795918378,1,0.9442500555132366,1
2025-01-20 04:00:00,2703.559,2713.77,2702.279,2703.592,18144.0,159.0,0.0,0.0,0,0,1,bullish,0,none,0,0,0,0,0,0,0,0,0,0,1,1,0,1,10.956,4,0,1,1,B,0.002658335632675,11.490999999999984,10.698280612244876,1,0.9966819137695895,1
2025-01-20 08:00:00,2703.571,2712.478,2703.003,2708.333,19795.0,159.0,0.0,0.0,0,0,1,bullish,0,none,0,0,0,0,0,0,0,1,0,0,2,2,0,2,10.912714285714303,8,0,1,1,B,0.0017535929977599,9.474999999999907,10.591249999999976,1,0.9798773391803476,1
2025-01-20 12:00:00,2708.299,2711.944,2701.915,2707.065,55344.0,159.0,0.0,0.0,0,0,1,bullish,0,none,0,0,0,0,0,0,1,1,0,0,3,3,0,3,10.6285,12,0,1,1,B,-0.0004681846730073,10.028999999999996,10.624035714285691,1,0.9894641198895948,1
2025-01-20 20:00:00,2708.347,2711.012,2706.593,2710.445,2929.0,159.0,0.0,0.0,0,0,1,bullish,0,none,0,0,0,0,0,0,0,0,0,0,1,1,0,1,9.392214285714315,20,0,1,1,B,0.0012485847218297,4.419000000000324,10.580331632653042,1,0.6619175134373488,1
2025-01-21 08:00:00,2729.701,2730.056,2716.499,2723.998,34571.0,159.0,0.0,0.0,0,0,1,bullish,0,none,0,0,0,0,0,0,1,1,0,0,3,3,0,3,11.368714285714336,8,1,1,1,B,0.0050002859309079,13.557000000000244,10.646938775510192,1,0.9908084896022437,1
2025-01-21 16:00:00,2738.792,2745.963,2737.837,2742.838,23483.0,159.0,0.0,0.0,0,0,1,bullish,0,none,0,0,0,1,0,0,0,0,0,1,0,1,1,1,11.64692857142862,16,1,1,1,A,0.0069163046375217,8.126000000000204,10.764790816326524,1,0.9592613667198276,1
2025-01-21 20:00:00,2742.819,2745.863,2740.084,2744.259,12478.0,159.0,0.0,0.0,0,0,1,bullish,0,none,0,0,0,1,0,0,0,0,0,1,0,1,1,1,11.032285714285765,20,1,1,1,A,0.000518076532409,5.778999999999996,10.78075,1,0.9454674102976403,1
2025-01-23 00:00:00,2755.564,2756.3,2749.474,2749.972,30297.0,159.0,0.0,0.0,0,0,1,bullish,0,none,0,0,0,0,1,0,1,0,0,0,3,3,0,3,10.67928571428573,0,3,1,1,B,0.002081800588064,6.826000000000022,10.809887755102045,1,0.9864776343755448,1
2025-01-23 04:00:00,2750.022,2755.575,2749.757,2752.683,31142.0,159.0,0.0,0.0,0,0,1,bullish,0,none,0,0,0,0,0,0,1,0,0,0,2,2,0,2,10.77921428571426,4,3,1,1,B,0.0009858282193417,5.817999999999756,10.817653061224494,1,0.9539698481855636,1
2025-01-23 08:00:00,2752.735,2754.789,2740.871,2751.924,38787.0,159.0,0.0,0.0,0,0,1,bullish,0,none,0,0,0,0,1,0,1,1,0,0,4,4,0,4,10.048999999999978,8,3,1,1,B,-0.0002757309868226,13.91800000000012,10.765153061224495,1,0.8951006564804509,1
2025-01-24 00:00:00,2754.546,2777.446,2754.338,2772.308,43067.0,159.0,0.0,0.0,0,0,1,bullish,0,none,0,0,0,0,0,0,1,1,0,0,3,3,0,3,10.74057142857136,0,4,1,1,B,0.0074071813029721,23.10799999999972,10.74853571428572,1,0.957056092732967,1
2025-02-05 20:00:00,2863.486,2870.985,2859.882,2869.279,21968.0,159.0,0.0,0.0,0,0,1,bullish,0,none,0,0,0,0,0,0,0,0,0,0,0,0,0,0,14.313214285714205,20,2,1,1,B,0.0002164775306083,11.103000000000064,14.775551020408155,1,0.9237326810734713,1
2025-02-06 04:00:00,2869.355,2872.366,2855.002,2855.837,42982.0,159.0,0.0,0.0,0,0,1,bullish,0,none,0,0,0,0,0,0,0,1,0,0,2,2,0,2,14.801214285714227,4,3,1,1,B,-0.0046848006067029,17.364000000000033,15.016234693877536,1,0.987118888668848,1
2025-02-06 16:00:00,2850.555,2854.755,2848.038,2853.746,43811.0,159.0,0.0,0.0,0,0,1,bullish,0,none,0,0,0,0,0,0,0,1,0,0,2,2,0,2,16.46492857142854,16,3,1,1,B,-0.0042659174618594,6.717000000000098,15.51227040816324,1,0.9167803378116263,1
2025-02-06 20:00:00,2853.791,2858.779,2853.575,2858.0,14642.0,159.0,0.0,0.0,0,0,1,bullish,0,none,0,0,0,0,0,0,0,0,0,0,1,1,0,1,14.618142857142857,20,3,1,1,B,0.0014906722602501,5.204000000000178,15.547897959183649,1,0.940399328277678,1
2025-02-07 00:00:00,2857.994,2870.645,2857.713,2867.193,31242.0,159.0,0.0,0.0,0,0,1,bullish,0,none,0,0,0,0,0,0,0,0,0,0,1,1,0,1,14.647785714285712,0,4,1,1,B,0.0032165850244927,12.931999999999787,15.488357142857115,1,0.9992097730425069,1
2025-02-07 04:00:00,2867.153,2869.615,2858.947,2864.214,32296.0,159.0,0.0,0.0,0,0,1,bullish,0,none,0,0,0,0,0,0,0,0,0,0,1,1,0,1,15.086142857142834,4,4,1,1,B,-0.0010389952821453,10.667999999999664,15.512112244897924,1,0.9947699140091449,1
2025-02-09 20:00:00,2861.269,2870.59,2860.092,2867.495,7930.0,159.0,0.0,0.0,0,0,1,bullish,0,none,0,0,0,0,0,0,0,0,0,0,1,1,0,1,15.230142857142871,20,6,1,1,B,-0.0044509020714749,10.498000000000047,15.554979591836696,1,0.8459784723328146,1
2025-02-10 00:00:00,2867.539,2876.578,2865.83,2875.572,38130.0,159.0,0.0,0.0,0,0,1,bullish,0,none,0,0,0,0,0,0,0,1,0,0,2,2,0,2,15.204785714285729,0,0,1,1,B,0.0028167442314634,10.748000000000047,15.396418367346902,1,0.9779636268567081,1
2025-02-10 04:00:00,2875.54,2896.593,2874.327,2895.506,37828.0,159.0,0.0,0.0,0,0,1,bullish,0,none,0,0,0,1,0,0,0,0,0,1,0,1,1,1,16.1062857142857,4,0,1,1,A,0.0069321860137738,22.26599999999962,15.32648469387752,1,0.989653056267298,1
2025-02-11 08:00:00,2913.279,2915.322,2901.864,2903.981,61705.0,159.0,0.0,0.0,0,0,1,bullish,0,none,0,0,0,0,0,0,1,1,0,0,3,3,0,3,18.08849999999997,8,1,1,1,B,0.0029269495556218,13.458000000000084,15.482117346938743,1,0.7736603096684627,1
2025-02-12 00:00:00,2898.562,2898.84,2883.76,2889.001,46603.0,159.0,0.0,0.0,0,0,1,bullish,0,none,0,0,0,0,0,0,0,0,0,0,0,0,0,0,16.767642857142814,0,2,1,1,B,-0.0032895917111258,15.079999999999927,15.982392857142832,1,0.999272915543981,1
2025-02-12 04:00:00,2888.998,2895.873,2883.668,2892.773,38269.0,159.0,0.0,0.0,0,0,1,bullish,0,none,0,0,0,0,0,0,0,0,0,0,0,0,0,0,16.889571428571376,4,2,1,1,B,0.0013056416387533,12.204999999999927,16.131561224489776,1,0.9970523664247998,1
2025-02-12 08:00:00,2892.813,2894.144,2879.317,2879.802,37653.0,159.0,0.0,0.0,0,0,1,bullish,2,bearish_engulfing,0,0,1,0,0,0,0,0,0,1,0,1,1,1,17.1809285714285,8,2,1,1,A,-0.00448393289069,14.82699999999977,16.269081632653037,1,0.9081427153810362,1
2025-02-12 20:00:00,2897.936,2906.403,2895.517,2905.781,14220.0,159.0,0.0,0.0,0,0,1,bullish,0,none,0,0,0,0,0,0,0,0,0,0,1,1,0,1,17.883428571428503,20,2,1,1,B,0.0090211063121699,10.885999999999967,16.37040306122446,1,0.9377784571806355,1
2025-02-13 00:00:00,2905.756,2918.169,2901.454,2916.446,33812.0,159.0,0.0,0.0,0,0,1,bullish,0,none,0,0,0,0,0,0,0,0,0,0,1,1,0,1,18.101571428571333,0,3,1,1,B,0.0036702697140631,16.71499999999969,16.619219387755066,1,0.9993142029546598,1
2025-02-13 04:00:00,2916.498,2922.801,2912.531,2914.569,35234.0,159.0,0.0,0.0,0,0,1,bullish,0,none,0,0,0,0,0,0,0,0,0,0,1,1,0,1,17.492642857142755,4,3,1,1,B,-0.0006435915494406,10.269999999999982,16.82242346938771,1,0.9961518729964,1
2025-02-13 16:00:00,2920.266,2927.402,2912.887,2926.812,36613.0,159.0,0.0,0.0,0,0,1,bullish,0,none,0,0,0,0,0,0,0,1,0,0,2,2,0,2,15.146071428571336,16,3,1,1,B,0.0042006210866856,14.514999999999873,16.82670408163261,1,0.9710687975020293,1
2025-02-13 20:00:00,2926.825,2932.484,2924.879,2931.217,15369.0,159.0,0.0,0.0,0,0,1,bullish,0,none,0,0,0,0,0,0,0,0,0,0,1,1,0,1,13.914928571428488,20,3,1,1,B,0.0015050505464648,7.605000000000018,16.667372448979542,1,0.956169044425492,1
2025-02-14 00:00:00,2931.192,2933.879,2923.164,2924.33,33502.0,159.0,0.0,0.0,0,0,1,bullish,0,none,0,0,0,0,0,0,0,0,0,0,1,1,0,1,14.029857142857022,0,4,1,1,B,-0.0023495360459495,10.71499999999969,16.581637755101983,1,0.9998002893858828,1
2025-02-14 12:00:00,2931.136,2933.366,2892.899,2901.939,105497.0,159.0,0.0,0.0,0,0,1,bullish,0,none,0,0,0,0,1,0,1,1,0,0,4,4,0,4,16.186785714285634,12,4,1,1,B,-0.0076567965995629,40.4670000000001,16.65178061224483,1,0.8947086081572783,1
2025-02-14 16:00:00,2901.827,2903.915,2878.691,2880.499,61604.0,159.0,0.0,0.0,0,0,1,bullish,0,none,0,0,0,0,0,1,1,1,0,0,3,3,0,3,16.92942857142852,16,4,1,1,B,-0.0073881635692548,25.22400000000016,16.710576530612176,1,0.8917591918521277,1
2025-02-17 00:00:00,2879.254,2904.607,2879.254,2903.603,38078.0,159.0,0.0,0.0,0,0,1,bullish,0,none,0,0,0,0,0,0,0,1,0,0,2,2,0,2,16.089999999999982,0,0,1,1,B,0.0080208325015909,25.353000000000065,16.567826530612177,1,0.9733448321677335,1
2025-02-17 04:00:00,2903.553,2905.407,2888.211,2902.49,34877.0,159.0,0.0,0.0,0,0,1,bullish,0,none,0,0,0,0,0,0,0,0,0,0,1,1,0,1,16.124357142857175,4,0,1,1,B,-0.0003833168652878,17.196000000000367,16.338770408163203,1,0.9839665021190406,1
2025-02-17 08:00:00,2902.51,2906.488,2895.044,2900.992,39916.0,159.0,0.0,0.0,0,0,1,bullish,0,none,0,0,0,0,1,0,0,1,0,0,3,3,0,3,16.208214285714316,8,0,1,1,B,-0.0005161085826306,11.44399999999996,16.353244897959126,1,0.9185519100886461,1
2025-02-17 12:00:00,2900.962,2904.162,2895.45,2899.232,44377.0,159.0,0.0,0.0,0,0,1,bullish,0,none,0,0,0,0,1,0,1,1,0,0,4,4,0,4,16.113500000000027,12,0,1,1,B,-0.000606689022238,8.711999999999989,16.306520408163212,1,0.8460698889771723,1
2025-02-17 16:00:00,2899.31,2901.34,2896.544,2897.392,18271.0,159.0,0.0,0.0,0,0,1,bullish,0,none,0,0,0,0,0,0,0,0,0,0,1,1,0,1,15.341571428571472,16,0,1,1,B,-0.0006346508316685,4.7960000000002765,16.195948979591787,1,0.9508106956404239,1
2025-02-18 00:00:00,2899.325,2910.863,2892.003,2909.016,26508.0,159.0,0.0,0.0,0,0,1,bullish,0,none,0,0,0,0,0,0,0,0,0,0,1,1,0,1,15.278214285714316,0,1,1,1,B,0.0040118837906641,18.85999999999968,16.060040816326488,1,0.9950617489637985,1
2025-02-18 04:00:00,2908.996,2915.629,2907.173,2911.501,26148.0,159.0,0.0,0.0,0,0,1,bullish,0,none,0,0,0,0,0,0,0,0,0,0,1,1,0,1,15.116857142857205,4,1,1,1,B,0.0008542407466993,8.456000000000131,15.86242857142854,1,0.9921675954511614,1
2025-02-18 12:00:00,2914.21,2929.609,2912.054,2927.02,47599.0,159.0,0.0,0.0,0,0,1,bullish,0,none,0,0,0,0,0,0,1,1,0,0,3,3,0,3,15.223000000000022,12,1,1,1,B,0.005330240312471,17.554999999999836,15.65681632653059,1,0.9579058147997789,1
2025-02-18 20:00:00,2935.832,2936.788,2932.393,2934.061,11051.0,159.0,0.0,0.0,0,0,1,bullish,0,none,0,0,0,0,0,0,0,0,0,0,1,1,0,1,11.75957142857143,20,1,1,1,B,0.0024055182403948,4.394999999999982,15.24731122448978,1,0.9733286133727744,1
2025-02-19 00:00:00,2934.059,2939.653,2924.081,2928.825,28834.0,159.0,0.0,0.0,0,0,1,bullish,0,none,0,0,0,0,0,0,0,1,0,0,2,2,0,2,12.21342857142856,0,2,1,1,B,-0.0017845573081133,15.571999999999662,15.037836734693869,1,0.9978532717267715,1
2025-02-19 08:00:00,2934.21,2947.041,2933.718,2935.079,32734.0,159.0,0.0,0.0,0,0,1,bullish,0,none,0,0,0,0,0,0,0,1,0,0,2,2,0,2,10.908857142857157,8,2,1,1,B,0.0021353273070259,13.32300000000032,14.823117346938774,1,0.9737617911383097,1
2025-02-19 12:00:00,2935.059,2941.657,2925.498,2925.721,57311.0,159.0,0.0,0.0,0,0,1,bullish,0,none,0,0,0,0,0,0,1,1,0,0,3,3,0,3,10.834785714285706,12,2,1,1,B,-0.0031883298541538,16.159000000000106,14.59489795918368,1,0.9880465834376236,1
2025-02-19 16:00:00,2925.729,2932.338,2918.591,2931.754,43501.0,159.0,0.0,0.0,0,0,1,bullish,0,none,0,0,0,0,0,0,1,1,0,0,2,2,0,2,10.999285714285731,16,2,1,1,B,0.002062055814618,13.747000000000298,14.224362244897971,1,0.979755715600251,1
2025-02-19 20:00:00,2931.715,2937.461,2931.292,2935.384,13382.0,159.0,0.0,0.0,0,0,1,bullish,0,none,0,0,0,0,0,0,0,0,0,0,0,0,0,0,10.817642857142866,20,2,1,1,B,0.001238166640175,6.168999999999869,13.787806122448998,1,0.9673213345880328,1
2025-02-20 00:00:00,2935.386,2944.07,2933.852,2941.913,29391.0,159.0,0.0,0.0,0,0,1,bullish,0,none,0,0,0,0,0,0,0,1,0,0,1,1,0,1,11.204928571428582,0,3,1,1,B,0.0022242405082264,10.218000000000302,13.43887244897961,1,0.9987187746249416,1
2025-02-20 04:00:00,2941.933,2954.216,2939.267,2948.925,23341.0,159.0,0.0,0.0,0,0,1,bullish,0,none,0,0,0,0,1,0,0,0,0,0,1,1,0,1,12.103214285714298,4,3,1,1,B,0.002383483128155,14.94900000000007,13.151647959183691,1,0.9942016767336428,1
2025-02-20 12:00:00,2948.743,2950.825,2924.123,2938.545,67762.0,159.0,0.0,0.0,0,0,1,bullish,0,none,0,0,0,0,0,0,1,1,0,0,2,2,0,2,12.617357142857143,12,3,1,1,B,-0.0035199267529693,26.70199999999977,12.895158163265323,1,0.978892431200991,1
2025-02-20 20:00:00,2938.034,2943.433,2935.521,2941.53,14002.0,159.0,0.0,0.0,0,0,1,bullish,0,none,0,0,0,0,0,0,0,0,0,0,0,0,0,0,12.331000000000031,20,3,1,1,B,0.0010158088441729,7.911999999999807,12.62497959183675,0,0.5550389811559943,1
2025-02-21 04:00:00,2931.262,2934.048,2924.186,2930.07,31269.0,159.0,0.0,0.0,0,0,1,bullish,0,none,0,0,0,0,0,0,0,1,0,0,1,1,0,1,13.48328571428572,4,4,1,1,B,-0.0038959317090085,9.861999999999624,12.492244897959198,1,0.959475498788846,1
2025-02-21 20:00:00,2933.374,2938.227,2932.144,2936.453,11753.0,159.0,0.0,0.0,0,0,1,bullish,0,none,0,0,0,0,0,0,0,0,0,0,1,1,0,1,13.773000000000009,20,4,1,1,B,0.0021784462487244,6.083000000000084,12.384729591836749,1,0.9261625010998358,1
2025-02-23 20:00:00,2939.411,2940.553,2936.426,2936.867,6023.0,159.0,0.0,0.0,0,0,1,bullish,0,none,0,0,0,0,0,0,0,0,0,0,1,1,0,1,13.085857142857126,20,6,1,1,B,0.000140986421373,4.126999999999953,12.239658163265316,1,0.6577651135561883,1
2025-02-25 04:00:00,2939.564,2940.964,2930.471,2931.736,28634.0,159.0,0.0,0.0,0,0,1,bullish,0,none,0,0,0,0,0,1,0,0,0,0,1,1,0,1,13.63807142857146,4,1,1,1,B,-0.0017470998856946,10.492999999999938,12.126448979591844,1,0.9210260214633702,1
2025-03-07 16:00:00,2915.783,2919.423,2901.86,2905.229,57852.0,159.0,0.0,0.0,0,0,1,bullish,0,none,0,0,0,0,0,1,1,1,0,0,3,3,0,3,15.610999999999974,16,4,1,1,B,-0.0046154109706376,17.562999999999647,15.737117346938833,1,0.9581816081791379,1
2025-03-07 20:00:00,2905.199,2912.633,2904.716,2911.256,10900.0,159.0,0.0,0.0,0,0,1,bullish,0,none,0,0,0,0,0,1,0,0,0,0,1,1,0,1,14.0683571428571,20,4,1,1,B,0.0020745352603874,7.916999999999916,15.60987244897964,1,0.9667230511442139,1
2025-03-10 04:00:00,2910.982,2915.429,2904.333,2908.444,27477.0,159.0,0.0,0.0,0,0,1,bullish,0,none,0,0,0,0,0,1,0,0,0,0,1,1,0,1,13.55207142857135,4,0,1,1,B,-0.0026551795203805,11.096000000000004,15.256892857142883,1,0.9256901082962529,1
2025-03-14 16:00:00,2984.569,2990.43,2982.165,2984.006,27433.0,159.0,0.0,0.0,0,0,1,bullish,5,doji,0,0,1,0,0,0,0,0,0,1,0,1,1,1,15.263428571428578,16,4,1,1,A,-0.0009662217448772,8.264999999999873,13.754887755102004,1,0.9681380935322993,1
2025-03-14 20:00:00,2983.985,2988.812,2981.705,2986.37,3476.0,159.0,0.0,0.0,0,0,1,bullish,1,bullish_engulfing,0,0,1,0,0,0,0,0,0,1,0,1,1,1,14.094357142857136,20,4,1,1,A,0.0007922236081294,7.106999999999971,13.814862244897926,1,0.9884760631490043,1
2025-03-16 20:00:00,2987.601,2994.118,2986.054,2990.061,7875.0,159.0,0.0,0.0,0,0,1,bullish,0,none,0,0,0,0,0,0,0,0,0,0,0,0,0,0,13.764357142857111,20,6,1,1,B,0.001235948660079,8.06399999999985,13.83002551020405,1,0.930636183637437,1
2025-03-17 00:00:00,2989.965,2993.091,2985.22,2986.917,24454.0,159.0,0.0,0.0,0,0,1,bullish,8,evening_star,0,0,1,0,0,0,0,0,0,1,0,1,1,1,13.717857142857124,0,0,1,1,A,-0.0010514835650511,7.871000000000095,13.80844897959181,1,0.9372718994321532,1
2025-03-17 04:00:00,2986.943,2990.745,2982.158,2985.538,19495.0,159.0,0.0,0.0,0,0,1,bullish,0,none,0,0,0,0,0,0,0,0,0,0,0,0,0,0,13.571214285714277,4,0,1,1,B,-0.0004616800533794,8.586999999999989,13.757586734693854,1,0.9764952977888284,1
2025-03-17 12:00:00,2997.515,3000.512,2984.718,2997.115,52986.0,159.0,0.0,0.0,0,0,1,bullish,0,none,0,0,0,0,0,0,1,1,0,0,2,2,0,2,14.04178571428575,12,0,1,1,B,0.0038776930657054,15.794000000000324,13.727499999999988,1,0.9855607544832005,1
2025-03-17 16:00:00,2997.169,3000.838,2993.027,3000.173,23545.0,159.0,0.0,0.0,0,0,1,bullish,0,none,0,0,0,0,1,0,0,1,0,0,2,2,0,2,11.774642857142908,16,0,1,1,B,0.0010203145358118,7.811000000000149,13.496663265306122,1,0.970649408581917,1
2025-03-17 20:00:00,3000.245,3002.8,2999.583,2999.831,7167.0,159.0,0.0,0.0,0,0,1,bullish,0,none,0,0,0,0,1,0,0,0,0,0,1,1,0,1,11.351285714285757,20,0,1,1,B,-0.0001139934263789,3.2170000000000982,13.335795918367351,1,0.970908798330693,1
2025-03-18 12:00:00,3026.842,3038.334,3024.72,3031.758,60235.0,159.0,0.0,0.0,0,0,1,bullish,0,none,0,0,0,0,0,0,1,1,0,0,2,2,0,2,11.528357142857203,12,1,1,1,B,0.0106429328852191,13.614000000000033,13.20679591836736,1,0.9639362330605808,1
2025-03-18 20:00:00,3035.643,3035.971,3031.512,3031.774,7887.0,159.0,0.0,0.0,0,0,1,bullish,0,none,0,0,0,0,0,0,0,0,0,0,0,0,0,0,10.322214285714349,20,1,1,1,B,-0.0012653119713796,4.458999999999833,12.869801020408186,1,0.8850480252149929,1
2025-03-19 00:00:00,3031.801,3039.029,3027.32,3036.325,20243.0,159.0,0.0,0.0,0,0,1,bullish,0,none,0,0,0,1,0,0,0,0,0,1,0,1,1,1,10.650928571428624,0,2,1,1,A,0.0015011013353898,11.708999999999833,12.728239795918396,1,0.9935993816794271,1
2025-03-19 04:00:00,3036.291,3045.353,3034.256,3035.896,31340.0,159.0,0.0,0.0,0,0,1,bullish,0,none,0,0,0,0,0,0,1,1,0,0,2,2,0,2,10.867571428571509,4,2,1,1,B,-0.0001412892229915,11.097000000000207,12.55190306122452,1,0.9936866027423648,1
2025-03-20 08:00:00,3042.229,3046.258,3025.619,3034.433,40456.0,159.0,0.0,0.0,0,0,1,bullish,0,none,0,0,0,0,0,0,1,1,0,0,2,2,0,2,13.20457142857143,8,3,1,1,B,-0.0004819005657638,20.63899999999967,12.481903061224516,1,0.9317829123284128,1
2025-03-20 12:00:00,3034.467,3042.329,3029.883,3040.765,50241.0,159.0,0.0,0.0,0,0,1,bullish,0,none,0,0,0,0,0,0,1,1,0,0,2,2,0,2,13.17292857142859,12,3,1,1,B,0.0020867160355821,12.446000000000367,12.33258163265309,1,0.9846944552279194,1
2025-03-20 16:00:00,3040.802,3046.094,3033.884,3044.602,28158.0,159.0,0.0,0.0,0,0,1,bullish,3,hammer,0,0,1,0,0,0,0,0,0,1,0,1,1,1,13.101357142857166,16,3,1,1,A,0.0012618535138362,12.210000000000036,12.26165306122452,1,0.9680184336770815,1
2025-03-20 20:00:00,3044.561,3046.606,3043.518,3046.409,7017.0,159.0,0.0,0.0,0,0,1,bullish,0,none,0,0,0,0,0,0,0,0,0,0,0,0,0,0,12.349500000000036,20,3,1,1,B,0.0005935094307893,3.088000000000193,12.16059183673473,1,0.9012972133603259,1
2025-03-21 00:00:00,3046.335,3047.435,3029.974,3030.585,25599.0,159.0,0.0,0.0,0,0,1,bullish,0,none,0,0,0,0,0,0,0,0,0,0,0,0,0,0,13.014000000000026,0,4,1,1,B,-0.0051943123855004,17.460999999999785,12.11031632653065,1,0.9942372526637199,1
2025-03-21 04:00:00,3030.539,3033.939,3021.553,3031.927,27906.0,159.0,0.0,0.0,0,0,1,bullish,0,none,0,0,0,0,0,0,0,0,0,0,0,0,0,0,13.58021428571432,4,4,1,1,B,0.000442818795711,12.385999999999967,12.110959183673511,1,0.9768993470809112,1
2025-03-21 16:00:00,3011.037,3022.022,3010.66,3020.001,30182.0,159.0,0.0,0.0,0,0,1,bullish,0,none,0,0,0,0,0,0,0,1,0,0,2,2,0,2,15.054285714285763,16,4,1,1,B,-0.0047229505538615,11.36200000000008,12.306464285714329,1,0.9852613716667902,1
2025-03-21 20:00:00,3020.037,3024.274,3019.974,3023.493,3773.0,160.0,0.0,0.0,0,0,1,bullish,0,none,0,0,0,0,0,0,0,0,0,0,1,1,0,1,14.267857142857142,20,4,1,1,B,0.0011562910078506,4.299999999999727,12.51479081632657,1,0.9894809889648816,1
2025-03-24 00:00:00,3024.709,3025.648,3013.646,3016.959,31914.0,159.0,0.0,0.0,0,0,1,bullish,0,none,0,0,0,0,0,1,1,1,1,0,4,4,0,4,13.299642857142835,0,0,1,1,B,-0.0025661870962644,12.001999999999953,12.8097091836735,1,0.8479610499309183,1
2025-03-24 20:00:00,3006.096,3014.58,3005.559,3009.91,8746.0,159.0,0.0,0.0,0,0,1,bullish,0,none,0,0,0,0,0,1,0,0,1,0,2,2,0,2,13.067142857142828,20,0,1,1,B,-0.0041196270068334,9.02099999999973,13.20121938775512,1,0.9405907323005699,1
2025-03-25 00:00:00,3009.945,3016.222,3007.492,3015.248,21495.0,159.0,0.0,0.0,0,0,1,bullish,0,none,0,0,0,0,0,1,0,0,1,0,2,2,0,2,13.470142857142816,0,1,1,1,B,0.0017734749544007,8.730000000000018,13.387117346938789,1,0.9743010077650783,1
2025-03-25 04:00:00,3015.284,3021.009,3010.521,3011.13,20145.0,159.0,0.0,0.0,0,0,1,bullish,0,none,0,0,0,0,0,1,0,0,1,0,2,2,0,2,12.972071428571391,4,1,1,1,B,-0.0013657251410166,10.487999999999827,13.370510204081642,1,0.8867579320665808,1
2025-03-25 20:00:00,3019.616,3022.462,3018.832,3021.041,6380.0,159.0,0.0,0.0,0,0,1,bullish,0,none,0,0,0,0,0,0,0,0,0,0,1,1,0,1,11.25621428571422,20,1,1,1,B,0.0032914553672542,3.630000000000109,13.233602040816333,1,0.9537073661206901,1
2025-03-26 08:00:00,3030.509,3032.042,3016.886,3027.584,26113.0,159.0,0.0,0.0,0,0,1,bullish,0,none,0,0,0,0,0,0,0,1,0,0,2,2,0,2,12.898857142857098,8,2,1,1,B,0.0021658097324728,15.155999999999947,13.21913775510204,1,0.8817223717546072,1
2025-03-26 12:00:00,3027.54,3029.958,3012.325,3015.878,41814.0,159.0,0.0,0.0,0,0,1,bullish,0,none,0,0,0,0,0,1,1,1,0,0,3,3,0,3,13.274071428571396,12,2,1,1,B,-0.0038664492876167,17.633000000000266,13.285178571428563,1,0.9689332225178101,1
2025-03-26 20:00:00,3017.367,3021.855,3017.155,3021.623,11617.0,159.0,0.0,0.0,0,0,1,bullish,0,none,0,0,0,0,0,0,0,0,0,0,1,1,0,1,11.56899999999996,20,2,1,1,B,0.001904917904504,4.699999999999818,13.181964285714274,1,0.9702563952187403,1
2025-03-27 12:00:00,3054.548,3059.819,3033.403,3052.206,72124.0,159.0,0.0,0.0,0,0,1,bullish,0,none,0,0,0,0,0,0,1,1,0,0,3,3,0,3,13.83792857142862,12,3,1,1,B,0.010121381787205,26.416000000000167,13.20037244897958,1,0.9761275001588673,1
2025-03-27 20:00:00,3057.438,3057.637,3054.163,3055.71,8357.0,159.0,0.0,0.0,0,0,1,bullish,0,none,0,0,0,1,0,0,0,0,0,1,0,1,1,1,12.121642857142888,20,3,1,1,A,0.0011480221190836,3.47400000000016,13.101974489795904,1,0.9796289383966069,1
2025-03-28 04:00:00,3075.25,3086.017,3072.446,3079.348,29580.0,159.0,0.0,0.0,0,0,1,bullish,0,none,0,0,0,0,0,0,1,0,0,0,1,1,0,1,13.88521428571432,4,4,1,1,B,0.0077356817237237,13.570999999999913,13.018469387755088,1,0.9974606437355666,1
2025-03-28 08:00:00,3079.302,3081.245,3066.167,3076.369,31364.0,159.0,0.0,0.0,0,0,1,bullish,0,none,0,0,0,0,0,0,1,0,0,0,1,1,0,1,14.19628571428575,8,4,1,1,B,-0.0009674125821439,15.077999999999976,13.013357142857132,1,0.9933718869914464,1
2025-03-28 16:00:00,3083.695,3086.742,3073.488,3080.734,32788.0,159.0,0.0,0.0,0,0,1,bullish,0,none,0,0,0,0,0,0,1,1,0,0,2,2,0,2,14.201714285714322,16,4,1,1,B,0.0014188805049069,13.25400000000036,13.102647959183663,1,0.9962026682593245,1
2025-03-28 20:00:00,3080.762,3085.955,3080.762,3085.002,4573.0,159.0,0.0,0.0,0,0,1,bullish,0,none,0,0,0,1,0,0,0,0,0,1,0,1,1,1,13.315142857142876,20,4,1,1,A,0.0013853841324826,5.192999999999756,13.10375510204081,1,0.8943445088961132,1
2025-03-30 20:00:00,3092.531,3097.884,3087.793,3089.213,13269.0,159.0,0.0,0.0,0,0,1,bullish,0,none,0,0,0,0,0,0,0,0,0,0,0,0,0,0,13.827928571428597,20,6,1,1,B,0.0013649910113511,10.090999999999894,13.135239795918364,1,0.9607643031001061,1
2025-03-31 08:00:00,3124.477,3127.156,3111.82,3119.48,38658.0,159.0,0.0,0.0,0,0,1,bullish,0,none,0,0,0,0,0,0,1,1,0,0,2,2,0,2,16.90307142857143,8,0,1,1,B,0.0097976410173075,15.335999999999784,13.40923469387755,1,0.9932597433112893,1
2025-03-31 12:00:00,3119.471,3127.236,3099.753,3113.807,89005.0,159.0,0.0,0.0,0,0,1,bullish,0,none,0,0,0,0,0,0,1,1,0,0,2,2,0,2,17.284785714285686,12,0,1,1,B,-0.001818572326157,27.48299999999972,13.681709183673467,1,0.9940826193804764,1
2025-03-31 16:00:00,3113.847,3124.613,3111.637,3124.36,32508.0,159.0,0.0,0.0,0,0,1,bullish,0,none,0,0,0,1,0,0,0,0,0,1,0,1,1,1,16.32478571428565,16,0,1,1,A,0.0033890989390159,12.975999999999658,13.9211887755102,1,0.9848366444246323,1
2025-03-31 20:00:00,3124.32,3126.447,3120.051,3120.581,9930.0,159.0,0.0,0.0,0,0,1,bullish,0,none,0,0,0,0,0,0,0,0,0,0,0,0,0,0,16.06285714285712,20,0,1,1,B,-0.0012095277112752,6.3960000000001855,14.264520408163264,1,0.9742853925833344,1
2025-04-01 20:00:00,3118.681,3120.847,3107.742,3115.168,12610.0,159.0,0.0,0.0,0,0,1,bullish,0,none,0,0,0,0,0,0,0,0,0,0,0,0,0,0,18.36835714285712,20,1,1,1,B,-0.0048400817935807,13.105000000000018,14.982551020408168,1,0.9858599380429697,1
2025-04-02 04:00:00,3125.458,3126.779,3108.623,3125.314,37982.0,159.0,0.0,0.0,0,0,1,bullish,0,none,0,0,0,0,0,0,0,0,0,0,0,0,0,0,19.99592857142856,4,2,1,1,B,0.0032569672004847,18.15599999999995,15.584474489795925,1,0.998233955372321,1
2025-04-02 08:00:00,3125.275,3133.878,3110.096,3121.23,40405.0,159.0,0.0,0.0,0,0,1,bullish,0,none,0,0,0,0,0,0,0,1,0,0,1,1,0,1,19.20628571428571,8,2,1,1,B,-0.0013067486978908,23.78200000000016,15.967928571428573,1,0.9719112301883719,1
2025-04-02 12:00:00,3121.242,3132.209,3116.597,3125.883,57534.0,159.0,0.0,0.0,0,0,1,bullish,0,none,0,0,0,0,0,0,1,1,0,0,2,2,0,2,18.73199999999997,12,2,1,1,B,0.0014907584509951,15.611999999999624,16.440096938775508,1,0.9946242194300864,1
2025-04-02 16:00:00,3125.871,3134.369,3118.666,3124.383,35017.0,159.0,0.0,0.0,0,0,1,bullish,5,doji,0,0,1,0,0,0,0,0,0,1,0,1,1,1,18.75821428571427,16,2,1,1,A,-0.0004798644095124,15.702999999999976,16.788168367346934,1,0.9802459900745493,1
2025-04-03 00:00:00,3162.602,3164.812,3140.717,3148.066,100898.0,159.0,0.0,0.0,0,0,1,bullish,0,none,0,0,0,0,0,0,1,1,0,0,2,2,0,2,22.094285714285725,0,3,1,1,B,0.0075800566063763,24.0949999999998,17.35231122448979,1,0.9961934209123371,1
2025-04-03 04:00:00,3148.02,3149.688,3116.392,3128.957,76156.0,159.0,0.0,0.0,0,0,1,bullish,0,none,0,0,0,0,0,0,1,1,0,0,2,2,0,2,24.015714285714303,4,3,1,1,B,-0.0060700760403371,33.29600000000028,18.053311224489786,1,0.9814454974410121,1
2025-04-03 08:00:00,3129.011,3132.019,3085.091,3093.188,87764.0,159.0,0.0,0.0,0,0,1,bullish,0,none,0,0,0,0,0,1,1,1,0,0,2,2,0,2,25.426785714285707,8,3,1,1,B,-0.0114316048446814,46.92799999999989,18.91842857142856,1,0.9155439283050151,1
2025-04-03 12:00:00,3093.193,3135.594,3054.052,3110.521,168262.0,159.0,0.0,0.0,0,0,1,bullish,0,none,0,0,0,0,0,1,1,1,0,0,2,2,0,2,29.46857142857139,12,3,1,1,B,0.0056036037900055,81.54199999999992,20.03561734693876,1,0.9152080623542056,1
2025-04-03 16:00:00,3110.556,3114.282,3099.949,3107.593,47743.0,159.0,0.0,0.0,0,0,1,bullish,0,none,0,0,0,0,0,1,0,0,0,0,0,0,0,0,29.591999999999967,16,3,1,1,B,-0.0009413214056424,14.333000000000084,20.941969387755083,1,0.8722579578049799,1
2025-04-04 04:00:00,3098.435,3109.96,3091.993,3092.85,50031.0,159.0,0.0,0.0,0,0,1,bullish,6,shooting_star,0,0,1,0,0,1,0,0,0,1,0,1,1,1,29.91385714285713,4,4,1,1,A,-0.0064358324948825,17.9670000000001,22.73598979591836,1,0.9497792659573066,1
2025-04-04 16:00:00,3021.908,3040.922,3015.556,3036.427,89736.0,159.0,0.0,0.0,0,0,1,bullish,0,none,0,0,0,0,0,1,1,1,0,0,2,2,0,2,38.05507142857141,16,4,1,1,B,-0.0237328799495344,25.365999999999985,25.34971428571427,1,0.9279503941065078,1
2025-04-06 20:00:00,3028.686,3032.445,2977.024,2999.944,46332.0,159.0,0.0,0.0,0,0,1,bullish,0,none,0,0,0,0,1,0,0,0,0,0,1,1,0,1,40.71628571428573,20,6,1,1,B,-0.0126911054314192,55.42100000000028,28.19245408163264,1,0.8656139591159991,1
2025-04-07 00:00:00,2999.954,3055.804,2970.689,3018.922,169979.0,159.0,0.0,0.0,0,0,1,bullish,0,none,0,0,0,0,0,1,1,1,0,0,2,2,0,2,42.29100000000004,0,0,1,1,B,0.0063261180875375,85.11500000000024,29.841362244897955,1,0.6936991479325109,1
2025-04-14 04:00:00,3232.445,3238.126,3221.386,3228.013,39551.0,159.0,0.0,0.0,0,0,1,bullish,0,none,0,0,0,0,0,0,0,0,0,0,0,0,0,0,27.85892857142861,4,0,1,1,B,0.0013276533757602,16.740000000000236,33.30179591836734,1,0.9371453490713557,1
2025-04-14 16:00:00,3198.089,3216.602,3197.671,3212.699,32613.0,159.0,0.0,0.0,0,0,1,bullish,0,none,0,0,0,0,0,0,0,0,0,0,1,1,0,1,25.793928571428587,16,0,1,1,B,-0.0033071091367731,18.93100000000004,32.61583673469387,1,0.9627691051505397,1
2025-04-15 04:00:00,3228.345,3232.704,3217.388,3225.671,31296.0,159.0,0.0,0.0,0,0,1,bullish,0,none,0,0,0,0,0,0,0,0,0,0,1,1,0,1,22.87700000000005,4,1,1,1,B,0.0040377265346052,15.316000000000258,32.015617346938775,1,0.9579735268990374,1
2025-04-15 08:00:00,3225.623,3232.171,3216.776,3220.164,31510.0,159.0,0.0,0.0,0,0,1,bullish,0,none,0,0,0,0,0,0,0,0,0,0,1,1,0,1,21.68471428571433,8,1,1,1,B,-0.0017072416870783,15.394999999999982,31.181954081632654,1,0.9429236112914325,1
2025-04-15 16:00:00,3221.394,3231.877,3219.487,3229.793,21564.0,159.0,0.0,0.0,0,0,1,bullish,0,none,0,0,0,0,0,0,0,0,0,0,1,1,0,1,19.19700000000002,16,1,1,1,B,0.0029902203738692,12.389999999999873,30.18106122448981,1,0.9936660342025974,1
2025-04-16 08:00:00,3300.386,3317.821,3288.588,3306.842,58274.0,159.0,0.0,0.0,0,0,1,bullish,0,none,0,0,0,0,0,0,1,1,0,0,2,2,0,2,21.178142857142834,8,2,1,1,B,0.0238557083998882,29.23299999999972,29.14778571428572,1,0.9586360580517211,1
2025-04-16 16:00:00,3325.22,3342.456,3321.409,3336.694,42358.0,159.0,0.0,0.0,0,0,1,bullish,0,none,0,0,0,0,0,0,1,0,0,0,1,1,0,1,21.90478571428568,16,2,1,1,B,0.0090273439130141,21.047000000000025,28.16556632653062,1,0.9970458588410405,1
2025-04-17 04:00:00,3344.49,3345.398,3314.279,3323.323,51776.0,159.0,0.0,0.0,0,0,1,bullish,0,none,0,0,0,0,0,0,1,1,0,0,3,3,0,3,23.97278571428569,4,3,1,1,B,-0.0063405041487157,31.119000000000145,26.26434693877552,1,0.8712349576681452,1
2025-04-17 16:00:00,3296.335,3322.519,3294.904,3320.746,37835.0,159.0,0.0,0.0,0,0,1,bullish,0,none,0,0,0,0,0,0,0,0,0,0,1,1,0,1,28.11342857142849,16,3,1,1,B,-0.0019910614115468,27.61499999999978,24.919443877551025,1,0.9824429436379802,1
2025-04-17 20:00:00,3320.691,3328.879,3317.983,3327.671,5313.0,159.0,0.0,0.0,0,0,1,bullish,0,none,0,0,0,0,0,0,0,0,0,0,1,1,0,1,27.80357142857133,20,3,1,1,B,0.0020853747922906,10.89599999999973,24.62155102040816,1,0.9644992143451302,1
2025-04-20 20:00:00,3331.849,3353.102,3331.315,3348.078,23727.0,159.0,0.0,0.0,0,0,1,bullish,0,none,0,0,0,0,0,0,0,0,0,0,1,1,0,1,28.73507142857134,20,6,1,1,B,0.0061325173071498,21.786999999999807,24.529163265306103,1,0.8459689038458774,1
2025-04-21 12:00:00,3404.535,3430.24,3398.008,3422.941,84775.0,159.0,0.0,0.0,0,0,1,bullish,0,none,0,0,0,0,0,0,1,1,0,0,2,2,0,2,28.930785714285644,12,0,1,1,B,0.0223599928078137,32.23199999999997,24.605724489795897,1,0.9919166819806364,1
2025-04-21 20:00:00,3423.458,3444.267,3419.628,3434.548,26903.0,159.0,0.0,0.0,0,0,1,bullish,0,none,0,0,0,0,0,0,0,0,0,0,0,0,0,0,28.70478571428563,20,0,1,1,B,0.0033909436358967,24.63899999999967,24.66881122448976,1,0.9551330000023533,1
2025-04-22 00:00:00,3434.524,3494.771,3412.18,3487.777,94794.0,159.0,0.0,0.0,0,0,1,bullish,0,none,0,0,0,0,0,0,1,1,0,0,2,2,0,2,32.93685714285708,0,1,1,1,B,0.0154981092126242,82.59100000000035,25.17902040816323,0,0.6900991558219081,1
2025-04-22 08:00:00,3468.706,3472.714,3443.128,3456.705,68553.0,159.0,0.0,0.0,0,0,1,bullish,0,none,0,0,0,0,0,0,1,1,0,0,2,2,0,2,33.09542857142849,8,1,1,1,B,-0.0089088264530674,29.585999999999785,25.908908163265263,1,0.903205154305709,1
2025-04-22 12:00:00,3456.706,3464.803,3408.591,3417.721,127180.0,159.0,0.0,0.0,0,0,1,bullish,0,none,0,0,0,0,0,0,1,1,0,0,3,3,0,3,35.57378571428564,12,1,1,1,B,-0.0112777920013422,56.21199999999999,26.900984693877497,1,0.9187245073265602,1
2025-04-22 16:00:00,3417.678,3421.075,3366.727,3374.789,110338.0,159.0,0.0,0.0,0,0,1,bullish,0,none,0,0,0,0,0,0,1,1,0,0,3,3,0,3,35.27442857142852,16,1,1,1,B,-0.0125615870926854,54.34799999999996,28.049372448979533,1,0.9745918957493898,1
2025-04-22 20:00:00,3374.818,3382.727,3315.828,3336.561,54306.0,159.0,0.0,0.0,0,0,1,bullish,0,none,0,0,0,0,0,0,0,0,0,0,1,1,0,1,38.08042857142852,20,1,1,1,B,-0.0113275229947709,66.89899999999989,29.256678571428512,1,0.9382669385811123,1
2025-04-23 00:00:00,3336.535,3386.661,3329.203,3338.878,114747.0,159.0,0.0,0.0,0,0,1,bullish,0,none,0,0,0,0,0,0,1,1,0,0,3,3,0,3,41.40628571428569,0,2,1,1,B,0.0006944275857687,57.45800000000008,30.6496428571428,1,0.8419458589867042,1
2025-05-07 00:00:00,3400.723,3401.666,3360.068,3375.541,99006.0,159.0,0.0,0.0,0,0,1,bullish,0,none,0,0,0,0,0,1,1,1,0,0,2,2,0,2,31.747142857142894,0,2,1,1,B,-0.0139131354347785,41.59799999999996,25.58123469387755,1,0.9578340028878981,1
2025-05-07 04:00:00,3375.519,3397.425,3374.962,3388.016,46206.0,159.0,0.0,0.0,0,0,1,bullish,0,none,0,0,0,0,0,1,0,0,0,0,0,0,0,0,32.29407142857148,4,2,1,1,B,0.0036957038886507,22.4630000000002,25.903525510204084,1,0.8893563949010618,1
2025-05-07 08:00:00,3387.971,3393.375,3369.161,3387.083,45574.0,159.0,0.0,0.0,0,0,1,bullish,5,doji,0,0,1,0,0,1,0,0,0,1,0,1,1,1,31.791714285714303,8,2,1,1,A,-0.0002753824066946,24.213999999999945,26.081341836734698,1,0.8652989914589351,1
2025-05-07 16:00:00,3385.224,3398.001,3363.751,3371.904,75749.0,159.0,0.0,0.0,0,0,1,bullish,0,none,0,0,0,0,0,1,1,1,0,0,2,2,0,2,30.839571428571453,16,2,1,1,B,-0.0044814372721306,34.25,26.53104591836735,1,0.9962966979064497,1
2025-05-07 20:00:00,3371.968,3377.185,3363.733,3376.488,21268.0,159.0,0.0,0.0,0,0,1,bullish,3,hammer,0,0,1,0,0,1,0,0,0,1,0,1,1,1,30.383857142857128,20,2,1,1,A,0.0013594693087346,13.45199999999977,26.985755102040823,1,0.8508130738981559,1
2025-05-08 00:00:00,3376.515,3414.851,3373.803,3396.864,65621.0,159.0,0.0,0.0,0,0,1,bullish,0,none,0,0,0,0,0,1,1,1,0,0,2,2,0,2,31.02328571428575,0,3,1,1,B,0.0060346727131861,41.04800000000023,27.470841836734703,1,0.9687250881334423,1
2025-05-08 04:00:00,3396.839,3399.39,3320.199,3342.884,92259.0,159.0,0.0,0.0,0,0,1,bullish,0,none,0,0,0,0,0,1,1,1,0,0,2,2,0,2,35.92135714285717,4,3,1,1,B,-0.0158911278167156,79.1909999999998,28.475688775510218,1,0.9653781152889243,1
2025-05-08 16:00:00,3330.47,3330.47,3288.697,3306.384,70120.0,159.0,0.0,0.0,0,0,1,bullish,0,none,0,0,0,0,0,1,1,1,0,0,2,2,0,2,35.28192857142858,16,3,1,1,B,-0.0113614447636198,41.77299999999968,29.919153061224502,1,0.9676918241411496,1
2025-05-08 20:00:00,3306.434,3324.049,3303.857,3316.412,25703.0,159.0,0.0,0.0,0,0,1,bullish,0,none,0,0,0,0,0,1,0,0,0,0,0,0,0,0,34.81407142857146,20,3,1,1,B,0.0030329205561119,20.192000000000007,30.78938265306125,1,0.745169733024964,1
2025-05-09 00:00:00,3316.448,3323.138,3274.676,3308.106,80850.0,159.0,0.0,0.0,0,0,1,bullish,0,none,0,0,0,0,0,1,1,1,0,0,2,2,0,2,36.17414285714286,0,4,1,1,B,-0.002504513914435,48.46199999999999,31.509841836734715,1,0.9278771540517395,1
2025-05-09 04:00:00,3308.099,3332.264,3308.099,3327.101,49737.0,159.0,0.0,0.0,0,0,1,bullish,1,bullish_engulfing,0,0,1,0,0,1,0,0,0,1,0,1,1,1,33.744785714285726,4,4,1,1,A,0.0057419562734688,24.164999999999964,32.065897959183694,1,0.9500155018475119,1
2025-05-09 08:00:00,3327.154,3338.323,3320.251,3332.964,39034.0,159.0,0.0,0.0,0,0,1,bullish,0,none,0,0,0,0,0,1,0,0,0,0,0,0,0,0,32.06435714285713,8,4,1,1,B,0.0017621947755719,18.07199999999966,32.504331632653084,1,0.8282132147330417,1
2025-05-09 12:00:00,3333.066,3346.044,3320.298,3345.064,63245.0,159.0,0.0,0.0,0,0,1,bullish,0,none,0,0,0,0,0,1,1,1,0,0,2,2,0,2,32.29885714285712,12,4,1,1,B,0.0036304022485691,25.74600000000009,32.92155102040818,1,0.8962780674389266,1
2025-05-09 16:00:00,3345.096,3347.556,3325.441,3328.802,32116.0,159.0,0.0,0.0,0,0,1,bullish,2,bearish_engulfing,0,0,1,0,0,1,0,0,0,1,0,1,1,1,32.14892857142858,16,4,1,1,A,-0.0048614914393266,22.11500000000024,32.95025000000002,1,0.9524555495601754,1
2025-05-11 20:00:00,3282.255,3292.619,3265.847,3287.534,32363.0,159.0,0.0,0.0,0,0,1,bullish,3,hammer,0,0,1,0,0,1,0,0,0,1,0,1,1,1,32.81921428571426,20,6,1,1,A,-0.0118044189545223,26.77199999999993,32.92488775510204,1,0.7905582549666139,1
2025-05-12 04:00:00,3283.214,3283.662,3216.102,3222.647,85427.0,159.0,0.0,0.0,0,0,1,bullish,0,none,0,0,0,0,0,0,1,1,0,0,2,2,0,2,35.98399999999996,4,0,1,1,B,-0.0184582349805833,67.55999999999995,33.5570918367347,1,0.5731917126436119,1
2025-05-12 16:00:00,3239.237,3240.112,3220.295,3235.394,41760.0,159.0,0.0,0.0,0,0,1,bullish,0,none,0,0,0,0,0,0,0,0,0,0,0,0,0,0,31.4571428571428,16,0,1,1,B,-0.0011940991497447,19.817000000000007,33.38645918367346,1,0.8227190137182692,1
2025-05-12 20:00:00,3235.355,3241.807,3229.864,3236.88,18047.0,159.0,0.0,0.0,0,0,1,bullish,0,none,0,0,0,0,0,0,0,0,0,0,0,0,0,0,29.32364285714279,20,0,1,1,B,0.0004592949112227,11.942999999999756,33.15796428571427,1,0.8024209556440911,1
2025-05-13 04:00:00,3236.719,3265.659,3234.925,3259.098,44371.0,159.0,0.0,0.0,0,0,1,bullish,1,bullish_engulfing,0,0,1,0,0,1,0,0,0,1,0,1,1,1,28.58314285714277,4,1,1,1,A,0.0068640172017497,30.733999999999924,32.67947959183671,1,0.9081578784521398,1
2025-05-13 08:00:00,3259.139,3261.284,3248.781,3249.167,34799.0,159.0,0.0,0.0,0,0,1,bullish,0,none,0,0,0,0,1,0,0,0,0,0,1,1,0,1,27.750142857142787,8,1,1,1,B,-0.003047162128908,12.503000000000156,32.174913265306095,1,0.6476712791814915,1
2025-05-13 16:00:00,3253.293,3257.818,3242.016,3249.324,30773.0,159.0,0.0,0.0,0,0,1,bullish,0,none,0,0,0,0,1,0,0,0,0,0,1,1,0,1,27.92207142857137,16,1,1,1,B,4.832007711530473e-05,15.802000000000136,31.5854795918367,1,0.9580121380635254,1
2025-05-14 00:00:00,3254.388,3254.646,3226.212,3228.366,52404.0,159.0,0.0,0.0,0,0,1,bullish,0,none,0,0,0,0,0,0,1,1,0,0,2,2,0,2,28.656928571428484,0,2,1,1,B,-0.0080038987049589,28.4340000000002,30.859892857142807,1,0.9773880849451266,1
2025-05-14 12:00:00,3220.142,3222.52,3174.875,3182.674,111510.0,159.0,0.0,0.0,0,0,1,bullish,0,none,0,0,0,0,0,0,1,1,0,0,2,2,0,2,23.631571428571338,12,2,1,1,B,-0.0171122746932215,47.64499999999998,29.76864795918361,1,0.9526285302330233,1
2025-05-14 20:00:00,3180.613,3187.296,3177.012,3186.128,15017.0,159.0,0.0,0.0,0,0,1,bullish,0,none,0,0,0,0,0,0,0,0,0,0,0,0,0,0,22.06992857142849,20,2,1,1,B,0.0010852509556429,10.28399999999965,29.13710714285708,1,0.9893767120787691,1
2025-05-22 04:00:00,3335.451,3339.533,3322.607,3327.621,40219.0,159.0,0.0,0.0,0,0,1,bullish,0,none,0,0,0,0,0,1,0,0,0,0,0,0,0,0,23.16942857142853,4,3,1,1,B,0.0022698214051748,16.92599999999993,26.85439795918364,1,0.9541757463478227,1
2025-05-22 08:00:00,3327.636,3329.903,3282.977,3314.466,64832.0,159.0,0.0,0.0,0,0,1,bullish,0,none,0,0,0,0,0,1,1,1,0,0,3,3,0,3,24.50292857142855,8,3,1,1,B,-0.0039532747268995,46.92599999999993,26.487806122448948,1,0.8575388186906777,1
2025-05-23 04:00:00,3302.097,3334.496,3301.891,3329.145,42653.0,159.0,0.0,0.0,0,0,1,bullish,0,none,0,0,0,0,0,1,0,1,0,0,1,1,0,1,23.783571428571445,4,4,1,1,B,0.0044287677109977,32.60500000000002,25.967489795918343,1,0.8870528612459189,1
2025-05-25 20:00:00,3352.095,3352.48,3341.363,3342.713,22939.0,159.0,0.0,0.0,0,0,1,bullish,0,none,0,0,0,0,0,1,0,0,0,0,1,1,0,1,21.83714285714294,20,6,1,1,B,-0.0040499882906981,11.11700000000019,24.605760204081623,1,0.9767198399074658,1
2025-05-26 08:00:00,3337.377,3339.689,3323.511,3333.13,31253.0,159.0,0.0,0.0,0,0,1,bullish,0,none,0,0,0,0,0,1,0,0,0,0,1,1,0,1,22.363642857142946,8,0,1,1,B,-0.0043332070750822,16.177999999999884,23.6955,1,0.8158111454554742,1
2025-05-26 16:00:00,3337.998,3343.666,3337.521,3341.558,7839.0,159.0,0.0,0.0,0,0,1,bullish,0,none,0,0,0,0,0,1,0,0,0,0,1,1,0,1,17.934714285714367,16,0,1,1,B,0.0025285542418087,6.144999999999982,23.07976020408164,1,0.9779944967768337,1
2025-05-27 04:00:00,3341.188,3341.485,3292.561,3296.244,62068.0,159.0,0.0,0.0,0,0,1,bullish,0,none,0,0,0,0,0,1,1,1,0,0,3,3,0,3,19.66671428571437,4,1,1,1,B,-0.0134600655988521,48.92399999999998,22.08575000000002,1,0.889042573407872,1
2025-05-27 16:00:00,3293.612,3308.008,3292.969,3304.38,23740.0,159.0,0.0,0.0,0,0,1,bullish,0,none,0,0,0,0,0,1,0,0,0,0,1,1,0,1,17.498357142857166,16,1,1,1,B,0.0024682638785236,15.03899999999976,21.536714285714307,1,0.9850172719843209,1
2025-05-27 20:00:00,3304.356,3310.934,3297.621,3309.411,15652.0,159.0,0.0,0.0,0,0,1,bullish,0,none,0,0,0,0,0,1,0,0,0,0,1,1,0,1,17.76742857142858,20,1,1,1,B,0.0015225246491021,13.313000000000102,21.17608163265309,1,0.9686859151459453,1
2025-05-28 08:00:00,3319.271,3325.507,3307.461,3311.143,32523.0,159.0,0.0,0.0,0,0,1,bullish,0,none,0,0,0,0,0,1,0,0,0,0,1,1,0,1,19.491285714285727,8,2,1,1,B,0.0005233559687811,18.04600000000028,20.92031632653065,1,0.9797935984609283,1
2025-06-03 16:00:00,3350.333,3355.515,3344.633,3352.657,23069.0,159.0,0.0,0.0,0,0,1,bullish,0,none,0,0,0,0,0,0,0,0,0,0,1,1,0,1,19.961214285714245,16,1,1,1,B,-0.0085410814425029,10.882000000000062,21.528250000000053,1,0.9794924143085308,1
2025-06-03 20:00:00,3352.617,3361.657,3352.469,3359.996,11146.0,159.0,0.0,0.0,0,0,1,bullish,0,none,0,0,0,0,0,0,0,0,0,0,1,1,0,1,19.77314285714283,20,1,1,1,B,0.0021890100896095,9.188000000000102,21.535852040816373,1,0.9734996837098762,1
2025-06-04 04:00:00,3359.236,3365.268,3347.996,3354.721,36543.0,159.0,0.0,0.0,0,0,1,bullish,0,none,0,0,0,0,0,0,0,1,0,0,2,2,0,2,20.428571428571395,4,2,1,1,B,-0.0015699423451694,17.271999999999935,21.74515306122453,1,0.7411388397734683,1
2025-06-04 08:00:00,3354.679,3364.973,3343.732,3346.577,35147.0,159.0,0.0,0.0,0,0,1,bullish,0,none,0,0,0,0,0,0,0,1,0,0,2,2,0,2,20.980999999999995,8,2,1,1,B,-0.0024276236384485,21.240999999999985,21.97469387755106,1,0.9420207380713388,1
2025-06-05 16:00:00,3344.7,3361.404,3339.835,3356.909,46629.0,159.0,0.0,0.0,0,0,1,bullish,0,none,0,0,0,0,0,0,1,1,0,0,3,3,0,3,22.91214285714292,16,3,1,1,B,-0.0042698611575817,21.56899999999996,21.677586734693925,1,0.936643414013285,1
2025-06-05 20:00:00,3356.885,3363.549,3351.988,3361.81,17020.0,159.0,0.0,0.0,0,0,1,bullish,0,none,0,0,0,0,0,0,0,0,0,0,1,1,0,1,21.592071428571508,20,3,1,1,B,0.0014599740415959,11.56100000000015,21.37877551020413,1,0.954597700446981,1
2025-06-06 20:00:00,3312.382,3312.896,3307.053,3311.702,5570.0,159.0,0.0,0.0,0,0,1,bullish,0,none,0,0,0,1,0,1,0,0,0,1,0,1,1,1,21.87514285714295,20,4,1,1,A,-0.0061598426038074,5.843000000000302,21.21759693877556,1,0.9661116229559567,1
2025-06-08 20:00:00,3317.818,3321.217,3309.24,3318.038,14520.0,159.0,0.0,0.0,0,0,1,bullish,5,doji,0,0,1,0,0,1,0,0,0,1,0,1,1,1,21.91742857142868,20,6,1,1,A,0.0019132156214538,11.977000000000317,21.194147959183727,1,0.9487748862043627,1
2025-06-16 04:00:00,3431.545,3433.284,3409.459,3412.619,48928.0,160.0,0.0,0.0,0,0,1,bullish,0,none,0,0,0,0,0,0,0,1,0,0,1,1,0,1,24.217214285714267,4,0,1,1,B,-0.006066785905368,23.82500000000028,22.847352040816304,1,0.6322373013373421,1
2025-06-16 16:00:00,3404.534,3404.992,3382.79,3384.094,32322.0,160.0,0.0,0.0,0,0,1,bullish,0,none,0,0,0,0,0,1,0,0,0,0,0,0,0,0,21.941285714285705,16,0,1,1,B,-0.0090500732064421,22.202000000000226,23.412239795918342,1,0.803955755202658,1
2025-06-17 00:00:00,3402.815,3403.269,3373.463,3387.583,52303.0,160.0,0.0,0.0,0,0,1,bullish,0,none,0,0,0,0,0,1,1,1,0,0,2,2,0,2,23.33585714285713,0,1,1,1,B,-0.0044628360020911,29.805999999999585,23.866525510204063,1,0.7045953477992989,1
2025-06-17 16:00:00,3379.386,3392.499,3376.651,3385.71,38568.0,160.0,0.0,0.0,0,0,1,bullish,0,none,0,0,0,0,0,1,0,1,0,0,1,1,0,1,21.19007142857137,16,1,1,1,B,-0.0005529015820424,15.847999999999956,23.903096938775487,1,0.8626467087857108,1
2025-06-17 20:00:00,3385.675,3396.234,3383.634,3387.369,15298.0,160.0,0.0,0.0,0,0,1,bullish,0,none,0,0,0,0,0,1,0,0,0,0,0,0,0,0,20.64321428571423,20,1,1,1,B,0.0004900006202539,12.599999999999907,23.73417346938773,1,0.6464755725491462,1
2025-06-19 04:00:00,3373.609,3375.315,3347.503,3365.992,51652.0,160.0,0.0,0.0,0,0,1,bullish,0,none,0,0,0,0,0,1,1,1,0,0,2,2,0,2,21.835714285714143,4,3,1,1,B,-0.0026758336165412,27.81199999999989,22.901020408163227,1,0.9559940807222358,1
2025-06-19 12:00:00,3371.971,3372.963,3361.497,3369.26,41432.0,160.0,0.0,0.0,0,0,1,bullish,0,none,0,0,0,0,0,1,0,1,0,0,1,1,0,1,20.6392142857142,12,3,1,1,B,-0.0008027955196476,11.46600000000035,22.082163265306068,1,0.9145585907631892,1
2025-06-19 20:00:00,3369.491,3370.411,3361.943,3368.739,14113.0,160.0,0.0,0.0,0,0,1,bullish,0,none,0,0,0,0,0,1,0,0,0,0,0,0,0,0,18.0392857142856,20,3,1,1,B,-0.0013979732944414,8.467999999999847,21.255040816326463,1,0.8659238461647184,1
2025-06-20 00:00:00,3368.763,3370.35,3344.672,3355.507,40524.0,160.0,0.0,0.0,0,0,1,bullish,0,none,0,0,0,0,0,1,1,1,0,0,2,2,0,2,18.74142857142845,0,4,1,1,B,-0.0039278792450231,25.677999999999884,20.98798979591829,1,0.9318377480557037,1
2025-06-20 08:00:00,3347.657,3359.236,3346.537,3347.051,30579.0,160.0,0.0,0.0,0,0,1,bullish,0,none,0,0,0,0,0,1,0,0,0,0,0,0,0,0,18.494999999999923,8,4,1,1,B,-0.0025200364654283,12.69900000000007,20.741826530612165,1,0.9757845708247529,1
2025-06-20 12:00:00,3347.094,3374.477,3341.887,3369.856,54404.0,160.0,0.0,0.0,0,0,1,bullish,0,none,0,0,0,0,0,1,1,1,0,0,2,2,0,2,19.18185714285704,12,4,1,1,B,0.0068134605657339,32.58999999999969,20.51190816326522,1,0.9688725194944846,1
2025-06-20 16:00:00,3369.786,3373.365,3364.606,3365.625,21470.0,160.0,0.0,0.0,0,0,1,bullish,0,none,0,0,0,0,0,1,0,0,0,0,0,0,0,0,18.880214285714143,16,4,1,1,B,-0.0012555432635698,8.75899999999956,20.193647959183576,1,0.9674710071531927,1
2025-06-20 20:00:00,3365.578,3369.314,3364.69,3368.546,4112.0,160.0,0.0,0.0,0,0,1,bullish,0,none,0,0,0,0,0,1,0,0,0,0,0,0,0,0,17.566285714285577,20,4,1,1,B,0.0008678922934075,4.623999999999796,19.93480612244888,1,0.8107605842655956,1
2025-06-23 00:00:00,3372.776,3373.551,3351.896,3363.372,45452.0,160.0,0.0,0.0,0,0,1,bullish,0,none,0,0,0,0,0,1,1,1,0,0,2,2,0,2,16.972999999999892,0,0,1,1,B,-0.0027819986924636,21.654999999999745,19.31210714285704,1,0.9115731595454191,1
2025-06-24 08:00:00,3329.658,3332.32,3317.829,3321.214,35596.0,160.0,0.0,0.0,0,0,1,bullish,0,none,0,0,0,0,0,0,1,0,0,0,1,1,0,1,21.978214285714262,8,1,1,1,B,-0.0093250481136927,14.490999999999984,18.98830102040807,1,0.9688589362892752,1
2025-07-04 00:00:00,3330.875,3338.948,3325.869,3338.35,23797.0,160.0,0.0,0.0,0,0,1,bullish,0,none,0,0,0,0,0,1,0,0,0,0,1,1,0,1,15.738857142857114,0,4,1,1,B,-0.0027360643391848,13.078999999999724,17.47929591836737,1,0.9242236742456458,1
2025-07-04 12:00:00,3334.791,3338.059,3330.831,3332.393,23498.0,160.0,0.0,0.0,0,0,1,bullish,0,none,0,0,0,0,0,1,0,1,0,0,2,2,0,2,14.9407857142857,12,4,1,1,B,-0.0031570946233966,7.2280000000000655,17.035061224489805,1,0.9408776245516115,1
2025-07-07 16:00:00,3320.784,3340.438,3320.082,3336.988,29936.0,160.0,0.0,0.0,0,0,1,bullish,0,none,0,0,0,0,0,1,1,0,0,0,2,2,0,2,15.460428571428595,16,0,1,1,B,0.0013788889845824,20.356000000000225,16.727765306122453,1,0.9959512106723676,1
2025-07-08 00:00:00,3334.697,3338.035,3329.595,3331.469,31719.0,160.0,0.0,0.0,0,0,1,bullish,0,none,0,0,0,0,0,1,1,0,0,0,2,2,0,2,13.345714285714296,0,1,1,1,B,-0.0016538866786455,8.440000000000055,16.339499999999997,1,0.8827487147688567,1
2025-07-08 12:00:00,3325.014,3329.864,3287.069,3298.241,59237.0,160.0,0.0,0.0,0,0,1,bullish,0,none,0,0,0,0,1,1,1,1,0,0,4,4,0,4,16.114142857142888,12,1,1,1,B,-0.0107003327919278,42.79500000000007,15.80126020408162,1,0.9424462473124946,1
2025-07-08 16:00:00,3298.249,3310.426,3295.938,3302.992,36182.0,160.0,0.0,0.0,0,0,1,bullish,0,none,0,0,0,0,0,1,1,1,0,0,3,3,0,3,16.23607142857145,16,1,1,1,B,0.0014404647810757,14.487999999999827,15.682005102040804,1,0.9947085753141438,1
2025-07-08 20:00:00,3303.02,3304.074,3297.199,3302.277,13992.0,160.0,0.0,0.0,0,0,1,bullish,0,none,0,0,0,0,0,1,0,0,0,0,1,1,0,1,16.210857142857158,20,1,1,1,B,-0.0002164704001705,6.875,15.537163265306113,1,0.9787646001341476,1
2025-07-09 00:00:00,3302.365,3308.003,3284.909,3293.276,36014.0,160.0,0.0,0.0,0,0,1,bullish,0,none,0,0,0,0,0,1,1,1,0,0,2,2,0,2,17.59450000000002,0,2,1,1,B,-0.0027256950280064,23.09400000000005,15.592341836734684,1,0.979168953818886,1
2025-07-14 08:00:00,3371.956,3374.647,3363.917,3364.169,25680.0,160.0,0.0,0.0,0,0,1,bullish,0,none,0,0,0,0,0,1,0,0,0,0,1,1,0,1,14.653928571428551,8,0,1,1,B,0.0021462845595008,10.730000000000018,15.228744897959157,1,0.8893067675211561,1
2025-07-14 12:00:00,3364.192,3366.607,3340.954,3345.105,47790.0,160.0,0.0,0.0,0,0,1,bullish,0,none,0,0,0,0,0,1,1,1,0,0,3,3,0,3,15.628714285714263,12,0,1,1,B,-0.0056667783336686,25.6529999999998,15.194071428571396,1,0.9898987320150467,1
2025-07-14 16:00:00,3345.044,3351.678,3343.082,3344.125,21759.0,160.0,0.0,0.0,0,0,1,bullish,0,none,0,0,0,0,0,1,0,0,0,0,0,0,0,0,14.856428571428523,16,0,1,1,B,-0.0002929653927156,8.596000000000004,15.095525510204045,1,0.9536612660572513,1
2025-07-14 20:00:00,3344.103,3346.556,3341.217,3345.337,9795.0,160.0,0.0,0.0,0,0,1,bullish,1,bullish_engulfing,0,0,1,0,0,1,0,0,0,1,0,1,1,1,14.25192857142854,20,0,1,1,A,0.0003624266437409,5.338999999999942,14.955602040816288,1,0.9342788033085146,1
2025-07-15 00:00:00,3345.299,3358.334,3344.758,3357.841,22213.0,160.0,0.0,0.0,0,0,1,bullish,0,none,0,0,0,0,0,1,0,0,0,0,0,0,0,0,14.890499999999976,0,1,1,1,B,0.003737740024398,13.576000000000022,14.762459183673428,1,0.8598352740374734,1
2025-07-15 12:00:00,3354.892,3360.367,3325.341,3328.996,65613.0,160.0,0.0,0.0,0,0,1,bullish,0,none,0,0,0,0,0,1,1,1,0,0,2,2,0,2,15.670285714285717,12,1,1,1,B,-0.0105075368266115,35.026000000000295,14.550301020408122,1,0.9957165073891736,1
2025-07-15 16:00:00,3328.957,3331.936,3320.218,3330.455,27957.0,160.0,0.0,0.0,0,0,1,bullish,0,none,0,0,0,0,0,1,0,1,0,0,1,1,0,1,14.764928571428625,16,1,1,1,B,0.0004382702772847,11.718000000000302,14.464811224489765,1,0.9805889325103799,1
2025-07-15 20:00:00,3330.408,3331.776,3324.788,3331.056,9299.0,160.0,0.0,0.0,0,0,1,bullish,0,none,0,0,0,0,0,1,0,0,0,0,0,0,0,0,14.505714285714314,20,1,1,1,B,0.0001804558236038,6.987999999999829,14.519576530612216,1,0.9571964352231017,1
2025-07-16 00:00:00,3331.092,3335.084,3325.061,3334.338,23132.0,160.0,0.0,0.0,0,0,1,bullish,3,hammer,0,0,1,0,0,1,0,0,0,1,0,1,1,1,14.838428571428592,0,2,1,1,A,0.0009852731386084,10.022999999999683,14.536785714285694,1,0.9848290678331413,1
2025-07-16 04:00:00,3334.281,3342.002,3332.818,3337.808,21235.0,160.0,0.0,0.0,0,0,1,bullish,0,none,0,0,0,0,0,1,0,0,0,0,0,0,0,0,14.14164285714287,4,2,1,1,B,0.0010406863371379,9.183999999999742,14.518224489795902,1,0.9516876296567602,1
2025-07-16 08:00:00,3337.824,3343.072,3333.72,3339.259,22984.0,160.0,0.0,0.0,0,0,1,bullish,0,none,0,0,0,0,0,1,0,0,0,0,0,0,0,0,13.420142857142862,8,2,1,1,B,0.0004347164366553,9.352000000000317,14.563510204081624,1,0.831760797924386,1
2025-07-16 16:00:00,3343.708,3357.41,3338.886,3347.08,46544.0,160.0,0.0,0.0,0,0,1,bullish,0,none,0,0,0,0,0,1,1,1,0,0,2,2,0,2,16.596714285714306,16,2,1,1,B,0.0023421363841498,18.523999999999887,14.78480102040816,1,0.9641545861444941,1
2025-07-17 00:00:00,3346.556,3347.405,3336.241,3341.486,23653.0,160.0,0.0,0.0,0,0,1,bullish,0,none,0,0,0,0,0,1,0,1,0,0,1,1,0,1,15.446500000000048,0,3,1,1,B,-0.0015060393972734,11.164000000000216,14.917102040816337,1,0.7173601151248746,1
2025-07-17 04:00:00,3341.511,3344.726,3325.209,3325.886,26980.0,160.0,0.0,0.0,0,0,1,bullish,0,none,0,0,0,0,0,1,0,1,0,0,1,1,0,1,16.459214285714356,4,3,1,1,B,-0.0046685815831638,19.51700000000028,14.97642346938777,1,0.9849998715162003,1
2025-07-17 16:00:00,3336.675,3341.098,3335.378,3339.763,20712.0,160.0,0.0,0.0,0,0,1,bullish,0,none,0,0,0,0,0,1,0,0,0,0,1,1,0,1,17.2085714285715,16,3,1,1,B,0.0041724220252887,5.7199999999998,15.14443367346941,1,0.9927354721553052,1
2025-07-18 08:00:00,3349.849,3357.714,3346.237,3354.435,23965.0,160.0,0.0,0.0,0,0,1,bullish,0,none,0,0,0,0,0,1,0,1,0,0,2,2,0,2,15.983000000000011,8,4,1,1,B,0.0043931260990675,11.476999999999862,15.268081632653088,1,0.9101253649327944,1
2025-07-18 16:00:00,3353.619,3357.506,3347.596,3348.325,21910.0,160.0,0.0,0.0,0,0,1,bullish,0,none,0,0,0,0,0,1,0,0,0,0,1,1,0,1,16.09042857142858,16,4,1,1,B,-0.0018214691892971,9.909999999999854,15.353790816326557,1,0.9678592590271166,1
2025-07-20 20:00:00,3348.695,3350.115,3345.01,3349.122,7808.0,160.0,0.0,0.0,0,0,1,bullish,0,none,0,0,0,0,1,1,0,0,0,0,2,2,0,2,11.31292857142856,20,6,1,1,B,-0.0003799551993123,5.104999999999563,14.877336734693904,1,0.7418479965730504,1
