score,low,conf_bos_or_choch,dow,conf_liquidity,datetime,conf_volume,conf_spread,volume,is_win,conf_psych_level,high,conf_sr_zone,close,open,secondary_score,atr,total_confluence,conf_fib_zone,primary_score,hour,pattern_code,regime_trend,num_confs,bias_bull,setup_score,setup_grade
0.0,1777.953,0.0,4.0,0.0,2021-07-02 12:00:00,0.0,0.0,17089.0,1,0.0,1787.087,0.0,1782.815,1784.877,0.0,9.134000000000016,0.0,1.0,0.0,12.0,0.0,0.0,0.0,0.0,0.0,B
1.0,1781.507,0.0,4.0,0.0,2021-07-02 16:00:00,0.0,0.0,14047.0,0,0.0,1791.777,0.0,1787.755,1782.785,0.0,9.701999999999998,1.0,1.0,1.0,16.0,1.0,1.0,1.0,1.0,1.0,A+
1.0,1786.023,0.0,4.0,0.0,2021-07-02 20:00:00,0.0,0.0,1238.0,0,0.0,1788.455,0.0,1787.446,1787.708,0.0,7.278666666666671,1.0,1.0,1.0,20.0,5.0,1.0,1.0,1.0,1.0,A+
0.0,1785.461,0.0,6.0,0.0,2021-07-04 20:00:00,0.0,1.0,2629.0,1,0.0,1787.581,0.0,1786.184,1787.277,1.0,5.988999999999976,1.0,1.0,0.0,20.0,0.0,1.0,1.0,1.0,0.3333333333333333,B
0.0,1784.426,0.0,0.0,1.0,2021-07-05 00:00:00,1.0,1.0,11237.0,1,0.0,1789.843,0.0,1785.447,1786.187,3.0,5.87460000000001,3.0,1.0,0.0,0.0,0.0,1.0,3.0,1.0,1.0,A+
0.0,1789.15,0.0,0.0,1.0,2021-07-05 08:00:00,1.0,1.0,11566.0,1,0.0,1794.547,0.0,1789.559,1792.65,3.0,6.158571428571414,3.0,1.0,0.0,8.0,0.0,1.0,3.0,1.0,1.0,A+
0.0,1789.962,0.0,0.0,0.0,2021-07-05 16:00:00,0.0,1.0,1829.0,1,0.0,1791.812,0.0,1791.649,1790.839,1.0,5.388777777777755,1.0,1.0,0.0,16.0,0.0,1.0,1.0,1.0,0.3333333333333333,B
0.0,1790.794,0.0,0.0,0.0,2021-07-05 20:00:00,0.0,0.0,2366.0,1,0.0,1792.698,0.0,1791.224,1791.634,0.0,5.040299999999979,0.0,1.0,0.0,20.0,0.0,1.0,0.0,1.0,0.0,B
0.0,1789.852,0.0,1.0,1.0,2021-07-06 16:00:00,1.0,1.0,16749.0,0,0.0,1797.59,0.0,1796.54,1796.594,3.0,6.961857142857119,3.0,1.0,0.0,16.0,0.0,1.0,3.0,1.0,1.0,A+
0.0,1795.03,0.0,1.0,0.0,2021-07-06 20:00:00,0.0,1.0,4528.0,1,0.0,1797.268,0.0,1795.55,1796.493,1.0,6.388142857142839,1.0,1.0,0.0,20.0,0.0,1.0,1.0,1.0,0.3333333333333333,B
0.0,1797.349,0.0,2.0,0.0,2021-07-07 04:00:00,1.0,1.0,12901.0,1,0.0,1806.622,0.0,1805.419,1801.042,2.0,7.364357142857151,2.0,1.0,0.0,4.0,0.0,1.0,2.0,1.0,0.6666666666666666,A
0.0,1803.223,0.0,2.0,0.0,2021-07-07 08:00:00,1.0,1.0,12627.0,0,0.0,1808.411,0.0,1806.501,1805.372,2.0,7.348000000000005,2.0,1.0,0.0,8.0,0.0,1.0,2.0,1.0,0.6666666666666666,A
1.0,1802.353,0.0,2.0,0.0,2021-07-07 20:00:00,0.0,0.0,4353.0,1,0.0,1805.502,0.0,1803.285,1803.404,0.0,7.797428571428587,1.0,1.0,1.0,20.0,5.0,1.0,1.0,1.0,1.0,A+
0.0,1796.384,0.0,3.0,0.0,2021-07-08 00:00:00,1.0,1.0,11905.0,1,0.0,1804.902,0.0,1797.421,1803.28,2.0,8.27371428571431,2.0,1.0,0.0,0.0,0.0,1.0,2.0,1.0,0.6666666666666666,A
0.0,1805.242,0.0,3.0,1.0,2021-07-08 08:00:00,1.0,0.0,19494.0,0,0.0,1817.836,0.0,1814.041,1807.362,2.0,9.437142857142865,2.0,1.0,0.0,8.0,0.0,1.0,2.0,1.0,0.6666666666666666,A
0.0,1796.178,0.0,3.0,0.0,2021-07-08 16:00:00,1.0,1.0,13817.0,1,0.0,1802.798,0.0,1802.17,1796.722,3.0,10.20135714285714,3.0,1.0,0.0,16.0,0.0,1.0,3.0,1.0,1.0,A+
0.0,1801.727,0.0,3.0,0.0,2021-07-08 20:00:00,0.0,0.0,4350.0,1,0.0,1804.422,0.0,1803.723,1802.125,1.0,9.02042857142856,1.0,1.0,0.0,20.0,0.0,1.0,1.0,1.0,0.3333333333333333,B
0.0,1799.23,0.0,4.0,0.0,2021-07-09 00:00:00,0.0,0.0,13038.0,0,0.0,1807.751,0.0,1805.178,1803.736,1.0,9.07635714285714,1.0,1.0,0.0,0.0,0.0,1.0,1.0,1.0,0.3333333333333333,B
0.0,1796.594,0.0,4.0,1.0,2021-07-09 04:00:00,1.0,1.0,15225.0,1,0.0,1805.931,0.0,1804.546,1805.192,4.0,9.583428571428565,4.0,1.0,0.0,4.0,0.0,1.0,4.0,1.0,1.3333333333333333,A+
0.0,1798.182,0.0,4.0,1.0,2021-07-09 08:00:00,1.0,1.0,15562.0,1,1.0,1805.644,0.0,1800.192,1804.591,5.0,9.477428571428552,5.0,1.0,0.0,8.0,0.0,1.0,5.0,1.0,1.6666666666666667,A+
0.0,1807.691,0.0,4.0,0.0,2021-07-09 16:00:00,0.0,1.0,11346.0,1,0.0,1812.27,0.0,1807.898,1807.863,2.0,9.705428571428538,2.0,1.0,0.0,16.0,0.0,1.0,2.0,1.0,0.6666666666666666,A
0.0,1807.157,0.0,4.0,0.0,2021-07-09 20:00:00,0.0,0.0,1205.0,1,0.0,1808.863,0.0,1808.222,1807.925,1.0,8.915071428571407,1.0,1.0,0.0,20.0,0.0,1.0,1.0,1.0,0.3333333333333333,B
0.0,1802.241,0.0,0.0,0.0,2021-07-12 00:00:00,0.0,0.0,11342.0,1,0.0,1810.773,0.0,1802.915,1806.452,1.0,8.907142857142828,1.0,1.0,0.0,0.0,0.0,1.0,1.0,1.0,0.3333333333333333,B
0.0,1798.882,0.0,0.0,1.0,2021-07-12 04:00:00,0.0,1.0,11780.0,1,0.0,1806.121,0.0,1803.965,1802.915,3.0,8.815785714285685,3.0,1.0,0.0,4.0,0.0,1.0,3.0,1.0,1.0,A+
0.0,1822.592,0.0,3.0,1.0,2021-07-15 08:00:00,1.0,1.0,14514.0,1,0.0,1832.854,0.0,1825.715,1830.689,4.0,7.794071428571442,4.0,1.0,0.0,8.0,0.0,1.0,4.0,1.0,1.3333333333333333,A+
1.0,1825.645,0.0,4.0,0.0,2021-07-16 00:00:00,0.0,0.0,10282.0,0,0.0,1831.446,0.0,1827.383,1829.45,0.0,6.780642857142864,1.0,1.0,1.0,0.0,8.0,1.0,1.0,1.0,1.0,A+
0.0,1820.618,0.0,4.0,0.0,2021-07-16 04:00:00,0.0,0.0,10982.0,1,0.0,1827.804,0.0,1822.656,1827.403,0.0,7.068285714285723,0.0,1.0,0.0,4.0,0.0,1.0,0.0,1.0,0.0,B
0.0,1815.394,0.0,4.0,1.0,2021-07-16 08:00:00,1.0,0.0,13641.0,0,0.0,1824.62,0.0,1817.815,1822.609,2.0,7.083214285714299,2.0,1.0,0.0,8.0,0.0,1.0,2.0,1.0,0.6666666666666666,A
0.0,1810.01,0.0,4.0,0.0,2021-07-16 20:00:00,0.0,0.0,1446.0,1,0.0,1812.008,0.0,1812.007,1810.34,0.0,7.257785714285741,0.0,1.0,0.0,20.0,0.0,1.0,0.0,1.0,0.0,B
0.0,1810.351,0.0,6.0,0.0,2021-07-18 20:00:00,0.0,0.0,3342.0,1,0.0,1815.844,0.0,1815.7,1811.224,0.0,7.133214285714303,0.0,1.0,0.0,20.0,0.0,1.0,0.0,1.0,0.0,B
0.0,1811.075,0.0,0.0,1.0,2021-07-19 00:00:00,0.0,0.0,11080.0,1,0.0,1817.25,0.0,1812.988,1815.7,1.0,7.356714285714296,1.0,1.0,0.0,0.0,0.0,1.0,1.0,1.0,0.3333333333333333,B
0.0,1802.481,0.0,0.0,1.0,2021-07-19 04:00:00,1.0,1.0,13173.0,1,0.0,1815.282,0.0,1805.847,1813.007,3.0,7.880142857142865,3.0,1.0,0.0,4.0,0.0,1.0,3.0,1.0,1.0,A+
0.0,1805.607,0.0,0.0,1.0,2021-07-19 16:00:00,1.0,1.0,14147.0,1,0.0,1812.06,0.0,1812.047,1808.325,4.0,8.416214285714286,4.0,1.0,0.0,16.0,0.0,1.0,4.0,1.0,1.3333333333333333,A+
0.0,1810.643,0.0,0.0,0.0,2021-07-19 20:00:00,0.0,0.0,3826.0,1,0.0,1813.277,0.0,1811.304,1812.093,1.0,8.212999999999997,1.0,1.0,0.0,20.0,0.0,1.0,1.0,1.0,0.3333333333333333,B
0.0,1811.325,0.0,1.0,0.0,2021-07-20 00:00:00,0.0,0.0,11857.0,0,0.0,1819.045,0.0,1817.171,1811.325,1.0,8.498999999999992,1.0,1.0,0.0,0.0,0.0,1.0,1.0,1.0,0.3333333333333333,B
0.0,1813.363,0.0,1.0,0.0,2021-07-20 04:00:00,1.0,0.0,12507.0,0,0.0,1818.121,0.0,1813.745,1817.171,2.0,8.424499999999998,2.0,1.0,0.0,4.0,0.0,1.0,2.0,1.0,0.6666666666666666,A
0.0,1806.99,0.0,1.0,0.0,2021-07-20 16:00:00,0.0,0.0,11330.0,0,0.0,1811.921,0.0,1809.924,1807.417,1.0,8.3352142857143,1.0,1.0,0.0,16.0,0.0,1.0,1.0,1.0,0.3333333333333333,B
0.0,1805.096,0.0,2.0,0.0,2021-07-21 00:00:00,0.0,0.0,10068.0,0,0.0,1809.771,0.0,1808.648,1809.735,1.0,8.087785714285733,1.0,1.0,0.0,0.0,0.0,1.0,1.0,1.0,0.3333333333333333,B
0.0,1799.921,0.0,2.0,1.0,2021-07-21 08:00:00,1.0,1.0,15230.0,1,1.0,1808.939,0.0,1800.568,1807.272,5.0,8.444785714285754,5.0,1.0,0.0,8.0,0.0,1.0,5.0,1.0,1.6666666666666667,A+
0.0,1801.802,0.0,2.0,1.0,2021-07-21 16:00:00,0.0,1.0,11394.0,0,0.0,1805.277,0.0,1803.536,1804.036,3.0,8.044571428571478,3.0,1.0,0.0,16.0,0.0,1.0,3.0,1.0,1.0,A+
0.0,1802.076,0.0,2.0,0.0,2021-07-21 20:00:00,0.0,0.0,3404.0,0,0.0,1804.338,0.0,1802.54,1803.542,1.0,6.729285714285766,1.0,1.0,0.0,20.0,0.0,1.0,1.0,1.0,0.3333333333333333,B
0.0,1797.243,0.0,3.0,0.0,2021-07-22 00:00:00,0.0,1.0,9114.0,1,1.0,1802.989,0.0,1798.398,1802.492,3.0,6.678785714285774,3.0,1.0,0.0,0.0,0.0,1.0,3.0,1.0,1.0,A+
0.0,1797.179,0.0,3.0,0.0,2021-07-22 04:00:00,0.0,1.0,10986.0,1,1.0,1803.294,0.0,1800.441,1798.398,3.0,6.927428571428631,3.0,1.0,0.0,4.0,0.0,1.0,3.0,1.0,1.0,A+
0.0,1802.194,0.0,4.0,0.0,2021-07-23 00:00:00,0.0,1.0,9335.0,1,0.0,1808.426,0.0,1803.031,1807.077,1.0,6.153357142857154,1.0,1.0,0.0,0.0,0.0,1.0,1.0,1.0,0.3333333333333333,B
0.0,1801.225,0.0,4.0,1.0,2021-07-23 04:00:00,0.0,1.0,11139.0,0,0.0,1810.26,0.0,1809.25,1803.077,2.0,6.656428571428576,2.0,1.0,0.0,4.0,0.0,1.0,2.0,1.0,0.6666666666666666,A
0.0,1825.83,0.0,4.0,0.0,2021-07-30 04:00:00,0.0,0.0,10086.0,0,0.0,1831.257,0.0,1829.19,1828.477,1.0,7.38364285714288,1.0,1.0,0.0,4.0,0.0,1.0,1.0,1.0,0.3333333333333333,B
0.0,1820.793,0.0,4.0,1.0,2021-07-30 12:00:00,1.0,0.0,17311.0,0,0.0,1829.809,0.0,1822.571,1827.545,3.0,7.226357142857166,3.0,1.0,0.0,12.0,0.0,1.0,3.0,1.0,1.0,A+
0.0,1810.141,0.0,4.0,1.0,2021-07-30 16:00:00,0.0,0.0,11818.0,0,0.0,1822.646,0.0,1814.348,1822.525,2.0,7.595428571428589,2.0,1.0,0.0,16.0,0.0,1.0,2.0,1.0,0.6666666666666666,A
0.0,1813.141,0.0,4.0,0.0,2021-07-30 20:00:00,0.0,0.0,1169.0,1,0.0,1814.51,0.0,1813.934,1814.3,1.0,7.142714285714289,1.0,1.0,0.0,20.0,0.0,1.0,1.0,1.0,0.3333333333333333,B
0.0,1812.009,0.0,6.0,0.0,2021-08-01 20:00:00,0.0,0.0,2616.0,1,0.0,1814.955,0.0,1813.79,1814.431,1.0,6.115714285714278,1.0,1.0,0.0,20.0,0.0,1.0,1.0,1.0,0.3333333333333333,B
0.0,1808.346,0.0,0.0,1.0,2021-08-02 00:00:00,1.0,0.0,11851.0,1,0.0,1816.823,0.0,1812.016,1813.796,3.0,6.4620714285714325,3.0,1.0,0.0,0.0,0.0,1.0,3.0,1.0,1.0,A+
0.0,1806.595,0.0,0.0,1.0,2021-08-02 04:00:00,1.0,1.0,11434.0,1,0.0,1813.172,0.0,1808.019,1812.013,4.0,6.298785714285714,4.0,1.0,0.0,4.0,0.0,1.0,4.0,1.0,1.3333333333333333,A+
0.0,1806.311,0.0,0.0,0.0,2021-08-02 08:00:00,0.0,1.0,9853.0,1,0.0,1811.639,0.0,1811.297,1808.014,2.0,6.303642857142855,2.0,1.0,0.0,8.0,0.0,1.0,2.0,1.0,0.6666666666666666,A
0.0,1809.371,0.0,1.0,0.0,2021-08-03 00:00:00,0.0,0.0,8960.0,1,0.0,1813.844,0.0,1810.779,1812.492,1.0,5.919428571428544,1.0,1.0,0.0,0.0,0.0,1.0,1.0,1.0,0.3333333333333333,B
0.0,1808.137,0.0,1.0,1.0,2021-08-03 04:00:00,0.0,0.0,9930.0,1,0.0,1812.424,0.0,1809.627,1810.777,2.0,5.95814285714284,2.0,1.0,0.0,4.0,0.0,1.0,2.0,1.0,0.6666666666666666,A
0.0,1808.68,0.0,1.0,0.0,2021-08-03 16:00:00,0.0,0.0,7165.0,0,0.0,1811.518,0.0,1811.151,1809.244,1.0,5.713142857142819,1.0,1.0,0.0,16.0,0.0,1.0,1.0,1.0,0.3333333333333333,B
0.0,1809.99,0.0,1.0,0.0,2021-08-03 20:00:00,0.0,1.0,1858.0,1,0.0,1811.138,0.0,1811.071,1811.105,2.0,4.902857142857117,2.0,1.0,0.0,20.0,0.0,1.0,2.0,1.0,0.6666666666666666,A
0.0,1811.951,0.0,2.0,1.0,2021-08-04 04:00:00,0.0,1.0,8276.0,1,0.0,1815.138,0.0,1814.518,1813.128,2.0,5.244142857142833,2.0,1.0,0.0,4.0,0.0,1.0,2.0,1.0,0.6666666666666666,A
0.0,1810.675,0.0,2.0,1.0,2021-08-04 08:00:00,0.0,0.0,9138.0,0,0.0,1819.057,0.0,1817.767,1814.502,1.0,5.237357142857117,1.0,1.0,0.0,8.0,0.0,1.0,1.0,1.0,0.3333333333333333,B
0.0,1810.073,0.0,2.0,1.0,2021-08-04 16:00:00,0.0,0.0,9572.0,0,0.0,1813.017,0.0,1811.922,1811.143,2.0,6.40792857142854,2.0,1.0,0.0,16.0,0.0,1.0,2.0,1.0,0.6666666666666666,A
0.0,1810.854,0.0,2.0,0.0,2021-08-04 20:00:00,0.0,1.0,2696.0,0,0.0,1812.405,0.0,1811.616,1811.873,2.0,5.743999999999963,2.0,1.0,0.0,20.0,0.0,1.0,2.0,1.0,0.6666666666666666,A
0.0,1808.989,0.0,3.0,1.0,2021-08-05 00:00:00,0.0,0.0,8347.0,1,0.0,1811.87,0.0,1811.01,1811.614,2.0,5.459142857142816,2.0,1.0,0.0,0.0,0.0,1.0,2.0,1.0,0.6666666666666666,A
0.0,1808.258,0.0,3.0,1.0,2021-08-05 08:00:00,1.0,0.0,11062.0,0,0.0,1814.766,0.0,1813.068,1813.609,3.0,5.906357142857116,3.0,1.0,0.0,8.0,0.0,1.0,3.0,1.0,1.0,A+
0.0,1797.515,0.0,3.0,1.0,2021-08-05 12:00:00,1.0,0.0,21106.0,1,0.0,1813.684,0.0,1804.164,1813.022,3.0,6.75507142857139,3.0,1.0,0.0,12.0,0.0,1.0,3.0,1.0,1.0,A+
0.0,1803.248,0.0,3.0,0.0,2021-08-05 16:00:00,0.0,0.0,8715.0,0,0.0,1808.154,0.0,1804.332,1804.171,1.0,6.847357142857098,1.0,1.0,0.0,16.0,0.0,1.0,1.0,1.0,0.3333333333333333,B
0.0,1799.232,0.0,4.0,0.0,2021-08-06 00:00:00,0.0,1.0,7921.0,0,1.0,1803.601,0.0,1801.027,1803.351,2.0,6.496071428571391,2.0,1.0,0.0,0.0,0.0,1.0,2.0,1.0,0.6666666666666666,A
0.0,1796.816,0.0,4.0,1.0,2021-08-06 04:00:00,0.0,1.0,8948.0,0,1.0,1801.93,0.0,1800.003,1800.981,3.0,6.778428571428533,3.0,1.0,0.0,4.0,0.0,1.0,3.0,1.0,1.0,A+
0.0,1794.509,0.0,4.0,1.0,2021-08-06 08:00:00,0.0,1.0,9824.0,1,1.0,1800.644,0.0,1799.592,1799.999,3.0,6.794785714285679,3.0,1.0,0.0,8.0,0.0,1.0,3.0,1.0,1.0,A+
0.0,1758.355,0.0,4.0,1.0,2021-08-06 12:00:00,1.0,1.0,44015.0,0,0.0,1801.357,0.0,1761.934,1799.612,3.0,9.638714285714254,3.0,0.0,0.0,12.0,0.0,1.0,3.0,1.0,1.0,A+
0.0,1801.119,0.0,1.0,0.0,2021-08-24 20:00:00,0.0,0.0,2465.0,0,1.0,1803.886,0.0,1801.705,1803.061,2.0,5.8707857142857325,2.0,0.0,0.0,20.0,0.0,0.0,2.0,0.0,0.6666666666666666,A
0.0,1793.427,0.0,2.0,1.0,2021-08-25 00:00:00,1.0,0.0,10282.0,1,0.0,1802.593,0.0,1794.795,1801.715,3.0,6.371428571428591,3.0,0.0,0.0,0.0,0.0,0.0,3.0,0.0,1.0,A+
0.0,1782.356,0.0,2.0,1.0,2021-08-25 12:00:00,1.0,1.0,23529.0,1,0.0,1797.666,0.0,1789.045,1794.157,4.0,6.776285714285693,4.0,0.0,0.0,12.0,0.0,0.0,4.0,0.0,1.3333333333333333,A+
0.0,1788.268,0.0,2.0,1.0,2021-08-25 16:00:00,0.0,1.0,9660.0,0,0.0,1792.875,0.0,1790.779,1789.105,3.0,6.507428571428542,3.0,0.0,0.0,16.0,0.0,0.0,3.0,0.0,1.0,A+
0.0,1789.776,0.0,2.0,0.0,2021-08-25 20:00:00,0.0,1.0,2250.0,0,0.0,1791.52,0.0,1791.52,1790.734,2.0,5.457928571428544,2.0,1.0,0.0,20.0,0.0,0.0,2.0,0.0,0.6666666666666666,A
0.0,1783.624,0.0,3.0,1.0,2021-08-26 04:00:00,1.0,1.0,10223.0,1,0.0,1788.234,0.0,1786.927,1787.839,4.0,5.732785714285667,4.0,1.0,0.0,4.0,0.0,0.0,4.0,0.0,1.3333333333333333,A+
0.0,1792.865,0.0,4.0,0.0,2021-08-27 00:00:00,0.0,0.0,9585.0,1,1.0,1799.16,0.0,1798.022,1793.4,2.0,6.603642857142859,2.0,0.0,0.0,0.0,0.0,1.0,2.0,1.0,0.6666666666666666,A
0.0,1797.611,0.0,4.0,1.0,2021-08-27 04:00:00,0.0,0.0,10181.0,0,1.0,1805.006,0.0,1801.521,1798.067,3.0,6.934214285714282,3.0,0.0,0.0,4.0,0.0,1.0,3.0,1.0,1.0,A+
0.0,1792.439,0.0,4.0,0.0,2021-08-27 08:00:00,0.0,0.0,9885.0,1,0.0,1801.63,0.0,1796.552,1801.506,1.0,6.935999999999987,1.0,0.0,0.0,8.0,0.0,1.0,1.0,1.0,0.3333333333333333,B
1.0,1816.76,0.0,4.0,0.0,2021-08-27 20:00:00,0.0,0.0,1310.0,1,0.0,1819.008,1.0,1816.778,1818.976,0.0,7.691642857142873,1.0,0.0,1.0,20.0,0.0,1.0,1.0,1.0,1.0,A+
1.0,1817.133,0.0,6.0,0.0,2021-08-29 20:00:00,0.0,0.0,2766.0,0,0.0,1819.111,1.0,1818.39,1817.936,0.0,7.52921428571431,1.0,0.0,1.0,20.0,0.0,1.0,1.0,1.0,1.0,A+
0.0,1813.688,0.0,0.0,0.0,2021-08-30 08:00:00,0.0,0.0,8002.0,0,0.0,1817.745,0.0,1817.098,1815.008,1.0,8.119857142857184,1.0,0.0,0.0,8.0,0.0,1.0,1.0,1.0,0.3333333333333333,B
0.0,1807.65,0.0,0.0,0.0,2021-08-30 16:00:00,0.0,0.0,7328.0,1,0.0,1811.199,0.0,1810.525,1810.1,1.0,7.190428571428599,1.0,0.0,0.0,16.0,0.0,1.0,1.0,1.0,0.3333333333333333,B
0.0,1811.878,0.0,1.0,1.0,2021-08-31 08:00:00,1.0,0.0,10567.0,1,0.0,1816.907,0.0,1812.636,1815.273,3.0,7.006000000000037,3.0,0.0,0.0,8.0,0.0,1.0,3.0,1.0,1.0,A+
0.0,1807.443,0.0,1.0,1.0,2021-08-31 16:00:00,1.0,0.0,10957.0,1,0.0,1816.327,0.0,1814.71,1807.827,3.0,5.936000000000036,3.0,0.0,0.0,16.0,0.0,1.0,3.0,1.0,1.0,A+
0.0,1811.032,0.0,2.0,1.0,2021-09-01 04:00:00,0.0,0.0,10345.0,1,0.0,1816.886,0.0,1811.289,1815.174,2.0,6.0812142857143145,2.0,0.0,0.0,4.0,0.0,1.0,2.0,1.0,0.6666666666666666,A
0.0,1809.25,0.0,2.0,0.0,2021-09-01 08:00:00,0.0,0.0,9445.0,1,0.0,1814.422,0.0,1812.892,1811.24,1.0,5.746500000000034,1.0,0.0,0.0,8.0,0.0,1.0,1.0,1.0,0.3333333333333333,B
0.0,1811.888,0.0,2.0,0.0,2021-09-01 16:00:00,0.0,0.0,8105.0,0,0.0,1816.404,0.0,1814.663,1815.278,1.0,6.204000000000049,1.0,0.0,0.0,16.0,0.0,1.0,1.0,1.0,0.3333333333333333,B
0.0,1812.75,0.0,2.0,0.0,2021-09-01 20:00:00,0.0,0.0,2101.0,1,0.0,1814.708,0.0,1813.02,1814.708,1.0,5.723285714285761,1.0,0.0,0.0,20.0,0.0,1.0,1.0,1.0,0.3333333333333333,B
0.0,1811.079,0.0,3.0,0.0,2021-09-02 00:00:00,0.0,0.0,8037.0,1,0.0,1815.983,0.0,1811.105,1813.018,1.0,5.8200714285714765,1.0,0.0,0.0,0.0,0.0,1.0,1.0,1.0,0.3333333333333333,B
0.0,1813.061,0.0,3.0,1.0,2021-09-02 08:00:00,0.0,0.0,8082.0,0,0.0,1817.008,0.0,1815.43,1814.664,2.0,5.875071428571475,2.0,0.0,0.0,8.0,0.0,1.0,2.0,1.0,0.6666666666666666,A
0.0,1806.926,0.0,3.0,0.0,2021-09-02 16:00:00,0.0,0.0,8008.0,1,0.0,1810.963,0.0,1809.729,1808.863,1.0,6.295500000000045,1.0,1.0,0.0,16.0,0.0,1.0,1.0,1.0,0.3333333333333333,B
0.0,1808.956,0.0,3.0,0.0,2021-09-02 20:00:00,0.0,0.0,1913.0,1,0.0,1810.179,0.0,1809.364,1809.715,1.0,5.369142857142914,1.0,1.0,0.0,20.0,0.0,1.0,1.0,1.0,0.3333333333333333,B
0.0,1810.592,0.0,4.0,0.0,2021-09-03 04:00:00,0.0,0.0,7523.0,1,0.0,1814.344,0.0,1811.127,1812.538,1.0,5.28678571428577,1.0,1.0,0.0,4.0,0.0,1.0,1.0,1.0,0.3333333333333333,B
0.0,1827.186,0.0,4.0,0.0,2021-09-03 20:00:00,0.0,0.0,1117.0,0,0.0,1828.834,0.0,1827.573,1828.452,1.0,5.559357142857185,1.0,0.0,0.0,20.0,0.0,1.0,1.0,1.0,0.3333333333333333,B
0.0,1825.085,0.0,0.0,1.0,2021-09-06 00:00:00,0.0,0.0,8755.0,1,0.0,1828.416,0.0,1825.747,1827.545,2.0,5.530000000000022,2.0,0.0,0.0,0.0,0.0,1.0,2.0,1.0,0.6666666666666666,A
0.0,1825.427,0.0,0.0,0.0,2021-09-06 04:00:00,0.0,1.0,7199.0,0,0.0,1828.205,0.0,1825.947,1825.749,2.0,5.378142857142881,2.0,0.0,0.0,4.0,0.0,1.0,2.0,1.0,0.6666666666666666,A
0.0,1821.315,0.0,0.0,1.0,2021-09-06 12:00:00,0.0,0.0,7811.0,1,0.0,1824.105,0.0,1821.889,1823.809,2.0,5.26421428571429,2.0,1.0,0.0,12.0,0.0,1.0,2.0,1.0,0.6666666666666666,A
0.0,1821.842,0.0,0.0,0.0,2021-09-06 16:00:00,0.0,0.0,1121.0,0,0.0,1823.49,0.0,1823.089,1821.842,1.0,4.551571428571427,1.0,1.0,0.0,16.0,0.0,1.0,1.0,1.0,0.3333333333333333,B
0.0,1821.892,0.0,0.0,0.0,2021-09-06 20:00:00,0.0,0.0,1735.0,1,0.0,1824.069,0.0,1823.518,1823.809,1.0,4.418714285714275,1.0,1.0,0.0,20.0,0.0,1.0,1.0,1.0,0.3333333333333333,B
0.0,1822.572,0.0,1.0,1.0,2021-09-07 00:00:00,0.0,0.0,7953.0,0,0.0,1827.179,0.0,1823.066,1823.52,2.0,4.660428571428562,2.0,1.0,0.0,0.0,0.0,1.0,2.0,1.0,0.6666666666666666,A
0.0,1815.514,0.0,1.0,1.0,2021-09-07 04:00:00,1.0,0.0,10700.0,0,0.0,1823.204,0.0,1817.571,1823.069,3.0,4.789714285714273,3.0,1.0,0.0,4.0,0.0,1.0,3.0,1.0,1.0,A+
0.0,1808.264,0.0,1.0,1.0,2021-09-07 08:00:00,1.0,0.0,12341.0,1,0.0,1817.596,0.0,1810.888,1817.545,3.0,5.188285714285712,3.0,1.0,0.0,8.0,0.0,1.0,3.0,1.0,1.0,A+
0.0,1792.28,0.0,1.0,1.0,2021-09-07 12:00:00,1.0,1.0,21967.0,0,0.0,1814.943,0.0,1797.234,1810.841,3.0,6.501714285714294,3.0,1.0,0.0,12.0,0.0,1.0,3.0,1.0,1.0,A+
0.0,1793.235,0.0,1.0,0.0,2021-09-07 20:00:00,0.0,1.0,3103.0,1,0.0,1795.721,0.0,1795.591,1793.474,1.0,5.27250000000002,1.0,1.0,0.0,20.0,0.0,1.0,1.0,1.0,0.3333333333333333,B
0.0,1795.36,0.0,2.0,0.0,2021-09-08 00:00:00,1.0,1.0,9155.0,0,1.0,1800.927,0.0,1798.031,1795.589,3.0,5.552428571428583,3.0,1.0,0.0,0.0,0.0,1.0,3.0,1.0,1.0,A+
0.0,1759.427,0.0,1.0,0.0,2021-10-05 00:00:00,0.0,0.0,10915.0,0,0.0,1768.32,0.0,1759.934,1768.042,1.0,7.822500000000024,1.0,1.0,0.0,0.0,0.0,0.0,1.0,0.0,0.3333333333333333,B
0.0,1754.953,0.0,1.0,1.0,2021-10-05 04:00:00,1.0,0.0,15543.0,0,0.0,1760.917,0.0,1759.215,1759.943,3.0,7.801428571428589,3.0,1.0,0.0,4.0,0.0,0.0,3.0,0.0,1.0,A+
0.0,1753.523,0.0,1.0,0.0,2021-10-05 08:00:00,0.0,0.0,13110.0,1,0.0,1760.119,0.0,1757.019,1759.221,1.0,7.818428571428577,1.0,1.0,0.0,8.0,0.0,0.0,1.0,0.0,0.3333333333333333,B
0.0,1757.989,0.0,1.0,0.0,2021-10-05 16:00:00,0.0,0.0,10686.0,0,0.0,1762.981,0.0,1760.175,1760.809,1.0,7.669142857142853,1.0,1.0,0.0,16.0,0.0,0.0,1.0,0.0,0.3333333333333333,B
0.0,1759.008,0.0,1.0,0.0,2021-10-05 20:00:00,0.0,0.0,2687.0,0,0.0,1760.375,0.0,1759.287,1760.144,1.0,7.370999999999997,1.0,1.0,0.0,20.0,0.0,0.0,1.0,0.0,0.3333333333333333,B
0.0,1754.156,0.0,2.0,0.0,2021-10-06 00:00:00,0.0,0.0,10420.0,1,0.0,1759.354,0.0,1755.572,1759.285,1.0,7.628928571428576,1.0,1.0,0.0,0.0,0.0,0.0,1.0,0.0,0.3333333333333333,B
0.0,1756.529,0.0,4.0,1.0,2021-10-08 16:00:00,0.0,0.0,12290.0,0,0.0,1760.16,0.0,1756.957,1758.577,2.0,8.157714285714324,2.0,1.0,0.0,16.0,0.0,0.0,2.0,0.0,0.6666666666666666,A
0.0,1753.416,0.0,0.0,1.0,2021-10-11 04:00:00,0.0,0.0,12458.0,0,0.0,1757.721,0.0,1757.178,1755.427,2.0,7.811214285714333,2.0,1.0,0.0,4.0,0.0,0.0,2.0,0.0,0.6666666666666666,A
0.0,1752.285,0.0,0.0,0.0,2021-10-11 08:00:00,0.0,0.0,10866.0,1,0.0,1757.174,0.0,1754.846,1757.171,1.0,7.383428571428616,1.0,1.0,0.0,8.0,0.0,0.0,1.0,0.0,0.3333333333333333,B
0.0,1753.261,0.0,0.0,0.0,2021-10-11 16:00:00,0.0,0.0,9464.0,1,0.0,1757.697,0.0,1753.309,1757.444,1.0,7.047142857142895,1.0,1.0,0.0,16.0,0.0,0.0,1.0,0.0,0.3333333333333333,B
0.0,1750.71,0.0,1.0,1.0,2021-10-12 00:00:00,1.0,0.0,13289.0,1,0.0,1758.959,0.0,1758.278,1753.334,3.0,7.140642857142877,3.0,1.0,0.0,0.0,0.0,0.0,3.0,0.0,1.0,A+
0.0,1757.914,0.0,1.0,0.0,2021-10-12 16:00:00,0.0,0.0,12215.0,0,0.0,1761.87,0.0,1761.303,1760.777,1.0,6.188285714285712,1.0,1.0,0.0,16.0,0.0,0.0,1.0,0.0,0.3333333333333333,B
0.0,1759.781,0.0,1.0,0.0,2021-10-12 20:00:00,0.0,0.0,3047.0,1,0.0,1761.397,0.0,1760.362,1761.272,1.0,6.044357142857133,1.0,1.0,0.0,20.0,0.0,0.0,1.0,0.0,0.3333333333333333,B
0.0,1760.711,0.0,2.0,0.0,2021-10-13 04:00:00,0.0,0.0,11103.0,1,0.0,1765.698,0.0,1765.022,1762.019,1.0,6.060642857142852,1.0,1.0,0.0,4.0,0.0,0.0,1.0,0.0,0.3333333333333333,B
0.0,1764.994,0.0,2.0,1.0,2021-10-13 08:00:00,0.0,0.0,12659.0,1,0.0,1774.35,0.0,1773.505,1765.023,2.0,6.2217857142857,2.0,0.0,0.0,8.0,0.0,0.0,2.0,0.0,0.6666666666666666,A
0.0,1790.605,0.0,2.0,1.0,2021-10-13 16:00:00,0.0,0.0,12928.0,1,0.0,1795.476,0.0,1791.845,1794.429,1.0,8.637214285714274,1.0,0.0,0.0,16.0,0.0,0.0,1.0,0.0,0.3333333333333333,B
0.0,1791.595,0.0,2.0,0.0,2021-10-13 20:00:00,0.0,0.0,3667.0,1,0.0,1793.588,0.0,1791.652,1791.892,0.0,8.065142857142828,0.0,0.0,0.0,20.0,0.0,0.0,0.0,0.0,0.0,B
0.0,1786.647,0.0,3.0,0.0,2021-10-14 00:00:00,0.0,0.0,9646.0,1,0.0,1793.578,0.0,1788.54,1791.698,0.0,8.243357142857121,0.0,0.0,0.0,0.0,0.0,0.0,0.0,0.0,0.0,B
0.0,1795.809,0.0,3.0,0.0,2021-10-14 16:00:00,0.0,0.0,8327.0,0,0.0,1799.078,0.0,1796.505,1798.15,1.0,8.089999999999984,1.0,0.0,0.0,16.0,0.0,0.0,1.0,0.0,0.3333333333333333,B
0.0,1794.735,0.0,3.0,0.0,2021-10-14 20:00:00,0.0,0.0,2824.0,1,0.0,1797.134,0.0,1795.329,1796.51,1.0,7.164071428571431,1.0,0.0,0.0,20.0,0.0,0.0,1.0,0.0,0.3333333333333333,B
0.0,1793.78,0.0,4.0,0.0,2021-10-15 00:00:00,0.0,0.0,8487.0,0,0.0,1796.369,0.0,1794.996,1795.327,0.0,7.066428571428576,0.0,0.0,0.0,0.0,0.0,0.0,0.0,0.0,0.0,B
0.0,1785.386,0.0,4.0,1.0,2021-10-15 04:00:00,0.0,0.0,10018.0,1,0.0,1795.258,0.0,1786.653,1795.0,1.0,7.656142857142868,1.0,1.0,0.0,4.0,0.0,0.0,1.0,0.0,0.3333333333333333,B
0.0,1777.208,0.0,4.0,1.0,2021-10-15 08:00:00,1.0,0.0,14201.0,0,0.0,1789.863,0.0,1778.304,1786.71,2.0,8.315357142857156,2.0,1.0,0.0,8.0,0.0,0.0,2.0,0.0,0.6666666666666666,A
0.0,1764.652,0.0,4.0,1.0,2021-10-15 12:00:00,1.0,0.0,34745.0,0,0.0,1778.976,0.0,1768.396,1778.271,2.0,8.982285714285727,2.0,1.0,0.0,12.0,0.0,0.0,2.0,0.0,0.6666666666666666,A
0.0,1766.684,0.0,4.0,0.0,2021-10-15 20:00:00,0.0,0.0,1346.0,1,0.0,1768.488,0.0,1767.427,1768.298,0.0,5.917357142857164,0.0,1.0,0.0,20.0,0.0,0.0,0.0,0.0,0.0,B
1.0,1764.565,0.0,6.0,0.0,2021-10-17 20:00:00,0.0,0.0,4852.0,1,0.0,1772.013,0.0,1770.952,1766.961,0.0,6.101428571428577,1.0,1.0,1.0,20.0,1.0,0.0,1.0,0.0,1.0,A+
0.0,1767.304,0.0,0.0,1.0,2021-10-18 00:00:00,1.0,0.0,12739.0,1,0.0,1772.007,0.0,1767.699,1770.983,2.0,6.295000000000008,2.0,1.0,0.0,0.0,0.0,0.0,2.0,0.0,0.6666666666666666,A
0.0,1761.689,0.0,0.0,1.0,2021-10-18 04:00:00,1.0,0.0,15217.0,1,0.0,1769.449,0.0,1764.371,1767.698,2.0,6.35421428571429,2.0,1.0,0.0,4.0,0.0,0.0,2.0,0.0,0.6666666666666666,A
0.0,1761.518,0.0,0.0,1.0,2021-10-18 12:00:00,1.0,0.0,33351.0,0,0.0,1771.125,0.0,1767.78,1763.097,3.0,6.546,3.0,1.0,0.0,12.0,0.0,0.0,3.0,0.0,1.0,A+
0.0,1763.881,0.0,0.0,0.0,2021-10-18 16:00:00,0.0,0.0,9987.0,1,0.0,1767.844,0.0,1764.102,1767.811,1.0,6.407714285714292,1.0,1.0,0.0,16.0,0.0,0.0,1.0,0.0,0.3333333333333333,B
0.0,1773.696,0.0,1.0,1.0,2021-10-19 04:00:00,1.0,0.0,13570.0,1,0.0,1782.768,0.0,1781.418,1774.746,3.0,7.447857142857158,3.0,1.0,0.0,4.0,0.0,0.0,3.0,0.0,1.0,A+
0.0,1775.872,0.0,1.0,1.0,2021-10-19 08:00:00,1.0,0.0,13936.0,1,0.0,1782.893,0.0,1780.484,1781.388,3.0,7.244214285714293,3.0,1.0,0.0,8.0,0.0,0.0,3.0,0.0,1.0,A+
0.0,1769.339,0.0,1.0,1.0,2021-10-19 12:00:00,1.0,0.0,31162.0,0,0.0,1785.062,0.0,1771.089,1780.454,3.0,7.463357142857149,3.0,1.0,0.0,12.0,0.0,0.0,3.0,0.0,1.0,A+
0.0,1767.101,0.0,1.0,1.0,2021-10-19 16:00:00,0.0,0.0,11996.0,0,0.0,1771.444,0.0,1770.119,1771.119,1.0,6.750428571428562,1.0,1.0,0.0,16.0,0.0,0.0,1.0,0.0,0.3333333333333333,B
0.0,1768.171,0.0,1.0,0.0,2021-10-19 20:00:00,0.0,0.0,3437.0,1,0.0,1770.128,0.0,1768.661,1770.128,0.0,6.691214285714263,0.0,1.0,0.0,20.0,0.0,0.0,0.0,0.0,0.0,B
0.0,1773.287,0.0,2.0,1.0,2021-10-20 04:00:00,0.0,0.0,13002.0,1,0.0,1777.986,0.0,1776.636,1774.081,1.0,6.918142857142844,1.0,1.0,0.0,4.0,0.0,0.0,1.0,0.0,0.3333333333333333,B
0.0,1776.457,0.0,2.0,0.0,2021-10-20 08:00:00,0.0,0.0,11591.0,1,0.0,1781.744,0.0,1779.546,1776.638,0.0,6.959857142857118,0.0,1.0,0.0,8.0,0.0,0.0,0.0,0.0,0.0,B
0.0,1774.613,0.0,2.0,1.0,2021-10-20 12:00:00,1.0,0.0,26717.0,1,0.0,1788.368,0.0,1783.514,1779.56,2.0,7.388071428571395,2.0,1.0,0.0,12.0,0.0,1.0,2.0,1.0,0.6666666666666666,A
0.0,1782.966,0.0,2.0,1.0,2021-10-20 16:00:00,0.0,0.0,13174.0,0,0.0,1787.438,0.0,1785.304,1783.508,1.0,7.241142857142839,1.0,1.0,0.0,16.0,0.0,1.0,1.0,1.0,0.3333333333333333,B
0.0,1780.76,0.0,2.0,0.0,2021-10-20 20:00:00,0.0,0.0,4212.0,1,0.0,1785.812,0.0,1781.408,1785.274,0.0,6.915785714285692,0.0,1.0,0.0,20.0,0.0,1.0,0.0,1.0,0.0,B
0.0,1780.836,0.0,3.0,1.0,2021-10-21 04:00:00,1.0,0.0,15393.0,1,0.0,1787.537,0.0,1782.556,1786.351,2.0,7.546571428571416,2.0,1.0,0.0,4.0,0.0,1.0,2.0,1.0,0.6666666666666666,A
0.0,1777.471,0.0,3.0,1.0,2021-10-21 08:00:00,0.0,0.0,14100.0,1,0.0,1787.859,0.0,1778.285,1782.588,1.0,7.454357142857118,1.0,1.0,0.0,8.0,0.0,1.0,1.0,1.0,0.3333333333333333,B
0.0,1776.245,0.0,3.0,1.0,2021-10-21 12:00:00,1.0,0.0,28664.0,1,0.0,1785.991,0.0,1782.481,1778.318,2.0,7.502499999999974,2.0,1.0,0.0,12.0,0.0,1.0,2.0,1.0,0.6666666666666666,A
1.0,1778.357,0.0,3.0,0.0,2021-10-21 16:00:00,0.0,0.0,11531.0,1,0.0,1784.748,0.0,1783.911,1782.514,0.0,7.457499999999982,1.0,1.0,1.0,16.0,3.0,1.0,1.0,1.0,1.0,A+
0.0,1781.979,0.0,3.0,0.0,2021-10-21 20:00:00,0.0,0.0,3779.0,1,0.0,1786.094,0.0,1784.594,1783.945,0.0,6.628357142857128,0.0,1.0,0.0,20.0,0.0,1.0,0.0,1.0,0.0,B
1.0,1783.51,0.0,4.0,0.0,2021-10-22 00:00:00,0.0,0.0,12445.0,1,0.0,1788.048,1.0,1787.058,1784.561,0.0,6.642285714285712,1.0,1.0,1.0,0.0,0.0,1.0,1.0,1.0,1.0,A+
1.0,1790.413,0.0,4.0,0.0,2021-10-22 08:00:00,0.0,0.0,10893.0,1,0.0,1794.96,1.0,1792.337,1793.079,0.0,6.869857142857151,1.0,1.0,1.0,8.0,0.0,1.0,1.0,1.0,1.0,A+
0.0,1791.931,0.0,4.0,0.0,2021-10-22 20:00:00,0.0,0.0,1241.0,1,0.0,1794.262,0.0,1792.853,1794.119,0.0,8.560285714285717,0.0,1.0,0.0,20.0,0.0,1.0,0.0,1.0,0.0,B
0.0,1792.182,0.0,0.0,1.0,2021-10-25 00:00:00,1.0,1.0,13262.0,1,1.0,1799.011,0.0,1798.394,1794.347,4.0,8.509428571428575,4.0,1.0,0.0,0.0,0.0,1.0,4.0,1.0,1.3333333333333333,A+
0.0,1798.385,0.0,0.0,0.0,2021-10-25 08:00:00,0.0,1.0,11064.0,1,1.0,1803.578,0.0,1801.667,1798.974,2.0,8.177357142857138,2.0,0.0,0.0,8.0,0.0,1.0,2.0,1.0,0.6666666666666666,A
0.0,1800.401,0.0,0.0,1.0,2021-10-25 12:00:00,1.0,0.0,18736.0,0,0.0,1809.717,0.0,1808.053,1801.675,2.0,8.100785714285719,2.0,0.0,0.0,12.0,0.0,1.0,2.0,1.0,0.6666666666666666,A
0.0,1805.006,0.0,0.0,0.0,2021-10-25 16:00:00,0.0,1.0,8001.0,1,0.0,1808.605,0.0,1806.704,1808.032,1.0,7.661714285714278,1.0,0.0,0.0,16.0,0.0,1.0,1.0,1.0,0.3333333333333333,B
0.0,1806.309,0.0,0.0,0.0,2021-10-25 20:00:00,0.0,0.0,2487.0,0,0.0,1808.217,0.0,1807.792,1806.653,0.0,7.341499999999996,0.0,0.0,0.0,20.0,0.0,1.0,0.0,1.0,0.0,B
0.0,1799.797,0.0,1.0,1.0,2021-10-26 04:00:00,0.0,1.0,10197.0,1,1.0,1806.463,0.0,1800.338,1803.147,3.0,7.572214285714267,3.0,1.0,0.0,4.0,0.0,1.0,3.0,1.0,1.0,A+
0.0,1799.723,0.0,1.0,1.0,2021-10-26 08:00:00,0.0,1.0,10744.0,0,0.0,1804.345,0.0,1802.926,1800.29,2.0,7.307642857142842,2.0,1.0,0.0,8.0,0.0,1.0,2.0,1.0,0.6666666666666666,A
0.0,1789.82,0.0,1.0,1.0,2021-10-26 16:00:00,0.0,1.0,11057.0,0,0.0,1795.029,0.0,1793.388,1789.827,3.0,6.740928571428559,3.0,1.0,0.0,16.0,0.0,1.0,3.0,1.0,1.0,A+
0.0,1785.4,0.0,2.0,1.0,2021-10-27 04:00:00,1.0,1.0,12624.0,1,0.0,1791.575,0.0,1787.508,1789.086,4.0,6.5576428571428425,4.0,1.0,0.0,4.0,0.0,1.0,4.0,1.0,1.3333333333333333,A+
0.0,1784.712,0.0,2.0,1.0,2021-10-27 12:00:00,1.0,0.0,33666.0,1,0.0,1797.929,0.0,1794.46,1791.188,3.0,7.261642857142858,3.0,1.0,0.0,12.0,0.0,1.0,3.0,1.0,1.0,A+
0.0,1793.87,0.0,2.0,1.0,2021-10-27 16:00:00,1.0,0.0,14499.0,0,1.0,1799.027,0.0,1798.269,1794.429,4.0,7.259071428571441,4.0,1.0,0.0,16.0,0.0,1.0,4.0,1.0,1.3333333333333333,A+
0.0,1795.987,0.0,2.0,0.0,2021-10-27 20:00:00,0.0,0.0,3965.0,1,0.0,1798.333,0.0,1796.583,1798.237,0.0,6.7612142857142965,0.0,1.0,0.0,20.0,0.0,1.0,0.0,1.0,0.0,B
0.0,1798.477,0.0,3.0,1.0,2021-10-28 04:00:00,1.0,0.0,13733.0,1,1.0,1803.898,0.0,1801.943,1798.763,3.0,7.400571428571425,3.0,1.0,0.0,4.0,0.0,1.0,3.0,1.0,1.0,A+
0.0,1795.714,0.0,3.0,1.0,2021-10-28 08:00:00,1.0,0.0,14199.0,1,1.0,1803.503,0.0,1801.896,1801.948,3.0,7.584285714285719,3.0,1.0,0.0,8.0,0.0,1.0,3.0,1.0,1.0,A+
0.0,1797.876,0.0,3.0,0.0,2021-10-28 16:00:00,0.0,0.0,13515.0,1,1.0,1803.336,0.0,1798.174,1801.004,2.0,8.48185714285715,2.0,1.0,0.0,16.0,0.0,1.0,2.0,1.0,0.6666666666666666,A
0.0,1797.631,0.0,3.0,0.0,2021-10-28 20:00:00,0.0,0.0,5754.0,0,1.0,1801.143,0.0,1799.575,1798.189,2.0,7.13492857142858,2.0,1.0,0.0,20.0,0.0,1.0,2.0,1.0,0.6666666666666666,A
0.0,1792.975,0.0,4.0,1.0,2021-10-29 04:00:00,0.0,0.0,14764.0,1,0.0,1797.972,0.0,1795.529,1796.948,2.0,7.294071428571426,2.0,1.0,0.0,4.0,0.0,1.0,2.0,1.0,0.6666666666666666,A
0.0,1790.879,0.0,4.0,1.0,2021-10-29 08:00:00,0.0,0.0,14708.0,0,0.0,1799.012,0.0,1793.047,1795.523,2.0,7.354857142857148,2.0,1.0,0.0,8.0,0.0,1.0,2.0,1.0,0.6666666666666666,A
0.0,1841.288,0.0,2.0,1.0,2021-11-10 16:00:00,1.0,0.0,27008.0,1,0.0,1858.614,0.0,1847.049,1851.452,2.0,10.044071428571426,2.0,0.0,0.0,16.0,0.0,1.0,2.0,1.0,0.6666666666666666,A
0.0,1845.301,0.0,2.0,0.0,2021-11-10 20:00:00,0.0,0.0,7391.0,1,1.0,1852.739,0.0,1848.511,1847.015,1.0,9.844500000000007,1.0,0.0,0.0,20.0,0.0,1.0,1.0,1.0,0.3333333333333333,B
0.0,1842.86,0.0,3.0,1.0,2021-11-11 00:00:00,0.0,0.0,14263.0,1,1.0,1853.608,0.0,1849.928,1848.493,2.0,10.1127142857143,2.0,0.0,0.0,0.0,0.0,1.0,2.0,1.0,0.6666666666666666,A
0.0,1847.039,0.0,3.0,1.0,2021-11-11 04:00:00,0.0,0.0,13691.0,1,0.0,1857.094,0.0,1856.896,1849.936,1.0,10.643357142857164,1.0,0.0,0.0,4.0,0.0,1.0,1.0,1.0,0.3333333333333333,B
0.0,1855.172,0.0,3.0,0.0,2021-11-11 08:00:00,0.0,0.0,13244.0,1,0.0,1865.524,0.0,1863.78,1856.93,0.0,11.009285714285722,0.0,0.0,0.0,8.0,0.0,1.0,0.0,1.0,0.0,B
0.0,1854.687,0.0,3.0,1.0,2021-11-11 12:00:00,1.0,0.0,25835.0,1,0.0,1865.739,0.0,1861.604,1863.793,2.0,11.228714285714302,2.0,0.0,0.0,12.0,0.0,1.0,2.0,1.0,0.6666666666666666,A
1.0,1859.703,0.0,3.0,0.0,2021-11-11 16:00:00,0.0,0.0,10157.0,1,0.0,1863.675,0.0,1862.035,1861.634,0.0,10.908071428571445,1.0,0.0,1.0,16.0,5.0,1.0,1.0,1.0,1.0,A+
1.0,1861.205,0.0,3.0,0.0,2021-11-11 20:00:00,0.0,0.0,4810.0,0,0.0,1863.057,0.0,1862.286,1862.066,0.0,10.318214285714296,1.0,0.0,1.0,20.0,5.0,1.0,1.0,1.0,1.0,A+
0.0,1855.073,0.0,4.0,0.0,2021-11-12 00:00:00,0.0,0.0,11361.0,1,0.0,1862.317,0.0,1855.128,1862.285,0.0,10.275928571428576,0.0,0.0,0.0,0.0,0.0,1.0,0.0,1.0,0.0,B
1.0,1855.123,0.0,4.0,0.0,2021-11-12 04:00:00,0.0,0.0,11035.0,1,0.0,1859.979,0.0,1856.396,1855.13,0.0,10.33364285714286,1.0,0.0,1.0,4.0,4.0,1.0,1.0,1.0,1.0,A+
0.0,1859.749,0.0,4.0,1.0,2021-11-12 16:00:00,0.0,0.0,15067.0,1,0.0,1868.574,0.0,1863.699,1860.783,2.0,12.143571428571445,2.0,0.0,0.0,16.0,0.0,1.0,2.0,1.0,0.6666666666666666,A
0.0,1862.509,0.0,4.0,0.0,2021-11-12 20:00:00,0.0,0.0,4018.0,1,0.0,1866.158,0.0,1864.361,1863.731,1.0,9.110142857142868,1.0,0.0,0.0,20.0,0.0,1.0,1.0,1.0,0.3333333333333333,B
0.0,1865.24,0.0,6.0,0.0,2021-11-14 20:00:00,0.0,0.0,2251.0,0,0.0,1867.783,0.0,1865.476,1866.804,1.0,8.116999999999994,1.0,0.0,0.0,20.0,0.0,1.0,1.0,1.0,0.3333333333333333,B
0.0,1856.426,0.0,0.0,1.0,2021-11-15 00:00:00,0.0,0.0,14708.0,1,0.0,1866.011,0.0,1856.859,1865.49,2.0,8.270357142857133,2.0,0.0,0.0,0.0,0.0,1.0,2.0,1.0,0.6666666666666666,A
0.0,1856.308,0.0,0.0,0.0,2021-11-15 04:00:00,0.0,0.0,10799.0,1,0.0,1862.209,0.0,1860.87,1856.871,1.0,7.924142857142848,1.0,0.0,0.0,4.0,0.0,1.0,1.0,1.0,0.3333333333333333,B
0.0,1858.319,0.0,0.0,1.0,2021-11-15 08:00:00,0.0,0.0,10998.0,1,0.0,1864.811,0.0,1864.456,1860.901,2.0,7.669642857142841,2.0,0.0,0.0,8.0,0.0,1.0,2.0,1.0,0.6666666666666666,A
0.0,1858.094,0.0,0.0,1.0,2021-11-15 12:00:00,1.0,0.0,23948.0,1,0.0,1870.267,0.0,1861.997,1864.423,3.0,7.79971428571428,3.0,0.0,0.0,12.0,0.0,1.0,3.0,1.0,1.0,A+
0.0,1861.883,0.0,0.0,0.0,2021-11-15 20:00:00,0.0,0.0,5674.0,1,0.0,1867.236,0.0,1862.387,1867.104,0.0,7.67185714285714,0.0,0.0,0.0,20.0,0.0,1.0,0.0,1.0,0.0,B
0.0,1861.888,0.0,1.0,1.0,2021-11-16 00:00:00,0.0,0.0,12112.0,0,0.0,1868.751,0.0,1866.925,1862.356,1.0,8.029785714285708,1.0,0.0,0.0,0.0,0.0,1.0,1.0,1.0,0.3333333333333333,B
0.0,1862.212,0.0,1.0,1.0,2021-11-16 04:00:00,0.0,0.0,11807.0,0,0.0,1867.733,0.0,1863.939,1866.91,1.0,7.906714285714282,1.0,0.0,0.0,4.0,0.0,1.0,1.0,1.0,0.3333333333333333,B
0.0,1849.645,0.0,1.0,1.0,2021-11-16 16:00:00,1.0,0.0,18103.0,0,0.0,1861.371,0.0,1851.52,1861.133,3.0,8.508857142857144,3.0,0.0,0.0,16.0,0.0,1.0,3.0,1.0,1.0,A+
0.0,1849.644,0.0,1.0,0.0,2021-11-16 20:00:00,0.0,0.0,6513.0,1,1.0,1851.55,0.0,1850.311,1851.55,2.0,8.014642857142851,2.0,0.0,0.0,20.0,0.0,1.0,2.0,1.0,0.6666666666666666,A
0.0,1851.991,0.0,2.0,0.0,2021-11-17 04:00:00,0.0,0.0,10854.0,1,0.0,1857.313,0.0,1856.158,1853.664,1.0,8.35557142857145,1.0,0.0,0.0,4.0,0.0,1.0,1.0,1.0,0.3333333333333333,B
0.0,1855.808,0.0,2.0,0.0,2021-11-17 08:00:00,0.0,0.0,12910.0,1,0.0,1862.812,0.0,1861.671,1856.164,1.0,8.171214285714298,1.0,0.0,0.0,8.0,0.0,1.0,1.0,1.0,0.3333333333333333,B
0.0,1859.979,0.0,2.0,1.0,2021-11-17 12:00:00,1.0,0.0,21878.0,1,0.0,1868.063,0.0,1862.854,1861.639,3.0,8.327142857142869,3.0,0.0,0.0,12.0,0.0,1.0,3.0,1.0,1.0,A+
0.0,1862.723,0.0,2.0,0.0,2021-11-17 20:00:00,0.0,0.0,5706.0,0,0.0,1867.544,0.0,1866.479,1863.919,1.0,7.745571428571452,1.0,0.0,0.0,20.0,0.0,1.0,1.0,1.0,0.3333333333333333,B
0.0,1855.023,0.0,3.0,1.0,2021-11-18 12:00:00,1.0,0.0,29824.0,0,0.0,1866.843,0.0,1860.054,1862.716,3.0,8.516714285714329,3.0,0.0,0.0,12.0,0.0,1.0,3.0,1.0,1.0,A+
0.0,1856.724,0.0,3.0,0.0,2021-11-18 20:00:00,0.0,0.0,5218.0,1,0.0,1861.01,0.0,1859.578,1858.82,1.0,6.873857142857203,1.0,0.0,0.0,20.0,0.0,1.0,1.0,1.0,0.3333333333333333,B
0.0,1858.571,0.0,4.0,0.0,2021-11-19 00:00:00,0.0,0.0,9597.0,0,0.0,1863.506,0.0,1863.07,1859.585,1.0,6.3887857142857785,1.0,0.0,0.0,0.0,0.0,1.0,1.0,1.0,0.3333333333333333,B
0.0,1855.846,0.0,4.0,0.0,2021-11-19 04:00:00,0.0,0.0,9937.0,1,0.0,1863.72,0.0,1857.476,1863.056,1.0,6.815071428571498,1.0,0.0,0.0,4.0,0.0,1.0,1.0,1.0,0.3333333333333333,B
0.0,1851.393,0.0,4.0,1.0,2021-11-19 08:00:00,1.0,0.0,21686.0,0,0.0,1864.788,0.0,1861.659,1857.462,3.0,7.306000000000073,3.0,0.0,0.0,8.0,0.0,1.0,3.0,1.0,1.0,A+
0.0,1842.815,0.0,4.0,1.0,2021-11-19 16:00:00,1.0,0.0,24421.0,0,1.0,1860.69,0.0,1849.651,1860.371,4.0,8.69550000000007,4.0,1.0,0.0,16.0,0.0,1.0,4.0,1.0,1.3333333333333333,A+
0.0,1845.373,0.0,4.0,0.0,2021-11-19 20:00:00,0.0,0.0,4985.0,0,0.0,1849.657,0.0,1846.196,1849.657,1.0,8.424071428571485,1.0,1.0,0.0,20.0,0.0,1.0,1.0,1.0,0.3333333333333333,B
0.0,1841.485,0.0,6.0,0.0,2021-11-21 20:00:00,0.0,0.0,3838.0,1,0.0,1847.169,0.0,1844.89,1842.207,1.0,8.422785714285785,1.0,1.0,0.0,20.0,0.0,1.0,1.0,1.0,0.3333333333333333,B
0.0,1844.044,0.0,0.0,1.0,2021-11-22 00:00:00,0.0,0.0,13046.0,0,0.0,1848.526,0.0,1847.116,1844.879,2.0,8.398571428571488,2.0,1.0,0.0,0.0,0.0,1.0,2.0,1.0,0.6666666666666666,A
0.0,1837.175,0.0,0.0,1.0,2021-11-22 08:00:00,1.0,0.0,15906.0,0,0.0,1846.991,0.0,1842.576,1844.005,2.0,8.783857142857187,2.0,1.0,0.0,8.0,0.0,1.0,2.0,1.0,0.6666666666666666,A
0.0,1811.457,0.0,0.0,1.0,2021-11-22 12:00:00,1.0,0.0,41678.0,0,0.0,1843.003,0.0,1818.422,1842.545,2.0,10.25007142857146,2.0,1.0,0.0,12.0,0.0,1.0,2.0,1.0,0.6666666666666666,A
0.0,1802.912,0.0,0.0,0.0,2021-11-22 20:00:00,0.0,0.0,8517.0,1,0.0,1809.749,0.0,1808.997,1803.649,0.0,11.00014285714287,0.0,1.0,0.0,20.0,0.0,1.0,0.0,1.0,0.0,B
1.0,1806.435,0.0,1.0,0.0,2021-11-23 00:00:00,0.0,0.0,12716.0,0,0.0,1812.37,0.0,1808.339,1809.027,0.0,11.117928571428576,1.0,0.0,1.0,0.0,5.0,1.0,1.0,1.0,1.0,A+
0.0,1781.914,0.0,1.0,1.0,2021-11-23 16:00:00,1.0,0.0,18181.0,1,0.0,1790.304,0.0,1788.121,1786.302,2.0,11.446142857142847,2.0,0.0,0.0,16.0,0.0,1.0,2.0,1.0,0.6666666666666666,A
0.0,1787.616,0.0,1.0,0.0,2021-11-23 20:00:00,0.0,0.0,8156.0,1,0.0,1791.86,0.0,1790.875,1788.091,0.0,10.472499999999984,0.0,0.0,0.0,20.0,0.0,1.0,0.0,1.0,0.0,B
0.0,1788.97,0.0,2.0,0.0,2021-11-24 00:00:00,0.0,0.0,12315.0,1,0.0,1796.049,0.0,1793.649,1790.91,0.0,10.672142857142846,0.0,0.0,0.0,0.0,0.0,1.0,0.0,1.0,0.0,B
1.0,1791.851,0.0,2.0,0.0,2021-11-24 04:00:00,0.0,0.0,11729.0,0,0.0,1796.354,0.0,1794.078,1793.625,0.0,10.587785714285683,1.0,0.0,1.0,4.0,5.0,1.0,1.0,1.0,1.0,A+
0.0,1779.53,0.0,2.0,1.0,2021-12-08 12:00:00,1.0,0.0,24378.0,1,0.0,1787.009,0.0,1782.426,1786.636,3.0,6.554357142857157,3.0,0.0,0.0,12.0,0.0,0.0,3.0,0.0,1.0,A+
0.0,1781.09,0.0,2.0,1.0,2021-12-08 16:00:00,0.0,0.0,12212.0,1,0.0,1786.295,0.0,1785.603,1782.456,2.0,6.554071428571449,2.0,0.0,0.0,16.0,0.0,0.0,2.0,0.0,0.6666666666666666,A
0.0,1782.291,0.0,2.0,0.0,2021-12-08 20:00:00,0.0,0.0,5757.0,1,0.0,1786.786,0.0,1783.494,1785.628,1.0,6.405214285714318,1.0,0.0,0.0,20.0,0.0,0.0,1.0,0.0,0.3333333333333333,B
0.0,1782.091,0.0,3.0,0.0,2021-12-09 00:00:00,0.0,0.0,9387.0,1,0.0,1785.405,0.0,1784.467,1783.474,1.0,6.120428571428614,1.0,0.0,0.0,0.0,0.0,0.0,1.0,0.0,0.3333333333333333,B
0.0,1783.158,0.0,3.0,1.0,2021-12-09 04:00:00,0.0,0.0,9791.0,0,0.0,1787.081,0.0,1786.17,1784.473,2.0,6.120285714285744,2.0,1.0,0.0,4.0,0.0,0.0,2.0,0.0,0.6666666666666666,A
0.0,1773.417,0.0,3.0,1.0,2021-12-09 16:00:00,1.0,0.0,13741.0,1,0.0,1780.826,0.0,1776.055,1779.527,3.0,6.581357142857184,3.0,0.0,0.0,16.0,0.0,0.0,3.0,0.0,1.0,A+
0.0,1775.548,0.0,4.0,0.0,2021-12-10 00:00:00,0.0,0.0,8388.0,1,0.0,1779.606,0.0,1778.479,1776.329,1.0,5.674500000000047,1.0,0.0,0.0,0.0,0.0,0.0,1.0,0.0,0.3333333333333333,B
0.0,1799.884,0.0,4.0,1.0,2021-12-17 16:00:00,0.0,0.0,13425.0,0,1.0,1806.469,0.0,1801.542,1804.538,3.0,8.303714285714266,3.0,1.0,0.0,16.0,0.0,0.0,3.0,0.0,1.0,A+
0.0,1795.794,0.0,4.0,0.0,2021-12-17 20:00:00,0.0,0.0,5266.0,1,1.0,1801.613,0.0,1798.064,1801.553,2.0,8.028785714285684,2.0,1.0,0.0,20.0,0.0,0.0,2.0,0.0,0.6666666666666666,A
0.0,1799.386,0.0,6.0,0.0,2021-12-19 20:00:00,0.0,0.0,2260.0,1,1.0,1801.676,0.0,1800.067,1800.61,2.0,7.031071428571392,2.0,1.0,0.0,20.0,0.0,0.0,2.0,0.0,0.6666666666666666,A
0.0,1794.682,0.0,0.0,1.0,2021-12-20 08:00:00,0.0,0.0,12021.0,1,0.0,1802.283,0.0,1795.461,1798.151,2.0,6.337999999999965,2.0,1.0,0.0,8.0,0.0,0.0,2.0,0.0,0.6666666666666666,A
0.0,1791.64,0.0,0.0,1.0,2021-12-20 12:00:00,1.0,0.0,20326.0,1,0.0,1799.917,0.0,1793.641,1795.442,3.0,6.65921428571424,3.0,1.0,0.0,12.0,0.0,0.0,3.0,0.0,1.0,A+
0.0,1790.348,0.0,0.0,1.0,2021-12-20 16:00:00,0.0,0.0,12686.0,1,0.0,1796.003,0.0,1790.381,1793.605,2.0,5.925642857142813,2.0,1.0,0.0,16.0,0.0,0.0,2.0,0.0,0.6666666666666666,A
0.0,1789.224,0.0,1.0,0.0,2021-12-21 00:00:00,0.0,0.0,10120.0,1,0.0,1792.483,0.0,1791.851,1791.622,0.0,5.932071428571395,0.0,1.0,0.0,0.0,0.0,0.0,0.0,0.0,0.0,B
1.0,1788.702,0.0,1.0,0.0,2021-12-21 04:00:00,0.0,0.0,9749.0,1,0.0,1793.932,0.0,1793.173,1791.821,0.0,5.802571428571404,1.0,1.0,1.0,4.0,3.0,0.0,1.0,0.0,1.0,A+
0.0,1792.374,0.0,1.0,1.0,2021-12-21 08:00:00,0.0,0.0,11696.0,0,0.0,1798.218,0.0,1797.801,1793.157,1.0,5.6784999999999854,1.0,1.0,0.0,8.0,0.0,0.0,1.0,0.0,0.3333333333333333,B
0.0,1785.234,0.0,1.0,1.0,2021-12-21 16:00:00,1.0,0.0,11881.0,1,0.0,1789.191,0.0,1788.133,1785.955,3.0,6.060071428571421,3.0,1.0,0.0,16.0,0.0,0.0,3.0,0.0,1.0,A+
0.0,1787.625,0.0,1.0,0.0,2021-12-21 20:00:00,0.0,0.0,5211.0,0,0.0,1790.55,0.0,1790.466,1788.148,1.0,5.798642857142844,1.0,1.0,0.0,20.0,0.0,0.0,1.0,0.0,0.3333333333333333,B
0.0,1788.298,0.0,2.0,0.0,2021-12-22 00:00:00,0.0,0.0,8368.0,1,0.0,1791.159,0.0,1789.145,1790.47,1.0,5.587357142857139,1.0,1.0,0.0,0.0,0.0,0.0,1.0,0.0,0.3333333333333333,B
0.0,1788.862,0.0,2.0,1.0,2021-12-22 12:00:00,1.0,0.0,16433.0,1,0.0,1795.817,0.0,1795.713,1790.985,3.0,5.763071428571412,3.0,1.0,0.0,12.0,0.0,0.0,3.0,0.0,1.0,A+
0.0,1795.69,0.0,2.0,1.0,2021-12-22 16:00:00,1.0,0.0,12618.0,1,0.0,1803.83,0.0,1803.611,1795.69,3.0,5.801571428571411,3.0,1.0,0.0,16.0,0.0,0.0,3.0,0.0,1.0,A+
1.0,1803.073,0.0,2.0,0.0,2021-12-22 20:00:00,0.0,0.0,5223.0,1,0.0,1804.962,0.0,1803.662,1803.621,0.0,5.345285714285702,1.0,1.0,1.0,20.0,5.0,0.0,1.0,0.0,1.0,A+
0.0,1803.102,0.0,3.0,1.0,2021-12-23 00:00:00,0.0,0.0,8933.0,1,0.0,1808.404,0.0,1805.576,1803.66,1.0,5.320071428571412,1.0,1.0,0.0,0.0,0.0,0.0,1.0,0.0,0.3333333333333333,B
1.0,1807.417,0.0,3.0,0.0,2021-12-23 20:00:00,0.0,0.0,2612.0,0,0.0,1809.456,1.0,1808.451,1809.263,0.0,4.745571428571387,1.0,1.0,1.0,20.0,0.0,0.0,1.0,0.0,1.0,A+
0.0,1805.977,0.0,6.0,0.0,2021-12-26 20:00:00,0.0,0.0,1459.0,1,0.0,1808.526,0.0,1807.259,1806.207,0.0,4.644999999999949,0.0,1.0,0.0,20.0,0.0,0.0,0.0,0.0,0.0,B
0.0,1807.602,0.0,0.0,0.0,2021-12-27 04:00:00,0.0,0.0,7287.0,0,0.0,1810.956,0.0,1808.732,1810.95,0.0,4.845999999999939,0.0,1.0,0.0,4.0,0.0,1.0,0.0,1.0,0.0,B
0.0,1804.712,0.0,0.0,1.0,2021-12-27 08:00:00,0.0,0.0,7710.0,1,0.0,1809.315,0.0,1806.321,1808.702,1.0,4.947857142857093,1.0,1.0,0.0,8.0,0.0,1.0,1.0,1.0,0.3333333333333333,B
0.0,1806.666,0.0,0.0,1.0,2021-12-27 16:00:00,1.0,0.0,10831.0,1,0.0,1812.993,0.0,1809.21,1812.754,2.0,5.256071428571382,2.0,1.0,0.0,16.0,0.0,1.0,2.0,1.0,0.6666666666666666,A
1.0,1808.697,0.0,0.0,0.0,2021-12-27 20:00:00,0.0,0.0,3786.0,0,0.0,1812.627,1.0,1812.348,1809.221,0.0,4.95535714285711,1.0,1.0,1.0,20.0,0.0,1.0,1.0,1.0,1.0,A+
0.0,1808.478,0.0,1.0,0.0,2021-12-28 00:00:00,0.0,0.0,6798.0,1,0.0,1812.624,0.0,1809.928,1812.36,0.0,5.1165714285714,0.0,1.0,0.0,0.0,0.0,1.0,0.0,1.0,0.0,B
1.0,1813.535,0.0,1.0,0.0,2021-12-28 08:00:00,0.0,0.0,7708.0,0,0.0,1818.274,1.0,1817.751,1813.789,0.0,5.296285714285692,1.0,0.0,1.0,8.0,0.0,1.0,1.0,1.0,1.0,A+
0.0,1805.006,0.0,1.0,1.0,2021-12-28 16:00:00,1.0,0.0,11813.0,0,0.0,1812.251,0.0,1806.997,1811.391,2.0,5.462785714285685,2.0,1.0,0.0,16.0,0.0,1.0,2.0,1.0,0.6666666666666666,A
0.0,1805.06,0.0,1.0,0.0,2021-12-28 20:00:00,0.0,0.0,5161.0,0,0.0,1807.246,0.0,1806.56,1806.966,0.0,5.263071428571412,0.0,1.0,0.0,20.0,0.0,1.0,0.0,1.0,0.0,B
1.0,1804.13,0.0,2.0,0.0,2021-12-29 04:00:00,0.0,0.0,6947.0,0,0.0,1807.427,0.0,1804.347,1806.627,0.0,5.42728571428568,1.0,1.0,1.0,4.0,2.0,1.0,1.0,1.0,1.0,A+
0.0,1794.025,0.0,2.0,1.0,2021-12-29 08:00:00,1.0,0.0,11972.0,1,0.0,1805.28,0.0,1796.965,1804.335,2.0,5.856928571428528,2.0,1.0,0.0,8.0,0.0,1.0,2.0,1.0,0.6666666666666666,A
0.0,1799.892,0.0,2.0,1.0,2021-12-29 16:00:00,1.0,0.0,12428.0,0,0.0,1805.623,0.0,1805.073,1799.892,3.0,6.626999999999969,3.0,1.0,0.0,16.0,0.0,1.0,3.0,1.0,1.0,A+
0.0,1803.705,0.0,2.0,0.0,2021-12-29 20:00:00,0.0,0.0,4430.0,0,0.0,1805.474,0.0,1804.526,1805.076,1.0,6.002428571428546,1.0,1.0,0.0,20.0,0.0,1.0,1.0,1.0,0.3333333333333333,B
0.0,1801.125,0.0,3.0,1.0,2021-12-30 00:00:00,0.0,0.0,8676.0,0,1.0,1805.498,0.0,1801.516,1804.533,3.0,5.862857142857122,3.0,1.0,0.0,0.0,0.0,1.0,3.0,1.0,1.0,A+
0.0,1796.118,0.0,3.0,0.0,2021-12-30 04:00:00,0.0,0.0,8590.0,1,1.0,1801.825,0.0,1798.175,1801.485,2.0,5.989785714285696,2.0,1.0,0.0,4.0,0.0,1.0,2.0,1.0,0.6666666666666666,A
0.0,1798.75,0.0,3.0,1.0,2021-12-30 12:00:00,1.0,0.0,18986.0,1,0.0,1808.584,0.0,1807.129,1802.564,3.0,6.308785714285705,3.0,1.0,0.0,12.0,0.0,1.0,3.0,1.0,1.0,A+
0.0,1806.799,0.0,3.0,1.0,2021-12-30 16:00:00,1.0,0.0,11727.0,1,0.0,1815.291,0.0,1815.122,1807.137,3.0,6.576857142857144,3.0,1.0,0.0,16.0,0.0,1.0,3.0,1.0,1.0,A+
0.0,1814.465,0.0,3.0,0.0,2021-12-30 20:00:00,0.0,0.0,4871.0,1,0.0,1817.117,0.0,1815.703,1815.1,1.0,6.028714285714289,1.0,1.0,0.0,20.0,0.0,1.0,1.0,1.0,0.3333333333333333,B
0.0,1814.704,0.0,4.0,1.0,2021-12-31 00:00:00,0.0,0.0,9099.0,1,0.0,1818.998,0.0,1817.078,1815.704,2.0,5.817928571428589,2.0,1.0,0.0,0.0,0.0,1.0,2.0,1.0,0.6666666666666666,A
0.0,1816.64,0.0,4.0,0.0,2021-12-31 04:00:00,0.0,0.0,7146.0,1,0.0,1820.152,0.0,1816.705,1817.09,1.0,5.912642857142861,1.0,1.0,0.0,4.0,0.0,1.0,1.0,1.0,0.3333333333333333,B
0.0,1824.204,0.0,0.0,1.0,2022-01-03 00:00:00,0.0,0.0,8999.0,0,0.0,1831.542,0.0,1825.685,1828.453,2.0,5.610928571428596,2.0,0.0,0.0,0.0,0.0,1.0,2.0,1.0,0.6666666666666666,A
0.0,1820.876,0.0,0.0,0.0,2022-01-03 04:00:00,0.0,0.0,7225.0,1,0.0,1825.952,0.0,1824.156,1825.689,1.0,5.847142857142883,1.0,1.0,0.0,4.0,0.0,1.0,1.0,1.0,0.3333333333333333,B
0.0,1821.356,0.0,0.0,1.0,2022-01-03 08:00:00,0.0,0.0,9959.0,0,0.0,1827.457,0.0,1822.834,1824.121,2.0,5.970571428571459,2.0,1.0,0.0,8.0,0.0,1.0,2.0,1.0,0.6666666666666666,A
0.0,1799.762,0.0,0.0,1.0,2022-01-03 12:00:00,1.0,0.0,30498.0,1,1.0,1823.183,0.0,1801.848,1822.849,4.0,7.235857142857169,4.0,1.0,0.0,12.0,0.0,1.0,4.0,1.0,1.3333333333333333,A+
0.0,1803.133,0.0,1.0,0.0,2022-01-04 04:00:00,0.0,0.0,9794.0,1,0.0,1807.354,0.0,1805.709,1804.182,1.0,6.547214285714306,1.0,1.0,0.0,4.0,0.0,1.0,1.0,1.0,0.3333333333333333,B
0.0,1813.032,0.0,1.0,0.0,2022-01-04 20:00:00,0.0,0.0,4522.0,1,0.0,1815.365,0.0,1813.873,1814.502,1.0,7.207071428571469,1.0,1.0,0.0,20.0,0.0,1.0,1.0,1.0,0.3333333333333333,B
0.0,1812.714,0.0,2.0,0.0,2022-01-05 00:00:00,0.0,0.0,8344.0,1,0.0,1816.448,0.0,1815.403,1813.885,1.0,6.963928571428629,1.0,1.0,0.0,0.0,0.0,1.0,1.0,1.0,0.3333333333333333,B
0.0,1812.506,0.0,2.0,0.0,2022-01-05 04:00:00,0.0,0.0,8442.0,0,0.0,1817.006,0.0,1813.429,1815.397,1.0,6.991428571428628,1.0,1.0,0.0,4.0,0.0,1.0,1.0,1.0,0.3333333333333333,B
0.0,1808.259,0.0,2.0,1.0,2022-01-05 20:00:00,0.0,0.0,8732.0,1,0.0,1814.181,0.0,1810.244,1812.901,2.0,6.9487142857143125,2.0,1.0,0.0,20.0,0.0,1.0,2.0,1.0,0.6666666666666666,A
0.0,1806.521,0.0,3.0,1.0,2022-01-06 00:00:00,0.0,0.0,11520.0,0,0.0,1811.475,0.0,1806.968,1810.275,2.0,6.970785714285739,2.0,1.0,0.0,0.0,0.0,1.0,2.0,1.0,0.6666666666666666,A
0.0,1793.554,0.0,3.0,1.0,2022-01-06 08:00:00,1.0,0.0,18501.0,1,0.0,1806.892,0.0,1797.385,1800.903,3.0,7.971785714285732,3.0,1.0,0.0,8.0,0.0,1.0,3.0,1.0,1.0,A+
0.0,1786.828,0.0,3.0,1.0,2022-01-06 12:00:00,1.0,0.0,34311.0,0,0.0,1800.387,0.0,1790.61,1797.416,2.0,8.63878571428573,2.0,1.0,0.0,12.0,0.0,1.0,2.0,1.0,0.6666666666666666,A
1.0,1787.381,0.0,3.0,0.0,2022-01-06 20:00:00,0.0,0.0,5887.0,1,0.0,1791.605,0.0,1791.365,1787.945,0.0,7.67314285714284,1.0,1.0,1.0,20.0,1.0,1.0,1.0,1.0,1.0,A+
0.0,1789.754,0.0,4.0,0.0,2022-01-07 00:00:00,0.0,0.0,8966.0,0,0.0,1793.133,0.0,1792.775,1791.381,1.0,7.634714285714267,1.0,1.0,0.0,0.0,0.0,1.0,1.0,1.0,0.3333333333333333,B
1.0,1787.996,0.0,4.0,0.0,2022-01-07 04:00:00,0.0,0.0,8622.0,1,0.0,1792.921,0.0,1789.785,1792.777,0.0,7.819857142857115,1.0,1.0,1.0,4.0,2.0,1.0,1.0,1.0,1.0,A+
0.0,1787.732,0.0,4.0,1.0,2022-01-07 08:00:00,0.0,0.0,10808.0,1,0.0,1793.888,0.0,1793.309,1789.816,1.0,7.9928571428571,1.0,1.0,0.0,8.0,0.0,1.0,1.0,1.0,0.3333333333333333,B
0.0,1838.18,0.0,3.0,1.0,2022-01-20 16:00:00,1.0,0.0,14289.0,0,0.0,1846.802,0.0,1840.081,1846.786,3.0,7.952571428571413,3.0,1.0,0.0,16.0,0.0,1.0,3.0,1.0,1.0,A+
0.0,1837.203,0.0,3.0,0.0,2022-01-20 20:00:00,0.0,0.0,8251.0,1,0.0,1840.431,0.0,1838.889,1840.048,1.0,7.152571428571426,1.0,1.0,0.0,20.0,0.0,1.0,1.0,1.0,0.3333333333333333,B
0.0,1836.267,0.0,4.0,1.0,2022-01-21 00:00:00,0.0,0.0,12505.0,0,0.0,1841.934,0.0,1840.757,1838.895,2.0,6.866714285714271,2.0,1.0,0.0,0.0,0.0,1.0,2.0,1.0,0.6666666666666666,A
0.0,1833.123,0.0,6.0,0.0,2022-01-23 20:00:00,0.0,0.0,2717.0,1,0.0,1837.088,0.0,1834.669,1833.144,1.0,6.670785714285687,1.0,1.0,0.0,20.0,0.0,1.0,1.0,1.0,0.3333333333333333,B
0.0,1832.484,0.0,0.0,0.0,2022-01-24 00:00:00,0.0,0.0,10095.0,1,0.0,1837.382,0.0,1836.502,1834.699,1.0,6.660642857142842,1.0,1.0,0.0,0.0,0.0,1.0,1.0,1.0,0.3333333333333333,B
0.0,1836.179,0.0,0.0,0.0,2022-01-24 04:00:00,0.0,0.0,9570.0,1,0.0,1839.596,0.0,1837.951,1836.499,1.0,6.476571428571414,1.0,1.0,0.0,4.0,0.0,1.0,1.0,1.0,0.3333333333333333,B
0.0,1837.068,0.0,0.0,1.0,2022-01-24 08:00:00,1.0,0.0,14791.0,1,0.0,1844.01,0.0,1838.151,1837.92,3.0,6.766999999999988,3.0,1.0,0.0,8.0,0.0,1.0,3.0,1.0,1.0,A+
0.0,1829.487,0.0,0.0,1.0,2022-01-24 12:00:00,1.0,0.0,29415.0,1,0.0,1842.971,0.0,1834.421,1838.136,3.0,7.336214285714277,3.0,1.0,0.0,12.0,0.0,1.0,3.0,1.0,1.0,A+
0.0,1837.703,0.0,0.0,0.0,2022-01-24 20:00:00,0.0,0.0,8223.0,0,0.0,1844.124,0.0,1843.521,1838.674,1.0,7.074071428571431,1.0,0.0,0.0,20.0,0.0,1.0,1.0,1.0,0.3333333333333333,B
0.0,1839.423,0.0,1.0,1.0,2022-01-25 00:00:00,0.0,0.0,10381.0,1,0.0,1843.569,0.0,1842.19,1843.527,2.0,7.139642857142852,2.0,1.0,0.0,0.0,0.0,1.0,2.0,1.0,0.6666666666666666,A
0.0,1840.304,0.0,1.0,0.0,2022-01-25 04:00:00,0.0,0.0,9807.0,1,0.0,1843.26,0.0,1840.742,1842.189,1.0,6.9459999999999935,1.0,1.0,0.0,4.0,0.0,1.0,1.0,1.0,0.3333333333333333,B
0.0,1834.517,0.0,1.0,1.0,2022-01-25 08:00:00,1.0,0.0,13815.0,1,0.0,1842.976,0.0,1837.609,1840.713,3.0,7.108571428571428,3.0,1.0,0.0,8.0,0.0,1.0,3.0,1.0,1.0,A+
0.0,1846.95,0.0,1.0,0.0,2022-01-25 20:00:00,0.0,0.0,7154.0,0,1.0,1851.907,0.0,1849.526,1851.664,2.0,7.18914285714285,2.0,0.0,0.0,20.0,0.0,1.0,2.0,1.0,0.6666666666666666,A
0.0,1846.504,0.0,2.0,0.0,2022-01-26 00:00:00,0.0,0.0,8020.0,1,0.0,1849.51,0.0,1846.991,1849.505,1.0,6.93892857142857,1.0,0.0,0.0,0.0,0.0,1.0,1.0,1.0,0.3333333333333333,B
0.0,1843.685,0.0,2.0,0.0,2022-01-26 04:00:00,0.0,0.0,7927.0,1,0.0,1848.645,0.0,1843.903,1847.007,1.0,7.010000000000007,1.0,1.0,0.0,4.0,0.0,1.0,1.0,1.0,0.3333333333333333,B
0.0,1830.91,0.0,2.0,1.0,2022-01-26 12:00:00,1.0,0.0,24444.0,0,0.0,1847.804,0.0,1834.087,1843.035,3.0,7.988857142857147,3.0,1.0,0.0,12.0,0.0,1.0,3.0,1.0,1.0,A+
0.0,1815.293,0.0,2.0,1.0,2022-01-26 16:00:00,1.0,0.0,36147.0,0,0.0,1834.41,0.0,1819.438,1834.118,2.0,8.858500000000017,2.0,1.0,0.0,16.0,0.0,1.0,2.0,1.0,0.6666666666666666,A
1.0,1792.14,0.0,3.0,0.0,2022-01-27 20:00:00,0.0,0.0,8652.0,1,0.0,1798.257,0.0,1797.205,1792.922,0.0,9.044214285714329,1.0,1.0,1.0,20.0,7.0,1.0,1.0,1.0,1.0,A+
0.0,1795.03,0.0,4.0,0.0,2022-01-28 00:00:00,0.0,0.0,11401.0,0,1.0,1799.343,0.0,1799.079,1797.232,1.0,8.73085714285719,1.0,1.0,0.0,0.0,0.0,1.0,1.0,1.0,0.3333333333333333,B
1.0,1795.59,0.0,4.0,0.0,2022-01-28 04:00:00,0.0,0.0,11218.0,0,0.0,1799.322,0.0,1795.879,1799.065,0.0,8.643357142857196,1.0,1.0,1.0,4.0,8.0,1.0,1.0,1.0,1.0,A+
0.0,1849.747,0.0,1.0,1.0,2022-02-15 08:00:00,1.0,0.0,25278.0,1,0.0,1877.137,0.0,1852.446,1875.646,3.0,11.145785714285742,3.0,1.0,0.0,8.0,0.0,1.0,3.0,1.0,1.0,A+
0.0,1846.285,0.0,1.0,1.0,2022-02-15 16:00:00,0.0,0.0,14547.0,1,0.0,1856.443,0.0,1854.358,1847.882,2.0,11.74364285714286,2.0,1.0,0.0,16.0,0.0,1.0,2.0,1.0,0.6666666666666666,A
0.0,1851.464,0.0,1.0,0.0,2022-02-15 20:00:00,0.0,0.0,6785.0,0,0.0,1856.193,0.0,1852.964,1854.388,1.0,9.97635714285715,1.0,1.0,0.0,20.0,0.0,1.0,1.0,1.0,0.3333333333333333,B
0.0,1850.275,0.0,2.0,0.0,2022-02-16 00:00:00,0.0,0.0,9719.0,1,0.0,1853.144,0.0,1852.676,1852.951,1.0,9.621642857142856,1.0,1.0,0.0,0.0,0.0,1.0,1.0,1.0,0.3333333333333333,B
0.0,1851.302,0.0,2.0,1.0,2022-02-16 12:00:00,1.0,0.0,22856.0,1,0.0,1864.625,0.0,1862.667,1856.368,3.0,9.98457142857142,3.0,0.0,0.0,12.0,0.0,1.0,3.0,1.0,1.0,A+
0.0,1861.418,0.0,2.0,1.0,2022-02-16 16:00:00,1.0,0.0,22115.0,1,0.0,1872.221,0.0,1870.382,1862.636,3.0,10.305500000000004,3.0,0.0,0.0,16.0,0.0,1.0,3.0,1.0,1.0,A+
0.0,1875.31,0.0,3.0,1.0,2022-02-17 08:00:00,1.0,0.0,24717.0,1,0.0,1892.973,0.0,1883.598,1876.062,3.0,9.530714285714271,3.0,0.0,0.0,8.0,0.0,1.0,3.0,1.0,1.0,A+
1.0,1888.323,0.0,4.0,0.0,2022-02-18 00:00:00,0.0,0.0,14530.0,1,0.0,1902.395,0.0,1891.021,1899.977,0.0,8.434571428571433,1.0,0.0,1.0,0.0,2.0,1.0,1.0,1.0,1.0,A+
0.0,1889.518,0.0,4.0,0.0,2022-02-18 04:00:00,0.0,0.0,11835.0,1,0.0,1893.355,0.0,1891.618,1891.031,0.0,8.370857142857144,0.0,0.0,0.0,4.0,0.0,1.0,0.0,1.0,0.0,B
0.0,1889.375,0.0,4.0,1.0,2022-02-18 12:00:00,1.0,0.0,26293.0,1,0.0,1899.974,0.0,1891.844,1891.197,2.0,9.276785714285714,2.0,0.0,0.0,12.0,0.0,1.0,2.0,1.0,0.6666666666666666,A
0.0,1891.207,0.0,4.0,1.0,2022-02-18 16:00:00,0.0,0.0,16388.0,1,0.0,1897.879,0.0,1895.491,1891.833,1.0,9.352999999999984,1.0,0.0,0.0,16.0,0.0,1.0,1.0,1.0,0.3333333333333333,B
0.0,1893.563,0.0,4.0,0.0,2022-02-18 20:00:00,0.0,0.0,5782.0,1,0.0,1899.425,0.0,1897.807,1895.459,0.0,8.820071428571396,0.0,0.0,0.0,20.0,0.0,1.0,0.0,1.0,0.0,B
1.0,1900.349,0.0,6.0,0.0,2022-02-20 20:00:00,0.0,0.0,3825.0,0,0.0,1906.406,1.0,1904.863,1903.076,0.0,8.662642857142812,1.0,0.0,1.0,20.0,0.0,1.0,1.0,1.0,1.0,A+
0.0,1887.562,0.0,0.0,0.0,2022-02-21 04:00:00,0.0,0.0,13816.0,1,0.0,1897.002,0.0,1891.655,1896.788,0.0,9.67535714285709,0.0,0.0,0.0,4.0,0.0,1.0,0.0,1.0,0.0,B
0.0,1891.289,0.0,0.0,1.0,2022-02-21 08:00:00,0.0,0.0,13886.0,1,0.0,1898.628,0.0,1894.581,1891.689,1.0,9.707928571428528,1.0,0.0,0.0,8.0,0.0,1.0,1.0,1.0,0.3333333333333333,B
0.0,1892.349,0.0,0.0,1.0,2022-02-21 12:00:00,1.0,0.0,18372.0,1,0.0,1897.507,0.0,1895.344,1894.587,2.0,8.814714285714249,2.0,0.0,0.0,12.0,0.0,1.0,2.0,1.0,0.6666666666666666,A
0.0,1895.322,0.0,0.0,0.0,2022-02-21 16:00:00,0.0,0.0,7120.0,1,0.0,1905.11,0.0,1903.362,1895.322,0.0,8.464857142857097,0.0,0.0,0.0,16.0,0.0,1.0,0.0,1.0,0.0,B
1.0,1905.196,0.0,1.0,0.0,2022-02-22 00:00:00,0.0,0.0,13243.0,1,0.0,1913.754,0.0,1908.418,1909.376,0.0,9.06457142857138,1.0,0.0,1.0,0.0,5.0,1.0,1.0,1.0,1.0,A+
1.0,1907.138,0.0,1.0,0.0,2022-02-22 04:00:00,0.0,0.0,11648.0,1,0.0,1913.224,0.0,1908.568,1908.423,0.0,8.494142857142817,1.0,0.0,1.0,4.0,5.0,1.0,1.0,1.0,1.0,A+
0.0,1891.161,0.0,1.0,1.0,2022-02-22 08:00:00,1.0,1.0,21706.0,1,0.0,1911.69,0.0,1893.764,1908.551,3.0,9.686428571428532,3.0,0.0,0.0,8.0,0.0,1.0,3.0,1.0,1.0,A+
0.0,1896.839,0.0,1.0,1.0,2022-02-22 16:00:00,1.0,1.0,18936.0,0,1.0,1905.64,0.0,1901.54,1897.875,4.0,9.834071428571406,4.0,0.0,0.0,16.0,0.0,1.0,4.0,1.0,1.3333333333333333,A+
0.0,1897.596,0.0,1.0,0.0,2022-02-22 20:00:00,0.0,1.0,7646.0,1,1.0,1901.61,0.0,1898.158,1901.51,2.0,9.64421428571427,2.0,0.0,0.0,20.0,0.0,1.0,2.0,1.0,0.6666666666666666,A
0.0,1897.816,0.0,2.0,0.0,2022-02-23 00:00:00,0.0,1.0,8655.0,1,1.0,1901.257,0.0,1899.736,1898.156,2.0,9.471285714285711,2.0,0.0,0.0,0.0,0.0,1.0,2.0,1.0,0.6666666666666666,A
0.0,1928.955,0.0,3.0,1.0,2022-02-24 04:00:00,1.0,0.0,43172.0,0,0.0,1948.78,0.0,1945.241,1929.211,2.0,10.506928571428586,2.0,0.0,0.0,4.0,0.0,1.0,2.0,1.0,0.6666666666666666,A
0.0,1930.979,0.0,2.0,1.0,2022-03-02 00:00:00,0.0,0.0,19378.0,0,0.0,1943.775,0.0,1935.777,1942.264,1.0,15.550571428571468,1.0,0.0,0.0,0.0,0.0,1.0,1.0,1.0,0.3333333333333333,B
0.0,1922.238,0.0,2.0,1.0,2022-03-02 12:00:00,1.0,0.0,41947.0,1,0.0,1935.584,0.0,1926.912,1929.242,2.0,14.76614285714288,2.0,0.0,0.0,12.0,0.0,1.0,2.0,1.0,0.6666666666666666,A
0.0,1914.908,0.0,2.0,1.0,2022-03-02 16:00:00,1.0,0.0,28993.0,1,0.0,1928.531,0.0,1927.846,1926.941,2.0,14.735357142857165,2.0,0.0,0.0,16.0,0.0,1.0,2.0,1.0,0.6666666666666666,A
1.0,1924.627,0.0,2.0,0.0,2022-03-02 20:00:00,0.0,0.0,11074.0,1,0.0,1933.286,0.0,1928.805,1927.876,0.0,14.374357142857177,1.0,0.0,1.0,20.0,5.0,1.0,1.0,1.0,1.0,A+
1.0,1926.162,0.0,3.0,0.0,2022-03-03 00:00:00,0.0,0.0,13600.0,1,0.0,1930.783,0.0,1927.406,1928.837,0.0,13.453214285714305,1.0,0.0,1.0,0.0,2.0,1.0,1.0,1.0,1.0,A+
1.0,1921.974,0.0,3.0,0.0,2022-03-03 04:00:00,0.0,0.0,16022.0,1,0.0,1932.313,0.0,1932.067,1927.401,0.0,13.566928571428596,1.0,0.0,1.0,4.0,1.0,1.0,1.0,1.0,1.0,A+
0.0,1924.367,0.0,3.0,1.0,2022-03-03 12:00:00,1.0,0.0,36005.0,1,0.0,1937.034,0.0,1926.257,1932.393,2.0,14.79650000000002,2.0,1.0,0.0,12.0,0.0,1.0,2.0,1.0,0.6666666666666666,A
0.0,1934.837,0.0,3.0,0.0,2022-03-03 20:00:00,0.0,0.0,9653.0,1,0.0,1941.243,0.0,1934.87,1935.225,0.0,13.44842857142859,0.0,0.0,0.0,20.0,0.0,1.0,0.0,1.0,0.0,B
0.0,1929.388,0.0,4.0,1.0,2022-03-04 00:00:00,1.0,0.0,34522.0,1,0.0,1950.892,0.0,1939.554,1934.879,2.0,13.593571428571456,2.0,0.0,0.0,0.0,0.0,1.0,2.0,1.0,0.6666666666666666,A
0.0,1934.028,0.0,4.0,0.0,2022-03-04 04:00:00,0.0,0.0,16470.0,1,0.0,1940.575,0.0,1936.131,1939.568,0.0,13.27450000000002,0.0,0.0,0.0,4.0,0.0,1.0,0.0,1.0,0.0,B
1.0,1965.22,0.0,4.0,0.0,2022-03-04 20:00:00,0.0,0.0,10687.0,1,0.0,1970.844,1.0,1970.317,1967.069,0.0,11.831428571428594,1.0,0.0,1.0,20.0,0.0,1.0,1.0,1.0,1.0,A+
1.0,1981.233,0.0,6.0,0.0,2022-03-06 20:00:00,0.0,0.0,11608.0,1,0.0,1991.499,1.0,1988.583,1981.416,0.0,12.371357142857164,1.0,0.0,1.0,20.0,0.0,1.0,1.0,1.0,1.0,A+
0.0,1986.709,0.0,0.0,1.0,2022-03-07 00:00:00,1.0,0.0,31891.0,1,0.0,2000.897,0.0,1989.979,1988.6,2.0,12.766285714285718,2.0,0.0,0.0,0.0,0.0,1.0,2.0,1.0,0.6666666666666666,A
0.0,1985.641,0.0,0.0,1.0,2022-03-07 08:00:00,1.0,0.0,34139.0,1,0.0,2002.716,0.0,1990.265,1992.992,2.0,14.154071428571408,2.0,0.0,0.0,8.0,0.0,1.0,2.0,1.0,0.6666666666666666,A
0.0,1960.799,0.0,0.0,1.0,2022-03-07 12:00:00,1.0,0.0,71798.0,1,0.0,1991.365,0.0,1980.854,1990.232,2.0,15.256499999999976,2.0,0.0,0.0,12.0,0.0,1.0,2.0,1.0,0.6666666666666666,A
0.0,1992.181,0.0,0.0,0.0,2022-03-07 20:00:00,0.0,0.0,14167.0,1,1.0,1999.819,0.0,1998.736,1995.934,1.0,15.605785714285682,1.0,0.0,0.0,20.0,0.0,1.0,1.0,1.0,0.3333333333333333,B
1.0,1980.906,0.0,1.0,0.0,2022-03-08 00:00:00,0.0,0.0,12461.0,1,0.0,2000.034,0.0,1985.959,1998.753,0.0,16.51449999999998,1.0,0.0,1.0,0.0,2.0,1.0,1.0,1.0,1.0,A+
0.0,1999.141,0.0,1.0,1.0,2022-03-08 08:00:00,1.0,0.0,36244.0,1,0.0,2020.12,0.0,2009.193,2016.092,2.0,18.54028571428567,2.0,0.0,0.0,8.0,0.0,1.0,2.0,1.0,0.6666666666666666,A
0.0,2003.473,0.0,1.0,1.0,2022-03-08 12:00:00,1.0,0.0,94459.0,1,0.0,2069.768,0.0,2047.128,2009.204,2.0,22.20078571428568,2.0,0.0,0.0,12.0,0.0,1.0,2.0,1.0,0.6666666666666666,A
0.0,2032.377,0.0,1.0,0.0,2022-03-08 20:00:00,0.0,0.0,21181.0,1,0.0,2054.176,0.0,2043.828,2039.418,0.0,24.928571428571395,0.0,0.0,0.0,20.0,0.0,1.0,0.0,1.0,0.0,B
0.0,2035.119,0.0,2.0,0.0,2022-03-09 00:00:00,0.0,0.0,16050.0,1,0.0,2057.488,0.0,2056.885,2043.799,0.0,26.124642857142817,0.0,0.0,0.0,0.0,0.0,1.0,0.0,1.0,0.0,B
0.0,2038.172,0.0,2.0,0.0,2022-03-09 04:00:00,0.0,0.0,29656.0,1,0.0,2059.09,0.0,2045.892,2056.89,0.0,26.10578571428568,0.0,0.0,0.0,4.0,0.0,1.0,0.0,1.0,0.0,B
0.0,2003.916,0.0,2.0,1.0,2022-03-09 08:00:00,1.0,0.0,52875.0,1,0.0,2049.282,0.0,2011.643,2045.857,2.0,28.332785714285706,2.0,1.0,0.0,8.0,0.0,1.0,2.0,1.0,0.6666666666666666,A
0.0,1975.866,0.0,2.0,1.0,2022-03-09 12:00:00,1.0,0.0,77829.0,1,0.0,2021.478,0.0,1995.851,2011.646,2.0,30.35407142857144,2.0,1.0,0.0,12.0,0.0,1.0,2.0,1.0,0.6666666666666666,A
0.0,1979.577,0.0,2.0,1.0,2022-03-09 16:00:00,1.0,0.0,52685.0,1,0.0,2005.481,0.0,1989.559,1995.853,2.0,30.984714285714308,2.0,1.0,0.0,16.0,0.0,1.0,2.0,1.0,0.6666666666666666,A
1.0,1986.905,0.0,2.0,0.0,2022-03-09 20:00:00,0.0,0.0,17746.0,0,0.0,1999.081,0.0,1989.867,1989.594,0.0,29.671142857142872,1.0,1.0,1.0,20.0,5.0,1.0,1.0,1.0,1.0,A+
0.0,1974.103,0.0,3.0,0.0,2022-03-10 04:00:00,0.0,0.0,22700.0,1,0.0,1988.945,0.0,1975.163,1976.398,0.0,29.969142857142856,0.0,1.0,0.0,4.0,0.0,1.0,0.0,1.0,0.0,B
0.0,1974.662,0.0,3.0,1.0,2022-03-10 08:00:00,1.0,0.0,44744.0,1,0.0,2007.742,0.0,2005.137,1975.197,3.0,30.965714285714267,3.0,1.0,0.0,8.0,0.0,1.0,3.0,1.0,1.0,A+
0.0,1981.353,0.0,3.0,1.0,2022-03-10 12:00:00,1.0,0.0,65553.0,1,0.0,2009.102,0.0,1995.158,2005.17,3.0,30.41685714285713,3.0,1.0,0.0,12.0,0.0,1.0,3.0,1.0,1.0,A+
0.0,1993.921,0.0,3.0,0.0,2022-03-10 20:00:00,0.0,0.0,11466.0,1,0.0,2003.349,0.0,1995.387,1996.222,1.0,25.98885714285713,1.0,1.0,0.0,20.0,0.0,1.0,1.0,1.0,0.3333333333333333,B
0.0,1988.201,0.0,4.0,0.0,2022-03-11 00:00:00,0.0,0.0,16671.0,1,0.0,1997.308,0.0,1991.04,1995.388,1.0,23.12621428571428,1.0,1.0,0.0,0.0,0.0,1.0,1.0,1.0,0.3333333333333333,B
0.0,1980.871,0.0,4.0,0.0,2022-03-11 04:00:00,0.0,0.0,19917.0,0,0.0,1992.452,0.0,1991.398,1991.045,1.0,22.396357142857124,1.0,1.0,0.0,4.0,0.0,1.0,1.0,1.0,0.3333333333333333,B
0.0,1958.306,0.0,4.0,1.0,2022-03-11 12:00:00,1.0,0.0,58395.0,1,0.0,1982.015,0.0,1980.513,1979.538,2.0,22.83399999999998,2.0,1.0,0.0,12.0,0.0,1.0,2.0,1.0,0.6666666666666666,A
0.0,1978.155,0.0,4.0,1.0,2022-03-11 16:00:00,0.0,0.0,31234.0,1,0.0,1989.94,0.0,1985.488,1980.534,1.0,20.43535714285711,1.0,1.0,0.0,16.0,0.0,1.0,1.0,1.0,0.3333333333333333,B
0.0,1982.142,0.0,4.0,0.0,2022-03-11 20:00:00,0.0,0.0,7979.0,0,0.0,1988.392,0.0,1988.147,1985.485,0.0,17.623785714285678,0.0,1.0,0.0,20.0,0.0,1.0,0.0,1.0,0.0,B
0.0,1970.76,0.0,6.0,0.0,2022-03-13 20:00:00,0.0,0.0,8520.0,1,0.0,1983.847,0.0,1974.302,1980.342,0.0,17.015428571428533,0.0,1.0,0.0,20.0,0.0,1.0,0.0,1.0,0.0,B
0.0,1970.051,0.0,0.0,0.0,2022-03-14 00:00:00,0.0,0.0,16333.0,1,0.0,1978.865,0.0,1975.642,1974.263,0.0,16.775285714285683,0.0,1.0,0.0,0.0,0.0,1.0,0.0,1.0,0.0,B
1.0,1971.047,0.0,0.0,0.0,2022-03-14 04:00:00,0.0,0.0,15607.0,0,0.0,1978.412,0.0,1972.738,1975.654,0.0,15.90399999999998,1.0,1.0,1.0,4.0,2.0,1.0,1.0,1.0,1.0,A+
0.0,1954.337,0.0,0.0,1.0,2022-03-14 08:00:00,0.0,0.0,29335.0,1,0.0,1973.468,0.0,1965.288,1972.77,1.0,16.210357142857138,1.0,1.0,0.0,8.0,0.0,1.0,1.0,1.0,0.3333333333333333,B
0.0,1949.352,0.0,0.0,1.0,2022-03-14 12:00:00,1.0,0.0,41504.0,0,0.0,1967.921,0.0,1954.6,1965.258,2.0,15.17385714285714,2.0,1.0,0.0,12.0,0.0,1.0,2.0,1.0,0.6666666666666666,A
0.0,1924.697,0.0,1.0,1.0,2022-03-15 04:00:00,0.0,0.0,24098.0,1,0.0,1942.336,0.0,1929.133,1942.154,1.0,14.030785714285733,1.0,0.0,0.0,4.0,0.0,1.0,1.0,1.0,0.3333333333333333,B
0.0,1920.527,0.0,1.0,1.0,2022-03-15 08:00:00,1.0,0.0,27208.0,1,0.0,1935.33,0.0,1926.511,1929.172,2.0,14.26092857142859,2.0,0.0,0.0,8.0,0.0,1.0,2.0,1.0,0.6666666666666666,A
0.0,1906.916,0.0,1.0,1.0,2022-03-15 12:00:00,1.0,0.0,49266.0,1,0.0,1928.775,0.0,1925.182,1926.481,2.0,13.98621428571432,2.0,0.0,0.0,12.0,0.0,1.0,2.0,1.0,0.6666666666666666,A
0.0,1916.276,0.0,1.0,1.0,2022-03-15 16:00:00,1.0,0.0,27084.0,1,0.0,1930.951,0.0,1916.706,1925.214,2.0,13.340928571428597,2.0,0.0,0.0,16.0,0.0,1.0,2.0,1.0,0.6666666666666666,A
0.0,1913.874,0.0,1.0,0.0,2022-03-15 20:00:00,0.0,0.0,6168.0,1,0.0,1920.564,0.0,1918.085,1916.737,0.0,12.977000000000023,0.0,0.0,0.0,20.0,0.0,1.0,0.0,1.0,0.0,B
0.0,1917.17,0.0,2.0,0.0,2022-03-16 00:00:00,0.0,0.0,15822.0,1,0.0,1924.791,0.0,1918.053,1918.082,0.0,13.074928571428586,0.0,0.0,0.0,0.0,0.0,1.0,0.0,1.0,0.0,B
0.0,1912.397,0.0,2.0,0.0,2022-03-16 04:00:00,0.0,0.0,14447.0,1,0.0,1920.034,0.0,1916.166,1918.051,0.0,12.378500000000033,0.0,0.0,0.0,4.0,0.0,1.0,0.0,1.0,0.0,B
0.0,1911.517,0.0,2.0,1.0,2022-03-16 08:00:00,0.0,0.0,20881.0,0,0.0,1926.994,0.0,1924.64,1916.196,1.0,12.854428571428588,1.0,0.0,0.0,8.0,0.0,1.0,1.0,1.0,0.3333333333333333,B
0.0,1903.516,0.0,2.0,1.0,2022-03-16 12:00:00,1.0,0.0,43115.0,1,0.0,1925.559,0.0,1911.705,1924.607,2.0,13.90285714285715,2.0,0.0,0.0,12.0,0.0,1.0,2.0,1.0,0.6666666666666666,A
0.0,1956.215,0.0,3.0,0.0,2022-03-24 20:00:00,0.0,0.0,5128.0,1,0.0,1962.332,0.0,1959.217,1961.502,1.0,10.366214285714282,1.0,1.0,0.0,20.0,0.0,1.0,1.0,1.0,0.3333333333333333,B
0.0,1949.887,0.0,4.0,1.0,2022-03-25 08:00:00,1.0,0.0,17692.0,1,0.0,1960.614,0.0,1953.195,1954.774,3.0,10.915428571428574,3.0,1.0,0.0,8.0,0.0,1.0,3.0,1.0,1.0,A+
0.0,1951.643,0.0,4.0,1.0,2022-03-25 16:00:00,0.0,0.0,17882.0,1,0.0,1959.481,0.0,1954.401,1957.147,2.0,11.342785714285712,2.0,1.0,0.0,16.0,0.0,1.0,2.0,1.0,0.6666666666666666,A
0.0,1954.787,0.0,6.0,0.0,2022-03-27 20:00:00,0.0,0.0,4352.0,0,0.0,1957.911,0.0,1957.209,1955.588,0.0,9.60600000000001,0.0,1.0,0.0,20.0,0.0,1.0,0.0,1.0,0.0,B
0.0,1931.284,0.0,0.0,1.0,2022-03-28 04:00:00,1.0,0.0,20513.0,1,0.0,1944.815,0.0,1933.034,1944.553,2.0,10.791999999999998,2.0,1.0,0.0,4.0,0.0,1.0,2.0,1.0,0.6666666666666666,A
0.0,1925.12,0.0,0.0,1.0,2022-03-28 08:00:00,1.0,0.0,23376.0,0,0.0,1934.28,0.0,1930.021,1933.081,2.0,10.976928571428564,2.0,1.0,0.0,8.0,0.0,1.0,2.0,1.0,0.6666666666666666,A
0.0,1918.945,0.0,0.0,0.0,2022-03-28 20:00:00,0.0,0.0,7641.0,1,0.0,1925.009,0.0,1924.041,1919.17,0.0,10.807357142857134,0.0,0.0,0.0,20.0,0.0,1.0,0.0,1.0,0.0,B
0.0,1921.346,0.0,1.0,0.0,2022-03-29 00:00:00,0.0,0.0,17190.0,0,0.0,1929.272,0.0,1925.188,1924.04,0.0,10.9365714285714,0.0,1.0,0.0,0.0,0.0,1.0,0.0,1.0,0.0,B
0.0,1900.645,0.0,1.0,1.0,2022-03-29 08:00:00,1.0,0.0,26568.0,1,0.0,1920.757,0.0,1907.732,1919.212,2.0,11.721214285714284,2.0,0.0,0.0,8.0,0.0,1.0,2.0,1.0,0.6666666666666666,A
0.0,1974.766,0.0,2.0,1.0,2022-04-13 16:00:00,0.0,0.0,15554.0,1,0.0,1981.498,0.0,1978.061,1980.917,1.0,10.691499999999936,1.0,0.0,0.0,16.0,0.0,1.0,1.0,1.0,0.3333333333333333,B
0.0,1976.393,0.0,2.0,0.0,2022-04-13 20:00:00,0.0,0.0,4772.0,1,0.0,1979.089,0.0,1977.082,1978.093,0.0,9.168285714285648,0.0,0.0,0.0,20.0,0.0,1.0,0.0,1.0,0.0,B
0.0,1973.523,0.0,3.0,0.0,2022-04-14 00:00:00,0.0,0.0,12337.0,1,0.0,1980.308,0.0,1973.707,1977.047,0.0,8.65092857142851,0.0,0.0,0.0,0.0,0.0,1.0,0.0,1.0,0.0,B
0.0,1970.614,0.0,3.0,0.0,2022-04-14 04:00:00,0.0,0.0,14331.0,1,0.0,1978.147,0.0,1975.452,1973.676,0.0,8.887571428571375,0.0,0.0,0.0,4.0,0.0,1.0,0.0,1.0,0.0,B
0.0,1967.185,0.0,3.0,1.0,2022-04-14 08:00:00,0.0,0.0,17409.0,0,0.0,1979.024,0.0,1977.143,1975.484,1.0,9.068428571428512,1.0,0.0,0.0,8.0,0.0,1.0,1.0,1.0,0.3333333333333333,B
0.0,1966.662,0.0,3.0,1.0,2022-04-14 16:00:00,0.0,0.0,14645.0,1,0.0,1974.917,0.0,1971.584,1966.746,2.0,9.941571428571365,2.0,1.0,0.0,16.0,0.0,1.0,2.0,1.0,0.6666666666666666,A
0.0,1971.638,0.0,3.0,0.0,2022-04-14 20:00:00,0.0,0.0,1024.0,1,0.0,1973.488,0.0,1973.111,1971.638,1.0,8.433642857142802,1.0,1.0,0.0,20.0,0.0,1.0,1.0,1.0,0.3333333333333333,B
0.0,1982.55,0.0,0.0,1.0,2022-04-18 00:00:00,0.0,1.0,16230.0,1,0.0,1988.503,0.0,1984.823,1986.493,3.0,8.880071428571373,3.0,0.0,0.0,0.0,0.0,1.0,3.0,1.0,1.0,A+
0.0,1976.042,0.0,0.0,1.0,2022-04-18 16:00:00,1.0,1.0,18654.0,0,0.0,1990.508,0.0,1978.167,1988.934,4.0,9.437357142857111,4.0,1.0,0.0,16.0,0.0,1.0,4.0,1.0,1.3333333333333333,A+
0.0,1976.208,0.0,0.0,0.0,2022-04-18 20:00:00,0.0,1.0,6077.0,1,0.0,1978.95,0.0,1977.161,1978.197,2.0,9.152357142857111,2.0,1.0,0.0,20.0,0.0,1.0,2.0,1.0,0.6666666666666666,A
0.0,1974.708,0.0,1.0,1.0,2022-04-19 08:00:00,1.0,0.0,16786.0,0,0.0,1981.15,0.0,1980.054,1977.924,3.0,9.286214285714255,3.0,1.0,0.0,8.0,0.0,1.0,3.0,1.0,1.0,A+
0.0,1943.618,0.0,1.0,1.0,2022-04-19 16:00:00,1.0,0.0,17307.0,1,0.0,1958.211,0.0,1948.112,1956.267,2.0,10.348928571428557,2.0,1.0,0.0,16.0,0.0,1.0,2.0,1.0,0.6666666666666666,A
0.0,1947.255,0.0,1.0,0.0,2022-04-19 20:00:00,0.0,0.0,7610.0,1,1.0,1951.513,0.0,1949.718,1948.077,1.0,10.063428571428547,1.0,1.0,0.0,20.0,0.0,1.0,1.0,1.0,0.3333333333333333,B
0.0,1940.079,0.0,2.0,1.0,2022-04-20 08:00:00,1.0,0.0,20804.0,1,0.0,1955.068,0.0,1952.109,1943.796,2.0,10.536857142857132,2.0,1.0,0.0,8.0,0.0,1.0,2.0,1.0,0.6666666666666666,A
0.0,1949.288,0.0,2.0,0.0,2022-04-20 16:00:00,0.0,0.0,16510.0,0,0.0,1958.061,0.0,1957.875,1950.931,1.0,10.831285714285691,1.0,1.0,0.0,16.0,0.0,1.0,1.0,1.0,0.3333333333333333,B
1.0,1954.622,0.0,2.0,0.0,2022-04-20 20:00:00,0.0,0.0,6205.0,0,0.0,1958.332,0.0,1956.797,1957.839,0.0,10.005285714285703,1.0,1.0,1.0,20.0,0.0,1.0,1.0,1.0,1.0,A+
0.0,1950.131,0.0,3.0,0.0,2022-04-21 00:00:00,0.0,0.0,13088.0,0,1.0,1957.397,0.0,1951.317,1956.794,1.0,9.49099999999997,1.0,1.0,0.0,0.0,0.0,1.0,1.0,1.0,0.3333333333333333,B
0.0,1936.388,0.0,3.0,1.0,2022-04-21 08:00:00,1.0,0.0,20893.0,1,0.0,1949.841,0.0,1939.641,1949.713,2.0,10.270571428571412,2.0,1.0,0.0,8.0,0.0,1.0,2.0,1.0,0.6666666666666666,A
0.0,1937.286,0.0,3.0,1.0,2022-04-21 12:00:00,1.0,0.0,33429.0,1,0.0,1949.439,0.0,1939.988,1939.652,2.0,10.54814285714284,2.0,1.0,0.0,12.0,0.0,1.0,2.0,1.0,0.6666666666666666,A
0.0,1938.183,0.0,3.0,1.0,2022-04-21 16:00:00,1.0,0.0,22062.0,1,1.0,1954.006,0.0,1951.072,1939.991,3.0,11.218214285714271,3.0,1.0,0.0,16.0,0.0,1.0,3.0,1.0,1.0,A+
0.0,1949.734,0.0,4.0,1.0,2022-04-22 04:00:00,0.0,0.0,18211.0,0,1.0,1955.483,0.0,1950.901,1950.427,2.0,8.761857142857123,2.0,1.0,0.0,4.0,0.0,1.0,2.0,1.0,0.6666666666666666,A
0.0,1926.197,0.0,4.0,1.0,2022-04-22 12:00:00,1.0,0.0,40935.0,0,0.0,1946.138,0.0,1938.918,1935.366,2.0,10.604714285714262,2.0,1.0,0.0,12.0,0.0,1.0,2.0,1.0,0.6666666666666666,A
1.0,1930.924,0.0,4.0,0.0,2022-04-22 20:00:00,0.0,0.0,2622.0,1,0.0,1934.619,0.0,1931.5,1932.626,0.0,9.660857142857123,1.0,1.0,1.0,20.0,6.0,1.0,1.0,1.0,1.0,A+
1.0,1929.527,0.0,6.0,0.0,2022-04-24 20:00:00,0.0,0.0,4920.0,0,0.0,1934.435,0.0,1932.663,1932.305,0.0,9.384785714285696,1.0,1.0,1.0,20.0,5.0,1.0,1.0,1.0,1.0,A+
0.0,1912.012,0.0,0.0,1.0,2022-04-25 04:00:00,1.0,0.0,24622.0,0,0.0,1924.395,0.0,1915.477,1924.11,2.0,10.276214285714284,2.0,0.0,0.0,4.0,0.0,1.0,2.0,1.0,0.6666666666666666,A
1.0,1859.557,0.0,2.0,0.0,2022-05-25 00:00:00,0.0,0.0,11434.0,0,0.0,1867.995,0.0,1862.575,1867.361,0.0,8.193571428571415,1.0,1.0,1.0,0.0,2.0,0.0,1.0,0.0,1.0,A+
0.0,1855.882,0.0,2.0,0.0,2022-05-25 04:00:00,0.0,0.0,11429.0,1,0.0,1863.32,0.0,1858.58,1862.612,0.0,8.288499999999983,0.0,1.0,0.0,4.0,0.0,0.0,0.0,0.0,0.0,B
0.0,1851.056,0.0,2.0,1.0,2022-05-25 08:00:00,1.0,0.0,13951.0,1,0.0,1860.029,0.0,1855.08,1858.575,2.0,8.277499999999984,2.0,1.0,0.0,8.0,0.0,0.0,2.0,0.0,0.6666666666666666,A
0.0,1841.3,0.0,2.0,1.0,2022-05-25 12:00:00,1.0,0.0,25296.0,1,0.0,1857.091,0.0,1845.805,1855.127,2.0,8.967428571428545,2.0,1.0,0.0,12.0,0.0,0.0,2.0,0.0,0.6666666666666666,A
0.0,1843.264,0.0,2.0,1.0,2022-05-25 16:00:00,1.0,0.0,16049.0,0,0.0,1856.285,0.0,1855.08,1845.782,2.0,9.227214285714272,2.0,1.0,0.0,16.0,0.0,0.0,2.0,0.0,0.6666666666666666,A
0.0,1852.763,0.0,2.0,0.0,2022-05-25 20:00:00,0.0,0.0,4179.0,0,0.0,1855.302,0.0,1853.974,1855.113,0.0,8.405285714285696,0.0,1.0,0.0,20.0,0.0,0.0,0.0,0.0,0.0,B
0.0,1848.847,0.0,3.0,1.0,2022-05-26 00:00:00,0.0,0.0,11512.0,0,1.0,1854.26,0.0,1850.795,1853.944,2.0,7.954571428571414,2.0,1.0,0.0,0.0,0.0,0.0,2.0,0.0,0.6666666666666666,A
0.0,1842.856,0.0,3.0,1.0,2022-05-26 04:00:00,1.0,0.0,15070.0,1,0.0,1851.508,0.0,1847.872,1850.799,2.0,8.423428571428563,2.0,1.0,0.0,4.0,0.0,0.0,2.0,0.0,0.6666666666666666,A
0.0,1850.208,0.0,3.0,0.0,2022-05-26 20:00:00,0.0,0.0,3904.0,1,0.0,1853.713,0.0,1852.799,1852.037,1.0,8.016428571428557,1.0,1.0,0.0,20.0,0.0,0.0,1.0,0.0,0.3333333333333333,B
0.0,1847.933,0.0,4.0,1.0,2022-05-27 00:00:00,1.0,0.0,13178.0,1,0.0,1856.398,0.0,1854.508,1852.779,3.0,8.125357142857117,3.0,1.0,0.0,0.0,0.0,0.0,3.0,0.0,1.0,A+
0.0,1851.913,0.0,4.0,0.0,2022-05-27 04:00:00,0.0,0.0,11622.0,1,0.0,1858.659,0.0,1858.269,1854.503,1.0,8.398785714285689,1.0,1.0,0.0,4.0,0.0,0.0,1.0,0.0,0.3333333333333333,B
0.0,1850.393,0.0,4.0,1.0,2022-05-27 12:00:00,1.0,0.0,27560.0,0,0.0,1862.113,0.0,1854.659,1858.272,3.0,8.367999999999986,3.0,1.0,0.0,12.0,0.0,0.0,3.0,0.0,1.0,A+
0.0,1851.958,0.0,4.0,0.0,2022-05-27 16:00:00,0.0,0.0,10031.0,0,0.0,1854.998,0.0,1853.413,1854.676,1.0,7.944214285714273,1.0,1.0,0.0,16.0,0.0,0.0,1.0,0.0,0.3333333333333333,B
0.0,1852.651,0.0,4.0,0.0,2022-05-27 20:00:00,0.0,0.0,1194.0,0,0.0,1854.411,0.0,1853.024,1853.383,1.0,6.941999999999991,1.0,1.0,0.0,20.0,0.0,0.0,1.0,0.0,0.3333333333333333,B
0.0,1848.158,0.0,6.0,0.0,2022-05-29 20:00:00,0.0,0.0,3394.0,1,1.0,1853.909,0.0,1849.849,1852.618,2.0,6.422714285714278,2.0,1.0,0.0,20.0,0.0,0.0,2.0,0.0,0.6666666666666666,A
0.0,1848.661,0.0,0.0,1.0,2022-05-30 00:00:00,0.0,0.0,12017.0,0,0.0,1860.867,0.0,1860.564,1849.872,1.0,7.113214285714272,1.0,0.0,0.0,0.0,0.0,0.0,1.0,0.0,0.3333333333333333,B
0.0,1854.115,0.0,0.0,1.0,2022-05-30 08:00:00,0.0,0.0,11398.0,1,0.0,1860.06,0.0,1854.421,1858.669,2.0,6.928785714285693,2.0,1.0,0.0,8.0,0.0,0.0,2.0,0.0,0.6666666666666666,A
0.0,1852.021,0.0,0.0,0.0,2022-05-30 20:00:00,0.0,0.0,3109.0,0,0.0,1856.885,0.0,1852.384,1855.907,1.0,5.852785714285703,1.0,1.0,0.0,20.0,0.0,0.0,1.0,0.0,0.3333333333333333,B
0.0,1845.914,0.0,1.0,1.0,2022-05-31 00:00:00,1.0,0.0,14337.0,1,0.0,1853.364,0.0,1852.198,1852.416,3.0,6.134571428571429,3.0,1.0,0.0,0.0,0.0,0.0,3.0,0.0,1.0,A+
0.0,1839.843,0.0,1.0,1.0,2022-05-31 12:00:00,1.0,0.0,29912.0,1,0.0,1855.23,0.0,1843.613,1848.616,3.0,7.162071428571429,3.0,1.0,0.0,12.0,0.0,0.0,3.0,0.0,1.0,A+
0.0,1864.156,0.0,4.0,0.0,2022-06-03 04:00:00,0.0,0.0,10374.0,1,0.0,1869.165,0.0,1864.605,1868.832,1.0,7.521357142857125,1.0,0.0,0.0,4.0,0.0,0.0,1.0,0.0,0.3333333333333333,B
0.0,1851.596,0.0,4.0,1.0,2022-06-03 12:00:00,1.0,0.0,30579.0,0,0.0,1866.884,0.0,1851.884,1863.78,3.0,8.079714285714285,3.0,1.0,0.0,12.0,0.0,0.0,3.0,0.0,1.0,A+
0.0,1847.249,0.0,4.0,1.0,2022-06-03 16:00:00,0.0,0.0,12660.0,1,1.0,1851.851,0.0,1850.659,1851.851,3.0,7.789928571428569,3.0,1.0,0.0,16.0,0.0,0.0,3.0,0.0,1.0,A+
0.0,1850.004,0.0,4.0,0.0,2022-06-03 20:00:00,0.0,0.0,1597.0,1,1.0,1851.623,0.0,1850.96,1850.627,2.0,6.480214285714299,2.0,1.0,0.0,20.0,0.0,0.0,2.0,0.0,0.6666666666666666,A
0.0,1850.103,0.0,6.0,0.0,2022-06-05 20:00:00,0.0,0.0,2805.0,1,1.0,1853.237,0.0,1851.478,1850.955,2.0,6.330000000000008,2.0,1.0,0.0,20.0,0.0,0.0,2.0,0.0,0.6666666666666666,A
0.0,1850.413,0.0,0.0,1.0,2022-06-06 00:00:00,0.0,0.0,11313.0,0,0.0,1856.249,0.0,1856.078,1851.48,2.0,6.575428571428574,2.0,1.0,0.0,0.0,0.0,0.0,2.0,0.0,0.6666666666666666,A
0.0,1851.524,0.0,0.0,0.0,2022-06-06 04:00:00,0.0,0.0,10862.0,1,0.0,1856.626,0.0,1852.203,1856.073,1.0,6.593928571428592,1.0,1.0,0.0,4.0,0.0,0.0,1.0,0.0,0.3333333333333333,B
0.0,1850.93,0.0,0.0,1.0,2022-06-06 08:00:00,0.0,0.0,12465.0,0,0.0,1855.517,0.0,1853.812,1852.234,2.0,6.264285714285734,2.0,1.0,0.0,8.0,0.0,0.0,2.0,0.0,0.6666666666666666,A
0.0,1840.639,0.0,0.0,1.0,2022-06-06 16:00:00,0.0,0.0,11466.0,0,0.0,1844.052,0.0,1842.124,1843.538,1.0,5.8553571428571685,1.0,1.0,0.0,16.0,0.0,0.0,1.0,0.0,0.3333333333333333,B
1.0,1837.957,0.0,0.0,0.0,2022-06-06 20:00:00,0.0,0.0,4647.0,1,0.0,1842.463,1.0,1839.385,1842.092,0.0,5.89607142857145,1.0,1.0,1.0,20.0,0.0,0.0,1.0,0.0,1.0,A+
0.0,1842.05,0.0,1.0,1.0,2022-06-07 08:00:00,1.0,0.0,13907.0,1,0.0,1851.875,0.0,1847.238,1842.05,3.0,6.573357142857162,3.0,1.0,0.0,8.0,0.0,0.0,3.0,0.0,1.0,A+
0.0,1842.341,0.0,1.0,1.0,2022-06-07 12:00:00,1.0,0.0,22980.0,1,1.0,1853.522,0.0,1851.346,1847.236,4.0,7.048285714285726,4.0,1.0,0.0,12.0,0.0,0.0,4.0,0.0,1.3333333333333333,A+
0.0,1848.709,0.0,1.0,0.0,2022-06-07 16:00:00,0.0,0.0,11908.0,0,0.0,1855.484,0.0,1854.328,1851.352,1.0,6.440214285714286,1.0,1.0,0.0,16.0,0.0,0.0,1.0,0.0,0.3333333333333333,B
0.0,1851.126,0.0,1.0,0.0,2022-06-07 20:00:00,0.0,0.0,4921.0,0,0.0,1854.587,0.0,1853.566,1854.332,1.0,6.356357142857145,1.0,1.0,0.0,20.0,0.0,0.0,1.0,0.0,0.3333333333333333,B
0.0,1846.724,0.0,2.0,0.0,2022-06-08 00:00:00,0.0,0.0,12145.0,1,0.0,1853.728,0.0,1846.762,1853.569,1.0,6.741000000000001,1.0,1.0,0.0,0.0,0.0,0.0,1.0,0.0,0.3333333333333333,B
0.0,1845.722,0.0,2.0,0.0,2022-06-08 04:00:00,0.0,0.0,11564.0,1,1.0,1851.266,0.0,1849.944,1846.76,2.0,6.913142857142865,2.0,1.0,0.0,4.0,0.0,0.0,2.0,0.0,0.6666666666666666,A
0.0,1852.025,0.0,2.0,0.0,2022-06-08 16:00:00,0.0,0.0,11211.0,1,0.0,1858.823,0.0,1852.431,1858.353,1.0,7.726714285714268,1.0,1.0,0.0,16.0,0.0,0.0,1.0,0.0,0.3333333333333333,B
0.0,1850.854,0.0,3.0,0.0,2022-06-09 00:00:00,0.0,0.0,10505.0,0,0.0,1855.255,0.0,1855.059,1852.695,1.0,7.037428571428547,1.0,1.0,0.0,0.0,0.0,0.0,1.0,0.0,0.3333333333333333,B
0.0,1844.603,0.0,3.0,1.0,2022-06-09 08:00:00,1.0,0.0,14656.0,1,0.0,1850.889,0.0,1846.164,1850.077,3.0,7.213214285714279,3.0,1.0,0.0,8.0,0.0,0.0,3.0,0.0,1.0,A+
0.0,1844.495,0.0,4.0,0.0,2022-06-10 00:00:00,0.0,0.0,10232.0,1,0.0,1848.212,0.0,1844.763,1846.945,1.0,6.342642857142859,1.0,1.0,0.0,0.0,0.0,0.0,1.0,0.0,0.3333333333333333,B
0.0,1843.142,0.0,4.0,1.0,2022-06-10 04:00:00,0.0,0.0,12319.0,1,0.0,1847.568,0.0,1845.488,1844.778,2.0,6.411571428571425,2.0,1.0,0.0,4.0,0.0,0.0,2.0,0.0,0.6666666666666666,A
0.0,1865.927,0.0,4.0,1.0,2022-06-10 16:00:00,1.0,0.0,21053.0,0,0.0,1875.847,0.0,1871.884,1867.3,2.0,9.867285714285718,2.0,1.0,0.0,16.0,0.0,0.0,2.0,0.0,0.6666666666666666,A
0.0,1870.422,0.0,4.0,0.0,2022-06-10 20:00:00,0.0,0.0,1920.0,1,0.0,1872.377,0.0,1871.532,1871.915,0.0,8.926785714285725,0.0,1.0,0.0,20.0,0.0,0.0,0.0,0.0,0.0,B
0.0,1860.171,0.0,0.0,1.0,2022-06-13 00:00:00,1.0,0.0,18308.0,1,0.0,1877.351,0.0,1863.518,1876.93,2.0,9.798428571428612,2.0,1.0,0.0,0.0,0.0,0.0,2.0,0.0,0.6666666666666666,A
0.0,1855.594,0.0,0.0,1.0,2022-06-13 04:00:00,1.0,0.0,17319.0,1,0.0,1867.165,0.0,1857.213,1863.485,2.0,10.31057142857146,2.0,1.0,0.0,4.0,0.0,0.0,2.0,0.0,0.6666666666666666,A
0.0,1852.666,0.0,0.0,1.0,2022-06-13 08:00:00,1.0,0.0,20028.0,1,0.0,1858.935,0.0,1854.709,1857.192,2.0,10.31364285714288,2.0,1.0,0.0,8.0,0.0,0.0,2.0,0.0,0.6666666666666666,A
0.0,1823.264,0.0,0.0,1.0,2022-06-13 12:00:00,1.0,0.0,45596.0,1,0.0,1857.63,0.0,1828.955,1854.741,2.0,12.319357142857193,2.0,1.0,0.0,12.0,0.0,0.0,2.0,0.0,0.6666666666666666,A
0.0,1819.266,0.0,0.0,1.0,2022-06-13 16:00:00,1.0,0.0,25432.0,0,0.0,1833.543,0.0,1822.772,1828.956,2.0,12.451642857142897,2.0,0.0,0.0,16.0,0.0,0.0,2.0,0.0,0.6666666666666666,A
0.0,1809.14,0.0,0.0,0.0,2022-06-13 20:00:00,0.0,0.0,11583.0,1,0.0,1823.689,0.0,1821.013,1822.741,0.0,13.105285714285742,0.0,1.0,0.0,20.0,0.0,0.0,0.0,0.0,0.0,B
1.0,1819.243,0.0,1.0,0.0,2022-06-14 00:00:00,0.0,0.0,17463.0,1,0.0,1827.986,0.0,1825.389,1820.98,0.0,13.591142857142897,1.0,1.0,1.0,0.0,1.0,0.0,1.0,0.0,1.0,A+
0.0,1823.94,0.0,1.0,1.0,2022-06-14 04:00:00,1.0,0.0,18421.0,0,0.0,1831.57,0.0,1827.903,1825.391,2.0,13.87064285714288,2.0,1.0,0.0,4.0,0.0,0.0,2.0,0.0,0.6666666666666666,A
0.0,1723.49,0.0,4.0,0.0,2022-07-22 20:00:00,0.0,0.0,1848.0,0,0.0,1727.716,0.0,1727.469,1724.111,1.0,10.569785714285688,1.0,1.0,0.0,20.0,0.0,0.0,1.0,0.0,0.3333333333333333,B
0.0,1724.282,0.0,6.0,0.0,2022-07-24 20:00:00,0.0,0.0,3980.0,1,0.0,1727.089,0.0,1724.673,1726.25,1.0,9.912071428571412,1.0,1.0,0.0,20.0,0.0,0.0,1.0,0.0,0.3333333333333333,B
0.0,1723.738,0.0,0.0,1.0,2022-07-25 04:00:00,0.0,0.0,13345.0,1,0.0,1729.138,0.0,1725.593,1727.463,2.0,10.165928571428562,2.0,1.0,0.0,4.0,0.0,0.0,2.0,0.0,0.6666666666666666,A
0.0,1725.317,0.0,0.0,1.0,2022-07-25 08:00:00,0.0,0.0,15757.0,0,0.0,1736.012,0.0,1725.973,1725.626,2.0,10.280857142857128,2.0,1.0,0.0,8.0,0.0,0.0,2.0,0.0,0.6666666666666666,A
0.0,1715.466,0.0,0.0,0.0,2022-07-25 16:00:00,0.0,0.0,11376.0,1,0.0,1721.323,0.0,1719.038,1716.406,1.0,8.529785714285708,1.0,1.0,0.0,16.0,0.0,0.0,1.0,0.0,0.3333333333333333,B
0.0,1716.249,0.0,1.0,0.0,2022-07-26 16:00:00,0.0,0.0,11740.0,1,0.0,1720.183,0.0,1717.588,1716.965,0.0,7.278285714285728,0.0,1.0,0.0,16.0,0.0,0.0,0.0,0.0,0.0,B
0.0,1716.852,0.0,1.0,0.0,2022-07-26 20:00:00,0.0,0.0,4449.0,1,0.0,1718.582,0.0,1717.9,1717.558,0.0,6.621642857142872,0.0,1.0,0.0,20.0,0.0,0.0,0.0,0.0,0.0,B
1.0,1715.767,0.0,2.0,0.0,2022-07-27 00:00:00,0.0,0.0,10376.0,1,0.0,1720.1,0.0,1716.733,1717.929,0.0,6.629285714285727,1.0,1.0,1.0,0.0,2.0,0.0,1.0,0.0,1.0,A+
1.0,1713.648,0.0,2.0,0.0,2022-07-27 04:00:00,0.0,0.0,11440.0,1,0.0,1721.673,0.0,1719.734,1716.731,0.0,6.974857142857153,1.0,1.0,1.0,4.0,1.0,0.0,1.0,0.0,1.0,A+
1.0,1733.138,0.0,2.0,0.0,2022-07-27 20:00:00,0.0,0.0,7267.0,1,0.0,1739.875,1.0,1738.769,1734.461,0.0,7.500857142857155,1.0,1.0,1.0,20.0,0.0,0.0,1.0,0.0,1.0,A+
0.0,1733.993,0.0,3.0,1.0,2022-07-28 00:00:00,1.0,0.0,15323.0,1,0.0,1741.669,0.0,1736.904,1738.764,2.0,7.630785714285723,2.0,1.0,0.0,0.0,0.0,0.0,2.0,0.0,0.6666666666666666,A
0.0,1737.808,0.0,3.0,1.0,2022-07-28 08:00:00,1.0,0.0,18195.0,1,0.0,1748.472,0.0,1740.204,1744.232,2.0,8.252071428571428,2.0,1.0,0.0,8.0,0.0,0.0,2.0,0.0,0.6666666666666666,A
1.0,1750.267,0.0,3.0,0.0,2022-07-28 16:00:00,0.0,0.0,14849.0,1,0.0,1755.575,1.0,1755.299,1752.952,0.0,8.935499999999982,1.0,0.0,1.0,16.0,0.0,0.0,1.0,0.0,1.0,A+
1.0,1754.209,0.0,3.0,0.0,2022-07-28 20:00:00,0.0,0.0,5507.0,1,0.0,1757.039,1.0,1754.908,1755.329,0.0,8.546785714285695,1.0,0.0,1.0,20.0,0.0,0.0,1.0,0.0,1.0,A+
0.0,1756.269,0.0,4.0,1.0,2022-07-29 08:00:00,1.0,0.0,16790.0,1,0.0,1766.408,0.0,1761.197,1766.408,3.0,9.86299999999999,3.0,0.0,0.0,8.0,0.0,0.0,3.0,0.0,1.0,A+
0.0,1760.861,0.0,4.0,0.0,2022-07-29 16:00:00,0.0,0.0,13597.0,1,0.0,1766.641,0.0,1761.378,1765.884,1.0,10.396428571428569,1.0,0.0,0.0,16.0,0.0,0.0,1.0,0.0,0.3333333333333333,B
1.0,1761.407,0.0,4.0,0.0,2022-07-29 20:00:00,0.0,0.0,2090.0,0,0.0,1766.289,1.0,1766.178,1761.41,0.0,9.90414285714285,1.0,0.0,1.0,20.0,0.0,0.0,1.0,0.0,1.0,A+
0.0,1760.893,0.0,6.0,0.0,2022-07-31 20:00:00,0.0,0.0,3687.0,1,0.0,1765.39,0.0,1762.141,1765.356,1.0,8.761500000000003,1.0,0.0,0.0,20.0,0.0,0.0,1.0,0.0,0.3333333333333333,B
1.0,1758.22,0.0,0.0,0.0,2022-08-01 04:00:00,0.0,0.0,12599.0,1,0.0,1767.374,0.0,1764.438,1761.987,0.0,8.76549999999999,1.0,0.0,1.0,4.0,1.0,0.0,1.0,0.0,1.0,A+
0.0,1764.204,0.0,0.0,1.0,2022-08-01 12:00:00,1.0,0.0,30549.0,1,0.0,1775.302,0.0,1768.894,1772.648,2.0,9.033499999999988,2.0,0.0,0.0,12.0,0.0,0.0,2.0,0.0,0.6666666666666666,A
0.0,1766.476,0.0,0.0,1.0,2022-08-01 16:00:00,0.0,0.0,12871.0,1,0.0,1773.374,0.0,1770.893,1768.861,1.0,8.043785714285702,1.0,0.0,0.0,16.0,0.0,0.0,1.0,0.0,0.3333333333333333,B
0.0,1770.769,0.0,0.0,0.0,2022-08-01 20:00:00,0.0,0.0,4126.0,1,0.0,1772.575,0.0,1772.228,1770.895,0.0,7.793642857142848,0.0,0.0,0.0,20.0,0.0,0.0,0.0,0.0,0.0,B
0.0,1760.423,0.0,1.0,1.0,2022-08-02 16:00:00,1.0,0.0,20859.0,1,0.0,1778.326,0.0,1760.578,1778.053,2.0,8.61150000000001,2.0,0.0,0.0,16.0,0.0,0.0,2.0,0.0,0.6666666666666666,A
0.0,1754.784,0.0,1.0,0.0,2022-08-02 20:00:00,0.0,0.0,7963.0,1,0.0,1763.632,0.0,1756.675,1760.552,0.0,8.830642857142866,0.0,1.0,0.0,20.0,0.0,0.0,0.0,0.0,0.0,B
1.0,1755.493,0.0,2.0,0.0,2022-08-03 00:00:00,0.0,0.0,14931.0,1,0.0,1769.327,0.0,1768.895,1756.669,0.0,9.468000000000009,1.0,0.0,1.0,0.0,1.0,0.0,1.0,0.0,1.0,A+
0.0,1764.83,0.0,2.0,0.0,2022-08-03 04:00:00,0.0,0.0,14702.0,1,0.0,1770.596,0.0,1766.129,1768.883,0.0,9.502357142857152,0.0,0.0,0.0,4.0,0.0,0.0,0.0,0.0,0.0,B
1.0,1760.182,0.0,2.0,0.0,2022-08-03 08:00:00,0.0,0.0,14327.0,0,0.0,1768.31,0.0,1765.529,1766.162,0.0,9.703285714285714,1.0,0.0,1.0,8.0,5.0,0.0,1.0,0.0,1.0,A+
0.0,1757.437,0.0,2.0,0.0,2022-08-03 16:00:00,0.0,0.0,12827.0,0,0.0,1766.192,0.0,1765.19,1758.46,1.0,10.091785714285736,1.0,0.0,0.0,16.0,0.0,0.0,1.0,0.0,0.3333333333333333,B
0.0,1763.254,0.0,2.0,0.0,2022-08-03 20:00:00,0.0,0.0,4109.0,1,0.0,1765.985,0.0,1763.586,1765.156,1.0,9.49414285714288,1.0,0.0,0.0,20.0,0.0,0.0,1.0,0.0,0.3333333333333333,B
0.0,1769.038,0.0,3.0,0.0,2022-08-04 04:00:00,0.0,0.0,12309.0,1,0.0,1774.763,0.0,1773.005,1770.699,1.0,9.860785714285742,1.0,0.0,0.0,4.0,0.0,0.0,1.0,0.0,0.3333333333333333,B
0.0,1788.773,0.0,4.0,0.0,2022-08-05 00:00:00,0.0,0.0,11675.0,0,0.0,1794.863,0.0,1792.114,1793.347,1.0,9.12835714285716,1.0,0.0,0.0,0.0,0.0,0.0,1.0,0.0,0.3333333333333333,B
0.0,1788.517,0.0,4.0,0.0,2022-08-05 04:00:00,0.0,0.0,12180.0,0,0.0,1792.884,0.0,1790.502,1792.124,1.0,8.808285714285732,1.0,0.0,0.0,4.0,0.0,0.0,1.0,0.0,0.3333333333333333,B
0.0,1783.832,0.0,4.0,1.0,2022-08-05 08:00:00,0.0,0.0,13860.0,0,0.0,1790.729,0.0,1787.828,1790.469,2.0,8.312785714285724,2.0,0.0,0.0,8.0,0.0,0.0,2.0,0.0,0.6666666666666666,A
0.0,1772.643,0.0,6.0,0.0,2022-08-07 20:00:00,0.0,0.0,3395.0,1,0.0,1775.046,0.0,1774.558,1773.369,1.0,7.838357142857133,1.0,0.0,0.0,20.0,0.0,0.0,1.0,0.0,0.3333333333333333,B
0.0,1772.54,0.0,0.0,1.0,2022-08-08 08:00:00,0.0,0.0,12201.0,1,0.0,1783.173,0.0,1782.853,1777.698,2.0,8.286428571428571,2.0,0.0,0.0,8.0,0.0,0.0,2.0,0.0,0.6666666666666666,A
0.0,1780.612,0.0,0.0,1.0,2022-08-08 12:00:00,1.0,0.0,22748.0,1,0.0,1789.96,0.0,1787.158,1782.833,3.0,7.9719285714285695,3.0,0.0,0.0,12.0,0.0,1.0,3.0,1.0,1.0,A+
0.0,1785.635,0.0,0.0,1.0,2022-08-08 16:00:00,0.0,0.0,10904.0,1,0.0,1789.333,0.0,1788.486,1787.191,2.0,7.101785714285727,2.0,0.0,0.0,16.0,0.0,1.0,2.0,1.0,0.6666666666666666,A
0.0,1783.177,0.0,1.0,1.0,2022-08-09 00:00:00,0.0,0.0,10481.0,1,0.0,1790.141,0.0,1785.661,1789.176,2.0,6.96121428571431,2.0,0.0,0.0,0.0,0.0,1.0,2.0,1.0,0.6666666666666666,A
0.0,1783.531,0.0,1.0,0.0,2022-08-09 04:00:00,0.0,0.0,9932.0,1,0.0,1789.256,0.0,1787.086,1785.692,1.0,6.93514285714288,1.0,0.0,0.0,4.0,0.0,1.0,1.0,1.0,0.3333333333333333,B
0.0,1787.961,0.0,1.0,1.0,2022-08-09 12:00:00,1.0,0.0,25039.0,1,0.0,1800.41,0.0,1796.146,1789.435,3.0,7.61000000000003,3.0,0.0,0.0,12.0,0.0,1.0,3.0,1.0,1.0,A+
0.0,1793.278,0.0,1.0,1.0,2022-08-09 16:00:00,0.0,0.0,11177.0,0,0.0,1798.261,0.0,1793.969,1796.164,2.0,6.236928571428588,2.0,0.0,0.0,16.0,0.0,1.0,2.0,1.0,0.6666666666666666,A
1.0,1790.954,0.0,2.0,0.0,2022-08-10 00:00:00,0.0,0.0,8999.0,0,0.0,1794.569,0.0,1791.208,1794.086,0.0,6.09471428571432,1.0,0.0,1.0,0.0,2.0,1.0,1.0,1.0,1.0,A+
0.0,1787.574,0.0,2.0,1.0,2022-08-10 04:00:00,0.0,0.0,10537.0,1,0.0,1791.75,0.0,1790.427,1791.24,1.0,6.17978571428575,1.0,0.0,0.0,4.0,0.0,1.0,1.0,1.0,0.3333333333333333,B
0.0,1789.935,0.0,2.0,0.0,2022-08-10 20:00:00,0.0,0.0,4360.0,1,0.0,1792.881,0.0,1791.66,1790.24,0.0,6.86728571428575,0.0,0.0,0.0,20.0,0.0,1.0,0.0,1.0,0.0,B
0.0,1785.622,0.0,3.0,1.0,2022-08-11 08:00:00,1.0,0.0,13332.0,1,0.0,1795.166,0.0,1794.841,1788.0,3.0,7.495928571428586,3.0,0.0,0.0,8.0,0.0,1.0,3.0,1.0,1.0,A+
0.0,1786.324,0.0,3.0,1.0,2022-08-11 12:00:00,1.0,0.0,28932.0,1,0.0,1799.215,0.0,1790.343,1794.848,3.0,8.007785714285708,3.0,0.0,0.0,12.0,0.0,1.0,3.0,1.0,1.0,A+
0.0,1784.963,0.0,3.0,1.0,2022-08-11 16:00:00,0.0,0.0,12964.0,1,0.0,1791.896,0.0,1785.605,1790.365,2.0,7.912785714285714,2.0,0.0,0.0,16.0,0.0,1.0,2.0,1.0,0.6666666666666666,A
0.0,1785.538,0.0,3.0,0.0,2022-08-11 20:00:00,0.0,0.0,4630.0,1,0.0,1790.133,0.0,1788.95,1785.638,1.0,7.351785714285711,1.0,0.0,0.0,20.0,0.0,1.0,1.0,1.0,0.3333333333333333,B
0.0,1786.187,0.0,4.0,0.0,2022-08-12 00:00:00,0.0,0.0,9962.0,1,0.0,1791.4,0.0,1791.099,1788.923,1.0,7.3682142857143,1.0,0.0,0.0,0.0,0.0,1.0,1.0,1.0,0.3333333333333333,B
0.0,1794.874,0.0,4.0,1.0,2022-08-12 16:00:00,0.0,0.0,11583.0,0,1.0,1802.068,0.0,1801.406,1794.874,3.0,8.556857142857146,3.0,0.0,0.0,16.0,0.0,1.0,3.0,1.0,1.0,A+
0.0,1793.925,0.0,0.0,0.0,2022-08-15 00:00:00,0.0,0.0,10502.0,0,0.0,1801.693,0.0,1795.358,1799.072,1.0,6.948285714285719,1.0,0.0,0.0,0.0,0.0,1.0,1.0,1.0,0.3333333333333333,B
0.0,1786.008,0.0,0.0,1.0,2022-08-15 04:00:00,0.0,0.0,11202.0,0,0.0,1795.401,0.0,1786.877,1795.359,2.0,7.052571428571436,2.0,0.0,0.0,4.0,0.0,1.0,2.0,1.0,0.6666666666666666,A
0.0,1772.992,0.0,0.0,1.0,2022-08-15 12:00:00,1.0,0.0,28238.0,0,0.0,1786.218,0.0,1780.759,1775.112,3.0,8.06692857142858,3.0,1.0,0.0,12.0,0.0,1.0,3.0,1.0,1.0,A+
0.0,1777.742,0.0,0.0,0.0,2022-08-15 20:00:00,0.0,0.0,5157.0,1,0.0,1780.399,0.0,1778.509,1778.91,1.0,7.317071428571451,1.0,1.0,0.0,20.0,0.0,1.0,1.0,1.0,0.3333333333333333,B
0.0,1776.815,0.0,1.0,0.0,2022-08-16 00:00:00,0.0,0.0,9800.0,0,0.0,1783.068,0.0,1781.249,1778.547,1.0,7.435500000000014,1.0,1.0,0.0,0.0,0.0,1.0,1.0,1.0,0.3333333333333333,B
0.0,1775.759,0.0,1.0,0.0,2022-08-16 04:00:00,0.0,0.0,9696.0,1,0.0,1782.071,0.0,1775.854,1781.242,1.0,7.513999999999994,1.0,1.0,0.0,4.0,0.0,1.0,1.0,1.0,0.3333333333333333,B
0.0,1772.752,0.0,1.0,1.0,2022-08-16 16:00:00,0.0,0.0,11186.0,1,0.0,1777.515,0.0,1775.766,1774.264,1.0,6.853357142857119,1.0,1.0,0.0,16.0,0.0,1.0,1.0,1.0,0.3333333333333333,B
0.0,1775.025,0.0,1.0,0.0,2022-08-16 20:00:00,0.0,0.0,3470.0,1,0.0,1775.984,0.0,1775.556,1775.733,0.0,6.407142857142828,0.0,1.0,0.0,20.0,0.0,1.0,0.0,1.0,0.0,B
1.0,1773.813,0.0,2.0,0.0,2022-08-17 00:00:00,0.0,0.0,9329.0,0,0.0,1776.945,0.0,1775.779,1775.564,0.0,6.489499999999956,1.0,1.0,1.0,0.0,5.0,1.0,1.0,1.0,1.0,A+
1.0,1761.72,0.0,2.0,0.0,2022-08-17 20:00:00,0.0,0.0,4824.0,0,0.0,1765.285,0.0,1764.909,1764.443,0.0,6.246428571428543,1.0,1.0,1.0,20.0,3.0,1.0,1.0,1.0,1.0,A+
1.0,1760.838,0.0,3.0,0.0,2022-08-18 04:00:00,0.0,0.0,11780.0,1,0.0,1765.378,0.0,1762.726,1762.288,0.0,6.311214285714251,1.0,1.0,1.0,4.0,5.0,1.0,1.0,1.0,1.0,A+
0.0,1762.593,0.0,3.0,1.0,2022-08-18 08:00:00,1.0,0.0,14466.0,0,0.0,1772.362,0.0,1770.424,1762.701,2.0,6.562357142857114,2.0,1.0,0.0,8.0,0.0,1.0,2.0,1.0,0.6666666666666666,A
0.0,1757.18,0.0,3.0,0.0,2022-08-18 20:00:00,0.0,0.0,4454.0,0,0.0,1759.659,0.0,1758.387,1759.567,0.0,6.912857142857141,0.0,1.0,0.0,20.0,0.0,1.0,0.0,1.0,0.0,B
0.0,1749.808,0.0,4.0,1.0,2022-08-19 08:00:00,1.0,0.0,14586.0,1,0.0,1754.551,0.0,1752.998,1753.889,2.0,7.389642857142852,2.0,1.0,0.0,8.0,0.0,1.0,2.0,1.0,0.6666666666666666,A
0.0,1745.646,0.0,4.0,1.0,2022-08-19 12:00:00,1.0,0.0,25339.0,1,1.0,1758.047,0.0,1749.076,1752.968,3.0,7.653142857142841,3.0,0.0,0.0,12.0,0.0,1.0,3.0,1.0,1.0,A+
1.0,1745.49,0.0,4.0,0.0,2022-08-19 16:00:00,0.0,0.0,11675.0,1,0.0,1750.885,1.0,1746.5,1749.045,0.0,7.316142857142836,1.0,0.0,1.0,16.0,0.0,0.0,1.0,0.0,1.0,A+
1.0,1746.254,0.0,4.0,0.0,2022-08-19 20:00:00,0.0,0.0,1337.0,0,0.0,1747.485,1.0,1747.376,1746.469,0.0,6.525714285714263,1.0,0.0,1.0,20.0,0.0,0.0,1.0,0.0,1.0,A+
1.0,1744.969,0.0,6.0,0.0,2022-08-21 20:00:00,0.0,0.0,3670.0,0,0.0,1748.094,1.0,1745.664,1745.586,0.0,5.997928571428555,1.0,0.0,1.0,20.0,0.0,0.0,1.0,0.0,1.0,A+
0.0,1730.418,0.0,0.0,1.0,2022-08-22 08:00:00,1.0,0.0,17168.0,1,0.0,1738.209,0.0,1733.295,1736.923,2.0,6.597357142857147,2.0,0.0,0.0,8.0,0.0,0.0,2.0,0.0,0.6666666666666666,A
0.0,1713.467,0.0,1.0,1.0,2022-09-06 04:00:00,1.0,0.0,14198.0,0,0.0,1720.74,0.0,1715.743,1717.78,3.0,6.241999999999978,3.0,1.0,0.0,4.0,0.0,0.0,3.0,0.0,1.0,A+
0.0,1710.649,0.0,1.0,1.0,2022-09-06 08:00:00,1.0,0.0,15296.0,0,0.0,1716.021,0.0,1714.551,1715.721,3.0,6.204999999999992,3.0,1.0,0.0,8.0,0.0,0.0,3.0,0.0,1.0,A+
0.0,1701.116,0.0,1.0,1.0,2022-09-06 12:00:00,1.0,0.0,31965.0,1,0.0,1714.97,0.0,1703.015,1714.553,3.0,6.820642857142859,3.0,0.0,0.0,12.0,0.0,0.0,3.0,0.0,1.0,A+
0.0,1699.751,0.0,1.0,1.0,2022-09-06 16:00:00,1.0,0.0,15315.0,1,1.0,1704.338,0.0,1700.08,1703.011,4.0,6.161785714285721,4.0,0.0,0.0,16.0,0.0,0.0,4.0,0.0,1.3333333333333333,A+
1.0,1699.924,0.0,1.0,0.0,2022-09-06 20:00:00,0.0,0.0,4977.0,1,0.0,1703.837,0.0,1703.478,1700.05,0.0,5.896500000000011,1.0,0.0,1.0,20.0,1.0,0.0,1.0,0.0,1.0,A+
0.0,1709.488,0.0,2.0,0.0,2022-09-07 16:00:00,1.0,0.0,14645.0,1,0.0,1719.193,0.0,1717.233,1710.426,2.0,8.19971428571429,2.0,1.0,0.0,16.0,0.0,0.0,2.0,0.0,0.6666666666666666,A
0.0,1713.491,0.0,3.0,0.0,2022-09-08 00:00:00,1.0,0.0,13105.0,1,0.0,1719.265,0.0,1714.414,1716.548,2.0,8.448785714285739,2.0,1.0,0.0,0.0,0.0,0.0,2.0,0.0,0.6666666666666666,A
0.0,1716.151,0.0,3.0,1.0,2022-09-08 08:00:00,1.0,0.0,18185.0,0,0.0,1727.938,0.0,1723.762,1717.611,3.0,8.680571428571463,3.0,1.0,0.0,8.0,0.0,0.0,3.0,0.0,1.0,A+
0.0,1709.683,0.0,4.0,0.0,2022-09-09 00:00:00,0.0,0.0,12198.0,1,0.0,1720.582,0.0,1719.224,1710.618,1.0,9.64335714285718,1.0,1.0,0.0,0.0,0.0,0.0,1.0,0.0,0.3333333333333333,B
0.0,1719.697,0.0,4.0,1.0,2022-09-09 08:00:00,1.0,0.0,19355.0,1,0.0,1729.336,0.0,1720.759,1727.208,3.0,10.02971428571433,3.0,1.0,0.0,8.0,0.0,0.0,3.0,0.0,1.0,A+
0.0,1711.327,0.0,4.0,1.0,2022-09-09 12:00:00,1.0,0.0,27613.0,1,0.0,1722.471,0.0,1716.788,1720.781,2.0,9.947000000000036,2.0,1.0,0.0,12.0,0.0,0.0,2.0,0.0,0.6666666666666666,A
1.0,1714.539,0.0,4.0,0.0,2022-09-09 16:00:00,0.0,0.0,11172.0,1,0.0,1720.27,0.0,1715.661,1716.801,0.0,9.86407142857146,1.0,1.0,1.0,16.0,6.0,0.0,1.0,0.0,1.0,A+
1.0,1715.371,0.0,4.0,0.0,2022-09-09 20:00:00,0.0,0.0,1380.0,1,0.0,1718.016,0.0,1717.186,1715.626,0.0,8.88242857142859,1.0,1.0,1.0,20.0,1.0,0.0,1.0,0.0,1.0,A+
1.0,1716.742,0.0,6.0,0.0,2022-09-11 20:00:00,0.0,0.0,3416.0,0,0.0,1720.155,0.0,1718.396,1718.402,0.0,8.433000000000025,1.0,1.0,1.0,20.0,5.0,0.0,1.0,0.0,1.0,A+
0.0,1712.226,0.0,0.0,0.0,2022-09-12 00:00:00,0.0,0.0,9984.0,1,0.0,1718.694,0.0,1713.598,1718.365,0.0,8.653357142857155,0.0,1.0,0.0,0.0,0.0,0.0,0.0,0.0,0.0,B
0.0,1724.052,0.0,0.0,0.0,2022-09-12 20:00:00,0.0,0.0,4151.0,1,0.0,1726.375,0.0,1725.246,1724.403,0.0,8.050071428571446,0.0,1.0,0.0,20.0,0.0,0.0,0.0,0.0,0.0,B
0.0,1720.712,0.0,1.0,0.0,2022-09-13 00:00:00,0.0,0.0,12958.0,1,0.0,1727.54,0.0,1721.335,1725.236,0.0,8.243142857142873,0.0,1.0,0.0,0.0,0.0,0.0,0.0,0.0,0.0,B
0.0,1719.994,0.0,1.0,0.0,2022-09-13 04:00:00,0.0,0.0,12895.0,1,0.0,1725.324,0.0,1723.826,1721.331,0.0,7.845357142857162,0.0,1.0,0.0,4.0,0.0,0.0,0.0,0.0,0.0,B
0.0,1721.89,0.0,1.0,1.0,2022-09-13 08:00:00,1.0,0.0,16034.0,1,0.0,1731.429,0.0,1729.708,1723.83,2.0,7.736785714285735,2.0,1.0,0.0,8.0,0.0,0.0,2.0,0.0,0.6666666666666666,A
0.0,1696.943,0.0,1.0,1.0,2022-09-13 12:00:00,1.0,0.0,51031.0,1,1.0,1731.772,0.0,1700.93,1729.676,3.0,9.536071428571436,3.0,0.0,0.0,12.0,0.0,0.0,3.0,0.0,1.0,A+
0.0,1700.646,0.0,1.0,0.0,2022-09-13 20:00:00,0.0,0.0,5539.0,1,0.0,1703.274,0.0,1702.097,1702.469,0.0,8.995999999999997,0.0,0.0,0.0,20.0,0.0,0.0,0.0,0.0,0.0,B
0.0,1697.196,0.0,2.0,1.0,2022-09-14 00:00:00,0.0,0.0,15307.0,1,1.0,1703.559,0.0,1700.376,1702.141,2.0,9.26157142857143,2.0,0.0,0.0,0.0,0.0,0.0,2.0,0.0,0.6666666666666666,A
0.0,1698.832,0.0,2.0,1.0,2022-09-14 04:00:00,1.0,0.0,19030.0,0,0.0,1705.068,0.0,1703.143,1700.4,2.0,9.463214285714278,2.0,1.0,0.0,4.0,0.0,0.0,2.0,0.0,0.6666666666666666,A
0.0,1695.193,0.0,2.0,0.0,2022-09-14 20:00:00,0.0,0.0,4200.0,0,0.0,1698.167,0.0,1697.512,1695.587,0.0,8.43985714285712,0.0,0.0,0.0,20.0,0.0,0.0,0.0,0.0,0.0,B
0.0,1685.335,0.0,3.0,0.0,2022-09-15 04:00:00,0.0,0.0,13992.0,1,0.0,1693.242,0.0,1689.789,1692.702,0.0,8.587785714285685,0.0,0.0,0.0,4.0,0.0,0.0,0.0,0.0,0.0,B
0.0,1683.765,0.0,3.0,1.0,2022-09-15 08:00:00,1.0,0.0,17031.0,0,0.0,1691.204,0.0,1686.315,1689.758,2.0,8.631428571428533,2.0,0.0,0.0,8.0,0.0,0.0,2.0,0.0,0.6666666666666666,A
1.0,1661.286,0.0,3.0,0.0,2022-09-15 20:00:00,0.0,0.0,5686.0,1,0.0,1665.375,1.0,1662.357,1663.9,0.0,8.086499999999953,1.0,0.0,1.0,20.0,0.0,0.0,1.0,0.0,1.0,A+
1.0,1661.231,0.0,4.0,0.0,2022-09-16 00:00:00,0.0,0.0,12552.0,1,0.0,1667.659,0.0,1664.318,1662.336,0.0,8.068071428571395,1.0,0.0,1.0,0.0,1.0,0.0,1.0,0.0,1.0,A+
0.0,1723.73,0.0,1.0,0.0,2022-10-04 20:00:00,0.0,0.0,5175.0,0,0.0,1726.401,0.0,1725.563,1724.817,0.0,10.2153571428572,0.0,0.0,0.0,20.0,0.0,0.0,0.0,0.0,0.0,B
0.0,1703.12,0.0,2.0,1.0,2022-10-05 08:00:00,1.0,0.0,21909.0,1,0.0,1716.435,0.0,1706.154,1716.326,3.0,11.734857142857177,3.0,0.0,0.0,8.0,0.0,0.0,3.0,0.0,1.0,A+
0.0,1700.445,0.0,2.0,1.0,2022-10-05 12:00:00,1.0,0.0,39713.0,1,0.0,1714.136,0.0,1709.047,1706.12,3.0,12.242642857142885,3.0,0.0,0.0,12.0,0.0,0.0,3.0,0.0,1.0,A+
0.0,1707.579,0.0,2.0,1.0,2022-10-05 16:00:00,0.0,0.0,19190.0,1,0.0,1718.603,0.0,1716.115,1709.081,2.0,12.511928571428598,2.0,0.0,0.0,16.0,0.0,0.0,2.0,0.0,0.6666666666666666,A
0.0,1714.782,0.0,2.0,0.0,2022-10-05 20:00:00,0.0,0.0,5410.0,1,0.0,1718.839,0.0,1718.379,1716.146,1.0,10.637142857142878,1.0,0.0,0.0,20.0,0.0,0.0,1.0,0.0,0.3333333333333333,B
0.0,1717.977,0.0,3.0,0.0,2022-10-06 00:00:00,0.0,0.0,14538.0,1,0.0,1724.201,0.0,1722.21,1718.416,0.0,10.07200000000002,0.0,0.0,0.0,0.0,0.0,0.0,0.0,0.0,0.0,B
0.0,1719.695,0.0,3.0,0.0,2022-10-06 04:00:00,0.0,0.0,16452.0,0,0.0,1725.491,0.0,1724.629,1722.199,0.0,10.17278571428572,0.0,0.0,0.0,4.0,0.0,0.0,0.0,0.0,0.0,B
0.0,1708.167,0.0,3.0,1.0,2022-10-06 12:00:00,1.0,0.0,34799.0,1,0.0,1719.422,0.0,1708.184,1714.881,3.0,10.61028571428572,3.0,0.0,0.0,12.0,0.0,0.0,3.0,0.0,1.0,A+
0.0,1706.888,0.0,3.0,1.0,2022-10-06 16:00:00,0.0,0.0,17575.0,0,0.0,1715.13,0.0,1714.373,1708.171,2.0,10.35235714285716,2.0,0.0,0.0,16.0,0.0,0.0,2.0,0.0,0.6666666666666666,A
0.0,1710.871,0.0,3.0,0.0,2022-10-06 20:00:00,0.0,0.0,4834.0,1,0.0,1714.609,0.0,1711.893,1714.342,0.0,8.842642857142875,0.0,0.0,0.0,20.0,0.0,0.0,0.0,0.0,0.0,B
0.0,1709.101,0.0,4.0,0.0,2022-10-07 00:00:00,0.0,0.0,12865.0,1,0.0,1713.357,0.0,1709.821,1711.869,0.0,8.468857142857148,0.0,0.0,0.0,0.0,0.0,0.0,0.0,0.0,0.0,B
0.0,1708.378,0.0,4.0,0.0,2022-10-07 04:00:00,0.0,0.0,15320.0,1,0.0,1714.03,0.0,1710.847,1709.806,0.0,8.68178571428572,0.0,0.0,0.0,4.0,0.0,0.0,0.0,0.0,0.0,B
0.0,1690.453,0.0,4.0,1.0,2022-10-07 12:00:00,1.0,0.0,51312.0,1,0.0,1713.339,0.0,1703.144,1709.144,2.0,9.475857142857146,2.0,0.0,0.0,12.0,0.0,0.0,2.0,0.0,0.6666666666666666,A
0.0,1693.165,0.0,4.0,1.0,2022-10-07 16:00:00,0.0,0.0,18146.0,0,0.0,1707.178,0.0,1695.621,1703.136,1.0,9.525714285714296,1.0,1.0,0.0,16.0,0.0,0.0,1.0,0.0,0.3333333333333333,B
0.0,1694.369,0.0,4.0,0.0,2022-10-07 20:00:00,0.0,0.0,1889.0,1,0.0,1695.888,0.0,1695.001,1695.588,0.0,8.65628571428572,0.0,1.0,0.0,20.0,0.0,0.0,0.0,0.0,0.0,B
0.0,1695.794,0.0,6.0,0.0,2022-10-09 20:00:00,0.0,0.0,4572.0,0,0.0,1699.857,0.0,1696.694,1696.236,0.0,8.215714285714284,0.0,1.0,0.0,20.0,0.0,0.0,0.0,0.0,0.0,B
0.0,1673.812,0.0,0.0,1.0,2022-10-10 08:00:00,1.0,0.0,19661.0,0,0.0,1684.477,0.0,1676.987,1682.722,2.0,9.099285714285738,2.0,1.0,0.0,8.0,0.0,0.0,2.0,0.0,0.6666666666666666,A
0.0,1666.748,0.0,0.0,1.0,2022-10-10 16:00:00,0.0,0.0,15815.0,1,0.0,1671.589,0.0,1668.964,1666.841,1.0,8.609642857142878,1.0,1.0,0.0,16.0,0.0,0.0,1.0,0.0,0.3333333333333333,B
0.0,1667.45,0.0,0.0,0.0,2022-10-10 20:00:00,0.0,0.0,4052.0,1,0.0,1670.221,0.0,1670.131,1668.995,0.0,8.218857142857148,0.0,1.0,0.0,20.0,0.0,0.0,0.0,0.0,0.0,B
0.0,1661.312,0.0,1.0,1.0,2022-10-11 00:00:00,0.0,0.0,16824.0,1,0.0,1673.527,0.0,1664.134,1670.1,1.0,8.82435714285717,1.0,1.0,0.0,0.0,0.0,0.0,1.0,0.0,0.3333333333333333,B
0.0,1663.399,0.0,1.0,1.0,2022-10-11 12:00:00,1.0,0.0,33962.0,0,0.0,1681.728,0.0,1681.555,1670.154,2.0,10.071928571428623,2.0,1.0,0.0,12.0,0.0,0.0,2.0,0.0,0.6666666666666666,A
0.0,1663.881,0.0,1.0,0.0,2022-10-11 20:00:00,0.0,0.0,4963.0,1,0.0,1667.449,0.0,1664.037,1666.464,1.0,9.131071428571463,1.0,1.0,0.0,20.0,0.0,0.0,1.0,0.0,0.3333333333333333,B
0.0,1661.379,0.0,2.0,0.0,2022-10-12 00:00:00,0.0,0.0,16212.0,1,0.0,1666.831,0.0,1665.308,1664.015,1.0,9.412000000000036,1.0,1.0,0.0,0.0,0.0,0.0,1.0,0.0,0.3333333333333333,B
0.0,1667.734,0.0,2.0,0.0,2022-10-12 08:00:00,1.0,0.0,19265.0,1,0.0,1673.289,0.0,1668.465,1668.913,2.0,9.470642857142902,2.0,1.0,0.0,8.0,0.0,0.0,2.0,0.0,0.6666666666666666,A
0.0,1667.663,0.0,2.0,1.0,2022-10-12 16:00:00,1.0,0.0,21553.0,0,0.0,1678.298,0.0,1675.141,1669.452,3.0,9.538857142857166,3.0,1.0,0.0,16.0,0.0,0.0,3.0,0.0,1.0,A+
0.0,1672.523,0.0,2.0,0.0,2022-10-12 20:00:00,0.0,0.0,3852.0,0,0.0,1675.579,0.0,1674.483,1675.111,1.0,8.791928571428587,1.0,1.0,0.0,20.0,0.0,0.0,1.0,0.0,0.3333333333333333,B
0.0,1668.988,0.0,3.0,0.0,2022-10-13 00:00:00,0.0,0.0,10707.0,1,0.0,1675.422,0.0,1669.253,1674.46,1.0,8.905714285714307,1.0,1.0,0.0,0.0,0.0,0.0,1.0,0.0,0.3333333333333333,B
0.0,1666.987,0.0,3.0,0.0,2022-10-13 04:00:00,0.0,0.0,12035.0,0,0.0,1672.425,0.0,1672.278,1669.255,1.0,9.0962142857143,1.0,1.0,0.0,4.0,0.0,0.0,1.0,0.0,0.3333333333333333,B
0.0,1662.894,0.0,3.0,0.0,2022-10-13 20:00:00,0.0,0.0,5165.0,1,0.0,1666.587,0.0,1663.441,1663.87,1.0,10.051571428571426,1.0,1.0,0.0,20.0,0.0,0.0,1.0,0.0,0.3333333333333333,B
0.0,1663.568,0.0,4.0,1.0,2022-10-14 04:00:00,0.0,0.0,17723.0,0,0.0,1671.694,0.0,1667.013,1669.022,2.0,9.738071428571434,2.0,1.0,0.0,4.0,0.0,0.0,2.0,0.0,0.6666666666666666,A
0.0,1650.189,0.0,4.0,1.0,2022-10-14 08:00:00,1.0,0.0,25308.0,0,0.0,1667.117,0.0,1654.891,1667.023,3.0,10.557785714285712,3.0,1.0,0.0,8.0,0.0,0.0,3.0,0.0,1.0,A+
0.0,1648.863,0.0,0.0,1.0,2022-10-24 04:00:00,0.0,0.0,20311.0,1,1.0,1658.65,0.0,1649.232,1654.012,3.0,11.640285714285726,3.0,1.0,0.0,4.0,0.0,0.0,3.0,0.0,1.0,A+
0.0,1643.853,0.0,0.0,1.0,2022-10-24 12:00:00,1.0,0.0,39524.0,0,0.0,1654.25,0.0,1651.793,1650.003,3.0,11.507642857142873,3.0,1.0,0.0,12.0,0.0,0.0,3.0,0.0,1.0,A+
0.0,1647.724,0.0,0.0,0.0,2022-10-24 16:00:00,0.0,0.0,14658.0,1,1.0,1652.632,0.0,1650.328,1651.789,2.0,10.770928571428596,2.0,1.0,0.0,16.0,0.0,0.0,2.0,0.0,0.6666666666666666,A
0.0,1648.887,0.0,0.0,0.0,2022-10-24 20:00:00,0.0,0.0,5186.0,0,0.0,1652.547,0.0,1651.742,1650.295,1.0,9.83700000000002,1.0,1.0,0.0,20.0,0.0,0.0,1.0,0.0,0.3333333333333333,B
0.0,1644.435,0.0,1.0,0.0,2022-10-25 04:00:00,0.0,0.0,14740.0,1,0.0,1652.19,0.0,1645.149,1651.562,1.0,10.176857142857184,1.0,1.0,0.0,4.0,0.0,0.0,1.0,0.0,0.3333333333333333,B
0.0,1639.014,0.0,1.0,1.0,2022-10-25 12:00:00,1.0,0.0,35138.0,1,0.0,1662.281,0.0,1656.011,1643.793,3.0,11.19450000000003,3.0,1.0,0.0,12.0,0.0,0.0,3.0,0.0,1.0,A+
0.0,1652.079,0.0,1.0,1.0,2022-10-25 16:00:00,0.0,0.0,16108.0,0,0.0,1657.091,0.0,1653.967,1655.981,2.0,9.28085714285716,2.0,1.0,0.0,16.0,0.0,0.0,2.0,0.0,0.6666666666666666,A
0.0,1651.066,0.0,1.0,0.0,2022-10-25 20:00:00,0.0,0.0,6532.0,1,0.0,1653.931,0.0,1652.755,1653.931,1.0,8.795000000000025,1.0,1.0,0.0,20.0,0.0,0.0,1.0,0.0,0.3333333333333333,B
0.0,1663.54,0.0,2.0,1.0,2022-10-26 16:00:00,0.0,0.0,17906.0,1,0.0,1668.947,0.0,1664.709,1667.145,2.0,8.96942857142858,2.0,1.0,0.0,16.0,0.0,0.0,2.0,0.0,0.6666666666666666,A
0.0,1663.237,0.0,2.0,0.0,2022-10-26 20:00:00,0.0,0.0,6038.0,1,0.0,1667.555,0.0,1667.513,1664.748,1.0,8.535214285714298,1.0,1.0,0.0,20.0,0.0,0.0,1.0,0.0,0.3333333333333333,B
0.0,1659.024,0.0,3.0,0.0,2022-10-27 04:00:00,0.0,0.0,16977.0,0,0.0,1669.652,0.0,1662.684,1664.587,1.0,9.2885,1.0,1.0,0.0,4.0,0.0,0.0,1.0,0.0,0.3333333333333333,B
0.0,1661.003,0.0,3.0,0.0,2022-10-27 20:00:00,0.0,0.0,8529.0,0,0.0,1663.441,0.0,1661.862,1662.264,1.0,7.656571428571445,1.0,1.0,0.0,20.0,0.0,0.0,1.0,0.0,0.3333333333333333,B
0.0,1646.282,0.0,4.0,1.0,2022-10-28 08:00:00,1.0,0.0,20150.0,0,1.0,1653.797,0.0,1650.372,1652.695,4.0,8.528928571428603,4.0,1.0,0.0,8.0,0.0,0.0,4.0,0.0,1.3333333333333333,A+
0.0,1638.854,0.0,4.0,0.0,2022-10-28 16:00:00,0.0,0.0,14133.0,0,0.0,1645.203,0.0,1645.152,1639.607,1.0,8.301142857142898,1.0,1.0,0.0,16.0,0.0,0.0,1.0,0.0,0.3333333333333333,B
0.0,1643.762,0.0,4.0,0.0,2022-10-28 20:00:00,0.0,0.0,1830.0,0,0.0,1645.872,0.0,1644.448,1645.115,0.0,7.591428571428618,0.0,1.0,0.0,20.0,0.0,0.0,0.0,0.0,0.0,B
0.0,1643.003,0.0,6.0,0.0,2022-10-30 20:00:00,0.0,0.0,4695.0,1,0.0,1645.373,0.0,1643.446,1643.727,0.0,7.374500000000061,0.0,1.0,0.0,20.0,0.0,0.0,0.0,0.0,0.0,B
1.0,1640.63,0.0,0.0,0.0,2022-10-31 00:00:00,0.0,0.0,11280.0,0,0.0,1645.054,0.0,1644.333,1643.413,0.0,7.382071428571488,1.0,1.0,1.0,0.0,1.0,0.0,1.0,0.0,1.0,A+
0.0,1635.609,0.0,0.0,1.0,2022-10-31 08:00:00,0.0,0.0,16574.0,1,0.0,1642.019,0.0,1639.772,1641.132,1.0,6.841357142857207,1.0,1.0,0.0,8.0,0.0,0.0,1.0,0.0,0.3333333333333333,B
0.0,1776.695,0.0,1.0,0.0,2022-11-15 20:00:00,0.0,0.0,11947.0,0,0.0,1781.192,0.0,1780.746,1778.524,1.0,10.343785714285705,1.0,0.0,0.0,20.0,0.0,1.0,1.0,1.0,0.3333333333333333,B
0.0,1770.272,0.0,2.0,0.0,2022-11-16 04:00:00,0.0,0.0,18818.0,1,0.0,1777.691,0.0,1776.719,1771.845,1.0,10.353,1.0,0.0,0.0,4.0,0.0,1.0,1.0,1.0,0.3333333333333333,B
0.0,1775.883,0.0,2.0,1.0,2022-11-16 08:00:00,0.0,0.0,21136.0,0,0.0,1784.992,0.0,1783.482,1776.75,2.0,10.614428571428562,2.0,0.0,0.0,8.0,0.0,1.0,2.0,1.0,0.6666666666666666,A
0.0,1772.927,0.0,2.0,1.0,2022-11-16 12:00:00,1.0,0.0,34866.0,0,0.0,1783.486,0.0,1779.604,1783.452,3.0,10.954285714285724,3.0,0.0,0.0,12.0,0.0,1.0,3.0,1.0,1.0,A+
0.0,1770.898,0.0,2.0,0.0,2022-11-16 16:00:00,0.0,0.0,18687.0,1,0.0,1779.994,0.0,1774.443,1779.635,1.0,10.673642857142877,1.0,0.0,0.0,16.0,0.0,1.0,1.0,1.0,0.3333333333333333,B
0.0,1772.977,0.0,2.0,0.0,2022-11-16 20:00:00,0.0,0.0,7811.0,0,0.0,1776.128,0.0,1773.843,1774.434,1.0,9.503428571428572,1.0,0.0,0.0,20.0,0.0,1.0,1.0,1.0,0.3333333333333333,B
0.0,1763.04,0.0,3.0,0.0,2022-11-17 00:00:00,0.0,0.0,13638.0,1,0.0,1774.762,0.0,1763.884,1773.862,1.0,9.813214285714285,1.0,0.0,0.0,0.0,0.0,1.0,1.0,1.0,0.3333333333333333,B
0.0,1761.256,0.0,3.0,0.0,2022-11-17 04:00:00,0.0,0.0,14780.0,1,0.0,1768.993,0.0,1766.932,1763.916,1.0,9.993428571428565,1.0,0.0,0.0,4.0,0.0,1.0,1.0,1.0,0.3333333333333333,B
0.0,1761.455,0.0,3.0,1.0,2022-11-17 08:00:00,1.0,0.0,22166.0,1,0.0,1770.99,0.0,1765.534,1766.964,3.0,10.299071428571422,3.0,0.0,0.0,8.0,0.0,1.0,3.0,1.0,1.0,A+
0.0,1754.443,0.0,3.0,1.0,2022-11-17 12:00:00,1.0,0.0,35717.0,1,0.0,1767.519,0.0,1760.195,1765.565,3.0,10.12342857142856,3.0,0.0,0.0,12.0,0.0,1.0,3.0,1.0,1.0,A+
0.0,1759.341,0.0,3.0,0.0,2022-11-17 20:00:00,0.0,0.0,7128.0,1,0.0,1761.365,0.0,1760.058,1760.756,0.0,8.73492857142857,0.0,0.0,0.0,20.0,0.0,1.0,0.0,1.0,0.0,B
1.0,1759.935,0.0,4.0,0.0,2022-11-18 00:00:00,0.0,0.0,12283.0,1,0.0,1765.676,0.0,1764.81,1760.026,0.0,7.875571428571431,1.0,0.0,1.0,0.0,1.0,1.0,1.0,1.0,1.0,A+
0.0,1761.111,0.0,4.0,0.0,2022-11-18 04:00:00,0.0,0.0,12811.0,0,0.0,1766.857,0.0,1765.532,1764.812,0.0,7.964785714285703,0.0,0.0,0.0,4.0,0.0,1.0,0.0,1.0,0.0,B
0.0,1749.882,0.0,4.0,1.0,2022-11-18 12:00:00,1.0,0.0,27830.0,0,0.0,1764.116,0.0,1757.28,1760.268,2.0,8.312571428571411,2.0,0.0,0.0,12.0,0.0,1.0,2.0,1.0,0.6666666666666666,A
0.0,1747.592,0.0,4.0,0.0,2022-11-18 20:00:00,0.0,0.0,4844.0,1,1.0,1751.078,0.0,1750.852,1748.331,1.0,7.90107142857138,1.0,0.0,0.0,20.0,0.0,1.0,1.0,1.0,0.3333333333333333,B
0.0,1750.869,0.0,6.0,0.0,2022-11-20 20:00:00,0.0,0.0,2432.0,0,1.0,1752.595,0.0,1752.261,1751.196,1.0,7.37585714285709,1.0,0.0,0.0,20.0,0.0,1.0,1.0,1.0,0.3333333333333333,B
0.0,1736.953,0.0,0.0,1.0,2022-11-21 08:00:00,1.0,0.0,18840.0,0,0.0,1744.132,0.0,1740.006,1742.531,2.0,7.317857142857114,2.0,0.0,0.0,8.0,0.0,1.0,2.0,1.0,0.6666666666666666,A
0.0,1739.607,0.0,0.0,1.0,2022-11-28 16:00:00,1.0,0.0,18176.0,1,0.0,1746.762,0.0,1740.238,1745.408,3.0,7.206999999999978,3.0,1.0,0.0,16.0,0.0,1.0,3.0,1.0,1.0,A+
0.0,1740.23,0.0,1.0,0.0,2022-11-29 00:00:00,1.0,0.0,14459.0,1,1.0,1750.498,0.0,1750.434,1741.252,3.0,7.602571428571407,3.0,1.0,0.0,0.0,0.0,1.0,3.0,1.0,1.0,A+
0.0,1750.022,0.0,1.0,1.0,2022-11-29 04:00:00,1.0,0.0,15229.0,1,0.0,1755.029,0.0,1753.903,1750.409,3.0,7.852571428571423,3.0,1.0,0.0,4.0,0.0,1.0,3.0,1.0,1.0,A+
0.0,1752.169,0.0,1.0,1.0,2022-11-29 08:00:00,1.0,0.0,18230.0,0,0.0,1758.749,0.0,1757.304,1753.896,3.0,7.801714285714281,3.0,1.0,0.0,8.0,0.0,1.0,3.0,1.0,1.0,A+
0.0,1746.897,0.0,1.0,1.0,2022-11-29 12:00:00,1.0,0.0,25505.0,0,0.0,1757.979,0.0,1755.147,1757.273,3.0,7.898571428571439,3.0,1.0,0.0,12.0,0.0,1.0,3.0,1.0,1.0,A+
0.0,1748.827,0.0,1.0,1.0,2022-11-29 16:00:00,1.0,0.0,17118.0,0,1.0,1755.494,0.0,1750.227,1755.136,4.0,8.007785714285708,4.0,1.0,0.0,16.0,0.0,1.0,4.0,1.0,1.3333333333333333,A+
0.0,1747.829,0.0,1.0,0.0,2022-11-29 20:00:00,0.0,0.0,5864.0,1,1.0,1750.386,0.0,1748.884,1750.242,2.0,7.718642857142852,2.0,1.0,0.0,20.0,0.0,1.0,2.0,1.0,0.6666666666666666,A
1.0,1766.279,0.0,2.0,0.0,2022-11-30 20:00:00,0.0,0.0,12391.0,1,0.0,1773.44,1.0,1773.332,1767.77,0.0,8.416499999999994,1.0,1.0,1.0,20.0,0.0,1.0,1.0,1.0,1.0,A+
0.0,1771.933,0.0,3.0,1.0,2022-12-01 00:00:00,1.0,0.0,18563.0,1,0.0,1780.006,0.0,1776.573,1773.354,2.0,8.48207142857143,2.0,1.0,0.0,0.0,0.0,1.0,2.0,1.0,0.6666666666666666,A
0.0,1774.618,0.0,3.0,0.0,2022-12-01 04:00:00,0.0,0.0,16539.0,1,0.0,1783.658,0.0,1775.374,1776.543,0.0,8.953642857142865,0.0,1.0,0.0,4.0,0.0,1.0,0.0,1.0,0.0,B
0.0,1780.476,0.0,3.0,1.0,2022-12-01 12:00:00,1.0,0.0,40322.0,1,0.0,1804.091,0.0,1796.444,1780.476,2.0,10.019285714285695,2.0,0.0,0.0,12.0,0.0,1.0,2.0,1.0,0.6666666666666666,A
0.0,1795.526,0.0,4.0,0.0,2022-12-02 00:00:00,0.0,0.0,13380.0,1,1.0,1802.49,0.0,1798.165,1802.284,1.0,9.529428571428571,1.0,0.0,0.0,0.0,0.0,1.0,1.0,1.0,0.3333333333333333,B
0.0,1795.794,0.0,4.0,0.0,2022-12-02 04:00:00,0.0,0.0,14552.0,1,1.0,1802.506,0.0,1801.664,1798.18,1.0,9.826214285714286,1.0,0.0,0.0,4.0,0.0,1.0,1.0,1.0,0.3333333333333333,B
0.0,1797.914,0.0,4.0,1.0,2022-12-02 08:00:00,0.0,0.0,17978.0,1,1.0,1802.96,0.0,1798.449,1801.665,3.0,9.685785714285725,3.0,0.0,0.0,8.0,0.0,1.0,3.0,1.0,1.0,A+
0.0,1778.425,0.0,4.0,1.0,2022-12-02 12:00:00,1.0,0.0,45526.0,1,0.0,1800.937,0.0,1785.69,1798.455,3.0,11.015999999999996,3.0,1.0,0.0,12.0,0.0,1.0,3.0,1.0,1.0,A+
0.0,1784.546,0.0,4.0,1.0,2022-12-02 16:00:00,1.0,0.0,20928.0,0,1.0,1798.59,0.0,1798.516,1785.722,4.0,11.429071428571415,4.0,0.0,0.0,16.0,0.0,1.0,4.0,1.0,1.3333333333333333,A+
0.0,1797.141,0.0,4.0,0.0,2022-12-02 20:00:00,0.0,0.0,5522.0,1,0.0,1799.446,0.0,1797.945,1798.485,1.0,10.480285714285694,1.0,0.0,0.0,20.0,0.0,1.0,1.0,1.0,0.3333333333333333,B
0.0,1793.248,0.0,0.0,1.0,2022-12-05 08:00:00,0.0,0.0,18656.0,1,0.0,1800.466,0.0,1793.825,1799.85,2.0,9.513999999999962,2.0,1.0,0.0,8.0,0.0,1.0,2.0,1.0,0.6666666666666666,A
0.0,1773.007,0.0,0.0,1.0,2022-12-05 12:00:00,1.0,0.0,33478.0,0,0.0,1798.361,0.0,1777.89,1793.856,3.0,10.8555714285714,3.0,1.0,0.0,12.0,0.0,1.0,3.0,1.0,1.0,A+
0.0,1766.618,0.0,0.0,0.0,2022-12-05 20:00:00,0.0,0.0,7575.0,1,0.0,1770.278,0.0,1769.348,1768.098,1.0,9.88878571428568,1.0,1.0,0.0,20.0,0.0,1.0,1.0,1.0,0.3333333333333333,B
0.0,1768.255,0.0,1.0,0.0,2022-12-06 00:00:00,0.0,0.0,15452.0,1,0.0,1776.251,0.0,1771.976,1769.314,1.0,10.22257142857138,1.0,1.0,0.0,0.0,0.0,1.0,1.0,1.0,0.3333333333333333,B
0.0,1770.751,0.0,1.0,1.0,2022-12-06 12:00:00,1.0,0.0,23764.0,1,0.0,1780.835,0.0,1772.522,1778.858,3.0,10.83535714285709,3.0,1.0,0.0,12.0,0.0,1.0,3.0,1.0,1.0,A+
0.0,1767.201,0.0,1.0,1.0,2022-12-06 16:00:00,0.0,0.0,17074.0,1,0.0,1776.273,0.0,1771.336,1772.511,2.0,9.875357142857084,2.0,1.0,0.0,16.0,0.0,1.0,2.0,1.0,0.6666666666666666,A
0.0,1770.232,0.0,1.0,0.0,2022-12-06 20:00:00,0.0,0.0,6173.0,1,0.0,1772.711,0.0,1770.915,1771.368,1.0,9.04928571428567,1.0,1.0,0.0,20.0,0.0,1.0,1.0,1.0,0.3333333333333333,B
0.0,1768.683,0.0,2.0,0.0,2022-12-07 00:00:00,0.0,0.0,13439.0,1,0.0,1775.166,0.0,1773.149,1770.918,1.0,9.347714285714249,1.0,1.0,0.0,0.0,0.0,1.0,1.0,1.0,0.3333333333333333,B
0.0,1776.284,0.0,2.0,1.0,2022-12-07 16:00:00,1.0,0.0,19541.0,0,0.0,1790.489,0.0,1789.797,1780.516,3.0,9.809714285714238,3.0,1.0,0.0,16.0,0.0,1.0,3.0,1.0,1.0,A+
0.0,1785.417,0.0,2.0,0.0,2022-12-07 20:00:00,0.0,0.0,6608.0,1,0.0,1790.104,0.0,1786.964,1789.765,1.0,8.333499999999958,1.0,1.0,0.0,20.0,0.0,1.0,1.0,1.0,0.3333333333333333,B
0.0,1781.372,0.0,3.0,0.0,2022-12-08 00:00:00,0.0,0.0,13291.0,1,0.0,1788.067,0.0,1783.872,1786.974,1.0,7.839499999999963,1.0,1.0,0.0,0.0,0.0,1.0,1.0,1.0,0.3333333333333333,B
0.0,1781.819,0.0,3.0,0.0,2022-12-08 04:00:00,0.0,0.0,12008.0,1,0.0,1787.104,0.0,1785.908,1783.866,1.0,7.955571428571391,1.0,1.0,0.0,4.0,0.0,1.0,1.0,1.0,0.3333333333333333,B
1.0,1787.644,0.0,3.0,0.0,2022-12-08 20:00:00,0.0,0.0,5287.0,1,0.0,1790.221,0.0,1789.207,1789.499,0.0,7.123714285714267,1.0,1.0,1.0,20.0,5.0,1.0,1.0,1.0,1.0,A+
1.0,1788.466,0.0,4.0,0.0,2022-12-09 00:00:00,0.0,0.0,12859.0,1,0.0,1795.654,1.0,1795.186,1789.21,0.0,6.989142857142854,1.0,1.0,1.0,0.0,0.0,1.0,1.0,1.0,1.0,A+
0.0,1790.955,0.0,4.0,0.0,2022-12-09 04:00:00,0.0,0.0,12321.0,1,0.0,1797.668,0.0,1792.727,1795.191,0.0,7.29157142857142,0.0,1.0,0.0,4.0,0.0,1.0,0.0,1.0,0.0,B
0.0,1790.086,0.0,4.0,1.0,2022-12-09 12:00:00,1.0,0.0,35240.0,1,0.0,1805.55,0.0,1796.796,1800.41,2.0,8.406000000000015,2.0,0.0,0.0,12.0,0.0,1.0,2.0,1.0,0.6666666666666666,A
0.0,1794.761,0.0,4.0,0.0,2022-12-09 20:00:00,0.0,0.0,4969.0,0,0.0,1799.696,0.0,1797.455,1799.653,0.0,7.930500000000019,0.0,0.0,0.0,20.0,0.0,1.0,0.0,1.0,0.0,B
0.0,1794.757,0.0,6.0,0.0,2022-12-11 20:00:00,0.0,0.0,2137.0,0,0.0,1796.635,0.0,1794.954,1795.942,0.0,7.108571428571444,0.0,1.0,0.0,20.0,0.0,1.0,0.0,1.0,0.0,B
0.0,1786.757,0.0,0.0,1.0,2022-12-12 00:00:00,0.0,0.0,13348.0,1,0.0,1794.949,0.0,1787.474,1794.938,1.0,7.359285714285712,1.0,1.0,0.0,0.0,0.0,1.0,1.0,1.0,0.3333333333333333,B
0.0,1785.437,0.0,0.0,0.0,2022-12-12 04:00:00,0.0,0.0,12510.0,1,0.0,1791.935,0.0,1791.216,1787.476,0.0,7.345214285714292,0.0,1.0,0.0,4.0,0.0,1.0,0.0,1.0,0.0,B
0.0,1788.954,0.0,0.0,1.0,2022-12-12 08:00:00,0.0,0.0,14401.0,0,0.0,1795.446,0.0,1794.344,1791.219,1.0,7.431428571428569,1.0,1.0,0.0,8.0,0.0,1.0,1.0,1.0,0.3333333333333333,B
0.0,1780.983,0.0,1.0,0.0,2022-12-13 00:00:00,0.0,0.0,10887.0,1,0.0,1786.0,0.0,1782.452,1781.894,1.0,7.67328571428571,1.0,1.0,0.0,0.0,0.0,1.0,1.0,1.0,0.3333333333333333,B
0.0,1781.091,0.0,1.0,0.0,2022-12-13 04:00:00,0.0,0.0,11302.0,0,0.0,1788.586,0.0,1787.932,1782.483,1.0,7.695214285714282,1.0,1.0,0.0,4.0,0.0,1.0,1.0,1.0,0.3333333333333333,B
0.0,1782.555,0.0,1.0,1.0,2022-12-13 08:00:00,1.0,0.0,15171.0,1,0.0,1788.336,0.0,1787.493,1787.963,3.0,7.628642857142852,3.0,1.0,0.0,8.0,0.0,1.0,3.0,1.0,1.0,A+
0.0,1805.3,0.0,1.0,1.0,2022-12-13 16:00:00,1.0,0.0,28150.0,1,0.0,1815.123,0.0,1811.366,1809.725,3.0,9.063428571428563,3.0,0.0,0.0,16.0,0.0,1.0,3.0,1.0,1.0,A+
0.0,1809.364,0.0,1.0,0.0,2022-12-13 20:00:00,0.0,0.0,8260.0,0,0.0,1812.576,0.0,1809.588,1811.345,1.0,8.574428571428566,1.0,0.0,0.0,20.0,0.0,1.0,1.0,1.0,0.3333333333333333,B
0.0,1805.248,0.0,2.0,1.0,2022-12-14 08:00:00,0.0,0.0,16381.0,1,0.0,1810.106,0.0,1806.645,1808.98,2.0,8.476285714285707,2.0,0.0,0.0,8.0,0.0,1.0,2.0,1.0,0.6666666666666666,A
0.0,1804.27,0.0,2.0,1.0,2022-12-14 12:00:00,1.0,0.0,21630.0,0,0.0,1812.976,0.0,1811.898,1806.676,3.0,8.633999999999999,3.0,0.0,0.0,12.0,0.0,1.0,3.0,1.0,1.0,A+
0.0,1787.514,0.0,3.0,0.0,2022-12-15 04:00:00,0.0,0.0,15048.0,0,0.0,1796.393,0.0,1788.881,1793.085,1.0,10.220000000000011,1.0,1.0,0.0,4.0,0.0,1.0,1.0,1.0,0.3333333333333333,B
0.0,1810.391,0.0,1.0,1.0,2022-12-27 16:00:00,1.0,1.0,21547.0,1,0.0,1826.289,0.0,1812.975,1824.619,4.0,8.82650000000001,4.0,1.0,0.0,16.0,0.0,1.0,4.0,1.0,1.3333333333333333,A+
0.0,1809.548,0.0,2.0,1.0,2022-12-28 00:00:00,0.0,1.0,12247.0,0,0.0,1814.566,0.0,1810.109,1812.377,3.0,7.990357142857143,3.0,1.0,0.0,0.0,0.0,1.0,3.0,1.0,1.0,A+
0.0,1797.98,0.0,2.0,1.0,2022-12-28 12:00:00,1.0,0.0,24082.0,1,0.0,1809.412,0.0,1797.98,1803.216,3.0,8.984999999999998,3.0,1.0,0.0,12.0,0.0,1.0,3.0,1.0,1.0,A+
0.0,1805.094,0.0,3.0,0.0,2022-12-29 00:00:00,0.0,0.0,10861.0,1,0.0,1809.34,0.0,1807.547,1805.728,1.0,8.758142857142843,1.0,1.0,0.0,0.0,0.0,1.0,1.0,1.0,0.3333333333333333,B
0.0,1804.8,0.0,3.0,0.0,2022-12-29 04:00:00,0.0,0.0,10602.0,1,0.0,1810.106,0.0,1806.281,1807.579,1.0,8.807285714285708,1.0,1.0,0.0,4.0,0.0,1.0,1.0,1.0,0.3333333333333333,B
0.0,1805.193,0.0,3.0,1.0,2022-12-29 12:00:00,1.0,0.0,24588.0,1,0.0,1818.04,0.0,1813.519,1806.683,3.0,9.498785714285711,3.0,1.0,0.0,12.0,0.0,1.0,3.0,1.0,1.0,A+
0.0,1811.876,0.0,3.0,1.0,2022-12-29 16:00:00,1.0,0.0,15713.0,0,0.0,1820.145,0.0,1817.264,1813.549,3.0,9.738285714285714,3.0,1.0,0.0,16.0,0.0,1.0,3.0,1.0,1.0,A+
0.0,1813.706,0.0,3.0,0.0,2022-12-29 20:00:00,0.0,0.0,6080.0,1,0.0,1817.232,0.0,1815.096,1817.23,1.0,7.800428571428564,1.0,1.0,0.0,20.0,0.0,1.0,1.0,1.0,0.3333333333333333,B
0.0,1814.722,0.0,4.0,0.0,2022-12-30 00:00:00,0.0,0.0,10199.0,1,0.0,1819.076,0.0,1816.893,1815.108,1.0,6.975857142857145,1.0,1.0,0.0,0.0,0.0,1.0,1.0,1.0,0.3333333333333333,B
0.0,1813.189,0.0,4.0,1.0,2022-12-30 08:00:00,1.0,0.0,15087.0,1,0.0,1820.202,0.0,1818.917,1816.728,3.0,7.437785714285708,3.0,1.0,0.0,8.0,0.0,1.0,3.0,1.0,1.0,A+
0.0,1821.405,0.0,4.0,0.0,2022-12-30 20:00:00,0.0,0.0,5118.0,1,0.0,1824.68,0.0,1823.51,1821.681,1.0,7.241785714285697,1.0,1.0,0.0,20.0,0.0,1.0,1.0,1.0,0.3333333333333333,B
1.0,1823.998,0.0,0.0,0.0,2023-01-02 20:00:00,0.0,0.0,2383.0,1,0.0,1830.46,1.0,1829.131,1825.968,0.0,6.863642857142834,1.0,0.0,1.0,20.0,0.0,1.0,1.0,1.0,1.0,A+
0.0,1828.196,0.0,1.0,1.0,2023-01-03 16:00:00,1.0,1.0,22381.0,0,0.0,1840.181,0.0,1839.036,1833.171,3.0,10.185285714285715,3.0,0.0,0.0,16.0,0.0,1.0,3.0,1.0,1.0,A+
0.0,1836.484,0.0,1.0,0.0,2023-01-03 20:00:00,0.0,1.0,8048.0,1,0.0,1839.853,0.0,1836.522,1839.045,1.0,9.835285714285728,1.0,0.0,0.0,20.0,0.0,1.0,1.0,1.0,0.3333333333333333,B
0.0,1847.026,0.0,2.0,1.0,2023-01-04 16:00:00,1.0,0.0,27862.0,1,0.0,1860.354,0.0,1852.451,1857.725,2.0,11.79607142857146,2.0,0.0,0.0,16.0,0.0,1.0,2.0,1.0,0.6666666666666666,A
0.0,1851.319,0.0,2.0,0.0,2023-01-04 20:00:00,0.0,0.0,8663.0,1,0.0,1857.144,0.0,1854.827,1852.427,0.0,11.376500000000046,0.0,0.0,0.0,20.0,0.0,1.0,0.0,1.0,0.0,B
1.0,1853.295,0.0,3.0,0.0,2023-01-05 00:00:00,0.0,0.0,14433.0,1,0.0,1858.971,0.0,1853.296,1854.794,0.0,11.548000000000034,1.0,0.0,1.0,0.0,6.0,1.0,1.0,1.0,1.0,A+
0.0,1847.863,0.0,3.0,0.0,2023-01-05 04:00:00,0.0,0.0,14346.0,1,1.0,1855.609,0.0,1849.273,1853.292,1.0,11.604857142857163,1.0,0.0,0.0,4.0,0.0,1.0,1.0,1.0,0.3333333333333333,B
0.0,1843.642,0.0,3.0,1.0,2023-01-05 08:00:00,1.0,0.0,19634.0,0,0.0,1851.309,0.0,1846.247,1849.305,2.0,10.985928571428596,2.0,1.0,0.0,8.0,0.0,1.0,2.0,1.0,0.6666666666666666,A
0.0,1825.666,0.0,3.0,1.0,2023-01-05 16:00:00,1.0,0.0,20422.0,0,0.0,1837.435,0.0,1834.276,1826.824,3.0,11.451928571428589,3.0,1.0,0.0,16.0,0.0,1.0,3.0,1.0,1.0,A+
0.0,1831.544,0.0,3.0,0.0,2023-01-05 20:00:00,0.0,0.0,7088.0,1,0.0,1834.246,0.0,1832.799,1834.246,1.0,10.059571428571433,1.0,1.0,0.0,20.0,0.0,1.0,1.0,1.0,0.3333333333333333,B
0.0,1831.265,0.0,4.0,0.0,2023-01-06 00:00:00,0.0,0.0,13351.0,1,0.0,1840.824,0.0,1839.281,1832.8,1.0,9.886285714285709,1.0,1.0,0.0,0.0,0.0,1.0,1.0,1.0,0.3333333333333333,B
0.0,1835.731,0.0,4.0,0.0,2023-01-06 04:00:00,0.0,0.0,12906.0,1,0.0,1840.649,0.0,1838.339,1839.277,1.0,9.996928571428546,1.0,1.0,0.0,4.0,0.0,1.0,1.0,1.0,0.3333333333333333,B
0.0,1833.233,0.0,4.0,1.0,2023-01-06 08:00:00,0.0,0.0,16271.0,1,0.0,1840.472,0.0,1836.638,1838.372,2.0,9.731357142857112,2.0,1.0,0.0,8.0,0.0,1.0,2.0,1.0,0.6666666666666666,A
0.0,1865.636,0.0,4.0,0.0,2023-01-06 20:00:00,0.0,0.0,5508.0,1,0.0,1869.312,0.0,1865.989,1868.811,1.0,10.177071428571384,1.0,0.0,0.0,20.0,0.0,1.0,1.0,1.0,0.3333333333333333,B
1.0,1873.728,0.0,0.0,0.0,2023-01-09 04:00:00,0.0,0.0,14377.0,1,0.0,1880.917,0.0,1875.028,1877.144,0.0,10.080999999999936,1.0,0.0,1.0,4.0,6.0,1.0,1.0,1.0,1.0,A+
0.0,1870.49,0.0,0.0,1.0,2023-01-09 08:00:00,0.0,0.0,18113.0,1,0.0,1876.916,0.0,1873.012,1875.059,1.0,9.986714285714228,1.0,0.0,0.0,8.0,0.0,1.0,1.0,1.0,0.3333333333333333,B
0.0,1869.176,0.0,0.0,0.0,2023-01-09 20:00:00,0.0,0.0,7765.0,1,0.0,1875.158,0.0,1870.49,1875.158,1.0,8.668142857142811,1.0,0.0,0.0,20.0,0.0,1.0,1.0,1.0,0.3333333333333333,B
0.0,1867.789,0.0,1.0,0.0,2023-01-10 00:00:00,0.0,0.0,15889.0,1,0.0,1875.925,0.0,1871.82,1870.477,1.0,9.05414285714281,1.0,0.0,0.0,0.0,0.0,1.0,1.0,1.0,0.3333333333333333,B
0.0,1871.581,0.0,1.0,1.0,2023-01-10 08:00:00,0.0,0.0,18261.0,1,0.0,1877.221,0.0,1875.153,1871.987,2.0,8.750999999999976,2.0,0.0,0.0,8.0,0.0,1.0,2.0,1.0,0.6666666666666666,A
0.0,1875.908,0.0,1.0,0.0,2023-01-10 20:00:00,0.0,0.0,6345.0,1,0.0,1878.673,0.0,1877.167,1876.591,0.0,6.863857142857147,0.0,0.0,0.0,20.0,0.0,1.0,0.0,1.0,0.0,B
0.0,1872.009,0.0,2.0,0.0,2023-01-11 00:00:00,0.0,0.0,12759.0,1,0.0,1878.396,0.0,1877.662,1877.196,0.0,7.0575000000000045,0.0,0.0,0.0,0.0,0.0,1.0,0.0,1.0,0.0,B
0.0,1876.908,0.0,2.0,1.0,2023-01-11 04:00:00,0.0,0.0,14108.0,1,0.0,1884.555,0.0,1881.597,1877.698,1.0,7.325142857142883,1.0,0.0,0.0,4.0,0.0,1.0,1.0,1.0,0.3333333333333333,B
0.0,1869.263,0.0,2.0,1.0,2023-01-11 12:00:00,1.0,0.0,29502.0,1,0.0,1883.268,0.0,1871.973,1882.976,2.0,7.330285714285765,2.0,0.0,0.0,12.0,0.0,1.0,2.0,1.0,0.6666666666666666,A
0.0,1874.466,0.0,2.0,0.0,2023-01-11 20:00:00,0.0,0.0,6751.0,1,0.0,1878.045,0.0,1876.939,1877.71,1.0,7.278357142857219,1.0,0.0,0.0,20.0,0.0,1.0,1.0,1.0,0.3333333333333333,B
0.0,1879.851,0.0,3.0,0.0,2023-01-12 04:00:00,0.0,0.0,12137.0,1,0.0,1884.961,0.0,1882.439,1883.523,1.0,7.174500000000064,1.0,0.0,0.0,4.0,0.0,1.0,1.0,1.0,0.3333333333333333,B
0.0,1873.231,0.0,3.0,1.0,2023-01-12 12:00:00,1.0,0.0,60684.0,1,0.0,1901.404,0.0,1888.811,1885.138,3.0,8.639428571428637,3.0,0.0,0.0,12.0,0.0,1.0,3.0,1.0,1.0,A+
0.0,1888.359,0.0,3.0,1.0,2023-01-12 16:00:00,1.0,0.0,23679.0,1,0.0,1899.509,0.0,1897.745,1888.808,2.0,9.033000000000063,2.0,0.0,0.0,16.0,0.0,1.0,2.0,1.0,0.6666666666666666,A
0.0,1897.951,0.0,4.0,1.0,2023-01-13 08:00:00,1.0,0.0,21315.0,1,1.0,1909.644,0.0,1899.542,1899.557,3.0,9.311357142857188,3.0,0.0,0.0,8.0,0.0,1.0,3.0,1.0,1.0,A+
0.0,1916.844,0.0,6.0,0.0,2023-01-15 20:00:00,0.0,0.0,2928.0,1,0.0,1920.45,0.0,1916.893,1919.066,0.0,9.507285714285738,0.0,0.0,0.0,20.0,0.0,1.0,0.0,1.0,0.0,B
0.0,1913.343,0.0,0.0,0.0,2023-01-16 04:00:00,0.0,0.0,13901.0,0,0.0,1926.994,0.0,1917.11,1926.34,1.0,10.463357142857133,1.0,0.0,0.0,4.0,0.0,1.0,1.0,1.0,0.3333333333333333,B
0.0,1911.334,0.0,0.0,1.0,2023-01-16 12:00:00,0.0,0.0,16696.0,0,0.0,1917.18,0.0,1915.965,1916.501,2.0,10.75857142857142,2.0,0.0,0.0,12.0,0.0,1.0,2.0,1.0,0.6666666666666666,A
0.0,1912.765,0.0,0.0,0.0,2023-01-16 16:00:00,0.0,0.0,6115.0,0,0.0,1916.066,0.0,1915.082,1915.982,1.0,8.981999999999987,1.0,0.0,0.0,16.0,0.0,1.0,1.0,1.0,0.3333333333333333,B
1.0,1906.949,0.0,1.0,0.0,2023-01-17 04:00:00,0.0,0.0,13884.0,1,0.0,1913.205,0.0,1910.003,1910.229,0.0,8.832499999999998,1.0,0.0,1.0,4.0,5.0,1.0,1.0,1.0,1.0,A+
0.0,1907.033,0.0,1.0,1.0,2023-01-17 12:00:00,1.0,0.0,30531.0,1,0.0,1916.58,0.0,1911.007,1912.504,2.0,8.735214285714278,2.0,0.0,0.0,12.0,0.0,1.0,2.0,1.0,0.6666666666666666,A
0.0,1903.633,0.0,1.0,1.0,2023-01-17 16:00:00,1.0,0.0,18725.0,1,0.0,1913.284,0.0,1907.881,1911.029,2.0,7.812071428571422,2.0,0.0,0.0,16.0,0.0,1.0,2.0,1.0,0.6666666666666666,A
1.0,1907.482,0.0,1.0,0.0,2023-01-17 20:00:00,0.0,0.0,7569.0,1,0.0,1910.752,0.0,1908.691,1907.851,0.0,7.156285714285706,1.0,0.0,1.0,20.0,4.0,1.0,1.0,1.0,1.0,A+
0.0,1899.183,0.0,2.0,1.0,2023-01-18 00:00:00,1.0,0.0,20332.0,1,1.0,1910.319,0.0,1900.092,1908.674,3.0,7.738571428571423,3.0,0.0,0.0,0.0,0.0,1.0,3.0,1.0,1.0,A+
0.0,1907.741,0.0,2.0,0.0,2023-01-18 08:00:00,1.0,0.0,18298.0,0,0.0,1916.735,0.0,1915.647,1907.741,2.0,8.139214285714274,2.0,0.0,0.0,8.0,0.0,1.0,2.0,1.0,0.6666666666666666,A
0.0,1901.547,0.0,2.0,1.0,2023-01-18 16:00:00,1.0,0.0,24057.0,1,0.0,1912.739,0.0,1905.061,1912.234,3.0,8.395500000000002,3.0,0.0,0.0,16.0,0.0,1.0,3.0,1.0,1.0,A+
0.0,1902.275,0.0,2.0,0.0,2023-01-18 20:00:00,0.0,0.0,7999.0,1,0.0,1907.306,0.0,1906.818,1905.092,1.0,8.337285714285713,1.0,0.0,0.0,20.0,0.0,1.0,1.0,1.0,0.3333333333333333,B
0.0,1906.368,0.0,3.0,0.0,2023-01-19 04:00:00,0.0,0.0,14929.0,1,0.0,1912.885,0.0,1911.28,1908.95,1.0,9.026857142857123,1.0,0.0,0.0,4.0,0.0,1.0,1.0,1.0,0.3333333333333333,B
0.0,1929.281,0.0,3.0,0.0,2023-01-19 20:00:00,0.0,0.0,9673.0,1,0.0,1935.129,0.0,1931.68,1929.62,0.0,9.904071428571408,0.0,0.0,0.0,20.0,0.0,1.0,0.0,1.0,0.0,B
1.0,1927.466,0.0,4.0,0.0,2023-01-20 00:00:00,0.0,0.0,13219.0,1,0.0,1934.797,0.0,1927.535,1931.683,0.0,9.738357142857126,1.0,0.0,1.0,0.0,2.0,1.0,1.0,1.0,1.0,A+
1.0,1923.156,0.0,4.0,0.0,2023-01-20 04:00:00,0.0,0.0,13999.0,0,0.0,1933.047,1.0,1933.026,1927.539,0.0,10.211285714285705,1.0,0.0,1.0,4.0,0.0,1.0,1.0,1.0,1.0,A+
0.0,1922.787,0.0,4.0,1.0,2023-01-20 16:00:00,0.0,0.0,18442.0,0,0.0,1930.959,0.0,1929.653,1926.352,2.0,9.984857142857145,2.0,0.0,0.0,16.0,0.0,1.0,2.0,1.0,0.6666666666666666,A
0.0,1925.9,0.0,4.0,0.0,2023-01-20 20:00:00,0.0,0.0,5023.0,1,0.0,1929.944,0.0,1925.916,1929.629,1.0,9.237357142857132,1.0,0.0,0.0,20.0,0.0,1.0,1.0,1.0,0.3333333333333333,B
0.0,1924.189,0.0,6.0,0.0,2023-01-22 20:00:00,0.0,0.0,2521.0,1,0.0,1927.327,0.0,1927.258,1924.243,1.0,8.662071428571412,1.0,0.0,0.0,20.0,0.0,1.0,1.0,1.0,0.3333333333333333,B
0.0,1927.232,0.0,0.0,0.0,2023-01-23 00:00:00,0.0,0.0,11990.0,0,0.0,1935.466,0.0,1930.603,1927.232,1.0,8.890857142857126,1.0,0.0,0.0,0.0,0.0,1.0,1.0,1.0,0.3333333333333333,B
0.0,1919.641,0.0,0.0,1.0,2023-01-23 04:00:00,0.0,0.0,13917.0,1,0.0,1931.158,0.0,1920.224,1930.6,2.0,9.013214285714266,2.0,0.0,0.0,4.0,0.0,1.0,2.0,1.0,0.6666666666666666,A
0.0,1918.778,0.0,0.0,1.0,2023-01-23 08:00:00,1.0,0.0,17985.0,1,0.0,1929.315,0.0,1925.518,1920.258,3.0,9.300357142857122,3.0,0.0,0.0,8.0,0.0,1.0,3.0,1.0,1.0,A+
0.0,1925.96,0.0,0.0,0.0,2023-01-23 20:00:00,0.0,0.0,7598.0,1,0.0,1932.692,0.0,1931.325,1926.407,1.0,8.829428571428561,1.0,0.0,0.0,20.0,0.0,1.0,1.0,1.0,0.3333333333333333,B
0.0,1930.77,0.0,1.0,0.0,2023-01-24 00:00:00,0.0,0.0,9893.0,1,0.0,1937.001,0.0,1933.435,1931.313,1.0,8.856785714285706,1.0,0.0,0.0,0.0,0.0,1.0,1.0,1.0,0.3333333333333333,B
0.0,1916.962,0.0,1.0,1.0,2023-01-24 12:00:00,1.0,0.0,35929.0,1,0.0,1939.386,0.0,1934.973,1937.201,3.0,9.715499999999988,3.0,0.0,0.0,12.0,0.0,1.0,3.0,1.0,1.0,A+
0.0,1930.122,0.0,1.0,1.0,2023-01-24 16:00:00,1.0,0.0,18950.0,0,0.0,1938.202,0.0,1938.056,1935.005,3.0,9.554499999999978,3.0,0.0,0.0,16.0,0.0,1.0,3.0,1.0,1.0,A+
0.0,1936.271,0.0,1.0,0.0,2023-01-24 20:00:00,0.0,0.0,6418.0,1,0.0,1938.191,0.0,1936.963,1938.087,1.0,9.107928571428554,1.0,0.0,0.0,20.0,0.0,1.0,1.0,1.0,0.3333333333333333,B
0.0,1928.724,0.0,2.0,0.0,2023-01-25 00:00:00,0.0,0.0,12104.0,1,0.0,1939.66,0.0,1931.738,1936.953,1.0,9.600214285714287,1.0,0.0,0.0,0.0,0.0,1.0,1.0,1.0,0.3333333333333333,B
0.0,1925.781,0.0,2.0,1.0,2023-01-25 04:00:00,0.0,0.0,15412.0,1,0.0,1933.736,0.0,1928.702,1931.768,2.0,9.944285714285732,2.0,0.0,0.0,4.0,0.0,1.0,2.0,1.0,0.6666666666666666,A
0.0,1922.687,0.0,2.0,1.0,2023-01-25 08:00:00,1.0,0.0,18117.0,1,0.0,1932.348,0.0,1925.905,1928.733,3.0,10.046214285714314,3.0,0.0,0.0,8.0,0.0,1.0,3.0,1.0,1.0,A+
0.0,1938.023,0.0,3.0,0.0,2023-01-26 04:00:00,0.0,0.0,14477.0,1,0.0,1948.919,0.0,1942.906,1947.675,1.0,10.145285714285754,1.0,0.0,0.0,4.0,0.0,1.0,1.0,1.0,0.3333333333333333,B
0.0,1933.068,0.0,3.0,1.0,2023-01-26 08:00:00,1.0,0.0,17593.0,1,0.0,1945.04,0.0,1936.961,1942.876,3.0,10.55535714285718,3.0,0.0,0.0,8.0,0.0,1.0,3.0,1.0,1.0,A+
0.0,1923.156,0.0,3.0,1.0,2023-01-26 12:00:00,1.0,0.0,39304.0,1,0.0,1942.332,0.0,1924.812,1936.991,3.0,11.240714285714327,3.0,0.0,0.0,12.0,0.0,1.0,3.0,1.0,1.0,A+
0.0,1918.36,0.0,3.0,1.0,2023-01-26 16:00:00,1.0,0.0,23975.0,0,0.0,1933.09,0.0,1931.185,1924.782,3.0,11.7131428571429,3.0,0.0,0.0,16.0,0.0,1.0,3.0,1.0,1.0,A+
0.0,1928.269,0.0,3.0,0.0,2023-01-26 20:00:00,0.0,0.0,6713.0,1,0.0,1931.215,0.0,1930.718,1931.215,1.0,10.321857142857182,1.0,0.0,0.0,20.0,0.0,1.0,1.0,1.0,0.3333333333333333,B
0.0,1923.868,0.0,4.0,0.0,2023-01-27 00:00:00,0.0,0.0,11887.0,1,0.0,1934.79,0.0,1924.694,1930.679,0.0,10.524857142857188,0.0,1.0,0.0,0.0,0.0,1.0,0.0,1.0,0.0,B
0.0,1919.812,0.0,4.0,0.0,2023-01-27 04:00:00,0.0,0.0,13009.0,1,0.0,1925.706,0.0,1923.093,1924.699,0.0,10.808714285714329,0.0,1.0,0.0,4.0,0.0,1.0,0.0,1.0,0.0,B
0.0,1922.962,0.0,4.0,1.0,2023-01-27 08:00:00,0.0,0.0,14660.0,1,0.0,1931.398,0.0,1930.093,1923.126,1.0,10.630142857142882,1.0,1.0,0.0,8.0,0.0,1.0,1.0,1.0,0.3333333333333333,B
0.0,1923.811,0.0,4.0,1.0,2023-01-27 16:00:00,0.0,0.0,18362.0,0,0.0,1932.128,0.0,1929.886,1924.057,2.0,11.292357142857163,2.0,1.0,0.0,16.0,0.0,1.0,2.0,1.0,0.6666666666666666,A
0.0,1926.162,0.0,4.0,0.0,2023-01-27 20:00:00,0.0,0.0,5077.0,0,0.0,1930.54,0.0,1928.265,1929.904,1.0,10.264071428571452,1.0,1.0,0.0,20.0,0.0,1.0,1.0,1.0,0.3333333333333333,B
0.0,1926.408,0.0,6.0,0.0,2023-01-29 20:00:00,0.0,0.0,2431.0,1,0.0,1928.918,0.0,1928.854,1926.737,1.0,9.415285714285735,1.0,1.0,0.0,20.0,0.0,1.0,1.0,1.0,0.3333333333333333,B
0.0,1920.627,0.0,0.0,1.0,2023-01-30 08:00:00,1.0,0.0,19180.0,1,0.0,1930.707,0.0,1923.154,1924.478,3.0,9.703071428571434,3.0,1.0,0.0,8.0,0.0,1.0,3.0,1.0,1.0,A+
0.0,1920.748,0.0,0.0,1.0,2023-01-30 16:00:00,1.0,0.0,16511.0,0,0.0,1925.776,0.0,1923.276,1925.57,3.0,8.399071428571428,3.0,1.0,0.0,16.0,0.0,1.0,3.0,1.0,1.0,A+
0.0,1921.162,0.0,0.0,0.0,2023-01-30 20:00:00,0.0,0.0,6916.0,0,0.0,1923.598,0.0,1922.089,1923.278,1.0,7.520928571428564,1.0,1.0,0.0,20.0,0.0,1.0,1.0,1.0,0.3333333333333333,B
0.0,1901.123,0.0,1.0,1.0,2023-01-31 08:00:00,1.0,0.0,19727.0,1,0.0,1914.849,0.0,1904.174,1914.386,2.0,8.264357142857127,2.0,1.0,0.0,8.0,0.0,1.0,2.0,1.0,0.6666666666666666,A
0.0,1916.967,0.0,3.0,1.0,2023-02-02 12:00:00,1.0,0.0,52843.0,0,0.0,1955.928,0.0,1926.115,1954.714,3.0,12.731357142857096,3.0,1.0,0.0,12.0,0.0,1.0,3.0,1.0,1.0,A+
0.0,1911.751,0.0,3.0,1.0,2023-02-02 16:00:00,1.0,0.0,27933.0,1,0.0,1926.273,0.0,1913.204,1926.078,3.0,12.788214285714243,3.0,1.0,0.0,16.0,0.0,1.0,3.0,1.0,1.0,A+
0.0,1911.211,0.0,3.0,0.0,2023-02-02 20:00:00,0.0,0.0,12162.0,1,0.0,1915.405,0.0,1915.002,1913.172,1.0,11.051214285714243,1.0,1.0,0.0,20.0,0.0,1.0,1.0,1.0,0.3333333333333333,B
0.0,1910.086,0.0,4.0,1.0,2023-02-03 04:00:00,0.0,0.0,15317.0,0,0.0,1918.17,0.0,1913.638,1916.269,2.0,11.462285714285697,2.0,1.0,0.0,4.0,0.0,1.0,2.0,1.0,0.6666666666666666,A
0.0,1842.241,0.0,0.0,0.0,2023-02-20 12:00:00,0.0,0.0,10979.0,0,0.0,1846.897,0.0,1843.193,1844.758,1.0,8.3002142857143,1.0,0.0,0.0,12.0,0.0,0.0,1.0,0.0,0.3333333333333333,B
0.0,1840.239,0.0,0.0,0.0,2023-02-20 16:00:00,0.0,0.0,4956.0,0,0.0,1843.978,0.0,1841.069,1843.183,1.0,7.643285714285737,1.0,0.0,0.0,16.0,0.0,0.0,1.0,0.0,0.3333333333333333,B
0.0,1833.525,0.0,1.0,1.0,2023-02-21 04:00:00,0.0,1.0,12951.0,1,0.0,1839.693,0.0,1834.777,1838.387,3.0,6.4304285714285765,3.0,0.0,0.0,4.0,0.0,0.0,3.0,0.0,1.0,A+
0.0,1831.05,0.0,1.0,1.0,2023-02-21 08:00:00,1.0,1.0,19505.0,1,0.0,1836.748,0.0,1833.791,1834.747,4.0,6.357785714285716,4.0,0.0,0.0,8.0,0.0,0.0,4.0,0.0,1.3333333333333333,A+
0.0,1830.204,0.0,1.0,1.0,2023-02-21 12:00:00,1.0,1.0,30503.0,0,0.0,1843.801,0.0,1838.71,1833.798,4.0,6.67507142857143,4.0,0.0,0.0,12.0,0.0,0.0,4.0,0.0,1.3333333333333333,A+
0.0,1831.687,0.0,1.0,1.0,2023-02-21 16:00:00,1.0,1.0,19023.0,1,0.0,1839.461,0.0,1834.017,1838.742,4.0,5.935785714285722,4.0,0.0,0.0,16.0,0.0,0.0,4.0,0.0,1.3333333333333333,A+
0.0,1834.048,0.0,1.0,0.0,2023-02-21 20:00:00,0.0,1.0,5904.0,1,0.0,1836.484,0.0,1835.548,1834.048,2.0,5.450500000000001,2.0,0.0,0.0,20.0,0.0,0.0,2.0,0.0,0.6666666666666666,A
0.0,1834.592,0.0,2.0,0.0,2023-02-22 04:00:00,0.0,1.0,10305.0,1,0.0,1839.931,0.0,1839.882,1836.152,2.0,5.593928571428576,2.0,0.0,0.0,4.0,0.0,0.0,2.0,0.0,0.6666666666666666,A
0.0,1832.02,0.0,2.0,1.0,2023-02-22 08:00:00,1.0,0.0,17723.0,0,0.0,1841.137,0.0,1838.851,1839.85,3.0,5.826857142857144,3.0,1.0,0.0,8.0,0.0,0.0,3.0,0.0,1.0,A+
0.0,1823.143,0.0,3.0,0.0,2023-02-23 00:00:00,0.0,0.0,12325.0,1,0.0,1830.414,0.0,1827.855,1825.086,0.0,7.089285714285698,0.0,0.0,0.0,0.0,0.0,0.0,0.0,0.0,0.0,B
1.0,1827.472,0.0,3.0,0.0,2023-02-23 04:00:00,0.0,0.0,12265.0,0,0.0,1833.723,0.0,1829.709,1827.835,0.0,7.429214285714271,1.0,1.0,1.0,4.0,4.0,0.0,1.0,0.0,1.0,A+
0.0,1817.188,0.0,3.0,1.0,2023-02-23 12:00:00,1.0,0.0,32141.0,0,0.0,1829.968,0.0,1823.527,1826.406,2.0,7.844142857142856,2.0,0.0,0.0,12.0,0.0,0.0,2.0,0.0,0.6666666666666666,A
0.0,1818.408,0.0,3.0,1.0,2023-02-23 16:00:00,1.0,0.0,21798.0,1,0.0,1824.11,0.0,1822.92,1823.522,2.0,7.844428571428564,2.0,0.0,0.0,16.0,0.0,0.0,2.0,0.0,0.6666666666666666,A
1.0,1822.135,0.0,3.0,0.0,2023-02-23 20:00:00,0.0,0.0,5922.0,1,0.0,1824.086,0.0,1823.166,1822.938,0.0,7.012571428571424,1.0,0.0,1.0,20.0,5.0,0.0,1.0,0.0,1.0,A+
0.0,1822.944,0.0,4.0,1.0,2023-02-24 00:00:00,0.0,0.0,14182.0,0,0.0,1827.755,0.0,1825.692,1823.187,1.0,6.800928571428569,1.0,1.0,0.0,0.0,0.0,0.0,1.0,0.0,0.3333333333333333,B
1.0,1821.721,0.0,4.0,0.0,2023-02-24 04:00:00,0.0,0.0,11475.0,0,0.0,1826.364,0.0,1822.036,1825.713,0.0,6.956357142857152,1.0,0.0,1.0,4.0,2.0,0.0,1.0,0.0,1.0,A+
1.0,1810.511,0.0,4.0,0.0,2023-02-24 20:00:00,0.0,0.0,5315.0,1,0.0,1813.395,1.0,1810.778,1810.898,0.0,6.57507142857144,1.0,0.0,1.0,20.0,0.0,0.0,1.0,0.0,1.0,A+
1.0,1811.239,0.0,6.0,0.0,2023-02-26 20:00:00,0.0,0.0,2182.0,0,0.0,1813.078,0.0,1811.74,1811.891,0.0,5.856071428571438,1.0,0.0,1.0,20.0,5.0,0.0,1.0,0.0,1.0,A+
0.0,1847.207,0.0,0.0,1.0,2023-03-06 08:00:00,1.0,0.0,15858.0,1,0.0,1857.092,0.0,1848.452,1856.195,2.0,6.395142857142836,2.0,1.0,0.0,8.0,0.0,0.0,2.0,0.0,0.6666666666666666,A
0.0,1848.038,0.0,0.0,1.0,2023-03-06 12:00:00,1.0,0.0,21452.0,1,1.0,1853.923,0.0,1850.982,1848.454,3.0,6.291142857142826,3.0,1.0,0.0,12.0,0.0,0.0,3.0,0.0,1.0,A+
0.0,1845.066,0.0,0.0,1.0,2023-03-06 16:00:00,1.0,0.0,16755.0,1,0.0,1852.756,0.0,1846.09,1850.95,2.0,6.20635714285712,2.0,1.0,0.0,16.0,0.0,0.0,2.0,0.0,0.6666666666666666,A
0.0,1845.604,0.0,0.0,0.0,2023-03-06 20:00:00,0.0,0.0,5909.0,1,0.0,1847.252,0.0,1846.323,1846.072,0.0,5.865357142857111,0.0,1.0,0.0,20.0,0.0,0.0,0.0,0.0,0.0,B
0.0,1844.02,0.0,1.0,0.0,2023-03-07 00:00:00,0.0,0.0,12087.0,1,0.0,1850.432,0.0,1847.538,1846.303,0.0,6.093571428571392,0.0,1.0,0.0,0.0,0.0,0.0,0.0,0.0,0.0,B
0.0,1845.366,0.0,1.0,0.0,2023-03-07 04:00:00,0.0,0.0,10969.0,0,0.0,1851.468,0.0,1848.436,1847.53,0.0,6.265214285714267,0.0,1.0,0.0,4.0,0.0,0.0,0.0,0.0,0.0,B
0.0,1812.323,0.0,2.0,1.0,2023-03-08 08:00:00,0.0,0.0,13449.0,1,0.0,1816.576,0.0,1815.0,1814.166,2.0,7.55871428571431,2.0,1.0,0.0,8.0,0.0,0.0,2.0,0.0,0.6666666666666666,A
0.0,1812.159,0.0,2.0,1.0,2023-03-08 12:00:00,1.0,0.0,33363.0,1,0.0,1824.235,0.0,1820.599,1815.017,3.0,8.037714285714287,3.0,1.0,0.0,12.0,0.0,0.0,3.0,0.0,1.0,A+
0.0,1813.278,0.0,2.0,1.0,2023-03-08 16:00:00,1.0,0.0,19170.0,0,0.0,1821.851,0.0,1816.233,1820.635,3.0,7.944000000000009,3.0,1.0,0.0,16.0,0.0,0.0,3.0,0.0,1.0,A+
0.0,1812.834,0.0,2.0,0.0,2023-03-08 20:00:00,0.0,0.0,5961.0,1,0.0,1816.312,0.0,1815.196,1816.264,1.0,7.772071428571427,1.0,1.0,0.0,20.0,0.0,0.0,1.0,0.0,0.3333333333333333,B
0.0,1811.922,0.0,3.0,0.0,2023-03-09 00:00:00,0.0,0.0,10363.0,1,0.0,1816.446,0.0,1813.708,1815.209,1.0,7.545928571428557,1.0,1.0,0.0,0.0,0.0,0.0,1.0,0.0,0.3333333333333333,B
0.0,1812.696,0.0,3.0,0.0,2023-03-09 04:00:00,0.0,0.0,10002.0,1,0.0,1816.008,0.0,1814.774,1813.712,1.0,7.664785714285715,1.0,1.0,0.0,4.0,0.0,0.0,1.0,0.0,0.3333333333333333,B
0.0,1813.645,0.0,3.0,1.0,2023-03-09 08:00:00,0.0,0.0,13196.0,1,0.0,1820.308,0.0,1818.733,1814.783,2.0,7.682714285714285,2.0,1.0,0.0,8.0,0.0,0.0,2.0,0.0,0.6666666666666666,A
0.0,1815.424,0.0,3.0,1.0,2023-03-09 12:00:00,1.0,0.0,27118.0,1,0.0,1835.398,0.0,1828.576,1818.698,3.0,8.673571428571417,3.0,1.0,0.0,12.0,0.0,0.0,3.0,0.0,1.0,A+
0.0,1825.492,0.0,3.0,1.0,2023-03-09 16:00:00,1.0,0.0,21612.0,1,0.0,1834.998,0.0,1830.512,1828.608,2.0,8.728214285714282,2.0,1.0,0.0,16.0,0.0,0.0,2.0,0.0,0.6666666666666666,A
0.0,1828.954,0.0,3.0,0.0,2023-03-09 20:00:00,0.0,0.0,8537.0,1,0.0,1832.295,0.0,1831.569,1830.545,0.0,7.065999999999998,0.0,1.0,0.0,20.0,0.0,0.0,0.0,0.0,0.0,B
0.0,1828.075,0.0,4.0,1.0,2023-03-10 00:00:00,1.0,0.0,16139.0,1,0.0,1834.83,0.0,1829.2,1831.565,2.0,6.800571428571418,2.0,1.0,0.0,0.0,0.0,0.0,2.0,0.0,0.6666666666666666,A
0.0,1830.91,0.0,4.0,1.0,2023-03-10 08:00:00,1.0,0.0,16854.0,1,0.0,1837.046,0.0,1834.91,1833.548,2.0,7.196642857142836,2.0,1.0,0.0,8.0,0.0,0.0,2.0,0.0,0.6666666666666666,A
0.0,1831.765,0.0,4.0,1.0,2023-03-10 12:00:00,1.0,0.0,52493.0,1,0.0,1867.404,0.0,1863.028,1834.941,2.0,9.370142857142826,2.0,0.0,0.0,12.0,0.0,0.0,2.0,0.0,0.6666666666666666,A
0.0,1854.087,0.0,4.0,1.0,2023-03-10 16:00:00,1.0,0.0,33294.0,1,0.0,1865.369,0.0,1863.818,1863.024,2.0,9.872214285714254,2.0,0.0,0.0,16.0,0.0,0.0,2.0,0.0,0.6666666666666666,A
0.0,1863.514,0.0,4.0,0.0,2023-03-10 20:00:00,0.0,0.0,9150.0,1,0.0,1870.031,0.0,1867.109,1863.842,0.0,9.475142857142844,0.0,0.0,0.0,20.0,0.0,0.0,0.0,0.0,0.0,B
0.0,1872.137,0.0,0.0,1.0,2023-03-13 00:00:00,1.0,0.0,25320.0,1,0.0,1888.785,0.0,1882.539,1877.716,2.0,11.750571428571432,2.0,0.0,0.0,0.0,0.0,0.0,2.0,0.0,0.6666666666666666,A
1.0,1871.496,0.0,0.0,0.0,2023-03-13 04:00:00,0.0,0.0,18706.0,1,0.0,1883.653,0.0,1876.235,1882.572,0.0,12.29578571428572,1.0,1.0,1.0,4.0,2.0,0.0,1.0,0.0,1.0,A+
0.0,1887.177,0.0,0.0,1.0,2023-03-13 12:00:00,1.0,0.0,75169.0,1,0.0,1913.016,0.0,1904.91,1889.631,2.0,14.737142857142851,2.0,0.0,0.0,12.0,0.0,0.0,2.0,0.0,0.6666666666666666,A
1.0,1909.909,0.0,0.0,0.0,2023-03-13 20:00:00,0.0,0.0,5421.0,1,0.0,1914.07,1.0,1912.025,1913.263,0.0,13.73321428571426,1.0,0.0,1.0,20.0,0.0,0.0,1.0,0.0,1.0,A+
0.0,1902.565,0.0,1.0,0.0,2023-03-14 00:00:00,0.0,0.0,16383.0,1,0.0,1914.113,0.0,1902.877,1912.055,0.0,14.319428571428537,0.0,0.0,0.0,0.0,0.0,1.0,0.0,1.0,0.0,B
0.0,1900.545,0.0,1.0,1.0,2023-03-14 08:00:00,1.0,0.0,24872.0,0,0.0,1913.297,0.0,1904.116,1912.557,2.0,15.104357142857111,2.0,0.0,0.0,8.0,0.0,1.0,2.0,1.0,0.6666666666666666,A
1.0,1902.453,0.0,1.0,0.0,2023-03-14 20:00:00,0.0,0.0,4393.0,1,0.0,1904.65,0.0,1903.064,1902.453,0.0,13.225142857142844,1.0,0.0,1.0,20.0,4.0,1.0,1.0,1.0,1.0,A+
1.0,1899.925,0.0,2.0,0.0,2023-03-15 00:00:00,0.0,0.0,14463.0,0,0.0,1905.638,0.0,1902.849,1903.055,0.0,13.167714285714268,1.0,0.0,1.0,0.0,5.0,1.0,1.0,1.0,1.0,A+
0.0,1896.302,0.0,2.0,0.0,2023-03-15 04:00:00,0.0,0.0,14488.0,1,0.0,1903.416,0.0,1896.456,1902.844,0.0,11.728785714285696,0.0,0.0,0.0,4.0,0.0,1.0,0.0,1.0,0.0,B
0.0,1916.967,0.0,2.0,1.0,2023-03-15 12:00:00,1.0,0.0,68288.0,0,0.0,1930.328,0.0,1927.151,1918.075,2.0,12.996285714285689,2.0,0.0,0.0,12.0,0.0,1.0,2.0,1.0,0.6666666666666666,A
0.0,1916.128,0.0,2.0,0.0,2023-03-15 20:00:00,0.0,0.0,5478.0,1,0.0,1922.796,0.0,1921.155,1916.747,1.0,12.341428571428551,1.0,0.0,0.0,20.0,0.0,1.0,1.0,1.0,0.3333333333333333,B
0.0,1907.298,0.0,3.0,1.0,2023-03-16 00:00:00,0.0,0.0,24206.0,1,0.0,1924.344,0.0,1913.197,1921.145,2.0,12.754428571428564,2.0,0.0,0.0,0.0,0.0,1.0,2.0,1.0,0.6666666666666666,A
0.0,1912.189,0.0,3.0,0.0,2023-03-16 04:00:00,0.0,0.0,20161.0,1,0.0,1920.675,0.0,1916.643,1913.208,1.0,13.06335714285714,1.0,0.0,0.0,4.0,0.0,1.0,1.0,1.0,0.3333333333333333,B
0.0,1915.759,0.0,3.0,0.0,2023-03-16 08:00:00,0.0,0.0,21875.0,1,0.0,1927.035,0.0,1926.878,1916.673,1.0,13.043928571428571,1.0,0.0,0.0,8.0,0.0,1.0,1.0,1.0,0.3333333333333333,B
0.0,1913.335,0.0,3.0,1.0,2023-03-16 12:00:00,1.0,0.0,64088.0,1,0.0,1933.437,0.0,1918.692,1926.908,3.0,13.626642857142851,3.0,0.0,0.0,12.0,0.0,1.0,3.0,1.0,1.0,A+
0.0,1918.196,0.0,4.0,0.0,2023-03-17 00:00:00,0.0,0.0,16205.0,1,0.0,1929.655,0.0,1927.635,1921.306,1.0,12.524999999999991,1.0,0.0,0.0,0.0,0.0,1.0,1.0,1.0,0.3333333333333333,B
0.0,1927.209,0.0,4.0,0.0,2023-03-17 04:00:00,0.0,0.0,16455.0,1,0.0,1934.278,0.0,1930.282,1927.653,1.0,12.870642857142846,1.0,0.0,0.0,4.0,0.0,1.0,1.0,1.0,0.3333333333333333,B
0.0,1934.916,0.0,4.0,1.0,2023-03-17 12:00:00,1.0,0.0,49653.0,1,0.0,1964.892,0.0,1959.269,1935.049,2.0,14.785214285714298,2.0,0.0,0.0,12.0,0.0,1.0,2.0,1.0,0.6666666666666666,A
0.0,1955.282,0.0,4.0,1.0,2023-03-17 16:00:00,1.0,0.0,43667.0,1,0.0,1987.718,0.0,1976.229,1959.3,2.0,14.731428571428587,2.0,0.0,0.0,16.0,0.0,1.0,2.0,1.0,0.6666666666666666,A
1.0,1975.236,0.0,4.0,0.0,2023-03-17 20:00:00,0.0,0.0,5883.0,0,0.0,1988.311,1.0,1988.129,1976.27,0.0,14.711000000000013,1.0,0.0,1.0,20.0,0.0,1.0,1.0,1.0,1.0,A+
0.0,1975.037,0.0,6.0,0.0,2023-03-19 20:00:00,0.0,0.0,11961.0,1,0.0,1988.132,0.0,1976.936,1985.925,0.0,13.623642857142872,0.0,0.0,0.0,20.0,0.0,1.0,0.0,1.0,0.0,B
0.0,1968.114,0.0,0.0,1.0,2023-03-20 00:00:00,0.0,0.0,22701.0,1,0.0,1978.387,0.0,1973.311,1976.968,1.0,13.88114285714286,1.0,0.0,0.0,0.0,0.0,1.0,1.0,1.0,0.3333333333333333,B
0.0,1973.704,0.0,0.0,1.0,2023-03-20 08:00:00,1.0,0.0,44654.0,1,0.0,2006.137,0.0,1983.78,2003.384,2.0,16.995357142857138,2.0,0.0,0.0,8.0,0.0,1.0,2.0,1.0,0.6666666666666666,A
0.0,1965.507,0.0,0.0,1.0,2023-03-20 12:00:00,1.0,0.0,55577.0,1,0.0,1986.561,0.0,1973.763,1983.812,3.0,17.693785714285696,3.0,0.0,0.0,12.0,0.0,1.0,3.0,1.0,1.0,A+
1.0,1976.241,0.0,0.0,0.0,2023-03-20 20:00:00,0.0,0.0,6160.0,1,0.0,1980.021,0.0,1976.585,1977.17,0.0,16.858214285714276,1.0,0.0,1.0,20.0,6.0,1.0,1.0,1.0,1.0,A+
1.0,1975.242,0.0,1.0,0.0,2023-03-21 00:00:00,0.0,0.0,15508.0,0,0.0,1985.121,0.0,1983.76,1976.581,0.0,17.307142857142853,1.0,0.0,1.0,0.0,1.0,1.0,1.0,1.0,1.0,A+
1.0,1970.255,0.0,1.0,0.0,2023-03-21 04:00:00,0.0,0.0,19004.0,0,0.0,1983.756,0.0,1970.316,1983.756,0.0,17.4532857142857,1.0,0.0,1.0,4.0,8.0,1.0,1.0,1.0,1.0,A+
0.0,1962.639,0.0,1.0,1.0,2023-03-21 08:00:00,0.0,0.0,24345.0,0,0.0,1970.819,0.0,1966.283,1970.286,1.0,17.53264285714285,1.0,0.0,0.0,8.0,0.0,1.0,1.0,1.0,0.3333333333333333,B
0.0,1943.125,0.0,1.0,1.0,2023-03-21 12:00:00,1.0,0.0,48440.0,0,0.0,1967.068,0.0,1948.149,1966.285,2.0,18.55321428571426,2.0,1.0,0.0,12.0,0.0,1.0,2.0,1.0,0.6666666666666666,A
0.0,1935.343,0.0,1.0,1.0,2023-03-21 16:00:00,1.0,0.0,26499.0,1,0.0,1948.97,0.0,1940.163,1948.115,2.0,17.385428571428537,2.0,1.0,0.0,16.0,0.0,1.0,2.0,1.0,0.6666666666666666,A
0.0,1939.31,0.0,1.0,0.0,2023-03-21 20:00:00,0.0,0.0,6132.0,1,0.0,1943.918,0.0,1943.106,1940.195,0.0,15.397714285714237,0.0,1.0,0.0,20.0,0.0,1.0,0.0,1.0,0.0,B
0.0,1938.167,0.0,2.0,0.0,2023-03-22 00:00:00,0.0,0.0,17050.0,1,0.0,1946.169,0.0,1939.602,1943.074,0.0,15.03535714285712,0.0,1.0,0.0,0.0,0.0,1.0,0.0,1.0,0.0,B
0.0,1939.579,0.0,2.0,1.0,2023-03-22 08:00:00,0.0,0.0,20752.0,1,0.0,1945.611,0.0,1942.411,1939.759,1.0,14.466928571428555,1.0,1.0,0.0,8.0,0.0,1.0,1.0,1.0,0.3333333333333333,B
0.0,1937.051,0.0,2.0,1.0,2023-03-22 12:00:00,1.0,0.0,31892.0,1,0.0,1951.888,0.0,1947.214,1942.414,3.0,12.905428571428567,3.0,1.0,0.0,12.0,0.0,1.0,3.0,1.0,1.0,A+
0.0,1945.048,0.0,2.0,1.0,2023-03-22 16:00:00,1.0,0.0,65201.0,1,0.0,1978.802,0.0,1972.71,1947.228,3.0,12.999785714285704,3.0,0.0,0.0,16.0,0.0,1.0,3.0,1.0,1.0,A+
0.0,1964.52,0.0,2.0,0.0,2023-03-22 20:00:00,0.0,0.0,11668.0,1,0.0,1975.103,0.0,1969.706,1972.678,1.0,12.251857142857148,1.0,0.0,0.0,20.0,0.0,1.0,1.0,1.0,0.3333333333333333,B
0.0,1966.317,0.0,3.0,1.0,2023-03-23 00:00:00,0.0,0.0,22279.0,1,0.0,1977.588,0.0,1976.875,1969.755,2.0,12.241357142857153,2.0,0.0,0.0,0.0,0.0,1.0,2.0,1.0,0.6666666666666666,A
0.0,1990.086,0.0,3.0,0.0,2023-03-23 20:00:00,0.0,0.0,8781.0,1,0.0,1998.875,0.0,1991.324,1997.747,1.0,12.646000000000006,1.0,0.0,0.0,20.0,0.0,1.0,1.0,1.0,0.3333333333333333,B
0.0,1989.714,0.0,4.0,0.0,2023-03-24 00:00:00,0.0,0.0,19623.0,1,0.0,1994.827,0.0,1992.815,1991.292,1.0,12.037857142857158,1.0,0.0,0.0,0.0,0.0,1.0,1.0,1.0,0.3333333333333333,B
0.0,1981.221,0.0,4.0,1.0,2023-03-24 08:00:00,1.0,0.0,31793.0,0,0.0,2000.245,0.0,1995.789,1989.437,3.0,13.071857142857132,3.0,0.0,0.0,8.0,0.0,1.0,3.0,1.0,1.0,A+
0.0,1975.239,0.0,4.0,1.0,2023-03-24 16:00:00,1.0,0.0,30598.0,1,0.0,1990.57,0.0,1975.967,1987.276,3.0,14.287857142857124,3.0,0.0,0.0,16.0,0.0,1.0,3.0,1.0,1.0,A+
0.0,1975.165,0.0,4.0,0.0,2023-03-24 20:00:00,0.0,0.0,3093.0,0,0.0,1979.348,0.0,1978.777,1975.997,1.0,13.526857142857123,1.0,0.0,0.0,20.0,0.0,1.0,1.0,1.0,0.3333333333333333,B
0.0,1969.353,0.0,6.0,0.0,2023-03-26 20:00:00,0.0,0.0,7621.0,1,0.0,1976.735,0.0,1975.691,1976.4,1.0,11.788999999999987,1.0,0.0,0.0,20.0,0.0,1.0,1.0,1.0,0.3333333333333333,B
0.0,1972.101,0.0,0.0,1.0,2023-03-27 00:00:00,0.0,0.0,18691.0,0,0.0,1978.691,0.0,1974.584,1975.658,2.0,11.503785714285687,2.0,0.0,0.0,0.0,0.0,1.0,2.0,1.0,0.6666666666666666,A
0.0,1965.876,0.0,0.0,1.0,2023-03-27 04:00:00,0.0,0.0,19456.0,1,0.0,1975.462,0.0,1970.923,1974.588,2.0,11.383428571428553,2.0,0.0,0.0,4.0,0.0,1.0,2.0,1.0,0.6666666666666666,A
0.0,1948.143,0.0,0.0,1.0,2023-03-27 08:00:00,0.0,0.0,25535.0,1,0.0,1972.116,0.0,1954.14,1970.887,2.0,12.474928571428547,2.0,1.0,0.0,8.0,0.0,1.0,2.0,1.0,0.6666666666666666,A
0.0,1955.688,0.0,0.0,0.0,2023-03-27 20:00:00,0.0,0.0,5181.0,1,0.0,1958.27,0.0,1958.071,1956.928,1.0,10.942142857142828,1.0,1.0,0.0,20.0,0.0,1.0,1.0,1.0,0.3333333333333333,B
0.0,1951.873,0.0,1.0,0.0,2023-03-28 04:00:00,0.0,0.0,18129.0,1,0.0,1960.81,0.0,1953.902,1959.658,1.0,11.034857142857096,1.0,1.0,0.0,4.0,0.0,1.0,1.0,1.0,0.3333333333333333,B
0.0,1949.141,0.0,1.0,0.0,2023-03-28 08:00:00,0.0,0.0,17351.0,1,0.0,1958.518,0.0,1956.994,1953.932,1.0,11.128785714285671,1.0,1.0,0.0,8.0,0.0,1.0,1.0,1.0,0.3333333333333333,B
0.0,1956.944,0.0,1.0,1.0,2023-03-28 12:00:00,1.0,0.0,30569.0,1,0.0,1969.897,0.0,1966.619,1956.989,3.0,10.695142857142825,3.0,1.0,0.0,12.0,0.0,1.0,3.0,1.0,1.0,A+
0.0,1971.476,0.0,1.0,0.0,2023-03-28 20:00:00,0.0,0.0,5212.0,0,0.0,1974.423,0.0,1971.867,1973.348,1.0,9.274857142857106,1.0,1.0,0.0,20.0,0.0,1.0,1.0,1.0,0.3333333333333333,B
0.0,1965.859,0.0,2.0,0.0,2023-03-29 00:00:00,0.0,0.0,13640.0,1,0.0,1972.854,0.0,1966.469,1971.898,1.0,9.47571428571426,1.0,1.0,0.0,0.0,0.0,1.0,1.0,1.0,0.3333333333333333,B
0.0,1958.665,0.0,2.0,0.0,2023-03-29 04:00:00,0.0,0.0,16306.0,1,0.0,1968.826,0.0,1961.645,1966.474,1.0,9.52835714285712,1.0,1.0,0.0,4.0,0.0,1.0,1.0,1.0,0.3333333333333333,B
0.0,1960.808,0.0,2.0,0.0,2023-03-29 08:00:00,0.0,0.0,15165.0,1,0.0,1969.117,0.0,1966.687,1961.657,1.0,9.65114285714284,1.0,1.0,0.0,8.0,0.0,1.0,1.0,1.0,0.3333333333333333,B
0.0,1960.571,0.0,2.0,1.0,2023-03-29 12:00:00,1.0,0.0,27869.0,1,0.0,1971.684,0.0,1961.812,1966.693,3.0,9.760214285714271,3.0,1.0,0.0,12.0,0.0,1.0,3.0,1.0,1.0,A+
0.0,1964.919,0.0,3.0,0.0,2023-03-30 08:00:00,0.0,0.0,15086.0,1,0.0,1971.186,0.0,1968.603,1966.6,1.0,8.404071428571408,1.0,1.0,0.0,8.0,0.0,1.0,1.0,1.0,0.3333333333333333,B
0.0,1977.982,0.0,3.0,0.0,2023-03-30 20:00:00,0.0,0.0,5466.0,1,0.0,1981.944,0.0,1978.386,1981.261,1.0,7.948642857142837,1.0,1.0,0.0,20.0,0.0,1.0,1.0,1.0,0.3333333333333333,B
0.0,1977.633,0.0,4.0,0.0,2023-03-31 00:00:00,0.0,0.0,14965.0,1,0.0,1983.578,0.0,1981.181,1978.412,1.0,7.687357142857114,1.0,1.0,0.0,0.0,0.0,1.0,1.0,1.0,0.3333333333333333,B
0.0,1974.804,0.0,4.0,0.0,2023-03-31 04:00:00,0.0,0.0,14559.0,1,0.0,1985.017,0.0,1975.261,1981.158,1.0,8.206357142857119,1.0,1.0,0.0,4.0,0.0,1.0,1.0,1.0,0.3333333333333333,B
0.0,1973.172,0.0,4.0,1.0,2023-03-31 08:00:00,1.0,0.0,16521.0,0,0.0,1981.907,0.0,1980.192,1975.266,3.0,8.330642857142818,3.0,1.0,0.0,8.0,0.0,1.0,3.0,1.0,1.0,A+
0.0,1966.806,0.0,4.0,1.0,2023-03-31 16:00:00,1.0,0.0,20334.0,0,0.0,1979.747,0.0,1970.931,1979.65,3.0,8.848571428571404,3.0,1.0,0.0,16.0,0.0,1.0,3.0,1.0,1.0,A+
0.0,1968.46,0.0,4.0,0.0,2023-03-31 20:00:00,0.0,0.0,2532.0,0,0.0,1970.96,0.0,1969.376,1970.895,1.0,8.233357142857114,1.0,1.0,0.0,20.0,0.0,1.0,1.0,1.0,0.3333333333333333,B
0.0,2019.064,0.0,2.0,1.0,2023-04-05 16:00:00,0.0,0.0,18395.0,0,0.0,2023.895,0.0,2021.005,2021.674,1.0,10.69492857142856,1.0,0.0,0.0,16.0,0.0,1.0,1.0,1.0,0.3333333333333333,B
0.0,2018.686,0.0,2.0,0.0,2023-04-05 20:00:00,0.0,0.0,4562.0,0,0.0,2021.642,0.0,2020.287,2021.043,1.0,9.607285714285696,1.0,0.0,0.0,20.0,0.0,1.0,1.0,1.0,0.3333333333333333,B
0.0,2007.666,0.0,3.0,1.0,2023-04-06 00:00:00,0.0,0.0,15747.0,1,0.0,2020.436,0.0,2011.302,2020.269,2.0,9.906714285714267,2.0,0.0,0.0,0.0,0.0,1.0,2.0,1.0,0.6666666666666666,A
0.0,2010.468,0.0,3.0,1.0,2023-04-06 04:00:00,0.0,0.0,15304.0,1,0.0,2018.078,0.0,2016.346,2011.296,2.0,10.282357142857109,2.0,0.0,0.0,4.0,0.0,1.0,2.0,1.0,0.6666666666666666,A
0.0,2014.795,0.0,3.0,0.0,2023-04-06 08:00:00,0.0,0.0,15187.0,0,0.0,2020.907,0.0,2018.474,2016.342,1.0,10.183928571428526,1.0,0.0,0.0,8.0,0.0,1.0,1.0,1.0,0.3333333333333333,B
0.0,2006.197,0.0,3.0,1.0,2023-04-06 16:00:00,0.0,0.0,15351.0,1,0.0,2014.9,0.0,2006.417,2011.138,1.0,11.329142857142838,1.0,1.0,0.0,16.0,0.0,1.0,1.0,1.0,0.3333333333333333,B
0.0,2005.752,0.0,3.0,0.0,2023-04-06 20:00:00,0.0,0.0,2023.0,0,0.0,2008.116,0.0,2007.761,2006.45,0.0,8.400714285714278,0.0,1.0,0.0,20.0,0.0,1.0,0.0,1.0,0.0,B
0.0,1995.817,0.0,6.0,0.0,2023-04-09 20:00:00,0.0,0.0,5721.0,0,0.0,2006.495,0.0,2005.497,1997.006,0.0,8.742857142857133,0.0,1.0,0.0,20.0,0.0,1.0,0.0,1.0,0.0,B
0.0,1989.475,0.0,0.0,0.0,2023-04-10 04:00:00,0.0,0.0,12625.0,1,0.0,1997.57,0.0,1997.433,1990.886,0.0,9.851500000000003,0.0,1.0,0.0,4.0,0.0,1.0,0.0,1.0,0.0,B
0.0,1995.905,0.0,0.0,1.0,2023-04-10 08:00:00,0.0,0.0,12975.0,0,1.0,2002.935,0.0,2001.556,1997.403,2.0,9.904571428571428,2.0,1.0,0.0,8.0,0.0,1.0,2.0,1.0,0.6666666666666666,A
0.0,1987.112,0.0,0.0,1.0,2023-04-10 16:00:00,0.0,0.0,15405.0,0,0.0,1992.794,0.0,1991.527,1988.629,2.0,9.706428571428578,2.0,1.0,0.0,16.0,0.0,1.0,2.0,1.0,0.6666666666666666,A
0.0,1990.342,0.0,0.0,0.0,2023-04-10 20:00:00,0.0,0.0,3632.0,1,0.0,1992.486,0.0,1992.389,1991.558,1.0,9.514500000000014,1.0,1.0,0.0,20.0,0.0,1.0,1.0,1.0,0.3333333333333333,B
0.0,1988.773,0.0,1.0,1.0,2023-04-11 00:00:00,0.0,0.0,14085.0,1,1.0,1998.128,0.0,1997.518,1992.356,3.0,9.971571428571435,3.0,1.0,0.0,0.0,0.0,1.0,3.0,1.0,1.0,A+
0.0,1997.339,0.0,1.0,1.0,2023-04-11 04:00:00,0.0,0.0,14895.0,1,1.0,2003.621,0.0,2002.035,1997.509,3.0,9.508142857142875,3.0,1.0,0.0,4.0,0.0,1.0,3.0,1.0,1.0,A+
1.0,2002.832,0.0,1.0,0.0,2023-04-11 20:00:00,0.0,0.0,3531.0,1,0.0,2005.02,0.0,2004.659,2004.082,0.0,8.39114285714285,1.0,1.0,1.0,20.0,3.0,1.0,1.0,1.0,1.0,A+
0.0,2003.922,0.0,2.0,1.0,2023-04-12 00:00:00,1.0,0.0,15665.0,1,0.0,2019.17,0.0,2017.213,2004.675,2.0,9.311428571428564,2.0,0.0,0.0,0.0,0.0,1.0,2.0,1.0,0.6666666666666666,A
0.0,2011.612,0.0,2.0,1.0,2023-04-12 04:00:00,0.0,0.0,14976.0,0,0.0,2021.072,0.0,2012.953,2017.25,1.0,9.133999999999984,1.0,1.0,0.0,4.0,0.0,1.0,1.0,1.0,0.3333333333333333,B
0.0,2007.161,0.0,2.0,1.0,2023-04-12 08:00:00,1.0,0.0,15131.0,1,0.0,2013.681,0.0,2007.697,2012.983,2.0,8.371357142857132,2.0,1.0,0.0,8.0,0.0,1.0,2.0,1.0,0.6666666666666666,A
0.0,2000.847,0.0,2.0,1.0,2023-04-12 12:00:00,1.0,0.0,50609.0,1,0.0,2028.014,0.0,2005.779,2007.663,2.0,9.733642857142838,2.0,1.0,0.0,12.0,0.0,1.0,2.0,1.0,0.6666666666666666,A
0.0,2013.232,0.0,2.0,0.0,2023-04-12 20:00:00,0.0,0.0,4841.0,1,0.0,2018.453,0.0,2018.149,2013.62,0.0,9.056642857142831,0.0,0.0,0.0,20.0,0.0,1.0,0.0,1.0,0.0,B
0.0,2015.676,0.0,3.0,0.0,2023-04-13 00:00:00,0.0,0.0,14802.0,1,0.0,2019.731,0.0,2017.423,2018.118,0.0,8.940428571428551,0.0,1.0,0.0,0.0,0.0,1.0,0.0,1.0,0.0,B
1.0,2015.276,0.0,3.0,0.0,2023-04-13 04:00:00,0.0,0.0,14786.0,1,0.0,2025.619,0.0,2024.477,2017.415,0.0,9.526071428571395,1.0,0.0,1.0,4.0,1.0,1.0,1.0,1.0,1.0,A+
0.0,2036.599,0.0,3.0,1.0,2023-04-13 16:00:00,0.0,0.0,17789.0,1,0.0,2044.078,0.0,2040.717,2038.939,2.0,10.298499999999974,2.0,0.0,0.0,16.0,0.0,1.0,2.0,1.0,0.6666666666666666,A
0.0,2039.834,0.0,3.0,0.0,2023-04-13 20:00:00,0.0,0.0,1416.0,1,0.0,2041.05,0.0,2040.487,2040.678,1.0,9.610785714285694,1.0,0.0,0.0,20.0,0.0,1.0,1.0,1.0,0.3333333333333333,B
0.0,2042.828,0.0,4.0,0.0,2023-04-14 00:00:00,0.0,0.0,8623.0,0,0.0,2047.392,0.0,2045.022,2043.62,0.0,9.69249999999998,0.0,0.0,0.0,0.0,0.0,1.0,0.0,1.0,0.0,B
0.0,2031.688,0.0,4.0,1.0,2023-04-14 08:00:00,1.0,0.0,17870.0,0,0.0,2042.173,0.0,2033.224,2039.191,2.0,9.900571428571409,2.0,0.0,0.0,8.0,0.0,1.0,2.0,1.0,0.6666666666666666,A
0.0,1992.364,0.0,4.0,1.0,2023-04-14 16:00:00,1.0,0.0,20907.0,0,0.0,2007.954,0.0,2005.279,1995.623,2.0,13.192214285714288,2.0,1.0,0.0,16.0,0.0,1.0,2.0,1.0,0.6666666666666666,A
0.0,2003.836,0.0,4.0,0.0,2023-04-14 20:00:00,0.0,0.0,2018.0,0,0.0,2005.615,0.0,2004.252,2005.264,0.0,11.378785714285724,0.0,1.0,0.0,20.0,0.0,1.0,0.0,1.0,0.0,B
0.0,1999.651,0.0,6.0,0.0,2023-04-16 20:00:00,0.0,0.0,5116.0,1,0.0,2005.006,0.0,2002.848,2001.207,0.0,10.843000000000009,0.0,1.0,0.0,20.0,0.0,1.0,0.0,1.0,0.0,B
0.0,1995.351,0.0,0.0,1.0,2023-04-17 00:00:00,0.0,0.0,17497.0,1,0.0,2006.273,0.0,2004.506,2002.866,1.0,11.25021428571428,1.0,1.0,0.0,0.0,0.0,1.0,1.0,1.0,0.3333333333333333,B
0.0,2003.709,0.0,0.0,1.0,2023-04-17 04:00:00,0.0,0.0,18582.0,1,0.0,2014.998,0.0,2010.848,2004.479,1.0,11.76692857142856,1.0,1.0,0.0,4.0,0.0,1.0,1.0,1.0,0.3333333333333333,B
0.0,2004.87,0.0,0.0,0.0,2023-04-17 08:00:00,0.0,0.0,16299.0,0,0.0,2012.673,0.0,2009.074,2010.782,0.0,11.585500000000009,0.0,1.0,0.0,8.0,0.0,1.0,0.0,1.0,0.0,B
0.0,2038.372,0.0,3.0,1.0,2023-05-04 00:00:00,1.0,0.0,23646.0,1,0.0,2057.096,0.0,2040.905,2051.959,2.0,13.467428571428597,2.0,1.0,0.0,0.0,0.0,1.0,2.0,1.0,0.6666666666666666,A
0.0,2030.327,0.0,3.0,0.0,2023-05-04 04:00:00,0.0,0.0,21775.0,1,0.0,2045.435,0.0,2034.57,2040.872,0.0,14.285214285714298,0.0,1.0,0.0,4.0,0.0,1.0,0.0,1.0,0.0,B
1.0,2031.123,0.0,3.0,0.0,2023-05-04 08:00:00,0.0,0.0,19829.0,1,0.0,2044.829,0.0,2041.984,2034.507,0.0,14.98671428571429,1.0,1.0,1.0,8.0,1.0,1.0,1.0,1.0,1.0,A+
0.0,2032.038,0.0,3.0,1.0,2023-05-04 12:00:00,1.0,0.0,65463.0,1,1.0,2059.537,0.0,2050.938,2041.953,3.0,16.572357142857136,3.0,0.0,0.0,12.0,0.0,1.0,3.0,1.0,1.0,A+
0.0,2044.437,0.0,3.0,1.0,2023-05-04 16:00:00,1.0,0.0,28828.0,1,1.0,2054.057,0.0,2049.555,2050.971,3.0,16.424142857142833,3.0,0.0,0.0,16.0,0.0,1.0,3.0,1.0,1.0,A+
0.0,2039.307,0.0,4.0,0.0,2023-05-05 04:00:00,0.0,0.0,16305.0,1,0.0,2051.099,0.0,2040.507,2049.782,0.0,15.058857142857148,0.0,1.0,0.0,4.0,0.0,1.0,0.0,1.0,0.0,B
0.0,2034.707,0.0,4.0,0.0,2023-05-05 08:00:00,0.0,0.0,16151.0,0,0.0,2041.664,0.0,2035.442,2040.509,0.0,15.230571428571418,0.0,1.0,0.0,8.0,0.0,1.0,0.0,1.0,0.0,B
0.0,2012.998,0.0,4.0,1.0,2023-05-05 16:00:00,0.0,0.0,19811.0,1,0.0,2018.785,0.0,2017.697,2015.182,2.0,17.70585714285713,2.0,1.0,0.0,16.0,0.0,1.0,2.0,1.0,0.6666666666666666,A
0.0,2015.723,0.0,4.0,0.0,2023-05-05 20:00:00,0.0,0.0,2167.0,0,0.0,2018.901,0.0,2016.65,2017.73,1.0,16.5677857142857,1.0,1.0,0.0,20.0,0.0,1.0,1.0,1.0,0.3333333333333333,B
0.0,2014.174,0.0,6.0,0.0,2023-05-07 20:00:00,0.0,0.0,4614.0,1,0.0,2017.281,0.0,2016.006,2016.428,1.0,15.428714285714282,1.0,1.0,0.0,20.0,0.0,1.0,1.0,1.0,0.3333333333333333,B
0.0,2020.084,0.0,0.0,0.0,2023-05-08 04:00:00,0.0,0.0,13850.0,1,0.0,2024.671,0.0,2021.436,2023.205,1.0,11.419928571428564,1.0,1.0,0.0,4.0,0.0,1.0,1.0,1.0,0.3333333333333333,B
0.0,2019.937,0.0,0.0,0.0,2023-05-08 08:00:00,0.0,0.0,13680.0,1,0.0,2025.396,0.0,2022.228,2021.401,1.0,10.730714285714289,1.0,1.0,0.0,8.0,0.0,1.0,1.0,1.0,0.3333333333333333,B
0.0,2017.835,0.0,0.0,1.0,2023-05-08 12:00:00,1.0,0.0,27516.0,1,0.0,2029.185,0.0,2027.098,2022.251,3.0,10.562428571428573,3.0,1.0,0.0,12.0,0.0,1.0,3.0,1.0,1.0,A+
0.0,2020.19,0.0,0.0,1.0,2023-05-08 16:00:00,0.0,0.0,16197.0,1,0.0,2029.32,0.0,2020.271,2027.066,2.0,9.250357142857151,2.0,1.0,0.0,16.0,0.0,1.0,2.0,1.0,0.6666666666666666,A
0.0,2020.136,0.0,0.0,0.0,2023-05-08 20:00:00,0.0,0.0,5227.0,1,0.0,2022.395,0.0,2021.237,2020.301,1.0,8.724571428571446,1.0,1.0,0.0,20.0,0.0,1.0,1.0,1.0,0.3333333333333333,B
0.0,2019.483,0.0,1.0,0.0,2023-05-09 00:00:00,0.0,0.0,12622.0,1,0.0,2024.921,0.0,2024.878,2021.266,1.0,8.869785714285724,1.0,1.0,0.0,0.0,0.0,1.0,1.0,1.0,0.3333333333333333,B
0.0,2022.83,0.0,1.0,1.0,2023-05-09 12:00:00,1.0,0.0,25729.0,1,0.0,2032.045,0.0,2026.877,2031.0,2.0,8.97385714285716,2.0,1.0,0.0,12.0,0.0,1.0,2.0,1.0,0.6666666666666666,A
0.0,2034.083,0.0,1.0,0.0,2023-05-09 20:00:00,0.0,0.0,4885.0,1,0.0,2037.119,0.0,2036.27,2034.278,0.0,6.770357142857132,0.0,1.0,0.0,20.0,0.0,1.0,0.0,1.0,0.0,B
1.0,2030.44,0.0,2.0,0.0,2023-05-10 00:00:00,0.0,0.0,12227.0,1,0.0,2038.182,0.0,2031.675,2036.31,0.0,7.096357142857122,1.0,1.0,1.0,0.0,2.0,1.0,1.0,1.0,1.0,A+
1.0,2027.414,0.0,2.0,0.0,2023-05-10 04:00:00,0.0,0.0,13403.0,0,0.0,2032.937,0.0,2031.661,2031.643,0.0,7.268928571428546,1.0,1.0,1.0,4.0,5.0,1.0,1.0,1.0,1.0,A+
0.0,2029.101,0.0,2.0,0.0,2023-05-10 20:00:00,0.0,0.0,4355.0,1,0.0,2032.072,0.0,2031.436,2030.926,0.0,8.334285714285654,0.0,1.0,0.0,20.0,0.0,1.0,0.0,1.0,0.0,B
0.0,2021.759,0.0,3.0,1.0,2023-05-11 04:00:00,1.0,0.0,16715.0,0,0.0,2033.109,0.0,2025.562,2032.363,2.0,8.704071428571362,2.0,1.0,0.0,4.0,0.0,1.0,2.0,1.0,0.6666666666666666,A
0.0,2012.842,0.0,3.0,1.0,2023-05-11 16:00:00,0.0,0.0,18431.0,1,0.0,2018.266,0.0,2014.149,2013.517,1.0,10.749071428571352,1.0,1.0,0.0,16.0,0.0,1.0,1.0,1.0,0.3333333333333333,B
0.0,2013.727,0.0,3.0,0.0,2023-05-11 20:00:00,0.0,0.0,5245.0,1,0.0,2016.596,0.0,2016.346,2014.182,0.0,10.295785714285625,0.0,1.0,0.0,20.0,0.0,1.0,0.0,1.0,0.0,B
1.0,2008.487,0.0,4.0,0.0,2023-05-12 00:00:00,0.0,0.0,16409.0,0,0.0,2017.486,0.0,2011.596,2016.367,0.0,10.172428571428489,1.0,1.0,1.0,0.0,2.0,1.0,1.0,1.0,1.0,A+
0.0,2005.618,0.0,4.0,1.0,2023-05-12 04:00:00,0.0,0.0,16860.0,1,0.0,2012.571,0.0,2008.735,2011.565,1.0,10.452214285714216,1.0,1.0,0.0,4.0,0.0,1.0,1.0,1.0,0.3333333333333333,B
0.0,2008.637,0.0,0.0,0.0,2023-05-15 00:00:00,0.0,0.0,14941.0,1,0.0,2018.791,0.0,2013.986,2009.551,1.0,9.876499999999997,1.0,1.0,0.0,0.0,0.0,1.0,1.0,1.0,0.3333333333333333,B
0.0,2013.224,0.0,0.0,1.0,2023-05-15 04:00:00,0.0,0.0,15252.0,1,0.0,2019.986,0.0,2018.372,2013.984,2.0,9.986928571428589,2.0,1.0,0.0,4.0,0.0,1.0,2.0,1.0,0.6666666666666666,A
0.0,2011.885,0.0,0.0,0.0,2023-05-15 08:00:00,0.0,0.0,14075.0,1,0.0,2020.84,0.0,2013.035,2018.339,1.0,9.81585714285716,1.0,1.0,0.0,8.0,0.0,1.0,1.0,1.0,0.3333333333333333,B
0.0,2011.454,0.0,0.0,1.0,2023-05-15 12:00:00,1.0,0.0,26025.0,1,0.0,2022.083,0.0,2017.678,2013.033,3.0,9.327071428571458,3.0,1.0,0.0,12.0,0.0,1.0,3.0,1.0,1.0,A+
0.0,2014.352,0.0,0.0,0.0,2023-05-15 16:00:00,0.0,0.0,13407.0,1,0.0,2021.359,0.0,2014.954,2017.696,1.0,7.707285714285733,1.0,1.0,0.0,16.0,0.0,1.0,1.0,1.0,0.3333333333333333,B
0.0,2013.765,0.0,0.0,0.0,2023-05-15 20:00:00,0.0,0.0,3850.0,1,0.0,2016.597,0.0,2014.4,2014.95,0.0,7.522142857142869,0.0,1.0,0.0,20.0,0.0,1.0,0.0,1.0,0.0,B
0.0,2014.126,0.0,1.0,0.0,2023-05-16 00:00:00,0.0,0.0,11495.0,0,0.0,2018.279,0.0,2016.899,2014.411,0.0,7.613857142857163,0.0,1.0,0.0,0.0,0.0,1.0,0.0,1.0,0.0,B
0.0,2005.11,0.0,1.0,1.0,2023-05-16 08:00:00,0.0,0.0,13755.0,0,0.0,2010.27,0.0,2005.467,2010.041,1.0,7.923571428571449,1.0,1.0,0.0,8.0,0.0,1.0,1.0,1.0,0.3333333333333333,B
0.0,1985.414,0.0,1.0,1.0,2023-05-16 16:00:00,1.0,0.0,21201.0,1,0.0,1997.009,0.0,1989.873,1995.953,2.0,8.230928571428583,2.0,1.0,0.0,16.0,0.0,1.0,2.0,1.0,0.6666666666666666,A
1.0,1988.054,0.0,1.0,0.0,2023-05-16 20:00:00,0.0,0.0,5184.0,1,0.0,1991.142,0.0,1989.63,1989.907,0.0,7.876785714285721,1.0,1.0,1.0,20.0,5.0,1.0,1.0,1.0,1.0,A+
0.0,1989.633,0.0,2.0,0.0,2023-05-17 00:00:00,0.0,0.0,13384.0,0,0.0,1992.977,0.0,1991.3,1989.633,0.0,8.037714285714287,0.0,1.0,0.0,0.0,0.0,1.0,0.0,1.0,0.0,B
0.0,1974.734,0.0,2.0,1.0,2023-05-17 12:00:00,1.0,0.0,33252.0,1,0.0,1987.957,0.0,1980.39,1987.39,2.0,8.30678571428572,2.0,0.0,0.0,12.0,0.0,1.0,2.0,1.0,0.6666666666666666,A
0.0,1980.094,0.0,2.0,1.0,2023-05-17 16:00:00,1.0,0.0,16288.0,0,0.0,1984.511,0.0,1982.985,1980.358,2.0,7.982642857142862,2.0,0.0,0.0,16.0,0.0,1.0,2.0,1.0,0.6666666666666666,A
1.0,1980.909,0.0,2.0,0.0,2023-05-17 20:00:00,0.0,0.0,3757.0,1,0.0,1983.552,0.0,1982.714,1982.955,0.0,7.412214285714266,1.0,0.0,1.0,20.0,5.0,1.0,1.0,1.0,1.0,A+
1.0,1981.332,0.0,3.0,0.0,2023-05-18 00:00:00,0.0,0.0,12170.0,0,0.0,1985.973,0.0,1982.274,1982.717,0.0,7.243214285714267,1.0,0.0,1.0,0.0,5.0,1.0,1.0,1.0,1.0,A+
0.0,1956.683,0.0,2.0,1.0,2023-05-24 16:00:00,1.0,0.0,23035.0,1,0.0,1965.236,0.0,1958.972,1963.027,3.0,9.578000000000008,3.0,0.0,0.0,16.0,0.0,0.0,3.0,0.0,1.0,A+
0.0,1957.09,0.0,2.0,0.0,2023-05-24 20:00:00,0.0,0.0,7439.0,0,0.0,1961.839,0.0,1959.752,1958.959,1.0,9.214000000000008,1.0,0.0,0.0,20.0,0.0,0.0,1.0,0.0,0.3333333333333333,B
0.0,1954.91,0.0,3.0,0.0,2023-05-25 00:00:00,0.0,0.0,16444.0,1,0.0,1960.101,0.0,1957.207,1959.748,1.0,9.066571428571446,1.0,0.0,0.0,0.0,0.0,0.0,1.0,0.0,0.3333333333333333,B
0.0,1954.885,0.0,3.0,0.0,2023-05-25 04:00:00,0.0,0.0,15533.0,1,0.0,1961.33,0.0,1959.413,1957.213,1.0,9.311928571428584,1.0,0.0,0.0,4.0,0.0,0.0,1.0,0.0,0.3333333333333333,B
0.0,1959.21,0.0,3.0,0.0,2023-05-25 08:00:00,0.0,0.0,15701.0,0,0.0,1964.711,0.0,1961.926,1959.421,1.0,8.883928571428571,1.0,0.0,0.0,8.0,0.0,0.0,1.0,0.0,0.3333333333333333,B
0.0,1924.596,0.0,4.0,1.0,2023-07-07 16:00:00,0.0,0.0,14032.0,1,0.0,1929.297,0.0,1924.608,1927.539,2.0,8.44442857142857,2.0,1.0,0.0,16.0,0.0,0.0,2.0,0.0,0.6666666666666666,A
0.0,1924.216,0.0,4.0,0.0,2023-07-07 20:00:00,0.0,0.0,1738.0,1,0.0,1925.41,0.0,1925.339,1924.642,1.0,7.398214285714289,1.0,1.0,0.0,20.0,0.0,0.0,1.0,0.0,0.3333333333333333,B
0.0,1922.512,0.0,0.0,1.0,2023-07-10 00:00:00,0.0,0.0,13717.0,1,0.0,1926.88,0.0,1923.84,1924.858,2.0,7.109285714285745,2.0,1.0,0.0,0.0,0.0,0.0,2.0,0.0,0.6666666666666666,A
0.0,1924.362,0.0,0.0,0.0,2023-07-10 20:00:00,0.0,0.0,4027.0,1,0.0,1925.873,0.0,1924.821,1925.766,1.0,5.712357142857172,1.0,1.0,0.0,20.0,0.0,0.0,1.0,0.0,0.3333333333333333,B
0.0,1926.355,0.0,1.0,1.0,2023-07-11 04:00:00,1.0,0.0,16321.0,1,0.0,1937.902,0.0,1932.222,1926.621,3.0,6.472642857142887,3.0,1.0,0.0,4.0,0.0,0.0,3.0,0.0,1.0,A+
0.0,1929.37,0.0,1.0,1.0,2023-07-11 12:00:00,1.0,0.0,22224.0,1,0.0,1936.442,0.0,1931.048,1936.235,3.0,6.638357142857184,3.0,1.0,0.0,12.0,0.0,0.0,3.0,0.0,1.0,A+
0.0,1929.306,0.0,1.0,0.0,2023-07-11 16:00:00,0.0,0.0,11679.0,1,0.0,1932.777,0.0,1932.473,1931.017,1.0,5.415285714285752,1.0,1.0,0.0,16.0,0.0,0.0,1.0,0.0,0.3333333333333333,B
0.0,1931.574,0.0,1.0,0.0,2023-07-11 20:00:00,0.0,0.0,4111.0,1,0.0,1933.761,0.0,1933.24,1932.462,1.0,5.235714285714315,1.0,1.0,0.0,20.0,0.0,0.0,1.0,0.0,0.3333333333333333,B
0.0,1933.836,0.0,2.0,0.0,2023-07-12 04:00:00,0.0,0.0,13147.0,1,0.0,1940.178,0.0,1934.641,1938.493,1.0,5.850642857142881,1.0,1.0,0.0,4.0,0.0,0.0,1.0,0.0,0.3333333333333333,B
1.0,1956.886,0.0,2.0,0.0,2023-07-12 20:00:00,0.0,0.0,4622.0,1,0.0,1958.686,1.0,1957.713,1958.662,0.0,6.34335714285716,1.0,0.0,1.0,20.0,0.0,0.0,1.0,0.0,1.0,A+
1.0,1957.916,0.0,3.0,0.0,2023-07-13 08:00:00,0.0,0.0,13208.0,1,0.0,1962.689,0.0,1959.868,1961.766,0.0,6.914500000000024,1.0,0.0,1.0,8.0,2.0,0.0,1.0,0.0,1.0,A+
0.0,1952.294,0.0,3.0,1.0,2023-07-13 12:00:00,1.0,0.0,31751.0,1,0.0,1963.276,0.0,1954.943,1959.868,2.0,6.8741428571428775,2.0,1.0,0.0,12.0,0.0,0.0,2.0,0.0,0.6666666666666666,A
0.0,1959.82,0.0,3.0,0.0,2023-07-13 20:00:00,0.0,0.0,5108.0,0,0.0,1961.818,0.0,1960.134,1959.959,0.0,6.479785714285738,0.0,0.0,0.0,20.0,0.0,0.0,0.0,0.0,0.0,B
0.0,1955.149,0.0,4.0,0.0,2023-07-14 08:00:00,0.0,0.0,13713.0,1,0.0,1960.003,0.0,1959.225,1956.819,0.0,6.841214285714321,0.0,1.0,0.0,8.0,0.0,0.0,0.0,0.0,0.0,B
0.0,1954.277,0.0,4.0,1.0,2023-07-14 16:00:00,0.0,0.0,13993.0,1,0.0,1960.984,0.0,1954.277,1958.078,1.0,7.510642857142882,1.0,1.0,0.0,16.0,0.0,0.0,1.0,0.0,0.3333333333333333,B
0.0,1954.283,0.0,4.0,0.0,2023-07-14 20:00:00,0.0,0.0,1973.0,0,0.0,1955.64,0.0,1955.223,1954.328,0.0,5.843071428571453,0.0,1.0,0.0,20.0,0.0,0.0,0.0,0.0,0.0,B
1.0,1951.354,0.0,6.0,0.0,2023-07-16 20:00:00,0.0,0.0,4160.0,1,0.0,1954.975,0.0,1953.281,1954.975,0.0,5.8145000000000175,1.0,1.0,1.0,20.0,8.0,0.0,1.0,0.0,1.0,A+
1.0,1950.881,0.0,0.0,0.0,2023-07-17 00:00:00,0.0,0.0,12597.0,1,0.0,1955.909,0.0,1952.055,1953.281,0.0,6.045071428571451,1.0,1.0,1.0,0.0,6.0,0.0,1.0,0.0,1.0,A+
0.0,1951.902,0.0,0.0,1.0,2023-07-17 08:00:00,0.0,0.0,14555.0,0,0.0,1959.801,0.0,1957.602,1952.224,1.0,6.104642857142868,1.0,1.0,0.0,8.0,0.0,1.0,1.0,1.0,0.3333333333333333,B
0.0,1952.436,0.0,0.0,0.0,2023-07-17 16:00:00,0.0,0.0,11406.0,1,0.0,1956.31,0.0,1955.334,1954.617,1.0,6.243428571428565,1.0,1.0,0.0,16.0,0.0,1.0,1.0,1.0,0.3333333333333333,B
0.0,1954.677,0.0,1.0,1.0,2023-07-18 00:00:00,0.0,0.0,13326.0,1,0.0,1960.576,0.0,1959.764,1955.396,2.0,6.228214285714265,2.0,0.0,0.0,0.0,0.0,1.0,2.0,1.0,0.6666666666666666,A
0.0,1974.409,0.0,2.0,0.0,2023-07-19 00:00:00,0.0,0.0,12735.0,1,0.0,1978.459,0.0,1975.443,1977.464,1.0,7.332928571428559,1.0,0.0,0.0,0.0,0.0,1.0,1.0,1.0,0.3333333333333333,B
0.0,1972.971,0.0,2.0,1.0,2023-07-19 04:00:00,1.0,0.0,15023.0,1,0.0,1980.859,0.0,1977.929,1975.444,3.0,7.619999999999989,3.0,0.0,0.0,4.0,0.0,1.0,3.0,1.0,1.0,A+
0.0,1971.518,0.0,2.0,0.0,2023-07-19 08:00:00,0.0,0.0,13829.0,1,0.0,1979.064,0.0,1973.704,1977.912,1.0,7.799857142857133,1.0,0.0,0.0,8.0,0.0,1.0,1.0,1.0,0.3333333333333333,B
0.0,1972.049,0.0,2.0,0.0,2023-07-19 16:00:00,0.0,0.0,12831.0,0,0.0,1978.861,0.0,1978.439,1973.806,1.0,7.99592857142857,1.0,0.0,0.0,16.0,0.0,1.0,1.0,1.0,0.3333333333333333,B
0.0,1975.4,0.0,2.0,0.0,2023-07-19 20:00:00,0.0,0.0,4830.0,1,0.0,1978.877,0.0,1977.683,1978.434,1.0,7.256857142857143,1.0,0.0,0.0,20.0,0.0,1.0,1.0,1.0,0.3333333333333333,B
0.0,1977.811,0.0,3.0,1.0,2023-07-20 04:00:00,0.0,0.0,14643.0,1,0.0,1985.448,0.0,1979.155,1985.176,2.0,8.112428571428593,2.0,0.0,0.0,4.0,0.0,1.0,2.0,1.0,0.6666666666666666,A
0.0,1978.141,0.0,3.0,0.0,2023-07-20 08:00:00,0.0,0.0,13750.0,0,0.0,1983.809,0.0,1981.407,1979.134,1.0,8.095928571428576,1.0,0.0,0.0,8.0,0.0,1.0,1.0,1.0,0.3333333333333333,B
0.0,1968.435,0.0,3.0,0.0,2023-07-20 20:00:00,0.0,0.0,4306.0,1,0.0,1972.82,0.0,1972.197,1968.681,1.0,7.056428571428585,1.0,1.0,0.0,20.0,0.0,1.0,1.0,1.0,0.3333333333333333,B
0.0,1969.85,0.0,4.0,0.0,2023-07-21 00:00:00,0.0,0.0,13113.0,1,0.0,1973.735,0.0,1970.234,1972.227,0.0,6.871571428571428,0.0,1.0,0.0,0.0,0.0,1.0,0.0,1.0,0.0,B
0.0,1964.156,0.0,4.0,1.0,2023-07-21 04:00:00,0.0,0.0,13908.0,0,0.0,1972.141,0.0,1964.208,1970.21,1.0,7.271000000000007,1.0,1.0,0.0,4.0,0.0,1.0,1.0,1.0,0.3333333333333333,B
0.0,1960.154,0.0,4.0,0.0,2023-07-21 16:00:00,0.0,0.0,11941.0,0,0.0,1964.806,0.0,1962.415,1960.222,1.0,7.435357142857144,1.0,1.0,0.0,16.0,0.0,1.0,1.0,1.0,0.3333333333333333,B
0.0,1961.463,0.0,4.0,0.0,2023-07-21 20:00:00,0.0,0.0,1405.0,1,0.0,1962.627,0.0,1961.851,1962.445,1.0,6.7949285714285805,1.0,1.0,0.0,20.0,0.0,1.0,1.0,1.0,0.3333333333333333,B
0.0,1960.351,0.0,6.0,0.0,2023-07-23 20:00:00,0.0,0.0,2975.0,1,0.0,1962.882,0.0,1961.177,1962.228,1.0,6.489142857142854,1.0,1.0,0.0,20.0,0.0,1.0,1.0,1.0,0.3333333333333333,B
0.0,1959.033,0.0,0.0,1.0,2023-07-24 00:00:00,0.0,0.0,12906.0,1,0.0,1962.623,0.0,1960.143,1961.172,2.0,6.497214285714303,2.0,1.0,0.0,0.0,0.0,1.0,2.0,1.0,0.6666666666666666,A
0.0,1959.318,0.0,0.0,1.0,2023-07-24 08:00:00,1.0,0.0,14865.0,0,0.0,1967.805,0.0,1964.957,1963.218,3.0,6.391571428571443,3.0,1.0,0.0,8.0,0.0,1.0,3.0,1.0,1.0,A+
0.0,1953.854,0.0,1.0,0.0,2023-07-25 00:00:00,0.0,0.0,13647.0,1,0.0,1963.498,0.0,1961.553,1954.394,1.0,6.256714285714305,1.0,1.0,0.0,0.0,0.0,1.0,1.0,1.0,0.3333333333333333,B
0.0,1942.782,0.0,2.0,0.0,2023-08-30 16:00:00,0.0,0.0,10797.0,1,0.0,1945.564,0.0,1943.385,1944.88,1.0,6.4987142857143,1.0,0.0,0.0,16.0,0.0,0.0,1.0,0.0,0.3333333333333333,B
0.0,1942.073,0.0,2.0,0.0,2023-08-30 20:00:00,0.0,0.0,5120.0,1,0.0,1945.424,0.0,1944.185,1943.409,0.0,5.788285714285719,0.0,0.0,0.0,20.0,0.0,0.0,0.0,0.0,0.0,B
1.0,1944.106,0.0,3.0,0.0,2023-08-31 00:00:00,0.0,0.0,9722.0,1,0.0,1947.66,0.0,1945.136,1944.195,0.0,5.444857142857164,1.0,0.0,1.0,0.0,4.0,0.0,1.0,0.0,1.0,A+
1.0,1943.195,0.0,3.0,0.0,2023-08-31 04:00:00,0.0,0.0,10294.0,0,0.0,1946.253,0.0,1945.035,1945.105,0.0,5.521500000000011,1.0,0.0,1.0,4.0,5.0,0.0,1.0,0.0,1.0,A+
0.0,1939.047,0.0,3.0,1.0,2023-08-31 16:00:00,0.0,0.0,10532.0,1,0.0,1942.448,0.0,1940.019,1940.595,1.0,5.353571428571464,1.0,1.0,0.0,16.0,0.0,0.0,1.0,0.0,0.3333333333333333,B
0.0,1939.043,0.0,3.0,0.0,2023-08-31 20:00:00,0.0,0.0,3852.0,1,0.0,1940.509,0.0,1939.824,1940.054,0.0,3.799500000000048,0.0,1.0,0.0,20.0,0.0,0.0,0.0,0.0,0.0,B
1.0,1938.191,0.0,4.0,0.0,2023-09-01 04:00:00,0.0,0.0,10518.0,1,0.0,1943.458,0.0,1943.072,1938.899,0.0,4.111285714285779,1.0,1.0,1.0,4.0,1.0,0.0,1.0,0.0,1.0,A+
0.0,1941.873,0.0,4.0,0.0,2023-09-01 08:00:00,0.0,0.0,10521.0,0,0.0,1945.822,0.0,1944.442,1943.064,0.0,4.242857142857182,0.0,0.0,0.0,8.0,0.0,0.0,0.0,0.0,0.0,B
0.0,1937.31,0.0,4.0,0.0,2023-09-01 16:00:00,0.0,0.0,10481.0,0,0.0,1941.53,0.0,1940.49,1938.78,1.0,5.379928571428601,1.0,1.0,0.0,16.0,0.0,1.0,1.0,1.0,0.3333333333333333,B
0.0,1939.225,0.0,4.0,0.0,2023-09-01 20:00:00,0.0,0.0,1227.0,1,0.0,1940.667,0.0,1939.704,1940.491,1.0,4.750142857142886,1.0,1.0,0.0,20.0,0.0,1.0,1.0,1.0,0.3333333333333333,B
0.0,1940.098,0.0,0.0,1.0,2023-09-04 00:00:00,0.0,0.0,10558.0,1,0.0,1946.04,0.0,1944.931,1940.557,2.0,4.850357142857173,2.0,0.0,0.0,0.0,0.0,1.0,2.0,1.0,0.6666666666666666,A
0.0,1943.078,0.0,0.0,1.0,2023-09-04 04:00:00,0.0,0.0,10620.0,0,0.0,1946.232,0.0,1943.78,1944.921,2.0,4.821785714285738,2.0,0.0,0.0,4.0,0.0,1.0,2.0,1.0,0.6666666666666666,A
0.0,1939.816,0.0,0.0,0.0,2023-09-04 08:00:00,0.0,0.0,9990.0,0,0.0,1944.417,0.0,1941.589,1943.775,1.0,4.932000000000016,1.0,1.0,0.0,8.0,0.0,1.0,1.0,1.0,0.3333333333333333,B
0.0,1936.688,0.0,0.0,1.0,2023-09-04 12:00:00,0.0,0.0,11222.0,0,0.0,1941.68,0.0,1938.598,1941.6,2.0,5.127928571428583,2.0,1.0,0.0,12.0,0.0,1.0,2.0,1.0,0.6666666666666666,A
0.0,1937.931,0.0,0.0,0.0,2023-09-04 16:00:00,0.0,0.0,1935.0,0,0.0,1938.822,0.0,1938.118,1938.597,1.0,4.584928571428561,1.0,1.0,0.0,16.0,0.0,1.0,1.0,1.0,0.3333333333333333,B
0.0,1937.628,0.0,0.0,0.0,2023-09-04 20:00:00,0.0,0.0,2037.0,0,0.0,1938.742,0.0,1937.659,1938.457,1.0,4.421571428571416,1.0,1.0,0.0,20.0,0.0,1.0,1.0,1.0,0.3333333333333333,B
0.0,1922.338,0.0,2.0,1.0,2023-09-06 08:00:00,1.0,0.0,11589.0,0,0.0,1927.551,0.0,1925.371,1922.775,3.0,3.907142857142828,3.0,1.0,0.0,8.0,0.0,1.0,3.0,1.0,1.0,A+
0.0,1929.121,0.0,2.0,0.0,2023-09-20 20:00:00,0.0,0.0,7088.0,0,0.0,1933.639,0.0,1929.424,1932.988,0.0,5.423142857142872,0.0,1.0,0.0,20.0,0.0,1.0,0.0,1.0,0.0,B
0.0,1924.189,0.0,3.0,1.0,2023-09-21 00:00:00,1.0,0.0,12472.0,0,0.0,1929.657,0.0,1928.299,1929.428,2.0,5.39314285714285,2.0,1.0,0.0,0.0,0.0,1.0,2.0,1.0,0.6666666666666666,A
0.0,1916.242,0.0,3.0,0.0,2023-09-21 16:00:00,0.0,0.0,11617.0,1,0.0,1921.218,0.0,1919.691,1917.428,1.0,6.38321428571427,1.0,1.0,0.0,16.0,0.0,0.0,1.0,0.0,0.3333333333333333,B
0.0,1919.329,0.0,3.0,0.0,2023-09-21 20:00:00,0.0,0.0,4182.0,1,0.0,1921.5,0.0,1921.353,1919.724,1.0,6.085142857142841,1.0,1.0,0.0,20.0,0.0,0.0,1.0,0.0,0.3333333333333333,B
0.0,1921.19,0.0,4.0,0.0,2023-09-22 00:00:00,0.0,0.0,11229.0,1,0.0,1925.49,0.0,1923.776,1921.361,1.0,6.109142857142842,1.0,1.0,0.0,0.0,0.0,0.0,1.0,0.0,0.3333333333333333,B
0.0,1923.371,0.0,4.0,1.0,2023-09-22 04:00:00,1.0,0.0,12930.0,0,0.0,1928.63,0.0,1927.963,1923.776,3.0,6.381999999999981,3.0,1.0,0.0,4.0,0.0,0.0,3.0,0.0,1.0,A+
0.0,1924.261,0.0,4.0,1.0,2023-09-22 08:00:00,0.0,0.0,11928.0,0,0.0,1927.948,0.0,1925.507,1927.929,2.0,6.413642857142837,2.0,1.0,0.0,8.0,0.0,0.0,2.0,0.0,0.6666666666666666,A
0.0,1924.402,0.0,6.0,0.0,2023-09-24 20:00:00,0.0,0.0,3126.0,0,0.0,1926.294,0.0,1924.717,1926.116,1.0,4.5442857142856905,1.0,1.0,0.0,20.0,0.0,0.0,1.0,0.0,0.3333333333333333,B
0.0,1922.608,0.0,0.0,0.0,2023-09-25 00:00:00,0.0,0.0,9359.0,0,0.0,1925.264,0.0,1923.582,1924.73,1.0,4.411285714285701,1.0,1.0,0.0,0.0,0.0,0.0,1.0,0.0,0.3333333333333333,B
0.0,1872.491,0.0,2.0,1.0,2023-09-27 16:00:00,1.0,0.0,16185.0,0,0.0,1881.591,0.0,1876.67,1881.525,2.0,6.126642857142802,2.0,0.0,0.0,16.0,0.0,0.0,2.0,0.0,0.6666666666666666,A
1.0,1874.549,0.0,2.0,0.0,2023-09-27 20:00:00,0.0,0.0,4778.0,0,0.0,1877.65,0.0,1877.562,1876.701,0.0,5.503928571428527,1.0,0.0,1.0,20.0,3.0,0.0,1.0,0.0,1.0,A+
0.0,1860.947,0.0,3.0,1.0,2023-09-28 16:00:00,1.0,0.0,14771.0,0,0.0,1867.276,0.0,1867.102,1864.758,2.0,7.075571428571428,2.0,0.0,0.0,16.0,0.0,0.0,2.0,0.0,0.6666666666666666,A
0.0,1863.775,0.0,3.0,0.0,2023-09-28 20:00:00,0.0,0.0,5288.0,0,0.0,1867.225,0.0,1866.7,1867.071,0.0,6.439214285714278,0.0,0.0,0.0,20.0,0.0,0.0,0.0,0.0,0.0,B
0.0,1862.89,0.0,4.0,0.0,2023-09-29 00:00:00,0.0,0.0,9737.0,1,0.0,1867.204,0.0,1863.302,1866.695,0.0,6.426285714285704,0.0,0.0,0.0,0.0,0.0,0.0,0.0,0.0,0.0,B
1.0,1863.072,0.0,4.0,0.0,2023-09-29 04:00:00,0.0,0.0,12503.0,0,0.0,1873.947,0.0,1873.502,1863.301,0.0,7.07492857142857,1.0,0.0,1.0,4.0,1.0,0.0,1.0,0.0,1.0,A+
0.0,1867.53,0.0,4.0,1.0,2023-09-29 08:00:00,1.0,0.0,13971.0,0,0.0,1873.724,0.0,1869.425,1873.528,2.0,7.2023571428571325,2.0,0.0,0.0,8.0,0.0,0.0,2.0,0.0,0.6666666666666666,A
1.0,1845.687,0.0,6.0,0.0,2023-10-01 20:00:00,0.0,0.0,4065.0,0,0.0,1848.678,1.0,1848.314,1847.284,0.0,7.959642857142886,1.0,0.0,1.0,20.0,0.0,0.0,1.0,0.0,1.0,A+
0.0,1831.045,0.0,0.0,1.0,2023-10-02 08:00:00,1.0,0.0,16711.0,1,0.0,1843.168,0.0,1837.264,1839.744,2.0,8.903571428571436,2.0,0.0,0.0,8.0,0.0,0.0,2.0,0.0,0.6666666666666666,A
0.0,1827.113,0.0,0.0,1.0,2023-10-02 12:00:00,1.0,0.0,31153.0,0,0.0,1840.559,0.0,1832.544,1837.263,2.0,9.611214285714286,2.0,0.0,0.0,12.0,0.0,0.0,2.0,0.0,0.6666666666666666,A
0.0,1820.404,0.0,0.0,0.0,2023-10-02 20:00:00,0.0,0.0,7150.0,0,0.0,1829.587,0.0,1824.944,1829.276,0.0,8.558357142857128,0.0,0.0,0.0,20.0,0.0,0.0,0.0,0.0,0.0,B
1.0,1921.177,0.0,6.0,0.0,2023-10-15 20:00:00,0.0,0.0,7670.0,0,0.0,1927.521,0.0,1925.836,1927.521,0.0,8.7917857142857,1.0,0.0,1.0,20.0,8.0,0.0,1.0,0.0,1.0,A+
0.0,1918.029,0.0,0.0,0.0,2023-10-16 00:00:00,0.0,0.0,12732.0,0,0.0,1925.927,0.0,1920.027,1925.842,0.0,9.186928571428552,0.0,0.0,0.0,0.0,0.0,0.0,0.0,0.0,0.0,B
0.0,1908.144,0.0,0.0,1.0,2023-10-16 04:00:00,1.0,0.0,16404.0,1,0.0,1920.362,0.0,1911.418,1920.025,2.0,9.757785714285692,2.0,0.0,0.0,4.0,0.0,0.0,2.0,0.0,0.6666666666666666,A
0.0,1909.943,0.0,0.0,1.0,2023-10-16 08:00:00,1.0,0.0,16422.0,1,0.0,1918.28,0.0,1915.566,1911.394,2.0,9.935142857142832,2.0,0.0,0.0,8.0,0.0,0.0,2.0,0.0,0.6666666666666666,A
0.0,1914.38,0.0,0.0,1.0,2023-10-16 12:00:00,1.0,0.0,29725.0,1,0.0,1924.526,0.0,1921.454,1915.598,2.0,10.243428571428549,2.0,0.0,0.0,12.0,0.0,0.0,2.0,0.0,0.6666666666666666,A
0.0,1917.826,0.0,0.0,0.0,2023-10-16 16:00:00,0.0,0.0,12247.0,1,0.0,1922.721,0.0,1918.942,1921.487,0.0,9.576714285714274,0.0,0.0,0.0,16.0,0.0,0.0,0.0,0.0,0.0,B
1.0,1918.768,0.0,0.0,0.0,2023-10-16 20:00:00,0.0,0.0,4756.0,0,0.0,1921.736,0.0,1919.386,1918.987,0.0,9.38114285714286,1.0,0.0,1.0,20.0,4.0,0.0,1.0,0.0,1.0,A+
0.0,1912.343,0.0,1.0,0.0,2023-10-17 00:00:00,0.0,0.0,12231.0,1,0.0,1919.967,0.0,1916.784,1919.382,0.0,9.717142857142871,0.0,0.0,0.0,0.0,0.0,0.0,0.0,0.0,0.0,B
0.0,1918.594,0.0,1.0,1.0,2023-10-17 08:00:00,1.0,0.0,16049.0,1,0.0,1926.504,0.0,1923.993,1919.972,2.0,9.832785714285722,2.0,0.0,0.0,8.0,0.0,0.0,2.0,0.0,0.6666666666666666,A
0.0,1918.978,0.0,1.0,1.0,2023-10-17 12:00:00,1.0,0.0,32400.0,0,0.0,1931.323,0.0,1926.817,1924.013,2.0,9.432285714285724,2.0,0.0,0.0,12.0,0.0,0.0,2.0,0.0,0.6666666666666666,A
0.0,1919.109,0.0,1.0,1.0,2023-10-17 16:00:00,0.0,0.0,15127.0,1,0.0,1926.785,0.0,1922.615,1926.785,1.0,8.074000000000003,1.0,0.0,0.0,16.0,0.0,0.0,1.0,0.0,0.3333333333333333,B
0.0,1922.094,0.0,1.0,0.0,2023-10-17 20:00:00,0.0,0.0,4361.0,1,0.0,1925.524,0.0,1924.715,1922.681,0.0,7.725714285714275,0.0,0.0,0.0,20.0,0.0,0.0,0.0,0.0,0.0,B
0.0,1923.763,0.0,2.0,1.0,2023-10-18 00:00:00,1.0,0.0,16596.0,1,0.0,1942.722,0.0,1937.48,1924.711,2.0,8.758428571428567,2.0,0.0,0.0,0.0,0.0,1.0,2.0,1.0,0.6666666666666666,A
0.0,1935.068,0.0,2.0,0.0,2023-10-18 04:00:00,0.0,0.0,14586.0,1,0.0,1940.099,0.0,1939.553,1937.473,0.0,8.329214285714263,0.0,0.0,0.0,4.0,0.0,1.0,0.0,1.0,0.0,B
0.0,1946.986,0.0,2.0,0.0,2023-10-18 20:00:00,0.0,0.0,6074.0,1,1.0,1951.641,0.0,1950.867,1950.352,1.0,9.240785714285703,1.0,0.0,0.0,20.0,0.0,1.0,1.0,1.0,0.3333333333333333,B
0.0,1945.172,0.0,3.0,0.0,2023-10-19 00:00:00,0.0,0.0,13300.0,1,0.0,1953.222,0.0,1946.254,1950.8,0.0,9.466142857142843,0.0,0.0,0.0,0.0,0.0,1.0,0.0,1.0,0.0,B
0.0,1945.249,0.0,3.0,1.0,2023-10-19 04:00:00,0.0,0.0,15536.0,1,1.0,1952.757,0.0,1949.455,1946.26,2.0,9.790428571428558,2.0,0.0,0.0,4.0,0.0,1.0,2.0,1.0,0.6666666666666666,A
0.0,1947.817,0.0,3.0,1.0,2023-10-19 08:00:00,0.0,0.0,15673.0,1,0.0,1954.466,0.0,1952.056,1949.427,1.0,9.720785714285691,1.0,0.0,0.0,8.0,0.0,1.0,1.0,1.0,0.3333333333333333,B
0.0,1949.691,0.0,3.0,1.0,2023-10-19 12:00:00,1.0,0.0,28638.0,1,0.0,1959.911,0.0,1956.163,1952.087,2.0,9.9407857142857,2.0,0.0,0.0,12.0,0.0,1.0,2.0,1.0,0.6666666666666666,A
0.0,1952.098,0.0,3.0,1.0,2023-10-19 16:00:00,1.0,0.0,31714.0,1,0.0,1977.659,0.0,1974.317,1956.193,2.0,11.201571428571436,2.0,0.0,0.0,16.0,0.0,1.0,2.0,1.0,0.6666666666666666,A
1.0,1972.394,0.0,3.0,0.0,2023-10-19 20:00:00,0.0,0.0,9992.0,1,0.0,1982.381,0.0,1977.103,1974.348,0.0,11.033142857142868,1.0,0.0,1.0,20.0,4.0,1.0,1.0,1.0,1.0,A+
0.0,1974.232,0.0,4.0,1.0,2023-10-20 16:00:00,1.0,0.0,25119.0,1,0.0,1992.386,0.0,1979.651,1991.588,2.0,12.761142857142854,2.0,0.0,0.0,16.0,0.0,1.0,2.0,1.0,0.6666666666666666,A
0.0,1978.882,0.0,4.0,0.0,2023-10-20 20:00:00,0.0,0.0,2178.0,0,0.0,1981.287,0.0,1980.769,1979.622,0.0,11.180071428571424,0.0,0.0,0.0,20.0,0.0,1.0,0.0,1.0,0.0,B
0.0,1970.037,0.0,6.0,0.0,2023-10-22 20:00:00,0.0,0.0,6283.0,1,0.0,1978.541,0.0,1971.554,1972.732,0.0,11.093142857142848,0.0,0.0,0.0,20.0,0.0,1.0,0.0,1.0,0.0,B
0.0,1972.679,0.0,0.0,0.0,2023-10-23 04:00:00,0.0,0.0,15855.0,1,0.0,1979.729,0.0,1979.385,1973.642,1.0,11.438285714285712,1.0,0.0,0.0,4.0,0.0,1.0,1.0,1.0,0.3333333333333333,B
0.0,1970.11,0.0,0.0,1.0,2023-10-23 12:00:00,1.0,0.0,29536.0,1,0.0,1981.921,0.0,1975.293,1979.294,3.0,11.806500000000012,3.0,0.0,0.0,12.0,0.0,1.0,3.0,1.0,1.0,A+
0.0,1972.382,0.0,1.0,0.0,2023-10-24 00:00:00,0.0,0.0,14587.0,1,0.0,1980.832,0.0,1976.839,1973.52,1.0,9.901214285714284,1.0,0.0,0.0,0.0,0.0,1.0,1.0,1.0,0.3333333333333333,B
0.0,1974.419,0.0,1.0,0.0,2023-10-24 04:00:00,0.0,0.0,14630.0,0,0.0,1979.113,0.0,1975.335,1976.808,1.0,9.527357142857143,1.0,0.0,0.0,4.0,0.0,1.0,1.0,1.0,0.3333333333333333,B
0.0,2004.333,0.0,4.0,0.0,2023-10-27 20:00:00,0.0,0.0,3166.0,0,0.0,2007.13,0.0,2006.083,2006.976,0.0,8.991428571428596,0.0,0.0,0.0,20.0,0.0,1.0,0.0,1.0,0.0,B
1.0,1996.833,0.0,6.0,0.0,2023-10-29 20:00:00,0.0,0.0,9375.0,1,0.0,2004.741,0.0,2002.621,2002.989,0.0,8.996642857142872,1.0,0.0,1.0,20.0,5.0,1.0,1.0,1.0,1.0,A+
0.0,2001.48,0.0,0.0,1.0,2023-10-30 00:00:00,0.0,0.0,13895.0,0,1.0,2006.767,0.0,2002.092,2002.649,2.0,8.91807142857145,2.0,0.0,0.0,0.0,0.0,1.0,2.0,1.0,0.6666666666666666,A
0.0,1993.393,0.0,0.0,1.0,2023-10-30 04:00:00,0.0,0.0,13886.0,1,0.0,2002.649,0.0,1993.643,2002.11,1.0,9.224357142857148,1.0,0.0,0.0,4.0,0.0,1.0,1.0,1.0,0.3333333333333333,B
0.0,1990.941,0.0,0.0,1.0,2023-10-30 08:00:00,1.0,0.0,17476.0,1,0.0,1997.311,0.0,1995.712,1993.677,2.0,9.243714285714272,2.0,0.0,0.0,8.0,0.0,1.0,2.0,1.0,0.6666666666666666,A
0.0,1991.975,0.0,0.0,1.0,2023-10-30 12:00:00,1.0,0.0,30532.0,1,1.0,2002.446,0.0,1999.059,1995.718,3.0,9.20564285714285,3.0,0.0,0.0,12.0,0.0,1.0,3.0,1.0,1.0,A+
0.0,1994.655,0.0,0.0,1.0,2023-10-30 16:00:00,0.0,0.0,14644.0,0,0.0,2000.614,0.0,1995.902,1999.095,1.0,8.568142857142854,1.0,0.0,0.0,16.0,0.0,1.0,1.0,1.0,0.3333333333333333,B
0.0,1993.929,0.0,0.0,0.0,2023-10-30 20:00:00,0.0,0.0,4946.0,1,0.0,1996.659,0.0,1995.513,1995.872,0.0,8.078642857142865,0.0,0.0,0.0,20.0,0.0,1.0,0.0,1.0,0.0,B
0.0,1991.695,0.0,1.0,0.0,2023-10-31 00:00:00,0.0,0.0,13650.0,1,0.0,1997.241,0.0,1992.16,1995.531,0.0,8.233714285714298,0.0,0.0,0.0,0.0,0.0,1.0,0.0,1.0,0.0,B
1.0,1990.538,0.0,1.0,0.0,2023-10-31 04:00:00,0.0,0.0,12729.0,1,0.0,1997.603,0.0,1996.248,1992.157,0.0,8.3112142857143,1.0,0.0,1.0,4.0,1.0,1.0,1.0,1.0,1.0,A+
0.0,1995.087,0.0,1.0,1.0,2023-10-31 08:00:00,0.0,0.0,15172.0,0,1.0,2000.336,0.0,1999.844,1996.246,2.0,8.390714285714305,2.0,0.0,0.0,8.0,0.0,1.0,2.0,1.0,0.6666666666666666,A
0.0,1978.806,0.0,1.0,1.0,2023-10-31 16:00:00,1.0,0.0,22235.0,1,0.0,1994.724,0.0,1984.796,1994.204,2.0,9.39435714285714,2.0,1.0,0.0,16.0,0.0,1.0,2.0,1.0,0.6666666666666666,A
0.0,1983.096,0.0,1.0,0.0,2023-10-31 20:00:00,0.0,0.0,6354.0,0,0.0,1986.118,0.0,1983.667,1984.826,0.0,7.451071428571416,0.0,1.0,0.0,20.0,0.0,1.0,0.0,1.0,0.0,B
1.0,1976.836,0.0,2.0,0.0,2023-11-01 00:00:00,0.0,0.0,13071.0,1,0.0,1983.947,1.0,1977.08,1983.67,0.0,7.759214285714263,1.0,1.0,1.0,0.0,0.0,1.0,1.0,1.0,1.0,A+
0.0,1977.085,0.0,2.0,1.0,2023-11-01 08:00:00,0.0,0.0,14418.0,1,0.0,1985.128,0.0,1983.418,1977.097,1.0,7.704999999999976,1.0,1.0,0.0,8.0,0.0,1.0,1.0,1.0,0.3333333333333333,B
0.0,1984.507,0.0,3.0,1.0,2023-11-02 08:00:00,0.0,0.0,14046.0,0,0.0,1990.337,0.0,1988.474,1985.377,2.0,8.313214285714269,2.0,1.0,0.0,8.0,0.0,1.0,2.0,1.0,0.6666666666666666,A
0.0,1978.986,0.0,3.0,1.0,2023-11-02 16:00:00,0.0,0.0,14320.0,1,0.0,1986.656,0.0,1985.399,1981.127,2.0,8.847785714285676,2.0,1.0,0.0,16.0,0.0,1.0,2.0,1.0,0.6666666666666666,A
0.0,1984.301,0.0,3.0,0.0,2023-11-02 20:00:00,0.0,0.0,4546.0,1,0.0,1986.464,0.0,1984.961,1985.367,1.0,7.902642857142821,1.0,1.0,0.0,20.0,0.0,1.0,1.0,1.0,0.3333333333333333,B
0.0,1984.583,0.0,4.0,0.0,2023-11-03 04:00:00,0.0,0.0,10765.0,1,0.0,1989.045,0.0,1986.525,1985.803,1.0,7.196714285714263,1.0,1.0,0.0,4.0,0.0,1.0,1.0,1.0,0.3333333333333333,B
0.0,1989.316,0.0,4.0,1.0,2023-11-03 16:00:00,0.0,0.0,15840.0,0,0.0,1995.057,0.0,1992.72,1991.737,2.0,7.7141428571428445,2.0,1.0,0.0,16.0,0.0,1.0,2.0,1.0,0.6666666666666666,A
0.0,1992.022,0.0,4.0,0.0,2023-11-03 20:00:00,0.0,0.0,1595.0,0,0.0,1992.885,0.0,1992.516,1992.692,1.0,6.755999999999988,1.0,1.0,0.0,20.0,0.0,1.0,1.0,1.0,0.3333333333333333,B
0.0,1987.149,0.0,6.0,0.0,2023-11-05 20:00:00,0.0,0.0,2473.0,1,0.0,1991.579,0.0,1988.47,1991.419,1.0,6.251142857142862,1.0,1.0,0.0,20.0,0.0,1.0,1.0,1.0,0.3333333333333333,B
0.0,1981.86,0.0,0.0,1.0,2023-11-06 00:00:00,0.0,0.0,14191.0,0,0.0,1993.042,0.0,1985.186,1988.473,2.0,6.441428571428576,2.0,1.0,0.0,0.0,0.0,1.0,2.0,1.0,0.6666666666666666,A
0.0,1982.246,0.0,0.0,0.0,2023-11-06 04:00:00,0.0,0.0,11925.0,1,0.0,1985.272,0.0,1983.435,1985.154,1.0,6.314285714285704,1.0,1.0,0.0,4.0,0.0,1.0,1.0,1.0,0.3333333333333333,B
0.0,1982.889,0.0,0.0,1.0,2023-11-06 08:00:00,0.0,0.0,13910.0,0,0.0,1988.353,0.0,1987.637,1983.461,2.0,6.49164285714286,2.0,1.0,0.0,8.0,0.0,1.0,2.0,1.0,0.6666666666666666,A
0.0,1979.175,0.0,0.0,1.0,2023-11-06 16:00:00,0.0,0.0,13791.0,0,0.0,1984.421,0.0,1980.301,1981.123,2.0,6.152857142857166,2.0,1.0,0.0,16.0,0.0,1.0,2.0,1.0,0.6666666666666666,A
0.0,1975.736,0.0,0.0,0.0,2023-11-06 20:00:00,0.0,0.0,7681.0,0,0.0,1980.281,0.0,1976.677,1980.281,1.0,5.9310714285714505,1.0,1.0,0.0,20.0,0.0,1.0,1.0,1.0,0.3333333333333333,B
1.0,1972.228,0.0,1.0,0.0,2023-11-07 00:00:00,0.0,0.0,12103.0,1,0.0,1977.001,1.0,1972.562,1976.653,0.0,6.117500000000015,1.0,1.0,1.0,0.0,0.0,1.0,1.0,1.0,1.0,A+
1.0,1967.19,0.0,1.0,0.0,2023-11-07 04:00:00,0.0,0.0,11764.0,0,0.0,1974.137,1.0,1969.283,1972.563,0.0,6.285500000000005,1.0,1.0,1.0,4.0,0.0,1.0,1.0,1.0,1.0,A+
0.0,1966.911,0.0,1.0,0.0,2023-11-07 20:00:00,0.0,0.0,6716.0,1,0.0,1969.336,0.0,1968.902,1967.424,0.0,6.00428571428571,0.0,1.0,0.0,20.0,0.0,1.0,0.0,1.0,0.0,B
1.0,1967.323,0.0,2.0,0.0,2023-11-08 00:00:00,0.0,0.0,12010.0,1,0.0,1970.989,0.0,1967.75,1968.908,0.0,6.204499999999988,1.0,1.0,1.0,0.0,6.0,1.0,1.0,1.0,1.0,A+
1.0,1964.95,0.0,2.0,0.0,2023-11-08 04:00:00,0.0,0.0,11759.0,1,0.0,1969.101,0.0,1967.593,1967.746,0.0,6.117642857142836,1.0,1.0,1.0,4.0,5.0,1.0,1.0,1.0,1.0,A+
0.0,1959.421,0.0,2.0,1.0,2023-11-08 08:00:00,1.0,0.0,15311.0,1,0.0,1968.937,0.0,1964.386,1967.561,2.0,5.9986428571428245,2.0,1.0,0.0,8.0,0.0,1.0,2.0,1.0,0.6666666666666666,A
0.0,1950.918,0.0,2.0,1.0,2023-11-08 12:00:00,1.0,0.0,23394.0,0,0.0,1966.646,0.0,1955.355,1964.396,2.0,6.9059285714285545,2.0,1.0,0.0,12.0,0.0,1.0,2.0,1.0,0.6666666666666666,A
0.0,1947.335,0.0,2.0,0.0,2023-11-08 20:00:00,0.0,0.0,7572.0,0,1.0,1951.749,0.0,1950.812,1948.124,1.0,7.004285714285678,1.0,1.0,0.0,20.0,0.0,1.0,1.0,1.0,0.3333333333333333,B
0.0,1944.514,0.0,3.0,1.0,2023-11-09 08:00:00,0.0,0.0,14058.0,1,1.0,1949.673,0.0,1948.794,1949.298,2.0,6.985571428571412,2.0,0.0,0.0,8.0,0.0,1.0,2.0,1.0,0.6666666666666666,A
0.0,1944.807,0.0,3.0,1.0,2023-11-09 12:00:00,1.0,0.0,27245.0,1,0.0,1964.923,0.0,1962.925,1948.801,2.0,7.926214285714276,2.0,1.0,0.0,12.0,0.0,1.0,2.0,1.0,0.6666666666666666,A
0.0,1956.158,0.0,3.0,1.0,2023-11-09 16:00:00,1.0,0.0,22205.0,1,0.0,1965.718,0.0,1958.349,1962.862,2.0,8.068999999999992,2.0,1.0,0.0,16.0,0.0,1.0,2.0,1.0,0.6666666666666666,A
0.0,1956.86,0.0,3.0,0.0,2023-11-09 20:00:00,0.0,0.0,7892.0,1,0.0,1959.996,0.0,1959.058,1958.386,0.0,7.538000000000011,0.0,1.0,0.0,20.0,0.0,1.0,0.0,1.0,0.0,B
1.0,1956.427,0.0,4.0,0.0,2023-11-10 00:00:00,0.0,0.0,12625.0,0,0.0,1960.715,0.0,1959.386,1959.06,0.0,7.26557142857145,1.0,1.0,1.0,0.0,5.0,1.0,1.0,1.0,1.0,A+
1.0,1953.715,0.0,4.0,0.0,2023-11-10 04:00:00,0.0,0.0,11928.0,1,0.0,1959.467,0.0,1955.35,1959.383,0.0,7.503214285714323,1.0,1.0,1.0,4.0,8.0,1.0,1.0,1.0,1.0,A+
0.0,1947.059,0.0,4.0,1.0,2023-11-10 08:00:00,0.0,0.0,14399.0,0,0.0,1957.159,0.0,1948.177,1955.333,1.0,7.962785714285766,1.0,0.0,0.0,8.0,0.0,1.0,1.0,1.0,0.3333333333333333,B
0.0,1934.553,0.0,4.0,0.0,2023-11-10 20:00:00,0.0,0.0,4881.0,1,0.0,1938.905,0.0,1938.353,1935.436,0.0,7.600785714285751,0.0,0.0,0.0,20.0,0.0,1.0,0.0,1.0,0.0,B
0.0,1996.131,0.0,1.0,1.0,2023-11-21 16:00:00,1.0,0.0,18869.0,0,1.0,2005.353,0.0,2000.021,2004.172,4.0,8.510785714285703,4.0,0.0,0.0,16.0,0.0,1.0,4.0,1.0,1.3333333333333333,A+
0.0,1997.798,0.0,1.0,0.0,2023-11-21 20:00:00,0.0,0.0,6780.0,0,1.0,2000.153,0.0,1999.339,2000.06,2.0,8.195571428571416,2.0,0.0,0.0,20.0,0.0,1.0,2.0,1.0,0.6666666666666666,A
0.0,1995.462,0.0,2.0,0.0,2023-11-22 00:00:00,0.0,0.0,13867.0,1,0.0,1999.338,0.0,1996.464,1999.338,1.0,8.324857142857127,1.0,1.0,0.0,0.0,0.0,1.0,1.0,1.0,0.3333333333333333,B
0.0,1998.97,0.0,2.0,1.0,2023-11-22 08:00:00,1.0,0.0,16561.0,1,1.0,2006.394,0.0,2000.6,2003.629,4.0,8.11049999999997,4.0,0.0,0.0,8.0,0.0,1.0,4.0,1.0,1.3333333333333333,A+
0.0,1989.885,0.0,2.0,1.0,2023-11-22 12:00:00,1.0,0.0,24437.0,0,0.0,2003.21,0.0,1994.901,2000.604,3.0,8.683928571428542,3.0,1.0,0.0,12.0,0.0,1.0,3.0,1.0,1.0,A+
0.0,1986.851,0.0,2.0,1.0,2023-11-22 16:00:00,1.0,0.0,16037.0,1,0.0,1995.478,0.0,1990.647,1994.896,3.0,8.706785714285681,3.0,1.0,0.0,16.0,0.0,1.0,3.0,1.0,1.0,A+
0.0,1990.114,0.0,3.0,0.0,2023-11-23 00:00:00,0.0,0.0,12714.0,0,1.0,1998.235,0.0,1997.704,1990.515,2.0,8.344642857142828,2.0,1.0,0.0,0.0,0.0,1.0,2.0,1.0,0.6666666666666666,A
0.0,1993.316,0.0,3.0,0.0,2023-11-23 04:00:00,0.0,0.0,12631.0,0,0.0,1998.562,0.0,1996.365,1997.686,1.0,8.384928571428532,1.0,1.0,0.0,4.0,0.0,1.0,1.0,1.0,0.3333333333333333,B
0.0,1992.128,0.0,3.0,1.0,2023-11-23 08:00:00,0.0,0.0,13417.0,1,0.0,1996.406,0.0,1993.841,1996.334,2.0,7.72164285714283,2.0,1.0,0.0,8.0,0.0,1.0,2.0,1.0,0.6666666666666666,A
0.0,1991.778,0.0,3.0,1.0,2023-11-23 12:00:00,0.0,0.0,13012.0,1,0.0,1994.854,0.0,1992.129,1993.823,2.0,7.625714285714253,2.0,1.0,0.0,12.0,0.0,1.0,2.0,1.0,0.6666666666666666,A
0.0,1992.48,0.0,3.0,0.0,2023-11-23 20:00:00,0.0,0.0,1467.0,0,0.0,1994.311,0.0,1993.983,1992.54,1.0,5.807499999999989,1.0,1.0,0.0,20.0,0.0,1.0,1.0,1.0,0.3333333333333333,B
0.0,1991.479,0.0,4.0,1.0,2023-11-24 00:00:00,0.0,1.0,13092.0,1,0.0,1994.881,0.0,1993.523,1994.072,2.0,5.391785714285708,2.0,1.0,0.0,0.0,0.0,1.0,2.0,1.0,0.6666666666666666,A
0.0,1997.111,0.0,4.0,0.0,2023-11-24 16:00:00,0.0,1.0,8801.0,0,1.0,2002.308,0.0,2002.19,1998.34,2.0,5.418785714285702,2.0,0.0,0.0,16.0,0.0,1.0,2.0,1.0,0.6666666666666666,A
0.0,2000.484,0.0,6.0,0.0,2023-11-26 20:00:00,0.0,0.0,2311.0,1,1.0,2002.978,0.0,2002.25,2000.897,1.0,4.645142857142852,1.0,0.0,0.0,20.0,0.0,1.0,1.0,1.0,0.3333333333333333,B
0.0,2012.08,0.0,1.0,0.0,2023-11-28 04:00:00,0.0,1.0,12274.0,1,0.0,2016.864,0.0,2013.509,2014.937,1.0,5.902357142857178,1.0,0.0,0.0,4.0,0.0,1.0,1.0,1.0,0.3333333333333333,B
1.0,2039.617,0.0,1.0,0.0,2023-11-28 20:00:00,0.0,0.0,8403.0,0,0.0,2044.573,1.0,2044.406,2041.769,0.0,7.4611428571429155,1.0,0.0,1.0,20.0,0.0,1.0,1.0,1.0,1.0,A+
0.0,2035.228,0.0,2.0,1.0,2023-11-29 08:00:00,1.0,0.0,17948.0,1,0.0,2044.082,0.0,2040.064,2042.413,2.0,7.606714285714361,2.0,0.0,0.0,8.0,0.0,1.0,2.0,1.0,0.6666666666666666,A
0.0,2039.434,0.0,2.0,1.0,2023-11-29 16:00:00,1.0,0.0,18072.0,0,0.0,2049.536,0.0,2046.258,2042.86,2.0,8.296642857142924,2.0,0.0,0.0,16.0,0.0,1.0,2.0,1.0,0.6666666666666666,A
0.0,2042.777,0.0,2.0,0.0,2023-11-29 20:00:00,0.0,0.0,7893.0,1,0.0,2046.421,0.0,2044.643,2046.27,0.0,8.007285714285786,0.0,0.0,0.0,20.0,0.0,1.0,0.0,1.0,0.0,B
0.0,2042.579,0.0,3.0,0.0,2023-11-30 00:00:00,0.0,0.0,13535.0,0,0.0,2047.26,0.0,2046.039,2044.64,0.0,7.777714285714345,0.0,0.0,0.0,0.0,0.0,1.0,0.0,1.0,0.0,B
1.0,2041.329,0.0,3.0,0.0,2023-11-30 04:00:00,0.0,0.0,14395.0,1,0.0,2046.877,0.0,2044.574,2046.065,0.0,7.924071428571486,1.0,0.0,1.0,4.0,2.0,1.0,1.0,1.0,1.0,A+
0.0,2035.857,0.0,3.0,1.0,2023-11-30 08:00:00,1.0,0.0,17884.0,1,0.0,2045.674,0.0,2037.147,2044.676,2.0,8.324214285714334,2.0,0.0,0.0,8.0,0.0,1.0,2.0,1.0,0.6666666666666666,A
0.0,2038.653,0.0,4.0,0.0,2023-12-01 00:00:00,0.0,1.0,13824.0,1,0.0,2043.37,0.0,2039.41,2040.075,2.0,7.556857142857178,2.0,0.0,0.0,0.0,0.0,1.0,2.0,1.0,0.6666666666666666,A
0.0,2038.808,0.0,4.0,0.0,2023-12-01 04:00:00,0.0,1.0,12971.0,1,0.0,2042.835,0.0,2039.502,2039.403,2.0,7.49050000000003,2.0,0.0,0.0,4.0,0.0,1.0,2.0,1.0,0.6666666666666666,A
0.0,2044.606,0.0,4.0,1.0,2023-12-01 16:00:00,1.0,1.0,27553.0,1,0.0,2075.271,0.0,2066.985,2049.336,3.0,10.165214285714326,3.0,0.0,0.0,16.0,0.0,1.0,3.0,1.0,1.0,A+
0.0,2066.384,0.0,4.0,0.0,2023-12-01 20:00:00,0.0,0.0,5166.0,1,0.0,2071.841,0.0,2071.554,2066.982,0.0,9.846714285714322,0.0,0.0,0.0,20.0,0.0,1.0,0.0,1.0,0.0,B
0.0,2083.149,0.0,0.0,1.0,2023-12-04 00:00:00,1.0,1.0,38652.0,1,0.0,2120.648,0.0,2085.774,2117.935,4.0,16.751285714285764,4.0,0.0,0.0,0.0,0.0,1.0,4.0,1.0,1.3333333333333333,A+
0.0,2061.459,0.0,0.0,1.0,2023-12-04 04:00:00,1.0,1.0,26238.0,1,0.0,2090.49,0.0,2063.518,2085.799,4.0,18.490571428571474,4.0,1.0,0.0,4.0,0.0,1.0,4.0,1.0,1.3333333333333333,A+
0.0,2057.705,0.0,0.0,1.0,2023-12-04 08:00:00,1.0,1.0,27668.0,0,0.0,2076.37,0.0,2070.835,2063.551,4.0,19.42750000000004,4.0,0.0,0.0,8.0,0.0,1.0,4.0,1.0,1.3333333333333333,A+
0.0,2020.66,0.0,0.0,1.0,2023-12-04 16:00:00,1.0,1.0,30174.0,1,0.0,2031.505,0.0,2030.877,2022.515,3.0,22.25657142857147,3.0,1.0,0.0,16.0,0.0,1.0,3.0,1.0,1.0,A+
0.0,2026.134,0.0,0.0,0.0,2023-12-04 20:00:00,0.0,1.0,10992.0,1,0.0,2034.129,0.0,2034.087,2030.911,1.0,22.271357142857173,1.0,1.0,0.0,20.0,0.0,1.0,1.0,1.0,0.3333333333333333,B
0.0,2032.642,0.0,1.0,0.0,2023-12-05 00:00:00,0.0,1.0,20019.0,1,0.0,2041.17,0.0,2037.286,2033.931,1.0,22.47007142857145,1.0,1.0,0.0,0.0,0.0,1.0,1.0,1.0,0.3333333333333333,B
0.0,2021.493,0.0,1.0,1.0,2023-12-05 08:00:00,0.0,1.0,22361.0,0,0.0,2039.578,0.0,2024.679,2032.599,2.0,23.70428571428574,2.0,1.0,0.0,8.0,0.0,1.0,2.0,1.0,0.6666666666666666,A
0.0,2028.944,0.0,3.0,1.0,2023-12-14 16:00:00,1.0,0.0,24403.0,1,0.0,2041.462,0.0,2033.195,2040.18,3.0,12.13028571428572,3.0,1.0,0.0,16.0,0.0,1.0,3.0,1.0,1.0,A+
0.0,2032.697,0.0,3.0,0.0,2023-12-14 20:00:00,0.0,0.0,10247.0,1,0.0,2038.646,0.0,2035.552,2033.163,1.0,11.366,1.0,1.0,0.0,20.0,0.0,1.0,1.0,1.0,0.3333333333333333,B
0.0,2034.308,0.0,4.0,0.0,2023-12-15 04:00:00,0.0,0.0,15250.0,1,0.0,2039.095,0.0,2037.836,2035.713,1.0,11.417857142857152,1.0,1.0,0.0,4.0,0.0,1.0,1.0,1.0,0.3333333333333333,B
0.0,2036.95,0.0,4.0,1.0,2023-12-15 08:00:00,0.0,0.0,17935.0,0,0.0,2044.372,0.0,2041.635,2037.797,1.0,11.605357142857152,1.0,1.0,0.0,8.0,0.0,1.0,1.0,1.0,0.3333333333333333,B
0.0,2018.754,0.0,0.0,1.0,2023-12-18 08:00:00,0.0,0.0,18996.0,1,0.0,2027.315,0.0,2021.951,2023.112,2.0,9.508571428571438,2.0,1.0,0.0,8.0,0.0,1.0,2.0,1.0,0.6666666666666666,A
0.0,2025.506,0.0,0.0,0.0,2023-12-18 20:00:00,0.0,0.0,7676.0,1,0.0,2027.989,0.0,2027.604,2026.244,1.0,8.096571428571451,1.0,1.0,0.0,20.0,0.0,1.0,1.0,1.0,0.3333333333333333,B
0.0,2022.599,0.0,1.0,0.0,2023-12-19 00:00:00,0.0,0.0,15696.0,1,0.0,2029.289,0.0,2023.338,2027.568,1.0,8.149500000000021,1.0,1.0,0.0,0.0,0.0,1.0,1.0,1.0,0.3333333333333333,B
0.0,2021.696,0.0,1.0,1.0,2023-12-19 04:00:00,0.0,0.0,16256.0,1,0.0,2026.413,0.0,2024.753,2023.289,2.0,8.038714285714311,2.0,1.0,0.0,4.0,0.0,1.0,2.0,1.0,0.6666666666666666,A
0.0,2023.827,0.0,1.0,0.0,2023-12-19 08:00:00,0.0,0.0,14193.0,1,0.0,2028.412,0.0,2026.523,2024.721,1.0,8.02428571428574,1.0,1.0,0.0,8.0,0.0,1.0,1.0,1.0,0.3333333333333333,B
0.0,2026.167,0.0,1.0,1.0,2023-12-19 12:00:00,1.0,0.0,26080.0,0,0.0,2045.462,0.0,2041.741,2026.543,3.0,8.872357142857172,3.0,1.0,0.0,12.0,0.0,1.0,3.0,1.0,1.0,A+
0.0,2038.672,0.0,1.0,0.0,2023-12-19 20:00:00,0.0,0.0,7926.0,0,0.0,2041.624,0.0,2040.932,2039.482,1.0,7.044714285714316,1.0,1.0,0.0,20.0,0.0,1.0,1.0,1.0,0.3333333333333333,B
0.0,2036.7,0.0,2.0,0.0,2023-12-20 00:00:00,0.0,0.0,13776.0,1,0.0,2041.029,0.0,2040.393,2040.862,1.0,7.052142857142891,1.0,1.0,0.0,0.0,0.0,1.0,1.0,1.0,0.3333333333333333,B
0.0,2039.344,0.0,2.0,0.0,2023-12-20 04:00:00,0.0,0.0,13237.0,0,0.0,2043.445,0.0,2042.264,2040.393,1.0,7.044571428571446,1.0,1.0,0.0,4.0,0.0,1.0,1.0,1.0,0.3333333333333333,B
0.0,2033.873,0.0,3.0,0.0,2023-12-21 04:00:00,0.0,0.0,12541.0,1,0.0,2038.244,0.0,2034.879,2037.372,1.0,7.262214285714289,1.0,1.0,0.0,4.0,0.0,1.0,1.0,1.0,0.3333333333333333,B
0.0,2032.984,0.0,3.0,1.0,2023-12-21 08:00:00,0.0,0.0,14032.0,1,0.0,2037.196,0.0,2034.054,2034.865,2.0,7.085214285714285,2.0,1.0,0.0,8.0,0.0,1.0,2.0,1.0,0.6666666666666666,A
0.0,2046.753,0.0,4.0,1.0,2023-12-22 00:00:00,1.0,0.0,17219.0,1,0.0,2053.914,0.0,2048.258,2052.788,3.0,7.217928571428599,3.0,1.0,0.0,0.0,0.0,1.0,3.0,1.0,1.0,A+
0.0,2047.01,0.0,4.0,0.0,2023-12-22 04:00:00,0.0,0.0,13949.0,1,1.0,2050.882,0.0,2049.94,2048.258,2.0,7.2836428571428895,2.0,1.0,0.0,4.0,0.0,1.0,2.0,1.0,0.6666666666666666,A
0.0,2052.11,0.0,4.0,0.0,2023-12-22 20:00:00,0.0,0.0,5587.0,1,0.0,2054.052,0.0,2053.095,2053.949,1.0,7.991071428571445,1.0,1.0,0.0,20.0,0.0,1.0,1.0,1.0,0.3333333333333333,B
0.0,2052.916,0.0,0.0,0.0,2023-12-25 20:00:00,0.0,0.0,1477.0,1,0.0,2057.746,0.0,2054.497,2057.746,1.0,7.832214285714291,1.0,1.0,0.0,20.0,0.0,1.0,1.0,1.0,0.3333333333333333,B
0.0,2054.445,0.0,1.0,1.0,2023-12-26 12:00:00,0.0,1.0,13802.0,1,0.0,2063.85,0.0,2056.756,2063.4,3.0,8.422499999999932,3.0,1.0,0.0,12.0,0.0,1.0,3.0,1.0,1.0,A+
0.0,2056.471,0.0,1.0,1.0,2023-12-26 16:00:00,0.0,1.0,11342.0,1,0.0,2062.077,0.0,2061.624,2056.777,3.0,7.822357142857088,3.0,0.0,0.0,16.0,0.0,1.0,3.0,1.0,1.0,A+
0.0,2061.484,0.0,1.0,0.0,2023-12-26 20:00:00,0.0,1.0,6487.0,1,0.0,2069.045,0.0,2065.502,2061.65,2.0,7.814071428571391,2.0,0.0,0.0,20.0,0.0,1.0,2.0,1.0,0.6666666666666666,A
0.0,2063.897,0.0,2.0,1.0,2023-12-27 00:00:00,0.0,1.0,13750.0,1,0.0,2067.802,0.0,2064.533,2065.846,3.0,7.239428571428529,3.0,0.0,0.0,0.0,0.0,1.0,3.0,1.0,1.0,A+
0.0,2075.86,0.0,2.0,1.0,2023-12-27 16:00:00,1.0,1.0,18602.0,1,0.0,2084.425,0.0,2077.449,2078.786,3.0,7.228714285714269,3.0,0.0,0.0,16.0,0.0,1.0,3.0,1.0,1.0,A+
0.0,2072.639,0.0,3.0,1.0,2023-12-28 08:00:00,1.0,1.0,18728.0,1,0.0,2086.408,0.0,2075.486,2086.146,3.0,7.250428571428594,3.0,0.0,0.0,8.0,0.0,1.0,3.0,1.0,1.0,A+
0.0,2071.261,0.0,3.0,1.0,2023-12-28 12:00:00,1.0,1.0,23070.0,0,0.0,2081.134,0.0,2077.235,2075.51,3.0,7.690500000000027,3.0,0.0,0.0,12.0,0.0,1.0,3.0,1.0,1.0,A+
0.0,2064.456,0.0,3.0,0.0,2023-12-28 20:00:00,0.0,1.0,8034.0,1,0.0,2068.896,0.0,2066.564,2068.007,1.0,7.858428571428639,1.0,0.0,0.0,20.0,0.0,1.0,1.0,1.0,0.3333333333333333,B
0.0,2068.85,0.0,4.0,0.0,2023-12-29 04:00:00,0.0,1.0,12265.0,0,0.0,2074.729,0.0,2071.925,2069.495,1.0,7.722142857142866,1.0,0.0,0.0,4.0,0.0,1.0,1.0,1.0,0.3333333333333333,B
0.0,2058.095,0.0,4.0,1.0,2023-12-29 12:00:00,1.0,0.0,23671.0,1,0.0,2068.868,0.0,2064.836,2067.72,2.0,8.805142857142853,2.0,1.0,0.0,12.0,0.0,1.0,2.0,1.0,0.6666666666666666,A
0.0,2061.103,0.0,4.0,1.0,2023-12-29 16:00:00,1.0,0.0,20608.0,0,0.0,2068.149,0.0,2067.251,2064.791,2.0,8.751999999999985,2.0,0.0,0.0,16.0,0.0,1.0,2.0,1.0,0.6666666666666666,A
1.0,2062.424,0.0,4.0,0.0,2023-12-29 20:00:00,0.0,0.0,5915.0,1,0.0,2067.363,0.0,2062.838,2067.228,0.0,7.8534285714285295,1.0,1.0,1.0,20.0,8.0,1.0,1.0,1.0,1.0,A+
0.0,2062.645,0.0,0.0,0.0,2024-01-01 20:00:00,0.0,0.0,1996.0,1,0.0,2066.095,0.0,2063.543,2064.593,0.0,7.488071428571369,0.0,1.0,0.0,20.0,0.0,1.0,0.0,1.0,0.0,B
0.0,2068.823,0.0,1.0,0.0,2024-01-02 04:00:00,0.0,0.0,12434.0,0,0.0,2076.651,0.0,2073.065,2069.492,0.0,7.732285714285646,0.0,0.0,0.0,4.0,0.0,1.0,0.0,1.0,0.0,B
0.0,2056.097,0.0,1.0,1.0,2024-01-02 12:00:00,1.0,1.0,32915.0,1,0.0,2071.008,0.0,2059.305,2069.179,3.0,8.314714285714217,3.0,1.0,0.0,12.0,0.0,1.0,3.0,1.0,1.0,A+
0.0,2057.837,0.0,1.0,0.0,2024-01-02 20:00:00,0.0,1.0,7461.0,1,0.0,2061.577,0.0,2059.476,2060.99,1.0,7.666499999999944,1.0,1.0,0.0,20.0,0.0,1.0,1.0,1.0,0.3333333333333333,B
0.0,2060.838,0.0,2.0,0.0,2024-01-03 04:00:00,0.0,1.0,13467.0,0,0.0,2065.982,0.0,2062.915,2065.023,1.0,7.783571428571382,1.0,1.0,0.0,4.0,0.0,1.0,1.0,1.0,0.3333333333333333,B
0.0,2036.405,0.0,2.0,0.0,2024-01-03 20:00:00,0.0,0.0,10374.0,1,0.0,2043.669,0.0,2042.666,2036.583,1.0,9.10528571428571,1.0,1.0,0.0,20.0,0.0,1.0,1.0,1.0,0.3333333333333333,B
0.0,2040.044,0.0,3.0,1.0,2024-01-04 00:00:00,0.0,0.0,14902.0,1,0.0,2046.96,0.0,2044.684,2042.657,2.0,9.2465,2.0,1.0,0.0,0.0,0.0,1.0,2.0,1.0,0.6666666666666666,A
0.0,2042.311,0.0,3.0,1.0,2024-01-04 04:00:00,0.0,0.0,15609.0,1,0.0,2049.552,0.0,2047.599,2044.682,2.0,9.517285714285745,2.0,1.0,0.0,4.0,0.0,1.0,2.0,1.0,0.6666666666666666,A
0.0,2044.83,0.0,3.0,1.0,2024-01-04 08:00:00,1.0,0.0,17474.0,1,0.0,2050.958,0.0,2045.136,2047.654,3.0,9.371785714285725,3.0,1.0,0.0,8.0,0.0,1.0,3.0,1.0,1.0,A+
0.0,2040.825,0.0,3.0,1.0,2024-01-04 16:00:00,1.0,0.0,17644.0,0,0.0,2046.685,0.0,2044.3,2045.084,3.0,9.29735714285716,3.0,1.0,0.0,16.0,0.0,1.0,3.0,1.0,1.0,A+
0.0,2042.485,0.0,3.0,0.0,2024-01-04 20:00:00,0.0,0.0,7596.0,0,0.0,2044.783,0.0,2043.865,2044.282,1.0,8.396428571428617,1.0,1.0,0.0,20.0,0.0,1.0,1.0,1.0,0.3333333333333333,B
0.0,2037.017,0.0,4.0,1.0,2024-01-05 08:00:00,0.0,0.0,16415.0,1,0.0,2044.382,0.0,2039.152,2043.14,2.0,8.395571428571477,2.0,1.0,0.0,8.0,0.0,1.0,2.0,1.0,0.6666666666666666,A
0.0,2040.37,0.0,4.0,1.0,2024-01-05 16:00:00,1.0,0.0,26944.0,0,0.0,2056.205,0.0,2045.682,2054.829,3.0,10.724714285714333,3.0,1.0,0.0,16.0,0.0,1.0,3.0,1.0,1.0,A+
0.0,2042.787,0.0,4.0,0.0,2024-01-05 20:00:00,0.0,0.0,7236.0,0,0.0,2046.177,0.0,2045.479,2045.702,1.0,9.746642857142904,1.0,1.0,0.0,20.0,0.0,1.0,1.0,1.0,0.3333333333333333,B
0.0,2042.902,0.0,6.0,0.0,2024-01-07 20:00:00,0.0,0.0,2759.0,1,0.0,2045.575,0.0,2044.208,2044.595,1.0,9.097857142857183,1.0,1.0,0.0,20.0,0.0,1.0,1.0,1.0,0.3333333333333333,B
0.0,2035.017,0.0,0.0,1.0,2024-01-08 00:00:00,0.0,0.0,15734.0,1,0.0,2046.59,0.0,2036.098,2044.212,2.0,9.40564285714288,2.0,1.0,0.0,0.0,0.0,1.0,2.0,1.0,0.6666666666666666,A
0.0,2026.943,0.0,0.0,1.0,2024-01-08 04:00:00,1.0,0.0,19370.0,1,0.0,2037.543,0.0,2031.393,2036.117,3.0,9.668785714285734,3.0,1.0,0.0,4.0,0.0,1.0,3.0,1.0,1.0,A+
0.0,2041.397,0.0,4.0,1.0,2024-01-12 16:00:00,1.0,0.0,24670.0,1,0.0,2055.521,0.0,2047.283,2053.646,3.0,10.418357142857158,3.0,1.0,0.0,16.0,0.0,1.0,3.0,1.0,1.0,A+
0.0,2046.008,0.0,4.0,0.0,2024-01-12 20:00:00,0.0,0.0,5737.0,0,1.0,2049.223,0.0,2049.032,2047.331,2.0,9.870142857142858,2.0,1.0,0.0,20.0,0.0,1.0,2.0,1.0,0.6666666666666666,A
0.0,2046.293,0.0,6.0,0.0,2024-01-14 20:00:00,0.0,0.0,2659.0,1,0.0,2048.705,0.0,2047.612,2048.13,1.0,9.483071428571456,1.0,1.0,0.0,20.0,0.0,1.0,1.0,1.0,0.3333333333333333,B
0.0,2045.764,0.0,0.0,1.0,2024-01-15 00:00:00,0.0,1.0,16756.0,0,0.0,2058.033,0.0,2057.376,2047.652,3.0,9.936142857142888,3.0,1.0,0.0,0.0,0.0,1.0,3.0,1.0,1.0,A+
0.0,2052.866,0.0,0.0,0.0,2024-01-15 04:00:00,0.0,1.0,14826.0,1,0.0,2057.551,0.0,2054.114,2057.373,2.0,9.87000000000002,2.0,1.0,0.0,4.0,0.0,1.0,2.0,1.0,0.6666666666666666,A
0.0,2051.451,0.0,0.0,1.0,2024-01-15 08:00:00,0.0,1.0,16001.0,1,0.0,2058.626,0.0,2053.257,2054.167,3.0,10.035357142857167,3.0,1.0,0.0,8.0,0.0,1.0,3.0,1.0,1.0,A+
0.0,2053.124,0.0,0.0,0.0,2024-01-15 20:00:00,0.0,0.0,2239.0,0,0.0,2055.324,0.0,2053.841,2054.643,1.0,7.676785714285708,1.0,1.0,0.0,20.0,0.0,1.0,1.0,1.0,0.3333333333333333,B
0.0,2048.344,0.0,1.0,1.0,2024-01-16 00:00:00,0.0,1.0,16096.0,0,1.0,2054.508,0.0,2049.436,2053.997,4.0,7.259642857142841,4.0,1.0,0.0,0.0,0.0,1.0,4.0,1.0,1.3333333333333333,A+
0.0,2038.139,0.0,1.0,1.0,2024-01-16 08:00:00,1.0,1.0,22357.0,0,0.0,2050.024,0.0,2039.874,2049.345,4.0,7.489785714285729,4.0,1.0,0.0,8.0,0.0,1.0,4.0,1.0,1.3333333333333333,A+
0.0,2025.584,0.0,1.0,0.0,2024-01-16 20:00:00,0.0,1.0,8031.0,0,0.0,2029.754,0.0,2027.826,2029.22,2.0,6.958357142857137,2.0,1.0,0.0,20.0,0.0,1.0,2.0,1.0,0.6666666666666666,A
1.0,2053.414,0.0,3.0,0.0,2024-02-01 20:00:00,0.0,0.0,7952.0,1,0.0,2056.102,0.0,2054.627,2054.73,0.0,10.077928571428597,1.0,1.0,1.0,20.0,5.0,1.0,1.0,1.0,1.0,A+
1.0,2051.894,0.0,4.0,0.0,2024-02-02 00:00:00,0.0,0.0,12880.0,1,0.0,2056.91,0.0,2054.559,2054.638,0.0,10.033000000000031,1.0,1.0,1.0,0.0,5.0,1.0,1.0,1.0,1.0,A+
1.0,2054.06,0.0,4.0,0.0,2024-02-02 04:00:00,0.0,0.0,13223.0,0,0.0,2056.931,0.0,2055.042,2054.564,0.0,10.106214285714325,1.0,1.0,1.0,4.0,7.0,1.0,1.0,1.0,1.0,A+
0.0,2033.056,0.0,4.0,1.0,2024-02-02 16:00:00,0.0,0.0,18809.0,1,0.0,2038.735,0.0,2038.052,2034.943,1.0,11.83071428571431,1.0,1.0,0.0,16.0,0.0,1.0,1.0,1.0,0.3333333333333333,B
0.0,2035.967,0.0,4.0,0.0,2024-02-02 20:00:00,0.0,0.0,5708.0,1,0.0,2039.785,0.0,2039.607,2038.107,0.0,10.675714285714305,0.0,1.0,0.0,20.0,0.0,1.0,0.0,1.0,0.0,B
0.0,2039.07,0.0,6.0,0.0,2024-02-04 20:00:00,0.0,0.0,3243.0,0,0.0,2042.217,0.0,2039.716,2041.781,0.0,9.88607142857146,0.0,1.0,0.0,20.0,0.0,1.0,0.0,1.0,0.0,B
0.0,2030.232,0.0,0.0,1.0,2024-02-05 00:00:00,0.0,0.0,17643.0,0,0.0,2039.822,0.0,2032.222,2039.298,1.0,9.493071428571444,1.0,1.0,0.0,0.0,0.0,1.0,1.0,1.0,0.3333333333333333,B
0.0,2020.588,0.0,0.0,1.0,2024-02-05 08:00:00,0.0,0.0,16301.0,0,0.0,2028.353,0.0,2027.577,2027.556,1.0,9.37942857142858,1.0,1.0,0.0,8.0,0.0,1.0,1.0,1.0,0.3333333333333333,B
0.0,2017.742,0.0,0.0,1.0,2024-02-05 16:00:00,0.0,0.0,16477.0,0,0.0,2027.475,0.0,2025.928,2017.742,2.0,8.449428571428582,2.0,1.0,0.0,16.0,0.0,1.0,2.0,1.0,0.6666666666666666,A
0.0,2023.445,0.0,0.0,0.0,2024-02-05 20:00:00,0.0,0.0,6614.0,1,0.0,2026.377,0.0,2024.859,2025.897,1.0,7.644785714285717,1.0,1.0,0.0,20.0,0.0,1.0,1.0,1.0,0.3333333333333333,B
0.0,2022.831,0.0,1.0,1.0,2024-02-06 08:00:00,0.0,0.0,14646.0,1,0.0,2027.472,0.0,2026.696,2026.264,2.0,8.035500000000038,2.0,1.0,0.0,8.0,0.0,1.0,2.0,1.0,0.6666666666666666,A
0.0,2024.462,0.0,1.0,1.0,2024-02-06 12:00:00,1.0,0.0,24360.0,0,0.0,2038.108,0.0,2036.285,2026.648,3.0,8.716785714285736,3.0,1.0,0.0,12.0,0.0,1.0,3.0,1.0,1.0,A+
0.0,2034.287,0.0,1.0,0.0,2024-02-06 20:00:00,0.0,0.0,6537.0,1,0.0,2036.952,0.0,2035.069,2035.964,1.0,6.853785714285745,1.0,1.0,0.0,20.0,0.0,1.0,1.0,1.0,0.3333333333333333,B
0.0,2034.03,0.0,2.0,0.0,2024-02-07 00:00:00,0.0,0.0,10944.0,1,0.0,2036.095,0.0,2034.442,2035.115,0.0,6.728571428571464,0.0,1.0,0.0,0.0,0.0,1.0,0.0,1.0,0.0,B
1.0,2032.409,0.0,2.0,0.0,2024-02-07 04:00:00,0.0,0.0,10927.0,1,0.0,2036.172,0.0,2035.124,2034.43,0.0,6.772571428571447,1.0,1.0,1.0,4.0,1.0,1.0,1.0,1.0,1.0,A+
0.0,2033.951,0.0,2.0,1.0,2024-02-07 16:00:00,1.0,0.0,16965.0,1,0.0,2040.882,0.0,2035.511,2038.303,3.0,6.882428571428607,3.0,1.0,0.0,16.0,0.0,1.0,3.0,1.0,1.0,A+
0.0,2031.757,0.0,3.0,1.0,2024-02-08 00:00:00,0.0,0.0,10975.0,1,0.0,2038.726,0.0,2032.755,2036.221,2.0,5.933428571428619,2.0,1.0,0.0,0.0,0.0,1.0,2.0,1.0,0.6666666666666666,A
0.0,2032.491,0.0,3.0,0.0,2024-02-08 20:00:00,0.0,0.0,5630.0,0,0.0,2034.631,0.0,2034.123,2032.491,1.0,6.337500000000026,1.0,1.0,0.0,20.0,0.0,1.0,1.0,1.0,0.3333333333333333,B
0.0,2031.935,0.0,4.0,0.0,2024-02-09 00:00:00,0.0,0.0,9839.0,0,0.0,2035.113,0.0,2033.548,2033.939,1.0,6.077785714285743,1.0,1.0,0.0,0.0,0.0,1.0,1.0,1.0,0.3333333333333333,B
0.0,2030.49,0.0,4.0,1.0,2024-02-09 08:00:00,1.0,0.0,14501.0,0,0.0,2034.076,0.0,2031.516,2033.521,3.0,6.199357142857171,3.0,1.0,0.0,8.0,0.0,1.0,3.0,1.0,1.0,A+
0.0,2020.193,0.0,4.0,1.0,2024-02-09 16:00:00,1.0,0.0,15458.0,1,0.0,2026.298,0.0,2024.749,2022.461,3.0,7.142071428571447,3.0,1.0,0.0,16.0,0.0,1.0,3.0,1.0,1.0,A+
0.0,2024.402,0.0,6.0,0.0,2024-02-11 20:00:00,0.0,0.0,2169.0,1,0.0,2026.705,0.0,2025.266,2026.346,1.0,5.992071428571437,1.0,1.0,0.0,20.0,0.0,1.0,1.0,1.0,0.3333333333333333,B
0.0,2022.502,0.0,0.0,0.0,2024-02-12 04:00:00,0.0,1.0,9020.0,0,0.0,2026.403,0.0,2025.501,2022.879,2.0,5.920071428571434,2.0,1.0,0.0,4.0,0.0,1.0,2.0,1.0,0.6666666666666666,A
0.0,2011.873,0.0,0.0,1.0,2024-02-12 16:00:00,1.0,1.0,16669.0,1,0.0,2021.562,0.0,2019.158,2013.201,4.0,6.211071428571439,4.0,1.0,0.0,16.0,0.0,0.0,4.0,0.0,1.3333333333333333,A+
0.0,2024.415,0.0,1.0,1.0,2024-02-13 08:00:00,1.0,1.0,13595.0,0,0.0,2029.293,0.0,2027.666,2025.203,3.0,6.429642857142848,3.0,1.0,0.0,8.0,0.0,0.0,3.0,0.0,1.0,A+
1.0,1990.459,0.0,1.0,0.0,2024-02-13 20:00:00,0.0,0.0,7179.0,1,0.0,1993.611,1.0,1991.193,1991.715,0.0,8.350428571428584,1.0,0.0,1.0,20.0,0.0,0.0,1.0,0.0,1.0,A+
1.0,1989.276,0.0,2.0,0.0,2024-02-14 04:00:00,0.0,0.0,11231.0,1,0.0,1993.297,1.0,1989.439,1992.459,0.0,8.631571428571435,1.0,0.0,1.0,4.0,0.0,0.0,1.0,0.0,1.0,A+
0.0,1985.962,0.0,2.0,1.0,2024-02-14 08:00:00,1.0,0.0,16827.0,1,0.0,1993.348,0.0,1992.2,1989.497,2.0,8.820214285714282,2.0,0.0,0.0,8.0,0.0,0.0,2.0,0.0,0.6666666666666666,A
0.0,2020.195,0.0,3.0,1.0,2024-02-22 12:00:00,1.0,0.0,26951.0,1,0.0,2029.844,0.0,2023.306,2028.93,2.0,5.596071428571463,2.0,1.0,0.0,12.0,0.0,0.0,2.0,0.0,0.6666666666666666,A
1.0,2022.503,0.0,3.0,0.0,2024-02-22 20:00:00,0.0,0.0,6774.0,1,0.0,2025.786,0.0,2024.677,2023.009,0.0,5.3186428571429065,1.0,1.0,1.0,20.0,7.0,0.0,1.0,0.0,1.0,A+
0.0,2022.722,0.0,4.0,0.0,2024-02-23 00:00:00,0.0,0.0,11262.0,0,0.0,2027.342,0.0,2025.688,2024.524,0.0,5.3522142857143375,0.0,1.0,0.0,0.0,0.0,0.0,0.0,0.0,0.0,B
0.0,2018.148,0.0,4.0,0.0,2024-02-23 04:00:00,0.0,0.0,11069.0,1,0.0,2026.438,0.0,2021.801,2025.686,0.0,5.826357142857205,0.0,1.0,0.0,4.0,0.0,0.0,0.0,0.0,0.0,B
0.0,2023.014,0.0,4.0,1.0,2024-02-23 12:00:00,1.0,0.0,22638.0,1,0.0,2031.128,0.0,2030.038,2023.808,3.0,6.1262142857143385,3.0,1.0,0.0,12.0,0.0,0.0,3.0,0.0,1.0,A+
0.0,2035.093,0.0,4.0,0.0,2024-02-23 20:00:00,0.0,0.0,5221.0,0,0.0,2037.474,0.0,2035.524,2037.3,1.0,6.2709285714286125,1.0,1.0,0.0,20.0,0.0,0.0,1.0,0.0,0.3333333333333333,B
0.0,2033.179,0.0,6.0,0.0,2024-02-25 20:00:00,0.0,0.0,2093.0,0,0.0,2034.94,0.0,2034.224,2033.24,1.0,5.97685714285717,1.0,1.0,0.0,20.0,0.0,0.0,1.0,0.0,0.3333333333333333,B
0.0,2029.876,0.0,0.0,1.0,2024-02-26 00:00:00,0.0,1.0,11864.0,1,0.0,2034.105,0.0,2032.442,2033.996,3.0,6.069571428571456,3.0,1.0,0.0,0.0,0.0,0.0,3.0,0.0,1.0,A+
0.0,2025.015,0.0,0.0,1.0,2024-02-26 12:00:00,1.0,1.0,19630.0,1,0.0,2034.416,0.0,2029.104,2030.94,4.0,6.178714285714299,4.0,1.0,0.0,12.0,0.0,0.0,4.0,0.0,1.3333333333333333,A+
0.0,2030.986,0.0,1.0,0.0,2024-02-27 00:00:00,0.0,1.0,9814.0,1,0.0,2034.55,0.0,2033.372,2030.986,2.0,5.693857142857122,2.0,1.0,0.0,0.0,0.0,0.0,2.0,0.0,0.6666666666666666,A
0.0,2032.773,0.0,1.0,0.0,2024-02-27 04:00:00,0.0,1.0,10226.0,0,0.0,2036.18,0.0,2035.386,2033.365,2.0,5.607214285714268,2.0,1.0,0.0,4.0,0.0,1.0,2.0,1.0,0.6666666666666666,A
0.0,2029.341,0.0,1.0,1.0,2024-02-27 16:00:00,1.0,0.0,15714.0,1,0.0,2036.025,0.0,2030.214,2033.794,3.0,5.130857142857118,3.0,1.0,0.0,16.0,0.0,1.0,3.0,1.0,1.0,A+
0.0,2030.834,0.0,2.0,1.0,2024-02-28 16:00:00,1.0,0.0,14577.0,1,0.0,2035.522,0.0,2032.089,2031.757,3.0,5.2230714285714,3.0,1.0,0.0,16.0,0.0,1.0,3.0,1.0,1.0,A+
0.0,2032.053,0.0,2.0,0.0,2024-02-28 20:00:00,0.0,0.0,6045.0,1,0.0,2035.415,0.0,2034.303,2032.14,1.0,4.791714285714257,1.0,1.0,0.0,20.0,0.0,1.0,1.0,1.0,0.3333333333333333,B
0.0,2028.799,0.0,3.0,1.0,2024-02-29 08:00:00,1.0,0.0,15256.0,1,0.0,2037.454,0.0,2030.236,2037.173,3.0,5.0759285714285625,3.0,1.0,0.0,8.0,0.0,1.0,3.0,1.0,1.0,A+
0.0,2043.272,0.0,3.0,1.0,2024-02-29 16:00:00,1.0,0.0,17007.0,0,0.0,2048.352,0.0,2044.477,2048.098,3.0,6.460357142857106,3.0,1.0,0.0,16.0,0.0,1.0,3.0,1.0,1.0,A+
0.0,2042.763,0.0,3.0,0.0,2024-02-29 20:00:00,0.0,0.0,6489.0,1,0.0,2045.419,0.0,2043.981,2044.42,1.0,6.213928571428547,1.0,1.0,0.0,20.0,0.0,1.0,1.0,1.0,0.3333333333333333,B
0.0,2042.769,0.0,4.0,0.0,2024-03-01 00:00:00,0.0,0.0,9844.0,1,0.0,2046.792,0.0,2046.518,2044.053,1.0,6.023857142857098,1.0,0.0,0.0,0.0,0.0,1.0,1.0,1.0,0.3333333333333333,B
0.0,2043.409,0.0,4.0,1.0,2024-03-01 04:00:00,0.0,0.0,10546.0,1,0.0,2048.758,0.0,2045.396,2046.518,2.0,6.259285714285641,2.0,0.0,0.0,4.0,0.0,1.0,2.0,1.0,0.6666666666666666,A
0.0,2082.822,0.0,4.0,0.0,2024-03-01 20:00:00,0.0,0.0,5535.0,1,0.0,2085.344,0.0,2083.315,2085.223,0.0,9.17335714285712,0.0,0.0,0.0,20.0,0.0,1.0,0.0,1.0,0.0,B
1.0,2082.522,0.0,6.0,0.0,2024-03-03 20:00:00,0.0,0.0,2901.0,1,0.0,2086.145,0.0,2083.44,2082.522,0.0,9.097285714285704,1.0,0.0,1.0,20.0,4.0,1.0,1.0,1.0,1.0,A+
1.0,2080.244,0.0,0.0,0.0,2024-03-04 04:00:00,0.0,0.0,11072.0,0,0.0,2088.248,1.0,2087.334,2081.367,0.0,9.559857142857124,1.0,0.0,1.0,4.0,0.0,1.0,1.0,1.0,1.0,A+
0.0,2081.798,0.0,0.0,1.0,2024-03-04 08:00:00,1.0,0.0,15679.0,1,0.0,2087.438,0.0,2082.112,2087.374,2.0,9.715285714285724,2.0,0.0,0.0,8.0,0.0,1.0,2.0,1.0,0.6666666666666666,A
0.0,2107.591,0.0,0.0,1.0,2024-03-04 16:00:00,1.0,0.0,26175.0,1,0.0,2119.885,0.0,2116.24,2108.934,2.0,10.377571428571498,2.0,0.0,0.0,16.0,0.0,1.0,2.0,1.0,0.6666666666666666,A
0.0,2113.392,0.0,0.0,0.0,2024-03-04 20:00:00,0.0,0.0,7116.0,1,0.0,2118.521,0.0,2114.48,2116.249,0.0,10.381071428571529,0.0,0.0,0.0,20.0,0.0,1.0,0.0,1.0,0.0,B
0.0,2110.41,0.0,1.0,1.0,2024-03-05 00:00:00,0.0,0.0,13125.0,1,0.0,2116.843,0.0,2112.96,2114.34,1.0,10.65085714285723,1.0,0.0,0.0,0.0,0.0,1.0,1.0,1.0,0.3333333333333333,B
0.0,2121.087,0.0,1.0,1.0,2024-03-05 12:00:00,1.0,0.0,48608.0,1,0.0,2141.881,0.0,2126.618,2124.434,2.0,11.572642857142926,2.0,0.0,0.0,12.0,0.0,1.0,2.0,1.0,0.6666666666666666,A
0.0,2126.656,0.0,1.0,0.0,2024-03-05 20:00:00,0.0,0.0,7751.0,0,0.0,2130.963,0.0,2128.162,2129.485,0.0,9.494142857142933,0.0,0.0,0.0,20.0,0.0,1.0,0.0,1.0,0.0,B
0.0,2123.603,0.0,2.0,0.0,2024-03-06 00:00:00,0.0,0.0,12086.0,1,0.0,2128.105,0.0,2124.697,2127.777,0.0,9.639642857142915,0.0,0.0,0.0,0.0,0.0,1.0,0.0,1.0,0.0,B
1.0,2124.715,0.0,2.0,0.0,2024-03-06 04:00:00,0.0,0.0,11848.0,1,0.0,2131.465,0.0,2128.478,2124.715,0.0,9.864285714285772,1.0,0.0,1.0,4.0,7.0,1.0,1.0,1.0,1.0,A+
0.0,2124.299,0.0,2.0,1.0,2024-03-06 08:00:00,0.0,0.0,16803.0,1,0.0,2132.601,0.0,2132.474,2128.43,1.0,10.104785714285786,1.0,0.0,0.0,8.0,0.0,1.0,1.0,1.0,0.3333333333333333,B
0.0,2130.95,0.0,2.0,1.0,2024-03-06 12:00:00,1.0,0.0,40378.0,1,0.0,2149.185,0.0,2140.923,2132.519,2.0,10.835571428571516,2.0,0.0,0.0,12.0,0.0,1.0,2.0,1.0,0.6666666666666666,A
0.0,2143.114,0.0,2.0,0.0,2024-03-06 20:00:00,0.0,0.0,8833.0,1,0.0,2151.006,0.0,2147.192,2144.258,0.0,9.897071428571442,0.0,0.0,0.0,20.0,0.0,1.0,0.0,1.0,0.0,B
0.0,2151.506,0.0,3.0,1.0,2024-03-07 04:00:00,1.0,0.0,22743.0,1,0.0,2161.588,0.0,2155.951,2151.718,2.0,9.966214285714289,2.0,0.0,0.0,4.0,0.0,1.0,2.0,1.0,0.6666666666666666,A
0.0,2147.866,0.0,3.0,1.0,2024-03-07 12:00:00,1.0,0.0,36586.0,1,0.0,2164.753,0.0,2153.701,2155.95,2.0,10.680142857142885,2.0,0.0,0.0,12.0,0.0,1.0,2.0,1.0,0.6666666666666666,A
0.0,2157.949,0.0,3.0,0.0,2024-03-07 20:00:00,0.0,0.0,7335.0,1,0.0,2161.467,0.0,2161.467,2159.944,0.0,9.360357142857213,0.0,0.0,0.0,20.0,0.0,1.0,0.0,1.0,0.0,B
1.0,2153.952,0.0,4.0,0.0,2024-03-08 00:00:00,0.0,0.0,13417.0,1,0.0,2163.567,0.0,2157.578,2161.643,0.0,9.255785714285755,1.0,0.0,1.0,0.0,2.0,1.0,1.0,1.0,1.0,A+
0.0,2156.319,0.0,4.0,0.0,2024-03-08 04:00:00,0.0,0.0,13611.0,1,0.0,2162.032,0.0,2161.345,2157.579,0.0,9.356214285714325,0.0,0.0,0.0,4.0,0.0,1.0,0.0,1.0,0.0,B
0.0,2156.305,0.0,4.0,1.0,2024-03-08 12:00:00,1.0,0.0,49079.0,1,0.0,2185.413,0.0,2177.164,2168.225,2.0,11.34257142857148,2.0,0.0,0.0,12.0,0.0,1.0,2.0,1.0,0.6666666666666666,A
1.0,2175.648,0.0,4.0,0.0,2024-03-08 20:00:00,0.0,0.0,6054.0,1,0.0,2179.047,0.0,2178.502,2176.465,0.0,11.608857142857168,1.0,0.0,1.0,20.0,7.0,1.0,1.0,1.0,1.0,A+
0.0,2177.113,0.0,6.0,0.0,2024-03-10 20:00:00,0.0,0.0,5759.0,1,0.0,2183.825,0.0,2181.567,2179.559,0.0,11.170500000000043,0.0,0.0,0.0,20.0,0.0,1.0,0.0,1.0,0.0,B
0.0,2176.798,0.0,0.0,0.0,2024-03-11 04:00:00,0.0,0.0,14213.0,1,0.0,2182.742,0.0,2182.2,2179.469,0.0,11.305714285714364,0.0,0.0,0.0,4.0,0.0,1.0,0.0,1.0,0.0,B
0.0,2174.633,0.0,0.0,1.0,2024-03-11 12:00:00,1.0,0.0,29226.0,0,0.0,2185.655,0.0,2184.27,2178.924,2.0,11.424000000000076,2.0,0.0,0.0,12.0,0.0,1.0,2.0,1.0,0.6666666666666666,A
0.0,2177.073,0.0,0.0,1.0,2024-03-11 16:00:00,0.0,0.0,17769.0,1,0.0,2184.649,0.0,2181.291,2184.291,1.0,10.758928571428635,1.0,0.0,0.0,16.0,0.0,1.0,1.0,1.0,0.3333333333333333,B
0.0,2180.563,0.0,0.0,0.0,2024-03-11 20:00:00,0.0,0.0,6387.0,0,0.0,2184.651,0.0,2183.552,2181.329,0.0,10.216357142857175,0.0,0.0,0.0,20.0,0.0,1.0,0.0,1.0,0.0,B
1.0,2176.751,0.0,1.0,0.0,2024-03-12 00:00:00,0.0,0.0,13149.0,1,0.0,2184.483,0.0,2177.469,2183.551,0.0,10.51735714285717,1.0,0.0,1.0,0.0,8.0,1.0,1.0,1.0,1.0,A+
0.0,2170.566,0.0,1.0,1.0,2024-03-12 08:00:00,0.0,0.0,16814.0,1,0.0,2179.048,0.0,2171.956,2176.881,1.0,10.429500000000028,1.0,0.0,0.0,8.0,0.0,1.0,1.0,1.0,0.3333333333333333,B
0.0,2152.55,0.0,1.0,1.0,2024-03-12 12:00:00,1.0,0.0,58661.0,0,0.0,2181.981,0.0,2163.015,2171.934,2.0,11.815428571428615,2.0,0.0,0.0,12.0,0.0,1.0,2.0,1.0,0.6666666666666666,A
0.0,2157.223,0.0,2.0,0.0,2024-03-13 04:00:00,0.0,0.0,13366.0,1,0.0,2161.491,0.0,2159.648,2159.056,1.0,9.288857142857198,1.0,0.0,0.0,4.0,0.0,1.0,1.0,1.0,0.3333333333333333,B
0.0,2157.508,0.0,2.0,1.0,2024-03-13 08:00:00,0.0,0.0,16525.0,1,0.0,2164.177,0.0,2163.925,2159.689,2.0,8.897357142857215,2.0,0.0,0.0,8.0,0.0,1.0,2.0,1.0,0.6666666666666666,A
0.0,2161.367,0.0,2.0,1.0,2024-03-13 12:00:00,1.0,0.0,32163.0,1,0.0,2174.523,0.0,2171.759,2163.923,3.0,9.41250000000004,3.0,0.0,0.0,12.0,0.0,1.0,3.0,1.0,1.0,A+
0.0,2172.274,0.0,2.0,0.0,2024-03-13 20:00:00,0.0,0.0,5890.0,1,0.0,2176.209,0.0,2175.361,2172.497,1.0,9.118500000000008,1.0,0.0,0.0,20.0,0.0,1.0,1.0,1.0,0.3333333333333333,B
1.0,2171.097,0.0,3.0,0.0,2024-03-14 00:00:00,0.0,0.0,13028.0,0,0.0,2176.971,0.0,2172.264,2175.448,0.0,8.996928571428564,1.0,0.0,1.0,0.0,2.0,1.0,1.0,1.0,1.0,A+
0.0,2167.419,0.0,3.0,0.0,2024-03-14 04:00:00,0.0,0.0,13236.0,0,0.0,2172.513,0.0,2168.634,2172.255,0.0,9.068785714285728,0.0,0.0,0.0,4.0,0.0,1.0,0.0,1.0,0.0,B
0.0,2156.663,0.0,3.0,1.0,2024-03-14 16:00:00,0.0,0.0,17589.0,0,0.0,2164.997,0.0,2163.449,2157.19,1.0,9.718214285714309,1.0,0.0,0.0,16.0,0.0,1.0,1.0,1.0,0.3333333333333333,B
0.0,2160.825,0.0,3.0,0.0,2024-03-14 20:00:00,0.0,0.0,4909.0,1,0.0,2163.858,0.0,2161.62,2163.514,0.0,7.832642857142899,0.0,0.0,0.0,20.0,0.0,1.0,0.0,1.0,0.0,B
1.0,2160.588,0.0,4.0,0.0,2024-03-15 00:00:00,0.0,0.0,12417.0,1,0.0,2165.901,0.0,2164.53,2161.698,0.0,7.0672142857143045,1.0,0.0,1.0,0.0,7.0,1.0,1.0,1.0,1.0,A+
0.0,2163.475,0.0,4.0,1.0,2024-03-15 04:00:00,0.0,0.0,14682.0,0,0.0,2170.15,0.0,2167.016,2164.532,1.0,7.155142857142891,1.0,0.0,0.0,4.0,0.0,1.0,1.0,1.0,0.3333333333333333,B
0.0,2156.437,0.0,4.0,1.0,2024-03-15 12:00:00,1.0,0.0,31705.0,1,0.0,2167.293,0.0,2159.99,2166.896,3.0,7.802857142857159,3.0,0.0,0.0,12.0,0.0,1.0,3.0,1.0,1.0,A+
0.0,2155.092,0.0,4.0,1.0,2024-03-15 16:00:00,0.0,0.0,17290.0,1,0.0,2163.447,0.0,2156.917,2159.942,2.0,7.92328571428571,2.0,0.0,0.0,16.0,0.0,1.0,2.0,1.0,0.6666666666666666,A
0.0,2155.395,0.0,4.0,0.0,2024-03-15 20:00:00,0.0,0.0,1937.0,0,0.0,2158.257,0.0,2155.697,2156.949,1.0,7.188000000000004,1.0,0.0,0.0,20.0,0.0,1.0,1.0,1.0,0.3333333333333333,B
0.0,2153.081,0.0,6.0,0.0,2024-03-17 20:00:00,0.0,0.0,5016.0,0,0.0,2156.533,0.0,2156.516,2153.279,1.0,6.701642857142848,1.0,0.0,0.0,20.0,0.0,1.0,1.0,1.0,0.3333333333333333,B
0.0,2166.296,0.0,3.0,1.0,2024-03-21 12:00:00,1.0,0.0,48860.0,1,0.0,2208.811,0.0,2174.68,2207.431,2.0,14.6310714285714,2.0,1.0,0.0,12.0,0.0,1.0,2.0,1.0,0.6666666666666666,A
0.0,2172.954,0.0,3.0,0.0,2024-03-21 16:00:00,0.0,0.0,20343.0,0,0.0,2183.946,0.0,2181.426,2174.706,0.0,14.73657142857139,0.0,1.0,0.0,16.0,0.0,1.0,0.0,1.0,0.0,B
1.0,2180.381,0.0,3.0,0.0,2024-03-21 20:00:00,0.0,0.0,5359.0,0,0.0,2182.42,0.0,2181.491,2181.479,0.0,14.146214285714256,1.0,1.0,1.0,20.0,5.0,1.0,1.0,1.0,1.0,A+
0.0,2162.584,0.0,4.0,0.0,2024-03-22 04:00:00,0.0,0.0,18397.0,1,0.0,2176.303,0.0,2168.401,2173.734,0.0,15.617428571428588,0.0,1.0,0.0,4.0,0.0,1.0,0.0,1.0,0.0,B
0.0,2164.871,0.0,4.0,0.0,2024-03-22 08:00:00,0.0,0.0,19645.0,1,0.0,2170.033,0.0,2166.016,2168.397,0.0,15.641285714285718,0.0,1.0,0.0,8.0,0.0,1.0,0.0,1.0,0.0,B
0.0,2165.404,0.0,4.0,1.0,2024-03-22 12:00:00,1.0,0.0,31544.0,1,0.0,2180.06,0.0,2166.095,2166.059,2.0,16.41342857142857,2.0,1.0,0.0,12.0,0.0,1.0,2.0,1.0,0.6666666666666666,A
0.0,2163.567,0.0,4.0,0.0,2024-03-22 20:00:00,0.0,0.0,2849.0,1,0.0,2167.186,0.0,2165.338,2164.021,1.0,15.89450000000001,1.0,1.0,0.0,20.0,0.0,1.0,1.0,1.0,0.3333333333333333,B
0.0,2165.06,0.0,6.0,0.0,2024-03-24 20:00:00,0.0,0.0,5628.0,1,0.0,2168.894,0.0,2168.337,2166.313,1.0,13.78614285714288,1.0,1.0,0.0,20.0,0.0,1.0,1.0,1.0,0.3333333333333333,B
0.0,2163.904,0.0,0.0,1.0,2024-03-25 00:00:00,1.0,0.0,22247.0,1,0.0,2178.321,0.0,2170.602,2168.318,3.0,12.799928571428577,3.0,1.0,0.0,0.0,0.0,1.0,3.0,1.0,1.0,A+
0.0,2163.81,0.0,0.0,1.0,2024-03-25 08:00:00,0.0,0.0,18400.0,1,0.0,2171.834,0.0,2170.398,2165.768,2.0,11.91650000000001,2.0,1.0,0.0,8.0,0.0,1.0,2.0,1.0,0.6666666666666666,A
0.0,2170.261,0.0,0.0,1.0,2024-03-25 12:00:00,1.0,0.0,25183.0,1,0.0,2181.26,0.0,2175.412,2170.436,3.0,11.634785714285726,3.0,1.0,0.0,12.0,0.0,1.0,3.0,1.0,1.0,A+
0.0,2170.665,0.0,0.0,0.0,2024-03-25 16:00:00,0.0,0.0,14802.0,1,0.0,2177.796,0.0,2170.945,2175.405,1.0,9.107357142857122,1.0,1.0,0.0,16.0,0.0,1.0,1.0,1.0,0.3333333333333333,B
0.0,2170.739,0.0,0.0,0.0,2024-03-25 20:00:00,0.0,0.0,6155.0,1,0.0,2173.308,0.0,2172.878,2170.992,1.0,8.50571428571428,1.0,1.0,0.0,20.0,0.0,1.0,1.0,1.0,0.3333333333333333,B
0.0,2171.679,0.0,1.0,1.0,2024-03-26 12:00:00,1.0,0.0,33991.0,1,0.0,2197.326,0.0,2174.245,2196.458,3.0,10.6790714285714,3.0,1.0,0.0,12.0,0.0,1.0,3.0,1.0,1.0,A+
0.0,2174.242,0.0,1.0,1.0,2024-03-26 16:00:00,0.0,0.0,16456.0,1,0.0,2179.213,0.0,2177.876,2174.292,2.0,9.98728571428569,2.0,1.0,0.0,16.0,0.0,1.0,2.0,1.0,0.6666666666666666,A
0.0,2173.105,0.0,2.0,1.0,2024-03-27 00:00:00,0.0,0.0,16052.0,1,0.0,2181.699,0.0,2177.725,2179.463,2.0,9.974928571428563,2.0,1.0,0.0,0.0,0.0,1.0,2.0,1.0,0.6666666666666666,A
0.0,2176.434,0.0,2.0,1.0,2024-03-27 08:00:00,1.0,0.0,24323.0,1,0.0,2197.586,0.0,2188.403,2180.526,3.0,10.548642857142829,3.0,1.0,0.0,8.0,0.0,1.0,3.0,1.0,1.0,A+
0.0,2183.412,0.0,2.0,1.0,2024-03-27 12:00:00,1.0,0.0,30223.0,1,0.0,2195.223,0.0,2190.495,2188.439,3.0,10.807285714285692,3.0,1.0,0.0,12.0,0.0,1.0,3.0,1.0,1.0,A+
0.0,2188.991,0.0,2.0,1.0,2024-03-27 16:00:00,0.0,0.0,16239.0,1,0.0,2194.212,0.0,2193.284,2190.476,2.0,10.607071428571414,2.0,1.0,0.0,16.0,0.0,1.0,2.0,1.0,0.6666666666666666,A
0.0,2189.729,0.0,2.0,0.0,2024-03-27 20:00:00,0.0,0.0,7270.0,1,0.0,2195.21,0.0,2190.969,2193.338,1.0,10.212928571428554,1.0,1.0,0.0,20.0,0.0,1.0,1.0,1.0,0.3333333333333333,B
1.0,2187.305,0.0,3.0,0.0,2024-03-28 00:00:00,0.0,0.0,16034.0,1,0.0,2196.438,0.0,2194.774,2190.723,0.0,10.355928571428583,1.0,1.0,1.0,0.0,1.0,1.0,1.0,1.0,1.0,A+
0.0,2192.629,0.0,3.0,0.0,2024-03-28 04:00:00,0.0,0.0,15304.0,1,0.0,2200.634,0.0,2193.719,2194.752,0.0,10.744214285714309,0.0,1.0,0.0,4.0,0.0,1.0,0.0,1.0,0.0,B
0.0,2213.458,0.0,3.0,1.0,2024-03-28 16:00:00,1.0,0.0,21485.0,1,0.0,2225.576,0.0,2221.638,2215.89,2.0,11.461928571428611,2.0,0.0,0.0,16.0,0.0,1.0,2.0,1.0,0.6666666666666666,A
0.0,2219.601,0.0,3.0,0.0,2024-03-28 20:00:00,0.0,0.0,4195.0,1,0.0,2236.293,0.0,2232.587,2221.631,0.0,10.822285714285758,0.0,0.0,0.0,20.0,0.0,1.0,0.0,1.0,0.0,B
1.0,2235.573,0.0,6.0,0.0,2024-03-31 20:00:00,0.0,0.0,10518.0,1,0.0,2247.34,1.0,2244.928,2239.644,0.0,11.521000000000056,1.0,0.0,1.0,20.0,0.0,1.0,1.0,1.0,1.0,A+
0.0,2256.868,0.0,0.0,0.0,2024-04-01 04:00:00,0.0,1.0,15247.0,1,0.0,2265.678,0.0,2257.535,2264.36,1.0,12.6788571428572,1.0,0.0,0.0,4.0,0.0,1.0,1.0,1.0,0.3333333333333333,B
0.0,2245.581,0.0,0.0,1.0,2024-04-01 08:00:00,0.0,1.0,18923.0,1,0.0,2260.187,0.0,2246.851,2257.562,2.0,13.355642857142907,2.0,0.0,0.0,8.0,0.0,1.0,2.0,1.0,0.6666666666666666,A
0.0,2228.473,0.0,0.0,1.0,2024-04-01 12:00:00,1.0,1.0,45404.0,1,0.0,2257.903,0.0,2239.638,2246.819,3.0,13.94692857142864,3.0,1.0,0.0,12.0,0.0,1.0,3.0,1.0,1.0,A+
0.0,2234.665,0.0,0.0,1.0,2024-04-01 16:00:00,0.0,1.0,17341.0,1,0.0,2244.722,0.0,2244.669,2239.656,2.0,13.821642857142932,2.0,0.0,0.0,16.0,0.0,1.0,2.0,1.0,0.6666666666666666,A
0.0,2242.987,0.0,0.0,0.0,2024-04-01 20:00:00,0.0,1.0,9633.0,1,1.0,2255.709,0.0,2248.935,2244.612,2.0,14.35742857142863,2.0,0.0,0.0,20.0,0.0,1.0,2.0,1.0,0.6666666666666666,A
0.0,2246.656,0.0,1.0,1.0,2024-04-02 00:00:00,1.0,1.0,19720.0,1,1.0,2255.262,0.0,2251.531,2248.963,4.0,14.580642857142916,4.0,0.0,0.0,0.0,0.0,1.0,4.0,1.0,1.3333333333333333,A+
0.0,2250.418,0.0,1.0,1.0,2024-04-02 04:00:00,0.0,1.0,18705.0,1,0.0,2259.857,0.0,2256.373,2251.534,2.0,14.60250000000003,2.0,0.0,0.0,4.0,0.0,1.0,2.0,1.0,0.6666666666666666,A
0.0,2255.04,0.0,1.0,1.0,2024-04-02 08:00:00,1.0,1.0,24677.0,1,0.0,2266.782,0.0,2260.526,2256.325,3.0,14.869428571428603,3.0,0.0,0.0,8.0,0.0,1.0,3.0,1.0,1.0,A+
1.0,2275.647,0.0,1.0,0.0,2024-04-02 20:00:00,0.0,0.0,11188.0,1,0.0,2288.148,0.0,2280.206,2277.395,0.0,15.864071428571476,1.0,0.0,1.0,20.0,4.0,1.0,1.0,1.0,1.0,A+
1.0,2270.337,0.0,2.0,0.0,2024-04-03 04:00:00,0.0,0.0,20301.0,1,0.0,2287.046,0.0,2271.188,2285.023,0.0,15.612071428571458,1.0,0.0,1.0,4.0,2.0,1.0,1.0,1.0,1.0,A+
0.0,2267.627,0.0,2.0,1.0,2024-04-03 08:00:00,1.0,0.0,23098.0,1,0.0,2276.104,0.0,2273.785,2271.173,2.0,14.694071428571435,2.0,0.0,0.0,8.0,0.0,1.0,2.0,1.0,0.6666666666666666,A
0.0,2296.245,0.0,2.0,0.0,2024-04-03 20:00:00,0.0,0.0,9597.0,1,0.0,2302.445,0.0,2297.448,2297.404,0.0,14.303071428571457,0.0,0.0,0.0,20.0,0.0,1.0,0.0,1.0,0.0,B
1.0,2291.837,0.0,3.0,0.0,2024-04-04 04:00:00,0.0,0.0,16782.0,1,0.0,2300.666,0.0,2292.952,2299.125,0.0,13.85250000000006,1.0,0.0,1.0,4.0,8.0,1.0,1.0,1.0,1.0,A+
0.0,2288.752,0.0,3.0,1.0,2024-04-04 08:00:00,0.0,0.0,19072.0,1,0.0,2295.18,0.0,2289.261,2292.94,1.0,13.696928571428607,1.0,0.0,0.0,8.0,0.0,1.0,1.0,1.0,0.3333333333333333,B
0.0,2282.702,0.0,3.0,1.0,2024-04-04 12:00:00,1.0,0.0,39813.0,1,0.0,2299.374,0.0,2292.081,2289.31,2.0,14.213571428571443,2.0,0.0,0.0,12.0,0.0,1.0,2.0,1.0,0.6666666666666666,A
0.0,2284.755,0.0,3.0,0.0,2024-04-04 20:00:00,0.0,0.0,9349.0,1,0.0,2293.233,0.0,2288.891,2284.888,0.0,13.947571428571402,0.0,0.0,0.0,20.0,0.0,1.0,0.0,1.0,0.0,B
0.0,2284.859,0.0,4.0,0.0,2024-04-05 08:00:00,0.0,0.0,20745.0,1,0.0,2296.142,0.0,2291.132,2289.014,0.0,13.868428571428469,0.0,0.0,0.0,8.0,0.0,1.0,0.0,1.0,0.0,B
0.0,2320.637,0.0,4.0,1.0,2024-04-05 16:00:00,0.0,0.0,24042.0,1,0.0,2330.526,0.0,2323.12,2326.191,1.0,16.22264285714274,1.0,0.0,0.0,16.0,0.0,1.0,1.0,1.0,0.3333333333333333,B
1.0,2322.812,0.0,4.0,0.0,2024-04-05 20:00:00,0.0,0.0,3498.0,0,0.0,2329.994,1.0,2329.355,2323.159,0.0,15.092428571428496,1.0,0.0,1.0,20.0,0.0,1.0,1.0,1.0,1.0,A+
0.0,2303.998,0.0,6.0,0.0,2024-04-07 20:00:00,0.0,1.0,19545.0,1,0.0,2328.564,0.0,2311.647,2327.315,1.0,15.605999999999929,1.0,0.0,0.0,20.0,0.0,1.0,1.0,1.0,0.3333333333333333,B
0.0,2331.76,0.0,0.0,1.0,2024-04-08 04:00:00,1.0,1.0,35350.0,0,0.0,2345.574,0.0,2337.761,2345.535,3.0,19.26721428571416,3.0,0.0,0.0,4.0,0.0,1.0,3.0,1.0,1.0,A+
0.0,2318.646,0.0,0.0,1.0,2024-04-08 12:00:00,1.0,1.0,70111.0,1,0.0,2338.004,0.0,2327.835,2337.286,3.0,20.293857142856982,3.0,0.0,0.0,12.0,0.0,1.0,3.0,1.0,1.0,A+
0.0,2337.771,0.0,1.0,0.0,2024-04-09 00:00:00,0.0,1.0,26558.0,1,0.0,2348.497,0.0,2343.943,2338.784,1.0,18.84221428571413,1.0,0.0,0.0,0.0,0.0,1.0,1.0,1.0,0.3333333333333333,B
0.0,2338.236,0.0,1.0,1.0,2024-04-09 12:00:00,1.0,0.0,70999.0,1,0.0,2364.281,0.0,2340.29,2354.414,3.0,19.41278571428565,3.0,0.0,0.0,12.0,0.0,1.0,3.0,1.0,1.0,A+
0.0,2340.014,0.0,1.0,1.0,2024-04-09 16:00:00,0.0,0.0,26748.0,1,1.0,2351.52,0.0,2351.118,2340.328,3.0,16.78778571428565,3.0,0.0,0.0,16.0,0.0,1.0,3.0,1.0,1.0,A+
0.0,2350.279,0.0,1.0,0.0,2024-04-09 20:00:00,0.0,0.0,7885.0,0,0.0,2355.239,0.0,2354.776,2351.072,0.0,16.435714285714248,0.0,0.0,0.0,20.0,0.0,1.0,0.0,1.0,0.0,B
0.0,2344.697,0.0,2.0,0.0,2024-04-10 00:00:00,0.0,0.0,21322.0,1,1.0,2355.576,0.0,2351.249,2354.899,2.0,16.69978571428565,2.0,0.0,0.0,0.0,0.0,1.0,2.0,1.0,0.6666666666666666,A
1.0,2350.831,0.0,2.0,0.0,2024-04-10 04:00:00,0.0,0.0,21332.0,0,0.0,2360.079,0.0,2353.072,2351.202,0.0,15.5491428571428,1.0,0.0,1.0,4.0,4.0,1.0,1.0,1.0,1.0,A+
0.0,2325.717,0.0,2.0,1.0,2024-04-10 16:00:00,1.0,0.0,44803.0,1,0.0,2345.243,0.0,2329.635,2337.054,3.0,14.722999999999988,3.0,0.0,0.0,16.0,0.0,1.0,3.0,1.0,1.0,A+
0.0,2329.509,0.0,2.0,0.0,2024-04-10 20:00:00,0.0,0.0,8669.0,1,0.0,2337.205,0.0,2335.429,2329.687,1.0,13.890000000000002,1.0,0.0,0.0,20.0,0.0,1.0,1.0,1.0,0.3333333333333333,B
0.0,2333.319,0.0,3.0,1.0,2024-04-11 00:00:00,0.0,0.0,22353.0,1,0.0,2346.92,0.0,2343.967,2335.489,2.0,13.721000000000004,2.0,0.0,0.0,0.0,0.0,1.0,2.0,1.0,0.6666666666666666,A
0.0,2333.881,0.0,3.0,1.0,2024-04-11 04:00:00,0.0,0.0,25303.0,1,0.0,2346.082,0.0,2336.396,2343.911,2.0,14.317214285714304,2.0,0.0,0.0,4.0,0.0,1.0,2.0,1.0,0.6666666666666666,A
0.0,2325.593,0.0,3.0,1.0,2024-04-11 08:00:00,0.0,0.0,27311.0,1,0.0,2339.678,0.0,2337.253,2336.437,2.0,14.557142857142903,2.0,0.0,0.0,8.0,0.0,1.0,2.0,1.0,0.6666666666666666,A
0.0,2331.604,0.0,3.0,1.0,2024-04-11 12:00:00,1.0,0.0,59509.0,1,0.0,2347.431,0.0,2344.618,2337.269,3.0,14.688500000000042,3.0,0.0,0.0,12.0,0.0,1.0,3.0,1.0,1.0,A+
1.0,2371.268,0.0,3.0,0.0,2024-04-11 20:00:00,0.0,0.0,12299.0,1,0.0,2379.358,1.0,2377.0,2372.824,0.0,14.56235714285718,1.0,0.0,1.0,20.0,0.0,1.0,1.0,1.0,1.0,A+
0.0,2374.586,0.0,4.0,1.0,2024-04-12 00:00:00,1.0,0.0,42141.0,1,0.0,2395.455,0.0,2384.242,2376.787,2.0,15.231142857142911,2.0,0.0,0.0,0.0,0.0,1.0,2.0,1.0,0.6666666666666666,A
0.0,2390.36,0.0,4.0,1.0,2024-04-12 08:00:00,0.0,0.0,28692.0,0,0.0,2400.638,0.0,2395.362,2399.954,1.0,16.09435714285717,1.0,0.0,0.0,8.0,0.0,1.0,1.0,1.0,0.3333333333333333,B
0.0,2333.794,0.0,4.0,1.0,2024-04-12 16:00:00,1.0,0.0,89507.0,1,0.0,2395.508,0.0,2343.263,2395.508,3.0,22.578071428571416,3.0,0.0,0.0,16.0,0.0,1.0,3.0,1.0,1.0,A+
0.0,2341.691,0.0,4.0,0.0,2024-04-12 20:00:00,0.0,0.0,4266.0,1,0.0,2345.169,0.0,2344.382,2343.317,1.0,20.459785714285708,1.0,0.0,0.0,20.0,0.0,1.0,1.0,1.0,0.3333333333333333,B
0.0,2346.754,0.0,6.0,0.0,2024-04-14 20:00:00,0.0,0.0,11695.0,1,0.0,2371.92,0.0,2364.486,2369.105,1.0,21.032071428571435,1.0,0.0,0.0,20.0,0.0,1.0,1.0,1.0,0.3333333333333333,B
0.0,2348.403,0.0,0.0,1.0,2024-04-15 00:00:00,1.0,0.0,46673.0,1,0.0,2365.946,0.0,2358.508,2364.446,3.0,21.735428571428592,3.0,0.0,0.0,0.0,0.0,1.0,3.0,1.0,1.0,A+
0.0,2349.952,0.0,0.0,1.0,2024-04-15 04:00:00,0.0,0.0,31747.0,1,0.0,2362.467,0.0,2353.047,2358.445,2.0,21.657857142857143,2.0,0.0,0.0,4.0,0.0,1.0,2.0,1.0,0.6666666666666666,A
0.0,2344.71,0.0,0.0,0.0,2024-04-15 08:00:00,0.0,0.0,30778.0,1,0.0,2361.178,0.0,2357.947,2353.038,1.0,21.962642857142846,1.0,0.0,0.0,8.0,0.0,1.0,1.0,1.0,0.3333333333333333,B
0.0,2346.114,0.0,0.0,1.0,2024-04-15 16:00:00,1.0,0.0,47209.0,1,0.0,2387.637,0.0,2386.284,2351.69,3.0,25.43778571428568,3.0,0.0,0.0,16.0,0.0,1.0,3.0,1.0,1.0,A+
0.0,2380.038,0.0,0.0,0.0,2024-04-15 20:00:00,0.0,0.0,12030.0,1,0.0,2391.957,0.0,2381.833,2386.37,1.0,24.00521428571424,1.0,0.0,0.0,20.0,0.0,1.0,1.0,1.0,0.3333333333333333,B
0.0,2379.208,0.0,1.0,0.0,2024-04-16 00:00:00,0.0,0.0,30684.0,0,0.0,2389.33,0.0,2387.87,2381.896,1.0,24.15035714285708,1.0,0.0,0.0,0.0,0.0,1.0,1.0,1.0,0.3333333333333333,B
0.0,2365.107,0.0,1.0,0.0,2024-04-16 08:00:00,0.0,0.0,27461.0,1,0.0,2375.37,0.0,2373.952,2365.498,1.0,23.99357142857136,1.0,0.0,0.0,8.0,0.0,1.0,1.0,1.0,0.3333333333333333,B
0.0,2363.466,0.0,1.0,1.0,2024-04-16 12:00:00,1.0,0.0,78351.0,0,0.0,2393.017,0.0,2385.939,2373.956,3.0,25.37021428571422,3.0,0.0,0.0,12.0,0.0,1.0,3.0,1.0,1.0,A+
0.0,2372.647,0.0,2.0,0.0,2024-04-17 04:00:00,0.0,0.0,24069.0,1,0.0,2383.255,0.0,2382.496,2381.652,1.0,18.5489285714285,1.0,0.0,0.0,4.0,0.0,1.0,1.0,1.0,0.3333333333333333,B
0.0,2382.46,0.0,2.0,1.0,2024-04-17 08:00:00,0.0,0.0,26680.0,0,0.0,2394.287,0.0,2387.298,2382.46,2.0,18.14064285714276,2.0,0.0,0.0,8.0,0.0,1.0,2.0,1.0,0.6666666666666666,A
0.0,2360.979,0.0,2.0,1.0,2024-04-17 16:00:00,1.0,0.0,52686.0,1,0.0,2384.453,0.0,2372.657,2382.219,3.0,18.97978571428565,3.0,0.0,0.0,16.0,0.0,1.0,3.0,1.0,1.0,A+
0.0,2373.132,0.0,3.0,0.0,2024-04-18 04:00:00,0.0,0.0,21190.0,1,0.0,2381.017,0.0,2377.808,2374.748,1.0,15.22785714285708,1.0,0.0,0.0,4.0,0.0,1.0,1.0,1.0,0.3333333333333333,B
0.0,2377.176,0.0,3.0,0.0,2024-04-18 08:00:00,0.0,0.0,21844.0,1,0.0,2385.36,0.0,2380.92,2377.841,1.0,15.089428571428536,1.0,0.0,0.0,8.0,0.0,1.0,1.0,1.0,0.3333333333333333,B
0.0,2369.478,0.0,3.0,1.0,2024-04-18 12:00:00,1.0,0.0,67248.0,1,0.0,2392.804,0.0,2384.106,2380.968,3.0,14.894357142857125,3.0,0.0,0.0,12.0,0.0,1.0,3.0,1.0,1.0,A+
0.0,2378.6,0.0,4.0,1.0,2024-04-19 04:00:00,1.0,0.0,41608.0,0,0.0,2393.889,0.0,2385.425,2391.344,3.0,15.256857142857111,3.0,0.0,0.0,4.0,0.0,1.0,3.0,1.0,1.0,A+
0.0,2372.761,0.0,4.0,1.0,2024-04-19 08:00:00,0.0,0.0,34777.0,1,0.0,2386.298,0.0,2376.813,2385.368,2.0,15.823357142857114,2.0,0.0,0.0,8.0,0.0,1.0,2.0,1.0,0.6666666666666666,A
0.0,2373.074,0.0,4.0,1.0,2024-04-19 12:00:00,1.0,0.0,55124.0,1,0.0,2396.018,0.0,2394.756,2376.855,3.0,16.704499999999957,3.0,0.0,0.0,12.0,0.0,1.0,3.0,1.0,1.0,A+
0.0,2386.591,0.0,4.0,0.0,2024-04-19 16:00:00,0.0,0.0,29537.0,1,0.0,2401.969,0.0,2387.606,2394.753,1.0,16.95814285714284,1.0,0.0,0.0,16.0,0.0,1.0,1.0,1.0,0.3333333333333333,B
0.0,2386.637,0.0,4.0,0.0,2024-04-19 20:00:00,0.0,0.0,3707.0,0,0.0,2391.252,0.0,2390.677,2387.652,1.0,16.05514285714282,1.0,0.0,0.0,20.0,0.0,1.0,1.0,1.0,0.3333333333333333,B
0.0,2381.882,0.0,6.0,0.0,2024-04-21 20:00:00,0.0,0.0,9785.0,0,0.0,2388.595,0.0,2386.483,2384.011,1.0,15.006642857142811,1.0,0.0,0.0,20.0,0.0,1.0,1.0,1.0,0.3333333333333333,B
0.0,2351.294,0.0,0.0,1.0,2024-04-22 04:00:00,1.0,0.0,34858.0,1,0.0,2372.898,0.0,2360.983,2369.385,3.0,16.175714285714257,3.0,1.0,0.0,4.0,0.0,1.0,3.0,1.0,1.0,A+
1.0,2339.396,0.0,0.0,0.0,2024-04-22 08:00:00,0.0,0.0,29488.0,1,0.0,2363.642,1.0,2342.059,2360.959,0.0,17.344357142857103,1.0,1.0,1.0,8.0,0.0,1.0,1.0,1.0,1.0,A+
0.0,2331.034,0.0,0.0,1.0,2024-04-22 12:00:00,1.0,0.0,60743.0,1,0.0,2350.382,0.0,2334.797,2342.042,2.0,18.141785714285657,2.0,1.0,0.0,12.0,0.0,1.0,2.0,1.0,0.6666666666666666,A
0.0,2324.55,0.0,0.0,0.0,2024-04-22 16:00:00,0.0,0.0,23879.0,1,0.0,2336.454,0.0,2329.332,2334.789,0.0,17.325928571428513,0.0,1.0,0.0,16.0,0.0,1.0,0.0,1.0,0.0,B
0.0,2325.319,0.0,0.0,0.0,2024-04-22 20:00:00,0.0,0.0,9244.0,0,0.0,2333.93,0.0,2333.738,2329.29,0.0,17.135999999999935,0.0,1.0,0.0,20.0,0.0,1.0,0.0,1.0,0.0,B
0.0,2295.5,0.0,1.0,1.0,2024-04-23 00:00:00,1.0,0.0,53585.0,1,0.0,2334.376,0.0,2302.602,2333.715,2.0,19.5830714285714,2.0,0.0,0.0,0.0,0.0,1.0,2.0,1.0,0.6666666666666666,A
0.0,2298.859,0.0,1.0,1.0,2024-04-23 04:00:00,0.0,0.0,33074.0,1,0.0,2314.765,0.0,2309.051,2302.578,1.0,17.56335714285712,1.0,1.0,0.0,4.0,0.0,1.0,1.0,1.0,0.3333333333333333,B
0.0,2322.182,0.0,0.0,0.0,2024-05-06 20:00:00,0.0,0.0,8731.0,0,0.0,2328.819,0.0,2325.943,2324.991,1.0,12.669071428571442,1.0,1.0,0.0,20.0,0.0,1.0,1.0,1.0,0.3333333333333333,B
0.0,2317.68,0.0,1.0,0.0,2024-05-07 04:00:00,0.0,0.0,19033.0,0,0.0,2325.076,0.0,2319.253,2324.884,1.0,13.117642857142885,1.0,1.0,0.0,4.0,0.0,1.0,1.0,1.0,0.3333333333333333,B
0.0,2311.639,0.0,1.0,0.0,2024-05-07 08:00:00,0.0,0.0,19449.0,1,0.0,2319.841,0.0,2312.348,2319.226,1.0,12.913214285714307,1.0,1.0,0.0,8.0,0.0,1.0,1.0,1.0,0.3333333333333333,B
0.0,2309.915,0.0,1.0,1.0,2024-05-07 12:00:00,1.0,0.0,34361.0,1,0.0,2323.722,0.0,2314.703,2312.343,3.0,13.402071428571457,3.0,1.0,0.0,12.0,0.0,1.0,3.0,1.0,1.0,A+
0.0,2305.294,0.0,2.0,0.0,2024-05-08 04:00:00,0.0,0.0,18699.0,1,0.0,2321.336,0.0,2305.691,2317.0,1.0,11.331714285714302,1.0,0.0,0.0,4.0,0.0,1.0,1.0,1.0,0.3333333333333333,B
0.0,2306.721,0.0,2.0,1.0,2024-05-08 12:00:00,1.0,0.0,39237.0,0,0.0,2320.391,0.0,2320.391,2314.646,3.0,10.512928571428606,3.0,1.0,0.0,12.0,0.0,1.0,3.0,1.0,1.0,A+
0.0,2307.765,0.0,3.0,0.0,2024-05-09 00:00:00,0.0,0.0,15603.0,1,0.0,2312.996,0.0,2312.274,2308.733,1.0,9.545857142857228,1.0,1.0,0.0,0.0,0.0,1.0,1.0,1.0,0.3333333333333333,B
0.0,2312.06,0.0,3.0,1.0,2024-05-09 12:00:00,1.0,0.0,50164.0,1,0.0,2338.93,0.0,2330.397,2315.915,3.0,11.33471428571436,3.0,1.0,0.0,12.0,0.0,1.0,3.0,1.0,1.0,A+
1.0,2343.115,0.0,3.0,0.0,2024-05-09 20:00:00,0.0,0.0,8849.0,1,0.0,2348.325,1.0,2346.516,2343.697,0.0,11.199214285714366,1.0,1.0,1.0,20.0,0.0,1.0,1.0,1.0,1.0,A+
0.0,2351.17,0.0,4.0,1.0,2024-05-10 04:00:00,1.0,0.0,24413.0,1,0.0,2370.364,0.0,2366.7,2353.379,2.0,12.539714285714354,2.0,1.0,0.0,4.0,0.0,1.0,2.0,1.0,0.6666666666666666,A
0.0,2361.663,0.0,4.0,0.0,2024-05-10 16:00:00,0.0,0.0,20575.0,1,0.0,2370.961,0.0,2363.315,2364.779,1.0,12.48357142857146,1.0,0.0,0.0,16.0,0.0,1.0,1.0,1.0,0.3333333333333333,B
0.0,2359.695,0.0,4.0,0.0,2024-05-10 20:00:00,0.0,0.0,2981.0,1,0.0,2365.047,0.0,2360.449,2363.366,1.0,11.889428571428589,1.0,1.0,0.0,20.0,0.0,1.0,1.0,1.0,0.3333333333333333,B
0.0,2354.778,0.0,0.0,0.0,2024-05-13 00:00:00,0.0,0.0,19728.0,0,0.0,2364.489,0.0,2357.07,2360.448,1.0,11.671785714285727,1.0,1.0,0.0,0.0,0.0,1.0,1.0,1.0,0.3333333333333333,B
0.0,2346.429,0.0,0.0,0.0,2024-05-13 04:00:00,0.0,0.0,18929.0,1,1.0,2357.043,0.0,2348.569,2357.011,2.0,12.058214285714287,2.0,1.0,0.0,4.0,0.0,1.0,2.0,1.0,0.6666666666666666,A
0.0,2338.364,0.0,0.0,1.0,2024-05-13 08:00:00,1.0,0.0,23238.0,0,0.0,2350.337,0.0,2344.544,2348.523,3.0,12.032785714285705,3.0,1.0,0.0,8.0,0.0,1.0,3.0,1.0,1.0,A+
0.0,2334.424,0.0,0.0,0.0,2024-05-13 16:00:00,0.0,0.0,18236.0,1,0.0,2338.49,0.0,2337.334,2335.884,1.0,10.943071428571397,1.0,1.0,0.0,16.0,0.0,1.0,1.0,1.0,0.3333333333333333,B
0.0,2334.734,0.0,1.0,0.0,2024-05-14 00:00:00,0.0,0.0,17418.0,1,0.0,2344.423,0.0,2343.059,2338.39,1.0,10.489928571428534,1.0,1.0,0.0,0.0,0.0,1.0,1.0,1.0,0.3333333333333333,B
0.0,2336.082,0.0,1.0,1.0,2024-05-14 04:00:00,0.0,0.0,18562.0,1,0.0,2345.924,0.0,2339.151,2343.077,2.0,10.486571428571422,2.0,1.0,0.0,4.0,0.0,1.0,2.0,1.0,0.6666666666666666,A
0.0,2336.553,0.0,1.0,1.0,2024-05-14 12:00:00,1.0,0.0,49318.0,1,0.0,2357.068,0.0,2347.925,2343.614,3.0,10.426785714285709,3.0,1.0,0.0,12.0,0.0,1.0,3.0,1.0,1.0,A+
0.0,2346.291,0.0,1.0,1.0,2024-05-14 16:00:00,0.0,0.0,20543.0,1,0.0,2359.592,0.0,2356.487,2347.881,2.0,10.003785714285709,2.0,1.0,0.0,16.0,0.0,1.0,2.0,1.0,0.6666666666666666,A
0.0,2355.649,0.0,2.0,1.0,2024-05-15 04:00:00,0.0,0.0,18754.0,1,0.0,2365.2,0.0,2362.401,2360.298,2.0,10.078285714285746,2.0,0.0,0.0,4.0,0.0,1.0,2.0,1.0,0.6666666666666666,A
0.0,2361.98,0.0,2.0,1.0,2024-05-15 08:00:00,1.0,0.0,21503.0,1,0.0,2374.313,0.0,2362.742,2362.437,3.0,10.26557142857145,3.0,1.0,0.0,8.0,0.0,1.0,3.0,1.0,1.0,A+
0.0,2351.748,0.0,2.0,1.0,2024-05-15 12:00:00,1.0,0.0,67916.0,1,0.0,2385.724,0.0,2377.551,2362.743,3.0,11.932357142857168,3.0,0.0,0.0,12.0,0.0,1.0,3.0,1.0,1.0,A+
0.0,2377.067,0.0,2.0,1.0,2024-05-15 16:00:00,1.0,0.0,24868.0,1,0.0,2390.295,0.0,2386.313,2377.591,2.0,12.022000000000032,2.0,0.0,0.0,16.0,0.0,1.0,2.0,1.0,0.6666666666666666,A
1.0,2385.281,0.0,2.0,0.0,2024-05-15 20:00:00,0.0,0.0,9334.0,0,0.0,2391.911,1.0,2391.769,2386.283,0.0,11.22785714285718,1.0,0.0,1.0,20.0,0.0,1.0,1.0,1.0,1.0,A+
0.0,2370.885,0.0,3.0,1.0,2024-05-16 12:00:00,1.0,0.0,47018.0,1,0.0,2386.349,0.0,2381.506,2384.67,3.0,12.587714285714323,3.0,0.0,0.0,12.0,0.0,1.0,3.0,1.0,1.0,A+
0.0,2377.704,0.0,3.0,0.0,2024-05-16 16:00:00,0.0,0.0,18760.0,1,0.0,2383.746,0.0,2378.106,2381.564,1.0,12.270500000000052,1.0,0.0,0.0,16.0,0.0,1.0,1.0,1.0,0.3333333333333333,B
1.0,2373.908,0.0,4.0,0.0,2024-05-17 00:00:00,0.0,0.0,17284.0,1,0.0,2381.233,0.0,2377.803,2377.72,0.0,10.651500000000071,1.0,0.0,1.0,0.0,5.0,1.0,1.0,1.0,1.0,A+
0.0,2376.582,0.0,4.0,0.0,2024-05-17 04:00:00,0.0,0.0,18626.0,1,0.0,2387.762,0.0,2383.814,2377.806,0.0,11.211928571428643,0.0,0.0,0.0,4.0,0.0,1.0,0.0,1.0,0.0,B
0.0,2381.299,0.0,4.0,1.0,2024-05-17 08:00:00,0.0,0.0,18853.0,1,0.0,2390.135,0.0,2389.682,2383.874,1.0,11.402857142857233,1.0,0.0,0.0,8.0,0.0,1.0,1.0,1.0,0.3333333333333333,B
0.0,2386.798,0.0,4.0,1.0,2024-05-17 12:00:00,1.0,0.0,51987.0,1,0.0,2419.17,0.0,2407.708,2389.644,2.0,13.032928571428686,2.0,0.0,0.0,12.0,0.0,1.0,2.0,1.0,0.6666666666666666,A
1.0,2413.419,0.0,4.0,0.0,2024-05-17 20:00:00,0.0,0.0,5391.0,1,0.0,2422.733,0.0,2413.933,2416.451,0.0,11.351071428571524,1.0,0.0,1.0,20.0,6.0,1.0,1.0,1.0,1.0,A+
0.0,2416.732,0.0,6.0,0.0,2024-05-19 20:00:00,0.0,0.0,10238.0,1,0.0,2425.201,0.0,2420.194,2425.201,0.0,11.21107142857152,0.0,0.0,0.0,20.0,0.0,1.0,0.0,1.0,0.0,B
0.0,2407.273,0.0,0.0,1.0,2024-05-20 12:00:00,1.0,0.0,64798.0,1,0.0,2430.898,0.0,2424.838,2430.572,2.0,14.623071428571524,2.0,0.0,0.0,12.0,0.0,1.0,2.0,1.0,0.6666666666666666,A
0.0,2422.441,0.0,0.0,0.0,2024-05-20 16:00:00,0.0,0.0,25937.0,1,0.0,2437.373,0.0,2426.734,2424.813,0.0,14.585071428571544,0.0,0.0,0.0,16.0,0.0,1.0,0.0,1.0,0.0,B
1.0,2423.277,0.0,0.0,0.0,2024-05-20 20:00:00,0.0,0.0,9921.0,0,0.0,2430.346,0.0,2426.133,2426.762,0.0,14.65842857142869,1.0,0.0,1.0,20.0,5.0,1.0,1.0,1.0,1.0,A+
0.0,2408.502,0.0,1.0,0.0,2024-05-21 04:00:00,1.0,0.0,27308.0,1,0.0,2422.206,0.0,2419.209,2413.684,2.0,16.772571428571545,2.0,0.0,0.0,4.0,0.0,1.0,2.0,1.0,0.6666666666666666,A
0.0,2420.319,0.0,1.0,0.0,2024-05-21 20:00:00,0.0,0.0,6220.0,1,0.0,2423.457,0.0,2421.654,2423.305,1.0,14.671500000000083,1.0,0.0,0.0,20.0,0.0,1.0,1.0,1.0,0.3333333333333333,B
0.0,2412.539,0.0,2.0,0.0,2024-05-22 00:00:00,0.0,0.0,22232.0,1,0.0,2426.542,0.0,2414.163,2421.659,1.0,15.006428571428614,1.0,0.0,0.0,0.0,0.0,1.0,1.0,1.0,0.3333333333333333,B
0.0,2411.399,0.0,2.0,0.0,2024-05-22 04:00:00,0.0,0.0,22640.0,0,0.0,2418.524,0.0,2417.232,2414.164,1.0,14.71050000000004,1.0,0.0,0.0,4.0,0.0,1.0,1.0,1.0,0.3333333333333333,B
0.0,2382.135,0.0,2.0,1.0,2024-05-22 12:00:00,1.0,0.0,58694.0,1,0.0,2415.039,0.0,2391.965,2408.711,2.0,15.080142857142878,2.0,1.0,0.0,12.0,0.0,1.0,2.0,1.0,0.6666666666666666,A
0.0,2374.935,0.0,2.0,1.0,2024-05-22 16:00:00,1.0,0.0,32868.0,1,0.0,2394.995,0.0,2379.305,2391.92,2.0,15.112071428571458,2.0,1.0,0.0,16.0,0.0,1.0,2.0,1.0,0.6666666666666666,A
0.0,2377.308,0.0,2.0,0.0,2024-05-22 20:00:00,0.0,0.0,9365.0,0,0.0,2382.707,0.0,2382.124,2379.265,0.0,13.810214285714308,0.0,1.0,0.0,20.0,0.0,1.0,0.0,1.0,0.0,B
0.0,2355.087,0.0,3.0,0.0,2024-05-23 08:00:00,0.0,0.0,24589.0,0,0.0,2369.427,0.0,2368.041,2356.056,0.0,13.902142857142833,0.0,1.0,0.0,8.0,0.0,1.0,0.0,1.0,0.0,B
1.0,2330.91,0.0,3.0,0.0,2024-05-23 16:00:00,0.0,0.0,29969.0,1,0.0,2350.143,1.0,2331.58,2346.044,0.0,15.57742857142856,1.0,1.0,1.0,16.0,0.0,1.0,1.0,1.0,1.0,A+
1.0,2326.867,0.0,3.0,0.0,2024-05-23 20:00:00,0.0,0.0,8448.0,1,0.0,2333.62,0.0,2332.012,2331.622,0.0,15.062785714285676,1.0,1.0,1.0,20.0,5.0,1.0,1.0,1.0,1.0,A+
0.0,2330.875,0.0,4.0,1.0,2024-06-07 08:00:00,1.0,0.0,43101.0,0,0.0,2373.933,0.0,2336.496,2373.536,3.0,14.243857142857223,3.0,0.0,0.0,8.0,0.0,1.0,3.0,1.0,1.0,A+
0.0,2320.76,0.0,4.0,0.0,2024-06-21 20:00:00,0.0,0.0,2876.0,1,0.0,2322.653,0.0,2321.503,2322.106,1.0,11.71049999999991,1.0,1.0,0.0,20.0,0.0,0.0,1.0,0.0,0.3333333333333333,B
0.0,2321.325,0.0,0.0,0.0,2024-06-24 04:00:00,0.0,0.0,17247.0,1,0.0,2331.793,0.0,2330.705,2325.405,1.0,12.296071428571397,1.0,1.0,0.0,4.0,0.0,0.0,1.0,0.0,0.3333333333333333,B
0.0,2320.767,0.0,0.0,1.0,2024-06-24 08:00:00,1.0,0.0,20913.0,1,0.0,2332.768,0.0,2326.191,2330.724,3.0,12.298000000000002,3.0,1.0,0.0,8.0,0.0,0.0,3.0,0.0,1.0,A+
0.0,2323.281,0.0,0.0,1.0,2024-06-24 12:00:00,1.0,0.0,29215.0,1,0.0,2333.833,0.0,2327.626,2326.249,3.0,12.350357142857124,3.0,1.0,0.0,12.0,0.0,0.0,3.0,0.0,1.0,A+
0.0,2326.822,0.0,0.0,0.0,2024-06-24 16:00:00,0.0,0.0,17004.0,0,0.0,2334.629,0.0,2331.64,2327.581,1.0,10.748857142857135,1.0,1.0,0.0,16.0,0.0,0.0,1.0,0.0,0.3333333333333333,B
0.0,2323.15,0.0,1.0,1.0,2024-06-25 00:00:00,0.0,0.0,17644.0,0,0.0,2330.924,0.0,2324.146,2330.869,2.0,10.80292857142857,2.0,1.0,0.0,0.0,0.0,0.0,2.0,0.0,0.6666666666666666,A
0.0,2315.436,0.0,1.0,1.0,2024-06-25 16:00:00,0.0,0.0,17941.0,0,0.0,2324.985,0.0,2319.776,2324.751,2.0,9.053785714285723,2.0,1.0,0.0,16.0,0.0,0.0,2.0,0.0,0.6666666666666666,A
0.0,2309.682,0.0,2.0,1.0,2024-06-26 04:00:00,0.0,0.0,19062.0,1,0.0,2318.129,0.0,2316.085,2317.289,2.0,9.499785714285704,2.0,1.0,0.0,4.0,0.0,0.0,2.0,0.0,0.6666666666666666,A
0.0,2304.378,0.0,2.0,1.0,2024-06-26 08:00:00,1.0,0.0,22486.0,0,0.0,2318.435,0.0,2313.005,2316.044,2.0,9.87649999999998,2.0,1.0,0.0,8.0,0.0,0.0,2.0,0.0,0.6666666666666666,A
0.0,2322.926,0.0,4.0,1.0,2024-06-28 16:00:00,0.0,0.0,18663.0,1,0.0,2332.713,0.0,2325.004,2328.641,2.0,9.918071428571466,2.0,1.0,0.0,16.0,0.0,0.0,2.0,0.0,0.6666666666666666,A
0.0,2322.841,0.0,4.0,0.0,2024-06-28 20:00:00,0.0,0.0,3400.0,0,0.0,2326.815,0.0,2326.638,2324.972,1.0,8.465714285714316,1.0,1.0,0.0,20.0,0.0,0.0,1.0,0.0,0.3333333333333333,B
0.0,2322.837,0.0,6.0,0.0,2024-06-30 20:00:00,0.0,0.0,4751.0,1,0.0,2326.157,0.0,2324.933,2322.849,1.0,8.299857142857165,1.0,1.0,0.0,20.0,0.0,0.0,1.0,0.0,0.3333333333333333,B
0.0,2319.173,0.0,0.0,1.0,2024-07-01 12:00:00,1.0,0.0,36266.0,1,0.0,2338.478,0.0,2327.713,2338.161,3.0,10.013642857142909,3.0,1.0,0.0,12.0,0.0,0.0,3.0,0.0,1.0,A+
0.0,2326.603,0.0,0.0,1.0,2024-07-01 16:00:00,0.0,0.0,17513.0,1,0.0,2331.871,0.0,2330.9,2327.707,2.0,9.329714285714315,2.0,1.0,0.0,16.0,0.0,0.0,2.0,0.0,0.6666666666666666,A
0.0,2330.862,0.0,0.0,0.0,2024-07-01 20:00:00,0.0,0.0,5619.0,1,0.0,2332.553,0.0,2332.222,2330.973,1.0,9.028785714285732,1.0,1.0,0.0,20.0,0.0,0.0,1.0,0.0,0.3333333333333333,B
0.0,2325.702,0.0,1.0,0.0,2024-07-02 00:00:00,0.0,0.0,14729.0,1,0.0,2334.305,0.0,2326.033,2332.216,1.0,9.418071428571434,1.0,1.0,0.0,0.0,0.0,0.0,1.0,0.0,0.3333333333333333,B
0.0,2323.282,0.0,1.0,0.0,2024-07-02 04:00:00,0.0,0.0,16929.0,0,0.0,2331.779,0.0,2330.679,2326.036,1.0,9.362499999999986,1.0,1.0,0.0,4.0,0.0,0.0,1.0,0.0,0.3333333333333333,B
0.0,2320.921,0.0,1.0,0.0,2024-07-02 16:00:00,0.0,0.0,16580.0,0,0.0,2331.298,0.0,2330.76,2324.678,1.0,9.639642857142851,1.0,1.0,0.0,16.0,0.0,0.0,1.0,0.0,0.3333333333333333,B
0.0,2328.61,0.0,1.0,0.0,2024-07-02 20:00:00,0.0,0.0,5747.0,1,0.0,2331.443,0.0,2330.18,2330.725,1.0,9.142928571428554,1.0,1.0,0.0,20.0,0.0,0.0,1.0,0.0,0.3333333333333333,B
0.0,2353.613,0.0,2.0,1.0,2024-07-03 16:00:00,0.0,0.0,17217.0,1,0.0,2363.147,0.0,2354.28,2363.001,2.0,10.36342857142852,2.0,1.0,0.0,16.0,0.0,0.0,2.0,0.0,0.6666666666666666,A
0.0,2354.223,0.0,2.0,0.0,2024-07-03 20:00:00,0.0,0.0,5197.0,0,0.0,2359.578,0.0,2358.699,2354.302,1.0,9.36699999999993,1.0,1.0,0.0,20.0,0.0,1.0,1.0,1.0,0.3333333333333333,B
0.0,2350.33,0.0,3.0,0.0,2024-07-04 04:00:00,0.0,0.0,15608.0,1,0.0,2359.572,0.0,2357.455,2358.102,1.0,9.965571428571366,1.0,1.0,0.0,4.0,0.0,1.0,1.0,1.0,0.3333333333333333,B
0.0,2355.443,0.0,3.0,0.0,2024-07-04 08:00:00,0.0,0.0,14913.0,0,0.0,2359.987,0.0,2358.389,2357.515,1.0,9.675642857142812,1.0,1.0,0.0,8.0,0.0,1.0,1.0,1.0,0.3333333333333333,B
0.0,2356.903,0.0,3.0,0.0,2024-07-04 16:00:00,0.0,0.0,3903.0,0,0.0,2359.098,0.0,2357.23,2357.417,1.0,8.78599999999996,1.0,1.0,0.0,16.0,0.0,1.0,1.0,1.0,0.3333333333333333,B
0.0,2354.213,0.0,3.0,0.0,2024-07-04 20:00:00,0.0,0.0,4669.0,1,0.0,2357.715,0.0,2356.721,2357.034,1.0,7.766499999999951,1.0,1.0,0.0,20.0,0.0,1.0,1.0,1.0,0.3333333333333333,B
1.0,2388.194,0.0,4.0,0.0,2024-07-05 20:00:00,0.0,0.0,2646.0,0,0.0,2391.636,1.0,2391.557,2388.783,0.0,8.556857142857163,1.0,0.0,1.0,20.0,0.0,1.0,1.0,1.0,1.0,A+
0.0,2380.666,0.0,0.0,1.0,2024-07-08 00:00:00,1.0,0.0,19317.0,1,0.0,2391.088,0.0,2382.88,2386.065,3.0,8.722785714285724,3.0,0.0,0.0,0.0,0.0,1.0,3.0,1.0,1.0,A+
0.0,2376.597,0.0,0.0,1.0,2024-07-08 04:00:00,1.0,0.0,18518.0,0,0.0,2386.761,0.0,2377.828,2382.933,3.0,9.013285714285724,3.0,1.0,0.0,4.0,0.0,1.0,3.0,1.0,1.0,A+
0.0,2368.253,0.0,0.0,1.0,2024-07-08 08:00:00,1.0,0.0,19446.0,1,0.0,2378.823,0.0,2375.284,2377.824,3.0,9.108142857142834,3.0,1.0,0.0,8.0,0.0,1.0,3.0,1.0,1.0,A+
0.0,2350.975,0.0,0.0,1.0,2024-07-08 12:00:00,1.0,0.0,38218.0,1,0.0,2379.516,0.0,2355.459,2375.236,3.0,10.822214285714283,3.0,1.0,0.0,12.0,0.0,1.0,3.0,1.0,1.0,A+
0.0,2350.991,0.0,0.0,1.0,2024-07-08 16:00:00,1.0,0.0,20913.0,1,0.0,2359.838,0.0,2359.132,2355.409,3.0,10.99807142857146,3.0,1.0,0.0,16.0,0.0,1.0,3.0,1.0,1.0,A+
0.0,2357.986,0.0,0.0,0.0,2024-07-08 20:00:00,0.0,0.0,5644.0,1,0.0,2362.004,0.0,2361.711,2359.174,1.0,11.128285714285736,1.0,1.0,0.0,20.0,0.0,1.0,1.0,1.0,0.3333333333333333,B
0.0,2360.436,0.0,1.0,0.0,2024-07-09 00:00:00,1.0,0.0,17678.0,1,0.0,2367.949,0.0,2367.625,2361.738,2.0,11.414785714285731,2.0,1.0,0.0,0.0,0.0,1.0,2.0,1.0,0.6666666666666666,A
0.0,2358.279,0.0,1.0,0.0,2024-07-09 04:00:00,0.0,0.0,17153.0,1,0.0,2368.791,0.0,2358.933,2367.619,1.0,11.660071428571428,1.0,1.0,0.0,4.0,0.0,1.0,1.0,1.0,0.3333333333333333,B
0.0,2356.507,0.0,1.0,1.0,2024-07-09 16:00:00,1.0,0.0,20404.0,1,0.0,2365.588,0.0,2363.496,2361.976,3.0,10.665785714285708,3.0,1.0,0.0,16.0,0.0,1.0,3.0,1.0,1.0,A+
0.0,2363.281,0.0,1.0,0.0,2024-07-09 20:00:00,0.0,0.0,5336.0,1,0.0,2366.037,0.0,2364.966,2363.538,1.0,10.21849999999998,1.0,1.0,0.0,20.0,0.0,1.0,1.0,1.0,0.3333333333333333,B
0.0,2363.304,0.0,2.0,0.0,2024-07-10 00:00:00,0.0,0.0,16294.0,1,0.0,2370.258,0.0,2368.144,2364.944,1.0,10.469357142857104,1.0,1.0,0.0,0.0,0.0,1.0,1.0,1.0,0.3333333333333333,B
0.0,2366.536,0.0,2.0,0.0,2024-07-10 04:00:00,0.0,0.0,15641.0,1,0.0,2374.932,0.0,2372.606,2368.166,1.0,10.584071428571374,1.0,1.0,0.0,4.0,0.0,1.0,1.0,1.0,0.3333333333333333,B
0.0,2371.425,0.0,2.0,0.0,2024-07-10 08:00:00,0.0,0.0,15739.0,0,0.0,2378.379,0.0,2378.346,2372.569,1.0,10.336357142857066,1.0,1.0,0.0,8.0,0.0,1.0,1.0,1.0,0.3333333333333333,B
0.0,2370.86,0.0,2.0,0.0,2024-07-10 20:00:00,0.0,0.0,5262.0,1,0.0,2372.911,0.0,2372.852,2371.762,1.0,8.694714285714229,1.0,1.0,0.0,20.0,0.0,1.0,1.0,1.0,0.3333333333333333,B
0.0,2371.418,0.0,3.0,0.0,2024-07-11 00:00:00,0.0,0.0,15485.0,1,0.0,2380.254,0.0,2378.741,2372.832,0.0,8.693928571428485,0.0,1.0,0.0,0.0,0.0,1.0,0.0,1.0,0.0,B
0.0,2379.001,0.0,3.0,1.0,2024-07-11 08:00:00,0.0,0.0,17332.0,1,0.0,2384.527,0.0,2380.792,2379.924,1.0,8.603357142857053,1.0,0.0,0.0,8.0,0.0,1.0,1.0,1.0,0.3333333333333333,B
0.0,2409.988,0.0,3.0,1.0,2024-07-11 16:00:00,1.0,0.0,23903.0,0,0.0,2419.238,0.0,2414.082,2417.303,3.0,11.24885714285704,3.0,0.0,0.0,16.0,0.0,1.0,3.0,1.0,1.0,A+
0.0,2400.289,0.0,4.0,1.0,2024-07-12 04:00:00,0.0,0.0,18825.0,1,0.0,2410.088,0.0,2404.174,2408.779,2.0,10.548857142857027,2.0,0.0,0.0,4.0,0.0,1.0,2.0,1.0,0.6666666666666666,A
0.0,2398.288,0.0,4.0,1.0,2024-07-12 08:00:00,0.0,0.0,19038.0,1,1.0,2408.312,0.0,2401.715,2404.1,3.0,10.768142857142752,3.0,0.0,0.0,8.0,0.0,1.0,3.0,1.0,1.0,A+
0.0,2405.677,0.0,6.0,0.0,2024-07-14 20:00:00,0.0,1.0,6541.0,1,0.0,2412.243,0.0,2408.657,2411.619,1.0,10.584999999999908,1.0,0.0,0.0,20.0,0.0,1.0,1.0,1.0,0.3333333333333333,B
0.0,2404.881,0.0,0.0,1.0,2024-07-15 00:00:00,0.0,1.0,17029.0,1,0.0,2411.971,0.0,2411.555,2408.659,2.0,10.944928571428491,2.0,0.0,0.0,0.0,0.0,1.0,2.0,1.0,0.6666666666666666,A
0.0,2411.509,0.0,0.0,1.0,2024-07-15 12:00:00,1.0,1.0,38213.0,1,0.0,2437.493,0.0,2433.281,2418.241,3.0,13.30299999999995,3.0,0.0,0.0,12.0,0.0,1.0,3.0,1.0,1.0,A+
0.0,2419.715,0.0,0.0,1.0,2024-07-15 16:00:00,1.0,1.0,30850.0,1,0.0,2439.76,0.0,2421.091,2433.261,3.0,11.417214285714246,3.0,0.0,0.0,16.0,0.0,1.0,3.0,1.0,1.0,A+
0.0,2420.587,0.0,0.0,0.0,2024-07-15 20:00:00,0.0,1.0,6121.0,1,0.0,2422.726,0.0,2422.496,2421.145,1.0,10.909285714285684,1.0,0.0,0.0,20.0,0.0,1.0,1.0,1.0,0.3333333333333333,B
0.0,2419.914,0.0,1.0,1.0,2024-07-16 00:00:00,0.0,1.0,19418.0,1,0.0,2431.449,0.0,2428.577,2422.482,2.0,11.384071428571392,2.0,0.0,0.0,0.0,0.0,1.0,2.0,1.0,0.6666666666666666,A
0.0,2433.607,0.0,1.0,1.0,2024-07-16 08:00:00,1.0,0.0,23066.0,1,0.0,2443.41,0.0,2439.521,2436.951,2.0,11.72592857142854,2.0,0.0,0.0,8.0,0.0,1.0,2.0,1.0,0.6666666666666666,A
0.0,2451.407,0.0,2.0,1.0,2024-07-17 16:00:00,1.0,0.0,26838.0,1,0.0,2465.106,0.0,2457.986,2463.422,2.0,15.507785714285708,2.0,0.0,0.0,16.0,0.0,1.0,2.0,1.0,0.6666666666666666,A
0.0,2457.212,0.0,2.0,0.0,2024-07-17 20:00:00,0.0,0.0,8685.0,1,0.0,2461.832,0.0,2461.296,2458.022,0.0,13.981785714285706,0.0,0.0,0.0,20.0,0.0,1.0,0.0,1.0,0.0,B
0.0,2457.29,0.0,3.0,0.0,2024-07-18 00:00:00,0.0,0.0,21503.0,1,0.0,2468.851,0.0,2468.009,2461.334,0.0,13.375785714285712,0.0,0.0,0.0,0.0,0.0,1.0,0.0,1.0,0.0,B
0.0,2464.551,0.0,3.0,0.0,2024-07-18 04:00:00,0.0,0.0,23389.0,1,0.0,2474.966,0.0,2471.93,2468.0,0.0,13.966928571428555,0.0,0.0,0.0,4.0,0.0,1.0,0.0,1.0,0.0,B
1.0,2461.488,0.0,3.0,0.0,2024-07-18 08:00:00,0.0,0.0,23040.0,1,0.0,2473.694,0.0,2464.468,2471.959,0.0,14.01485714285715,1.0,0.0,1.0,8.0,2.0,1.0,1.0,1.0,1.0,A+
0.0,2457.522,0.0,3.0,1.0,2024-07-18 12:00:00,1.0,0.0,41825.0,0,0.0,2469.919,0.0,2461.226,2464.503,2.0,13.872642857142864,2.0,0.0,0.0,12.0,0.0,1.0,2.0,1.0,0.6666666666666666,A
0.0,2440.226,0.0,3.0,1.0,2024-07-18 16:00:00,1.0,0.0,27606.0,1,0.0,2462.071,0.0,2442.916,2461.312,2.0,14.732785714285717,2.0,0.0,0.0,16.0,0.0,1.0,2.0,1.0,0.6666666666666666,A
0.0,2441.169,0.0,3.0,0.0,2024-07-18 20:00:00,0.0,0.0,7843.0,0,0.0,2445.563,0.0,2441.25,2442.965,0.0,12.478857142857157,0.0,0.0,0.0,20.0,0.0,1.0,0.0,1.0,0.0,B
0.0,2420.424,0.0,4.0,1.0,2024-07-19 00:00:00,1.0,0.0,37201.0,0,0.0,2441.343,0.0,2428.7,2441.292,2.0,13.195142857142889,2.0,1.0,0.0,0.0,0.0,1.0,2.0,1.0,0.6666666666666666,A
0.0,2412.803,0.0,4.0,1.0,2024-07-19 04:00:00,1.0,0.0,29654.0,1,0.0,2429.321,0.0,2418.127,2428.697,2.0,14.109142857142874,2.0,1.0,0.0,4.0,0.0,1.0,2.0,1.0,0.6666666666666666,A
1.0,2408.411,0.0,4.0,0.0,2024-07-19 08:00:00,0.0,0.0,26982.0,0,0.0,2421.641,1.0,2410.053,2418.139,0.0,13.735928571428596,1.0,1.0,1.0,8.0,0.0,1.0,1.0,1.0,1.0,A+
0.0,2393.727,0.0,4.0,1.0,2024-07-19 12:00:00,1.0,0.0,53687.0,0,0.0,2410.228,0.0,2405.38,2410.059,2.0,14.019142857142892,2.0,1.0,0.0,12.0,0.0,1.0,2.0,1.0,0.6666666666666666,A
0.0,2395.64,0.0,4.0,0.0,2024-07-19 16:00:00,0.0,0.0,21969.0,1,1.0,2406.003,0.0,2398.712,2405.445,1.0,13.886428571428626,1.0,1.0,0.0,16.0,0.0,1.0,1.0,1.0,0.3333333333333333,B
0.0,2397.783,0.0,4.0,0.0,2024-07-19 20:00:00,0.0,0.0,3119.0,1,1.0,2400.55,0.0,2400.451,2398.743,1.0,12.245357142857204,1.0,1.0,0.0,20.0,0.0,1.0,1.0,1.0,0.3333333333333333,B
0.0,2402.487,0.0,6.0,0.0,2024-07-21 20:00:00,0.0,0.0,7271.0,0,0.0,2411.931,0.0,2411.528,2403.68,0.0,12.0868571428572,0.0,1.0,0.0,20.0,0.0,1.0,0.0,1.0,0.0,B
0.0,2403.233,0.0,0.0,1.0,2024-07-22 00:00:00,0.0,0.0,23048.0,0,0.0,2412.188,0.0,2406.732,2411.496,1.0,12.39650000000006,1.0,1.0,0.0,0.0,0.0,1.0,1.0,1.0,0.3333333333333333,B
0.0,2398.881,0.0,0.0,1.0,2024-07-22 04:00:00,0.0,0.0,25253.0,1,0.0,2407.353,0.0,2402.513,2406.69,1.0,12.175857142857208,1.0,1.0,0.0,4.0,0.0,1.0,1.0,1.0,0.3333333333333333,B
0.0,2397.982,0.0,0.0,1.0,2024-07-22 08:00:00,0.0,0.0,22205.0,1,1.0,2408.352,0.0,2398.056,2402.501,2.0,12.172642857142916,2.0,1.0,0.0,8.0,0.0,1.0,2.0,1.0,0.6666666666666666,A
0.0,2394.705,0.0,0.0,0.0,2024-07-22 20:00:00,0.0,0.0,6183.0,1,0.0,2399.487,0.0,2395.783,2398.954,0.0,11.361142857142925,0.0,1.0,0.0,20.0,0.0,1.0,0.0,1.0,0.0,B
0.0,2388.225,0.0,1.0,1.0,2024-07-23 04:00:00,0.0,0.0,24248.0,1,0.0,2399.643,0.0,2397.788,2398.36,1.0,10.977928571428654,1.0,1.0,0.0,4.0,0.0,1.0,1.0,1.0,0.3333333333333333,B
0.0,2396.303,0.0,1.0,1.0,2024-07-23 08:00:00,0.0,0.0,24326.0,1,0.0,2411.984,0.0,2407.614,2397.823,1.0,10.91814285714294,1.0,1.0,0.0,8.0,0.0,1.0,1.0,1.0,0.3333333333333333,B
0.0,2399.515,0.0,1.0,1.0,2024-07-23 12:00:00,1.0,0.0,33840.0,1,0.0,2409.281,0.0,2405.479,2407.574,2.0,10.670714285714372,2.0,1.0,0.0,12.0,0.0,1.0,2.0,1.0,0.6666666666666666,A
0.0,2402.626,0.0,1.0,0.0,2024-07-23 16:00:00,0.0,0.0,18680.0,1,0.0,2408.974,0.0,2407.545,2405.437,0.0,9.94550000000007,0.0,1.0,0.0,16.0,0.0,1.0,0.0,1.0,0.0,B
0.0,2405.307,0.0,1.0,0.0,2024-07-23 20:00:00,0.0,0.0,7048.0,1,0.0,2410.013,0.0,2408.513,2407.504,0.0,9.54142857142863,0.0,1.0,0.0,20.0,0.0,1.0,0.0,1.0,0.0,B
0.0,2404.866,0.0,2.0,1.0,2024-07-24 00:00:00,0.0,0.0,23648.0,1,0.0,2418.319,0.0,2416.406,2408.558,1.0,10.304714285714324,1.0,1.0,0.0,0.0,0.0,1.0,1.0,1.0,0.3333333333333333,B
0.0,2411.549,0.0,2.0,0.0,2024-07-24 04:00:00,0.0,0.0,22867.0,1,0.0,2419.199,0.0,2414.574,2416.421,0.0,10.0311428571429,0.0,1.0,0.0,4.0,0.0,1.0,0.0,1.0,0.0,B
1.0,2409.78,0.0,2.0,0.0,2024-07-24 08:00:00,0.0,0.0,20636.0,0,0.0,2417.809,0.0,2417.432,2414.532,0.0,9.965000000000048,1.0,1.0,1.0,8.0,1.0,1.0,1.0,1.0,1.0,A+
0.0,2357.919,0.0,3.0,1.0,2024-07-25 12:00:00,1.0,0.0,66756.0,1,0.0,2377.31,0.0,2363.151,2368.562,2.0,14.211857142857168,2.0,0.0,0.0,12.0,0.0,1.0,2.0,1.0,0.6666666666666666,A
0.0,2435.539,0.0,4.0,0.0,2024-08-02 20:00:00,0.0,0.0,4853.0,1,0.0,2442.477,0.0,2441.892,2437.645,0.0,18.388000000000016,0.0,1.0,0.0,20.0,0.0,1.0,0.0,1.0,0.0,B
1.0,2437.89,0.0,6.0,0.0,2024-08-04 20:00:00,0.0,0.0,13274.0,0,0.0,2446.337,0.0,2440.952,2441.02,0.0,16.89978571428573,1.0,1.0,1.0,20.0,5.0,1.0,1.0,1.0,1.0,A+
0.0,2446.433,0.0,2.0,0.0,2024-08-14 20:00:00,0.0,0.0,8037.0,1,1.0,2449.482,0.0,2449.408,2447.123,1.0,12.33957142857139,1.0,1.0,0.0,20.0,0.0,1.0,1.0,1.0,0.3333333333333333,B
0.0,2448.2,0.0,3.0,0.0,2024-08-15 00:00:00,1.0,0.0,26967.0,1,0.0,2454.357,0.0,2453.681,2449.396,1.0,11.831928571428534,1.0,1.0,0.0,0.0,0.0,1.0,1.0,1.0,0.3333333333333333,B
0.0,2450.28,0.0,3.0,0.0,2024-08-15 04:00:00,0.0,0.0,25666.0,1,0.0,2458.777,0.0,2455.71,2453.708,0.0,12.018714285714234,0.0,1.0,0.0,4.0,0.0,1.0,0.0,1.0,0.0,B
0.0,2453.519,0.0,3.0,0.0,2024-08-15 08:00:00,0.0,0.0,23429.0,0,0.0,2464.147,0.0,2463.533,2455.701,0.0,11.62478571428567,0.0,1.0,0.0,8.0,0.0,1.0,0.0,1.0,0.0,B
0.0,2453.4,0.0,3.0,0.0,2024-08-15 16:00:00,0.0,0.0,24644.0,1,0.0,2461.631,0.0,2455.566,2458.394,1.0,13.824071428571347,1.0,1.0,0.0,16.0,0.0,1.0,1.0,1.0,0.3333333333333333,B
0.0,2454.397,0.0,3.0,0.0,2024-08-15 20:00:00,0.0,0.0,7796.0,1,0.0,2458.257,0.0,2457.298,2455.52,1.0,12.904071428571342,1.0,1.0,0.0,20.0,0.0,1.0,1.0,1.0,0.3333333333333333,B
0.0,2459.109,0.0,4.0,1.0,2024-08-16 08:00:00,0.0,0.0,23002.0,1,0.0,2472.314,0.0,2472.113,2462.052,2.0,13.263857142857075,2.0,0.0,0.0,8.0,0.0,1.0,2.0,1.0,0.6666666666666666,A
0.0,2471.251,0.0,4.0,1.0,2024-08-16 12:00:00,1.0,0.0,64316.0,1,0.0,2500.52,0.0,2491.691,2472.074,2.0,14.451357142857075,2.0,0.0,0.0,12.0,0.0,1.0,2.0,1.0,0.6666666666666666,A
1.0,2502.271,0.0,6.0,0.0,2024-08-18 20:00:00,0.0,0.0,7383.0,0,0.0,2506.778,1.0,2506.414,2506.461,0.0,12.2036428571428,1.0,0.0,1.0,20.0,0.0,1.0,1.0,1.0,1.0,A+
0.0,2494.933,0.0,0.0,1.0,2024-08-19 00:00:00,1.0,0.0,31699.0,1,0.0,2506.771,0.0,2503.22,2506.42,3.0,12.83142857142853,3.0,0.0,0.0,0.0,0.0,1.0,3.0,1.0,1.0,A+
0.0,2486.483,0.0,0.0,1.0,2024-08-19 08:00:00,0.0,0.0,24573.0,1,0.0,2507.181,0.0,2494.391,2502.945,2.0,13.722357142857096,2.0,0.0,0.0,8.0,0.0,1.0,2.0,1.0,0.6666666666666666,A
0.0,2500.634,0.0,0.0,0.0,2024-08-19 16:00:00,0.0,0.0,20464.0,1,0.0,2507.482,0.0,2505.436,2503.898,0.0,12.1900714285714,0.0,0.0,0.0,16.0,0.0,1.0,0.0,1.0,0.0,B
0.0,2498.632,0.0,1.0,0.0,2024-08-20 00:00:00,0.0,0.0,22165.0,1,1.0,2508.316,0.0,2501.778,2503.554,2.0,12.27492857142855,2.0,0.0,0.0,0.0,0.0,1.0,2.0,1.0,0.6666666666666666,A
0.0,2500.829,0.0,1.0,1.0,2024-08-20 16:00:00,1.0,0.0,26011.0,1,0.0,2515.521,0.0,2514.951,2508.549,3.0,12.714214285714304,3.0,0.0,0.0,16.0,0.0,1.0,3.0,1.0,1.0,A+
0.0,2512.724,0.0,1.0,0.0,2024-08-20 20:00:00,0.0,0.0,7079.0,1,0.0,2516.937,0.0,2512.964,2514.994,0.0,11.773999999999983,0.0,0.0,0.0,20.0,0.0,1.0,0.0,1.0,0.0,B
0.0,2510.771,0.0,2.0,1.0,2024-08-21 00:00:00,0.0,0.0,22783.0,1,0.0,2519.942,0.0,2517.386,2512.976,1.0,12.12714285714284,1.0,0.0,0.0,0.0,0.0,1.0,1.0,1.0,0.3333333333333333,B
1.0,2508.059,0.0,2.0,0.0,2024-08-21 04:00:00,0.0,0.0,22375.0,1,0.0,2519.627,0.0,2509.751,2517.433,0.0,12.557071428571394,1.0,0.0,1.0,4.0,2.0,1.0,1.0,1.0,1.0,A+
1.0,2504.418,0.0,2.0,0.0,2024-08-21 08:00:00,0.0,0.0,21806.0,1,0.0,2513.321,0.0,2511.823,2509.723,0.0,12.347428571428509,1.0,0.0,1.0,8.0,3.0,1.0,1.0,1.0,1.0,A+
0.0,2493.644,0.0,2.0,1.0,2024-08-21 12:00:00,1.0,0.0,57846.0,1,0.0,2513.733,0.0,2508.369,2511.781,2.0,13.323142857142816,2.0,0.0,0.0,12.0,0.0,1.0,2.0,1.0,0.6666666666666666,A
0.0,2503.051,0.0,2.0,1.0,2024-08-21 16:00:00,1.0,0.0,25174.0,1,0.0,2519.167,0.0,2511.559,2508.311,2.0,12.99585714285711,2.0,0.0,0.0,16.0,0.0,1.0,2.0,1.0,0.6666666666666666,A
0.0,2509.759,0.0,2.0,0.0,2024-08-21 20:00:00,0.0,0.0,7337.0,1,0.0,2514.424,0.0,2512.783,2511.513,0.0,11.876999999999953,0.0,0.0,0.0,20.0,0.0,1.0,0.0,1.0,0.0,B
0.0,2499.852,0.0,3.0,1.0,2024-08-22 00:00:00,0.0,0.0,23426.0,1,1.0,2514.701,0.0,2502.329,2512.732,2.0,12.448499999999967,2.0,0.0,0.0,0.0,0.0,1.0,2.0,1.0,0.6666666666666666,A
0.0,2499.184,0.0,3.0,1.0,2024-08-22 04:00:00,0.0,0.0,23539.0,0,0.0,2510.612,0.0,2507.102,2502.344,1.0,13.00799999999994,1.0,0.0,0.0,4.0,0.0,1.0,1.0,1.0,0.3333333333333333,B
0.0,2478.491,0.0,3.0,1.0,2024-08-22 16:00:00,0.0,0.0,23869.0,1,0.0,2485.965,0.0,2482.983,2481.842,2.0,13.824785714285683,2.0,1.0,0.0,16.0,0.0,1.0,2.0,1.0,0.6666666666666666,A
0.0,2482.369,0.0,3.0,0.0,2024-08-22 20:00:00,0.0,0.0,6700.0,1,0.0,2487.571,0.0,2487.564,2483.021,1.0,12.345214285714226,1.0,1.0,0.0,20.0,0.0,1.0,1.0,1.0,0.3333333333333333,B
0.0,2486.442,0.0,4.0,0.0,2024-08-23 00:00:00,0.0,0.0,23003.0,1,0.0,2493.753,0.0,2493.17,2487.574,1.0,11.817999999999952,1.0,0.0,0.0,0.0,0.0,1.0,1.0,1.0,0.3333333333333333,B
0.0,2492.991,0.0,4.0,0.0,2024-08-23 08:00:00,0.0,0.0,21253.0,1,1.0,2502.502,0.0,2501.571,2493.338,2.0,11.91378571428569,2.0,0.0,0.0,8.0,0.0,1.0,2.0,1.0,0.6666666666666666,A
0.0,2494.453,0.0,4.0,1.0,2024-08-23 12:00:00,1.0,0.0,63385.0,1,0.0,2518.35,0.0,2509.845,2501.557,3.0,12.79442857142856,3.0,0.0,0.0,12.0,0.0,1.0,3.0,1.0,1.0,A+
0.0,2509.532,0.0,4.0,0.0,2024-08-23 20:00:00,0.0,0.0,3095.0,1,0.0,2512.455,0.0,2512.357,2510.745,1.0,11.753428571428556,1.0,0.0,0.0,20.0,0.0,1.0,1.0,1.0,0.3333333333333333,B
0.0,2511.074,0.0,6.0,0.0,2024-08-25 20:00:00,0.0,1.0,7412.0,1,0.0,2516.683,0.0,2515.917,2512.067,1.0,11.002928571428551,1.0,0.0,0.0,20.0,0.0,1.0,1.0,1.0,0.3333333333333333,B
0.0,2509.33,0.0,0.0,1.0,2024-08-26 00:00:00,0.0,1.0,23821.0,1,0.0,2517.001,0.0,2509.769,2515.903,2.0,11.21764285714286,2.0,0.0,0.0,0.0,0.0,1.0,2.0,1.0,0.6666666666666666,A
0.0,2505.816,0.0,1.0,0.0,2024-08-27 00:00:00,0.0,1.0,22333.0,1,0.0,2516.709,0.0,2508.973,2515.512,2.0,9.563928571428573,2.0,0.0,0.0,0.0,0.0,1.0,2.0,1.0,0.6666666666666666,A
1.0,2513.168,0.0,2.0,0.0,2024-08-28 00:00:00,0.0,0.0,21506.0,0,0.0,2525.813,0.0,2515.854,2525.223,0.0,10.551357142857146,1.0,0.0,1.0,0.0,8.0,1.0,1.0,1.0,1.0,A+
0.0,2503.219,0.0,2.0,1.0,2024-08-28 04:00:00,1.0,0.0,28292.0,1,0.0,2516.138,0.0,2509.984,2515.824,2.0,11.0735,2.0,0.0,0.0,4.0,0.0,1.0,2.0,1.0,0.6666666666666666,A
0.0,2500.69,0.0,2.0,1.0,2024-08-28 08:00:00,0.0,0.0,23947.0,1,1.0,2511.432,0.0,2501.485,2509.942,2.0,11.292857142857104,2.0,0.0,0.0,8.0,0.0,1.0,2.0,1.0,0.6666666666666666,A
0.0,2496.376,0.0,2.0,1.0,2024-08-28 16:00:00,0.0,0.0,24073.0,1,0.0,2509.588,0.0,2507.607,2506.182,2.0,12.079857142857106,2.0,0.0,0.0,16.0,0.0,1.0,2.0,1.0,0.6666666666666666,A
0.0,2502.76,0.0,2.0,0.0,2024-08-28 20:00:00,0.0,0.0,9885.0,1,0.0,2508.703,0.0,2508.11,2507.643,1.0,11.330714285714228,1.0,1.0,0.0,20.0,0.0,1.0,1.0,1.0,0.3333333333333333,B
0.0,2507.976,0.0,3.0,0.0,2024-08-29 00:00:00,0.0,0.0,21236.0,1,0.0,2516.771,0.0,2516.543,2508.08,1.0,11.25371428571423,1.0,0.0,0.0,0.0,0.0,1.0,1.0,1.0,0.3333333333333333,B
0.0,2513.806,0.0,3.0,0.0,2024-08-29 04:00:00,0.0,0.0,21921.0,1,0.0,2521.164,0.0,2519.091,2516.591,1.0,11.515785714285682,1.0,0.0,0.0,4.0,0.0,1.0,1.0,1.0,0.3333333333333333,B
0.0,2503.558,0.0,3.0,1.0,2024-08-29 12:00:00,1.0,0.0,54539.0,0,0.0,2525.692,0.0,2522.535,2519.874,3.0,12.062499999999934,3.0,0.0,0.0,12.0,0.0,1.0,3.0,1.0,1.0,A+
0.0,2518.882,0.0,3.0,0.0,2024-08-29 20:00:00,0.0,0.0,6698.0,0,0.0,2522.313,0.0,2519.615,2521.216,1.0,11.171142857142806,1.0,0.0,0.0,20.0,0.0,1.0,1.0,1.0,0.3333333333333333,B
0.0,2512.292,0.0,4.0,0.0,2024-08-30 00:00:00,0.0,0.0,21061.0,1,0.0,2520.108,0.0,2513.556,2519.6,1.0,10.578857142857098,1.0,0.0,0.0,0.0,0.0,1.0,1.0,1.0,0.3333333333333333,B
0.0,2512.14,0.0,4.0,1.0,2024-08-30 04:00:00,0.0,0.0,25281.0,0,0.0,2524.103,0.0,2519.369,2513.533,2.0,11.057571428571398,2.0,0.0,0.0,4.0,0.0,1.0,2.0,1.0,0.6666666666666666,A
0.0,2501.942,0.0,6.0,0.0,2024-09-01 20:00:00,0.0,0.0,5446.0,0,0.0,2504.76,0.0,2502.98,2502.485,1.0,10.077071428571506,1.0,1.0,0.0,20.0,0.0,1.0,1.0,1.0,0.3333333333333333,B
0.0,2495.2,0.0,0.0,0.0,2024-09-02 04:00:00,0.0,0.0,21598.0,1,1.0,2501.457,0.0,2498.157,2496.208,2.0,10.542928571428677,2.0,1.0,0.0,4.0,0.0,1.0,2.0,1.0,0.6666666666666666,A
0.0,2497.672,0.0,0.0,1.0,2024-09-02 12:00:00,0.0,0.0,22594.0,0,1.0,2503.231,0.0,2501.485,2499.774,3.0,10.47335714285727,3.0,1.0,0.0,12.0,0.0,1.0,3.0,1.0,1.0,A+
0.0,2498.603,0.0,0.0,0.0,2024-09-02 16:00:00,0.0,0.0,4066.0,0,1.0,2501.902,0.0,2500.085,2501.49,2.0,9.128000000000124,2.0,1.0,0.0,16.0,0.0,1.0,2.0,1.0,0.6666666666666666,A
0.0,2496.5,0.0,0.0,0.0,2024-09-02 20:00:00,0.0,0.0,3831.0,0,0.0,2499.708,0.0,2497.242,2499.525,0.0,8.579714285714415,0.0,1.0,0.0,20.0,0.0,1.0,0.0,1.0,0.0,B
0.0,2489.66,0.0,1.0,1.0,2024-09-03 00:00:00,1.0,1.0,24470.0,1,0.0,2497.701,0.0,2494.717,2497.247,3.0,8.909000000000137,3.0,1.0,0.0,0.0,0.0,1.0,3.0,1.0,1.0,A+
0.0,2492.733,0.0,1.0,1.0,2024-09-03 04:00:00,1.0,1.0,23124.0,0,1.0,2502.051,0.0,2500.843,2494.789,4.0,9.016285714285816,4.0,1.0,0.0,4.0,0.0,1.0,4.0,1.0,1.3333333333333333,A+
0.0,2491.318,0.0,1.0,0.0,2024-09-03 20:00:00,0.0,1.0,7768.0,1,0.0,2494.764,0.0,2493.223,2491.965,1.0,9.317142857142894,1.0,1.0,0.0,20.0,0.0,1.0,1.0,1.0,0.3333333333333333,B
0.0,2491.291,0.0,2.0,0.0,2024-09-04 00:00:00,0.0,1.0,20686.0,1,0.0,2496.95,0.0,2495.016,2493.2,1.0,9.596785714285716,1.0,1.0,0.0,0.0,0.0,1.0,1.0,1.0,0.3333333333333333,B
0.0,2494.738,0.0,4.0,0.0,2024-09-06 20:00:00,0.0,0.0,3873.0,1,1.0,2497.827,0.0,2497.54,2495.939,2.0,10.365785714285789,2.0,1.0,0.0,20.0,0.0,1.0,2.0,1.0,0.6666666666666666,A
0.0,2494.711,0.0,0.0,1.0,2024-09-09 00:00:00,0.0,1.0,25666.0,0,1.0,2500.54,0.0,2499.28,2496.871,4.0,10.216571428571472,4.0,1.0,0.0,0.0,0.0,1.0,4.0,1.0,1.3333333333333333,A+
0.0,2485.503,0.0,0.0,1.0,2024-09-09 04:00:00,1.0,1.0,33595.0,1,0.0,2499.542,0.0,2494.286,2499.25,4.0,10.87135714285718,4.0,1.0,0.0,4.0,0.0,1.0,4.0,1.0,1.3333333333333333,A+
0.0,2489.94,0.0,0.0,1.0,2024-09-09 08:00:00,0.0,1.0,27686.0,1,0.0,2499.137,0.0,2497.242,2494.311,3.0,10.538000000000045,3.0,1.0,0.0,8.0,0.0,1.0,3.0,1.0,1.0,A+
0.0,2493.231,0.0,0.0,1.0,2024-09-09 12:00:00,1.0,1.0,44391.0,1,1.0,2505.292,0.0,2499.081,2497.296,5.0,10.508928571428603,5.0,1.0,0.0,12.0,0.0,1.0,5.0,1.0,1.6666666666666667,A+
0.0,2499.111,0.0,0.0,0.0,2024-09-09 16:00:00,0.0,1.0,22623.0,1,0.0,2506.577,0.0,2505.96,2499.111,2.0,9.631714285714322,2.0,1.0,0.0,16.0,0.0,1.0,2.0,1.0,0.6666666666666666,A
0.0,2505.221,0.0,0.0,0.0,2024-09-09 20:00:00,0.0,1.0,7026.0,1,0.0,2507.701,0.0,2506.813,2505.921,2.0,9.03928571428576,2.0,1.0,0.0,20.0,0.0,1.0,2.0,1.0,0.6666666666666666,A
0.0,2500.052,0.0,1.0,1.0,2024-09-10 08:00:00,0.0,0.0,25331.0,1,0.0,2509.661,0.0,2504.607,2502.754,2.0,9.647428571428623,2.0,1.0,0.0,8.0,0.0,1.0,2.0,1.0,0.6666666666666666,A
0.0,2500.854,0.0,1.0,1.0,2024-09-10 12:00:00,1.0,0.0,51667.0,1,0.0,2518.416,0.0,2512.597,2504.575,3.0,10.495071428571496,3.0,1.0,0.0,12.0,0.0,1.0,3.0,1.0,1.0,A+
0.0,2510.693,0.0,1.0,1.0,2024-09-10 16:00:00,0.0,0.0,23246.0,1,0.0,2517.515,0.0,2517.255,2512.77,2.0,8.923642857142893,2.0,1.0,0.0,16.0,0.0,1.0,2.0,1.0,0.6666666666666666,A
0.0,2515.75,0.0,1.0,0.0,2024-09-10 20:00:00,0.0,0.0,6477.0,1,0.0,2518.849,0.0,2518.678,2517.207,1.0,7.657357142857173,1.0,1.0,0.0,20.0,0.0,1.0,1.0,1.0,0.3333333333333333,B
0.0,2509.773,0.0,2.0,1.0,2024-09-11 16:00:00,0.0,0.0,26831.0,0,0.0,2520.033,0.0,2512.93,2514.712,2.0,9.371357142857116,2.0,1.0,0.0,16.0,0.0,1.0,2.0,1.0,0.6666666666666666,A
0.0,2511.27,0.0,2.0,0.0,2024-09-11 20:00:00,0.0,0.0,6778.0,1,0.0,2513.892,0.0,2511.901,2512.904,1.0,8.69714285714284,1.0,1.0,0.0,20.0,0.0,1.0,1.0,1.0,0.3333333333333333,B
1.0,2510.973,0.0,3.0,0.0,2024-09-12 00:00:00,0.0,0.0,19225.0,1,0.0,2516.156,0.0,2515.844,2511.803,0.0,8.531928571428548,1.0,1.0,1.0,0.0,1.0,1.0,1.0,1.0,1.0,A+
0.0,2514.445,0.0,3.0,0.0,2024-09-12 04:00:00,0.0,0.0,20565.0,1,0.0,2522.26,0.0,2515.941,2515.88,0.0,8.912999999999979,0.0,1.0,0.0,4.0,0.0,1.0,0.0,1.0,0.0,B
0.0,2512.961,0.0,3.0,1.0,2024-09-12 08:00:00,0.0,0.0,24080.0,1,0.0,2521.014,0.0,2519.444,2515.9,1.0,9.053142857142868,1.0,1.0,0.0,8.0,0.0,1.0,1.0,1.0,0.3333333333333333,B
1.0,2556.742,0.0,3.0,0.0,2024-09-12 20:00:00,0.0,0.0,9508.0,1,0.0,2560.091,1.0,2558.422,2557.87,0.0,10.46357142857138,1.0,0.0,1.0,20.0,0.0,1.0,1.0,1.0,1.0,A+
0.0,2563.654,0.0,4.0,0.0,2024-09-13 08:00:00,0.0,0.0,28575.0,1,0.0,2573.019,0.0,2567.288,2569.834,0.0,11.40321428571422,0.0,0.0,0.0,8.0,0.0,1.0,0.0,1.0,0.0,B
0.0,2577.704,0.0,4.0,0.0,2024-09-13 20:00:00,0.0,0.0,3419.0,1,0.0,2582.912,0.0,2579.067,2582.612,0.0,10.629071428571349,0.0,0.0,0.0,20.0,0.0,1.0,0.0,1.0,0.0,B
0.0,2577.561,0.0,6.0,0.0,2024-09-15 20:00:00,0.0,0.0,7258.0,1,0.0,2580.454,0.0,2579.163,2578.456,0.0,10.10285714285708,0.0,0.0,0.0,20.0,0.0,1.0,0.0,1.0,0.0,B
1.0,2578.887,0.0,0.0,0.0,2024-09-16 00:00:00,0.0,0.0,17162.0,1,0.0,2589.027,1.0,2586.294,2579.17,0.0,10.639857142857084,1.0,0.0,1.0,0.0,0.0,1.0,1.0,1.0,1.0,A+
0.0,2576.057,0.0,0.0,1.0,2024-09-16 12:00:00,1.0,0.0,46574.0,1,0.0,2589.298,0.0,2579.847,2582.966,2.0,11.756285714285598,2.0,0.0,0.0,12.0,0.0,1.0,2.0,1.0,0.6666666666666666,A
0.0,2579.524,0.0,0.0,1.0,2024-09-16 16:00:00,0.0,0.0,18862.0,1,0.0,2584.172,0.0,2582.494,2579.881,1.0,9.49064285714277,1.0,0.0,0.0,16.0,0.0,1.0,1.0,1.0,0.3333333333333333,B
0.0,2581.809,0.0,0.0,0.0,2024-09-16 20:00:00,0.0,0.0,6361.0,1,0.0,2583.855,0.0,2583.659,2582.557,0.0,8.619785714285594,0.0,0.0,0.0,20.0,0.0,1.0,0.0,1.0,0.0,B
1.0,2576.771,0.0,1.0,0.0,2024-09-17 00:00:00,0.0,0.0,18553.0,1,0.0,2586.338,0.0,2577.184,2583.697,0.0,9.063928571428471,1.0,0.0,1.0,0.0,2.0,1.0,1.0,1.0,1.0,A+
0.0,2569.707,0.0,1.0,1.0,2024-09-17 08:00:00,1.0,0.0,30591.0,1,0.0,2584.151,0.0,2579.824,2583.761,2.0,9.45649999999994,2.0,0.0,0.0,8.0,0.0,1.0,2.0,1.0,0.6666666666666666,A
0.0,2561.739,0.0,1.0,1.0,2024-09-17 12:00:00,1.0,0.0,59203.0,1,0.0,2582.274,0.0,2565.668,2579.834,2.0,10.254357142857089,2.0,1.0,0.0,12.0,0.0,1.0,2.0,1.0,0.6666666666666666,A
0.0,2560.661,0.0,1.0,1.0,2024-09-17 16:00:00,1.0,0.0,27632.0,1,0.0,2571.643,0.0,2568.615,2565.692,2.0,9.792571428571364,2.0,1.0,0.0,16.0,0.0,1.0,2.0,1.0,0.6666666666666666,A
0.0,2568.282,0.0,1.0,0.0,2024-09-17 20:00:00,0.0,0.0,7361.0,1,0.0,2574.367,0.0,2574.05,2568.64,0.0,9.690071428571368,0.0,1.0,0.0,20.0,0.0,1.0,0.0,1.0,0.0,B
1.0,2565.681,0.0,2.0,0.0,2024-09-18 04:00:00,0.0,0.0,23045.0,1,0.0,2576.511,0.0,2571.566,2575.923,0.0,10.34628571428568,1.0,1.0,1.0,4.0,2.0,1.0,1.0,1.0,1.0,A+
0.0,2567.958,0.0,2.0,0.0,2024-09-18 08:00:00,0.0,0.0,23531.0,0,0.0,2580.74,0.0,2577.407,2571.643,0.0,10.534999999999952,0.0,0.0,0.0,8.0,0.0,1.0,0.0,1.0,0.0,B
0.0,2548.301,0.0,2.0,0.0,2024-09-18 20:00:00,0.0,0.0,18617.0,1,0.0,2561.596,0.0,2559.239,2548.981,1.0,13.453999999999985,1.0,1.0,0.0,20.0,0.0,1.0,1.0,1.0,0.3333333333333333,B
0.0,2559.564,0.0,3.0,1.0,2024-09-19 04:00:00,1.0,0.0,35052.0,1,0.0,2584.633,0.0,2584.344,2564.002,3.0,15.896071428571434,3.0,0.0,0.0,4.0,0.0,1.0,3.0,1.0,1.0,A+
0.0,2581.329,0.0,3.0,1.0,2024-09-19 08:00:00,1.0,0.0,35241.0,1,0.0,2594.963,0.0,2589.435,2584.361,3.0,16.186571428571433,3.0,0.0,0.0,8.0,0.0,1.0,3.0,1.0,1.0,A+
0.0,2569.753,0.0,3.0,1.0,2024-09-19 12:00:00,1.0,0.0,71183.0,0,0.0,2591.203,0.0,2589.022,2589.399,3.0,16.83071428571426,3.0,0.0,0.0,12.0,0.0,1.0,3.0,1.0,1.0,A+
0.0,2585.876,0.0,3.0,0.0,2024-09-19 20:00:00,0.0,0.0,7673.0,1,0.0,2589.803,0.0,2587.282,2588.355,1.0,15.089857142857127,1.0,0.0,0.0,20.0,0.0,1.0,1.0,1.0,0.3333333333333333,B
0.0,2617.863,0.0,4.0,1.0,2024-09-20 16:00:00,0.0,0.0,31811.0,1,0.0,2625.754,0.0,2621.087,2622.762,1.0,16.651071428571477,1.0,0.0,0.0,16.0,0.0,1.0,1.0,1.0,0.3333333333333333,B
0.0,2619.618,0.0,6.0,0.0,2024-09-22 20:00:00,0.0,0.0,5600.0,1,0.0,2622.12,0.0,2620.234,2620.944,0.0,12.4838571428572,0.0,0.0,0.0,20.0,0.0,1.0,0.0,1.0,0.0,B
0.0,2614.564,0.0,0.0,1.0,2024-09-23 08:00:00,0.0,0.0,27370.0,1,0.0,2625.786,0.0,2624.063,2615.113,1.0,11.75092857142863,1.0,0.0,0.0,8.0,0.0,1.0,1.0,1.0,0.3333333333333333,B
0.0,2620.018,0.0,0.0,1.0,2024-09-23 12:00:00,1.0,0.0,49940.0,1,0.0,2634.881,0.0,2629.242,2624.056,2.0,11.838714285714332,2.0,0.0,0.0,12.0,0.0,1.0,2.0,1.0,0.6666666666666666,A
0.0,2625.665,0.0,0.0,0.0,2024-09-23 16:00:00,0.0,0.0,23802.0,1,0.0,2630.921,0.0,2626.24,2629.201,0.0,10.682000000000048,0.0,0.0,0.0,16.0,0.0,1.0,0.0,1.0,0.0,B
0.0,2625.814,0.0,0.0,0.0,2024-09-23 20:00:00,0.0,0.0,6388.0,1,0.0,2628.501,0.0,2626.3,2626.283,0.0,10.396785714285768,0.0,0.0,0.0,20.0,0.0,1.0,0.0,1.0,0.0,B
0.0,2622.524,0.0,1.0,1.0,2024-09-24 04:00:00,1.0,0.0,38948.0,1,0.0,2640.092,0.0,2628.996,2634.09,2.0,11.615428571428668,2.0,0.0,0.0,4.0,0.0,1.0,2.0,1.0,0.6666666666666666,A
0.0,2623.339,0.0,1.0,1.0,2024-09-24 08:00:00,1.0,0.0,30105.0,1,0.0,2636.312,0.0,2626.367,2629.005,2.0,11.217857142857222,2.0,0.0,0.0,8.0,0.0,1.0,2.0,1.0,0.6666666666666666,A
0.0,2656.417,0.0,1.0,0.0,2024-09-24 20:00:00,0.0,0.0,10861.0,0,0.0,2663.747,0.0,2658.204,2662.851,0.0,12.139071428571436,0.0,0.0,0.0,20.0,0.0,1.0,0.0,1.0,0.0,B
0.0,2652.698,0.0,2.0,0.0,2024-09-25 08:00:00,0.0,0.0,26646.0,1,0.0,2658.581,0.0,2657.431,2657.008,0.0,12.885499999999997,0.0,0.0,0.0,8.0,0.0,1.0,0.0,1.0,0.0,B
0.0,2649.646,0.0,2.0,0.0,2024-09-25 16:00:00,0.0,0.0,27541.0,0,0.0,2663.062,0.0,2659.754,2657.652,0.0,12.733214285714244,0.0,0.0,0.0,16.0,0.0,1.0,0.0,1.0,0.0,B
1.0,2656.174,0.0,2.0,0.0,2024-09-25 20:00:00,0.0,0.0,9008.0,1,0.0,2660.298,0.0,2656.256,2659.802,0.0,11.966142857142811,1.0,0.0,1.0,20.0,2.0,1.0,1.0,1.0,1.0,A+
1.0,2655.281,0.0,3.0,0.0,2024-09-26 00:00:00,0.0,0.0,24575.0,1,0.0,2662.537,0.0,2662.516,2656.359,0.0,12.108999999999956,1.0,0.0,1.0,0.0,7.0,1.0,1.0,1.0,1.0,A+
0.0,2657.93,0.0,3.0,0.0,2024-09-26 04:00:00,0.0,0.0,26509.0,1,0.0,2666.924,0.0,2664.684,2662.545,0.0,12.55949999999994,0.0,0.0,0.0,4.0,0.0,1.0,0.0,1.0,0.0,B
0.0,2654.717,0.0,3.0,1.0,2024-09-26 12:00:00,1.0,0.0,96453.0,1,0.0,2684.253,0.0,2671.357,2682.797,2.0,14.028357142857072,2.0,0.0,0.0,12.0,0.0,1.0,2.0,1.0,0.6666666666666666,A
0.0,2662.946,0.0,3.0,1.0,2024-09-26 16:00:00,0.0,0.0,32704.0,0,0.0,2677.938,0.0,2673.675,2671.396,1.0,14.172571428571375,1.0,0.0,0.0,16.0,0.0,1.0,1.0,1.0,0.3333333333333333,B
0.0,2670.83,0.0,3.0,0.0,2024-09-26 20:00:00,0.0,0.0,7414.0,0,0.0,2674.077,0.0,2672.601,2673.715,0.0,12.615857142857132,0.0,0.0,0.0,20.0,0.0,1.0,0.0,1.0,0.0,B
0.0,2658.284,0.0,4.0,0.0,2024-09-27 08:00:00,0.0,0.0,29602.0,1,0.0,2669.177,0.0,2666.159,2664.701,0.0,11.704285714285756,0.0,0.0,0.0,8.0,0.0,1.0,0.0,1.0,0.0,B
0.0,2644.705,0.0,4.0,1.0,2024-09-27 12:00:00,1.0,0.0,77182.0,1,1.0,2674.266,0.0,2649.799,2666.125,3.0,13.072785714285764,3.0,0.0,0.0,12.0,0.0,1.0,3.0,1.0,1.0,A+
0.0,2642.994,0.0,4.0,1.0,2024-09-27 16:00:00,0.0,0.0,34829.0,1,0.0,2656.324,0.0,2652.079,2649.751,1.0,13.60471428571431,1.0,0.0,0.0,16.0,0.0,1.0,1.0,1.0,0.3333333333333333,B
0.0,2651.126,0.0,4.0,0.0,2024-09-27 20:00:00,0.0,0.0,4327.0,1,0.0,2659.973,0.0,2657.983,2652.036,0.0,13.288785714285725,0.0,0.0,0.0,20.0,0.0,1.0,0.0,1.0,0.0,B
0.0,2659.762,0.0,6.0,0.0,2024-09-29 20:00:00,0.0,0.0,9838.0,0,0.0,2665.106,0.0,2663.543,2661.714,0.0,12.839285714285747,0.0,0.0,0.0,20.0,0.0,1.0,0.0,1.0,0.0,B
0.0,2634.41,0.0,0.0,1.0,2024-09-30 08:00:00,1.0,0.0,33533.0,1,0.0,2656.598,0.0,2641.542,2650.95,2.0,15.023857142857196,2.0,0.0,0.0,8.0,0.0,1.0,2.0,1.0,0.6666666666666666,A
0.0,2628.658,0.0,0.0,1.0,2024-09-30 12:00:00,1.0,0.0,58020.0,1,0.0,2644.174,0.0,2633.868,2641.523,2.0,14.63164285714291,2.0,1.0,0.0,12.0,0.0,1.0,2.0,1.0,0.6666666666666666,A
0.0,2633.926,0.0,1.0,0.0,2024-10-01 00:00:00,0.0,0.0,17689.0,1,0.0,2640.008,0.0,2637.922,2635.661,1.0,13.2795,1.0,1.0,0.0,0.0,0.0,1.0,1.0,1.0,0.3333333333333333,B
0.0,2637.406,0.0,1.0,0.0,2024-10-01 04:00:00,0.0,0.0,24253.0,1,0.0,2647.458,0.0,2645.559,2637.955,1.0,13.441357142857148,1.0,0.0,0.0,4.0,0.0,1.0,1.0,1.0,0.3333333333333333,B
0.0,2642.437,0.0,1.0,1.0,2024-10-01 08:00:00,0.0,0.0,25516.0,1,1.0,2652.051,0.0,2650.229,2645.593,3.0,13.19564285714286,3.0,0.0,0.0,8.0,0.0,1.0,3.0,1.0,1.0,A+
0.0,2648.01,0.0,1.0,1.0,2024-10-01 12:00:00,1.0,0.0,82121.0,0,0.0,2671.894,0.0,2663.338,2650.268,3.0,14.123571428571395,3.0,0.0,0.0,12.0,0.0,1.0,3.0,1.0,1.0,A+
0.0,2644.495,0.0,2.0,1.0,2024-10-02 04:00:00,0.0,0.0,29649.0,1,0.0,2656.576,0.0,2655.423,2655.351,2.0,12.84264285714286,2.0,0.0,0.0,4.0,0.0,1.0,2.0,1.0,0.6666666666666666,A
0.0,2647.117,0.0,2.0,0.0,2024-10-02 16:00:00,0.0,0.0,24075.0,1,0.0,2658.986,0.0,2658.64,2649.918,1.0,12.209428571428557,1.0,0.0,0.0,16.0,0.0,1.0,1.0,1.0,0.3333333333333333,B
0.0,2658.265,0.0,2.0,0.0,2024-10-02 20:00:00,0.0,0.0,8375.0,0,0.0,2661.236,0.0,2660.328,2658.622,1.0,11.313357142857123,1.0,0.0,0.0,20.0,0.0,1.0,1.0,1.0,0.3333333333333333,B
0.0,2643.491,0.0,3.0,1.0,2024-10-03 04:00:00,0.0,0.0,27236.0,1,0.0,2657.491,0.0,2645.187,2655.966,2.0,11.379928571428536,2.0,1.0,0.0,4.0,0.0,1.0,2.0,1.0,0.6666666666666666,A
0.0,2640.958,0.0,3.0,1.0,2024-10-03 08:00:00,0.0,0.0,29266.0,1,0.0,2649.063,0.0,2648.018,2645.205,2.0,11.524428571428546,2.0,1.0,0.0,8.0,0.0,1.0,2.0,1.0,0.6666666666666666,A
0.0,2648.49,0.0,3.0,1.0,2024-10-03 16:00:00,0.0,0.0,28573.0,0,0.0,2662.161,0.0,2657.974,2648.842,2.0,12.281428571428544,2.0,1.0,0.0,16.0,0.0,1.0,2.0,1.0,0.6666666666666666,A
0.0,2654.319,0.0,3.0,0.0,2024-10-03 20:00:00,0.0,0.0,6950.0,1,0.0,2658.009,0.0,2655.804,2658.009,1.0,10.839000000000008,1.0,1.0,0.0,20.0,0.0,1.0,1.0,1.0,0.3333333333333333,B
1.0,2658.703,0.0,4.0,0.0,2024-10-04 04:00:00,0.0,0.0,22719.0,1,0.0,2667.861,0.0,2661.08,2661.128,0.0,10.514142857142817,1.0,0.0,1.0,4.0,5.0,1.0,1.0,1.0,1.0,A+
1.0,2656.783,0.0,4.0,0.0,2024-10-04 08:00:00,0.0,0.0,21862.0,0,0.0,2662.561,0.0,2661.342,2661.05,0.0,10.426714285714263,1.0,0.0,1.0,8.0,1.0,1.0,1.0,1.0,1.0,A+
0.0,2641.813,0.0,4.0,1.0,2024-10-04 16:00:00,0.0,0.0,34323.0,1,0.0,2653.853,0.0,2651.624,2653.227,2.0,12.584214285714229,2.0,1.0,0.0,16.0,0.0,1.0,2.0,1.0,0.6666666666666666,A
0.0,2649.831,0.0,4.0,0.0,2024-10-04 20:00:00,0.0,0.0,3387.0,0,0.0,2653.995,0.0,2653.519,2651.657,1.0,11.287071428571348,1.0,1.0,0.0,20.0,0.0,1.0,1.0,1.0,0.3333333333333333,B
0.0,2643.792,0.0,0.0,1.0,2024-10-07 00:00:00,0.0,0.0,23569.0,1,0.0,2651.918,0.0,2647.421,2650.103,2.0,11.082071428571355,2.0,1.0,0.0,0.0,0.0,1.0,2.0,1.0,0.6666666666666666,A
0.0,2650.597,0.0,0.0,1.0,2024-10-07 08:00:00,0.0,0.0,28173.0,0,0.0,2659.613,0.0,2656.913,2652.016,2.0,10.97964285714277,2.0,1.0,0.0,8.0,0.0,1.0,2.0,1.0,0.6666666666666666,A
0.0,2639.686,0.0,0.0,1.0,2024-10-07 16:00:00,0.0,0.0,23852.0,1,0.0,2648.726,0.0,2643.26,2645.687,2.0,11.395357142857067,2.0,1.0,0.0,16.0,0.0,1.0,2.0,1.0,0.6666666666666666,A
0.0,2641.766,0.0,0.0,0.0,2024-10-07 20:00:00,0.0,0.0,10060.0,1,0.0,2649.22,0.0,2642.944,2643.224,1.0,10.9512857142856,1.0,1.0,0.0,20.0,0.0,1.0,1.0,1.0,0.3333333333333333,B
0.0,2628.487,0.0,1.0,1.0,2024-10-08 08:00:00,1.0,0.0,34331.0,0,1.0,2651.897,0.0,2650.745,2633.963,4.0,13.260142857142748,4.0,1.0,0.0,8.0,0.0,1.0,4.0,1.0,1.3333333333333333,A+
0.0,2711.933,0.0,2.0,1.0,2024-10-23 16:00:00,1.0,0.0,33661.0,1,0.0,2723.25,0.0,2716.202,2721.692,3.0,12.811071428571363,3.0,1.0,0.0,16.0,0.0,1.0,3.0,1.0,1.0,A+
0.0,2714.143,0.0,2.0,0.0,2024-10-23 20:00:00,0.0,0.0,9397.0,1,0.0,2721.885,0.0,2721.258,2716.236,1.0,11.669857142857088,1.0,0.0,0.0,20.0,0.0,1.0,1.0,1.0,0.3333333333333333,B
0.0,2717.752,0.0,3.0,1.0,2024-10-24 00:00:00,0.0,0.0,29709.0,1,0.0,2726.698,0.0,2722.877,2721.219,2.0,11.49264285714282,2.0,0.0,0.0,0.0,0.0,1.0,2.0,1.0,0.6666666666666666,A
0.0,2722.803,0.0,3.0,0.0,2024-10-24 04:00:00,0.0,0.0,26696.0,1,0.0,2737.085,0.0,2733.54,2722.882,1.0,12.235285714285672,1.0,0.0,0.0,4.0,0.0,1.0,1.0,1.0,0.3333333333333333,B
0.0,2732.489,0.0,3.0,0.0,2024-10-24 08:00:00,0.0,0.0,24526.0,1,0.0,2739.683,0.0,2738.556,2733.613,1.0,11.857571428571386,1.0,0.0,0.0,8.0,0.0,1.0,1.0,1.0,0.3333333333333333,B
0.0,2722.364,0.0,3.0,1.0,2024-10-24 12:00:00,1.0,0.0,60876.0,1,0.0,2743.208,0.0,2731.099,2738.464,3.0,12.765999999999948,3.0,0.0,0.0,12.0,0.0,1.0,3.0,1.0,1.0,A+
0.0,2725.731,0.0,3.0,1.0,2024-10-24 16:00:00,0.0,0.0,29900.0,0,0.0,2737.736,0.0,2737.049,2731.091,2.0,12.913357142857064,2.0,0.0,0.0,16.0,0.0,1.0,2.0,1.0,0.6666666666666666,A
0.0,2733.628,0.0,3.0,0.0,2024-10-24 20:00:00,0.0,0.0,6711.0,1,0.0,2737.147,0.0,2733.844,2737.073,1.0,12.257214285714197,1.0,0.0,0.0,20.0,0.0,1.0,1.0,1.0,0.3333333333333333,B
0.0,2724.372,0.0,4.0,0.0,2024-10-25 00:00:00,0.0,0.0,24443.0,1,0.0,2735.192,0.0,2726.042,2733.885,1.0,12.187857142857084,1.0,0.0,0.0,0.0,0.0,1.0,1.0,1.0,0.3333333333333333,B
0.0,2733.858,0.0,4.0,0.0,2024-10-25 16:00:00,0.0,0.0,25018.0,0,0.0,2745.022,0.0,2742.519,2737.093,1.0,13.546214285714248,1.0,0.0,0.0,16.0,0.0,1.0,1.0,1.0,0.3333333333333333,B
0.0,2730.34,0.0,6.0,0.0,2024-10-27 20:00:00,0.0,0.0,12801.0,0,0.0,2740.176,0.0,2735.815,2733.443,1.0,11.318857142857109,1.0,0.0,0.0,20.0,0.0,1.0,1.0,1.0,0.3333333333333333,B
0.0,2724.631,0.0,0.0,1.0,2024-10-28 00:00:00,1.0,0.0,31059.0,1,0.0,2736.296,0.0,2729.702,2735.783,3.0,11.599071428571376,3.0,0.0,0.0,0.0,0.0,1.0,3.0,1.0,1.0,A+
0.0,2727.802,0.0,0.0,1.0,2024-10-28 08:00:00,0.0,0.0,28680.0,1,0.0,2740.91,0.0,2732.319,2738.926,2.0,11.97742857142852,2.0,0.0,0.0,8.0,0.0,1.0,2.0,1.0,0.6666666666666666,A
0.0,2739.985,0.0,0.0,0.0,2024-10-28 16:00:00,0.0,0.0,21349.0,1,0.0,2744.983,0.0,2742.498,2740.671,1.0,11.38499999999996,1.0,0.0,0.0,16.0,0.0,1.0,1.0,1.0,0.3333333333333333,B
0.0,2743.203,0.0,1.0,1.0,2024-10-29 00:00:00,1.0,0.0,29312.0,1,1.0,2757.762,0.0,2751.687,2744.379,4.0,11.6484285714286,4.0,0.0,0.0,0.0,0.0,1.0,4.0,1.0,1.3333333333333333,A+
1.0,2771.819,0.0,1.0,0.0,2024-10-29 20:00:00,0.0,0.0,7999.0,1,0.0,2775.399,1.0,2774.915,2772.165,0.0,11.24107142857146,1.0,0.0,1.0,20.0,0.0,1.0,1.0,1.0,1.0,A+
1.0,2777.406,0.0,2.0,0.0,2024-10-30 04:00:00,0.0,0.0,24522.0,1,0.0,2789.821,0.0,2782.222,2778.93,0.0,11.083857142857209,1.0,0.0,1.0,4.0,4.0,1.0,1.0,1.0,1.0,A+
1.0,2778.213,0.0,2.0,0.0,2024-10-30 08:00:00,0.0,0.0,24867.0,1,0.0,2786.498,0.0,2778.58,2782.257,0.0,10.842428571428629,1.0,0.0,1.0,8.0,2.0,1.0,1.0,1.0,1.0,A+
0.0,2784.777,0.0,2.0,0.0,2024-10-30 20:00:00,0.0,0.0,8687.0,1,0.0,2788.104,0.0,2785.49,2787.333,0.0,9.688000000000004,0.0,0.0,0.0,20.0,0.0,1.0,0.0,1.0,0.0,B
0.0,2783.554,0.0,3.0,0.0,2024-10-31 00:00:00,0.0,0.0,21444.0,1,0.0,2790.067,0.0,2784.547,2785.489,0.0,9.796214285714282,0.0,0.0,0.0,0.0,0.0,1.0,0.0,1.0,0.0,B
0.0,2777.999,0.0,3.0,1.0,2024-10-31 04:00:00,0.0,0.0,25499.0,1,0.0,2786.563,0.0,2782.048,2784.598,1.0,10.075571428571427,1.0,0.0,0.0,4.0,0.0,1.0,1.0,1.0,0.3333333333333333,B
0.0,2773.241,0.0,3.0,1.0,2024-10-31 08:00:00,0.0,0.0,26341.0,0,0.0,2783.153,0.0,2779.413,2782.028,1.0,9.743642857142827,1.0,0.0,0.0,8.0,0.0,1.0,1.0,1.0,0.3333333333333333,B
0.0,2738.004,0.0,3.0,1.0,2024-10-31 16:00:00,1.0,0.0,32874.0,1,0.0,2749.747,0.0,2746.442,2740.617,3.0,12.868785714285682,3.0,1.0,0.0,16.0,0.0,1.0,3.0,1.0,1.0,A+
0.0,2744.815,0.0,4.0,1.0,2024-11-01 00:00:00,0.0,0.0,27213.0,1,1.0,2751.878,0.0,2751.77,2746.672,3.0,11.277214285714276,3.0,0.0,0.0,0.0,0.0,1.0,3.0,1.0,1.0,A+
0.0,2747.039,0.0,4.0,0.0,2024-11-01 04:00:00,0.0,0.0,22813.0,0,1.0,2757.66,0.0,2749.642,2751.728,2.0,11.780142857142826,2.0,1.0,0.0,4.0,0.0,1.0,2.0,1.0,0.6666666666666666,A
0.0,2733.267,0.0,4.0,0.0,2024-11-01 20:00:00,0.0,0.0,3639.0,1,0.0,2736.82,0.0,2736.69,2734.077,1.0,12.14814285714283,1.0,1.0,0.0,20.0,0.0,1.0,1.0,1.0,0.3333333333333333,B
0.0,2732.568,0.0,6.0,0.0,2024-11-03 20:00:00,0.0,0.0,5441.0,1,0.0,2740.334,0.0,2738.352,2732.846,1.0,12.195499999999972,1.0,1.0,0.0,20.0,0.0,1.0,1.0,1.0,0.3333333333333333,B
0.0,2735.343,0.0,0.0,1.0,2024-11-04 00:00:00,0.0,0.0,26866.0,1,0.0,2742.401,0.0,2740.989,2738.379,2.0,12.461999999999987,2.0,1.0,0.0,0.0,0.0,1.0,2.0,1.0,0.6666666666666666,A
0.0,2735.052,0.0,0.0,0.0,2024-11-04 04:00:00,0.0,0.0,23536.0,1,0.0,2744.781,0.0,2735.837,2740.952,1.0,12.691714285714268,1.0,1.0,0.0,4.0,0.0,1.0,1.0,1.0,0.3333333333333333,B
0.0,2731.807,0.0,0.0,1.0,2024-11-04 08:00:00,0.0,0.0,29114.0,0,0.0,2745.304,0.0,2740.609,2735.806,2.0,13.04407142857141,2.0,1.0,0.0,8.0,0.0,1.0,2.0,1.0,0.6666666666666666,A
0.0,2731.742,0.0,0.0,1.0,2024-11-04 16:00:00,0.0,0.0,28766.0,0,0.0,2739.706,0.0,2738.309,2738.486,2.0,10.058928571428591,2.0,1.0,0.0,16.0,0.0,1.0,2.0,1.0,0.6666666666666666,A
0.0,2736.003,0.0,0.0,0.0,2024-11-04 20:00:00,0.0,0.0,8964.0,0,0.0,2738.571,0.0,2736.003,2738.243,1.0,9.403571428571436,1.0,1.0,0.0,20.0,0.0,1.0,1.0,1.0,0.3333333333333333,B
0.0,2724.694,0.0,1.0,1.0,2024-11-05 00:00:00,0.0,0.0,27236.0,1,0.0,2736.677,0.0,2735.294,2736.057,1.0,9.909571428571423,1.0,1.0,0.0,0.0,0.0,1.0,1.0,1.0,0.3333333333333333,B
1.0,2731.651,0.0,1.0,0.0,2024-11-05 04:00:00,0.0,0.0,23059.0,1,0.0,2741.384,0.0,2736.532,2735.24,0.0,10.100285714285716,1.0,1.0,1.0,4.0,1.0,1.0,1.0,1.0,1.0,A+
0.0,2732.09,0.0,1.0,0.0,2024-11-05 08:00:00,0.0,0.0,27014.0,1,0.0,2745.034,0.0,2741.6,2736.492,0.0,10.266214285714309,0.0,1.0,0.0,8.0,0.0,1.0,0.0,1.0,0.0,B
0.0,2739.61,0.0,1.0,0.0,2024-11-05 20:00:00,0.0,0.0,10270.0,0,0.0,2746.441,0.0,2745.707,2740.549,0.0,9.24878571428576,0.0,1.0,0.0,20.0,0.0,1.0,0.0,1.0,0.0,B
0.0,2701.319,0.0,2.0,1.0,2024-11-06 04:00:00,1.0,0.0,78399.0,0,0.0,2743.708,0.0,2725.921,2734.126,2.0,12.83050000000006,2.0,1.0,0.0,4.0,0.0,1.0,2.0,1.0,0.6666666666666666,A
0.0,2652.335,0.0,2.0,1.0,2024-11-06 12:00:00,1.0,0.0,122039.0,1,0.0,2708.066,0.0,2675.715,2699.231,2.0,18.311785714285765,2.0,0.0,0.0,12.0,0.0,1.0,2.0,1.0,0.6666666666666666,A
0.0,2661.553,0.0,2.0,0.0,2024-11-06 16:00:00,1.0,0.0,42860.0,0,0.0,2678.297,0.0,2667.084,2675.752,1.0,18.543714285714323,1.0,0.0,0.0,16.0,0.0,1.0,1.0,1.0,0.3333333333333333,B
0.0,2658.958,0.0,2.0,0.0,2024-11-06 20:00:00,0.0,0.0,13011.0,1,0.0,2667.716,0.0,2664.048,2667.057,0.0,18.41342857142857,0.0,0.0,0.0,20.0,0.0,1.0,0.0,1.0,0.0,B
0.0,2658.192,0.0,0.0,1.0,2024-11-25 04:00:00,1.0,0.0,54512.0,1,0.0,2676.375,0.0,2667.774,2672.191,2.0,16.805285714285706,2.0,1.0,0.0,4.0,0.0,0.0,2.0,0.0,0.6666666666666666,A
0.0,2667.098,0.0,0.0,1.0,2024-11-25 08:00:00,1.0,0.0,36835.0,0,0.0,2688.768,0.0,2686.776,2667.809,2.0,17.630857142857135,2.0,1.0,0.0,8.0,0.0,0.0,2.0,0.0,0.6666666666666666,A
1.0,2605.112,0.0,0.0,0.0,2024-11-25 20:00:00,0.0,0.0,21755.0,1,0.0,2628.739,0.0,2610.46,2625.83,0.0,22.91199999999997,1.0,1.0,1.0,20.0,0.0,0.0,1.0,0.0,1.0,A+
0.0,2608.477,0.0,1.0,1.0,2024-11-26 00:00:00,1.0,0.0,48596.0,1,0.0,2632.216,0.0,2630.375,2610.524,3.0,24.332785714285688,3.0,1.0,0.0,0.0,0.0,0.0,3.0,0.0,1.0,A+
0.0,2610.831,0.0,1.0,0.0,2024-11-26 04:00:00,0.0,0.0,32399.0,1,0.0,2631.447,0.0,2614.036,2630.336,0.0,24.25714285714285,0.0,1.0,0.0,4.0,0.0,0.0,0.0,0.0,0.0,B
0.0,2612.417,0.0,1.0,1.0,2024-11-26 08:00:00,0.0,0.0,37888.0,1,0.0,2633.226,0.0,2633.213,2614.07,2.0,24.60157142857143,2.0,1.0,0.0,8.0,0.0,0.0,2.0,0.0,0.6666666666666666,A
0.0,2616.664,0.0,1.0,1.0,2024-11-26 12:00:00,1.0,0.0,66533.0,1,0.0,2641.993,0.0,2629.512,2633.24,3.0,25.227,3.0,1.0,0.0,12.0,0.0,0.0,3.0,0.0,1.0,A+
0.0,2619.498,0.0,1.0,0.0,2024-11-26 16:00:00,0.0,0.0,34277.0,1,0.0,2631.485,0.0,2628.025,2629.513,1.0,24.606857142857148,1.0,1.0,0.0,16.0,0.0,0.0,1.0,0.0,0.3333333333333333,B
0.0,2627.017,0.0,2.0,0.0,2024-11-27 00:00:00,0.0,0.0,26767.0,1,0.0,2640.487,0.0,2637.722,2632.252,1.0,24.532071428571435,1.0,1.0,0.0,0.0,0.0,0.0,1.0,0.0,0.3333333333333333,B
0.0,2636.555,0.0,2.0,0.0,2024-11-27 04:00:00,0.0,0.0,26409.0,1,0.0,2648.503,0.0,2646.625,2637.728,1.0,24.62200000000004,1.0,1.0,0.0,4.0,0.0,0.0,1.0,0.0,0.3333333333333333,B
0.0,2643.187,0.0,2.0,1.0,2024-11-27 08:00:00,0.0,0.0,29729.0,0,1.0,2653.92,0.0,2651.103,2646.54,3.0,21.021071428571467,3.0,1.0,0.0,8.0,0.0,0.0,3.0,0.0,1.0,A+
0.0,2633.693,0.0,2.0,1.0,2024-11-27 16:00:00,0.0,0.0,32542.0,1,0.0,2644.288,0.0,2634.703,2642.651,2.0,20.54992857142861,2.0,1.0,0.0,16.0,0.0,0.0,2.0,0.0,0.6666666666666666,A
0.0,2634.221,0.0,2.0,0.0,2024-11-27 20:00:00,0.0,0.0,10242.0,1,0.0,2639.03,0.0,2637.168,2634.755,1.0,16.493285714285776,1.0,1.0,0.0,20.0,0.0,0.0,1.0,0.0,0.3333333333333333,B
0.0,2635.668,0.0,3.0,0.0,2024-11-28 08:00:00,0.0,0.0,23722.0,1,0.0,2649.674,0.0,2646.884,2637.275,1.0,14.395642857142873,1.0,1.0,0.0,8.0,0.0,0.0,1.0,0.0,0.3333333333333333,B
0.0,2636.215,0.0,3.0,1.0,2024-11-28 12:00:00,0.0,0.0,28613.0,1,0.0,2647.975,0.0,2638.104,2646.881,2.0,13.763071428571427,2.0,1.0,0.0,12.0,0.0,0.0,2.0,0.0,0.6666666666666666,A
0.0,2637.479,0.0,3.0,0.0,2024-11-28 16:00:00,0.0,0.0,9115.0,1,0.0,2642.458,0.0,2640.597,2638.07,1.0,12.632357142857147,1.0,1.0,0.0,16.0,0.0,0.0,1.0,0.0,0.3333333333333333,B
0.0,2655.23,0.0,4.0,0.0,2024-11-29 16:00:00,0.0,0.0,20097.0,0,0.0,2662.278,0.0,2655.23,2659.002,1.0,12.13921428571429,1.0,1.0,0.0,16.0,0.0,0.0,1.0,0.0,0.3333333333333333,B
0.0,2643.053,0.0,6.0,0.0,2024-12-01 20:00:00,0.0,0.0,5611.0,1,0.0,2650.324,0.0,2645.659,2649.036,1.0,11.39028571428571,1.0,1.0,0.0,20.0,0.0,0.0,1.0,0.0,0.3333333333333333,B
0.0,2622.897,0.0,0.0,1.0,2024-12-02 00:00:00,1.0,0.0,52683.0,1,0.0,2647.672,0.0,2629.272,2645.756,3.0,12.403142857142871,3.0,1.0,0.0,0.0,0.0,0.0,3.0,0.0,1.0,A+
0.0,2626.514,0.0,0.0,1.0,2024-12-02 08:00:00,1.0,0.0,38275.0,1,0.0,2646.37,0.0,2641.885,2629.859,3.0,13.065214285714289,3.0,1.0,0.0,8.0,0.0,0.0,3.0,0.0,1.0,A+
0.0,2635.267,0.0,0.0,0.0,2024-12-02 20:00:00,0.0,0.0,13790.0,1,0.0,2644.203,0.0,2642.211,2637.577,1.0,12.95550000000006,1.0,1.0,0.0,20.0,0.0,0.0,1.0,0.0,0.3333333333333333,B
0.0,2634.033,0.0,1.0,0.0,2024-12-03 00:00:00,1.0,0.0,29915.0,1,0.0,2645.325,0.0,2640.427,2642.223,2.0,13.406428571428608,2.0,1.0,0.0,0.0,0.0,0.0,2.0,0.0,0.6666666666666666,A
0.0,2637.08,0.0,1.0,0.0,2024-12-03 04:00:00,0.0,0.0,27118.0,1,0.0,2650.066,0.0,2644.622,2640.441,1.0,14.08735714285714,1.0,1.0,0.0,4.0,0.0,0.0,1.0,0.0,0.3333333333333333,B
0.0,2635.166,0.0,1.0,1.0,2024-12-03 12:00:00,1.0,0.0,52981.0,1,0.0,2655.665,0.0,2640.435,2643.671,3.0,13.551071428571406,3.0,1.0,0.0,12.0,0.0,0.0,3.0,0.0,1.0,A+
0.0,2638.837,0.0,1.0,1.0,2024-12-03 16:00:00,1.0,0.0,31768.0,1,0.0,2649.164,0.0,2640.998,2640.444,3.0,13.471142857142857,3.0,1.0,0.0,16.0,0.0,0.0,3.0,0.0,1.0,A+
0.0,2640.626,0.0,1.0,0.0,2024-12-03 20:00:00,0.0,0.0,10235.0,1,0.0,2644.226,0.0,2642.721,2640.936,1.0,12.697428571428548,1.0,1.0,0.0,20.0,0.0,0.0,1.0,0.0,0.3333333333333333,B
0.0,2637.602,0.0,2.0,0.0,2024-12-04 00:00:00,0.0,0.0,26518.0,1,0.0,2648.093,0.0,2644.501,2642.725,1.0,12.943357142857137,1.0,1.0,0.0,0.0,0.0,0.0,1.0,0.0,0.3333333333333333,B
0.0,2646.83,0.0,2.0,1.0,2024-12-04 16:00:00,1.0,0.0,34318.0,0,0.0,2655.581,0.0,2651.7,2654.984,3.0,12.02349999999998,3.0,1.0,0.0,16.0,0.0,0.0,3.0,0.0,1.0,A+
0.0,2648.066,0.0,2.0,0.0,2024-12-04 20:00:00,0.0,0.0,11159.0,0,1.0,2651.962,0.0,2650.397,2651.653,2.0,11.248499999999988,2.0,1.0,0.0,20.0,0.0,0.0,2.0,0.0,0.6666666666666666,A
0.0,2644.575,0.0,3.0,0.0,2024-12-05 00:00:00,0.0,0.0,22580.0,0,1.0,2650.717,0.0,2648.882,2650.404,2.0,10.913928571428576,2.0,1.0,0.0,0.0,0.0,0.0,2.0,0.0,0.6666666666666666,A
0.0,2623.444,0.0,3.0,1.0,2024-12-05 16:00:00,1.0,0.0,37842.0,1,0.0,2643.395,0.0,2629.8,2640.257,2.0,12.462428571428584,2.0,1.0,0.0,16.0,0.0,0.0,2.0,0.0,0.6666666666666666,A
0.0,2627.966,0.0,3.0,0.0,2024-12-05 20:00:00,0.0,0.0,10566.0,1,0.0,2633.832,0.0,2633.713,2629.774,0.0,11.41721428571431,0.0,1.0,0.0,20.0,0.0,0.0,0.0,0.0,0.0,B
0.0,2709.689,0.0,3.0,0.0,2024-12-12 04:00:00,0.0,1.0,11353.0,1,0.0,2720.389,0.0,2716.047,2710.508,1.0,14.439000000000012,1.0,0.0,0.0,4.0,0.0,1.0,1.0,1.0,0.3333333333333333,B
0.0,2707.31,0.0,3.0,1.0,2024-12-12 08:00:00,0.0,1.0,13541.0,1,0.0,2719.428,0.0,2710.934,2716.221,2.0,14.31714285714286,2.0,0.0,0.0,8.0,0.0,1.0,2.0,1.0,0.6666666666666666,A
0.0,2675.078,0.0,3.0,1.0,2024-12-12 12:00:00,0.0,1.0,16911.0,1,0.0,2712.392,0.0,2679.785,2710.997,2.0,16.25292857142855,2.0,1.0,0.0,12.0,0.0,1.0,2.0,1.0,0.6666666666666666,A
0.0,2677.298,0.0,3.0,1.0,2024-12-12 16:00:00,0.0,1.0,13115.0,0,0.0,2687.039,0.0,2683.133,2679.597,2.0,15.826142857142877,2.0,1.0,0.0,16.0,0.0,1.0,2.0,1.0,0.6666666666666666,A
0.0,2679.454,0.0,3.0,0.0,2024-12-12 20:00:00,0.0,1.0,6832.0,1,0.0,2683.577,0.0,2680.623,2683.187,1.0,14.730000000000018,1.0,1.0,0.0,20.0,0.0,1.0,1.0,1.0,0.3333333333333333,B
0.0,2681.111,0.0,4.0,0.0,2024-12-13 04:00:00,0.0,1.0,11927.0,1,0.0,2690.527,0.0,2683.202,2687.967,1.0,15.07985714285717,1.0,1.0,0.0,4.0,0.0,1.0,1.0,1.0,0.3333333333333333,B
0.0,2664.39,0.0,4.0,1.0,2024-12-13 08:00:00,0.0,0.0,13268.0,1,0.0,2684.782,0.0,2664.993,2682.994,1.0,15.674357142857192,1.0,1.0,0.0,8.0,0.0,1.0,1.0,1.0,0.3333333333333333,B
0.0,2654.559,0.0,4.0,1.0,2024-12-13 12:00:00,0.0,0.0,15018.0,1,0.0,2672.88,0.0,2659.888,2664.8,1.0,15.363285714285732,1.0,1.0,0.0,12.0,0.0,1.0,1.0,1.0,0.3333333333333333,B
1.0,2652.134,0.0,4.0,0.0,2024-12-13 16:00:00,0.0,0.0,12331.0,0,0.0,2664.566,1.0,2653.041,2659.826,0.0,15.28342857142856,1.0,1.0,1.0,16.0,0.0,1.0,1.0,1.0,1.0,A+
1.0,2646.046,0.0,4.0,0.0,2024-12-13 20:00:00,0.0,0.0,5305.0,1,0.0,2653.53,1.0,2648.392,2652.973,0.0,14.011500000000035,1.0,1.0,1.0,20.0,0.0,1.0,1.0,1.0,1.0,A+
0.0,2648.793,0.0,6.0,0.0,2024-12-15 20:00:00,0.0,0.0,1927.0,1,1.0,2653.127,0.0,2651.479,2649.414,1.0,13.644571428571483,1.0,1.0,0.0,20.0,0.0,1.0,1.0,1.0,0.3333333333333333,B
0.0,2650.833,0.0,0.0,1.0,2024-12-16 12:00:00,1.0,0.0,40305.0,1,0.0,2664.447,0.0,2654.472,2663.579,3.0,12.983357142857196,3.0,1.0,0.0,12.0,0.0,1.0,3.0,1.0,1.0,A+
0.0,2648.505,0.0,0.0,1.0,2024-12-16 16:00:00,1.0,0.0,22773.0,0,0.0,2655.791,0.0,2653.299,2654.438,3.0,10.838500000000067,3.0,1.0,0.0,16.0,0.0,1.0,3.0,1.0,1.0,A+
0.0,2651.46,0.0,0.0,0.0,2024-12-16 20:00:00,0.0,0.0,8909.0,0,0.0,2653.634,0.0,2651.744,2653.258,1.0,10.298000000000034,1.0,1.0,0.0,20.0,0.0,1.0,1.0,1.0,0.3333333333333333,B
0.0,2632.966,0.0,1.0,1.0,2024-12-17 12:00:00,1.0,0.0,48304.0,1,0.0,2646.968,0.0,2640.206,2642.208,2.0,10.432928571428617,2.0,1.0,0.0,12.0,0.0,1.0,2.0,1.0,0.6666666666666666,A
0.0,2643.083,0.0,1.0,0.0,2024-12-17 20:00:00,0.0,0.0,9056.0,1,0.0,2647.681,0.0,2647.378,2645.427,0.0,9.454857142857204,0.0,1.0,0.0,20.0,0.0,1.0,0.0,1.0,0.0,B
0.0,2642.687,0.0,2.0,0.0,2024-12-18 04:00:00,1.0,0.0,19895.0,0,0.0,2649.551,0.0,2644.61,2645.632,1.0,9.538714285714311,1.0,1.0,0.0,4.0,0.0,1.0,1.0,1.0,0.3333333333333333,B
0.0,2627.885,0.0,3.0,1.0,2024-12-26 16:00:00,1.0,1.0,24422.0,1,0.0,2636.838,0.0,2634.95,2636.527,4.0,8.125642857142793,4.0,1.0,0.0,16.0,0.0,0.0,4.0,0.0,1.3333333333333333,A+
0.0,2624.659,0.0,3.0,0.0,2024-12-26 20:00:00,0.0,1.0,12208.0,1,0.0,2636.162,0.0,2632.684,2634.873,2.0,8.184142857142758,2.0,1.0,0.0,20.0,0.0,0.0,2.0,0.0,0.6666666666666666,A
0.0,2628.886,0.0,4.0,1.0,2024-12-27 00:00:00,1.0,1.0,19881.0,0,0.0,2635.512,0.0,2633.698,2632.689,4.0,8.048642857142795,4.0,1.0,0.0,0.0,0.0,0.0,4.0,0.0,1.3333333333333333,A+
0.0,2623.452,0.0,4.0,1.0,2024-12-27 08:00:00,1.0,1.0,21121.0,1,0.0,2633.599,0.0,2628.642,2633.599,4.0,8.256714285714224,4.0,1.0,0.0,8.0,0.0,0.0,4.0,0.0,1.3333333333333333,A+
0.0,2611.579,0.0,4.0,1.0,2024-12-27 12:00:00,1.0,0.0,40795.0,1,0.0,2631.55,0.0,2618.134,2628.638,3.0,9.322499999999923,3.0,1.0,0.0,12.0,0.0,0.0,3.0,0.0,1.0,A+
0.0,2614.089,0.0,4.0,1.0,2024-12-27 16:00:00,1.0,0.0,25157.0,1,0.0,2621.394,0.0,2620.685,2618.174,3.0,9.315142857142778,3.0,1.0,0.0,16.0,0.0,0.0,3.0,0.0,1.0,A+
0.0,2612.713,0.0,4.0,0.0,2024-12-27 20:00:00,0.0,0.0,9794.0,1,0.0,2621.98,0.0,2621.623,2620.719,1.0,9.458571428571336,1.0,1.0,0.0,20.0,0.0,0.0,1.0,0.0,0.3333333333333333,B
0.0,2621.632,0.0,6.0,0.0,2024-12-29 20:00:00,0.0,0.0,4007.0,1,0.0,2626.159,0.0,2624.035,2621.977,1.0,9.222357142857064,1.0,1.0,0.0,20.0,0.0,0.0,1.0,0.0,0.3333333333333333,B
0.0,2621.486,0.0,0.0,1.0,2024-12-30 00:00:00,1.0,0.0,20514.0,0,0.0,2628.138,0.0,2626.579,2624.08,2.0,9.358642857142806,2.0,1.0,0.0,0.0,0.0,0.0,2.0,0.0,0.6666666666666666,A
0.0,2651.924,0.0,4.0,0.0,2025-01-03 04:00:00,0.0,0.0,19289.0,1,0.0,2664.409,0.0,2654.195,2662.255,1.0,10.43371428571436,1.0,1.0,0.0,4.0,0.0,0.0,1.0,0.0,0.3333333333333333,B
0.0,2649.89,0.0,4.0,0.0,2025-01-03 08:00:00,0.0,0.0,20867.0,0,0.0,2659.258,0.0,2658.361,2654.164,1.0,10.277714285714344,1.0,1.0,0.0,8.0,0.0,0.0,1.0,0.0,0.3333333333333333,B
0.0,2638.954,0.0,4.0,1.0,2025-01-03 16:00:00,1.0,0.0,25214.0,1,0.0,2647.264,0.0,2639.433,2643.812,3.0,10.01514285714292,3.0,1.0,0.0,16.0,0.0,0.0,3.0,0.0,1.0,A+
0.0,2639.644,0.0,6.0,0.0,2025-01-05 20:00:00,0.0,0.0,3244.0,1,0.0,2642.379,0.0,2641.063,2639.644,0.0,9.919500000000037,0.0,1.0,0.0,20.0,0.0,0.0,0.0,0.0,0.0,B
0.0,2638.575,0.0,0.0,1.0,2025-01-06 00:00:00,1.0,1.0,23592.0,0,0.0,2647.434,0.0,2640.19,2641.098,3.0,10.252857142857206,3.0,1.0,0.0,0.0,0.0,0.0,3.0,0.0,1.0,A+
0.0,2625.058,0.0,0.0,1.0,2025-01-06 04:00:00,1.0,1.0,25061.0,1,0.0,2640.824,0.0,2626.937,2640.203,3.0,10.3918571428572,3.0,1.0,0.0,4.0,0.0,0.0,3.0,0.0,1.0,A+
0.0,2632.927,0.0,1.0,0.0,2025-01-07 00:00:00,0.0,1.0,19298.0,1,0.0,2641.146,0.0,2639.563,2634.636,2.0,11.956,2.0,1.0,0.0,0.0,0.0,0.0,2.0,0.0,0.6666666666666666,A
0.0,2640.031,0.0,1.0,1.0,2025-01-07 08:00:00,0.0,1.0,20925.0,1,0.0,2648.689,0.0,2648.389,2640.444,3.0,11.724999999999977,3.0,1.0,0.0,8.0,0.0,0.0,3.0,0.0,1.0,A+
0.0,2647.565,0.0,2.0,1.0,2025-01-08 08:00:00,0.0,0.0,23401.0,1,1.0,2655.158,0.0,2650.89,2652.651,2.0,12.3143571428571,2.0,1.0,0.0,8.0,0.0,0.0,2.0,0.0,0.6666666666666666,A
0.0,2649.388,0.0,2.0,1.0,2025-01-08 16:00:00,1.0,0.0,38638.0,1,0.0,2670.053,0.0,2658.301,2665.84,2.0,12.543928571428555,2.0,1.0,0.0,16.0,0.0,0.0,2.0,0.0,0.6666666666666666,A
0.0,2658.276,0.0,2.0,0.0,2025-01-08 20:00:00,0.0,0.0,13651.0,0,0.0,2664.059,0.0,2662.507,2658.367,0.0,10.499000000000024,0.0,1.0,0.0,20.0,0.0,0.0,0.0,0.0,0.0,B
0.0,2656.267,0.0,3.0,0.0,2025-01-09 00:00:00,0.0,0.0,17650.0,1,0.0,2662.849,0.0,2659.369,2662.526,0.0,10.334714285714329,0.0,1.0,0.0,0.0,0.0,0.0,0.0,0.0,0.0,B
0.0,2655.437,0.0,3.0,1.0,2025-01-09 04:00:00,0.0,0.0,18731.0,1,0.0,2666.973,0.0,2662.45,2659.335,1.0,10.877642857142908,1.0,1.0,0.0,4.0,0.0,0.0,1.0,0.0,0.3333333333333333,B
0.0,2662.644,0.0,3.0,1.0,2025-01-09 16:00:00,0.0,0.0,27904.0,1,0.0,2672.51,0.0,2670.19,2668.32,1.0,11.394500000000107,1.0,0.0,0.0,16.0,0.0,1.0,1.0,1.0,0.3333333333333333,B
1.0,2668.492,0.0,3.0,0.0,2025-01-09 20:00:00,0.0,0.0,8305.0,1,0.0,2671.337,0.0,2669.952,2670.154,0.0,9.999214285714386,1.0,0.0,1.0,20.0,5.0,1.0,1.0,1.0,1.0,A+
1.0,2668.953,0.0,4.0,0.0,2025-01-10 00:00:00,0.0,0.0,18532.0,1,0.0,2674.771,0.0,2673.658,2669.972,0.0,9.72414285714295,1.0,0.0,1.0,0.0,7.0,1.0,1.0,1.0,1.0,A+
0.0,2684.586,0.0,4.0,1.0,2025-01-10 16:00:00,1.0,0.0,67819.0,1,0.0,2697.965,0.0,2685.855,2692.604,2.0,12.220857142857312,2.0,0.0,0.0,16.0,0.0,1.0,2.0,1.0,0.6666666666666666,A
0.0,2684.5,0.0,4.0,0.0,2025-01-10 20:00:00,0.0,0.0,16876.0,1,0.0,2693.773,0.0,2689.551,2685.89,0.0,11.309785714285876,0.0,0.0,0.0,20.0,0.0,1.0,0.0,1.0,0.0,B
0.0,2687.575,0.0,6.0,0.0,2025-01-12 20:00:00,0.0,0.0,5107.0,0,0.0,2691.375,0.0,2691.105,2689.769,0.0,10.105142857143036,0.0,0.0,0.0,20.0,0.0,1.0,0.0,1.0,0.0,B
0.0,2683.273,0.0,0.0,1.0,2025-01-13 04:00:00,1.0,0.0,36380.0,1,0.0,2691.323,0.0,2685.102,2687.943,2.0,10.801357142857276,2.0,0.0,0.0,4.0,0.0,1.0,2.0,1.0,0.6666666666666666,A
0.0,2675.449,0.0,0.0,1.0,2025-01-13 08:00:00,1.0,0.0,48665.0,1,0.0,2689.77,0.0,2675.952,2685.074,2.0,11.000285714285836,2.0,1.0,0.0,8.0,0.0,1.0,2.0,1.0,0.6666666666666666,A
0.0,2661.081,0.0,0.0,1.0,2025-01-13 12:00:00,1.0,0.0,88969.0,1,0.0,2677.218,0.0,2661.867,2675.911,2.0,11.236428571428664,2.0,1.0,0.0,12.0,0.0,1.0,2.0,1.0,0.6666666666666666,A
0.0,2666.397,0.0,1.0,0.0,2025-01-14 00:00:00,0.0,0.0,29906.0,1,0.0,2672.324,0.0,2669.78,2667.97,1.0,11.52042857142864,1.0,1.0,0.0,0.0,0.0,1.0,1.0,1.0,0.3333333333333333,B
0.0,2659.773,0.0,1.0,1.0,2025-01-14 12:00:00,1.0,0.0,63732.0,1,0.0,2674.462,0.0,2671.779,2669.287,3.0,12.41114285714288,3.0,1.0,0.0,12.0,0.0,1.0,3.0,1.0,1.0,A+
0.0,2671.836,0.0,1.0,0.0,2025-01-14 20:00:00,0.0,0.0,13350.0,0,0.0,2678.294,0.0,2675.589,2674.209,1.0,10.169500000000005,1.0,1.0,0.0,20.0,0.0,1.0,1.0,1.0,0.3333333333333333,B
0.0,2669.382,0.0,2.0,0.0,2025-01-15 00:00:00,0.0,0.0,18796.0,1,0.0,2676.339,0.0,2676.091,2675.58,1.0,10.004071428571413,1.0,1.0,0.0,0.0,0.0,1.0,1.0,1.0,0.3333333333333333,B
0.0,2674.183,0.0,2.0,0.0,2025-01-15 04:00:00,0.0,0.0,22691.0,1,0.0,2684.033,0.0,2681.313,2676.052,1.0,10.436214285714252,1.0,1.0,0.0,4.0,0.0,1.0,1.0,1.0,0.3333333333333333,B
0.0,2681.151,0.0,2.0,1.0,2025-01-15 08:00:00,0.0,0.0,32989.0,1,0.0,2689.064,0.0,2686.779,2681.357,2.0,9.99699999999994,2.0,1.0,0.0,8.0,0.0,1.0,2.0,1.0,0.6666666666666666,A
0.0,2676.64,0.0,2.0,1.0,2025-01-15 12:00:00,1.0,0.0,89128.0,1,0.0,2696.056,0.0,2678.475,2686.748,3.0,10.808857142857116,3.0,1.0,0.0,12.0,0.0,1.0,3.0,1.0,1.0,A+
1.0,2693.239,0.0,2.0,0.0,2025-01-15 20:00:00,0.0,0.0,13135.0,1,0.0,2697.97,1.0,2694.965,2694.142,0.0,10.27135714285711,1.0,0.0,1.0,20.0,0.0,1.0,1.0,1.0,1.0,A+
0.0,2697.129,0.0,3.0,1.0,2025-01-16 08:00:00,0.0,0.0,36081.0,1,0.0,2711.137,0.0,2706.412,2698.313,1.0,10.670499999999947,1.0,0.0,0.0,8.0,0.0,1.0,1.0,1.0,0.3333333333333333,B
0.0,2712.401,0.0,3.0,0.0,2025-01-16 20:00:00,0.0,0.0,12958.0,0,0.0,2717.078,0.0,2714.578,2715.368,1.0,10.783999999999976,1.0,0.0,0.0,20.0,0.0,1.0,1.0,1.0,0.3333333333333333,B
0.0,2702.803,0.0,4.0,1.0,2025-01-17 08:00:00,0.0,0.0,31200.0,1,0.0,2712.991,0.0,2708.041,2710.577,1.0,10.973214285714253,1.0,0.0,0.0,8.0,0.0,1.0,1.0,1.0,0.3333333333333333,B
1.0,2702.88,0.0,4.0,0.0,2025-01-17 16:00:00,0.0,0.0,22181.0,0,0.0,2717.264,0.0,2703.175,2714.256,0.0,11.617285714285702,1.0,1.0,1.0,16.0,2.0,1.0,1.0,1.0,1.0,A+
0.0,2699.242,0.0,4.0,0.0,2025-01-17 20:00:00,0.0,0.0,7281.0,0,0.0,2704.088,0.0,2702.879,2703.189,0.0,10.576571428571404,0.0,1.0,0.0,20.0,0.0,1.0,0.0,1.0,0.0,B
0.0,2691.55,0.0,6.0,0.0,2025-01-19 20:00:00,0.0,0.0,4775.0,1,0.0,2703.083,0.0,2696.424,2702.629,0.0,10.100214285714271,0.0,1.0,0.0,20.0,0.0,1.0,0.0,1.0,0.0,B
0.0,2702.279,0.0,0.0,0.0,2025-01-20 04:00:00,0.0,0.0,18144.0,1,0.0,2713.77,0.0,2703.592,2703.559,1.0,10.956,1.0,0.0,0.0,4.0,0.0,1.0,1.0,1.0,0.3333333333333333,B
0.0,2703.003,0.0,0.0,1.0,2025-01-20 08:00:00,0.0,0.0,19795.0,1,0.0,2712.478,0.0,2708.333,2703.571,2.0,10.912714285714303,2.0,0.0,0.0,8.0,0.0,1.0,2.0,1.0,0.6666666666666666,A
0.0,2701.915,0.0,0.0,1.0,2025-01-20 12:00:00,1.0,0.0,55344.0,1,0.0,2711.944,0.0,2707.065,2708.299,3.0,10.6285,3.0,0.0,0.0,12.0,0.0,1.0,3.0,1.0,1.0,A+
0.0,2706.593,0.0,0.0,0.0,2025-01-20 20:00:00,0.0,0.0,2929.0,1,0.0,2711.012,0.0,2710.445,2708.347,1.0,9.392214285714315,1.0,0.0,0.0,20.0,0.0,1.0,1.0,1.0,0.3333333333333333,B
0.0,2716.499,0.0,1.0,1.0,2025-01-21 08:00:00,1.0,0.0,34571.0,1,0.0,2730.056,0.0,2723.998,2729.701,3.0,11.368714285714336,3.0,0.0,0.0,8.0,0.0,1.0,3.0,1.0,1.0,A+
1.0,2737.837,0.0,1.0,0.0,2025-01-21 16:00:00,0.0,0.0,23483.0,1,0.0,2745.963,1.0,2742.838,2738.792,0.0,11.64692857142862,1.0,0.0,1.0,16.0,0.0,1.0,1.0,1.0,1.0,A+
1.0,2740.084,0.0,1.0,0.0,2025-01-21 20:00:00,0.0,0.0,12478.0,1,0.0,2745.863,1.0,2744.259,2742.819,0.0,11.032285714285765,1.0,0.0,1.0,20.0,0.0,1.0,1.0,1.0,1.0,A+
0.0,2749.474,0.0,3.0,0.0,2025-01-23 00:00:00,1.0,0.0,30297.0,1,1.0,2756.3,0.0,2749.972,2755.564,3.0,10.67928571428573,3.0,0.0,0.0,0.0,0.0,1.0,3.0,1.0,1.0,A+
0.0,2749.757,0.0,3.0,0.0,2025-01-23 04:00:00,1.0,0.0,31142.0,1,0.0,2755.575,0.0,2752.683,2750.022,2.0,10.77921428571426,2.0,0.0,0.0,4.0,0.0,1.0,2.0,1.0,0.6666666666666666,A
0.0,2740.871,0.0,3.0,1.0,2025-01-23 08:00:00,1.0,0.0,38787.0,1,1.0,2754.789,0.0,2751.924,2752.735,4.0,10.048999999999978,4.0,0.0,0.0,8.0,0.0,1.0,4.0,1.0,1.3333333333333333,A+
0.0,2754.338,0.0,4.0,1.0,2025-01-24 00:00:00,1.0,0.0,43067.0,1,0.0,2777.446,0.0,2772.308,2754.546,3.0,10.74057142857136,3.0,0.0,0.0,0.0,0.0,1.0,3.0,1.0,1.0,A+
0.0,2769.894,0.0,4.0,0.0,2025-01-24 16:00:00,0.0,0.0,36592.0,0,0.0,2777.564,0.0,2774.628,2775.918,1.0,10.302357142857122,1.0,0.0,0.0,16.0,0.0,1.0,1.0,1.0,0.3333333333333333,B
0.0,2770.448,0.0,4.0,0.0,2025-01-24 20:00:00,0.0,0.0,9537.0,0,0.0,2774.798,0.0,2771.079,2774.643,1.0,9.807571428571398,1.0,0.0,0.0,20.0,0.0,1.0,1.0,1.0,0.3333333333333333,B
0.0,2765.185,0.0,6.0,0.0,2025-01-26 20:00:00,0.0,0.0,8224.0,0,0.0,2769.721,0.0,2767.553,2765.65,1.0,9.844999999999995,1.0,0.0,0.0,20.0,0.0,1.0,1.0,1.0,0.3333333333333333,B
0.0,2747.189,0.0,0.0,1.0,2025-01-27 04:00:00,1.0,0.0,39635.0,0,1.0,2761.075,0.0,2749.478,2761.066,4.0,11.456071428571445,4.0,0.0,0.0,4.0,0.0,1.0,4.0,1.0,1.3333333333333333,A+
0.0,2859.882,0.0,2.0,0.0,2025-02-05 20:00:00,0.0,0.0,21968.0,1,0.0,2870.985,0.0,2869.279,2863.486,0.0,14.313214285714205,0.0,0.0,0.0,20.0,0.0,1.0,0.0,1.0,0.0,B
0.0,2855.002,0.0,3.0,1.0,2025-02-06 04:00:00,0.0,0.0,42982.0,1,0.0,2872.366,0.0,2855.837,2869.355,2.0,14.801214285714227,2.0,0.0,0.0,4.0,0.0,1.0,2.0,1.0,0.6666666666666666,A
0.0,2848.904,0.0,3.0,1.0,2025-02-06 08:00:00,1.0,0.0,54670.0,0,0.0,2867.342,0.0,2865.972,2855.798,3.0,15.255642857142805,3.0,0.0,0.0,8.0,0.0,1.0,3.0,1.0,1.0,A+
0.0,2848.038,0.0,3.0,1.0,2025-02-06 16:00:00,0.0,0.0,43811.0,1,0.0,2854.755,0.0,2853.746,2850.555,2.0,16.46492857142854,2.0,0.0,0.0,16.0,0.0,1.0,2.0,1.0,0.6666666666666666,A
0.0,2853.575,0.0,3.0,0.0,2025-02-06 20:00:00,0.0,0.0,14642.0,1,0.0,2858.779,0.0,2858.0,2853.791,1.0,14.618142857142857,1.0,0.0,0.0,20.0,0.0,1.0,1.0,1.0,0.3333333333333333,B
0.0,2857.713,0.0,4.0,0.0,2025-02-07 00:00:00,0.0,0.0,31242.0,1,0.0,2870.645,0.0,2867.193,2857.994,1.0,14.647785714285712,1.0,0.0,0.0,0.0,0.0,1.0,1.0,1.0,0.3333333333333333,B
0.0,2858.947,0.0,4.0,0.0,2025-02-07 04:00:00,0.0,0.0,32296.0,1,0.0,2869.615,0.0,2864.214,2867.153,1.0,15.086142857142834,1.0,0.0,0.0,4.0,0.0,1.0,1.0,1.0,0.3333333333333333,B
0.0,2852.393,0.0,4.0,1.0,2025-02-07 12:00:00,1.0,0.0,93640.0,0,0.0,2886.747,0.0,2880.315,2867.673,3.0,16.145571428571397,3.0,0.0,0.0,12.0,0.0,1.0,3.0,1.0,1.0,A+
0.0,2860.092,0.0,6.0,0.0,2025-02-09 20:00:00,0.0,0.0,7930.0,1,0.0,2870.59,0.0,2867.495,2861.269,1.0,15.230142857142871,1.0,0.0,0.0,20.0,0.0,1.0,1.0,1.0,0.3333333333333333,B
0.0,2865.83,0.0,0.0,1.0,2025-02-10 00:00:00,0.0,0.0,38130.0,1,0.0,2876.578,0.0,2875.572,2867.539,2.0,15.204785714285729,2.0,0.0,0.0,0.0,0.0,1.0,2.0,1.0,0.6666666666666666,A
1.0,2874.327,0.0,0.0,0.0,2025-02-10 04:00:00,0.0,0.0,37828.0,1,0.0,2896.593,1.0,2895.506,2875.54,0.0,16.1062857142857,1.0,0.0,1.0,4.0,0.0,1.0,1.0,1.0,1.0,A+
0.0,2901.864,0.0,1.0,1.0,2025-02-11 08:00:00,1.0,0.0,61705.0,1,0.0,2915.322,0.0,2903.981,2913.279,3.0,18.08849999999997,3.0,0.0,0.0,8.0,0.0,1.0,3.0,1.0,1.0,A+
0.0,2881.733,0.0,1.0,1.0,2025-02-11 12:00:00,1.0,0.0,103946.0,0,0.0,2906.574,0.0,2904.794,2904.016,3.0,19.331142857142822,3.0,0.0,0.0,12.0,0.0,1.0,3.0,1.0,1.0,A+
0.0,2894.018,0.0,1.0,0.0,2025-02-11 20:00:00,0.0,0.0,16714.0,0,1.0,2900.906,0.0,2898.536,2900.085,1.0,16.005571428571393,1.0,0.0,0.0,20.0,0.0,1.0,1.0,1.0,0.3333333333333333,B
0.0,2883.76,0.0,2.0,0.0,2025-02-12 00:00:00,0.0,0.0,46603.0,1,0.0,2898.84,0.0,2889.001,2898.562,0.0,16.767642857142814,0.0,0.0,0.0,0.0,0.0,1.0,0.0,1.0,0.0,B
0.0,2883.668,0.0,2.0,0.0,2025-02-12 04:00:00,0.0,0.0,38269.0,1,0.0,2895.873,0.0,2892.773,2888.998,0.0,16.889571428571376,0.0,0.0,0.0,4.0,0.0,1.0,0.0,1.0,0.0,B
1.0,2879.317,0.0,2.0,0.0,2025-02-12 08:00:00,0.0,0.0,37653.0,1,0.0,2894.144,0.0,2879.802,2892.813,0.0,17.1809285714285,1.0,0.0,1.0,8.0,2.0,1.0,1.0,1.0,1.0,A+
0.0,2895.517,0.0,2.0,0.0,2025-02-12 20:00:00,0.0,0.0,14220.0,1,0.0,2906.403,0.0,2905.781,2897.936,1.0,17.883428571428503,1.0,0.0,0.0,20.0,0.0,1.0,1.0,1.0,0.3333333333333333,B
0.0,2901.454,0.0,3.0,0.0,2025-02-13 00:00:00,0.0,0.0,33812.0,1,0.0,2918.169,0.0,2916.446,2905.756,1.0,18.101571428571333,1.0,0.0,0.0,0.0,0.0,1.0,1.0,1.0,0.3333333333333333,B
0.0,2912.531,0.0,3.0,0.0,2025-02-13 04:00:00,0.0,0.0,35234.0,1,0.0,2922.801,0.0,2914.569,2916.498,1.0,17.492642857142755,1.0,0.0,0.0,4.0,0.0,1.0,1.0,1.0,0.3333333333333333,B
0.0,2912.887,0.0,3.0,1.0,2025-02-13 16:00:00,0.0,0.0,36613.0,1,0.0,2927.402,0.0,2926.812,2920.266,2.0,15.146071428571336,2.0,0.0,0.0,16.0,0.0,1.0,2.0,1.0,0.6666666666666666,A
0.0,2924.879,0.0,3.0,0.0,2025-02-13 20:00:00,0.0,0.0,15369.0,1,0.0,2932.484,0.0,2931.217,2926.825,1.0,13.914928571428488,1.0,0.0,0.0,20.0,0.0,1.0,1.0,1.0,0.3333333333333333,B
0.0,2923.164,0.0,4.0,0.0,2025-02-14 00:00:00,0.0,0.0,33502.0,1,0.0,2933.879,0.0,2924.33,2931.192,1.0,14.029857142857022,1.0,0.0,0.0,0.0,0.0,1.0,1.0,1.0,0.3333333333333333,B
0.0,2892.899,0.0,4.0,1.0,2025-02-14 12:00:00,1.0,0.0,105497.0,1,1.0,2933.366,0.0,2901.939,2931.136,4.0,16.186785714285634,4.0,0.0,0.0,12.0,0.0,1.0,4.0,1.0,1.3333333333333333,A+
0.0,2878.691,0.0,4.0,1.0,2025-02-14 16:00:00,1.0,0.0,61604.0,1,0.0,2903.915,0.0,2880.499,2901.827,3.0,16.92942857142852,3.0,1.0,0.0,16.0,0.0,1.0,3.0,1.0,1.0,A+
0.0,2879.254,0.0,0.0,1.0,2025-02-17 00:00:00,0.0,0.0,38078.0,1,0.0,2904.607,0.0,2903.603,2879.254,2.0,16.089999999999982,2.0,0.0,0.0,0.0,0.0,1.0,2.0,1.0,0.6666666666666666,A
0.0,2888.211,0.0,0.0,0.0,2025-02-17 04:00:00,0.0,0.0,34877.0,1,0.0,2905.407,0.0,2902.49,2903.553,1.0,16.124357142857175,1.0,0.0,0.0,4.0,0.0,1.0,1.0,1.0,0.3333333333333333,B
0.0,2895.044,0.0,0.0,1.0,2025-02-17 08:00:00,0.0,0.0,39916.0,1,1.0,2906.488,0.0,2900.992,2902.51,3.0,16.208214285714316,3.0,0.0,0.0,8.0,0.0,1.0,3.0,1.0,1.0,A+
0.0,2895.45,0.0,0.0,1.0,2025-02-17 12:00:00,1.0,0.0,44377.0,1,1.0,2904.162,0.0,2899.232,2900.962,4.0,16.113500000000027,4.0,0.0,0.0,12.0,0.0,1.0,4.0,1.0,1.3333333333333333,A+
0.0,2896.544,0.0,0.0,0.0,2025-02-17 16:00:00,0.0,0.0,18271.0,1,0.0,2901.34,0.0,2897.392,2899.31,1.0,15.341571428571472,1.0,0.0,0.0,16.0,0.0,1.0,1.0,1.0,0.3333333333333333,B
0.0,2892.003,0.0,1.0,0.0,2025-02-18 00:00:00,0.0,0.0,26508.0,1,0.0,2910.863,0.0,2909.016,2899.325,1.0,15.278214285714316,1.0,0.0,0.0,0.0,0.0,1.0,1.0,1.0,0.3333333333333333,B
0.0,2907.173,0.0,1.0,0.0,2025-02-18 04:00:00,0.0,0.0,26148.0,1,0.0,2915.629,0.0,2911.501,2908.996,1.0,15.116857142857205,1.0,0.0,0.0,4.0,0.0,1.0,1.0,1.0,0.3333333333333333,B
0.0,2912.054,0.0,1.0,1.0,2025-02-18 12:00:00,1.0,0.0,47599.0,1,0.0,2929.609,0.0,2927.02,2914.21,3.0,15.223000000000022,3.0,0.0,0.0,12.0,0.0,1.0,3.0,1.0,1.0,A+
0.0,2932.393,0.0,1.0,0.0,2025-02-18 20:00:00,0.0,0.0,11051.0,1,0.0,2936.788,0.0,2934.061,2935.832,1.0,11.75957142857143,1.0,0.0,0.0,20.0,0.0,1.0,1.0,1.0,0.3333333333333333,B
0.0,2924.081,0.0,2.0,1.0,2025-02-19 00:00:00,0.0,0.0,28834.0,1,0.0,2939.653,0.0,2928.825,2934.059,2.0,12.21342857142856,2.0,0.0,0.0,0.0,0.0,1.0,2.0,1.0,0.6666666666666666,A
0.0,2933.718,0.0,2.0,1.0,2025-02-19 08:00:00,0.0,0.0,32734.0,1,0.0,2947.041,0.0,2935.079,2934.21,2.0,10.908857142857157,2.0,0.0,0.0,8.0,0.0,1.0,2.0,1.0,0.6666666666666666,A
0.0,2925.498,0.0,2.0,1.0,2025-02-19 12:00:00,1.0,0.0,57311.0,1,0.0,2941.657,0.0,2925.721,2935.059,3.0,10.834785714285706,3.0,0.0,0.0,12.0,0.0,1.0,3.0,1.0,1.0,A+
0.0,2918.591,0.0,2.0,1.0,2025-02-19 16:00:00,1.0,0.0,43501.0,1,0.0,2932.338,0.0,2931.754,2925.729,2.0,10.999285714285731,2.0,0.0,0.0,16.0,0.0,1.0,2.0,1.0,0.6666666666666666,A
0.0,2931.292,0.0,2.0,0.0,2025-02-19 20:00:00,0.0,0.0,13382.0,1,0.0,2937.461,0.0,2935.384,2931.715,0.0,10.817642857142866,0.0,0.0,0.0,20.0,0.0,1.0,0.0,1.0,0.0,B
0.0,2933.852,0.0,3.0,1.0,2025-02-20 00:00:00,0.0,0.0,29391.0,1,0.0,2944.07,0.0,2941.913,2935.386,1.0,11.204928571428582,1.0,0.0,0.0,0.0,0.0,1.0,1.0,1.0,0.3333333333333333,B
0.0,2939.267,0.0,3.0,0.0,2025-02-20 04:00:00,0.0,0.0,23341.0,1,1.0,2954.216,0.0,2948.925,2941.933,1.0,12.103214285714298,1.0,0.0,0.0,4.0,0.0,1.0,1.0,1.0,0.3333333333333333,B
0.0,2924.123,0.0,3.0,1.0,2025-02-20 12:00:00,1.0,0.0,67762.0,1,0.0,2950.825,0.0,2938.545,2948.743,2.0,12.617357142857143,2.0,0.0,0.0,12.0,0.0,1.0,2.0,1.0,0.6666666666666666,A
0.0,2935.521,0.0,3.0,0.0,2025-02-20 20:00:00,0.0,0.0,14002.0,0,0.0,2943.433,0.0,2941.53,2938.034,0.0,12.331000000000031,0.0,0.0,0.0,20.0,0.0,1.0,0.0,1.0,0.0,B
0.0,2924.186,0.0,4.0,1.0,2025-02-21 04:00:00,0.0,0.0,31269.0,1,0.0,2934.048,0.0,2930.07,2931.262,1.0,13.48328571428572,1.0,0.0,0.0,4.0,0.0,1.0,1.0,1.0,0.3333333333333333,B
0.0,2932.144,0.0,4.0,0.0,2025-02-21 20:00:00,0.0,0.0,11753.0,1,0.0,2938.227,0.0,2936.453,2933.374,1.0,13.773000000000009,1.0,0.0,0.0,20.0,0.0,1.0,1.0,1.0,0.3333333333333333,B
0.0,2936.426,0.0,6.0,0.0,2025-02-23 20:00:00,0.0,0.0,6023.0,1,0.0,2940.553,0.0,2936.867,2939.411,1.0,13.085857142857126,1.0,0.0,0.0,20.0,0.0,1.0,1.0,1.0,0.3333333333333333,B
0.0,2930.471,0.0,1.0,0.0,2025-02-25 04:00:00,0.0,0.0,28634.0,1,0.0,2940.964,0.0,2931.736,2939.564,1.0,13.63807142857146,1.0,1.0,0.0,4.0,0.0,1.0,1.0,1.0,0.3333333333333333,B
0.0,2929.488,0.0,1.0,0.0,2025-02-25 08:00:00,0.0,0.0,28492.0,0,0.0,2942.431,0.0,2938.626,2931.762,1.0,13.858142857142932,1.0,1.0,0.0,8.0,0.0,1.0,1.0,1.0,0.3333333333333333,B
0.0,2901.86,0.0,4.0,1.0,2025-03-07 16:00:00,1.0,0.0,57852.0,1,0.0,2919.423,0.0,2905.229,2915.783,3.0,15.610999999999974,3.0,1.0,0.0,16.0,0.0,1.0,3.0,1.0,1.0,A+
0.0,2904.716,0.0,4.0,0.0,2025-03-07 20:00:00,0.0,0.0,10900.0,1,0.0,2912.633,0.0,2911.256,2905.199,1.0,14.0683571428571,1.0,1.0,0.0,20.0,0.0,1.0,1.0,1.0,0.3333333333333333,B
0.0,2909.626,0.0,6.0,0.0,2025-03-09 20:00:00,0.0,0.0,10308.0,0,0.0,2917.051,0.0,2916.187,2912.347,1.0,13.25471428571424,1.0,1.0,0.0,20.0,0.0,1.0,1.0,1.0,0.3333333333333333,B
0.0,2904.333,0.0,0.0,0.0,2025-03-10 04:00:00,0.0,0.0,27477.0,1,0.0,2915.429,0.0,2908.444,2910.982,1.0,13.55207142857135,1.0,1.0,0.0,4.0,0.0,1.0,1.0,1.0,0.3333333333333333,B
0.0,2895.606,0.0,0.0,1.0,2025-03-10 08:00:00,1.0,0.0,51408.0,0,0.0,2915.472,0.0,2904.027,2908.371,3.0,14.019928571428506,3.0,1.0,0.0,8.0,0.0,1.0,3.0,1.0,1.0,A+
1.0,2982.165,0.0,4.0,0.0,2025-03-14 16:00:00,0.0,0.0,27433.0,1,0.0,2990.43,0.0,2984.006,2984.569,0.0,15.263428571428578,1.0,0.0,1.0,16.0,5.0,1.0,1.0,1.0,1.0,A+
1.0,2981.705,0.0,4.0,0.0,2025-03-14 20:00:00,0.0,0.0,3476.0,1,0.0,2988.812,0.0,2986.37,2983.985,0.0,14.094357142857136,1.0,0.0,1.0,20.0,1.0,1.0,1.0,1.0,1.0,A+
0.0,2986.054,0.0,6.0,0.0,2025-03-16 20:00:00,0.0,0.0,7875.0,1,0.0,2994.118,0.0,2990.061,2987.601,0.0,13.764357142857111,0.0,0.0,0.0,20.0,0.0,1.0,0.0,1.0,0.0,B
1.0,2985.22,0.0,0.0,0.0,2025-03-17 00:00:00,0.0,0.0,24454.0,1,0.0,2993.091,0.0,2986.917,2989.965,0.0,13.717857142857124,1.0,0.0,1.0,0.0,8.0,1.0,1.0,1.0,1.0,A+
0.0,2982.158,0.0,0.0,0.0,2025-03-17 04:00:00,0.0,0.0,19495.0,1,0.0,2990.745,0.0,2985.538,2986.943,0.0,13.571214285714277,0.0,0.0,0.0,4.0,0.0,1.0,0.0,1.0,0.0,B
0.0,2984.718,0.0,0.0,1.0,2025-03-17 12:00:00,1.0,0.0,52986.0,1,0.0,3000.512,0.0,2997.115,2997.515,2.0,14.04178571428575,2.0,0.0,0.0,12.0,0.0,1.0,2.0,1.0,0.6666666666666666,A
0.0,2993.027,0.0,0.0,1.0,2025-03-17 16:00:00,0.0,0.0,23545.0,1,1.0,3000.838,0.0,3000.173,2997.169,2.0,11.774642857142908,2.0,0.0,0.0,16.0,0.0,1.0,2.0,1.0,0.6666666666666666,A
0.0,2999.583,0.0,0.0,0.0,2025-03-17 20:00:00,0.0,0.0,7167.0,1,1.0,3002.8,0.0,2999.831,3000.245,1.0,11.351285714285757,1.0,0.0,0.0,20.0,0.0,1.0,1.0,1.0,0.3333333333333333,B
0.0,3024.72,0.0,1.0,1.0,2025-03-18 12:00:00,1.0,0.0,60235.0,1,0.0,3038.334,0.0,3031.758,3026.842,2.0,11.528357142857203,2.0,0.0,0.0,12.0,0.0,1.0,2.0,1.0,0.6666666666666666,A
1.0,3029.777,0.0,1.0,0.0,2025-03-18 16:00:00,0.0,0.0,26593.0,0,0.0,3037.935,1.0,3035.615,3031.719,0.0,10.594071428571494,1.0,0.0,1.0,16.0,0.0,1.0,1.0,1.0,1.0,A+
0.0,3031.512,0.0,1.0,0.0,2025-03-18 20:00:00,0.0,0.0,7887.0,1,0.0,3035.971,0.0,3031.774,3035.643,0.0,10.322214285714349,0.0,0.0,0.0,20.0,0.0,1.0,0.0,1.0,0.0,B
1.0,3027.32,0.0,2.0,0.0,2025-03-19 00:00:00,0.0,0.0,20243.0,1,0.0,3039.029,1.0,3036.325,3031.801,0.0,10.650928571428624,1.0,0.0,1.0,0.0,0.0,1.0,1.0,1.0,1.0,A+
0.0,3034.256,0.0,2.0,1.0,2025-03-19 04:00:00,1.0,0.0,31340.0,1,0.0,3045.353,0.0,3035.896,3036.291,2.0,10.867571428571509,2.0,0.0,0.0,4.0,0.0,1.0,2.0,1.0,0.6666666666666666,A
0.0,3025.619,0.0,3.0,1.0,2025-03-20 08:00:00,1.0,0.0,40456.0,1,0.0,3046.258,0.0,3034.433,3042.229,2.0,13.20457142857143,2.0,0.0,0.0,8.0,0.0,1.0,2.0,1.0,0.6666666666666666,A
0.0,3029.883,0.0,3.0,1.0,2025-03-20 12:00:00,1.0,0.0,50241.0,1,0.0,3042.329,0.0,3040.765,3034.467,2.0,13.17292857142859,2.0,0.0,0.0,12.0,0.0,1.0,2.0,1.0,0.6666666666666666,A
1.0,3033.884,0.0,3.0,0.0,2025-03-20 16:00:00,0.0,0.0,28158.0,1,0.0,3046.094,0.0,3044.602,3040.802,0.0,13.101357142857166,1.0,0.0,1.0,16.0,3.0,1.0,1.0,1.0,1.0,A+
0.0,3043.518,0.0,3.0,0.0,2025-03-20 20:00:00,0.0,0.0,7017.0,1,0.0,3046.606,0.0,3046.409,3044.561,0.0,12.349500000000036,0.0,0.0,0.0,20.0,0.0,1.0,0.0,1.0,0.0,B
0.0,3029.974,0.0,4.0,0.0,2025-03-21 00:00:00,0.0,0.0,25599.0,1,0.0,3047.435,0.0,3030.585,3046.335,0.0,13.014000000000026,0.0,0.0,0.0,0.0,0.0,1.0,0.0,1.0,0.0,B
0.0,3021.553,0.0,4.0,0.0,2025-03-21 04:00:00,0.0,0.0,27906.0,1,0.0,3033.939,0.0,3031.927,3030.539,0.0,13.58021428571432,0.0,0.0,0.0,4.0,0.0,1.0,0.0,1.0,0.0,B
0.0,3027.084,0.0,4.0,1.0,2025-03-21 08:00:00,0.0,0.0,28006.0,0,0.0,3037.659,0.0,3034.332,3032.025,1.0,13.499214285714354,1.0,0.0,0.0,8.0,0.0,1.0,1.0,1.0,0.3333333333333333,B
0.0,3010.66,0.0,4.0,1.0,2025-03-21 16:00:00,0.0,0.0,30182.0,1,0.0,3022.022,0.0,3020.001,3011.037,2.0,15.054285714285763,2.0,0.0,0.0,16.0,0.0,1.0,2.0,1.0,0.6666666666666666,A
0.0,3019.974,0.0,4.0,0.0,2025-03-21 20:00:00,0.0,0.0,3773.0,1,0.0,3024.274,0.0,3023.493,3020.037,1.0,14.267857142857142,1.0,0.0,0.0,20.0,0.0,1.0,1.0,1.0,0.3333333333333333,B
0.0,3022.143,0.0,6.0,0.0,2025-03-23 20:00:00,0.0,1.0,6799.0,0,0.0,3026.293,0.0,3024.721,3023.441,2.0,12.951642857142849,2.0,0.0,0.0,20.0,0.0,1.0,2.0,1.0,0.6666666666666666,A
0.0,3013.646,0.0,0.0,1.0,2025-03-24 00:00:00,1.0,1.0,31914.0,1,0.0,3025.648,0.0,3016.959,3024.709,4.0,13.299642857142835,4.0,1.0,0.0,0.0,0.0,1.0,4.0,1.0,1.3333333333333333,A+
0.0,3016.524,0.0,0.0,0.0,2025-03-24 04:00:00,0.0,1.0,24561.0,0,0.0,3028.904,0.0,3022.361,3017.0,2.0,13.387142857142862,2.0,0.0,0.0,4.0,0.0,1.0,2.0,1.0,0.6666666666666666,A
0.0,3005.559,0.0,0.0,0.0,2025-03-24 20:00:00,0.0,1.0,8746.0,1,0.0,3014.58,0.0,3009.91,3006.096,2.0,13.067142857142828,2.0,1.0,0.0,20.0,0.0,1.0,2.0,1.0,0.6666666666666666,A
0.0,3007.492,0.0,1.0,0.0,2025-03-25 00:00:00,0.0,1.0,21495.0,1,0.0,3016.222,0.0,3015.248,3009.945,2.0,13.470142857142816,2.0,1.0,0.0,0.0,0.0,1.0,2.0,1.0,0.6666666666666666,A
0.0,3010.521,0.0,1.0,0.0,2025-03-25 04:00:00,0.0,1.0,20145.0,1,0.0,3021.009,0.0,3011.13,3015.284,2.0,12.972071428571391,2.0,1.0,0.0,4.0,0.0,1.0,2.0,1.0,0.6666666666666666,A
0.0,3018.832,0.0,1.0,0.0,2025-03-25 20:00:00,0.0,0.0,6380.0,1,0.0,3022.462,0.0,3021.041,3019.616,1.0,11.25621428571422,1.0,0.0,0.0,20.0,0.0,1.0,1.0,1.0,0.3333333333333333,B
0.0,3016.886,0.0,2.0,1.0,2025-03-26 08:00:00,0.0,0.0,26113.0,1,0.0,3032.042,0.0,3027.584,3030.509,2.0,12.898857142857098,2.0,0.0,0.0,8.0,0.0,1.0,2.0,1.0,0.6666666666666666,A
0.0,3012.325,0.0,2.0,1.0,2025-03-26 12:00:00,1.0,0.0,41814.0,1,0.0,3029.958,0.0,3015.878,3027.54,3.0,13.274071428571396,3.0,1.0,0.0,12.0,0.0,1.0,3.0,1.0,1.0,A+
0.0,3017.155,0.0,2.0,0.0,2025-03-26 20:00:00,0.0,0.0,11617.0,1,0.0,3021.855,0.0,3021.623,3017.367,1.0,11.56899999999996,1.0,0.0,0.0,20.0,0.0,1.0,1.0,1.0,0.3333333333333333,B
0.0,3033.403,0.0,3.0,1.0,2025-03-27 12:00:00,1.0,0.0,72124.0,1,0.0,3059.819,0.0,3052.206,3054.548,3.0,13.83792857142862,3.0,0.0,0.0,12.0,0.0,1.0,3.0,1.0,1.0,A+
1.0,3054.163,0.0,3.0,0.0,2025-03-27 20:00:00,0.0,0.0,8357.0,1,0.0,3057.637,1.0,3055.71,3057.438,0.0,12.121642857142888,1.0,0.0,1.0,20.0,0.0,1.0,1.0,1.0,1.0,A+
0.0,3072.446,0.0,4.0,0.0,2025-03-28 04:00:00,1.0,0.0,29580.0,1,0.0,3086.017,0.0,3079.348,3075.25,1.0,13.88521428571432,1.0,0.0,0.0,4.0,0.0,1.0,1.0,1.0,0.3333333333333333,B
0.0,3066.167,0.0,4.0,0.0,2025-03-28 08:00:00,1.0,0.0,31364.0,1,0.0,3081.245,0.0,3076.369,3079.302,1.0,14.19628571428575,1.0,0.0,0.0,8.0,0.0,1.0,1.0,1.0,0.3333333333333333,B
0.0,3073.488,0.0,4.0,1.0,2025-03-28 16:00:00,1.0,0.0,32788.0,1,0.0,3086.742,0.0,3080.734,3083.695,2.0,14.201714285714322,2.0,0.0,0.0,16.0,0.0,1.0,2.0,1.0,0.6666666666666666,A
1.0,3080.762,0.0,4.0,0.0,2025-03-28 20:00:00,0.0,0.0,4573.0,1,0.0,3085.955,1.0,3085.002,3080.762,0.0,13.315142857142876,1.0,0.0,1.0,20.0,0.0,1.0,1.0,1.0,1.0,A+
0.0,3087.793,0.0,6.0,0.0,2025-03-30 20:00:00,0.0,0.0,13269.0,1,0.0,3097.884,0.0,3089.213,3092.531,0.0,13.827928571428597,0.0,0.0,0.0,20.0,0.0,1.0,0.0,1.0,0.0,B
0.0,3111.82,0.0,0.0,1.0,2025-03-31 08:00:00,1.0,0.0,38658.0,1,0.0,3127.156,0.0,3119.48,3124.477,2.0,16.90307142857143,2.0,0.0,0.0,8.0,0.0,1.0,2.0,1.0,0.6666666666666666,A
0.0,3099.753,0.0,0.0,1.0,2025-03-31 12:00:00,1.0,0.0,89005.0,1,0.0,3127.236,0.0,3113.807,3119.471,2.0,17.284785714285686,2.0,0.0,0.0,12.0,0.0,1.0,2.0,1.0,0.6666666666666666,A
1.0,3111.637,0.0,0.0,0.0,2025-03-31 16:00:00,0.0,0.0,32508.0,1,0.0,3124.613,1.0,3124.36,3113.847,0.0,16.32478571428565,1.0,0.0,1.0,16.0,0.0,1.0,1.0,1.0,1.0,A+
0.0,3120.051,0.0,0.0,0.0,2025-03-31 20:00:00,0.0,0.0,9930.0,1,0.0,3126.447,0.0,3120.581,3124.32,0.0,16.06285714285712,0.0,0.0,0.0,20.0,0.0,1.0,0.0,1.0,0.0,B
1.0,3126.392,0.0,1.0,0.0,2025-04-01 08:00:00,0.0,0.0,35904.0,0,0.0,3138.997,0.0,3130.319,3127.594,0.0,17.857000000000003,1.0,0.0,1.0,8.0,4.0,1.0,1.0,1.0,1.0,A+
0.0,3107.742,0.0,1.0,0.0,2025-04-01 20:00:00,0.0,0.0,12610.0,1,0.0,3120.847,0.0,3115.168,3118.681,0.0,18.36835714285712,0.0,0.0,0.0,20.0,0.0,1.0,0.0,1.0,0.0,B
0.0,3108.623,0.0,2.0,0.0,2025-04-02 04:00:00,0.0,0.0,37982.0,1,0.0,3126.779,0.0,3125.314,3125.458,0.0,19.99592857142856,0.0,0.0,0.0,4.0,0.0,1.0,0.0,1.0,0.0,B
0.0,3110.096,0.0,2.0,1.0,2025-04-02 08:00:00,0.0,0.0,40405.0,1,0.0,3133.878,0.0,3121.23,3125.275,1.0,19.20628571428571,1.0,0.0,0.0,8.0,0.0,1.0,1.0,1.0,0.3333333333333333,B
0.0,3116.597,0.0,2.0,1.0,2025-04-02 12:00:00,1.0,0.0,57534.0,1,0.0,3132.209,0.0,3125.883,3121.242,2.0,18.73199999999997,2.0,0.0,0.0,12.0,0.0,1.0,2.0,1.0,0.6666666666666666,A
1.0,3118.666,0.0,2.0,0.0,2025-04-02 16:00:00,0.0,0.0,35017.0,1,0.0,3134.369,0.0,3124.383,3125.871,0.0,18.75821428571427,1.0,0.0,1.0,16.0,5.0,1.0,1.0,1.0,1.0,A+
0.0,3140.717,0.0,3.0,1.0,2025-04-03 00:00:00,1.0,0.0,100898.0,1,0.0,3164.812,0.0,3148.066,3162.602,2.0,22.094285714285725,2.0,0.0,0.0,0.0,0.0,1.0,2.0,1.0,0.6666666666666666,A
0.0,3116.392,0.0,3.0,1.0,2025-04-03 04:00:00,1.0,0.0,76156.0,1,0.0,3149.688,0.0,3128.957,3148.02,2.0,24.015714285714303,2.0,0.0,0.0,4.0,0.0,1.0,2.0,1.0,0.6666666666666666,A
0.0,3085.091,0.0,3.0,1.0,2025-04-03 08:00:00,1.0,0.0,87764.0,1,0.0,3132.019,0.0,3093.188,3129.011,2.0,25.426785714285707,2.0,1.0,0.0,8.0,0.0,1.0,2.0,1.0,0.6666666666666666,A
0.0,3054.052,0.0,3.0,1.0,2025-04-03 12:00:00,1.0,0.0,168262.0,1,0.0,3135.594,0.0,3110.521,3093.193,2.0,29.46857142857139,2.0,1.0,0.0,12.0,0.0,1.0,2.0,1.0,0.6666666666666666,A
0.0,3099.949,0.0,3.0,0.0,2025-04-03 16:00:00,0.0,0.0,47743.0,1,0.0,3114.282,0.0,3107.593,3110.556,0.0,29.591999999999967,0.0,1.0,0.0,16.0,0.0,1.0,0.0,1.0,0.0,B
1.0,3107.2,0.0,3.0,0.0,2025-04-03 20:00:00,0.0,0.0,17522.0,0,0.0,3119.962,0.0,3112.884,3107.567,0.0,28.812,1.0,1.0,1.0,20.0,1.0,1.0,1.0,1.0,1.0,A+
1.0,3091.993,0.0,4.0,0.0,2025-04-04 04:00:00,0.0,0.0,50031.0,1,0.0,3109.96,0.0,3092.85,3098.435,0.0,29.91385714285713,1.0,1.0,1.0,4.0,6.0,1.0,1.0,1.0,1.0,A+
0.0,3078.42,0.0,4.0,1.0,2025-04-04 08:00:00,1.0,0.0,109457.0,0,0.0,3136.756,0.0,3110.242,3092.883,2.0,32.456928571428534,2.0,1.0,0.0,8.0,0.0,1.0,2.0,1.0,0.6666666666666666,A
0.0,3015.556,0.0,4.0,1.0,2025-04-04 16:00:00,1.0,0.0,89736.0,1,0.0,3040.922,0.0,3036.427,3021.908,2.0,38.05507142857141,2.0,1.0,0.0,16.0,0.0,1.0,2.0,1.0,0.6666666666666666,A
0.0,3033.824,0.0,4.0,0.0,2025-04-04 20:00:00,0.0,0.0,9025.0,0,0.0,3040.914,0.0,3038.506,3036.464,0.0,37.44635714285716,0.0,1.0,0.0,20.0,0.0,1.0,0.0,1.0,0.0,B
0.0,2977.024,0.0,6.0,0.0,2025-04-06 20:00:00,0.0,0.0,46332.0,1,1.0,3032.445,0.0,2999.944,3028.686,1.0,40.71628571428573,1.0,0.0,0.0,20.0,0.0,1.0,1.0,1.0,0.3333333333333333,B
0.0,2970.689,0.0,0.0,1.0,2025-04-07 00:00:00,1.0,0.0,169979.0,1,0.0,3055.804,0.0,3018.922,2999.954,2.0,42.29100000000004,2.0,1.0,0.0,0.0,0.0,1.0,2.0,1.0,0.6666666666666666,A
0.0,3013.2,0.0,0.0,1.0,2025-04-07 04:00:00,1.0,0.0,101742.0,0,0.0,3044.629,0.0,3018.569,3018.949,2.0,42.8148571428572,2.0,1.0,0.0,4.0,0.0,1.0,2.0,1.0,0.6666666666666666,A
0.0,3221.386,0.0,0.0,0.0,2025-04-14 04:00:00,0.0,0.0,39551.0,1,0.0,3238.126,0.0,3228.013,3232.445,0.0,27.85892857142861,0.0,0.0,0.0,4.0,0.0,1.0,0.0,1.0,0.0,B
0.0,3206.325,0.0,0.0,1.0,2025-04-14 08:00:00,0.0,0.0,51874.0,0,0.0,3231.749,0.0,3223.359,3227.973,1.0,27.821571428571456,1.0,0.0,0.0,8.0,0.0,1.0,1.0,1.0,0.3333333333333333,B
0.0,3197.671,0.0,0.0,0.0,2025-04-14 16:00:00,0.0,0.0,32613.0,1,0.0,3216.602,0.0,3212.699,3198.089,1.0,25.793928571428587,1.0,0.0,0.0,16.0,0.0,1.0,1.0,1.0,0.3333333333333333,B
0.0,3217.388,0.0,1.0,0.0,2025-04-15 04:00:00,0.0,0.0,31296.0,1,0.0,3232.704,0.0,3225.671,3228.345,1.0,22.87700000000005,1.0,0.0,0.0,4.0,0.0,1.0,1.0,1.0,0.3333333333333333,B
0.0,3216.776,0.0,1.0,0.0,2025-04-15 08:00:00,0.0,0.0,31510.0,1,0.0,3232.171,0.0,3220.164,3225.623,1.0,21.68471428571433,1.0,0.0,0.0,8.0,0.0,1.0,1.0,1.0,0.3333333333333333,B
0.0,3219.487,0.0,1.0,0.0,2025-04-15 16:00:00,0.0,0.0,21564.0,1,0.0,3231.877,0.0,3229.793,3221.394,1.0,19.19700000000002,1.0,0.0,0.0,16.0,0.0,1.0,1.0,1.0,0.3333333333333333,B
0.0,3288.588,0.0,2.0,1.0,2025-04-16 08:00:00,1.0,0.0,58274.0,1,0.0,3317.821,0.0,3306.842,3300.386,2.0,21.178142857142834,2.0,0.0,0.0,8.0,0.0,1.0,2.0,1.0,0.6666666666666666,A
0.0,3321.409,0.0,2.0,0.0,2025-04-16 16:00:00,1.0,0.0,42358.0,1,0.0,3342.456,0.0,3336.694,3325.22,1.0,21.90478571428568,1.0,0.0,0.0,16.0,0.0,1.0,1.0,1.0,0.3333333333333333,B
0.0,3320.801,0.0,3.0,1.0,2025-04-17 00:00:00,1.0,0.0,75060.0,0,0.0,3356.281,0.0,3344.529,3350.168,2.0,22.31414285714284,2.0,0.0,0.0,0.0,0.0,1.0,2.0,1.0,0.6666666666666666,A
0.0,3314.279,0.0,3.0,1.0,2025-04-17 04:00:00,1.0,0.0,51776.0,1,0.0,3345.398,0.0,3323.323,3344.49,3.0,23.97278571428569,3.0,0.0,0.0,4.0,0.0,1.0,3.0,1.0,1.0,A+
0.0,3312.657,0.0,3.0,0.0,2025-04-17 08:00:00,0.0,0.0,39135.0,0,0.0,3334.172,0.0,3327.371,3323.36,1.0,24.15321428571425,1.0,0.0,0.0,8.0,0.0,1.0,1.0,1.0,0.3333333333333333,B
0.0,3294.904,0.0,3.0,0.0,2025-04-17 16:00:00,0.0,0.0,37835.0,1,0.0,3322.519,0.0,3320.746,3296.335,1.0,28.11342857142849,1.0,0.0,0.0,16.0,0.0,1.0,1.0,1.0,0.3333333333333333,B
0.0,3317.983,0.0,3.0,0.0,2025-04-17 20:00:00,0.0,0.0,5313.0,1,0.0,3328.879,0.0,3327.671,3320.691,1.0,27.80357142857133,1.0,0.0,0.0,20.0,0.0,1.0,1.0,1.0,0.3333333333333333,B
0.0,3331.315,0.0,6.0,0.0,2025-04-20 20:00:00,0.0,0.0,23727.0,1,0.0,3353.102,0.0,3348.078,3331.849,1.0,28.73507142857134,1.0,0.0,0.0,20.0,0.0,1.0,1.0,1.0,0.3333333333333333,B
0.0,3398.008,0.0,0.0,1.0,2025-04-21 12:00:00,1.0,0.0,84775.0,1,0.0,3430.24,0.0,3422.941,3404.535,2.0,28.930785714285644,2.0,0.0,0.0,12.0,0.0,1.0,2.0,1.0,0.6666666666666666,A
0.0,3419.628,0.0,0.0,0.0,2025-04-21 20:00:00,0.0,0.0,26903.0,1,0.0,3444.267,0.0,3434.548,3423.458,0.0,28.70478571428563,0.0,0.0,0.0,20.0,0.0,1.0,0.0,1.0,0.0,B
0.0,3412.18,0.0,1.0,1.0,2025-04-22 00:00:00,1.0,0.0,94794.0,0,0.0,3494.771,0.0,3487.777,3434.524,2.0,32.93685714285708,2.0,0.0,0.0,0.0,0.0,1.0,2.0,1.0,0.6666666666666666,A
0.0,3443.128,0.0,1.0,1.0,2025-04-22 08:00:00,1.0,0.0,68553.0,1,0.0,3472.714,0.0,3456.705,3468.706,2.0,33.09542857142849,2.0,0.0,0.0,8.0,0.0,1.0,2.0,1.0,0.6666666666666666,A
0.0,3408.591,0.0,1.0,1.0,2025-04-22 12:00:00,1.0,0.0,127180.0,1,0.0,3464.803,0.0,3417.721,3456.706,3.0,35.57378571428564,3.0,0.0,0.0,12.0,0.0,1.0,3.0,1.0,1.0,A+
0.0,3366.727,0.0,1.0,1.0,2025-04-22 16:00:00,1.0,0.0,110338.0,1,0.0,3421.075,0.0,3374.789,3417.678,3.0,35.27442857142852,3.0,0.0,0.0,16.0,0.0,1.0,3.0,1.0,1.0,A+
0.0,3315.828,0.0,1.0,0.0,2025-04-22 20:00:00,0.0,0.0,54306.0,1,0.0,3382.727,0.0,3336.561,3374.818,1.0,38.08042857142852,1.0,0.0,0.0,20.0,0.0,1.0,1.0,1.0,0.3333333333333333,B
0.0,3329.203,0.0,2.0,1.0,2025-04-23 00:00:00,1.0,0.0,114747.0,1,0.0,3386.661,0.0,3338.878,3336.535,3.0,41.40628571428569,3.0,0.0,0.0,0.0,0.0,1.0,3.0,1.0,1.0,A+
0.0,3305.439,0.0,2.0,0.0,2025-04-23 08:00:00,0.0,0.0,58689.0,0,0.0,3340.587,0.0,3324.594,3319.185,0.0,43.51542857142853,0.0,1.0,0.0,8.0,0.0,1.0,0.0,1.0,0.0,B
0.0,3360.068,0.0,2.0,1.0,2025-05-07 00:00:00,1.0,0.0,99006.0,1,0.0,3401.666,0.0,3375.541,3400.723,2.0,31.747142857142894,2.0,1.0,0.0,0.0,0.0,1.0,2.0,1.0,0.6666666666666666,A
0.0,3374.962,0.0,2.0,0.0,2025-05-07 04:00:00,0.0,0.0,46206.0,1,0.0,3397.425,0.0,3388.016,3375.519,0.0,32.29407142857148,0.0,1.0,0.0,4.0,0.0,1.0,0.0,1.0,0.0,B
1.0,3369.161,0.0,2.0,0.0,2025-05-07 08:00:00,0.0,0.0,45574.0,1,0.0,3393.375,0.0,3387.083,3387.971,0.0,31.791714285714303,1.0,1.0,1.0,8.0,5.0,1.0,1.0,1.0,1.0,A+
0.0,3363.751,0.0,2.0,1.0,2025-05-07 16:00:00,1.0,0.0,75749.0,1,0.0,3398.001,0.0,3371.904,3385.224,2.0,30.839571428571453,2.0,1.0,0.0,16.0,0.0,1.0,2.0,1.0,0.6666666666666666,A
1.0,3363.733,0.0,2.0,0.0,2025-05-07 20:00:00,0.0,0.0,21268.0,1,0.0,3377.185,0.0,3376.488,3371.968,0.0,30.383857142857128,1.0,1.0,1.0,20.0,3.0,1.0,1.0,1.0,1.0,A+
0.0,3373.803,0.0,3.0,1.0,2025-05-08 00:00:00,1.0,0.0,65621.0,1,0.0,3414.851,0.0,3396.864,3376.515,2.0,31.02328571428575,2.0,1.0,0.0,0.0,0.0,1.0,2.0,1.0,0.6666666666666666,A
0.0,3320.199,0.0,3.0,1.0,2025-05-08 04:00:00,1.0,0.0,92259.0,1,0.0,3399.39,0.0,3342.884,3396.839,2.0,35.92135714285717,2.0,1.0,0.0,4.0,0.0,1.0,2.0,1.0,0.6666666666666666,A
0.0,3330.39,0.0,3.0,0.0,2025-05-08 08:00:00,0.0,0.0,46423.0,0,0.0,3346.695,0.0,3344.381,3342.882,0.0,32.522571428571446,0.0,1.0,0.0,8.0,0.0,1.0,0.0,1.0,0.0,B
0.0,3288.697,0.0,3.0,1.0,2025-05-08 16:00:00,1.0,0.0,70120.0,1,0.0,3330.47,0.0,3306.384,3330.47,2.0,35.28192857142858,2.0,1.0,0.0,16.0,0.0,1.0,2.0,1.0,0.6666666666666666,A
0.0,3303.857,0.0,3.0,0.0,2025-05-08 20:00:00,0.0,0.0,25703.0,1,0.0,3324.049,0.0,3316.412,3306.434,0.0,34.81407142857146,0.0,1.0,0.0,20.0,0.0,1.0,0.0,1.0,0.0,B
0.0,3274.676,0.0,4.0,1.0,2025-05-09 00:00:00,1.0,0.0,80850.0,1,0.0,3323.138,0.0,3308.106,3316.448,2.0,36.17414285714286,2.0,1.0,0.0,0.0,0.0,1.0,2.0,1.0,0.6666666666666666,A
1.0,3308.099,0.0,4.0,0.0,2025-05-09 04:00:00,0.0,0.0,49737.0,1,0.0,3332.264,0.0,3327.101,3308.099,0.0,33.744785714285726,1.0,1.0,1.0,4.0,1.0,1.0,1.0,1.0,1.0,A+
0.0,3320.251,0.0,4.0,0.0,2025-05-09 08:00:00,0.0,0.0,39034.0,1,0.0,3338.323,0.0,3332.964,3327.154,0.0,32.06435714285713,0.0,1.0,0.0,8.0,0.0,1.0,0.0,1.0,0.0,B
0.0,3320.298,0.0,4.0,1.0,2025-05-09 12:00:00,1.0,0.0,63245.0,1,0.0,3346.044,0.0,3345.064,3333.066,2.0,32.29885714285712,2.0,1.0,0.0,12.0,0.0,1.0,2.0,1.0,0.6666666666666666,A
1.0,3325.441,0.0,4.0,0.0,2025-05-09 16:00:00,0.0,0.0,32116.0,1,0.0,3347.556,0.0,3328.802,3345.096,0.0,32.14892857142858,1.0,1.0,1.0,16.0,2.0,1.0,1.0,1.0,1.0,A+
0.0,3325.142,0.0,4.0,0.0,2025-05-09 20:00:00,0.0,0.0,5111.0,0,0.0,3330.295,0.0,3326.805,3328.76,0.0,30.9115,0.0,1.0,0.0,20.0,0.0,1.0,0.0,1.0,0.0,B
1.0,3265.847,0.0,6.0,0.0,2025-05-11 20:00:00,0.0,0.0,32363.0,1,0.0,3292.619,0.0,3287.534,3282.255,0.0,32.81921428571426,1.0,1.0,1.0,20.0,3.0,1.0,1.0,1.0,1.0,A+
0.0,3258.751,0.0,0.0,1.0,2025-05-12 00:00:00,1.0,0.0,77769.0,0,0.0,3289.998,0.0,3283.25,3287.506,2.0,34.09028571428569,2.0,1.0,0.0,0.0,0.0,1.0,2.0,1.0,0.6666666666666666,A
0.0,3216.102,0.0,0.0,1.0,2025-05-12 04:00:00,1.0,0.0,85427.0,1,0.0,3283.662,0.0,3222.647,3283.214,2.0,35.98399999999996,2.0,0.0,0.0,4.0,0.0,1.0,2.0,1.0,0.6666666666666666,A
0.0,3220.31,0.0,0.0,1.0,2025-05-12 12:00:00,1.0,0.0,95241.0,0,0.0,3248.642,0.0,3239.262,3224.822,2.0,33.098642857142785,2.0,0.0,0.0,12.0,0.0,1.0,2.0,1.0,0.6666666666666666,A
0.0,3220.295,0.0,0.0,0.0,2025-05-12 16:00:00,0.0,0.0,41760.0,1,0.0,3240.112,0.0,3235.394,3239.237,0.0,31.4571428571428,0.0,0.0,0.0,16.0,0.0,1.0,0.0,1.0,0.0,B
0.0,3229.864,0.0,0.0,0.0,2025-05-12 20:00:00,0.0,0.0,18047.0,1,0.0,3241.807,0.0,3236.88,3235.355,0.0,29.32364285714279,0.0,0.0,0.0,20.0,0.0,1.0,0.0,1.0,0.0,B
1.0,3234.925,0.0,1.0,0.0,2025-05-13 04:00:00,0.0,0.0,44371.0,1,0.0,3265.659,0.0,3259.098,3236.719,0.0,28.58314285714277,1.0,1.0,1.0,4.0,1.0,1.0,1.0,1.0,1.0,A+
0.0,3248.781,0.0,1.0,0.0,2025-05-13 08:00:00,0.0,0.0,34799.0,1,1.0,3261.284,0.0,3249.167,3259.139,1.0,27.750142857142787,1.0,0.0,0.0,8.0,0.0,1.0,1.0,1.0,0.3333333333333333,B
0.0,3242.016,0.0,1.0,0.0,2025-05-13 16:00:00,0.0,0.0,30773.0,1,1.0,3257.818,0.0,3249.324,3253.293,1.0,27.92207142857137,1.0,0.0,0.0,16.0,0.0,1.0,1.0,1.0,0.3333333333333333,B
0.0,3248.043,0.0,1.0,0.0,2025-05-13 20:00:00,0.0,0.0,12937.0,0,0.0,3257.165,0.0,3254.414,3249.355,0.0,26.993999999999915,0.0,0.0,0.0,20.0,0.0,1.0,0.0,1.0,0.0,B
0.0,3226.212,0.0,2.0,1.0,2025-05-14 00:00:00,1.0,0.0,52404.0,1,0.0,3254.646,0.0,3228.366,3254.388,2.0,28.656928571428484,2.0,0.0,0.0,0.0,0.0,1.0,2.0,1.0,0.6666666666666666,A
0.0,3221.57,0.0,2.0,1.0,2025-05-14 04:00:00,0.0,0.0,42165.0,0,0.0,3238.874,0.0,3238.085,3228.405,1.0,25.538785714285627,1.0,0.0,0.0,4.0,0.0,1.0,1.0,1.0,0.3333333333333333,B
0.0,3174.875,0.0,2.0,1.0,2025-05-14 12:00:00,1.0,0.0,111510.0,1,0.0,3222.52,0.0,3182.674,3220.142,2.0,23.631571428571338,2.0,0.0,0.0,12.0,0.0,1.0,2.0,1.0,0.6666666666666666,A
0.0,3177.012,0.0,2.0,0.0,2025-05-14 20:00:00,0.0,0.0,15017.0,1,0.0,3187.296,0.0,3186.128,3180.613,0.0,22.06992857142849,0.0,0.0,0.0,20.0,0.0,1.0,0.0,1.0,0.0,B
0.0,3322.607,0.0,3.0,0.0,2025-05-22 04:00:00,0.0,0.0,40219.0,1,0.0,3339.533,0.0,3327.621,3335.451,0.0,23.16942857142853,0.0,1.0,0.0,4.0,0.0,1.0,0.0,1.0,0.0,B
0.0,3282.977,0.0,3.0,1.0,2025-05-22 08:00:00,1.0,0.0,64832.0,1,0.0,3329.903,0.0,3314.466,3327.636,3.0,24.50292857142855,3.0,1.0,0.0,8.0,0.0,1.0,3.0,1.0,1.0,A+
0.0,3301.891,0.0,4.0,1.0,2025-05-23 04:00:00,0.0,0.0,42653.0,1,0.0,3334.496,0.0,3329.145,3302.097,1.0,23.783571428571445,1.0,1.0,0.0,4.0,0.0,1.0,1.0,1.0,0.3333333333333333,B
0.0,3356.103,0.0,4.0,0.0,2025-05-23 20:00:00,0.0,0.0,5508.0,0,0.0,3361.733,0.0,3356.306,3360.743,1.0,22.350357142857224,1.0,0.0,0.0,20.0,0.0,1.0,1.0,1.0,0.3333333333333333,B
0.0,3341.363,0.0,6.0,0.0,2025-05-25 20:00:00,0.0,0.0,22939.0,1,0.0,3352.48,0.0,3342.713,3352.095,1.0,21.83714285714294,1.0,1.0,0.0,20.0,0.0,1.0,1.0,1.0,0.3333333333333333,B
0.0,3331.39,0.0,0.0,1.0,2025-05-26 00:00:00,1.0,0.0,50733.0,0,0.0,3356.859,0.0,3347.636,3342.691,3.0,22.867142857142944,3.0,1.0,0.0,0.0,0.0,1.0,3.0,1.0,1.0,A+
0.0,3323.511,0.0,0.0,0.0,2025-05-26 08:00:00,0.0,0.0,31253.0,1,0.0,3339.689,0.0,3333.13,3337.377,1.0,22.363642857142946,1.0,1.0,0.0,8.0,0.0,1.0,1.0,1.0,0.3333333333333333,B
0.0,3337.521,0.0,0.0,0.0,2025-05-26 16:00:00,0.0,0.0,7839.0,1,0.0,3343.666,0.0,3341.558,3337.998,1.0,17.934714285714367,1.0,1.0,0.0,16.0,0.0,1.0,1.0,1.0,0.3333333333333333,B
0.0,3331.73,0.0,1.0,1.0,2025-05-27 00:00:00,0.0,0.0,34477.0,0,0.0,3350.029,0.0,3341.217,3346.182,2.0,17.739000000000065,2.0,0.0,0.0,0.0,0.0,1.0,2.0,1.0,0.6666666666666666,A
0.0,3292.561,0.0,1.0,1.0,2025-05-27 04:00:00,1.0,0.0,62068.0,1,0.0,3341.485,0.0,3296.244,3341.188,3.0,19.66671428571437,3.0,1.0,0.0,4.0,0.0,1.0,3.0,1.0,1.0,A+
0.0,3292.969,0.0,1.0,0.0,2025-05-27 16:00:00,0.0,0.0,23740.0,1,0.0,3308.008,0.0,3304.38,3293.612,1.0,17.498357142857166,1.0,1.0,0.0,16.0,0.0,1.0,1.0,1.0,0.3333333333333333,B
0.0,3297.621,0.0,1.0,0.0,2025-05-27 20:00:00,0.0,0.0,15652.0,1,0.0,3310.934,0.0,3309.411,3304.356,1.0,17.76742857142858,1.0,1.0,0.0,20.0,0.0,1.0,1.0,1.0,0.3333333333333333,B
0.0,3307.461,0.0,2.0,0.0,2025-05-28 08:00:00,0.0,0.0,32523.0,1,0.0,3325.507,0.0,3311.143,3319.271,1.0,19.491285714285727,1.0,1.0,0.0,8.0,0.0,1.0,1.0,1.0,0.3333333333333333,B
0.0,3292.571,0.0,2.0,1.0,2025-05-28 12:00:00,1.0,0.0,55556.0,0,0.0,3316.438,0.0,3296.094,3311.171,3.0,19.783071428571443,3.0,1.0,0.0,12.0,0.0,1.0,3.0,1.0,1.0,A+
0.0,3344.633,0.0,1.0,0.0,2025-06-03 16:00:00,0.0,0.0,23069.0,1,0.0,3355.515,0.0,3352.657,3350.333,1.0,19.961214285714245,1.0,0.0,0.0,16.0,0.0,1.0,1.0,1.0,0.3333333333333333,B
0.0,3352.469,0.0,1.0,0.0,2025-06-03 20:00:00,0.0,0.0,11146.0,1,0.0,3361.657,0.0,3359.996,3352.617,1.0,19.77314285714283,1.0,0.0,0.0,20.0,0.0,1.0,1.0,1.0,0.3333333333333333,B
0.0,3347.996,0.0,2.0,1.0,2025-06-04 04:00:00,0.0,0.0,36543.0,1,0.0,3365.268,0.0,3354.721,3359.236,2.0,20.428571428571395,2.0,0.0,0.0,4.0,0.0,1.0,2.0,1.0,0.6666666666666666,A
0.0,3343.732,0.0,2.0,1.0,2025-06-04 08:00:00,0.0,0.0,35147.0,1,0.0,3364.973,0.0,3346.577,3354.679,2.0,20.980999999999995,2.0,0.0,0.0,8.0,0.0,1.0,2.0,1.0,0.6666666666666666,A
0.0,3370.508,0.0,2.0,0.0,2025-06-04 20:00:00,0.0,0.0,12476.0,0,0.0,3379.08,0.0,3378.042,3373.566,1.0,18.51092857142862,1.0,0.0,0.0,20.0,0.0,1.0,1.0,1.0,0.3333333333333333,B
0.0,3361.149,0.0,3.0,0.0,2025-06-05 04:00:00,0.0,0.0,32211.0,0,0.0,3374.559,0.0,3371.304,3369.683,1.0,18.6863571428572,1.0,0.0,0.0,4.0,0.0,1.0,1.0,1.0,0.3333333333333333,B
0.0,3339.835,0.0,3.0,1.0,2025-06-05 16:00:00,1.0,0.0,46629.0,1,0.0,3361.404,0.0,3356.909,3344.7,3.0,22.91214285714292,3.0,0.0,0.0,16.0,0.0,1.0,3.0,1.0,1.0,A+
0.0,3351.988,0.0,3.0,0.0,2025-06-05 20:00:00,0.0,0.0,17020.0,1,0.0,3363.549,0.0,3361.81,3356.885,1.0,21.592071428571508,1.0,0.0,0.0,20.0,0.0,1.0,1.0,1.0,0.3333333333333333,B
0.0,3356.133,0.0,4.0,0.0,2025-06-06 00:00:00,0.0,0.0,35031.0,0,0.0,3371.811,0.0,3369.747,3361.867,1.0,21.93464285714296,1.0,0.0,0.0,0.0,0.0,1.0,1.0,1.0,0.3333333333333333,B
0.0,3316.269,0.0,4.0,1.0,2025-06-06 12:00:00,1.0,0.0,120945.0,0,0.0,3364.421,0.0,3332.228,3358.308,3.0,24.326714285714388,3.0,0.0,0.0,12.0,0.0,1.0,3.0,1.0,1.0,A+
1.0,3307.053,0.0,4.0,0.0,2025-06-06 20:00:00,0.0,0.0,5570.0,1,0.0,3312.896,1.0,3311.702,3312.382,0.0,21.87514285714295,1.0,1.0,1.0,20.0,0.0,1.0,1.0,1.0,1.0,A+
1.0,3309.24,0.0,6.0,0.0,2025-06-08 20:00:00,0.0,0.0,14520.0,1,0.0,3321.217,0.0,3318.038,3317.818,0.0,21.91742857142868,1.0,1.0,1.0,20.0,5.0,1.0,1.0,1.0,1.0,A+
0.0,3409.459,0.0,0.0,1.0,2025-06-16 04:00:00,0.0,0.0,48928.0,1,0.0,3433.284,0.0,3412.619,3431.545,1.0,24.217214285714267,1.0,0.0,0.0,4.0,0.0,1.0,1.0,1.0,0.3333333333333333,B
0.0,3409.773,0.0,0.0,0.0,2025-06-16 08:00:00,0.0,0.0,36288.0,0,0.0,3422.667,0.0,3415.0,3412.624,0.0,22.48014285714284,0.0,0.0,0.0,8.0,0.0,1.0,0.0,1.0,0.0,B
0.0,3382.79,0.0,0.0,0.0,2025-06-16 16:00:00,0.0,0.0,32322.0,1,0.0,3404.992,0.0,3384.094,3404.534,0.0,21.941285714285705,0.0,1.0,0.0,16.0,0.0,1.0,0.0,1.0,0.0,B
0.0,3383.294,0.0,0.0,0.0,2025-06-16 20:00:00,0.0,0.0,20534.0,0,0.0,3402.977,0.0,3402.769,3384.015,0.0,22.40071428571429,0.0,1.0,0.0,20.0,0.0,1.0,0.0,1.0,0.0,B
0.0,3373.463,0.0,1.0,1.0,2025-06-17 00:00:00,1.0,0.0,52303.0,1,0.0,3403.269,0.0,3387.583,3402.815,2.0,23.33585714285713,2.0,1.0,0.0,0.0,0.0,1.0,2.0,1.0,0.6666666666666666,A
0.0,3376.651,0.0,1.0,1.0,2025-06-17 16:00:00,0.0,0.0,38568.0,1,0.0,3392.499,0.0,3385.71,3379.386,1.0,21.19007142857137,1.0,1.0,0.0,16.0,0.0,1.0,1.0,1.0,0.3333333333333333,B
0.0,3383.634,0.0,1.0,0.0,2025-06-17 20:00:00,0.0,0.0,15298.0,1,0.0,3396.234,0.0,3387.369,3385.675,0.0,20.64321428571423,0.0,1.0,0.0,20.0,0.0,1.0,0.0,1.0,0.0,B
1.0,3370.655,0.0,2.0,0.0,2025-06-18 00:00:00,0.0,0.0,35186.0,0,0.0,3391.524,0.0,3390.96,3387.295,0.0,21.71578571428563,1.0,1.0,1.0,0.0,3.0,1.0,1.0,1.0,1.0,A+
0.0,3375.433,0.0,2.0,0.0,2025-06-18 08:00:00,0.0,0.0,31074.0,0,0.0,3388.415,0.0,3382.048,3385.939,0.0,21.441499999999937,0.0,1.0,0.0,8.0,0.0,1.0,0.0,1.0,0.0,B
0.0,3362.474,0.0,2.0,0.0,2025-06-18 20:00:00,0.0,0.0,20920.0,0,0.0,3379.862,0.0,3375.023,3366.771,0.0,21.53685714285705,0.0,1.0,0.0,20.0,0.0,1.0,0.0,1.0,0.0,B
0.0,3347.503,0.0,3.0,1.0,2025-06-19 04:00:00,1.0,0.0,51652.0,1,0.0,3375.315,0.0,3365.992,3373.609,2.0,21.835714285714143,2.0,1.0,0.0,4.0,0.0,1.0,2.0,1.0,0.6666666666666666,A
0.0,3362.246,0.0,3.0,0.0,2025-06-19 08:00:00,0.0,0.0,34217.0,0,0.0,3379.05,0.0,3371.967,3366.004,0.0,20.906999999999893,0.0,1.0,0.0,8.0,0.0,1.0,0.0,1.0,0.0,B
0.0,3361.497,0.0,3.0,1.0,2025-06-19 12:00:00,0.0,0.0,41432.0,1,0.0,3372.963,0.0,3369.26,3371.971,1.0,20.6392142857142,1.0,1.0,0.0,12.0,0.0,1.0,1.0,1.0,0.3333333333333333,B
1.0,3366.108,0.0,3.0,0.0,2025-06-19 16:00:00,0.0,0.0,7493.0,0,0.0,3374.14,0.0,3373.455,3369.223,0.0,19.463928571428465,1.0,1.0,1.0,16.0,1.0,1.0,1.0,1.0,1.0,A+
0.0,3361.943,0.0,3.0,0.0,2025-06-19 20:00:00,0.0,0.0,14113.0,1,0.0,3370.411,0.0,3368.739,3369.491,0.0,18.0392857142856,0.0,1.0,0.0,20.0,0.0,1.0,0.0,1.0,0.0,B
0.0,3344.672,0.0,4.0,1.0,2025-06-20 00:00:00,1.0,0.0,40524.0,1,0.0,3370.35,0.0,3355.507,3368.763,2.0,18.74142857142845,2.0,1.0,0.0,0.0,0.0,1.0,2.0,1.0,0.6666666666666666,A
0.0,3346.537,0.0,4.0,0.0,2025-06-20 08:00:00,0.0,0.0,30579.0,1,0.0,3359.236,0.0,3347.051,3347.657,0.0,18.494999999999923,0.0,1.0,0.0,8.0,0.0,1.0,0.0,1.0,0.0,B
0.0,3341.887,0.0,4.0,1.0,2025-06-20 12:00:00,1.0,0.0,54404.0,1,0.0,3374.477,0.0,3369.856,3347.094,2.0,19.18185714285704,2.0,1.0,0.0,12.0,0.0,1.0,2.0,1.0,0.6666666666666666,A
0.0,3364.606,0.0,4.0,0.0,2025-06-20 16:00:00,0.0,0.0,21470.0,1,0.0,3373.365,0.0,3365.625,3369.786,0.0,18.880214285714143,0.0,1.0,0.0,16.0,0.0,1.0,0.0,1.0,0.0,B
0.0,3364.69,0.0,4.0,0.0,2025-06-20 20:00:00,0.0,0.0,4112.0,1,0.0,3369.314,0.0,3368.546,3365.578,0.0,17.566285714285577,0.0,1.0,0.0,20.0,0.0,1.0,0.0,1.0,0.0,B
0.0,3371.197,0.0,6.0,0.0,2025-06-22 20:00:00,0.0,0.0,26325.0,0,0.0,3388.96,0.0,3372.755,3384.117,0.0,16.66821428571419,0.0,1.0,0.0,20.0,0.0,1.0,0.0,1.0,0.0,B
0.0,3351.896,0.0,0.0,1.0,2025-06-23 00:00:00,1.0,0.0,45452.0,1,0.0,3373.551,0.0,3363.372,3372.776,2.0,16.972999999999892,2.0,1.0,0.0,0.0,0.0,1.0,2.0,1.0,0.6666666666666666,A
0.0,3346.971,0.0,0.0,1.0,2025-06-23 04:00:00,0.0,0.0,32085.0,0,0.0,3365.061,0.0,3357.627,3363.385,1.0,16.96107142857136,1.0,1.0,0.0,4.0,0.0,1.0,1.0,1.0,0.3333333333333333,B
0.0,3333.143,0.0,1.0,1.0,2025-06-24 00:00:00,1.0,0.0,49922.0,0,0.0,3357.912,0.0,3352.476,3344.27,3.0,21.341499999999964,3.0,1.0,0.0,0.0,0.0,1.0,3.0,1.0,1.0,A+
0.0,3317.829,0.0,1.0,0.0,2025-06-24 08:00:00,1.0,0.0,35596.0,1,0.0,3332.32,0.0,3321.214,3329.658,1.0,21.978214285714262,1.0,0.0,0.0,8.0,0.0,1.0,1.0,1.0,0.3333333333333333,B
0.0,3341.88,0.0,3.0,1.0,2025-07-03 00:00:00,0.0,0.0,26371.0,0,0.0,3351.476,0.0,3347.509,3349.42,2.0,14.808357142857046,2.0,1.0,0.0,0.0,0.0,1.0,2.0,1.0,0.6666666666666666,A
0.0,3325.869,0.0,4.0,0.0,2025-07-04 00:00:00,0.0,0.0,23797.0,1,0.0,3338.948,0.0,3338.35,3330.875,1.0,15.738857142857114,1.0,1.0,0.0,0.0,0.0,1.0,1.0,1.0,0.3333333333333333,B
0.0,3336.384,0.0,4.0,1.0,2025-07-04 04:00:00,0.0,0.0,24267.0,0,0.0,3345.098,0.0,3342.947,3338.307,2.0,15.857357142857122,2.0,1.0,0.0,4.0,0.0,1.0,2.0,1.0,0.6666666666666666,A
0.0,3330.831,0.0,4.0,1.0,2025-07-04 12:00:00,0.0,0.0,23498.0,1,0.0,3338.059,0.0,3332.393,3334.791,2.0,14.9407857142857,2.0,1.0,0.0,12.0,0.0,1.0,2.0,1.0,0.6666666666666666,A
0.0,3320.082,0.0,0.0,0.0,2025-07-07 16:00:00,1.0,0.0,29936.0,1,0.0,3340.438,0.0,3336.988,3320.784,2.0,15.460428571428595,2.0,1.0,0.0,16.0,0.0,1.0,2.0,1.0,0.6666666666666666,A
0.0,3329.595,0.0,1.0,0.0,2025-07-08 00:00:00,1.0,0.0,31719.0,1,0.0,3338.035,0.0,3331.469,3334.697,2.0,13.345714285714296,2.0,1.0,0.0,0.0,0.0,1.0,2.0,1.0,0.6666666666666666,A
0.0,3327.305,0.0,1.0,0.0,2025-07-08 04:00:00,0.0,0.0,25122.0,0,0.0,3339.5,0.0,3333.915,3331.416,1.0,13.61578571428572,1.0,1.0,0.0,4.0,0.0,1.0,1.0,1.0,0.3333333333333333,B
0.0,3287.069,0.0,1.0,1.0,2025-07-08 12:00:00,1.0,0.0,59237.0,1,1.0,3329.864,0.0,3298.241,3325.014,4.0,16.114142857142888,4.0,1.0,0.0,12.0,0.0,1.0,4.0,1.0,1.3333333333333333,A+
0.0,3295.938,0.0,1.0,1.0,2025-07-08 16:00:00,1.0,0.0,36182.0,1,0.0,3310.426,0.0,3302.992,3298.249,3.0,16.23607142857145,3.0,1.0,0.0,16.0,0.0,1.0,3.0,1.0,1.0,A+
0.0,3297.199,0.0,1.0,0.0,2025-07-08 20:00:00,0.0,0.0,13992.0,1,0.0,3304.074,0.0,3302.277,3303.02,1.0,16.210857142857158,1.0,1.0,0.0,20.0,0.0,1.0,1.0,1.0,0.3333333333333333,B
0.0,3284.909,0.0,2.0,1.0,2025-07-09 00:00:00,1.0,0.0,36014.0,1,0.0,3308.003,0.0,3293.276,3302.365,2.0,17.59450000000002,2.0,1.0,0.0,0.0,0.0,1.0,2.0,1.0,0.6666666666666666,A
0.0,3363.917,0.0,0.0,0.0,2025-07-14 08:00:00,0.0,0.0,25680.0,1,0.0,3374.647,0.0,3364.169,3371.956,1.0,14.653928571428551,1.0,1.0,0.0,8.0,0.0,1.0,1.0,1.0,0.3333333333333333,B
0.0,3340.954,0.0,0.0,1.0,2025-07-14 12:00:00,1.0,0.0,47790.0,1,0.0,3366.607,0.0,3345.105,3364.192,3.0,15.628714285714263,3.0,1.0,0.0,12.0,0.0,1.0,3.0,1.0,1.0,A+
0.0,3343.082,0.0,0.0,0.0,2025-07-14 16:00:00,0.0,0.0,21759.0,1,0.0,3351.678,0.0,3344.125,3345.044,0.0,14.856428571428523,0.0,1.0,0.0,16.0,0.0,1.0,0.0,1.0,0.0,B
1.0,3341.217,0.0,0.0,0.0,2025-07-14 20:00:00,0.0,0.0,9795.0,1,0.0,3346.556,0.0,3345.337,3344.103,0.0,14.25192857142854,1.0,1.0,1.0,20.0,1.0,1.0,1.0,1.0,1.0,A+
0.0,3344.758,0.0,1.0,0.0,2025-07-15 00:00:00,0.0,0.0,22213.0,1,0.0,3358.334,0.0,3357.841,3345.299,0.0,14.890499999999976,0.0,1.0,0.0,0.0,0.0,1.0,0.0,1.0,0.0,B
0.0,3357.47,0.0,1.0,1.0,2025-07-15 04:00:00,0.0,0.0,23665.0,0,0.0,3365.422,0.0,3364.347,3357.853,1.0,14.564428571428577,1.0,0.0,0.0,4.0,0.0,1.0,1.0,1.0,0.3333333333333333,B
0.0,3325.341,0.0,1.0,1.0,2025-07-15 12:00:00,1.0,0.0,65613.0,1,0.0,3360.367,0.0,3328.996,3354.892,2.0,15.670285714285717,2.0,1.0,0.0,12.0,0.0,1.0,2.0,1.0,0.6666666666666666,A
0.0,3320.218,0.0,1.0,1.0,2025-07-15 16:00:00,0.0,0.0,27957.0,1,0.0,3331.936,0.0,3330.455,3328.957,1.0,14.764928571428625,1.0,1.0,0.0,16.0,0.0,1.0,1.0,1.0,0.3333333333333333,B
0.0,3324.788,0.0,1.0,0.0,2025-07-15 20:00:00,0.0,0.0,9299.0,1,0.0,3331.776,0.0,3331.056,3330.408,0.0,14.505714285714314,0.0,1.0,0.0,20.0,0.0,1.0,0.0,1.0,0.0,B
1.0,3325.061,0.0,2.0,0.0,2025-07-16 00:00:00,0.0,0.0,23132.0,1,0.0,3335.084,0.0,3334.338,3331.092,0.0,14.838428571428592,1.0,1.0,1.0,0.0,3.0,1.0,1.0,1.0,1.0,A+
0.0,3332.818,0.0,2.0,0.0,2025-07-16 04:00:00,0.0,0.0,21235.0,1,0.0,3342.002,0.0,3337.808,3334.281,0.0,14.14164285714287,0.0,1.0,0.0,4.0,0.0,1.0,0.0,1.0,0.0,B
0.0,3333.72,0.0,2.0,0.0,2025-07-16 08:00:00,0.0,0.0,22984.0,1,0.0,3343.072,0.0,3339.259,3337.824,0.0,13.420142857142862,0.0,1.0,0.0,8.0,0.0,1.0,0.0,1.0,0.0,B
0.0,3338.886,0.0,2.0,1.0,2025-07-16 16:00:00,1.0,0.0,46544.0,1,0.0,3357.41,0.0,3347.08,3343.708,2.0,16.596714285714306,2.0,1.0,0.0,16.0,0.0,1.0,2.0,1.0,0.6666666666666666,A
0.0,3345.265,0.0,2.0,0.0,2025-07-16 20:00:00,0.0,0.0,11046.0,0,0.0,3352.247,0.0,3346.526,3347.116,0.0,15.26307142857146,0.0,1.0,0.0,20.0,0.0,1.0,0.0,1.0,0.0,B
0.0,3336.241,0.0,3.0,1.0,2025-07-17 00:00:00,0.0,0.0,23653.0,1,0.0,3347.405,0.0,3341.486,3346.556,1.0,15.446500000000048,1.0,1.0,0.0,0.0,0.0,1.0,1.0,1.0,0.3333333333333333,B
0.0,3325.209,0.0,3.0,1.0,2025-07-17 04:00:00,0.0,0.0,26980.0,1,0.0,3344.726,0.0,3325.886,3341.511,1.0,16.459214285714356,1.0,1.0,0.0,4.0,0.0,1.0,1.0,1.0,0.3333333333333333,B
0.0,3335.378,0.0,3.0,0.0,2025-07-17 16:00:00,0.0,0.0,20712.0,1,0.0,3341.098,0.0,3339.763,3336.675,1.0,17.2085714285715,1.0,1.0,0.0,16.0,0.0,1.0,1.0,1.0,0.3333333333333333,B
0.0,3346.237,0.0,4.0,1.0,2025-07-18 08:00:00,0.0,0.0,23965.0,1,0.0,3357.714,0.0,3354.435,3349.849,2.0,15.983000000000011,2.0,1.0,0.0,8.0,0.0,1.0,2.0,1.0,0.6666666666666666,A
0.0,3347.596,0.0,4.0,0.0,2025-07-18 16:00:00,0.0,0.0,21910.0,1,0.0,3357.506,0.0,3348.325,3353.619,1.0,16.09042857142858,1.0,1.0,0.0,16.0,0.0,1.0,1.0,1.0,0.3333333333333333,B
0.0,3347.804,0.0,4.0,0.0,2025-07-18 20:00:00,0.0,0.0,3463.0,0,1.0,3352.079,0.0,3350.395,3348.279,2.0,12.251428571428573,2.0,1.0,0.0,20.0,0.0,1.0,2.0,1.0,0.6666666666666666,A
0.0,3345.01,0.0,6.0,0.0,2025-07-20 20:00:00,0.0,0.0,7808.0,1,1.0,3350.115,0.0,3349.122,3348.695,2.0,11.31292857142856,2.0,1.0,0.0,20.0,0.0,1.0,2.0,1.0,0.6666666666666666,A
